prefix,routing,seed,message_size,scenario,delivery_prob,delivery_ratio,latency_avg,overhead_ratio,hopcount_avg
Jaguar,EpidemicRouter,2,64,jaguar_16_centroids_kmeans_bilstm,0.9074,0.9074074074074074,1139.6435,37.3061,4.3469
Jaguar,EpidemicRouter,3,64,jaguar_16_centroids_kmeans_bilstm,0.7778,0.7777777777777778,1038.996,40.8333,5.1667
Jaguar,EpidemicRouter,5,64,jaguar_16_centroids_kmeans_bilstm,0.9815,0.9814814814814815,917.2987,36.8491,4.1698
Jaguar,EpidemicRouter,7,64,jaguar_16_centroids_kmeans_bilstm,0.7593,0.7592592592592593,1040.5426,42.2439,4.7073
Jaguar,EpidemicRouter,11,64,jaguar_16_centroids_kmeans_bilstm,0.9259,0.9259259259259259,934.8923,37.92,5.38
Jaguar,EpidemicRouter,13,64,jaguar_16_centroids_kmeans_bilstm,0.8889,0.8888888888888888,976.5533,39.5625,4.8542
Jaguar,EpidemicRouter,17,64,jaguar_16_centroids_kmeans_bilstm,0.9074,0.9074074074074074,930.702,37.8571,4.8776
Jaguar,EpidemicRouter,19,64,jaguar_16_centroids_kmeans_bilstm,0.8704,0.8703703703703703,1077.3709,38.4468,4.4894
Jaguar,EpidemicRouter,23,64,jaguar_16_centroids_kmeans_bilstm,0.9259,0.9259259259259259,964.124,37.42,4.96
Jaguar,EpidemicRouter,29,64,jaguar_16_centroids_kmeans_bilstm,0.8148,0.8148148148148148,1062.9409,43.1818,4.8409
Jaguar,EpidemicRouter,31,64,jaguar_16_centroids_kmeans_bilstm,0.9815,0.9814814814814815,985.8871,35.2453,4.434
Jaguar,EpidemicRouter,37,64,jaguar_16_centroids_kmeans_bilstm,0.8889,0.8888888888888888,953.3444,37.7917,4.0208
Jaguar,EpidemicRouter,41,64,jaguar_16_centroids_kmeans_bilstm,0.7407,0.7407407407407407,1164.655,42.475,4.65
Jaguar,EpidemicRouter,43,64,jaguar_16_centroids_kmeans_bilstm,0.8889,0.8888888888888888,1121.1688,37.5,5.3542
Jaguar,EpidemicRouter,47,64,jaguar_16_centroids_kmeans_bilstm,0.7963,0.7962962962962963,973.7093,41.8372,4.5814
Jaguar,EpidemicRouter,53,64,jaguar_16_centroids_kmeans_bilstm,0.8889,0.8888888888888888,1001.4479,38.3542,5.875
Jaguar,EpidemicRouter,59,64,jaguar_16_centroids_kmeans_bilstm,0.8148,0.8148148148148148,1190.2276,41.5,4.8182
Jaguar,EpidemicRouter,61,64,jaguar_16_centroids_kmeans_bilstm,0.9074,0.9074074074074074,957.6605,39.0,4.551
Jaguar,EpidemicRouter,67,64,jaguar_16_centroids_kmeans_bilstm,0.8148,0.8148148148148148,976.1852,41.5909,5.0227
Jaguar,EpidemicRouter,71,64,jaguar_16_centroids_kmeans_bilstm,0.8333,0.8333333333333334,874.2344,41.7556,4.8889
Jaguar,EpidemicRouter,73,64,jaguar_16_centroids_kmeans_bilstm,0.8889,0.8888888888888888,950.311,39.1667,4.625
Jaguar,EpidemicRouter,79,64,jaguar_16_centroids_kmeans_bilstm,0.9074,0.9074074074074074,1050.6618,38.1837,4.8571
Jaguar,EpidemicRouter,83,64,jaguar_16_centroids_kmeans_bilstm,0.8704,0.8703703703703703,1030.2191,38.9362,4.7234
Jaguar,EpidemicRouter,89,64,jaguar_16_centroids_kmeans_bilstm,0.9074,0.9074074074074074,965.5942,38.6531,5.7551
Jaguar,EpidemicRouter,97,64,jaguar_16_centroids_kmeans_bilstm,0.8519,0.8518518518518519,799.4196,41.1739,3.7826
Jaguar,EpidemicRouter,101,64,jaguar_16_centroids_kmeans_bilstm,0.9444,0.9444444444444444,764.4451,38.2745,4.9216
Jaguar,EpidemicRouter,103,64,jaguar_16_centroids_kmeans_bilstm,0.8333,0.8333333333333334,1052.5889,40.1778,4.7333
Jaguar,EpidemicRouter,107,64,jaguar_16_centroids_kmeans_bilstm,0.8889,0.8888888888888888,860.2333,40.3333,3.9792
Jaguar,EpidemicRouter,109,64,jaguar_16_centroids_kmeans_bilstm,0.9444,0.9444444444444444,902.649,36.7255,4.2745
Jaguar,EpidemicRouter,113,64,jaguar_16_centroids_kmeans_bilstm,0.8148,0.8148148148148148,1088.3955,40.4545,4.4773
Jaguar,EpidemicRouter,2,128,jaguar_16_centroids_kmeans_bilstm,0.9074,0.9074074074074074,1140.0897,37.1837,4.3469
Jaguar,EpidemicRouter,3,128,jaguar_16_centroids_kmeans_bilstm,0.7778,0.7777777777777778,1039.681,40.8333,5.1667
Jaguar,EpidemicRouter,5,128,jaguar_16_centroids_kmeans_bilstm,0.9815,0.9814814814814815,918.6151,36.8491,4.2453
Jaguar,EpidemicRouter,7,128,jaguar_16_centroids_kmeans_bilstm,0.7593,0.7592592592592593,1041.0852,42.2439,4.6585
Jaguar,EpidemicRouter,11,128,jaguar_16_centroids_kmeans_bilstm,0.9259,0.9259259259259259,939.652,37.9,5.4
Jaguar,EpidemicRouter,13,128,jaguar_16_centroids_kmeans_bilstm,0.8889,0.8888888888888888,977.0792,39.5417,4.875
Jaguar,EpidemicRouter,17,128,jaguar_16_centroids_kmeans_bilstm,0.9074,0.9074074074074074,931.3918,37.8163,4.8776
Jaguar,EpidemicRouter,19,128,jaguar_16_centroids_kmeans_bilstm,0.8704,0.8703703703703703,1077.9762,38.4255,4.5532
Jaguar,EpidemicRouter,23,128,jaguar_16_centroids_kmeans_bilstm,0.9259,0.9259259259259259,964.74,37.26,5.02
Jaguar,EpidemicRouter,29,128,jaguar_16_centroids_kmeans_bilstm,0.8148,0.8148148148148148,1063.5079,43.1591,4.8864
Jaguar,EpidemicRouter,31,128,jaguar_16_centroids_kmeans_bilstm,0.9815,0.9814814814814815,986.4604,35.2453,4.4151
Jaguar,EpidemicRouter,37,128,jaguar_16_centroids_kmeans_bilstm,0.8889,0.8888888888888888,953.9167,37.7708,4.0208
Jaguar,EpidemicRouter,41,128,jaguar_16_centroids_kmeans_bilstm,0.7407,0.7407407407407407,1165.172,42.4,4.65
Jaguar,EpidemicRouter,43,128,jaguar_16_centroids_kmeans_bilstm,0.8889,0.8888888888888888,1121.8322,37.5,5.3542
Jaguar,EpidemicRouter,47,128,jaguar_16_centroids_kmeans_bilstm,0.7963,0.7962962962962963,975.1302,41.814,4.5814
Jaguar,EpidemicRouter,53,128,jaguar_16_centroids_kmeans_bilstm,0.8889,0.8888888888888888,1011.9697,38.3542,5.7917
Jaguar,EpidemicRouter,59,128,jaguar_16_centroids_kmeans_bilstm,0.8148,0.8148148148148148,1190.7692,41.5,4.8409
Jaguar,EpidemicRouter,61,128,jaguar_16_centroids_kmeans_bilstm,0.9074,0.9074074074074074,958.1755,39.0,4.5102
Jaguar,EpidemicRouter,67,128,jaguar_16_centroids_kmeans_bilstm,0.8148,0.8148148148148148,976.7341,41.5909,5.0
Jaguar,EpidemicRouter,71,128,jaguar_16_centroids_kmeans_bilstm,0.8333,0.8333333333333334,874.9388,41.7333,4.8889
Jaguar,EpidemicRouter,73,128,jaguar_16_centroids_kmeans_bilstm,0.8889,0.8888888888888888,951.0635,39.1667,4.6042
Jaguar,EpidemicRouter,79,128,jaguar_16_centroids_kmeans_bilstm,0.9074,0.9074074074074074,1051.298,38.1837,4.8367
Jaguar,EpidemicRouter,83,128,jaguar_16_centroids_kmeans_bilstm,0.8704,0.8703703703703703,1030.8745,38.9362,4.7021
Jaguar,EpidemicRouter,89,128,jaguar_16_centroids_kmeans_bilstm,0.9074,0.9074074074074074,966.5898,38.6531,5.7143
Jaguar,EpidemicRouter,97,128,jaguar_16_centroids_kmeans_bilstm,0.8519,0.8518518518518519,799.8957,41.1522,3.8043
Jaguar,EpidemicRouter,101,128,jaguar_16_centroids_kmeans_bilstm,0.9444,0.9444444444444444,765.002,38.2745,4.9608
Jaguar,EpidemicRouter,103,128,jaguar_16_centroids_kmeans_bilstm,0.8333,0.8333333333333334,1053.3022,40.1778,4.7111
Jaguar,EpidemicRouter,107,128,jaguar_16_centroids_kmeans_bilstm,0.8889,0.8888888888888888,860.6646,40.2083,3.8333
Jaguar,EpidemicRouter,109,128,jaguar_16_centroids_kmeans_bilstm,0.9444,0.9444444444444444,903.0804,36.7059,4.2745
Jaguar,EpidemicRouter,113,128,jaguar_16_centroids_kmeans_bilstm,0.8148,0.8148148148148148,1088.9738,40.4545,4.4773
Jaguar,EpidemicRouter,2,256,jaguar_16_centroids_kmeans_bilstm,0.9074,0.9074074074074074,1140.9714,37.0816,4.3265
Jaguar,EpidemicRouter,3,256,jaguar_16_centroids_kmeans_bilstm,0.7593,0.7592592592592593,1048.1634,41.6585,5.0976
Jaguar,EpidemicRouter,5,256,jaguar_16_centroids_kmeans_bilstm,0.9815,0.9814814814814815,938.9925,36.7736,4.2453
Jaguar,EpidemicRouter,7,256,jaguar_16_centroids_kmeans_bilstm,0.7593,0.7592592592592593,1042.322,42.2439,4.6829
Jaguar,EpidemicRouter,11,256,jaguar_16_centroids_kmeans_bilstm,0.9074,0.9074074074074074,967.5306,38.5918,5.3061
Jaguar,EpidemicRouter,13,256,jaguar_16_centroids_kmeans_bilstm,0.8889,0.8888888888888888,978.1458,39.5417,4.8958
Jaguar,EpidemicRouter,17,256,jaguar_16_centroids_kmeans_bilstm,0.9074,0.9074074074074074,932.802,37.7347,4.9184
Jaguar,EpidemicRouter,19,256,jaguar_16_centroids_kmeans_bilstm,0.8704,0.8703703703703703,1114.3723,38.2553,4.5319
Jaguar,EpidemicRouter,23,256,jaguar_16_centroids_kmeans_bilstm,0.9259,0.9259259259259259,966.022,37.2,5.04
Jaguar,EpidemicRouter,29,256,jaguar_16_centroids_kmeans_bilstm,0.8148,0.8148148148148148,1067.1864,43.0455,4.7727
Jaguar,EpidemicRouter,31,256,jaguar_16_centroids_kmeans_bilstm,0.9815,0.9814814814814815,987.9038,35.2453,4.3585
Jaguar,EpidemicRouter,37,256,jaguar_16_centroids_kmeans_bilstm,0.8889,0.8888888888888888,988.5333,37.6667,4.0
Jaguar,EpidemicRouter,41,256,jaguar_16_centroids_kmeans_bilstm,0.7407,0.7407407407407407,1166.19,42.4,4.65
Jaguar,EpidemicRouter,43,256,jaguar_16_centroids_kmeans_bilstm,0.8889,0.8888888888888888,1123.1979,37.5,5.375
Jaguar,EpidemicRouter,47,256,jaguar_16_centroids_kmeans_bilstm,0.7963,0.7962962962962963,976.5279,41.8372,4.6744
Jaguar,EpidemicRouter,53,256,jaguar_16_centroids_kmeans_bilstm,0.8889,0.8888888888888888,1013.2396,38.3542,5.7708
Jaguar,EpidemicRouter,59,256,jaguar_16_centroids_kmeans_bilstm,0.8148,0.8148148148148148,1203.1769,41.4773,4.6591
Jaguar,EpidemicRouter,61,256,jaguar_16_centroids_kmeans_bilstm,0.9074,0.9074074074074074,962.7204,38.9796,4.5306
Jaguar,EpidemicRouter,67,256,jaguar_16_centroids_kmeans_bilstm,0.8148,0.8148148148148148,977.85,41.5909,4.9545
Jaguar,EpidemicRouter,71,256,jaguar_16_centroids_kmeans_bilstm,0.8333,0.8333333333333334,876.3622,41.7333,4.8222
Jaguar,EpidemicRouter,73,256,jaguar_16_centroids_kmeans_bilstm,0.8889,0.8888888888888888,952.5604,39.1667,4.625
Jaguar,EpidemicRouter,79,256,jaguar_16_centroids_kmeans_bilstm,0.8889,0.8888888888888888,1030.0125,38.75,4.875
Jaguar,EpidemicRouter,83,256,jaguar_16_centroids_kmeans_bilstm,0.8704,0.8703703703703703,1032.1277,38.8085,4.7872
Jaguar,EpidemicRouter,89,256,jaguar_16_centroids_kmeans_bilstm,0.9074,0.9074074074074074,979.6469,38.6531,5.6531
Jaguar,EpidemicRouter,97,256,jaguar_16_centroids_kmeans_bilstm,0.8519,0.8518518518518519,800.8413,41.0652,3.8043
Jaguar,EpidemicRouter,101,256,jaguar_16_centroids_kmeans_bilstm,0.9444,0.9444444444444444,766.1235,38.2353,4.9412
Jaguar,EpidemicRouter,103,256,jaguar_16_centroids_kmeans_bilstm,0.8333,0.8333333333333334,1054.7289,40.1778,4.6889
Jaguar,EpidemicRouter,107,256,jaguar_16_centroids_kmeans_bilstm,0.8889,0.8888888888888888,901.1438,40.0417,3.875
Jaguar,EpidemicRouter,109,256,jaguar_16_centroids_kmeans_bilstm,0.9444,0.9444444444444444,909.249,36.7059,4.2745
Jaguar,EpidemicRouter,113,256,jaguar_16_centroids_kmeans_bilstm,0.8148,0.8148148148148148,1090.2045,40.2727,4.5
Jaguar,EpidemicRouter,2,64,jaguars_kmeans_16_centroids,0.9074,0.9074074074074074,1139.6816,37.2857,4.3469
Jaguar,EpidemicRouter,3,64,jaguars_kmeans_16_centroids,0.7778,0.7777777777777778,1039.0429,40.8333,5.1905
Jaguar,EpidemicRouter,5,64,jaguars_kmeans_16_centroids,0.9815,0.9814814814814815,917.3396,36.8491,4.2075
Jaguar,EpidemicRouter,7,64,jaguars_kmeans_16_centroids,0.7593,0.7592592592592593,1040.5122,42.2439,4.6829
Jaguar,EpidemicRouter,11,64,jaguars_kmeans_16_centroids,0.9259,0.9259259259259259,937.522,37.86,5.24
Jaguar,EpidemicRouter,13,64,jaguars_kmeans_16_centroids,0.8889,0.8888888888888888,976.5667,39.5625,4.8333
Jaguar,EpidemicRouter,17,64,jaguars_kmeans_16_centroids,0.9074,0.9074074074074074,930.651,37.8571,4.898
Jaguar,EpidemicRouter,19,64,jaguars_kmeans_16_centroids,0.8704,0.8703703703703703,1077.417,38.4468,4.4894
Jaguar,EpidemicRouter,23,64,jaguars_kmeans_16_centroids,0.9259,0.9259259259259259,964.138,37.42,4.92
Jaguar,EpidemicRouter,29,64,jaguars_kmeans_16_centroids,0.8148,0.8148148148148148,1062.9409,43.1818,4.8182
Jaguar,EpidemicRouter,31,64,jaguars_kmeans_16_centroids,0.9815,0.9814814814814815,985.934,35.2453,4.434
Jaguar,EpidemicRouter,37,64,jaguars_kmeans_16_centroids,0.8889,0.8888888888888888,953.3125,37.7917,4.0625
Jaguar,EpidemicRouter,41,64,jaguars_kmeans_16_centroids,0.7407,0.7407407407407407,1164.655,42.5,4.65
Jaguar,EpidemicRouter,43,64,jaguars_kmeans_16_centroids,0.8889,0.8888888888888888,1121.175,37.5,5.3542
Jaguar,EpidemicRouter,47,64,jaguars_kmeans_16_centroids,0.7963,0.7962962962962963,973.6698,41.8372,4.6279
Jaguar,EpidemicRouter,53,64,jaguars_kmeans_16_centroids,,,,,
Jaguar,EpidemicRouter,59,64,jaguars_kmeans_16_centroids,0.8148,0.8148148148148148,1190.1409,41.5,4.8182
Jaguar,EpidemicRouter,61,64,jaguars_kmeans_16_centroids,0.9074,0.9074074074074074,957.6184,39.0,4.5102
Jaguar,EpidemicRouter,67,64,jaguars_kmeans_16_centroids,0.8148,0.8148148148148148,976.2318,41.5909,5.0
Jaguar,EpidemicRouter,71,64,jaguars_kmeans_16_centroids,0.8333,0.8333333333333334,874.26,41.7778,4.8889
Jaguar,EpidemicRouter,73,64,jaguars_kmeans_16_centroids,0.8889,0.8888888888888888,950.2229,39.1667,4.625
Jaguar,EpidemicRouter,79,64,jaguars_kmeans_16_centroids,0.9074,0.9074074074074074,1050.6653,38.1837,4.8571
Jaguar,EpidemicRouter,83,64,jaguars_kmeans_16_centroids,0.8704,0.8703703703703703,1030.3064,38.9362,4.7872
Jaguar,EpidemicRouter,89,64,jaguars_kmeans_16_centroids,0.9074,0.9074074074074074,965.5449,38.6531,5.6735
Jaguar,EpidemicRouter,97,64,jaguars_kmeans_16_centroids,0.8519,0.8518518518518519,799.4239,41.1739,3.8261
Jaguar,EpidemicRouter,101,64,jaguars_kmeans_16_centroids,0.9444,0.9444444444444444,764.451,38.2745,4.9412
Jaguar,EpidemicRouter,103,64,jaguars_kmeans_16_centroids,0.8333,0.8333333333333334,1052.6689,40.1778,4.7556
Jaguar,EpidemicRouter,107,64,jaguars_kmeans_16_centroids,0.8889,0.8888888888888888,860.2521,40.2917,3.8958
Jaguar,EpidemicRouter,109,64,jaguars_kmeans_16_centroids,0.9444,0.9444444444444444,902.7157,36.7255,4.3137
Jaguar,EpidemicRouter,113,64,jaguars_kmeans_16_centroids,0.8148,0.8148148148148148,1088.3909,40.4545,4.5227
Jaguar,EpidemicRouter,2,128,jaguars_kmeans_16_centroids,0.9074,0.9074074074074074,1148.4918,37.2245,4.2245
Jaguar,EpidemicRouter,3,128,jaguars_kmeans_16_centroids,0.7778,0.7777777777777778,1039.7429,40.8333,5.1667
Jaguar,EpidemicRouter,5,128,jaguars_kmeans_16_centroids,0.9815,0.9814814814814815,918.5585,36.8491,4.2642
Jaguar,EpidemicRouter,7,128,jaguars_kmeans_16_centroids,0.7593,0.7592592592592593,1041.0049,42.2439,4.6585
Jaguar,EpidemicRouter,11,128,jaguars_kmeans_16_centroids,0.9259,0.9259259259259259,942.264,37.86,5.28
Jaguar,EpidemicRouter,13,128,jaguars_kmeans_16_centroids,0.8889,0.8888888888888888,977.1083,39.5417,4.8542
Jaguar,EpidemicRouter,17,128,jaguars_kmeans_16_centroids,0.9074,0.9074074074074074,931.3082,37.8163,4.8776
Jaguar,EpidemicRouter,19,128,jaguars_kmeans_16_centroids,0.8704,0.8703703703703703,1078.0191,38.4255,4.5532
Jaguar,EpidemicRouter,23,128,jaguars_kmeans_16_centroids,0.9259,0.9259259259259259,964.746,37.26,4.98
Jaguar,EpidemicRouter,29,128,jaguars_kmeans_16_centroids,0.8148,0.8148148148148148,1063.4909,43.1591,4.8409
Jaguar,EpidemicRouter,31,128,jaguars_kmeans_16_centroids,0.9815,0.9814814814814815,986.5151,35.2453,4.4151
Jaguar,EpidemicRouter,37,128,jaguars_kmeans_16_centroids,0.8889,0.8888888888888888,953.7979,37.7708,4.0
Jaguar,EpidemicRouter,41,128,jaguars_kmeans_16_centroids,0.7407,0.7407407407407407,1165.15,42.4,4.65
Jaguar,EpidemicRouter,43,128,jaguars_kmeans_16_centroids,0.8889,0.8888888888888888,1121.8729,37.5,5.3542
Jaguar,EpidemicRouter,47,128,jaguars_kmeans_16_centroids,0.7963,0.7962962962962963,975.0814,41.814,4.5814
Jaguar,EpidemicRouter,53,128,jaguars_kmeans_16_centroids,0.8889,0.8888888888888888,1012.0417,38.3542,5.7917
Jaguar,EpidemicRouter,59,128,jaguars_kmeans_16_centroids,0.8148,0.8148148148148148,1190.5909,41.5,4.8182
Jaguar,EpidemicRouter,61,128,jaguars_kmeans_16_centroids,0.9074,0.9074074074074074,958.0571,39.0,4.5714
Jaguar,EpidemicRouter,67,128,jaguars_kmeans_16_centroids,0.8148,0.8148148148148148,976.7932,41.5909,4.9773
Jaguar,EpidemicRouter,71,128,jaguars_kmeans_16_centroids,0.8333,0.8333333333333334,874.9822,41.7333,4.8889
Jaguar,EpidemicRouter,73,128,jaguars_kmeans_16_centroids,0.8889,0.8888888888888888,950.9208,39.1667,4.625
Jaguar,EpidemicRouter,79,128,jaguars_kmeans_16_centroids,0.9074,0.9074074074074074,1051.3,38.1837,4.8571
Jaguar,EpidemicRouter,83,128,jaguars_kmeans_16_centroids,0.8704,0.8703703703703703,1030.9979,38.9362,4.7872
Jaguar,EpidemicRouter,89,128,jaguars_kmeans_16_centroids,0.9074,0.9074074074074074,966.4531,38.6531,5.6939
Jaguar,EpidemicRouter,97,128,jaguars_kmeans_16_centroids,0.8519,0.8518518518518519,799.887,41.1522,3.7826
Jaguar,EpidemicRouter,101,128,jaguars_kmeans_16_centroids,0.9444,0.9444444444444444,764.9451,38.2745,4.9412
Jaguar,EpidemicRouter,103,128,jaguars_kmeans_16_centroids,0.8333,0.8333333333333334,1053.3867,40.1778,4.7556
Jaguar,EpidemicRouter,107,128,jaguars_kmeans_16_centroids,0.8889,0.8888888888888888,860.6667,40.2917,3.8333
Jaguar,EpidemicRouter,109,128,jaguars_kmeans_16_centroids,0.9444,0.9444444444444444,903.1784,36.7059,4.3333
Jaguar,EpidemicRouter,113,128,jaguars_kmeans_16_centroids,0.8148,0.8148148148148148,1088.9568,40.4545,4.5
Jaguar,EpidemicRouter,2,256,jaguars_kmeans_16_centroids,0.9074,0.9074074074074074,1149.4796,37.1224,4.2449
Jaguar,EpidemicRouter,3,256,jaguars_kmeans_16_centroids,0.7593,0.7592592592592593,1048.2561,41.6585,5.0976
Jaguar,EpidemicRouter,5,256,jaguars_kmeans_16_centroids,0.9815,0.9814814814814815,938.866,36.7736,4.2264
Jaguar,EpidemicRouter,7,256,jaguars_kmeans_16_centroids,0.7593,0.7592592592592593,1042.1805,42.2439,4.7073
Jaguar,EpidemicRouter,11,256,jaguars_kmeans_16_centroids,0.9074,0.9074074074074074,967.3735,38.5918,5.2857
Jaguar,EpidemicRouter,13,256,jaguars_kmeans_16_centroids,0.8889,0.8888888888888888,978.1875,39.5417,4.8542
Jaguar,EpidemicRouter,17,256,jaguars_kmeans_16_centroids,0.9074,0.9074074074074074,932.6367,37.7347,4.8776
Jaguar,EpidemicRouter,19,256,jaguars_kmeans_16_centroids,0.8704,0.8703703703703703,1114.4957,38.1915,4.5532
Jaguar,EpidemicRouter,23,256,jaguars_kmeans_16_centroids,0.9259,0.9259259259259259,966.012,37.2,5.04
Jaguar,EpidemicRouter,29,256,jaguars_kmeans_16_centroids,0.8148,0.8148148148148148,1067.1182,43.0455,4.7273
Jaguar,EpidemicRouter,31,256,jaguars_kmeans_16_centroids,0.9815,0.9814814814814815,988.0415,35.2453,4.3585
Jaguar,EpidemicRouter,37,256,jaguars_kmeans_16_centroids,0.8889,0.8888888888888888,988.3417,37.6667,4.0
Jaguar,EpidemicRouter,41,256,jaguars_kmeans_16_centroids,0.7407,0.7407407407407407,1166.1625,42.4,4.65
Jaguar,EpidemicRouter,43,256,jaguars_kmeans_16_centroids,0.8889,0.8888888888888888,1123.2979,37.5,5.375
Jaguar,EpidemicRouter,47,256,jaguars_kmeans_16_centroids,0.7963,0.7962962962962963,976.4605,41.814,4.6512
Jaguar,EpidemicRouter,53,256,jaguars_kmeans_16_centroids,0.8889,0.8888888888888888,1013.3688,38.3542,5.7917
Jaguar,EpidemicRouter,59,256,jaguars_kmeans_16_centroids,0.8148,0.8148148148148148,1202.8614,41.4773,4.6818
Jaguar,EpidemicRouter,61,256,jaguars_kmeans_16_centroids,0.9074,0.9074074074074074,962.502,38.9592,4.5102
Jaguar,EpidemicRouter,67,256,jaguars_kmeans_16_centroids,0.8148,0.8148148148148148,977.9182,41.5909,5.0
Jaguar,EpidemicRouter,71,256,jaguars_kmeans_16_centroids,0.8333,0.8333333333333334,876.4133,41.7333,4.8222
Jaguar,EpidemicRouter,73,256,jaguars_kmeans_16_centroids,0.8889,0.8888888888888888,952.2792,39.1667,4.625
Jaguar,EpidemicRouter,79,256,jaguars_kmeans_16_centroids,0.8889,0.8888888888888888,1026.5896,38.7708,4.8958
Jaguar,EpidemicRouter,83,256,jaguars_kmeans_16_centroids,0.8704,0.8703703703703703,1032.3404,38.8511,4.7234
Jaguar,EpidemicRouter,89,256,jaguars_kmeans_16_centroids,0.9074,0.9074074074074074,981.0776,38.6531,5.7551
Jaguar,EpidemicRouter,97,256,jaguars_kmeans_16_centroids,0.8519,0.8518518518518519,800.8217,41.0652,3.8043
Jaguar,EpidemicRouter,101,256,jaguars_kmeans_16_centroids,0.9444,0.9444444444444444,765.9843,38.2353,4.9412
Jaguar,EpidemicRouter,103,256,jaguars_kmeans_16_centroids,0.8333,0.8333333333333334,1054.8933,40.1778,4.7111
Jaguar,EpidemicRouter,107,256,jaguars_kmeans_16_centroids,0.8889,0.8888888888888888,901.1583,40.125,3.875
Jaguar,EpidemicRouter,109,256,jaguars_kmeans_16_centroids,0.9444,0.9444444444444444,909.4235,36.7059,4.2941
Jaguar,EpidemicRouter,113,256,jaguars_kmeans_16_centroids,0.8148,0.8148148148148148,1090.1818,40.2727,4.4545
Jaguar,EpidemicRouter,2,64,only_jaguars,0.9074,0.9074074074074074,1139.6388,37.2857,4.3469
Jaguar,EpidemicRouter,3,64,only_jaguars,0.7778,0.7777777777777778,1039.1071,40.8333,5.1905
Jaguar,EpidemicRouter,5,64,only_jaguars,0.9815,0.9814814814814815,917.3943,36.8491,4.2075
Jaguar,EpidemicRouter,7,64,only_jaguars,0.7593,0.7592592592592593,1040.5366,42.2439,4.6829
Jaguar,EpidemicRouter,11,64,only_jaguars,0.9259,0.9259259259259259,939.026,37.9,5.38
Jaguar,EpidemicRouter,13,64,only_jaguars,0.8889,0.8888888888888888,976.5417,39.5625,4.8333
Jaguar,EpidemicRouter,17,64,only_jaguars,0.9074,0.9074074074074074,930.6898,37.8571,4.9184
Jaguar,EpidemicRouter,19,64,only_jaguars,0.8704,0.8703703703703703,1077.5191,38.4468,4.5106
Jaguar,EpidemicRouter,23,64,only_jaguars,0.9259,0.9259259259259259,964.166,37.4,4.94
Jaguar,EpidemicRouter,29,64,only_jaguars,0.8148,0.8148148148148148,1062.9705,43.1818,4.8182
Jaguar,EpidemicRouter,31,64,only_jaguars,0.9815,0.9814814814814815,985.9849,35.2453,4.434
Jaguar,EpidemicRouter,37,64,only_jaguars,0.8889,0.8888888888888888,953.3146,37.7917,4.0625
Jaguar,EpidemicRouter,41,64,only_jaguars,0.7407,0.7407407407407407,1164.69,42.5,4.65
Jaguar,EpidemicRouter,43,64,only_jaguars,0.8889,0.8888888888888888,1121.1792,37.5,5.375
Jaguar,EpidemicRouter,47,64,only_jaguars,0.7963,0.7962962962962963,973.6837,41.8372,4.5814
Jaguar,EpidemicRouter,53,64,only_jaguars,0.8889,0.8888888888888888,1001.4917,38.3542,5.875
Jaguar,EpidemicRouter,59,64,only_jaguars,0.8148,0.8148148148148148,1190.1409,41.5,4.8182
Jaguar,EpidemicRouter,61,64,only_jaguars,0.9074,0.9074074074074074,957.6184,39.0,4.5102
Jaguar,EpidemicRouter,67,64,only_jaguars,0.8148,0.8148148148148148,976.2318,41.5909,5.0
Jaguar,EpidemicRouter,71,64,only_jaguars,0.8333,0.8333333333333334,874.26,41.7778,4.8889
Jaguar,EpidemicRouter,73,64,only_jaguars,0.8889,0.8888888888888888,950.2229,39.1667,4.625
Jaguar,EpidemicRouter,79,64,only_jaguars,0.9074,0.9074074074074074,1050.6653,38.1837,4.8571
Jaguar,EpidemicRouter,83,64,only_jaguars,0.8704,0.8703703703703703,1030.3064,38.9362,4.7872
Jaguar,EpidemicRouter,89,64,only_jaguars,0.9074,0.9074074074074074,965.5449,38.6531,5.6735
Jaguar,EpidemicRouter,97,64,only_jaguars,0.8519,0.8518518518518519,799.4239,41.1739,3.8261
Jaguar,EpidemicRouter,101,64,only_jaguars,0.9444,0.9444444444444444,764.451,38.2745,4.9412
Jaguar,EpidemicRouter,103,64,only_jaguars,0.8333,0.8333333333333334,1052.6689,40.1778,4.7556
Jaguar,EpidemicRouter,107,64,only_jaguars,0.8889,0.8888888888888888,860.2521,40.2917,3.8958
Jaguar,EpidemicRouter,109,64,only_jaguars,0.9444,0.9444444444444444,902.7157,36.7255,4.3137
Jaguar,EpidemicRouter,113,64,only_jaguars,0.8148,0.8148148148148148,1088.3909,40.4545,4.5227
Jaguar,EpidemicRouter,2,128,only_jaguars,0.9074,0.9074074074074074,1148.4122,37.2449,4.2449
Jaguar,EpidemicRouter,3,128,only_jaguars,0.7778,0.7777777777777778,1039.8381,40.8333,5.1905
Jaguar,EpidemicRouter,5,128,only_jaguars,0.9815,0.9814814814814815,918.617,36.8491,4.2453
Jaguar,EpidemicRouter,7,128,only_jaguars,0.7593,0.7592592592592593,1041.0634,42.2439,4.6341
Jaguar,EpidemicRouter,11,128,only_jaguars,0.9259,0.9259259259259259,942.336,37.86,5.28
Jaguar,EpidemicRouter,13,128,only_jaguars,0.8889,0.8888888888888888,977.0667,39.5417,4.8542
Jaguar,EpidemicRouter,17,128,only_jaguars,0.9074,0.9074074074074074,931.3837,37.8163,4.8571
Jaguar,EpidemicRouter,19,128,only_jaguars,0.8704,0.8703703703703703,1106.1766,38.383,4.617
Jaguar,EpidemicRouter,23,128,only_jaguars,0.9259,0.9259259259259259,964.788,37.26,4.98
Jaguar,EpidemicRouter,29,128,only_jaguars,0.8148,0.8148148148148148,1063.5591,43.1591,4.8409
Jaguar,EpidemicRouter,31,128,only_jaguars,0.9815,0.9814814814814815,986.6075,35.2453,4.4151
Jaguar,EpidemicRouter,37,128,only_jaguars,0.8889,0.8888888888888888,953.7792,37.7708,3.9792
Jaguar,EpidemicRouter,41,128,only_jaguars,0.7407,0.7407407407407407,1165.2075,42.4,4.65
Jaguar,EpidemicRouter,43,128,only_jaguars,0.8889,0.8888888888888888,1121.9208,37.5,5.3542
Jaguar,EpidemicRouter,47,128,only_jaguars,0.7963,0.7962962962962963,975.0977,41.814,4.5581
Jaguar,EpidemicRouter,53,128,only_jaguars,0.8889,0.8888888888888888,1012.0417,38.3542,5.7917
Jaguar,EpidemicRouter,59,128,only_jaguars,0.8148,0.8148148148148148,1190.5909,41.5,4.8182
Jaguar,EpidemicRouter,61,128,only_jaguars,0.9074,0.9074074074074074,958.0571,39.0,4.5714
Jaguar,EpidemicRouter,67,128,only_jaguars,0.8148,0.8148148148148148,976.7932,41.5909,4.9773
Jaguar,EpidemicRouter,71,128,only_jaguars,0.8333,0.8333333333333334,874.9822,41.7333,4.8889
Jaguar,EpidemicRouter,73,128,only_jaguars,0.8889,0.8888888888888888,950.9208,39.1667,4.625
Jaguar,EpidemicRouter,79,128,only_jaguars,0.9074,0.9074074074074074,1051.3,38.1837,4.8571
Jaguar,EpidemicRouter,83,128,only_jaguars,0.8704,0.8703703703703703,1030.9979,38.9362,4.7872
Jaguar,EpidemicRouter,89,128,only_jaguars,0.9074,0.9074074074074074,966.4531,38.6531,5.6939
Jaguar,EpidemicRouter,97,128,only_jaguars,0.8519,0.8518518518518519,799.887,41.1522,3.7826
Jaguar,EpidemicRouter,101,128,only_jaguars,0.9444,0.9444444444444444,764.9451,38.2745,4.9412
Jaguar,EpidemicRouter,103,128,only_jaguars,0.8333,0.8333333333333334,1053.3867,40.1778,4.7556
Jaguar,EpidemicRouter,107,128,only_jaguars,0.8889,0.8888888888888888,860.6667,40.2917,3.8333
Jaguar,EpidemicRouter,109,128,only_jaguars,0.9444,0.9444444444444444,903.1784,36.7059,4.3333
Jaguar,EpidemicRouter,113,128,only_jaguars,0.8148,0.8148148148148148,1088.9568,40.4545,4.5
Jaguar,EpidemicRouter,2,256,only_jaguars,0.9074,0.9074074074074074,1149.3551,37.1429,4.2653
Jaguar,EpidemicRouter,3,256,only_jaguars,0.7778,0.7777777777777778,1041.2786,40.8333,5.1667
Jaguar,EpidemicRouter,5,256,only_jaguars,0.9815,0.9814814814814815,938.9811,36.7736,4.2075
Jaguar,EpidemicRouter,7,256,only_jaguars,0.7593,0.7592592592592593,1042.2756,42.2439,4.6829
Jaguar,EpidemicRouter,11,256,only_jaguars,0.9074,0.9074074074074074,967.5204,38.5918,5.3061
Jaguar,EpidemicRouter,13,256,only_jaguars,0.8889,0.8888888888888888,978.1292,39.5417,4.8542
Jaguar,EpidemicRouter,17,256,only_jaguars,0.9074,0.9074074074074074,932.7571,37.7551,4.8571
Jaguar,EpidemicRouter,19,256,only_jaguars,0.8704,0.8703703703703703,1114.4766,38.234,4.5532
Jaguar,EpidemicRouter,23,256,only_jaguars,0.9259,0.9259259259259259,989.46,37.2,4.86
Jaguar,EpidemicRouter,29,256,only_jaguars,0.8148,0.8148148148148148,1067.2227,43.0455,4.75
Jaguar,EpidemicRouter,31,256,only_jaguars,0.9815,0.9814814814814815,988.0717,35.2453,4.3585
Jaguar,EpidemicRouter,37,256,only_jaguars,0.8889,0.8888888888888888,988.3354,37.6667,3.9792
Jaguar,EpidemicRouter,41,256,only_jaguars,0.7407,0.7407407407407407,1166.2675,42.4,4.65
Jaguar,EpidemicRouter,43,256,only_jaguars,0.8889,0.8888888888888888,1123.3646,37.5,5.3542
Jaguar,EpidemicRouter,47,256,only_jaguars,0.7963,0.7962962962962963,976.4744,41.8372,4.6512
Jaguar,EpidemicRouter,53,256,only_jaguars,0.8889,0.8888888888888888,1013.3688,38.3542,5.7917
Jaguar,EpidemicRouter,59,256,only_jaguars,0.8148,0.8148148148148148,1202.8614,41.4773,4.6818
Jaguar,EpidemicRouter,61,256,only_jaguars,0.9074,0.9074074074074074,962.502,38.9592,4.5102
Jaguar,EpidemicRouter,67,256,only_jaguars,0.8148,0.8148148148148148,977.9182,41.5909,5.0
Jaguar,EpidemicRouter,71,256,only_jaguars,0.8333,0.8333333333333334,876.4133,41.7333,4.8222
Jaguar,EpidemicRouter,73,256,only_jaguars,0.8889,0.8888888888888888,952.2792,39.1667,4.625
Jaguar,EpidemicRouter,79,256,only_jaguars,0.8889,0.8888888888888888,1026.5896,38.7708,4.8958
Jaguar,EpidemicRouter,83,256,only_jaguars,0.8704,0.8703703703703703,1032.3404,38.8511,4.7234
Jaguar,EpidemicRouter,89,256,only_jaguars,0.9074,0.9074074074074074,981.0776,38.6531,5.7551
Jaguar,EpidemicRouter,97,256,only_jaguars,0.8519,0.8518518518518519,800.8217,41.0652,3.8043
Jaguar,EpidemicRouter,101,256,only_jaguars,0.9444,0.9444444444444444,765.9843,38.2353,4.9412
Jaguar,EpidemicRouter,103,256,only_jaguars,0.8333,0.8333333333333334,1054.8933,40.1778,4.7111
Jaguar,EpidemicRouter,107,256,only_jaguars,0.8889,0.8888888888888888,901.1583,40.125,3.875
Jaguar,EpidemicRouter,109,256,only_jaguars,0.9444,0.9444444444444444,909.4235,36.7059,4.2941
Jaguar,EpidemicRouter,113,256,only_jaguars,0.8148,0.8148148148148148,1090.1818,40.2727,4.4545
Jaguar,EpidemicRouter,2,64,only_jaguars_bilstm,0.9074,0.9074074074074074,1139.6721,37.2857,4.3469
Jaguar,EpidemicRouter,3,64,only_jaguars_bilstm,0.7778,0.7777777777777778,1039.0571,40.8333,5.1905
Jaguar,EpidemicRouter,5,64,only_jaguars_bilstm,0.9815,0.9814814814814815,917.3132,36.8491,4.1887
Jaguar,EpidemicRouter,7,64,only_jaguars_bilstm,0.7593,0.7592592592592593,1040.5463,42.2439,4.6829
Jaguar,EpidemicRouter,11,64,only_jaguars_bilstm,0.9259,0.9259259259259259,939.0143,37.9,5.38
Jaguar,EpidemicRouter,13,64,only_jaguars_bilstm,0.8889,0.8888888888888888,976.5438,39.5625,4.8333
Jaguar,EpidemicRouter,17,64,only_jaguars_bilstm,0.9074,0.9074074074074074,930.7163,37.8571,4.8776
Jaguar,EpidemicRouter,19,64,only_jaguars_bilstm,0.8704,0.8703703703703703,1077.4085,38.4468,4.5106
Jaguar,EpidemicRouter,23,64,only_jaguars_bilstm,0.9259,0.9259259259259259,964.158,37.4,4.94
Jaguar,EpidemicRouter,29,64,only_jaguars_bilstm,0.8148,0.8148148148148148,1063.0364,43.1818,4.8182
Jaguar,EpidemicRouter,31,64,only_jaguars_bilstm,0.9815,0.9814814814814815,985.9792,35.2453,4.4528
Jaguar,EpidemicRouter,37,64,only_jaguars_bilstm,0.8889,0.8888888888888888,953.3212,37.7917,4.0417
Jaguar,EpidemicRouter,41,64,only_jaguars_bilstm,0.7407,0.7407407407407407,1164.6675,42.475,4.65
Jaguar,EpidemicRouter,43,64,only_jaguars_bilstm,0.8889,0.8888888888888888,1121.1542,37.5,5.3542
Jaguar,EpidemicRouter,47,64,only_jaguars_bilstm,0.7963,0.7962962962962963,973.6884,41.8372,4.5814
Jaguar,EpidemicRouter,53,64,only_jaguars_bilstm,0.8889,0.8888888888888888,1001.5146,38.3542,5.875
Jaguar,EpidemicRouter,59,64,only_jaguars_bilstm,0.8148,0.8148148148148148,1190.2114,41.5,4.8409
Jaguar,EpidemicRouter,61,64,only_jaguars_bilstm,0.9074,0.9074074074074074,957.6959,39.0,4.551
Jaguar,EpidemicRouter,67,64,only_jaguars_bilstm,0.8148,0.8148148148148148,976.2568,41.5909,5.0
Jaguar,EpidemicRouter,71,64,only_jaguars_bilstm,0.8333,0.8333333333333334,874.3067,41.7556,4.8889
Jaguar,EpidemicRouter,73,64,only_jaguars_bilstm,0.8889,0.8888888888888888,950.2188,39.1667,4.6042
Jaguar,EpidemicRouter,79,64,only_jaguars_bilstm,0.9074,0.9074074074074074,1050.6653,38.1837,4.8367
Jaguar,EpidemicRouter,83,64,only_jaguars_bilstm,0.8704,0.8703703703703703,1030.3064,38.9362,4.7234
Jaguar,EpidemicRouter,89,64,only_jaguars_bilstm,0.9074,0.9074074074074074,965.4837,38.6735,5.6531
Jaguar,EpidemicRouter,97,64,only_jaguars_bilstm,0.8519,0.8518518518518519,799.4326,41.1739,3.8261
Jaguar,EpidemicRouter,101,64,only_jaguars_bilstm,0.9444,0.9444444444444444,764.5078,38.2745,4.9412
Jaguar,EpidemicRouter,103,64,only_jaguars_bilstm,0.8333,0.8333333333333334,1052.6289,40.1778,4.7333
Jaguar,EpidemicRouter,107,64,only_jaguars_bilstm,0.8889,0.8888888888888888,860.2271,40.3333,3.9792
Jaguar,EpidemicRouter,109,64,only_jaguars_bilstm,0.9444,0.9444444444444444,902.6412,36.7255,4.2745
Jaguar,EpidemicRouter,113,64,only_jaguars_bilstm,0.8148,0.8148148148148148,1088.4068,40.4545,4.4773
Jaguar,EpidemicRouter,2,128,only_jaguars_bilstm,0.9074,0.9074074074074074,1140.1347,37.2449,4.3265
Jaguar,EpidemicRouter,3,128,only_jaguars_bilstm,0.7778,0.7777777777777778,1039.7548,40.8333,5.1905
Jaguar,EpidemicRouter,5,128,only_jaguars_bilstm,0.9815,0.9814814814814815,918.5038,36.8491,4.2453
Jaguar,EpidemicRouter,7,128,only_jaguars_bilstm,0.7593,0.7592592592592593,1041.0732,42.2439,4.6341
Jaguar,EpidemicRouter,11,128,only_jaguars_bilstm,0.9259,0.9259259259259259,942.336,37.86,5.3
Jaguar,EpidemicRouter,13,128,only_jaguars_bilstm,0.8889,0.8888888888888888,977.075,39.5417,4.8542
Jaguar,EpidemicRouter,17,128,only_jaguars_bilstm,0.9074,0.9074074074074074,931.4122,37.8163,4.8571
Jaguar,EpidemicRouter,19,128,only_jaguars_bilstm,0.8704,0.8703703703703703,1077.9936,38.4255,4.5532
Jaguar,EpidemicRouter,23,128,only_jaguars_bilstm,0.9259,0.9259259259259259,964.788,37.26,5.0
Jaguar,EpidemicRouter,29,128,only_jaguars_bilstm,0.8148,0.8148148148148148,1063.6682,43.1591,4.8409
Jaguar,EpidemicRouter,31,128,only_jaguars_bilstm,0.9815,0.9814814814814815,986.5792,35.2453,4.4151
Jaguar,EpidemicRouter,37,128,only_jaguars_bilstm,0.8889,0.8888888888888888,953.8021,37.7708,3.9792
Jaguar,EpidemicRouter,41,128,only_jaguars_bilstm,0.7407,0.7407407407407407,1165.175,42.4,4.65
Jaguar,EpidemicRouter,43,128,only_jaguars_bilstm,0.8889,0.8888888888888888,1121.8188,37.5,5.3542
Jaguar,EpidemicRouter,47,128,only_jaguars_bilstm,0.7963,0.7962962962962963,975.1442,41.814,4.5581
Jaguar,EpidemicRouter,53,128,only_jaguars_bilstm,0.8889,0.8888888888888888,1002.1813,38.3542,5.8542
Jaguar,EpidemicRouter,59,128,only_jaguars_bilstm,0.8148,0.8148148148148148,1190.7045,41.5,4.8409
Jaguar,EpidemicRouter,61,128,only_jaguars_bilstm,0.9074,0.9074074074074074,958.198,39.0,4.5714
Jaguar,EpidemicRouter,67,128,only_jaguars_bilstm,0.8148,0.8148148148148148,976.8364,41.5909,5.0
Jaguar,EpidemicRouter,71,128,only_jaguars_bilstm,0.8333,0.8333333333333334,875.0156,41.7333,4.8889
Jaguar,EpidemicRouter,73,128,only_jaguars_bilstm,0.8889,0.8888888888888888,950.9063,39.1667,4.625
Jaguar,EpidemicRouter,79,128,only_jaguars_bilstm,0.9074,0.9074074074074074,1051.298,38.1837,4.8776
Jaguar,EpidemicRouter,83,128,only_jaguars_bilstm,0.8704,0.8703703703703703,1030.9553,38.9362,4.7234
Jaguar,EpidemicRouter,89,128,only_jaguars_bilstm,0.9074,0.9074074074074074,966.3837,38.6735,5.7347
Jaguar,EpidemicRouter,97,128,only_jaguars_bilstm,0.8519,0.8518518518518519,799.913,41.1522,3.7826
Jaguar,EpidemicRouter,101,128,only_jaguars_bilstm,0.9444,0.9444444444444444,765.0431,38.2745,4.9216
Jaguar,EpidemicRouter,103,128,only_jaguars_bilstm,0.8333,0.8333333333333334,1053.3422,40.1778,4.7556
Jaguar,EpidemicRouter,107,128,only_jaguars_bilstm,0.8889,0.8888888888888888,860.6354,40.2917,3.8333
Jaguar,EpidemicRouter,109,128,only_jaguars_bilstm,0.9444,0.9444444444444444,903.0627,36.7059,4.3137
Jaguar,EpidemicRouter,113,128,only_jaguars_bilstm,0.8148,0.8148148148148148,1089.0,40.4545,4.4773
Jaguar,EpidemicRouter,2,256,only_jaguars_bilstm,0.9074,0.9074074074074074,1141.0612,37.1633,4.3265
Jaguar,EpidemicRouter,3,256,only_jaguars_bilstm,0.7593,0.7592592592592593,1048.3439,41.6585,5.0976
Jaguar,EpidemicRouter,5,256,only_jaguars_bilstm,0.9815,0.9814814814814815,938.7962,36.7736,4.2264
Jaguar,EpidemicRouter,7,256,only_jaguars_bilstm,0.7593,0.7592592592592593,1042.2951,42.2439,4.6829
Jaguar,EpidemicRouter,11,256,only_jaguars_bilstm,0.9074,0.9074074074074074,967.4918,38.5918,5.3061
Jaguar,EpidemicRouter,13,256,only_jaguars_bilstm,0.8889,0.8888888888888888,978.1271,39.5417,4.8542
Jaguar,EpidemicRouter,17,256,only_jaguars_bilstm,0.9074,0.9074074074074074,932.8245,37.7551,4.8571
Jaguar,EpidemicRouter,19,256,only_jaguars_bilstm,0.8704,0.8703703703703703,1114.4617,38.2553,4.5532
Jaguar,EpidemicRouter,23,256,only_jaguars_bilstm,0.9259,0.9259259259259259,989.436,37.2,4.88
Jaguar,EpidemicRouter,29,256,only_jaguars_bilstm,0.8148,0.8148148148148148,1067.4295,43.0455,4.75
Jaguar,EpidemicRouter,31,256,only_jaguars_bilstm,0.9815,0.9814814814814815,987.983,35.2453,4.3774
Jaguar,EpidemicRouter,37,256,only_jaguars_bilstm,0.8889,0.8888888888888888,988.3771,37.6458,4.0
Jaguar,EpidemicRouter,41,256,only_jaguars_bilstm,0.7407,0.7407407407407407,1166.2,42.4,4.65
Jaguar,EpidemicRouter,43,256,only_jaguars_bilstm,0.8889,0.8888888888888888,1123.1896,37.5,5.3542
Jaguar,EpidemicRouter,47,256,only_jaguars_bilstm,0.7963,0.7962962962962963,976.5395,41.8372,4.6279
Jaguar,EpidemicRouter,53,256,only_jaguars_bilstm,0.8889,0.8888888888888888,1013.3813,38.3542,5.7708
Jaguar,EpidemicRouter,59,256,only_jaguars_bilstm,0.8148,0.8148148148148148,1203.1273,41.4773,4.6818
Jaguar,EpidemicRouter,61,256,only_jaguars_bilstm,0.9074,0.9074074074074074,962.7245,38.9592,4.5102
Jaguar,EpidemicRouter,67,256,only_jaguars_bilstm,0.8148,0.8148148148148148,978.0023,41.5909,5.0
Jaguar,EpidemicRouter,71,256,only_jaguars_bilstm,0.8333,0.8333333333333334,876.5,41.7333,4.8889
Jaguar,EpidemicRouter,73,256,only_jaguars_bilstm,0.8889,0.8888888888888888,952.2667,39.1667,4.625
Jaguar,EpidemicRouter,79,256,only_jaguars_bilstm,0.8889,0.8888888888888888,1018.5875,38.75,4.9375
Jaguar,EpidemicRouter,83,256,only_jaguars_bilstm,0.8704,0.8703703703703703,1032.3064,38.8511,4.7447
Jaguar,EpidemicRouter,89,256,only_jaguars_bilstm,0.9074,0.9074074074074074,980.9633,38.6531,5.7347
Jaguar,EpidemicRouter,97,256,only_jaguars_bilstm,0.8519,0.8518518518518519,800.8435,41.0652,3.8043
Jaguar,EpidemicRouter,101,256,only_jaguars_bilstm,0.9444,0.9444444444444444,766.1686,38.2353,4.9216
Jaguar,EpidemicRouter,103,256,only_jaguars_bilstm,0.8333,0.8333333333333334,1054.7956,40.1778,4.7111
Jaguar,EpidemicRouter,107,256,only_jaguars_bilstm,0.8889,0.8888888888888888,901.1063,40.1042,3.875
Jaguar,EpidemicRouter,109,256,only_jaguars_bilstm,0.9444,0.9444444444444444,909.2235,36.7059,4.2941
Jaguar,EpidemicRouter,113,256,only_jaguars_bilstm,0.8148,0.8148148148148148,1090.2341,40.2727,4.4318
Jaguar,MaxPropRouter,2,64,jaguar_16_centroids_kmeans_bilstm,0.9074,0.9074074074074074,1139.57,37.7143,4.3469
Jaguar,MaxPropRouter,3,64,jaguar_16_centroids_kmeans_bilstm,0.7778,0.7777777777777778,1039.0079,47.4286,5.2619
Jaguar,MaxPropRouter,5,64,jaguar_16_centroids_kmeans_bilstm,0.9815,0.9814814814814815,917.0302,40.0,4.1321
Jaguar,MaxPropRouter,7,64,jaguar_16_centroids_kmeans_bilstm,0.7593,0.7592592592592593,1040.4767,46.7805,4.7073
Jaguar,MaxPropRouter,11,64,jaguar_16_centroids_kmeans_bilstm,0.9259,0.9259259259259259,934.7403,40.26,5.38
Jaguar,MaxPropRouter,13,64,jaguar_16_centroids_kmeans_bilstm,0.8889,0.8888888888888888,976.5283,47.4375,4.875
Jaguar,MaxPropRouter,17,64,jaguar_16_centroids_kmeans_bilstm,0.9074,0.9074074074074074,930.6061,46.4694,4.898
Jaguar,MaxPropRouter,19,64,jaguar_16_centroids_kmeans_bilstm,0.8704,0.8703703703703703,1077.324,46.7234,4.5106
Jaguar,MaxPropRouter,23,64,jaguar_16_centroids_kmeans_bilstm,0.9259,0.9259259259259259,959.234,44.14,4.98
Jaguar,MaxPropRouter,29,64,jaguar_16_centroids_kmeans_bilstm,0.8148,0.8148148148148148,1062.8205,48.6818,4.8409
Jaguar,MaxPropRouter,31,64,jaguar_16_centroids_kmeans_bilstm,0.9815,0.9814814814814815,985.7909,40.4906,4.4151
Jaguar,MaxPropRouter,37,64,jaguar_16_centroids_kmeans_bilstm,0.8889,0.8888888888888888,953.2153,38.7292,4.0208
Jaguar,MaxPropRouter,41,64,jaguar_16_centroids_kmeans_bilstm,0.7407,0.7407407407407407,1164.66,48.75,4.65
Jaguar,MaxPropRouter,43,64,jaguar_16_centroids_kmeans_bilstm,0.8889,0.8888888888888888,1121.0729,47.7917,5.3542
Jaguar,MaxPropRouter,47,64,jaguar_16_centroids_kmeans_bilstm,0.7963,0.7962962962962963,973.5953,44.4419,4.5814
Jaguar,MaxPropRouter,53,64,jaguar_16_centroids_kmeans_bilstm,0.8889,0.8888888888888888,1001.4027,45.375,5.875
Jaguar,MaxPropRouter,59,64,jaguar_16_centroids_kmeans_bilstm,0.8148,0.8148148148148148,1190.1321,49.9773,4.8636
Jaguar,MaxPropRouter,61,64,jaguar_16_centroids_kmeans_bilstm,0.9074,0.9074074074074074,957.5748,48.6531,4.551
Jaguar,MaxPropRouter,67,64,jaguar_16_centroids_kmeans_bilstm,0.8148,0.8148148148148148,976.0942,47.3182,5.0455
Jaguar,MaxPropRouter,71,64,jaguar_16_centroids_kmeans_bilstm,0.8333,0.8333333333333334,874.1817,50.4222,4.8889
Jaguar,MaxPropRouter,73,64,jaguar_16_centroids_kmeans_bilstm,0.8889,0.8888888888888888,950.1527,47.3958,4.625
Jaguar,MaxPropRouter,79,64,jaguar_16_centroids_kmeans_bilstm,0.9074,0.9074074074074074,1050.5776,44.898,4.8571
Jaguar,MaxPropRouter,83,64,jaguar_16_centroids_kmeans_bilstm,0.8704,0.8703703703703703,1030.1149,45.4681,4.7234
Jaguar,MaxPropRouter,89,64,jaguar_16_centroids_kmeans_bilstm,0.9074,0.9074074074074074,965.3412,48.6327,5.7143
Jaguar,MaxPropRouter,97,64,jaguar_16_centroids_kmeans_bilstm,0.8519,0.8518518518518519,799.3413,41.8913,3.7609
Jaguar,MaxPropRouter,101,64,jaguar_16_centroids_kmeans_bilstm,0.9444,0.9444444444444444,764.4784,41.8627,4.902
Jaguar,MaxPropRouter,103,64,jaguar_16_centroids_kmeans_bilstm,0.8333,0.8333333333333334,1052.5067,49.3778,4.7556
Jaguar,MaxPropRouter,107,64,jaguar_16_centroids_kmeans_bilstm,0.8889,0.8888888888888888,860.125,39.0208,3.9792
Jaguar,MaxPropRouter,109,64,jaguar_16_centroids_kmeans_bilstm,0.9444,0.9444444444444444,902.6078,41.2157,4.2549
Jaguar,MaxPropRouter,113,64,jaguar_16_centroids_kmeans_bilstm,0.8148,0.8148148148148148,1088.3591,47.0455,4.5
Jaguar,MaxPropRouter,2,128,jaguar_16_centroids_kmeans_bilstm,0.9074,0.9074074074074074,1139.9204,37.8571,4.3469
Jaguar,MaxPropRouter,3,128,jaguar_16_centroids_kmeans_bilstm,0.7778,0.7777777777777778,1039.7238,47.4524,5.119
Jaguar,MaxPropRouter,5,128,jaguar_16_centroids_kmeans_bilstm,0.9815,0.9814814814814815,918.1472,40.3585,4.2642
Jaguar,MaxPropRouter,7,128,jaguar_16_centroids_kmeans_bilstm,0.7593,0.7592592592592593,1040.973,47.0244,4.6829
Jaguar,MaxPropRouter,11,128,jaguar_16_centroids_kmeans_bilstm,0.9259,0.9259259259259259,942.108,39.48,5.3
Jaguar,MaxPropRouter,13,128,jaguar_16_centroids_kmeans_bilstm,0.8889,0.8888888888888888,977.0292,47.7708,4.875
Jaguar,MaxPropRouter,17,128,jaguar_16_centroids_kmeans_bilstm,0.9074,0.9074074074074074,931.3102,46.7143,4.898
Jaguar,MaxPropRouter,19,128,jaguar_16_centroids_kmeans_bilstm,0.8704,0.8703703703703703,1077.9336,46.7447,4.5319
Jaguar,MaxPropRouter,23,128,jaguar_16_centroids_kmeans_bilstm,0.9259,0.9259259259259259,964.508,44.14,5.02
Jaguar,MaxPropRouter,29,128,jaguar_16_centroids_kmeans_bilstm,0.8148,0.8148148148148148,1063.2852,48.75,4.8182
Jaguar,MaxPropRouter,31,128,jaguar_16_centroids_kmeans_bilstm,0.9815,0.9814814814814815,986.3038,41.0566,4.434
Jaguar,MaxPropRouter,37,128,jaguar_16_centroids_kmeans_bilstm,0.8889,0.8888888888888888,953.6896,38.875,4.0
Jaguar,MaxPropRouter,41,128,jaguar_16_centroids_kmeans_bilstm,0.7407,0.7407407407407407,1165.145,48.525,4.65
Jaguar,MaxPropRouter,43,128,jaguar_16_centroids_kmeans_bilstm,0.8889,0.8888888888888888,1121.7031,47.6458,5.375
Jaguar,MaxPropRouter,47,128,jaguar_16_centroids_kmeans_bilstm,0.7963,0.7962962962962963,974.1814,44.1395,4.6047
Jaguar,MaxPropRouter,53,128,jaguar_16_centroids_kmeans_bilstm,0.8889,0.8888888888888888,1011.8593,45.8958,5.8333
Jaguar,MaxPropRouter,59,128,jaguar_16_centroids_kmeans_bilstm,0.8148,0.8148148148148148,1190.6011,49.4318,4.8864
Jaguar,MaxPropRouter,61,128,jaguar_16_centroids_kmeans_bilstm,0.9074,0.9074074074074074,958.0306,49.5918,4.5306
Jaguar,MaxPropRouter,67,128,jaguar_16_centroids_kmeans_bilstm,0.8148,0.8148148148148148,976.5864,47.4091,5.0
Jaguar,MaxPropRouter,71,128,jaguar_16_centroids_kmeans_bilstm,0.8333,0.8333333333333334,874.8144,49.4,4.8889
Jaguar,MaxPropRouter,73,128,jaguar_16_centroids_kmeans_bilstm,0.8889,0.8888888888888888,950.8063,47.0,4.6042
Jaguar,MaxPropRouter,79,128,jaguar_16_centroids_kmeans_bilstm,0.9074,0.9074074074074074,1051.1429,43.9592,4.8367
Jaguar,MaxPropRouter,83,128,jaguar_16_centroids_kmeans_bilstm,0.8704,0.8703703703703703,1030.6809,45.1064,4.7447
Jaguar,MaxPropRouter,89,128,jaguar_16_centroids_kmeans_bilstm,0.9074,0.9074074074074074,966.2388,48.9184,5.7551
Jaguar,MaxPropRouter,97,128,jaguar_16_centroids_kmeans_bilstm,0.8519,0.8518518518518519,799.7739,41.6304,3.7826
Jaguar,MaxPropRouter,101,128,jaguar_16_centroids_kmeans_bilstm,0.9444,0.9444444444444444,765.0333,42.0588,4.9608
Jaguar,MaxPropRouter,103,128,jaguar_16_centroids_kmeans_bilstm,0.8333,0.8333333333333334,1053.1756,49.3333,4.7111
Jaguar,MaxPropRouter,107,128,jaguar_16_centroids_kmeans_bilstm,0.8889,0.8888888888888888,860.4917,38.6458,3.9375
Jaguar,MaxPropRouter,109,128,jaguar_16_centroids_kmeans_bilstm,0.9444,0.9444444444444444,903.0118,41.0392,4.3137
Jaguar,MaxPropRouter,113,128,jaguar_16_centroids_kmeans_bilstm,0.8148,0.8148148148148148,1088.9147,47.0227,4.5
Jaguar,MaxPropRouter,2,256,jaguar_16_centroids_kmeans_bilstm,0.9074,0.9074074074074074,1140.7776,37.898,4.3265
Jaguar,MaxPropRouter,3,256,jaguar_16_centroids_kmeans_bilstm,0.7593,0.7592592592592593,1048.1561,47.3171,5.0976
Jaguar,MaxPropRouter,5,256,jaguar_16_centroids_kmeans_bilstm,0.9815,0.9814814814814815,938.1321,40.3208,4.2453
Jaguar,MaxPropRouter,7,256,jaguar_16_centroids_kmeans_bilstm,0.7593,0.7592592592592593,1042.0122,46.878,4.6341
Jaguar,MaxPropRouter,11,256,jaguar_16_centroids_kmeans_bilstm,0.9259,0.9259259259259259,946.616,39.14,5.34
Jaguar,MaxPropRouter,13,256,jaguar_16_centroids_kmeans_bilstm,0.8889,0.8888888888888888,978.0667,47.6875,4.8958
Jaguar,MaxPropRouter,17,256,jaguar_16_centroids_kmeans_bilstm,0.9074,0.9074074074074074,932.6347,46.0204,4.8776
Jaguar,MaxPropRouter,19,256,jaguar_16_centroids_kmeans_bilstm,0.8704,0.8703703703703703,1107.1149,47.5106,4.6383
Jaguar,MaxPropRouter,23,256,jaguar_16_centroids_kmeans_bilstm,0.9259,0.9259259259259259,965.49,44.06,5.04
Jaguar,MaxPropRouter,29,256,jaguar_16_centroids_kmeans_bilstm,0.8148,0.8148148148148148,1064.3136,48.5,4.9091
Jaguar,MaxPropRouter,31,256,jaguar_16_centroids_kmeans_bilstm,0.9815,0.9814814814814815,987.6019,40.2642,4.3396
Jaguar,MaxPropRouter,37,256,jaguar_16_centroids_kmeans_bilstm,0.8889,0.8888888888888888,954.5917,38.9583,4.0
Jaguar,MaxPropRouter,41,256,jaguar_16_centroids_kmeans_bilstm,0.7407,0.7407407407407407,1166.24,48.85,4.65
Jaguar,MaxPropRouter,43,256,jaguar_16_centroids_kmeans_bilstm,0.8889,0.8888888888888888,1122.9729,47.625,5.4375
Jaguar,MaxPropRouter,47,256,jaguar_16_centroids_kmeans_bilstm,0.7963,0.7962962962962963,984.5651,44.186,4.6279
Jaguar,MaxPropRouter,53,256,jaguar_16_centroids_kmeans_bilstm,0.8889,0.8888888888888888,1013.0646,45.1667,5.7917
Jaguar,MaxPropRouter,59,256,jaguar_16_centroids_kmeans_bilstm,0.8148,0.8148148148148148,1191.5201,49.5227,4.8636
Jaguar,MaxPropRouter,61,256,jaguar_16_centroids_kmeans_bilstm,0.9074,0.9074074074074074,962.4571,50.1837,4.5306
Jaguar,MaxPropRouter,67,256,jaguar_16_centroids_kmeans_bilstm,0.8148,0.8148148148148148,977.5955,47.1364,5.0
Jaguar,MaxPropRouter,71,256,jaguar_16_centroids_kmeans_bilstm,0.8333,0.8333333333333334,876.1933,50.1333,4.8667
Jaguar,MaxPropRouter,73,256,jaguar_16_centroids_kmeans_bilstm,0.8889,0.8888888888888888,952.0854,48.0,4.6042
Jaguar,MaxPropRouter,79,256,jaguar_16_centroids_kmeans_bilstm,0.8889,0.8888888888888888,1021.6333,45.0417,4.9375
Jaguar,MaxPropRouter,83,256,jaguar_16_centroids_kmeans_bilstm,0.8704,0.8703703703703703,1031.7766,45.1915,4.8511
Jaguar,MaxPropRouter,89,256,jaguar_16_centroids_kmeans_bilstm,0.9074,0.9074074074074074,979.9837,48.9592,5.6939
Jaguar,MaxPropRouter,97,256,jaguar_16_centroids_kmeans_bilstm,0.8519,0.8518518518518519,800.6022,42.4783,3.7826
Jaguar,MaxPropRouter,101,256,jaguar_16_centroids_kmeans_bilstm,0.9444,0.9444444444444444,766.0529,42.3725,4.9216
Jaguar,MaxPropRouter,103,256,jaguar_16_centroids_kmeans_bilstm,0.8333,0.8333333333333334,1054.4822,49.6444,4.6889
Jaguar,MaxPropRouter,107,256,jaguar_16_centroids_kmeans_bilstm,0.8889,0.8888888888888888,864.8583,38.2708,3.7708
Jaguar,MaxPropRouter,109,256,jaguar_16_centroids_kmeans_bilstm,0.9444,0.9444444444444444,909.1098,41.1765,4.2941
Jaguar,MaxPropRouter,113,256,jaguar_16_centroids_kmeans_bilstm,0.8148,0.8148148148148148,1090.125,46.9091,4.5227
Jaguar,MaxPropRouter,2,64,jaguars_kmeans_16_centroids,0.9074,0.9074074074074074,1139.5878,38.2857,4.3469
Jaguar,MaxPropRouter,3,64,jaguars_kmeans_16_centroids,0.7778,0.7777777777777778,1039.1048,52.1667,5.1905
Jaguar,MaxPropRouter,5,64,jaguars_kmeans_16_centroids,0.9815,0.9814814814814815,917.1415,43.0,4.1698
Jaguar,MaxPropRouter,7,64,jaguars_kmeans_16_centroids,0.7593,0.7592592592592593,1040.4732,47.4634,4.6829
Jaguar,MaxPropRouter,11,64,jaguars_kmeans_16_centroids,0.9259,0.9259259259259259,934.772,44.86,5.36
Jaguar,MaxPropRouter,13,64,jaguars_kmeans_16_centroids,0.8889,0.8888888888888888,976.5417,49.8958,4.8333
Jaguar,MaxPropRouter,17,64,jaguars_kmeans_16_centroids,0.9074,0.9074074074074074,930.5857,47.6122,4.9184
Jaguar,MaxPropRouter,19,64,jaguars_kmeans_16_centroids,0.8704,0.8703703703703703,1077.3766,44.4681,4.4894
Jaguar,MaxPropRouter,23,64,jaguars_kmeans_16_centroids,0.9259,0.9259259259259259,959.246,47.84,4.92
Jaguar,MaxPropRouter,29,64,jaguars_kmeans_16_centroids,0.8148,0.8148148148148148,1062.8523,51.1818,4.8409
Jaguar,MaxPropRouter,31,64,jaguars_kmeans_16_centroids,0.9815,0.9814814814814815,985.8736,44.0755,4.4151
Jaguar,MaxPropRouter,37,64,jaguars_kmeans_16_centroids,0.8889,0.8888888888888888,953.2229,40.6458,4.0625
Jaguar,MaxPropRouter,41,64,jaguars_kmeans_16_centroids,0.7407,0.7407407407407407,1164.66,49.2,4.65
Jaguar,MaxPropRouter,43,64,jaguars_kmeans_16_centroids,0.8889,0.8888888888888888,1121.1292,46.4375,5.3542
Jaguar,MaxPropRouter,47,64,jaguars_kmeans_16_centroids,0.7963,0.7962962962962963,973.6512,46.3488,4.5814
Jaguar,MaxPropRouter,53,64,jaguars_kmeans_16_centroids,0.8889,0.8888888888888888,1001.4333,47.3958,5.875
Jaguar,MaxPropRouter,59,64,jaguars_kmeans_16_centroids,0.8148,0.8148148148148148,1190.125,48.1591,4.8409
Jaguar,MaxPropRouter,61,64,jaguars_kmeans_16_centroids,0.9074,0.9074074074074074,957.602,51.4694,4.5714
Jaguar,MaxPropRouter,67,64,jaguars_kmeans_16_centroids,0.8148,0.8148148148148148,976.1386,54.4318,5.0
Jaguar,MaxPropRouter,71,64,jaguars_kmeans_16_centroids,0.8333,0.8333333333333334,874.1844,54.7111,4.9111
Jaguar,MaxPropRouter,73,64,jaguars_kmeans_16_centroids,0.8889,0.8888888888888888,950.1875,50.125,4.6458
Jaguar,MaxPropRouter,79,64,jaguars_kmeans_16_centroids,0.9074,0.9074074074074074,1050.549,49.5306,4.8367
Jaguar,MaxPropRouter,83,64,jaguars_kmeans_16_centroids,0.8704,0.8703703703703703,1030.266,49.0638,4.8085
Jaguar,MaxPropRouter,89,64,jaguars_kmeans_16_centroids,0.9074,0.9074074074074074,965.398,56.2653,5.6735
Jaguar,MaxPropRouter,97,64,jaguars_kmeans_16_centroids,0.8519,0.8518518518518519,799.3717,47.7391,3.7826
Jaguar,MaxPropRouter,101,64,jaguars_kmeans_16_centroids,0.9444,0.9444444444444444,764.4255,44.4314,4.902
Jaguar,MaxPropRouter,103,64,jaguars_kmeans_16_centroids,0.8333,0.8333333333333334,1052.5422,50.1111,4.7556
Jaguar,MaxPropRouter,107,64,jaguars_kmeans_16_centroids,0.8889,0.8888888888888888,860.1438,39.5,3.9792
Jaguar,MaxPropRouter,109,64,jaguars_kmeans_16_centroids,0.9444,0.9444444444444444,902.6373,44.1569,4.2941
Jaguar,MaxPropRouter,113,64,jaguars_kmeans_16_centroids,0.8148,0.8148148148148148,1088.4295,50.75,4.5
Jaguar,MaxPropRouter,2,128,jaguars_kmeans_16_centroids,0.9074,0.9074074074074074,1140.0,38.3061,4.3265
Jaguar,MaxPropRouter,3,128,jaguars_kmeans_16_centroids,0.7778,0.7777777777777778,1039.8095,51.6667,5.1667
Jaguar,MaxPropRouter,5,128,jaguars_kmeans_16_centroids,0.9815,0.9814814814814815,918.2528,43.2642,4.283
Jaguar,MaxPropRouter,7,128,jaguars_kmeans_16_centroids,0.7593,0.7592592592592593,1040.9488,47.878,4.6585
Jaguar,MaxPropRouter,11,128,jaguars_kmeans_16_centroids,0.9259,0.9259259259259259,942.152,44.2,5.3
Jaguar,MaxPropRouter,13,128,jaguars_kmeans_16_centroids,0.8889,0.8888888888888888,977.0813,49.875,4.8333
Jaguar,MaxPropRouter,17,128,jaguars_kmeans_16_centroids,0.9074,0.9074074074074074,931.2347,47.6122,4.898
Jaguar,MaxPropRouter,19,128,jaguars_kmeans_16_centroids,0.8704,0.8703703703703703,1077.983,44.383,4.5106
Jaguar,MaxPropRouter,23,128,jaguars_kmeans_16_centroids,0.9259,0.9259259259259259,964.548,47.74,4.98
Jaguar,MaxPropRouter,29,128,jaguars_kmeans_16_centroids,0.8148,0.8148148148148148,1063.3386,50.8182,4.8182
Jaguar,MaxPropRouter,31,128,jaguars_kmeans_16_centroids,0.9815,0.9814814814814815,986.417,43.7736,4.434
Jaguar,MaxPropRouter,37,128,jaguars_kmeans_16_centroids,0.8889,0.8888888888888888,953.7021,40.8125,4.0
Jaguar,MaxPropRouter,41,128,jaguars_kmeans_16_centroids,0.7407,0.7407407407407407,1165.1925,49.125,4.65
Jaguar,MaxPropRouter,43,128,jaguars_kmeans_16_centroids,0.8889,0.8888888888888888,1121.7354,46.6042,5.4167
Jaguar,MaxPropRouter,47,128,jaguars_kmeans_16_centroids,0.7963,0.7962962962962963,974.3326,46.4884,4.5814
Jaguar,MaxPropRouter,53,128,jaguars_kmeans_16_centroids,0.8889,0.8888888888888888,1002.0521,47.375,5.875
Jaguar,MaxPropRouter,59,128,jaguars_kmeans_16_centroids,0.8148,0.8148148148148148,1190.5432,48.1136,4.8409
Jaguar,MaxPropRouter,61,128,jaguars_kmeans_16_centroids,0.9074,0.9074074074074074,958.0469,53.0408,4.551
Jaguar,MaxPropRouter,67,128,jaguars_kmeans_16_centroids,0.8148,0.8148148148148148,976.6477,53.9318,5.0
Jaguar,MaxPropRouter,71,128,jaguars_kmeans_16_centroids,0.8333,0.8333333333333334,874.8689,54.3556,4.8889
Jaguar,MaxPropRouter,73,128,jaguars_kmeans_16_centroids,0.8889,0.8888888888888888,950.8438,50.9375,4.625
Jaguar,MaxPropRouter,79,128,jaguars_kmeans_16_centroids,0.9074,0.9074074074074074,1051.1347,49.5918,4.8776
Jaguar,MaxPropRouter,83,128,jaguars_kmeans_16_centroids,0.8704,0.8703703703703703,1030.9468,48.9787,4.8298
Jaguar,MaxPropRouter,89,128,jaguars_kmeans_16_centroids,0.9074,0.9074074074074074,966.3367,56.4694,5.7143
Jaguar,MaxPropRouter,97,128,jaguars_kmeans_16_centroids,0.8519,0.8518518518518519,799.787,47.7391,3.7609
Jaguar,MaxPropRouter,101,128,jaguars_kmeans_16_centroids,0.9444,0.9444444444444444,764.9529,44.5098,4.9412
Jaguar,MaxPropRouter,103,128,jaguars_kmeans_16_centroids,0.8333,0.8333333333333334,1053.1756,50.2444,4.7556
Jaguar,MaxPropRouter,107,128,jaguars_kmeans_16_centroids,0.8889,0.8888888888888888,860.5146,39.7083,3.9583
Jaguar,MaxPropRouter,109,128,jaguars_kmeans_16_centroids,0.9444,0.9444444444444444,903.0706,44.0196,4.3333
Jaguar,MaxPropRouter,113,128,jaguars_kmeans_16_centroids,0.8148,0.8148148148148148,1089.0227,50.8864,4.4545
Jaguar,MaxPropRouter,2,256,jaguars_kmeans_16_centroids,0.9074,0.9074074074074074,1140.8122,38.1224,4.3469
Jaguar,MaxPropRouter,3,256,jaguars_kmeans_16_centroids,0.7593,0.7592592592592593,1048.3,51.3659,5.0976
Jaguar,MaxPropRouter,5,256,jaguars_kmeans_16_centroids,0.9815,0.9814814814814815,938.4623,43.4906,4.2264
Jaguar,MaxPropRouter,7,256,jaguars_kmeans_16_centroids,0.7593,0.7592592592592593,1041.9146,48.0244,4.6585
Jaguar,MaxPropRouter,11,256,jaguars_kmeans_16_centroids,0.9259,0.9259259259259259,946.638,43.76,5.32
Jaguar,MaxPropRouter,13,256,jaguars_kmeans_16_centroids,0.8889,0.8888888888888888,978.0792,49.4583,4.8125
Jaguar,MaxPropRouter,17,256,jaguars_kmeans_16_centroids,0.9074,0.9074074074074074,932.4143,46.7959,4.8776
Jaguar,MaxPropRouter,19,256,jaguars_kmeans_16_centroids,0.8704,0.8703703703703703,1114.4043,44.7234,4.5319
Jaguar,MaxPropRouter,23,256,jaguars_kmeans_16_centroids,0.9259,0.9259259259259259,965.656,47.32,5.02
Jaguar,MaxPropRouter,29,256,jaguars_kmeans_16_centroids,0.8148,0.8148148148148148,1064.3545,50.25,4.8409
Jaguar,MaxPropRouter,31,256,jaguars_kmeans_16_centroids,0.9815,0.9814814814814815,987.8189,43.1698,4.3208
Jaguar,MaxPropRouter,37,256,jaguars_kmeans_16_centroids,0.8889,0.8888888888888888,988.1646,40.1042,4.0
Jaguar,MaxPropRouter,41,256,jaguars_kmeans_16_centroids,0.7407,0.7407407407407407,1166.2625,49.125,4.65
Jaguar,MaxPropRouter,43,256,jaguars_kmeans_16_centroids,0.8889,0.8888888888888888,1123.0646,46.6458,5.4167
Jaguar,MaxPropRouter,47,256,jaguars_kmeans_16_centroids,0.7963,0.7962962962962963,984.7209,45.9535,4.6047
Jaguar,MaxPropRouter,53,256,jaguars_kmeans_16_centroids,0.8889,0.8888888888888888,1013.2021,46.9792,5.7917
Jaguar,MaxPropRouter,59,256,jaguars_kmeans_16_centroids,0.8148,0.8148148148148148,1191.4159,48.2273,4.8409
Jaguar,MaxPropRouter,61,256,jaguars_kmeans_16_centroids,0.9074,0.9074074074074074,962.4837,52.7143,4.4898
Jaguar,MaxPropRouter,67,256,jaguars_kmeans_16_centroids,0.8148,0.8148148148148148,977.6909,54.3182,5.0227
Jaguar,MaxPropRouter,71,256,jaguars_kmeans_16_centroids,0.8333,0.8333333333333334,876.14,53.8667,4.8889
Jaguar,MaxPropRouter,73,256,jaguars_kmeans_16_centroids,0.8889,0.8888888888888888,952.1792,50.5625,4.6042
Jaguar,MaxPropRouter,79,256,jaguars_kmeans_16_centroids,0.8889,0.8888888888888888,1018.2708,50.0625,4.9375
Jaguar,MaxPropRouter,83,256,jaguars_kmeans_16_centroids,0.8704,0.8703703703703703,1032.1128,48.8085,4.766
Jaguar,MaxPropRouter,89,256,jaguars_kmeans_16_centroids,0.9074,0.9074074074074074,981.0776,55.898,5.7551
Jaguar,MaxPropRouter,97,256,jaguars_kmeans_16_centroids,0.8519,0.8518518518518519,800.6543,48.3478,3.8261
Jaguar,MaxPropRouter,101,256,jaguars_kmeans_16_centroids,0.9444,0.9444444444444444,765.998,44.5882,4.9216
Jaguar,MaxPropRouter,103,256,jaguars_kmeans_16_centroids,0.8333,0.8333333333333334,1054.5289,50.0444,4.7333
Jaguar,MaxPropRouter,107,256,jaguars_kmeans_16_centroids,0.8889,0.8888888888888888,864.8625,39.3125,3.7708
Jaguar,MaxPropRouter,109,256,jaguars_kmeans_16_centroids,0.9444,0.9444444444444444,909.2176,44.1176,4.2941
Jaguar,MaxPropRouter,113,256,jaguars_kmeans_16_centroids,0.8148,0.8148148148148148,1090.3659,49.7727,4.4545
Jaguar,MaxPropRouter,2,64,only_jaguars,0.9074,0.9074074074074074,1139.5755,38.6327,4.3469
Jaguar,MaxPropRouter,3,64,only_jaguars,0.7778,0.7777777777777778,1039.1476,51.7143,5.2381
Jaguar,MaxPropRouter,5,64,only_jaguars,0.9815,0.9814814814814815,917.0811,43.2264,4.1887
Jaguar,MaxPropRouter,7,64,only_jaguars,0.7593,0.7592592592592593,1040.4878,49.4634,4.6829
Jaguar,MaxPropRouter,11,64,only_jaguars,0.9259,0.9259259259259259,934.892,45.9,5.38
Jaguar,MaxPropRouter,13,64,only_jaguars,0.8889,0.8888888888888888,976.5021,50.0,4.8333
Jaguar,MaxPropRouter,23,64,only_jaguars,0.9259,0.9259259259259259,959.366,47.96,4.94
Jaguar,MaxPropRouter,29,64,only_jaguars,0.8148,0.8148148148148148,1062.8886,51.7045,4.8409
Jaguar,MaxPropRouter,31,64,only_jaguars,0.9815,0.9814814814814815,985.9208,42.1321,4.4151
Jaguar,MaxPropRouter,37,64,only_jaguars,0.8889,0.8888888888888888,953.2542,39.9792,4.0625
Jaguar,MaxPropRouter,41,64,only_jaguars,0.7407,0.7407407407407407,1164.7025,48.625,4.65
Jaguar,MaxPropRouter,43,64,only_jaguars,0.8889,0.8888888888888888,1121.175,45.0,5.3542
Jaguar,MaxPropRouter,47,64,only_jaguars,0.7963,0.7962962962962963,973.607,47.5581,4.6047
Jaguar,MaxPropRouter,53,64,only_jaguars,0.8889,0.8888888888888888,1001.4333,47.3958,5.875
Jaguar,MaxPropRouter,59,64,only_jaguars,0.8148,0.8148148148148148,1190.125,48.1591,4.8409
Jaguar,MaxPropRouter,61,64,only_jaguars,0.9074,0.9074074074074074,957.602,51.4694,4.5714
Jaguar,MaxPropRouter,67,64,only_jaguars,0.8148,0.8148148148148148,976.1386,54.4318,5.0
Jaguar,MaxPropRouter,71,64,only_jaguars,0.8333,0.8333333333333334,874.1844,54.7111,4.9111
Jaguar,MaxPropRouter,73,64,only_jaguars,0.8889,0.8888888888888888,950.1875,50.125,4.6458
Jaguar,MaxPropRouter,79,64,only_jaguars,0.9074,0.9074074074074074,1050.549,49.5306,4.8367
Jaguar,MaxPropRouter,83,64,only_jaguars,0.8704,0.8703703703703703,1030.266,49.0638,4.8085
Jaguar,MaxPropRouter,89,64,only_jaguars,0.9074,0.9074074074074074,965.398,56.2653,5.6735
Jaguar,MaxPropRouter,97,64,only_jaguars,0.8519,0.8518518518518519,799.3717,47.7391,3.7826
Jaguar,MaxPropRouter,101,64,only_jaguars,0.9444,0.9444444444444444,764.4255,44.4314,4.902
Jaguar,MaxPropRouter,103,64,only_jaguars,0.8333,0.8333333333333334,1052.5422,50.1111,4.7556
Jaguar,MaxPropRouter,107,64,only_jaguars,0.8889,0.8888888888888888,860.1438,39.5,3.9792
Jaguar,MaxPropRouter,109,64,only_jaguars,0.9444,0.9444444444444444,902.6373,44.1569,4.2941
Jaguar,MaxPropRouter,113,64,only_jaguars,0.8148,0.8148148148148148,1088.4295,50.75,4.5
Jaguar,MaxPropRouter,2,128,only_jaguars,0.9074,0.9074074074074074,1140.0184,39.1224,4.3469
Jaguar,MaxPropRouter,3,128,only_jaguars,0.7778,0.7777777777777778,1039.8548,51.5238,5.1905
Jaguar,MaxPropRouter,5,128,only_jaguars,0.9815,0.9814814814814815,918.2019,43.6415,4.2453
Jaguar,MaxPropRouter,7,128,only_jaguars,0.7593,0.7592592592592593,1040.9707,49.3171,4.6341
Jaguar,MaxPropRouter,11,128,only_jaguars,0.9259,0.9259259259259259,942.292,45.42,5.3
Jaguar,MaxPropRouter,13,128,only_jaguars,0.8889,0.8888888888888888,977.0,49.8333,4.8542
Jaguar,MaxPropRouter,17,128,only_jaguars,0.9074,0.9074074074074074,931.2408,48.102,4.8571
Jaguar,MaxPropRouter,19,128,only_jaguars,0.8704,0.8703703703703703,1078.0596,46.5319,4.5106
Jaguar,MaxPropRouter,23,128,only_jaguars,0.9259,0.9259259259259259,964.732,47.96,4.98
Jaguar,MaxPropRouter,29,128,only_jaguars,0.8148,0.8148148148148148,1063.4114,51.4545,4.8409
Jaguar,MaxPropRouter,31,128,only_jaguars,0.9815,0.9814814814814815,986.4566,42.3962,4.4528
Jaguar,MaxPropRouter,37,128,only_jaguars,0.8889,0.8888888888888888,953.6792,40.3333,3.9792
Jaguar,MaxPropRouter,41,128,only_jaguars,0.7407,0.7407407407407407,1165.2225,48.275,4.65
Jaguar,MaxPropRouter,43,128,only_jaguars,0.8889,0.8888888888888888,1121.7938,44.9375,5.375
Jaguar,MaxPropRouter,47,128,only_jaguars,0.7963,0.7962962962962963,974.2465,47.1628,4.6047
Jaguar,MaxPropRouter,53,128,only_jaguars,0.8889,0.8888888888888888,1002.0521,47.375,5.875
Jaguar,MaxPropRouter,59,128,only_jaguars,0.8148,0.8148148148148148,1190.5432,48.1136,4.8409
Jaguar,MaxPropRouter,61,128,only_jaguars,0.9074,0.9074074074074074,958.0469,53.0408,4.551
Jaguar,MaxPropRouter,67,128,only_jaguars,0.8148,0.8148148148148148,976.6477,53.9318,5.0
Jaguar,MaxPropRouter,71,128,only_jaguars,0.8333,0.8333333333333334,874.8689,54.3556,4.8889
Jaguar,MaxPropRouter,73,128,only_jaguars,0.8889,0.8888888888888888,950.8438,50.9375,4.625
Jaguar,MaxPropRouter,79,128,only_jaguars,0.9074,0.9074074074074074,1051.1347,49.5918,4.8776
Jaguar,MaxPropRouter,83,128,only_jaguars,0.8704,0.8703703703703703,1030.9468,48.9787,4.8298
Jaguar,MaxPropRouter,89,128,only_jaguars,0.9074,0.9074074074074074,966.3367,56.4694,5.7143
Jaguar,MaxPropRouter,97,128,only_jaguars,0.8519,0.8518518518518519,799.787,47.7391,3.7609
Jaguar,MaxPropRouter,101,128,only_jaguars,0.9444,0.9444444444444444,764.9529,44.5098,4.9412
Jaguar,MaxPropRouter,103,128,only_jaguars,0.8333,0.8333333333333334,1053.1756,50.2444,4.7556
Jaguar,MaxPropRouter,107,128,only_jaguars,0.8889,0.8888888888888888,860.5146,39.7083,3.9583
Jaguar,MaxPropRouter,109,128,only_jaguars,0.9444,0.9444444444444444,903.0706,44.0196,4.3333
Jaguar,MaxPropRouter,113,128,only_jaguars,0.8148,0.8148148148148148,1089.0227,50.8864,4.4545
Jaguar,MaxPropRouter,2,256,only_jaguars,0.9074,0.9074074074074074,1140.8449,38.7347,4.3673
Jaguar,MaxPropRouter,3,256,only_jaguars,0.7593,0.7592592592592593,1048.6366,51.4634,5.0488
Jaguar,MaxPropRouter,5,256,only_jaguars,0.9815,0.9814814814814815,938.3075,43.1887,4.2453
Jaguar,MaxPropRouter,7,256,only_jaguars,0.7593,0.7592592592592593,1041.9537,49.3902,4.6341
Jaguar,MaxPropRouter,11,256,only_jaguars,0.9259,0.9259259259259259,949.76,45.5,5.36
Jaguar,MaxPropRouter,13,256,only_jaguars,0.8889,0.8888888888888888,978.0458,49.5625,4.8333
Jaguar,MaxPropRouter,17,256,only_jaguars,0.9074,0.9074074074074074,932.4592,48.3878,4.8571
Jaguar,MaxPropRouter,19,256,only_jaguars,0.8704,0.8703703703703703,1107.1638,47.0638,4.617
Jaguar,MaxPropRouter,23,256,only_jaguars,0.9259,0.9259259259259259,981.684,47.78,4.86
Jaguar,MaxPropRouter,29,256,only_jaguars,0.8148,0.8148148148148148,1064.4295,50.9773,4.8409
Jaguar,MaxPropRouter,31,256,only_jaguars,0.9815,0.9814814814814815,987.9075,42.8491,4.3396
Jaguar,MaxPropRouter,37,256,only_jaguars,0.8889,0.8888888888888888,988.1875,39.6875,3.9792
Jaguar,MaxPropRouter,41,256,only_jaguars,0.7407,0.7407407407407407,1166.25,48.725,4.575
Jaguar,MaxPropRouter,43,256,only_jaguars,0.8889,0.8888888888888888,1123.1417,45.4167,5.375
Jaguar,MaxPropRouter,47,256,only_jaguars,0.7963,0.7962962962962963,984.607,46.8837,4.6047
Jaguar,MaxPropRouter,53,256,only_jaguars,0.8889,0.8888888888888888,1013.2021,46.9792,5.7917
Jaguar,MaxPropRouter,59,256,only_jaguars,0.8148,0.8148148148148148,1191.4159,48.2273,4.8409
Jaguar,MaxPropRouter,61,256,only_jaguars,0.9074,0.9074074074074074,962.4837,52.7143,4.4898
Jaguar,MaxPropRouter,67,256,only_jaguars,0.8148,0.8148148148148148,977.6909,54.3182,5.0227
Jaguar,MaxPropRouter,71,256,only_jaguars,0.8333,0.8333333333333334,876.14,53.8667,4.8889
Jaguar,MaxPropRouter,73,256,only_jaguars,0.8889,0.8888888888888888,952.1792,50.5625,4.6042
Jaguar,MaxPropRouter,79,256,only_jaguars,0.8889,0.8888888888888888,1018.2708,50.0625,4.9375
Jaguar,MaxPropRouter,83,256,only_jaguars,0.8704,0.8703703703703703,1032.1128,48.8085,4.766
Jaguar,MaxPropRouter,89,256,only_jaguars,0.9074,0.9074074074074074,981.0776,55.898,5.7551
Jaguar,MaxPropRouter,97,256,only_jaguars,0.8519,0.8518518518518519,800.6543,48.3478,3.8261
Jaguar,MaxPropRouter,101,256,only_jaguars,0.9444,0.9444444444444444,765.998,44.5882,4.9216
Jaguar,MaxPropRouter,103,256,only_jaguars,0.8333,0.8333333333333334,1054.5289,50.0444,4.7333
Jaguar,MaxPropRouter,107,256,only_jaguars,0.8889,0.8888888888888888,864.8625,39.3125,3.7708
Jaguar,MaxPropRouter,109,256,only_jaguars,0.9444,0.9444444444444444,909.2176,44.1176,4.2941
Jaguar,MaxPropRouter,113,256,only_jaguars,0.8148,0.8148148148148148,1090.3659,49.7727,4.4545
Jaguar,MaxPropRouter,2,64,only_jaguars_bilstm,0.9074,0.9074074074074074,1139.6027,38.4694,4.3469
Jaguar,MaxPropRouter,3,64,only_jaguars_bilstm,0.7778,0.7777777777777778,1039.0905,51.7381,5.1905
Jaguar,MaxPropRouter,5,64,only_jaguars_bilstm,0.9815,0.9814814814814815,917.1057,44.1321,4.1698
Jaguar,MaxPropRouter,7,64,only_jaguars_bilstm,0.7593,0.7592592592592593,1040.4902,49.4878,4.7073
Jaguar,MaxPropRouter,11,64,only_jaguars_bilstm,0.9259,0.9259259259259259,934.8123,45.32,5.38
Jaguar,MaxPropRouter,13,64,only_jaguars_bilstm,0.8889,0.8888888888888888,976.5292,50.5,4.8333
Jaguar,MaxPropRouter,17,64,only_jaguars_bilstm,0.9074,0.9074074074074074,930.6122,49.0,4.898
Jaguar,MaxPropRouter,19,64,only_jaguars_bilstm,0.8704,0.8703703703703703,1077.3404,46.8511,4.5106
Jaguar,MaxPropRouter,23,64,only_jaguars_bilstm,0.9259,0.9259259259259259,959.342,47.74,4.92
Jaguar,MaxPropRouter,29,64,only_jaguars_bilstm,0.8148,0.8148148148148148,1062.95,50.9545,4.8409
Jaguar,MaxPropRouter,31,64,only_jaguars_bilstm,0.9815,0.9814814814814815,985.8943,41.8679,4.4151
Jaguar,MaxPropRouter,37,64,only_jaguars_bilstm,0.8889,0.8888888888888888,953.2503,39.9583,4.0417
Jaguar,MaxPropRouter,41,64,only_jaguars_bilstm,0.7407,0.7407407407407407,1164.6825,49.275,4.65
Jaguar,MaxPropRouter,43,64,only_jaguars_bilstm,0.8889,0.8888888888888888,1121.125,44.75,5.3333
Jaguar,MaxPropRouter,47,64,only_jaguars_bilstm,0.7963,0.7962962962962963,973.7023,47.2093,4.6047
Jaguar,MaxPropRouter,53,64,only_jaguars_bilstm,0.8889,0.8888888888888888,1001.4604,47.875,5.8542
Jaguar,MaxPropRouter,59,64,only_jaguars_bilstm,0.8148,0.8148148148148148,1190.1364,49.0909,4.8636
Jaguar,MaxPropRouter,61,64,only_jaguars_bilstm,0.9074,0.9074074074074074,957.6592,50.2449,4.5306
Jaguar,MaxPropRouter,67,64,only_jaguars_bilstm,0.8148,0.8148148148148148,976.1545,53.5682,5.0
Jaguar,MaxPropRouter,71,64,only_jaguars_bilstm,0.8333,0.8333333333333334,874.2,54.5111,4.9111
Jaguar,MaxPropRouter,73,64,only_jaguars_bilstm,0.8889,0.8888888888888888,950.2271,51.3333,4.6042
Jaguar,MaxPropRouter,79,64,only_jaguars_bilstm,0.9074,0.9074074074074074,1050.5551,48.2245,4.8571
Jaguar,MaxPropRouter,83,64,only_jaguars_bilstm,0.8704,0.8703703703703703,1030.2106,49.4043,4.7447
Jaguar,MaxPropRouter,89,64,only_jaguars_bilstm,0.9074,0.9074074074074074,965.4224,57.449,5.6531
Jaguar,MaxPropRouter,97,64,only_jaguars_bilstm,0.8519,0.8518518518518519,799.3652,45.8478,3.7826
Jaguar,MaxPropRouter,101,64,only_jaguars_bilstm,0.9444,0.9444444444444444,764.4569,45.1176,4.9412
Jaguar,MaxPropRouter,103,64,only_jaguars_bilstm,0.8333,0.8333333333333334,1052.5733,51.0444,4.7111
Jaguar,MaxPropRouter,107,64,only_jaguars_bilstm,0.8889,0.8888888888888888,860.1271,39.8542,4.0
Jaguar,MaxPropRouter,109,64,only_jaguars_bilstm,0.9444,0.9444444444444444,902.6118,44.6471,4.2549
Jaguar,MaxPropRouter,113,64,only_jaguars_bilstm,0.8148,0.8148148148148148,1088.4409,49.9773,4.4773
Jaguar,MaxPropRouter,2,128,only_jaguars_bilstm,0.9074,0.9074074074074074,1140.0184,38.5714,4.3265
Jaguar,MaxPropRouter,3,128,only_jaguars_bilstm,0.7778,0.7777777777777778,1039.8643,51.3571,5.1429
Jaguar,MaxPropRouter,5,128,only_jaguars_bilstm,0.9815,0.9814814814814815,918.1698,44.7736,4.2642
Jaguar,MaxPropRouter,7,128,only_jaguars_bilstm,0.7593,0.7592592592592593,1040.9902,49.439,4.6341
Jaguar,MaxPropRouter,11,128,only_jaguars_bilstm,0.9259,0.9259259259259259,942.162,44.4,5.32
Jaguar,MaxPropRouter,13,128,only_jaguars_bilstm,0.8889,0.8888888888888888,977.0479,50.4167,4.8542
Jaguar,MaxPropRouter,17,128,only_jaguars_bilstm,0.9074,0.9074074074074074,931.2612,48.8163,4.8571
Jaguar,MaxPropRouter,19,128,only_jaguars_bilstm,0.8704,0.8703703703703703,1077.9851,46.7447,4.5106
Jaguar,MaxPropRouter,23,128,only_jaguars_bilstm,0.9259,0.9259259259259259,964.642,47.48,5.02
Jaguar,MaxPropRouter,29,128,only_jaguars_bilstm,0.8148,0.8148148148148148,1063.6091,50.8864,4.8409
Jaguar,MaxPropRouter,31,128,only_jaguars_bilstm,0.9815,0.9814814814814815,986.4415,42.1509,4.434
Jaguar,MaxPropRouter,37,128,only_jaguars_bilstm,0.8889,0.8888888888888888,953.7063,40.4792,3.9792
Jaguar,MaxPropRouter,41,128,only_jaguars_bilstm,0.7407,0.7407407407407407,1165.17,49.075,4.65
Jaguar,MaxPropRouter,43,128,only_jaguars_bilstm,0.8889,0.8888888888888888,1121.7625,44.9792,5.375
Jaguar,MaxPropRouter,47,128,only_jaguars_bilstm,0.7963,0.7962962962962963,974.3279,47.0,4.6279
Jaguar,MaxPropRouter,53,128,only_jaguars_bilstm,0.8889,0.8888888888888888,1011.9604,48.0208,5.7917
Jaguar,MaxPropRouter,59,128,only_jaguars_bilstm,0.8148,0.8148148148148148,1190.5909,48.75,4.8409
Jaguar,MaxPropRouter,61,128,only_jaguars_bilstm,0.9074,0.9074074074074074,958.1796,51.6939,4.5918
Jaguar,MaxPropRouter,67,128,only_jaguars_bilstm,0.8148,0.8148148148148148,976.6977,53.6364,5.0227
Jaguar,MaxPropRouter,71,128,only_jaguars_bilstm,0.8333,0.8333333333333334,874.8578,53.8889,4.8889
Jaguar,MaxPropRouter,73,128,only_jaguars_bilstm,0.8889,0.8888888888888888,950.8958,50.6875,4.625
Jaguar,MaxPropRouter,79,128,only_jaguars_bilstm,0.9074,0.9074074074074074,1051.1265,48.2449,4.8776
Jaguar,MaxPropRouter,83,128,only_jaguars_bilstm,0.8704,0.8703703703703703,1030.8,49.1277,4.766
Jaguar,MaxPropRouter,89,128,only_jaguars_bilstm,0.9074,0.9074074074074074,966.2531,57.0816,5.7347
Jaguar,MaxPropRouter,97,128,only_jaguars_bilstm,0.8519,0.8518518518518519,799.7978,45.6957,3.7609
Jaguar,MaxPropRouter,101,128,only_jaguars_bilstm,0.9444,0.9444444444444444,764.9725,44.8824,4.9412
Jaguar,MaxPropRouter,103,128,only_jaguars_bilstm,0.8333,0.8333333333333334,1053.2267,50.7778,4.7556
Jaguar,MaxPropRouter,107,128,only_jaguars_bilstm,0.8889,0.8888888888888888,860.4875,39.6875,3.9583
Jaguar,MaxPropRouter,109,128,only_jaguars_bilstm,0.9444,0.9444444444444444,903.0118,44.9412,4.3137
Jaguar,MaxPropRouter,113,128,only_jaguars_bilstm,0.8148,0.8148148148148148,1088.9977,49.7955,4.4545
Jaguar,MaxPropRouter,2,256,only_jaguars_bilstm,0.9074,0.9074074074074074,1140.8429,38.5714,4.3265
Jaguar,MaxPropRouter,3,256,only_jaguars_bilstm,0.7593,0.7592592592592593,1048.3122,51.3171,5.0976
Jaguar,MaxPropRouter,5,256,only_jaguars_bilstm,0.9815,0.9814814814814815,938.2811,44.0755,4.2264
Jaguar,MaxPropRouter,7,256,only_jaguars_bilstm,0.7593,0.7592592592592593,1041.9585,49.4634,4.6341
Jaguar,MaxPropRouter,11,256,only_jaguars_bilstm,0.9259,0.9259259259259259,946.69,44.18,5.34
Jaguar,MaxPropRouter,13,256,only_jaguars_bilstm,0.8889,0.8888888888888888,978.1104,50.1458,4.875
Jaguar,MaxPropRouter,17,256,only_jaguars_bilstm,0.9074,0.9074074074074074,932.5041,48.4082,4.8571
Jaguar,MaxPropRouter,19,256,only_jaguars_bilstm,0.8704,0.8703703703703703,1107.166,47.6596,4.6596
Jaguar,MaxPropRouter,23,256,only_jaguars_bilstm,0.9259,0.9259259259259259,981.56,46.9,4.9
Jaguar,MaxPropRouter,29,256,only_jaguars_bilstm,0.8148,0.8148148148148148,1067.3409,50.7045,4.75
Jaguar,MaxPropRouter,31,256,only_jaguars_bilstm,0.9815,0.9814814814814815,987.7906,42.4906,4.3396
Jaguar,MaxPropRouter,37,256,only_jaguars_bilstm,0.8889,0.8888888888888888,988.2104,39.4792,4.0
Jaguar,MaxPropRouter,41,256,only_jaguars_bilstm,0.7407,0.7407407407407407,1166.2425,49.15,4.65
Jaguar,MaxPropRouter,43,256,only_jaguars_bilstm,0.8889,0.8888888888888888,1123.1208,45.25,5.4167
Jaguar,MaxPropRouter,47,256,only_jaguars_bilstm,0.7963,0.7962962962962963,984.807,47.093,4.5814
Jaguar,MaxPropRouter,53,256,only_jaguars_bilstm,0.8889,0.8888888888888888,1013.2208,47.5417,5.7708
Jaguar,MaxPropRouter,59,256,only_jaguars_bilstm,0.8148,0.8148148148148148,1191.5,49.1136,4.8636
Jaguar,MaxPropRouter,61,256,only_jaguars_bilstm,0.9074,0.9074074074074074,962.6735,52.2857,4.5102
Jaguar,MaxPropRouter,67,256,only_jaguars_bilstm,0.8148,0.8148148148148148,977.7432,53.5,5.0
Jaguar,MaxPropRouter,71,256,only_jaguars_bilstm,0.8333,0.8333333333333334,876.2267,53.0222,4.8889
Jaguar,MaxPropRouter,73,256,only_jaguars_bilstm,0.8889,0.8888888888888888,952.2458,51.0833,4.6042
Jaguar,MaxPropRouter,79,256,only_jaguars_bilstm,0.8889,0.8888888888888888,1018.2792,48.8958,4.9167
Jaguar,MaxPropRouter,83,256,only_jaguars_bilstm,0.8704,0.8703703703703703,1032.0277,48.7234,4.7872
Jaguar,MaxPropRouter,89,256,only_jaguars_bilstm,0.9074,0.9074074074074074,980.9245,56.7143,5.7551
Jaguar,MaxPropRouter,97,256,only_jaguars_bilstm,0.8519,0.8518518518518519,800.6435,46.6739,3.8478
Jaguar,MaxPropRouter,101,256,only_jaguars_bilstm,0.9444,0.9444444444444444,766.0157,44.9804,4.9216
Jaguar,MaxPropRouter,103,256,only_jaguars_bilstm,0.8333,0.8333333333333334,1054.5933,50.7556,4.7333
Jaguar,MaxPropRouter,107,256,only_jaguars_bilstm,0.8889,0.8888888888888888,864.8271,39.375,3.7917
Jaguar,MaxPropRouter,109,256,only_jaguars_bilstm,0.9444,0.9444444444444444,909.1451,45.4314,4.2745
Jaguar,MaxPropRouter,113,256,only_jaguars_bilstm,0.8148,0.8148148148148148,1090.2955,48.9773,4.4318
Jaguar,ProphetRouter,2,64,jaguar_16_centroids_kmeans_bilstm,0.6852,0.6851851851851852,1253.9386,20.5405,2.4865
Jaguar,ProphetRouter,3,64,jaguar_16_centroids_kmeans_bilstm,0.5741,0.5740740740740741,1278.0161,27.7742,2.9355
Jaguar,ProphetRouter,5,64,jaguar_16_centroids_kmeans_bilstm,0.7593,0.7592592592592593,1090.3634,20.4146,2.3171
Jaguar,ProphetRouter,7,64,jaguar_16_centroids_kmeans_bilstm,0.5556,0.5555555555555556,1292.1933,21.9,2.6333
Jaguar,ProphetRouter,11,64,jaguar_16_centroids_kmeans_bilstm,0.7037,0.7037037037037037,1224.8989,22.7105,2.7105
Jaguar,ProphetRouter,13,64,jaguar_16_centroids_kmeans_bilstm,0.7407,0.7407407407407407,1295.7,23.575,2.625
Jaguar,ProphetRouter,17,64,jaguar_16_centroids_kmeans_bilstm,0.6852,0.6851851851851852,1259.4305,21.7838,2.8108
Jaguar,ProphetRouter,19,64,jaguar_16_centroids_kmeans_bilstm,0.6296,0.6296296296296297,1195.395,26.0,3.1176
Jaguar,ProphetRouter,23,64,jaguar_16_centroids_kmeans_bilstm,0.7222,0.7222222222222222,1376.5821,20.8974,2.7692
Jaguar,ProphetRouter,29,64,jaguar_16_centroids_kmeans_bilstm,0.6481,0.6481481481481481,1308.8114,27.0857,2.6
Jaguar,ProphetRouter,31,64,jaguar_16_centroids_kmeans_bilstm,0.6481,0.6481481481481481,1280.8018,24.0857,2.8857
Jaguar,ProphetRouter,37,64,jaguar_16_centroids_kmeans_bilstm,0.6667,0.6666666666666666,1094.968,21.4444,2.7778
Jaguar,ProphetRouter,41,64,jaguar_16_centroids_kmeans_bilstm,0.4815,0.48148148148148145,1345.8429,24.7308,2.7692
Jaguar,ProphetRouter,43,64,jaguar_16_centroids_kmeans_bilstm,0.6296,0.6296296296296297,1333.5147,26.9118,3.3824
Jaguar,ProphetRouter,47,64,jaguar_16_centroids_kmeans_bilstm,0.6852,0.6851851851851852,1268.7243,22.4324,2.5946
Jaguar,ProphetRouter,53,64,jaguar_16_centroids_kmeans_bilstm,0.7037,0.7037037037037037,1553.443,22.7895,3.0526
Jaguar,ProphetRouter,59,64,jaguar_16_centroids_kmeans_bilstm,0.5926,0.5925925925925926,1236.5416,27.75,2.5938
Jaguar,ProphetRouter,61,64,jaguar_16_centroids_kmeans_bilstm,0.7407,0.7407407407407407,1320.7458,23.925,3.125
Jaguar,ProphetRouter,67,64,jaguar_16_centroids_kmeans_bilstm,0.6667,0.6666666666666666,1175.1556,24.5278,3.5278
Jaguar,ProphetRouter,71,64,jaguar_16_centroids_kmeans_bilstm,0.6296,0.6296296296296297,1246.419,28.3824,3.1765
Jaguar,ProphetRouter,73,64,jaguar_16_centroids_kmeans_bilstm,0.7407,0.7407407407407407,1337.4408,23.05,3.125
Jaguar,ProphetRouter,79,64,jaguar_16_centroids_kmeans_bilstm,0.7222,0.7222222222222222,1454.6897,24.1538,3.0256
Jaguar,ProphetRouter,83,64,jaguar_16_centroids_kmeans_bilstm,0.6852,0.6851851851851852,1218.227,20.7838,2.5946
Jaguar,ProphetRouter,89,64,jaguar_16_centroids_kmeans_bilstm,0.6667,0.6666666666666666,1195.3616,29.2778,2.9722
Jaguar,ProphetRouter,97,64,jaguar_16_centroids_kmeans_bilstm,0.7037,0.7037037037037037,925.9053,25.9211,2.7368
Jaguar,ProphetRouter,101,64,jaguar_16_centroids_kmeans_bilstm,0.7963,0.7962962962962963,910.5053,25.0465,2.814
Jaguar,ProphetRouter,103,64,jaguar_16_centroids_kmeans_bilstm,0.5741,0.5740740740740741,1187.13,31.0323,3.1935
Jaguar,ProphetRouter,107,64,jaguar_16_centroids_kmeans_bilstm,0.7222,0.7222222222222222,1004.4795,22.0513,2.5641
Jaguar,ProphetRouter,109,64,jaguar_16_centroids_kmeans_bilstm,0.7593,0.7592592592592593,1092.1195,19.561,2.7805
Jaguar,ProphetRouter,113,64,jaguar_16_centroids_kmeans_bilstm,0.537,0.5370370370370371,1422.277,30.1724,3.0
Jaguar,ProphetRouter,2,128,jaguar_16_centroids_kmeans_bilstm,0.6852,0.6851851851851852,1254.3595,20.5405,2.4595
Jaguar,ProphetRouter,3,128,jaguar_16_centroids_kmeans_bilstm,0.5741,0.5740740740740741,1278.4935,27.7742,2.9355
Jaguar,ProphetRouter,5,128,jaguar_16_centroids_kmeans_bilstm,0.7593,0.7592592592592593,1090.7,20.4146,2.3171
Jaguar,ProphetRouter,7,128,jaguar_16_centroids_kmeans_bilstm,0.5556,0.5555555555555556,1292.57,21.9,2.6333
Jaguar,ProphetRouter,11,128,jaguar_16_centroids_kmeans_bilstm,0.7037,0.7037037037037037,1225.3043,22.7105,2.7105
Jaguar,ProphetRouter,13,128,jaguar_16_centroids_kmeans_bilstm,0.7407,0.7407407407407407,1296.195,23.575,2.6
Jaguar,ProphetRouter,17,128,jaguar_16_centroids_kmeans_bilstm,0.6852,0.6851851851851852,1259.8207,21.7568,2.8108
Jaguar,ProphetRouter,19,128,jaguar_16_centroids_kmeans_bilstm,0.6296,0.6296296296296297,1195.8147,25.9412,3.0588
Jaguar,ProphetRouter,23,128,jaguar_16_centroids_kmeans_bilstm,0.7222,0.7222222222222222,1376.9744,20.8462,2.8205
Jaguar,ProphetRouter,29,128,jaguar_16_centroids_kmeans_bilstm,0.6481,0.6481481481481481,1309.22,27.0571,2.6
Jaguar,ProphetRouter,31,128,jaguar_16_centroids_kmeans_bilstm,0.6481,0.6481481481481481,1281.2099,24.0286,2.9143
Jaguar,ProphetRouter,37,128,jaguar_16_centroids_kmeans_bilstm,0.6667,0.6666666666666666,1095.3806,21.4444,2.7778
Jaguar,ProphetRouter,41,128,jaguar_16_centroids_kmeans_bilstm,0.4815,0.48148148148148145,1352.5672,24.5769,2.6538
Jaguar,ProphetRouter,43,128,jaguar_16_centroids_kmeans_bilstm,0.6296,0.6296296296296297,1333.9853,26.8824,3.3529
Jaguar,ProphetRouter,47,128,jaguar_16_centroids_kmeans_bilstm,0.6852,0.6851851851851852,1269.1784,22.4324,2.5946
Jaguar,ProphetRouter,53,128,jaguar_16_centroids_kmeans_bilstm,0.7037,0.7037037037037037,1553.8763,22.7895,3.0789
Jaguar,ProphetRouter,59,128,jaguar_16_centroids_kmeans_bilstm,0.5926,0.5925925925925926,1236.9969,27.75,2.5938
Jaguar,ProphetRouter,61,128,jaguar_16_centroids_kmeans_bilstm,0.7407,0.7407407407407407,1321.1725,23.925,3.075
Jaguar,ProphetRouter,67,128,jaguar_16_centroids_kmeans_bilstm,0.6667,0.6666666666666666,1175.7167,24.5278,3.5278
Jaguar,ProphetRouter,71,128,jaguar_16_centroids_kmeans_bilstm,0.6296,0.6296296296296297,1246.8235,28.2941,3.1765
Jaguar,ProphetRouter,73,128,jaguar_16_centroids_kmeans_bilstm,0.7407,0.7407407407407407,1337.9725,23.05,3.125
Jaguar,ProphetRouter,79,128,jaguar_16_centroids_kmeans_bilstm,0.7222,0.7222222222222222,1455.1769,24.0769,3.0256
Jaguar,ProphetRouter,83,128,jaguar_16_centroids_kmeans_bilstm,0.6852,0.6851851851851852,1218.7135,20.7838,2.5946
Jaguar,ProphetRouter,89,128,jaguar_16_centroids_kmeans_bilstm,0.6667,0.6666666666666666,1195.7333,29.2778,2.9167
Jaguar,ProphetRouter,97,128,jaguar_16_centroids_kmeans_bilstm,0.7037,0.7037037037037037,926.2921,25.9211,2.7368
Jaguar,ProphetRouter,101,128,jaguar_16_centroids_kmeans_bilstm,0.7963,0.7962962962962963,910.9512,25.0465,2.814
Jaguar,ProphetRouter,103,128,jaguar_16_centroids_kmeans_bilstm,0.5741,0.5740740740740741,1187.5,31.0323,3.1935
Jaguar,ProphetRouter,107,128,jaguar_16_centroids_kmeans_bilstm,0.7222,0.7222222222222222,1004.9499,22.0513,2.5385
Jaguar,ProphetRouter,109,128,jaguar_16_centroids_kmeans_bilstm,0.7593,0.7592592592592593,1092.4805,19.4878,2.7805
Jaguar,ProphetRouter,113,128,jaguar_16_centroids_kmeans_bilstm,0.537,0.5370370370370371,1422.731,30.1724,3.0
Jaguar,ProphetRouter,2,256,jaguar_16_centroids_kmeans_bilstm,0.6852,0.6851851851851852,1255.1405,20.5405,2.4595
Jaguar,ProphetRouter,3,256,jaguar_16_centroids_kmeans_bilstm,0.5741,0.5740740740740741,1311.1645,27.5484,2.8387
Jaguar,ProphetRouter,5,256,jaguar_16_centroids_kmeans_bilstm,0.7593,0.7592592592592593,1091.4146,20.2683,2.2927
Jaguar,ProphetRouter,7,256,jaguar_16_centroids_kmeans_bilstm,0.5556,0.5555555555555556,1293.3067,21.8333,2.6333
Jaguar,ProphetRouter,11,256,jaguar_16_centroids_kmeans_bilstm,0.7037,0.7037037037037037,1226.0842,22.6316,2.7105
Jaguar,ProphetRouter,13,256,jaguar_16_centroids_kmeans_bilstm,0.7222,0.7222222222222222,1290.9974,24.0256,2.5641
Jaguar,ProphetRouter,17,256,jaguar_16_centroids_kmeans_bilstm,0.6852,0.6851851851851852,1260.5622,21.7568,2.8108
Jaguar,ProphetRouter,19,256,jaguar_16_centroids_kmeans_bilstm,0.6296,0.6296296296296297,1197.0647,25.9118,3.1176
Jaguar,ProphetRouter,23,256,jaguar_16_centroids_kmeans_bilstm,0.7222,0.7222222222222222,1377.8,20.6923,2.7692
Jaguar,ProphetRouter,29,256,jaguar_16_centroids_kmeans_bilstm,0.6481,0.6481481481481481,1310.0857,26.7714,2.6
Jaguar,ProphetRouter,31,256,jaguar_16_centroids_kmeans_bilstm,0.6481,0.6481481481481481,1282.0429,23.9714,2.8857
Jaguar,ProphetRouter,37,256,jaguar_16_centroids_kmeans_bilstm,0.6667,0.6666666666666666,1096.175,21.4444,2.7778
Jaguar,ProphetRouter,41,256,jaguar_16_centroids_kmeans_bilstm,0.4815,0.48148148148148145,1353.2308,24.5769,2.6154
Jaguar,ProphetRouter,43,256,jaguar_16_centroids_kmeans_bilstm,0.6296,0.6296296296296297,1334.8382,26.3529,3.3529
Jaguar,ProphetRouter,47,256,jaguar_16_centroids_kmeans_bilstm,0.6852,0.6851851851851852,1270.0757,22.4324,2.5946
Jaguar,ProphetRouter,53,256,jaguar_16_centroids_kmeans_bilstm,0.7037,0.7037037037037037,1554.6132,22.7895,3.0526
Jaguar,ProphetRouter,59,256,jaguar_16_centroids_kmeans_bilstm,0.5926,0.5925925925925926,1237.7151,27.75,2.5938
Jaguar,ProphetRouter,61,256,jaguar_16_centroids_kmeans_bilstm,0.7407,0.7407407407407407,1326.34,23.925,3.1
Jaguar,ProphetRouter,67,256,jaguar_16_centroids_kmeans_bilstm,0.6667,0.6666666666666666,1180.8083,24.4444,3.3889
Jaguar,ProphetRouter,71,256,jaguar_16_centroids_kmeans_bilstm,0.6296,0.6296296296296297,1247.7176,28.2941,3.1765
Jaguar,ProphetRouter,73,256,jaguar_16_centroids_kmeans_bilstm,0.7407,0.7407407407407407,1338.9675,22.825,3.1
Jaguar,ProphetRouter,79,256,jaguar_16_centroids_kmeans_bilstm,0.7222,0.7222222222222222,1456.1795,23.9487,3.0513
Jaguar,ProphetRouter,83,256,jaguar_16_centroids_kmeans_bilstm,0.6852,0.6851851851851852,1219.7162,20.7838,2.5946
Jaguar,ProphetRouter,89,256,jaguar_16_centroids_kmeans_bilstm,0.6667,0.6666666666666666,1196.5417,29.0,2.8611
Jaguar,ProphetRouter,97,256,jaguar_16_centroids_kmeans_bilstm,0.7037,0.7037037037037037,927.1026,25.7895,2.7368
Jaguar,ProphetRouter,101,256,jaguar_16_centroids_kmeans_bilstm,0.7963,0.7962962962962963,911.8767,25.0,2.8372
Jaguar,ProphetRouter,103,256,jaguar_16_centroids_kmeans_bilstm,0.5741,0.5740740740740741,1188.1871,31.0323,3.1935
Jaguar,ProphetRouter,107,256,jaguar_16_centroids_kmeans_bilstm,0.7222,0.7222222222222222,1005.8487,22.0513,2.5385
Jaguar,ProphetRouter,109,256,jaguar_16_centroids_kmeans_bilstm,0.7593,0.7592592592592593,1093.2098,19.4634,2.7317
Jaguar,ProphetRouter,113,256,jaguar_16_centroids_kmeans_bilstm,0.537,0.5370370370370371,1423.5724,30.0,3.0
Jaguar,ProphetRouter,2,64,jaguars_kmeans_16_centroids,0.7222,0.7222222222222222,1238.9974,22.2564,2.4103
Jaguar,ProphetRouter,3,64,jaguars_kmeans_16_centroids,0.5926,0.5925925925925926,1316.2156,26.7813,2.75
Jaguar,ProphetRouter,5,64,jaguars_kmeans_16_centroids,0.7778,0.7777777777777778,1060.6595,22.7857,3.0
Jaguar,ProphetRouter,7,64,jaguars_kmeans_16_centroids,0.6852,0.6851851851851852,1327.0324,20.8649,3.3243
Jaguar,ProphetRouter,11,64,jaguars_kmeans_16_centroids,0.7037,0.7037037037037037,1258.4895,23.5526,3.0
Jaguar,ProphetRouter,13,64,jaguars_kmeans_16_centroids,0.7037,0.7037037037037037,1182.3921,25.5789,2.8158
Jaguar,ProphetRouter,17,64,jaguars_kmeans_16_centroids,0.7407,0.7407407407407407,1147.2125,22.625,3.125
Jaguar,ProphetRouter,19,64,jaguars_kmeans_16_centroids,0.7407,0.7407407407407407,1213.3375,24.7,3.3
Jaguar,ProphetRouter,23,64,jaguars_kmeans_16_centroids,0.8148,0.8148148148148148,1399.8455,20.75,2.75
Jaguar,ProphetRouter,29,64,jaguars_kmeans_16_centroids,0.6667,0.6666666666666666,1203.6278,25.7222,2.6944
Jaguar,ProphetRouter,31,64,jaguars_kmeans_16_centroids,0.7222,0.7222222222222222,1290.1846,23.5641,3.0769
Jaguar,ProphetRouter,37,64,jaguars_kmeans_16_centroids,0.6667,0.6666666666666666,1132.6694,23.0833,2.6389
Jaguar,ProphetRouter,41,64,jaguars_kmeans_16_centroids,0.4815,0.48148148148148145,1348.3077,25.9231,2.7308
Jaguar,ProphetRouter,43,64,jaguars_kmeans_16_centroids,0.6481,0.6481481481481481,1258.5543,25.6286,3.6571
Jaguar,ProphetRouter,47,64,jaguars_kmeans_16_centroids,0.7222,0.7222222222222222,1180.3333,22.8462,2.6667
Jaguar,ProphetRouter,53,64,jaguars_kmeans_16_centroids,0.7407,0.7407407407407407,1428.8425,23.45,3.425
Jaguar,ProphetRouter,59,64,jaguars_kmeans_16_centroids,0.7037,0.7037037037037037,1319.3368,26.3947,3.0263
Jaguar,ProphetRouter,61,64,jaguars_kmeans_16_centroids,0.7963,0.7962962962962963,1221.9372,24.907,3.5116
Jaguar,ProphetRouter,67,64,jaguars_kmeans_16_centroids,0.6667,0.6666666666666666,1231.4556,26.9167,3.1111
Jaguar,ProphetRouter,71,64,jaguars_kmeans_16_centroids,0.7222,0.7222222222222222,1231.659,25.3333,4.0
Jaguar,ProphetRouter,73,64,jaguars_kmeans_16_centroids,0.7407,0.7407407407407407,1147.9725,26.425,3.025
Jaguar,ProphetRouter,79,64,jaguars_kmeans_16_centroids,0.8148,0.8148148148148148,1330.3045,24.8864,3.1364
Jaguar,ProphetRouter,83,64,jaguars_kmeans_16_centroids,0.7037,0.7037037037037037,1239.2,22.0,2.8421
Jaguar,ProphetRouter,89,64,jaguars_kmeans_16_centroids,0.7593,0.7592592592592593,1127.3561,28.5366,3.5854
Jaguar,ProphetRouter,97,64,jaguars_kmeans_16_centroids,0.7963,0.7962962962962963,955.6698,23.814,2.814
Jaguar,ProphetRouter,101,64,jaguars_kmeans_16_centroids,0.9074,0.9074074074074074,1001.7735,24.1224,3.2041
Jaguar,ProphetRouter,103,64,jaguars_kmeans_16_centroids,0.7222,0.7222222222222222,1190.7128,26.641,3.6667
Jaguar,ProphetRouter,107,64,jaguars_kmeans_16_centroids,0.8333,0.8333333333333334,1110.7933,19.7111,2.6444
Jaguar,ProphetRouter,109,64,jaguars_kmeans_16_centroids,0.7407,0.7407407407407407,1066.025,23.025,3.1
Jaguar,ProphetRouter,113,64,jaguars_kmeans_16_centroids,0.5926,0.5925925925925926,1348.1781,31.625,3.1875
Jaguar,ProphetRouter,2,128,jaguars_kmeans_16_centroids,0.7222,0.7222222222222222,1243.0179,22.2308,2.4103
Jaguar,ProphetRouter,3,128,jaguars_kmeans_16_centroids,0.5926,0.5925925925925926,1316.7438,26.7813,2.8438
Jaguar,ProphetRouter,5,128,jaguars_kmeans_16_centroids,0.7778,0.7777777777777778,1061.1738,22.7857,3.0
Jaguar,ProphetRouter,7,128,jaguars_kmeans_16_centroids,0.6852,0.6851851851851852,1327.4838,20.8649,3.2973
Jaguar,ProphetRouter,11,128,jaguars_kmeans_16_centroids,0.7037,0.7037037037037037,1258.9421,23.5263,3.0
Jaguar,ProphetRouter,13,128,jaguars_kmeans_16_centroids,0.7037,0.7037037037037037,1182.8026,25.5526,2.7895
Jaguar,ProphetRouter,17,128,jaguars_kmeans_16_centroids,0.7407,0.7407407407407407,1147.695,22.6,3.125
Jaguar,ProphetRouter,19,128,jaguars_kmeans_16_centroids,0.7407,0.7407407407407407,1213.7675,24.7,3.25
Jaguar,ProphetRouter,23,128,jaguars_kmeans_16_centroids,0.8148,0.8148148148148148,1400.3659,20.75,2.7273
Jaguar,ProphetRouter,29,128,jaguars_kmeans_16_centroids,0.6667,0.6666666666666666,1204.0639,25.6667,2.6944
Jaguar,ProphetRouter,31,128,jaguars_kmeans_16_centroids,0.7037,0.7037037037037037,1276.6947,23.9211,3.0789
Jaguar,ProphetRouter,37,128,jaguars_kmeans_16_centroids,0.6667,0.6666666666666666,1133.0528,23.0833,2.6389
Jaguar,ProphetRouter,41,128,jaguars_kmeans_16_centroids,0.4815,0.48148148148148145,1348.6038,25.9231,2.7308
Jaguar,ProphetRouter,43,128,jaguars_kmeans_16_centroids,0.6481,0.6481481481481481,1259.1971,25.6286,3.6571
Jaguar,ProphetRouter,47,128,jaguars_kmeans_16_centroids,0.7222,0.7222222222222222,1180.8128,22.8462,2.6667
Jaguar,ProphetRouter,53,128,jaguars_kmeans_16_centroids,0.7407,0.7407407407407407,1429.255,23.425,3.425
Jaguar,ProphetRouter,59,128,jaguars_kmeans_16_centroids,0.7037,0.7037037037037037,1319.7158,26.3947,3.0526
Jaguar,ProphetRouter,61,128,jaguars_kmeans_16_centroids,0.7963,0.7962962962962963,1257.0186,24.907,3.4651
Jaguar,ProphetRouter,67,128,jaguars_kmeans_16_centroids,0.6667,0.6666666666666666,1231.9167,26.9167,3.0833
Jaguar,ProphetRouter,71,128,jaguars_kmeans_16_centroids,0.7222,0.7222222222222222,1232.1949,25.3077,4.0
Jaguar,ProphetRouter,73,128,jaguars_kmeans_16_centroids,0.7407,0.7407407407407407,1148.6225,26.4,3.075
Jaguar,ProphetRouter,79,128,jaguars_kmeans_16_centroids,0.8148,0.8148148148148148,1330.8273,24.8864,3.1591
Jaguar,ProphetRouter,83,128,jaguars_kmeans_16_centroids,0.7037,0.7037037037037037,1239.7526,22.0,2.8421
Jaguar,ProphetRouter,89,128,jaguars_kmeans_16_centroids,0.7593,0.7592592592592593,1128.0024,28.6098,3.561
Jaguar,ProphetRouter,97,128,jaguars_kmeans_16_centroids,0.7963,0.7962962962962963,956.1349,23.814,2.814
Jaguar,ProphetRouter,101,128,jaguars_kmeans_16_centroids,0.9074,0.9074074074074074,1002.349,24.102,3.2041
Jaguar,ProphetRouter,103,128,jaguars_kmeans_16_centroids,0.7222,0.7222222222222222,1191.1795,26.641,3.6667
Jaguar,ProphetRouter,107,128,jaguars_kmeans_16_centroids,0.8333,0.8333333333333334,1111.2467,19.7111,2.5778
Jaguar,ProphetRouter,109,128,jaguars_kmeans_16_centroids,0.7407,0.7407407407407407,1066.6025,23.025,3.075
Jaguar,ProphetRouter,113,128,jaguars_kmeans_16_centroids,0.5926,0.5925925925925926,1348.6938,31.625,3.1563
Jaguar,ProphetRouter,2,256,jaguars_kmeans_16_centroids,0.7222,0.7222222222222222,1243.7667,22.1282,2.3846
Jaguar,ProphetRouter,3,256,jaguars_kmeans_16_centroids,0.5926,0.5925925925925926,1317.85,26.75,2.7188
Jaguar,ProphetRouter,5,256,jaguars_kmeans_16_centroids,0.7778,0.7777777777777778,1062.3095,22.6429,2.9762
Jaguar,ProphetRouter,7,256,jaguars_kmeans_16_centroids,0.6852,0.6851851851851852,1328.3973,20.7838,3.2973
Jaguar,ProphetRouter,11,256,jaguars_kmeans_16_centroids,0.7037,0.7037037037037037,1259.8789,23.5263,3.0526
Jaguar,ProphetRouter,13,256,jaguars_kmeans_16_centroids,0.6852,0.6851851851851852,1174.0892,26.2432,2.7568
Jaguar,ProphetRouter,17,256,jaguars_kmeans_16_centroids,0.7407,0.7407407407407407,1148.545,22.6,3.125
Jaguar,ProphetRouter,19,256,jaguars_kmeans_16_centroids,0.7407,0.7407407407407407,1214.6275,24.675,3.3
Jaguar,ProphetRouter,23,256,jaguars_kmeans_16_centroids,0.8148,0.8148148148148148,1401.4545,20.7273,2.75
Jaguar,ProphetRouter,29,256,jaguars_kmeans_16_centroids,0.6667,0.6666666666666666,1204.9722,25.4722,2.6667
Jaguar,ProphetRouter,31,256,jaguars_kmeans_16_centroids,0.7037,0.7037037037037037,1277.6368,23.7632,3.0789
Jaguar,ProphetRouter,37,256,jaguars_kmeans_16_centroids,0.6667,0.6666666666666666,1133.8056,23.0833,2.6389
Jaguar,ProphetRouter,41,256,jaguars_kmeans_16_centroids,0.4815,0.48148148148148145,1349.2154,25.8846,2.7308
Jaguar,ProphetRouter,43,256,jaguars_kmeans_16_centroids,0.6481,0.6481481481481481,1275.9171,25.5429,3.5714
Jaguar,ProphetRouter,47,256,jaguars_kmeans_16_centroids,0.7222,0.7222222222222222,1181.7744,22.7949,2.6667
Jaguar,ProphetRouter,53,256,jaguars_kmeans_16_centroids,0.7407,0.7407407407407407,1430.1525,23.4,3.425
Jaguar,ProphetRouter,59,256,jaguars_kmeans_16_centroids,0.7037,0.7037037037037037,1320.5158,26.3947,3.0263
Jaguar,ProphetRouter,61,256,jaguars_kmeans_16_centroids,0.7963,0.7962962962962963,1264.2023,24.814,3.3256
Jaguar,ProphetRouter,67,256,jaguars_kmeans_16_centroids,0.6667,0.6666666666666666,1232.9056,26.8889,3.0833
Jaguar,ProphetRouter,71,256,jaguars_kmeans_16_centroids,0.7222,0.7222222222222222,1233.2051,25.3077,4.0
Jaguar,ProphetRouter,73,256,jaguars_kmeans_16_centroids,0.7407,0.7407407407407407,1155.225,26.375,3.1
Jaguar,ProphetRouter,79,256,jaguars_kmeans_16_centroids,0.8148,0.8148148148148148,1331.8205,24.8864,3.1364
Jaguar,ProphetRouter,83,256,jaguars_kmeans_16_centroids,0.7037,0.7037037037037037,1240.9211,22.0,2.8421
Jaguar,ProphetRouter,89,256,jaguars_kmeans_16_centroids,0.7593,0.7592592592592593,1129.1073,28.6098,3.6098
Jaguar,ProphetRouter,97,256,jaguars_kmeans_16_centroids,0.7963,0.7962962962962963,957.1581,23.7907,2.814
Jaguar,ProphetRouter,101,256,jaguars_kmeans_16_centroids,0.9074,0.9074074074074074,1003.4,24.102,3.2041
Jaguar,ProphetRouter,103,256,jaguars_kmeans_16_centroids,0.7222,0.7222222222222222,1192.1538,26.5641,3.641
Jaguar,ProphetRouter,107,256,jaguars_kmeans_16_centroids,0.8333,0.8333333333333334,1112.1244,19.6222,2.6222
Jaguar,ProphetRouter,109,256,jaguars_kmeans_16_centroids,0.7407,0.7407407407407407,1073.65,22.95,2.975
Jaguar,ProphetRouter,113,256,jaguars_kmeans_16_centroids,0.5926,0.5925925925925926,1362.5313,31.625,3.0
Jaguar,ProphetRouter,2,64,only_jaguars,0.7407,0.7407407407407407,1282.94,21.475,2.575
Jaguar,ProphetRouter,3,64,only_jaguars,0.6111,0.6111111111111112,1292.8424,26.6667,3.0
Jaguar,ProphetRouter,5,64,only_jaguars,0.7963,0.7962962962962963,1057.493,24.186,2.7674
Jaguar,ProphetRouter,7,64,only_jaguars,0.7037,0.7037037037037037,1363.8395,21.6316,3.2105
Jaguar,ProphetRouter,11,64,only_jaguars,0.6852,0.6851851851851852,1189.6162,25.9189,2.973
Jaguar,ProphetRouter,13,64,only_jaguars,0.7407,0.7407407407407407,1149.7225,24.8,2.8
Jaguar,ProphetRouter,17,64,only_jaguars,0.8148,0.8148148148148148,1168.9227,22.5909,3.25
Jaguar,ProphetRouter,19,64,only_jaguars,0.7593,0.7592592592592593,1136.361,24.1951,3.2927
Jaguar,ProphetRouter,23,64,only_jaguars,0.8704,0.8703703703703703,1325.3404,22.9149,3.1489
Jaguar,ProphetRouter,29,64,only_jaguars,0.7407,0.7407407407407407,1211.1625,24.975,3.075
Jaguar,ProphetRouter,31,64,only_jaguars,0.7593,0.7592592592592593,1344.6659,24.7805,2.9512
Jaguar,ProphetRouter,37,64,only_jaguars,0.7407,0.7407407407407407,1155.8225,20.425,2.5
Jaguar,ProphetRouter,41,64,only_jaguars,0.5185,0.5185185185185185,1391.3143,27.4643,2.7857
Jaguar,ProphetRouter,43,64,only_jaguars,0.7037,0.7037037037037037,1326.3789,26.3947,3.7105
Jaguar,ProphetRouter,47,64,only_jaguars,0.6852,0.6851851851851852,1113.8838,24.027,2.5135
Jaguar,ProphetRouter,53,64,only_jaguars,0.7407,0.7407407407407407,1428.8425,23.45,3.425
Jaguar,ProphetRouter,59,64,only_jaguars,0.7037,0.7037037037037037,1319.3368,26.3947,3.0263
Jaguar,ProphetRouter,61,64,only_jaguars,0.7963,0.7962962962962963,1221.9372,24.907,3.5116
Jaguar,ProphetRouter,67,64,only_jaguars,0.6667,0.6666666666666666,1231.4556,26.9167,3.1111
Jaguar,ProphetRouter,71,64,only_jaguars,0.7222,0.7222222222222222,1231.659,25.3333,4.0
Jaguar,ProphetRouter,73,64,only_jaguars,0.7407,0.7407407407407407,1147.9725,26.425,3.025
Jaguar,ProphetRouter,79,64,only_jaguars,0.8148,0.8148148148148148,1330.3045,24.8864,3.1364
Jaguar,ProphetRouter,83,64,only_jaguars,0.7037,0.7037037037037037,1239.2,22.0,2.8421
Jaguar,ProphetRouter,89,64,only_jaguars,0.7593,0.7592592592592593,1127.3561,28.5366,3.5854
Jaguar,ProphetRouter,97,64,only_jaguars,0.7963,0.7962962962962963,955.6698,23.814,2.814
Jaguar,ProphetRouter,101,64,only_jaguars,0.9074,0.9074074074074074,1001.7735,24.1224,3.2041
Jaguar,ProphetRouter,103,64,only_jaguars,0.7222,0.7222222222222222,1190.7128,26.641,3.6667
Jaguar,ProphetRouter,107,64,only_jaguars,0.8333,0.8333333333333334,1110.7933,19.7111,2.6444
Jaguar,ProphetRouter,109,64,only_jaguars,0.7407,0.7407407407407407,1066.025,23.025,3.1
Jaguar,ProphetRouter,113,64,only_jaguars,0.5926,0.5925925925925926,1348.1781,31.625,3.1875
Jaguar,ProphetRouter,2,128,only_jaguars,0.7407,0.7407407407407407,1286.835,21.45,2.575
Jaguar,ProphetRouter,3,128,only_jaguars,0.6111,0.6111111111111112,1293.3939,26.6667,3.0
Jaguar,ProphetRouter,5,128,only_jaguars,0.7963,0.7962962962962963,1057.9395,24.186,2.7674
Jaguar,ProphetRouter,7,128,only_jaguars,0.7037,0.7037037037037037,1364.3921,21.6316,3.2105
Jaguar,ProphetRouter,11,128,only_jaguars,0.6852,0.6851851851851852,1190.1027,25.8649,3.0
Jaguar,ProphetRouter,13,128,only_jaguars,0.7407,0.7407407407407407,1150.15,24.775,2.8
Jaguar,ProphetRouter,17,128,only_jaguars,0.8148,0.8148148148148148,1169.4386,22.5682,3.25
Jaguar,ProphetRouter,19,128,only_jaguars,0.7593,0.7592592592592593,1136.8902,24.1951,3.2683
Jaguar,ProphetRouter,23,128,only_jaguars,0.8704,0.8703703703703703,1325.966,22.9149,3.1702
Jaguar,ProphetRouter,29,128,only_jaguars,0.7407,0.7407407407407407,1211.6875,24.975,3.075
Jaguar,ProphetRouter,31,128,only_jaguars,0.7593,0.7592592592592593,1345.3317,24.7317,2.9512
Jaguar,ProphetRouter,37,128,only_jaguars,0.7407,0.7407407407407407,1156.28,20.425,2.5
Jaguar,ProphetRouter,41,128,only_jaguars,0.5185,0.5185185185185185,1391.7036,27.3214,2.75
Jaguar,ProphetRouter,43,128,only_jaguars,0.7037,0.7037037037037037,1326.9842,26.3421,3.6842
Jaguar,ProphetRouter,47,128,only_jaguars,0.6852,0.6851851851851852,1114.3703,24.0,2.5135
Jaguar,ProphetRouter,53,128,only_jaguars,0.7407,0.7407407407407407,1429.255,23.425,3.425
Jaguar,ProphetRouter,59,128,only_jaguars,0.7037,0.7037037037037037,1319.7158,26.3947,3.0526
Jaguar,ProphetRouter,61,128,only_jaguars,0.7963,0.7962962962962963,1257.0186,24.907,3.4651
Jaguar,ProphetRouter,67,128,only_jaguars,0.6667,0.6666666666666666,1231.9167,26.9167,3.0833
Jaguar,ProphetRouter,71,128,only_jaguars,0.7222,0.7222222222222222,1232.1949,25.3077,4.0
Jaguar,ProphetRouter,73,128,only_jaguars,0.7407,0.7407407407407407,1148.6225,26.4,3.075
Jaguar,ProphetRouter,79,128,only_jaguars,0.8148,0.8148148148148148,1330.8273,24.8864,3.1591
Jaguar,ProphetRouter,83,128,only_jaguars,0.7037,0.7037037037037037,1239.7526,22.0,2.8421
Jaguar,ProphetRouter,89,128,only_jaguars,0.7593,0.7592592592592593,1128.0024,28.6098,3.561
Jaguar,ProphetRouter,97,128,only_jaguars,0.7963,0.7962962962962963,956.1349,23.814,2.814
Jaguar,ProphetRouter,101,128,only_jaguars,0.9074,0.9074074074074074,1002.349,24.102,3.2041
Jaguar,ProphetRouter,103,128,only_jaguars,0.7222,0.7222222222222222,1191.1795,26.641,3.6667
Jaguar,ProphetRouter,107,128,only_jaguars,0.8333,0.8333333333333334,1111.2467,19.7111,2.5778
Jaguar,ProphetRouter,109,128,only_jaguars,0.7407,0.7407407407407407,1066.6025,23.025,3.075
Jaguar,ProphetRouter,113,128,only_jaguars,0.5926,0.5925925925925926,1348.6938,31.625,3.1563
Jaguar,ProphetRouter,2,256,only_jaguars,0.7407,0.7407407407407407,1287.515,21.425,2.575
Jaguar,ProphetRouter,3,256,only_jaguars,0.6111,0.6111111111111112,1294.4606,26.6667,3.0
Jaguar,ProphetRouter,5,256,only_jaguars,0.7963,0.7962962962962963,1058.9465,24.0465,2.7442
Jaguar,ProphetRouter,7,256,only_jaguars,0.7037,0.7037037037037037,1381.2289,21.5789,3.1842
Jaguar,ProphetRouter,11,256,only_jaguars,0.6852,0.6851851851851852,1191.1027,25.8108,3.0
Jaguar,ProphetRouter,13,256,only_jaguars,0.7222,0.7222222222222222,1141.0872,25.359,2.7436
Jaguar,ProphetRouter,17,256,only_jaguars,0.8148,0.8148148148148148,1170.4386,22.5682,3.25
Jaguar,ProphetRouter,19,256,only_jaguars,0.7593,0.7592592592592593,1137.9732,24.1707,3.2683
Jaguar,ProphetRouter,23,256,only_jaguars,0.8704,0.8703703703703703,1328.2638,22.8936,3.0638
Jaguar,ProphetRouter,29,256,only_jaguars,0.7407,0.7407407407407407,1216.84,24.975,3.025
Jaguar,ProphetRouter,31,256,only_jaguars,0.7593,0.7592592592592593,1346.539,24.6829,2.9512
Jaguar,ProphetRouter,37,256,only_jaguars,0.7407,0.7407407407407407,1157.0675,20.425,2.425
Jaguar,ProphetRouter,41,256,only_jaguars,0.5185,0.5185185185185185,1392.5143,27.2857,2.75
Jaguar,ProphetRouter,43,256,only_jaguars,0.7037,0.7037037037037037,1328.3368,26.3158,3.7632
Jaguar,ProphetRouter,47,256,only_jaguars,0.6852,0.6851851851851852,1115.3297,23.973,2.5135
Jaguar,ProphetRouter,53,256,only_jaguars,0.7407,0.7407407407407407,1430.1525,23.4,3.425
Jaguar,ProphetRouter,59,256,only_jaguars,0.7037,0.7037037037037037,1320.5158,26.3947,3.0263
Jaguar,ProphetRouter,61,256,only_jaguars,0.7963,0.7962962962962963,1264.2023,24.814,3.3256
Jaguar,ProphetRouter,67,256,only_jaguars,0.6667,0.6666666666666666,1232.9056,26.8889,3.0833
Jaguar,ProphetRouter,71,256,only_jaguars,0.7222,0.7222222222222222,1233.2051,25.3077,4.0
Jaguar,ProphetRouter,73,256,only_jaguars,0.7407,0.7407407407407407,1155.225,26.375,3.1
Jaguar,ProphetRouter,79,256,only_jaguars,0.8148,0.8148148148148148,1331.8205,24.8864,3.1364
Jaguar,ProphetRouter,83,256,only_jaguars,0.7037,0.7037037037037037,1240.9211,22.0,2.8421
Jaguar,ProphetRouter,89,256,only_jaguars,0.7593,0.7592592592592593,1129.1073,28.6098,3.6098
Jaguar,ProphetRouter,97,256,only_jaguars,0.7963,0.7962962962962963,957.1581,23.7907,2.814
Jaguar,ProphetRouter,101,256,only_jaguars,0.9074,0.9074074074074074,1003.4,24.102,3.2041
Jaguar,ProphetRouter,103,256,only_jaguars,0.7222,0.7222222222222222,1192.1538,26.5641,3.641
Jaguar,ProphetRouter,107,256,only_jaguars,0.8333,0.8333333333333334,1112.1244,19.6222,2.6222
Jaguar,ProphetRouter,109,256,only_jaguars,0.7407,0.7407407407407407,1073.65,22.95,2.975
Jaguar,ProphetRouter,113,256,only_jaguars,0.5926,0.5925925925925926,1362.5313,31.625,3.0
Jaguar,ProphetRouter,2,64,only_jaguars_bilstm,0.7593,0.7592592592592593,1317.1561,20.5854,2.6585
Jaguar,ProphetRouter,3,64,only_jaguars_bilstm,0.5926,0.5925925925925926,1330.1818,26.3125,3.1563
Jaguar,ProphetRouter,5,64,only_jaguars_bilstm,0.7778,0.7777777777777778,1061.9524,25.2857,2.7857
Jaguar,ProphetRouter,7,64,only_jaguars_bilstm,0.7037,0.7037037037037037,1356.4684,21.8421,3.1316
Jaguar,ProphetRouter,11,64,only_jaguars_bilstm,0.7037,0.7037037037037037,1220.1105,24.3158,2.8947
Jaguar,ProphetRouter,13,64,only_jaguars_bilstm,0.7222,0.7222222222222222,1194.8744,24.3846,2.8205
Jaguar,ProphetRouter,17,64,only_jaguars_bilstm,0.7963,0.7962962962962963,1191.0512,21.907,3.1628
Jaguar,ProphetRouter,19,64,only_jaguars_bilstm,0.7407,0.7407407407407407,1104.8975,23.975,3.175
Jaguar,ProphetRouter,23,64,only_jaguars_bilstm,0.8519,0.8518518518518519,1355.0609,22.2826,3.1522
Jaguar,ProphetRouter,29,64,only_jaguars_bilstm,0.7037,0.7037037037037037,1162.6873,24.8947,3.0
Jaguar,ProphetRouter,31,64,only_jaguars_bilstm,0.7037,0.7037037037037037,1308.6789,25.3421,2.9211
Jaguar,ProphetRouter,37,64,only_jaguars_bilstm,0.6852,0.6851851851851852,1160.6275,20.973,2.4324
Jaguar,ProphetRouter,41,64,only_jaguars_bilstm,0.5,0.5,1367.237,26.7037,2.8889
Jaguar,ProphetRouter,43,64,only_jaguars_bilstm,0.6667,0.6666666666666666,1311.4361,26.1944,3.6944
Jaguar,ProphetRouter,47,64,only_jaguars_bilstm,0.6852,0.6851851851851852,1114.6973,23.8108,2.5135
Jaguar,ProphetRouter,53,64,only_jaguars_bilstm,0.7037,0.7037037037037037,1396.9921,23.2895,3.3684
Jaguar,ProphetRouter,59,64,only_jaguars_bilstm,0.6667,0.6666666666666666,1305.0806,24.8611,2.9722
Jaguar,ProphetRouter,61,64,only_jaguars_bilstm,0.7778,0.7777777777777778,1190.6532,24.2143,3.2857
Jaguar,ProphetRouter,67,64,only_jaguars_bilstm,0.6481,0.6481481481481481,1256.8486,26.7429,3.1143
Jaguar,ProphetRouter,71,64,only_jaguars_bilstm,0.7222,0.7222222222222222,1230.1872,23.8974,3.7179
Jaguar,ProphetRouter,73,64,only_jaguars_bilstm,0.7037,0.7037037037037037,1109.2105,26.2105,2.9211
Jaguar,ProphetRouter,79,64,only_jaguars_bilstm,0.7963,0.7962962962962963,1381.7116,23.9302,3.1628
Jaguar,ProphetRouter,83,64,only_jaguars_bilstm,0.6852,0.6851851851851852,1238.7405,21.7027,2.8649
Jaguar,ProphetRouter,89,64,only_jaguars_bilstm,0.7593,0.7592592592592593,1137.0805,27.8049,3.4878
Jaguar,ProphetRouter,97,64,only_jaguars_bilstm,0.7963,0.7962962962962963,972.8907,23.3953,2.7907
Jaguar,ProphetRouter,101,64,only_jaguars_bilstm,0.8889,0.8888888888888888,1031.7729,23.4375,3.2083
Jaguar,ProphetRouter,103,64,only_jaguars_bilstm,0.6667,0.6666666666666666,1235.7944,26.1944,3.4444
Jaguar,ProphetRouter,107,64,only_jaguars_bilstm,0.8148,0.8148148148148148,1095.9568,20.0,2.6136
Jaguar,ProphetRouter,109,64,only_jaguars_bilstm,0.7407,0.7407407407407407,1042.1,22.65,3.025
Jaguar,ProphetRouter,113,64,only_jaguars_bilstm,0.5741,0.5740740740740741,1347.9387,31.2581,3.2903
Jaguar,ProphetRouter,2,128,only_jaguars_bilstm,0.7593,0.7592592592592593,1320.9683,20.561,2.6341
Jaguar,ProphetRouter,3,128,only_jaguars_bilstm,0.5926,0.5925925925925926,1330.8656,26.2813,3.1563
Jaguar,ProphetRouter,5,128,only_jaguars_bilstm,0.7778,0.7777777777777778,1062.3786,25.2619,2.7857
Jaguar,ProphetRouter,7,128,only_jaguars_bilstm,0.7037,0.7037037037037037,1356.9868,21.8421,3.1316
Jaguar,ProphetRouter,11,128,only_jaguars_bilstm,0.7037,0.7037037037037037,1220.6737,24.2632,2.8947
Jaguar,ProphetRouter,13,128,only_jaguars_bilstm,0.7222,0.7222222222222222,1195.3385,24.359,2.8205
Jaguar,ProphetRouter,17,128,only_jaguars_bilstm,0.7963,0.7962962962962963,1191.5116,21.8837,3.1628
Jaguar,ProphetRouter,19,128,only_jaguars_bilstm,0.7407,0.7407407407407407,1105.4075,23.975,3.175
Jaguar,ProphetRouter,23,128,only_jaguars_bilstm,0.8519,0.8518518518518519,1355.6543,22.2826,3.1739
Jaguar,ProphetRouter,29,128,only_jaguars_bilstm,0.7037,0.7037037037037037,1163.2816,24.8947,3.0
Jaguar,ProphetRouter,31,128,only_jaguars_bilstm,0.7037,0.7037037037037037,1309.1763,25.2632,2.9211
Jaguar,ProphetRouter,37,128,only_jaguars_bilstm,0.6852,0.6851851851851852,1160.9973,20.973,2.4324
Jaguar,ProphetRouter,41,128,only_jaguars_bilstm,0.5,0.5,1367.6519,26.7037,2.8889
Jaguar,ProphetRouter,43,128,only_jaguars_bilstm,0.6667,0.6666666666666666,1312.0056,26.1389,3.6944
Jaguar,ProphetRouter,47,128,only_jaguars_bilstm,0.6852,0.6851851851851852,1115.1541,23.8108,2.5135
Jaguar,ProphetRouter,53,128,only_jaguars_bilstm,0.7037,0.7037037037037037,1397.4842,23.2895,3.3684
Jaguar,ProphetRouter,59,128,only_jaguars_bilstm,0.6667,0.6666666666666666,1305.4694,24.8611,2.9444
Jaguar,ProphetRouter,61,128,only_jaguars_bilstm,0.7778,0.7777777777777778,1223.969,24.2143,3.1667
Jaguar,ProphetRouter,67,128,only_jaguars_bilstm,0.6481,0.6481481481481481,1257.34,26.7429,3.1143
Jaguar,ProphetRouter,71,128,only_jaguars_bilstm,0.7222,0.7222222222222222,1230.6923,23.8718,3.7179
Jaguar,ProphetRouter,73,128,only_jaguars_bilstm,0.7037,0.7037037037037037,1109.7526,26.1579,2.9737
Jaguar,ProphetRouter,79,128,only_jaguars_bilstm,0.7963,0.7962962962962963,1382.2884,23.8837,3.186
Jaguar,ProphetRouter,83,128,only_jaguars_bilstm,0.6852,0.6851851851851852,1239.2811,21.7027,2.8649
Jaguar,ProphetRouter,89,128,only_jaguars_bilstm,0.7593,0.7592592592592593,1137.7439,27.8049,3.4634
Jaguar,ProphetRouter,97,128,only_jaguars_bilstm,0.7963,0.7962962962962963,973.3581,23.3721,2.7907
Jaguar,ProphetRouter,101,128,only_jaguars_bilstm,0.8889,0.8888888888888888,1032.3229,23.4167,3.0625
Jaguar,ProphetRouter,103,128,only_jaguars_bilstm,0.6667,0.6666666666666666,1236.2833,26.1667,3.4167
Jaguar,ProphetRouter,107,128,only_jaguars_bilstm,0.8148,0.8148148148148148,1096.3886,19.9545,2.5455
Jaguar,ProphetRouter,109,128,only_jaguars_bilstm,0.7407,0.7407407407407407,1042.6675,22.65,3.025
Jaguar,ProphetRouter,113,128,only_jaguars_bilstm,0.5741,0.5740740740740741,1348.4581,31.2581,3.2903
Jaguar,ProphetRouter,2,256,only_jaguars_bilstm,0.7593,0.7592592592592593,1321.6659,20.5366,2.6585
Jaguar,ProphetRouter,3,256,only_jaguars_bilstm,0.5926,0.5925925925925926,1331.9938,26.2813,3.1563
Jaguar,ProphetRouter,5,256,only_jaguars_bilstm,0.7778,0.7777777777777778,1063.3262,25.0476,2.7143
Jaguar,ProphetRouter,7,256,only_jaguars_bilstm,0.7037,0.7037037037037037,1357.9684,21.7368,3.1053
Jaguar,ProphetRouter,11,256,only_jaguars_bilstm,0.7037,0.7037037037037037,1222.0184,24.2368,2.9211
Jaguar,ProphetRouter,13,256,only_jaguars_bilstm,0.7037,0.7037037037037037,1187.3132,25.0,2.7105
Jaguar,ProphetRouter,17,256,only_jaguars_bilstm,0.7963,0.7962962962962963,1192.4488,21.8837,3.1628
Jaguar,ProphetRouter,19,256,only_jaguars_bilstm,0.7407,0.7407407407407407,1106.4575,23.925,3.175
Jaguar,ProphetRouter,23,256,only_jaguars_bilstm,0.8519,0.8518518518518519,1357.8978,22.2826,3.1522
Jaguar,ProphetRouter,29,256,only_jaguars_bilstm,0.7037,0.7037037037037037,1168.5737,24.8947,2.9737
Jaguar,ProphetRouter,31,256,only_jaguars_bilstm,0.7037,0.7037037037037037,1310.3711,25.2368,2.9211
Jaguar,ProphetRouter,37,256,only_jaguars_bilstm,0.6852,0.6851851851851852,1161.7378,20.973,2.4595
Jaguar,ProphetRouter,41,256,only_jaguars_bilstm,0.5,0.5,1368.6148,26.6667,2.8889
Jaguar,ProphetRouter,43,256,only_jaguars_bilstm,0.6667,0.6666666666666666,1313.3306,26.1389,3.6944
Jaguar,ProphetRouter,47,256,only_jaguars_bilstm,0.6852,0.6851851851851852,1116.0784,23.7838,2.5135
Jaguar,ProphetRouter,53,256,only_jaguars_bilstm,0.7037,0.7037037037037037,1398.3921,23.1842,3.3684
Jaguar,ProphetRouter,59,256,only_jaguars_bilstm,0.6667,0.6666666666666666,1306.1917,24.8333,2.9444
Jaguar,ProphetRouter,61,256,only_jaguars_bilstm,0.7778,0.7777777777777778,1224.919,24.1667,3.1667
Jaguar,ProphetRouter,67,256,only_jaguars_bilstm,0.6481,0.6481481481481481,1258.2886,26.7429,3.1143
Jaguar,ProphetRouter,71,256,only_jaguars_bilstm,0.7222,0.7222222222222222,1231.7205,23.8718,3.7179
Jaguar,ProphetRouter,73,256,only_jaguars_bilstm,0.7037,0.7037037037037037,1117.9579,26.1579,3.1053
Jaguar,ProphetRouter,79,256,only_jaguars_bilstm,0.7963,0.7962962962962963,1383.4488,23.8837,3.186
Jaguar,ProphetRouter,83,256,only_jaguars_bilstm,0.6852,0.6851851851851852,1240.4108,21.6216,2.8649
Jaguar,ProphetRouter,89,256,only_jaguars_bilstm,0.7593,0.7592592592592593,1139.0268,27.7561,3.5122
Jaguar,ProphetRouter,97,256,only_jaguars_bilstm,0.7963,0.7962962962962963,974.3953,23.3721,2.7907
Jaguar,ProphetRouter,101,256,only_jaguars_bilstm,0.8889,0.8888888888888888,1033.4354,23.4167,3.0625
Jaguar,ProphetRouter,103,256,only_jaguars_bilstm,0.6667,0.6666666666666666,1237.1944,26.1667,3.4444
Jaguar,ProphetRouter,107,256,only_jaguars_bilstm,0.8148,0.8148148148148148,1097.2591,19.9091,2.5455
Jaguar,ProphetRouter,109,256,only_jaguars_bilstm,0.7407,0.7407407407407407,1043.77,22.575,3.025
Jaguar,ProphetRouter,113,256,only_jaguars_bilstm,0.5741,0.5740740740740741,1349.471,31.2581,3.3226
