individual.local.identifier (ID),timestamp,location.long,location.lat
93,03/14/14 04:00,-64.877105,-3.038135
93,03/14/14 10:02,-64.876807,-3.038255
93,03/14/14 16:00,-64.877153,-3.03809
93,03/14/14 22:00,-64.877072,-3.03821
93,03/15/14 10:01,-64.885507,-3.033158
93,03/15/14 22:00,-64.887686,-3.031688
93,03/16/14 04:00,-64.887788,-3.031543
93,03/16/14 10:00,-64.888473,-3.031137
93,03/16/14 22:00,-64.888699,-3.031063
93,03/17/14 04:00,-64.888955,-3.03231
93,03/17/14 10:01,-64.886187,-3.033822
93,03/17/14 22:00,-64.886215,-3.033063
93,03/18/14 04:02,-64.879131,-3.038117
93,03/18/14 10:01,-64.858988,-3.055827
93,03/18/14 16:01,-64.860149,-3.061158
93,03/19/14 10:00,-64.856348,-3.065276
93,03/20/14 04:00,-64.856865,-3.065576
93,03/20/14 10:00,-64.858464,-3.063364
93,03/20/14 16:01,-64.858319,-3.061604
93,03/21/14 10:01,-64.85287,-3.053182
93,03/21/14 16:01,-64.852853,-3.053228
93,03/21/14 22:01,-64.852804,-3.053295
93,03/22/14 04:00,-64.854644,-3.051432
93,03/22/14 10:01,-64.845433,-3.041538
93,03/22/14 16:01,-64.845734,-3.04091
93,03/22/14 22:02,-64.846087,-3.040576
93,03/23/14 04:00,-64.84413,-3.031678
93,03/23/14 16:00,-64.832733,-3.056607
93,03/23/14 22:01,-64.832657,-3.056687
93,03/25/14 04:01,-64.848737,-3.022774
93,03/25/14 10:00,-64.867467,-2.982191
93,03/25/14 16:00,-64.867225,-2.982062
93,03/25/14 22:01,-64.867833,-2.982134
93,03/26/14 10:00,-64.841446,-2.967679
93,03/26/14 16:01,-64.841179,-2.97884
93,03/26/14 22:01,-64.841174,-2.978939
93,03/27/14 04:03,-64.850137,-2.986542
93,03/27/14 16:01,-64.82001,-3.026823
93,03/28/14 10:00,-64.793374,-3.070651
93,03/28/14 16:01,-64.788907,-3.075709
93,03/28/14 22:00,-64.788864,-3.075769
93,03/29/14 04:03,-64.800494,-3.070019
93,03/29/14 10:02,-64.800122,-3.077272
93,03/29/14 16:03,-64.800801,-3.077138
93,03/29/14 22:01,-64.801697,-3.079345
93,03/30/14 04:02,-64.800423,-3.085492
93,03/31/14 04:00,-64.793741,-3.096356
93,03/31/14 10:01,-64.79386,-3.107163
93,03/31/14 22:00,-64.794894,-3.105254
93,04/01/14 04:01,-64.78957,-3.094597
93,04/01/14 10:02,-64.796758,-3.086742
93,04/01/14 16:02,-64.796756,-3.086584
93,04/02/14 10:01,-64.803615,-3.096635
93,04/02/14 16:01,-64.803457,-3.098497
93,04/03/14 04:03,-64.80283,-3.115164
93,04/03/14 10:02,-64.801826,-3.110866
93,04/03/14 16:01,-64.801627,-3.110523
93,04/03/14 22:01,-64.801564,-3.110046
93,04/04/14 10:00,-64.806337,-3.097308
93,04/04/14 16:01,-64.831866,-3.098838
93,04/05/14 04:01,-64.833393,-3.103597
93,04/05/14 10:01,-64.84539,-3.096214
93,04/05/14 16:02,-64.857759,-3.088129
93,04/05/14 22:03,-64.856116,-3.088172
93,04/06/14 10:02,-64.865837,-3.090578
93,04/06/14 22:01,-64.859979,-3.082253
93,04/07/14 10:01,-64.862329,-3.071715
93,04/07/14 16:00,-64.862281,-3.071849
93,04/08/14 04:02,-64.866634,-3.080211
93,04/08/14 22:01,-64.866634,-3.093862
93,04/09/14 04:02,-64.865546,-3.094265
93,04/09/14 10:01,-64.86557,-3.094415
93,04/09/14 16:02,-64.8655,-3.094052
93,04/09/14 22:02,-64.865386,-3.094105
93,04/10/14 04:00,-64.855249,-3.097182
93,04/10/14 10:00,-64.852852,-3.095017
93,04/10/14 22:01,-64.855251,-3.092935
93,04/11/14 04:01,-64.842296,-3.096182
93,04/11/14 10:01,-64.821983,-3.094637
93,04/11/14 16:02,-64.824996,-3.09954
93,04/11/14 22:02,-64.825025,-3.099351
93,04/12/14 16:01,-64.808302,-3.08494
93,04/12/14 22:01,-64.808277,-3.084781
93,04/13/14 04:00,-64.809093,-3.081388
93,04/13/14 10:00,-64.811703,-3.072262
93,04/13/14 16:01,-64.808869,-3.075243
93,04/13/14 22:00,-64.808729,-3.075272
93,04/14/14 10:01,-64.807435,-3.078063
93,04/14/14 16:02,-64.808378,-3.075947
93,04/14/14 22:01,-64.808414,-3.075809
93,04/15/14 04:00,-64.807176,-3.078031
93,04/15/14 10:00,-64.807179,-3.078019
93,04/16/14 10:01,-64.806998,-3.078289
93,04/17/14 04:00,-64.807231,-3.077781
93,04/17/14 10:01,-64.807336,-3.077746
93,04/17/14 16:02,-64.808431,-3.075679
93,04/17/14 22:02,-64.808336,-3.075541
93,04/18/14 04:01,-64.80736,-3.077742
93,04/18/14 10:02,-64.80718,-3.077818
93,04/18/14 22:02,-64.808442,-3.075496
93,04/19/14 04:00,-64.807593,-3.077902
93,04/19/14 10:02,-64.808151,-3.076128
93,04/19/14 22:01,-64.808377,-3.075626
93,04/20/14 04:00,-64.808895,-3.07526
93,04/20/14 10:01,-64.807283,-3.077609
93,04/20/14 16:01,-64.802478,-3.073036
93,04/21/14 10:01,-64.793052,-3.078095
93,04/21/14 22:00,-64.791711,-3.083604
93,04/22/14 04:01,-64.788267,-3.090155
93,04/22/14 10:01,-64.783974,-3.099092
93,04/22/14 16:00,-64.784014,-3.09907
93,04/22/14 22:01,-64.784149,-3.099117
93,04/23/14 04:00,-64.789089,-3.100055
93,04/23/14 10:00,-64.788877,-3.099905
93,04/23/14 22:02,-64.790261,-3.092808
93,04/24/14 04:02,-64.783949,-3.090476
93,04/24/14 10:00,-64.789562,-3.074051
93,04/24/14 22:00,-64.795727,-3.065478
93,04/25/14 10:01,-64.811569,-3.037831
93,04/26/14 04:03,-64.841961,-3.028398
93,04/26/14 10:01,-64.855123,-2.989565
93,04/26/14 16:00,-64.846483,-2.982523
93,04/27/14 10:02,-64.833818,-2.977842
93,04/27/14 22:02,-64.833806,-2.977754
93,04/28/14 10:02,-64.837177,-2.99225
93,04/30/14 04:01,-64.837569,-2.999746
93,04/30/14 10:02,-64.834909,-2.981649
93,04/30/14 16:01,-64.833409,-2.979756
93,04/30/14 22:00,-64.833453,-2.979476
93,05/01/14 04:01,-64.82895,-2.979175
93,05/01/14 22:01,-64.830896,-2.987867
93,05/02/14 04:00,-64.832618,-2.990272
93,05/02/14 10:02,-64.83543,-2.988845
93,05/02/14 16:01,-64.835626,-2.989117
93,05/03/14 04:00,-64.839154,-2.987759
93,05/03/14 16:01,-64.830711,-2.980263
93,05/03/14 22:01,-64.83033,-2.979813
93,05/04/14 04:01,-64.829903,-2.980113
93,05/04/14 10:00,-64.830565,-2.980178
93,05/04/14 22:03,-64.830683,-2.979983
93,05/05/14 10:02,-64.831508,-2.981403
93,05/05/14 16:02,-64.831469,-2.98125
93,05/05/14 22:00,-64.831694,-2.981096
93,05/06/14 04:01,-64.832182,-2.995299
93,05/06/14 10:00,-64.832751,-3.000265
93,05/06/14 16:00,-64.832899,-2.999695
93,05/06/14 22:00,-64.832962,-2.999766
93,05/07/14 22:02,-64.843281,-2.99708
93,05/08/14 04:00,-64.840703,-2.990427
93,05/08/14 10:01,-64.836129,-2.981546
93,05/08/14 16:00,-64.835853,-2.980421
93,05/08/14 22:00,-64.835789,-2.97903
93,05/09/14 10:00,-64.840737,-3.02246
93,05/09/14 16:00,-64.825374,-3.037745
93,05/09/14 22:00,-64.825191,-3.037738
93,05/10/14 04:00,-64.816822,-3.05414
93,05/10/14 10:00,-64.816832,-3.054384
93,05/10/14 16:00,-64.816597,-3.054742
93,05/10/14 22:00,-64.816934,-3.054207
93,05/11/14 10:01,-64.814839,-3.067242
93,05/11/14 16:00,-64.814436,-3.067088
93,05/12/14 04:01,-64.80395,-3.064296
93,05/12/14 10:02,-64.781814,-3.09382
93,05/12/14 22:00,-64.781815,-3.093753
93,05/13/14 04:00,-64.781977,-3.093704
93,05/13/14 16:00,-64.784392,-3.098594
93,05/13/14 22:00,-64.784323,-3.098518
93,05/14/14 04:01,-64.78406,-3.099108
93,05/14/14 10:00,-64.784627,-3.101672
93,05/14/14 16:00,-64.784676,-3.101623
93,05/14/14 22:00,-64.786217,-3.097904
93,05/15/14 04:00,-64.786139,-3.097685
93,05/15/14 10:01,-64.79195,-3.101194
93,05/15/14 16:00,-64.791808,-3.101317
93,05/15/14 22:01,-64.791784,-3.101349
93,05/16/14 04:01,-64.788819,-3.109455
93,05/16/14 10:00,-64.789422,-3.108549
93,05/16/14 16:00,-64.789612,-3.108886
93,05/16/14 22:00,-64.789511,-3.108593
93,05/17/14 04:02,-64.795966,-3.102338
93,05/17/14 10:00,-64.791898,-3.101287
93,05/17/14 16:00,-64.791882,-3.101343
93,05/17/14 22:00,-64.79184,-3.101323
93,05/18/14 04:00,-64.787651,-3.102481
93,05/18/14 10:00,-64.784237,-3.101498
93,05/18/14 16:00,-64.784276,-3.101584
93,05/18/14 22:01,-64.784654,-3.101589
93,05/19/14 04:01,-64.782909,-3.10531
93,05/19/14 10:00,-64.775409,-3.106239
93,05/19/14 16:00,-64.772518,-3.102278
93,05/19/14 22:01,-64.7725,-3.102276
93,05/20/14 10:00,-64.766054,-3.084755
93,05/20/14 16:00,-64.766138,-3.084701
93,05/20/14 22:00,-64.767714,-3.083347
93,05/21/14 04:00,-64.767873,-3.08881
93,05/21/14 10:00,-64.768297,-3.088032
93,05/21/14 16:01,-64.768369,-3.088113
93,05/21/14 22:01,-64.768225,-3.088361
93,05/22/14 04:00,-64.767787,-3.088559
93,05/22/14 10:01,-64.767707,-3.088535
93,05/22/14 16:00,-64.767696,-3.088663
93,05/22/14 22:00,-64.767773,-3.088551
93,05/23/14 04:01,-64.768075,-3.088427
93,05/23/14 10:00,-64.777398,-3.081962
93,05/23/14 16:00,-64.788474,-3.079859
93,05/23/14 22:00,-64.788477,-3.079875
93,05/24/14 04:00,-64.797435,-3.071331
93,05/24/14 10:00,-64.797388,-3.07135
93,05/24/14 16:00,-64.79744,-3.071274
93,05/24/14 22:00,-64.797395,-3.071341
93,05/25/14 10:00,-64.812004,-3.067784
93,05/25/14 16:00,-64.812073,-3.067777
93,05/25/14 22:00,-64.812075,-3.06779
93,05/26/14 04:00,-64.818339,-3.06406
93,05/26/14 10:00,-64.818422,-3.064113
93,05/26/14 16:00,-64.81845,-3.064086
93,05/26/14 22:00,-64.818449,-3.06409
93,05/27/14 04:00,-64.82776,-3.058455
93,05/27/14 10:00,-64.834464,-3.044894
93,05/27/14 16:00,-64.83446,-3.044913
93,05/27/14 22:00,-64.8344,-3.044884
93,05/28/14 04:01,-64.82658,-3.035155
93,05/28/14 10:00,-64.821003,-3.034257
93,05/28/14 16:00,-64.820644,-3.033345
93,05/28/14 22:00,-64.820534,-3.03329
93,05/29/14 10:01,-64.828411,-3.029608
93,05/29/14 16:00,-64.828748,-3.029407
93,05/29/14 22:00,-64.828735,-3.029459
93,05/30/14 04:00,-64.82962,-3.019867
93,05/30/14 10:00,-64.819681,-3.02386
93,05/30/14 16:00,-64.819722,-3.023823
93,05/30/14 22:00,-64.819688,-3.023834
93,05/31/14 04:03,-64.824979,-3.015062
93,05/31/14 10:00,-64.838584,-3.011707
93,05/31/14 16:00,-64.838468,-3.011717
93,05/31/14 22:00,-64.838444,-3.011745
93,06/01/14 04:01,-64.841705,-3.012366
93,06/01/14 16:00,-64.838981,-3.015018
93,06/01/14 22:00,-64.839088,-3.015013
93,06/02/14 04:00,-64.8481,-3.012691
93,06/02/14 10:00,-64.848802,-3.012308
93,06/02/14 16:00,-64.848712,-3.01232
93,06/02/14 22:00,-64.84882,-3.012353
93,06/03/14 04:00,-64.855331,-3.009256
93,06/03/14 10:00,-64.861683,-2.997942
93,06/03/14 16:00,-64.862987,-2.998435
93,06/03/14 22:00,-64.859102,-2.989624
93,06/04/14 10:00,-64.850866,-2.992039
93,06/04/14 16:00,-64.850868,-2.99201
93,06/04/14 22:00,-64.850826,-2.99198
93,06/05/14 10:00,-64.843928,-3.020274
93,06/05/14 16:00,-64.843999,-3.020206
93,06/05/14 22:00,-64.843873,-3.020248
93,06/06/14 10:00,-64.81452,-3.033815
93,06/06/14 16:00,-64.814477,-3.033701
93,06/06/14 22:00,-64.814852,-3.033961
93,06/07/14 04:01,-64.81536,-3.033509
93,06/07/14 10:00,-64.815614,-3.032854
93,06/07/14 16:01,-64.815191,-3.03301
93,06/07/14 22:00,-64.81513,-3.033114
93,06/08/14 04:01,-64.80715,-3.033995
93,06/08/14 16:00,-64.806562,-3.043914
93,06/08/14 22:00,-64.806805,-3.043978
93,06/09/14 04:00,-64.806554,-3.053243
93,06/09/14 10:00,-64.807523,-3.057029
93,06/09/14 16:01,-64.811711,-3.066815
93,06/09/14 22:00,-64.811644,-3.066935
93,06/10/14 04:00,-64.808716,-3.077084
93,06/10/14 10:01,-64.809086,-3.076874
93,06/10/14 16:00,-64.820034,-3.074023
93,06/10/14 22:00,-64.819948,-3.073925
93,06/11/14 04:00,-64.824845,-3.072416
93,06/11/14 10:00,-64.824827,-3.072492
93,06/11/14 16:01,-64.824277,-3.074185
93,06/11/14 22:02,-64.824312,-3.074138
93,06/12/14 10:00,-64.834574,-3.070323
93,06/12/14 16:00,-64.837847,-3.071476
93,06/12/14 22:00,-64.837774,-3.071442
93,06/13/14 04:00,-64.839735,-3.078115
93,06/13/14 10:01,-64.835337,-3.079169
93,06/13/14 16:00,-64.835356,-3.079151
93,06/13/14 22:00,-64.835566,-3.079112
93,06/14/14 04:00,-64.833739,-3.078977
93,06/14/14 10:00,-64.832742,-3.079346
93,06/14/14 16:00,-64.827323,-3.079302
93,06/14/14 22:00,-64.827252,-3.079222
93,06/15/14 04:00,-64.826725,-3.083399
93,06/15/14 10:00,-64.826765,-3.08346
93,06/15/14 16:00,-64.826779,-3.083472
93,06/15/14 22:00,-64.822981,-3.086851
93,06/16/14 04:01,-64.81731,-3.090345
93,06/16/14 10:00,-64.812097,-3.098417
93,06/16/14 16:00,-64.812059,-3.098327
93,06/16/14 22:00,-64.812052,-3.098374
93,06/17/14 04:00,-64.811202,-3.100443
93,06/17/14 10:01,-64.811213,-3.10046
93,06/17/14 16:00,-64.814563,-3.10307
93,06/17/14 22:00,-64.815782,-3.104841
93,06/18/14 04:00,-64.815715,-3.104942
93,06/18/14 10:00,-64.817326,-3.10691
93,06/18/14 16:00,-64.816859,-3.106891
93,06/18/14 22:00,-64.816793,-3.106875
93,06/19/14 04:00,-64.816919,-3.10644
93,06/19/14 10:00,-64.816353,-3.105966
93,06/19/14 16:00,-64.816363,-3.105927
93,06/19/14 22:00,-64.816443,-3.105961
93,06/20/14 04:03,-64.819492,-3.104854
93,06/20/14 10:00,-64.81749,-3.104949
93,06/20/14 16:00,-64.816618,-3.104988
93,06/20/14 22:00,-64.816415,-3.10503
93,06/21/14 04:00,-64.81525,-3.102401
93,06/21/14 10:00,-64.815215,-3.10231
93,06/21/14 16:00,-64.815243,-3.102389
93,06/21/14 22:00,-64.815223,-3.10234
93,06/22/14 04:00,-64.815204,-3.102212
93,06/22/14 10:00,-64.815249,-3.102319
93,06/22/14 16:00,-64.814384,-3.105068
93,06/22/14 22:00,-64.814421,-3.105092
93,06/23/14 04:00,-64.810392,-3.101396
93,06/23/14 10:00,-64.810788,-3.101088
93,06/23/14 16:00,-64.810951,-3.101059
93,06/23/14 22:00,-64.810979,-3.101162
93,06/24/14 04:00,-64.812742,-3.099237
93,06/24/14 10:00,-64.814533,-3.100323
93,06/24/14 16:01,-64.814615,-3.100326
93,06/24/14 22:00,-64.814553,-3.100338
93,06/25/14 04:01,-64.815268,-3.09093
93,06/25/14 10:00,-64.815097,-3.092755
93,06/25/14 16:00,-64.815042,-3.092716
93,06/25/14 22:02,-64.815008,-3.09262
93,06/26/14 04:02,-64.801983,-3.089114
93,06/26/14 10:01,-64.802682,-3.089315
93,06/26/14 16:00,-64.793185,-3.088282
93,06/26/14 22:00,-64.794047,-3.088433
93,06/27/14 04:01,-64.794018,-3.08844
93,06/27/14 10:00,-64.79364,-3.088404
93,06/27/14 16:00,-64.793652,-3.088408
93,06/27/14 22:00,-64.79364,-3.088446
93,06/28/14 04:01,-64.791942,-3.101392
93,06/28/14 10:02,-64.791725,-3.101341
93,06/28/14 16:00,-64.791972,-3.10308
93,06/28/14 22:00,-64.79196,-3.103094
93,06/29/14 04:00,-64.787778,-3.107685
93,06/29/14 10:01,-64.77972,-3.110542
93,06/29/14 16:00,-64.779679,-3.110581
93,06/29/14 22:00,-64.779498,-3.110488
93,06/30/14 04:02,-64.779719,-3.110504
93,06/30/14 10:00,-64.77956,-3.109894
93,06/30/14 16:00,-64.779606,-3.109884
93,06/30/14 22:00,-64.779551,-3.109937
93,07/01/14 04:00,-64.779498,-3.109913
93,07/01/14 10:00,-64.779588,-3.10984
93,07/01/14 16:00,-64.784069,-3.101486
93,07/01/14 22:00,-64.784154,-3.101489
93,07/02/14 04:00,-64.784099,-3.101506
93,07/02/14 10:00,-64.784062,-3.101465
93,07/02/14 16:00,-64.784044,-3.101389
93,07/02/14 22:00,-64.784089,-3.101452
93,07/03/14 04:01,-64.788366,-3.089991
93,07/03/14 10:00,-64.790731,-3.080629
93,07/03/14 16:01,-64.789968,-3.078502
93,07/03/14 22:01,-64.789869,-3.078544
93,07/04/14 04:01,-64.789877,-3.073711
93,07/04/14 10:00,-64.792988,-3.076033
93,07/04/14 22:00,-64.793011,-3.07601
93,07/05/14 04:00,-64.805031,-3.067774
93,07/05/14 10:00,-64.81219,-3.067831
93,07/05/14 16:00,-64.812181,-3.067804
93,07/05/14 22:00,-64.812148,-3.067768
93,07/06/14 04:00,-64.816168,-3.067378
93,07/06/14 10:00,-64.819621,-3.06332
93,07/06/14 16:00,-64.816869,-3.054197
93,07/06/14 22:01,-64.817025,-3.054192
93,07/07/14 10:00,-64.824906,-3.053334
93,07/07/14 16:01,-64.825031,-3.053295
93,07/07/14 22:00,-64.825203,-3.050495
93,07/08/14 10:00,-64.832833,-3.049329
93,07/08/14 16:00,-64.840149,-3.039355
93,07/08/14 22:00,-64.840155,-3.039392
93,07/09/14 04:00,-64.840168,-3.039371
93,07/09/14 10:00,-64.840096,-3.039645
93,07/09/14 16:00,-64.840144,-3.039338
93,07/09/14 22:00,-64.840135,-3.039228
93,07/10/14 04:03,-64.838233,-3.035928
93,07/10/14 10:01,-64.830163,-3.028597
93,07/10/14 16:00,-64.828628,-3.02937
93,07/10/14 22:00,-64.82862,-3.029421
93,07/11/14 04:00,-64.829989,-3.029104
93,07/11/14 10:00,-64.840509,-3.022385
93,07/11/14 16:00,-64.840531,-3.022336
93,07/11/14 22:00,-64.840455,-3.022447
93,07/12/14 04:00,-64.845616,-3.019472
93,07/12/14 10:00,-64.846579,-3.018218
93,07/12/14 16:01,-64.845467,-3.013924
93,07/12/14 22:01,-64.845313,-3.01418
93,07/13/14 10:01,-64.878238,-3.018595
93,07/13/14 16:00,-64.878244,-3.018386
93,07/13/14 22:00,-64.878389,-3.018378
93,07/14/14 04:02,-64.883486,-3.013524
93,07/14/14 10:00,-64.884091,-3.017006
93,07/14/14 16:00,-64.884229,-3.016539
93,07/14/14 22:00,-64.884202,-3.016556
93,07/15/14 10:00,-64.893604,-3.005482
93,07/15/14 16:00,-64.891211,-3.004856
93,07/15/14 22:01,-64.886327,-3.012705
93,07/16/14 04:00,-64.886423,-3.01277
93,07/16/14 10:00,-64.886418,-3.012784
93,07/16/14 16:00,-64.886478,-3.012759
93,07/16/14 22:00,-64.886537,-3.0128
93,07/17/14 04:00,-64.883984,-3.017031
93,07/17/14 10:00,-64.884065,-3.017009
93,07/17/14 16:00,-64.884069,-3.017023
93,07/17/14 22:00,-64.884119,-3.017024
93,07/18/14 04:02,-64.886343,-3.024091
93,07/18/14 10:01,-64.874864,-3.028401
93,07/18/14 16:00,-64.874439,-3.03268
93,07/18/14 22:00,-64.874358,-3.032648
93,07/19/14 04:01,-64.870874,-3.035148
93,07/19/14 10:01,-64.870765,-3.035518
93,07/19/14 16:00,-64.869198,-3.036298
93,07/19/14 22:00,-64.8691,-3.036275
93,07/20/14 04:01,-64.857577,-3.032233
93,07/20/14 10:00,-64.853637,-3.027183
93,07/20/14 16:00,-64.853425,-3.027274
93,07/20/14 22:00,-64.853036,-3.026919
93,07/21/14 04:00,-64.851899,-3.026175
93,07/21/14 10:00,-64.851988,-3.026218
93,07/21/14 16:01,-64.838247,-3.035864
93,07/21/14 22:00,-64.838239,-3.035868
93,07/22/14 04:01,-64.840768,-3.039327
93,07/22/14 10:00,-64.840754,-3.039385
93,07/22/14 16:00,-64.84116,-3.039567
93,07/22/14 22:00,-64.84078,-3.039373
93,07/23/14 04:02,-64.845674,-3.04006
93,07/23/14 10:01,-64.851429,-3.039018
93,07/23/14 16:00,-64.851511,-3.039075
93,07/23/14 22:01,-64.85155,-3.03905
93,07/24/14 04:01,-64.851451,-3.038996
93,07/24/14 10:00,-64.859035,-3.032096
93,07/24/14 16:01,-64.866134,-3.027479
93,07/24/14 22:00,-64.86607,-3.027408
93,07/25/14 04:00,-64.869145,-3.035061
93,07/25/14 10:00,-64.876153,-3.028041
93,07/25/14 16:00,-64.876276,-3.028101
93,07/25/14 22:00,-64.882855,-3.019395
93,07/26/14 04:00,-64.881278,-3.023664
93,07/26/14 10:00,-64.869399,-3.030051
93,07/26/14 16:00,-64.869494,-3.030065
93,07/26/14 22:00,-64.866056,-3.027414
93,07/27/14 04:00,-64.866043,-3.027582
93,07/27/14 10:02,-64.866088,-3.027398
93,07/27/14 16:00,-64.866107,-3.0274
93,07/27/14 22:00,-64.866053,-3.027375
93,07/28/14 04:02,-64.864461,-3.025889
93,07/28/14 10:00,-64.852653,-3.026355
93,07/28/14 16:00,-64.852766,-3.026107
93,07/28/14 22:00,-64.852486,-3.026127
93,07/29/14 10:00,-64.851319,-3.026525
93,07/29/14 16:01,-64.837988,-3.030945
93,07/29/14 22:01,-64.837833,-3.031221
93,07/30/14 04:03,-64.827622,-3.034741
93,07/30/14 10:00,-64.827392,-3.036098
93,07/31/14 10:01,-64.827218,-3.041065
93,07/31/14 16:01,-64.827212,-3.040885
93,07/31/14 22:00,-64.827354,-3.040747
93,08/01/14 10:01,-64.849259,-3.023222
93,08/01/14 16:00,-64.845419,-3.013946
93,08/01/14 22:00,-64.845324,-3.013943
93,08/02/14 10:00,-64.847048,-2.996051
93,08/02/14 16:00,-64.844513,-2.989852
93,08/03/14 04:02,-64.856607,-2.998411
93,08/03/14 10:00,-64.870154,-2.99047
93,08/03/14 16:00,-64.870208,-2.990458
93,08/03/14 22:00,-64.876099,-2.993254
93,08/04/14 04:00,-64.874921,-3.00117
93,08/04/14 10:00,-64.874945,-3.00125
93,08/04/14 16:00,-64.874965,-3.001269
93,08/04/14 22:00,-64.877659,-3.006179
93,08/05/14 04:01,-64.883547,-3.013637
93,08/05/14 10:00,-64.880544,-3.016767
93,08/05/14 16:00,-64.880626,-3.016745
93,08/05/14 22:00,-64.880621,-3.01673
93,08/06/14 10:00,-64.858052,-3.019636
93,08/06/14 22:01,-64.855434,-3.004498
93,08/07/14 04:01,-64.855517,-3.004551
93,08/07/14 10:00,-64.855599,-3.00442
93,08/08/14 04:00,-64.857248,-2.994874
93,08/08/14 10:01,-64.857151,-2.994834
93,08/08/14 16:01,-64.854327,-2.987887
93,08/08/14 22:01,-64.841298,-2.979564
93,08/09/14 10:02,-64.846707,-3.002686
93,08/09/14 16:01,-64.841719,-3.014238
93,08/10/14 10:00,-64.866395,-3.023531
93,08/10/14 16:00,-64.866349,-3.023597
93,08/10/14 22:00,-64.865992,-3.027341
93,08/11/14 04:00,-64.866076,-3.027408
93,08/11/14 10:00,-64.865012,-3.02752
93,08/11/14 16:00,-64.866058,-3.027419
93,08/11/14 22:02,-64.878306,-3.021796
93,08/12/14 04:01,-64.888041,-3.001347
93,08/12/14 16:02,-64.842723,-2.980117
93,08/12/14 22:01,-64.842772,-2.98064
93,08/13/14 04:01,-64.842827,-2.980746
93,08/13/14 10:01,-64.842481,-2.980589
93,08/13/14 16:01,-64.842479,-2.980554
93,08/13/14 22:00,-64.840955,-2.97944
93,08/14/14 04:00,-64.840971,-2.979384
93,08/14/14 10:01,-64.841063,-2.97956
93,08/14/14 16:00,-64.84094,-2.979388
93,08/14/14 22:01,-64.841056,-2.979473
93,08/15/14 04:00,-64.84094,-2.979545
93,08/15/14 10:00,-64.841138,-2.979021
93,08/15/14 16:00,-64.841127,-2.979062
93,08/15/14 22:00,-64.84165,-2.979054
93,08/16/14 04:01,-64.843197,-3.017124
93,08/16/14 22:01,-64.839476,-3.016162
93,08/17/14 04:01,-64.839526,-3.016272
93,08/17/14 10:01,-64.839392,-3.016151
93,08/17/14 16:01,-64.839628,-3.016045
93,08/17/14 22:01,-64.839561,-3.016169
93,08/18/14 04:01,-64.839147,-3.016112
93,08/18/14 10:02,-64.839583,-3.01604
93,08/18/14 16:01,-64.839512,-3.016133
93,08/18/14 22:00,-64.839511,-3.016229
93,08/19/14 04:01,-64.839554,-3.016206
93,08/19/14 10:02,-64.839488,-3.016223
93,08/19/14 22:01,-64.845915,-3.007536
93,08/20/14 10:01,-64.865456,-2.991269
93,08/20/14 22:01,-64.888229,-2.968303
93,08/21/14 16:01,-64.909375,-2.973195
93,08/21/14 22:01,-64.909539,-2.973102
93,08/22/14 04:03,-64.907275,-2.975486
93,08/23/14 04:03,-64.909828,-2.971511
93,08/24/14 22:00,-64.904504,-2.938404
93,08/25/14 04:02,-64.897669,-2.958839
93,08/25/14 22:01,-64.88202,-2.970459
93,08/26/14 10:00,-64.868063,-2.996698
93,08/27/14 16:01,-64.848641,-3.030671
93,08/27/14 22:01,-64.848796,-3.030873
93,08/28/14 04:01,-64.854879,-3.017743
93,08/28/14 10:00,-64.867262,-2.974943
93,08/28/14 16:01,-64.86733,-2.974848
93,08/28/14 22:01,-64.867545,-2.975172
93,08/29/14 04:00,-64.867337,-2.975415
93,08/29/14 10:00,-64.869615,-2.974845
93,08/29/14 16:02,-64.870898,-2.974622
93,08/29/14 22:00,-64.882269,-2.970119
93,08/30/14 10:01,-64.91278,-2.966595
93,08/30/14 16:00,-64.912078,-2.965716
93,08/30/14 22:00,-64.912047,-2.965764
93,08/31/14 16:00,-64.912084,-2.965696
93,08/31/14 22:01,-64.912122,-2.96601
93,09/01/14 10:00,-64.903769,-2.967844
93,09/02/14 04:00,-64.912101,-2.966263
93,09/02/14 10:02,-64.909436,-2.967919
93,09/02/14 16:00,-64.87327,-2.973788
93,09/02/14 22:01,-64.873222,-2.973516
93,09/03/14 04:01,-64.873839,-2.974575
93,09/03/14 10:01,-64.873321,-2.974528
93,09/03/14 16:01,-64.872508,-2.974367
93,09/03/14 22:00,-64.871941,-2.975322
93,09/04/14 04:01,-64.871472,-2.975519
93,09/04/14 10:00,-64.870782,-2.975126
93,09/04/14 16:01,-64.869929,-2.975754
93,09/04/14 22:00,-64.866466,-2.982084
93,09/05/14 04:01,-64.867179,-2.988392
93,09/05/14 10:02,-64.867998,-2.990898
93,09/05/14 16:00,-64.871436,-2.991412
93,09/05/14 22:00,-64.869352,-2.989626
93,09/06/14 04:00,-64.868195,-2.986459
93,09/06/14 10:00,-64.911005,-2.962197
93,09/06/14 22:00,-64.912386,-2.948268
93,09/07/14 04:02,-64.904798,-2.946827
93,09/07/14 10:03,-64.875722,-2.955219
93,09/07/14 16:00,-64.859132,-2.962816
93,09/07/14 22:00,-64.857426,-2.96258
93,09/08/14 16:02,-64.837381,-3.000253
93,09/08/14 22:03,-64.83738,-2.999827
93,09/09/14 16:00,-64.849283,-2.977455
93,09/10/14 04:02,-64.871961,-2.966151
93,09/10/14 22:01,-64.873262,-2.963853
93,09/11/14 10:01,-64.827706,-2.999852
93,09/11/14 16:00,-64.833001,-2.992409
93,09/12/14 10:01,-64.865335,-3.009008
93,09/12/14 16:00,-64.866468,-3.00959
93,09/12/14 22:00,-64.869886,-3.011621
93,09/13/14 04:01,-64.879697,-3.010268
93,09/13/14 16:02,-64.877247,-3.016939
93,09/14/14 04:01,-64.877306,-3.025395
93,09/14/14 10:00,-64.868845,-3.027482
93,09/14/14 22:00,-64.868314,-3.02576
93,09/15/14 04:00,-64.867907,-3.025472
93,09/16/14 16:00,-64.823512,-3.073456
93,09/17/14 10:00,-64.817153,-3.035029
93,09/18/14 04:02,-64.846433,-3.025011
93,09/18/14 16:02,-64.846883,-2.982237
93,09/19/14 22:01,-64.905164,-2.948935
93,09/20/14 04:01,-64.883198,-2.968003
93,09/20/14 10:00,-64.884436,-2.971519
93,09/20/14 16:00,-64.884187,-2.971338
93,09/20/14 22:00,-64.892831,-2.991085
93,09/21/14 10:01,-64.856403,-3.006442
93,09/21/14 22:01,-64.856486,-3.006276
93,09/22/14 04:00,-64.856326,-3.006403
93,09/22/14 16:03,-64.852057,-2.986624
93,09/23/14 10:02,-64.836006,-3.019185
93,09/23/14 16:00,-64.834898,-3.01838
93,09/23/14 22:00,-64.823612,-3.0225
93,09/24/14 10:02,-64.816281,-3.026334
93,09/24/14 16:00,-64.833532,-3.020991
93,09/24/14 22:00,-64.836025,-3.018934
93,09/25/14 04:03,-64.844118,-2.961272
93,09/25/14 10:01,-64.852843,-2.956797
93,09/25/14 16:01,-64.876149,-2.996027
93,09/26/14 16:00,-64.852424,-3.022103
93,09/26/14 22:00,-64.85156,-3.023436
93,09/27/14 04:00,-64.856809,-3.029863
93,09/27/14 16:00,-64.862165,-3.024026
93,09/27/14 22:01,-64.867418,-2.997293
93,09/28/14 04:00,-64.861025,-2.97098
93,09/28/14 10:00,-64.840232,-2.992567
93,09/28/14 16:00,-64.842043,-3.008688
93,09/29/14 10:02,-64.837919,-3.01819
93,09/29/14 16:00,-64.839811,-3.016423
93,09/30/14 04:02,-64.845698,-3.00402
93,09/30/14 10:02,-64.845653,-3.00402
93,09/30/14 16:01,-64.84571,-3.003879
93,09/30/14 22:03,-64.841565,-2.989827
93,10/01/14 10:01,-64.86456,-2.972758
93,10/01/14 16:00,-64.875028,-2.971743
93,10/02/14 04:01,-64.890034,-2.988522
93,10/02/14 10:00,-64.88756,-2.996308
93,10/02/14 22:00,-64.889919,-3.007251
93,10/03/14 10:00,-64.896099,-2.98409
93,10/03/14 16:00,-64.897186,-2.982188
93,10/03/14 22:01,-64.897396,-2.980872
93,10/04/14 10:00,-64.880104,-2.999052
93,10/04/14 16:01,-64.87562,-3.000828
93,10/04/14 22:00,-64.875991,-3.000525
93,10/05/14 04:02,-64.875759,-3.000942
93,10/05/14 10:00,-64.875894,-3.000733
93,10/05/14 16:00,-64.875797,-3.000894
93,10/05/14 22:03,-64.867328,-2.986961
93,10/06/14 04:00,-64.88935,-2.986194
93,10/06/14 10:01,-64.886867,-2.990961
93,10/06/14 16:01,-64.886011,-2.989316
93,10/07/14 10:03,-64.881592,-2.969667
93,10/07/14 16:00,-64.876546,-2.971545
93,10/08/14 10:01,-64.874432,-2.975189
93,10/08/14 16:03,-64.877212,-2.976782
93,10/08/14 22:01,-64.881036,-2.971277
93,10/09/14 04:02,-64.868664,-2.988121
93,10/09/14 10:01,-64.881526,-2.983284
93,10/09/14 16:00,-64.88155,-2.983176
93,10/09/14 22:01,-64.885626,-2.990242
93,10/10/14 10:01,-64.882753,-2.995123
93,10/10/14 16:00,-64.882736,-2.995025
93,10/10/14 22:01,-64.882592,-2.994823
93,10/11/14 04:02,-64.882679,-2.995032
93,10/11/14 10:01,-64.882534,-2.994965
93,10/11/14 16:01,-64.883009,-2.994973
93,10/12/14 04:01,-64.881017,-3.002777
93,10/12/14 10:01,-64.881083,-3.003807
93,10/12/14 16:00,-64.873354,-3.013155
93,10/12/14 22:00,-64.87356,-3.015519
93,10/13/14 04:01,-64.864824,-3.021499
93,10/13/14 10:00,-64.862277,-3.023879
93,10/13/14 16:00,-64.862245,-3.023791
93,10/13/14 22:01,-64.852282,-3.020657
93,10/14/14 16:00,-64.852775,-2.98617
93,10/14/14 22:01,-64.856581,-2.99321
93,10/15/14 04:01,-64.856489,-2.993628
93,10/15/14 10:00,-64.853368,-2.984787
93,10/15/14 16:01,-64.848644,-2.982541
93,10/16/14 04:01,-64.846539,-2.977779
93,10/16/14 10:00,-64.850669,-2.975696
93,10/16/14 16:00,-64.854984,-2.974882
93,10/17/14 10:00,-64.866885,-2.993033
93,10/17/14 16:00,-64.866277,-3.000824
93,10/17/14 22:00,-64.867646,-3.001888
93,10/18/14 04:02,-64.866898,-3.002728
93,10/18/14 10:02,-64.865994,-3.001814
93,10/18/14 16:00,-64.866644,-2.998657
93,10/18/14 22:00,-64.867042,-2.996815
93,10/19/14 04:00,-64.867224,-2.997295
93,10/19/14 10:02,-64.867219,-2.99751
93,10/19/14 16:00,-64.866575,-2.996996
93,10/20/14 04:00,-64.894139,-2.984785
93,10/20/14 10:00,-64.894228,-2.984745
93,10/20/14 16:00,-64.894814,-2.984457
93,10/21/14 04:02,-64.882337,-2.996843
93,10/21/14 10:01,-64.88522,-2.999183
93,10/21/14 16:00,-64.885555,-2.999091
93,10/21/14 22:00,-64.884893,-2.998808
93,10/22/14 04:00,-64.890589,-3.002134
93,10/22/14 10:00,-64.890752,-3.002059
93,10/22/14 16:00,-64.889529,-3.004187
93,10/22/14 22:01,-64.869576,-3.01264
93,10/23/14 10:00,-64.833564,-3.018403
93,10/23/14 16:00,-64.826424,-3.021841
93,10/23/14 22:01,-64.823783,-3.018556
93,10/24/14 04:01,-64.829268,-3.015655
93,10/24/14 16:00,-64.836221,-3.003907
93,10/24/14 22:01,-64.836895,-3.003964
93,10/25/14 10:00,-64.839084,-3.00047
93,10/25/14 16:00,-64.839111,-3.000522
93,10/26/14 04:01,-64.838599,-2.999171
93,10/26/14 10:01,-64.837029,-2.999862
93,10/26/14 16:00,-64.837019,-2.997371
93,10/27/14 04:00,-64.856091,-2.987122
93,10/27/14 10:00,-64.857089,-3.006238
93,10/27/14 16:00,-64.856901,-3.006091
93,10/28/14 04:01,-64.856928,-3.006151
93,10/28/14 16:01,-64.86255,-3.010844
93,10/28/14 22:02,-64.866579,-3.024891
93,10/29/14 04:01,-64.885747,-3.012812
93,10/29/14 10:01,-64.885705,-3.012202
93,10/29/14 16:00,-64.886579,-3.011429
93,10/29/14 22:01,-64.89113,-3.002926
93,10/30/14 16:00,-64.886826,-2.994021
93,10/30/14 22:01,-64.899606,-2.984973
93,10/31/14 04:00,-64.907192,-2.984853
93,10/31/14 10:00,-64.908465,-2.983695
93,10/31/14 16:00,-64.88788,-2.963438
93,10/31/14 22:01,-64.865701,-2.95809
93,11/01/14 04:00,-64.878848,-2.957314
93,11/01/14 10:00,-64.86819,-2.970673
93,11/01/14 16:00,-64.871448,-2.972361
93,11/01/14 22:01,-64.875662,-2.976517
93,11/02/14 04:00,-64.879564,-2.999149
93,11/02/14 10:00,-64.876744,-3.009367
93,11/02/14 16:00,-64.876759,-3.009335
93,11/02/14 22:00,-64.884604,-3.019826
93,11/03/14 04:03,-64.874201,-3.026373
93,11/03/14 16:01,-64.871341,-3.025409
93,11/03/14 22:01,-64.864693,-3.032076
93,11/04/14 04:01,-64.85431,-3.029226
93,11/04/14 10:03,-64.854456,-3.029174
93,11/04/14 16:01,-64.85171,-3.02316
93,11/04/14 22:03,-64.850052,-3.024821
93,11/05/14 04:01,-64.847375,-3.028573
93,11/05/14 16:01,-64.843079,-3.03505
93,11/05/14 22:01,-64.836559,-3.046848
93,11/06/14 04:01,-64.837992,-3.049361
93,11/06/14 16:01,-64.837759,-3.049149
93,11/07/14 04:01,-64.849806,-3.039034
93,11/07/14 10:01,-64.850398,-3.03753
93,11/07/14 16:01,-64.851712,-3.027625
93,11/07/14 22:01,-64.848962,-3.010265
93,11/08/14 04:01,-64.857881,-2.994099
93,11/08/14 16:01,-64.855233,-3.007671
93,11/08/14 22:00,-64.83485,-3.017696
93,11/09/14 10:01,-64.817316,-3.005169
93,11/09/14 16:00,-64.827208,-2.990077
93,11/09/14 22:00,-64.827864,-2.999605
93,11/10/14 10:02,-64.834765,-2.988745
93,11/11/14 04:01,-64.862171,-3.002457
93,11/11/14 10:00,-64.860128,-3.002333
93,11/11/14 16:01,-64.878756,-3.008226
93,11/11/14 22:00,-64.888654,-3.009124
93,11/12/14 04:00,-64.890127,-3.007769
93,11/12/14 16:00,-64.889671,-3.007916
93,11/12/14 22:00,-64.874911,-3.0132
93,11/13/14 04:01,-64.874769,-3.013456
93,11/13/14 10:00,-64.874858,-3.013469
93,11/13/14 16:00,-64.874894,-3.013333
93,11/13/14 22:01,-64.874662,-3.013567
93,11/14/14 04:00,-64.880084,-3.014653
93,11/14/14 10:02,-64.880099,-3.014661
93,11/14/14 16:00,-64.849345,-2.980633
93,11/14/14 22:01,-64.854443,-2.974497
93,11/15/14 04:00,-64.847273,-2.964333
93,11/15/14 10:00,-64.847084,-2.96442
93,11/15/14 16:00,-64.844041,-2.967179
93,11/16/14 04:02,-64.845347,-2.999598
93,11/16/14 10:01,-64.845149,-3.000042
93,11/16/14 16:00,-64.845641,-3.004291
93,11/16/14 22:02,-64.857947,-2.995872
93,11/17/14 04:02,-64.857558,-2.995906
93,11/17/14 10:02,-64.857621,-2.995996
93,11/17/14 16:01,-64.862944,-2.996266
93,11/17/14 22:02,-64.854984,-3.011673
93,11/18/14 04:02,-64.824298,-3.021037
93,11/18/14 10:00,-64.817551,-3.020342
93,11/18/14 16:01,-64.817798,-3.020173
93,11/19/14 04:01,-64.838616,-3.000434
93,11/19/14 10:00,-64.838634,-2.99968
93,11/19/14 16:00,-64.837109,-2.997248
93,11/20/14 04:00,-64.827787,-3.035078
93,11/20/14 10:00,-64.839424,-3.019907
93,11/21/14 04:00,-64.88499,-3.009929
93,11/21/14 10:01,-64.885248,-3.009837
93,11/21/14 16:00,-64.877603,-2.992831
93,11/21/14 22:01,-64.853264,-2.99674
93,11/22/14 04:01,-64.84421,-3.014362
93,11/22/14 10:00,-64.844276,-3.014629
93,11/23/14 04:00,-64.824639,-3.0272
93,11/23/14 10:01,-64.84317,-3.020319
93,11/23/14 16:01,-64.843577,-3.020247
93,11/24/14 04:02,-64.843445,-3.020566
93,11/24/14 10:00,-64.843609,-3.020675
93,11/24/14 16:01,-64.838534,-3.011432
93,11/25/14 04:02,-64.851652,-3.015277
93,11/25/14 10:00,-64.857243,-3.009835
93,11/25/14 22:01,-64.841114,-2.980423
93,11/26/14 04:01,-64.827223,-2.99056
93,11/26/14 10:00,-64.827115,-2.990583
93,11/26/14 16:01,-64.827546,-2.989931
93,11/26/14 22:01,-64.825493,-2.989882
93,11/27/14 10:01,-64.838513,-3.019625
93,11/27/14 22:03,-64.837944,-3.018033
93,11/28/14 04:01,-64.843264,-3.016716
93,11/28/14 10:01,-64.846393,-3.017301
93,11/28/14 16:00,-64.849806,-3.012855
93,11/29/14 04:01,-64.85135,-3.036561
93,11/29/14 10:00,-64.851184,-3.036617
93,11/29/14 16:00,-64.850703,-3.036748
93,11/30/14 04:01,-64.849298,-3.030961
93,11/30/14 10:01,-64.849976,-3.03075
93,11/30/14 16:01,-64.849082,-3.030772
93,11/30/14 22:02,-64.838166,-3.044969
93,12/01/14 10:00,-64.838201,-3.045201
93,12/01/14 16:03,-64.837571,-3.045452
93,12/01/14 22:01,-64.839149,-3.044796
93,12/02/14 04:01,-64.837532,-3.047895
93,12/02/14 10:00,-64.837296,-3.047658
93,12/03/14 10:00,-64.847593,-3.029075
93,12/03/14 16:00,-64.847588,-3.029185
93,12/03/14 22:01,-64.856707,-3.010175
93,12/04/14 04:02,-64.854549,-2.990659
93,12/04/14 10:00,-64.850168,-2.99112
93,12/05/14 04:01,-64.825979,-2.987999
93,12/05/14 10:00,-64.827577,-2.988854
93,12/05/14 16:00,-64.829973,-2.987724
93,12/05/14 22:02,-64.834641,-2.960023
93,12/06/14 04:01,-64.844184,-2.961425
93,12/06/14 16:01,-64.845357,-2.966824
93,12/07/14 04:01,-64.854404,-2.981987
93,12/07/14 10:00,-64.854443,-2.982516
93,12/07/14 16:00,-64.854296,-2.98264
93,12/08/14 10:02,-64.81033,-3.063032
93,12/08/14 16:01,-64.810589,-3.063393
93,12/08/14 22:01,-64.821332,-3.057207
93,12/09/14 22:01,-64.82835,-3.044886
93,12/10/14 10:00,-64.858409,-3.025448
93,12/10/14 16:01,-64.858313,-3.024945
93,12/10/14 22:00,-64.866888,-3.025464
93,12/12/14 04:01,-64.856367,-3.007417
93,12/12/14 10:00,-64.856182,-3.007458
93,12/12/14 22:01,-64.845422,-2.978267
93,12/13/14 04:01,-64.845397,-2.978243
93,12/13/14 10:01,-64.845162,-2.978333
93,12/13/14 16:01,-64.845099,-2.978273
93,12/13/14 22:01,-64.840405,-2.97659
93,12/14/14 04:01,-64.835993,-2.973098
93,12/15/14 04:00,-64.814959,-3.017936
93,12/15/14 10:00,-64.816479,-3.017521
93,12/16/14 04:02,-64.820666,-3.016729
93,12/16/14 16:01,-64.821358,-3.017189
93,12/17/14 04:01,-64.835086,-2.985724
93,12/17/14 10:00,-64.835543,-2.9855
93,12/17/14 16:00,-64.83883,-2.986376
93,12/18/14 10:01,-64.873803,-2.990101
93,12/19/14 10:00,-64.874351,-3.027342
93,12/19/14 16:00,-64.874359,-3.026223
93,12/19/14 22:01,-64.868306,-3.025805
93,12/20/14 10:02,-64.859803,-3.023439
93,12/20/14 16:00,-64.859835,-3.02373
93,12/21/14 04:01,-64.866776,-2.982716
93,12/21/14 10:01,-64.868121,-2.982424
93,12/21/14 16:01,-64.867947,-2.983545
93,12/22/14 04:00,-64.885642,-2.988783
93,12/22/14 16:00,-64.874776,-2.99711
93,12/23/14 10:01,-64.820856,-3.023511
93,12/23/14 16:00,-64.831751,-3.019295
93,12/24/14 10:00,-64.831573,-2.969286
93,12/24/14 16:01,-64.847466,-2.955628
93,12/25/14 04:02,-64.848126,-2.958758
93,12/25/14 10:01,-64.848122,-2.958678
93,12/25/14 16:02,-64.848208,-2.958804
93,12/25/14 22:00,-64.847718,-2.96654
93,12/26/14 04:02,-64.845195,-2.969289
93,12/26/14 10:02,-64.848115,-2.978735
93,12/26/14 16:01,-64.84646,-2.992495
93,12/27/14 10:00,-64.845764,-2.977599
93,12/27/14 16:01,-64.845782,-2.977539
93,12/27/14 22:02,-64.862391,-2.997411
93,12/28/14 04:02,-64.886818,-3.016714
93,12/28/14 10:00,-64.886901,-3.01659
93,12/28/14 16:00,-64.885946,-3.00753
93,12/29/14 04:02,-64.857841,-3.006946
93,12/29/14 16:01,-64.877746,-3.010677
93,12/29/14 22:01,-64.870442,-3.012251
93,12/30/14 10:00,-64.874024,-3.01669
93,12/30/14 16:00,-64.873891,-3.016745
93,12/30/14 22:00,-64.844053,-3.036113
93,12/31/14 04:01,-64.843856,-3.052796
93,12/31/14 10:01,-64.843349,-3.052741
93,12/31/14 22:00,-64.843011,-3.062762
93,01/01/15 10:00,-64.819833,-3.067123
93,01/01/15 22:00,-64.836291,-3.048155
93,01/02/15 04:00,-64.843697,-3.034538
93,01/02/15 10:00,-64.843661,-3.034568
93,01/03/15 10:00,-64.836479,-3.021229
93,01/03/15 22:00,-64.825307,-3.016007
93,01/04/15 04:01,-64.825109,-3.016234
93,01/04/15 22:02,-64.837911,-2.988243
93,01/05/15 10:00,-64.843959,-2.976844
93,01/05/15 22:01,-64.829091,-3.009774
93,01/06/15 10:00,-64.817971,-3.01909
93,01/06/15 16:00,-64.831074,-3.017388
93,01/07/15 10:01,-64.853773,-3.004693
93,01/07/15 22:02,-64.854904,-3.002413
93,01/08/15 10:00,-64.857806,-2.995693
93,01/09/15 10:00,-64.86457,-2.996906
93,01/09/15 16:01,-64.865419,-2.995329
93,01/10/15 04:02,-64.86142,-2.965633
93,01/10/15 10:00,-64.873001,-2.987308
93,01/11/15 10:01,-64.844743,-3.035519
93,01/11/15 22:02,-64.840324,-3.033678
93,01/12/15 04:02,-64.840088,-3.0337
93,01/12/15 10:01,-64.840566,-3.033347
93,01/12/15 16:02,-64.844398,-3.041171
93,02/18/15 04:02,-64.832511,-3.031068
93,04/04/15 10:01,-64.85002,-3.083768
93,04/04/15 16:01,-64.849935,-3.084712
93,04/04/15 22:02,-64.849935,-3.083339
93,04/05/15 04:01,-64.840236,-3.078704
93,04/05/15 10:00,-64.838347,-3.073726
93,04/05/15 16:00,-64.838433,-3.073726
93,04/05/15 22:01,-64.838347,-3.073726
93,04/27/15 10:00,-64.776206,-3.103852
93,04/27/15 16:00,-64.776292,-3.103766
93,04/27/15 22:00,-64.776292,-3.103766
93,04/28/15 04:00,-64.775519,-3.10617
93,04/28/15 10:01,-64.775262,-3.10617
93,04/28/15 16:01,-64.775434,-3.106256
93,04/28/15 22:01,-64.775262,-3.106256
93,05/03/15 10:00,-64.782987,-3.100762
93,05/03/15 16:00,-64.782987,-3.100762
93,05/03/15 22:00,-64.783072,-3.100762
93,05/04/15 04:00,-64.782901,-3.100762
93,05/04/15 10:00,-64.782987,-3.100762
93,05/04/15 16:00,-64.782987,-3.100677
93,05/04/15 22:00,-64.782987,-3.100677
93,05/05/15 04:01,-64.782214,-3.101106
93,05/05/15 10:00,-64.782214,-3.101192
93,05/05/15 16:00,-64.782214,-3.101192
93,05/05/15 22:00,-64.782214,-3.101277
93,05/12/15 04:02,-64.773202,-3.101449
93,05/12/15 10:01,-64.773116,-3.101707
93,05/12/15 16:00,-64.773288,-3.101449
93,05/12/15 22:00,-64.773202,-3.101449
93,05/13/15 04:01,-64.773288,-3.101621
93,05/13/15 10:00,-64.773202,-3.101449
93,05/13/15 16:00,-64.77303,-3.101621
93,05/13/15 22:00,-64.773116,-3.101535
93,05/17/15 10:00,-64.787793,-3.107715
93,05/17/15 16:00,-64.791055,-3.104882
93,05/17/15 22:00,-64.791055,-3.104968
93,06/01/15 22:00,-64.825301,-3.037076
93,06/02/15 04:01,-64.825387,-3.037248
93,06/02/15 10:02,-64.825301,-3.037162
93,06/02/15 16:00,-64.825387,-3.037076
93,06/02/15 22:00,-64.826589,-3.040595
93,06/03/15 04:00,-64.826589,-3.040681
93,06/03/15 10:01,-64.826503,-3.040681
93,06/03/15 16:00,-64.826589,-3.040595
93,06/03/15 22:00,-64.826674,-3.040509
93,06/04/15 04:01,-64.82676,-3.040767
93,06/04/15 10:00,-64.826503,-3.040595
93,06/04/15 16:00,-64.826674,-3.039308
93,06/04/15 22:00,-64.826674,-3.039308
93,06/05/15 04:01,-64.828734,-3.029437
93,06/05/15 16:00,-64.834313,-3.026776
93,06/05/15 22:00,-64.834399,-3.026776
93,06/06/15 04:00,-64.838519,-3.024201
93,06/06/15 10:01,-64.827361,-3.034329
93,06/10/15 04:01,-64.811482,-3.035531
93,06/10/15 10:01,-64.820666,-3.033471
93,06/10/15 16:00,-64.820409,-3.033385
93,06/10/15 22:00,-64.82058,-3.033385
93,06/11/15 04:01,-64.821095,-3.03184
93,06/11/15 10:00,-64.828563,-3.029437
93,06/11/15 16:00,-64.828649,-3.029437
93,06/14/15 22:00,-64.849162,-3.012357
93,06/21/15 22:00,-64.840751,-3.039393
93,06/22/15 04:01,-64.834313,-3.0442
93,06/22/15 10:00,-64.832768,-3.049264
93,06/22/15 16:00,-64.832854,-3.049264
93,06/22/15 22:00,-64.832854,-3.04935
93,06/23/15 10:01,-64.824357,-3.05759
93,06/23/15 16:02,-64.822383,-3.058877
93,06/24/15 10:01,-64.818263,-3.064456
93,06/24/15 16:00,-64.817662,-3.064971
93,07/12/15 22:01,-64.850535,-3.036904
93,07/13/15 04:01,-64.851737,-3.035188
93,07/13/15 10:00,-64.851737,-3.035188
93,07/13/15 16:00,-64.851823,-3.035274
93,07/13/15 22:00,-64.851823,-3.035188
93,07/14/15 04:02,-64.851136,-3.034844
93,07/14/15 10:00,-64.851136,-3.032269
93,07/14/15 16:00,-64.851308,-3.029008
93,07/14/15 22:00,-64.851394,-3.029094
93,07/15/15 10:00,-64.843583,-3.020768
93,07/15/15 16:01,-64.843583,-3.020768
93,07/15/15 22:00,-64.843669,-3.020768
93,07/24/15 16:00,-64.823928,-3.040938
93,07/24/15 22:00,-64.824014,-3.040938
93,07/28/15 04:00,-64.808221,-3.067718
93,07/28/15 10:01,-64.808307,-3.067632
93,07/28/15 16:00,-64.811225,-3.068061
93,07/28/15 22:01,-64.811311,-3.068061
93,07/31/15 10:00,-64.816031,-3.087201
93,07/31/15 16:00,-64.816031,-3.087115
93,07/31/15 22:00,-64.816203,-3.086944
93,08/01/15 04:00,-64.813113,-3.090892
93,08/01/15 10:00,-64.813113,-3.090892
93,08/01/15 16:01,-64.813113,-3.09072
93,08/01/15 22:00,-64.813113,-3.090892
94,01/22/15 17:31,-64.867343,-2.990311
94,01/24/15 10:01,-64.874896,-2.973538
94,01/24/15 16:02,-64.874792,-2.973263
94,01/24/15 22:01,-64.876214,-2.971646
94,01/25/15 04:00,-64.876219,-2.971767
94,01/25/15 10:01,-64.876444,-2.965519
94,01/25/15 16:02,-64.876595,-2.965414
94,01/25/15 22:01,-64.876716,-2.965406
94,01/26/15 04:01,-64.87755,-2.965341
94,01/26/15 16:00,-64.881205,-2.943427
94,01/27/15 04:01,-64.884216,-2.938403
94,01/27/15 10:00,-64.899035,-2.935386
94,01/27/15 16:02,-64.899555,-2.934865
94,01/27/15 22:01,-64.899054,-2.937277
94,01/28/15 16:02,-64.875898,-2.94735
94,01/28/15 22:00,-64.876511,-2.931759
94,01/29/15 04:01,-64.879434,-2.930106
94,01/29/15 16:02,-64.881379,-2.925513
94,01/29/15 22:01,-64.876444,-2.924277
94,01/30/15 10:00,-64.848562,-2.936457
94,01/30/15 16:01,-64.848501,-2.936412
94,01/30/15 22:01,-64.842644,-2.960429
94,01/31/15 10:01,-64.852007,-3.010269
94,02/01/15 04:02,-64.841867,-2.97594
94,02/01/15 16:01,-64.870469,-2.967278
94,02/02/15 16:02,-64.881845,-2.950059
94,02/02/15 22:01,-64.88237,-2.950173
94,02/03/15 04:01,-64.885219,-2.947785
94,02/03/15 10:02,-64.882323,-2.933597
94,02/03/15 16:02,-64.878521,-2.933181
94,02/04/15 10:01,-64.914671,-2.936698
94,02/04/15 16:00,-64.911231,-2.946828
94,02/04/15 22:01,-64.909858,-2.950328
94,02/05/15 04:01,-64.903204,-2.948186
94,02/06/15 10:01,-64.856334,-2.931155
94,02/06/15 16:01,-64.856196,-2.931101
94,02/06/15 22:00,-64.854865,-2.931418
94,02/07/15 10:01,-64.853274,-2.931815
94,02/07/15 16:02,-64.852449,-2.931915
94,02/07/15 22:01,-64.852617,-2.925036
94,02/08/15 10:01,-64.910173,-2.935881
94,02/09/15 10:01,-64.872555,-2.973896
94,02/09/15 16:02,-64.866688,-2.976021
94,02/10/15 10:02,-64.837502,-2.958561
94,02/10/15 16:02,-64.839378,-2.967741
94,02/11/15 10:00,-64.865118,-2.964145
94,02/11/15 22:01,-64.873395,-2.963955
94,02/13/15 04:02,-64.833496,-2.968131
94,02/13/15 10:01,-64.838003,-2.957375
94,02/13/15 16:01,-64.848858,-2.952405
94,02/14/15 04:02,-64.861249,-2.939906
94,02/14/15 10:00,-64.886873,-2.920571
94,02/15/15 04:01,-64.878966,-2.915772
94,02/15/15 10:01,-64.890522,-2.90715
94,02/15/15 16:02,-64.890443,-2.907375
94,02/15/15 22:01,-64.890345,-2.907236
94,02/16/15 04:01,-64.890369,-2.907149
94,02/16/15 10:01,-64.893986,-2.904361
94,02/16/15 22:01,-64.893766,-2.903764
94,02/17/15 10:01,-64.911024,-2.917132
94,02/18/15 10:01,-64.909068,-2.938919
94,02/18/15 16:01,-64.911232,-2.946763
94,02/18/15 22:01,-64.894836,-2.962915
94,02/19/15 22:02,-64.87547,-2.972948
94,02/20/15 10:02,-64.890758,-2.94054
94,02/20/15 22:02,-64.878284,-2.931195
94,02/21/15 04:01,-64.877587,-2.931694
94,02/22/15 10:00,-64.871851,-2.916572
94,02/22/15 16:00,-64.892817,-2.905954
94,02/22/15 22:01,-64.899561,-2.898542
94,02/23/15 04:02,-64.905118,-2.88524
94,02/24/15 04:01,-64.917209,-2.883107
94,02/24/15 16:02,-64.898988,-2.899282
94,02/25/15 10:00,-64.891993,-2.906705
94,02/25/15 16:00,-64.888321,-2.922822
94,02/25/15 22:02,-64.888279,-2.922813
94,02/26/15 04:01,-64.887394,-2.923505
94,02/26/15 10:01,-64.899895,-2.917315
94,02/26/15 16:02,-64.908924,-2.910582
94,02/27/15 04:01,-64.909007,-2.90983
94,02/28/15 16:02,-64.902709,-2.936652
94,03/01/15 04:02,-64.898391,-2.931791
94,03/01/15 10:02,-64.913177,-2.902384
94,03/02/15 04:01,-64.922505,-2.880874
94,03/02/15 10:02,-64.929914,-2.868546
94,03/02/15 16:02,-64.929886,-2.868606
94,03/02/15 22:02,-64.934202,-2.861417
94,03/03/15 04:02,-64.928691,-2.868233
94,03/04/15 04:01,-64.926459,-2.871929
94,03/04/15 16:00,-64.921697,-2.869082
94,03/04/15 22:01,-64.920657,-2.869041
94,03/05/15 04:01,-64.921017,-2.870035
94,03/05/15 10:02,-64.921491,-2.879309
94,03/05/15 16:02,-64.933066,-2.862076
94,03/06/15 04:01,-64.944175,-2.856696
94,03/06/15 22:01,-64.909303,-2.907942
94,03/07/15 04:02,-64.905103,-2.913961
94,03/07/15 16:01,-64.872712,-2.938627
94,03/07/15 22:02,-64.872479,-2.938535
94,03/08/15 22:02,-64.900935,-2.91708
94,03/09/15 04:01,-64.903044,-2.91553
94,03/10/15 04:02,-64.909135,-2.910604
94,03/11/15 04:02,-64.889573,-2.911771
94,03/11/15 10:02,-64.887642,-2.907749
94,03/12/15 10:00,-64.90661,-2.91216
94,03/13/15 04:02,-64.906004,-2.913459
94,03/13/15 10:02,-64.89492,-2.925352
94,03/14/15 10:01,-64.889259,-2.92176
94,03/14/15 16:01,-64.899739,-2.91786
94,03/15/15 22:02,-64.916719,-2.886071
94,03/16/15 04:01,-64.925538,-2.866919
94,03/16/15 10:02,-64.926239,-2.867972
94,03/17/15 04:02,-64.925144,-2.867913
94,03/17/15 16:03,-64.908882,-2.910627
94,03/18/15 04:02,-64.908827,-2.910628
94,03/19/15 04:01,-64.913295,-2.948327
94,03/19/15 16:02,-64.896685,-2.967121
94,03/20/15 10:01,-64.855258,-2.989723
94,03/21/15 16:02,-64.909888,-2.907937
94,03/23/15 04:01,-64.900665,-2.931686
94,03/23/15 10:01,-64.890368,-2.927161
94,03/24/15 22:02,-64.840865,-2.938502
94,03/25/15 10:00,-64.846195,-2.965789
94,03/25/15 16:02,-64.8341,-2.97388
94,03/26/15 10:01,-64.863086,-2.98105
94,03/26/15 22:02,-64.887389,-2.968448
94,03/27/15 04:00,-64.907613,-2.935588
94,03/27/15 10:01,-64.898019,-2.928186
94,03/27/15 16:01,-64.897584,-2.928344
94,03/27/15 22:01,-64.890323,-2.927627
94,03/28/15 04:00,-64.884385,-2.914366
94,03/28/15 10:03,-64.90237,-2.895155
94,03/29/15 04:02,-64.910474,-2.87769
94,03/29/15 10:00,-64.917876,-2.874322
94,03/30/15 04:02,-64.912075,-2.879584
94,03/31/15 04:01,-64.893928,-2.910656
94,03/31/15 22:02,-64.842366,-2.925977
94,04/01/15 04:00,-64.835339,-2.947543
94,04/01/15 10:03,-64.835837,-2.973838
94,04/02/15 04:03,-64.860254,-2.976163
94,04/02/15 16:02,-64.880732,-2.950835
94,04/03/15 04:01,-64.836215,-2.941649
94,04/03/15 10:00,-64.853485,-2.923634
94,04/03/15 22:00,-64.875503,-2.914308
94,04/04/15 04:02,-64.901251,-2.916761
94,04/04/15 22:01,-64.90556,-2.8851
94,04/05/15 22:02,-64.916648,-2.885901
94,04/06/15 22:03,-64.903296,-2.893159
94,04/07/15 22:02,-64.903285,-2.893508
94,04/09/15 04:01,-64.914857,-2.86333
94,04/09/15 10:01,-64.918367,-2.861281
94,04/09/15 16:01,-64.932228,-2.848976
94,04/09/15 22:02,-64.932173,-2.849043
94,04/10/15 10:00,-64.914084,-2.877421
94,04/10/15 16:01,-64.91248,-2.87856
94,04/11/15 10:01,-64.910112,-2.900102
94,04/13/15 04:00,-64.910992,-2.890679
94,04/13/15 16:02,-64.904933,-2.888926
94,04/14/15 04:00,-64.907676,-2.881629
94,04/14/15 16:01,-64.895774,-2.881963
94,04/14/15 22:03,-64.905581,-2.883294
94,04/15/15 04:00,-64.90541,-2.883284
94,04/15/15 10:02,-64.905524,-2.88321
94,04/15/15 16:02,-64.905671,-2.884567
94,04/16/15 04:01,-64.892486,-2.891427
94,04/17/15 04:02,-64.901091,-2.877883
94,04/17/15 10:00,-64.907795,-2.875921
94,04/17/15 16:01,-64.916726,-2.886202
94,04/17/15 22:01,-64.899735,-2.898876
94,04/18/15 04:01,-64.891725,-2.900479
94,04/18/15 10:02,-64.896308,-2.90231
94,04/18/15 22:01,-64.897155,-2.901483
94,04/19/15 10:00,-64.907784,-2.875193
94,04/19/15 16:01,-64.896016,-2.881736
94,04/19/15 22:01,-64.89584,-2.881777
94,04/20/15 04:02,-64.889201,-2.889578
94,04/20/15 10:02,-64.897195,-2.901587
94,04/20/15 16:02,-64.897167,-2.901427
94,04/20/15 22:00,-64.89707,-2.901365
94,04/21/15 04:00,-64.909687,-2.897024
94,04/21/15 16:02,-64.895259,-2.882481
94,04/21/15 22:01,-64.895157,-2.882439
94,04/22/15 10:02,-64.912149,-2.874835
94,04/22/15 16:01,-64.911819,-2.874921
94,04/22/15 22:01,-64.912037,-2.874843
94,04/23/15 10:00,-64.9042,-2.845831
94,04/23/15 16:01,-64.903901,-2.845368
94,04/23/15 22:00,-64.907418,-2.84082
94,04/24/15 04:01,-64.896221,-2.82974
94,04/24/15 10:00,-64.8968,-2.830647
94,04/24/15 22:01,-64.903638,-2.831851
94,04/25/15 22:01,-64.895731,-2.881945
94,04/26/15 16:02,-64.835824,-2.930721
94,04/26/15 22:02,-64.835564,-2.931128
94,04/27/15 04:00,-64.846383,-2.928449
94,04/27/15 16:00,-64.897099,-2.901283
94,04/27/15 22:01,-64.897213,-2.901488
94,04/28/15 10:01,-64.910952,-2.886693
94,04/28/15 16:00,-64.898933,-2.898956
94,04/28/15 22:00,-64.899037,-2.899027
94,04/29/15 10:01,-64.909378,-2.878783
94,04/29/15 16:01,-64.919347,-2.863615
94,04/29/15 22:01,-64.919131,-2.863641
94,04/30/15 10:00,-64.8967,-2.830692
94,04/30/15 16:00,-64.896681,-2.830583
94,04/30/15 22:00,-64.897022,-2.8305
94,05/01/15 04:01,-64.890861,-2.82291
94,05/01/15 10:01,-64.896561,-2.808214
94,05/01/15 16:01,-64.896497,-2.808201
94,05/01/15 22:00,-64.896414,-2.808344
94,05/02/15 10:00,-64.90731,-2.840852
94,05/02/15 16:01,-64.907411,-2.840779
94,05/02/15 22:01,-64.907361,-2.840921
94,05/03/15 04:00,-64.906945,-2.838904
94,05/03/15 10:00,-64.90937,-2.847264
94,05/03/15 16:01,-64.915196,-2.853485
94,05/03/15 22:01,-64.916034,-2.853681
94,05/04/15 04:00,-64.917094,-2.858563
94,05/04/15 10:01,-64.917548,-2.858086
94,05/04/15 16:00,-64.915913,-2.853883
94,05/04/15 22:02,-64.915952,-2.853998
94,05/05/15 10:01,-64.935006,-2.855788
94,05/05/15 16:01,-64.934483,-2.855452
94,05/05/15 22:01,-64.934634,-2.855278
94,05/06/15 10:00,-64.955395,-2.851284
94,05/06/15 16:00,-64.955416,-2.851187
94,05/06/15 22:00,-64.955328,-2.851178
94,05/07/15 04:01,-64.969735,-2.848197
94,05/07/15 10:00,-64.978203,-2.844628
94,05/07/15 16:00,-64.978178,-2.844618
94,05/07/15 22:00,-64.977157,-2.842616
94,05/08/15 04:00,-64.954703,-2.842294
94,05/08/15 10:00,-64.95494,-2.843472
94,05/08/15 16:01,-64.954245,-2.845455
94,05/08/15 22:02,-64.954378,-2.845396
94,05/09/15 04:02,-64.954739,-2.841211
94,05/09/15 10:01,-64.954713,-2.841192
94,05/09/15 16:00,-64.955209,-2.840467
94,05/09/15 22:00,-64.95535,-2.840481
94,05/10/15 04:01,-64.946847,-2.850081
94,05/10/15 10:01,-64.944452,-2.848839
94,05/10/15 16:01,-64.944575,-2.84879
94,05/10/15 22:01,-64.944455,-2.848738
94,05/11/15 04:01,-64.943859,-2.851121
94,05/11/15 10:00,-64.943816,-2.851034
94,05/11/15 16:01,-64.939023,-2.849129
94,05/11/15 22:01,-64.932642,-2.841114
94,05/12/15 10:01,-64.929376,-2.803519
94,05/12/15 16:00,-64.929402,-2.80348
94,05/12/15 22:00,-64.929422,-2.803496
94,05/13/15 04:01,-64.924924,-2.802664
94,05/13/15 10:01,-64.903205,-2.809699
94,05/13/15 16:01,-64.903195,-2.809511
94,05/13/15 22:02,-64.903281,-2.809595
94,05/14/15 10:00,-64.90176,-2.839833
94,05/14/15 16:00,-64.916468,-2.853634
94,05/14/15 22:00,-64.916852,-2.844443
94,05/15/15 04:00,-64.916634,-2.844647
94,05/15/15 10:00,-64.91773,-2.863214
94,05/15/15 16:00,-64.917706,-2.85806
94,05/15/15 22:00,-64.91766,-2.85806
94,05/16/15 04:01,-64.921476,-2.858972
94,05/16/15 10:00,-64.912433,-2.857051
94,05/16/15 16:00,-64.912489,-2.857166
94,05/16/15 22:01,-64.912508,-2.857138
94,05/17/15 04:00,-64.905711,-2.848448
94,05/17/15 16:01,-64.896721,-2.830625
94,05/17/15 22:00,-64.903572,-2.831809
94,05/18/15 04:02,-64.896729,-2.830632
94,05/18/15 10:00,-64.899263,-2.822665
94,05/18/15 16:00,-64.899271,-2.822584
94,05/18/15 22:00,-64.899272,-2.822667
94,05/19/15 04:01,-64.900903,-2.810421
94,05/19/15 10:01,-64.894871,-2.80375
94,05/19/15 22:01,-64.9158,-2.797111
94,05/20/15 04:00,-64.932184,-2.773651
94,05/20/15 10:00,-64.937715,-2.756128
94,05/20/15 16:01,-64.937846,-2.756139
94,05/20/15 22:00,-64.937842,-2.756153
94,05/21/15 16:01,-64.988753,-2.805175
94,05/21/15 22:00,-64.984414,-2.813962
94,05/22/15 16:02,-64.951004,-2.852083
94,05/22/15 22:00,-64.950975,-2.852078
94,05/23/15 04:00,-64.935966,-2.854529
94,05/23/15 16:00,-64.933488,-2.856201
94,05/23/15 22:00,-64.933514,-2.856315
94,05/24/15 04:00,-64.933459,-2.856281
94,05/24/15 10:00,-64.930042,-2.858173
94,05/24/15 16:01,-64.930619,-2.857859
94,05/24/15 22:00,-64.930695,-2.857898
94,05/25/15 10:00,-64.912495,-2.857142
94,05/25/15 16:01,-64.912593,-2.857037
94,05/25/15 22:01,-64.912444,-2.857067
94,05/26/15 04:01,-64.913465,-2.859245
94,05/26/15 10:01,-64.920354,-2.861515
94,05/26/15 16:00,-64.921219,-2.861332
94,05/26/15 22:01,-64.921218,-2.861226
94,05/27/15 10:00,-64.908027,-2.851055
94,05/27/15 22:00,-64.91504,-2.853436
94,05/28/15 04:01,-64.90813,-2.845753
94,05/28/15 10:00,-64.908225,-2.845698
94,05/28/15 16:00,-64.908415,-2.843712
94,05/28/15 22:00,-64.908177,-2.843543
94,05/29/15 16:00,-64.901904,-2.839782
94,05/29/15 22:01,-64.901781,-2.839809
94,05/30/15 10:01,-64.903585,-2.832961
94,05/30/15 16:01,-64.903582,-2.832896
94,05/30/15 22:01,-64.903527,-2.833018
94,05/31/15 04:02,-64.893114,-2.823494
94,05/31/15 10:00,-64.889827,-2.810385
94,05/31/15 16:00,-64.890245,-2.81211
94,05/31/15 22:01,-64.890258,-2.812182
94,06/01/15 10:01,-64.89732,-2.796162
94,06/01/15 16:01,-64.897162,-2.796273
94,06/01/15 22:00,-64.904671,-2.803547
94,06/02/15 04:02,-64.9049,-2.81816
94,06/02/15 10:00,-64.905734,-2.842166
94,06/02/15 16:02,-64.913407,-2.847313
94,06/02/15 22:00,-64.913252,-2.84714
94,06/03/15 04:01,-64.908501,-2.848616
94,06/03/15 10:01,-64.911071,-2.856141
94,06/03/15 16:00,-64.915109,-2.85348
94,06/03/15 22:00,-64.915215,-2.853447
94,06/04/15 04:00,-64.913401,-2.859388
94,06/04/15 10:00,-64.9135,-2.859418
94,06/04/15 16:01,-64.913492,-2.859441
94,06/04/15 22:01,-64.913464,-2.859448
94,06/05/15 04:01,-64.913419,-2.859434
94,06/05/15 10:00,-64.913517,-2.859455
94,06/05/15 16:00,-64.913614,-2.859719
94,06/05/15 22:00,-64.913536,-2.859728
94,06/06/15 10:00,-64.905305,-2.881844
94,06/06/15 16:01,-64.91031,-2.882079
94,06/06/15 22:00,-64.902009,-2.889032
94,06/07/15 04:01,-64.891613,-2.896373
94,06/07/15 10:01,-64.897281,-2.901316
94,06/07/15 16:00,-64.896835,-2.895477
94,06/07/15 22:00,-64.896902,-2.895553
94,06/08/15 10:00,-64.906084,-2.874598
94,06/08/15 16:00,-64.91315,-2.859216
94,06/08/15 22:00,-64.913638,-2.859438
94,06/09/15 04:01,-64.91344,-2.859434
94,06/09/15 10:00,-64.913478,-2.85943
94,06/09/15 16:00,-64.913482,-2.859371
94,06/09/15 22:00,-64.913467,-2.85946
94,06/10/15 04:01,-64.91981,-2.863532
94,06/10/15 10:01,-64.919935,-2.863525
94,06/10/15 16:00,-64.918426,-2.861308
94,06/11/15 10:00,-64.930673,-2.857835
94,06/11/15 16:01,-64.931004,-2.857731
94,06/11/15 22:00,-64.930851,-2.858026
94,06/12/15 04:00,-64.93682,-2.854024
94,06/12/15 10:01,-64.939075,-2.854626
94,06/12/15 16:01,-64.939011,-2.854701
94,06/12/15 22:00,-64.939129,-2.854678
94,06/13/15 04:00,-64.930417,-2.853462
94,06/13/15 10:01,-64.923256,-2.848782
94,06/13/15 16:00,-64.923245,-2.848785
94,06/13/15 22:00,-64.923213,-2.848902
94,06/14/15 16:00,-64.903591,-2.832999
94,06/14/15 22:00,-64.90362,-2.833035
94,06/15/15 04:01,-64.895803,-2.832938
94,06/15/15 10:00,-64.901922,-2.839862
94,06/15/15 16:00,-64.904443,-2.835166
94,06/15/15 22:00,-64.904475,-2.835104
94,06/16/15 04:02,-64.902912,-2.813955
94,06/16/15 10:01,-64.902894,-2.813928
94,06/16/15 16:01,-64.902929,-2.813833
94,06/16/15 22:00,-64.902754,-2.813966
94,06/17/15 04:01,-64.895102,-2.806626
94,06/17/15 16:00,-64.899217,-2.822652
94,06/17/15 22:00,-64.899193,-2.822667
94,06/18/15 10:00,-64.901369,-2.830908
94,06/18/15 16:00,-64.903578,-2.832836
94,06/18/15 22:00,-64.903598,-2.832894
94,06/19/15 04:00,-64.903429,-2.832891
94,06/19/15 10:00,-64.90191,-2.839963
94,06/19/15 16:00,-64.903616,-2.832624
94,06/19/15 22:00,-64.903683,-2.832828
94,06/20/15 10:00,-64.905829,-2.83715
94,06/20/15 16:00,-64.9058,-2.837163
94,06/20/15 22:00,-64.905779,-2.837209
94,06/21/15 10:00,-64.913673,-2.852675
94,06/21/15 16:00,-64.913717,-2.852745
94,06/21/15 22:00,-64.923264,-2.848811
94,06/22/15 04:00,-64.9121,-2.852345
94,06/22/15 10:00,-64.934947,-2.855801
94,06/22/15 16:00,-64.93223,-2.848835
94,06/22/15 22:00,-64.932236,-2.849189
94,06/23/15 16:01,-64.902151,-2.826886
94,06/23/15 22:01,-64.902151,-2.826902
94,06/24/15 04:00,-64.902233,-2.826859
94,06/24/15 10:01,-64.902173,-2.826872
94,06/24/15 16:01,-64.902255,-2.826872
94,06/24/15 22:00,-64.90218,-2.82692
94,06/25/15 04:00,-64.9023,-2.826781
94,06/25/15 10:01,-64.902128,-2.826914
94,06/25/15 16:00,-64.902317,-2.826842
94,06/25/15 22:00,-64.902149,-2.826849
94,06/26/15 04:00,-64.901613,-2.828772
94,06/26/15 10:01,-64.901803,-2.829334
94,06/26/15 16:00,-64.898974,-2.832927
94,06/26/15 22:01,-64.899177,-2.832996
94,06/27/15 04:00,-64.903685,-2.832643
94,06/27/15 16:00,-64.903102,-2.82035
94,06/27/15 22:00,-64.902839,-2.820413
94,06/28/15 04:01,-64.896206,-2.829686
94,06/28/15 10:01,-64.89672,-2.830623
94,06/28/15 16:00,-64.903688,-2.831912
94,06/28/15 22:00,-64.903498,-2.83197
94,06/29/15 04:01,-64.902807,-2.842886
94,06/29/15 16:01,-64.90212,-2.840076
94,06/29/15 22:00,-64.902035,-2.840134
94,06/30/15 04:00,-64.901961,-2.839962
94,06/30/15 10:00,-64.901906,-2.840017
94,06/30/15 16:00,-64.916502,-2.853639
94,06/30/15 22:00,-64.916679,-2.853629
94,07/01/15 04:02,-64.914149,-2.854889
94,07/01/15 16:00,-64.90536,-2.83587
94,07/01/15 22:00,-64.905208,-2.836011
94,07/02/15 04:00,-64.898753,-2.831096
94,07/02/15 10:01,-64.897943,-2.830225
94,07/02/15 16:02,-64.898005,-2.830229
94,07/02/15 22:01,-64.898298,-2.830243
94,07/03/15 10:01,-64.88918,-2.820186
94,07/03/15 16:00,-64.896156,-2.820171
94,07/03/15 22:01,-64.896269,-2.820478
94,07/04/15 16:01,-64.898824,-2.788381
94,07/04/15 22:00,-64.898866,-2.788349
94,07/05/15 04:00,-64.904999,-2.804328
94,07/05/15 10:00,-64.903577,-2.80885
94,07/05/15 16:00,-64.903537,-2.809055
94,07/05/15 22:00,-64.903769,-2.808987
94,07/06/15 04:00,-64.902693,-2.82043
94,07/06/15 10:00,-64.901869,-2.820513
94,07/06/15 16:01,-64.901952,-2.820719
94,07/06/15 22:00,-64.902401,-2.820135
94,07/07/15 10:00,-64.902015,-2.840087
94,07/07/15 16:00,-64.905515,-2.837099
94,07/07/15 22:00,-64.90582,-2.837281
94,07/08/15 04:01,-64.903086,-2.844329
94,07/08/15 16:00,-64.902082,-2.840026
94,07/08/15 22:01,-64.905304,-2.836099
94,07/09/15 04:02,-64.905224,-2.836291
94,07/09/15 10:00,-64.905048,-2.836331
94,07/09/15 16:00,-64.906819,-2.824309
94,07/09/15 22:01,-64.906641,-2.824245
94,07/10/15 04:00,-64.902696,-2.824564
94,07/10/15 10:00,-64.902896,-2.820351
94,07/10/15 16:00,-64.902736,-2.82041
94,07/10/15 22:00,-64.902812,-2.820433
94,07/11/15 10:00,-64.896701,-2.830492
94,07/11/15 16:00,-64.899223,-2.822637
94,07/11/15 22:00,-64.899174,-2.822714
94,07/12/15 04:02,-64.898954,-2.822463
94,07/12/15 10:00,-64.898892,-2.822391
94,07/12/15 16:01,-64.896212,-2.820191
94,07/12/15 22:00,-64.896507,-2.808235
94,07/13/15 04:02,-64.889672,-2.807668
94,07/13/15 10:01,-64.883271,-2.794801
94,07/13/15 16:00,-64.898902,-2.788312
94,07/13/15 22:00,-64.898767,-2.788284
94,07/14/15 10:00,-64.923548,-2.794328
94,07/14/15 16:01,-64.923436,-2.794317
94,07/14/15 22:00,-64.923416,-2.794717
94,07/15/15 10:01,-64.933002,-2.827973
94,07/15/15 16:00,-64.933016,-2.827985
94,07/15/15 22:00,-64.939506,-2.821373
94,07/16/15 04:01,-64.93831,-2.830263
94,07/16/15 10:00,-64.931296,-2.83702
94,07/16/15 16:00,-64.931395,-2.837135
94,07/16/15 22:00,-64.931428,-2.837121
94,07/17/15 10:00,-64.916493,-2.853664
94,07/17/15 16:00,-64.913833,-2.852648
94,07/17/15 22:00,-64.915144,-2.853451
94,07/18/15 04:01,-64.905981,-2.846636
94,07/18/15 10:01,-64.90182,-2.840055
94,07/18/15 16:01,-64.902031,-2.83992
94,07/18/15 22:00,-64.901873,-2.839908
94,07/19/15 10:01,-64.896182,-2.820145
94,07/19/15 16:00,-64.896195,-2.820179
94,07/19/15 22:01,-64.896138,-2.820156
94,07/20/15 04:01,-64.89623,-2.820108
94,07/20/15 10:01,-64.896144,-2.820135
94,07/20/15 16:00,-64.902932,-2.820326
94,07/20/15 22:00,-64.902706,-2.82054
94,07/21/15 10:01,-64.901923,-2.839991
94,07/21/15 16:01,-64.915283,-2.853366
94,07/21/15 22:00,-64.916487,-2.84581
94,07/22/15 04:01,-64.914577,-2.861898
94,07/22/15 10:01,-64.919734,-2.863402
94,07/22/15 16:00,-64.918042,-2.854117
94,07/22/15 22:01,-64.917935,-2.854007
94,07/23/15 04:00,-64.917914,-2.854098
94,07/23/15 10:00,-64.913466,-2.85944
94,07/23/15 22:01,-64.916378,-2.854131
94,07/24/15 04:00,-64.913196,-2.861747
94,07/24/15 10:01,-64.91065,-2.880496
94,07/24/15 16:00,-64.910684,-2.880429
94,07/24/15 22:01,-64.930286,-2.884835
94,07/25/15 10:00,-64.930666,-2.857777
94,07/25/15 16:00,-64.931512,-2.854306
94,07/25/15 22:00,-64.931576,-2.854269
94,07/26/15 10:00,-64.912441,-2.857116
94,07/26/15 16:00,-64.912391,-2.857182
94,07/26/15 22:00,-64.912208,-2.857255
94,07/27/15 04:01,-64.912462,-2.857079
94,07/27/15 10:01,-64.912433,-2.857061
94,07/27/15 22:02,-64.908602,-2.852716
94,07/28/15 10:02,-64.909371,-2.853582
94,07/28/15 16:02,-64.908662,-2.852753
94,07/29/15 10:02,-64.908773,-2.852715
94,07/30/15 10:02,-64.908676,-2.852751
94,07/30/15 16:02,-64.90849,-2.852755
94,07/31/15 10:02,-64.908878,-2.852821
95,01/21/15 00:01,-64.837489,-3.059821
95,01/21/15 02:01,-64.837403,-3.060679
95,01/21/15 04:00,-64.837403,-3.060594
95,01/21/15 06:01,-64.837403,-3.060679
95,01/21/15 08:00,-64.837232,-3.060594
95,01/21/15 10:01,-64.837403,-3.060679
95,01/21/15 12:01,-64.837317,-3.060594
95,01/21/15 14:01,-64.837317,-3.060594
95,01/25/15 14:01,-64.875083,-3.068233
95,02/20/15 18:01,-64.860663,-3.095956
95,02/20/15 20:02,-64.860148,-3.096042
95,02/24/15 06:02,-64.890704,-3.044887
95,02/24/15 08:01,-64.890704,-3.04523
95,02/24/15 12:00,-64.891047,-3.04523
95,02/24/15 18:02,-64.890704,-3.04523
95,02/24/15 20:01,-64.890876,-3.046346
95,03/04/15 20:01,-64.857316,-3.096213
95,03/04/15 22:01,-64.855342,-3.096557
95,03/09/15 16:00,-64.861436,-3.060851
95,03/09/15 18:02,-64.861436,-3.060937
95,03/09/15 20:00,-64.861264,-3.060937
95,03/09/15 22:00,-64.856801,-3.057761
95,03/10/15 00:01,-64.855943,-3.048663
95,03/10/15 02:00,-64.857059,-3.04832
95,03/29/15 00:02,-64.857059,-3.081965
95,04/17/15 14:01,-64.89491,-3.076386
95,04/17/15 16:02,-64.893622,-3.076987
95,04/17/15 18:00,-64.893365,-3.078189
95,04/17/15 20:01,-64.893365,-3.078189
95,04/17/15 22:01,-64.893451,-3.078275
95,04/25/15 08:00,-64.836888,-3.083425
95,04/25/15 10:00,-64.842896,-3.081365
95,04/25/15 12:00,-64.843669,-3.081536
95,05/17/15 16:01,-64.834485,-3.092437
95,05/19/15 08:01,-64.845815,-3.0866
95,05/19/15 10:01,-64.848733,-3.086514
95,05/19/15 12:02,-64.85148,-3.084025
95,05/19/15 14:01,-64.85148,-3.084197
95,05/19/15 16:00,-64.85148,-3.084111
95,05/19/15 18:00,-64.851651,-3.084197
95,05/19/15 20:00,-64.851394,-3.084111
95,05/23/15 18:00,-64.893279,-3.062739
95,05/23/15 20:01,-64.893193,-3.062739
95,05/23/15 22:01,-64.893107,-3.062739
95,05/24/15 00:00,-64.893107,-3.062654
95,08/14/15 12:01,-64.880834,-3.032784
95,08/14/15 16:00,-64.881263,-3.03184
95,08/15/15 02:00,-64.881263,-3.03287
95,08/15/15 06:01,-64.886756,-3.0339
95,08/15/15 12:01,-64.850707,-3.052096
95,08/15/15 14:01,-64.850707,-3.052182
95,08/15/15 16:00,-64.852853,-3.050723
95,09/26/15 04:00,-64.897313,-3.045487
95,09/26/15 06:00,-64.899201,-3.048234
95,09/26/15 08:00,-64.899116,-3.04832
95,09/26/15 10:00,-64.899201,-3.04832
95,09/26/15 12:01,-64.898858,-3.048406
95,09/26/15 14:00,-64.896798,-3.049436
95,09/26/15 16:02,-64.896884,-3.049264
95,09/28/15 22:01,-64.88461,-3.043342
95,09/29/15 00:03,-64.884696,-3.043342
96,02/17/15 22:01,-64.853468,-3.044054
96,02/18/15 04:01,-64.852683,-3.045567
96,02/18/15 10:01,-64.856106,-3.033768
96,02/18/15 16:02,-64.859735,-3.025085
96,02/18/15 22:03,-64.85914,-3.016248
96,02/19/15 04:02,-64.85466,-3.025348
96,02/19/15 16:01,-64.859234,-3.024933
96,02/20/15 04:02,-64.861635,-3.036594
96,02/20/15 10:01,-64.861821,-3.036643
96,02/21/15 04:01,-64.865674,-2.980746
96,02/21/15 22:02,-64.861865,-2.979917
96,02/22/15 04:02,-64.861877,-2.980122
96,02/22/15 10:02,-64.861845,-2.980093
96,02/23/15 04:01,-64.863861,-3.000954
96,02/23/15 10:01,-64.852189,-3.009342
96,02/23/15 16:02,-64.855408,-3.0056
96,02/23/15 22:02,-64.854589,-3.006078
96,02/24/15 04:01,-64.859657,-3.009636
96,02/24/15 10:02,-64.859205,-3.027451
96,02/24/15 16:00,-64.861155,-3.027812
96,02/25/15 04:00,-64.858431,-3.030903
96,02/25/15 10:01,-64.858576,-3.030891
96,02/25/15 16:01,-64.86119,-3.033016
96,02/26/15 04:01,-64.866154,-3.001089
96,02/26/15 10:00,-64.866404,-3.001169
96,02/26/15 16:01,-64.864685,-3.007337
96,02/26/15 22:02,-64.864786,-3.0073
96,02/27/15 04:01,-64.864679,-3.007394
96,02/28/15 10:01,-64.876955,-3.010221
96,02/28/15 16:01,-64.86844,-2.994817
96,02/28/15 22:01,-64.868343,-2.99111
96,03/01/15 04:02,-64.860317,-2.986001
96,03/01/15 16:02,-64.840258,-3.026027
96,03/02/15 04:00,-64.836149,-3.030972
96,03/02/15 10:02,-64.836252,-3.031058
96,03/02/15 16:02,-64.836522,-3.032097
96,03/03/15 04:00,-64.836498,-3.031951
96,03/03/15 16:01,-64.861253,-3.010182
96,03/04/15 04:01,-64.857853,-3.015194
96,03/04/15 10:01,-64.857954,-3.01505
96,03/04/15 16:01,-64.857981,-3.014974
96,03/05/15 04:01,-64.840733,-3.030574
96,03/06/15 16:01,-64.854333,-3.022348
96,03/07/15 10:02,-64.844966,-3.043412
96,03/07/15 16:00,-64.845104,-3.043249
96,03/07/15 22:01,-64.845044,-3.043373
96,03/08/15 04:01,-64.845361,-3.045468
96,03/08/15 10:01,-64.842059,-3.049516
96,03/08/15 16:01,-64.837506,-3.050033
96,03/09/15 04:01,-64.840005,-3.031118
96,03/09/15 16:01,-64.831096,-3.058494
96,03/10/15 04:01,-64.822083,-3.064181
96,03/10/15 10:01,-64.826521,-3.057189
96,03/10/15 16:00,-64.829448,-3.054797
96,03/11/15 10:02,-64.831353,-3.051102
96,03/11/15 16:01,-64.831401,-3.051012
96,03/12/15 04:01,-64.829191,-3.050076
96,03/12/15 10:01,-64.829109,-3.049328
96,03/12/15 16:01,-64.829134,-3.047454
96,03/13/15 16:02,-64.83162,-3.048118
96,03/13/15 22:02,-64.831623,-3.048524
96,03/14/15 04:01,-64.829821,-3.043456
96,03/14/15 22:00,-64.827849,-3.035758
96,03/15/15 10:00,-64.832055,-3.039559
96,03/15/15 22:01,-64.829344,-3.046187
96,03/16/15 04:01,-64.829437,-3.046148
96,03/16/15 10:01,-64.837882,-3.039132
96,03/16/15 16:01,-64.83775,-3.039194
96,03/16/15 22:02,-64.83777,-3.039258
96,03/17/15 22:02,-64.828712,-3.037578
96,03/18/15 04:00,-64.831733,-3.039891
96,03/18/15 16:02,-64.828105,-3.041556
96,03/19/15 04:00,-64.831435,-3.042608
96,03/19/15 10:02,-64.838864,-3.042466
96,03/19/15 16:02,-64.832968,-3.056696
96,03/19/15 22:01,-64.832917,-3.056889
96,03/20/15 04:01,-64.834731,-3.058811
96,03/20/15 10:01,-64.839482,-3.053145
96,03/20/15 16:01,-64.835179,-3.05855
96,03/20/15 22:02,-64.837296,-3.054243
96,03/21/15 04:01,-64.838798,-3.05305
96,03/21/15 22:00,-64.832866,-3.056778
96,03/22/15 04:01,-64.829796,-3.053134
96,03/22/15 16:00,-64.831338,-3.05013
96,03/23/15 16:02,-64.853919,-3.019045
96,03/23/15 22:02,-64.850703,-3.02216
96,03/24/15 10:00,-64.84088,-3.02983
96,03/24/15 22:01,-64.821509,-3.037003
96,03/25/15 04:01,-64.822703,-3.042537
96,03/25/15 10:02,-64.822782,-3.042553
96,03/25/15 16:01,-64.822628,-3.042566
96,03/25/15 22:01,-64.820453,-3.038285
96,03/26/15 04:01,-64.821385,-3.038371
96,03/26/15 10:01,-64.827995,-3.040264
96,03/26/15 16:02,-64.82579,-3.044937
96,03/27/15 04:01,-64.823779,-3.035113
96,03/27/15 10:02,-64.822961,-3.037362
96,03/27/15 22:01,-64.820358,-3.040792
96,03/28/15 04:01,-64.822678,-3.041624
96,03/28/15 10:01,-64.822653,-3.039899
96,03/29/15 04:00,-64.814705,-3.042736
96,03/29/15 10:03,-64.808332,-3.037725
96,03/29/15 16:01,-64.807354,-3.03572
96,03/30/15 04:00,-64.814902,-3.033786
96,03/30/15 16:01,-64.817807,-3.039639
96,03/31/15 04:00,-64.816429,-3.047229
96,03/31/15 22:01,-64.817886,-3.047025
96,04/01/15 04:00,-64.81797,-3.047088
96,04/01/15 16:01,-64.823955,-3.050989
96,04/02/15 04:00,-64.828114,-3.047187
96,04/02/15 10:01,-64.828092,-3.041615
96,04/03/15 04:00,-64.818242,-3.047016
96,04/03/15 10:00,-64.818021,-3.047018
96,04/03/15 16:00,-64.818008,-3.047026
96,04/03/15 22:02,-64.818757,-3.044851
96,04/04/15 04:02,-64.818977,-3.043793
96,04/04/15 10:01,-64.809924,-3.043251
96,04/04/15 16:01,-64.80995,-3.043194
96,04/04/15 22:03,-64.80998,-3.043073
96,04/05/15 04:01,-64.809955,-3.042988
96,04/05/15 10:01,-64.811862,-3.036817
96,04/05/15 16:00,-64.811878,-3.036743
96,04/06/15 04:01,-64.818394,-3.041695
96,04/06/15 10:01,-64.818382,-3.041614
96,04/06/15 16:01,-64.818471,-3.04164
96,04/06/15 22:02,-64.819099,-3.038117
96,04/07/15 04:01,-64.814391,-3.037548
96,04/07/15 16:01,-64.813987,-3.037117
96,04/07/15 22:03,-64.814866,-3.037086
96,04/08/15 04:00,-64.828497,-3.030008
96,04/08/15 10:01,-64.835572,-3.029601
96,04/08/15 16:00,-64.83568,-3.029657
96,04/08/15 22:01,-64.835931,-3.027792
96,04/09/15 04:02,-64.835603,-3.030698
96,04/09/15 10:02,-64.829933,-3.035413
96,04/09/15 16:01,-64.827192,-3.040871
96,04/09/15 22:02,-64.827838,-3.039301
96,04/10/15 04:00,-64.826435,-3.03592
96,04/10/15 10:00,-64.822028,-3.03301
96,04/10/15 16:00,-64.822002,-3.032945
96,04/10/15 22:01,-64.82198,-3.03301
96,04/11/15 04:00,-64.822459,-3.033214
96,04/11/15 10:00,-64.82209,-3.033047
96,04/11/15 16:00,-64.822026,-3.033102
96,04/11/15 22:01,-64.822012,-3.033016
96,04/12/15 10:01,-64.824432,-3.023044
96,04/12/15 16:00,-64.825666,-3.023362
96,04/12/15 22:01,-64.830264,-3.024687
96,04/13/15 10:02,-64.831884,-3.031393
96,04/13/15 16:00,-64.822105,-3.033153
96,04/13/15 22:00,-64.822062,-3.033098
96,04/14/15 04:00,-64.816365,-3.032775
96,04/15/15 04:01,-64.819653,-3.023871
96,04/15/15 10:01,-64.819715,-3.023808
96,04/15/15 16:02,-64.819683,-3.023864
96,04/15/15 22:03,-64.819788,-3.023738
96,04/16/15 04:01,-64.811643,-3.027119
96,04/16/15 10:01,-64.807567,-3.03579
96,04/17/15 10:01,-64.807748,-3.03907
96,04/17/15 22:00,-64.807323,-3.039347
96,04/18/15 10:01,-64.819042,-3.037709
96,04/18/15 16:00,-64.819384,-3.037757
96,04/18/15 22:01,-64.822052,-3.032913
96,04/19/15 04:00,-64.822131,-3.032968
96,04/19/15 10:00,-64.821004,-3.0322
96,04/19/15 16:01,-64.821028,-3.032303
96,04/19/15 22:01,-64.820912,-3.032659
96,04/20/15 04:02,-64.827343,-3.030214
96,04/21/15 04:00,-64.830001,-3.039421
96,04/21/15 10:02,-64.827449,-3.03715
96,04/21/15 22:00,-64.821983,-3.033075
96,04/22/15 04:00,-64.816461,-3.032765
96,04/22/15 10:00,-64.816338,-3.03279
96,04/23/15 10:00,-64.845566,-3.029288
96,04/23/15 16:01,-64.845475,-3.029184
96,04/23/15 22:01,-64.845527,-3.029394
96,04/24/15 04:02,-64.845615,-3.029287
96,04/24/15 10:00,-64.845442,-3.029332
96,04/24/15 16:00,-64.845586,-3.02932
96,04/24/15 22:00,-64.845597,-3.029284
96,04/25/15 04:01,-64.841747,-3.023634
96,04/25/15 10:01,-64.840528,-3.023825
96,04/25/15 16:00,-64.834332,-3.026729
96,04/25/15 22:01,-64.834162,-3.026678
96,04/26/15 04:01,-64.831343,-3.027804
96,04/26/15 10:00,-64.822034,-3.033097
96,04/26/15 16:00,-64.82204,-3.033027
96,04/26/15 22:00,-64.8223,-3.032844
96,04/27/15 04:00,-64.822213,-3.032852
96,04/27/15 10:00,-64.821994,-3.033132
96,04/27/15 16:01,-64.821917,-3.033078
96,04/28/15 10:01,-64.821354,-3.037052
96,04/28/15 16:00,-64.82122,-3.037259
96,04/28/15 22:01,-64.821116,-3.037151
96,04/29/15 04:00,-64.821081,-3.034294
96,04/29/15 10:02,-64.821124,-3.036864
96,04/29/15 22:01,-64.820748,-3.037534
96,04/30/15 04:00,-64.823842,-3.040909
96,04/30/15 10:01,-64.823939,-3.040911
96,04/30/15 16:00,-64.823913,-3.04085
96,04/30/15 22:01,-64.823797,-3.040919
96,05/01/15 04:01,-64.823888,-3.040956
96,05/01/15 10:01,-64.823867,-3.04089
96,05/01/15 16:00,-64.823945,-3.04094
96,05/01/15 22:00,-64.823858,-3.040969
96,05/02/15 04:00,-64.82521,-3.048318
96,05/02/15 10:00,-64.827571,-3.050716
96,05/02/15 16:00,-64.826972,-3.05183
96,05/02/15 22:00,-64.826847,-3.051903
96,05/03/15 04:01,-64.831219,-3.050058
96,05/03/15 10:01,-64.83148,-3.050197
96,05/03/15 16:01,-64.829617,-3.054462
96,05/03/15 22:02,-64.829602,-3.054242
96,05/04/15 04:01,-64.82957,-3.054251
96,05/04/15 10:00,-64.829607,-3.054351
96,05/04/15 16:00,-64.828226,-3.047148
96,05/04/15 22:00,-64.828183,-3.047148
96,05/05/15 04:01,-64.828313,-3.047159
96,05/05/15 10:01,-64.826633,-3.035355
96,05/06/15 04:02,-64.821154,-3.037301
96,05/06/15 22:00,-64.825353,-3.042502
96,05/07/15 04:01,-64.826959,-3.042695
96,05/07/15 10:01,-64.826062,-3.042025
96,05/07/15 16:00,-64.826074,-3.042024
96,05/07/15 22:00,-64.826085,-3.042021
96,05/08/15 04:00,-64.826057,-3.042017
96,05/08/15 10:00,-64.826444,-3.042456
96,05/08/15 16:01,-64.82666,-3.042389
96,05/08/15 22:00,-64.826881,-3.042413
96,05/09/15 04:00,-64.826135,-3.042048
96,05/09/15 10:00,-64.826202,-3.042019
96,05/09/15 16:00,-64.826101,-3.042084
96,05/09/15 22:00,-64.826011,-3.042019
96,05/10/15 04:01,-64.832366,-3.045581
96,05/10/15 10:01,-64.832907,-3.046136
96,05/10/15 16:00,-64.832766,-3.044968
96,05/10/15 22:01,-64.832779,-3.044873
96,05/11/15 04:01,-64.834688,-3.045898
96,05/11/15 10:00,-64.834274,-3.046103
96,05/11/15 16:00,-64.834306,-3.046122
96,05/11/15 22:00,-64.834209,-3.046136
96,05/12/15 04:00,-64.83421,-3.046131
96,05/12/15 16:00,-64.833943,-3.043842
96,05/12/15 22:02,-64.833944,-3.04388
96,05/13/15 04:01,-64.829916,-3.039379
96,05/13/15 10:00,-64.826096,-3.042063
96,05/13/15 16:02,-64.826083,-3.042066
96,05/13/15 22:00,-64.826075,-3.042062
96,05/14/15 04:00,-64.82599,-3.042118
96,05/14/15 10:00,-64.826121,-3.042054
96,05/14/15 16:00,-64.826114,-3.042039
96,05/14/15 22:00,-64.826087,-3.042013
96,05/15/15 04:01,-64.828578,-3.046494
96,05/15/15 10:01,-64.828067,-3.047241
96,05/15/15 16:01,-64.828013,-3.047118
96,05/15/15 22:00,-64.828113,-3.047105
96,05/16/15 04:00,-64.832846,-3.049282
96,05/16/15 16:00,-64.826124,-3.042038
96,05/16/15 22:00,-64.826074,-3.042038
96,05/17/15 04:00,-64.823945,-3.050981
96,05/17/15 10:01,-64.823959,-3.050979
96,05/17/15 16:01,-64.824093,-3.050976
96,05/17/15 22:00,-64.824079,-3.051029
96,05/18/15 04:01,-64.827984,-3.058534
96,05/18/15 10:02,-64.827548,-3.058236
96,05/18/15 16:00,-64.827365,-3.058253
96,05/18/15 22:00,-64.827572,-3.058233
96,05/19/15 04:00,-64.82687,-3.051863
96,05/19/15 10:02,-64.826853,-3.051792
96,05/19/15 16:00,-64.826888,-3.051864
96,05/19/15 22:00,-64.826929,-3.051948
96,05/20/15 04:00,-64.82806,-3.047023
96,05/20/15 10:01,-64.826082,-3.042027
96,05/20/15 16:01,-64.826012,-3.041989
96,05/20/15 22:01,-64.826058,-3.042033
96,05/21/15 04:01,-64.827927,-3.041503
96,05/21/15 10:01,-64.828119,-3.0414
96,05/21/15 16:00,-64.827998,-3.04142
96,05/21/15 22:00,-64.828085,-3.041489
96,05/22/15 04:00,-64.827925,-3.041479
96,05/22/15 10:00,-64.82811,-3.04152
96,05/22/15 22:00,-64.831105,-3.039003
96,05/23/15 04:00,-64.837542,-3.035866
96,05/23/15 16:01,-64.840163,-3.0393
96,05/23/15 22:00,-64.840793,-3.039406
96,05/24/15 04:00,-64.842985,-3.041593
96,05/24/15 10:00,-64.849218,-3.040178
96,05/24/15 16:01,-64.849142,-3.040215
96,05/24/15 22:01,-64.851429,-3.038961
96,05/25/15 04:01,-64.85009,-3.037288
96,05/25/15 10:00,-64.850235,-3.037513
96,05/25/15 16:00,-64.850195,-3.037522
96,05/25/15 22:01,-64.850193,-3.037584
96,05/26/15 04:02,-64.834179,-3.035486
96,05/26/15 16:00,-64.851484,-3.039038
96,05/26/15 22:00,-64.851492,-3.039055
96,05/27/15 04:00,-64.851385,-3.039117
96,05/27/15 10:00,-64.851413,-3.039007
96,05/27/15 16:00,-64.851442,-3.039034
96,05/27/15 22:01,-64.851321,-3.039117
96,05/28/15 04:00,-64.851594,-3.03922
96,05/28/15 10:01,-64.851056,-3.036654
96,05/28/15 16:00,-64.851058,-3.036685
96,05/28/15 22:00,-64.851028,-3.036659
96,05/29/15 04:01,-64.85121,-3.036759
96,05/29/15 10:00,-64.83429,-3.035257
96,05/29/15 16:01,-64.834227,-3.035308
96,05/30/15 04:01,-64.851087,-3.036592
96,05/30/15 10:00,-64.851002,-3.036682
96,05/30/15 16:01,-64.845598,-3.029216
96,05/30/15 22:00,-64.834855,-3.033552
96,05/31/15 04:01,-64.834869,-3.033224
96,05/31/15 10:00,-64.835054,-3.03355
96,05/31/15 16:01,-64.837602,-3.035827
96,05/31/15 22:00,-64.837495,-3.035936
96,06/01/15 04:00,-64.83822,-3.035882
96,06/01/15 16:02,-64.838189,-3.035858
96,06/01/15 22:00,-64.838252,-3.035823
96,06/02/15 04:01,-64.833925,-3.038288
96,06/02/15 10:00,-64.833818,-3.038259
96,06/02/15 16:01,-64.833793,-3.038278
96,06/02/15 22:01,-64.83384,-3.038139
96,06/03/15 04:00,-64.834839,-3.033259
96,06/03/15 10:01,-64.834997,-3.033317
96,06/03/15 16:01,-64.834992,-3.03349
96,06/03/15 22:00,-64.837456,-3.035875
96,06/04/15 04:01,-64.840033,-3.038261
96,06/04/15 10:00,-64.840005,-3.038189
96,06/04/15 16:01,-64.840137,-3.039299
96,06/04/15 22:00,-64.840025,-3.039338
96,06/05/15 04:01,-64.840012,-3.039354
96,06/05/15 10:01,-64.839981,-3.039264
96,06/05/15 16:01,-64.840152,-3.039331
96,06/05/15 22:01,-64.840121,-3.03931
96,06/06/15 04:00,-64.833581,-3.035279
96,06/06/15 10:01,-64.826652,-3.035384
96,06/06/15 16:01,-64.826691,-3.035408
96,06/06/15 22:00,-64.826861,-3.035241
96,06/07/15 04:00,-64.829914,-3.039401
96,06/07/15 10:00,-64.829665,-3.036511
96,06/07/15 22:01,-64.837462,-3.035603
96,06/08/15 04:00,-64.828991,-3.028917
96,06/08/15 10:02,-64.829004,-3.028895
96,06/08/15 22:00,-64.822171,-3.032755
96,06/09/15 04:01,-64.822222,-3.032759
96,06/09/15 10:00,-64.82232,-3.032697
96,06/09/15 16:00,-64.822141,-3.032824
96,06/09/15 22:00,-64.822333,-3.032817
96,06/10/15 04:02,-64.8189,-3.036788
96,06/10/15 10:02,-64.826725,-3.035312
96,06/10/15 16:00,-64.826718,-3.035379
96,06/10/15 22:01,-64.826553,-3.035528
96,06/11/15 04:00,-64.826695,-3.035428
96,06/11/15 10:00,-64.82667,-3.03541
96,06/11/15 16:00,-64.826726,-3.035409
96,06/11/15 22:00,-64.826597,-3.041206
96,06/12/15 10:00,-64.838231,-3.035841
96,06/12/15 16:00,-64.838222,-3.035769
96,06/12/15 22:00,-64.838285,-3.035832
96,06/13/15 04:00,-64.838282,-3.035843
96,06/13/15 10:00,-64.838193,-3.035848
96,06/13/15 16:02,-64.838222,-3.035909
96,06/13/15 22:00,-64.838248,-3.035928
96,06/14/15 04:01,-64.837358,-3.035835
96,06/14/15 10:01,-64.837317,-3.03573
96,06/14/15 16:01,-64.83739,-3.03565
96,06/14/15 22:00,-64.837383,-3.035627
96,06/15/15 04:00,-64.837509,-3.035742
96,06/15/15 10:02,-64.834622,-3.049311
96,06/15/15 16:01,-64.834592,-3.048617
96,06/15/15 22:00,-64.834591,-3.048736
96,06/16/15 04:03,-64.838971,-3.050064
96,06/16/15 10:00,-64.839146,-3.050116
96,06/16/15 16:02,-64.839026,-3.05002
96,06/16/15 22:00,-64.83924,-3.050081
96,06/17/15 04:01,-64.839026,-3.050081
96,06/17/15 10:00,-64.838572,-3.050013
96,06/17/15 22:00,-64.839082,-3.050166
96,06/18/15 04:01,-64.839045,-3.049973
96,06/18/15 16:00,-64.839087,-3.050085
96,06/18/15 22:00,-64.839058,-3.05007
96,06/19/15 04:00,-64.839038,-3.050075
96,06/19/15 10:00,-64.839043,-3.050067
96,06/19/15 16:00,-64.839058,-3.050102
96,06/19/15 22:00,-64.838977,-3.050158
96,06/20/15 04:00,-64.839532,-3.049067
96,06/20/15 16:00,-64.839815,-3.04448
96,06/20/15 22:00,-64.83981,-3.044386
96,06/21/15 04:00,-64.839853,-3.044414
96,06/21/15 10:00,-64.84463,-3.046274
96,06/21/15 16:00,-64.844579,-3.046363
96,06/21/15 22:00,-64.844623,-3.046258
96,06/22/15 04:00,-64.844591,-3.046391
96,06/22/15 10:02,-64.845859,-3.049167
96,06/22/15 16:00,-64.845937,-3.049121
96,06/22/15 22:01,-64.845699,-3.049216
96,06/23/15 04:00,-64.84582,-3.048997
96,06/23/15 10:00,-64.846487,-3.049828
96,06/23/15 16:01,-64.846439,-3.050039
96,06/23/15 22:00,-64.846384,-3.049939
96,06/24/15 04:01,-64.847025,-3.049628
96,06/24/15 10:00,-64.849268,-3.044028
96,06/24/15 16:00,-64.850225,-3.037681
96,06/24/15 22:00,-64.850197,-3.037551
96,06/25/15 04:00,-64.850176,-3.03753
96,06/25/15 10:00,-64.850213,-3.037507
96,06/25/15 16:00,-64.850269,-3.037537
96,06/25/15 22:00,-64.850292,-3.03758
96,06/26/15 04:02,-64.851166,-3.037799
96,06/26/15 10:01,-64.851151,-3.0323
96,06/26/15 16:01,-64.851124,-3.032267
96,06/26/15 22:01,-64.850376,-3.032654
96,06/27/15 04:02,-64.85138,-3.030622
96,06/27/15 10:00,-64.851321,-3.028993
96,06/27/15 16:01,-64.851364,-3.029126
96,06/27/15 22:01,-64.851193,-3.029135
96,06/28/15 04:00,-64.852111,-3.026452
96,06/28/15 10:01,-64.852993,-3.025786
96,06/28/15 16:01,-64.853045,-3.025819
96,06/28/15 22:00,-64.852901,-3.025894
96,06/29/15 10:00,-64.853376,-3.027947
96,06/29/15 16:00,-64.853483,-3.028001
96,06/29/15 22:00,-64.85344,-3.027981
96,06/30/15 04:01,-64.856472,-3.028156
96,06/30/15 10:01,-64.857202,-3.028531
96,06/30/15 16:00,-64.856696,-3.028296
96,06/30/15 22:00,-64.856553,-3.028247
96,07/01/15 04:01,-64.856275,-3.028065
96,07/01/15 10:01,-64.856819,-3.026424
96,07/01/15 16:00,-64.856865,-3.026576
96,07/01/15 22:01,-64.856759,-3.026547
96,07/02/15 04:01,-64.856856,-3.02642
96,07/02/15 10:00,-64.856697,-3.026546
96,07/02/15 16:00,-64.853228,-3.028006
96,07/02/15 22:00,-64.853405,-3.027932
96,07/03/15 04:01,-64.853854,-3.028153
96,07/03/15 10:01,-64.853436,-3.027894
96,07/03/15 16:00,-64.853471,-3.027946
96,07/03/15 22:00,-64.853366,-3.027989
96,07/04/15 04:01,-64.853232,-3.021964
96,07/04/15 10:01,-64.84907,-3.016753
96,07/04/15 16:01,-64.849024,-3.016683
96,07/04/15 22:00,-64.849115,-3.016606
96,07/05/15 04:00,-64.848141,-3.012811
96,07/05/15 10:00,-64.848216,-3.01278
96,07/05/15 16:00,-64.848196,-3.012782
96,07/05/15 22:01,-64.844681,-3.008359
96,07/06/15 04:00,-64.843135,-3.006817
96,07/06/15 10:00,-64.843288,-3.006827
96,07/06/15 16:00,-64.846457,-3.003503
96,07/06/15 22:00,-64.84665,-3.003698
96,07/07/15 10:00,-64.841564,-2.991969
96,07/07/15 16:02,-64.841475,-2.992141
96,07/08/15 04:00,-64.827645,-2.972927
96,07/08/15 10:02,-64.828584,-2.973825
96,07/08/15 22:01,-64.827984,-2.974565
96,07/09/15 04:02,-64.832614,-2.982221
96,07/09/15 16:00,-64.837466,-2.985449
96,07/09/15 22:02,-64.837296,-2.9851
96,07/10/15 04:01,-64.837234,-2.985086
96,07/10/15 10:01,-64.837258,-2.985015
96,07/10/15 16:02,-64.836484,-2.984216
96,07/10/15 22:02,-64.83659,-2.984184
96,07/11/15 10:02,-64.836452,-2.981421
96,07/12/15 04:02,-64.837583,-2.980334
96,07/12/15 10:02,-64.837546,-2.98021
96,07/12/15 16:01,-64.836896,-2.979457
96,07/13/15 04:01,-64.832355,-2.96677
96,07/13/15 10:01,-64.829429,-2.95917
96,07/13/15 16:00,-64.829803,-2.958728
96,07/14/15 04:01,-64.821343,-2.955567
96,07/14/15 10:00,-64.821387,-2.955416
96,07/14/15 16:01,-64.816809,-2.959659
96,07/14/15 22:01,-64.816943,-2.969706
96,07/15/15 04:00,-64.816812,-2.970531
96,07/15/15 10:01,-64.819116,-2.961932
96,07/15/15 16:00,-64.819007,-2.960253
96,07/16/15 04:00,-64.819039,-2.958974
96,07/16/15 10:01,-64.819789,-2.953273
96,07/16/15 22:01,-64.828413,-2.937454
96,07/17/15 04:01,-64.825088,-2.941629
96,07/17/15 10:01,-64.824946,-2.941527
96,07/17/15 16:01,-64.821806,-2.942955
96,07/17/15 22:02,-64.823479,-2.941483
96,07/18/15 04:00,-64.82337,-2.94151
96,07/18/15 10:01,-64.825013,-2.941473
96,07/18/15 22:01,-64.823139,-2.941528
96,07/19/15 04:00,-64.823334,-2.941454
97,10/21/14 16:16,-64.914479,-2.984805
97,10/21/14 17:16,-64.870706,-3.02978
97,10/21/14 22:03,-64.870105,-3.03021
97,10/22/14 04:02,-64.870019,-3.030381
97,10/22/14 10:00,-64.870019,-3.030982
97,10/22/14 22:01,-64.863667,-3.032012
97,10/23/14 10:02,-64.86341,-3.03184
97,10/23/14 16:00,-64.863753,-3.032012
97,10/31/14 10:00,-64.882722,-2.994418
97,10/31/14 16:00,-64.882722,-2.994418
97,10/31/14 22:00,-64.882722,-2.994418
97,11/01/14 04:00,-64.88255,-2.994332
97,11/01/14 10:00,-64.882636,-2.994332
97,11/01/14 16:00,-64.882722,-2.994246
97,11/09/14 22:01,-64.837918,-3.035274
97,11/10/14 04:00,-64.855514,-3.018365
97,11/10/14 16:00,-64.873023,-3.01785
97,11/11/14 04:02,-64.880576,-3.001542
97,11/11/14 10:00,-64.880748,-3.001542
97,11/11/14 16:00,-64.880919,-3.001285
97,11/26/14 10:00,-64.896111,-3.002315
97,11/26/14 16:00,-64.892678,-3.009353
97,11/27/14 04:01,-64.872766,-3.030124
97,11/27/14 10:00,-64.879546,-3.034244
97,11/27/14 16:01,-64.877143,-3.03493
97,11/28/14 04:00,-64.86547,-3.033214
97,11/30/14 10:01,-64.892507,-3.002057
97,11/30/14 16:01,-64.891992,-3.004117
97,11/30/14 22:02,-64.891648,-3.003774
97,12/01/14 04:01,-64.888215,-3.01064
97,12/01/14 10:00,-64.892077,-3.004117
97,12/01/14 16:01,-64.891562,-3.005147
97,12/03/14 22:00,-64.889588,-3.007121
97,12/07/14 16:01,-64.892249,-2.999911
97,12/07/14 22:02,-64.892592,-3.005404
97,02/10/15 16:01,-64.876885,-2.97399
97,02/10/15 22:03,-64.875855,-2.974162
97,02/11/15 04:02,-64.876027,-2.974763
97,02/11/15 10:02,-64.877572,-2.974505
97,02/11/15 16:01,-64.8768,-2.973905
97,02/11/15 22:01,-64.867787,-2.991757
97,04/21/15 16:01,-64.905982,-2.970386
97,04/21/15 22:01,-64.905725,-2.970729
97,04/22/15 04:02,-64.914222,-2.979827
97,04/22/15 10:01,-64.915423,-2.972274
97,04/22/15 16:00,-64.915423,-2.972274
97,04/22/15 22:00,-64.915338,-2.972188
97,05/02/15 04:00,-64.901261,-2.94395
97,05/02/15 10:01,-64.89594,-2.954335
97,05/02/15 16:00,-64.89491,-2.954936
97,05/02/15 22:00,-64.894996,-2.954936
97,05/03/15 04:00,-64.889245,-2.959914
97,05/03/15 10:00,-64.874053,-2.965665
97,05/03/15 16:00,-64.871478,-2.96515
97,05/19/15 16:00,-64.894052,-2.991672
97,05/19/15 22:00,-64.894052,-2.991672
97,05/20/15 04:01,-64.899459,-2.991328
97,05/20/15 10:00,-64.907956,-2.986093
97,05/20/15 16:00,-64.90787,-2.986178
97,05/20/15 22:00,-64.90787,-2.986093
97,05/21/15 04:01,-64.910617,-2.98223
97,05/23/15 10:00,-64.88976,-2.922406
97,05/23/15 16:00,-64.889674,-2.92232
97,05/23/15 22:00,-64.88976,-2.922492
97,05/24/15 10:01,-64.88255,-2.926183
97,05/24/15 16:00,-64.882636,-2.926097
97,05/24/15 22:00,-64.88255,-2.926183
97,05/25/15 04:00,-64.882636,-2.926097
97,05/28/15 22:00,-64.852853,-2.924981
97,06/04/15 10:00,-64.875598,-2.923865
97,06/04/15 16:00,-64.875684,-2.923865
97,06/04/15 22:00,-64.875598,-2.923865
97,06/05/15 10:00,-64.874568,-2.923179
97,06/05/15 16:01,-64.87371,-2.923694
97,06/05/15 22:00,-64.873881,-2.923608
97,06/06/15 04:01,-64.872079,-2.923779
97,06/06/15 10:01,-64.865813,-2.924037
97,06/06/15 16:00,-64.865899,-2.924123
97,06/06/15 22:00,-64.865813,-2.924123
97,06/07/15 04:00,-64.865813,-2.924123
97,06/07/15 10:00,-64.867702,-2.92335
97,06/07/15 16:01,-64.867616,-2.923865
97,06/07/15 22:00,-64.867702,-2.923694
97,06/08/15 04:01,-64.867787,-2.923694
97,06/08/15 16:00,-64.871821,-2.92541
97,06/08/15 22:00,-64.871736,-2.925324
97,06/09/15 04:00,-64.871821,-2.92541
97,06/09/15 10:00,-64.873881,-2.923522
97,06/09/15 16:01,-64.873881,-2.923779
97,06/09/15 22:00,-64.873881,-2.923694
97,06/10/15 04:01,-64.874396,-2.918286
97,06/10/15 10:00,-64.876113,-2.917342
97,06/10/15 16:00,-64.878173,-2.919488
97,06/10/15 22:01,-64.877915,-2.919831
97,06/11/15 04:00,-64.87783,-2.919745
97,06/11/15 10:00,-64.877915,-2.919831
97,06/11/15 16:00,-64.878087,-2.919745
97,06/11/15 22:00,-64.879804,-2.919316
97,06/18/15 22:00,-64.890018,-2.908072
97,06/19/15 04:00,-64.890103,-2.907987
97,06/19/15 10:01,-64.889073,-2.909532
97,06/19/15 16:00,-64.889245,-2.909703
97,06/19/15 22:00,-64.886413,-2.908244
97,06/20/15 04:00,-64.886413,-2.908158
97,06/20/15 10:00,-64.886584,-2.908244
97,06/20/15 16:00,-64.886584,-2.908244
97,06/20/15 22:00,-64.886584,-2.908244
97,06/21/15 04:00,-64.885554,-2.908587
97,06/21/15 10:01,-64.885898,-2.911334
97,06/21/15 16:00,-64.886498,-2.908244
97,06/21/15 22:00,-64.886498,-2.908244
97,06/22/15 04:00,-64.886498,-2.90833
97,06/22/15 10:00,-64.886498,-2.908244
97,06/22/15 16:00,-64.886498,-2.908244
97,06/22/15 22:00,-64.886413,-2.90833
97,06/23/15 04:00,-64.885812,-2.908845
97,06/23/15 10:00,-64.886584,-2.90833
97,06/23/15 16:00,-64.886498,-2.908502
97,06/23/15 22:00,-64.88667,-2.908072
97,06/24/15 04:00,-64.886069,-2.908845
97,06/24/15 10:01,-64.886413,-2.909789
97,06/24/15 16:00,-64.886498,-2.908416
97,06/24/15 22:00,-64.886413,-2.908158
97,06/25/15 04:00,-64.882379,-2.910733
97,06/25/15 10:00,-64.883151,-2.914166
97,06/25/15 16:00,-64.883237,-2.914081
97,06/25/15 22:00,-64.884953,-2.911935
97,06/26/15 04:00,-64.889159,-2.910562
97,06/26/15 10:00,-64.898772,-2.902236
97,06/26/15 16:00,-64.898772,-2.90215
97,06/26/15 22:00,-64.898858,-2.902236
97,06/27/15 04:00,-64.901261,-2.899489
97,06/27/15 10:00,-64.90315,-2.897687
97,06/27/15 16:00,-64.905295,-2.891679
97,06/29/15 16:00,-64.909759,-2.883267
97,06/29/15 22:00,-64.909673,-2.883353
97,06/30/15 04:01,-64.909673,-2.883267
97,06/30/15 10:00,-64.908643,-2.879748
97,06/30/15 16:00,-64.907441,-2.880092
97,06/30/15 22:01,-64.904523,-2.884812
97,07/01/15 04:00,-64.898171,-2.886014
97,07/05/15 10:00,-64.90684,-2.875886
97,07/05/15 16:00,-64.906754,-2.875886
97,07/05/15 22:00,-64.90684,-2.875886
97,07/06/15 04:00,-64.906754,-2.875886
97,07/06/15 10:01,-64.906754,-2.875886
97,07/06/15 16:00,-64.90684,-2.8758
97,07/06/15 22:00,-64.906583,-2.8758
97,07/08/15 16:01,-64.897742,-2.901378
97,07/08/15 22:00,-64.897141,-2.90112
97,07/09/15 04:00,-64.894481,-2.901292
97,07/09/15 10:00,-64.891906,-2.898374
97,07/09/15 16:01,-64.897313,-2.901292
97,07/09/15 22:00,-64.896798,-2.900519
97,07/10/15 04:02,-64.893966,-2.901807
97,07/10/15 10:00,-64.893193,-2.903867
97,07/10/15 16:01,-64.893279,-2.903867
97,07/10/15 22:00,-64.893193,-2.903867
97,07/11/15 04:00,-64.889245,-2.904983
97,07/11/15 10:00,-64.887614,-2.903781
97,07/11/15 16:00,-64.889159,-2.906785
97,07/11/15 22:00,-64.889073,-2.906871
97,07/12/15 04:00,-64.889159,-2.906785
97,07/12/15 10:00,-64.887013,-2.908072
97,07/12/15 16:01,-64.886413,-2.908244
97,07/12/15 22:00,-64.886498,-2.908244
97,07/13/15 04:00,-64.886498,-2.908416
97,07/13/15 10:00,-64.883151,-2.907557
97,07/13/15 16:00,-64.885468,-2.906785
97,07/13/15 22:00,-64.885383,-2.906785
97,07/19/15 16:00,-64.916368,-2.883782
97,07/23/15 10:00,-64.895768,-2.894769
97,07/23/15 16:00,-64.895682,-2.894769
97,07/23/15 22:00,-64.895682,-2.894769
97,07/24/15 10:00,-64.891992,-2.898374
97,07/24/15 16:01,-64.896626,-2.901978
97,07/24/15 22:00,-64.895682,-2.901292
97,07/25/15 04:00,-64.895768,-2.901635
97,07/27/15 10:00,-64.885297,-2.906785
97,07/27/15 16:00,-64.885468,-2.906785
97,07/27/15 22:01,-64.884095,-2.9073
97,07/29/15 22:00,-64.885383,-2.906785
97,07/30/15 04:00,-64.885383,-2.906871
97,07/30/15 16:01,-64.891391,-2.913823
97,07/30/15 22:00,-64.891219,-2.913995
97,07/31/15 04:00,-64.890189,-2.911077
97,07/31/15 10:01,-64.884696,-2.907987
97,08/05/15 10:00,-64.912505,-2.879663
97,08/05/15 16:03,-64.912248,-2.879148
97,08/05/15 22:00,-64.912505,-2.879491
97,08/06/15 04:01,-64.912162,-2.880864
97,08/06/15 10:01,-64.915681,-2.890906
97,08/06/15 16:01,-64.915509,-2.890649
97,08/08/15 16:00,-64.904523,-2.899232
97,08/08/15 22:00,-64.902291,-2.894683
97,08/15/15 16:00,-64.906068,-2.902837
97,08/15/15 22:00,-64.90624,-2.902837
97,08/16/15 04:00,-64.906154,-2.902837
97,08/16/15 10:00,-64.90375,-2.907987
97,08/16/15 16:02,-64.899459,-2.905841
97,08/16/15 22:01,-64.899545,-2.905154
97,08/26/15 10:02,-64.971728,-2.926955
97,08/26/15 16:01,-64.971213,-2.925839
97,08/26/15 22:02,-64.970784,-2.926011
97,08/27/15 04:00,-64.971385,-2.924981
97,08/27/15 10:01,-64.968553,-2.91923
97,08/27/15 16:01,-64.968123,-2.915711
97,09/04/15 10:03,-64.953704,-2.939572
97,09/04/15 16:00,-64.94761,-2.926183
97,09/04/15 22:00,-64.947782,-2.926097
97,09/05/15 10:02,-64.947782,-2.926097
97,09/05/15 16:00,-64.947867,-2.926097
97,09/05/15 22:01,-64.947867,-2.926097
97,09/06/15 04:01,-64.948039,-2.926183
97,09/06/15 10:00,-64.947953,-2.926183
97,09/06/15 16:02,-64.947009,-2.92541
97,09/06/15 22:00,-64.947009,-2.92541
97,09/07/15 04:00,-64.945722,-2.926526
97,09/07/15 10:03,-64.943919,-2.927556
97,09/12/15 16:02,-64.871478,-2.933822
97,09/13/15 04:01,-64.905381,-2.933393
97,09/13/15 10:01,-64.905896,-2.933993
97,09/13/15 16:00,-64.913192,-2.936997
97,09/13/15 22:01,-64.913106,-2.936912
97,09/17/15 16:00,-64.931302,-2.937169
97,09/17/15 22:02,-64.93113,-2.937427
97,09/19/15 04:00,-64.9507,-2.927728
97,09/19/15 10:01,-64.949327,-2.928243
97,09/19/15 22:00,-64.957051,-2.94704
97,09/20/15 04:02,-64.965634,-2.932363
97,09/20/15 10:00,-64.963489,-2.929959
97,09/20/15 16:00,-64.950442,-2.941804
97,09/21/15 04:03,-64.943919,-2.962575
97,09/21/15 10:02,-64.945378,-2.960429
97,09/21/15 16:01,-64.945378,-2.960172
97,09/22/15 04:02,-64.945292,-2.960944
97,09/22/15 10:01,-64.941516,-2.954249
97,09/22/15 22:00,-64.941773,-2.947383
97,09/24/15 22:01,-64.9301,-2.954936
97,09/25/15 04:03,-64.935079,-2.953219
97,09/25/15 22:01,-64.929671,-2.953477
97,09/29/15 16:00,-64.939198,-2.947726
97,09/29/15 22:01,-64.941173,-2.946181
97,09/30/15 04:00,-64.942803,-2.962403
97,09/30/15 16:00,-64.946837,-2.955194
97,09/30/15 22:01,-64.946923,-2.955022
97,10/01/15 04:01,-64.935679,-2.946525
97,10/01/15 10:01,-64.930701,-2.934937
97,10/01/15 16:00,-64.925551,-2.936225
97,10/01/15 22:00,-64.92641,-2.936654
97,10/02/15 04:00,-64.926152,-2.937512
97,10/02/15 10:01,-64.925981,-2.937427
97,10/02/15 16:02,-64.926324,-2.937427
97,10/02/15 22:01,-64.925551,-2.937598
97,10/03/15 04:01,-64.927182,-2.943778
97,10/03/15 10:00,-64.927182,-2.943692
97,10/03/15 16:00,-64.937396,-2.943435
97,10/03/15 22:01,-64.938941,-2.94292
97,10/06/15 16:00,-64.96778,-2.921119
97,10/07/15 10:02,-64.951386,-2.926869
97,10/07/15 16:03,-64.944606,-2.93777
97,10/07/15 22:02,-64.954906,-2.943864
97,10/08/15 22:01,-64.957309,-2.942147
97,10/09/15 04:02,-64.946494,-2.952704
97,10/11/15 04:03,-64.937053,-2.939487
97,10/11/15 10:02,-64.937568,-2.939916
97,10/11/15 22:02,-64.938083,-2.939916
97,10/12/15 04:00,-64.934134,-2.946868
97,10/12/15 10:03,-64.934306,-2.94704
97,10/12/15 16:00,-64.931817,-2.95013
97,10/22/15 10:01,-64.943662,-2.958283
97,10/22/15 16:01,-64.946237,-2.96206
97,10/22/15 22:02,-64.946237,-2.96206
97,10/23/15 10:00,-64.95585,-2.959571
97,10/23/15 16:02,-64.955935,-2.959399
97,10/23/15 22:00,-64.956021,-2.956052
97,10/24/15 04:01,-64.953532,-2.957253
97,10/27/15 22:00,-64.950185,-2.961202
97,10/28/15 10:01,-64.936881,-2.952704
97,10/28/15 22:02,-64.931302,-2.951417
97,10/29/15 10:00,-64.932246,-2.938199
97,10/29/15 16:01,-64.932246,-2.938199
97,10/29/15 22:00,-64.932332,-2.938027
97,10/30/15 04:02,-64.938083,-2.940259
97,10/30/15 10:02,-64.938083,-2.940516
97,10/30/15 16:01,-64.937997,-2.939916
97,10/31/15 10:00,-64.938083,-2.940602
97,10/31/15 16:02,-64.938083,-2.940345
97,11/01/15 04:00,-64.938083,-2.940602
97,11/01/15 10:01,-64.937997,-2.940774
97,11/01/15 22:02,-64.937997,-2.940688
97,11/07/15 22:00,-64.920487,-2.970729
97,11/08/15 04:03,-64.908299,-2.969699
97,11/08/15 10:00,-64.935164,-2.946181
97,11/08/15 16:00,-64.940658,-2.944293
98,12/11/14 13:01,-64.85651,-3.054789
98,12/11/14 18:00,-64.856474,-3.054621
98,12/13/14 10:01,-64.856501,-3.054712
98,12/14/14 01:01,-64.848559,-3.098325
98,12/14/14 06:01,-64.839915,-3.095733
98,12/14/14 11:02,-64.840445,-3.095384
98,12/16/14 03:02,-64.863942,-3.087384
98,12/16/14 13:01,-64.854758,-3.094704
98,12/18/14 10:01,-64.854421,-3.096707
98,12/18/14 20:02,-64.841983,-3.101138
98,12/19/14 01:00,-64.839652,-3.102381
98,12/19/14 11:01,-64.840162,-3.100862
98,12/20/14 02:02,-64.833299,-3.105252
98,12/20/14 07:01,-64.83207,-3.10636
98,12/20/14 12:01,-64.832314,-3.105902
98,12/20/14 17:00,-64.83227,-3.105024
98,12/21/14 03:01,-64.843204,-3.101071
98,12/21/14 08:01,-64.84466,-3.100081
98,12/21/14 13:01,-64.845559,-3.09975
98,12/21/14 18:01,-64.846762,-3.098878
98,12/21/14 23:02,-64.847084,-3.098939
98,12/25/14 07:03,-64.856586,-3.055036
98,12/25/14 22:01,-64.856596,-3.054835
98,12/26/14 08:01,-64.857171,-3.056365
98,12/27/14 09:01,-64.856591,-3.056179
98,12/27/14 14:01,-64.856961,-3.055907
98,12/28/14 00:02,-64.852301,-3.071733
98,12/28/14 05:01,-64.856728,-3.055978
98,12/28/14 10:00,-64.856695,-3.056002
98,12/28/14 15:01,-64.856651,-3.055849
98,12/28/14 20:02,-64.856173,-3.055766
98,12/29/14 06:01,-64.852054,-3.057444
98,12/30/14 02:02,-64.856036,-3.055742
98,12/30/14 07:01,-64.855875,-3.055499
98,12/30/14 17:01,-64.856034,-3.055772
98,12/30/14 22:02,-64.856102,-3.059191
98,12/31/14 13:01,-64.854048,-3.060257
98,12/31/14 18:02,-64.856161,-3.059363
98,01/01/15 09:01,-64.855902,-3.059081
98,01/01/15 14:02,-64.855962,-3.059156
98,01/01/15 19:02,-64.855827,-3.059254
98,01/02/15 00:02,-64.855943,-3.059014
98,01/02/15 10:01,-64.844892,-3.065959
98,01/03/15 16:02,-64.855763,-3.059538
98,01/04/15 07:01,-64.84504,-3.064897
98,01/04/15 12:02,-64.855917,-3.059037
98,01/05/15 03:01,-64.856136,-3.059082
98,01/05/15 08:02,-64.855914,-3.059043
98,01/05/15 13:01,-64.855997,-3.059268
98,01/05/15 18:02,-64.855337,-3.061877
98,01/07/15 05:01,-64.851727,-3.073604
98,01/07/15 15:02,-64.851712,-3.073574
98,01/08/15 11:01,-64.841771,-3.07751
98,01/08/15 16:02,-64.851646,-3.073627
98,01/09/15 02:02,-64.86736,-3.06732
98,01/09/15 07:01,-64.866097,-3.078066
98,01/10/15 13:02,-64.851726,-3.073542
98,01/10/15 18:02,-64.834206,-3.079336
98,01/10/15 23:02,-64.834066,-3.079384
98,01/12/15 00:02,-64.850478,-3.073828
98,01/12/15 10:01,-64.850499,-3.074225
98,01/13/15 01:01,-64.85069,-3.073979
98,01/13/15 06:01,-64.850874,-3.074321
98,01/13/15 11:00,-64.851548,-3.073932
98,01/14/15 07:01,-64.850671,-3.073904
98,01/15/15 08:01,-64.83363,-3.081644
98,01/15/15 13:01,-64.833389,-3.081558
98,01/15/15 18:01,-64.846597,-3.08946
98,01/16/15 04:01,-64.846603,-3.089484
98,01/16/15 09:02,-64.846714,-3.08948
98,01/16/15 14:02,-64.847171,-3.091955
98,01/17/15 15:01,-64.846533,-3.089391
98,01/18/15 01:01,-64.819099,-3.07899
98,01/18/15 06:01,-64.823809,-3.082812
98,01/18/15 11:01,-64.82366,-3.08267
98,01/19/15 02:01,-64.846561,-3.089333
98,01/19/15 07:00,-64.846609,-3.089512
98,01/19/15 17:01,-64.844373,-3.091358
98,01/20/15 08:01,-64.841272,-3.094145
98,01/20/15 13:02,-64.841333,-3.093801
98,01/20/15 23:02,-64.841141,-3.093805
98,01/22/15 10:02,-64.841153,-3.093734
98,01/23/15 01:01,-64.842744,-3.093709
98,01/23/15 11:01,-64.84297,-3.093736
98,01/23/15 16:01,-64.842779,-3.093724
98,01/23/15 21:02,-64.842947,-3.093874
98,01/24/15 02:01,-64.83232,-3.082256
98,01/24/15 07:01,-64.832183,-3.082186
98,01/24/15 22:01,-64.842536,-3.093111
98,01/25/15 03:02,-64.837684,-3.090122
98,01/25/15 08:00,-64.840301,-3.091979
98,01/25/15 18:00,-64.840297,-3.092014
98,01/25/15 23:01,-64.840321,-3.091907
98,01/26/15 09:00,-64.841045,-3.092454
98,01/26/15 19:01,-64.839421,-3.096124
98,01/27/15 00:01,-64.839083,-3.096132
98,01/27/15 05:01,-64.839319,-3.096188
98,01/27/15 20:01,-64.839199,-3.096185
98,01/28/15 01:01,-64.843161,-3.102921
98,01/28/15 06:01,-64.839482,-3.096555
98,01/28/15 21:01,-64.839302,-3.096192
98,01/29/15 07:00,-64.839269,-3.096238
98,01/29/15 12:00,-64.839279,-3.096318
98,01/29/15 22:02,-64.822076,-3.103889
98,01/30/15 03:00,-64.839245,-3.096093
98,01/30/15 23:00,-64.839263,-3.096173
98,01/31/15 09:00,-64.839136,-3.096115
98,02/01/15 00:01,-64.839119,-3.096306
98,02/01/15 05:01,-64.839195,-3.096185
98,02/01/15 15:00,-64.839319,-3.096236
98,02/02/15 01:02,-64.839035,-3.096177
98,02/02/15 06:01,-64.839224,-3.096003
98,02/02/15 16:00,-64.839217,-3.0963
98,02/02/15 21:01,-64.845129,-3.096749
98,02/03/15 02:01,-64.859076,-3.09771
98,02/03/15 12:02,-64.858357,-3.096565
98,02/03/15 17:01,-64.856211,-3.099238
98,02/03/15 22:01,-64.845056,-3.096792
98,02/04/15 03:00,-64.844976,-3.096782
98,02/04/15 08:01,-64.845491,-3.097407
98,02/04/15 13:01,-64.852676,-3.099436
98,02/04/15 23:03,-64.841536,-3.104409
98,02/05/15 09:01,-64.84185,-3.104299
98,02/05/15 14:01,-64.842137,-3.10432
98,02/05/15 19:01,-64.84222,-3.104584
98,02/06/15 05:01,-64.842266,-3.104345
98,02/06/15 10:01,-64.842309,-3.104659
98,02/06/15 15:00,-64.842008,-3.104378
98,02/06/15 20:01,-64.842144,-3.104337
98,02/07/15 01:01,-64.84374,-3.105203
98,02/07/15 06:02,-64.843889,-3.105009
98,02/07/15 16:00,-64.842269,-3.104748
98,02/07/15 21:00,-64.842163,-3.104445
98,02/08/15 02:01,-64.842194,-3.10454
98,02/08/15 07:00,-64.842375,-3.10482
98,02/08/15 12:01,-64.841965,-3.104495
98,02/09/15 03:01,-64.848831,-3.103155
98,02/09/15 08:01,-64.848698,-3.102852
98,02/09/15 13:00,-64.84879,-3.102991
98,02/10/15 04:01,-64.84867,-3.102904
98,02/10/15 14:01,-64.848786,-3.102804
98,02/10/15 19:01,-64.848475,-3.103021
98,02/11/15 00:02,-64.846179,-3.103575
98,02/11/15 05:00,-64.846332,-3.103473
98,02/11/15 10:01,-64.846437,-3.103448
98,02/11/15 15:00,-64.846403,-3.103355
98,02/12/15 01:01,-64.845084,-3.104668
98,02/12/15 06:02,-64.846069,-3.103511
98,02/12/15 11:00,-64.84647,-3.103867
98,02/12/15 21:01,-64.837267,-3.104946
98,02/13/15 02:02,-64.846794,-3.103972
98,02/13/15 12:00,-64.846626,-3.103987
98,02/13/15 17:00,-64.846623,-3.10395
98,02/13/15 22:02,-64.832688,-3.107428
98,02/14/15 13:01,-64.80866,-3.11394
98,02/14/15 23:00,-64.84667,-3.104281
98,02/15/15 04:00,-64.8467,-3.104352
98,02/15/15 09:00,-64.846697,-3.103996
98,02/15/15 19:00,-64.846751,-3.104035
98,02/16/15 05:00,-64.846735,-3.104058
98,02/16/15 10:00,-64.846724,-3.103995
98,02/16/15 15:01,-64.846903,-3.1041
98,02/16/15 20:01,-64.846777,-3.104184
98,02/18/15 02:03,-64.845808,-3.100449
98,02/18/15 17:01,-64.845873,-3.100349
98,02/18/15 22:02,-64.845858,-3.1003
98,02/19/15 03:00,-64.846641,-3.102037
98,02/19/15 08:01,-64.847417,-3.101766
98,02/19/15 13:02,-64.846641,-3.101914
98,02/19/15 23:01,-64.846786,-3.102151
98,02/20/15 04:00,-64.84661,-3.102192
98,02/20/15 09:00,-64.84801,-3.083691
98,02/21/15 00:02,-64.859105,-3.094908
98,02/21/15 05:01,-64.860784,-3.094521
98,02/21/15 10:02,-64.871981,-3.09048
98,02/21/15 15:01,-64.866235,-3.085202
98,02/22/15 06:01,-64.846988,-3.102164
98,02/22/15 11:00,-64.846774,-3.102049
98,02/23/15 07:01,-64.838347,-3.095565
98,02/23/15 12:02,-64.834353,-3.095464
98,02/23/15 17:01,-64.834277,-3.095368
98,02/24/15 08:00,-64.837725,-3.100181
98,02/24/15 18:01,-64.834446,-3.096607
98,02/24/15 23:01,-64.834423,-3.096565
98,02/25/15 04:01,-64.8343,-3.096683
98,02/25/15 09:01,-64.834731,-3.096614
98,02/26/15 00:01,-64.834458,-3.09641
98,02/26/15 05:01,-64.838436,-3.097412
98,02/26/15 10:02,-64.838698,-3.097147
98,02/26/15 15:02,-64.838953,-3.096425
98,02/26/15 20:01,-64.839086,-3.096554
98,02/27/15 16:02,-64.839038,-3.096651
98,02/27/15 21:01,-64.839045,-3.096506
98,02/28/15 12:01,-64.838979,-3.096633
98,02/28/15 17:01,-64.839559,-3.094741
98,02/28/15 22:01,-64.818074,-3.091792
98,03/01/15 08:02,-64.828484,-3.098482
98,03/01/15 18:01,-64.839636,-3.094878
98,03/01/15 23:01,-64.839503,-3.094797
98,03/02/15 09:01,-64.839755,-3.094957
98,03/02/15 19:01,-64.839594,-3.094925
98,03/03/15 10:02,-64.828356,-3.091365
98,03/03/15 15:02,-64.842317,-3.093928
98,03/04/15 06:01,-64.842285,-3.093661
98,03/04/15 11:02,-64.841594,-3.093946
98,03/04/15 21:02,-64.83608,-3.076002
98,03/05/15 07:01,-64.841651,-3.081232
98,03/05/15 12:02,-64.842131,-3.093342
98,03/05/15 17:00,-64.841229,-3.093429
98,03/06/15 23:01,-64.82491,-3.090859
98,03/07/15 09:02,-64.82347,-3.084929
98,03/07/15 14:02,-64.818629,-3.08082
98,03/07/15 19:01,-64.822315,-3.079308
98,03/08/15 05:01,-64.82399,-3.085072
98,03/08/15 20:01,-64.811017,-3.099865
98,03/09/15 01:01,-64.823272,-3.085022
98,03/10/15 07:01,-64.839815,-3.079247
98,03/10/15 12:02,-64.839935,-3.078867
98,03/10/15 17:02,-64.823908,-3.084409
98,03/10/15 22:01,-64.823955,-3.084434
98,03/11/15 03:01,-64.823775,-3.084512
98,03/12/15 04:01,-64.823534,-3.084525
98,03/12/15 09:01,-64.823634,-3.084311
98,03/12/15 19:01,-64.822029,-3.075955
98,03/13/15 05:01,-64.821953,-3.085353
98,03/13/15 10:01,-64.821925,-3.085989
98,03/13/15 15:01,-64.821889,-3.085413
98,03/13/15 20:01,-64.821833,-3.086136
98,03/14/15 06:01,-64.823018,-3.086154
98,03/16/15 08:01,-64.822896,-3.104785
98,03/16/15 13:01,-64.824154,-3.104429
98,03/17/15 04:01,-64.85486,-3.092017
98,03/17/15 09:01,-64.858408,-3.093723
98,03/17/15 14:02,-64.858242,-3.093758
98,03/17/15 19:01,-64.859354,-3.092124
98,03/18/15 10:03,-64.859254,-3.092771
98,03/19/15 01:01,-64.860542,-3.08818
98,03/19/15 06:01,-64.86144,-3.086806
98,03/19/15 11:00,-64.861734,-3.08687
98,03/19/15 21:01,-64.861157,-3.08801
98,03/20/15 02:01,-64.857804,-3.090892
98,03/20/15 07:02,-64.857831,-3.090672
98,03/20/15 17:01,-64.857738,-3.090842
98,03/20/15 22:01,-64.864436,-3.095683
98,03/23/15 05:02,-64.854597,-3.09442
98,03/23/15 20:00,-64.85292,-3.096302
98,03/24/15 01:01,-64.865217,-3.093575
98,03/24/15 06:01,-64.855225,-3.09456
98,03/24/15 11:01,-64.855596,-3.094226
98,03/24/15 21:01,-64.85439,-3.092644
98,03/25/15 07:01,-64.854258,-3.09485
98,03/25/15 22:01,-64.845166,-3.09307
98,03/26/15 18:01,-64.845416,-3.092972
98,03/27/15 04:01,-64.845384,-3.093185
98,03/27/15 09:01,-64.845411,-3.092923
98,03/27/15 19:01,-64.845186,-3.093082
98,03/28/15 15:01,-64.840689,-3.096482
98,03/28/15 20:02,-64.840274,-3.096889
98,03/29/15 11:01,-64.846936,-3.088041
98,03/30/15 02:02,-64.846525,-3.090748
98,03/30/15 12:01,-64.846557,-3.090481
98,03/30/15 17:01,-64.84651,-3.090577
98,03/31/15 03:01,-64.847811,-3.088032
98,03/31/15 08:01,-64.847946,-3.08993
98,03/31/15 13:01,-64.846597,-3.090774
98,03/31/15 18:01,-64.846634,-3.090866
98,03/31/15 23:01,-64.8464,-3.090725
98,04/01/15 04:01,-64.846739,-3.091006
98,04/01/15 19:01,-64.850762,-3.091441
98,04/02/15 10:01,-64.860118,-3.094864
98,04/03/15 06:01,-64.858067,-3.089347
98,04/03/15 11:01,-64.857402,-3.089443
98,04/03/15 16:01,-64.857289,-3.089584
98,04/04/15 07:01,-64.854618,-3.090419
98,04/04/15 17:01,-64.85922,-3.09111
98,04/05/15 03:01,-64.852187,-3.095664
98,04/05/15 08:02,-64.852522,-3.095611
98,04/05/15 13:01,-64.852285,-3.095768
98,04/05/15 18:01,-64.852344,-3.095457
98,04/05/15 23:01,-64.852513,-3.095486
98,04/06/15 04:01,-64.848775,-3.094696
98,04/06/15 09:00,-64.848238,-3.094522
98,04/06/15 19:02,-64.848528,-3.094525
98,04/07/15 00:02,-64.848096,-3.094785
98,04/07/15 05:01,-64.841518,-3.099595
98,04/07/15 20:02,-64.841394,-3.099575
98,04/08/15 01:01,-64.841445,-3.099537
98,04/08/15 06:01,-64.831209,-3.101738
98,04/08/15 11:01,-64.832589,-3.102217
98,04/08/15 21:01,-64.83749,-3.096833
98,04/10/15 03:02,-64.809044,-3.109999
98,04/10/15 18:01,-64.806565,-3.109867
98,04/10/15 23:01,-64.808611,-3.109663
98,04/11/15 04:01,-64.808725,-3.109666
98,04/11/15 19:00,-64.841237,-3.092381
98,04/12/15 00:01,-64.84271,-3.094456
98,04/12/15 05:01,-64.84382,-3.094843
98,04/12/15 15:02,-64.842799,-3.090078
98,04/13/15 21:01,-64.842279,-3.09354
98,04/14/15 02:02,-64.843673,-3.09217
98,04/14/15 07:02,-64.844795,-3.091617
98,04/14/15 12:01,-64.843745,-3.088653
98,04/14/15 17:00,-64.846309,-3.090626
98,04/14/15 22:01,-64.845802,-3.09079
98,04/15/15 08:01,-64.846417,-3.09068
98,04/15/15 18:02,-64.845925,-3.090626
98,04/15/15 23:01,-64.845726,-3.090892
98,04/17/15 10:02,-64.853698,-3.091949
98,04/17/15 15:01,-64.851358,-3.086731
98,04/17/15 20:02,-64.850877,-3.087068
98,04/18/15 01:01,-64.850999,-3.087282
98,04/18/15 16:01,-64.861964,-3.086446
98,04/19/15 02:02,-64.861206,-3.087235
98,04/19/15 07:00,-64.856487,-3.085792
98,04/19/15 12:03,-64.857677,-3.08674
98,04/19/15 17:01,-64.859147,-3.085295
98,04/20/15 03:01,-64.870532,-3.083667
98,04/20/15 08:01,-64.871557,-3.08438
98,04/20/15 18:02,-64.870448,-3.084171
98,04/20/15 23:01,-64.871576,-3.083952
98,04/21/15 09:01,-64.870806,-3.08479
98,04/21/15 14:01,-64.870922,-3.072094
98,04/21/15 19:01,-64.871313,-3.084011
98,04/22/15 00:02,-64.871037,-3.08465
98,04/22/15 05:01,-64.871485,-3.084289
98,04/22/15 10:01,-64.87149,-3.084458
98,04/22/15 15:01,-64.871352,-3.084588
98,04/22/15 20:01,-64.871103,-3.084249
98,04/23/15 01:00,-64.871276,-3.084788
98,04/23/15 11:02,-64.87862,-3.090324
98,04/23/15 16:02,-64.871282,-3.084689
98,04/23/15 21:01,-64.871371,-3.084495
98,04/24/15 02:01,-64.873532,-3.085286
98,04/24/15 12:01,-64.871297,-3.084694
98,04/25/15 08:01,-64.841972,-3.098755
98,04/26/15 04:00,-64.856245,-3.091888
98,04/26/15 09:00,-64.855938,-3.09115
98,04/27/15 00:02,-64.849684,-3.073862
98,04/27/15 10:02,-64.846004,-3.083907
98,04/27/15 20:02,-64.857124,-3.091476
98,04/28/15 01:01,-64.857024,-3.091067
98,04/28/15 16:00,-64.842142,-3.084437
98,04/29/15 07:01,-64.846264,-3.082891
98,04/29/15 12:02,-64.847703,-3.082871
98,04/30/15 03:01,-64.847522,-3.094407
98,04/30/15 08:02,-64.847483,-3.094467
98,04/30/15 13:01,-64.846081,-3.094931
98,04/30/15 18:01,-64.844201,-3.098395
98,05/01/15 04:01,-64.845608,-3.094196
98,05/01/15 19:01,-64.845611,-3.094626
98,05/02/15 10:01,-64.82478,-3.095319
98,05/02/15 20:01,-64.826576,-3.093911
98,05/03/15 16:02,-64.831422,-3.102019
98,05/03/15 21:00,-64.831347,-3.102163
98,05/04/15 12:01,-64.8038,-3.116226
98,05/04/15 22:02,-64.804248,-3.116205
98,05/05/15 08:02,-64.807997,-3.12177
98,05/05/15 13:02,-64.807798,-3.121909
98,05/05/15 18:02,-64.805181,-3.111967
98,05/05/15 23:01,-64.805046,-3.112076
98,05/06/15 04:01,-64.805694,-3.093206
98,05/06/15 09:01,-64.804433,-3.093518
98,05/06/15 14:01,-64.804754,-3.093482
98,05/07/15 00:01,-64.804916,-3.095341
98,05/07/15 10:02,-64.803829,-3.109301
98,05/08/15 01:00,-64.812423,-3.113005
98,05/09/15 02:01,-64.816568,-3.114964
98,05/11/15 04:02,-64.82089,-3.116849
98,05/12/15 05:02,-64.822067,-3.117238
98,05/12/15 10:01,-64.820484,-3.11654
98,05/12/15 15:01,-64.821057,-3.114738
98,05/13/15 01:02,-64.821837,-3.11476
98,05/13/15 06:01,-64.818337,-3.121918
98,05/13/15 16:03,-64.819404,-3.11861
98,05/13/15 21:02,-64.821276,-3.114736
98,05/14/15 02:01,-64.822845,-3.113238
98,05/14/15 22:01,-64.823712,-3.112546
98,05/15/15 08:00,-64.821533,-3.116374
98,05/16/15 14:02,-64.820969,-3.115653
98,05/17/15 00:02,-64.836945,-3.101977
98,05/17/15 10:01,-64.83677,-3.102017
98,05/17/15 15:00,-64.839915,-3.093308
98,05/18/15 01:01,-64.858345,-3.088117
98,05/18/15 21:01,-64.870337,-3.093244
98,05/19/15 02:01,-64.869973,-3.093031
98,05/19/15 12:01,-64.857012,-3.090429
98,05/19/15 17:00,-64.857111,-3.090417
98,05/19/15 22:01,-64.857187,-3.090514
98,05/20/15 08:01,-64.857086,-3.091019
98,05/20/15 13:01,-64.856214,-3.091335
98,05/20/15 18:01,-64.855048,-3.091333
98,05/20/15 23:00,-64.857055,-3.090795
98,05/21/15 04:03,-64.856913,-3.091072
98,05/21/15 09:01,-64.85612,-3.091333
98,05/21/15 14:01,-64.85621,-3.091107
98,05/21/15 19:00,-64.85709,-3.090791
98,05/22/15 05:02,-64.85563,-3.093168
98,05/23/15 21:03,-64.868929,-3.094117
98,05/24/15 02:01,-64.84485,-3.090781
98,05/24/15 12:01,-64.842947,-3.087709
98,05/24/15 22:01,-64.843477,-3.08805
98,05/25/15 08:01,-64.844888,-3.090767
98,05/25/15 13:00,-64.844906,-3.090788
98,05/25/15 18:01,-64.845094,-3.090691
98,05/25/15 23:00,-64.844777,-3.090628
98,05/26/15 04:00,-64.844971,-3.090838
98,05/26/15 09:01,-64.84235,-3.092137
98,05/26/15 14:02,-64.842256,-3.092223
98,05/26/15 19:00,-64.842342,-3.092145
98,05/27/15 00:00,-64.842391,-3.09231
98,05/27/15 05:01,-64.843307,-3.099738
98,05/27/15 15:00,-64.841734,-3.099277
98,05/27/15 20:00,-64.839828,-3.095386
98,05/28/15 01:00,-64.83959,-3.09534
98,05/28/15 11:00,-64.849923,-3.095238
98,05/29/15 07:02,-64.84697,-3.098021
98,05/29/15 12:02,-64.845149,-3.099134
98,05/29/15 17:02,-64.846495,-3.09708
98,05/30/15 03:01,-64.846588,-3.096354
98,05/30/15 13:02,-64.846759,-3.096836
98,05/30/15 18:02,-64.846658,-3.096875
98,05/30/15 23:01,-64.845284,-3.09798
98,05/31/15 04:01,-64.845411,-3.097483
98,05/31/15 09:01,-64.854466,-3.09349
98,05/31/15 14:02,-64.853939,-3.093775
98,06/01/15 00:02,-64.845453,-3.097983
98,06/01/15 20:01,-64.845391,-3.097799
98,06/02/15 01:01,-64.845778,-3.097634
98,06/02/15 16:01,-64.845913,-3.097361
98,06/02/15 21:01,-64.845472,-3.09757
98,06/03/15 07:02,-64.842469,-3.093712
98,06/03/15 12:01,-64.84266,-3.093727
98,06/03/15 17:00,-64.842616,-3.093656
98,06/03/15 22:01,-64.841287,-3.091304
98,06/04/15 08:01,-64.83246,-3.094835
98,06/04/15 13:02,-64.83246,-3.094779
98,06/04/15 18:01,-64.832457,-3.094685
98,06/04/15 23:00,-64.835367,-3.095424
98,06/05/15 04:00,-64.837829,-3.096065
98,06/05/15 09:00,-64.837916,-3.095899
98,06/05/15 14:00,-64.837458,-3.096045
98,06/06/15 00:01,-64.846258,-3.096887
98,06/06/15 05:00,-64.866076,-3.08973
98,06/06/15 20:00,-64.865571,-3.095386
98,06/07/15 01:01,-64.840634,-3.102851
98,06/07/15 11:01,-64.840127,-3.101548
98,06/07/15 16:01,-64.844103,-3.099187
98,06/08/15 07:02,-64.866507,-3.095449
98,06/08/15 12:01,-64.867664,-3.094343
98,06/09/15 03:02,-64.868871,-3.092004
98,06/09/15 18:02,-64.869188,-3.090394
98,06/09/15 23:01,-64.869636,-3.09066
98,06/10/15 04:01,-64.869162,-3.09041
98,06/10/15 19:01,-64.866843,-3.087261
98,06/11/15 05:01,-64.857491,-3.084648
98,06/11/15 10:02,-64.858964,-3.086242
98,06/11/15 15:01,-64.858922,-3.086231
98,06/11/15 20:02,-64.861079,-3.086323
98,06/12/15 01:02,-64.86376,-3.08799
98,06/12/15 06:02,-64.866615,-3.089227
98,06/12/15 11:01,-64.869354,-3.090349
98,06/12/15 16:02,-64.869229,-3.090438
98,06/12/15 21:03,-64.866568,-3.086243
98,06/13/15 02:01,-64.870821,-3.084463
98,06/13/15 07:01,-64.870691,-3.084611
98,06/13/15 22:01,-64.868285,-3.07306
98,06/14/15 03:00,-64.865117,-3.072201
98,06/14/15 08:02,-64.864808,-3.072398
98,06/14/15 13:01,-64.865224,-3.071699
98,06/14/15 18:01,-64.863757,-3.071078
98,06/15/15 14:01,-64.866621,-3.086108
98,06/16/15 00:01,-64.866351,-3.095537
98,06/16/15 05:01,-64.863243,-3.09484
98,06/16/15 10:02,-64.862972,-3.094892
98,06/16/15 15:01,-64.862765,-3.093533
98,06/16/15 20:02,-64.864923,-3.093394
98,06/17/15 01:01,-64.865175,-3.09369
98,06/17/15 11:01,-64.87219,-3.091801
98,06/17/15 16:02,-64.870921,-3.091115
98,06/18/15 12:00,-64.862954,-3.0966
98,06/18/15 17:01,-64.861361,-3.097527
98,06/18/15 22:01,-64.864463,-3.092206
98,06/19/15 03:00,-64.864603,-3.092383
98,06/19/15 13:01,-64.869563,-3.090191
98,06/19/15 18:01,-64.873593,-3.090807
98,06/19/15 23:01,-64.875398,-3.090558
98,06/20/15 04:01,-64.877502,-3.084583
98,06/20/15 19:00,-64.876727,-3.082103
98,06/21/15 00:00,-64.871049,-3.087777
98,06/21/15 05:01,-64.867218,-3.090581
98,06/21/15 15:01,-64.869664,-3.090255
98,06/21/15 20:01,-64.869272,-3.090832
98,06/22/15 01:00,-64.858238,-3.079694
98,06/22/15 06:02,-64.85664,-3.081365
98,06/22/15 11:01,-64.855876,-3.08179
98,06/23/15 02:01,-64.853465,-3.074593
98,06/23/15 12:01,-64.856634,-3.077272
98,06/23/15 17:00,-64.857665,-3.077886
98,06/23/15 22:01,-64.857964,-3.077977
98,06/24/15 03:01,-64.857619,-3.077906
98,06/24/15 08:02,-64.857749,-3.077903
98,06/24/15 23:00,-64.841739,-3.077756
98,06/25/15 04:01,-64.842121,-3.077699
98,06/25/15 09:00,-64.842307,-3.077592
98,06/25/15 14:00,-64.843642,-3.074836
98,06/25/15 19:01,-64.842835,-3.074485
98,06/26/15 00:01,-64.836465,-3.066745
98,06/26/15 05:02,-64.838476,-3.06473
98,06/26/15 10:01,-64.838311,-3.062967
98,06/26/15 15:01,-64.838264,-3.063031
98,06/26/15 20:01,-64.839803,-3.062739
98,06/27/15 01:00,-64.840443,-3.061303
98,06/27/15 11:01,-64.839644,-3.060411
98,06/27/15 16:01,-64.839588,-3.060332
98,06/27/15 21:02,-64.841245,-3.060752
98,06/28/15 02:01,-64.8416,-3.061097
98,06/28/15 07:00,-64.841258,-3.061038
98,06/28/15 12:00,-64.841286,-3.061123
98,06/28/15 17:01,-64.841254,-3.061165
98,06/29/15 03:00,-64.844773,-3.073927
98,06/29/15 08:01,-64.844575,-3.073968
98,06/29/15 13:01,-64.844891,-3.07398
98,06/29/15 23:02,-64.833974,-3.084313
98,06/30/15 04:02,-64.831943,-3.083225
98,06/30/15 09:01,-64.831297,-3.082957
98,06/30/15 14:00,-64.831279,-3.083212
98,07/01/15 00:01,-64.831436,-3.082848
98,07/01/15 10:03,-64.826886,-3.083136
98,07/02/15 06:01,-64.825765,-3.087158
98,07/02/15 11:01,-64.825781,-3.087066
98,07/02/15 16:01,-64.825757,-3.087212
98,07/02/15 21:01,-64.825755,-3.087381
98,07/03/15 02:03,-64.823108,-3.083459
98,07/03/15 07:00,-64.823261,-3.083545
98,07/03/15 12:00,-64.823195,-3.083586
98,07/03/15 17:00,-64.822941,-3.08363
98,07/03/15 22:02,-64.824323,-3.080751
98,07/04/15 03:00,-64.824316,-3.081403
98,07/04/15 08:01,-64.824411,-3.081472
98,07/04/15 13:00,-64.825016,-3.080907
98,07/04/15 18:01,-64.824533,-3.081332
98,07/04/15 23:00,-64.824414,-3.081389
98,07/05/15 04:01,-64.822394,-3.079729
98,07/05/15 09:00,-64.822113,-3.079761
98,07/05/15 14:01,-64.822226,-3.079683
98,07/05/15 19:01,-64.819917,-3.079254
98,07/06/15 00:01,-64.820366,-3.079042
98,07/06/15 10:01,-64.820045,-3.078333
98,07/06/15 15:00,-64.820007,-3.078385
98,07/06/15 20:01,-64.819959,-3.078395
98,07/07/15 01:00,-64.819982,-3.078192
98,07/07/15 06:01,-64.820691,-3.081028
98,07/07/15 11:00,-64.821517,-3.081654
98,07/07/15 16:00,-64.821451,-3.081653
98,07/07/15 21:00,-64.827826,-3.080225
98,07/08/15 02:02,-64.827278,-3.076054
98,07/08/15 07:01,-64.824047,-3.074257
98,07/08/15 12:00,-64.824023,-3.074381
98,07/08/15 17:01,-64.824456,-3.072955
98,07/08/15 22:02,-64.821641,-3.073027
98,07/09/15 03:02,-64.818884,-3.075411
98,07/09/15 08:01,-64.819541,-3.078601
98,07/09/15 13:01,-64.819407,-3.07854
98,07/09/15 18:01,-64.819462,-3.078542
98,07/09/15 23:00,-64.827439,-3.088338
98,07/10/15 19:01,-64.827825,-3.101792
98,07/11/15 00:00,-64.828184,-3.102528
98,07/11/15 05:00,-64.822389,-3.100766
98,07/11/15 10:01,-64.822255,-3.100693
98,07/11/15 15:01,-64.822447,-3.100699
98,07/12/15 01:02,-64.813355,-3.095057
98,07/12/15 06:01,-64.813413,-3.095269
98,07/12/15 11:00,-64.813736,-3.095444
98,07/12/15 16:01,-64.8135,-3.095279
98,07/12/15 21:01,-64.813512,-3.095187
98,07/13/15 07:03,-64.827361,-3.108229
98,07/13/15 12:01,-64.827485,-3.108993
98,07/13/15 17:00,-64.828277,-3.109149
98,07/14/15 03:01,-64.836812,-3.103245
98,07/14/15 08:01,-64.836748,-3.103338
98,07/14/15 13:00,-64.834379,-3.105131
98,07/15/15 04:01,-64.830233,-3.107614
98,07/16/15 05:02,-64.823573,-3.110601
98,07/16/15 10:00,-64.824433,-3.110151
98,07/16/15 15:02,-64.822346,-3.114353
98,07/16/15 20:01,-64.818781,-3.118127
98,07/17/15 01:01,-64.828525,-3.109141
98,07/17/15 06:01,-64.828403,-3.108781
98,07/17/15 11:00,-64.828662,-3.108916
98,07/17/15 16:01,-64.830079,-3.107087
98,07/18/15 22:01,-64.836992,-3.103709
98,07/19/15 03:01,-64.837277,-3.104189
98,07/19/15 13:01,-64.839726,-3.102889
98,07/19/15 18:02,-64.838131,-3.104765
98,07/21/15 10:00,-64.853881,-3.093835
98,07/21/15 15:02,-64.846781,-3.096933
98,07/21/15 20:01,-64.846242,-3.097803
98,07/22/15 01:01,-64.847025,-3.096471
98,07/22/15 11:00,-64.84829,-3.096363
98,07/23/15 22:01,-64.858784,-3.091694
98,07/24/15 03:02,-64.857728,-3.093866
98,07/24/15 08:02,-64.85654,-3.093095
98,07/25/15 04:01,-64.854966,-3.089773
98,07/25/15 19:01,-64.842898,-3.098644
98,07/26/15 05:01,-64.846999,-3.095288
98,07/26/15 10:01,-64.847458,-3.095112
98,07/26/15 15:00,-64.84778,-3.095009
98,07/27/15 01:02,-64.851766,-3.09156
98,07/27/15 06:01,-64.85916,-3.088211
98,07/28/15 07:00,-64.863059,-3.085179
98,07/28/15 12:02,-64.862728,-3.085794
98,07/28/15 22:02,-64.862337,-3.090251
98,07/29/15 08:01,-64.861985,-3.092288
98,07/29/15 13:01,-64.862003,-3.092266
98,07/29/15 18:01,-64.863372,-3.092082
98,07/29/15 23:02,-64.870777,-3.092844
98,07/31/15 00:01,-64.853849,-3.089512
98,07/31/15 05:02,-64.853628,-3.089737
98,07/31/15 10:02,-64.853786,-3.089512
98,07/31/15 15:01,-64.853964,-3.089545
98,07/31/15 20:02,-64.853715,-3.08976
98,08/01/15 06:01,-64.836559,-3.100565
98,08/01/15 16:02,-64.852249,-3.090507
98,08/01/15 21:01,-64.852776,-3.090038
98,08/02/15 12:02,-64.84864,-3.091716
98,08/03/15 08:02,-64.849223,-3.094401
98,08/03/15 13:01,-64.84702,-3.09526
98,08/03/15 23:01,-64.846258,-3.094218
98,08/04/15 04:03,-64.844715,-3.095487
98,08/04/15 14:01,-64.844718,-3.095593
98,08/05/15 05:02,-64.846628,-3.095713
98,08/06/15 01:01,-64.848013,-3.092445
98,08/06/15 11:02,-64.84778,-3.091651
98,08/06/15 16:02,-64.847588,-3.091909
98,08/06/15 21:02,-64.847498,-3.09187
98,08/08/15 18:01,-64.859322,-3.078381
98,08/08/15 23:02,-64.859286,-3.078665
98,08/09/15 09:00,-64.858906,-3.077936
98,08/09/15 14:01,-64.859083,-3.077741
98,08/09/15 19:02,-64.856349,-3.07775
98,08/10/15 00:01,-64.857698,-3.076849
98,08/10/15 20:01,-64.855189,-3.076367
98,08/11/15 01:02,-64.856208,-3.075165
98,08/13/15 03:02,-64.853609,-3.068236
98,08/14/15 04:01,-64.854141,-3.067799
98,08/14/15 09:01,-64.854248,-3.067889
98,08/15/15 15:02,-64.860258,-3.056912
98,08/15/15 20:02,-64.859771,-3.055882
98,08/16/15 01:01,-64.859585,-3.055898
98,08/16/15 16:01,-64.86061,-3.056502
98,08/16/15 21:01,-64.862181,-3.059595
98,08/17/15 07:01,-64.863574,-3.064502
98,08/17/15 12:02,-64.863421,-3.065207
98,08/17/15 17:01,-64.860377,-3.068891
98,08/17/15 22:02,-64.859219,-3.072009
98,08/18/15 18:01,-64.861651,-3.079171
98,08/18/15 23:01,-64.862637,-3.080735
98,08/20/15 00:01,-64.839791,-3.076668
98,08/20/15 15:01,-64.837616,-3.089643
98,08/21/15 06:02,-64.837601,-3.089521
98,08/21/15 11:01,-64.837633,-3.089612
98,08/22/15 02:01,-64.83884,-3.09137
98,08/22/15 17:01,-64.838631,-3.091352
98,08/23/15 13:02,-64.834814,-3.083432
98,08/23/15 23:01,-64.835124,-3.082869
98,08/24/15 09:02,-64.83486,-3.083335
98,08/24/15 19:01,-64.835169,-3.083407
98,08/25/15 20:01,-64.833101,-3.082733
98,08/26/15 01:00,-64.832212,-3.081638
98,08/26/15 11:02,-64.832729,-3.081954
98,08/27/15 17:01,-64.831831,-3.080117
98,08/27/15 22:01,-64.831767,-3.07945
98,08/28/15 03:01,-64.831795,-3.080226
98,08/28/15 13:01,-64.831779,-3.079831
98,08/28/15 23:01,-64.831621,-3.073582
98,08/29/15 04:02,-64.831714,-3.073427
98,08/29/15 09:01,-64.831599,-3.073652
98,08/29/15 14:02,-64.831783,-3.07347
98,08/29/15 19:00,-64.83173,-3.073323
98,08/30/15 00:02,-64.831651,-3.07342
98,08/30/15 05:02,-64.831172,-3.073193
98,08/30/15 15:01,-64.828084,-3.073431
98,08/30/15 20:01,-64.830808,-3.07327
98,09/01/15 02:01,-64.815167,-3.076491
98,09/01/15 07:02,-64.813646,-3.087816
98,09/01/15 12:02,-64.813722,-3.087644
98,09/03/15 19:01,-64.818883,-3.090903
98,09/04/15 00:02,-64.818832,-3.091049
98,09/04/15 20:02,-64.832512,-3.092246
98,09/05/15 01:01,-64.847526,-3.079877
98,09/05/15 06:02,-64.850335,-3.078459
98,09/05/15 11:01,-64.850001,-3.078204
98,09/05/15 21:01,-64.858231,-3.047427
98,09/06/15 07:01,-64.850768,-3.065656
98,09/06/15 12:02,-64.853145,-3.067253
98,09/06/15 22:03,-64.845585,-3.069867
98,09/07/15 03:01,-64.836489,-3.058726
98,09/07/15 18:01,-64.842987,-3.064544
98,09/08/15 09:02,-64.841908,-3.062824
98,09/09/15 15:02,-64.842131,-3.072226
98,09/10/15 21:02,-64.855132,-3.048624
98,09/12/15 08:01,-64.855168,-3.048789
98,09/13/15 09:01,-64.851631,-3.049838
98,09/13/15 14:02,-64.851683,-3.072234
98,09/13/15 19:01,-64.852066,-3.072052
98,09/14/15 15:01,-64.851939,-3.078716
98,09/14/15 20:01,-64.852053,-3.086776
98,09/15/15 11:01,-64.85712,-3.089091
98,09/15/15 16:01,-64.85756,-3.089115
98,09/16/15 12:01,-64.869146,-3.082423
98,09/17/15 18:01,-64.864596,-3.076188
98,09/17/15 23:02,-64.865727,-3.068502
98,09/19/15 00:02,-64.885503,-3.058876
98,09/19/15 05:01,-64.880621,-3.059446
98,09/20/15 01:02,-64.874448,-3.036678
98,09/20/15 11:01,-64.868033,-3.054761
98,09/20/15 21:01,-64.87372,-3.07694
98,09/22/15 03:01,-64.883034,-3.026808
98,09/22/15 08:02,-64.884338,-3.027201
98,09/22/15 18:01,-64.868271,-3.059955
98,09/24/15 00:01,-64.865061,-3.061856
98,09/24/15 05:01,-64.864539,-3.059502
98,09/24/15 15:00,-64.864756,-3.059065
98,09/24/15 20:02,-64.867356,-3.045733
98,09/25/15 01:01,-64.867726,-3.049677
98,09/25/15 06:01,-64.86677,-3.047685
98,09/25/15 11:01,-64.866738,-3.047327
98,09/25/15 21:01,-64.865369,-3.060287
98,09/27/15 18:02,-64.866724,-3.065621
98,09/27/15 23:01,-64.862829,-3.069635
98,09/28/15 09:03,-64.862555,-3.069682
98,09/29/15 15:02,-64.862018,-3.069283
98,09/29/15 20:02,-64.862185,-3.072682
98,09/30/15 06:01,-64.877151,-3.086849
98,09/30/15 11:01,-64.87752,-3.086895
98,10/01/15 12:01,-64.867228,-3.0763
98,10/01/15 22:02,-64.87767,-3.078089
98,10/02/15 03:00,-64.877696,-3.077896
98,10/03/15 14:02,-64.877102,-3.075209
98,10/04/15 05:01,-64.879556,-3.079202
98,10/04/15 20:01,-64.874493,-3.088914
98,10/05/15 01:00,-64.875621,-3.09041
98,10/05/15 11:01,-64.875209,-3.090333
98,10/06/15 07:01,-64.852722,-3.097061
98,10/06/15 12:01,-64.852392,-3.09672
98,10/06/15 22:03,-64.856544,-3.095316
98,10/07/15 03:01,-64.853192,-3.090972
98,10/07/15 08:02,-64.853104,-3.09127
98,10/07/15 13:02,-64.853679,-3.09033
98,10/08/15 04:01,-64.826181,-3.108382
98,10/08/15 19:01,-64.853717,-3.096704
98,10/09/15 20:02,-64.835683,-3.10306
98,10/11/15 17:02,-64.829369,-3.097416
98,10/12/15 03:00,-64.817779,-3.094536
98,10/12/15 13:01,-64.814665,-3.079874
98,10/12/15 23:01,-64.814471,-3.074395
98,10/13/15 09:01,-64.80312,-3.093745
98,10/13/15 14:01,-64.811116,-3.089319
98,10/14/15 05:01,-64.816648,-3.072992
98,10/14/15 10:02,-64.840722,-3.063716
98,10/14/15 15:01,-64.840651,-3.06405
98,10/14/15 20:01,-64.847253,-3.064861
98,10/16/15 12:01,-64.864378,-3.070959
98,10/17/15 03:00,-64.865947,-3.072403
98,10/17/15 08:02,-64.865976,-3.072612
98,10/17/15 23:01,-64.866828,-3.076375
98,10/18/15 04:01,-64.866942,-3.076771
98,10/18/15 09:00,-64.867124,-3.076661
98,10/18/15 19:02,-64.86481,-3.071907
98,10/19/15 00:01,-64.864728,-3.071925
98,10/19/15 10:02,-64.866683,-3.076562
98,10/19/15 15:00,-64.864777,-3.071973
98,10/20/15 11:00,-64.867548,-3.077224
98,10/21/15 07:03,-64.881932,-3.069494
98,10/21/15 17:01,-64.87864,-3.065824
98,10/22/15 18:02,-64.89209,-3.060049
98,10/23/15 14:02,-64.890947,-3.058973
98,10/24/15 20:01,-64.84063,-3.07484
98,10/27/15 08:02,-64.844205,-3.061674
98,10/27/15 13:01,-64.844046,-3.061791
98,10/27/15 18:01,-64.839788,-3.05972
98,10/28/15 09:01,-64.838912,-3.060264
98,10/28/15 14:01,-64.838929,-3.060334
98,11/09/15 11:02,-64.852288,-3.050582
99,11/21/14 02:00,-64.914492,-2.984694
99,11/21/14 04:00,-64.914393,-2.984782
99,11/21/14 06:00,-64.914429,-2.984764
99,11/21/14 08:00,-64.914457,-2.984743
99,11/21/14 10:00,-64.914398,-2.98477
99,11/21/14 12:00,-64.914415,-2.984724
99,11/21/14 14:00,-64.914481,-2.984671
99,11/21/14 16:00,-64.914587,-2.984635
99,11/21/14 18:00,-64.914527,-2.98459
99,11/21/14 20:00,-64.914506,-2.984673
99,11/21/14 22:00,-64.914467,-2.984642
99,11/22/14 00:01,-64.914618,-2.984603
99,11/22/14 02:00,-64.914497,-2.984709
99,11/22/14 04:00,-64.914441,-2.984768
99,11/22/14 06:00,-64.9145,-2.984677
99,11/22/14 08:01,-64.914491,-2.98474
99,11/22/14 10:00,-64.914442,-2.984835
99,11/22/14 12:00,-64.91445,-2.984755
99,11/22/14 14:00,-64.914472,-2.984738
99,11/22/14 16:00,-64.914431,-2.984706
99,11/22/14 18:01,-64.914503,-2.984643
99,11/22/14 20:00,-64.914375,-2.98484
99,11/22/14 22:00,-64.91448,-2.98468
99,11/23/14 00:00,-64.914462,-2.984705
99,11/23/14 02:00,-64.914518,-2.98459
99,11/23/14 04:00,-64.914494,-2.984705
99,11/23/14 06:01,-64.914477,-2.984616
99,11/23/14 08:00,-64.914494,-2.984712
99,11/23/14 10:00,-64.914364,-2.984767
99,11/23/14 12:00,-64.91448,-2.984707
99,11/23/14 14:00,-64.914476,-2.984691
99,11/23/14 16:00,-64.914469,-2.984672
99,11/23/14 18:00,-64.914501,-2.984645
99,11/23/14 22:00,-64.914425,-2.984697
99,11/24/14 00:01,-64.914413,-2.984725
99,11/24/14 02:01,-64.914386,-2.984746
99,11/24/14 04:01,-64.914312,-2.984743
99,11/24/14 10:01,-64.867561,-3.042991
99,11/24/14 12:01,-64.867486,-3.042981
99,11/24/14 18:02,-64.866643,-3.039881
99,11/24/14 20:01,-64.86554,-3.039672
99,11/24/14 22:01,-64.865328,-3.039155
99,11/25/14 00:01,-64.865201,-3.040464
99,11/25/14 04:01,-64.86352,-3.046094
99,11/25/14 06:01,-64.86365,-3.046087
99,11/25/14 08:00,-64.8636,-3.046046
99,11/25/14 10:01,-64.862023,-3.050914
99,11/25/14 12:00,-64.859414,-3.051799
99,11/25/14 14:01,-64.858727,-3.051297
99,11/25/14 18:01,-64.858728,-3.050746
99,11/25/14 20:02,-64.859717,-3.049629
99,11/25/14 22:01,-64.863357,-3.057866
99,11/26/14 00:02,-64.868913,-3.05621
99,11/26/14 02:00,-64.86757,-3.049822
99,11/26/14 04:00,-64.868038,-3.04652
99,11/26/14 06:00,-64.867769,-3.046859
99,11/26/14 08:00,-64.868012,-3.046798
99,11/26/14 10:00,-64.867815,-3.046655
99,11/26/14 12:00,-64.867854,-3.046569
99,11/26/14 14:01,-64.867901,-3.0466
99,11/26/14 16:02,-64.86801,-3.046486
99,11/26/14 18:00,-64.86803,-3.046549
99,11/26/14 20:01,-64.868004,-3.046582
99,11/26/14 22:00,-64.867957,-3.046508
99,11/27/14 00:02,-64.867976,-3.046567
99,11/27/14 02:00,-64.867944,-3.046589
99,11/27/14 06:02,-64.867915,-3.046532
99,11/27/14 08:00,-64.867877,-3.046659
99,11/27/14 10:01,-64.867847,-3.046582
99,11/27/14 12:00,-64.867885,-3.046447
99,11/27/14 14:02,-64.867924,-3.04651
99,11/27/14 16:00,-64.868012,-3.04646
99,11/27/14 18:01,-64.867954,-3.046591
99,11/27/14 20:01,-64.867923,-3.046697
99,11/28/14 00:02,-64.867842,-3.046556
99,11/28/14 04:00,-64.867978,-3.046882
99,11/28/14 06:00,-64.867927,-3.04683
99,11/28/14 08:00,-64.867922,-3.046546
99,11/28/14 10:00,-64.867906,-3.046448
99,11/28/14 14:02,-64.867856,-3.046489
99,11/28/14 16:01,-64.865808,-3.0451
99,11/28/14 18:01,-64.86805,-3.046467
99,11/28/14 20:02,-64.867933,-3.046445
99,11/28/14 22:02,-64.867839,-3.046538
99,11/29/14 02:00,-64.867885,-3.046506
99,11/29/14 04:01,-64.866393,-3.045196
99,11/29/14 06:02,-64.866524,-3.045169
99,11/29/14 10:00,-64.866498,-3.045239
99,11/29/14 12:00,-64.866653,-3.045164
99,11/29/14 14:01,-64.866624,-3.04522
99,11/29/14 20:01,-64.865317,-3.045148
99,11/29/14 22:02,-64.86534,-3.045259
99,11/30/14 00:02,-64.865365,-3.045161
99,11/30/14 02:02,-64.865222,-3.045138
99,11/30/14 04:01,-64.864694,-3.040725
99,11/30/14 06:01,-64.864743,-3.040751
99,11/30/14 10:00,-64.866628,-3.039959
99,11/30/14 12:00,-64.866536,-3.0399
99,11/30/14 14:01,-64.866557,-3.039934
99,11/30/14 22:02,-64.869377,-3.036828
99,12/01/14 00:01,-64.869654,-3.036608
99,12/01/14 04:01,-64.869684,-3.036682
99,12/01/14 06:01,-64.869704,-3.036606
99,12/01/14 08:01,-64.869579,-3.036731
99,12/01/14 10:01,-64.868269,-3.041454
99,12/01/14 16:02,-64.868105,-3.041594
99,12/02/14 00:00,-64.859147,-3.052664
99,12/02/14 02:01,-64.855461,-3.055702
99,12/02/14 04:01,-64.85552,-3.055808
99,12/02/14 06:01,-64.855459,-3.055874
99,12/02/14 10:00,-64.856255,-3.054821
99,12/02/14 14:01,-64.857219,-3.055472
99,12/02/14 20:01,-64.858201,-3.057985
99,12/03/14 06:01,-64.853051,-3.060482
99,12/03/14 08:02,-64.853103,-3.060524
99,12/03/14 10:01,-64.853112,-3.060539
99,12/03/14 12:01,-64.853607,-3.060618
99,12/03/14 14:01,-64.853655,-3.060702
99,12/03/14 16:01,-64.853524,-3.060595
99,12/04/14 00:01,-64.844675,-3.066743
99,12/04/14 02:02,-64.84188,-3.061076
99,12/04/14 04:00,-64.849559,-3.065024
99,12/04/14 06:01,-64.852756,-3.064666
99,12/04/14 08:01,-64.852832,-3.064753
99,12/04/14 10:01,-64.852643,-3.06477
99,12/04/14 12:03,-64.852867,-3.064555
99,12/04/14 14:01,-64.852795,-3.064623
99,12/04/14 18:00,-64.853977,-3.064554
99,12/04/14 20:02,-64.860699,-3.063985
99,12/04/14 22:02,-64.857656,-3.072887
99,12/05/14 04:01,-64.852828,-3.064536
99,12/05/14 06:02,-64.852692,-3.064714
99,12/05/14 08:01,-64.852788,-3.064578
99,12/05/14 10:01,-64.852702,-3.064711
99,12/05/14 12:01,-64.849516,-3.066468
99,12/05/14 14:01,-64.849167,-3.067039
99,12/05/14 16:01,-64.846286,-3.071544
99,12/05/14 18:02,-64.838411,-3.072325
99,12/06/14 00:02,-64.845038,-3.063831
99,12/06/14 02:02,-64.845026,-3.063882
99,12/06/14 04:02,-64.845044,-3.063944
99,12/06/14 08:02,-64.845046,-3.063856
99,12/06/14 10:02,-64.845052,-3.063844
99,12/06/14 14:00,-64.845072,-3.063811
99,12/07/14 02:01,-64.845931,-3.071284
99,12/07/14 06:02,-64.845814,-3.071005
99,12/07/14 10:00,-64.845879,-3.07124
99,12/07/14 12:01,-64.846063,-3.071335
99,12/07/14 14:01,-64.845911,-3.071369
99,12/07/14 16:01,-64.845871,-3.071242
99,12/07/14 18:02,-64.844488,-3.071109
99,12/07/14 20:02,-64.844421,-3.071042
99,12/07/14 22:00,-64.838526,-3.067848
99,12/08/14 04:00,-64.836157,-3.075887
99,12/08/14 06:01,-64.83519,-3.076778
99,12/08/14 08:01,-64.835299,-3.076725
99,12/08/14 12:00,-64.837159,-3.076808
99,12/08/14 14:00,-64.836434,-3.076047
99,12/08/14 16:01,-64.836261,-3.076033
99,12/08/14 18:01,-64.836325,-3.076146
99,12/08/14 20:01,-64.836394,-3.076064
99,12/08/14 22:00,-64.836426,-3.076129
99,12/09/14 00:01,-64.836346,-3.076138
99,12/09/14 02:02,-64.83639,-3.076135
99,12/09/14 04:00,-64.837318,-3.074708
99,12/09/14 06:01,-64.842801,-3.070778
99,12/09/14 08:01,-64.842841,-3.070762
99,12/09/14 10:03,-64.842897,-3.070775
99,12/09/14 12:01,-64.842912,-3.070739
99,12/09/14 16:01,-64.842933,-3.070821
99,12/09/14 18:01,-64.842819,-3.070694
99,12/09/14 20:01,-64.842788,-3.070906
99,12/10/14 00:00,-64.847071,-3.068184
99,12/10/14 02:02,-64.847032,-3.068306
99,12/10/14 04:02,-64.846372,-3.066058
99,12/10/14 06:00,-64.846892,-3.065739
99,12/10/14 08:00,-64.841398,-3.069705
99,12/10/14 10:00,-64.836305,-3.07618
99,12/10/14 12:00,-64.840044,-3.076079
99,12/10/14 14:00,-64.844609,-3.076356
99,12/10/14 22:01,-64.848728,-3.069445
99,12/11/14 04:00,-64.842567,-3.05925
99,12/11/14 06:01,-64.842553,-3.059352
99,12/11/14 08:01,-64.842529,-3.05923
99,12/11/14 10:01,-64.842524,-3.059312
99,12/11/14 12:00,-64.842548,-3.059228
99,12/11/14 14:00,-64.842584,-3.059249
99,12/11/14 16:02,-64.839708,-3.061962
99,12/12/14 00:02,-64.839293,-3.064728
99,12/12/14 06:02,-64.839731,-3.0647
99,12/12/14 12:00,-64.839688,-3.06464
99,12/12/14 14:01,-64.839668,-3.06449
99,12/12/14 16:01,-64.839745,-3.061907
99,12/12/14 18:02,-64.844906,-3.069923
99,12/12/14 20:01,-64.844609,-3.069597
99,12/12/14 22:01,-64.845331,-3.07035
99,12/13/14 00:01,-64.845165,-3.070078
99,12/13/14 02:02,-64.844911,-3.070038
99,12/13/14 06:01,-64.845677,-3.071135
99,12/13/14 08:01,-64.845902,-3.071155
99,12/13/14 12:01,-64.846116,-3.071255
99,12/13/14 14:00,-64.846558,-3.071428
99,12/13/14 16:01,-64.846596,-3.07133
99,12/13/14 18:01,-64.847291,-3.074287
99,12/13/14 20:02,-64.842156,-3.074782
99,12/13/14 22:02,-64.844718,-3.076873
99,12/14/14 00:00,-64.841832,-3.075357
99,12/14/14 04:01,-64.842143,-3.075248
99,12/14/14 10:00,-64.842147,-3.075185
99,12/14/14 12:01,-64.841823,-3.075315
99,12/14/14 14:02,-64.842189,-3.075368
99,12/14/14 16:00,-64.842043,-3.075329
99,12/15/14 00:01,-64.841854,-3.08791
99,12/15/14 02:01,-64.841856,-3.08793
99,12/15/14 04:01,-64.841809,-3.087684
99,12/15/14 08:02,-64.841552,-3.087779
99,12/15/14 10:02,-64.841919,-3.087888
99,12/15/14 12:01,-64.841952,-3.087841
99,12/15/14 14:01,-64.841817,-3.087971
99,12/15/14 16:02,-64.841652,-3.087784
99,12/15/14 18:02,-64.84174,-3.087904
99,12/16/14 00:01,-64.841637,-3.087926
99,12/16/14 08:00,-64.842154,-3.089848
99,12/16/14 10:00,-64.842262,-3.089741
99,12/16/14 12:00,-64.842254,-3.089875
99,12/16/14 14:00,-64.842243,-3.089863
99,12/16/14 16:02,-64.842211,-3.08984
99,12/16/14 18:01,-64.841335,-3.095303
99,12/17/14 04:01,-64.848071,-3.09138
99,12/17/14 06:01,-64.848007,-3.091456
99,12/17/14 08:01,-64.847916,-3.091415
99,12/17/14 12:01,-64.848135,-3.09133
99,12/17/14 18:02,-64.846982,-3.092093
99,12/17/14 20:01,-64.847127,-3.095303
99,12/17/14 22:03,-64.847686,-3.095616
99,12/18/14 00:01,-64.847975,-3.095642
99,12/18/14 02:01,-64.847338,-3.095633
99,12/18/14 04:00,-64.846487,-3.09571
99,12/18/14 08:00,-64.846464,-3.09573
99,12/18/14 10:00,-64.846388,-3.095744
99,12/18/14 14:01,-64.846571,-3.095725
99,12/18/14 16:01,-64.846549,-3.095769
99,12/18/14 22:00,-64.840531,-3.095592
99,12/19/14 04:00,-64.842266,-3.094675
99,12/19/14 12:00,-64.84231,-3.094609
99,12/19/14 18:01,-64.848177,-3.075926
99,12/19/14 22:01,-64.853714,-3.069186
99,12/20/14 04:02,-64.862914,-3.064641
99,12/20/14 06:02,-64.862694,-3.063996
99,12/20/14 08:00,-64.862544,-3.063984
99,12/20/14 10:00,-64.862622,-3.06405
99,12/20/14 12:01,-64.862698,-3.064015
99,12/20/14 14:02,-64.861501,-3.065086
99,12/20/14 16:02,-64.86156,-3.065001
99,12/20/14 22:01,-64.862023,-3.063277
99,12/21/14 06:00,-64.862731,-3.062815
99,12/21/14 08:01,-64.864796,-3.060939
99,12/21/14 10:00,-64.864529,-3.060988
99,12/21/14 12:02,-64.864626,-3.06112
99,12/21/14 16:02,-64.873517,-3.06022
99,12/21/14 18:02,-64.858725,-3.058142
99,12/21/14 20:00,-64.855125,-3.05887
99,12/21/14 22:02,-64.85237,-3.059404
99,12/22/14 02:01,-64.858151,-3.045547
99,12/22/14 06:00,-64.864747,-3.049446
99,12/22/14 08:00,-64.864552,-3.04944
99,12/22/14 10:01,-64.864728,-3.049367
99,12/22/14 12:00,-64.864894,-3.050786
99,12/22/14 16:02,-64.860999,-3.057211
99,12/23/14 00:01,-64.852688,-3.065248
99,12/23/14 04:02,-64.843941,-3.066938
99,12/23/14 06:02,-64.845183,-3.067928
99,12/23/14 08:00,-64.845333,-3.068015
99,12/23/14 10:01,-64.84494,-3.067972
99,12/23/14 14:01,-64.844448,-3.066971
99,12/23/14 16:01,-64.841404,-3.064727
99,12/23/14 18:01,-64.839019,-3.069289
99,12/24/14 02:01,-64.843659,-3.060813
99,12/24/14 04:01,-64.845134,-3.063547
99,12/24/14 06:03,-64.850764,-3.066211
99,12/24/14 10:00,-64.850824,-3.06607
99,12/24/14 12:01,-64.85069,-3.066138
99,12/24/14 14:02,-64.850742,-3.066068
99,12/24/14 16:03,-64.850741,-3.066118
99,12/24/14 20:02,-64.857867,-3.077273
99,12/24/14 22:01,-64.849663,-3.082473
99,12/25/14 06:02,-64.863361,-3.081108
99,12/25/14 12:01,-64.866086,-3.073816
99,12/25/14 14:01,-64.866058,-3.073783
99,12/25/14 16:02,-64.86311,-3.071477
99,12/25/14 18:01,-64.863044,-3.071472
99,12/25/14 22:02,-64.8594,-3.065446
99,12/26/14 00:01,-64.859055,-3.059613
99,12/26/14 08:00,-64.854753,-3.05894
99,12/26/14 12:02,-64.854325,-3.058984
99,12/26/14 14:00,-64.85417,-3.058398
99,12/26/14 18:00,-64.856818,-3.053958
99,12/26/14 22:02,-64.861571,-3.046812
99,12/27/14 00:02,-64.861664,-3.046774
99,12/27/14 02:02,-64.861666,-3.046761
99,12/27/14 06:02,-64.861584,-3.046833
99,12/27/14 08:01,-64.861564,-3.046679
99,12/27/14 10:02,-64.861604,-3.046715
99,12/27/14 12:01,-64.861695,-3.046753
99,12/27/14 16:02,-64.865194,-3.045076
99,12/27/14 18:02,-64.870578,-3.040481
99,12/27/14 20:02,-64.871347,-3.041483
99,12/28/14 02:01,-64.872166,-3.044598
99,12/28/14 06:01,-64.875891,-3.044236
99,12/28/14 08:00,-64.875937,-3.04421
99,12/28/14 10:00,-64.876031,-3.044342
99,12/28/14 12:00,-64.876001,-3.044312
99,12/28/14 14:00,-64.876029,-3.044325
99,12/28/14 16:00,-64.875967,-3.04428
99,12/28/14 18:01,-64.878013,-3.04417
99,12/28/14 22:01,-64.878138,-3.034321
99,12/29/14 00:01,-64.873657,-3.034747
99,12/29/14 02:02,-64.875256,-3.040345
99,12/29/14 04:02,-64.875966,-3.041374
99,12/29/14 06:00,-64.875985,-3.041399
99,12/29/14 10:00,-64.875833,-3.04139
99,12/29/14 12:01,-64.875996,-3.041336
99,12/29/14 14:00,-64.876066,-3.041433
99,12/29/14 16:01,-64.875905,-3.041541
99,12/29/14 20:01,-64.878237,-3.040619
99,12/29/14 22:00,-64.878795,-3.041649
99,12/30/14 00:00,-64.882451,-3.045042
99,12/30/14 06:00,-64.882945,-3.045074
99,12/30/14 08:00,-64.882907,-3.044992
99,12/30/14 10:01,-64.882999,-3.045083
99,12/30/14 12:00,-64.882998,-3.045109
99,12/30/14 14:01,-64.882993,-3.045047
99,12/30/14 16:00,-64.883005,-3.045034
99,12/30/14 18:01,-64.882178,-3.044195
99,12/30/14 20:01,-64.883842,-3.044618
99,12/30/14 22:00,-64.883879,-3.044593
99,12/31/14 00:00,-64.887543,-3.048266
99,12/31/14 02:01,-64.888223,-3.054735
99,12/31/14 04:01,-64.883832,-3.049625
99,12/31/14 08:01,-64.883874,-3.049696
99,12/31/14 10:00,-64.88385,-3.049698
99,12/31/14 12:01,-64.883923,-3.049693
99,12/31/14 20:01,-64.883935,-3.049711
99,12/31/14 22:02,-64.881934,-3.051093
99,01/01/15 02:00,-64.881928,-3.051089
99,01/01/15 04:01,-64.881846,-3.050618
99,01/01/15 06:01,-64.882033,-3.051109
99,01/01/15 08:00,-64.882019,-3.051138
99,01/01/15 10:01,-64.881973,-3.051234
99,01/01/15 12:00,-64.881995,-3.051183
99,01/01/15 14:00,-64.882003,-3.051214
99,01/01/15 16:02,-64.882018,-3.05111
99,01/01/15 18:00,-64.881992,-3.051113
99,01/01/15 20:01,-64.881988,-3.051145
99,01/02/15 00:01,-64.876203,-3.052446
99,01/02/15 02:00,-64.876205,-3.052216
99,01/02/15 04:00,-64.876273,-3.052358
99,01/02/15 06:01,-64.875355,-3.050831
99,01/02/15 08:01,-64.871979,-3.048482
99,01/02/15 16:00,-64.871959,-3.048307
99,01/02/15 18:02,-64.869681,-3.053441
99,01/02/15 20:01,-64.86952,-3.055618
99,01/02/15 22:03,-64.867859,-3.05864
99,01/03/15 00:02,-64.878583,-3.054715
99,01/03/15 02:00,-64.878133,-3.052448
99,01/03/15 04:00,-64.878309,-3.052434
99,01/03/15 06:00,-64.878171,-3.052437
99,01/03/15 08:00,-64.878202,-3.052366
99,01/03/15 12:01,-64.874523,-3.051913
99,01/03/15 14:01,-64.869736,-3.05505
99,01/03/15 18:00,-64.86435,-3.053955
99,01/03/15 20:00,-64.861354,-3.05288
99,01/04/15 02:02,-64.872772,-3.044789
99,01/04/15 04:00,-64.877883,-3.044951
99,01/04/15 06:00,-64.877882,-3.044888
99,01/04/15 08:01,-64.877875,-3.044736
99,01/04/15 10:00,-64.877881,-3.04488
99,01/04/15 12:01,-64.877893,-3.044907
99,01/04/15 14:01,-64.878789,-3.045034
99,01/04/15 16:00,-64.878826,-3.043993
99,01/04/15 20:01,-64.87762,-3.041409
99,01/04/15 22:02,-64.87409,-3.041234
99,01/05/15 02:01,-64.863477,-3.050815
99,01/05/15 04:01,-64.863348,-3.050611
99,01/05/15 06:00,-64.863437,-3.050774
99,01/05/15 08:01,-64.863724,-3.051094
99,01/05/15 10:00,-64.864653,-3.052222
99,01/05/15 12:00,-64.864738,-3.052211
99,01/05/15 14:02,-64.864653,-3.052209
99,01/05/15 18:01,-64.863073,-3.056257
99,01/05/15 22:02,-64.850391,-3.059857
99,01/06/15 00:01,-64.857738,-3.057395
99,01/06/15 02:00,-64.857926,-3.057314
99,01/06/15 04:02,-64.857916,-3.057304
99,01/06/15 06:01,-64.860737,-3.059566
99,01/06/15 08:00,-64.860868,-3.059586
99,01/06/15 12:01,-64.860842,-3.059547
99,01/06/15 14:01,-64.860839,-3.059552
99,01/06/15 18:02,-64.865177,-3.060582
99,01/06/15 22:01,-64.862256,-3.051868
99,01/07/15 00:02,-64.862948,-3.051332
99,01/07/15 02:02,-64.862879,-3.051297
99,01/07/15 04:00,-64.862709,-3.051436
99,01/07/15 06:01,-64.862981,-3.051344
99,01/07/15 08:01,-64.862899,-3.051297
99,01/07/15 10:01,-64.86296,-3.051337
99,01/07/15 14:01,-64.862988,-3.051312
99,01/07/15 20:01,-64.862765,-3.051116
99,01/07/15 22:00,-64.862748,-3.05124
99,01/08/15 00:02,-64.862823,-3.051105
99,01/08/15 06:02,-64.862963,-3.051139
99,01/08/15 10:02,-64.86293,-3.051035
99,01/08/15 12:02,-64.861523,-3.046465
99,01/08/15 16:02,-64.861594,-3.046373
99,01/08/15 22:01,-64.868285,-3.053132
99,01/09/15 02:01,-64.868507,-3.052069
99,01/09/15 04:02,-64.86883,-3.053477
99,01/09/15 10:00,-64.868765,-3.053373
99,01/09/15 12:01,-64.868981,-3.053405
99,01/09/15 14:00,-64.868973,-3.053429
99,01/09/15 16:00,-64.868914,-3.053597
99,01/09/15 22:02,-64.87416,-3.047009
99,01/10/15 00:01,-64.873859,-3.047357
99,01/10/15 06:01,-64.873922,-3.047436
99,01/10/15 08:01,-64.873889,-3.047407
99,01/10/15 10:02,-64.873978,-3.047392
99,01/10/15 12:00,-64.87386,-3.047457
99,01/10/15 14:00,-64.873923,-3.047404
99,01/10/15 20:01,-64.873944,-3.047349
99,01/10/15 22:01,-64.873909,-3.047338
99,01/11/15 00:02,-64.87388,-3.047371
99,01/11/15 04:02,-64.875033,-3.049232
99,01/11/15 06:00,-64.874969,-3.049152
99,01/11/15 08:00,-64.875037,-3.049146
99,01/11/15 10:00,-64.875056,-3.049161
99,01/11/15 12:00,-64.875208,-3.049124
99,01/11/15 14:01,-64.875019,-3.049085
99,01/11/15 16:01,-64.875098,-3.049162
99,01/11/15 18:00,-64.876266,-3.049226
99,01/11/15 20:00,-64.876098,-3.049279
99,01/12/15 00:01,-64.876304,-3.049243
99,01/12/15 02:01,-64.876323,-3.048976
99,01/12/15 06:00,-64.876288,-3.049244
99,01/12/15 08:01,-64.876057,-3.049316
99,01/12/15 10:00,-64.876144,-3.049295
99,01/12/15 12:00,-64.876217,-3.049334
99,01/12/15 14:00,-64.876283,-3.049249
99,01/12/15 16:01,-64.876273,-3.049273
99,01/12/15 20:02,-64.877748,-3.051047
99,01/12/15 22:01,-64.877789,-3.051192
99,01/13/15 00:03,-64.877715,-3.051084
99,01/13/15 02:02,-64.877733,-3.051118
99,01/13/15 04:01,-64.875759,-3.055385
99,01/13/15 08:01,-64.871886,-3.060672
99,01/13/15 10:01,-64.871926,-3.060701
99,01/13/15 12:01,-64.87077,-3.06125
99,01/13/15 18:01,-64.871502,-3.056079
99,01/13/15 20:00,-64.871595,-3.055968
99,01/14/15 06:00,-64.879085,-3.056825
99,01/14/15 08:01,-64.879081,-3.056856
99,01/14/15 12:01,-64.879105,-3.056825
99,01/14/15 14:02,-64.879061,-3.056874
99,01/14/15 16:01,-64.887585,-3.055016
99,01/14/15 18:02,-64.888491,-3.054593
99,01/14/15 22:01,-64.888429,-3.054709
99,01/15/15 02:01,-64.892191,-3.05093
99,01/15/15 06:01,-64.892012,-3.050775
99,01/15/15 08:01,-64.891938,-3.050956
99,01/15/15 10:01,-64.892016,-3.050864
99,01/15/15 18:02,-64.889864,-3.051077
99,01/15/15 20:02,-64.890054,-3.043841
99,01/15/15 22:01,-64.887007,-3.040454
99,01/16/15 00:02,-64.883103,-3.046167
99,01/16/15 04:02,-64.891886,-3.046577
99,01/16/15 06:00,-64.89193,-3.046611
99,01/16/15 08:00,-64.891878,-3.046484
99,01/16/15 10:01,-64.89183,-3.046455
99,01/16/15 12:02,-64.896303,-3.045237
99,01/16/15 20:02,-64.897559,-3.050333
99,01/16/15 22:01,-64.893993,-3.054158
99,01/17/15 00:02,-64.888501,-3.054795
99,01/17/15 02:02,-64.887324,-3.052319
99,01/17/15 04:02,-64.882313,-3.054226
99,01/17/15 06:01,-64.885976,-3.057309
99,01/17/15 08:02,-64.895758,-3.056054
99,01/17/15 14:01,-64.888592,-3.058417
99,01/17/15 16:01,-64.888201,-3.058821
99,01/17/15 18:00,-64.880123,-3.060907
99,01/17/15 20:02,-64.879898,-3.060954
99,01/17/15 22:01,-64.880046,-3.06081
99,01/18/15 02:01,-64.880029,-3.061059
99,01/18/15 06:02,-64.879977,-3.061074
99,01/18/15 08:02,-64.875613,-3.060009
99,01/18/15 10:02,-64.882393,-3.058305
99,01/18/15 12:01,-64.885632,-3.058523
99,01/18/15 14:02,-64.886751,-3.058827
99,01/18/15 16:02,-64.886657,-3.058759
99,01/18/15 18:00,-64.886652,-3.058768
99,01/18/15 20:01,-64.886571,-3.05856
99,01/18/15 22:03,-64.885665,-3.058108
99,01/19/15 00:02,-64.879284,-3.057834
99,01/19/15 10:01,-64.87477,-3.056249
99,01/19/15 12:00,-64.874728,-3.052178
99,01/19/15 14:00,-64.875524,-3.052709
99,01/19/15 16:00,-64.875502,-3.052694
99,01/19/15 18:01,-64.87557,-3.052679
99,01/19/15 20:00,-64.8762,-3.054729
99,01/19/15 22:00,-64.876166,-3.054825
99,01/20/15 00:00,-64.876153,-3.054696
99,01/20/15 04:01,-64.869971,-3.059993
99,01/20/15 06:01,-64.863446,-3.056089
99,01/20/15 08:02,-64.863795,-3.056132
99,01/20/15 12:01,-64.864244,-3.059599
99,01/20/15 14:01,-64.864492,-3.061355
99,01/20/15 16:01,-64.870106,-3.059966
99,01/21/15 02:02,-64.857618,-3.049865
99,01/21/15 06:01,-64.858778,-3.051374
99,01/21/15 08:00,-64.858282,-3.05126
99,01/21/15 10:01,-64.858251,-3.051211
99,01/21/15 18:00,-64.859392,-3.051791
99,01/21/15 20:00,-64.859463,-3.051803
99,01/21/15 22:02,-64.864253,-3.053465
99,01/22/15 04:01,-64.867468,-3.042749
99,01/22/15 06:02,-64.868671,-3.04471
99,01/22/15 08:01,-64.861408,-3.046526
99,01/22/15 10:00,-64.861275,-3.046806
99,01/22/15 12:01,-64.861283,-3.04665
99,01/22/15 14:01,-64.861173,-3.046612
99,01/22/15 16:00,-64.861021,-3.046686
99,01/22/15 18:01,-64.860813,-3.046517
99,01/23/15 02:01,-64.859081,-3.055709
99,01/23/15 04:02,-64.862447,-3.056998
99,01/23/15 06:01,-64.864492,-3.057277
99,01/23/15 08:01,-64.867496,-3.057813
99,01/23/15 10:01,-64.867935,-3.058948
99,01/23/15 12:02,-64.868031,-3.058962
99,01/23/15 18:00,-64.867756,-3.058609
99,01/23/15 22:01,-64.856634,-3.047778
99,01/24/15 00:00,-64.855831,-3.046246
99,01/24/15 06:02,-64.863669,-3.040033
99,01/24/15 08:01,-64.866942,-3.041056
99,01/24/15 10:01,-64.866741,-3.040744
99,01/24/15 12:01,-64.866845,-3.040926
99,01/24/15 14:01,-64.867151,-3.041821
99,01/24/15 18:00,-64.867334,-3.040345
99,01/24/15 20:00,-64.867244,-3.040514
99,01/25/15 04:01,-64.879715,-3.033674
99,01/25/15 06:01,-64.881334,-3.041804
99,01/25/15 08:00,-64.88148,-3.039492
99,01/25/15 10:01,-64.881397,-3.039024
99,01/25/15 12:01,-64.881494,-3.03944
99,01/25/15 14:01,-64.881191,-3.039526
99,01/25/15 18:01,-64.881351,-3.039111
99,01/25/15 20:02,-64.881535,-3.039367
99,01/25/15 22:02,-64.878784,-3.038661
99,01/26/15 04:01,-64.885979,-3.036614
99,01/26/15 06:02,-64.888716,-3.030007
99,01/26/15 08:01,-64.889489,-3.031142
99,01/26/15 12:02,-64.889673,-3.031081
99,01/26/15 14:02,-64.889685,-3.031197
99,01/26/15 16:02,-64.889131,-3.033745
99,01/26/15 20:00,-64.889151,-3.034023
99,01/26/15 22:01,-64.889195,-3.033913
99,01/27/15 04:02,-64.886914,-3.038265
99,01/27/15 06:01,-64.886958,-3.038519
99,01/27/15 08:00,-64.886861,-3.038534
99,01/27/15 10:00,-64.886971,-3.038554
99,01/27/15 12:02,-64.886897,-3.038189
99,01/27/15 14:00,-64.886881,-3.038244
99,01/27/15 16:02,-64.886777,-3.038462
99,01/27/15 18:02,-64.887335,-3.041013
99,01/27/15 20:02,-64.885785,-3.042466
99,01/27/15 22:00,-64.886762,-3.040979
99,01/28/15 04:01,-64.888953,-3.051845
99,01/28/15 06:01,-64.889078,-3.051855
99,01/28/15 10:01,-64.88909,-3.051817
99,01/28/15 12:01,-64.889112,-3.051825
99,01/28/15 14:01,-64.888757,-3.052373
99,01/28/15 16:00,-64.888893,-3.05241
99,01/28/15 18:00,-64.888891,-3.052341
99,01/28/15 20:01,-64.892208,-3.053982
99,01/28/15 22:01,-64.884315,-3.052433
99,01/29/15 00:00,-64.887286,-3.048759
99,01/29/15 02:02,-64.893046,-3.051548
99,01/29/15 04:01,-64.89312,-3.05138
99,01/29/15 06:01,-64.893269,-3.051641
99,01/29/15 08:00,-64.893425,-3.051754
99,01/29/15 10:01,-64.893541,-3.051781
99,01/29/15 16:01,-64.897409,-3.05247
99,01/29/15 20:02,-64.897373,-3.052444
99,01/30/15 00:00,-64.897347,-3.052397
99,01/30/15 04:01,-64.893013,-3.051536
99,01/30/15 06:01,-64.893009,-3.051476
99,01/30/15 08:00,-64.893123,-3.051509
99,01/30/15 12:01,-64.893209,-3.051429
99,01/30/15 20:02,-64.893657,-3.050848
99,01/31/15 02:00,-64.892127,-3.053709
99,01/31/15 04:02,-64.888408,-3.05568
99,01/31/15 06:01,-64.886503,-3.055996
99,01/31/15 08:01,-64.886998,-3.055852
99,01/31/15 12:01,-64.892787,-3.053283
99,01/31/15 14:02,-64.89279,-3.053185
99,01/31/15 16:00,-64.89276,-3.053259
99,01/31/15 22:00,-64.892775,-3.053287
99,02/01/15 00:02,-64.893183,-3.053852
99,02/01/15 04:03,-64.903266,-3.050323
99,02/01/15 08:01,-64.893185,-3.047175
99,02/01/15 10:00,-64.893102,-3.048521
99,02/01/15 12:00,-64.893059,-3.048259
99,02/01/15 14:01,-64.892881,-3.048122
99,02/01/15 20:01,-64.891773,-3.053547
99,02/02/15 00:02,-64.892619,-3.056542
99,02/02/15 04:02,-64.879837,-3.059702
99,02/02/15 06:00,-64.878424,-3.060021
99,02/02/15 08:00,-64.878316,-3.060069
99,02/03/15 06:01,-64.866636,-3.077824
99,02/03/15 08:01,-64.866637,-3.077729
99,02/03/15 10:01,-64.86666,-3.077656
99,02/03/15 12:00,-64.866674,-3.077658
99,02/03/15 16:03,-64.866718,-3.077931
99,02/03/15 20:00,-64.865456,-3.080283
99,02/04/15 00:01,-64.865245,-3.080129
99,02/04/15 02:00,-64.865212,-3.080269
99,02/04/15 04:00,-64.876374,-3.090887
99,02/04/15 06:00,-64.876485,-3.090801
99,02/04/15 08:02,-64.876415,-3.090876
99,02/04/15 10:02,-64.872967,-3.086362
99,02/04/15 20:01,-64.871131,-3.071981
99,02/05/15 06:02,-64.877285,-3.068914
99,02/05/15 10:02,-64.879302,-3.066971
99,02/05/15 16:02,-64.873759,-3.079765
99,02/05/15 18:00,-64.873456,-3.079795
99,02/05/15 20:01,-64.873404,-3.079865
99,02/05/15 22:01,-64.873435,-3.079937
99,02/06/15 00:00,-64.87339,-3.079796
99,02/06/15 02:00,-64.873565,-3.079913
99,02/06/15 04:02,-64.871777,-3.077216
99,02/06/15 08:02,-64.873932,-3.062845
99,02/06/15 10:02,-64.888358,-3.060037
99,02/06/15 20:00,-64.867952,-3.058538
99,02/07/15 00:00,-64.857094,-3.063023
99,02/07/15 02:00,-64.85705,-3.063074
99,02/07/15 04:02,-64.853775,-3.068515
99,02/07/15 06:01,-64.853867,-3.068472
99,02/07/15 10:03,-64.852092,-3.056904
99,02/07/15 12:01,-64.856779,-3.047339
99,02/07/15 16:01,-64.869587,-3.052598
99,02/07/15 18:00,-64.869578,-3.052514
99,02/07/15 20:01,-64.870187,-3.051655
99,02/07/15 22:01,-64.87087,-3.056121
99,02/08/15 00:00,-64.859057,-3.073201
99,02/08/15 04:00,-64.852186,-3.073869
99,02/08/15 08:01,-64.852329,-3.067276
99,02/08/15 10:01,-64.852036,-3.06741
99,02/08/15 12:00,-64.852133,-3.067313
99,02/09/15 00:01,-64.859248,-3.054819
99,02/09/15 02:02,-64.859273,-3.054707
99,02/09/15 08:01,-64.857854,-3.062932
99,02/09/15 10:00,-64.854456,-3.065922
99,02/09/15 14:01,-64.854472,-3.065974
99,02/09/15 16:00,-64.854559,-3.066063
99,02/09/15 18:00,-64.854493,-3.066029
99,02/09/15 20:00,-64.853403,-3.066157
99,02/10/15 08:02,-64.853722,-3.066033
99,02/10/15 12:02,-64.848461,-3.066194
99,02/10/15 14:01,-64.848454,-3.066071
99,02/10/15 16:01,-64.848417,-3.066258
99,02/10/15 18:02,-64.848181,-3.066665
99,02/11/15 02:01,-64.846929,-3.068282
99,02/11/15 04:00,-64.846969,-3.068227
99,02/11/15 06:00,-64.846959,-3.068341
99,02/11/15 12:01,-64.84271,-3.070728
99,02/11/15 14:01,-64.842652,-3.071319
99,02/11/15 16:01,-64.842206,-3.071491
99,02/11/15 18:01,-64.838009,-3.070857
99,02/11/15 20:01,-64.838094,-3.070821
99,02/11/15 22:01,-64.838013,-3.070895
99,02/12/15 00:01,-64.838045,-3.070922
99,02/12/15 02:01,-64.838018,-3.070843
99,02/12/15 06:00,-64.841217,-3.056776
99,02/12/15 08:01,-64.840951,-3.05686
99,02/12/15 10:00,-64.840744,-3.056922
99,02/12/15 12:01,-64.839673,-3.056884
99,02/12/15 14:01,-64.839861,-3.056798
99,02/13/15 02:02,-64.850146,-3.078552
99,02/13/15 06:01,-64.851245,-3.081985
99,02/13/15 08:01,-64.85111,-3.081791
99,02/13/15 10:00,-64.851421,-3.081833
99,02/13/15 14:00,-64.851344,-3.081865
99,02/13/15 20:00,-64.849277,-3.077564
99,02/14/15 00:02,-64.850825,-3.090214
99,02/14/15 02:01,-64.84577,-3.090027
99,02/14/15 04:01,-64.849073,-3.080686
99,02/14/15 06:02,-64.85039,-3.079054
99,02/14/15 08:01,-64.85334,-3.075306
99,02/14/15 12:01,-64.852408,-3.060179
99,02/14/15 14:01,-64.852507,-3.060154
99,02/14/15 22:02,-64.854656,-3.059811
99,02/15/15 02:01,-64.840959,-3.056858
99,02/15/15 06:01,-64.831863,-3.065606
99,02/15/15 08:03,-64.832682,-3.065973
99,02/15/15 12:00,-64.83693,-3.07828
99,02/15/15 14:01,-64.836916,-3.078204
99,02/15/15 20:02,-64.827787,-3.092981
99,02/16/15 18:02,-64.844523,-3.063628
99,02/16/15 20:01,-64.842881,-3.07106
99,02/17/15 00:01,-64.849737,-3.089902
99,02/17/15 02:01,-64.841553,-3.094639
99,02/17/15 04:01,-64.839183,-3.096204
99,02/17/15 06:01,-64.839008,-3.09615
99,02/17/15 08:02,-64.836528,-3.097776
99,02/17/15 10:00,-64.833134,-3.098203
99,02/17/15 12:00,-64.833207,-3.098276
99,02/17/15 14:01,-64.83287,-3.098389
99,02/17/15 22:01,-64.832478,-3.097739
99,02/18/15 00:03,-64.833142,-3.091262
99,02/18/15 06:01,-64.841703,-3.085287
99,02/18/15 08:01,-64.841878,-3.085367
99,02/18/15 10:00,-64.841086,-3.082671
99,02/18/15 12:01,-64.845434,-3.0831
99,02/18/15 16:00,-64.845459,-3.083205
99,02/19/15 04:01,-64.848826,-3.077717
99,02/19/15 06:00,-64.849455,-3.073966
99,02/19/15 08:02,-64.849264,-3.073965
99,02/19/15 14:01,-64.847344,-3.07239
99,02/19/15 20:02,-64.847182,-3.07242
99,02/19/15 22:01,-64.852232,-3.072287
99,02/20/15 00:01,-64.854317,-3.069647
99,02/20/15 02:00,-64.854828,-3.064306
99,02/20/15 04:02,-64.857022,-3.058728
99,02/20/15 06:01,-64.85199,-3.057889
99,02/20/15 08:02,-64.851094,-3.059063
99,02/20/15 10:02,-64.846334,-3.064762
99,02/20/15 14:01,-64.844642,-3.063839
99,02/20/15 18:00,-64.844524,-3.063602
99,02/20/15 22:02,-64.837904,-3.063676
99,02/21/15 00:01,-64.839517,-3.066019
99,02/21/15 02:01,-64.849564,-3.071677
99,02/21/15 04:01,-64.851566,-3.072754
99,02/21/15 06:01,-64.851555,-3.072882
99,02/21/15 12:02,-64.858429,-3.076539
99,02/21/15 16:01,-64.858621,-3.076484
99,02/21/15 18:01,-64.858621,-3.076569
99,02/21/15 20:01,-64.860514,-3.075265
99,02/21/15 22:02,-64.862344,-3.074573
99,02/22/15 02:02,-64.863431,-3.073466
99,02/22/15 08:01,-64.864824,-3.066273
99,02/22/15 10:01,-64.864624,-3.066386
99,02/22/15 12:01,-64.864734,-3.066465
99,02/22/15 16:01,-64.868889,-3.064515
99,02/22/15 18:02,-64.861751,-3.058999
99,02/22/15 20:02,-64.859949,-3.056266
99,02/23/15 00:02,-64.859853,-3.056233
99,02/23/15 02:01,-64.859778,-3.05607
99,02/23/15 04:00,-64.85963,-3.056184
99,02/23/15 06:02,-64.85801,-3.053847
99,02/23/15 14:01,-64.857677,-3.0534
99,02/23/15 16:02,-64.859608,-3.056175
99,02/23/15 18:01,-64.856143,-3.052869
99,02/23/15 20:02,-64.85704,-3.050075
99,02/23/15 22:00,-64.855667,-3.049396
99,02/24/15 00:00,-64.855708,-3.049319
99,02/24/15 02:00,-64.855688,-3.049425
99,02/24/15 04:00,-64.855681,-3.049222
99,02/24/15 08:02,-64.854151,-3.06714
99,02/24/15 10:01,-64.853341,-3.065967
99,02/24/15 16:00,-64.853427,-3.065949
99,02/24/15 18:01,-64.853759,-3.06554
99,02/24/15 20:01,-64.85397,-3.065358
99,02/25/15 00:01,-64.856326,-3.060528
99,02/25/15 02:00,-64.856412,-3.060434
99,02/25/15 04:01,-64.857232,-3.060871
99,02/25/15 06:01,-64.856212,-3.058166
99,02/25/15 08:01,-64.855859,-3.058119
99,02/25/15 12:02,-64.843383,-3.045016
99,02/26/15 00:02,-64.848507,-3.051171
99,02/26/15 04:01,-64.848085,-3.048291
99,02/26/15 06:01,-64.847557,-3.05052
99,02/26/15 14:02,-64.847598,-3.052665
99,02/26/15 20:02,-64.847563,-3.050121
99,02/27/15 00:01,-64.852761,-3.051103
99,02/27/15 02:00,-64.85178,-3.05088
99,02/27/15 04:00,-64.847356,-3.050327
99,02/27/15 08:01,-64.842855,-3.053861
99,02/27/15 10:01,-64.842499,-3.052191
99,02/27/15 18:00,-64.845543,-3.050623
99,02/27/15 20:03,-64.846009,-3.055772
99,02/28/15 00:01,-64.844986,-3.054409
99,02/28/15 02:02,-64.845489,-3.059099
99,02/28/15 04:00,-64.845578,-3.059086
99,02/28/15 08:00,-64.845539,-3.059112
99,02/28/15 10:01,-64.845468,-3.059091
99,02/28/15 12:02,-64.845561,-3.058919
99,02/28/15 16:01,-64.845761,-3.059541
99,02/28/15 22:00,-64.844352,-3.049655
99,03/01/15 02:01,-64.84562,-3.03866
99,03/01/15 04:01,-64.845455,-3.038385
99,03/01/15 08:00,-64.84713,-3.051538
99,03/01/15 10:02,-64.847491,-3.05172
99,03/01/15 16:01,-64.856717,-3.057975
99,03/01/15 18:00,-64.856655,-3.058111
99,03/01/15 22:01,-64.858873,-3.068463
99,03/02/15 02:00,-64.865552,-3.065926
99,03/02/15 04:01,-64.865633,-3.066091
99,03/02/15 06:01,-64.865478,-3.065879
99,03/02/15 10:01,-64.865532,-3.066033
99,03/02/15 12:01,-64.865993,-3.06568
99,03/02/15 14:01,-64.866021,-3.065806
99,03/03/15 00:01,-64.872273,-3.067154
99,03/03/15 02:00,-64.874446,-3.062175
99,03/03/15 04:01,-64.871037,-3.057771
99,03/03/15 06:02,-64.865585,-3.053557
99,03/03/15 08:01,-64.865193,-3.053532
99,03/03/15 10:01,-64.865623,-3.053188
99,03/03/15 12:01,-64.865511,-3.053047
99,03/03/15 14:02,-64.865484,-3.053106
99,03/03/15 16:01,-64.865587,-3.053143
99,03/03/15 18:00,-64.867835,-3.058583
99,03/03/15 20:00,-64.868189,-3.059169
99,03/04/15 06:01,-64.864387,-3.062688
99,03/04/15 08:00,-64.864321,-3.062445
99,03/04/15 14:01,-64.858963,-3.067825
99,03/04/15 18:00,-64.856953,-3.078545
99,03/04/15 20:01,-64.853422,-3.080042
99,03/04/15 22:01,-64.851536,-3.083979
99,03/05/15 04:02,-64.857568,-3.088822
99,03/05/15 06:00,-64.858263,-3.088828
99,03/05/15 10:01,-64.859516,-3.083892
99,03/05/15 16:01,-64.848861,-3.078578
99,03/05/15 18:00,-64.848549,-3.07844
99,03/05/15 22:02,-64.847646,-3.07798
99,03/06/15 00:00,-64.847579,-3.078054
99,03/06/15 02:01,-64.847591,-3.077906
99,03/06/15 06:01,-64.847566,-3.070518
99,03/06/15 08:00,-64.847563,-3.070362
99,03/06/15 10:02,-64.847673,-3.070393
99,03/06/15 12:01,-64.847845,-3.070421
99,03/06/15 14:01,-64.847815,-3.070341
99,03/06/15 16:00,-64.848485,-3.069978
99,03/06/15 18:01,-64.848384,-3.069942
99,03/06/15 20:02,-64.848455,-3.069983
99,03/06/15 22:01,-64.848352,-3.069952
99,03/07/15 00:00,-64.848436,-3.069926
99,03/07/15 02:01,-64.848445,-3.069992
99,03/07/15 04:00,-64.848461,-3.070027
99,03/07/15 06:01,-64.848447,-3.070019
99,03/07/15 08:00,-64.848375,-3.069913
99,03/07/15 10:00,-64.848413,-3.069999
99,03/07/15 12:00,-64.848398,-3.069915
99,03/07/15 14:01,-64.848444,-3.069929
99,03/07/15 16:00,-64.848396,-3.070009
99,03/07/15 18:00,-64.848437,-3.069958
99,03/07/15 20:00,-64.849021,-3.068915
99,03/08/15 00:00,-64.856472,-3.085692
99,03/08/15 06:01,-64.856942,-3.08872
99,03/08/15 08:02,-64.857034,-3.088666
99,03/08/15 14:02,-64.856935,-3.088938
99,03/08/15 18:02,-64.857148,-3.088357
99,03/08/15 20:01,-64.863618,-3.088337
99,03/09/15 04:01,-64.861641,-3.093877
99,03/09/15 06:01,-64.861825,-3.093891
99,03/09/15 10:01,-64.854232,-3.095579
99,03/09/15 16:02,-64.854594,-3.094606
99,03/10/15 04:02,-64.833094,-3.096286
99,03/10/15 10:00,-64.833559,-3.097119
99,03/10/15 12:01,-64.833001,-3.097376
99,03/10/15 14:01,-64.832973,-3.097308
99,03/10/15 18:02,-64.828813,-3.094044
99,03/10/15 20:02,-64.82738,-3.103243
99,03/11/15 04:01,-64.835647,-3.092919
99,03/11/15 06:00,-64.835642,-3.092944
99,03/11/15 08:00,-64.835672,-3.092881
99,03/11/15 10:00,-64.835614,-3.09293
99,03/11/15 12:00,-64.836485,-3.093111
99,03/11/15 14:01,-64.838103,-3.09522
99,03/11/15 16:00,-64.837715,-3.095996
99,03/11/15 18:00,-64.837912,-3.096421
99,03/11/15 20:00,-64.837852,-3.096079
99,03/11/15 22:02,-64.838346,-3.099894
99,03/12/15 02:03,-64.838146,-3.099619
99,03/12/15 06:00,-64.837963,-3.100474
99,03/12/15 08:02,-64.838344,-3.100806
99,03/12/15 10:02,-64.838353,-3.100907
99,03/12/15 12:01,-64.838492,-3.100806
99,03/13/15 04:01,-64.830472,-3.094283
99,03/13/15 06:01,-64.830261,-3.093936
99,03/13/15 08:02,-64.830358,-3.094134
99,03/13/15 12:02,-64.830522,-3.093833
99,03/13/15 14:01,-64.830594,-3.094321
99,03/13/15 16:00,-64.828197,-3.092749
99,03/14/15 04:01,-64.827045,-3.09512
99,03/14/15 06:00,-64.826908,-3.095174
99,03/14/15 08:00,-64.827049,-3.095037
99,03/14/15 12:01,-64.82603,-3.095527
99,03/14/15 14:01,-64.825355,-3.091284
99,03/14/15 16:01,-64.825554,-3.0891
99,03/14/15 18:00,-64.825032,-3.08833
99,03/14/15 20:00,-64.82485,-3.088509
99,03/14/15 22:01,-64.824692,-3.088573
99,03/15/15 02:03,-64.830287,-3.093457
99,03/15/15 08:02,-64.830191,-3.103623
99,03/15/15 18:02,-64.832186,-3.101175
99,03/16/15 00:01,-64.832181,-3.101416
99,03/16/15 06:00,-64.831233,-3.102188
99,03/16/15 10:00,-64.836638,-3.101934
99,03/16/15 14:01,-64.836566,-3.101919
99,03/16/15 20:02,-64.843795,-3.101922
99,03/17/15 00:01,-64.851518,-3.098912
99,03/17/15 06:02,-64.850188,-3.096585
99,03/18/15 00:00,-64.840843,-3.093659
99,03/18/15 02:00,-64.840884,-3.093712
99,03/18/15 04:00,-64.840826,-3.093681
99,03/18/15 08:01,-64.836364,-3.104384
99,03/18/15 10:01,-64.836888,-3.104077
99,03/18/15 14:00,-64.83777,-3.103818
99,03/18/15 18:03,-64.837858,-3.103663
99,03/18/15 22:01,-64.840329,-3.09652
99,03/19/15 00:01,-64.837692,-3.092254
99,03/19/15 08:01,-64.847078,-3.085082
99,03/19/15 10:01,-64.846643,-3.08546
99,03/19/15 12:01,-64.846776,-3.085427
99,03/19/15 14:01,-64.846737,-3.08535
99,03/19/15 18:00,-64.84016,-3.086812
99,03/19/15 20:00,-64.838643,-3.08867
99,03/19/15 22:00,-64.839306,-3.08955
99,03/20/15 00:00,-64.839252,-3.089564
99,03/20/15 02:01,-64.839429,-3.089458
99,03/20/15 06:00,-64.842422,-3.084925
99,03/20/15 08:01,-64.8424,-3.084906
99,03/20/15 10:00,-64.842637,-3.08511
99,03/20/15 12:00,-64.842616,-3.084868
99,03/20/15 14:00,-64.842473,-3.084993
99,03/20/15 16:01,-64.842513,-3.084998
99,03/20/15 18:01,-64.842515,-3.085131
99,03/21/15 00:00,-64.832872,-3.083072
99,03/21/15 02:01,-64.832964,-3.08299
99,03/21/15 06:01,-64.840006,-3.080573
99,03/21/15 08:00,-64.839801,-3.080506
99,03/21/15 10:00,-64.839835,-3.080588
99,03/21/15 12:01,-64.839907,-3.080501
99,03/21/15 14:00,-64.839979,-3.080532
99,03/21/15 16:01,-64.839892,-3.08061
99,03/21/15 18:01,-64.841694,-3.077802
99,03/21/15 20:01,-64.841522,-3.078112
99,03/21/15 22:02,-64.844462,-3.080363
99,03/22/15 00:00,-64.844423,-3.080433
99,03/22/15 02:01,-64.844511,-3.080428
99,03/22/15 06:00,-64.846327,-3.084034
99,03/22/15 08:00,-64.846329,-3.084028
99,03/22/15 10:02,-64.852594,-3.082175
99,03/22/15 14:02,-64.853083,-3.081966
99,03/22/15 16:02,-64.852692,-3.082202
99,03/22/15 18:00,-64.85422,-3.082019
99,03/22/15 20:01,-64.854344,-3.081913
99,03/22/15 22:00,-64.854275,-3.081964
99,03/23/15 00:01,-64.854289,-3.081865
99,03/23/15 04:02,-64.854831,-3.075322
99,03/23/15 08:02,-64.853569,-3.08223
99,03/23/15 10:02,-64.853427,-3.082114
99,03/23/15 12:01,-64.856953,-3.082131
99,03/23/15 18:00,-64.849226,-3.079854
99,03/23/15 20:01,-64.847526,-3.077839
99,03/24/15 00:00,-64.844489,-3.080328
99,03/24/15 08:02,-64.859023,-3.069872
99,03/24/15 10:01,-64.859036,-3.069885
99,03/24/15 12:02,-64.859075,-3.069822
99,03/24/15 14:00,-64.859083,-3.069958
99,03/24/15 16:01,-64.859153,-3.069883
99,03/24/15 18:00,-64.856979,-3.06727
99,03/24/15 20:01,-64.856941,-3.067235
99,03/24/15 22:00,-64.851737,-3.071138
99,03/25/15 00:01,-64.842691,-3.07445
99,03/25/15 02:01,-64.842693,-3.074509
99,03/25/15 04:00,-64.842709,-3.074572
99,03/25/15 06:00,-64.842754,-3.074521
99,03/25/15 08:00,-64.842743,-3.074502
99,03/25/15 10:00,-64.842751,-3.074508
99,03/25/15 12:00,-64.842801,-3.074541
99,03/25/15 14:00,-64.842806,-3.074419
99,03/25/15 16:00,-64.842736,-3.074504
99,03/25/15 18:01,-64.841131,-3.073319
99,03/26/15 00:01,-64.837549,-3.067916
99,03/26/15 02:00,-64.837436,-3.068238
99,03/26/15 04:00,-64.837392,-3.068137
99,03/26/15 06:01,-64.839835,-3.068604
99,03/26/15 08:01,-64.840026,-3.070649
99,03/26/15 10:00,-64.840005,-3.070674
99,03/26/15 12:01,-64.839962,-3.070713
99,03/26/15 14:01,-64.839961,-3.070714
99,03/26/15 16:00,-64.839969,-3.070648
99,03/26/15 18:00,-64.840038,-3.070672
99,03/26/15 20:01,-64.84218,-3.077664
99,03/26/15 22:01,-64.842288,-3.077618
99,03/27/15 00:01,-64.841288,-3.077242
99,03/27/15 02:02,-64.845572,-3.078418
99,03/27/15 04:00,-64.848759,-3.081687
99,03/27/15 06:00,-64.84883,-3.081661
99,03/27/15 10:00,-64.847615,-3.077982
99,03/27/15 12:00,-64.847568,-3.07799
99,03/27/15 14:00,-64.847751,-3.077964
99,03/27/15 16:00,-64.847606,-3.077914
99,03/27/15 20:00,-64.847517,-3.077838
99,03/27/15 22:00,-64.840912,-3.09058
99,03/28/15 00:03,-64.836818,-3.092027
99,03/28/15 02:00,-64.836194,-3.091522
99,03/28/15 04:01,-64.836376,-3.09156
99,03/28/15 06:01,-64.836404,-3.091563
99,03/28/15 08:00,-64.836605,-3.093002
99,03/28/15 10:00,-64.836669,-3.092891
99,03/28/15 12:00,-64.836713,-3.092907
99,03/28/15 14:00,-64.836722,-3.092915
99,03/28/15 16:01,-64.836807,-3.09298
99,03/28/15 18:00,-64.836747,-3.092743
99,03/28/15 20:01,-64.836603,-3.09278
99,03/29/15 00:00,-64.839855,-3.093506
99,03/29/15 02:01,-64.839891,-3.093442
99,03/29/15 04:00,-64.839772,-3.093392
99,03/29/15 06:00,-64.840105,-3.093331
99,03/29/15 08:00,-64.839921,-3.09357
99,03/29/15 10:01,-64.839842,-3.093425
99,03/29/15 12:00,-64.839846,-3.093473
99,03/29/15 14:01,-64.840043,-3.09354
99,03/29/15 16:00,-64.839856,-3.093572
99,03/29/15 18:00,-64.840054,-3.093912
99,03/30/15 00:01,-64.827024,-3.091396
99,03/30/15 02:00,-64.82707,-3.091138
99,03/30/15 06:01,-64.825052,-3.091916
99,03/30/15 08:01,-64.824956,-3.091974
99,03/30/15 10:00,-64.824891,-3.091917
99,03/30/15 12:00,-64.824854,-3.091879
99,03/30/15 14:01,-64.825088,-3.091892
99,03/30/15 16:00,-64.824943,-3.091883
99,03/30/15 18:01,-64.825154,-3.088592
99,03/30/15 20:01,-64.825675,-3.087878
99,03/30/15 22:01,-64.826949,-3.084838
99,03/31/15 00:00,-64.826748,-3.084901
99,03/31/15 02:00,-64.826907,-3.084876
99,03/31/15 04:00,-64.826503,-3.084828
99,03/31/15 06:00,-64.826858,-3.084924
99,03/31/15 08:01,-64.826883,-3.084682
99,03/31/15 10:00,-64.826942,-3.084816
99,03/31/15 14:00,-64.824034,-3.085627
99,03/31/15 16:00,-64.824044,-3.085638
99,03/31/15 18:00,-64.822983,-3.083555
99,03/31/15 20:01,-64.824732,-3.080498
99,03/31/15 22:01,-64.824575,-3.080495
99,04/01/15 02:00,-64.824683,-3.080496
99,04/01/15 04:00,-64.824712,-3.08052
99,04/01/15 06:01,-64.822691,-3.079289
99,04/01/15 08:00,-64.822731,-3.079398
99,04/01/15 10:01,-64.822603,-3.0793
99,04/01/15 12:00,-64.822815,-3.079347
99,04/01/15 14:00,-64.822831,-3.079362
99,04/01/15 16:00,-64.822701,-3.079648
99,04/01/15 18:01,-64.822754,-3.080444
99,04/01/15 20:02,-64.825555,-3.088245
99,04/01/15 22:02,-64.825191,-3.088338
99,04/02/15 00:01,-64.824052,-3.080898
99,04/02/15 02:01,-64.824047,-3.080895
99,04/02/15 04:01,-64.824014,-3.081087
99,04/02/15 06:01,-64.822867,-3.079365
99,04/02/15 08:00,-64.822808,-3.079411
99,04/02/15 10:00,-64.822774,-3.079351
99,04/02/15 12:01,-64.822971,-3.079272
99,04/02/15 14:00,-64.822797,-3.079326
99,04/02/15 16:00,-64.822773,-3.079369
99,04/02/15 18:00,-64.822894,-3.079388
99,04/02/15 20:01,-64.824987,-3.075595
99,04/02/15 22:00,-64.825081,-3.075475
99,04/03/15 00:01,-64.824865,-3.075234
99,04/03/15 02:01,-64.824629,-3.073628
99,04/03/15 04:01,-64.823773,-3.073024
99,04/03/15 06:01,-64.82391,-3.073413
99,04/03/15 08:01,-64.824611,-3.073658
99,04/03/15 10:00,-64.824565,-3.073556
99,04/03/15 12:01,-64.824664,-3.073725
99,04/03/15 14:02,-64.824601,-3.073778
99,04/03/15 16:00,-64.824673,-3.073707
99,04/03/15 18:01,-64.824577,-3.073625
99,04/03/15 20:00,-64.824639,-3.073665
99,04/04/15 00:01,-64.824605,-3.073531
99,04/04/15 02:00,-64.824629,-3.073547
99,04/04/15 04:00,-64.824476,-3.073709
99,04/04/15 06:01,-64.824718,-3.073673
99,04/04/15 08:00,-64.824557,-3.07361
99,04/04/15 10:00,-64.824577,-3.073582
99,04/04/15 12:02,-64.824544,-3.073599
99,04/04/15 14:01,-64.824631,-3.073581
99,04/04/15 16:00,-64.82451,-3.073758
99,04/04/15 18:01,-64.827041,-3.072816
99,04/04/15 20:00,-64.827097,-3.072786
99,04/04/15 22:00,-64.828366,-3.073371
99,04/05/15 00:00,-64.828345,-3.073379
99,04/05/15 02:00,-64.828319,-3.073384
99,04/05/15 04:00,-64.826899,-3.073755
99,04/05/15 06:01,-64.827209,-3.074851
99,04/05/15 08:00,-64.827261,-3.074958
99,04/05/15 10:01,-64.827354,-3.074911
99,04/05/15 12:00,-64.827291,-3.074916
99,04/05/15 14:01,-64.827172,-3.0749
99,04/05/15 18:00,-64.82741,-3.075945
99,04/05/15 22:00,-64.827276,-3.079212
99,04/06/15 00:00,-64.827248,-3.079187
99,04/06/15 02:00,-64.827162,-3.07924
99,04/06/15 04:01,-64.827275,-3.079258
99,04/06/15 06:00,-64.829893,-3.07752
99,04/06/15 08:00,-64.82998,-3.077529
99,04/06/15 10:00,-64.829987,-3.077466
99,04/06/15 12:00,-64.829993,-3.077472
99,04/06/15 14:00,-64.83003,-3.077314
99,04/06/15 16:00,-64.82996,-3.077479
99,04/06/15 18:00,-64.829346,-3.077715
99,04/06/15 22:02,-64.825471,-3.071558
99,04/07/15 02:01,-64.825383,-3.071622
99,04/07/15 04:01,-64.824977,-3.072192
99,04/07/15 06:00,-64.824732,-3.072545
99,04/07/15 08:01,-64.824827,-3.072671
99,04/07/15 10:01,-64.824741,-3.07252
99,04/07/15 12:01,-64.824603,-3.072558
99,04/07/15 14:00,-64.824768,-3.072446
99,04/07/15 16:00,-64.824828,-3.072478
99,04/07/15 18:00,-64.824839,-3.072478
99,04/07/15 20:01,-64.820945,-3.074689
99,04/07/15 22:00,-64.820047,-3.077098
99,04/08/15 00:01,-64.821058,-3.076706
99,04/08/15 02:00,-64.822131,-3.080233
99,04/08/15 04:01,-64.82183,-3.079815
99,04/08/15 08:00,-64.82204,-3.079218
99,04/08/15 10:00,-64.822327,-3.079272
99,04/08/15 12:00,-64.82188,-3.079727
99,04/08/15 14:01,-64.821702,-3.07971
99,04/08/15 16:00,-64.823896,-3.08152
99,04/08/15 18:00,-64.823943,-3.081559
99,04/08/15 20:00,-64.823893,-3.081493
99,04/08/15 22:00,-64.821801,-3.082098
99,04/09/15 00:00,-64.821433,-3.081641
99,04/09/15 02:00,-64.821397,-3.081634
99,04/09/15 04:00,-64.821148,-3.081637
99,04/09/15 06:00,-64.821393,-3.081731
99,04/09/15 08:00,-64.821367,-3.081707
99,04/09/15 10:01,-64.821454,-3.081718
99,04/09/15 12:00,-64.821363,-3.081653
99,04/09/15 14:00,-64.821439,-3.081623
99,04/09/15 16:00,-64.821444,-3.081659
99,04/09/15 18:01,-64.82153,-3.081624
99,04/09/15 20:00,-64.818553,-3.079552
99,04/09/15 22:00,-64.818558,-3.079614
99,04/10/15 00:00,-64.818575,-3.079603
99,04/10/15 02:01,-64.818554,-3.079479
99,04/10/15 04:00,-64.81847,-3.079404
99,04/10/15 06:01,-64.819452,-3.078519
99,04/10/15 08:01,-64.819945,-3.078862
99,04/10/15 10:01,-64.819996,-3.078848
99,04/10/15 12:00,-64.819975,-3.078856
99,04/10/15 14:00,-64.820026,-3.078878
99,04/10/15 16:02,-64.820059,-3.078893
99,04/10/15 18:01,-64.820044,-3.078819
99,04/10/15 20:00,-64.81998,-3.07887
99,04/10/15 22:00,-64.82222,-3.078947
99,04/11/15 00:01,-64.82242,-3.079036
99,04/11/15 02:00,-64.822346,-3.079071
99,04/11/15 04:00,-64.822379,-3.079074
99,04/11/15 06:00,-64.822442,-3.079008
99,04/11/15 08:00,-64.822376,-3.079057
99,04/11/15 10:00,-64.822404,-3.07875
99,04/11/15 12:00,-64.822304,-3.078924
99,04/11/15 14:00,-64.822384,-3.078971
99,04/11/15 16:01,-64.822424,-3.07895
99,04/11/15 20:01,-64.825256,-3.076731
99,04/11/15 22:01,-64.824054,-3.079735
99,04/12/15 00:00,-64.823905,-3.08093
99,04/12/15 02:01,-64.825148,-3.07667
99,04/12/15 06:01,-64.827142,-3.078197
99,04/12/15 10:00,-64.827013,-3.077151
99,04/12/15 12:00,-64.827099,-3.077237
99,04/12/15 14:00,-64.82713,-3.077141
99,04/12/15 16:01,-64.827082,-3.077172
99,04/12/15 18:01,-64.827155,-3.077262
99,04/12/15 20:01,-64.831024,-3.081397
99,04/12/15 22:00,-64.831297,-3.082612
99,04/13/15 00:01,-64.831243,-3.082617
99,04/13/15 02:00,-64.831244,-3.082649
99,04/13/15 04:01,-64.833181,-3.080221
99,04/13/15 06:00,-64.833278,-3.080039
99,04/13/15 08:00,-64.833271,-3.080131
99,04/13/15 10:00,-64.833048,-3.080082
99,04/13/15 12:01,-64.833132,-3.080137
99,04/13/15 14:01,-64.833219,-3.080104
99,04/13/15 16:02,-64.833186,-3.08009
99,04/13/15 18:02,-64.83501,-3.081465
99,04/13/15 20:00,-64.834969,-3.08146
99,04/13/15 22:00,-64.835012,-3.081519
99,04/14/15 00:00,-64.835306,-3.081621
99,04/14/15 02:00,-64.835038,-3.081651
99,04/14/15 04:00,-64.835035,-3.081552
99,04/14/15 06:01,-64.833134,-3.083166
99,04/14/15 08:01,-64.833064,-3.083063
99,04/14/15 10:02,-64.833143,-3.083146
99,04/14/15 12:01,-64.833272,-3.0834
99,04/14/15 14:02,-64.833044,-3.083158
99,04/14/15 16:00,-64.833141,-3.083188
99,04/14/15 18:01,-64.833187,-3.083299
99,04/14/15 20:00,-64.833174,-3.083247
99,04/14/15 22:00,-64.834544,-3.083846
99,04/15/15 00:00,-64.834376,-3.08386
99,04/15/15 02:02,-64.834073,-3.084231
99,04/15/15 06:01,-64.841236,-3.091156
99,04/15/15 08:00,-64.841172,-3.091253
99,04/15/15 10:00,-64.841193,-3.091229
99,04/15/15 12:00,-64.841159,-3.091168
99,04/15/15 14:00,-64.8412,-3.091165
99,04/15/15 16:00,-64.841125,-3.091156
99,04/15/15 18:00,-64.841157,-3.091165
99,04/15/15 20:00,-64.841278,-3.091161
99,04/16/15 02:01,-64.835741,-3.096304
99,04/16/15 04:00,-64.835786,-3.096289
99,04/16/15 06:02,-64.835741,-3.096293
99,04/16/15 08:00,-64.83575,-3.096302
99,04/16/15 10:01,-64.835866,-3.096262
99,04/16/15 12:01,-64.837544,-3.095708
99,04/16/15 14:00,-64.837724,-3.095982
99,04/16/15 18:01,-64.837687,-3.096042
99,04/16/15 20:01,-64.837632,-3.096113
99,04/17/15 00:01,-64.837641,-3.095953
99,04/17/15 02:00,-64.837653,-3.095951
99,04/17/15 04:01,-64.837469,-3.095927
99,04/17/15 06:01,-64.837675,-3.096021
99,04/17/15 08:00,-64.837632,-3.096071
99,04/17/15 10:00,-64.837632,-3.09602
99,04/17/15 12:01,-64.837719,-3.096034
99,04/17/15 14:01,-64.837676,-3.095998
99,04/17/15 16:01,-64.837651,-3.096062
99,04/17/15 18:00,-64.839243,-3.095553
99,04/17/15 20:00,-64.839153,-3.095547
99,04/17/15 22:01,-64.840489,-3.096569
99,04/18/15 00:01,-64.839065,-3.097251
99,04/18/15 02:00,-64.839158,-3.097211
99,04/18/15 04:01,-64.838637,-3.097468
99,04/18/15 06:00,-64.834148,-3.098839
99,04/18/15 08:00,-64.834132,-3.099019
99,04/18/15 10:01,-64.835046,-3.098596
99,04/18/15 12:00,-64.835009,-3.098599
99,04/18/15 14:00,-64.834986,-3.098608
99,04/18/15 16:00,-64.835096,-3.098617
99,04/18/15 18:01,-64.835267,-3.098678
99,04/18/15 20:00,-64.835005,-3.098568
99,04/19/15 00:00,-64.837316,-3.092749
99,04/19/15 02:01,-64.837316,-3.092833
99,04/19/15 04:01,-64.837397,-3.092757
99,04/19/15 06:01,-64.837427,-3.092686
99,04/19/15 08:01,-64.837791,-3.092232
99,04/19/15 10:00,-64.83776,-3.092282
99,04/19/15 12:01,-64.837766,-3.092222
99,04/19/15 14:01,-64.837799,-3.092256
99,04/19/15 16:01,-64.837867,-3.092262
99,04/19/15 18:00,-64.837909,-3.091888
99,04/19/15 20:01,-64.837725,-3.092043
99,04/19/15 22:00,-64.841466,-3.093297
99,04/20/15 00:00,-64.842385,-3.092211
99,04/20/15 02:01,-64.842533,-3.092486
99,04/20/15 04:01,-64.842302,-3.092205
99,04/20/15 06:00,-64.842398,-3.092181
99,04/20/15 10:00,-64.848649,-3.088425
99,04/20/15 12:00,-64.849435,-3.088693
99,04/20/15 14:00,-64.850314,-3.086718
99,04/20/15 16:01,-64.850289,-3.086704
99,04/20/15 18:01,-64.850272,-3.086643
99,04/20/15 20:02,-64.850472,-3.086825
99,04/20/15 22:01,-64.850206,-3.086744
99,04/21/15 00:00,-64.85032,-3.086775
99,04/21/15 02:00,-64.850332,-3.086851
99,04/21/15 04:00,-64.848417,-3.087435
99,04/21/15 06:00,-64.848671,-3.087273
99,04/21/15 08:01,-64.84751,-3.08778
99,04/21/15 10:00,-64.848551,-3.087529
99,04/21/15 12:03,-64.84864,-3.087372
99,04/21/15 14:00,-64.848626,-3.087492
99,04/21/15 16:01,-64.848585,-3.087447
99,04/21/15 18:00,-64.848683,-3.087429
99,04/22/15 02:00,-64.861796,-3.077265
99,04/22/15 04:01,-64.869262,-3.069971
99,04/22/15 06:00,-64.869184,-3.070045
99,04/22/15 08:00,-64.869125,-3.070041
99,04/22/15 12:02,-64.871903,-3.068372
99,04/22/15 14:02,-64.871925,-3.068214
99,04/22/15 18:02,-64.871875,-3.068112
99,04/22/15 20:00,-64.869094,-3.067895
99,04/22/15 22:00,-64.868607,-3.068694
99,04/23/15 00:02,-64.868664,-3.069387
99,04/23/15 02:01,-64.869651,-3.070353
99,04/23/15 14:01,-64.871628,-3.068591
99,04/23/15 16:02,-64.869077,-3.071819
99,04/23/15 18:01,-64.869006,-3.071972
99,04/23/15 20:02,-64.869019,-3.072012
99,04/24/15 00:00,-64.868898,-3.071886
99,04/24/15 02:01,-64.868962,-3.071933
99,04/24/15 04:01,-64.868916,-3.072105
99,04/24/15 06:01,-64.868969,-3.071984
99,04/24/15 08:01,-64.868939,-3.071973
99,04/24/15 10:01,-64.868901,-3.071981
99,04/24/15 12:00,-64.868958,-3.071967
99,04/24/15 14:00,-64.868826,-3.071908
99,04/24/15 16:02,-64.868808,-3.07193
99,04/24/15 18:01,-64.871172,-3.073126
99,04/24/15 20:00,-64.872547,-3.078629
99,04/24/15 22:01,-64.873414,-3.08012
99,04/25/15 00:01,-64.873975,-3.078355
99,04/25/15 02:00,-64.874012,-3.078356
99,04/25/15 06:01,-64.873889,-3.078321
99,04/25/15 08:00,-64.87385,-3.078219
99,04/25/15 10:01,-64.873892,-3.078054
99,04/25/15 12:02,-64.873887,-3.078225
99,04/25/15 14:00,-64.87366,-3.078391
99,04/25/15 16:00,-64.874033,-3.078388
99,04/25/15 18:00,-64.873946,-3.078185
99,04/25/15 20:01,-64.873914,-3.078228
99,04/25/15 22:01,-64.874007,-3.078113
99,04/26/15 00:00,-64.873912,-3.078221
99,04/26/15 02:02,-64.868552,-3.072407
99,04/26/15 04:00,-64.873928,-3.078213
99,04/26/15 06:00,-64.873859,-3.078387
99,04/26/15 08:02,-64.872731,-3.070107
99,04/26/15 10:01,-64.872547,-3.070106
99,04/26/15 12:00,-64.872652,-3.070142
99,04/26/15 14:00,-64.872696,-3.07017
99,04/26/15 16:00,-64.872692,-3.070213
99,04/26/15 18:00,-64.872833,-3.070168
99,04/26/15 20:00,-64.872799,-3.070194
99,04/26/15 22:00,-64.872742,-3.070173
99,04/27/15 00:00,-64.872834,-3.070156
99,04/27/15 02:00,-64.872753,-3.070152
99,04/27/15 04:01,-64.872992,-3.070137
99,04/27/15 06:01,-64.872399,-3.069982
99,04/27/15 08:01,-64.872697,-3.07
99,04/27/15 10:00,-64.873083,-3.070266
99,04/27/15 12:02,-64.872738,-3.070164
99,04/27/15 14:00,-64.872849,-3.070138
99,04/27/15 16:00,-64.872784,-3.070165
99,04/27/15 18:01,-64.872846,-3.070133
99,04/27/15 20:01,-64.873094,-3.0702
99,04/28/15 00:01,-64.875517,-3.069732
99,04/28/15 02:00,-64.875599,-3.069954
99,04/28/15 04:01,-64.875354,-3.069997
99,04/28/15 06:00,-64.875455,-3.069952
99,04/28/15 08:01,-64.875532,-3.070016
99,04/28/15 14:01,-64.871717,-3.071847
99,04/28/15 16:00,-64.871656,-3.071858
99,04/28/15 18:01,-64.87142,-3.072997
99,04/28/15 20:01,-64.867523,-3.072347
99,04/28/15 22:00,-64.865652,-3.073018
99,04/29/15 00:00,-64.865631,-3.072914
99,04/29/15 02:00,-64.865649,-3.07293
99,04/29/15 06:03,-64.869257,-3.071275
99,04/29/15 08:02,-64.869303,-3.071257
99,04/29/15 10:01,-64.869191,-3.071374
99,04/29/15 12:01,-64.869169,-3.071327
99,04/29/15 14:00,-64.869146,-3.071343
99,04/29/15 18:02,-64.869336,-3.07136
99,04/29/15 22:02,-64.862854,-3.060853
99,04/30/15 00:00,-64.86033,-3.058368
99,04/30/15 02:00,-64.860445,-3.058308
99,04/30/15 04:00,-64.860393,-3.058391
99,04/30/15 06:01,-64.860412,-3.058391
99,04/30/15 08:01,-64.860502,-3.058353
99,04/30/15 10:00,-64.860421,-3.05839
99,04/30/15 12:01,-64.860339,-3.058328
99,04/30/15 14:00,-64.860408,-3.058322
99,04/30/15 16:00,-64.860413,-3.058359
99,04/30/15 18:02,-64.862939,-3.056067
99,04/30/15 20:01,-64.868341,-3.052844
99,04/30/15 22:00,-64.86798,-3.053246
99,05/01/15 00:00,-64.867459,-3.051744
99,05/01/15 02:00,-64.867505,-3.05174
99,05/01/15 04:00,-64.867458,-3.051707
99,05/01/15 06:01,-64.867453,-3.051795
99,05/01/15 08:00,-64.867633,-3.051774
99,05/01/15 12:00,-64.867668,-3.051772
99,05/01/15 14:00,-64.867603,-3.051672
99,05/01/15 16:01,-64.867733,-3.051596
99,05/01/15 18:02,-64.868194,-3.049557
99,05/01/15 20:01,-64.871312,-3.052404
99,05/01/15 22:00,-64.869593,-3.052583
99,05/02/15 00:01,-64.869431,-3.052583
99,05/02/15 02:00,-64.869403,-3.052537
99,05/02/15 04:00,-64.869445,-3.052525
99,05/02/15 06:01,-64.86927,-3.052908
99,05/02/15 08:00,-64.869445,-3.052592
99,05/02/15 10:00,-64.869433,-3.052611
99,05/02/15 14:00,-64.86946,-3.052593
99,05/02/15 16:00,-64.86961,-3.052718
99,05/02/15 20:01,-64.86985,-3.050391
99,05/02/15 22:01,-64.870111,-3.050606
99,05/03/15 02:00,-64.870073,-3.05069
99,05/03/15 04:01,-64.867952,-3.049445
99,05/03/15 06:00,-64.867888,-3.049356
99,05/03/15 08:01,-64.867857,-3.049539
99,05/03/15 10:01,-64.867978,-3.049392
99,05/03/15 12:01,-64.867798,-3.049492
99,05/03/15 14:00,-64.867859,-3.049471
99,05/03/15 16:00,-64.867829,-3.049401
99,05/03/15 18:00,-64.867843,-3.049367
99,05/03/15 20:01,-64.864268,-3.047803
99,05/03/15 22:01,-64.864799,-3.045499
99,05/04/15 04:01,-64.86501,-3.04577
99,05/04/15 06:01,-64.865075,-3.045801
99,05/04/15 08:00,-64.86511,-3.04589
99,05/04/15 10:00,-64.865163,-3.045741
99,05/04/15 12:00,-64.865086,-3.045845
99,05/04/15 14:00,-64.865063,-3.045794
99,05/04/15 16:00,-64.865114,-3.045878
99,05/04/15 18:01,-64.866608,-3.045198
99,05/04/15 20:00,-64.867312,-3.045606
99,05/04/15 22:03,-64.867284,-3.045635
99,05/05/15 00:00,-64.86722,-3.04566
99,05/05/15 02:01,-64.867158,-3.045665
99,05/05/15 04:00,-64.867124,-3.045545
99,05/05/15 06:00,-64.865988,-3.044747
99,05/05/15 08:01,-64.86636,-3.044467
99,05/05/15 10:00,-64.864344,-3.041539
99,05/05/15 12:00,-64.864506,-3.041464
99,05/05/15 14:00,-64.864425,-3.041482
99,05/05/15 16:01,-64.864507,-3.041493
99,05/05/15 18:00,-64.864349,-3.04151
99,05/05/15 22:01,-64.867424,-3.039315
99,05/06/15 00:01,-64.871313,-3.043387
99,05/06/15 02:00,-64.871396,-3.043263
99,05/06/15 04:00,-64.871316,-3.043366
99,05/06/15 08:00,-64.870382,-3.043166
99,05/06/15 10:00,-64.87131,-3.043361
99,05/06/15 12:01,-64.871589,-3.043439
99,05/06/15 14:00,-64.871275,-3.043346
99,05/06/15 16:02,-64.871468,-3.043372
99,05/06/15 18:01,-64.871352,-3.043479
99,05/06/15 20:02,-64.877355,-3.042918
99,05/06/15 22:00,-64.879255,-3.041651
99,05/07/15 00:00,-64.879183,-3.041536
99,05/07/15 02:00,-64.879148,-3.041616
99,05/07/15 06:00,-64.869253,-3.03628
99,05/07/15 08:01,-64.869707,-3.038009
99,05/07/15 10:01,-64.869551,-3.038205
99,05/07/15 12:00,-64.869737,-3.038035
99,05/07/15 14:00,-64.869755,-3.037964
99,05/07/15 16:00,-64.869713,-3.037988
99,05/07/15 18:01,-64.869792,-3.037908
99,05/07/15 20:00,-64.868788,-3.040079
99,05/07/15 22:01,-64.868533,-3.039991
99,05/08/15 00:00,-64.868777,-3.039998
99,05/08/15 04:00,-64.866053,-3.044737
99,05/08/15 06:01,-64.86602,-3.044661
99,05/08/15 08:01,-64.865621,-3.045582
99,05/08/15 10:00,-64.866182,-3.044799
99,05/08/15 12:01,-64.866037,-3.044837
99,05/08/15 14:01,-64.866077,-3.044756
99,05/08/15 16:01,-64.865945,-3.044641
99,05/08/15 18:01,-64.866059,-3.044732
99,05/08/15 20:00,-64.868895,-3.045735
99,05/08/15 22:00,-64.866402,-3.041173
99,05/09/15 00:01,-64.860612,-3.041765
99,05/09/15 02:00,-64.860545,-3.041779
99,05/09/15 04:00,-64.860503,-3.041787
99,05/09/15 06:00,-64.860483,-3.041883
99,05/09/15 08:02,-64.860538,-3.041824
99,05/09/15 10:02,-64.860388,-3.041919
99,05/09/15 12:00,-64.860565,-3.04189
99,05/09/15 14:00,-64.860606,-3.041817
99,05/09/15 16:00,-64.86072,-3.041869
99,05/09/15 18:01,-64.860523,-3.041906
99,05/09/15 20:00,-64.860535,-3.041876
99,05/09/15 22:01,-64.861188,-3.04482
99,05/10/15 00:01,-64.862785,-3.048005
99,05/10/15 02:00,-64.862487,-3.04792
99,05/10/15 04:01,-64.862528,-3.047957
99,05/10/15 06:01,-64.862582,-3.048011
99,05/10/15 08:01,-64.862619,-3.048015
99,05/10/15 10:00,-64.862576,-3.047965
99,05/10/15 12:00,-64.862532,-3.047982
99,05/10/15 14:01,-64.862553,-3.047942
99,05/10/15 16:00,-64.86254,-3.047863
99,05/10/15 18:01,-64.867644,-3.052434
99,05/10/15 20:00,-64.867668,-3.052442
99,05/10/15 22:00,-64.867741,-3.052435
99,05/11/15 00:00,-64.867648,-3.052357
99,05/11/15 02:01,-64.867504,-3.052275
99,05/11/15 04:00,-64.869377,-3.054004
99,05/11/15 06:01,-64.87153,-3.058273
99,05/11/15 08:01,-64.871581,-3.05834
99,05/11/15 10:01,-64.873747,-3.056919
99,05/11/15 12:00,-64.873816,-3.056924
99,05/11/15 14:00,-64.873765,-3.056855
99,05/11/15 16:01,-64.877158,-3.054116
99,05/11/15 18:01,-64.877116,-3.053909
99,05/11/15 20:00,-64.877121,-3.053928
99,05/11/15 22:00,-64.869211,-3.050092
99,05/12/15 00:00,-64.869152,-3.050095
99,05/12/15 02:00,-64.869203,-3.050079
99,05/12/15 04:00,-64.869194,-3.050049
99,05/12/15 06:00,-64.869187,-3.050081
99,05/12/15 12:00,-64.861009,-3.052479
99,05/12/15 14:00,-64.860917,-3.052407
99,05/12/15 18:00,-64.860968,-3.05247
99,05/12/15 20:01,-64.86094,-3.052433
99,05/12/15 22:00,-64.86123,-3.055994
99,05/13/15 00:00,-64.859638,-3.052258
99,05/13/15 02:01,-64.859359,-3.052195
99,05/13/15 04:01,-64.859235,-3.052178
99,05/13/15 06:00,-64.856507,-3.052499
99,05/13/15 08:00,-64.85651,-3.052476
99,05/13/15 10:00,-64.856609,-3.052464
99,05/13/15 12:00,-64.856701,-3.052452
99,05/13/15 14:01,-64.856447,-3.052411
99,05/13/15 16:01,-64.85608,-3.052517
99,05/13/15 18:01,-64.8558,-3.052712
99,05/13/15 20:00,-64.855829,-3.052715
99,05/13/15 22:00,-64.855848,-3.052852
99,05/14/15 00:00,-64.855875,-3.052717
99,05/14/15 02:00,-64.855894,-3.052773
99,05/14/15 04:00,-64.854949,-3.050245
99,05/14/15 06:00,-64.85469,-3.050304
99,05/14/15 10:01,-64.857265,-3.049414
99,05/14/15 12:00,-64.857304,-3.049512
99,05/14/15 14:02,-64.857349,-3.049517
99,05/14/15 16:01,-64.857424,-3.049489
99,05/14/15 18:00,-64.857263,-3.049479
99,05/14/15 20:00,-64.857458,-3.049442
99,05/14/15 22:00,-64.857285,-3.049481
99,05/15/15 00:01,-64.85735,-3.049553
99,05/15/15 02:01,-64.857355,-3.04952
99,05/15/15 04:00,-64.857384,-3.049507
99,05/15/15 06:00,-64.859326,-3.048848
99,05/15/15 08:01,-64.859383,-3.048671
99,05/15/15 10:00,-64.859437,-3.04857
99,05/15/15 12:00,-64.859385,-3.048629
99,05/15/15 14:01,-64.859399,-3.048673
99,05/15/15 16:00,-64.859408,-3.048706
99,05/15/15 18:01,-64.859371,-3.048653
99,05/15/15 22:01,-64.863792,-3.047016
99,05/16/15 00:00,-64.86369,-3.047237
99,05/16/15 02:00,-64.863664,-3.047255
99,05/16/15 06:00,-64.862851,-3.056046
99,05/16/15 08:00,-64.862817,-3.056025
99,05/16/15 10:00,-64.862818,-3.05606
99,05/16/15 12:00,-64.86288,-3.056039
99,05/16/15 14:00,-64.862799,-3.056066
99,05/16/15 16:00,-64.862921,-3.056052
99,05/16/15 18:00,-64.862732,-3.055897
99,05/16/15 20:01,-64.862937,-3.056006
99,05/17/15 00:00,-64.860434,-3.05837
99,05/17/15 02:00,-64.860329,-3.058417
99,05/17/15 04:00,-64.860447,-3.058307
99,05/17/15 06:00,-64.860347,-3.058401
99,05/17/15 08:00,-64.8604,-3.058315
99,05/17/15 10:00,-64.86027,-3.058368
99,05/17/15 12:00,-64.860452,-3.05834
99,05/17/15 14:01,-64.860153,-3.058368
99,05/17/15 16:00,-64.860396,-3.058377
99,05/17/15 18:00,-64.860477,-3.058396
99,05/17/15 20:01,-64.860479,-3.058404
99,05/17/15 22:01,-64.860485,-3.058432
99,05/18/15 00:00,-64.860364,-3.058202
99,05/18/15 02:00,-64.860481,-3.058262
99,05/18/15 04:01,-64.862033,-3.057982
99,05/18/15 06:01,-64.862085,-3.058047
99,05/18/15 08:01,-64.862094,-3.058132
99,05/18/15 10:00,-64.862059,-3.057993
99,05/18/15 12:01,-64.862108,-3.057919
99,05/18/15 14:00,-64.862105,-3.058013
99,05/18/15 16:00,-64.862121,-3.058009
99,05/18/15 18:02,-64.862111,-3.058042
99,05/18/15 20:00,-64.862117,-3.057884
99,05/19/15 00:00,-64.864501,-3.057272
99,05/19/15 02:00,-64.864488,-3.057307
99,05/19/15 04:00,-64.86443,-3.05725
99,05/19/15 06:00,-64.864352,-3.057464
99,05/19/15 08:02,-64.86424,-3.057281
99,05/19/15 10:01,-64.864201,-3.057397
99,05/19/15 12:02,-64.864485,-3.057206
99,05/19/15 14:01,-64.864419,-3.057278
99,05/19/15 16:01,-64.864383,-3.057316
99,05/19/15 18:00,-64.864423,-3.057287
99,05/19/15 20:00,-64.864452,-3.057169
99,05/19/15 22:00,-64.864323,-3.057247
99,05/20/15 00:00,-64.864196,-3.057188
99,05/20/15 02:00,-64.864435,-3.057345
99,05/20/15 04:00,-64.864279,-3.058324
99,05/20/15 06:00,-64.864532,-3.059005
99,05/20/15 08:00,-64.864439,-3.059007
99,05/20/15 10:00,-64.864467,-3.059047
99,05/20/15 12:00,-64.864556,-3.058982
99,05/20/15 14:00,-64.864481,-3.059066
99,05/20/15 16:01,-64.864469,-3.059103
99,05/20/15 18:00,-64.859751,-3.063718
99,05/20/15 20:00,-64.859743,-3.063876
99,05/20/15 22:00,-64.859859,-3.063624
99,05/21/15 00:00,-64.859657,-3.064193
99,05/21/15 02:00,-64.859721,-3.063876
99,05/21/15 04:00,-64.858371,-3.065192
99,05/21/15 06:00,-64.858363,-3.065133
99,05/21/15 08:00,-64.858403,-3.065212
99,05/21/15 10:01,-64.858605,-3.065464
99,05/21/15 12:00,-64.858598,-3.065391
99,05/21/15 14:00,-64.858554,-3.065471
99,05/21/15 16:00,-64.858624,-3.065369
99,05/21/15 18:01,-64.858635,-3.065532
99,05/21/15 20:00,-64.858603,-3.065348
99,05/21/15 22:00,-64.858595,-3.06541
99,05/22/15 02:01,-64.8579,-3.067301
99,05/22/15 04:01,-64.857939,-3.067321
99,05/22/15 06:00,-64.857895,-3.067351
99,05/22/15 08:02,-64.857351,-3.067368
99,05/22/15 10:00,-64.857369,-3.06746
99,05/22/15 12:00,-64.857319,-3.067485
99,05/22/15 14:00,-64.857329,-3.067382
99,05/22/15 16:01,-64.857411,-3.067415
99,05/22/15 18:00,-64.853069,-3.073075
99,05/22/15 20:00,-64.852898,-3.073106
99,05/22/15 22:01,-64.852921,-3.07307
99,05/23/15 00:00,-64.852931,-3.073163
99,05/23/15 02:00,-64.849586,-3.070128
99,05/23/15 04:01,-64.848339,-3.069995
99,05/23/15 06:01,-64.84839,-3.069962
99,05/23/15 08:00,-64.848375,-3.06996
99,05/23/15 10:01,-64.848252,-3.069965
99,05/23/15 12:00,-64.848366,-3.070078
99,05/23/15 14:00,-64.848467,-3.069943
99,05/23/15 16:00,-64.848404,-3.069862
99,05/23/15 18:01,-64.848331,-3.06998
99,05/23/15 20:01,-64.848411,-3.069972
99,05/23/15 22:02,-64.845167,-3.074781
99,05/24/15 00:01,-64.841486,-3.078025
99,05/24/15 02:01,-64.841577,-3.07823
99,05/24/15 06:00,-64.852933,-3.075882
99,05/24/15 08:00,-64.852601,-3.075802
99,05/24/15 10:01,-64.853618,-3.075082
99,05/24/15 12:01,-64.853589,-3.07578
99,05/24/15 14:02,-64.853706,-3.075798
99,05/24/15 16:02,-64.850668,-3.078473
99,05/24/15 18:00,-64.850694,-3.07847
99,05/24/15 20:01,-64.85074,-3.078434
99,05/24/15 22:01,-64.84599,-3.079863
99,05/25/15 00:03,-64.846124,-3.079786
99,05/25/15 02:00,-64.845959,-3.079828
99,05/25/15 04:02,-64.845986,-3.079891
99,05/25/15 06:00,-64.845949,-3.07995
99,05/25/15 08:01,-64.845908,-3.079899
99,05/25/15 10:01,-64.845927,-3.07988
99,05/25/15 12:01,-64.846049,-3.079803
99,05/25/15 14:01,-64.845871,-3.08002
99,05/25/15 16:00,-64.845913,-3.079929
99,05/25/15 20:01,-64.840365,-3.093331
99,05/25/15 22:00,-64.840297,-3.093358
99,05/26/15 00:00,-64.84034,-3.093341
99,05/26/15 02:00,-64.84034,-3.093237
99,05/26/15 04:01,-64.836785,-3.093105
99,05/26/15 06:00,-64.836762,-3.092834
99,05/26/15 08:00,-64.836654,-3.092821
99,05/26/15 10:00,-64.836718,-3.092858
99,05/26/15 12:01,-64.836819,-3.092794
99,05/26/15 14:00,-64.836703,-3.092871
99,05/26/15 16:00,-64.836711,-3.09297
99,05/26/15 18:00,-64.836756,-3.092882
99,05/26/15 22:01,-64.827067,-3.093843
99,05/27/15 00:00,-64.828062,-3.091091
99,05/27/15 02:00,-64.828206,-3.09108
99,05/27/15 04:00,-64.828073,-3.09097
99,05/27/15 06:00,-64.82809,-3.091004
99,05/27/15 08:02,-64.832303,-3.09352
99,05/27/15 10:00,-64.832126,-3.093499
99,05/27/15 12:01,-64.832202,-3.093619
99,05/27/15 14:01,-64.832365,-3.093559
99,05/27/15 16:00,-64.832297,-3.093588
99,05/27/15 18:00,-64.836212,-3.091419
99,05/27/15 20:01,-64.836243,-3.091527
99,05/27/15 22:00,-64.836158,-3.091519
99,05/28/15 00:00,-64.836259,-3.091579
99,05/28/15 02:01,-64.836209,-3.091531
99,05/28/15 04:01,-64.836232,-3.091524
99,05/28/15 08:00,-64.835056,-3.086483
99,05/28/15 10:00,-64.835195,-3.086417
99,05/28/15 12:00,-64.835117,-3.086447
99,05/28/15 14:01,-64.835135,-3.086333
99,05/28/15 16:00,-64.835073,-3.086447
99,05/28/15 18:01,-64.835717,-3.086524
99,05/28/15 20:01,-64.838526,-3.08911
99,05/29/15 00:01,-64.833652,-3.082111
99,05/29/15 02:00,-64.83355,-3.082079
99,05/29/15 04:01,-64.833707,-3.082087
99,05/29/15 06:01,-64.834385,-3.081801
99,05/29/15 08:00,-64.834424,-3.081806
99,05/29/15 10:00,-64.834332,-3.081761
99,05/29/15 12:00,-64.83445,-3.081781
99,05/29/15 14:01,-64.834432,-3.08167
99,05/29/15 16:00,-64.834307,-3.081599
99,05/29/15 18:01,-64.832465,-3.07984
99,05/29/15 20:00,-64.832338,-3.079827
99,05/29/15 22:01,-64.829548,-3.079432
99,05/30/15 00:00,-64.829562,-3.079476
99,05/30/15 02:00,-64.829577,-3.079489
99,05/30/15 04:00,-64.828866,-3.078656
99,05/30/15 06:01,-64.828978,-3.07863
99,05/30/15 08:00,-64.829133,-3.078688
99,05/30/15 10:00,-64.82906,-3.078626
99,05/30/15 12:00,-64.829133,-3.078646
99,05/30/15 14:00,-64.829108,-3.078658
99,05/30/15 16:00,-64.829175,-3.078646
99,05/30/15 18:00,-64.829068,-3.078668
99,05/30/15 20:02,-64.824048,-3.080946
99,05/30/15 22:01,-64.824094,-3.080929
99,05/31/15 00:01,-64.823743,-3.081015
99,05/31/15 02:00,-64.82399,-3.080965
99,05/31/15 04:00,-64.824756,-3.080424
99,05/31/15 06:00,-64.824096,-3.080806
99,05/31/15 08:01,-64.823987,-3.081022
99,05/31/15 10:02,-64.823998,-3.080862
99,05/31/15 12:02,-64.824038,-3.080848
99,05/31/15 16:01,-64.823993,-3.080986
99,05/31/15 18:00,-64.824065,-3.080998
99,05/31/15 20:01,-64.824134,-3.08094
99,05/31/15 22:01,-64.82403,-3.08094
99,06/01/15 00:00,-64.823998,-3.080888
99,06/01/15 04:00,-64.820999,-3.078673
99,06/01/15 06:00,-64.82088,-3.078645
99,06/01/15 08:00,-64.821043,-3.078745
99,06/01/15 10:00,-64.821214,-3.078871
99,06/01/15 12:00,-64.820986,-3.078657
99,06/01/15 14:01,-64.821077,-3.078732
99,06/01/15 16:01,-64.821016,-3.078614
99,06/01/15 20:00,-64.820515,-3.077823
99,06/01/15 22:01,-64.820565,-3.073072
99,06/02/15 02:02,-64.829582,-3.079516
99,06/02/15 04:01,-64.828505,-3.08348
99,06/02/15 06:00,-64.828479,-3.083377
99,06/02/15 08:00,-64.828419,-3.08331
99,06/02/15 10:00,-64.828509,-3.083355
99,06/02/15 12:00,-64.828404,-3.083474
99,06/02/15 14:00,-64.828442,-3.083338
99,06/02/15 16:00,-64.82828,-3.083272
99,06/02/15 20:00,-64.825413,-3.088791
99,06/02/15 22:00,-64.824234,-3.088844
99,06/03/15 00:00,-64.824209,-3.088844
99,06/03/15 02:01,-64.822021,-3.088399
99,06/03/15 04:00,-64.819933,-3.090011
99,06/03/15 06:00,-64.819748,-3.089613
99,06/03/15 08:01,-64.819744,-3.089801
99,06/03/15 10:01,-64.819678,-3.089965
99,06/03/15 12:00,-64.81992,-3.089414
99,06/03/15 14:02,-64.819663,-3.089824
99,06/03/15 16:01,-64.819744,-3.089757
99,06/03/15 18:01,-64.820267,-3.086936
99,06/03/15 20:00,-64.82121,-3.086594
99,06/03/15 22:01,-64.821214,-3.086553
99,06/04/15 00:01,-64.821156,-3.086594
99,06/04/15 02:00,-64.821158,-3.086616
99,06/04/15 04:01,-64.821131,-3.086585
99,06/04/15 06:01,-64.821135,-3.086555
99,06/04/15 08:01,-64.821087,-3.086596
99,06/04/15 10:02,-64.821079,-3.086497
99,06/04/15 12:00,-64.821177,-3.086534
99,06/04/15 14:00,-64.821099,-3.086561
99,06/04/15 16:00,-64.821243,-3.086535
99,06/04/15 18:01,-64.821077,-3.084063
99,06/04/15 20:01,-64.821702,-3.081629
99,06/04/15 22:00,-64.821635,-3.081193
99,06/05/15 00:01,-64.821495,-3.081675
99,06/05/15 02:00,-64.82146,-3.081694
99,06/05/15 04:00,-64.821348,-3.081647
99,06/05/15 06:00,-64.821496,-3.081687
99,06/05/15 08:00,-64.821425,-3.081708
99,06/05/15 10:00,-64.821407,-3.081687
99,06/05/15 12:00,-64.821416,-3.081647
99,06/05/15 14:00,-64.821431,-3.081734
99,06/05/15 16:01,-64.821489,-3.08171
99,06/05/15 18:02,-64.821897,-3.08167
99,06/05/15 22:00,-64.821655,-3.081523
99,06/06/15 02:01,-64.817112,-3.080348
99,06/06/15 04:00,-64.816886,-3.079451
99,06/06/15 06:01,-64.817641,-3.081438
99,06/06/15 08:00,-64.818562,-3.080873
99,06/06/15 10:00,-64.818557,-3.080935
99,06/06/15 12:00,-64.818582,-3.080877
99,06/06/15 14:00,-64.818566,-3.080938
99,06/06/15 16:00,-64.818611,-3.080942
99,06/06/15 18:00,-64.818627,-3.080911
99,06/06/15 22:00,-64.818351,-3.083946
99,06/07/15 00:00,-64.818325,-3.083913
99,06/07/15 02:00,-64.818351,-3.083944
99,06/07/15 04:00,-64.81829,-3.084002
99,06/07/15 06:00,-64.818414,-3.083955
99,06/07/15 08:00,-64.818321,-3.083965
99,06/07/15 10:00,-64.818322,-3.084018
99,06/07/15 12:00,-64.818363,-3.084045
99,06/07/15 14:01,-64.818375,-3.083965
99,06/07/15 16:02,-64.818361,-3.08385
99,06/07/15 18:01,-64.821503,-3.081599
99,06/07/15 20:01,-64.827398,-3.079558
99,06/07/15 22:00,-64.827572,-3.079492
99,06/08/15 00:01,-64.82774,-3.07949
99,06/08/15 02:01,-64.827712,-3.079444
99,06/08/15 04:01,-64.83137,-3.075613
99,06/08/15 06:01,-64.831354,-3.075516
99,06/08/15 08:00,-64.83148,-3.075533
99,06/08/15 10:01,-64.83146,-3.075475
99,06/08/15 12:00,-64.831413,-3.075509
99,06/08/15 14:00,-64.831336,-3.075541
99,06/08/15 16:01,-64.8315,-3.075566
99,06/08/15 20:00,-64.833942,-3.072291
99,06/08/15 22:00,-64.833845,-3.072408
99,06/09/15 00:00,-64.834479,-3.072658
99,06/09/15 02:01,-64.838096,-3.073195
99,06/09/15 04:03,-64.837765,-3.073053
99,06/09/15 06:00,-64.838191,-3.073287
99,06/09/15 08:00,-64.838086,-3.073221
99,06/09/15 10:00,-64.838314,-3.07326
99,06/09/15 12:02,-64.83802,-3.073136
99,06/09/15 14:00,-64.838281,-3.073243
99,06/09/15 16:00,-64.838061,-3.073135
99,06/09/15 20:00,-64.839794,-3.080546
99,06/09/15 22:00,-64.839799,-3.080586
99,06/10/15 00:00,-64.839902,-3.080639
99,06/10/15 02:02,-64.839883,-3.080598
99,06/10/15 04:01,-64.835879,-3.083512
99,06/10/15 06:00,-64.835778,-3.083621
99,06/10/15 08:00,-64.835883,-3.08366
99,06/10/15 10:00,-64.835851,-3.083666
99,06/10/15 12:00,-64.835845,-3.083604
99,06/10/15 14:00,-64.835817,-3.0836
99,06/10/15 16:00,-64.835873,-3.083636
99,06/10/15 18:02,-64.832565,-3.081905
99,06/10/15 20:01,-64.832517,-3.081732
99,06/10/15 22:00,-64.832068,-3.082339
99,06/11/15 00:00,-64.831361,-3.082648
99,06/11/15 02:01,-64.831326,-3.082641
99,06/11/15 04:01,-64.831988,-3.083397
99,06/11/15 06:00,-64.8319,-3.083449
99,06/11/15 08:02,-64.831973,-3.083411
99,06/11/15 10:01,-64.831977,-3.083439
99,06/11/15 12:00,-64.83196,-3.083415
99,06/11/15 14:02,-64.83194,-3.083404
99,06/11/15 16:01,-64.832005,-3.083398
99,06/11/15 18:00,-64.831922,-3.08347
99,06/11/15 20:02,-64.831755,-3.077348
99,06/11/15 22:00,-64.833344,-3.075618
99,06/12/15 02:00,-64.833867,-3.072265
99,06/12/15 04:00,-64.833891,-3.072377
99,06/12/15 06:02,-64.833887,-3.071708
99,06/12/15 08:00,-64.833827,-3.072304
99,06/12/15 10:00,-64.8339,-3.07229
99,06/12/15 12:00,-64.833903,-3.072279
99,06/12/15 14:00,-64.833908,-3.072214
99,06/12/15 18:01,-64.837995,-3.06369
99,06/12/15 20:02,-64.837864,-3.063569
99,06/12/15 22:02,-64.838891,-3.062174
99,06/13/15 00:00,-64.839674,-3.061855
99,06/13/15 02:01,-64.839766,-3.061904
99,06/13/15 04:02,-64.839326,-3.062629
99,06/13/15 06:00,-64.839503,-3.062779
99,06/13/15 08:00,-64.839403,-3.062737
99,06/13/15 10:01,-64.839237,-3.062701
99,06/13/15 12:00,-64.83941,-3.062755
99,06/13/15 14:01,-64.839271,-3.062773
99,06/13/15 16:01,-64.840297,-3.063123
99,06/13/15 18:00,-64.840239,-3.062974
99,06/13/15 20:01,-64.840236,-3.06301
99,06/14/15 00:01,-64.838824,-3.067936
99,06/14/15 02:00,-64.838834,-3.067882
99,06/14/15 04:00,-64.838834,-3.06791
99,06/14/15 06:01,-64.838726,-3.067652
99,06/14/15 08:00,-64.837426,-3.067999
99,06/14/15 10:01,-64.837618,-3.068141
99,06/14/15 12:02,-64.837614,-3.068207
99,06/14/15 14:00,-64.837413,-3.068114
99,06/14/15 16:01,-64.837434,-3.068112
99,06/14/15 18:00,-64.837641,-3.067775
99,06/14/15 20:00,-64.837406,-3.06811
99,06/14/15 22:01,-64.837318,-3.067971
99,06/15/15 00:00,-64.837406,-3.068009
99,06/15/15 02:01,-64.837629,-3.06814
99,06/15/15 04:01,-64.838864,-3.067519
99,06/15/15 06:01,-64.839447,-3.068619
99,06/15/15 08:00,-64.839383,-3.068671
99,06/15/15 10:00,-64.839288,-3.068705
99,06/15/15 12:01,-64.83939,-3.068623
99,06/15/15 14:01,-64.839317,-3.068637
99,06/15/15 18:02,-64.840218,-3.071527
99,06/15/15 20:01,-64.840139,-3.071543
99,06/15/15 22:00,-64.840039,-3.071563
99,06/16/15 00:00,-64.840146,-3.071527
99,06/16/15 02:01,-64.840087,-3.07153
99,06/16/15 04:01,-64.840136,-3.071468
99,06/16/15 06:00,-64.840066,-3.071607
99,06/16/15 08:00,-64.840134,-3.071499
99,06/16/15 10:00,-64.840052,-3.071649
99,06/16/15 12:01,-64.840096,-3.071609
99,06/16/15 14:00,-64.840043,-3.071559
99,06/16/15 16:00,-64.840102,-3.071515
99,06/16/15 18:00,-64.840071,-3.071737
99,06/16/15 20:00,-64.840126,-3.071574
99,06/16/15 22:00,-64.840033,-3.071585
99,06/17/15 00:01,-64.839996,-3.071562
99,06/17/15 02:00,-64.84012,-3.071571
99,06/17/15 04:00,-64.840078,-3.071514
99,06/17/15 06:00,-64.840049,-3.071456
99,06/17/15 08:00,-64.840095,-3.071627
99,06/17/15 10:02,-64.839859,-3.071837
99,06/17/15 12:01,-64.840035,-3.07155
99,06/17/15 14:01,-64.840063,-3.071604
99,06/17/15 16:00,-64.84004,-3.071565
99,06/17/15 18:00,-64.839971,-3.071528
99,06/17/15 20:01,-64.84003,-3.071532
99,06/17/15 22:01,-64.840154,-3.071636
99,06/18/15 00:02,-64.840099,-3.071575
99,06/18/15 02:00,-64.840011,-3.071475
99,06/18/15 04:01,-64.840088,-3.071599
99,06/18/15 06:01,-64.84009,-3.07162
99,06/18/15 08:01,-64.84012,-3.071656
99,06/18/15 10:00,-64.84005,-3.071524
99,06/18/15 12:01,-64.839569,-3.070704
99,06/18/15 14:00,-64.839686,-3.070769
99,06/18/15 16:00,-64.839573,-3.070992
99,06/18/15 18:00,-64.839621,-3.070538
99,06/18/15 20:00,-64.839668,-3.070771
99,06/18/15 22:00,-64.839527,-3.070817
99,06/19/15 00:00,-64.839336,-3.070834
99,06/19/15 02:01,-64.839601,-3.070784
99,06/19/15 04:00,-64.839586,-3.070794
99,06/19/15 06:01,-64.837626,-3.066935
99,06/19/15 08:00,-64.837669,-3.066984
99,06/19/15 10:01,-64.8378,-3.066915
99,06/19/15 12:01,-64.837652,-3.066902
99,06/19/15 14:01,-64.837786,-3.066899
99,06/19/15 16:00,-64.837671,-3.066864
99,06/19/15 18:01,-64.837487,-3.066825
99,06/19/15 20:00,-64.837784,-3.066944
99,06/19/15 22:00,-64.837931,-3.066773
99,06/20/15 00:00,-64.837764,-3.066859
99,06/20/15 02:00,-64.83761,-3.066874
99,06/20/15 04:00,-64.837783,-3.066884
99,06/20/15 06:00,-64.838109,-3.066615
99,06/20/15 08:01,-64.838065,-3.066586
99,06/20/15 10:00,-64.838081,-3.066525
99,06/20/15 14:01,-64.838057,-3.066581
99,06/20/15 16:00,-64.838237,-3.066464
99,06/20/15 18:01,-64.838125,-3.066564
99,06/20/15 20:01,-64.838166,-3.066601
99,06/20/15 22:01,-64.838226,-3.062975
99,06/21/15 00:02,-64.838194,-3.062991
99,06/21/15 02:00,-64.838079,-3.062836
99,06/21/15 04:00,-64.83573,-3.066404
99,06/21/15 06:00,-64.835512,-3.066487
99,06/21/15 08:00,-64.835408,-3.066567
99,06/21/15 10:02,-64.835359,-3.066386
99,06/21/15 12:00,-64.835458,-3.066634
99,06/21/15 14:00,-64.835407,-3.066567
99,06/21/15 16:01,-64.835692,-3.06676
99,06/21/15 18:00,-64.835612,-3.066647
99,06/21/15 20:00,-64.835476,-3.066596
99,06/21/15 22:00,-64.835723,-3.066578
99,06/22/15 00:00,-64.835577,-3.066566
99,06/22/15 02:00,-64.835602,-3.066598
99,06/22/15 06:00,-64.836005,-3.068834
99,06/22/15 08:00,-64.835965,-3.068902
99,06/22/15 10:01,-64.836075,-3.068762
99,06/22/15 14:00,-64.836309,-3.06878
99,06/22/15 16:01,-64.836264,-3.068812
99,06/22/15 18:00,-64.836356,-3.068752
99,06/22/15 20:01,-64.836261,-3.068708
99,06/22/15 22:00,-64.836282,-3.068709
99,06/23/15 00:00,-64.836178,-3.068756
99,06/23/15 02:00,-64.836512,-3.069067
99,06/23/15 04:01,-64.835486,-3.071439
99,06/23/15 06:00,-64.835316,-3.07143
99,06/23/15 08:01,-64.835469,-3.07146
99,06/23/15 10:00,-64.835524,-3.071475
99,06/23/15 12:00,-64.835432,-3.071412
99,06/23/15 16:00,-64.835466,-3.071458
99,06/23/15 18:00,-64.835476,-3.071405
99,06/23/15 20:00,-64.839219,-3.073827
99,06/23/15 22:00,-64.841777,-3.0762
99,06/24/15 00:00,-64.841741,-3.076216
99,06/24/15 02:00,-64.841744,-3.076186
99,06/24/15 04:00,-64.842655,-3.074553
99,06/24/15 06:00,-64.84273,-3.074516
99,06/24/15 10:01,-64.84171,-3.071105
99,06/24/15 12:00,-64.84075,-3.069246
99,06/24/15 14:00,-64.840822,-3.069266
99,06/24/15 16:00,-64.840894,-3.069301
99,06/24/15 18:00,-64.840766,-3.069253
99,06/24/15 20:01,-64.837984,-3.069086
99,06/24/15 22:01,-64.837469,-3.068133
99,06/25/15 00:00,-64.837366,-3.068035
99,06/25/15 02:00,-64.837463,-3.068196
99,06/25/15 04:00,-64.834756,-3.066171
99,06/25/15 06:00,-64.835016,-3.066112
99,06/25/15 08:00,-64.834941,-3.066123
99,06/25/15 10:00,-64.83486,-3.066055
99,06/25/15 12:00,-64.834922,-3.06602
99,06/25/15 14:00,-64.834919,-3.066042
99,06/25/15 16:00,-64.834894,-3.066113
99,06/25/15 18:00,-64.834882,-3.06624
99,06/25/15 20:00,-64.834523,-3.066748
99,06/25/15 22:00,-64.834502,-3.066798
99,06/26/15 00:00,-64.83446,-3.066852
99,06/26/15 02:00,-64.831163,-3.071268
99,06/26/15 04:00,-64.831051,-3.071201
99,06/26/15 08:02,-64.831475,-3.072213
99,06/26/15 10:00,-64.831389,-3.072187
99,06/26/15 12:00,-64.831392,-3.072188
99,06/26/15 14:01,-64.831886,-3.072083
99,06/26/15 16:00,-64.8308,-3.07334
99,06/26/15 18:00,-64.830932,-3.073324
99,06/26/15 20:00,-64.830782,-3.073497
99,06/26/15 22:00,-64.830889,-3.07336
99,06/27/15 02:01,-64.829654,-3.075236
99,06/27/15 04:01,-64.83149,-3.075512
99,06/27/15 06:00,-64.83259,-3.077601
99,06/27/15 08:02,-64.832605,-3.077765
99,06/27/15 10:01,-64.83254,-3.077677
99,06/27/15 12:00,-64.832831,-3.077803
99,06/27/15 14:01,-64.832741,-3.077697
99,06/27/15 18:00,-64.832625,-3.077576
99,06/27/15 20:00,-64.8327,-3.077471
99,06/27/15 22:00,-64.831651,-3.077359
99,06/28/15 00:01,-64.831882,-3.077341
99,06/28/15 02:01,-64.831782,-3.077312
99,06/28/15 04:02,-64.832568,-3.079957
99,06/28/15 06:00,-64.832454,-3.079845
99,06/28/15 08:00,-64.832205,-3.07974
99,06/28/15 10:01,-64.832468,-3.079897
99,06/28/15 12:01,-64.832457,-3.07984
99,06/28/15 14:00,-64.832477,-3.079851
99,06/28/15 16:00,-64.8324,-3.079719
99,06/28/15 18:00,-64.832526,-3.079824
99,06/29/15 00:00,-64.847955,-3.080172
99,06/29/15 02:00,-64.847946,-3.08004
99,06/29/15 04:02,-64.847773,-3.080055
99,06/29/15 06:01,-64.845652,-3.084445
99,06/29/15 08:01,-64.841629,-3.087107
99,06/29/15 10:00,-64.841397,-3.087033
99,06/29/15 14:01,-64.841625,-3.087112
99,06/29/15 16:01,-64.841549,-3.08711
99,06/29/15 18:02,-64.841722,-3.087064
99,06/29/15 20:00,-64.841747,-3.087017
99,06/29/15 22:00,-64.841751,-3.087016
99,06/30/15 00:00,-64.841829,-3.087045
99,06/30/15 02:00,-64.84173,-3.087083
99,06/30/15 04:02,-64.842699,-3.088894
99,06/30/15 06:01,-64.84244,-3.08827
99,06/30/15 08:00,-64.84264,-3.088864
99,06/30/15 10:01,-64.844067,-3.089453
99,06/30/15 12:01,-64.842658,-3.088867
99,06/30/15 14:01,-64.842697,-3.088885
99,06/30/15 16:00,-64.84258,-3.088879
99,06/30/15 18:00,-64.842625,-3.088734
99,06/30/15 20:01,-64.842599,-3.088928
99,06/30/15 22:00,-64.842598,-3.088821
99,07/01/15 00:01,-64.842301,-3.088283
99,07/01/15 02:00,-64.842217,-3.088215
99,07/01/15 04:01,-64.835629,-3.092861
99,07/01/15 06:00,-64.832535,-3.091429
99,07/01/15 08:00,-64.83253,-3.091537
99,07/01/15 10:02,-64.832084,-3.089471
99,07/01/15 12:01,-64.830965,-3.091048
99,07/01/15 14:00,-64.830849,-3.091017
99,07/01/15 16:00,-64.83088,-3.09101
99,07/01/15 18:00,-64.830846,-3.09094
99,07/01/15 20:00,-64.830879,-3.091001
99,07/01/15 22:00,-64.830811,-3.09097
99,07/02/15 00:00,-64.83081,-3.090841
99,07/02/15 02:00,-64.830825,-3.09097
99,07/02/15 04:00,-64.830885,-3.090967
99,07/02/15 06:00,-64.830834,-3.091066
99,07/02/15 08:01,-64.830733,-3.091006
99,07/02/15 10:00,-64.830819,-3.090865
99,07/02/15 12:01,-64.830829,-3.090939
99,07/02/15 14:01,-64.830877,-3.090972
99,07/02/15 18:00,-64.833125,-3.089595
99,07/02/15 20:00,-64.833102,-3.089573
99,07/02/15 22:00,-64.833105,-3.089509
99,07/03/15 00:00,-64.83315,-3.089512
99,07/03/15 02:01,-64.83325,-3.089508
99,07/03/15 04:00,-64.839159,-3.089654
99,07/03/15 08:02,-64.839596,-3.085926
99,07/03/15 12:00,-64.839598,-3.083938
99,07/03/15 14:00,-64.839533,-3.083826
99,07/03/15 16:00,-64.839332,-3.084018
99,07/03/15 18:00,-64.839514,-3.083835
99,07/03/15 20:00,-64.838572,-3.082586
99,07/03/15 22:01,-64.836697,-3.082042
99,07/04/15 00:01,-64.839104,-3.079768
99,07/04/15 02:00,-64.839124,-3.079723
99,07/04/15 06:02,-64.839097,-3.079756
99,07/04/15 08:00,-64.839306,-3.079516
99,07/04/15 10:00,-64.839195,-3.079704
99,07/04/15 14:01,-64.838854,-3.080145
99,07/04/15 16:01,-64.838834,-3.080132
99,07/04/15 18:02,-64.83884,-3.080127
99,07/04/15 20:00,-64.838807,-3.080045
99,07/04/15 22:01,-64.838827,-3.08011
99,07/05/15 00:01,-64.838958,-3.080178
99,07/05/15 02:00,-64.838797,-3.080235
99,07/05/15 04:01,-64.838882,-3.080144
99,07/05/15 06:01,-64.838866,-3.079998
99,07/05/15 08:01,-64.838808,-3.080132
99,07/05/15 10:00,-64.83887,-3.080214
99,07/05/15 12:00,-64.838826,-3.080196
99,07/05/15 14:02,-64.838852,-3.080109
99,07/05/15 16:00,-64.838844,-3.080135
99,07/05/15 18:00,-64.838936,-3.080204
99,07/05/15 20:01,-64.838751,-3.080143
99,07/05/15 22:00,-64.838834,-3.080109
99,07/06/15 00:00,-64.838862,-3.080178
99,07/06/15 02:00,-64.838882,-3.080064
99,07/06/15 04:01,-64.841483,-3.077964
99,07/06/15 06:00,-64.841539,-3.078043
99,07/06/15 08:00,-64.841668,-3.078066
99,07/06/15 10:02,-64.841732,-3.077949
99,07/06/15 12:01,-64.841532,-3.07795
99,07/06/15 14:00,-64.841584,-3.077982
99,07/06/15 16:01,-64.841598,-3.077937
99,07/06/15 18:00,-64.841591,-3.077992
99,07/06/15 22:00,-64.843121,-3.078616
99,07/07/15 00:00,-64.843111,-3.078688
99,07/07/15 02:01,-64.849545,-3.078979
99,07/07/15 04:00,-64.849587,-3.079055
99,07/07/15 06:00,-64.849589,-3.079067
99,07/07/15 08:00,-64.849542,-3.079028
99,07/07/15 10:00,-64.84953,-3.079038
99,07/07/15 12:00,-64.849599,-3.079045
99,07/07/15 14:01,-64.849585,-3.079033
99,07/07/15 16:00,-64.849619,-3.079052
99,07/07/15 18:00,-64.849541,-3.079011
99,07/07/15 20:00,-64.849767,-3.078977
99,07/07/15 22:01,-64.85532,-3.081632
99,07/08/15 00:01,-64.857888,-3.082109
99,07/08/15 02:01,-64.867175,-3.08555
99,07/08/15 04:01,-64.867229,-3.085666
99,07/08/15 06:00,-64.867095,-3.085696
99,07/08/15 08:00,-64.867158,-3.085664
99,07/08/15 10:02,-64.86712,-3.085932
99,07/08/15 12:00,-64.867374,-3.087033
99,07/08/15 14:01,-64.867502,-3.087027
99,07/08/15 16:02,-64.870839,-3.08622
99,07/08/15 18:00,-64.87064,-3.086319
99,07/08/15 20:00,-64.870815,-3.086157
99,07/08/15 22:00,-64.87076,-3.086213
99,07/09/15 00:00,-64.870738,-3.08621
99,07/09/15 02:01,-64.870838,-3.08619
99,07/09/15 06:02,-64.871539,-3.085865
99,07/09/15 08:01,-64.87143,-3.085983
99,07/09/15 10:00,-64.871457,-3.085844
99,07/09/15 12:00,-64.871535,-3.085918
99,07/09/15 14:00,-64.871308,-3.085929
99,07/09/15 16:01,-64.871415,-3.085915
99,07/09/15 18:00,-64.871566,-3.083909
99,07/09/15 20:00,-64.87255,-3.084331
99,07/09/15 22:00,-64.872654,-3.084346
99,07/10/15 00:01,-64.872629,-3.084239
99,07/10/15 02:00,-64.872814,-3.084288
99,07/10/15 04:00,-64.873006,-3.084519
99,07/10/15 06:00,-64.872928,-3.084429
99,07/10/15 08:01,-64.872799,-3.084845
99,07/10/15 10:02,-64.874679,-3.083043
99,07/10/15 12:00,-64.87466,-3.083048
99,07/10/15 14:00,-64.8747,-3.082977
99,07/10/15 16:00,-64.874694,-3.08306
99,07/10/15 18:00,-64.873731,-3.08244
99,07/10/15 20:00,-64.873477,-3.082313
99,07/10/15 22:00,-64.87351,-3.082359
99,07/11/15 00:01,-64.873719,-3.082571
99,07/11/15 04:00,-64.872913,-3.070165
99,07/11/15 06:01,-64.872771,-3.069582
99,07/11/15 08:01,-64.872752,-3.069564
99,07/11/15 10:00,-64.872692,-3.06957
99,07/11/15 12:00,-64.872742,-3.069592
99,07/11/15 14:01,-64.871958,-3.070087
99,07/11/15 16:00,-64.872786,-3.069603
99,07/11/15 18:02,-64.873979,-3.066558
99,07/11/15 20:01,-64.874051,-3.066445
99,07/11/15 22:00,-64.885764,-3.062786
99,07/12/15 00:01,-64.887135,-3.064407
99,07/12/15 02:00,-64.887144,-3.06416
99,07/12/15 06:00,-64.887037,-3.06398
99,07/12/15 10:01,-64.880438,-3.060058
99,07/12/15 12:00,-64.880377,-3.059829
99,07/12/15 14:00,-64.880393,-3.060063
99,07/12/15 16:01,-64.88038,-3.060044
99,07/12/15 18:00,-64.880327,-3.060302
99,07/12/15 20:01,-64.881722,-3.0582
99,07/13/15 00:00,-64.885123,-3.058906
99,07/13/15 02:00,-64.885074,-3.058845
99,07/13/15 04:00,-64.885027,-3.058845
99,07/13/15 08:00,-64.885027,-3.058962
99,07/13/15 10:00,-64.885135,-3.058859
99,07/13/15 12:00,-64.885021,-3.05895
99,07/13/15 14:00,-64.885093,-3.058893
99,07/13/15 16:01,-64.885115,-3.058857
99,07/13/15 18:00,-64.88494,-3.058883
99,07/13/15 20:00,-64.884417,-3.060006
99,07/13/15 22:02,-64.884473,-3.059925
99,07/14/15 00:01,-64.884238,-3.059968
99,07/14/15 02:00,-64.884475,-3.059958
99,07/14/15 04:00,-64.883607,-3.059062
99,07/14/15 06:01,-64.887159,-3.059805
99,07/14/15 08:00,-64.886997,-3.059808
99,07/14/15 10:00,-64.887052,-3.059867
99,07/14/15 12:00,-64.887076,-3.059861
99,07/14/15 14:00,-64.887162,-3.05999
99,07/14/15 16:01,-64.886888,-3.059815
99,07/14/15 18:00,-64.887213,-3.059927
99,07/14/15 20:00,-64.887163,-3.059855
99,07/14/15 22:00,-64.887246,-3.059939
99,07/15/15 00:00,-64.887127,-3.059846
99,07/15/15 02:00,-64.887057,-3.059857
99,07/15/15 04:01,-64.887152,-3.059819
99,07/15/15 06:01,-64.887038,-3.060032
99,07/15/15 08:01,-64.887072,-3.059835
99,07/15/15 10:01,-64.887204,-3.059594
99,07/15/15 14:00,-64.8873,-3.059893
99,07/15/15 16:01,-64.887095,-3.059913
99,07/15/15 18:01,-64.887168,-3.059874
99,07/15/15 20:00,-64.879391,-3.064031
99,07/16/15 02:00,-64.877503,-3.064387
99,07/16/15 04:01,-64.879545,-3.069314
99,07/16/15 06:01,-64.879275,-3.069431
99,07/16/15 14:00,-64.884911,-3.066056
99,07/16/15 16:01,-64.886355,-3.06439
99,07/16/15 18:00,-64.886229,-3.06447
99,07/16/15 20:00,-64.886361,-3.064455
99,07/16/15 22:00,-64.886315,-3.064598
99,07/17/15 00:00,-64.886351,-3.064431
99,07/17/15 02:00,-64.886279,-3.0645
99,07/17/15 04:00,-64.886346,-3.064395
99,07/17/15 06:00,-64.886427,-3.064413
99,07/17/15 08:00,-64.886444,-3.064368
99,07/17/15 10:02,-64.886718,-3.063591
99,07/17/15 14:02,-64.886681,-3.063667
99,07/17/15 18:00,-64.874765,-3.062147
99,07/17/15 22:00,-64.874501,-3.060416
99,07/18/15 00:01,-64.874494,-3.060475
99,07/18/15 02:00,-64.874419,-3.060479
99,07/18/15 04:00,-64.874497,-3.060471
99,07/18/15 06:00,-64.874309,-3.060513
99,07/18/15 08:00,-64.874519,-3.060481
99,07/18/15 10:01,-64.874433,-3.060439
99,07/18/15 12:01,-64.874305,-3.060415
99,07/18/15 14:00,-64.874504,-3.060485
99,07/18/15 16:00,-64.874432,-3.06052
99,07/18/15 18:00,-64.874403,-3.060409
99,07/18/15 20:01,-64.874488,-3.060445
99,07/18/15 22:01,-64.874399,-3.06066
99,07/19/15 00:01,-64.874438,-3.060477
99,07/19/15 02:00,-64.874441,-3.060567
99,07/19/15 04:00,-64.874489,-3.060416
99,07/19/15 06:00,-64.874536,-3.060546
99,07/19/15 08:00,-64.874085,-3.060718
99,07/19/15 10:01,-64.874497,-3.059903
99,07/19/15 12:00,-64.874244,-3.059802
99,07/19/15 14:01,-64.874291,-3.059819
99,07/19/15 16:00,-64.874301,-3.059765
99,07/19/15 18:00,-64.877094,-3.061353
99,07/19/15 20:00,-64.876984,-3.061503
99,07/19/15 22:00,-64.877222,-3.061264
99,07/20/15 00:00,-64.877003,-3.061219
99,07/20/15 02:00,-64.877068,-3.061222
99,07/20/15 04:01,-64.877401,-3.06122
99,07/20/15 06:00,-64.877613,-3.061625
99,07/20/15 08:02,-64.877506,-3.061439
99,07/20/15 10:02,-64.878907,-3.063069
99,07/20/15 12:02,-64.878903,-3.062978
99,07/20/15 14:00,-64.878597,-3.063045
99,07/20/15 16:01,-64.87888,-3.063126
99,07/20/15 18:02,-64.879861,-3.062906
99,07/20/15 20:01,-64.879555,-3.063884
99,07/20/15 22:00,-64.880077,-3.063727
99,07/21/15 02:00,-64.880816,-3.070797
99,07/21/15 04:00,-64.880725,-3.070776
99,07/21/15 06:00,-64.880946,-3.070873
99,07/21/15 08:00,-64.88083,-3.070685
99,07/21/15 12:01,-64.880791,-3.07162
99,07/21/15 18:01,-64.881165,-3.07153
99,07/21/15 22:00,-64.876861,-3.0822
99,07/22/15 00:00,-64.876577,-3.082266
99,07/22/15 02:00,-64.879218,-3.087204
99,07/22/15 04:00,-64.879338,-3.087147
99,07/22/15 06:01,-64.878493,-3.088175
99,07/22/15 08:01,-64.879132,-3.086977
99,07/22/15 10:01,-64.879163,-3.086973
99,07/22/15 16:01,-64.8791,-3.087194
99,07/22/15 18:00,-64.878641,-3.086467
99,07/22/15 20:02,-64.878548,-3.081588
99,07/23/15 00:02,-64.880838,-3.07376
99,07/23/15 02:00,-64.880733,-3.073715
99,07/23/15 04:01,-64.880113,-3.078785
99,07/23/15 06:02,-64.877877,-3.07789
99,07/23/15 08:02,-64.877614,-3.077912
99,07/23/15 12:01,-64.877933,-3.077832
99,07/23/15 14:02,-64.877844,-3.0778
99,07/23/15 18:00,-64.878004,-3.077696
99,07/23/15 20:01,-64.877708,-3.077885
99,07/23/15 22:02,-64.877423,-3.075589
99,07/24/15 00:02,-64.879902,-3.074465
99,07/24/15 04:02,-64.885997,-3.069828
99,07/24/15 06:01,-64.885903,-3.070376
99,07/24/15 10:02,-64.885913,-3.070953
99,07/24/15 12:01,-64.886128,-3.070987
99,07/24/15 14:02,-64.886024,-3.070873
99,07/24/15 16:01,-64.88922,-3.073132
99,07/24/15 18:01,-64.889301,-3.073209
99,07/24/15 20:00,-64.889184,-3.073299
99,07/24/15 22:00,-64.889188,-3.073264
99,07/25/15 00:00,-64.888803,-3.073318
99,07/25/15 02:00,-64.88929,-3.073215
99,07/25/15 04:02,-64.889952,-3.073652
99,07/25/15 06:01,-64.889513,-3.073317
99,07/25/15 08:00,-64.891531,-3.069146
99,07/25/15 10:01,-64.891496,-3.069041
99,07/25/15 12:00,-64.891486,-3.069055
99,07/25/15 14:00,-64.89154,-3.069084
99,07/25/15 16:00,-64.891545,-3.069031
99,07/25/15 18:00,-64.891534,-3.069085
99,07/25/15 20:00,-64.891497,-3.069085
99,07/25/15 22:00,-64.891553,-3.069042
99,07/26/15 00:01,-64.891536,-3.069088
99,07/26/15 02:00,-64.891645,-3.069101
99,07/26/15 04:00,-64.888682,-3.06687
99,07/26/15 06:00,-64.888685,-3.066979
99,07/26/15 08:00,-64.888625,-3.066881
99,07/26/15 10:01,-64.888616,-3.066796
99,07/26/15 12:00,-64.888595,-3.06685
99,07/26/15 18:00,-64.889738,-3.068939
99,07/26/15 20:00,-64.889702,-3.068712
99,07/26/15 22:02,-64.891131,-3.068442
99,07/27/15 02:01,-64.899846,-3.066416
99,07/27/15 08:00,-64.903668,-3.06528
99,07/27/15 10:01,-64.903593,-3.065301
99,07/27/15 12:02,-64.903585,-3.065271
99,07/27/15 18:02,-64.903662,-3.065406
99,07/27/15 20:00,-64.90204,-3.065854
99,07/27/15 22:01,-64.901931,-3.065796
99,07/28/15 00:01,-64.90212,-3.065909
99,07/28/15 02:01,-64.90211,-3.065875
99,07/28/15 10:01,-64.898609,-3.077358
99,07/28/15 12:01,-64.899249,-3.076322
99,07/28/15 14:02,-64.89797,-3.077756
99,07/28/15 16:02,-64.898752,-3.077083
99,07/28/15 18:01,-64.900665,-3.07458
99,07/28/15 22:01,-64.897732,-3.079277
99,07/29/15 00:01,-64.897832,-3.079385
99,07/29/15 02:01,-64.898737,-3.077124
99,07/29/15 04:01,-64.898628,-3.077338
99,07/29/15 06:01,-64.893584,-3.079287
99,07/29/15 08:01,-64.893463,-3.079391
99,07/29/15 12:01,-64.893382,-3.079167
99,07/29/15 18:00,-64.89344,-3.079125
99,07/29/15 22:00,-64.893034,-3.079619
99,07/30/15 06:00,-64.890836,-3.089299
99,07/30/15 08:01,-64.890909,-3.089615
99,07/30/15 12:01,-64.890778,-3.089807
99,07/30/15 14:02,-64.891412,-3.086768
99,07/30/15 16:02,-64.891916,-3.084231
99,07/30/15 18:00,-64.891981,-3.08397
99,07/30/15 20:00,-64.892201,-3.08401
99,07/30/15 22:01,-64.892384,-3.082595
99,07/31/15 04:00,-64.891343,-3.086743
99,07/31/15 06:00,-64.891327,-3.086569
99,07/31/15 08:00,-64.891317,-3.086691
99,07/31/15 10:00,-64.891285,-3.086759
99,07/31/15 12:00,-64.89133,-3.086656
99,07/31/15 14:00,-64.891324,-3.08678
99,07/31/15 20:01,-64.887918,-3.083539
99,07/31/15 22:00,-64.888313,-3.079892
99,08/01/15 00:00,-64.888237,-3.079903
99,08/01/15 02:00,-64.888286,-3.079869
99,08/01/15 06:01,-64.877548,-3.081116
99,08/01/15 08:00,-64.877815,-3.084557
99,08/01/15 10:02,-64.877798,-3.084599
99,08/01/15 12:01,-64.877829,-3.084438
99,08/01/15 14:01,-64.877773,-3.084403
99,08/01/15 16:02,-64.877503,-3.084844
99,08/01/15 18:01,-64.875623,-3.08408
99,08/01/15 22:03,-64.868278,-3.072868
99,08/02/15 00:01,-64.873328,-3.07426
99,08/02/15 02:00,-64.869122,-3.072042
99,08/02/15 04:02,-64.86855,-3.072563
99,08/02/15 08:01,-64.869423,-3.07152
99,08/02/15 10:01,-64.86956,-3.07142
99,08/02/15 14:01,-64.869385,-3.071256
99,08/02/15 16:00,-64.86957,-3.071262
99,08/02/15 18:02,-64.870047,-3.06655
99,08/02/15 22:00,-64.86436,-3.068958
99,08/03/15 00:00,-64.863159,-3.07029
99,08/03/15 02:01,-64.86313,-3.070262
99,08/03/15 06:01,-64.863018,-3.074075
99,08/03/15 08:01,-64.862822,-3.074131
99,08/03/15 10:01,-64.862935,-3.074165
99,08/03/15 12:02,-64.862771,-3.074248
99,08/03/15 14:01,-64.863211,-3.072751
99,08/03/15 16:01,-64.863109,-3.072736
99,08/03/15 18:01,-64.864544,-3.071537
99,08/03/15 20:01,-64.868111,-3.075718
99,08/04/15 00:01,-64.870537,-3.07847
99,08/04/15 02:01,-64.870138,-3.078328
99,08/04/15 08:02,-64.875616,-3.086601
99,08/04/15 10:02,-64.873648,-3.08772
99,08/04/15 12:02,-64.873283,-3.08795
99,08/04/15 14:01,-64.873077,-3.087282
99,08/04/15 16:00,-64.869112,-3.086456
99,08/04/15 18:01,-64.857055,-3.087801
99,08/04/15 20:00,-64.844319,-3.096082
99,08/04/15 22:02,-64.846504,-3.100152
99,08/05/15 00:00,-64.855772,-3.099331
99,08/05/15 12:01,-64.867319,-3.091444
99,08/05/15 14:01,-64.867234,-3.091389
99,08/05/15 16:01,-64.86737,-3.091371
99,08/05/15 18:02,-64.866637,-3.092357
99,08/06/15 00:00,-64.862217,-3.08715
99,08/06/15 04:01,-64.864677,-3.083322
99,08/06/15 06:01,-64.859783,-3.076008
99,08/06/15 10:01,-64.85965,-3.07599
99,08/06/15 12:02,-64.858489,-3.075682
99,08/06/15 14:00,-64.859386,-3.073834
99,08/06/15 16:00,-64.859133,-3.073444
99,08/06/15 18:02,-64.859672,-3.068665
99,08/06/15 20:01,-64.860717,-3.067119
99,08/06/15 22:01,-64.860431,-3.067137
99,08/07/15 00:01,-64.860615,-3.067154
99,08/07/15 02:01,-64.860934,-3.067394
99,08/07/15 06:02,-64.860433,-3.067439
99,08/07/15 10:02,-64.860523,-3.067366
99,08/07/15 12:02,-64.860482,-3.067214
99,08/07/15 16:01,-64.860801,-3.067179
99,08/07/15 22:00,-64.860473,-3.067284
99,08/08/15 00:01,-64.860509,-3.067315
99,08/08/15 02:01,-64.860566,-3.067154
99,08/08/15 06:01,-64.864661,-3.06615
99,08/08/15 08:02,-64.865498,-3.06632
99,08/08/15 12:01,-64.865015,-3.066313
99,08/08/15 14:01,-64.864823,-3.066221
99,08/08/15 16:01,-64.865301,-3.066461
99,08/08/15 18:00,-64.865484,-3.066453
99,08/08/15 20:00,-64.869359,-3.065171
99,08/08/15 22:00,-64.880129,-3.063436
99,08/09/15 02:01,-64.882543,-3.06813
99,08/09/15 04:01,-64.881067,-3.070757
99,08/09/15 08:01,-64.879331,-3.06787
99,08/09/15 10:01,-64.879109,-3.067833
99,08/09/15 12:01,-64.886719,-3.063587
99,08/09/15 14:00,-64.886759,-3.063665
99,08/09/15 16:00,-64.886672,-3.063738
99,08/09/15 18:01,-64.881786,-3.063409
99,08/09/15 20:01,-64.870656,-3.070537
99,08/09/15 22:02,-64.867739,-3.075293
99,08/10/15 00:02,-64.867629,-3.073458
99,08/10/15 02:01,-64.871623,-3.066718
99,08/10/15 04:01,-64.880478,-3.063735
99,08/10/15 06:00,-64.880061,-3.063626
99,08/10/15 12:01,-64.880381,-3.063727
99,08/10/15 16:01,-64.880375,-3.06373
99,08/10/15 18:01,-64.881499,-3.064208
99,08/10/15 22:01,-64.882632,-3.063479
99,08/11/15 02:00,-64.882801,-3.063496
99,08/11/15 12:00,-64.880776,-3.07921
99,08/11/15 14:01,-64.880345,-3.079488
99,08/11/15 16:00,-64.880189,-3.079251
99,08/11/15 18:01,-64.87999,-3.079152
99,08/11/15 20:02,-64.880392,-3.085652
99,08/11/15 22:02,-64.873041,-3.075045
99,08/12/15 00:00,-64.872957,-3.074985
99,08/12/15 02:00,-64.873046,-3.075143
99,08/12/15 04:02,-64.880192,-3.067591
99,08/12/15 06:02,-64.881105,-3.066363
99,08/12/15 08:01,-64.881052,-3.066547
99,08/12/15 10:01,-64.881007,-3.066484
99,08/12/15 12:02,-64.880925,-3.06657
99,08/12/15 16:00,-64.884677,-3.063507
99,08/12/15 20:00,-64.883769,-3.060334
99,08/12/15 22:01,-64.883809,-3.060329
99,08/13/15 00:00,-64.883768,-3.060261
99,08/13/15 02:00,-64.883719,-3.060232
99,08/13/15 08:01,-64.884348,-3.063018
99,08/13/15 10:01,-64.884324,-3.063054
99,08/13/15 12:01,-64.884141,-3.063078
99,08/13/15 14:00,-64.884405,-3.063044
99,08/13/15 16:02,-64.881127,-3.065684
99,08/13/15 18:01,-64.881022,-3.065596
99,08/13/15 20:02,-64.881929,-3.066904
99,08/13/15 22:01,-64.88416,-3.067696
99,08/14/15 00:00,-64.88413,-3.067579
99,08/14/15 02:00,-64.884124,-3.067613
99,08/14/15 06:02,-64.887478,-3.065278
99,08/14/15 08:01,-64.887853,-3.065128
99,08/14/15 10:00,-64.887519,-3.065165
99,08/14/15 12:01,-64.887592,-3.065204
99,08/14/15 14:01,-64.887676,-3.065208
99,08/14/15 16:02,-64.883646,-3.065249
99,08/14/15 18:01,-64.882062,-3.065339
99,08/14/15 22:01,-64.883907,-3.065365
99,08/15/15 00:00,-64.883842,-3.06533
99,08/15/15 08:02,-64.885952,-3.064888
99,08/15/15 10:01,-64.885949,-3.064951
99,08/15/15 12:02,-64.884641,-3.06724
99,08/15/15 14:02,-64.884514,-3.067338
99,08/15/15 16:02,-64.884465,-3.067223
99,08/15/15 18:02,-64.884639,-3.067244
99,08/15/15 20:01,-64.884517,-3.067373
99,08/15/15 22:00,-64.884327,-3.067264
99,08/16/15 00:01,-64.884309,-3.067322
99,08/16/15 04:02,-64.884327,-3.067255
99,08/16/15 06:02,-64.884413,-3.067099
99,08/16/15 08:01,-64.883514,-3.067857
99,08/16/15 12:01,-64.878849,-3.082213
99,08/16/15 14:01,-64.879002,-3.082304
99,08/16/15 16:02,-64.878892,-3.082264
99,08/16/15 18:02,-64.878446,-3.082734
99,08/16/15 20:02,-64.880114,-3.087691
99,08/17/15 00:00,-64.880224,-3.087962
99,08/17/15 08:00,-64.870704,-3.078697
99,08/17/15 10:01,-64.870526,-3.078783
99,08/17/15 12:01,-64.870822,-3.078577
99,08/17/15 14:01,-64.870609,-3.078762
99,08/17/15 16:01,-64.870454,-3.078878
99,08/17/15 18:01,-64.86829,-3.072097
99,08/17/15 20:01,-64.86727,-3.069845
99,08/17/15 22:01,-64.860988,-3.07797
99,08/18/15 00:00,-64.857344,-3.075966
99,08/18/15 02:01,-64.85554,-3.075412
99,08/18/15 10:01,-64.859122,-3.060684
99,08/18/15 12:01,-64.859128,-3.060617
99,08/18/15 14:01,-64.859175,-3.060634
99,08/18/15 16:01,-64.858616,-3.061041
99,08/18/15 18:02,-64.855681,-3.053327
99,08/18/15 20:01,-64.852583,-3.055233
99,08/18/15 22:00,-64.85265,-3.055156
99,08/19/15 00:03,-64.852548,-3.055379
99,08/19/15 06:01,-64.852466,-3.055214
99,08/19/15 10:01,-64.8506,-3.053559
99,08/19/15 12:02,-64.850649,-3.053577
99,08/19/15 14:01,-64.850784,-3.053411
99,08/19/15 16:00,-64.850863,-3.053542
99,08/19/15 20:01,-64.859769,-3.050212
99,08/19/15 22:02,-64.858275,-3.057539
99,08/20/15 00:01,-64.851065,-3.059608
99,08/20/15 02:01,-64.852145,-3.057306
99,08/20/15 04:01,-64.85126,-3.056243
99,08/20/15 06:01,-64.851321,-3.05631
99,08/20/15 10:02,-64.850937,-3.058351
99,08/20/15 22:00,-64.852269,-3.051977
99,08/21/15 00:02,-64.851253,-3.055064
99,08/21/15 04:00,-64.851448,-3.055221
99,08/21/15 10:01,-64.851139,-3.054774
99,08/21/15 12:02,-64.851157,-3.054787
99,08/21/15 16:00,-64.851275,-3.055141
99,08/21/15 18:01,-64.851438,-3.055214
99,08/21/15 20:01,-64.851173,-3.055276
99,08/21/15 22:01,-64.851255,-3.055256
99,08/22/15 02:01,-64.851307,-3.055077
99,08/22/15 04:01,-64.851004,-3.05486
99,08/22/15 06:01,-64.851156,-3.054843
99,08/22/15 08:01,-64.850974,-3.054759
99,08/22/15 12:01,-64.850982,-3.054782
99,08/22/15 14:00,-64.851037,-3.05476
99,08/22/15 16:02,-64.851232,-3.055161
99,08/22/15 18:01,-64.851342,-3.055078
99,08/22/15 20:00,-64.851355,-3.055041
99,08/22/15 22:01,-64.851382,-3.05513
99,08/23/15 00:01,-64.851501,-3.054875
99,08/23/15 02:02,-64.851282,-3.055121
99,08/23/15 04:00,-64.852702,-3.051895
99,08/23/15 06:01,-64.852645,-3.051804
99,08/23/15 10:00,-64.851147,-3.054798
99,08/23/15 12:00,-64.851271,-3.054951
99,08/23/15 14:02,-64.851351,-3.055138
99,08/23/15 16:01,-64.85122,-3.054774
99,08/23/15 18:00,-64.852126,-3.056636
99,08/23/15 20:01,-64.85212,-3.056733
99,08/23/15 22:01,-64.852101,-3.056726
99,08/24/15 00:02,-64.854468,-3.061971
99,08/24/15 04:01,-64.852105,-3.066439
99,08/24/15 06:02,-64.847548,-3.065496
99,08/24/15 08:01,-64.844536,-3.064408
99,08/24/15 10:02,-64.844652,-3.064298
99,08/24/15 12:02,-64.844511,-3.064004
99,08/24/15 16:00,-64.844713,-3.064006
99,08/24/15 22:02,-64.847025,-3.06529
99,08/25/15 10:01,-64.857291,-3.061784
99,08/25/15 12:00,-64.85728,-3.061819
99,08/25/15 16:00,-64.857209,-3.061965
99,08/25/15 18:01,-64.857214,-3.060095
99,08/25/15 20:00,-64.855157,-3.058567
99,08/26/15 00:00,-64.859384,-3.051847
99,08/26/15 02:01,-64.859395,-3.051793
99,08/26/15 08:01,-64.857861,-3.046416
99,08/26/15 10:00,-64.857925,-3.046415
99,08/26/15 14:01,-64.857827,-3.046229
99,08/26/15 16:01,-64.858308,-3.046489
99,08/26/15 22:00,-64.875862,-3.039561
99,08/27/15 00:01,-64.864625,-3.043889
99,08/27/15 02:01,-64.866667,-3.048111
99,08/27/15 06:00,-64.867347,-3.060752
99,08/27/15 08:01,-64.867423,-3.060557
99,08/27/15 10:00,-64.867368,-3.06087
99,08/27/15 14:00,-64.858511,-3.055057
99,08/27/15 16:00,-64.858521,-3.055092
99,08/27/15 18:02,-64.857717,-3.051988
99,08/27/15 20:02,-64.854126,-3.051562
99,08/27/15 22:01,-64.853742,-3.054093
99,08/28/15 00:01,-64.853728,-3.054012
99,08/28/15 04:02,-64.85377,-3.054182
99,08/28/15 10:02,-64.853753,-3.054068
99,08/28/15 16:02,-64.853777,-3.066571
99,08/28/15 20:02,-64.850479,-3.067291
99,08/29/15 00:01,-64.852455,-3.073309
99,08/29/15 02:01,-64.843574,-3.072218
99,08/29/15 04:01,-64.843664,-3.07238
99,08/29/15 06:01,-64.84361,-3.072578
99,08/29/15 10:01,-64.842713,-3.072789
99,08/29/15 12:00,-64.843819,-3.076699
99,08/29/15 14:01,-64.843649,-3.077056
99,08/29/15 16:00,-64.84424,-3.075938
99,08/29/15 18:01,-64.845343,-3.075074
99,08/29/15 22:02,-64.850539,-3.07512
99,08/30/15 00:01,-64.847716,-3.065542
99,08/30/15 02:01,-64.835361,-3.060256
99,08/30/15 04:00,-64.835075,-3.061645
99,08/30/15 06:01,-64.835521,-3.061147
99,08/30/15 08:01,-64.835558,-3.061708
99,08/30/15 10:02,-64.837206,-3.061599
99,08/30/15 12:01,-64.837347,-3.061683
99,08/30/15 14:02,-64.837154,-3.061678
99,08/30/15 16:00,-64.83637,-3.06173
99,08/30/15 18:00,-64.83614,-3.062676
99,08/30/15 20:02,-64.837215,-3.068396
99,08/31/15 02:01,-64.843547,-3.069364
99,08/31/15 10:01,-64.839541,-3.065271
99,08/31/15 14:01,-64.84238,-3.060463
99,08/31/15 16:01,-64.840854,-3.060128
99,08/31/15 18:02,-64.840731,-3.059676
99,08/31/15 20:00,-64.839488,-3.058125
99,08/31/15 22:01,-64.839541,-3.057996
99,09/01/15 00:00,-64.839622,-3.065213
99,09/01/15 04:01,-64.840569,-3.05771
99,09/01/15 06:01,-64.840553,-3.057622
99,09/01/15 08:01,-64.840599,-3.057635
99,09/01/15 10:02,-64.840679,-3.057539
99,09/01/15 12:01,-64.840408,-3.057701
99,09/01/15 14:00,-64.840815,-3.057569
99,09/01/15 16:00,-64.840858,-3.057684
99,09/01/15 20:02,-64.849278,-3.06667
99,09/01/15 22:02,-64.852234,-3.072264
99,09/02/15 02:00,-64.857951,-3.078131
99,09/02/15 10:01,-64.857783,-3.078037
99,09/02/15 12:02,-64.857815,-3.07805
99,09/02/15 14:02,-64.857974,-3.078132
99,09/02/15 16:00,-64.858131,-3.078042
99,09/02/15 18:02,-64.858122,-3.079404
99,09/02/15 22:01,-64.864077,-3.090845
99,09/03/15 04:02,-64.860152,-3.089273
99,09/03/15 06:02,-64.860003,-3.089363
99,09/03/15 14:01,-64.860163,-3.08954
99,09/03/15 16:01,-64.861464,-3.090854
99,09/03/15 20:01,-64.873284,-3.093989
99,09/03/15 22:01,-64.87299,-3.093765
99,09/04/15 00:01,-64.87301,-3.093229
99,09/04/15 02:02,-64.873155,-3.093763
99,09/04/15 04:02,-64.869821,-3.093539
99,09/04/15 10:01,-64.86683,-3.091518
99,09/04/15 12:01,-64.866769,-3.091417
99,09/04/15 14:01,-64.86653,-3.091135
99,09/04/15 18:02,-64.854904,-3.084877
99,09/04/15 20:01,-64.850085,-3.082683
99,09/05/15 02:02,-64.847833,-3.079378
99,09/05/15 06:02,-64.847961,-3.079336
99,09/05/15 10:01,-64.850232,-3.079347
99,09/05/15 12:01,-64.85174,-3.07833
99,09/05/15 14:01,-64.851662,-3.078219
99,09/05/15 18:01,-64.845486,-3.071814
99,09/05/15 22:01,-64.832406,-3.064789
99,09/06/15 02:02,-64.832253,-3.064957
99,09/06/15 04:02,-64.832156,-3.065063
99,09/06/15 08:01,-64.832382,-3.064821
99,09/06/15 10:01,-64.832402,-3.064939
99,09/06/15 14:01,-64.832372,-3.06495
99,09/06/15 18:02,-64.832437,-3.064972
99,09/06/15 20:01,-64.832346,-3.06489
99,09/06/15 22:00,-64.832331,-3.065055
99,09/07/15 02:02,-64.832264,-3.065127
99,09/07/15 04:00,-64.832213,-3.065022
99,09/07/15 10:01,-64.832185,-3.065034
99,09/07/15 12:02,-64.832162,-3.065031
99,09/07/15 14:00,-64.832341,-3.065087
99,09/07/15 16:01,-64.832443,-3.065081
99,09/07/15 18:00,-64.832246,-3.06511
99,09/07/15 20:02,-64.832344,-3.065104
99,09/07/15 22:01,-64.832438,-3.065054
99,09/08/15 02:02,-64.832313,-3.065039
99,09/08/15 04:01,-64.832421,-3.064945
99,09/08/15 08:01,-64.832327,-3.064978
99,09/08/15 10:00,-64.832296,-3.064893
99,09/08/15 12:02,-64.832211,-3.06503
99,09/08/15 14:02,-64.832218,-3.06509
99,09/08/15 16:01,-64.832061,-3.065036
99,09/08/15 18:01,-64.832432,-3.064995
99,09/08/15 20:01,-64.83191,-3.065005
99,09/09/15 00:03,-64.832266,-3.065065
99,09/09/15 02:02,-64.832226,-3.065312
99,09/09/15 06:00,-64.834072,-3.064842
99,09/09/15 08:00,-64.835895,-3.063274
99,09/09/15 10:01,-64.835876,-3.063407
99,09/09/15 12:01,-64.836034,-3.063323
99,09/09/15 14:00,-64.835481,-3.063075
99,09/09/15 16:00,-64.8353,-3.063139
99,09/09/15 18:01,-64.83535,-3.063082
99,09/09/15 20:00,-64.834993,-3.065065
99,09/09/15 22:01,-64.833853,-3.065651
99,09/10/15 00:03,-64.831887,-3.066276
99,09/10/15 08:01,-64.826826,-3.069079
99,09/10/15 10:01,-64.82482,-3.070841
99,09/10/15 12:02,-64.82496,-3.070393
99,09/10/15 14:01,-64.823557,-3.069992
99,09/10/15 16:00,-64.823687,-3.070013
99,09/10/15 20:01,-64.832111,-3.064807
99,09/10/15 22:00,-64.832571,-3.064159
99,09/11/15 00:00,-64.836256,-3.061465
99,09/11/15 04:01,-64.837684,-3.061857
99,09/11/15 06:01,-64.837661,-3.062085
99,09/11/15 08:00,-64.837858,-3.062011
99,09/11/15 10:00,-64.838137,-3.06114
99,09/11/15 14:01,-64.844695,-3.064844
99,09/11/15 18:00,-64.840439,-3.063955
99,09/11/15 22:00,-64.838646,-3.064743
99,09/12/15 02:00,-64.839635,-3.072684
99,09/12/15 04:01,-64.840977,-3.072091
99,09/12/15 08:02,-64.840979,-3.072149
99,09/12/15 10:00,-64.840989,-3.072049
99,09/12/15 12:01,-64.841203,-3.07213
99,09/12/15 14:01,-64.840864,-3.072244
99,09/12/15 16:01,-64.841388,-3.074444
99,09/13/15 02:02,-64.842078,-3.075165
99,09/13/15 04:02,-64.841667,-3.075341
99,09/13/15 10:01,-64.841843,-3.075261
99,09/13/15 12:01,-64.841864,-3.075303
99,09/13/15 14:00,-64.841905,-3.0753
99,09/13/15 16:00,-64.841744,-3.075293
99,09/13/15 22:02,-64.841669,-3.075291
99,09/14/15 00:00,-64.842042,-3.075131
99,09/14/15 04:01,-64.841934,-3.079215
99,09/14/15 06:02,-64.84203,-3.079232
99,09/14/15 10:01,-64.84223,-3.07884
99,09/14/15 12:01,-64.842215,-3.079164
99,09/14/15 14:00,-64.842076,-3.079191
99,09/14/15 18:02,-64.842776,-3.087302
99,09/14/15 20:00,-64.845944,-3.09547
99,09/14/15 22:01,-64.842878,-3.100434
99,09/15/15 00:01,-64.842827,-3.100517
99,09/15/15 04:01,-64.834227,-3.107002
99,09/15/15 06:01,-64.834327,-3.099403
99,09/15/15 08:02,-64.836148,-3.099252
99,09/15/15 10:01,-64.836363,-3.099332
99,09/15/15 14:01,-64.836564,-3.099259
99,09/15/15 16:00,-64.836287,-3.099224
99,09/15/15 18:02,-64.835964,-3.098365
99,09/15/15 20:01,-64.836717,-3.093023
99,09/15/15 22:02,-64.843056,-3.085359
99,09/16/15 04:01,-64.8602,-3.062695
99,09/16/15 06:00,-64.859242,-3.061879
99,09/16/15 08:02,-64.859302,-3.061736
99,09/16/15 10:01,-64.858712,-3.061892
99,09/16/15 14:01,-64.860987,-3.055474
99,09/16/15 16:01,-64.860956,-3.055533
99,09/16/15 18:00,-64.86352,-3.057577
99,09/16/15 20:01,-64.864306,-3.059289
99,09/16/15 22:00,-64.860716,-3.064301
99,09/17/15 04:02,-64.852048,-3.058781
99,09/17/15 06:01,-64.852154,-3.057134
99,09/17/15 08:00,-64.858642,-3.052347
99,09/17/15 10:01,-64.859147,-3.051916
99,09/17/15 12:01,-64.859261,-3.051734
99,09/17/15 14:01,-64.859174,-3.051884
99,09/17/15 16:01,-64.863701,-3.048019
99,09/17/15 18:02,-64.866946,-3.046669
99,09/17/15 22:01,-64.878198,-3.043868
99,09/18/15 00:01,-64.876455,-3.034787
99,09/18/15 02:02,-64.873197,-3.038266
99,09/18/15 04:01,-64.867517,-3.047084
99,09/18/15 08:01,-64.867045,-3.051007
99,09/18/15 10:01,-64.867324,-3.051105
99,09/19/15 00:00,-64.871905,-3.049733
99,09/19/15 02:01,-64.875502,-3.048877
99,09/19/15 04:01,-64.870328,-3.045746
99,09/19/15 06:00,-64.871129,-3.044966
99,09/19/15 08:01,-64.871142,-3.045108
99,09/19/15 10:01,-64.871165,-3.044969
99,09/19/15 12:02,-64.871208,-3.044984
99,09/19/15 16:00,-64.870875,-3.044918
99,09/19/15 18:00,-64.871055,-3.044878
99,09/19/15 20:01,-64.871011,-3.044929
99,09/20/15 00:02,-64.866709,-3.046521
99,09/20/15 02:02,-64.871058,-3.04487
99,09/20/15 04:00,-64.873075,-3.045037
99,09/20/15 08:00,-64.870118,-3.042565
99,09/20/15 10:02,-64.870054,-3.042513
99,09/20/15 12:02,-64.872849,-3.042218
99,09/20/15 14:00,-64.872858,-3.042324
99,09/20/15 16:00,-64.872909,-3.04222
99,09/20/15 20:01,-64.873512,-3.041946
99,09/20/15 22:00,-64.875634,-3.043951
99,09/21/15 00:01,-64.875689,-3.043916
99,09/21/15 02:01,-64.875674,-3.043849
99,09/21/15 04:01,-64.873886,-3.042397
99,09/21/15 08:01,-64.875704,-3.043646
99,09/21/15 10:00,-64.875685,-3.043593
99,09/21/15 12:01,-64.875698,-3.043608
99,09/21/15 14:00,-64.875677,-3.043587
99,09/21/15 16:02,-64.875715,-3.043621
99,09/21/15 18:02,-64.875779,-3.043662
99,09/21/15 20:01,-64.875766,-3.043593
99,09/21/15 22:01,-64.875781,-3.043728
99,09/22/15 02:00,-64.875692,-3.043579
99,09/22/15 08:01,-64.875816,-3.043668
99,09/22/15 10:00,-64.87507,-3.043163
99,09/22/15 18:01,-64.875801,-3.043634
99,09/22/15 20:01,-64.875706,-3.043673
99,09/22/15 22:00,-64.875675,-3.043689
99,09/23/15 00:01,-64.875649,-3.043628
99,09/23/15 06:02,-64.875163,-3.043185
99,09/23/15 10:01,-64.875204,-3.043244
99,09/23/15 14:01,-64.87695,-3.042872
99,09/24/15 00:01,-64.875663,-3.044086
99,09/24/15 02:02,-64.875049,-3.043154
99,09/24/15 10:00,-64.874762,-3.041105
99,09/24/15 12:01,-64.874388,-3.041061
99,09/24/15 14:01,-64.874734,-3.041088
99,09/24/15 16:01,-64.874686,-3.041093
99,09/24/15 18:01,-64.874632,-3.041047
99,09/24/15 20:00,-64.874507,-3.040628
99,09/24/15 22:00,-64.881608,-3.04322
99,09/25/15 00:00,-64.882849,-3.046137
99,09/25/15 08:01,-64.889049,-3.055576
99,09/25/15 12:00,-64.888392,-3.0569
99,09/25/15 14:00,-64.888642,-3.056924
99,09/25/15 16:00,-64.888493,-3.056904
99,09/25/15 18:01,-64.889144,-3.057209
99,09/25/15 20:00,-64.893729,-3.053097
99,09/26/15 04:01,-64.907721,-3.042762
99,09/26/15 06:01,-64.907832,-3.042845
99,09/26/15 08:01,-64.907858,-3.04269
99,09/26/15 12:01,-64.907857,-3.042798
99,09/26/15 14:01,-64.907698,-3.042811
99,09/27/15 00:01,-64.906835,-3.03644
99,09/27/15 02:00,-64.904209,-3.035372
99,09/27/15 10:03,-64.903517,-3.034822
99,09/27/15 12:00,-64.896025,-3.036268
99,09/27/15 14:01,-64.895304,-3.029968
99,09/27/15 16:00,-64.892329,-3.031806
99,09/27/15 18:00,-64.891533,-3.032445
99,09/27/15 20:01,-64.893791,-3.034121
99,09/27/15 22:01,-64.893817,-3.036742
99,09/28/15 00:00,-64.894406,-3.036931
99,09/28/15 02:02,-64.894299,-3.037002
99,09/28/15 04:00,-64.896556,-3.034946
99,09/28/15 10:01,-64.892805,-3.043277
99,09/28/15 12:02,-64.892675,-3.043273
99,09/28/15 14:00,-64.892686,-3.043253
99,09/28/15 16:00,-64.89156,-3.046138
99,09/28/15 18:00,-64.891648,-3.046175
99,09/28/15 20:01,-64.887262,-3.046938
99,09/28/15 22:00,-64.882654,-3.050303
99,09/29/15 00:01,-64.877234,-3.050764
99,09/29/15 02:02,-64.877279,-3.050833
99,09/29/15 04:00,-64.873478,-3.049142
99,09/29/15 06:00,-64.87088,-3.048988
99,09/29/15 08:01,-64.872198,-3.047113
99,09/29/15 12:00,-64.872043,-3.04719
99,09/29/15 14:01,-64.872019,-3.047234
99,09/29/15 18:00,-64.87213,-3.047288
99,09/29/15 20:00,-64.872032,-3.047258
99,09/29/15 22:00,-64.871996,-3.047285
99,09/30/15 02:01,-64.872045,-3.047265
99,09/30/15 04:00,-64.871731,-3.047322
99,09/30/15 06:00,-64.871721,-3.047376
99,09/30/15 08:00,-64.871751,-3.047283
99,09/30/15 10:00,-64.871739,-3.047323
99,09/30/15 12:01,-64.872015,-3.047275
99,09/30/15 14:00,-64.871895,-3.046855
99,09/30/15 16:02,-64.871969,-3.047178
99,09/30/15 18:00,-64.872058,-3.047165
99,09/30/15 20:00,-64.872035,-3.04729
99,09/30/15 22:01,-64.872185,-3.047157
99,10/01/15 00:01,-64.872153,-3.047157
99,10/01/15 02:01,-64.871747,-3.047353
99,10/01/15 04:02,-64.872027,-3.047285
99,10/01/15 06:01,-64.871691,-3.047294
99,10/01/15 10:01,-64.871712,-3.047629
99,10/01/15 12:01,-64.871709,-3.047697
99,10/01/15 14:00,-64.871685,-3.047682
99,10/01/15 16:00,-64.871804,-3.047362
99,10/01/15 18:01,-64.872018,-3.047247
99,10/01/15 20:03,-64.867748,-3.044076
99,10/01/15 22:00,-64.86715,-3.044538
99,10/02/15 00:00,-64.867103,-3.044565
99,10/02/15 02:00,-64.867217,-3.044628
99,10/02/15 04:01,-64.867259,-3.04468
99,10/02/15 08:01,-64.867196,-3.044586
99,10/02/15 12:02,-64.86743,-3.044695
99,10/02/15 14:01,-64.867626,-3.044479
99,10/02/15 16:01,-64.867114,-3.044251
99,10/02/15 18:00,-64.866615,-3.043976
99,10/02/15 20:01,-64.859591,-3.051501
99,10/02/15 22:01,-64.858584,-3.054303
99,10/03/15 04:02,-64.861632,-3.0586
99,10/03/15 08:01,-64.864252,-3.057802
99,10/03/15 10:01,-64.864353,-3.057873
99,10/03/15 12:00,-64.864421,-3.0579
99,10/03/15 14:00,-64.864389,-3.057906
99,10/03/15 16:02,-64.867325,-3.057296
99,10/03/15 18:01,-64.870587,-3.058916
99,10/03/15 20:01,-64.870241,-3.058321
99,10/03/15 22:02,-64.870197,-3.058093
99,10/04/15 02:02,-64.872185,-3.050939
99,10/04/15 04:02,-64.872155,-3.050879
99,10/04/15 06:03,-64.872125,-3.050917
99,10/04/15 08:00,-64.872086,-3.051093
99,10/04/15 10:01,-64.872107,-3.050997
99,10/04/15 12:00,-64.871641,-3.05077
99,10/04/15 14:02,-64.871398,-3.05059
99,10/04/15 16:00,-64.870367,-3.050837
99,10/04/15 18:01,-64.87081,-3.052649
99,10/04/15 20:02,-64.875308,-3.053173
99,10/04/15 22:00,-64.875806,-3.052864
99,10/05/15 00:01,-64.876295,-3.052393
99,10/05/15 02:00,-64.87631,-3.052715
99,10/05/15 08:01,-64.877728,-3.052922
99,10/05/15 10:00,-64.877732,-3.052881
99,10/05/15 12:02,-64.878155,-3.052714
99,10/05/15 18:01,-64.878068,-3.052591
99,10/05/15 20:02,-64.87825,-3.050195
99,10/05/15 22:00,-64.87305,-3.046381
99,10/06/15 00:01,-64.872953,-3.046518
99,10/06/15 06:02,-64.872966,-3.046512
99,10/06/15 08:00,-64.873024,-3.046424
99,10/06/15 10:01,-64.873046,-3.046356
99,10/06/15 12:00,-64.872934,-3.046546
99,10/06/15 14:02,-64.873008,-3.046504
99,10/06/15 16:01,-64.873025,-3.046444
99,10/06/15 20:01,-64.872995,-3.046528
99,10/06/15 22:02,-64.872934,-3.046615
99,10/07/15 00:01,-64.873036,-3.046598
99,10/07/15 02:00,-64.872991,-3.046688
99,10/07/15 06:01,-64.873057,-3.046616
99,10/07/15 08:00,-64.873078,-3.046364
99,10/07/15 10:01,-64.873043,-3.046333
99,10/07/15 12:00,-64.87314,-3.046582
99,10/07/15 14:00,-64.873156,-3.046557
99,10/07/15 16:02,-64.87316,-3.0466
99,10/07/15 18:02,-64.872901,-3.04669
99,10/07/15 20:01,-64.872995,-3.046423
99,10/07/15 22:02,-64.872965,-3.046579
99,10/08/15 02:00,-64.87295,-3.046658
99,10/08/15 04:01,-64.872882,-3.046676
99,10/08/15 06:01,-64.87309,-3.046695
99,10/08/15 08:01,-64.873302,-3.046443
99,10/08/15 10:00,-64.873084,-3.046576
99,10/08/15 14:00,-64.87309,-3.046394
99,10/08/15 16:00,-64.873153,-3.046558
99,10/08/15 18:01,-64.873084,-3.046595
99,10/08/15 20:01,-64.873141,-3.046804
99,10/09/15 00:02,-64.873162,-3.046593
99,10/09/15 02:02,-64.873171,-3.046589
99,10/09/15 04:01,-64.873216,-3.046586
99,10/09/15 06:01,-64.873005,-3.04661
99,10/09/15 08:00,-64.877522,-3.049925
99,10/09/15 12:01,-64.877401,-3.049642
99,10/09/15 14:00,-64.877347,-3.049681
99,10/09/15 16:00,-64.877391,-3.04962
99,10/09/15 18:00,-64.877424,-3.049785
99,10/09/15 20:02,-64.879148,-3.050921
99,10/09/15 22:02,-64.881649,-3.050953
99,10/10/15 00:00,-64.881662,-3.050894
99,10/10/15 02:00,-64.881614,-3.050938
99,10/10/15 08:01,-64.881572,-3.051227
99,10/10/15 10:00,-64.88132,-3.050723
99,10/10/15 12:01,-64.881245,-3.05063
99,10/10/15 14:01,-64.881634,-3.050937
99,10/10/15 18:00,-64.881741,-3.050888
99,10/10/15 20:00,-64.881787,-3.051125
99,10/10/15 22:00,-64.881558,-3.050942
99,10/11/15 00:00,-64.881739,-3.051149
99,10/11/15 02:02,-64.881734,-3.051185
99,10/11/15 04:01,-64.881614,-3.050915
99,10/11/15 06:02,-64.881516,-3.050821
99,10/11/15 08:01,-64.881642,-3.051006
99,10/11/15 12:01,-64.881642,-3.051176
99,10/11/15 14:00,-64.881557,-3.051122
99,10/11/15 16:00,-64.88179,-3.051139
99,10/11/15 18:01,-64.881663,-3.051191
99,10/11/15 20:02,-64.881587,-3.051192
99,10/11/15 22:02,-64.882833,-3.053348
99,10/12/15 00:01,-64.883393,-3.054164
99,10/12/15 06:03,-64.883169,-3.054042
99,10/12/15 08:01,-64.883388,-3.054042
99,10/12/15 10:01,-64.883189,-3.054074
99,10/12/15 12:01,-64.883298,-3.054009
99,10/12/15 14:01,-64.883367,-3.053874
99,10/12/15 16:01,-64.883346,-3.053994
99,10/12/15 18:02,-64.883485,-3.054089
99,10/12/15 20:00,-64.883359,-3.054064
99,10/12/15 22:00,-64.883339,-3.054214
99,10/13/15 00:00,-64.887712,-3.053892
99,10/13/15 06:01,-64.896898,-3.050595
99,10/13/15 08:01,-64.897019,-3.050563
99,10/13/15 10:02,-64.896936,-3.050685
99,10/13/15 12:01,-64.896922,-3.05031
99,10/13/15 14:02,-64.89549,-3.05047
99,10/13/15 18:01,-64.892542,-3.052654
99,10/13/15 20:01,-64.892552,-3.052778
99,10/14/15 04:03,-64.893079,-3.051902
99,10/14/15 08:00,-64.892141,-3.053965
99,10/14/15 10:02,-64.892197,-3.053994
99,10/14/15 12:00,-64.892196,-3.053924
99,10/14/15 14:01,-64.892838,-3.053848
99,10/14/15 16:00,-64.892309,-3.053905
99,10/14/15 18:02,-64.893085,-3.054497
99,10/14/15 22:01,-64.909056,-3.047466
99,10/15/15 00:01,-64.910172,-3.047301
99,10/15/15 02:02,-64.910141,-3.047339
99,10/15/15 08:02,-64.904489,-3.053557
99,10/15/15 12:01,-64.904533,-3.053419
99,10/15/15 14:01,-64.904539,-3.05339
99,10/15/15 20:01,-64.900649,-3.051794
99,10/15/15 22:00,-64.900753,-3.048942
99,10/16/15 02:00,-64.90079,-3.049003
99,10/16/15 04:01,-64.900809,-3.049023
99,10/16/15 08:00,-64.900804,-3.048988
99,10/16/15 10:01,-64.900857,-3.049059
99,10/16/15 12:00,-64.900798,-3.048987
99,10/16/15 14:00,-64.900807,-3.048999
99,10/16/15 16:00,-64.900888,-3.048968
99,10/16/15 18:01,-64.90077,-3.048921
99,10/16/15 20:01,-64.903098,-3.046195
99,10/16/15 22:00,-64.897166,-3.043169
99,10/17/15 02:01,-64.895161,-3.043505
99,10/17/15 08:00,-64.895212,-3.043457
99,10/17/15 12:00,-64.895183,-3.043464
99,10/17/15 14:00,-64.89525,-3.043444
99,10/17/15 16:00,-64.89551,-3.043323
99,10/17/15 20:00,-64.883459,-3.042917
99,10/18/15 00:01,-64.880369,-3.051254
99,10/18/15 04:02,-64.879436,-3.049959
99,10/18/15 06:01,-64.877888,-3.049716
99,10/18/15 10:01,-64.877971,-3.050368
99,10/18/15 12:00,-64.877953,-3.050309
99,10/18/15 14:01,-64.87789,-3.050308
99,10/18/15 16:00,-64.877541,-3.049212
99,10/18/15 18:01,-64.87761,-3.049558
99,10/18/15 22:00,-64.877574,-3.050207
99,10/19/15 04:01,-64.877724,-3.050295
99,10/19/15 06:02,-64.877895,-3.050228
99,10/19/15 08:01,-64.877547,-3.050149
99,10/19/15 14:00,-64.877968,-3.050185
99,10/19/15 16:01,-64.878005,-3.050078
99,10/19/15 18:02,-64.877175,-3.050649
99,10/19/15 20:01,-64.87691,-3.052282
99,10/19/15 22:00,-64.875345,-3.052324
99,10/20/15 00:01,-64.874898,-3.052334
99,10/20/15 02:01,-64.874821,-3.052251
99,10/20/15 04:01,-64.874796,-3.052285
99,10/20/15 06:01,-64.874807,-3.052303
99,10/20/15 08:00,-64.874809,-3.052266
99,10/20/15 10:00,-64.874852,-3.052233
99,10/20/15 12:00,-64.874825,-3.052253
99,10/20/15 14:00,-64.874834,-3.052228
99,10/20/15 16:00,-64.874906,-3.052229
99,10/20/15 20:00,-64.874859,-3.052216
99,10/20/15 22:02,-64.874123,-3.051755
99,10/21/15 00:01,-64.8726,-3.046139
99,10/21/15 02:01,-64.876448,-3.05419
99,10/21/15 04:01,-64.875623,-3.054984
99,10/21/15 06:01,-64.875945,-3.056001
99,10/21/15 08:01,-64.875984,-3.055929
99,10/21/15 10:01,-64.876351,-3.056191
99,10/21/15 12:01,-64.876617,-3.0562
99,10/21/15 14:01,-64.87646,-3.056245
99,10/21/15 16:02,-64.87631,-3.056037
99,10/21/15 18:00,-64.874814,-3.052757
99,10/21/15 20:02,-64.879378,-3.054466
99,10/21/15 22:00,-64.879445,-3.054215
99,10/22/15 00:00,-64.879514,-3.054216
99,10/22/15 02:00,-64.879433,-3.05426
99,10/22/15 06:00,-64.879064,-3.055241
99,10/22/15 08:00,-64.879008,-3.055241
99,10/22/15 10:02,-64.879069,-3.055204
99,10/22/15 12:02,-64.879109,-3.054662
99,10/22/15 14:00,-64.879538,-3.05423
99,10/22/15 16:01,-64.87954,-3.054209
99,10/22/15 18:00,-64.879438,-3.054128
99,10/22/15 20:00,-64.879455,-3.05423
99,10/23/15 02:01,-64.883285,-3.053309
99,10/23/15 10:01,-64.883201,-3.053467
99,10/23/15 12:02,-64.883348,-3.053309
99,10/23/15 14:01,-64.883334,-3.053288
99,10/23/15 16:02,-64.875422,-3.05472
99,10/23/15 18:00,-64.8731,-3.055356
99,10/23/15 20:01,-64.875586,-3.059817
99,10/24/15 00:02,-64.868993,-3.059351
99,10/24/15 08:02,-64.868549,-3.054653
99,10/24/15 10:01,-64.868586,-3.054869
99,10/24/15 12:02,-64.868584,-3.05476
99,10/24/15 14:01,-64.86853,-3.05479
99,10/24/15 16:00,-64.872614,-3.05057
99,10/24/15 18:00,-64.870969,-3.048931
99,10/24/15 20:01,-64.872379,-3.044255
99,10/24/15 22:01,-64.87699,-3.044392
99,10/25/15 02:02,-64.884568,-3.039819
99,10/25/15 04:01,-64.884281,-3.039785
99,10/25/15 08:01,-64.88449,-3.039849
99,10/25/15 10:01,-64.884389,-3.039876
99,10/25/15 12:01,-64.884704,-3.039791
99,10/25/15 14:01,-64.884493,-3.039839
99,10/25/15 16:01,-64.884584,-3.039806
99,10/25/15 18:01,-64.884414,-3.039899
99,10/25/15 20:00,-64.88447,-3.039793
99,10/26/15 02:00,-64.873086,-3.044106
99,10/26/15 06:01,-64.871237,-3.041482
99,10/26/15 08:01,-64.871244,-3.041417
99,10/26/15 14:00,-64.87127,-3.041567
99,10/26/15 16:01,-64.870943,-3.041874
99,10/26/15 18:01,-64.868545,-3.040442
99,10/26/15 20:01,-64.870661,-3.033926
99,10/27/15 00:01,-64.882793,-3.029262
99,10/27/15 02:01,-64.882786,-3.029325
99,10/27/15 06:02,-64.882747,-3.029302
99,10/27/15 08:03,-64.882739,-3.029417
99,10/27/15 10:01,-64.875792,-3.033341
99,10/27/15 16:00,-64.876316,-3.040271
99,10/27/15 18:01,-64.878278,-3.040906
99,10/27/15 20:00,-64.878267,-3.041007
99,10/28/15 04:01,-64.896087,-3.035404
99,10/28/15 06:01,-64.891659,-3.03276
99,10/28/15 08:01,-64.891264,-3.03357
99,10/28/15 10:01,-64.891102,-3.033268
99,10/28/15 16:01,-64.891131,-3.032957
99,10/28/15 18:01,-64.890957,-3.032908
99,10/29/15 02:01,-64.888157,-3.036721
99,10/29/15 04:01,-64.888247,-3.036713
99,10/29/15 06:00,-64.888363,-3.036782
99,10/29/15 08:02,-64.888345,-3.036775
99,10/29/15 10:01,-64.888379,-3.036737
99,10/29/15 12:00,-64.888237,-3.036927
99,10/29/15 14:00,-64.888369,-3.036746
99,10/29/15 18:01,-64.883896,-3.036181
99,10/29/15 22:01,-64.887737,-3.035412
99,10/30/15 00:01,-64.886614,-3.037043
99,10/30/15 02:01,-64.88661,-3.039276
99,10/30/15 04:00,-64.886706,-3.039163
99,10/30/15 06:01,-64.886576,-3.039204
99,10/30/15 08:01,-64.886674,-3.039122
99,10/30/15 10:00,-64.886685,-3.039239
99,10/30/15 14:02,-64.886453,-3.039275
99,10/30/15 16:02,-64.886405,-3.038992
99,10/30/15 18:01,-64.886646,-3.042151
99,10/30/15 20:01,-64.883854,-3.043089
99,10/30/15 22:02,-64.883375,-3.043398
99,10/31/15 00:00,-64.885446,-3.048228
99,10/31/15 06:00,-64.888802,-3.048574
99,10/31/15 08:01,-64.888848,-3.048521
99,10/31/15 10:02,-64.888825,-3.048623
99,10/31/15 12:01,-64.888714,-3.048591
99,10/31/15 14:00,-64.888925,-3.048601
99,10/31/15 16:00,-64.892763,-3.047212
99,10/31/15 18:02,-64.895846,-3.040476
99,11/01/15 06:02,-64.89682,-3.038555
99,11/01/15 08:02,-64.896778,-3.038446
99,11/01/15 10:02,-64.896885,-3.03843
99,11/01/15 12:01,-64.896875,-3.038468
99,11/01/15 14:02,-64.896824,-3.038408
99,11/01/15 16:01,-64.896833,-3.038422
99,11/01/15 18:02,-64.896915,-3.037571
99,11/01/15 20:01,-64.903099,-3.035017
99,11/01/15 22:02,-64.904802,-3.045216
99,11/02/15 02:01,-64.903316,-3.05141
99,11/02/15 04:00,-64.903385,-3.051564
99,11/02/15 06:01,-64.903283,-3.051515
99,11/02/15 08:00,-64.903351,-3.051464
99,11/02/15 10:00,-64.903308,-3.051543
99,11/02/15 12:00,-64.903377,-3.051603
99,11/02/15 14:00,-64.900925,-3.047938
99,11/02/15 18:02,-64.898968,-3.034812
99,11/02/15 20:01,-64.902752,-3.024482
99,11/02/15 22:02,-64.8951,-3.022681
99,11/03/15 08:01,-64.896404,-3.022426
99,11/03/15 10:01,-64.895163,-3.022043
99,11/03/15 14:01,-64.901771,-3.044313
99,11/03/15 16:01,-64.89784,-3.049385
99,11/03/15 18:01,-64.8974,-3.040345
99,11/04/15 00:00,-64.891192,-3.036283
99,11/04/15 02:01,-64.891345,-3.036282
99,11/04/15 10:01,-64.895254,-3.022169
99,11/04/15 12:01,-64.895275,-3.022119
99,11/04/15 14:00,-64.89519,-3.022102
99,11/04/15 16:01,-64.895235,-3.022005
99,11/04/15 18:01,-64.89528,-3.022801
99,11/04/15 20:00,-64.895281,-3.022693
99,11/04/15 22:01,-64.895301,-3.022925
99,11/05/15 00:00,-64.890756,-3.029158
99,11/05/15 14:02,-64.890802,-3.029281
99,11/05/15 16:02,-64.89082,-3.029349
99,11/05/15 18:01,-64.886385,-3.033213
99,11/12/15 16:00,-64.862254,-3.067252
99,11/12/15 18:01,-64.86831,-3.068217
99,11/13/15 02:02,-64.871485,-3.068923
99,11/13/15 04:01,-64.871409,-3.069078
99,11/13/15 06:02,-64.871558,-3.068931
99,11/13/15 12:01,-64.871392,-3.068933
99,11/13/15 14:01,-64.871889,-3.068589
99,11/13/15 16:01,-64.871771,-3.068666
99,11/13/15 18:01,-64.871818,-3.068698
99,11/13/15 20:01,-64.871549,-3.068976
99,11/14/15 10:01,-64.871406,-3.068968
99,11/14/15 12:01,-64.871789,-3.069336
99,11/14/15 14:01,-64.871365,-3.069343
99,11/14/15 16:00,-64.871339,-3.069263
99,11/15/15 04:01,-64.871398,-3.070102
99,11/15/15 12:00,-64.874572,-3.068401
99,11/15/15 14:01,-64.874638,-3.068304
99,11/15/15 18:00,-64.876479,-3.066478
99,11/15/15 20:02,-64.877662,-3.068417
99,11/16/15 00:02,-64.875416,-3.080123
99,11/16/15 02:02,-64.875691,-3.080376
99,11/16/15 08:01,-64.87532,-3.081158
99,11/16/15 10:00,-64.875386,-3.081148
99,11/16/15 12:01,-64.875429,-3.081125
99,11/16/15 14:01,-64.875456,-3.081069
99,11/16/15 16:02,-64.875428,-3.080171
99,11/16/15 22:02,-64.871026,-3.077351
99,11/17/15 00:02,-64.870978,-3.077448
99,11/17/15 02:02,-64.870945,-3.077395
99,11/17/15 06:02,-64.870942,-3.077442
99,11/17/15 12:01,-64.870979,-3.077379
99,11/17/15 14:01,-64.870921,-3.07739
99,11/17/15 16:02,-64.870983,-3.077477
99,11/17/15 18:02,-64.870802,-3.077442
99,11/17/15 20:02,-64.871045,-3.077432
99,11/18/15 02:02,-64.870975,-3.077415
99,11/18/15 08:02,-64.871035,-3.077367
99,11/18/15 10:01,-64.871024,-3.077317
99,11/18/15 12:00,-64.87102,-3.077376
99,11/18/15 14:01,-64.870455,-3.077081
99,11/18/15 16:01,-64.870591,-3.077091
99,11/18/15 18:02,-64.871138,-3.077333
99,11/18/15 20:02,-64.871015,-3.077419
99,11/18/15 22:01,-64.870935,-3.077442
99,11/19/15 00:01,-64.870835,-3.077403
99,11/19/15 10:01,-64.871078,-3.077503
99,11/19/15 12:00,-64.870404,-3.077045
99,11/19/15 14:01,-64.870376,-3.077062
99,11/19/15 18:01,-64.870595,-3.077006
99,11/19/15 20:01,-64.870473,-3.077086
99,11/20/15 12:02,-64.874321,-3.070708
99,11/20/15 14:00,-64.876596,-3.066575
99,11/20/15 16:00,-64.877071,-3.066314
99,11/20/15 18:01,-64.8768,-3.065893
99,11/20/15 20:01,-64.86797,-3.068269
99,11/21/15 00:02,-64.864202,-3.072053
99,11/21/15 04:01,-64.864166,-3.071975
99,11/21/15 16:00,-64.864379,-3.072088
99,11/21/15 18:01,-64.864332,-3.071942
99,11/22/15 00:02,-64.867126,-3.056439
99,11/22/15 04:02,-64.890989,-3.052769
99,11/22/15 06:02,-64.890343,-3.04759
99,11/22/15 10:01,-64.890424,-3.047329
99,11/22/15 14:02,-64.904789,-3.043653
99,11/22/15 16:01,-64.904883,-3.04365
99,11/22/15 20:01,-64.904899,-3.043413
99,11/22/15 22:01,-64.904826,-3.043606
99,11/23/15 00:02,-64.904715,-3.043645
99,11/23/15 04:00,-64.898058,-3.040614
99,11/23/15 06:02,-64.898082,-3.040468
99,11/23/15 10:01,-64.900857,-3.041406
99,11/23/15 12:02,-64.901031,-3.041261
99,11/23/15 14:01,-64.902226,-3.041607
99,11/23/15 16:01,-64.902298,-3.041376
99,11/24/15 00:02,-64.895751,-3.052973
99,11/24/15 08:01,-64.8703,-3.063495
99,11/24/15 10:00,-64.87008,-3.06353
99,11/24/15 12:01,-64.870416,-3.063382
99,11/24/15 14:01,-64.870268,-3.063376
99,11/24/15 18:02,-64.891114,-3.052656
99,11/25/15 04:02,-64.895656,-3.053194
99,11/25/15 08:02,-64.895515,-3.053202
99,11/25/15 10:02,-64.89589,-3.053111
99,11/25/15 12:02,-64.895668,-3.053509
99,11/25/15 14:01,-64.895104,-3.053708
99,11/25/15 16:00,-64.895198,-3.053686
99,11/25/15 20:01,-64.892088,-3.053717
99,11/25/15 22:01,-64.8858,-3.052536
99,11/26/15 00:01,-64.879999,-3.050376
99,11/26/15 02:01,-64.865481,-3.052955
99,11/26/15 04:01,-64.858918,-3.052113
99,11/26/15 08:01,-64.858431,-3.052307
99,11/26/15 10:01,-64.858551,-3.051238
99,11/26/15 12:00,-64.858409,-3.051161
99,11/26/15 14:00,-64.858364,-3.05123
99,11/26/15 16:00,-64.858288,-3.051188
99,11/26/15 18:02,-64.85699,-3.047585
99,11/27/15 06:02,-64.857187,-3.059549
99,11/27/15 08:01,-64.857367,-3.059596
99,11/27/15 10:02,-64.857226,-3.059656
99,11/27/15 12:00,-64.857133,-3.059341
99,11/27/15 14:01,-64.857208,-3.059428
99,11/27/15 18:01,-64.85729,-3.059574
99,11/27/15 20:01,-64.857365,-3.05951
99,11/28/15 00:00,-64.858658,-3.062982
99,11/28/15 04:00,-64.858564,-3.062734
99,11/28/15 06:01,-64.858671,-3.062836
99,11/28/15 08:01,-64.858575,-3.062867
99,11/28/15 10:01,-64.858592,-3.062883
99,11/28/15 12:00,-64.858846,-3.063005
99,11/28/15 14:01,-64.858506,-3.062653
99,11/28/15 16:01,-64.858563,-3.062759
99,11/28/15 18:01,-64.860236,-3.068859
99,11/28/15 20:02,-64.874696,-3.064569
99,11/29/15 02:02,-64.877823,-3.08203
99,11/29/15 04:01,-64.877899,-3.082731
99,11/29/15 10:01,-64.877943,-3.082906
99,11/29/15 12:02,-64.878619,-3.088843
99,11/29/15 16:02,-64.864878,-3.068753
99,11/30/15 02:02,-64.878342,-3.088838
99,11/30/15 04:01,-64.877179,-3.084648
99,11/30/15 06:01,-64.876981,-3.084801
99,11/30/15 08:01,-64.876954,-3.084817
99,11/30/15 10:01,-64.876981,-3.08477
99,11/30/15 12:01,-64.876962,-3.084718
99,11/30/15 14:01,-64.876948,-3.084651
99,11/30/15 16:01,-64.87616,-3.084258
99,11/30/15 18:00,-64.874685,-3.081738
99,11/30/15 20:01,-64.88095,-3.081392
99,11/30/15 22:01,-64.877483,-3.081002
99,12/01/15 04:03,-64.87153,-3.079661
99,12/01/15 08:02,-64.871365,-3.079669
99,12/01/15 10:01,-64.871212,-3.079838
99,12/01/15 12:01,-64.871511,-3.079728
99,12/01/15 16:01,-64.863561,-3.078467
99,12/01/15 18:02,-64.86373,-3.0784
99,12/01/15 20:01,-64.864068,-3.072741
99,12/02/15 08:01,-64.86953,-3.064772
99,12/02/15 10:00,-64.869386,-3.064765
99,12/02/15 14:02,-64.869734,-3.064666
99,12/02/15 16:03,-64.869392,-3.064775
99,12/02/15 18:02,-64.872217,-3.061506
99,12/02/15 20:02,-64.868889,-3.050501
99,12/03/15 00:01,-64.87905,-3.030353
99,12/03/15 02:01,-64.887618,-3.027049
99,12/03/15 06:01,-64.887085,-3.026874
99,12/03/15 08:01,-64.887218,-3.026926
99,12/03/15 12:01,-64.887368,-3.026319
99,12/03/15 14:00,-64.887743,-3.026149
99,12/03/15 18:01,-64.882007,-3.02851
99,12/04/15 00:01,-64.884271,-3.046672
99,12/04/15 02:02,-64.880021,-3.04458
99,12/04/15 04:01,-64.871724,-3.044628
99,12/04/15 08:01,-64.870549,-3.044812
99,12/04/15 10:00,-64.870467,-3.044852
99,12/04/15 12:00,-64.870534,-3.04483
99,12/04/15 14:01,-64.869794,-3.044219
99,12/04/15 16:01,-64.869614,-3.044218
99,12/04/15 18:02,-64.866499,-3.042047
99,12/04/15 20:01,-64.869383,-3.049901
99,12/05/15 00:02,-64.866715,-3.042059
99,12/05/15 04:02,-64.866518,-3.042104
99,12/05/15 08:01,-64.866184,-3.040016
99,12/05/15 10:01,-64.866222,-3.04006
99,12/05/15 14:01,-64.866056,-3.040038
99,12/05/15 16:01,-64.866161,-3.040042
99,12/06/15 04:00,-64.837977,-3.070574
99,12/06/15 06:01,-64.837523,-3.070466
99,12/06/15 08:01,-64.837648,-3.070513
99,12/06/15 10:00,-64.837422,-3.070487
99,12/06/15 12:01,-64.837462,-3.070415
99,12/06/15 14:01,-64.837545,-3.070412
99,12/07/15 02:02,-64.836544,-3.063503
99,12/07/15 04:02,-64.839243,-3.063782
99,12/07/15 06:02,-64.839186,-3.063709
99,12/07/15 08:00,-64.839099,-3.063748
99,12/07/15 10:00,-64.839134,-3.06369
99,12/07/15 12:00,-64.839121,-3.063701
99,12/07/15 14:01,-64.839183,-3.063707
99,12/07/15 16:01,-64.839431,-3.063665
99,12/07/15 20:01,-64.825793,-3.069239
99,12/08/15 02:01,-64.82602,-3.075453
99,12/08/15 04:00,-64.828893,-3.071197
99,12/08/15 08:01,-64.828901,-3.071309
99,12/08/15 10:00,-64.828871,-3.071231
99,12/08/15 12:02,-64.828776,-3.071198
99,12/08/15 14:01,-64.828904,-3.071136
99,12/09/15 04:02,-64.879462,-3.068187
99,12/09/15 06:01,-64.87982,-3.065912
99,12/09/15 08:02,-64.879563,-3.06602
99,12/09/15 12:01,-64.879681,-3.066065
99,12/09/15 14:01,-64.879597,-3.066067
99,12/09/15 16:01,-64.880503,-3.070893
99,12/09/15 18:01,-64.878133,-3.080046
99,12/10/15 02:02,-64.907205,-3.060183
99,12/10/15 08:01,-64.89279,-3.06786
99,12/10/15 10:00,-64.89297,-3.067939
99,12/10/15 12:01,-64.89275,-3.067847
99,12/10/15 14:02,-64.891476,-3.070414
99,12/10/15 16:02,-64.887318,-3.082982
99,12/10/15 22:01,-64.871154,-3.049496
99,12/11/15 00:01,-64.885492,-3.048206
99,12/11/15 08:01,-64.891318,-3.051377
99,12/11/15 14:00,-64.893998,-3.03952
99,12/11/15 22:00,-64.888842,-3.054903
99,12/12/15 00:01,-64.888813,-3.054925
99,12/12/15 02:02,-64.883969,-3.062502
99,12/12/15 06:02,-64.884232,-3.055934
99,12/12/15 10:01,-64.893691,-3.039838
99,12/12/15 16:01,-64.893647,-3.039714
99,12/12/15 18:01,-64.893553,-3.039687
99,12/12/15 22:00,-64.893611,-3.039668
99,12/13/15 02:00,-64.886586,-3.037484
99,12/13/15 06:01,-64.884887,-3.037816
99,12/13/15 08:00,-64.885139,-3.036889
99,12/13/15 10:02,-64.885875,-3.037039
99,12/13/15 12:01,-64.88517,-3.036772
99,12/13/15 14:00,-64.885152,-3.036867
99,12/13/15 16:00,-64.884681,-3.035502
99,12/13/15 18:00,-64.883127,-3.043226
99,12/13/15 20:02,-64.8884,-3.053596
99,12/14/15 08:00,-64.8948,-3.040468
99,12/14/15 10:00,-64.894805,-3.040566
99,12/14/15 12:00,-64.894693,-3.040565
99,12/14/15 14:00,-64.894763,-3.040541
99,12/14/15 16:01,-64.894922,-3.040497
99,12/14/15 20:01,-64.894735,-3.040605
99,12/15/15 00:01,-64.895294,-3.040667
99,12/15/15 04:00,-64.888461,-3.037523
99,12/15/15 06:00,-64.888516,-3.037722
99,12/15/15 08:00,-64.888581,-3.037368
99,12/15/15 10:00,-64.888481,-3.037468
99,12/15/15 12:02,-64.888479,-3.0374
99,12/15/15 14:00,-64.888544,-3.03748
99,12/15/15 16:01,-64.888045,-3.037809
99,12/15/15 18:01,-64.887408,-3.03674
99,12/16/15 00:02,-64.897205,-3.026347
99,12/16/15 02:02,-64.897143,-3.026379
99,12/16/15 06:00,-64.895854,-3.024682
99,12/16/15 08:00,-64.895976,-3.024694
99,12/16/15 14:00,-64.895937,-3.024572
99,12/16/15 18:00,-64.895872,-3.024637
99,12/16/15 22:01,-64.891223,-3.036382
99,12/17/15 02:02,-64.874941,-3.043946
99,12/17/15 06:02,-64.870532,-3.038461
99,12/17/15 08:01,-64.870255,-3.038622
99,12/17/15 10:00,-64.87045,-3.038541
99,12/17/15 12:02,-64.869931,-3.038632
99,12/17/15 14:00,-64.870594,-3.038573
99,12/17/15 16:02,-64.870661,-3.03865
99,12/18/15 08:02,-64.86206,-3.040269
99,12/18/15 10:00,-64.862019,-3.040409
99,12/18/15 12:00,-64.863618,-3.039176
99,12/18/15 16:01,-64.863628,-3.039195
99,12/18/15 18:01,-64.864586,-3.038476
99,12/18/15 22:01,-64.866795,-3.035724
99,12/19/15 02:01,-64.871098,-3.048224
99,12/19/15 04:02,-64.871085,-3.048305
99,12/19/15 06:01,-64.872838,-3.048808
99,12/19/15 08:00,-64.873564,-3.048889
99,12/19/15 10:00,-64.873645,-3.048815
99,12/19/15 12:00,-64.875041,-3.049255
99,12/19/15 14:00,-64.875016,-3.049108
99,12/19/15 16:00,-64.875019,-3.049105
99,12/19/15 18:00,-64.874962,-3.048865
99,12/19/15 20:02,-64.874989,-3.049161
99,12/19/15 22:00,-64.875058,-3.049136
99,12/20/15 00:02,-64.875008,-3.049131
99,12/20/15 02:00,-64.875018,-3.049172
99,12/20/15 04:00,-64.874964,-3.049279
99,12/20/15 06:00,-64.875022,-3.04927
99,12/20/15 08:00,-64.874958,-3.049294
99,12/20/15 10:00,-64.874945,-3.04933
99,12/20/15 12:01,-64.875086,-3.049193
99,12/20/15 14:00,-64.875038,-3.049213
99,12/20/15 16:01,-64.875012,-3.049208
99,12/20/15 18:01,-64.875081,-3.04913
99,12/20/15 20:01,-64.875068,-3.049165
99,12/20/15 22:00,-64.875071,-3.049101
99,12/21/15 00:00,-64.875117,-3.049187
99,12/21/15 02:02,-64.875003,-3.049213
99,12/21/15 04:02,-64.875001,-3.049153
99,12/21/15 08:00,-64.873434,-3.047936
99,12/21/15 10:01,-64.873407,-3.047917
99,12/21/15 12:01,-64.873455,-3.048008
99,12/21/15 16:02,-64.873237,-3.047998
99,12/21/15 18:02,-64.873349,-3.048512
99,12/22/15 00:02,-64.869048,-3.059197
99,12/22/15 04:00,-64.8692,-3.058819
99,12/22/15 06:01,-64.869303,-3.058737
99,12/22/15 08:01,-64.869309,-3.058873
99,12/22/15 12:01,-64.869225,-3.059104
99,12/22/15 14:00,-64.869271,-3.058658
99,12/22/15 16:00,-64.869311,-3.05873
99,12/22/15 18:00,-64.869175,-3.058876
99,12/22/15 20:01,-64.869188,-3.05974
99,12/23/15 00:01,-64.867962,-3.064118
99,12/23/15 02:01,-64.868051,-3.06428
99,12/23/15 04:01,-64.867939,-3.064383
99,12/23/15 06:01,-64.867889,-3.064061
99,12/23/15 08:01,-64.867317,-3.064287
99,12/23/15 22:01,-64.876391,-3.084846
99,12/24/15 02:02,-64.879995,-3.089564
99,12/24/15 06:01,-64.876552,-3.091082
99,12/24/15 08:01,-64.876458,-3.090858
99,12/24/15 10:01,-64.876467,-3.09082
99,12/24/15 12:00,-64.876404,-3.091009
99,12/24/15 16:01,-64.87602,-3.090823
99,12/24/15 18:01,-64.876356,-3.091019
99,12/24/15 20:01,-64.876375,-3.091182
99,12/25/15 02:01,-64.875785,-3.090634
99,12/25/15 06:01,-64.875714,-3.090319
99,12/25/15 08:00,-64.875607,-3.090334
99,12/25/15 12:01,-64.870495,-3.074853
99,12/25/15 14:01,-64.870558,-3.074862
99,12/25/15 16:01,-64.870592,-3.07474
99,12/25/15 22:02,-64.861144,-3.066661
99,12/26/15 04:00,-64.837882,-3.071603
99,12/26/15 08:00,-64.837798,-3.071601
99,12/26/15 10:01,-64.83792,-3.071617
99,12/26/15 12:01,-64.837902,-3.07172
99,12/26/15 14:00,-64.837679,-3.071321
99,12/26/15 16:02,-64.838483,-3.07165
99,12/26/15 18:01,-64.840553,-3.070771
99,12/26/15 20:02,-64.840247,-3.075495
99,12/27/15 04:03,-64.861328,-3.087219
99,12/27/15 06:01,-64.86151,-3.087264
99,12/27/15 10:00,-64.861636,-3.087279
99,12/27/15 12:02,-64.861426,-3.087247
99,12/27/15 14:02,-64.861585,-3.087284
99,12/27/15 20:01,-64.864803,-3.07629
99,12/28/15 02:02,-64.866304,-3.069094
99,12/28/15 06:01,-64.866079,-3.068921
99,12/28/15 12:01,-64.877776,-3.048973
99,12/28/15 14:02,-64.878224,-3.049806
99,12/28/15 18:01,-64.878747,-3.050619
99,12/28/15 20:01,-64.878697,-3.050782
99,12/28/15 22:01,-64.879546,-3.054522
99,12/29/15 04:01,-64.882293,-3.060158
99,12/29/15 06:02,-64.882401,-3.059835
99,12/29/15 08:02,-64.882206,-3.060286
99,12/29/15 10:00,-64.882332,-3.060105
99,12/29/15 14:01,-64.882391,-3.060114
99,12/29/15 16:02,-64.882134,-3.059954
99,12/29/15 22:01,-64.885262,-3.04939
99,12/30/15 00:00,-64.886638,-3.051524
99,12/30/15 04:02,-64.887561,-3.051667
99,12/30/15 08:01,-64.887664,-3.051676
99,12/30/15 10:02,-64.885614,-3.049116
99,12/30/15 12:01,-64.885216,-3.049101
99,12/30/15 14:01,-64.885029,-3.048734
99,12/30/15 16:01,-64.882303,-3.045925
99,12/30/15 20:02,-64.886856,-3.037234
99,01/05/16 08:01,-64.90228,-3.027407
99,01/05/16 12:01,-64.902256,-3.027332
99,01/05/16 20:01,-64.90717,-3.02458
99,01/06/16 02:01,-64.913328,-3.027343
99,01/06/16 06:01,-64.904815,-3.028476
99,01/06/16 08:00,-64.904855,-3.028513
99,01/06/16 10:01,-64.90469,-3.028623
99,01/06/16 12:00,-64.904866,-3.028601
99,01/06/16 14:01,-64.904559,-3.028627
99,01/06/16 16:00,-64.904778,-3.028772
99,01/06/16 22:01,-64.883454,-3.044655
99,01/07/16 00:00,-64.882844,-3.041994
99,01/07/16 02:02,-64.883251,-3.041994
99,01/07/16 08:01,-64.883499,-3.041921
99,01/07/16 10:01,-64.883493,-3.041936
99,01/07/16 12:00,-64.883209,-3.041965
99,01/07/16 14:02,-64.883192,-3.041914
99,01/07/16 16:01,-64.883241,-3.04194
99,01/07/16 18:01,-64.883172,-3.041967
99,01/07/16 20:02,-64.883307,-3.041871
99,01/08/16 00:02,-64.886894,-3.039172
99,01/08/16 02:02,-64.886915,-3.039126
99,01/08/16 04:01,-64.887062,-3.039306
99,01/08/16 06:00,-64.887019,-3.03928
99,01/08/16 08:01,-64.887076,-3.039216
99,01/08/16 10:01,-64.887098,-3.039194
99,01/08/16 16:01,-64.895108,-3.022617
99,01/08/16 18:01,-64.891606,-3.02795
99,01/09/16 00:03,-64.884086,-3.037197
99,01/09/16 02:02,-64.877475,-3.033943
99,01/09/16 04:01,-64.877256,-3.033765
99,01/09/16 08:00,-64.877241,-3.033739
99,01/09/16 10:01,-64.87941,-3.029619
99,01/09/16 12:02,-64.878873,-3.029814
99,01/09/16 16:00,-64.867263,-3.037322
99,01/09/16 18:01,-64.866203,-3.037254
99,01/10/16 04:02,-64.864957,-3.046884
99,01/10/16 06:01,-64.864753,-3.047544
99,01/10/16 08:00,-64.864986,-3.047469
99,01/10/16 10:01,-64.864789,-3.047597
99,01/10/16 12:01,-64.864695,-3.047586
99,01/10/16 14:01,-64.867511,-3.048706
99,01/10/16 20:02,-64.867288,-3.048556
99,01/10/16 22:02,-64.867298,-3.048663
99,01/11/16 00:02,-64.86712,-3.048628
99,01/11/16 02:01,-64.867586,-3.048658
99,01/11/16 08:00,-64.871423,-3.055851
99,01/11/16 10:01,-64.871391,-3.055775
99,01/11/16 12:01,-64.871486,-3.05584
99,01/11/16 14:01,-64.871424,-3.055796
99,01/11/16 16:01,-64.87153,-3.056138
99,01/11/16 20:01,-64.857187,-3.054045
99,01/12/16 02:01,-64.850841,-3.058212
99,01/12/16 06:01,-64.846043,-3.05033
99,01/12/16 08:00,-64.845351,-3.043079
99,01/12/16 12:02,-64.846988,-3.041892
99,01/12/16 14:01,-64.851154,-3.042331
99,01/12/16 18:03,-64.851548,-3.037294
99,01/13/16 00:02,-64.850749,-3.037286
99,01/13/16 02:00,-64.850978,-3.037445
99,01/13/16 06:01,-64.84976,-3.036285
99,01/13/16 12:00,-64.851247,-3.042182
99,01/13/16 14:01,-64.851181,-3.040818
99,01/13/16 16:02,-64.851908,-3.041329
99,01/13/16 18:01,-64.851878,-3.041305
99,01/14/16 10:01,-64.853688,-3.051548
99,01/14/16 14:01,-64.854376,-3.051395
99,01/14/16 18:00,-64.856358,-3.051788
99,01/14/16 22:02,-64.857455,-3.050092
99,01/15/16 00:02,-64.857973,-3.049277
99,01/15/16 02:01,-64.858077,-3.049414
99,01/15/16 04:02,-64.858244,-3.048937
99,01/15/16 06:01,-64.858196,-3.049011
99,01/15/16 08:00,-64.858255,-3.048978
99,01/15/16 10:01,-64.857973,-3.049312
99,01/15/16 12:01,-64.858266,-3.049341
99,01/15/16 14:01,-64.858772,-3.04798
99,01/15/16 16:01,-64.861937,-3.047786
99,01/15/16 18:02,-64.862547,-3.048894
99,01/16/16 18:01,-64.884638,-3.035537
99,01/16/16 20:01,-64.875538,-3.033481
99,01/16/16 22:02,-64.87563,-3.033261
99,01/17/16 06:00,-64.871301,-3.036187
99,01/17/16 10:00,-64.871324,-3.036001
99,01/17/16 12:01,-64.871361,-3.036046
99,01/17/16 14:01,-64.871421,-3.036076
99,01/17/16 18:01,-64.871879,-3.037018
99,01/17/16 20:02,-64.871874,-3.03731
99,01/18/16 02:00,-64.874721,-3.042954
99,01/18/16 06:01,-64.874908,-3.041849
99,01/18/16 08:00,-64.874858,-3.041168
99,01/18/16 12:00,-64.874883,-3.041212
99,01/18/16 14:01,-64.879025,-3.04497
99,01/18/16 16:01,-64.879009,-3.041254
99,01/18/16 18:02,-64.876727,-3.040036
99,01/18/16 20:02,-64.869456,-3.047588
99,01/19/16 04:01,-64.870457,-3.047671
99,01/19/16 06:00,-64.868784,-3.047196
99,01/19/16 08:01,-64.869152,-3.047545
99,01/19/16 10:01,-64.868939,-3.047616
99,01/19/16 12:01,-64.869333,-3.047756
99,01/19/16 14:02,-64.869268,-3.047722
99,01/19/16 16:01,-64.869973,-3.047721
99,01/19/16 18:01,-64.87049,-3.047657
99,01/19/16 20:02,-64.870428,-3.047658
99,01/19/16 22:01,-64.870409,-3.047685
99,01/20/16 00:01,-64.870433,-3.047685
99,01/20/16 02:01,-64.870374,-3.047857
99,01/20/16 04:01,-64.870234,-3.047941
99,01/20/16 06:00,-64.870028,-3.047829
99,01/20/16 08:01,-64.870131,-3.047903
99,01/20/16 10:01,-64.870338,-3.047674
99,01/20/16 12:01,-64.870809,-3.047762
99,01/20/16 16:01,-64.870823,-3.047707
99,01/20/16 18:02,-64.870765,-3.047763
99,01/20/16 20:00,-64.874099,-3.049437
99,01/21/16 00:02,-64.874139,-3.047233
99,01/21/16 02:02,-64.874398,-3.046976
99,01/21/16 04:00,-64.874261,-3.048614
99,01/21/16 06:01,-64.875219,-3.049984
99,01/21/16 10:00,-64.883097,-3.053292
99,01/21/16 12:01,-64.88319,-3.053312
99,01/21/16 14:01,-64.882975,-3.053341
99,01/21/16 16:01,-64.883147,-3.053216
99,01/21/16 18:02,-64.883082,-3.053112
99,01/22/16 00:01,-64.889402,-3.051819
99,01/22/16 02:00,-64.891931,-3.046507
99,01/22/16 04:00,-64.891977,-3.046484
99,01/22/16 06:00,-64.891887,-3.046449
99,01/22/16 10:00,-64.88801,-3.046865
99,01/22/16 12:00,-64.884888,-3.047685
99,01/22/16 14:02,-64.880325,-3.05037
99,01/22/16 16:01,-64.880798,-3.052273
99,01/22/16 22:00,-64.881434,-3.052912
99,01/23/16 00:02,-64.881386,-3.052888
100,01/17/15 22:01,-64.853711,-3.054585
100,01/18/15 04:00,-64.853797,-3.0545
100,01/18/15 10:01,-64.853711,-3.0545
100,01/18/15 16:02,-64.853797,-3.0545
100,01/18/15 22:02,-64.854226,-3.054414
100,01/19/15 04:01,-64.854226,-3.054414
100,01/19/15 10:00,-64.854484,-3.054585
100,01/29/15 22:02,-64.858432,-3.016477
100,02/02/15 04:03,-64.841437,-3.044972
100,02/02/15 10:02,-64.842038,-3.041368
100,02/02/15 16:00,-64.842124,-3.041282
100,02/15/15 22:00,-64.853797,-3.073125
100,02/16/15 04:01,-64.853282,-3.072352
100,02/16/15 10:01,-64.853282,-3.072267
100,02/17/15 04:00,-64.830709,-3.067546
100,03/10/15 10:00,-64.869332,-3.053813
100,03/10/15 16:01,-64.869332,-3.053727
100,03/10/15 22:02,-64.869246,-3.053813
100,05/12/15 16:00,-64.930959,-2.995448
100,05/12/15 22:00,-64.931045,-2.995448
100,05/13/15 04:01,-64.93628,-2.992444
100,05/13/15 10:00,-64.937568,-2.993817
100,05/13/15 16:00,-64.937482,-2.993731
100,05/13/15 22:02,-64.945893,-2.99974
100,05/24/15 10:00,-64.924006,-2.982144
100,05/24/15 16:00,-64.923835,-2.982144
100,05/24/15 22:00,-64.905725,-2.980342
100,05/25/15 04:00,-64.899459,-2.985492
100,05/25/15 10:01,-64.899373,-2.985492
100,05/25/15 16:00,-64.899373,-2.985406
100,06/02/15 04:00,-64.877658,-3.021197
100,06/02/15 10:00,-64.877658,-3.021283
100,06/02/15 16:00,-64.877744,-3.021369
100,06/02/15 22:00,-64.881949,-3.024888
100,06/30/15 16:00,-64.851394,-3.036733
100,06/30/15 22:00,-64.844956,-3.042655
100,07/25/15 16:01,-64.81895,-3.072438
100,07/25/15 22:01,-64.822726,-3.079391
100,07/26/15 04:01,-64.823499,-3.079562
100,07/26/15 10:01,-64.823499,-3.079476
100,07/26/15 16:01,-64.823413,-3.079562
100,07/26/15 22:00,-64.828906,-3.078618
93,03/14/14 00:00,-64.877105,-3.038134999999997
93,03/14/14 06:00,-64.876807,-3.038255000000002
93,03/14/14 12:00,-64.877153,-3.0380900000000004
93,03/14/14 18:00,-64.877072,-3.0382100000000025
93,03/15/14 00:00,-64.86418903125708,-3.046263571356348
93,03/15/14 06:00,-64.885507,-3.033158000000002
93,03/15/14 12:00,-64.8643474207681,-3.046181915563664
93,03/15/14 18:00,-64.887686,-3.031688000000005
93,03/16/14 00:00,-64.887788,-3.0315430000000028
93,03/16/14 06:00,-64.888473,-3.031137000000001
93,03/16/14 12:00,-64.86439462676798,-3.046172791211505
93,03/16/14 18:00,-64.888699,-3.0310629999999974
93,03/17/14 00:00,-64.888955,-3.032310000000007
93,03/17/14 06:00,-64.886187,-3.033822000000002
93,03/17/14 12:00,-64.86434892055246,-3.04607340579881
93,03/17/14 18:00,-64.886215,-3.0330629999999927
93,03/18/14 00:00,-64.879131,-3.038117000000006
93,03/18/14 06:00,-64.858988,-3.055827
93,03/18/14 12:00,-64.860149,-3.0611579999999923
93,03/18/14 18:00,-64.86442261244044,-3.04577488298536
93,03/19/14 00:00,-64.86430811929887,-3.045720828477213
93,03/19/14 06:00,-64.856348,-3.0652760000000043
93,03/19/14 12:00,-64.86439466100771,-3.045702593483155
93,03/19/14 18:00,-64.86427123551815,-3.0456847235500253
93,03/20/14 00:00,-64.856865,-3.065576
93,03/20/14 06:00,-64.858464,-3.063363999999997
93,03/20/14 12:00,-64.858319,-3.061604000000003
93,03/20/14 18:00,-64.86439042924255,-3.0456935585780363
93,03/21/14 00:00,-64.86420455719693,-3.045648670418287
93,03/21/14 06:00,-64.85287,-3.053182000000004
93,03/21/14 12:00,-64.852853,-3.053228000000006
93,03/21/14 18:00,-64.852804,-3.053294999999996
93,03/22/14 00:00,-64.854644,-3.051432000000006
93,03/22/14 06:00,-64.845433,-3.041537999999999
93,03/22/14 12:00,-64.845734,-3.040910000000006
93,03/22/14 18:00,-64.846087,-3.0405760000000064
93,03/23/14 00:00,-64.84413,-3.0316780000000043
93,03/23/14 06:00,-64.86393856276801,-3.0454321184505275
93,03/23/14 12:00,-64.832733,-3.056606999999993
93,03/23/14 18:00,-64.832657,-3.0566870000000006
93,03/25/14 00:00,-64.848737,-3.022773999999993
93,03/25/14 06:00,-64.867467,-2.982190999999992
93,03/25/14 12:00,-64.867225,-2.9820619999999924
93,03/25/14 18:00,-64.867833,-2.9821339999999985
93,03/26/14 00:00,-64.82360477801585,-3.079754333584141
93,03/26/14 06:00,-64.841446,-2.967678999999999
93,03/26/14 12:00,-64.841179,-2.9788399999999946
93,03/26/14 18:00,-64.841174,-2.978938999999997
93,03/27/14 00:00,-64.850137,-2.986541999999999
93,03/27/14 06:00,-64.82375474318228,-3.0785152580546424
93,03/27/14 12:00,-64.82001,-3.0268230000000003
93,03/27/14 18:00,-64.82395044873773,-3.077890991617051
93,03/28/14 00:00,-64.82389331802553,-3.077520348789573
93,03/28/14 06:00,-64.793374,-3.070651000000004
93,03/28/14 12:00,-64.788907,-3.0757089999999927
93,03/28/14 18:00,-64.788864,-3.0757690000000064
93,03/29/14 00:00,-64.800494,-3.0700189999999927
93,03/29/14 06:00,-64.800122,-3.077272000000004
93,03/29/14 12:00,-64.80080100000002,-3.077138000000001
93,03/29/14 18:00,-64.801697,-3.0793449999999924
93,03/30/14 00:00,-64.800423,-3.0854919999999924
93,03/30/14 06:00,-64.8243405140816,-3.077338730901804
93,03/30/14 12:00,-64.82426761814399,-3.077284601429116
93,03/30/14 18:00,-64.82409933867173,-3.0771763811031345
93,03/31/14 00:00,-64.793741,-3.096356000000004
93,03/31/14 06:00,-64.79386,-3.107162999999997
93,03/31/14 12:00,-64.82415507669744,-3.0770587332926698
93,03/31/14 18:00,-64.794894,-3.1052539999999937
93,04/01/14 00:00,-64.78957,-3.0945970000000025
93,04/01/14 06:00,-64.796758,-3.0867419999999983
93,04/01/14 12:00,-64.796756,-3.0865839999999936
93,04/01/14 18:00,-64.82435746093935,-3.0772211497679294
93,04/02/14 00:00,-64.82422083330636,-3.07721234214362
93,04/02/14 06:00,-64.803615,-3.0966349999999925
93,04/02/14 12:00,-64.803457,-3.098496999999997
93,04/02/14 18:00,-64.82431701399584,-3.077239304214733
93,04/03/14 00:00,-64.80283,-3.1151639999999943
93,04/03/14 06:00,-64.801826,-3.110866000000002
93,04/03/14 12:00,-64.801627,-3.1105229999999944
93,04/03/14 18:00,-64.801564,-3.1100459999999908
93,04/04/14 00:00,-64.82462824366168,-3.0774377033394864
93,04/04/14 06:00,-64.806337,-3.097308000000006
93,04/04/14 12:00,-64.83186600000002,-3.098837999999992
93,04/04/14 18:00,-64.8248687215186,-3.0780160072538245
93,04/05/14 00:00,-64.833393,-3.1035969999999966
93,04/05/14 06:00,-64.84539000000001,-3.096213999999997
93,04/05/14 12:00,-64.857759,-3.088129000000008
93,04/05/14 18:00,-64.856116,-3.0881720000000032
93,04/06/14 00:00,-64.82510940391542,-3.0785490983122044
93,04/06/14 06:00,-64.865837,-3.0905780000000025
93,04/06/14 12:00,-64.82504073967512,-3.0785040041444494
93,04/06/14 18:00,-64.859979,-3.0822530000000063
93,04/07/14 00:00,-64.8250292917271,-3.0785492361287026
93,04/07/14 06:00,-64.862329,-3.071715000000004
93,04/07/14 12:00,-64.862281,-3.071848999999994
93,04/07/14 18:00,-64.82501275327613,-3.0785763919538227
93,04/08/14 00:00,-64.866634,-3.080211000000003
93,04/08/14 06:00,-64.82501644233379,-3.078431706275156
93,04/08/14 12:00,-64.82509018167721,-3.0784858341752788
93,04/08/14 18:00,-64.866634,-3.093862000000008
93,04/09/14 00:00,-64.865546,-3.094265000000001
93,04/09/14 06:00,-64.86557,-3.094415000000002
93,04/09/14 12:00,-64.8655,-3.094052000000004
93,04/09/14 18:00,-64.865386,-3.0941049999999977
93,04/10/14 00:00,-64.855249,-3.097182000000006
93,04/10/14 06:00,-64.852852,-3.095017
93,04/10/14 12:00,-64.82506247637748,-3.078558221500133
93,04/10/14 18:00,-64.855251,-3.0929350000000047
93,04/11/14 00:00,-64.842296,-3.0961819999999936
93,04/11/14 06:00,-64.821983,-3.094636999999998
93,04/11/14 12:00,-64.824996,-3.0995399999999966
93,04/11/14 18:00,-64.825025,-3.0993510000000084
93,04/12/14 00:00,-64.8246326251435,-3.0776999271569614
93,04/12/14 06:00,-64.82438632837216,-3.077501416458293
93,04/12/14 12:00,-64.80830200000001,-3.0849400000000005
93,04/12/14 18:00,-64.808277,-3.0847809999999947
93,04/13/14 00:00,-64.809093,-3.081388000000004
93,04/13/14 06:00,-64.811703,-3.072262000000003
93,04/13/14 12:00,-64.808869,-3.075243000000001
93,04/13/14 18:00,-64.808729,-3.075271999999996
93,04/14/14 00:00,-64.82420361646297,-3.077501730536497
93,04/14/14 06:00,-64.807435,-3.0780629999999984
93,04/14/14 12:00,-64.808378,-3.075946999999993
93,04/14/14 18:00,-64.808414,-3.075808999999994
93,04/15/14 00:00,-64.80717600000001,-3.078030999999998
93,04/15/14 06:00,-64.807179,-3.0780190000000016
93,04/16/14 06:00,-64.806998,-3.0782889999999914
93,04/16/14 12:00,-64.80479894747843,-3.070011497677354
93,04/16/14 18:00,-64.80509356048866,-3.0691881249297994
93,04/17/14 00:00,-64.807231,-3.0777810000000048
93,04/17/14 06:00,-64.807336,-3.0777459999999928
93,04/17/14 12:00,-64.80843100000001,-3.075678999999995
93,04/17/14 18:00,-64.808336,-3.0755409999999936
93,04/18/14 00:00,-64.80736,-3.077741999999999
93,04/18/14 06:00,-64.80718,-3.077818000000001
93,04/18/14 12:00,-64.80580658165879,-3.067776276458833
93,04/18/14 18:00,-64.808442,-3.0754960000000064
93,04/19/14 00:00,-64.807593,-3.077902000000006
93,04/19/14 06:00,-64.808151,-3.076128000000002
93,04/19/14 12:00,-64.8057957330802,-3.0676768267422143
93,04/19/14 18:00,-64.808377,-3.0756259999999966
93,04/20/14 00:00,-64.808895,-3.0752600000000023
93,04/20/14 06:00,-64.807283,-3.077609000000004
93,04/20/14 12:00,-64.802478,-3.073035999999993
93,04/20/14 18:00,-64.80573105145453,-3.0673242767440696
93,04/21/14 00:00,-64.8056062075191,-3.067134594755101
93,04/21/14 06:00,-64.793052,-3.0780949999999923
93,04/21/14 12:00,-64.80552894461998,-3.066990044841561
93,04/21/14 18:00,-64.791711,-3.0836039999999945
93,04/22/14 00:00,-64.788267,-3.090154999999997
93,04/22/14 06:00,-64.783974,-3.099092
93,04/22/14 12:00,-64.784014,-3.0990700000000024
93,04/22/14 18:00,-64.784149,-3.099117000000008
93,04/23/14 00:00,-64.789089,-3.100054999999992
93,04/23/14 06:00,-64.788877,-3.099904999999997
93,04/23/14 12:00,-64.80563559399282,-3.066890395884576
93,04/23/14 18:00,-64.790261,-3.0928079999999976
93,04/24/14 00:00,-64.783949,-3.0904759999999936
93,04/24/14 06:00,-64.789562,-3.074050999999996
93,04/24/14 12:00,-64.80568274134774,-3.067179677761879
93,04/24/14 18:00,-64.795727,-3.065477999999997
93,04/25/14 00:00,-64.80575162418027,-3.0675231780966783
93,04/25/14 06:00,-64.811569,-3.037831000000002
93,04/25/14 12:00,-64.80581505216445,-3.0679661557682065
93,04/25/14 18:00,-64.80593920482268,-3.068246264377546
93,04/26/14 00:00,-64.841961,-3.028397999999992
93,04/26/14 06:00,-64.855123,-2.989564999999997
93,04/26/14 12:00,-64.846483,-2.9825230000000005
93,04/26/14 18:00,-64.80557168281918,-3.068671888029684
93,04/27/14 00:00,-64.80567832494255,-3.068400430411032
93,04/27/14 06:00,-64.833818,-2.977842000000006
93,04/27/14 12:00,-64.80563287120017,-3.068282954278963
93,04/27/14 18:00,-64.833806,-2.9777539999999947
93,04/28/14 00:00,-64.80583556622398,-3.067125163262367
93,04/28/14 06:00,-64.837177,-2.992250000000004
93,04/30/14 00:00,-64.837569,-2.9997460000000014
93,04/30/14 06:00,-64.834909,-2.9816489999999987
93,04/30/14 12:00,-64.833409,-2.979756000000008
93,04/30/14 18:00,-64.833453,-2.979476000000007
93,05/01/14 00:00,-64.82895,-2.979175000000008
93,05/01/14 06:00,-64.83253139838337,-2.987207788621628
93,05/01/14 12:00,-64.83253866123027,-2.987180649144898
93,05/01/14 18:00,-64.830896,-2.9878669999999947
93,05/02/14 00:00,-64.832618,-2.9902720000000067
93,05/02/14 06:00,-64.83543,-2.988845000000005
93,05/02/14 12:00,-64.835626,-2.989116999999996
93,05/02/14 18:00,-64.83259872423763,-2.9872981001006043
93,05/03/14 00:00,-64.83915400000001,-2.987759000000007
93,05/03/14 06:00,-64.83255244868766,-2.9871896684673893
93,05/03/14 12:00,-64.830711,-2.980263000000002
93,05/03/14 18:00,-64.83033,-2.979812999999997
93,05/04/14 00:00,-64.829903,-2.9801129999999976
93,05/04/14 06:00,-64.830565,-2.980178000000007
93,05/04/14 12:00,-64.83252102490702,-2.987054084629569
93,05/04/14 18:00,-64.830683,-2.979982999999996
93,05/05/14 00:00,-64.83252498988695,-2.987072162851861
93,05/05/14 06:00,-64.831508,-2.9814029999999967
93,05/05/14 12:00,-64.831469,-2.9812499999999966
93,05/05/14 18:00,-64.831694,-2.9810960000000057
93,05/06/14 00:00,-64.832182,-2.995299000000003
93,05/06/14 06:00,-64.832751,-3.000265000000006
93,05/06/14 12:00,-64.832899,-2.9996950000000067
93,05/06/14 18:00,-64.832962,-2.999765999999992
93,05/07/14 18:00,-64.843281,-2.9970799999999977
93,05/08/14 00:00,-64.840703,-2.9904269999999986
93,05/08/14 06:00,-64.836129,-2.981546000000003
93,05/08/14 12:00,-64.835853,-2.980421000000001
93,05/08/14 18:00,-64.835789,-2.979029999999996
93,05/09/14 00:00,-64.82040539671871,-3.0641977180484408
93,05/09/14 06:00,-64.840737,-3.022459999999997
93,05/09/14 12:00,-64.82537400000001,-3.037744999999998
93,05/09/14 18:00,-64.825191,-3.037738000000004
93,05/10/14 00:00,-64.816822,-3.0541400000000047
93,05/10/14 06:00,-64.816832,-3.054384000000008
93,05/10/14 12:00,-64.816597,-3.0547419999999947
93,05/10/14 18:00,-64.816934,-3.0542070000000026
93,05/11/14 00:00,-64.82103696129325,-3.063003031761249
93,05/11/14 06:00,-64.81483900000002,-3.067242000000004
93,05/11/14 12:00,-64.814436,-3.067088000000004
93,05/11/14 18:00,-64.82097457097888,-3.062677608997368
93,05/12/14 00:00,-64.80395,-3.064295999999993
93,05/12/14 06:00,-64.781814,-3.093820000000004
93,05/12/14 12:00,-64.82089044502798,-3.062297968427248
93,05/12/14 18:00,-64.781815,-3.0937529999999978
93,05/13/14 00:00,-64.781977,-3.0937040000000025
93,05/13/14 06:00,-64.82088793659828,-3.062144250524092
93,05/13/14 12:00,-64.784392,-3.098594000000002
93,05/13/14 18:00,-64.784323,-3.0985180000000008
93,05/14/14 00:00,-64.78406,-3.099107999999996
93,05/14/14 06:00,-64.784627,-3.1016720000000024
93,05/14/14 12:00,-64.784676,-3.101623
93,05/14/14 18:00,-64.786217,-3.097904000000001
93,05/15/14 00:00,-64.786139,-3.0976850000000007
93,05/15/14 06:00,-64.79195,-3.101194
93,05/15/14 12:00,-64.791808,-3.1013169999999923
93,05/15/14 18:00,-64.791784,-3.101348999999992
93,05/16/14 00:00,-64.788819,-3.109454999999998
93,05/16/14 06:00,-64.789422,-3.108548999999996
93,05/16/14 12:00,-64.789612,-3.108886000000007
93,05/16/14 18:00,-64.789511,-3.1085929999999955
93,05/17/14 00:00,-64.795966,-3.102338000000008
93,05/17/14 06:00,-64.791898,-3.101287000000002
93,05/17/14 12:00,-64.791882,-3.1013429999999955
93,05/17/14 18:00,-64.79184,-3.1013230000000007
93,05/18/14 00:00,-64.787651,-3.102480999999992
93,05/18/14 06:00,-64.784237,-3.1014979999999976
93,05/18/14 12:00,-64.784276,-3.1015839999999986
93,05/18/14 18:00,-64.784654,-3.101589000000004
93,05/19/14 00:00,-64.782909,-3.1053099999999936
93,05/19/14 06:00,-64.775409,-3.1062389999999924
93,05/19/14 12:00,-64.772518,-3.102277999999996
93,05/19/14 18:00,-64.7725,-3.102276000000003
93,05/20/14 00:00,-64.82074923322217,-3.061737575613163
93,05/20/14 06:00,-64.766054,-3.0847549999999915
93,05/20/14 12:00,-64.766138,-3.084700999999994
93,05/20/14 18:00,-64.767714,-3.083346999999991
93,05/21/14 00:00,-64.767873,-3.088809999999996
93,05/21/14 06:00,-64.768297,-3.088032
93,05/21/14 12:00,-64.768369,-3.088112999999993
93,05/21/14 18:00,-64.76822500000002,-3.0883609999999937
93,05/22/14 00:00,-64.767787,-3.0885589999999925
93,05/22/14 06:00,-64.767707,-3.0885350000000025
93,05/22/14 12:00,-64.767696,-3.0886630000000004
93,05/22/14 18:00,-64.767773,-3.0885509999999945
93,05/23/14 00:00,-64.768075,-3.0884269999999927
93,05/23/14 06:00,-64.777398,-3.081961999999999
93,05/23/14 12:00,-64.788474,-3.079859000000002
93,05/23/14 18:00,-64.788477,-3.0798750000000044
93,05/24/14 00:00,-64.797435,-3.071331000000007
93,05/24/14 06:00,-64.797388,-3.071350000000008
93,05/24/14 12:00,-64.79744,-3.0712739999999985
93,05/24/14 18:00,-64.797395,-3.071340999999993
93,05/25/14 00:00,-64.82109940633518,-3.062695480779931
93,05/25/14 06:00,-64.812004,-3.067783999999996
93,05/25/14 12:00,-64.81207300000001,-3.0677769999999978
93,05/25/14 18:00,-64.81207500000001,-3.067789999999999
93,05/26/14 00:00,-64.818339,-3.064059999999993
93,05/26/14 06:00,-64.818422,-3.064112999999998
93,05/26/14 12:00,-64.81845,-3.064085999999995
93,05/26/14 18:00,-64.818449,-3.0640899999999966
93,05/27/14 00:00,-64.82776,-3.058454999999996
93,05/27/14 06:00,-64.834464,-3.044894000000008
93,05/27/14 12:00,-64.83446,-3.0449129999999927
93,05/27/14 18:00,-64.8344,-3.0448839999999926
93,05/28/14 00:00,-64.82658000000002,-3.0351550000000023
93,05/28/14 06:00,-64.821003,-3.034256999999996
93,05/28/14 12:00,-64.820644,-3.033345000000008
93,05/28/14 18:00,-64.820534,-3.033290000000007
93,05/29/14 00:00,-64.82106332607037,-3.0633013885901503
93,05/29/14 06:00,-64.828411,-3.029607999999996
93,05/29/14 12:00,-64.82874800000002,-3.0294070000000075
93,05/29/14 18:00,-64.828735,-3.029459000000004
93,05/30/14 00:00,-64.82962,-3.0198669999999974
93,05/30/14 06:00,-64.819681,-3.023859999999999
93,05/30/14 12:00,-64.819722,-3.023823000000008
93,05/30/14 18:00,-64.819688,-3.0238339999999977
93,05/31/14 00:00,-64.824979,-3.0150620000000004
93,05/31/14 06:00,-64.838584,-3.0117069999999986
93,05/31/14 12:00,-64.838468,-3.0117170000000075
93,05/31/14 18:00,-64.838444,-3.011745000000006
93,06/01/14 00:00,-64.841705,-3.012366000000007
93,06/01/14 06:00,-64.8211214942231,-3.0637895831626047
93,06/01/14 12:00,-64.838981,-3.0150180000000075
93,06/01/14 18:00,-64.839088,-3.0150129999999984
93,06/02/14 00:00,-64.8481,-3.012691000000002
93,06/02/14 06:00,-64.848802,-3.0123079999999973
93,06/02/14 12:00,-64.848712,-3.012319999999991
93,06/02/14 18:00,-64.84882,-3.012353000000008
93,06/03/14 00:00,-64.855331,-3.009255999999994
93,06/03/14 06:00,-64.861683,-2.997942
93,06/03/14 12:00,-64.862987,-2.9984350000000046
93,06/03/14 18:00,-64.859102,-2.9896239999999974
93,06/04/14 00:00,-64.82105225723565,-3.0640700183364094
93,06/04/14 06:00,-64.850866,-2.992039000000002
93,06/04/14 12:00,-64.850868,-2.992009999999996
93,06/04/14 18:00,-64.850826,-2.991980000000006
93,06/05/14 00:00,-64.82093467491964,-3.063853199670406
93,06/05/14 06:00,-64.843928,-3.020274000000007
93,06/05/14 12:00,-64.843999,-3.0202060000000075
93,06/05/14 18:00,-64.843873,-3.0202479999999947
93,06/06/14 00:00,-64.8208555013271,-3.063410253322308
93,06/06/14 06:00,-64.81452,-3.033814999999999
93,06/06/14 12:00,-64.814477,-3.033701000000001
93,06/06/14 18:00,-64.814852,-3.033960999999997
93,06/07/14 00:00,-64.81536,-3.0335089999999987
93,06/07/14 06:00,-64.815614,-3.0328539999999964
93,06/07/14 12:00,-64.81519100000001,-3.033010000000005
93,06/07/14 18:00,-64.81513,-3.0331139999999945
93,06/08/14 00:00,-64.80715,-3.033994999999999
93,06/08/14 06:00,-64.82080964034039,-3.0628858677049644
93,06/08/14 12:00,-64.806562,-3.0439140000000062
93,06/08/14 18:00,-64.806805,-3.043977999999991
93,06/09/14 00:00,-64.806554,-3.053243
93,06/09/14 06:00,-64.807523,-3.0570290000000027
93,06/09/14 12:00,-64.811711,-3.0668149999999983
93,06/09/14 18:00,-64.811644,-3.066935000000006
93,06/10/14 00:00,-64.808716,-3.077083999999992
93,06/10/14 06:00,-64.80908600000001,-3.076873999999998
93,06/10/14 12:00,-64.820034,-3.0740229999999995
93,06/10/14 18:00,-64.819948,-3.0739250000000005
93,06/11/14 00:00,-64.824845,-3.0724160000000063
93,06/11/14 06:00,-64.824827,-3.072491999999992
93,06/11/14 12:00,-64.824277,-3.0741850000000004
93,06/11/14 18:00,-64.824312,-3.0741380000000014
93,06/12/14 00:00,-64.8216237776487,-3.0632733037327053
93,06/12/14 06:00,-64.834574,-3.070323000000004
93,06/12/14 12:00,-64.837847,-3.071476000000008
93,06/12/14 18:00,-64.837774,-3.0714419999999927
93,06/13/14 00:00,-64.839735,-3.078114999999998
93,06/13/14 06:00,-64.835337,-3.079168999999995
93,06/13/14 12:00,-64.835356,-3.0791509999999973
93,06/13/14 18:00,-64.835566,-3.0791120000000065
93,06/14/14 00:00,-64.833739,-3.078977000000001
93,06/14/14 06:00,-64.832742,-3.079346000000001
93,06/14/14 12:00,-64.827323,-3.079301999999996
93,06/14/14 18:00,-64.827252,-3.0792219999999952
93,06/15/14 00:00,-64.826725,-3.083398999999996
93,06/15/14 06:00,-64.826765,-3.0834600000000063
93,06/15/14 12:00,-64.826779,-3.083472000000007
93,06/15/14 18:00,-64.822981,-3.086850999999996
93,06/16/14 00:00,-64.81731,-3.090344999999996
93,06/16/14 06:00,-64.812097,-3.098417
93,06/16/14 12:00,-64.812059,-3.0983270000000056
93,06/16/14 18:00,-64.812052,-3.098373999999993
93,06/17/14 00:00,-64.811202,-3.1004429999999963
93,06/17/14 06:00,-64.811213,-3.100460000000003
93,06/17/14 12:00,-64.814563,-3.103070000000003
93,06/17/14 18:00,-64.815782,-3.104841000000006
93,06/18/14 00:00,-64.815715,-3.1049420000000034
93,06/18/14 06:00,-64.817326,-3.1069099999999987
93,06/18/14 12:00,-64.816859,-3.106891
93,06/18/14 18:00,-64.816793,-3.106874999999996
93,06/19/14 00:00,-64.816919,-3.106439999999993
93,06/19/14 06:00,-64.816353,-3.105966000000008
93,06/19/14 12:00,-64.816363,-3.105927000000004
93,06/19/14 18:00,-64.816443,-3.105961000000006
93,06/20/14 00:00,-64.819492,-3.104854000000004
93,06/20/14 06:00,-64.81749,-3.104948999999998
93,06/20/14 12:00,-64.816618,-3.104988000000004
93,06/20/14 18:00,-64.816415,-3.105030000000007
93,06/21/14 00:00,-64.81525,-3.1024010000000013
93,06/21/14 06:00,-64.815215,-3.102309999999995
93,06/21/14 12:00,-64.815243,-3.102389000000004
93,06/21/14 18:00,-64.815223,-3.1023399999999954
93,06/22/14 00:00,-64.815204,-3.102212000000006
93,06/22/14 06:00,-64.815249,-3.1023190000000054
93,06/22/14 12:00,-64.814384,-3.105067999999993
93,06/22/14 18:00,-64.814421,-3.1050919999999915
93,06/23/14 00:00,-64.810392,-3.101396000000008
93,06/23/14 06:00,-64.810788,-3.1010880000000034
93,06/23/14 12:00,-64.810951,-3.101058999999999
93,06/23/14 18:00,-64.810979,-3.101162000000006
93,06/24/14 00:00,-64.812742,-3.099237000000001
93,06/24/14 06:00,-64.814533,-3.1003229999999955
93,06/24/14 12:00,-64.814615,-3.1003259999999977
93,06/24/14 18:00,-64.814553,-3.1003380000000047
93,06/25/14 00:00,-64.815268,-3.090930000000005
93,06/25/14 06:00,-64.815097,-3.0927550000000075
93,06/25/14 12:00,-64.815042,-3.092715999999992
93,06/25/14 18:00,-64.815008,-3.0926200000000024
93,06/26/14 00:00,-64.801983,-3.0891139999999986
93,06/26/14 06:00,-64.802682,-3.0893149999999947
93,06/26/14 12:00,-64.79318500000001,-3.088281999999993
93,06/26/14 18:00,-64.794047,-3.0884330000000064
93,06/27/14 00:00,-64.794018,-3.088439999999994
93,06/27/14 06:00,-64.79364,-3.088404000000003
93,06/27/14 12:00,-64.793652,-3.088408000000001
93,06/27/14 18:00,-64.79364,-3.088446
93,06/28/14 00:00,-64.791942,-3.101391999999996
93,06/28/14 06:00,-64.791725,-3.101340999999997
93,06/28/14 12:00,-64.791972,-3.103080000000003
93,06/28/14 18:00,-64.79196,-3.1030939999999965
93,06/29/14 00:00,-64.787778,-3.1076849999999965
93,06/29/14 06:00,-64.77972,-3.110541999999996
93,06/29/14 12:00,-64.779679,-3.1105809999999963
93,06/29/14 18:00,-64.779498,-3.110488000000005
93,06/30/14 00:00,-64.779719,-3.110504
93,06/30/14 06:00,-64.77956,-3.109894000000001
93,06/30/14 12:00,-64.779606,-3.1098840000000063
93,06/30/14 18:00,-64.779551,-3.1099369999999937
93,07/01/14 00:00,-64.779498,-3.109913000000005
93,07/01/14 06:00,-64.779588,-3.109840000000008
93,07/01/14 12:00,-64.784069,-3.101485999999994
93,07/01/14 18:00,-64.784154,-3.101488999999999
93,07/02/14 00:00,-64.784099,-3.1015060000000045
93,07/02/14 06:00,-64.784062,-3.101465000000001
93,07/02/14 12:00,-64.78404400000001,-3.101389
93,07/02/14 18:00,-64.784089,-3.101452000000008
93,07/03/14 00:00,-64.788366,-3.0899909999999937
93,07/03/14 06:00,-64.790731,-3.080628999999997
93,07/03/14 12:00,-64.789968,-3.078501999999997
93,07/03/14 18:00,-64.789869,-3.0785439999999946
93,07/04/14 00:00,-64.789877,-3.0737110000000025
93,07/04/14 06:00,-64.792988,-3.076032999999995
93,07/04/14 12:00,-64.82099558254886,-3.062469596056136
93,07/04/14 18:00,-64.793011,-3.076010000000007
93,07/05/14 00:00,-64.805031,-3.0677739999999982
93,07/05/14 06:00,-64.81219,-3.0678310000000075
93,07/05/14 12:00,-64.812181,-3.067803999999993
93,07/05/14 18:00,-64.812148,-3.067767999999996
93,07/06/14 00:00,-64.816168,-3.067377999999997
93,07/06/14 06:00,-64.819621,-3.0633199999999987
93,07/06/14 12:00,-64.816869,-3.054196999999999
93,07/06/14 18:00,-64.817025,-3.054192000000008
93,07/07/14 00:00,-64.82125639641565,-3.063111166729663
93,07/07/14 06:00,-64.824906,-3.0533339999999973
93,07/07/14 12:00,-64.825031,-3.053295000000002
93,07/07/14 18:00,-64.825203,-3.050495000000008
93,07/08/14 00:00,-64.82135016221413,-3.063373238454428
93,07/08/14 06:00,-64.832833,-3.049329000000005
93,07/08/14 12:00,-64.840149,-3.0393550000000045
93,07/08/14 18:00,-64.840155,-3.0393920000000003
93,07/09/14 00:00,-64.840168,-3.0393709999999974
93,07/09/14 06:00,-64.840096,-3.039645000000005
93,07/09/14 12:00,-64.840144,-3.0393379999999937
93,07/09/14 18:00,-64.840135,-3.039228000000001
93,07/10/14 00:00,-64.838233,-3.0359280000000024
93,07/10/14 06:00,-64.830163,-3.028597000000009
93,07/10/14 12:00,-64.828628,-3.029370000000008
93,07/10/14 18:00,-64.82862,-3.029421
93,07/11/14 00:00,-64.829989,-3.029104
93,07/11/14 06:00,-64.840509,-3.022385000000001
93,07/11/14 12:00,-64.840531,-3.022336000000003
93,07/11/14 18:00,-64.840455,-3.022447000000001
93,07/12/14 00:00,-64.845616,-3.019472000000007
93,07/12/14 06:00,-64.846579,-3.018218000000008
93,07/12/14 12:00,-64.845467,-3.013923999999996
93,07/12/14 18:00,-64.845313,-3.0141799999999934
93,07/13/14 00:00,-64.82168166270846,-3.064258834856852
93,07/13/14 06:00,-64.878238,-3.018595000000002
93,07/13/14 12:00,-64.878244,-3.0183860000000085
93,07/13/14 18:00,-64.878389,-3.018377999999991
93,07/14/14 00:00,-64.883486,-3.0135239999999923
93,07/14/14 06:00,-64.884091,-3.017005999999992
93,07/14/14 12:00,-64.884229,-3.0165389999999968
93,07/14/14 18:00,-64.884202,-3.0165559999999934
93,07/15/14 00:00,-64.82192748826871,-3.064846175610048
93,07/15/14 06:00,-64.893604,-3.0054819999999927
93,07/15/14 12:00,-64.891211,-3.0048560000000086
93,07/15/14 18:00,-64.886327,-3.012705000000006
93,07/16/14 00:00,-64.886423,-3.012770000000004
93,07/16/14 06:00,-64.886418,-3.012784000000001
93,07/16/14 12:00,-64.886478,-3.0127590000000057
93,07/16/14 18:00,-64.886537,-3.0127999999999995
93,07/17/14 00:00,-64.883984,-3.0170309999999927
93,07/17/14 06:00,-64.884065,-3.0170089999999945
93,07/17/14 12:00,-64.884069,-3.0170230000000062
93,07/17/14 18:00,-64.884119,-3.017024
93,07/18/14 00:00,-64.886343,-3.0240909999999976
93,07/18/14 06:00,-64.874864,-3.028400999999993
93,07/18/14 12:00,-64.874439,-3.0326800000000045
93,07/18/14 18:00,-64.874358,-3.0326480000000005
93,07/19/14 00:00,-64.870874,-3.0351479999999933
93,07/19/14 06:00,-64.870765,-3.0355180000000086
93,07/19/14 12:00,-64.869198,-3.0362980000000035
93,07/19/14 18:00,-64.8691,-3.036274999999993
93,07/20/14 00:00,-64.857577,-3.032233000000004
93,07/20/14 06:00,-64.853637,-3.0271830000000044
93,07/20/14 12:00,-64.853425,-3.0272739999999985
93,07/20/14 18:00,-64.853036,-3.0269189999999986
93,07/21/14 00:00,-64.851899,-3.0261749999999967
93,07/21/14 06:00,-64.851988,-3.026218000000008
93,07/21/14 12:00,-64.838247,-3.035864000000005
93,07/21/14 18:00,-64.838239,-3.0358680000000016
93,07/22/14 00:00,-64.840768,-3.0393270000000063
93,07/22/14 06:00,-64.840754,-3.0393849999999967
93,07/22/14 12:00,-64.84116,-3.039566999999993
93,07/22/14 18:00,-64.84078,-3.0393730000000057
93,07/23/14 00:00,-64.845674,-3.0400600000000018
93,07/23/14 06:00,-64.851429,-3.0390180000000053
93,07/23/14 12:00,-64.851511,-3.0390750000000075
93,07/23/14 18:00,-64.85155,-3.0390499999999983
93,07/24/14 00:00,-64.851451,-3.0389959999999934
93,07/24/14 06:00,-64.859035,-3.0320960000000072
93,07/24/14 12:00,-64.866134,-3.027479000000007
93,07/24/14 18:00,-64.86607,-3.0274080000000074
93,07/25/14 00:00,-64.869145,-3.035060999999996
93,07/25/14 06:00,-64.876153,-3.0280409999999938
93,07/25/14 12:00,-64.876276,-3.0281009999999995
93,07/25/14 18:00,-64.882855,-3.0193949999999985
93,07/26/14 00:00,-64.881278,-3.023664000000005
93,07/26/14 06:00,-64.869399,-3.0300510000000043
93,07/26/14 12:00,-64.869494,-3.0300650000000062
93,07/26/14 18:00,-64.866056,-3.027414000000008
93,07/27/14 00:00,-64.866043,-3.0275820000000064
93,07/27/14 06:00,-64.866088,-3.027398000000001
93,07/27/14 12:00,-64.866107,-3.027399999999997
93,07/27/14 18:00,-64.866053,-3.027375000000007
93,07/28/14 00:00,-64.864461,-3.0258890000000056
93,07/28/14 06:00,-64.852653,-3.026354999999993
93,07/28/14 12:00,-64.852766,-3.026106999999992
93,07/28/14 18:00,-64.852486,-3.026127000000007
93,07/29/14 00:00,-64.82124401390612,-3.063934053518107
93,07/29/14 06:00,-64.85131900000002,-3.026525000000001
93,07/29/14 12:00,-64.837988,-3.030945000000001
93,07/29/14 18:00,-64.837833,-3.0312210000000075
93,07/30/14 00:00,-64.827622,-3.034741000000006
93,07/30/14 06:00,-64.827392,-3.0360980000000004
93,07/31/14 06:00,-64.827218,-3.041064999999997
93,07/31/14 12:00,-64.827212,-3.040884999999993
93,07/31/14 18:00,-64.827354,-3.040746999999999
93,08/01/14 00:00,-64.8547425471018,-3.004178934802671
93,08/01/14 06:00,-64.849259,-3.023222000000005
93,08/01/14 12:00,-64.845419,-3.013946000000002
93,08/01/14 18:00,-64.845324,-3.0139430000000056
93,08/02/14 00:00,-64.85501607268088,-3.003871029290909
93,08/02/14 06:00,-64.847048,-2.9960509999999982
93,08/02/14 12:00,-64.844513,-2.9898520000000075
93,08/02/14 18:00,-64.85505900924372,-3.003997548466453
93,08/03/14 00:00,-64.856607,-2.998411000000005
93,08/03/14 06:00,-64.870154,-2.990470000000001
93,08/03/14 12:00,-64.870208,-2.990457999999997
93,08/03/14 18:00,-64.876099,-2.993254000000002
93,08/04/14 00:00,-64.874921,-3.001170000000008
93,08/04/14 06:00,-64.874945,-3.001249999999993
93,08/04/14 12:00,-64.874965,-3.001268999999998
93,08/04/14 18:00,-64.877659,-3.006178999999997
93,08/05/14 00:00,-64.883547,-3.013637000000001
93,08/05/14 06:00,-64.880544,-3.016766999999997
93,08/05/14 12:00,-64.880626,-3.016744999999998
93,08/05/14 18:00,-64.880621,-3.016730000000006
93,08/06/14 00:00,-64.85536004566403,-3.0041688387312697
93,08/06/14 06:00,-64.858052,-3.0196359999999927
93,08/06/14 12:00,-64.85520793124361,-3.0039701673875605
93,08/06/14 18:00,-64.855434,-3.0044979999999977
93,08/07/14 00:00,-64.855517,-3.004551
93,08/07/14 06:00,-64.855599,-3.004419999999999
93,08/07/14 12:00,-64.85509004023227,-3.003898030029306
93,08/07/14 18:00,-64.85500003635086,-3.003862014336
93,08/08/14 00:00,-64.857248,-2.994874000000008
93,08/08/14 06:00,-64.857151,-2.994834000000002
93,08/08/14 12:00,-64.854327,-2.987886999999992
93,08/08/14 18:00,-64.841298,-2.979563999999995
93,08/09/14 00:00,-64.85485402296025,-3.0037808826009003
93,08/09/14 06:00,-64.846707,-3.002686000000001
93,08/09/14 12:00,-64.841719,-3.014238000000005
93,08/09/14 18:00,-64.85518830831984,-3.003834566128674
93,08/10/14 00:00,-64.85520780910582,-3.0038978290658536
93,08/10/14 06:00,-64.866395,-3.0235309999999926
93,08/10/14 12:00,-64.866349,-3.023597000000004
93,08/10/14 18:00,-64.865992,-3.0273410000000056
93,08/11/14 00:00,-64.866076,-3.0274080000000043
93,08/11/14 06:00,-64.865012,-3.027519999999999
93,08/11/14 12:00,-64.866058,-3.0274189999999948
93,08/11/14 18:00,-64.878306,-3.021796
93,08/12/14 00:00,-64.888041,-3.001347000000003
93,08/12/14 06:00,-64.85510938207965,-3.0040336317763114
93,08/12/14 12:00,-64.842723,-2.9801170000000026
93,08/12/14 18:00,-64.842772,-2.9806399999999966
93,08/13/14 00:00,-64.842827,-2.9807459999999946
93,08/13/14 06:00,-64.842481,-2.980589000000001
93,08/13/14 12:00,-64.842479,-2.980554000000004
93,08/13/14 18:00,-64.840955,-2.9794400000000043
93,08/14/14 00:00,-64.840971,-2.9793840000000023
93,08/14/14 06:00,-64.841063,-2.979559999999993
93,08/14/14 12:00,-64.84094,-2.9793879999999984
93,08/14/14 18:00,-64.841056,-2.979472999999993
93,08/15/14 00:00,-64.84094,-2.9795449999999937
93,08/15/14 06:00,-64.841138,-2.979021
93,08/15/14 12:00,-64.841127,-2.979062000000003
93,08/15/14 18:00,-64.84165,-2.979053999999993
93,08/16/14 00:00,-64.843197,-3.0171239999999977
93,08/16/14 06:00,-64.85486265985354,-3.003735656275296
93,08/16/14 12:00,-64.85478692957125,-3.003663446925959
93,08/16/14 18:00,-64.839476,-3.0161620000000005
93,08/17/14 00:00,-64.839526,-3.0162719999999994
93,08/17/14 06:00,-64.839392,-3.016151000000003
93,08/17/14 12:00,-64.839628,-3.016045000000002
93,08/17/14 18:00,-64.839561,-3.016168999999996
93,08/18/14 00:00,-64.839147,-3.0161120000000023
93,08/18/14 06:00,-64.839583,-3.016039999999994
93,08/18/14 12:00,-64.839512,-3.0161330000000004
93,08/18/14 18:00,-64.839511,-3.0162290000000023
93,08/19/14 00:00,-64.839554,-3.0162060000000053
93,08/19/14 06:00,-64.839488,-3.0162229999999983
93,08/19/14 12:00,-64.85510413061574,-3.003753328916808
93,08/19/14 18:00,-64.845915,-3.0075359999999955
93,08/20/14 00:00,-64.85515557564555,-3.003925045149391
93,08/20/14 06:00,-64.865456,-2.9912690000000053
93,08/20/14 12:00,-64.8552236649885,-3.004132902228568
93,08/20/14 18:00,-64.888229,-2.968303000000008
93,08/21/14 00:00,-64.85515510787279,-3.004313865557524
93,08/21/14 06:00,-64.8553511978768,-3.0044220386658043
93,08/21/14 12:00,-64.909375,-2.9731950000000062
93,08/21/14 18:00,-64.909539,-2.9731020000000057
93,08/22/14 00:00,-64.907275,-2.9754859999999983
93,08/22/14 06:00,-64.85502543609516,-3.004422594661524
93,08/22/14 12:00,-64.85514737251181,-3.004060693896065
93,08/22/14 18:00,-64.85545043189981,-3.003599018611917
93,08/23/14 00:00,-64.909828,-2.971510999999996
93,08/24/14 22:00,-64.904504,-2.938404000000004
93,08/25/14 04:02,-64.897669,-2.958839000000004
93,08/25/14 22:01,-64.88202,-2.9704589999999973
93,08/26/14 10:00,-64.868063,-2.996698000000001
93,08/27/14 12:00,-64.848641,-3.0306710000000017
93,08/27/14 18:00,-64.848796,-3.0308729999999966
93,08/28/14 00:00,-64.854879,-3.017742999999994
93,08/28/14 06:00,-64.867262,-2.9749429999999983
93,08/28/14 12:00,-64.86733,-2.974847999999996
93,08/28/14 18:00,-64.867545,-2.9751719999999944
93,08/29/14 00:00,-64.867337,-2.9754149999999986
93,08/29/14 06:00,-64.869615,-2.9748450000000064
93,08/29/14 12:00,-64.870898,-2.974622000000006
93,08/29/14 18:00,-64.882269,-2.970119000000008
93,08/30/14 00:00,-64.87323230215668,-2.986532976266049
93,08/30/14 06:00,-64.91278,-2.9665949999999963
93,08/30/14 12:00,-64.912078,-2.965715999999994
93,08/30/14 18:00,-64.912047,-2.965763999999999
93,08/31/14 00:00,-64.87314668492438,-2.986596418523378
93,08/31/14 06:00,-64.87324154661529,-2.986514875976737
93,08/31/14 12:00,-64.912084,-2.965696000000007
93,08/31/14 18:00,-64.912122,-2.966009999999996
93,09/01/14 00:00,-64.87314467149967,-2.986569295292828
93,09/01/14 06:00,-64.903769,-2.9678440000000066
93,09/01/14 12:00,-64.87309297626953,-2.986415665993213
93,09/01/14 18:00,-64.8731660528965,-2.986415540814205
93,09/02/14 00:00,-64.912101,-2.966262999999997
93,09/02/14 06:00,-64.909436,-2.9679189999999984
93,09/02/14 12:00,-64.87327,-2.9737879999999963
93,09/02/14 18:00,-64.873222,-2.9735159999999934
93,09/03/14 00:00,-64.873839,-2.974575000000004
93,09/03/14 06:00,-64.873321,-2.9745279999999954
93,09/03/14 12:00,-64.872508,-2.974366999999996
93,09/03/14 18:00,-64.87194100000002,-2.9753220000000007
93,09/04/14 00:00,-64.871472,-2.975518999999997
93,09/04/14 06:00,-64.870782,-2.975126000000006
93,09/04/14 12:00,-64.869929,-2.975753999999998
93,09/04/14 18:00,-64.866466,-2.9820840000000057
93,09/05/14 00:00,-64.867179,-2.988392
93,09/05/14 06:00,-64.867998,-2.9908980000000027
93,09/05/14 12:00,-64.871436,-2.991412000000003
93,09/05/14 18:00,-64.869352,-2.989626000000001
93,09/06/14 00:00,-64.868195,-2.9864589999999973
93,09/06/14 06:00,-64.911005,-2.9621969999999944
93,09/06/14 12:00,-64.8731313388905,-2.986496980319353
93,09/06/14 18:00,-64.912386,-2.9482679999999943
93,09/07/14 00:00,-64.904798,-2.9468269999999954
93,09/07/14 06:00,-64.875722,-2.955219000000007
93,09/07/14 12:00,-64.859132,-2.9628160000000063
93,09/07/14 18:00,-64.857426,-2.9625800000000084
93,09/08/14 00:00,-64.87262510260818,-2.985810637971468
93,09/08/14 06:00,-64.8725424751972,-2.9856480193042065
93,09/08/14 12:00,-64.837381,-3.000252999999996
93,09/08/14 18:00,-64.83738,-2.9998270000000065
93,09/09/14 00:00,-64.87277800668713,-2.9856476160472747
93,09/09/14 06:00,-64.87268808158223,-2.985656812244435
93,09/09/14 12:00,-64.849283,-2.977454999999994
93,09/09/14 18:00,-64.87272005624197,-2.9857833487033725
93,09/10/14 00:00,-64.871961,-2.9661509999999947
93,09/10/14 06:00,-64.87271763389428,-2.9858466484533515
93,09/10/14 12:00,-64.87269249666619,-2.9857743536627845
93,09/10/14 18:00,-64.873262,-2.963852999999995
93,09/11/14 00:00,-64.87252239713973,-2.9855757158382623
93,09/11/14 06:00,-64.82770600000002,-2.999852000000001
93,09/11/14 12:00,-64.833001,-2.992408999999993
93,09/11/14 18:00,-64.87283387711214,-2.985611351469937
93,09/12/14 00:00,-64.87280425284848,-2.985710866707028
93,09/12/14 06:00,-64.865335,-3.009007999999996
93,09/12/14 12:00,-64.866468,-3.009589999999993
93,09/12/14 18:00,-64.869886,-3.011620999999994
93,09/13/14 00:00,-64.879697,-3.010267999999998
93,09/13/14 06:00,-64.87321483055851,-2.9860085570737747
93,09/13/14 12:00,-64.877247,-3.0169389999999923
93,09/13/14 18:00,-64.87318024438386,-2.985999574086922
93,09/14/14 00:00,-64.877306,-3.0253950000000005
93,09/14/14 06:00,-64.868845,-3.027482000000002
93,09/14/14 12:00,-64.8732876978794,-2.9857190810317222
93,09/14/14 18:00,-64.868314,-3.025760000000007
93,09/15/14 00:00,-64.867907,-3.025471999999993
93,09/16/14 16:00,-64.823512,-3.073455999999997
93,09/17/14 10:00,-64.817153,-3.0350289999999966
93,09/18/14 04:02,-64.846433,-3.0250110000000023
93,09/18/14 16:02,-64.846883,-2.982237000000008
93,09/19/14 18:00,-64.905164,-2.948935000000007
93,09/20/14 00:00,-64.883198,-2.9680029999999946
93,09/20/14 06:00,-64.884436,-2.971519000000006
93,09/20/14 12:00,-64.884187,-2.971337999999997
93,09/20/14 18:00,-64.892831,-2.9910849999999978
93,09/21/14 00:00,-64.85719770481975,-3.0063358541283924
93,09/21/14 06:00,-64.856403,-3.0064420000000065
93,09/21/14 12:00,-64.85736277224956,-3.005883456656345
93,09/21/14 18:00,-64.856486,-3.006275999999996
93,09/22/14 00:00,-64.856326,-3.0064030000000046
93,09/22/14 06:00,-64.85741403055711,-3.005612099883692
93,09/22/14 12:00,-64.852057,-2.986623999999995
93,09/22/14 18:00,-64.8573170820255,-3.005458546421953
93,09/23/14 00:00,-64.85719966119404,-3.005332154841428
93,09/23/14 06:00,-64.836006,-3.019184999999992
93,09/23/14 12:00,-64.834898,-3.0183799999999947
93,09/23/14 18:00,-64.823612,-3.022499999999998
93,09/24/14 00:00,-64.85721078757278,-3.0050970358736966
93,09/24/14 06:00,-64.816281,-3.026333999999995
93,09/24/14 12:00,-64.833532,-3.020990999999996
93,09/24/14 18:00,-64.836025,-3.018933999999993
93,09/25/14 00:00,-64.844118,-2.961271999999997
93,09/25/14 06:00,-64.852843,-2.956797000000007
93,09/25/14 12:00,-64.876149,-2.996027000000008
93,09/25/14 18:00,-64.85736548167709,-3.0056573944007168
93,09/26/14 00:00,-64.85740355444763,-3.005566906268444
93,09/26/14 06:00,-64.85737708785932,-3.005539824596508
93,09/26/14 12:00,-64.852424,-3.0221030000000053
93,09/26/14 18:00,-64.85156,-3.0234359999999936
93,09/27/14 00:00,-64.856809,-3.0298630000000006
93,09/27/14 06:00,-64.85763618399922,-3.0056750162194232
93,09/27/14 12:00,-64.862165,-3.0240260000000045
93,09/27/14 18:00,-64.867418,-2.997292999999996
93,09/28/14 00:00,-64.861025,-2.9709799999999924
93,09/28/14 06:00,-64.840232,-2.992567000000005
93,09/28/14 12:00,-64.842043,-3.008688000000007
93,09/28/14 18:00,-64.85739067683883,-3.005431293709069
93,09/29/14 00:00,-64.85728713554349,-3.0053681745551417
93,09/29/14 06:00,-64.837919,-3.018189999999999
93,09/29/14 12:00,-64.839811,-3.016423000000002
93,09/29/14 18:00,-64.85737599995917,-3.0053951495771885
93,09/30/14 00:00,-64.845698,-3.004020000000002
93,09/30/14 06:00,-64.845653,-3.0040200000000072
93,09/30/14 12:00,-64.84571,-3.00387899999999
93,09/30/14 18:00,-64.841565,-2.9898270000000067
93,10/01/14 00:00,-64.85751444950878,-3.005657139735993
93,10/01/14 06:00,-64.86456,-2.972757999999996
93,10/01/14 12:00,-64.875028,-2.9717430000000067
93,10/01/14 18:00,-64.85763147081971,-3.0060457587239453
93,10/02/14 00:00,-64.890034,-2.9885219999999952
93,10/02/14 06:00,-64.88756,-2.996308000000001
93,10/02/14 12:00,-64.85781750383505,-3.0061901174467813
93,10/02/14 18:00,-64.889919,-3.007250999999993
93,10/03/14 00:00,-64.85796151952562,-3.006253167257534
93,10/03/14 06:00,-64.896099,-2.9840900000000024
93,10/03/14 12:00,-64.897186,-2.9821880000000016
93,10/03/14 18:00,-64.897396,-2.980872000000004
93,10/04/14 00:00,-64.85775949034227,-3.006289681990053
93,10/04/14 06:00,-64.880104,-2.9990520000000065
93,10/04/14 12:00,-64.87562,-3.0008279999999976
93,10/04/14 18:00,-64.875991,-3.000524999999993
93,10/05/14 00:00,-64.875759,-3.000942000000001
93,10/05/14 06:00,-64.875894,-3.0007329999999985
93,10/05/14 12:00,-64.875797,-3.0008940000000024
93,10/05/14 18:00,-64.867328,-2.9869610000000053
93,10/06/14 00:00,-64.88935,-2.9861940000000047
93,10/06/14 06:00,-64.886867,-2.990961000000007
93,10/06/14 12:00,-64.886011,-2.989315999999994
93,10/06/14 18:00,-64.85764806933322,-3.006054772645064
93,10/07/14 00:00,-64.85767007510364,-3.005937185072617
93,10/07/14 06:00,-64.881592,-2.9696669999999967
93,10/07/14 12:00,-64.876546,-2.9715450000000025
93,10/07/14 18:00,-64.85749137485962,-3.0059736598343614
93,10/08/14 00:00,-64.85758099075969,-3.0059463796980017
93,10/08/14 06:00,-64.874432,-2.9751889999999954
93,10/08/14 12:00,-64.877212,-2.9767820000000027
93,10/08/14 18:00,-64.881036,-2.9712769999999926
93,10/09/14 00:00,-64.868664,-2.988120999999999
93,10/09/14 06:00,-64.881526,-2.9832839999999963
93,10/09/14 12:00,-64.88155,-2.983175999999996
93,10/09/14 18:00,-64.885626,-2.990241999999998
93,10/10/14 00:00,-64.85778472557494,-3.0062534696220555
93,10/10/14 06:00,-64.882753,-2.9951229999999973
93,10/10/14 12:00,-64.88273600000001,-2.995025
93,10/10/14 18:00,-64.882592,-2.994822999999995
93,10/11/14 00:00,-64.882679,-2.995032000000005
93,10/11/14 06:00,-64.882534,-2.994965000000005
93,10/11/14 12:00,-64.883009,-2.9949730000000048
93,10/11/14 18:00,-64.85784441019314,-3.006144859919626
93,10/12/14 00:00,-64.881017,-3.0027770000000085
93,10/12/14 06:00,-64.881083,-3.003806999999992
93,10/12/14 12:00,-64.873354,-3.013154999999996
93,10/12/14 18:00,-64.87356,-3.0155189999999954
93,10/13/14 00:00,-64.864824,-3.0214989999999955
93,10/13/14 06:00,-64.862277,-3.0238789999999995
93,10/13/14 12:00,-64.862245,-3.023790999999996
93,10/13/14 18:00,-64.852282,-3.0206570000000035
93,10/14/14 00:00,-64.85768612292138,-3.0056206770168266
93,10/14/14 06:00,-64.85751960632778,-3.005548623269736
93,10/14/14 12:00,-64.852775,-2.986170000000001
93,10/14/14 18:00,-64.856581,-2.993210000000001
93,10/15/14 00:00,-64.856489,-2.993628000000001
93,10/15/14 06:00,-64.853368,-2.984787000000005
93,10/15/14 12:00,-64.848644,-2.9825409999999937
93,10/15/14 18:00,-64.85723939347154,-3.0055581445743487
93,10/16/14 00:00,-64.846539,-2.9777790000000075
93,10/16/14 06:00,-64.850669,-2.975695999999999
93,10/16/14 12:00,-64.854984,-2.974882000000004
93,10/16/14 18:00,-64.85735628279011,-3.005702621650833
93,10/17/14 00:00,-64.85744374187917,-3.005729599051676
93,10/17/14 06:00,-64.866885,-2.9930330000000063
93,10/17/14 12:00,-64.866277,-3.0008239999999944
93,10/17/14 18:00,-64.867646,-3.001888000000003
93,10/18/14 00:00,-64.866898,-3.0027279999999945
93,10/18/14 06:00,-64.865994,-3.0018140000000053
93,10/18/14 12:00,-64.866644,-2.998656999999999
93,10/18/14 18:00,-64.867042,-2.996815000000004
93,10/19/14 00:00,-64.867224,-2.9972949999999945
93,10/19/14 06:00,-64.867219,-2.9975100000000063
93,10/19/14 12:00,-64.86657500000001,-2.9969959999999984
93,10/19/14 18:00,-64.8579211120932,-3.006126644138996
93,10/20/14 00:00,-64.894139,-2.9847850000000014
93,10/20/14 06:00,-64.894228,-2.984744999999994
93,10/20/14 12:00,-64.894814,-2.9844569999999924
93,10/20/14 18:00,-64.85783906417434,-3.006307630506362
93,10/21/14 00:00,-64.88233700000002,-2.996843000000008
93,10/21/14 06:00,-64.88522,-2.9991830000000084
93,10/21/14 12:00,-64.885555,-2.999091000000003
93,10/21/14 18:00,-64.884893,-2.998808000000005
93,10/22/14 00:00,-64.890589,-3.0021340000000003
93,10/22/14 06:00,-64.890752,-3.0020590000000027
93,10/22/14 12:00,-64.889529,-3.004187000000003
93,10/22/14 18:00,-64.869576,-3.0126400000000024
93,10/23/14 00:00,-64.85744181074057,-3.0055849254799623
93,10/23/14 06:00,-64.833564,-3.018403000000004
93,10/23/14 12:00,-64.826424,-3.021841
93,10/23/14 18:00,-64.823783,-3.018556000000004
93,10/24/14 00:00,-64.829268,-3.015654999999995
93,10/24/14 06:00,-64.85728428478771,-3.005178291013584
93,10/24/14 12:00,-64.836221,-3.0039070000000048
93,10/24/14 18:00,-64.836895,-3.0039640000000025
93,10/25/14 00:00,-64.85722400736465,-3.0052688170903825
93,10/25/14 06:00,-64.839084,-3.000470000000002
93,10/25/14 12:00,-64.839111,-3.0005219999999926
93,10/25/14 18:00,-64.85720381610136,-3.0052959785168087
93,10/26/14 00:00,-64.838599,-2.999171000000007
93,10/26/14 06:00,-64.837029,-2.999862000000003
93,10/26/14 12:00,-64.837019,-2.997371000000003
93,10/26/14 18:00,-64.85736289665485,-3.0054584681099263
93,10/27/14 00:00,-64.856091,-2.9871220000000025
93,10/27/14 06:00,-64.857089,-3.006238000000001
93,10/27/14 12:00,-64.856901,-3.0060910000000063
93,10/27/14 18:00,-64.85759708448921,-3.005656998460351
93,10/28/14 00:00,-64.856928,-3.0061510000000027
93,10/28/14 06:00,-64.85772429700378,-3.0057562462953973
93,10/28/14 12:00,-64.86255,-3.010844
93,10/28/14 18:00,-64.866579,-3.024890999999992
93,10/29/14 00:00,-64.885747,-3.012811999999994
93,10/29/14 06:00,-64.885705,-3.012202000000001
93,10/29/14 12:00,-64.886579,-3.011429000000004
93,10/29/14 18:00,-64.89113,-3.0029259999999924
93,10/30/14 00:00,-64.8580080396687,-3.0061717069766987
93,10/30/14 06:00,-64.85802799573949,-3.006171672844788
93,10/30/14 12:00,-64.886826,-2.994020999999998
93,10/30/14 18:00,-64.899606,-2.984973000000001
93,10/31/14 00:00,-64.907192,-2.984852999999997
93,10/31/14 06:00,-64.908465,-2.983694999999995
93,10/31/14 12:00,-64.88788,-2.963437999999994
93,10/31/14 18:00,-64.865701,-2.958089999999993
93,11/01/14 00:00,-64.878848,-2.957314000000008
93,11/01/14 06:00,-64.86819,-2.970672999999997
93,11/01/14 12:00,-64.871448,-2.9723610000000016
93,11/01/14 18:00,-64.875662,-2.976517000000004
93,11/02/14 00:00,-64.879564,-2.9991490000000054
93,11/02/14 06:00,-64.876744,-3.0093670000000023
93,11/02/14 12:00,-64.876759,-3.009334999999993
93,11/02/14 18:00,-64.884604,-3.019826000000005
93,11/03/14 00:00,-64.874201,-3.0263729999999978
93,11/03/14 06:00,-64.85790308329143,-3.005936786627201
93,11/03/14 12:00,-64.871341,-3.025409
93,11/03/14 18:00,-64.864693,-3.0320760000000044
93,11/04/14 00:00,-64.85431,-3.0292259999999995
93,11/04/14 06:00,-64.854456,-3.029174000000008
93,11/04/14 12:00,-64.85171,-3.023159999999998
93,11/04/14 18:00,-64.850052,-3.024821000000008
93,11/05/14 00:00,-64.847375,-3.0285729999999944
93,11/05/14 06:00,-64.85765135806697,-3.0053404250457136
93,11/05/14 12:00,-64.843079,-3.0350499999999947
93,11/05/14 18:00,-64.836559,-3.046847999999994
93,11/06/14 00:00,-64.837992,-3.049360999999996
93,11/06/14 06:00,-64.85770299870505,-3.0052951252461586
93,11/06/14 12:00,-64.837759,-3.0491489999999986
93,11/06/14 18:00,-64.85766181888246,-3.0053765763763955
93,11/07/14 00:00,-64.84980600000002,-3.0390340000000005
93,11/07/14 06:00,-64.850398,-3.0375300000000025
93,11/07/14 12:00,-64.851712,-3.027625
93,11/07/14 18:00,-64.848962,-3.010265000000001
93,11/08/14 00:00,-64.857881,-2.994098999999997
93,11/08/14 06:00,-64.85741487955923,-3.0054493369472435
93,11/08/14 12:00,-64.855233,-3.007670999999995
93,11/08/14 18:00,-64.83485,-3.017696000000003
93,11/09/14 00:00,-64.85722015466388,-3.005151273700014
93,11/09/14 06:00,-64.817316,-3.0051689999999978
93,11/09/14 12:00,-64.827208,-2.990077000000001
93,11/09/14 18:00,-64.827864,-2.999605
93,11/10/14 00:00,-64.85725236498573,-3.005250684012538
93,11/10/14 06:00,-64.834765,-2.9887450000000064
93,11/10/14 12:00,-64.857428994299,-3.005485482038253
93,11/10/14 18:00,-64.85750030417192,-3.005602910093073
93,11/11/14 00:00,-64.862171,-3.002456999999992
93,11/11/14 06:00,-64.860128,-3.002333000000007
93,11/11/14 12:00,-64.878756,-3.0082260000000045
93,11/11/14 18:00,-64.888654,-3.009123999999996
93,11/12/14 00:00,-64.890127,-3.007768999999997
93,11/12/14 06:00,-64.8580013245579,-3.0061898030650727
93,11/12/14 12:00,-64.889671,-3.007915999999997
93,11/12/14 18:00,-64.874911,-3.0131999999999968
93,11/13/14 00:00,-64.874769,-3.013455999999996
93,11/13/14 06:00,-64.874858,-3.0134690000000024
93,11/13/14 12:00,-64.874894,-3.0133329999999927
93,11/13/14 18:00,-64.874662,-3.013566999999999
93,11/14/14 00:00,-64.880084,-3.0146530000000005
93,11/14/14 06:00,-64.880099,-3.0146610000000047
93,11/14/14 12:00,-64.849345,-2.9806329999999925
93,11/14/14 18:00,-64.854443,-2.9744969999999977
93,11/15/14 00:00,-64.847273,-2.9643329999999986
93,11/15/14 06:00,-64.847084,-2.9644199999999965
93,11/15/14 12:00,-64.84404100000002,-2.967179000000001
93,11/15/14 18:00,-64.85705076397926,-3.0055403823668154
93,11/16/14 00:00,-64.845347,-2.999598000000009
93,11/16/14 06:00,-64.845149,-3.0000419999999948
93,11/16/14 12:00,-64.845641,-3.0042909999999923
93,11/16/14 18:00,-64.857947,-2.995872000000002
93,11/17/14 00:00,-64.857558,-2.995906000000004
93,11/17/14 06:00,-64.857621,-2.995996000000006
93,11/17/14 12:00,-64.862944,-2.9962659999999968
93,11/17/14 18:00,-64.854984,-3.0116729999999974
93,11/18/14 00:00,-64.824298,-3.021037000000004
93,11/18/14 06:00,-64.817551,-3.0203420000000043
93,11/18/14 12:00,-64.817798,-3.020173000000003
93,11/18/14 18:00,-64.85726789091096,-3.005124065199233
93,11/19/14 00:00,-64.838616,-3.000433999999992
93,11/19/14 06:00,-64.838634,-2.9996800000000072
93,11/19/14 12:00,-64.837109,-2.997247999999996
93,11/19/14 18:00,-64.85725520628043,-3.005268763767577
93,11/20/14 00:00,-64.827787,-3.035078000000001
93,11/20/14 06:00,-64.839424,-3.019906999999997
93,11/20/14 12:00,-64.85765531789319,-3.005521264346418
93,11/20/14 18:00,-64.85767809422336,-3.005693029170617
93,11/21/14 00:00,-64.88499,-3.0099289999999947
93,11/21/14 06:00,-64.885248,-3.0098369999999948
93,11/21/14 12:00,-64.877603,-2.992830999999995
93,11/21/14 18:00,-64.853264,-2.996739999999999
93,11/22/14 00:00,-64.84421,-3.014361999999993
93,11/22/14 06:00,-64.844276,-3.014628999999995
93,11/22/14 12:00,-64.85748953747688,-3.005385913194845
93,11/22/14 18:00,-64.8573161987538,-3.0052686595213123
93,11/23/14 00:00,-64.824639,-3.027200000000004
93,11/23/14 06:00,-64.84317,-3.020319
93,11/23/14 12:00,-64.843577,-3.0202470000000035
93,11/23/14 18:00,-64.85741692932318,-3.0053317834818083
93,11/24/14 00:00,-64.843445,-3.020566
93,11/24/14 06:00,-64.84360900000001,-3.0206750000000087
93,11/24/14 12:00,-64.838534,-3.011431999999993
93,11/24/14 18:00,-64.85739879732174,-3.0054131952185994
93,11/25/14 00:00,-64.851652,-3.015276999999998
93,11/25/14 06:00,-64.857243,-3.0098350000000047
93,11/25/14 12:00,-64.85725754659708,-3.005323013601063
93,11/25/14 18:00,-64.841114,-2.9804230000000067
93,11/26/14 00:00,-64.827223,-2.990559999999997
93,11/26/14 06:00,-64.827115,-2.990582999999991
93,11/26/14 12:00,-64.827546,-2.9899310000000017
93,11/26/14 18:00,-64.825493,-2.989881999999992
93,11/27/14 00:00,-64.85711067446238,-3.0052328415574805
93,11/27/14 06:00,-64.838513,-3.019624999999996
93,11/27/14 12:00,-64.85727071107564,-3.005295864184142
93,11/27/14 18:00,-64.837944,-3.018032999999996
93,11/28/14 00:00,-64.843264,-3.016716000000004
93,11/28/14 06:00,-64.846393,-3.017301000000008
93,11/28/14 12:00,-64.84980600000002,-3.0128549999999943
93,11/28/14 18:00,-64.85754920106216,-3.005431022723359
93,11/29/14 00:00,-64.85135,-3.0365610000000047
93,11/29/14 06:00,-64.851184,-3.0366170000000032
93,11/29/14 12:00,-64.850703,-3.036747999999996
93,11/29/14 18:00,-64.85769506176815,-3.005421731061285
93,11/30/14 00:00,-64.849298,-3.0309609999999942
93,11/30/14 06:00,-64.849976,-3.0307499999999976
93,11/30/14 12:00,-64.849082,-3.030771999999996
93,11/30/14 18:00,-64.838166,-3.044968999999992
93,12/01/14 00:00,-64.8576545626852,-3.005240954228389
93,12/01/14 06:00,-64.838201,-3.045200999999992
93,12/01/14 12:00,-64.837571,-3.045452000000004
93,12/01/14 18:00,-64.839149,-3.044795999999999
93,12/02/14 00:00,-64.837532,-3.047894999999997
93,12/02/14 06:00,-64.837296,-3.047657999999994
93,12/02/14 12:00,-64.85779523595781,-3.0053220944650723
93,12/02/14 18:00,-64.85762523373337,-3.00534951200976
93,12/03/14 00:00,-64.85744993700891,-3.0054040654971
93,12/03/14 06:00,-64.84759300000002,-3.029075000000003
93,12/03/14 12:00,-64.847588,-3.029185000000005
93,12/03/14 18:00,-64.856707,-3.010175
93,12/04/14 00:00,-64.854549,-2.9906590000000075
93,12/04/14 06:00,-64.850168,-2.9911199999999947
93,12/04/14 12:00,-64.85725404558353,-3.005413442640646
93,12/04/14 18:00,-64.85709637040361,-3.005250950615608
93,12/05/14 00:00,-64.825979,-2.9879990000000003
93,12/05/14 06:00,-64.82757700000002,-2.988854000000004
93,12/05/14 12:00,-64.829973,-2.987723999999996
93,12/05/14 18:00,-64.834641,-2.960022999999997
93,12/06/14 00:00,-64.844184,-2.9614250000000006
93,12/06/14 06:00,-64.85694692630852,-3.0054682213741617
93,12/06/14 12:00,-64.845357,-2.966823999999993
93,12/06/14 18:00,-64.85704064540836,-3.005540399660455
93,12/07/14 00:00,-64.854404,-2.981987000000004
93,12/07/14 06:00,-64.854443,-2.982516000000003
93,12/07/14 12:00,-64.854296,-2.9826400000000084
93,12/07/14 18:00,-64.85722330176804,-3.0053501990480025
93,12/08/14 00:00,-64.85712313920006,-3.0051243125800693
93,12/08/14 06:00,-64.81033,-3.063031999999992
93,12/08/14 12:00,-64.810589,-3.063393000000003
93,12/08/14 18:00,-64.821332,-3.057207000000008
93,12/09/14 00:00,-64.8576395741469,-3.005186726029303
93,12/09/14 06:00,-64.85751911692832,-3.0052592703715906
93,12/09/14 12:00,-64.85737500382251,-3.0053047282303167
93,12/09/14 18:00,-64.82835,-3.044885999999997
93,12/10/14 00:00,-64.85757446689087,-3.0054128949232606
93,12/10/14 06:00,-64.858409,-3.025448000000005
93,12/10/14 12:00,-64.858313,-3.024944999999997
93,12/10/14 18:00,-64.866888,-3.0254640000000057
93,12/12/14 00:00,-64.856367,-3.007416999999997
93,12/12/14 06:00,-64.856182,-3.007458000000007
93,12/12/14 12:00,-64.84821625725027,-3.0056458690683243
93,12/12/14 18:00,-64.845422,-2.978267000000004
93,12/13/14 00:00,-64.845397,-2.9782430000000057
93,12/13/14 06:00,-64.845162,-2.978333000000001
93,12/13/14 12:00,-64.845099,-2.978272999999993
93,12/13/14 18:00,-64.840405,-2.976589999999995
93,12/14/14 00:00,-64.835993,-2.9730979999999967
93,12/14/14 06:00,-64.84862013994626,-3.0042978718624425
93,12/14/14 12:00,-64.84863254477233,-3.004153173169178
93,12/14/14 18:00,-64.8485386281868,-3.003963443519951
93,12/15/14 00:00,-64.814959,-3.017935999999996
93,12/15/14 06:00,-64.816479,-3.0175210000000017
93,12/15/14 12:00,-64.84872266972347,-3.0039269611672004
93,12/15/14 18:00,-64.84862621627242,-3.003899998134605
93,12/16/14 00:00,-64.820666,-3.016729000000001
93,12/16/14 06:00,-64.84864115874564,-3.003927099775485
93,12/16/14 12:00,-64.821358,-3.017188999999998
93,12/16/14 18:00,-64.84868934382575,-3.0039993566346936
93,12/17/14 00:00,-64.835086,-2.9857239999999967
93,12/17/14 06:00,-64.835543,-2.985499999999996
93,12/17/14 12:00,-64.83883,-2.986375999999997
93,12/17/14 18:00,-64.84885940866293,-3.0043426766697814
93,12/18/14 00:00,-64.84894809865182,-3.0044329492966195
93,12/18/14 06:00,-64.873803,-2.990101
93,12/18/14 12:00,-64.84900536941974,-3.00455944474684
93,12/18/14 18:00,-64.84905562050835,-3.0045231898710654
93,12/19/14 00:00,-64.84913259680974,-3.004667736474223
93,12/19/14 06:00,-64.874351,-3.027341999999999
93,12/19/14 12:00,-64.874359,-3.0262229999999994
93,12/19/14 18:00,-64.868306,-3.025805000000005
93,12/20/14 00:00,-64.84928024411552,-3.0048845015834096
93,12/20/14 06:00,-64.859803,-3.023439000000004
93,12/20/14 12:00,-64.859835,-3.0237299999999907
93,12/20/14 18:00,-64.84926669174376,-3.004848355257782
93,12/21/14 00:00,-64.866776,-2.9827160000000004
93,12/21/14 06:00,-64.868121,-2.982424000000002
93,12/21/14 12:00,-64.867947,-2.9835449999999977
93,12/21/14 18:00,-64.84911084872995,-3.004939043893163
93,12/22/14 00:00,-64.885642,-2.988782999999994
93,12/22/14 06:00,-64.84901567878055,-3.004839739990679
93,12/22/14 12:00,-64.874776,-2.997109999999999
93,12/22/14 18:00,-64.84887484527228,-3.004496370339178
93,12/23/14 00:00,-64.84872399980702,-3.0042163140853044
93,12/23/14 06:00,-64.820856,-3.023511000000002
93,12/23/14 12:00,-64.831751,-3.019294999999994
93,12/23/14 18:00,-64.84881613068939,-3.004179987999977
93,12/24/14 00:00,-64.84871628913153,-3.0041439884035595
93,12/24/14 06:00,-64.831573,-2.9692859999999928
93,12/24/14 12:00,-64.847466,-2.9556279999999937
93,12/24/14 18:00,-64.84857706779745,-3.0044245380128536
93,12/25/14 00:00,-64.848126,-2.958758000000001
93,12/25/14 06:00,-64.848122,-2.958678000000001
93,12/25/14 12:00,-64.848208,-2.958804000000004
93,12/25/14 18:00,-64.847718,-2.966539999999993
93,12/26/14 00:00,-64.845195,-2.9692890000000016
93,12/26/14 06:00,-64.848115,-2.9787350000000083
93,12/26/14 12:00,-64.84646,-2.992494999999997
93,12/26/14 18:00,-64.84885327878291,-3.004541618766473
93,12/27/14 00:00,-64.84889620677852,-3.004496334003371
93,12/27/14 06:00,-64.845764,-2.977598999999997
93,12/27/14 12:00,-64.845782,-2.977539
93,12/27/14 18:00,-64.862391,-2.997411000000005
93,12/28/14 00:00,-64.886818,-3.0167139999999937
93,12/28/14 06:00,-64.886901,-3.0165899999999937
93,12/28/14 12:00,-64.885946,-3.0075300000000014
93,12/28/14 18:00,-64.8492690246165,-3.0050653676033723
93,12/29/14 00:00,-64.857841,-3.006945999999993
93,12/29/14 06:00,-64.84928332068958,-3.004875454001977
93,12/29/14 12:00,-64.877746,-3.0106770000000043
93,12/29/14 18:00,-64.870442,-3.0122510000000067
93,12/30/14 00:00,-64.84928647338043,-3.0049116180229616
93,12/30/14 06:00,-64.874024,-3.0166899999999925
93,12/30/14 12:00,-64.873891,-3.016745
93,12/30/14 18:00,-64.844053,-3.036112999999997
93,12/31/14 00:00,-64.843856,-3.0527960000000074
93,12/31/14 06:00,-64.84334900000002,-3.052740999999995
93,12/31/14 12:00,-64.84918586258395,-3.004251697890707
93,12/31/14 18:00,-64.843011,-3.062762000000006
93,01/01/15 00:00,-64.84905765509161,-3.004062026680331
93,01/01/15 06:00,-64.819833,-3.067123000000007
93,01/01/15 12:00,-64.84902191325688,-3.0040349604297494
93,01/01/15 18:00,-64.836291,-3.048155000000006
93,01/02/15 00:00,-64.843697,-3.0345379999999973
93,01/02/15 06:00,-64.843661,-3.0345680000000024
93,01/02/15 12:00,-64.84906655094477,-3.0041705197206983
93,01/02/15 18:00,-64.84893771329234,-3.004107442425104
93,01/03/15 00:00,-64.84879514874778,-3.0040715154968325
93,01/03/15 06:00,-64.836479,-3.021228999999994
93,01/03/15 12:00,-64.84872390051085,-3.00399025551995
93,01/03/15 18:00,-64.825307,-3.016006999999996
93,01/04/15 00:00,-64.825109,-3.0162340000000056
93,01/04/15 06:00,-64.84880662706877,-3.004044368929053
93,01/04/15 12:00,-64.84873076796241,-3.0040625826361755
93,01/04/15 18:00,-64.837911,-2.988243000000001
93,01/05/15 00:00,-64.84869463134288,-3.0041349828859345
93,01/05/15 06:00,-64.84395900000001,-2.9768440000000047
93,01/05/15 12:00,-64.84861246692043,-3.0040808685132685
93,01/05/15 18:00,-64.829091,-3.009774000000005
93,01/06/15 00:00,-64.84864064224064,-3.0039542277032294
93,01/06/15 06:00,-64.817971,-3.0190900000000065
93,01/06/15 12:00,-64.831074,-3.0173879999999933
93,01/06/15 18:00,-64.84888803956812,-3.0041527386528384
93,01/07/15 00:00,-64.84886459686996,-3.0042522443590043
93,01/07/15 06:00,-64.853773,-3.004692999999992
93,01/07/15 12:00,-64.84890258013641,-3.0044420690718217
93,01/07/15 18:00,-64.854904,-3.002413
93,01/08/15 00:00,-64.84892656260273,-3.0044962823675534
93,01/08/15 06:00,-64.857806,-2.995693000000007
93,01/08/15 12:00,-64.84893023176295,-3.004505318474444
93,01/08/15 18:00,-64.8489231897334,-3.004496288104908
93,01/09/15 00:00,-64.84892869751523,-3.004595744566842
93,01/09/15 06:00,-64.86457,-2.9969059999999987
93,01/09/15 12:00,-64.865419,-2.995328999999999
93,01/09/15 18:00,-64.84904723399423,-3.004550331180856
93,01/10/15 00:00,-64.86142000000001,-2.9656329999999977
93,01/10/15 06:00,-64.873001,-2.9873079999999983
93,01/11/15 06:00,-64.844743,-3.035518999999999
93,01/11/15 12:00,-64.8417725241456,-3.03593070675286
93,01/11/15 18:00,-64.840324,-3.0336779999999948
93,01/12/15 00:00,-64.840088,-3.033699999999992
93,01/12/15 06:00,-64.840566,-3.0333469999999965
93,01/12/15 12:00,-64.844398,-3.041171000000001
93,02/18/15 04:02,-64.832511,-3.031067999999994
93,04/04/15 06:00,-64.85002,-3.0837679999999947
93,04/04/15 12:00,-64.84993500000002,-3.084712000000005
93,04/04/15 18:00,-64.84993500000002,-3.083338999999993
93,04/05/15 00:00,-64.840236,-3.078703999999997
93,04/05/15 06:00,-64.838347,-3.0737259999999926
93,04/05/15 12:00,-64.838433,-3.073726
93,04/05/15 18:00,-64.838347,-3.0737259999999926
93,04/27/15 06:00,-64.776206,-3.1038519999999967
93,04/27/15 12:00,-64.776292,-3.103766000000002
93,04/27/15 18:00,-64.776292,-3.103766000000002
93,04/28/15 00:00,-64.775519,-3.106169999999996
93,04/28/15 06:00,-64.775262,-3.106169999999993
93,04/28/15 12:00,-64.775434,-3.106256000000004
93,04/28/15 18:00,-64.775262,-3.1062560000000072
93,05/03/15 06:00,-64.782987,-3.1007619999999925
93,05/03/15 12:00,-64.782987,-3.1007619999999925
93,05/03/15 18:00,-64.783072,-3.100761999999992
93,05/04/15 00:00,-64.782901,-3.100761999999996
93,05/04/15 06:00,-64.782987,-3.1007619999999925
93,05/04/15 12:00,-64.782987,-3.100677000000005
93,05/04/15 18:00,-64.782987,-3.100677000000005
93,05/05/15 00:00,-64.782214,-3.101105999999997
93,05/05/15 06:00,-64.782214,-3.101191999999999
93,05/05/15 12:00,-64.782214,-3.101191999999999
93,05/05/15 18:00,-64.782214,-3.101276999999992
93,05/12/15 00:00,-64.773202,-3.101449000000002
93,05/12/15 06:00,-64.773116,-3.1017070000000064
93,05/12/15 12:00,-64.773288,-3.1014489999999952
93,05/12/15 18:00,-64.773202,-3.101449000000002
93,05/13/15 00:00,-64.773288,-3.101621000000001
93,05/13/15 06:00,-64.773202,-3.101449000000002
93,05/13/15 12:00,-64.77303000000002,-3.101621000000001
93,05/13/15 18:00,-64.773116,-3.101535000000004
93,05/17/15 10:00,-64.787793,-3.107714999999996
93,05/17/15 16:00,-64.791055,-3.104881999999992
93,05/17/15 22:00,-64.791055,-3.1049679999999937
93,06/01/15 18:00,-64.825301,-3.037075999999993
93,06/02/15 00:00,-64.825387,-3.0372479999999977
93,06/02/15 06:00,-64.825301,-3.0371619999999986
93,06/02/15 12:00,-64.825387,-3.037075999999991
93,06/02/15 18:00,-64.826589,-3.040595000000005
93,06/03/15 00:00,-64.826589,-3.040681000000001
93,06/03/15 06:00,-64.826503,-3.040680999999992
93,06/03/15 12:00,-64.826589,-3.040595000000005
93,06/03/15 18:00,-64.82667400000001,-3.040508999999997
93,06/04/15 00:00,-64.82676,-3.040767
93,06/04/15 06:00,-64.826503,-3.0405950000000024
93,06/04/15 12:00,-64.82667400000001,-3.0393080000000023
93,06/04/15 18:00,-64.82667400000001,-3.0393080000000023
93,06/05/15 00:00,-64.828734,-3.029437000000001
93,06/05/15 06:00,-64.82783316720919,-3.03684968474173
93,06/05/15 12:00,-64.834313,-3.026775999999995
93,06/05/15 18:00,-64.834399,-3.0267760000000057
93,06/06/15 00:00,-64.838519,-3.0242010000000032
93,06/06/15 06:00,-64.827361,-3.0343289999999983
93,06/10/15 00:00,-64.811482,-3.035531000000001
93,06/10/15 06:00,-64.820666,-3.0334710000000022
93,06/10/15 12:00,-64.820409,-3.033384999999996
93,06/10/15 18:00,-64.82058,-3.033385000000003
93,06/11/15 00:00,-64.821095,-3.031840000000005
93,06/11/15 06:00,-64.828563,-3.029437000000007
93,06/11/15 12:00,-64.828649,-3.029437
93,06/14/15 22:00,-64.849162,-3.012357000000006
93,06/21/15 18:00,-64.840751,-3.039392999999993
93,06/22/15 00:00,-64.834313,-3.0442000000000027
93,06/22/15 06:00,-64.832768,-3.049263999999998
93,06/22/15 12:00,-64.832854,-3.049263999999998
93,06/22/15 18:00,-64.832854,-3.049350000000003
93,06/23/15 00:00,-64.82788407362283,-3.053867486989505
93,06/23/15 06:00,-64.824357,-3.05759
93,06/23/15 12:00,-64.822383,-3.058877000000008
93,06/23/15 18:00,-64.82798154067737,-3.0536593441120234
93,06/24/15 00:00,-64.82794957888505,-3.05354184692466
93,06/24/15 06:00,-64.818263,-3.0644560000000074
93,06/24/15 12:00,-64.817662,-3.0649709999999915
93,07/12/15 18:00,-64.850535,-3.036903999999995
93,07/13/15 00:00,-64.851737,-3.0351879999999967
93,07/13/15 06:00,-64.851737,-3.0351879999999967
93,07/13/15 12:00,-64.851823,-3.0352740000000007
93,07/13/15 18:00,-64.851823,-3.0351879999999967
93,07/14/15 00:00,-64.851136,-3.034844000000008
93,07/14/15 06:00,-64.851136,-3.032269
93,07/14/15 12:00,-64.851308,-3.029007999999997
93,07/14/15 18:00,-64.851394,-3.0290939999999944
93,07/15/15 00:00,-64.84921012917269,-3.03090848931906
93,07/15/15 06:00,-64.843583,-3.0207680000000083
93,07/15/15 12:00,-64.843583,-3.0207680000000083
93,07/15/15 18:00,-64.843669,-3.020767999999993
93,07/24/15 16:00,-64.823928,-3.040937999999996
93,07/24/15 22:00,-64.824014,-3.040938000000005
93,07/28/15 04:00,-64.808221,-3.067718000000004
93,07/28/15 10:01,-64.808307,-3.067631999999997
93,07/28/15 16:00,-64.811225,-3.068061000000008
93,07/28/15 22:01,-64.811311,-3.0680610000000064
93,07/31/15 06:00,-64.816031,-3.0872010000000008
93,07/31/15 12:00,-64.816031,-3.087115000000002
93,07/31/15 18:00,-64.816203,-3.086944000000002
93,08/01/15 00:00,-64.813113,-3.090892000000008
93,08/01/15 06:00,-64.813113,-3.090892000000008
93,08/01/15 12:00,-64.813113,-3.090720000000002
93,08/01/15 18:00,-64.813113,-3.090892000000008
94,01/22/15 17:31,-64.867343,-2.990310999999993
94,01/24/15 06:00,-64.874896,-2.9735379999999925
94,01/24/15 12:00,-64.874792,-2.9732630000000064
94,01/24/15 18:00,-64.876214,-2.971646000000002
94,01/25/15 00:00,-64.876219,-2.9717670000000025
94,01/25/15 06:00,-64.876444,-2.9655189999999947
94,01/25/15 12:00,-64.876595,-2.965414000000004
94,01/25/15 18:00,-64.876716,-2.965405999999996
94,01/26/15 00:00,-64.87755,-2.965341000000008
94,01/26/15 06:00,-64.87283307044662,-2.9556182741600243
94,01/26/15 12:00,-64.881205,-2.943426999999996
94,01/26/15 18:00,-64.87280539752064,-2.955708743397072
94,01/27/15 00:00,-64.884216,-2.938402999999994
94,01/27/15 06:00,-64.899035,-2.935386000000001
94,01/27/15 12:00,-64.899555,-2.9348649999999994
94,01/27/15 18:00,-64.899054,-2.9372769999999933
94,01/28/15 00:00,-64.8726272533459,-2.95573617206329
94,01/28/15 06:00,-64.87258479166421,-2.955555399354596
94,01/28/15 12:00,-64.875898,-2.9473500000000064
94,01/28/15 18:00,-64.876511,-2.931759000000007
94,01/29/15 00:00,-64.879434,-2.930105999999992
94,01/29/15 06:00,-64.87247109333818,-2.9554651697044427
94,01/29/15 12:00,-64.881379,-2.925513000000002
94,01/29/15 18:00,-64.876444,-2.924277000000006
94,01/30/15 00:00,-64.87225321540373,-2.9550948072534147
94,01/30/15 06:00,-64.848562,-2.9364570000000043
94,01/30/15 12:00,-64.848501,-2.936412000000007
94,01/30/15 18:00,-64.842644,-2.9604290000000035
94,01/31/15 00:00,-64.87234934484418,-2.9549318841425043
94,01/31/15 06:00,-64.852007,-3.0102689999999965
94,01/31/15 12:00,-64.87257965105469,-2.9550038317877663
94,01/31/15 18:00,-64.87246509448758,-2.954904561319632
94,02/01/15 00:00,-64.841867,-2.975940000000005
94,02/01/15 06:00,-64.87273888287889,-2.954424859018555
94,02/01/15 12:00,-64.870469,-2.967277999999995
94,02/02/15 12:00,-64.881845,-2.9500590000000027
94,02/02/15 18:00,-64.88237,-2.9501729999999973
94,02/03/15 00:00,-64.885219,-2.9477850000000023
94,02/03/15 06:00,-64.882323,-2.9335970000000056
94,02/03/15 12:00,-64.878521,-2.9331809999999976
94,02/03/15 18:00,-64.89329240429282,-2.944769019760722
94,02/04/15 00:00,-64.89344674664865,-2.944795882611032
94,02/04/15 06:00,-64.914671,-2.9366980000000003
94,02/04/15 12:00,-64.911231,-2.9468279999999925
94,02/04/15 18:00,-64.909858,-2.9503279999999954
94,02/05/15 00:00,-64.903204,-2.9481859999999966
94,02/06/15 06:00,-64.856334,-2.931154999999994
94,02/06/15 12:00,-64.856196,-2.9311009999999964
94,02/06/15 18:00,-64.854865,-2.9314179999999963
94,02/07/15 00:00,-64.85914681509897,-2.949962822503142
94,02/07/15 06:00,-64.853274,-2.9318150000000065
94,02/07/15 12:00,-64.852449,-2.931915000000004
94,02/07/15 18:00,-64.852617,-2.925035999999993
94,02/08/15 00:00,-64.85973584585179,-2.949753860141164
94,02/08/15 06:00,-64.910173,-2.935881000000003
94,02/08/15 12:00,-64.85972285712599,-2.949717712756743
94,02/08/15 18:00,-64.8597327046802,-2.949554934794773
94,02/09/15 00:00,-64.85973378382684,-2.949527806078804
94,02/09/15 06:00,-64.872555,-2.9738960000000074
94,02/09/15 12:00,-64.866688,-2.976021000000003
94,02/09/15 18:00,-64.8598375494256,-2.9493919972610723
94,02/10/15 00:00,-64.85965682551657,-2.9492204970994327
94,02/10/15 06:00,-64.83750200000001,-2.9585609999999942
94,02/10/15 12:00,-64.839378,-2.967740999999996
94,02/10/15 18:00,-64.85977858317537,-2.949256461798441
94,02/11/15 00:00,-64.8597493833283,-2.9492745954464725
94,02/11/15 06:00,-64.865118,-2.9641449999999967
94,02/11/15 12:00,-64.86004128713768,-2.9488672016279094
94,02/11/15 18:00,-64.873395,-2.963955000000001
94,02/13/15 00:00,-64.833496,-2.968131000000003
94,02/13/15 06:00,-64.838003,-2.9573749999999976
94,02/13/15 12:00,-64.848858,-2.952404999999992
94,02/13/15 18:00,-64.88068419434896,-2.930702735779632
94,02/14/15 00:00,-64.861249,-2.939906000000008
94,02/14/15 06:00,-64.886873,-2.9205710000000025
94,02/14/15 12:00,-64.88107965414149,-2.9305483509108687
94,02/14/15 18:00,-64.88106750864777,-2.930512202639847
94,02/15/15 00:00,-64.878966,-2.915772000000002
94,02/15/15 06:00,-64.890522,-2.907150000000005
94,02/15/15 12:00,-64.890443,-2.907375
94,02/15/15 18:00,-64.890345,-2.907236000000004
94,02/16/15 00:00,-64.890369,-2.907148999999993
94,02/16/15 06:00,-64.893986,-2.904361000000006
94,02/16/15 12:00,-64.88116358784666,-2.9306567155300285
94,02/16/15 18:00,-64.893766,-2.903763999999996
94,02/17/15 00:00,-64.88123889376887,-2.93064754619345
94,02/17/15 06:00,-64.911024,-2.917132000000004
94,02/17/15 12:00,-64.88128377092382,-2.930593217266807
94,02/17/15 18:00,-64.88132466808602,-2.9305117684838025
94,02/18/15 00:00,-64.88140590621742,-2.9305206735110687
94,02/18/15 06:00,-64.909068,-2.9389190000000016
94,02/18/15 12:00,-64.911232,-2.946762999999996
94,02/18/15 18:00,-64.894836,-2.962915000000007
94,02/19/15 22:02,-64.87547,-2.9729480000000064
94,02/20/15 10:02,-64.890758,-2.9405399999999986
94,02/20/15 22:02,-64.878284,-2.931194999999994
94,02/21/15 04:01,-64.877587,-2.9316939999999967
94,02/22/15 06:00,-64.871851,-2.9165719999999955
94,02/22/15 12:00,-64.892817,-2.9059540000000044
94,02/22/15 18:00,-64.899561,-2.8985419999999915
94,02/23/15 00:00,-64.905118,-2.885239999999996
94,02/23/15 06:00,-64.8959445404535,-2.9092470540095454
94,02/23/15 12:00,-64.89603596334649,-2.909129352028553
94,02/23/15 18:00,-64.89611854401912,-2.9091020861726102
94,02/24/15 00:00,-64.917209,-2.883106999999992
94,02/24/15 06:00,-64.8960420555866,-2.909075089024792
94,02/24/15 12:00,-64.898988,-2.8992820000000075
94,02/24/15 18:00,-64.89608510922913,-2.908939384519348
94,02/25/15 00:00,-64.89606896903338,-2.9088670748335264
94,02/25/15 06:00,-64.891993,-2.9067049999999983
94,02/25/15 12:00,-64.888321,-2.922822000000008
94,02/25/15 18:00,-64.888279,-2.922812999999996
94,02/26/15 00:00,-64.887394,-2.923505000000004
94,02/26/15 06:00,-64.899895,-2.9173149999999954
94,02/26/15 12:00,-64.908924,-2.910582000000004
94,02/26/15 18:00,-64.89646175212778,-2.9086313162795614
94,02/27/15 00:00,-64.909007,-2.909830000000002
94,02/28/15 12:00,-64.902709,-2.936652000000007
94,02/28/15 18:00,-64.9128226068443,-2.8958271677666194
94,03/01/15 00:00,-64.898391,-2.931790999999999
94,03/01/15 06:00,-64.913177,-2.902384
94,03/01/15 12:00,-64.91363513315844,-2.894686493518997
94,03/01/15 18:00,-64.91368110140117,-2.894614079308804
94,03/02/15 00:00,-64.922505,-2.8808739999999964
94,03/02/15 06:00,-64.929914,-2.868545999999993
94,03/02/15 12:00,-64.929886,-2.868605999999996
94,03/02/15 18:00,-64.93420200000001,-2.861416999999996
94,03/03/15 00:00,-64.928691,-2.868232999999996
94,03/03/15 06:00,-64.91369998412789,-2.8944784168543034
94,03/03/15 12:00,-64.91371149927778,-2.8943065987883365
94,03/03/15 18:00,-64.91372102409741,-2.894288498575172
94,03/04/15 00:00,-64.926459,-2.871928999999999
94,03/04/15 06:00,-64.91370129825873,-2.8944241624569167
94,03/04/15 12:00,-64.921697,-2.869081999999997
94,03/04/15 18:00,-64.920657,-2.8690409999999984
94,03/05/15 00:00,-64.921017,-2.870035
94,03/05/15 06:00,-64.921491,-2.8793090000000072
94,03/05/15 12:00,-64.933066,-2.8620760000000045
94,03/05/15 18:00,-64.91375799859003,-2.8945506546573414
94,03/06/15 00:00,-64.944175,-2.856695999999998
94,03/06/15 06:00,-64.91361366900426,-2.8942886806798493
94,03/06/15 12:00,-64.91354863667746,-2.8940536982378724
94,03/06/15 18:00,-64.909303,-2.9079419999999976
94,03/07/15 00:00,-64.905103,-2.913960999999996
94,03/07/15 06:00,-64.91351012865172,-2.8935474099180967
94,03/07/15 12:00,-64.872712,-2.938626999999999
94,03/07/15 18:00,-64.872479,-2.9385349999999986
94,03/08/15 00:00,-64.91369258045987,-2.893583268630504
94,03/08/15 06:00,-64.91364714394716,-2.893637597855594
94,03/08/15 12:00,-64.91360474614025,-2.893492997298277
94,03/08/15 18:00,-64.900935,-2.9170800000000043
94,03/09/15 00:00,-64.903044,-2.915530000000004
94,03/10/15 00:00,-64.909135,-2.910604
94,03/10/15 06:00,-64.89689079310752,-2.9159547036346494
94,03/10/15 12:00,-64.89702934013843,-2.915782668795295
94,03/10/15 18:00,-64.89709237767673,-2.9156650145498464
94,03/11/15 00:00,-64.889573,-2.911771
94,03/11/15 06:00,-64.887642,-2.907749000000005
94,03/11/15 12:00,-64.89724313069118,-2.915565295943668
94,03/11/15 18:00,-64.8972878164058,-2.915565220243661
94,03/12/15 00:00,-64.89732297699099,-2.9155832449007364
94,03/12/15 06:00,-64.90661,-2.912160000000009
94,03/12/15 12:00,-64.89734125988936,-2.9155922560382725
94,03/12/15 18:00,-64.8973485518333,-2.915583201573705
94,03/13/15 00:00,-64.906004,-2.913459000000006
94,03/13/15 06:00,-64.89492,-2.9253520000000086
94,03/13/15 12:00,-64.89739909396977,-2.9155559896150027
94,03/13/15 18:00,-64.89736978981121,-2.915510828706348
94,03/14/15 00:00,-64.89734243779783,-2.91545662237726
94,03/14/15 06:00,-64.889259,-2.921760000000005
94,03/14/15 12:00,-64.899739,-2.917860000000001
94,03/15/15 18:00,-64.916719,-2.8860710000000074
94,03/16/15 00:00,-64.925538,-2.8669189999999927
94,03/16/15 06:00,-64.926239,-2.867972000000002
94,03/16/15 12:00,-64.90670531513098,-2.918099088124799
94,03/16/15 18:00,-64.90691585706197,-2.917456743056835
94,03/17/15 00:00,-64.925144,-2.867913000000007
94,03/17/15 06:00,-64.90698977583352,-2.9169593038050143
94,03/17/15 12:00,-64.908882,-2.9106269999999976
94,03/17/15 18:00,-64.90710551727511,-2.916597424243116
94,03/18/15 00:00,-64.908827,-2.9106279999999924
94,03/18/15 06:00,-64.90717762965588,-2.916362207860266
94,03/18/15 12:00,-64.90715914870049,-2.916235650508673
94,03/18/15 18:00,-64.907115883656,-2.9162447662601485
94,03/19/15 00:00,-64.913295,-2.9483270000000026
94,03/19/15 06:00,-64.90713996175106,-2.916190472891838
94,03/19/15 12:00,-64.896685,-2.9671209999999983
94,03/19/15 18:00,-64.90727395406746,-2.9154849640722924
94,03/20/15 00:00,-64.9072497111444,-2.9142733694351564
94,03/20/15 06:00,-64.855258,-2.989722999999993
94,03/21/15 16:02,-64.909888,-2.907936999999994
94,03/23/15 04:01,-64.900665,-2.9316860000000013
94,03/23/15 10:01,-64.890368,-2.927161000000005
94,03/24/15 18:00,-64.840865,-2.9385020000000024
94,03/25/15 00:00,-64.87312565572783,-2.934431826805656
94,03/25/15 06:00,-64.846195,-2.9657889999999942
94,03/25/15 12:00,-64.8341,-2.9738799999999976
94,03/25/15 18:00,-64.87460435247533,-2.9329644960461034
94,03/26/15 00:00,-64.87462221919782,-2.932892128148532
94,03/26/15 06:00,-64.863086,-2.981050000000001
94,03/26/15 12:00,-64.87504440697155,-2.9330903461576288
94,03/26/15 18:00,-64.887389,-2.968448000000001
94,03/27/15 00:00,-64.907613,-2.9355879999999965
94,03/27/15 06:00,-64.898019,-2.928186000000003
94,03/27/15 12:00,-64.897584,-2.928344000000007
94,03/27/15 18:00,-64.890323,-2.927627000000005
94,03/28/15 00:00,-64.884385,-2.914366000000002
94,03/28/15 06:00,-64.90237,-2.8951550000000013
94,03/28/15 12:00,-64.87489987701991,-2.9332171807236334
94,03/28/15 18:00,-64.87495712087814,-2.9331628309638247
94,03/29/15 00:00,-64.910474,-2.8776900000000007
94,03/29/15 06:00,-64.917876,-2.8743220000000065
94,03/29/15 12:00,-64.87463064591223,-2.9332266763484265
94,03/29/15 18:00,-64.87473604967828,-2.933063738779893
94,03/30/15 00:00,-64.912075,-2.8795840000000075
94,03/30/15 06:00,-64.87458856847704,-2.9329373959416056
94,03/30/15 12:00,-64.87461416905815,-2.932783634980866
94,03/30/15 18:00,-64.87461660814566,-2.932729377513301
94,03/31/15 00:00,-64.893928,-2.9106560000000057
94,03/31/15 06:00,-64.87452616514143,-2.932593896373035
94,03/31/15 12:00,-64.87438041048107,-2.932322874895295
94,03/31/15 18:00,-64.842366,-2.925976999999998
94,04/01/15 00:00,-64.835339,-2.9475429999999925
94,04/01/15 06:00,-64.835837,-2.9738380000000024
94,04/01/15 12:00,-64.87475305278333,-2.932304163152658
94,04/01/15 18:00,-64.87462390528029,-2.932385760608505
94,04/02/15 00:00,-64.860254,-2.976162999999998
94,04/02/15 06:00,-64.87475995368072,-2.93256637609268
94,04/02/15 12:00,-64.880732,-2.9508349999999983
94,04/02/15 18:00,-64.8745909070158,-2.932485280655849
94,04/03/15 00:00,-64.836215,-2.941648999999994
94,04/03/15 06:00,-64.85348500000002,-2.9236340000000047
94,04/03/15 12:00,-64.87465787733984,-2.932702181350412
94,04/03/15 18:00,-64.875503,-2.914308000000004
94,04/04/15 00:00,-64.901251,-2.916761
94,04/04/15 06:00,-64.87485965628889,-2.9326927993800744
94,04/04/15 12:00,-64.87513521033236,-2.931923746301392
94,04/04/15 18:00,-64.90556,-2.885100000000005
94,04/05/15 22:02,-64.916648,-2.885901000000004
94,04/06/15 22:03,-64.903296,-2.893159000000004
94,04/07/15 22:02,-64.903285,-2.893508000000001
94,04/09/15 00:00,-64.914857,-2.8633300000000026
94,04/09/15 06:00,-64.918367,-2.8612809999999933
94,04/09/15 12:00,-64.932228,-2.848975999999996
94,04/09/15 18:00,-64.932173,-2.8490429999999973
94,04/10/15 00:00,-64.9184541836668,-2.870282979438132
94,04/10/15 06:00,-64.914084,-2.877420999999995
94,04/10/15 12:00,-64.91248,-2.8785600000000025
94,04/10/15 18:00,-64.91866188604001,-2.8696225627522653
94,04/11/15 00:00,-64.91869738451663,-2.869170402635293
94,04/11/15 06:00,-64.910112,-2.9001020000000035
94,04/13/15 00:00,-64.910992,-2.890678999999994
94,04/13/15 06:00,-64.90320041230092,-2.886005662932197
94,04/13/15 12:00,-64.904933,-2.888925999999994
94,04/13/15 18:00,-64.90336317123747,-2.8858607157907192
94,04/14/15 00:00,-64.907676,-2.881629000000006
94,04/14/15 06:00,-64.90334843710396,-2.885788403906952
94,04/14/15 12:00,-64.895774,-2.881962999999997
94,04/14/15 18:00,-64.905581,-2.883293999999995
94,04/15/15 00:00,-64.90541,-2.883283999999992
94,04/15/15 06:00,-64.905524,-2.883210000000004
94,04/15/15 12:00,-64.905671,-2.884566999999999
94,04/15/15 18:00,-64.90345044755031,-2.8856164327195075
94,04/16/15 00:00,-64.892486,-2.891427000000004
94,04/17/15 00:00,-64.901091,-2.877883000000006
94,04/17/15 06:00,-64.907795,-2.875920999999993
94,04/17/15 12:00,-64.916726,-2.8862019999999946
94,04/17/15 18:00,-64.899735,-2.898876000000008
94,04/18/15 00:00,-64.891725,-2.900479000000005
94,04/18/15 06:00,-64.896308,-2.902310000000003
94,04/18/15 12:00,-64.91119030119924,-2.845239695917323
94,04/18/15 18:00,-64.897155,-2.901483
94,04/19/15 00:00,-64.91116373611439,-2.845149319677062
94,04/19/15 06:00,-64.907784,-2.875192999999997
94,04/19/15 12:00,-64.896016,-2.881736000000007
94,04/19/15 18:00,-64.89584,-2.881776999999996
94,04/20/15 00:00,-64.889201,-2.889577999999996
94,04/20/15 06:00,-64.897195,-2.901587000000008
94,04/20/15 12:00,-64.897167,-2.9014270000000058
94,04/20/15 18:00,-64.89707,-2.9013649999999966
94,04/21/15 00:00,-64.909687,-2.897024000000004
94,04/21/15 06:00,-64.91129686638398,-2.8451038877163293
94,04/21/15 12:00,-64.895259,-2.882481000000001
94,04/21/15 18:00,-64.895157,-2.8824389999999944
94,04/22/15 00:00,-64.91122961458585,-2.845221546345288
94,04/22/15 06:00,-64.91214900000001,-2.8748350000000067
94,04/22/15 12:00,-64.911819,-2.874921
94,04/22/15 18:00,-64.912037,-2.874842999999992
94,04/23/15 00:00,-64.91112270878277,-2.845321186925577
94,04/23/15 06:00,-64.9042,-2.8458310000000044
94,04/23/15 12:00,-64.903901,-2.845368000000005
94,04/23/15 18:00,-64.907418,-2.8408199999999995
94,04/24/15 00:00,-64.896221,-2.829740000000005
94,04/24/15 06:00,-64.8968,-2.830647000000005
94,04/24/15 12:00,-64.91085682952819,-2.845131746657487
94,04/24/15 18:00,-64.903638,-2.8318510000000074
94,04/25/15 00:00,-64.91089953009042,-2.8451226335054187
94,04/25/15 06:00,-64.91088225367382,-2.8450412838245804
94,04/25/15 12:00,-64.91080650965178,-2.8449509894400906
94,04/25/15 18:00,-64.895731,-2.881944999999998
94,04/26/15 00:00,-64.91092934253221,-2.8446252711337
94,04/26/15 06:00,-64.91073578686887,-2.8441554067288792
94,04/26/15 12:00,-64.835824,-2.930721000000008
94,04/26/15 18:00,-64.835564,-2.931127999999993
94,04/27/15 00:00,-64.846383,-2.9284489999999948
94,04/27/15 06:00,-64.91095291676456,-2.844435348844604
94,04/27/15 12:00,-64.897099,-2.9012829999999963
94,04/27/15 18:00,-64.897213,-2.9014879999999943
94,04/28/15 00:00,-64.91121389022491,-2.845058815668579
94,04/28/15 06:00,-64.910952,-2.8866930000000024
94,04/28/15 12:00,-64.898933,-2.898956000000002
94,04/28/15 18:00,-64.899037,-2.8990270000000056
94,04/29/15 00:00,-64.91129494591723,-2.84530281596304
94,04/29/15 06:00,-64.909378,-2.878783000000006
94,04/29/15 12:00,-64.919347,-2.8636150000000047
94,04/29/15 18:00,-64.919131,-2.863640999999995
94,04/30/15 00:00,-64.91102065284335,-2.845294230744068
94,04/30/15 06:00,-64.8967,-2.830692000000004
94,04/30/15 12:00,-64.896681,-2.8305830000000047
94,04/30/15 18:00,-64.897022,-2.8305000000000065
94,05/01/15 00:00,-64.890861,-2.822910000000004
94,05/01/15 06:00,-64.896561,-2.808213999999993
94,05/01/15 12:00,-64.896497,-2.808201
94,05/01/15 18:00,-64.896414,-2.8083439999999995
94,05/02/15 00:00,-64.9107315101984,-2.845312796334586
94,05/02/15 06:00,-64.90731,-2.8408520000000035
94,05/02/15 12:00,-64.907411,-2.8407789999999986
94,05/02/15 18:00,-64.907361,-2.840920999999994
94,05/03/15 00:00,-64.906945,-2.838903999999997
94,05/03/15 06:00,-64.90937,-2.847264
94,05/03/15 12:00,-64.915196,-2.853485000000008
94,05/03/15 18:00,-64.916034,-2.853680999999993
94,05/04/15 00:00,-64.917094,-2.858563000000004
94,05/04/15 06:00,-64.917548,-2.858086000000002
94,05/04/15 12:00,-64.915913,-2.853882999999994
94,05/04/15 18:00,-64.915952,-2.8539979999999923
94,05/05/15 00:00,-64.91155021015076,-2.845872039679682
94,05/05/15 06:00,-64.935006,-2.8557880000000053
94,05/05/15 12:00,-64.934483,-2.855451999999995
94,05/05/15 18:00,-64.93463400000002,-2.8552780000000006
94,05/06/15 00:00,-64.91186024443385,-2.846423087788715
94,05/06/15 06:00,-64.955395,-2.851283999999996
94,05/06/15 12:00,-64.955416,-2.851186999999996
94,05/06/15 18:00,-64.955328,-2.851178000000003
94,05/07/15 00:00,-64.969735,-2.8481970000000003
94,05/07/15 06:00,-64.978203,-2.844627999999997
94,05/07/15 12:00,-64.978178,-2.844618000000007
94,05/07/15 18:00,-64.977157,-2.8426159999999974
94,05/08/15 00:00,-64.954703,-2.842293999999993
94,05/08/15 06:00,-64.95494,-2.843471999999995
94,05/08/15 12:00,-64.954245,-2.8454549999999963
94,05/08/15 18:00,-64.954378,-2.8453959999999987
94,05/09/15 00:00,-64.954739,-2.841210999999995
94,05/09/15 06:00,-64.954713,-2.841192000000003
94,05/09/15 12:00,-64.955209,-2.8404670000000025
94,05/09/15 18:00,-64.95535,-2.8404810000000014
94,05/10/15 00:00,-64.946847,-2.8500809999999936
94,05/10/15 06:00,-64.944452,-2.8488390000000066
94,05/10/15 12:00,-64.944575,-2.848790000000005
94,05/10/15 18:00,-64.944455,-2.8487379999999995
94,05/11/15 00:00,-64.94385900000002,-2.8511209999999934
94,05/11/15 06:00,-64.943816,-2.8510339999999923
94,05/11/15 12:00,-64.939023,-2.849128999999994
94,05/11/15 18:00,-64.93264200000002,-2.841114000000001
94,05/12/15 00:00,-64.91132919628826,-2.8461346272752115
94,05/12/15 06:00,-64.929376,-2.803518999999996
94,05/12/15 12:00,-64.929402,-2.803479999999992
94,05/12/15 18:00,-64.929422,-2.8034960000000004
94,05/13/15 00:00,-64.924924,-2.8026639999999925
94,05/13/15 06:00,-64.903205,-2.809699000000001
94,05/13/15 12:00,-64.903195,-2.8095110000000063
94,05/13/15 18:00,-64.903281,-2.809594999999993
94,05/14/15 00:00,-64.91084560740661,-2.8454844052936505
94,05/14/15 06:00,-64.90176,-2.839832999999993
94,05/14/15 12:00,-64.916468,-2.8536340000000053
94,05/14/15 18:00,-64.916852,-2.844442999999998
94,05/15/15 00:00,-64.916634,-2.844646999999994
94,05/15/15 06:00,-64.91773,-2.863213999999993
94,05/15/15 12:00,-64.917706,-2.858059999999995
94,05/15/15 18:00,-64.91766,-2.8580599999999983
94,05/16/15 00:00,-64.921476,-2.8589719999999947
94,05/16/15 06:00,-64.912433,-2.8570509999999976
94,05/16/15 12:00,-64.912489,-2.857166
94,05/16/15 18:00,-64.912508,-2.8571380000000026
94,05/17/15 00:00,-64.905711,-2.8484479999999985
94,05/17/15 06:00,-64.91096413748268,-2.845276240762169
94,05/17/15 12:00,-64.896721,-2.8306250000000066
94,05/17/15 18:00,-64.903572,-2.831808999999999
94,05/18/15 00:00,-64.896729,-2.830631999999993
94,05/18/15 06:00,-64.899263,-2.822664999999993
94,05/18/15 12:00,-64.899271,-2.8225839999999938
94,05/18/15 18:00,-64.899272,-2.8226669999999934
94,05/19/15 00:00,-64.900903,-2.810421000000003
94,05/19/15 06:00,-64.894871,-2.803750000000008
94,05/19/15 12:00,-64.91085747192083,-2.84569235268312
94,05/19/15 18:00,-64.9158,-2.797111000000004
94,05/20/15 00:00,-64.932184,-2.7736509999999948
94,05/20/15 06:00,-64.937715,-2.7561280000000044
94,05/20/15 12:00,-64.93784600000001,-2.756138999999996
94,05/20/15 18:00,-64.937842,-2.7561529999999994
94,05/21/15 00:00,-64.91090256288673,-2.846451809751529
94,05/21/15 06:00,-64.91135539527518,-2.8465143496054925
94,05/21/15 12:00,-64.988753,-2.8051749999999944
94,05/21/15 18:00,-64.984414,-2.8139619999999965
94,05/22/15 00:00,-64.91124007365832,-2.8466230463400524
94,05/22/15 06:00,-64.91139427862798,-2.8464057802477862
94,05/22/15 12:00,-64.951004,-2.852083000000001
94,05/22/15 18:00,-64.950975,-2.8520780000000028
94,05/23/15 00:00,-64.935966,-2.854529000000004
94,05/23/15 06:00,-64.91151319389598,-2.8462609093480005
94,05/23/15 12:00,-64.933488,-2.856201000000007
94,05/23/15 18:00,-64.933514,-2.8563149999999977
94,05/24/15 00:00,-64.933459,-2.856280999999992
94,05/24/15 06:00,-64.93004200000001,-2.8581730000000025
94,05/24/15 12:00,-64.930619,-2.857858999999992
94,05/24/15 18:00,-64.930695,-2.857898000000005
94,05/25/15 00:00,-64.91133365868629,-2.845772937946868
94,05/25/15 06:00,-64.912495,-2.857141999999997
94,05/25/15 12:00,-64.912593,-2.857036999999997
94,05/25/15 18:00,-64.912444,-2.857066999999994
94,05/26/15 00:00,-64.913465,-2.859244999999996
94,05/26/15 06:00,-64.920354,-2.8615149999999945
94,05/26/15 12:00,-64.921219,-2.8613320000000018
94,05/26/15 18:00,-64.921218,-2.8612260000000065
94,05/27/15 00:00,-64.91122000424748,-2.8455289919838096
94,05/27/15 06:00,-64.908027,-2.851055000000001
94,05/27/15 12:00,-64.9110998585601,-2.8454387716139715
94,05/27/15 18:00,-64.91504,-2.853436000000006
94,05/28/15 00:00,-64.90813,-2.845753000000005
94,05/28/15 06:00,-64.908225,-2.845698000000004
94,05/28/15 12:00,-64.908415,-2.8437120000000013
94,05/28/15 18:00,-64.908177,-2.8435429999999937
94,05/29/15 00:00,-64.91099821570663,-2.84532139425728
94,05/29/15 06:00,-64.91088987300888,-2.8452311541833115
94,05/29/15 12:00,-64.901904,-2.839781999999999
94,05/29/15 18:00,-64.901781,-2.8398090000000056
94,05/30/15 00:00,-64.91080530005105,-2.845240337061829
94,05/30/15 06:00,-64.903585,-2.8329609999999947
94,05/30/15 12:00,-64.903582,-2.8328959999999963
94,05/30/15 18:00,-64.903527,-2.833017999999995
94,05/31/15 00:00,-64.893114,-2.8234939999999926
94,05/31/15 06:00,-64.889827,-2.8103850000000064
94,05/31/15 12:00,-64.890245,-2.812110000000003
94,05/31/15 18:00,-64.890258,-2.812181999999997
94,06/01/15 00:00,-64.91058618972468,-2.845123155221762
94,06/01/15 06:00,-64.89732,-2.7961620000000007
94,06/01/15 12:00,-64.897162,-2.796273000000005
94,06/01/15 18:00,-64.904671,-2.8035469999999973
94,06/02/15 00:00,-64.9049,-2.818160000000007
94,06/02/15 06:00,-64.905734,-2.842165999999996
94,06/02/15 12:00,-64.913407,-2.847313000000004
94,06/02/15 18:00,-64.913252,-2.8471400000000058
94,06/03/15 00:00,-64.908501,-2.848615999999993
94,06/03/15 06:00,-64.911071,-2.856140999999999
94,06/03/15 12:00,-64.915109,-2.853479999999993
94,06/03/15 18:00,-64.915215,-2.8534470000000005
94,06/04/15 00:00,-64.913401,-2.8593879999999974
94,06/04/15 06:00,-64.9135,-2.8594179999999936
94,06/04/15 12:00,-64.913492,-2.859440999999996
94,06/04/15 18:00,-64.913464,-2.859448000000001
94,06/05/15 00:00,-64.913419,-2.8594340000000056
94,06/05/15 06:00,-64.913517,-2.8594549999999983
94,06/05/15 12:00,-64.913614,-2.859719000000001
94,06/05/15 18:00,-64.913536,-2.859727999999997
94,06/06/15 00:00,-64.91120981093235,-2.845311999808898
94,06/06/15 06:00,-64.90530500000001,-2.8818440000000085
94,06/06/15 12:00,-64.91031,-2.8820790000000045
94,06/06/15 18:00,-64.902009,-2.889032000000004
94,06/07/15 00:00,-64.891613,-2.896372999999998
94,06/07/15 06:00,-64.897281,-2.901316
94,06/07/15 12:00,-64.896835,-2.8954770000000054
94,06/07/15 18:00,-64.896902,-2.8955530000000023
94,06/08/15 00:00,-64.91135801215852,-2.8452032483977354
94,06/08/15 06:00,-64.906084,-2.874598
94,06/08/15 12:00,-64.91315,-2.8592159999999955
94,06/08/15 18:00,-64.913638,-2.8594379999999924
94,06/09/15 00:00,-64.91344,-2.8594339999999967
94,06/09/15 06:00,-64.913478,-2.859430000000002
94,06/09/15 12:00,-64.913482,-2.859370999999996
94,06/09/15 18:00,-64.913467,-2.8594600000000074
94,06/10/15 00:00,-64.91981,-2.863532000000008
94,06/10/15 06:00,-64.919935,-2.863524999999992
94,06/10/15 12:00,-64.918426,-2.861307999999996
94,06/10/15 18:00,-64.91145934829963,-2.845646139898589
94,06/11/15 00:00,-64.91144003222763,-2.845691382312015
94,06/11/15 06:00,-64.930673,-2.8578350000000023
94,06/11/15 12:00,-64.931004,-2.857730999999996
94,06/11/15 18:00,-64.930851,-2.858026000000001
94,06/12/15 00:00,-64.93682,-2.8540240000000017
94,06/12/15 06:00,-64.939075,-2.854626000000008
94,06/12/15 12:00,-64.939011,-2.854701000000005
94,06/12/15 18:00,-64.939129,-2.854677999999994
94,06/13/15 00:00,-64.930417,-2.8534620000000035
94,06/13/15 06:00,-64.923256,-2.848781999999999
94,06/13/15 12:00,-64.92324500000001,-2.8487849999999937
94,06/13/15 18:00,-64.923213,-2.848901999999996
94,06/14/15 00:00,-64.91113518005899,-2.845556259414918
94,06/14/15 06:00,-64.910975778569,-2.845348557770754
94,06/14/15 12:00,-64.903591,-2.832998999999994
94,06/14/15 18:00,-64.90362,-2.833035000000001
94,06/15/15 00:00,-64.895803,-2.832937999999999
94,06/15/15 06:00,-64.901922,-2.839862000000007
94,06/15/15 12:00,-64.904443,-2.8351659999999987
94,06/15/15 18:00,-64.904475,-2.8351039999999927
94,06/16/15 00:00,-64.902912,-2.813955000000003
94,06/16/15 06:00,-64.902894,-2.813928000000005
94,06/16/15 12:00,-64.902929,-2.813833000000004
94,06/16/15 18:00,-64.902754,-2.813966000000004
94,06/17/15 00:00,-64.895102,-2.8066260000000063
94,06/17/15 06:00,-64.91064371195195,-2.8452406061169
94,06/17/15 12:00,-64.899217,-2.822651999999992
94,06/17/15 18:00,-64.899193,-2.822667000000004
94,06/18/15 00:00,-64.91072242811634,-2.8452585591533435
94,06/18/15 06:00,-64.901369,-2.830908000000002
94,06/18/15 12:00,-64.903578,-2.8328360000000026
94,06/18/15 18:00,-64.903598,-2.832894000000006
94,06/19/15 00:00,-64.903429,-2.832891000000006
94,06/19/15 06:00,-64.90191,-2.839962999999992
94,06/19/15 12:00,-64.90361600000001,-2.832624000000002
94,06/19/15 18:00,-64.903683,-2.8328279999999952
94,06/20/15 00:00,-64.91090998945285,-2.845330583231429
94,06/20/15 06:00,-64.905829,-2.837150000000007
94,06/20/15 12:00,-64.9058,-2.837162999999993
94,06/20/15 18:00,-64.905779,-2.8372089999999948
94,06/21/15 00:00,-64.91106959747539,-2.845493074306509
94,06/21/15 06:00,-64.913673,-2.8526749999999983
94,06/21/15 12:00,-64.913717,-2.852745000000003
94,06/21/15 18:00,-64.923264,-2.8488110000000004
94,06/22/15 00:00,-64.9121,-2.852345000000005
94,06/22/15 06:00,-64.934947,-2.855800999999999
94,06/22/15 12:00,-64.93223,-2.848834999999998
94,06/22/15 18:00,-64.932236,-2.8491889999999924
94,06/23/15 00:00,-64.91113223777764,-2.8456466848000903
94,06/23/15 06:00,-64.91096684541812,-2.845384740844952
94,06/23/15 12:00,-64.902151,-2.826885999999997
94,06/23/15 18:00,-64.902151,-2.826902000000004
94,06/24/15 00:00,-64.902233,-2.826858999999993
94,06/24/15 06:00,-64.902173,-2.826872000000005
94,06/24/15 12:00,-64.902255,-2.8268720000000025
94,06/24/15 18:00,-64.90218,-2.82692
94,06/25/15 00:00,-64.9023,-2.826781000000008
94,06/25/15 06:00,-64.902128,-2.826914000000001
94,06/25/15 12:00,-64.902317,-2.826842000000007
94,06/25/15 18:00,-64.902149,-2.8268489999999944
94,06/26/15 00:00,-64.901613,-2.828771999999997
94,06/26/15 06:00,-64.901803,-2.829334000000004
94,06/26/15 12:00,-64.898974,-2.8329270000000006
94,06/26/15 18:00,-64.899177,-2.8329960000000005
94,06/27/15 00:00,-64.903685,-2.832643000000008
94,06/27/15 06:00,-64.91077833675745,-2.8452494240094754
94,06/27/15 12:00,-64.903102,-2.8203500000000017
94,06/27/15 18:00,-64.902839,-2.820412999999995
94,06/28/15 00:00,-64.896206,-2.829686000000001
94,06/28/15 06:00,-64.89672,-2.830623
94,06/28/15 12:00,-64.903688,-2.8319120000000018
94,06/28/15 18:00,-64.903498,-2.8319699999999925
94,06/29/15 00:00,-64.902807,-2.842886000000002
94,06/29/15 06:00,-64.91086268826682,-2.8452764097007828
94,06/29/15 12:00,-64.90212,-2.8400760000000047
94,06/29/15 18:00,-64.902035,-2.8401339999999924
94,06/30/15 00:00,-64.901961,-2.8399620000000056
94,06/30/15 06:00,-64.901906,-2.840016999999997
94,06/30/15 12:00,-64.916502,-2.853638999999994
94,06/30/15 18:00,-64.916679,-2.853628999999994
94,07/01/15 00:00,-64.914149,-2.8548889999999982
94,07/01/15 06:00,-64.91098515658263,-2.8454118364978296
94,07/01/15 12:00,-64.90536,-2.8358700000000034
94,07/01/15 18:00,-64.905208,-2.836010999999996
94,07/02/15 00:00,-64.898753,-2.8310959999999925
94,07/02/15 06:00,-64.897943,-2.8302249999999973
94,07/02/15 12:00,-64.898005,-2.830229000000005
94,07/02/15 18:00,-64.898298,-2.8302429999999967
94,07/03/15 00:00,-64.91068645528911,-2.845086820083944
94,07/03/15 06:00,-64.88918,-2.820186000000002
94,07/03/15 12:00,-64.896156,-2.8201710000000006
94,07/03/15 18:00,-64.896269,-2.8204779999999943
94,07/04/15 00:00,-64.91069263970078,-2.845258608752936
94,07/04/15 06:00,-64.91067255306045,-2.845177263739685
94,07/04/15 12:00,-64.898824,-2.788381000000005
94,07/04/15 18:00,-64.898866,-2.7883490000000024
94,07/05/15 00:00,-64.904999,-2.804327999999996
94,07/05/15 06:00,-64.903577,-2.808850000000007
94,07/05/15 12:00,-64.903537,-2.8090549999999923
94,07/05/15 18:00,-64.903769,-2.808987000000004
94,07/06/15 00:00,-64.902693,-2.820429999999994
94,07/06/15 06:00,-64.901869,-2.820513000000002
94,07/06/15 12:00,-64.901952,-2.8207190000000084
94,07/06/15 18:00,-64.902401,-2.820135000000006
94,07/07/15 00:00,-64.9107436537486,-2.8453489443162487
94,07/07/15 06:00,-64.902015,-2.8400870000000067
94,07/07/15 12:00,-64.905515,-2.837098999999996
94,07/07/15 18:00,-64.90582,-2.837281000000006
94,07/08/15 00:00,-64.903086,-2.8443290000000045
94,07/08/15 06:00,-64.91087287955304,-2.8453216029794106
94,07/08/15 12:00,-64.902082,-2.8400259999999964
94,07/08/15 18:00,-64.905304,-2.8360990000000044
94,07/09/15 00:00,-64.905224,-2.8362910000000072
94,07/09/15 06:00,-64.905048,-2.836330999999997
94,07/09/15 12:00,-64.906819,-2.824309
94,07/09/15 18:00,-64.906641,-2.824244999999997
94,07/10/15 00:00,-64.902696,-2.824564
94,07/10/15 06:00,-64.902896,-2.8203509999999947
94,07/10/15 12:00,-64.902736,-2.8204100000000043
94,07/10/15 18:00,-64.902812,-2.8204329999999973
94,07/11/15 00:00,-64.91066255537048,-2.845249616793485
94,07/11/15 06:00,-64.896701,-2.830492000000007
94,07/11/15 12:00,-64.899223,-2.822636999999998
94,07/11/15 18:00,-64.899174,-2.8227140000000057
94,07/12/15 00:00,-64.898954,-2.822463000000004
94,07/12/15 06:00,-64.898892,-2.822391000000004
94,07/12/15 12:00,-64.896212,-2.820191000000003
94,07/12/15 18:00,-64.896507,-2.808235000000006
94,07/13/15 00:00,-64.889672,-2.8076680000000067
94,07/13/15 06:00,-64.883271,-2.794800999999993
94,07/13/15 12:00,-64.898902,-2.788311999999996
94,07/13/15 18:00,-64.898767,-2.788284000000006
94,07/14/15 00:00,-64.91072509525037,-2.845683531091219
94,07/14/15 06:00,-64.923548,-2.7943279999999966
94,07/14/15 12:00,-64.923436,-2.794317000000002
94,07/14/15 18:00,-64.923416,-2.7947170000000074
94,07/15/15 00:00,-64.91101612185233,-2.8461261068019743
94,07/15/15 06:00,-64.933002,-2.8279729999999943
94,07/15/15 12:00,-64.933016,-2.827985000000002
94,07/15/15 18:00,-64.939506,-2.821373000000005
94,07/16/15 00:00,-64.93831,-2.830262999999995
94,07/16/15 06:00,-64.931296,-2.837020000000002
94,07/16/15 12:00,-64.931395,-2.8371349999999973
94,07/16/15 18:00,-64.931428,-2.8371209999999967
94,07/17/15 00:00,-64.91112920815078,-2.845854656960613
94,07/17/15 06:00,-64.916493,-2.853663999999997
94,07/17/15 12:00,-64.913833,-2.8526480000000056
94,07/17/15 18:00,-64.915144,-2.8534510000000064
94,07/18/15 00:00,-64.905981,-2.846636000000003
94,07/18/15 06:00,-64.90182,-2.8400549999999924
94,07/18/15 12:00,-64.902031,-2.839920000000008
94,07/18/15 18:00,-64.901873,-2.8399080000000017
94,07/19/15 00:00,-64.91081022442998,-2.8451589504102235
94,07/19/15 06:00,-64.896182,-2.820145000000007
94,07/19/15 12:00,-64.896195,-2.8201789999999995
94,07/19/15 18:00,-64.896138,-2.8201560000000003
94,07/20/15 00:00,-64.89623,-2.820108000000005
94,07/20/15 06:00,-64.896144,-2.820134999999992
94,07/20/15 12:00,-64.902932,-2.820326000000006
94,07/20/15 18:00,-64.902706,-2.820540000000006
94,07/21/15 00:00,-64.91086227515493,-2.8453668308878144
94,07/21/15 06:00,-64.901923,-2.839991000000007
94,07/21/15 12:00,-64.915283,-2.8533659999999923
94,07/21/15 18:00,-64.916487,-2.84581
94,07/22/15 00:00,-64.914577,-2.861898000000008
94,07/22/15 06:00,-64.919734,-2.863402000000004
94,07/22/15 12:00,-64.918042,-2.8541169999999934
94,07/22/15 18:00,-64.917935,-2.854007
94,07/23/15 00:00,-64.91791400000001,-2.854098
94,07/23/15 06:00,-64.913466,-2.859439999999993
94,07/23/15 12:00,-64.91130265473551,-2.845546938407692
94,07/23/15 18:00,-64.916378,-2.8541310000000024
94,07/24/15 00:00,-64.913196,-2.8617469999999927
94,07/24/15 06:00,-64.91065,-2.880495999999997
94,07/24/15 12:00,-64.910684,-2.8804289999999924
94,07/24/15 18:00,-64.930286,-2.884834999999992
94,07/25/15 00:00,-64.91155013564331,-2.8458268295727787
94,07/25/15 06:00,-64.930666,-2.8577770000000013
94,07/25/15 12:00,-64.931512,-2.8543060000000016
94,07/25/15 18:00,-64.931576,-2.8542689999999946
94,07/26/15 00:00,-64.91127455450243,-2.845718784121491
94,07/26/15 06:00,-64.912441,-2.8571159999999933
94,07/26/15 12:00,-64.912391,-2.857182000000003
94,07/26/15 18:00,-64.912208,-2.857254999999998
94,07/27/15 00:00,-64.912462,-2.857078999999996
94,07/27/15 06:00,-64.912433,-2.857061000000004
94,07/27/15 12:00,-64.91114449649119,-2.8454115711229404
94,07/27/15 18:00,-64.908602,-2.8527159999999907
94,07/28/15 00:00,-64.91105925722346,-2.8453574607954457
94,07/28/15 06:00,-64.909371,-2.8535819999999994
94,07/28/15 12:00,-64.908662,-2.852752999999996
94,07/28/15 18:00,-64.91107607390317,-2.84533030664202
94,07/29/15 00:00,-64.91099448793943,-2.845276190219237
94,07/29/15 06:00,-64.90877300000001,-2.852715000000008
94,07/29/15 12:00,-64.9110232118371,-2.845312310580557
94,07/29/15 18:00,-64.91097848453693,-2.845285258919274
94,07/30/15 00:00,-64.91091080273368,-2.8453124977777766
94,07/30/15 06:00,-64.908676,-2.852750999999998
94,07/30/15 12:00,-64.90849,-2.852755000000001
94,07/30/15 18:00,-64.91110269461333,-2.8451132531391075
94,07/31/15 00:00,-64.9112003059382,-2.844489189254713
94,07/31/15 06:00,-64.908878,-2.852820999999994
96,02/17/15 18:00,-64.853468,-3.0440540000000027
96,02/18/15 00:00,-64.852683,-3.0455670000000032
96,02/18/15 06:00,-64.856106,-3.033768
96,02/18/15 12:00,-64.859735,-3.0250850000000007
96,02/18/15 18:00,-64.85914,-3.0162480000000063
96,02/19/15 00:00,-64.85466000000001,-3.025347999999996
96,02/19/15 06:00,-64.85976692468326,-3.0164045715882173
96,02/19/15 12:00,-64.859234,-3.024932999999996
96,02/19/15 18:00,-64.85979151641952,-3.016485909963283
96,02/20/15 00:00,-64.861635,-3.0365940000000022
96,02/20/15 06:00,-64.861821,-3.036642999999996
96,02/20/15 12:00,-64.85982055923483,-3.016540113816601
96,02/20/15 18:00,-64.85981037910105,-3.0165039621417176
96,02/21/15 00:00,-64.865674,-2.9807459999999937
96,02/21/15 06:00,-64.85975511514799,-3.0165673531139987
96,02/21/15 12:00,-64.8597564283031,-3.016513097111686
96,02/21/15 18:00,-64.861865,-2.9799170000000004
96,02/22/15 00:00,-64.861877,-2.9801219999999984
96,02/22/15 06:00,-64.861845,-2.980092999999993
96,02/22/15 12:00,-64.85971425186531,-3.0165041272711264
96,02/22/15 18:00,-64.85972249966022,-3.0163956056079573
96,02/23/15 00:00,-64.863861,-3.000954
96,02/23/15 06:00,-64.852189,-3.0093419999999926
96,02/23/15 12:00,-64.855408,-3.0055999999999936
96,02/23/15 18:00,-64.854589,-3.006078000000006
96,02/24/15 00:00,-64.859657,-3.009636000000007
96,02/24/15 06:00,-64.85920500000002,-3.0274509999999983
96,02/24/15 12:00,-64.861155,-3.0278120000000044
96,02/24/15 18:00,-64.85979620246036,-3.016431648168057
96,02/25/15 00:00,-64.85843100000001,-3.030902999999992
96,02/25/15 06:00,-64.858576,-3.030890999999992
96,02/25/15 12:00,-64.86119,-3.0330160000000044
96,02/25/15 18:00,-64.85986054415723,-3.01674801780825
96,02/26/15 00:00,-64.866154,-3.001089000000003
96,02/26/15 06:00,-64.866404,-3.0011690000000075
96,02/26/15 12:00,-64.864685,-3.007337
96,02/26/15 18:00,-64.864786,-3.0072999999999914
96,02/27/15 00:00,-64.864679,-3.007393999999996
96,02/28/15 06:00,-64.876955,-3.0102209999999947
96,02/28/15 12:00,-64.86844,-2.9948170000000065
96,02/28/15 18:00,-64.868343,-2.991109999999997
96,03/01/15 00:00,-64.860317,-2.986001000000003
96,03/01/15 06:00,-64.8512755858521,-3.0173685695763965
96,03/01/15 12:00,-64.840258,-3.0260270000000067
96,03/01/15 18:00,-64.8514677148783,-3.016961335925449
96,03/02/15 00:00,-64.836149,-3.030972000000004
96,03/02/15 06:00,-64.836252,-3.0310579999999985
96,03/02/15 12:00,-64.836522,-3.0320970000000056
96,03/02/15 18:00,-64.85165522826276,-3.0168163378638995
96,03/03/15 00:00,-64.836498,-3.0319509999999994
96,03/03/15 06:00,-64.85173612640072,-3.016951834465667
96,03/03/15 12:00,-64.861253,-3.010181999999997
96,03/03/15 18:00,-64.85168997856586,-3.017087548392332
96,03/04/15 00:00,-64.857853,-3.015194000000001
96,03/04/15 06:00,-64.857954,-3.0150500000000005
96,03/04/15 12:00,-64.857981,-3.014973999999993
96,03/04/15 18:00,-64.85182505476948,-3.0165176504165587
96,03/05/15 00:00,-64.840733,-3.030574000000006
96,03/06/15 12:00,-64.854333,-3.0223480000000023
96,03/06/15 18:00,-64.83509117886346,-3.0493881931234936
96,03/07/15 00:00,-64.8353170546165,-3.0491527033996264
96,03/07/15 06:00,-64.844966,-3.0434120000000013
96,03/07/15 12:00,-64.845104,-3.043248999999998
96,03/07/15 18:00,-64.845044,-3.043373000000003
96,03/08/15 00:00,-64.845361,-3.045468
96,03/08/15 06:00,-64.842059,-3.049515999999995
96,03/08/15 12:00,-64.837506,-3.0500330000000058
96,03/08/15 18:00,-64.83559839110292,-3.04863680395796
96,03/09/15 00:00,-64.840005,-3.031118000000008
96,03/09/15 06:00,-64.83548492950906,-3.0485284894461486
96,03/09/15 12:00,-64.831096,-3.058493999999997
96,03/09/15 18:00,-64.83549319346288,-3.048429008777888
96,03/10/15 00:00,-64.822083,-3.064181000000004
96,03/10/15 06:00,-64.826521,-3.0571889999999944
96,03/10/15 12:00,-64.829448,-3.054796999999997
96,03/10/15 18:00,-64.83556910198322,-3.0484379211334733
96,03/11/15 00:00,-64.83551147937544,-3.0484380198590126
96,03/11/15 06:00,-64.831353,-3.051102
96,03/11/15 12:00,-64.831401,-3.0510119999999934
96,03/11/15 18:00,-64.83550359364102,-3.0484289909595907
96,03/12/15 00:00,-64.829191,-3.050076000000001
96,03/12/15 06:00,-64.829109,-3.0493279999999965
96,03/12/15 12:00,-64.829134,-3.0474540000000045
96,03/13/15 12:00,-64.83162,-3.048117999999992
96,03/13/15 18:00,-64.831623,-3.0485239999999973
96,03/14/15 00:00,-64.829821,-3.0434560000000017
96,03/14/15 06:00,-64.8328454402971,-3.047981420636608
96,03/14/15 12:00,-64.83285987312318,-3.047872886868255
96,03/14/15 18:00,-64.827849,-3.035757999999992
96,03/15/15 00:00,-64.83287611490309,-3.047836689393524
96,03/15/15 06:00,-64.832055,-3.0395590000000032
96,03/15/15 12:00,-64.83288848269395,-3.047836668238495
96,03/15/15 18:00,-64.829344,-3.0461869999999984
96,03/16/15 00:00,-64.829437,-3.0461480000000014
96,03/16/15 06:00,-64.837882,-3.0391319999999937
96,03/16/15 12:00,-64.83775,-3.039194000000008
96,03/16/15 18:00,-64.83777,-3.0392579999999985
96,03/17/15 00:00,-64.8329257085057,-3.0479089439474047
96,03/17/15 06:00,-64.83292024542918,-3.0478366139078834
96,03/17/15 12:00,-64.8329066461627,-3.04777334020774
96,03/17/15 18:00,-64.828712,-3.037577999999997
96,03/18/15 00:00,-64.831733,-3.0398909999999986
96,03/18/15 06:00,-64.83290100913574,-3.047764307426576
96,03/18/15 12:00,-64.82810500000001,-3.041556
96,03/18/15 18:00,-64.83293395743144,-3.0478004207610065
96,03/19/15 00:00,-64.831435,-3.042607999999992
96,03/19/15 06:00,-64.838864,-3.042465999999993
96,03/19/15 12:00,-64.832968,-3.056695999999999
96,03/19/15 18:00,-64.832917,-3.056888999999992
96,03/20/15 00:00,-64.834731,-3.0588110000000075
96,03/20/15 06:00,-64.839482,-3.0531449999999944
96,03/20/15 12:00,-64.835179,-3.0585499999999937
96,03/20/15 18:00,-64.837296,-3.054243000000004
96,03/21/15 00:00,-64.838798,-3.0530500000000007
96,03/21/15 06:00,-64.83301453173252,-3.047908792004965
96,03/21/15 12:00,-64.83297533831372,-3.047836519668485
96,03/21/15 18:00,-64.832866,-3.056777999999996
96,03/22/15 00:00,-64.829796,-3.053133999999997
96,03/22/15 06:00,-64.83300636081815,-3.0475651939219217
96,03/22/15 12:00,-64.831338,-3.050129999999994
96,03/23/15 12:00,-64.85391900000002,-3.019044999999997
96,03/23/15 18:00,-64.850703,-3.0221599999999964
96,03/24/15 00:00,-64.8215265716191,-3.038596541825762
96,03/24/15 06:00,-64.84088,-3.0298300000000027
96,03/24/15 12:00,-64.82169750305486,-3.038279765288394
96,03/24/15 18:00,-64.821509,-3.037003000000002
96,03/25/15 00:00,-64.822703,-3.0425370000000047
96,03/25/15 06:00,-64.822782,-3.042553000000005
96,03/25/15 12:00,-64.822628,-3.0425659999999954
96,03/25/15 18:00,-64.820453,-3.038284999999994
96,03/26/15 00:00,-64.821385,-3.038370999999997
96,03/26/15 06:00,-64.827995,-3.040263999999992
96,03/26/15 12:00,-64.82579,-3.044936999999996
96,03/26/15 18:00,-64.82193601621954,-3.0380352140873685
96,03/27/15 00:00,-64.823779,-3.035113000000001
96,03/27/15 06:00,-64.822961,-3.0373619999999915
96,03/27/15 12:00,-64.82185219213277,-3.037999186229832
96,03/27/15 18:00,-64.820358,-3.040792000000004
96,03/28/15 00:00,-64.822678,-3.041623999999993
96,03/28/15 06:00,-64.822653,-3.0398990000000023
96,03/28/15 12:00,-64.82184254425336,-3.03794494769793
96,03/28/15 18:00,-64.82176206287431,-3.037890829200818
96,03/29/15 00:00,-64.814705,-3.042736000000006
96,03/29/15 06:00,-64.808332,-3.0377249999999925
96,03/29/15 12:00,-64.807354,-3.0357199999999938
96,03/29/15 18:00,-64.8217451371078,-3.0378546879591863
96,03/30/15 00:00,-64.814902,-3.0337859999999988
96,03/30/15 06:00,-64.82175786175618,-3.037899878800782
96,03/30/15 12:00,-64.817807,-3.039638999999995
96,03/30/15 18:00,-64.82179893053909,-3.037917894166779
96,03/31/15 00:00,-64.816429,-3.047229000000001
96,03/31/15 06:00,-64.8218796020278,-3.0379177574553164
96,03/31/15 12:00,-64.82183884465591,-3.0379178265263227
96,03/31/15 18:00,-64.817886,-3.047024999999995
96,04/01/15 00:00,-64.81797,-3.047088000000003
96,04/01/15 06:00,-64.82194573289502,-3.0379628577802884
96,04/01/15 12:00,-64.823955,-3.050989000000005
96,04/01/15 18:00,-64.82197982003932,-3.03800801240761
96,04/02/15 00:00,-64.828114,-3.0471869999999983
96,04/02/15 06:00,-64.828092,-3.041614999999998
96,04/02/15 12:00,-64.82194098477206,-3.037980950787164
96,04/02/15 18:00,-64.82186445374624,-3.037935868087684
96,04/03/15 00:00,-64.818242,-3.047015999999992
96,04/03/15 06:00,-64.818021,-3.0470180000000053
96,04/03/15 12:00,-64.818008,-3.0470259999999976
96,04/03/15 18:00,-64.818757,-3.044850999999994
96,04/04/15 00:00,-64.818977,-3.043793000000006
96,04/04/15 06:00,-64.809924,-3.043251000000001
96,04/04/15 12:00,-64.80995,-3.043193999999993
96,04/04/15 18:00,-64.80998,-3.043072999999996
96,04/05/15 00:00,-64.809955,-3.042988000000001
96,04/05/15 06:00,-64.811862,-3.036817000000008
96,04/05/15 12:00,-64.811878,-3.036743000000002
96,04/05/15 18:00,-64.82177724148215,-3.037890803479315
96,04/06/15 00:00,-64.818394,-3.041694999999998
96,04/06/15 06:00,-64.818382,-3.041614000000007
96,04/06/15 12:00,-64.818471,-3.041639999999994
96,04/06/15 18:00,-64.819099,-3.038116999999993
96,04/07/15 00:00,-64.814391,-3.0375480000000006
96,04/07/15 06:00,-64.82183101975467,-3.0379449672282863
96,04/07/15 12:00,-64.813987,-3.037116999999998
96,04/07/15 18:00,-64.814866,-3.037085999999995
96,04/08/15 00:00,-64.828497,-3.030007999999992
96,04/08/15 06:00,-64.835572,-3.029601000000003
96,04/08/15 12:00,-64.83568,-3.029657000000002
96,04/08/15 18:00,-64.835931,-3.027792000000002
96,04/09/15 00:00,-64.835603,-3.030697999999997
96,04/09/15 06:00,-64.829933,-3.0354130000000072
96,04/09/15 12:00,-64.82719200000001,-3.040871000000008
96,04/09/15 18:00,-64.827838,-3.039301000000001
96,04/10/15 00:00,-64.826435,-3.0359200000000013
96,04/10/15 06:00,-64.822028,-3.0330099999999955
96,04/10/15 12:00,-64.822002,-3.032945000000004
96,04/10/15 18:00,-64.82198,-3.033010000000006
96,04/11/15 00:00,-64.822459,-3.033213999999996
96,04/11/15 06:00,-64.82209,-3.033046999999994
96,04/11/15 12:00,-64.822026,-3.0331019999999964
96,04/11/15 18:00,-64.822012,-3.0330160000000066
96,04/12/15 00:00,-64.82180787162514,-3.0380535162234086
96,04/12/15 06:00,-64.824432,-3.023043999999997
96,04/12/15 12:00,-64.825666,-3.0233620000000063
96,04/12/15 18:00,-64.830264,-3.024686999999996
96,04/13/15 00:00,-64.82173968918113,-3.0381259716182174
96,04/13/15 06:00,-64.831884,-3.0313929999999925
96,04/13/15 12:00,-64.822105,-3.033152999999996
96,04/13/15 18:00,-64.822062,-3.033097999999999
96,04/14/15 00:00,-64.816365,-3.0327750000000027
96,04/15/15 00:00,-64.819653,-3.023870999999996
96,04/15/15 06:00,-64.819715,-3.023808000000001
96,04/15/15 12:00,-64.819683,-3.023864
96,04/15/15 18:00,-64.819788,-3.023738000000006
96,04/16/15 00:00,-64.811643,-3.027118999999998
96,04/16/15 06:00,-64.807567,-3.0357899999999947
96,04/16/15 12:00,-64.83409512543248,-3.031657717175546
96,04/16/15 18:00,-64.8341026689412,-3.0316305770735497
96,04/17/15 00:00,-64.83405209635613,-3.0314769420390126
96,04/17/15 06:00,-64.807748,-3.0390700000000064
96,04/17/15 12:00,-64.83405856815132,-3.03131416746501
96,04/17/15 18:00,-64.807323,-3.039346999999996
96,04/18/15 00:00,-64.83406451656045,-3.031341284598031
96,04/18/15 06:00,-64.819042,-3.0377089999999995
96,04/18/15 12:00,-64.819384,-3.037757000000004
96,04/18/15 18:00,-64.822052,-3.032913000000003
96,04/19/15 00:00,-64.822131,-3.0329680000000008
96,04/19/15 06:00,-64.821004,-3.0322000000000013
96,04/19/15 12:00,-64.821028,-3.0323030000000006
96,04/19/15 18:00,-64.820912,-3.032658999999992
96,04/20/15 00:00,-64.827343,-3.030214
96,04/20/15 06:00,-64.83426755043132,-3.0317297629447784
96,04/20/15 12:00,-64.83425210616875,-3.031738831661534
96,04/20/15 18:00,-64.83420599352289,-3.031729867760603
96,04/21/15 00:00,-64.830001,-3.0394209999999977
96,04/21/15 06:00,-64.827449,-3.037149999999996
96,04/21/15 12:00,-64.83420043969289,-3.0316032833507847
96,04/21/15 18:00,-64.821983,-3.033075000000004
96,04/22/15 00:00,-64.816461,-3.032764999999992
96,04/22/15 06:00,-64.816338,-3.0327899999999945
96,04/22/15 12:00,-64.83433080906359,-3.031738697646045
96,04/22/15 18:00,-64.8343637192713,-3.031919489968332
96,04/23/15 00:00,-64.83440429490726,-3.0321454813170177
96,04/23/15 06:00,-64.845566,-3.0292879999999984
96,04/23/15 12:00,-64.845475,-3.0291840000000043
96,04/23/15 18:00,-64.845527,-3.0293939999999964
96,04/24/15 00:00,-64.845615,-3.029286999999993
96,04/24/15 06:00,-64.845442,-3.029331999999998
96,04/24/15 12:00,-64.845586,-3.029319999999993
96,04/24/15 18:00,-64.845597,-3.0292840000000085
96,04/25/15 00:00,-64.841747,-3.0236340000000004
96,04/25/15 06:00,-64.840528,-3.023824999999997
96,04/25/15 12:00,-64.834332,-3.0267289999999933
96,04/25/15 18:00,-64.834162,-3.0266779999999947
96,04/26/15 00:00,-64.831343,-3.0278039999999926
96,04/26/15 06:00,-64.822034,-3.033096999999993
96,04/26/15 12:00,-64.82204,-3.0330270000000024
96,04/26/15 18:00,-64.8223,-3.032844
96,04/27/15 00:00,-64.822213,-3.032851999999992
96,04/27/15 06:00,-64.821994,-3.033132000000003
96,04/27/15 12:00,-64.821917,-3.0330779999999984
96,04/27/15 18:00,-64.834218398457,-3.031585167935387
96,04/28/15 00:00,-64.8341471629117,-3.031512949867611
96,04/28/15 06:00,-64.821354,-3.0370519999999925
96,04/28/15 12:00,-64.82122,-3.0372589999999966
96,04/28/15 18:00,-64.821116,-3.037151000000002
96,04/29/15 00:00,-64.821081,-3.0342940000000085
96,04/29/15 06:00,-64.821124,-3.036863999999994
96,04/29/15 12:00,-64.83416114083425,-3.031467713973244
96,04/29/15 18:00,-64.820748,-3.037533999999994
96,04/30/15 00:00,-64.823842,-3.040909000000004
96,04/30/15 06:00,-64.823939,-3.0409110000000075
96,04/30/15 12:00,-64.823913,-3.040849999999998
96,04/30/15 18:00,-64.823797,-3.040918999999997
96,05/01/15 00:00,-64.823888,-3.040955999999999
96,05/01/15 06:00,-64.823867,-3.040889999999995
96,05/01/15 12:00,-64.82394500000001,-3.0409399999999964
96,05/01/15 18:00,-64.823858,-3.0409690000000014
96,05/02/15 00:00,-64.82521,-3.0483179999999943
96,05/02/15 06:00,-64.827571,-3.050716000000001
96,05/02/15 12:00,-64.826972,-3.051830000000001
96,05/02/15 18:00,-64.826847,-3.051902999999993
96,05/03/15 00:00,-64.831219,-3.0500579999999973
96,05/03/15 06:00,-64.83148,-3.050197
96,05/03/15 12:00,-64.829617,-3.0544619999999973
96,05/03/15 18:00,-64.829602,-3.0542420000000035
96,05/04/15 00:00,-64.82957,-3.0542510000000016
96,05/04/15 06:00,-64.829607,-3.054351000000002
96,05/04/15 12:00,-64.828226,-3.0471479999999938
96,05/04/15 18:00,-64.828183,-3.047148000000007
96,05/05/15 00:00,-64.828313,-3.047159000000002
96,05/05/15 06:00,-64.826633,-3.035354999999998
96,05/05/15 12:00,-64.83433243461263,-3.0317025252045817
96,05/05/15 18:00,-64.83425557741707,-3.031630316725833
96,05/06/15 00:00,-64.821154,-3.0373009999999945
96,05/06/15 06:00,-64.83426603837945,-3.0316664685886128
96,05/06/15 12:00,-64.83420470162048,-3.031630403351284
96,05/06/15 18:00,-64.825353,-3.0425020000000043
96,05/07/15 00:00,-64.826959,-3.042694999999996
96,05/07/15 06:00,-64.826062,-3.042025000000008
96,05/07/15 12:00,-64.826074,-3.042024000000006
96,05/07/15 18:00,-64.826085,-3.0420209999999908
96,05/08/15 00:00,-64.826057,-3.0420169999999938
96,05/08/15 06:00,-64.826444,-3.042456000000006
96,05/08/15 12:00,-64.82666,-3.0423889999999987
96,05/08/15 18:00,-64.826881,-3.0424130000000003
96,05/09/15 00:00,-64.826135,-3.0420480000000056
96,05/09/15 06:00,-64.826202,-3.042019000000005
96,05/09/15 12:00,-64.826101,-3.042083999999998
96,05/09/15 18:00,-64.826011,-3.042018999999997
96,05/10/15 00:00,-64.832366,-3.0455809999999985
96,05/10/15 06:00,-64.832907,-3.046135999999993
96,05/10/15 12:00,-64.832766,-3.044967999999997
96,05/10/15 18:00,-64.83277900000002,-3.044872999999993
96,05/11/15 00:00,-64.834688,-3.045898
96,05/11/15 06:00,-64.834274,-3.046103000000004
96,05/11/15 12:00,-64.834306,-3.046122000000001
96,05/11/15 18:00,-64.834209,-3.046135999999996
96,05/12/15 00:00,-64.83421000000001,-3.046130999999994
96,05/12/15 06:00,-64.83439557293696,-3.0319736902299987
96,05/12/15 12:00,-64.833943,-3.043842000000007
96,05/12/15 18:00,-64.833944,-3.043879999999996
96,05/13/15 00:00,-64.829916,-3.0393789999999994
96,05/13/15 06:00,-64.826096,-3.042063
96,05/13/15 12:00,-64.826083,-3.042065999999995
96,05/13/15 18:00,-64.826075,-3.0420620000000014
96,05/14/15 00:00,-64.82599,-3.0421179999999968
96,05/14/15 06:00,-64.826121,-3.0420540000000043
96,05/14/15 12:00,-64.826114,-3.0420389999999915
96,05/14/15 18:00,-64.826087,-3.0420129999999928
96,05/15/15 00:00,-64.828578,-3.046494000000008
96,05/15/15 06:00,-64.828067,-3.0472409999999988
96,05/15/15 12:00,-64.828013,-3.047117999999999
96,05/15/15 18:00,-64.828113,-3.047105000000004
96,05/16/15 00:00,-64.832846,-3.0492820000000025
96,05/16/15 06:00,-64.8343141642987,-3.031702556315489
96,05/16/15 12:00,-64.826124,-3.0420379999999967
96,05/16/15 18:00,-64.826074,-3.042038000000004
96,05/17/15 00:00,-64.82394500000001,-3.0509810000000046
96,05/17/15 06:00,-64.823959,-3.050979000000004
96,05/17/15 12:00,-64.824093,-3.0509760000000035
96,05/17/15 18:00,-64.824079,-3.051029000000005
96,05/18/15 00:00,-64.827984,-3.0585339999999976
96,05/18/15 06:00,-64.827548,-3.058236000000002
96,05/18/15 12:00,-64.827365,-3.058253000000008
96,05/18/15 18:00,-64.827572,-3.058233000000005
96,05/19/15 00:00,-64.82687,-3.051862999999993
96,05/19/15 06:00,-64.826853,-3.0517919999999976
96,05/19/15 12:00,-64.826888,-3.0518640000000024
96,05/19/15 18:00,-64.826929,-3.051947999999991
96,05/20/15 00:00,-64.82806,-3.0470230000000007
96,05/20/15 06:00,-64.826082,-3.042026999999991
96,05/20/15 12:00,-64.826012,-3.0419890000000063
96,05/20/15 18:00,-64.826058,-3.0420330000000013
96,05/21/15 00:00,-64.827927,-3.041502999999996
96,05/21/15 06:00,-64.828119,-3.0413999999999985
96,05/21/15 12:00,-64.827998,-3.041420000000004
96,05/21/15 18:00,-64.828085,-3.0414890000000048
96,05/22/15 00:00,-64.827925,-3.0414790000000003
96,05/22/15 06:00,-64.82811,-3.04152
96,05/22/15 12:00,-64.83440107267681,-3.03190134151997
96,05/22/15 18:00,-64.831105,-3.0390029999999943
96,05/23/15 00:00,-64.837542,-3.035866000000002
96,05/23/15 06:00,-64.83449998464793,-3.0322176576797184
96,05/23/15 12:00,-64.840163,-3.039299999999993
96,05/23/15 18:00,-64.840793,-3.0394059999999943
96,05/24/15 00:00,-64.842985,-3.041592999999996
96,05/24/15 06:00,-64.849218,-3.040177999999992
96,05/24/15 12:00,-64.849142,-3.040215
96,05/24/15 18:00,-64.851429,-3.0389610000000062
96,05/25/15 00:00,-64.85009,-3.037287999999992
96,05/25/15 06:00,-64.850235,-3.0375130000000063
96,05/25/15 12:00,-64.85019500000001,-3.0375220000000027
96,05/25/15 18:00,-64.85019300000002,-3.037584000000004
96,05/26/15 00:00,-64.834179,-3.0354859999999952
96,05/26/15 06:00,-64.83467889165985,-3.0326333040976867
96,05/26/15 12:00,-64.851484,-3.039037999999992
96,05/26/15 18:00,-64.851492,-3.0390550000000074
96,05/27/15 00:00,-64.851385,-3.039116999999996
96,05/27/15 06:00,-64.85141300000001,-3.039007000000008
96,05/27/15 12:00,-64.851442,-3.039033999999994
96,05/27/15 18:00,-64.851321,-3.039117
96,05/28/15 00:00,-64.851594,-3.0392199999999985
96,05/28/15 06:00,-64.851056,-3.0366539999999937
96,05/28/15 12:00,-64.851058,-3.036685000000004
96,05/28/15 18:00,-64.851028,-3.036659000000004
96,05/29/15 00:00,-64.85121,-3.036758999999993
96,05/29/15 06:00,-64.83429,-3.0352570000000068
96,05/29/15 12:00,-64.834227,-3.0353079999999943
96,05/29/15 18:00,-64.83458194036263,-3.032479748177261
96,05/30/15 00:00,-64.851087,-3.036591999999997
96,05/30/15 06:00,-64.851002,-3.036681999999997
96,05/30/15 12:00,-64.845598,-3.029215999999997
96,05/30/15 18:00,-64.83485500000002,-3.033551999999993
96,05/31/15 00:00,-64.834869,-3.0332240000000046
96,05/31/15 06:00,-64.835054,-3.033550000000003
96,05/31/15 12:00,-64.837602,-3.035827
96,05/31/15 18:00,-64.837495,-3.035935999999991
96,06/01/15 00:00,-64.83822,-3.035881999999995
96,06/01/15 06:00,-64.83444064589744,-3.032199673912191
96,06/01/15 12:00,-64.838189,-3.035858000000002
96,06/01/15 18:00,-64.838252,-3.035823000000004
96,06/02/15 00:00,-64.833925,-3.0382880000000023
96,06/02/15 06:00,-64.833818,-3.038259000000008
96,06/02/15 12:00,-64.833793,-3.038277999999995
96,06/02/15 18:00,-64.83384,-3.038139000000002
96,06/03/15 00:00,-64.834839,-3.0332590000000086
96,06/03/15 06:00,-64.834997,-3.0333170000000047
96,06/03/15 12:00,-64.834992,-3.033490000000007
96,06/03/15 18:00,-64.837456,-3.0358749999999968
96,06/04/15 00:00,-64.840033,-3.038260999999999
96,06/04/15 06:00,-64.840005,-3.0381889999999947
96,06/04/15 12:00,-64.840137,-3.039298999999996
96,06/04/15 18:00,-64.840025,-3.0393380000000048
96,06/05/15 00:00,-64.840012,-3.0393540000000008
96,06/05/15 06:00,-64.839981,-3.039263999999996
96,06/05/15 12:00,-64.840152,-3.039331000000005
96,06/05/15 18:00,-64.840121,-3.039310000000002
96,06/06/15 00:00,-64.833581,-3.0352789999999934
96,06/06/15 06:00,-64.826652,-3.0353840000000085
96,06/06/15 12:00,-64.826691,-3.035407999999992
96,06/06/15 18:00,-64.826861,-3.0352410000000063
96,06/07/15 00:00,-64.829914,-3.039400999999996
96,06/07/15 06:00,-64.829665,-3.036511000000001
96,06/07/15 12:00,-64.83431225082835,-3.031901492779504
96,06/07/15 18:00,-64.837462,-3.0356030000000014
96,06/08/15 00:00,-64.828991,-3.028916999999995
96,06/08/15 06:00,-64.829004,-3.028895
96,06/08/15 12:00,-64.83419209864304,-3.031657552067037
96,06/08/15 18:00,-64.822171,-3.032754999999992
96,06/09/15 00:00,-64.822222,-3.0327589999999995
96,06/09/15 06:00,-64.82232,-3.032697000000001
96,06/09/15 12:00,-64.822141,-3.032823999999993
96,06/09/15 18:00,-64.822333,-3.032817000000001
96,06/10/15 00:00,-64.8189,-3.036788000000008
96,06/10/15 06:00,-64.826725,-3.035311999999997
96,06/10/15 12:00,-64.826718,-3.035378999999997
96,06/10/15 18:00,-64.826553,-3.0355279999999905
96,06/11/15 00:00,-64.826695,-3.0354280000000053
96,06/11/15 06:00,-64.82667,-3.035410000000005
96,06/11/15 12:00,-64.826726,-3.035409000000005
96,06/11/15 18:00,-64.826597,-3.041205999999997
96,06/12/15 00:00,-64.83439307367505,-3.03199177932233
96,06/12/15 06:00,-64.838231,-3.035840999999995
96,06/12/15 12:00,-64.838222,-3.035769000000006
96,06/12/15 18:00,-64.838285,-3.0358319999999948
96,06/13/15 00:00,-64.838282,-3.035843000000004
96,06/13/15 06:00,-64.838193,-3.035848000000005
96,06/13/15 12:00,-64.838222,-3.035908999999996
96,06/13/15 18:00,-64.838248,-3.035928000000001
96,06/14/15 00:00,-64.837358,-3.0358349999999934
96,06/14/15 06:00,-64.837317,-3.035729999999998
96,06/14/15 12:00,-64.83739,-3.035650000000002
96,06/14/15 18:00,-64.837383,-3.035627000000007
96,06/15/15 00:00,-64.837509,-3.0357419999999915
96,06/15/15 06:00,-64.834622,-3.0493110000000017
96,06/15/15 12:00,-64.834592,-3.048617000000007
96,06/15/15 18:00,-64.834591,-3.0487360000000043
96,06/16/15 00:00,-64.838971,-3.050064000000007
96,06/16/15 06:00,-64.839146,-3.050116000000003
96,06/16/15 12:00,-64.839026,-3.0500200000000075
96,06/16/15 18:00,-64.83924,-3.0500810000000054
96,06/17/15 00:00,-64.839026,-3.0500810000000067
96,06/17/15 06:00,-64.838572,-3.0500129999999923
96,06/17/15 12:00,-64.83454634791424,-3.03220853629263
96,06/17/15 18:00,-64.839082,-3.0501660000000066
96,06/18/15 00:00,-64.839045,-3.049973000000006
96,06/18/15 06:00,-64.83453455771611,-3.0322175987920925
96,06/18/15 12:00,-64.839087,-3.050085000000007
96,06/18/15 18:00,-64.839058,-3.0500699999999927
96,06/19/15 00:00,-64.839038,-3.0500750000000045
96,06/19/15 06:00,-64.839043,-3.0500669999999954
96,06/19/15 12:00,-64.839058,-3.0501019999999963
96,06/19/15 18:00,-64.838977,-3.050158000000003
96,06/20/15 00:00,-64.839532,-3.0490669999999973
96,06/20/15 06:00,-64.83458724194317,-3.032289848389825
96,06/20/15 12:00,-64.839815,-3.044480000000004
96,06/20/15 18:00,-64.83981,-3.044386000000006
96,06/21/15 00:00,-64.839853,-3.044413999999997
96,06/21/15 06:00,-64.84463,-3.046273999999998
96,06/21/15 12:00,-64.844579,-3.0463629999999964
96,06/21/15 18:00,-64.844623,-3.0462580000000083
96,06/22/15 00:00,-64.844591,-3.0463910000000043
96,06/22/15 06:00,-64.84585900000002,-3.049166999999993
96,06/22/15 12:00,-64.845937,-3.049121000000005
96,06/22/15 18:00,-64.845699,-3.0492159999999977
96,06/23/15 00:00,-64.84582,-3.0489970000000013
96,06/23/15 06:00,-64.846487,-3.049828000000001
96,06/23/15 12:00,-64.846439,-3.0500390000000075
96,06/23/15 18:00,-64.846384,-3.049939000000001
96,06/24/15 00:00,-64.847025,-3.049628000000001
96,06/24/15 06:00,-64.849268,-3.0440280000000044
96,06/24/15 12:00,-64.850225,-3.0376809999999934
96,06/24/15 18:00,-64.850197,-3.037551000000005
96,06/25/15 00:00,-64.850176,-3.037530000000004
96,06/25/15 06:00,-64.850213,-3.037507000000004
96,06/25/15 12:00,-64.850269,-3.0375369999999933
96,06/25/15 18:00,-64.850292,-3.0375799999999944
96,06/26/15 00:00,-64.851166,-3.0377990000000032
96,06/26/15 06:00,-64.851151,-3.032300000000004
96,06/26/15 12:00,-64.851124,-3.0322670000000063
96,06/26/15 18:00,-64.850376,-3.032653999999998
96,06/27/15 00:00,-64.85138,-3.030622000000008
96,06/27/15 06:00,-64.851321,-3.028993000000002
96,06/27/15 12:00,-64.85136400000002,-3.029125999999997
96,06/27/15 18:00,-64.851193,-3.029134999999996
96,06/28/15 00:00,-64.852111,-3.026451999999997
96,06/28/15 06:00,-64.852993,-3.025785999999995
96,06/28/15 12:00,-64.853045,-3.0258189999999967
96,06/28/15 18:00,-64.852901,-3.025894000000007
96,06/29/15 00:00,-64.8347011142371,-3.032976878058016
96,06/29/15 06:00,-64.853376,-3.027947000000004
96,06/29/15 12:00,-64.853483,-3.028001000000008
96,06/29/15 18:00,-64.85344000000002,-3.027981000000006
96,06/30/15 00:00,-64.856472,-3.028155999999997
96,06/30/15 06:00,-64.857202,-3.028531000000004
96,06/30/15 12:00,-64.856696,-3.028295999999991
96,06/30/15 18:00,-64.856553,-3.028246999999997
96,07/01/15 00:00,-64.856275,-3.028065000000004
96,07/01/15 06:00,-64.856819,-3.026424
96,07/01/15 12:00,-64.856865,-3.0265759999999937
96,07/01/15 18:00,-64.856759,-3.0265469999999977
96,07/02/15 00:00,-64.856856,-3.026420000000008
96,07/02/15 06:00,-64.85669700000001,-3.026546000000005
96,07/02/15 12:00,-64.853228,-3.0280060000000018
96,07/02/15 18:00,-64.85340500000001,-3.0279320000000034
96,07/03/15 00:00,-64.853854,-3.028152999999993
96,07/03/15 06:00,-64.853436,-3.027893999999993
96,07/03/15 12:00,-64.853471,-3.0279459999999965
96,07/03/15 18:00,-64.853366,-3.027988999999993
96,07/04/15 00:00,-64.853232,-3.0219639999999988
96,07/04/15 06:00,-64.84907,-3.016752999999991
96,07/04/15 12:00,-64.849024,-3.016683000000008
96,07/04/15 18:00,-64.849115,-3.016606000000005
96,07/05/15 00:00,-64.848141,-3.0128110000000023
96,07/05/15 06:00,-64.848216,-3.012779999999992
96,07/05/15 12:00,-64.848196,-3.012782000000001
96,07/05/15 18:00,-64.844681,-3.0083589999999925
96,07/06/15 00:00,-64.843135,-3.0068169999999945
96,07/06/15 06:00,-64.843288,-3.006826999999997
96,07/06/15 12:00,-64.846457,-3.0035029999999976
96,07/06/15 18:00,-64.84665,-3.0036979999999915
96,07/07/15 00:00,-64.83429895181011,-3.0325163998810534
96,07/07/15 06:00,-64.841564,-2.991968999999996
96,07/07/15 12:00,-64.841475,-2.992140999999994
96,07/07/15 18:00,-64.83415247601995,-3.0321639950075348
96,07/08/15 00:00,-64.827645,-2.972926999999994
96,07/08/15 06:00,-64.828584,-2.973824999999998
96,07/08/15 12:00,-64.83406881187213,-3.032055628441367
96,07/08/15 18:00,-64.827984,-2.974565000000001
96,07/09/15 00:00,-64.832614,-2.982220999999996
96,07/09/15 06:00,-64.83411330738646,-3.0322725707401808
96,07/09/15 12:00,-64.837466,-2.9854490000000005
96,07/09/15 18:00,-64.837296,-2.9850999999999948
96,07/10/15 00:00,-64.837234,-2.9850859999999964
96,07/10/15 06:00,-64.837258,-2.985014999999997
96,07/10/15 12:00,-64.836484,-2.984215999999995
96,07/10/15 18:00,-64.83659,-2.9841840000000044
96,07/11/15 00:00,-64.83414008635329,-3.0323177372331904
96,07/11/15 06:00,-64.836452,-2.981421000000001
96,07/11/15 12:00,-64.83415097236511,-3.032272506598485
96,07/11/15 18:00,-64.83417897390052,-3.032209161978966
96,07/12/15 00:00,-64.837583,-2.9803339999999943
96,07/12/15 06:00,-64.837546,-2.9802100000000027
96,07/12/15 12:00,-64.836896,-2.979457
96,07/12/15 18:00,-64.83402239603645,-3.032200386193771
96,07/13/15 00:00,-64.832355,-2.9667699999999937
96,07/13/15 06:00,-64.829429,-2.959170000000005
96,07/13/15 12:00,-64.829803,-2.9587280000000007
96,07/13/15 18:00,-64.83383776944414,-3.0318932582546787
96,07/14/15 00:00,-64.82134300000001,-2.955567000000007
96,07/14/15 06:00,-64.821387,-2.955415999999998
96,07/14/15 12:00,-64.816809,-2.9596590000000056
96,07/14/15 18:00,-64.816943,-2.969705999999995
96,07/15/15 00:00,-64.816812,-2.970530999999998
96,07/15/15 06:00,-64.819116,-2.961932000000004
96,07/15/15 12:00,-64.819007,-2.960253000000004
96,07/15/15 18:00,-64.8337838169543,-3.0319023925267903
96,07/16/15 00:00,-64.819039,-2.958974000000004
96,07/16/15 06:00,-64.819789,-2.953272999999993
96,07/16/15 12:00,-64.83381210793003,-3.03201085341463
96,07/16/15 18:00,-64.828413,-2.937454000000003
96,07/17/15 00:00,-64.825088,-2.941628999999994
96,07/17/15 06:00,-64.824946,-2.941527000000004
96,07/17/15 12:00,-64.821806,-2.9429549999999924
96,07/17/15 18:00,-64.823479,-2.9414829999999976
96,07/18/15 00:00,-64.82337,-2.941510000000008
96,07/18/15 06:00,-64.825013,-2.941472999999995
96,07/18/15 12:00,-64.83382965687136,-3.032083162904033
96,07/18/15 18:00,-64.823139,-2.941527999999993
96,07/19/15 00:00,-64.823334,-2.941453999999995
97,10/21/14 12:00,-64.914479,-2.984805000000003
97,10/21/14 18:00,-64.870105,-3.0302099999999963
97,10/22/14 00:00,-64.870019,-3.0303810000000047
97,10/22/14 06:00,-64.870019,-3.030982000000007
97,10/22/14 12:00,-64.87232582951546,-3.026229909229581
97,10/22/14 18:00,-64.863667,-3.0320119999999995
97,10/23/14 00:00,-64.87249322890875,-3.025831760919882
97,10/23/14 06:00,-64.86341,-3.0318400000000065
97,10/23/14 12:00,-64.863753,-3.032012000000004
97,10/31/14 06:00,-64.882722,-2.994417999999994
97,10/31/14 12:00,-64.882722,-2.994417999999994
97,10/31/14 18:00,-64.882722,-2.994417999999994
97,11/01/14 00:00,-64.88255,-2.994331999999997
97,11/01/14 06:00,-64.882636,-2.994331999999998
97,11/01/14 12:00,-64.882722,-2.994246000000005
97,11/09/14 18:00,-64.837918,-3.0352740000000016
97,11/10/14 00:00,-64.855514,-3.018365000000005
97,11/10/14 06:00,-64.86663605693681,-3.014240693315702
97,11/10/14 12:00,-64.873023,-3.0178500000000046
97,11/10/14 18:00,-64.86699822366961,-3.0139959284192286
97,11/11/14 00:00,-64.880576,-3.001541999999992
97,11/11/14 06:00,-64.880748,-3.0015420000000024
97,11/11/14 12:00,-64.880919,-3.0012850000000024
97,11/26/14 06:00,-64.896111,-3.0023149999999967
97,11/26/14 12:00,-64.892678,-3.009352999999995
97,11/26/14 18:00,-64.87946415020176,-3.025828686632374
97,11/27/14 00:00,-64.872766,-3.0301239999999905
97,11/27/14 06:00,-64.879546,-3.034244000000008
97,11/27/14 12:00,-64.877143,-3.034930000000004
97,11/27/14 18:00,-64.88001146584686,-3.024724586802643
97,11/28/14 00:00,-64.86547,-3.033213999999999
97,11/30/14 06:00,-64.892507,-3.002057
97,11/30/14 12:00,-64.891992,-3.0041170000000026
97,11/30/14 18:00,-64.891648,-3.003773999999998
97,12/01/14 00:00,-64.888215,-3.010639999999999
97,12/01/14 06:00,-64.892077,-3.0041170000000057
97,12/01/14 12:00,-64.891562,-3.0051470000000013
97,12/03/14 22:00,-64.889588,-3.007121000000004
97,12/07/14 16:01,-64.892249,-2.999911000000007
97,12/07/14 22:02,-64.892592,-3.005404000000007
97,02/10/15 12:00,-64.876885,-2.973990000000005
97,02/10/15 18:00,-64.875855,-2.974162000000008
97,02/11/15 00:00,-64.876027,-2.974762999999992
97,02/11/15 06:00,-64.877572,-2.9745049999999984
97,02/11/15 12:00,-64.8768,-2.973904999999992
97,02/11/15 18:00,-64.867787,-2.991757000000002
97,04/21/15 12:00,-64.905982,-2.9703859999999924
97,04/21/15 18:00,-64.905725,-2.970728999999993
97,04/22/15 00:00,-64.914222,-2.9798269999999927
97,04/22/15 06:00,-64.915423,-2.972273999999992
97,04/22/15 12:00,-64.915423,-2.972273999999992
97,04/22/15 18:00,-64.915338,-2.9721879999999947
97,05/02/15 00:00,-64.901261,-2.9439499999999974
97,05/02/15 06:00,-64.89594,-2.9543350000000057
97,05/02/15 12:00,-64.89491,-2.954936000000007
97,05/02/15 18:00,-64.894996,-2.9549359999999987
97,05/03/15 00:00,-64.889245,-2.959914000000006
97,05/03/15 06:00,-64.874053,-2.9656649999999924
97,05/03/15 12:00,-64.871478,-2.9651499999999977
97,05/19/15 12:00,-64.894052,-2.9916720000000017
97,05/19/15 18:00,-64.894052,-2.9916720000000017
97,05/20/15 00:00,-64.899459,-2.991327999999993
97,05/20/15 06:00,-64.907956,-2.986092999999998
97,05/20/15 12:00,-64.90787,-2.986177999999998
97,05/20/15 18:00,-64.90787,-2.9860930000000034
97,05/21/15 00:00,-64.910617,-2.9822299999999924
97,05/23/15 06:00,-64.88976,-2.9224060000000023
97,05/23/15 12:00,-64.889674,-2.9223199999999947
97,05/23/15 18:00,-64.88976,-2.922492000000004
97,05/24/15 00:00,-64.88531185353325,-2.924763250152308
97,05/24/15 06:00,-64.88255,-2.9261830000000053
97,05/24/15 12:00,-64.882636,-2.9260969999999924
97,05/24/15 18:00,-64.88255,-2.9261830000000053
97,05/25/15 00:00,-64.882636,-2.9260969999999924
97,05/28/15 22:00,-64.852853,-2.9249810000000056
97,06/04/15 06:00,-64.875598,-2.923865000000002
97,06/04/15 12:00,-64.875684,-2.923864999999992
97,06/04/15 18:00,-64.875598,-2.923865000000002
97,06/05/15 00:00,-64.87252730047798,-2.92293110682573
97,06/05/15 06:00,-64.874568,-2.923179
97,06/05/15 12:00,-64.87371,-2.923694000000008
97,06/05/15 18:00,-64.873881,-2.9236080000000086
97,06/06/15 00:00,-64.872079,-2.923779000000005
97,06/06/15 06:00,-64.865813,-2.924037000000004
97,06/06/15 12:00,-64.865899,-2.924122999999996
97,06/06/15 18:00,-64.865813,-2.924123000000004
97,06/07/15 00:00,-64.865813,-2.924123000000004
97,06/07/15 06:00,-64.867702,-2.92335
97,06/07/15 12:00,-64.867616,-2.923864999999993
97,06/07/15 18:00,-64.867702,-2.9236940000000087
97,06/08/15 00:00,-64.867787,-2.9236939999999985
97,06/08/15 06:00,-64.87258390725927,-2.922831547315995
97,06/08/15 12:00,-64.871821,-2.9254099999999927
97,06/08/15 18:00,-64.871736,-2.925323999999992
97,06/09/15 00:00,-64.871821,-2.9254099999999927
97,06/09/15 06:00,-64.873881,-2.9235220000000006
97,06/09/15 12:00,-64.873881,-2.9237789999999926
97,06/09/15 18:00,-64.873881,-2.9236939999999985
97,06/10/15 00:00,-64.874396,-2.918286000000001
97,06/10/15 06:00,-64.876113,-2.917341999999993
97,06/10/15 12:00,-64.878173,-2.9194879999999985
97,06/10/15 18:00,-64.877915,-2.9198310000000034
97,06/11/15 00:00,-64.87783,-2.9197449999999923
97,06/11/15 06:00,-64.877915,-2.9198310000000034
97,06/11/15 12:00,-64.878087,-2.9197450000000003
97,06/11/15 18:00,-64.879804,-2.9193159999999985
97,06/18/15 18:00,-64.890018,-2.908072000000001
97,06/19/15 00:00,-64.890103,-2.9079869999999937
97,06/19/15 06:00,-64.889073,-2.909532000000002
97,06/19/15 12:00,-64.889245,-2.909703000000004
97,06/19/15 18:00,-64.886413,-2.908243999999998
97,06/20/15 00:00,-64.886413,-2.9081579999999927
97,06/20/15 06:00,-64.886584,-2.9082440000000007
97,06/20/15 12:00,-64.886584,-2.9082440000000007
97,06/20/15 18:00,-64.886584,-2.9082440000000007
97,06/21/15 00:00,-64.885554,-2.908586999999996
97,06/21/15 06:00,-64.885898,-2.9113339999999983
97,06/21/15 12:00,-64.886498,-2.9082439999999976
97,06/21/15 18:00,-64.886498,-2.9082439999999976
97,06/22/15 00:00,-64.886498,-2.908330000000006
97,06/22/15 06:00,-64.886498,-2.9082439999999976
97,06/22/15 12:00,-64.886498,-2.9082439999999976
97,06/22/15 18:00,-64.886413,-2.908330000000006
97,06/23/15 00:00,-64.885812,-2.9088449999999946
97,06/23/15 06:00,-64.886584,-2.908329999999995
97,06/23/15 12:00,-64.886498,-2.908501999999993
97,06/23/15 18:00,-64.88667,-2.9080719999999984
97,06/24/15 00:00,-64.886069,-2.908845000000006
97,06/24/15 06:00,-64.886413,-2.9097890000000044
97,06/24/15 12:00,-64.886498,-2.9084159999999986
97,06/24/15 18:00,-64.886413,-2.9081579999999927
97,06/25/15 00:00,-64.882379,-2.9107329999999925
97,06/25/15 06:00,-64.883151,-2.914166000000005
97,06/25/15 12:00,-64.883237,-2.914080999999994
97,06/25/15 18:00,-64.884953,-2.911934999999993
97,06/26/15 00:00,-64.889159,-2.910561999999997
97,06/26/15 06:00,-64.898772,-2.902235999999993
97,06/26/15 12:00,-64.898772,-2.902150000000005
97,06/26/15 18:00,-64.898858,-2.902235999999996
97,06/27/15 00:00,-64.901261,-2.899489000000002
97,06/27/15 06:00,-64.90315,-2.8976869999999995
97,06/27/15 12:00,-64.905295,-2.8916789999999946
97,06/29/15 12:00,-64.909759,-2.8832670000000022
97,06/29/15 18:00,-64.909673,-2.883353000000003
97,06/30/15 00:00,-64.909673,-2.883267000000001
97,06/30/15 06:00,-64.908643,-2.879748000000008
97,06/30/15 12:00,-64.907441,-2.880091999999994
97,06/30/15 18:00,-64.904523,-2.884812000000004
97,07/01/15 00:00,-64.898171,-2.886014000000006
97,07/05/15 06:00,-64.90684,-2.8758860000000057
97,07/05/15 12:00,-64.906754,-2.8758860000000004
97,07/05/15 18:00,-64.90684,-2.8758860000000057
97,07/06/15 00:00,-64.906754,-2.8758860000000004
97,07/06/15 06:00,-64.906754,-2.8758860000000004
97,07/06/15 12:00,-64.90684,-2.875800000000005
97,07/06/15 18:00,-64.906583,-2.8757999999999924
97,07/08/15 12:00,-64.897742,-2.901377999999992
97,07/08/15 18:00,-64.897141,-2.901119999999997
97,07/09/15 00:00,-64.894481,-2.901291999999999
97,07/09/15 06:00,-64.891906,-2.898373999999991
97,07/09/15 12:00,-64.897313,-2.901291999999996
97,07/09/15 18:00,-64.896798,-2.900519000000004
97,07/10/15 00:00,-64.893966,-2.9018070000000056
97,07/10/15 06:00,-64.893193,-2.903866999999994
97,07/10/15 12:00,-64.893279,-2.903866999999993
97,07/10/15 18:00,-64.893193,-2.903866999999994
97,07/11/15 00:00,-64.889245,-2.904983
97,07/11/15 06:00,-64.887614,-2.903781000000001
97,07/11/15 12:00,-64.889159,-2.9067849999999944
97,07/11/15 18:00,-64.889073,-2.906871000000001
97,07/12/15 00:00,-64.889159,-2.9067849999999944
97,07/12/15 06:00,-64.887013,-2.908072
97,07/12/15 12:00,-64.886413,-2.908243999999998
97,07/12/15 18:00,-64.886498,-2.9082439999999976
97,07/13/15 00:00,-64.886498,-2.9084159999999986
97,07/13/15 06:00,-64.883151,-2.907556999999996
97,07/13/15 12:00,-64.885468,-2.9067850000000064
97,07/13/15 18:00,-64.885383,-2.906785000000002
97,07/19/15 16:00,-64.916368,-2.883782000000005
97,07/23/15 06:00,-64.895768,-2.8947690000000064
97,07/23/15 12:00,-64.895682,-2.894769000000007
97,07/23/15 18:00,-64.895682,-2.894769000000007
97,07/24/15 00:00,-64.89518114922387,-2.898578636961509
97,07/24/15 06:00,-64.891992,-2.898373999999995
97,07/24/15 12:00,-64.896626,-2.901977999999998
97,07/24/15 18:00,-64.895682,-2.9012920000000046
97,07/25/15 00:00,-64.895768,-2.9016350000000064
97,07/27/15 10:00,-64.885297,-2.9067850000000046
97,07/27/15 16:00,-64.885468,-2.9067850000000064
97,07/27/15 22:01,-64.884095,-2.907299999999996
97,07/29/15 18:00,-64.885383,-2.906785000000002
97,07/30/15 00:00,-64.885383,-2.906870999999994
97,07/30/15 06:00,-64.88776437337752,-2.9105086606307284
97,07/30/15 12:00,-64.891391,-2.913822999999998
97,07/30/15 18:00,-64.891219,-2.913995000000001
97,07/31/15 00:00,-64.890189,-2.911076999999999
97,07/31/15 06:00,-64.884696,-2.9079869999999994
97,08/05/15 06:00,-64.912505,-2.879663000000007
97,08/05/15 12:00,-64.912248,-2.8791479999999927
97,08/05/15 18:00,-64.912505,-2.879491000000001
97,08/06/15 00:00,-64.912162,-2.8808639999999937
97,08/06/15 06:00,-64.915681,-2.890906000000001
97,08/06/15 12:00,-64.915509,-2.8906489999999976
97,08/08/15 16:00,-64.904523,-2.8992320000000067
97,08/08/15 22:00,-64.902291,-2.894682999999993
97,08/15/15 12:00,-64.906068,-2.9028370000000048
97,08/15/15 18:00,-64.90624,-2.902836999999992
97,08/16/15 00:00,-64.906154,-2.902836999999991
97,08/16/15 06:00,-64.90375,-2.9079870000000065
97,08/16/15 12:00,-64.899459,-2.905840999999992
97,08/16/15 18:00,-64.899545,-2.9051539999999982
97,08/26/15 06:00,-64.971728,-2.9269550000000084
97,08/26/15 12:00,-64.971213,-2.925839000000001
97,08/26/15 18:00,-64.970784,-2.9260110000000057
97,08/27/15 00:00,-64.971385,-2.924981000000008
97,08/27/15 06:00,-64.968553,-2.919230000000001
97,08/27/15 12:00,-64.968123,-2.915710999999998
97,09/04/15 06:00,-64.953704,-2.939572000000008
97,09/04/15 12:00,-64.94761,-2.9261830000000004
97,09/04/15 18:00,-64.947782,-2.926096999999997
97,09/05/15 00:00,-64.94752060346286,-2.927730694640974
97,09/05/15 06:00,-64.947782,-2.926096999999997
97,09/05/15 12:00,-64.947867,-2.926097000000006
97,09/05/15 18:00,-64.947867,-2.926097000000006
97,09/06/15 00:00,-64.948039,-2.926183000000002
97,09/06/15 06:00,-64.947953,-2.9261829999999978
97,09/06/15 12:00,-64.947009,-2.9254100000000047
97,09/06/15 18:00,-64.947009,-2.9254100000000047
97,09/07/15 00:00,-64.94572200000002,-2.9265260000000017
97,09/07/15 06:00,-64.943919,-2.927555999999994
97,09/12/15 12:00,-64.871478,-2.933822000000007
97,09/12/15 18:00,-64.89998330483019,-2.935263377338694
97,09/13/15 00:00,-64.905381,-2.933393
97,09/13/15 06:00,-64.905896,-2.9339930000000014
97,09/13/15 12:00,-64.913192,-2.9369969999999967
97,09/13/15 18:00,-64.913106,-2.9369119999999955
97,09/17/15 16:00,-64.931302,-2.937169000000006
97,09/17/15 22:02,-64.93113,-2.9374270000000067
97,09/19/15 00:00,-64.9507,-2.927728000000001
97,09/19/15 06:00,-64.949327,-2.9282430000000006
97,09/19/15 12:00,-64.94926644551984,-2.947999432605949
97,09/19/15 18:00,-64.957051,-2.947039999999999
97,09/20/15 00:00,-64.965634,-2.932363
97,09/20/15 06:00,-64.963489,-2.929958999999996
97,09/20/15 12:00,-64.950442,-2.9418039999999985
97,09/20/15 18:00,-64.94943303107001,-2.947311960357577
97,09/21/15 00:00,-64.943919,-2.962574999999996
97,09/21/15 06:00,-64.945378,-2.9604289999999995
97,09/21/15 12:00,-64.945378,-2.9601719999999965
97,09/21/15 18:00,-64.94950509907413,-2.947058662317904
97,09/22/15 00:00,-64.945292,-2.960943999999996
97,09/22/15 06:00,-64.941516,-2.954248999999991
97,09/22/15 12:00,-64.9495855331389,-2.9466064293312435
97,09/22/15 18:00,-64.941773,-2.947382999999996
97,09/24/15 22:01,-64.9301,-2.954935999999999
97,09/25/15 04:03,-64.935079,-2.9532189999999945
97,09/25/15 22:01,-64.929671,-2.9534769999999915
97,09/29/15 12:00,-64.939198,-2.9477259999999963
97,09/29/15 18:00,-64.94117300000002,-2.946181000000007
97,09/30/15 00:00,-64.942803,-2.962403000000009
97,09/30/15 06:00,-64.93312004156569,-2.944817848932527
97,09/30/15 12:00,-64.946837,-2.955193999999992
97,09/30/15 18:00,-64.946923,-2.955021999999996
97,10/01/15 00:00,-64.935679,-2.946524999999992
97,10/01/15 06:00,-64.930701,-2.934937000000001
97,10/01/15 12:00,-64.925551,-2.936225000000005
97,10/01/15 18:00,-64.92641,-2.9366540000000065
97,10/02/15 00:00,-64.926152,-2.9375119999999937
97,10/02/15 06:00,-64.925981,-2.937426999999996
97,10/02/15 12:00,-64.926324,-2.937427000000008
97,10/02/15 18:00,-64.925551,-2.9375980000000057
97,10/03/15 00:00,-64.92718200000002,-2.9437779999999982
97,10/03/15 06:00,-64.92718200000002,-2.9436919999999964
97,10/03/15 12:00,-64.937396,-2.9434350000000067
97,10/03/15 18:00,-64.938941,-2.942920000000005
97,10/06/15 12:00,-64.96778,-2.9211189999999947
97,10/06/15 18:00,-64.95280721737196,-2.939077968843669
97,10/07/15 00:00,-64.95294520350917,-2.938752221054579
97,10/07/15 06:00,-64.951386,-2.9268690000000075
97,10/07/15 12:00,-64.944606,-2.937769999999996
97,10/07/15 18:00,-64.954906,-2.9438640000000063
97,10/08/15 00:00,-64.95323988340435,-2.9383538634045583
97,10/08/15 06:00,-64.95324875086388,-2.9382815133326248
97,10/08/15 12:00,-64.95326208349958,-2.938191071791985
97,10/08/15 18:00,-64.957309,-2.9421469999999954
97,10/09/15 00:00,-64.946494,-2.952703999999992
97,10/11/15 00:00,-64.937053,-2.9394869999999966
97,10/11/15 06:00,-64.937568,-2.939916000000005
97,10/11/15 12:00,-64.93527002386382,-2.944488590051727
97,10/11/15 18:00,-64.938083,-2.939916000000004
97,10/12/15 00:00,-64.934134,-2.9468679999999985
97,10/12/15 06:00,-64.934306,-2.9470399999999923
97,10/12/15 12:00,-64.931817,-2.950130000000008
97,10/22/15 06:00,-64.943662,-2.958283000000005
97,10/22/15 12:00,-64.946237,-2.962059999999999
97,10/22/15 18:00,-64.946237,-2.962059999999999
97,10/23/15 00:00,-64.95070265973035,-2.9594800184503915
97,10/23/15 06:00,-64.95585,-2.9595709999999955
97,10/23/15 12:00,-64.955935,-2.959399000000005
97,10/23/15 18:00,-64.956021,-2.956052000000005
97,10/24/15 00:00,-64.953532,-2.9572530000000072
97,10/27/15 18:00,-64.95018500000002,-2.961201999999994
97,10/28/15 00:00,-64.93665575316997,-2.9441064112007824
97,10/28/15 06:00,-64.936881,-2.9527039999999936
97,10/28/15 12:00,-64.93675468004001,-2.943780730113644
97,10/28/15 18:00,-64.931302,-2.951416999999997
97,10/29/15 00:00,-64.93678166005924,-2.9436179288354465
97,10/29/15 06:00,-64.932246,-2.938199000000002
97,10/29/15 12:00,-64.932246,-2.938199000000002
97,10/29/15 18:00,-64.932332,-2.938026999999998
97,10/30/15 00:00,-64.938083,-2.940258999999992
97,10/30/15 06:00,-64.938083,-2.940516000000004
97,10/30/15 12:00,-64.937997,-2.939916000000008
97,10/30/15 18:00,-64.93682475329997,-2.943672104984936
97,10/31/15 00:00,-64.93682108412658,-2.9436630694932227
97,10/31/15 06:00,-64.938083,-2.940601999999997
97,10/31/15 12:00,-64.938083,-2.940345
97,10/31/15 18:00,-64.93682392579021,-2.9436811483279084
97,11/01/15 00:00,-64.938083,-2.940601999999997
97,11/01/15 06:00,-64.937997,-2.9407739999999936
97,11/01/15 12:00,-64.93688508368443,-2.9434549940978774
97,11/01/15 18:00,-64.937997,-2.940688000000004
97,11/07/15 22:00,-64.920487,-2.970729000000002
97,11/08/15 04:03,-64.908299,-2.969698999999998
97,11/08/15 10:00,-64.935164,-2.9461809999999966
97,11/08/15 16:00,-64.940658,-2.9442929999999943
98,12/11/14 13:01,-64.85651,-3.054789000000002
98,12/11/14 18:00,-64.85647400000002,-3.0546209999999943
98,12/13/14 10:01,-64.856501,-3.0547120000000043
98,12/14/14 01:01,-64.848559,-3.098324999999996
98,12/14/14 06:01,-64.839915,-3.0957329999999925
98,12/14/14 11:02,-64.840445,-3.0953840000000072
98,12/16/14 03:02,-64.863942,-3.087383999999995
98,12/16/14 13:01,-64.854758,-3.094703999999996
98,12/18/14 10:00,-64.854421,-3.0967069999999923
98,12/18/14 15:00,-64.8402446396301,-3.102177817547332
98,12/18/14 20:00,-64.841983,-3.1011380000000046
98,12/19/14 01:00,-64.839652,-3.102381000000001
98,12/19/14 06:00,-64.84054564947317,-3.1019874014787523
98,12/19/14 11:00,-64.840162,-3.100861999999996
98,12/19/14 16:00,-64.84058745503032,-3.101942116519862
98,12/19/14 21:00,-64.84055929819479,-3.101915038610991
98,12/20/14 02:00,-64.833299,-3.105252000000006
98,12/20/14 07:00,-64.83207,-3.1063599999999965
98,12/20/14 12:00,-64.832314,-3.105902000000005
98,12/20/14 17:00,-64.83227,-3.105024
98,12/20/14 22:00,-64.84068498077235,-3.101932903658754
98,12/21/14 03:00,-64.843204,-3.101070999999996
98,12/21/14 08:00,-64.84466,-3.1000809999999968
98,12/21/14 13:00,-64.845559,-3.099749999999996
98,12/21/14 18:00,-64.846762,-3.0988779999999982
98,12/21/14 23:00,-64.847084,-3.098939
98,12/25/14 07:03,-64.856586,-3.0550359999999936
98,12/25/14 22:01,-64.856596,-3.054834999999996
98,12/26/14 08:01,-64.857171,-3.0563649999999964
98,12/27/14 06:00,-64.856591,-3.0561789999999927
98,12/27/14 12:00,-64.856961,-3.055906999999998
98,12/27/14 18:00,-64.85473576716387,-3.0592647265056256
98,12/28/14 00:00,-64.852301,-3.0717329999999965
98,12/28/14 06:00,-64.856695,-3.056002
98,12/28/14 12:00,-64.856651,-3.0558489999999985
98,12/28/14 18:00,-64.856173,-3.055766000000001
98,12/29/14 00:00,-64.85481583120949,-3.059074698891957
98,12/29/14 06:00,-64.852054,-3.057444000000002
98,12/29/14 12:00,-64.85482985439938,-3.0590565899089976
98,12/29/14 18:00,-64.85483155645767,-3.0590656292618807
98,12/30/14 00:00,-64.856036,-3.0557419999999937
98,12/30/14 06:00,-64.855875,-3.0554989999999926
98,12/30/14 12:00,-64.856034,-3.055772000000004
98,12/30/14 18:00,-64.856102,-3.059190999999997
98,12/31/14 00:00,-64.85484084782684,-3.0590746554294155
98,12/31/14 06:00,-64.85483266525522,-3.059056585025586
98,12/31/14 12:00,-64.85404800000002,-3.0602570000000044
98,12/31/14 18:00,-64.856161,-3.0593629999999954
98,01/01/15 00:00,-64.85484450193945,-3.059074649080905
98,01/01/15 06:00,-64.855902,-3.059080999999992
98,01/01/15 12:00,-64.855962,-3.059155999999999
98,01/01/15 18:00,-64.855827,-3.0592539999999984
98,01/02/15 00:00,-64.855943,-3.059013999999999
98,01/02/15 06:00,-64.844892,-3.065958999999997
98,01/03/15 12:00,-64.855763,-3.0595380000000025
98,01/03/15 18:00,-64.8538533648237,-3.0606949449366234
98,01/04/15 00:00,-64.85389852642507,-3.06064061258741
98,01/04/15 06:00,-64.84504,-3.064896999999997
98,01/04/15 12:00,-64.855917,-3.0590369999999965
98,01/04/15 18:00,-64.85403505655596,-3.0605951638077094
98,01/05/15 00:00,-64.856136,-3.059082000000005
98,01/05/15 06:00,-64.855914,-3.0590430000000066
98,01/05/15 12:00,-64.855997,-3.059268000000004
98,01/05/15 18:00,-64.855337,-3.061876999999993
98,01/07/15 00:00,-64.851727,-3.073604000000007
98,01/07/15 06:00,-64.85398698368408,-3.074457113119738
98,01/07/15 12:00,-64.851712,-3.0735740000000007
98,01/07/15 18:00,-64.85426615259146,-3.0743209912041007
98,01/08/15 00:00,-64.8542891238544,-3.074275739556825
98,01/08/15 06:00,-64.841771,-3.077510000000005
98,01/08/15 12:00,-64.851646,-3.073627000000004
98,01/08/15 18:00,-64.85455693978444,-3.074239102830638
98,01/09/15 00:00,-64.86736,-3.0673200000000014
98,01/09/15 06:00,-64.866097,-3.078065999999992
98,01/10/15 13:02,-64.851726,-3.073541999999994
98,01/10/15 18:02,-64.834206,-3.079336000000004
98,01/10/15 23:02,-64.834066,-3.079384000000009
98,01/12/15 00:00,-64.850478,-3.0738279999999967
98,01/12/15 06:00,-64.850499,-3.074224999999997
98,01/12/15 12:00,-64.85062897439799,-3.074074148250576
98,01/12/15 18:00,-64.85063064535322,-3.074065103010847
98,01/13/15 00:00,-64.85069,-3.073978999999995
98,01/13/15 06:00,-64.850874,-3.0743209999999923
98,01/13/15 12:00,-64.85063401843529,-3.0740650971353585
98,01/13/15 18:00,-64.85063401843529,-3.0740650971353585
98,01/14/15 00:00,-64.85063484612,-3.0740560533645267
98,01/14/15 06:00,-64.850671,-3.073904000000008
98,01/15/15 05:00,-64.83363,-3.0816439999999967
98,01/15/15 10:00,-64.83338900000001,-3.0815579999999976
98,01/15/15 15:00,-64.846597,-3.089460000000007
98,01/15/15 20:00,-64.84187368503781,-3.087734303193641
98,01/16/15 01:00,-64.846603,-3.089483999999995
98,01/16/15 06:00,-64.846714,-3.0894799999999947
98,01/16/15 11:00,-64.847171,-3.091955000000004
98,01/17/15 12:00,-64.846533,-3.089391000000003
98,01/17/15 18:00,-64.83775991534807,-3.08990259029072
98,01/18/15 00:00,-64.819099,-3.0789899999999983
98,01/18/15 06:00,-64.823809,-3.082811999999993
98,01/18/15 12:00,-64.8381460960587,-3.0897120286008644
98,01/18/15 18:00,-64.83825010167307,-3.089711847741808
98,01/19/15 00:00,-64.84656100000001,-3.089333000000008
98,01/19/15 06:00,-64.846609,-3.089511999999996
98,01/19/15 12:00,-64.844373,-3.0913580000000014
98,01/19/15 18:00,-64.83842545903663,-3.089684415616992
98,01/20/15 00:00,-64.83840768772873,-3.089648276967837
98,01/20/15 06:00,-64.841272,-3.094145000000008
98,01/20/15 12:00,-64.841333,-3.0938009999999925
98,01/20/15 18:00,-64.841141,-3.0938050000000024
98,01/22/15 06:00,-64.841153,-3.093734000000006
98,01/22/15 12:00,-64.84168912496956,-3.100827978586509
98,01/22/15 18:00,-64.84180048642621,-3.10069214831674
98,01/23/15 00:00,-64.842744,-3.0937089999999947
98,01/23/15 06:00,-64.84297,-3.0937360000000083
98,01/23/15 12:00,-64.842779,-3.0937240000000057
98,01/23/15 18:00,-64.842947,-3.093874000000003
98,01/24/15 00:00,-64.83232,-3.082256000000006
98,01/24/15 06:00,-64.832183,-3.082185999999996
98,01/24/15 12:00,-64.84185768919322,-3.100447904312124
98,01/24/15 18:00,-64.842536,-3.0931110000000044
98,01/25/15 00:00,-64.837684,-3.090122000000004
98,01/25/15 06:00,-64.840301,-3.091978999999998
98,01/25/15 12:00,-64.84195521472513,-3.100438691421725
98,01/25/15 18:00,-64.840297,-3.0920139999999985
98,01/26/15 00:00,-64.8419802168439,-3.100429605335626
98,01/26/15 06:00,-64.841045,-3.092453999999997
98,01/26/15 12:00,-64.84198132559155,-3.1004205610277946
98,01/26/15 18:00,-64.839421,-3.096123999999993
98,01/27/15 00:00,-64.839083,-3.096132000000005
98,01/27/15 06:00,-64.8420231936175,-3.100411445450422
98,01/27/15 12:00,-64.84201558831242,-3.1004024163798096
98,01/27/15 18:00,-64.839199,-3.096185000000008
98,01/28/15 00:00,-64.843161,-3.1029209999999985
98,01/28/15 06:00,-64.839482,-3.096554999999998
98,01/28/15 12:00,-64.84202063243835,-3.100393365190917
98,01/28/15 18:00,-64.839302,-3.096192000000002
98,01/29/15 00:00,-64.84198966466883,-3.100366292231971
98,01/29/15 06:00,-64.839269,-3.096238000000002
98,01/29/15 12:00,-64.839279,-3.096317999999997
98,01/29/15 18:00,-64.822076,-3.103889000000005
98,01/30/15 00:00,-64.839245,-3.096092999999993
98,01/30/15 06:00,-64.84201636902243,-3.1003662455388032
98,01/30/15 12:00,-64.84201132489643,-3.1003752967276235
98,01/30/15 18:00,-64.839263,-3.096172999999995
98,01/31/15 00:00,-64.84201274603504,-3.100384336611704
98,01/31/15 06:00,-64.839136,-3.0961150000000064
98,01/31/15 12:00,-64.84202878429377,-3.1003933509369213
98,01/31/15 18:00,-64.84202202228425,-3.1003843203917505
98,02/01/15 00:00,-64.839119,-3.0963060000000016
98,02/01/15 06:00,-64.84202231902913,-3.100393362241819
98,02/01/15 12:00,-64.839319,-3.096235999999996
98,02/01/15 18:00,-64.84202937778379,-3.1004114346369738
98,02/02/15 00:00,-64.839035,-3.096177000000006
98,02/02/15 06:00,-64.839224,-3.096003
98,02/02/15 12:00,-64.839217,-3.096299999999993
98,02/02/15 18:00,-64.845129,-3.096749000000006
98,02/03/15 00:00,-64.85907600000002,-3.0977100000000006
98,02/03/15 06:00,-64.84219611668641,-3.1006010327974893
98,02/03/15 12:00,-64.858357,-3.0965650000000045
98,02/03/15 18:00,-64.845056,-3.096792000000004
98,02/04/15 00:00,-64.844976,-3.096781999999996
98,02/04/15 06:00,-64.845491,-3.097406999999993
98,02/04/15 12:00,-64.852676,-3.0994359999999923
98,02/04/15 18:00,-64.841536,-3.1044089999999978
98,02/05/15 00:00,-64.84214753302221,-3.1004654822370705
98,02/05/15 06:00,-64.84185,-3.104298999999997
98,02/05/15 12:00,-64.842137,-3.1043199999999938
98,02/05/15 18:00,-64.84222,-3.1045840000000013
98,02/06/15 00:00,-64.842266,-3.104345000000003
98,02/06/15 06:00,-64.842309,-3.104659000000001
98,02/06/15 12:00,-64.842008,-3.104377999999996
98,02/06/15 18:00,-64.842144,-3.1043369999999992
98,02/07/15 00:00,-64.84374,-3.105202999999995
98,02/07/15 06:00,-64.843889,-3.1050089999999977
98,02/07/15 12:00,-64.842269,-3.104747999999997
98,02/07/15 18:00,-64.842163,-3.104444999999999
98,02/08/15 00:00,-64.842194,-3.1045399999999934
98,02/08/15 06:00,-64.842375,-3.1048200000000006
98,02/08/15 12:00,-64.841965,-3.1044949999999965
98,02/08/15 18:00,-64.84223976461278,-3.100483405681853
98,02/09/15 00:00,-64.848831,-3.103155000000003
98,02/09/15 06:00,-64.848698,-3.102852000000004
98,02/09/15 12:00,-64.84879,-3.1029910000000043
98,02/09/15 18:00,-64.84223111315579,-3.100519590283058
98,02/10/15 00:00,-64.84867,-3.102904
98,02/10/15 06:00,-64.84222069686388,-3.1005105661313683
98,02/10/15 12:00,-64.848786,-3.102804000000003
98,02/10/15 18:00,-64.848475,-3.103021000000001
98,02/11/15 00:00,-64.846179,-3.103574999999997
98,02/11/15 06:00,-64.846437,-3.103447999999997
98,02/11/15 12:00,-64.846403,-3.103354999999993
98,02/11/15 18:00,-64.8421931022691,-3.100483487284551
98,02/12/15 00:00,-64.845084,-3.104667999999992
98,02/12/15 06:00,-64.846069,-3.103511000000004
98,02/12/15 12:00,-64.84214467509426,-3.100438360129837
98,02/12/15 18:00,-64.837267,-3.1049459999999978
98,02/13/15 00:00,-64.846794,-3.1039719999999966
98,02/13/15 06:00,-64.84214014622373,-3.10042028331278
98,02/13/15 12:00,-64.846626,-3.1039869999999925
98,02/13/15 18:00,-64.832688,-3.107428000000003
98,02/14/15 00:00,-64.84212282709912,-3.100320847545524
98,02/14/15 06:00,-64.8420518807707,-3.1002576750190145
98,02/14/15 12:00,-64.80866,-3.113940000000001
98,02/14/15 18:00,-64.84667,-3.1042810000000047
98,02/15/15 00:00,-64.8467,-3.1043519999999987
98,02/15/15 06:00,-64.846697,-3.1039959999999964
98,02/15/15 12:00,-64.84219425795973,-3.100501569999619
98,02/15/15 18:00,-64.846751,-3.1040350000000068
98,02/16/15 00:00,-64.846735,-3.1040580000000006
98,02/16/15 06:00,-64.846724,-3.1039949999999927
98,02/16/15 12:00,-64.846903,-3.1041000000000003
98,02/16/15 18:00,-64.846777,-3.104184000000008
98,02/18/15 00:00,-64.845808,-3.100449000000007
98,02/18/15 06:00,-64.840792727336,-3.096290273057729
98,02/18/15 12:00,-64.845873,-3.100348999999996
98,02/18/15 18:00,-64.845858,-3.1003000000000007
98,02/19/15 00:00,-64.846641,-3.102037000000008
98,02/19/15 06:00,-64.847417,-3.101766000000004
98,02/19/15 12:00,-64.846641,-3.1019140000000003
98,02/19/15 18:00,-64.846786,-3.102151000000002
98,02/20/15 00:00,-64.84661,-3.1021919999999947
98,02/20/15 06:00,-64.84801,-3.0836910000000013
98,02/20/15 12:00,-64.8413077135557,-3.0959728911745854
98,02/20/15 18:00,-64.84136004452888,-3.0959999269540046
98,02/21/15 00:00,-64.859105,-3.094907999999996
98,02/21/15 06:00,-64.871981,-3.0904800000000057
98,02/21/15 12:00,-64.866235,-3.085201999999998
98,02/21/15 18:00,-64.84117931450258,-3.096009284769447
98,02/22/15 00:00,-64.84116710237788,-3.095936967091422
98,02/22/15 06:00,-64.846988,-3.102163999999996
98,02/22/15 12:00,-64.84119678938724,-3.0958736186632465
98,02/22/15 18:00,-64.8411545623119,-3.09583752286236
98,02/23/15 00:00,-64.84110309025598,-3.0958195279401712
98,02/23/15 06:00,-64.838347,-3.095564999999997
98,02/23/15 12:00,-64.834353,-3.0954639999999936
98,02/23/15 18:00,-64.84112303255579,-3.095810450764168
98,02/24/15 00:00,-64.8410870520886,-3.095810513554101
98,02/24/15 06:00,-64.837725,-3.1001809999999943
98,02/24/15 12:00,-64.8410878797655,-3.0958014697353367
98,02/24/15 18:00,-64.834446,-3.096606999999996
98,02/25/15 00:00,-64.8343,-3.096682999999997
98,02/25/15 06:00,-64.834731,-3.096614000000006
98,02/25/15 12:00,-64.84112695230368,-3.095801401549504
98,02/25/15 18:00,-64.84108168000745,-3.0957924381800326
98,02/26/15 00:00,-64.834458,-3.096410000000007
98,02/26/15 06:00,-64.838698,-3.097146999999993
98,02/26/15 12:00,-64.838953,-3.096425000000006
98,02/26/15 18:00,-64.839086,-3.096553999999999
98,02/27/15 00:00,-64.84115061133232,-3.0958284873834314
98,02/27/15 06:00,-64.8411053390352,-3.095819524015792
98,02/27/15 12:00,-64.839038,-3.0966509999999934
98,02/27/15 18:00,-64.839045,-3.096506000000008
98,02/28/15 00:00,-64.84110953988068,-3.0958104743105364
98,02/28/15 06:00,-64.8410521491654,-3.0957834473387096
98,02/28/15 12:00,-64.838979,-3.096633000000003
98,02/28/15 18:00,-64.818074,-3.0917919999999985
98,03/01/15 00:00,-64.84100514344112,-3.095747359865564
98,03/01/15 06:00,-64.828484,-3.098482000000004
98,03/01/15 12:00,-64.84107409037767,-3.0957924514245123
98,03/01/15 18:00,-64.839636,-3.0948779999999965
98,03/02/15 00:00,-64.84108371015049,-3.095828604134914
98,03/02/15 06:00,-64.839755,-3.0949570000000013
98,03/02/15 12:00,-64.84107836929972,-3.0958286134552275
98,03/02/15 18:00,-64.839594,-3.0949249999999973
98,03/03/15 00:00,-64.84104882284143,-3.0958105802670643
98,03/03/15 06:00,-64.828356,-3.0913650000000072
98,03/03/15 12:00,-64.842317,-3.093927999999998
98,03/03/15 18:00,-64.84107701065892,-3.095855742949506
98,03/04/15 00:00,-64.84105677164484,-3.0958557782686285
98,03/04/15 06:00,-64.842285,-3.0936609999999933
98,03/04/15 12:00,-64.84105339847581,-3.095855784155112
98,03/04/15 18:00,-64.83608,-3.076002000000006
98,03/05/15 00:00,-64.84099316555361,-3.095810677390815
98,03/05/15 06:00,-64.841651,-3.0812319999999973
98,03/05/15 12:00,-64.842131,-3.093341999999992
98,03/06/15 18:00,-64.82491,-3.090858999999999
98,03/07/15 00:00,-64.82058446158072,-3.0875631830147627
98,03/07/15 06:00,-64.82347,-3.0849289999999976
98,03/07/15 12:00,-64.818629,-3.080820000000008
98,03/07/15 18:00,-64.822315,-3.079308
98,03/08/15 00:00,-64.82399,-3.0850719999999945
98,03/08/15 06:00,-64.82076615524198,-3.0871288313335565
98,03/08/15 12:00,-64.82075892759295,-3.0870112915533943
98,03/08/15 18:00,-64.811017,-3.099865000000008
98,03/09/15 00:00,-64.823272,-3.085021999999997
98,03/10/15 05:00,-64.839815,-3.079246999999997
98,03/10/15 10:00,-64.839935,-3.078866999999996
98,03/10/15 15:00,-64.823908,-3.084408999999998
98,03/10/15 20:00,-64.823955,-3.084434000000007
98,03/11/15 01:00,-64.823775,-3.084511999999996
98,03/12/15 00:00,-64.823534,-3.084524999999998
98,03/12/15 05:00,-64.823634,-3.084311000000002
98,03/12/15 10:00,-64.8224085914616,-3.084639324102844
98,03/12/15 15:00,-64.822029,-3.075954999999995
98,03/12/15 20:00,-64.82241234201521,-3.084530808002074
98,03/13/15 01:00,-64.82195300000001,-3.0853530000000013
98,03/13/15 06:00,-64.821925,-3.0859890000000005
98,03/13/15 11:00,-64.821889,-3.0854129999999955
98,03/13/15 16:00,-64.821833,-3.086135999999996
98,03/13/15 21:00,-64.82244470290377,-3.084386072779917
98,03/14/15 02:00,-64.823018,-3.0861539999999974
98,03/16/15 06:00,-64.822896,-3.104785000000001
98,03/16/15 12:00,-64.824154,-3.104428999999998
98,03/16/15 18:00,-64.85303662844707,-3.093782199123974
98,03/17/15 00:00,-64.85486,-3.092017
98,03/17/15 06:00,-64.858408,-3.093722999999995
98,03/17/15 12:00,-64.858242,-3.0937579999999967
98,03/17/15 18:00,-64.859354,-3.092123999999995
98,03/18/15 00:00,-64.85337515934002,-3.093673097106845
98,03/18/15 06:00,-64.859254,-3.0927709999999924
98,03/18/15 12:00,-64.85338103091522,-3.093655002174845
98,03/18/15 18:00,-64.85337061469626,-3.0936459781487087
98,03/19/15 00:00,-64.860542,-3.0881800000000004
98,03/19/15 06:00,-64.86144,-3.086806
98,03/19/15 12:00,-64.85331558293215,-3.093682244006488
98,03/19/15 18:00,-64.861157,-3.088010000000003
98,03/20/15 00:00,-64.857804,-3.090891999999999
98,03/20/15 06:00,-64.857831,-3.0906720000000045
98,03/20/15 12:00,-64.857738,-3.0908419999999914
98,03/20/15 18:00,-64.864436,-3.095682999999995
98,03/23/15 00:00,-64.854597,-3.094419999999993
98,03/23/15 06:00,-64.8484164690381,-3.0940706111637586
98,03/23/15 12:00,-64.84854905222261,-3.0940161249733253
98,03/23/15 18:00,-64.85292,-3.096302000000004
98,03/24/15 00:00,-64.865217,-3.093574999999994
98,03/24/15 06:00,-64.855225,-3.0945600000000058
98,03/24/15 12:00,-64.84873329431188,-3.093925378961972
98,03/24/15 18:00,-64.85439,-3.0926440000000053
98,03/25/15 00:00,-64.84870623077417,-3.093880214677976
98,03/25/15 06:00,-64.854258,-3.0948500000000068
98,03/25/15 12:00,-64.84867835529192,-3.0938531364858783
98,03/25/15 18:00,-64.845166,-3.09307
98,03/26/15 00:00,-64.84866734555158,-3.093826028757602
98,03/26/15 06:00,-64.84865018304602,-3.0938170164756387
98,03/26/15 12:00,-64.84861898142589,-3.0938170711137265
98,03/26/15 18:00,-64.845416,-3.092972000000005
98,03/27/15 00:00,-64.845384,-3.093185000000003
98,03/27/15 06:00,-64.845411,-3.0929229999999968
98,03/27/15 12:00,-64.84862628991354,-3.0938170583156994
98,03/27/15 18:00,-64.845186,-3.0930820000000074
98,03/28/15 00:00,-64.84863273944494,-3.0938080046854544
98,03/28/15 06:00,-64.84859533805101,-3.0937990278427314
98,03/28/15 12:00,-64.840689,-3.096482
98,03/28/15 18:00,-64.840274,-3.096889
98,03/29/15 00:00,-64.84865577362078,-3.0937989220133346
98,03/29/15 06:00,-64.846936,-3.088041000000008
98,03/29/15 12:00,-64.84860494231086,-3.0938261380341885
98,03/29/15 18:00,-64.84860239678075,-3.0938171001552184
98,03/30/15 00:00,-64.846525,-3.090747999999993
98,03/30/15 06:00,-64.84859454177054,-3.0938261562465947
98,03/30/15 12:00,-64.846557,-3.090481000000004
98,03/30/15 18:00,-64.84859287086536,-3.09383520150902
98,03/31/15 00:00,-64.847811,-3.088032000000005
98,03/31/15 06:00,-64.847946,-3.0899300000000016
98,03/31/15 12:00,-64.846597,-3.090774000000005
98,03/31/15 18:00,-64.846634,-3.090866000000006
98,04/01/15 00:00,-64.846739,-3.091006
98,04/01/15 06:00,-64.84864854348018,-3.093844146355432
98,04/01/15 12:00,-64.84866990675185,-3.093844108944744
98,04/01/15 18:00,-64.850762,-3.091440999999996
98,04/02/15 00:00,-64.84871633454848,-3.093871154647988
98,04/02/15 06:00,-64.86011800000001,-3.0948640000000007
98,04/02/15 12:00,-64.84873010823665,-3.0938711305268947
98,04/02/15 18:00,-64.84872390846155,-3.093862099048402
98,04/03/15 00:00,-64.84873769781989,-3.0938711172356035
98,04/03/15 06:00,-64.858067,-3.089347000000005
98,04/03/15 12:00,-64.857289,-3.0895839999999954
98,04/03/15 18:00,-64.84869106727731,-3.09388928356869
98,04/04/15 00:00,-64.8487163502187,-3.093880196956419
98,04/04/15 06:00,-64.854618,-3.090419000000004
98,04/04/15 12:00,-64.85922,-3.0911100000000085
98,04/04/15 18:00,-64.84871413279377,-3.093898285511431
98,04/05/15 00:00,-64.85218700000001,-3.095664000000006
98,04/05/15 06:00,-64.852522,-3.095611000000005
98,04/05/15 12:00,-64.852285,-3.0957680000000054
98,04/05/15 18:00,-64.852344,-3.095457000000001
98,04/06/15 00:00,-64.848775,-3.0946960000000066
98,04/06/15 06:00,-64.848238,-3.0945220000000018
98,04/06/15 12:00,-64.8487092444764,-3.0938349977207165
98,04/06/15 18:00,-64.848528,-3.094525000000003
98,04/07/15 00:00,-64.848096,-3.0947850000000074
98,04/07/15 06:00,-64.84868586652664,-3.093807911652064
98,04/07/15 12:00,-64.84862961605435,-3.0937899254822367
98,04/07/15 18:00,-64.841394,-3.099574999999996
98,04/08/15 00:00,-64.841445,-3.099536999999997
98,04/08/15 06:00,-64.831209,-3.101737999999998
98,04/08/15 12:00,-64.84874915909909,-3.093672165778007
98,04/08/15 18:00,-64.83749,-3.096832999999996
98,04/10/15 00:00,-64.809044,-3.109999
98,04/10/15 06:00,-64.82325060985735,-3.1023158933425763
98,04/10/15 12:00,-64.82343521847497,-3.102107596982449
98,04/10/15 18:00,-64.806565,-3.109866999999993
98,04/11/15 00:00,-64.808725,-3.1096659999999945
98,04/11/15 06:00,-64.82405637801907,-3.1018985444732823
98,04/11/15 12:00,-64.82409630996185,-3.1019075177566564
98,04/11/15 18:00,-64.841237,-3.092381
98,04/12/15 00:00,-64.84271,-3.094456
98,04/12/15 06:00,-64.82431938271543,-3.101672027374627
98,04/12/15 12:00,-64.842799,-3.0900779999999983
98,04/13/15 18:00,-64.842279,-3.093540000000006
98,04/14/15 00:00,-64.843673,-3.0921700000000008
98,04/14/15 06:00,-64.844795,-3.091616999999999
98,04/14/15 12:00,-64.843745,-3.088653000000006
98,04/14/15 18:00,-64.845802,-3.0907899999999984
98,04/15/15 00:00,-64.84456993071306,-3.091301336048814
98,04/15/15 06:00,-64.846417,-3.090679999999993
98,04/15/15 12:00,-64.84459290244656,-3.091256084156748
98,04/15/15 18:00,-64.845925,-3.0906260000000065
98,04/17/15 06:00,-64.853698,-3.0919489999999943
98,04/17/15 12:00,-64.851358,-3.0867310000000026
98,04/17/15 18:00,-64.850877,-3.0870680000000044
98,04/18/15 00:00,-64.850999,-3.087282000000003
98,04/18/15 06:00,-64.844643986345,-3.0933266946901266
98,04/18/15 12:00,-64.861964,-3.0864459999999974
98,04/18/15 18:00,-64.84484005076045,-3.0932449709320853
98,04/19/15 00:00,-64.861206,-3.087235
98,04/19/15 06:00,-64.856487,-3.085792
98,04/19/15 12:00,-64.857677,-3.0867399999999927
98,04/19/15 18:00,-64.84504915499723,-3.093226520852859
98,04/20/15 00:00,-64.870532,-3.083667000000003
98,04/20/15 06:00,-64.871557,-3.0843799999999977
98,04/20/15 12:00,-64.8450657553026,-3.09323553419994
98,04/20/15 18:00,-64.870448,-3.084170999999993
98,04/21/15 00:00,-64.84510991866138,-3.093253541735774
98,04/21/15 06:00,-64.870806,-3.084790000000006
98,04/21/15 12:00,-64.870922,-3.072094
98,04/21/15 18:00,-64.871313,-3.084011000000006
98,04/22/15 00:00,-64.871037,-3.0846500000000017
98,04/22/15 06:00,-64.87149,-3.084457999999997
98,04/22/15 12:00,-64.871352,-3.084588000000005
98,04/22/15 18:00,-64.871103,-3.0842490000000047
98,04/23/15 00:00,-64.871276,-3.0847879999999988
98,04/23/15 06:00,-64.87862,-3.090323999999997
98,04/23/15 12:00,-64.871282,-3.084689
98,04/23/15 18:00,-64.871371,-3.0844950000000044
98,04/24/15 00:00,-64.873532,-3.0852859999999995
98,04/24/15 06:00,-64.84502776042284,-3.093208473527974
98,04/24/15 12:00,-64.871297,-3.0846940000000043
98,04/24/15 18:00,-64.84490835679689,-3.093082089188034
98,04/25/15 00:00,-64.84484557857118,-3.0930279447370124
98,04/25/15 06:00,-64.841972,-3.098755
98,04/25/15 12:00,-64.84494928738482,-3.0930187211876667
98,04/25/15 18:00,-64.84490065776693,-3.093018806151597
98,04/26/15 00:00,-64.856245,-3.091888000000004
98,04/26/15 06:00,-64.855938,-3.0911499999999923
98,04/26/15 12:00,-64.84488835207429,-3.0930549970732995
98,04/26/15 18:00,-64.84483851990333,-3.0930098723576376
98,04/27/15 00:00,-64.849684,-3.073861999999993
98,04/27/15 06:00,-64.846004,-3.083907000000002
98,04/27/15 12:00,-64.84474925641038,-3.093082367153723
98,04/27/15 18:00,-64.857124,-3.091475999999993
98,04/28/15 00:00,-64.857024,-3.091067000000003
98,04/28/15 06:00,-64.84482424653552,-3.09304606671752
98,04/28/15 12:00,-64.842142,-3.0844369999999994
98,04/28/15 18:00,-64.84478369053662,-3.0930009257913214
98,04/29/15 00:00,-64.84476006283394,-3.092991924712978
98,04/29/15 06:00,-64.846264,-3.082891000000006
98,04/29/15 12:00,-64.847703,-3.0828709999999973
98,04/29/15 18:00,-64.84473596673179,-3.093037178589804
98,04/30/15 00:00,-64.847522,-3.094406999999998
98,04/30/15 06:00,-64.847483,-3.094466999999995
98,04/30/15 12:00,-64.846081,-3.0949310000000017
98,04/30/15 18:00,-64.844201,-3.0983949999999947
98,05/01/15 00:00,-64.845608,-3.0941960000000024
98,05/01/15 06:00,-64.84494585169686,-3.0929825577696075
98,05/01/15 12:00,-64.84482800991977,-3.0929465942286414
98,05/01/15 18:00,-64.845611,-3.094626
98,05/02/15 00:00,-64.84472648734658,-3.092919644517909
98,05/02/15 06:00,-64.82478,-3.0953189999999915
98,05/02/15 12:00,-64.84470167273672,-3.09287447608442
98,05/02/15 18:00,-64.826576,-3.093910999999994
98,05/03/15 00:00,-64.8447525511219,-3.092874387205196
98,05/03/15 06:00,-64.84464570335973,-3.092856489140728
98,05/03/15 12:00,-64.831422,-3.102018999999998
98,05/03/15 18:00,-64.831347,-3.1021630000000044
98,05/04/15 00:00,-64.8448173748839,-3.092810977470084
98,05/04/15 06:00,-64.84459968151324,-3.092739018890028
98,05/04/15 12:00,-64.80380000000001,-3.116226000000001
98,05/04/15 18:00,-64.804248,-3.116204999999995
98,05/05/15 00:00,-64.84468950720107,-3.0926665231353203
98,05/05/15 06:00,-64.80799700000001,-3.121769999999998
98,05/05/15 12:00,-64.807798,-3.121909000000001
98,05/05/15 18:00,-64.805181,-3.1119669999999986
98,05/06/15 00:00,-64.805694,-3.093206000000007
98,05/06/15 06:00,-64.804433,-3.093518000000002
98,05/06/15 12:00,-64.804754,-3.093481999999994
98,05/06/15 18:00,-64.84442868134757,-3.092685063414621
98,05/07/15 00:00,-64.804916,-3.0953410000000026
98,05/07/15 06:00,-64.803829,-3.1093009999999923
98,05/07/15 12:00,-64.84483825387369,-3.092693390370071
98,05/07/15 18:00,-64.8449050762907,-3.0924852994598737
98,05/08/15 00:00,-64.812423,-3.1130049999999945
98,05/09/15 02:01,-64.816568,-3.1149640000000063
98,05/11/15 04:02,-64.82089,-3.1168490000000064
98,05/12/15 05:00,-64.822067,-3.1172379999999977
98,05/12/15 10:00,-64.820484,-3.1165400000000067
98,05/12/15 15:00,-64.821057,-3.114738000000004
98,05/12/15 20:00,-64.82113436010673,-3.116344431855997
98,05/13/15 01:00,-64.821837,-3.114759999999998
98,05/13/15 06:00,-64.818337,-3.121917999999994
98,05/13/15 11:00,-64.82115897304233,-3.116272049313978
98,05/13/15 16:00,-64.819404,-3.118610000000007
98,05/13/15 21:00,-64.821276,-3.1147360000000046
98,05/14/15 02:00,-64.822845,-3.113237999999993
98,05/14/15 07:00,-64.82116632844368,-3.1162991639490363
98,05/14/15 12:00,-64.82116743731869,-3.1162901195504493
98,05/14/15 17:00,-64.82117221612008,-3.1162901112469155
98,05/14/15 22:00,-64.823712,-3.112545999999996
98,05/15/15 03:00,-64.82117743274351,-3.116217762408325
98,05/15/15 08:00,-64.821533,-3.116373999999994
98,05/16/15 12:00,-64.820969,-3.115652999999997
98,05/16/15 18:00,-64.85143883113658,-3.094888165774895
98,05/17/15 00:00,-64.836945,-3.101977
98,05/17/15 06:00,-64.83677,-3.102017000000001
98,05/17/15 12:00,-64.839915,-3.0933079999999924
98,05/17/15 18:00,-64.85200537672162,-3.094643029067608
98,05/18/15 00:00,-64.858345,-3.0881169999999987
98,05/18/15 06:00,-64.85206053422077,-3.094679101550999
98,05/18/15 12:00,-64.85212409317676,-3.09469707464846
98,05/18/15 18:00,-64.870337,-3.0932439999999977
98,05/19/15 00:00,-64.869973,-3.0930310000000025
98,05/19/15 06:00,-64.85211879947491,-3.0947242108936948
98,05/19/15 12:00,-64.857012,-3.0904289999999968
98,05/19/15 18:00,-64.857187,-3.090513999999997
98,05/20/15 00:00,-64.85207291811919,-3.094688122137486
98,05/20/15 06:00,-64.857086,-3.091018999999994
98,05/20/15 12:00,-64.856214,-3.091334999999999
98,05/20/15 18:00,-64.855048,-3.091333000000001
98,05/21/15 00:00,-64.856913,-3.091072000000004
98,05/21/15 06:00,-64.85612,-3.0913329999999943
98,05/21/15 12:00,-64.85621,-3.091107000000001
98,05/21/15 18:00,-64.85709,-3.0907909999999923
98,05/22/15 00:00,-64.85563,-3.0931680000000035
98,05/23/15 20:00,-64.868929,-3.094116999999996
98,05/24/15 01:00,-64.84485,-3.0907809999999976
98,05/24/15 06:00,-64.84217139480154,-3.0880773948121587
98,05/24/15 11:00,-64.842947,-3.087709000000008
98,05/24/15 16:00,-64.84248537915504,-3.0877513226083653
98,05/24/15 21:00,-64.843477,-3.088049999999998
98,05/25/15 02:00,-64.84261366813243,-3.087651633088308
98,05/25/15 07:00,-64.844888,-3.0907670000000027
98,05/25/15 12:00,-64.844906,-3.0907880000000083
98,05/25/15 17:00,-64.845094,-3.090691000000002
98,05/25/15 22:00,-64.844777,-3.090627999999995
98,05/26/15 03:00,-64.844971,-3.090838000000008
98,05/26/15 08:00,-64.84235,-3.092137000000001
98,05/26/15 13:00,-64.842256,-3.092222999999992
98,05/26/15 18:00,-64.842342,-3.092145000000007
98,05/26/15 23:00,-64.842391,-3.092309999999997
98,05/27/15 04:00,-64.843307,-3.0997379999999928
98,05/27/15 09:00,-64.84283018972268,-3.087533705126333
98,05/27/15 14:00,-64.841734,-3.0992770000000047
98,05/27/15 19:00,-64.839828,-3.095385999999998
98,05/28/15 00:00,-64.83959,-3.0953399999999944
98,05/28/15 05:00,-64.8428419801221,-3.0875246422195093
98,05/28/15 10:00,-64.849923,-3.095237999999994
98,05/28/15 15:00,-64.84282564543908,-3.087506585942412
98,05/28/15 20:00,-64.84277275282675,-3.087479550982773
98,05/29/15 01:00,-64.8427219214029,-3.0875067666325657
98,05/29/15 06:00,-64.84697,-3.098021000000001
98,05/29/15 11:00,-64.845149,-3.0991339999999914
98,05/29/15 16:00,-64.846495,-3.0970799999999925
98,05/29/15 21:00,-64.84288476890792,-3.087560737142304
98,05/30/15 02:00,-64.846588,-3.0963539999999976
98,05/30/15 07:00,-64.84286228131214,-3.087560776319126
98,05/30/15 12:00,-64.846759,-3.096836000000004
98,05/30/15 17:00,-64.846658,-3.0968750000000007
98,05/30/15 22:00,-64.845284,-3.097979999999992
98,05/31/15 03:00,-64.845411,-3.0974830000000053
98,05/31/15 08:00,-64.854466,-3.0934899999999934
98,05/31/15 13:00,-64.853939,-3.093775000000005
98,05/31/15 18:00,-64.84288031815542,-3.087587871995865
98,05/31/15 23:00,-64.845453,-3.0979830000000046
98,06/01/15 04:00,-64.84284196453382,-3.087515599879918
98,06/01/15 09:00,-64.84276994187734,-3.0874795558794754
98,06/01/15 14:00,-64.84270110478893,-3.087497760526995
98,06/01/15 19:00,-64.845391,-3.0977990000000006
98,06/02/15 00:00,-64.845778,-3.0976339999999984
98,06/02/15 05:00,-64.84282399004564,-3.087524673559912
98,06/02/15 10:00,-64.84273963038511,-3.0875067357837453
98,06/02/15 15:00,-64.845913,-3.097361000000004
98,06/02/15 20:00,-64.84547200000002,-3.097569999999994
98,06/03/15 01:00,-64.84277988931427,-3.0875428351203547
98,06/03/15 06:00,-64.842469,-3.0937119999999934
98,06/03/15 11:00,-64.84266,-3.093727
98,06/03/15 16:00,-64.842616,-3.093656000000008
98,06/03/15 21:00,-64.841287,-3.0913039999999974
98,06/04/15 02:00,-64.8426926095929,-3.08746160585515
98,06/04/15 07:00,-64.83246,-3.0948349999999936
98,06/04/15 12:00,-64.83246,-3.0947789999999915
98,06/04/15 17:00,-64.832457,-3.0946850000000063
98,06/04/15 22:00,-64.835367,-3.0954239999999964
98,06/05/15 03:00,-64.837829,-3.0960650000000007
98,06/05/15 08:00,-64.837916,-3.0958989999999926
98,06/05/15 13:00,-64.837458,-3.096045
98,06/05/15 18:00,-64.84289318616739,-3.087551680111549
98,06/05/15 23:00,-64.846258,-3.0968869999999984
98,06/06/15 04:00,-64.866076,-3.0897300000000056
98,06/06/15 09:00,-64.84291522069725,-3.0876149382880693
98,06/06/15 14:00,-64.84287302527554,-3.0875969270678847
98,06/06/15 19:00,-64.865571,-3.0953859999999973
98,06/07/15 00:00,-64.840634,-3.1028509999999927
98,06/07/15 05:00,-64.84287719493318,-3.0875697927039383
98,06/07/15 10:00,-64.840127,-3.101548
98,06/07/15 15:00,-64.844103,-3.0991869999999944
98,06/07/15 20:00,-64.84298374550546,-3.087578649436331
98,06/08/15 01:00,-64.84296244464906,-3.087614856012387
98,06/08/15 06:00,-64.866507,-3.0954489999999937
98,06/08/15 11:00,-64.867664,-3.094342999999997
98,06/08/15 16:00,-64.84297437535733,-3.087687174154276
98,06/08/15 21:00,-64.84294789007072,-3.087651050835017
98,06/09/15 02:00,-64.868871,-3.092004000000001
98,06/09/15 07:00,-64.84294795243045,-3.087687220191114
98,06/09/15 12:00,-64.84297131449324,-3.0877052642194003
98,06/09/15 17:00,-64.869188,-3.090393999999996
98,06/09/15 22:00,-64.869636,-3.090660000000001
98,06/10/15 03:00,-64.869162,-3.09041
98,06/10/15 08:00,-64.84296940918999,-3.0877414370033334
98,06/10/15 13:00,-64.84295049787524,-3.087696258122367
98,06/10/15 18:00,-64.866843,-3.0872610000000047
98,06/10/15 23:00,-64.84294553170686,-3.087750520972059
98,06/11/15 04:00,-64.857491,-3.0846479999999925
98,06/11/15 09:00,-64.858964,-3.0862419999999924
98,06/11/15 14:00,-64.858922,-3.086231000000003
98,06/11/15 19:00,-64.861079,-3.086322999999996
98,06/12/15 00:00,-64.86376,-3.0879900000000067
98,06/12/15 05:00,-64.866615,-3.089227000000004
98,06/12/15 10:00,-64.869354,-3.0903489999999945
98,06/12/15 15:00,-64.869229,-3.090437999999993
98,06/12/15 20:00,-64.866568,-3.0862429999999925
98,06/13/15 01:00,-64.870821,-3.0844630000000026
98,06/13/15 06:00,-64.870691,-3.084611
98,06/13/15 11:00,-64.84293638029574,-3.087822875846589
98,06/13/15 16:00,-64.84293770781822,-3.0877776617024764
98,06/13/15 21:00,-64.868285,-3.0730600000000003
98,06/14/15 02:00,-64.865117,-3.072201000000005
98,06/14/15 07:00,-64.864808,-3.072398000000003
98,06/14/15 12:00,-64.865224,-3.071698999999994
98,06/14/15 17:00,-64.863757,-3.071077999999998
98,06/14/15 22:00,-64.84267308829284,-3.087714826152295
98,06/15/15 03:00,-64.84274717267024,-3.0876423581534067
98,06/15/15 08:00,-64.84283490548236,-3.087660290045818
98,06/15/15 13:00,-64.866621,-3.086108000000004
98,06/15/15 18:00,-64.84297087702723,-3.0877776039100766
98,06/15/15 23:00,-64.866351,-3.095537000000004
98,06/16/15 04:00,-64.863243,-3.0948399999999943
98,06/16/15 09:00,-64.862972,-3.094892000000001
98,06/16/15 14:00,-64.862765,-3.093533000000002
98,06/16/15 19:00,-64.86492300000002,-3.093394
98,06/17/15 00:00,-64.865175,-3.0936899999999943
98,06/17/15 05:00,-64.84316575380598,-3.0878224761706505
98,06/17/15 10:00,-64.87219,-3.091800999999997
98,06/17/15 15:00,-64.870921,-3.0911149999999963
98,06/17/15 20:00,-64.84300870012383,-3.0877051990807733
98,06/18/15 01:00,-64.84296809772775,-3.08763293089538
98,06/18/15 06:00,-64.84298052826603,-3.0876690787018903
98,06/18/15 11:00,-64.862954,-3.096599999999992
98,06/18/15 16:00,-64.861361,-3.097526999999995
98,06/18/15 21:00,-64.864463,-3.0922060000000005
98,06/19/15 02:00,-64.864603,-3.0923830000000008
98,06/19/15 07:00,-64.84321614777028,-3.087867600178112
98,06/19/15 12:00,-64.869563,-3.090190999999994
98,06/19/15 17:00,-64.873593,-3.0908070000000034
98,06/19/15 22:00,-64.875398,-3.0905579999999944
98,06/20/15 03:00,-64.877502,-3.0845829999999976
98,06/20/15 08:00,-64.84306206094251,-3.0878407415894387
98,06/20/15 13:00,-64.84308450176599,-3.0878135753899256
98,06/20/15 18:00,-64.876727,-3.082103000000002
98,06/20/15 23:00,-64.871049,-3.087776999999996
98,06/21/15 04:00,-64.867218,-3.090580999999998
98,06/21/15 09:00,-64.84306017123689,-3.087885956710158
98,06/21/15 14:00,-64.869664,-3.0902550000000044
98,06/21/15 19:00,-64.869272,-3.090832000000006
98,06/22/15 00:00,-64.858238,-3.079693999999992
98,06/22/15 05:00,-64.85664,-3.081365000000007
98,06/22/15 10:00,-64.85587600000001,-3.0817899999999936
98,06/22/15 15:00,-64.84276381962782,-3.087678498621456
98,06/22/15 20:00,-64.84274547051224,-3.087633318751479
98,06/23/15 01:00,-64.853465,-3.074593000000005
98,06/23/15 06:00,-64.84270088552353,-3.0876966929929046
98,06/23/15 11:00,-64.856634,-3.077272000000001
98,06/23/15 16:00,-64.857665,-3.0778859999999915
98,06/23/15 21:00,-64.857964,-3.077977000000004
98,06/24/15 02:00,-64.857619,-3.077906000000003
98,06/24/15 07:00,-64.857749,-3.0779030000000045
98,06/24/15 12:00,-64.84257942130097,-3.087678819848468
98,06/24/15 17:00,-64.84253207264584,-3.0876065633795258
98,06/24/15 22:00,-64.841739,-3.0777560000000057
98,06/25/15 03:00,-64.842121,-3.077699000000002
98,06/25/15 08:00,-64.84230700000002,-3.0775920000000028
98,06/25/15 13:00,-64.843642,-3.074836000000006
98,06/25/15 18:00,-64.84283500000001,-3.074484999999997
98,06/25/15 23:00,-64.836465,-3.066745000000005
98,06/26/15 04:00,-64.838476,-3.0647300000000075
98,06/26/15 09:00,-64.838311,-3.0629670000000075
98,06/26/15 14:00,-64.838264,-3.0630309999999947
98,06/26/15 19:00,-64.839803,-3.062739000000005
98,06/27/15 00:00,-64.840443,-3.061303000000005
98,06/27/15 05:00,-64.84214478600613,-3.087643407387021
98,06/27/15 10:00,-64.839644,-3.0604109999999984
98,06/27/15 15:00,-64.839588,-3.0603319999999994
98,06/27/15 20:00,-64.841245,-3.0607519999999973
98,06/28/15 01:00,-64.8416,-3.061097
98,06/28/15 06:00,-64.841258,-3.0610380000000053
98,06/28/15 11:00,-64.841286,-3.061123000000006
98,06/28/15 16:00,-64.841254,-3.061164999999995
98,06/28/15 21:00,-64.84221146787465,-3.0876794607375264
98,06/29/15 02:00,-64.844773,-3.0739270000000043
98,06/29/15 07:00,-64.844575,-3.0739679999999927
98,06/29/15 12:00,-64.844891,-3.073980000000001
98,06/29/15 17:00,-64.84233635258381,-3.0875616924309104
98,06/29/15 22:00,-64.833974,-3.0843129999999963
98,06/30/15 03:00,-64.831943,-3.0832249999999983
98,06/30/15 08:00,-64.831297,-3.082956999999997
98,06/30/15 13:00,-64.831279,-3.083212
98,06/30/15 18:00,-64.8424457770403,-3.0874439510527805
98,06/30/15 23:00,-64.831436,-3.082847999999995
98,07/01/15 04:00,-64.84243420539273,-3.08741684410035
98,07/01/15 09:00,-64.826886,-3.083136000000003
98,07/01/15 14:00,-64.84247807179368,-3.0874258100678698
98,07/01/15 19:00,-64.84244262265774,-3.0874077870715424
98,07/02/15 00:00,-64.84234024175011,-3.087371795901946
98,07/02/15 05:00,-64.825765,-3.0871580000000005
98,07/02/15 10:00,-64.825781,-3.087066
98,07/02/15 15:00,-64.825757,-3.0872120000000027
98,07/02/15 20:00,-64.825755,-3.087381000000005
98,07/03/15 01:00,-64.823108,-3.083458999999998
98,07/03/15 06:00,-64.823261,-3.0835449999999995
98,07/03/15 11:00,-64.823195,-3.0835860000000053
98,07/03/15 16:00,-64.822941,-3.0836300000000043
98,07/03/15 21:00,-64.824323,-3.0807510000000007
98,07/04/15 02:00,-64.824316,-3.0814030000000074
98,07/04/15 07:00,-64.824411,-3.081472000000001
98,07/04/15 12:00,-64.825016,-3.0809069999999936
98,07/04/15 17:00,-64.824533,-3.081332000000008
98,07/04/15 22:00,-64.82441400000002,-3.081389000000002
98,07/05/15 03:00,-64.822394,-3.079728999999999
98,07/05/15 08:00,-64.822113,-3.079761000000002
98,07/05/15 13:00,-64.822226,-3.079683000000006
98,07/05/15 18:00,-64.819917,-3.0792539999999984
98,07/05/15 23:00,-64.820366,-3.0790420000000056
98,07/06/15 04:00,-64.8421422262199,-3.087299801773108
98,07/06/15 09:00,-64.820045,-3.078332999999994
98,07/06/15 14:00,-64.820007,-3.078384999999993
98,07/06/15 19:00,-64.819959,-3.078395000000007
98,07/07/15 00:00,-64.819982,-3.078191999999996
98,07/07/15 05:00,-64.820691,-3.081028000000002
98,07/07/15 10:00,-64.821517,-3.0816540000000074
98,07/07/15 15:00,-64.821451,-3.081653000000008
98,07/07/15 20:00,-64.827826,-3.0802249999999933
98,07/08/15 01:00,-64.827278,-3.0760540000000067
98,07/08/15 06:00,-64.824047,-3.074256999999994
98,07/08/15 11:00,-64.824023,-3.074381000000004
98,07/08/15 16:00,-64.824456,-3.072954999999993
98,07/08/15 21:00,-64.821641,-3.073027000000004
98,07/09/15 02:00,-64.818884,-3.0754109999999906
98,07/09/15 07:00,-64.819541,-3.078600999999998
98,07/09/15 12:00,-64.819407,-3.0785399999999927
98,07/09/15 17:00,-64.819462,-3.078542000000001
98,07/09/15 22:00,-64.827439,-3.0883380000000025
98,07/10/15 03:00,-64.84246451689675,-3.0873896642016505
98,07/10/15 08:00,-64.8424734963512,-3.087380606193729
98,07/10/15 13:00,-64.8424006460028,-3.087353605965658
98,07/10/15 18:00,-64.827825,-3.101792000000004
98,07/10/15 23:00,-64.828184,-3.1025279999999915
98,07/11/15 04:00,-64.822389,-3.100765999999993
98,07/11/15 09:00,-64.822255,-3.1006930000000072
98,07/11/15 14:00,-64.822447,-3.100699000000006
98,07/11/15 19:00,-64.84248975368747,-3.0871906881386053
98,07/12/15 00:00,-64.813355,-3.0950570000000064
98,07/12/15 05:00,-64.813413,-3.095268999999998
98,07/12/15 10:00,-64.813736,-3.095443999999998
98,07/12/15 15:00,-64.8135,-3.095279000000009
98,07/12/15 20:00,-64.813512,-3.095186999999994
98,07/13/15 01:00,-64.84253258920256,-3.0872539101147525
98,07/13/15 06:00,-64.827361,-3.108229000000008
98,07/13/15 11:00,-64.827485,-3.108992999999995
98,07/13/15 16:00,-64.828277,-3.109149000000008
98,07/13/15 21:00,-64.84278469962274,-3.087398148867789
98,07/14/15 02:00,-64.83681200000001,-3.103245
98,07/14/15 07:00,-64.836748,-3.103338
98,07/14/15 12:00,-64.834379,-3.105131000000005
98,07/14/15 17:00,-64.84288833011719,-3.087343714141556
98,07/14/15 22:00,-64.84286457839329,-3.08709961161754
98,07/15/15 03:00,-64.830233,-3.107613999999998
98,07/16/15 05:00,-64.823573,-3.110600999999999
98,07/16/15 10:00,-64.824433,-3.1101509999999988
98,07/16/15 15:00,-64.822346,-3.1143529999999973
98,07/16/15 20:00,-64.818781,-3.1181269999999945
98,07/17/15 01:00,-64.828525,-3.109140999999995
98,07/17/15 06:00,-64.828403,-3.1087810000000005
98,07/17/15 11:00,-64.828662,-3.1089159999999945
98,07/17/15 16:00,-64.830079,-3.1070870000000053
98,07/18/15 22:01,-64.836992,-3.1037090000000074
98,07/19/15 03:01,-64.837277,-3.104189
98,07/19/15 13:01,-64.839726,-3.102889000000007
98,07/19/15 18:02,-64.838131,-3.1047650000000058
98,07/21/15 06:00,-64.853881,-3.093834999999997
98,07/21/15 12:00,-64.846781,-3.096933000000005
98,07/21/15 18:00,-64.846242,-3.0978030000000056
98,07/22/15 00:00,-64.847025,-3.096470999999995
98,07/22/15 06:00,-64.84829,-3.096362999999997
98,07/23/15 18:00,-64.858784,-3.091694000000001
98,07/24/15 00:00,-64.857728,-3.093865999999995
98,07/24/15 06:00,-64.85654,-3.0930949999999933
98,07/24/15 12:00,-64.85196638826646,-3.093558019173027
98,07/24/15 18:00,-64.8519955436729,-3.0935127564339493
98,07/25/15 00:00,-64.854966,-3.089773000000001
98,07/25/15 06:00,-64.85199209205214,-3.0934675508925027
98,07/25/15 12:00,-64.85196815188597,-3.093440465928008
98,07/25/15 18:00,-64.842898,-3.098644000000008
98,07/26/15 00:00,-64.846999,-3.095288000000003
98,07/26/15 06:00,-64.847458,-3.0951119999999928
98,07/26/15 12:00,-64.84778,-3.0950089999999983
98,07/26/15 18:00,-64.85209011573848,-3.0934221673495137
98,07/27/15 00:00,-64.851766,-3.091559999999998
98,07/27/15 06:00,-64.85916,-3.088210999999996
98,07/28/15 06:00,-64.863059,-3.085178999999994
98,07/28/15 12:00,-64.862728,-3.0857939999999955
98,07/28/15 18:00,-64.862337,-3.090251000000003
98,07/29/15 00:00,-64.8625340781568,-3.0899677342086447
98,07/29/15 06:00,-64.861985,-3.092288000000006
98,07/29/15 12:00,-64.862003,-3.0922659999999955
98,07/29/15 18:00,-64.863372,-3.0920820000000044
98,07/31/15 00:00,-64.853849,-3.089511999999992
98,07/31/15 06:00,-64.853786,-3.0895120000000005
98,07/31/15 12:00,-64.853964,-3.089544999999997
98,07/31/15 18:00,-64.853715,-3.089759999999998
98,08/01/15 00:00,-64.84823877996219,-3.0930762650751977
98,08/01/15 06:00,-64.836559,-3.1005649999999947
98,08/01/15 12:00,-64.852249,-3.090507000000008
98,08/01/15 18:00,-64.852776,-3.090038000000002
98,08/02/15 00:00,-64.84833200970401,-3.0930218478598563
98,08/02/15 06:00,-64.84832832413723,-3.09300376963508
98,08/02/15 12:00,-64.84864,-3.091715999999997
98,08/02/15 18:00,-64.84833421148042,-3.0929947169920147
98,08/03/15 00:00,-64.84832520076175,-3.092985690426169
98,08/03/15 06:00,-64.849223,-3.0944009999999955
98,08/03/15 12:00,-64.84702,-3.095260000000002
98,08/03/15 18:00,-64.846258,-3.0942179999999992
98,08/04/15 00:00,-64.844715,-3.0954870000000065
98,08/04/15 06:00,-64.84834287845364,-3.092967574807728
98,08/04/15 12:00,-64.844718,-3.0955930000000014
98,08/04/15 18:00,-64.84834147297614,-3.092967577267838
98,08/05/15 00:00,-64.846628,-3.0957129999999964
98,08/05/15 06:00,-64.84835188917214,-3.0929766013734263
98,08/05/15 12:00,-64.84833530453753,-3.092976630402844
98,08/05/15 18:00,-64.84831676789652,-3.092985705186752
98,08/06/15 00:00,-64.848013,-3.092445000000004
98,08/06/15 06:00,-64.84778,-3.0916510000000006
98,08/06/15 12:00,-64.847588,-3.0919090000000065
98,08/06/15 18:00,-64.847498,-3.091870000000001
98,08/08/15 18:00,-64.859322,-3.078381000000003
98,08/09/15 00:00,-64.85738051017182,-3.0773356770196574
98,08/09/15 06:00,-64.858906,-3.0779359999999967
98,08/09/15 12:00,-64.859083,-3.077741000000004
98,08/09/15 18:00,-64.856349,-3.0777500000000053
98,08/10/15 00:00,-64.857698,-3.076848999999993
98,08/10/15 06:00,-64.85743154326556,-3.077263249355338
98,08/10/15 12:00,-64.85742673341834,-3.0772451731852133
98,08/10/15 18:00,-64.855189,-3.0763669999999923
98,08/11/15 00:00,-64.856208,-3.075164999999993
98,08/13/15 03:02,-64.853609,-3.068235999999997
98,08/14/15 04:01,-64.854141,-3.0677990000000044
98,08/14/15 09:01,-64.854248,-3.067889000000002
98,08/15/15 12:00,-64.860258,-3.056912000000007
98,08/15/15 18:00,-64.859771,-3.0558820000000035
98,08/16/15 00:00,-64.859585,-3.055897999999999
98,08/16/15 06:00,-64.86100185440854,-3.063729749209707
98,08/16/15 12:00,-64.86061,-3.0565020000000005
98,08/16/15 18:00,-64.862181,-3.059594999999993
98,08/17/15 00:00,-64.86104620348395,-3.0636935026756977
98,08/17/15 06:00,-64.863574,-3.0645019999999965
98,08/17/15 12:00,-64.863421,-3.065206999999995
98,08/17/15 18:00,-64.859219,-3.0720090000000018
98,08/18/15 00:00,-64.86105852432217,-3.0635035933418218
98,08/18/15 06:00,-64.86105893029958,-3.0634131698595235
98,08/18/15 12:00,-64.86106792498927,-3.0632503931659443
98,08/18/15 18:00,-64.861651,-3.0791710000000023
98,08/20/15 00:00,-64.839791,-3.076667999999993
98,08/20/15 06:00,-64.83672046510743,-3.086495413062408
98,08/20/15 12:00,-64.837616,-3.089642999999994
98,08/20/15 18:00,-64.83679569154845,-3.086269222546564
98,08/21/15 00:00,-64.83680712328203,-3.0862149483192933
98,08/21/15 06:00,-64.837601,-3.0895210000000013
98,08/21/15 12:00,-64.83683037655926,-3.086169695971992
98,08/21/15 18:00,-64.83683176650634,-3.086160651162069
98,08/22/15 00:00,-64.83884,-3.0913700000000053
98,08/22/15 06:00,-64.83683824723438,-3.0861696823111755
98,08/22/15 12:00,-64.838631,-3.091351999999993
98,08/22/15 18:00,-64.83683171991473,-3.0861335240505743
98,08/23/15 00:00,-64.83681844630367,-3.0860973774985645
98,08/23/15 06:00,-64.83680322055541,-3.08607027673151
98,08/23/15 12:00,-64.834814,-3.0834320000000046
98,08/23/15 18:00,-64.835124,-3.082869000000002
98,08/24/15 00:00,-64.83679672429884,-3.0860522032109423
98,08/24/15 06:00,-64.83486,-3.083335000000006
98,08/24/15 12:00,-64.83682124328888,-3.0859255670910755
98,08/24/15 18:00,-64.835169,-3.083407
98,08/25/15 20:01,-64.833101,-3.082733
98,08/26/15 01:00,-64.832212,-3.081637999999994
98,08/26/15 11:02,-64.832729,-3.081953999999995
98,08/27/15 12:00,-64.83183100000001,-3.0801169999999964
98,08/27/15 18:00,-64.831767,-3.0794500000000027
98,08/28/15 00:00,-64.831795,-3.080226
98,08/28/15 06:00,-64.83128065885249,-3.0759613721009056
98,08/28/15 12:00,-64.831779,-3.0798309999999987
98,08/28/15 18:00,-64.831621,-3.0735820000000063
98,08/29/15 00:00,-64.831714,-3.073427000000007
98,08/29/15 06:00,-64.831599,-3.0736519999999947
98,08/29/15 12:00,-64.831783,-3.073469999999997
98,08/29/15 18:00,-64.83173,-3.073323000000004
98,08/30/15 00:00,-64.831651,-3.073419999999995
98,08/30/15 06:00,-64.83127023084027,-3.0757805415430504
98,08/30/15 12:00,-64.828084,-3.073431000000007
98,08/30/15 18:00,-64.830808,-3.0732699999999915
98,09/01/15 02:01,-64.815167,-3.076491
98,09/01/15 07:02,-64.813646,-3.087815999999997
98,09/01/15 12:02,-64.813722,-3.0876439999999925
98,09/03/15 18:00,-64.818883,-3.090902999999992
98,09/04/15 00:00,-64.818832,-3.091048999999994
98,09/04/15 06:00,-64.84035766144537,-3.0739473118798566
98,09/04/15 12:00,-64.84043555697343,-3.0738024988548984
98,09/04/15 18:00,-64.832512,-3.092246000000008
98,09/05/15 00:00,-64.847526,-3.079876999999996
98,09/05/15 06:00,-64.850335,-3.0784589999999987
98,09/05/15 12:00,-64.84081579652918,-3.0737566282693267
98,09/05/15 18:00,-64.858231,-3.0474269999999977
98,09/06/15 00:00,-64.84067837370618,-3.073774951099092
98,09/06/15 06:00,-64.850768,-3.065656
98,09/06/15 12:00,-64.853145,-3.0672529999999973
98,09/06/15 18:00,-64.845585,-3.069866999999996
98,09/07/15 00:00,-64.836489,-3.058725999999996
98,09/07/15 06:00,-64.84063219927029,-3.073567056345846
98,09/07/15 12:00,-64.84063405841903,-3.0735037564648087
98,09/07/15 18:00,-64.842987,-3.064544
98,09/08/15 00:00,-64.84077139244353,-3.073105653878773
98,09/08/15 06:00,-64.841908,-3.0628239999999995
98,09/09/15 15:02,-64.842131,-3.072226000000005
98,09/10/15 21:02,-64.855132,-3.048623999999992
98,09/12/15 08:01,-64.855168,-3.048788999999997
98,09/13/15 06:00,-64.851631,-3.0498380000000003
98,09/13/15 12:00,-64.851683,-3.0722340000000044
98,09/13/15 18:00,-64.852066,-3.0720520000000024
98,09/14/15 00:00,-64.85488563642286,-3.078850105558271
98,09/14/15 06:00,-64.85492359878343,-3.078696319966962
98,09/14/15 12:00,-64.851939,-3.0787160000000027
98,09/14/15 18:00,-64.852053,-3.086776000000005
98,09/15/15 00:00,-64.85504743460648,-3.07862376498131
98,09/15/15 06:00,-64.85712,-3.0890910000000065
98,09/15/15 12:00,-64.85756,-3.0891150000000067
98,09/15/15 18:00,-64.8551151148677,-3.07858747741048
98,09/16/15 00:00,-64.85512417181016,-3.07846086929614
98,09/16/15 06:00,-64.85518899367995,-3.0782346983175137
98,09/16/15 12:00,-64.869146,-3.0824229999999995
98,09/17/15 18:01,-64.864596,-3.076187999999991
98,09/17/15 23:02,-64.865727,-3.068502000000004
98,09/19/15 00:00,-64.885503,-3.0588760000000046
98,09/19/15 06:00,-64.87470414712264,-3.059003792207486
98,09/19/15 12:00,-64.87480438012715,-3.05861480128851
98,09/19/15 18:00,-64.8748598127904,-3.0583253533336987
98,09/20/15 00:00,-64.874448,-3.0366779999999944
98,09/20/15 06:00,-64.868033,-3.054760999999997
98,09/20/15 12:00,-64.8750291415803,-3.057583595121426
98,09/20/15 18:00,-64.87372,-3.076940000000003
98,09/22/15 03:01,-64.883034,-3.026808000000001
98,09/22/15 08:02,-64.884338,-3.0272010000000016
98,09/22/15 18:01,-64.868271,-3.059954999999995
98,09/24/15 00:00,-64.865061,-3.0618559999999944
98,09/24/15 05:00,-64.864539,-3.059502000000006
98,09/24/15 10:00,-64.86593553656584,-3.0546607872493188
98,09/24/15 15:00,-64.864756,-3.0590649999999986
98,09/24/15 20:00,-64.867356,-3.045733000000001
98,09/25/15 01:00,-64.867726,-3.0496770000000075
98,09/25/15 06:00,-64.86677,-3.0476850000000075
98,09/25/15 11:00,-64.866738,-3.047327000000001
98,09/25/15 16:00,-64.86597392001381,-3.054262861108101
98,09/25/15 21:00,-64.865369,-3.060287000000005
98,09/27/15 18:02,-64.866724,-3.065621000000006
98,09/27/15 23:01,-64.862829,-3.069634999999993
98,09/28/15 09:03,-64.862555,-3.0696820000000016
98,09/29/15 15:02,-64.86201800000002,-3.0692830000000018
98,09/29/15 20:02,-64.862185,-3.072682000000003
98,09/30/15 06:01,-64.877151,-3.086849000000002
98,09/30/15 11:01,-64.87752,-3.086895
98,10/01/15 12:01,-64.867228,-3.076300000000002
98,10/01/15 22:02,-64.87767,-3.078089000000002
98,10/02/15 03:00,-64.877696,-3.077895999999999
98,10/03/15 12:00,-64.877102,-3.0752089999999965
98,10/03/15 18:00,-64.85857859713227,-3.0929134397329
98,10/04/15 00:00,-64.879556,-3.079201999999999
98,10/04/15 06:00,-64.85901261685869,-3.092596195830847
98,10/04/15 12:00,-64.85920275975765,-3.092505438285284
98,10/04/15 18:00,-64.874493,-3.088914000000008
98,10/05/15 00:00,-64.875621,-3.090410000000005
98,10/05/15 06:00,-64.875209,-3.0903329999999944
98,10/05/15 12:00,-64.85937057019203,-3.092342381788654
98,10/05/15 18:00,-64.8593316532615,-3.092270112045362
98,10/06/15 00:00,-64.8592576626489,-3.092234073166413
98,10/06/15 06:00,-64.852722,-3.097060999999992
98,10/06/15 12:00,-64.852392,-3.096720000000007
98,10/06/15 18:00,-64.856544,-3.0953159999999937
98,10/07/15 00:00,-64.853192,-3.0909720000000016
98,10/07/15 06:00,-64.853104,-3.091270000000001
98,10/07/15 12:00,-64.853679,-3.0903300000000025
98,10/07/15 18:00,-64.85921223332927,-3.092134688027631
98,10/08/15 00:00,-64.826181,-3.108382
98,10/08/15 06:00,-64.85941900790154,-3.0920710280722825
98,10/08/15 12:00,-64.85947636428638,-3.091917208323283
98,10/08/15 18:00,-64.853717,-3.0967039999999946
98,10/09/15 20:02,-64.835683,-3.103060000000006
98,10/11/15 12:00,-64.829369,-3.097416
98,10/11/15 18:00,-64.82200408165907,-3.081330475229329
98,10/12/15 00:00,-64.817779,-3.094536000000005
98,10/12/15 06:00,-64.82239866155835,-3.080787248629957
98,10/12/15 12:00,-64.81466500000002,-3.079873999999996
98,10/12/15 18:00,-64.814471,-3.0743949999999964
98,10/13/15 00:00,-64.82248812018904,-3.080497735783557
98,10/13/15 06:00,-64.80312,-3.093745000000008
98,10/13/15 12:00,-64.811116,-3.089319000000006
98,10/13/15 18:00,-64.82270328192085,-3.080569705668041
98,10/14/15 00:00,-64.816648,-3.072992000000007
98,10/14/15 06:00,-64.840722,-3.0637159999999937
98,10/14/15 12:00,-64.840651,-3.064049999999992
98,10/14/15 18:00,-64.84725300000001,-3.0648609999999943
98,10/16/15 12:00,-64.864378,-3.0709590000000007
98,10/16/15 18:00,-64.86753568045339,-3.073592452246413
98,10/17/15 00:00,-64.865947,-3.072403000000008
98,10/17/15 06:00,-64.865976,-3.0726120000000074
98,10/17/15 12:00,-64.86775662881313,-3.073438345796933
98,10/17/15 18:00,-64.866828,-3.0763749999999965
98,10/18/15 00:00,-64.866942,-3.0767709999999973
98,10/18/15 06:00,-64.867124,-3.0766609999999983
98,10/18/15 12:00,-64.86784816889399,-3.073383931452142
98,10/18/15 18:00,-64.86481,-3.0719069999999973
98,10/19/15 00:00,-64.864728,-3.071925000000002
98,10/19/15 06:00,-64.866683,-3.076562000000004
98,10/19/15 12:00,-64.864777,-3.071972999999994
98,10/19/15 18:00,-64.86785518034752,-3.0733748768871583
98,10/20/15 00:00,-64.86784367149824,-3.073383939357218
98,10/20/15 06:00,-64.867548,-3.077224
98,10/20/15 12:00,-64.86788895799768,-3.0734019442376943
98,10/20/15 18:00,-64.86789401756785,-3.073401935344215
98,10/21/15 00:00,-64.86793786717534,-3.0734018582663825
98,10/21/15 06:00,-64.881932,-3.069494000000001
98,10/21/15 12:00,-64.87864,-3.065824000000004
98,10/22/15 18:02,-64.89209,-3.060048999999996
98,10/23/15 14:02,-64.890947,-3.0589730000000035
98,10/24/15 20:01,-64.84063,-3.0748400000000005
98,10/27/15 05:00,-64.844205,-3.061674000000001
98,10/27/15 10:00,-64.844046,-3.0617909999999937
98,10/27/15 15:00,-64.839788,-3.0597200000000004
98,10/27/15 20:00,-64.84097752324728,-3.060834788054849
98,10/28/15 01:00,-64.84098900155253,-3.0608076411099967
98,10/28/15 06:00,-64.838912,-3.060263999999997
98,10/28/15 11:00,-64.838929,-3.060334000000006
98,11/09/15 11:02,-64.852288,-3.050581999999996
99,11/21/14 02:00,-64.914492,-2.984694
99,11/21/14 04:00,-64.914393,-2.984781999999997
99,11/21/14 06:00,-64.914429,-2.984763999999996
99,11/21/14 08:00,-64.914457,-2.9847429999999964
99,11/21/14 10:00,-64.914398,-2.984769999999999
99,11/21/14 12:00,-64.914415,-2.984723999999999
99,11/21/14 14:00,-64.914481,-2.9846710000000023
99,11/21/14 16:00,-64.914587,-2.984635000000007
99,11/21/14 18:00,-64.914527,-2.984589999999997
99,11/21/14 20:00,-64.914506,-2.9846730000000035
99,11/21/14 22:00,-64.914467,-2.984642000000006
99,11/22/14 00:00,-64.914618,-2.984603000000007
99,11/22/14 02:00,-64.914497,-2.9847089999999934
99,11/22/14 04:00,-64.914441,-2.9847679999999976
99,11/22/14 06:00,-64.9145,-2.9846769999999947
99,11/22/14 08:00,-64.91449100000001,-2.984740000000007
99,11/22/14 10:00,-64.914442,-2.984834999999996
99,11/22/14 12:00,-64.91445,-2.984754999999993
99,11/22/14 14:00,-64.914472,-2.9847380000000028
99,11/22/14 16:00,-64.914431,-2.984705999999999
99,11/22/14 18:00,-64.914503,-2.984642999999993
99,11/22/14 20:00,-64.914375,-2.984840000000001
99,11/22/14 22:00,-64.91448,-2.9846800000000004
99,11/23/14 00:00,-64.914462,-2.9847050000000075
99,11/23/14 02:00,-64.914518,-2.984590000000005
99,11/23/14 04:00,-64.914494,-2.984704999999997
99,11/23/14 06:00,-64.914477,-2.9846159999999986
99,11/23/14 08:00,-64.914494,-2.984712000000002
99,11/23/14 10:00,-64.914364,-2.984767000000004
99,11/23/14 12:00,-64.91448,-2.9847069999999984
99,11/23/14 14:00,-64.914476,-2.984691000000005
99,11/23/14 16:00,-64.914469,-2.984672
99,11/23/14 18:00,-64.914501,-2.9846449999999947
99,11/23/14 20:00,-64.85718179238825,-3.0680767138363167
99,11/23/14 22:00,-64.914425,-2.984697000000003
99,11/24/14 00:00,-64.914413,-2.984725000000006
99,11/24/14 02:00,-64.914386,-2.984745999999994
99,11/24/14 04:00,-64.914312,-2.984743000000006
99,11/24/14 06:00,-64.85701196929914,-3.067398837795416
99,11/24/14 08:00,-64.8574123786326,-3.066991236065669
99,11/24/14 10:00,-64.867561,-3.0429909999999984
99,11/24/14 12:00,-64.867486,-3.042981000000008
99,11/24/14 14:00,-64.85772418280695,-3.066547619750374
99,11/24/14 16:00,-64.8577802285393,-3.066448056757731
99,11/24/14 18:00,-64.866643,-3.0398810000000025
99,11/24/14 20:00,-64.86554,-3.039671999999998
99,11/24/14 22:00,-64.865328,-3.0391550000000023
99,11/25/14 00:00,-64.865201,-3.0404640000000023
99,11/25/14 02:00,-64.85769054616546,-3.0664391708920093
99,11/25/14 04:00,-64.86352,-3.0460939999999925
99,11/25/14 06:00,-64.86365,-3.0460870000000067
99,11/25/14 08:00,-64.8636,-3.0460460000000067
99,11/25/14 10:00,-64.862023,-3.050914000000005
99,11/25/14 12:00,-64.859414,-3.0517989999999977
99,11/25/14 14:00,-64.858727,-3.0512970000000053
99,11/25/14 16:00,-64.85780978965938,-3.066312370790408
99,11/25/14 18:00,-64.858728,-3.050746000000004
99,11/25/14 20:00,-64.859717,-3.049628999999995
99,11/25/14 22:00,-64.863357,-3.0578659999999984
99,11/26/14 00:00,-64.868913,-3.056209999999996
99,11/26/14 02:00,-64.86757,-3.0498219999999936
99,11/26/14 04:00,-64.868038,-3.046520000000004
99,11/26/14 06:00,-64.867769,-3.046859000000006
99,11/26/14 08:00,-64.868012,-3.0467979999999977
99,11/26/14 10:00,-64.867815,-3.0466550000000003
99,11/26/14 12:00,-64.867854,-3.0465689999999976
99,11/26/14 14:00,-64.867901,-3.046600000000004
99,11/26/14 16:00,-64.86801,-3.0464859999999927
99,11/26/14 18:00,-64.86803,-3.046548999999997
99,11/26/14 20:00,-64.86800400000001,-3.046581999999997
99,11/26/14 22:00,-64.86795700000002,-3.0465079999999927
99,11/27/14 00:00,-64.867976,-3.0465669999999925
99,11/27/14 02:00,-64.867944,-3.0465889999999924
99,11/27/14 04:00,-64.85783396298575,-3.066475089908149
99,11/27/14 06:00,-64.867915,-3.0465320000000053
99,11/27/14 08:00,-64.86787700000001,-3.046659
99,11/27/14 10:00,-64.867847,-3.046582000000002
99,11/27/14 12:00,-64.867885,-3.046447000000005
99,11/27/14 14:00,-64.867924,-3.0465099999999947
99,11/27/14 16:00,-64.868012,-3.046459999999996
99,11/27/14 18:00,-64.867954,-3.046591000000006
99,11/27/14 20:00,-64.867923,-3.046697000000006
99,11/27/14 22:00,-64.85783441590681,-3.066411793063987
99,11/28/14 00:00,-64.867842,-3.046555999999998
99,11/28/14 02:00,-64.8578391631713,-3.0663937001963664
99,11/28/14 04:00,-64.867978,-3.046881999999997
99,11/28/14 06:00,-64.867927,-3.0468299999999955
99,11/28/14 08:00,-64.867922,-3.046545999999993
99,11/28/14 10:00,-64.867906,-3.0464479999999914
99,11/28/14 12:00,-64.85781367789653,-3.0664479984117645
99,11/28/14 14:00,-64.867856,-3.046489000000007
99,11/28/14 16:00,-64.865808,-3.0451000000000064
99,11/28/14 18:00,-64.86805,-3.0464669999999967
99,11/28/14 20:00,-64.867933,-3.0464450000000087
99,11/28/14 22:00,-64.867839,-3.0465379999999973
99,11/29/14 00:00,-64.85780466750413,-3.0664389718351672
99,11/29/14 02:00,-64.867885,-3.046505999999998
99,11/29/14 04:00,-64.866393,-3.0451960000000025
99,11/29/14 06:00,-64.866524,-3.0451690000000053
99,11/29/14 08:00,-64.8577849289836,-3.0664028370902736
99,11/29/14 10:00,-64.866498,-3.045239000000008
99,11/29/14 12:00,-64.866653,-3.045163999999995
99,11/29/14 14:00,-64.866624,-3.045220000000008
99,11/29/14 16:00,-64.85778736512582,-3.06634857907881
99,11/29/14 18:00,-64.85780611992176,-3.0663033348977056
99,11/29/14 20:00,-64.865317,-3.045147999999993
99,11/29/14 22:00,-64.86534,-3.045258999999996
99,11/30/14 00:00,-64.865365,-3.045160999999992
99,11/30/14 02:00,-64.865222,-3.045137999999997
99,11/30/14 04:00,-64.864694,-3.040724999999993
99,11/30/14 06:00,-64.864743,-3.040750999999992
99,11/30/14 08:00,-64.85771214304881,-3.0664120063402325
99,11/30/14 10:00,-64.866628,-3.0399589999999925
99,11/30/14 12:00,-64.866536,-3.0399000000000007
99,11/30/14 14:00,-64.866557,-3.039934000000005
99,11/30/14 16:00,-64.85773898694676,-3.0663305788730755
99,11/30/14 18:00,-64.85779368966817,-3.0662671874042013
99,11/30/14 20:00,-64.85781420901823,-3.066267151614112
99,11/30/14 22:00,-64.869377,-3.036827999999998
99,12/01/14 00:00,-64.869654,-3.036607999999999
99,12/01/14 02:00,-64.85769813551579,-3.0664391576546186
99,12/01/14 04:00,-64.869684,-3.036682
99,12/01/14 06:00,-64.869704,-3.0366059999999964
99,12/01/14 08:00,-64.869579,-3.036731000000008
99,12/01/14 10:00,-64.868269,-3.041454000000006
99,12/01/14 12:00,-64.85771596902354,-3.066348703608511
99,12/01/14 14:00,-64.85778745893576,-3.0662400713907
99,12/01/14 16:00,-64.868105,-3.041593999999997
99,12/01/14 18:00,-64.85777782394858,-3.066194876726976
99,12/01/14 20:00,-64.85779710970874,-3.0661315470338764
99,12/01/14 22:00,-64.85776250480252,-3.066113522800991
99,12/02/14 00:00,-64.859147,-3.052663999999992
99,12/02/14 02:00,-64.855461,-3.055702000000008
99,12/02/14 04:00,-64.85552,-3.055808000000006
99,12/02/14 06:00,-64.855459,-3.0558740000000064
99,12/02/14 08:00,-64.85780891536072,-3.0661315264432387
99,12/02/14 10:00,-64.856255,-3.054821000000005
99,12/02/14 12:00,-64.85781870658661,-3.06610438248521
99,12/02/14 14:00,-64.857219,-3.0554719999999955
99,12/02/14 16:00,-64.85785690319838,-3.0660862312777826
99,12/02/14 18:00,-64.857834634908,-3.0660501009429875
99,12/02/14 20:00,-64.858201,-3.0579850000000057
99,12/02/14 22:00,-64.85787454925097,-3.066050031326937
99,12/03/14 00:00,-64.8578663353073,-3.0660138764799267
99,12/03/14 02:00,-64.8578320270985,-3.066004894023716
99,12/03/14 04:00,-64.85775867901708,-3.0660140642407
99,12/03/14 06:00,-64.853051,-3.060482000000007
99,12/03/14 08:00,-64.853103,-3.060524000000005
99,12/03/14 10:00,-64.853112,-3.060538999999992
99,12/03/14 12:00,-64.853607,-3.060618000000005
99,12/03/14 14:00,-64.853655,-3.0607019999999983
99,12/03/14 16:00,-64.853524,-3.060594999999999
99,12/03/14 18:00,-64.85790206455665,-3.06603189874931
99,12/03/14 20:00,-64.85785615375659,-3.0659777250641924
99,12/03/14 22:00,-64.85774673292606,-3.0659327044292453
99,12/04/14 00:00,-64.844675,-3.0667430000000024
99,12/04/14 02:00,-64.84188,-3.0610759999999946
99,12/04/14 04:00,-64.849559,-3.065024000000004
99,12/04/14 06:00,-64.852756,-3.064665999999999
99,12/04/14 08:00,-64.852832,-3.064753000000005
99,12/04/14 10:00,-64.852643,-3.064769999999993
99,12/04/14 12:00,-64.852867,-3.064555000000005
99,12/04/14 14:00,-64.85279500000001,-3.0646229999999908
99,12/04/14 16:00,-64.85792968910557,-3.0660770620321007
99,12/04/14 18:00,-64.853977,-3.064553999999995
99,12/04/14 20:00,-64.860699,-3.0639850000000064
99,12/04/14 22:00,-64.857656,-3.072887000000007
99,12/05/14 00:00,-64.85799799322517,-3.0660769428923604
99,12/05/14 02:00,-64.85788179508735,-3.0660138495159988
99,12/05/14 04:00,-64.852828,-3.064536000000003
99,12/05/14 06:00,-64.852692,-3.064714000000001
99,12/05/14 08:00,-64.852788,-3.064577999999991
99,12/05/14 10:00,-64.852702,-3.0647109999999995
99,12/05/14 12:00,-64.849516,-3.0664680000000035
99,12/05/14 14:00,-64.849167,-3.0670390000000025
99,12/05/14 16:00,-64.846286,-3.0715440000000043
99,12/05/14 18:00,-64.838411,-3.0723250000000006
99,12/05/14 20:00,-64.85792995476403,-3.065905258001304
99,12/05/14 22:00,-64.85779442407295,-3.0658783674939456
99,12/06/14 00:00,-64.84503800000002,-3.063831000000005
99,12/06/14 02:00,-64.845026,-3.0638820000000035
99,12/06/14 04:00,-64.845044,-3.063943999999994
99,12/06/14 06:00,-64.85777340497339,-3.0659145733260345
99,12/06/14 08:00,-64.845046,-3.063856000000002
99,12/06/14 10:00,-64.845052,-3.063844000000002
99,12/06/14 12:00,-64.85781531813052,-3.0659325848166104
99,12/06/14 14:00,-64.845072,-3.0638109999999985
99,12/06/14 16:00,-64.85790023758278,-3.0659505212972884
99,12/06/14 18:00,-64.85788952507001,-3.065932455394696
99,12/06/14 20:00,-64.85786788137965,-3.0659324931432885
99,12/06/14 22:00,-64.85783525969521,-3.0659235077441656
99,12/07/14 00:00,-64.85776131823664,-3.0659145944050312
99,12/07/14 02:00,-64.845931,-3.0712839999999986
99,12/07/14 04:00,-64.8577992805726,-3.065923570492815
99,12/07/14 06:00,-64.845814,-3.071004999999998
99,12/07/14 08:00,-64.85779025458282,-3.065905501646716
99,12/07/14 10:00,-64.845879,-3.0712399999999973
99,12/07/14 12:00,-64.846063,-3.0713350000000075
99,12/07/14 14:00,-64.845911,-3.071369000000006
99,12/07/14 16:00,-64.845871,-3.0712420000000016
99,12/07/14 18:00,-64.844488,-3.0711089999999923
99,12/07/14 20:00,-64.844421,-3.071041999999999
99,12/07/14 22:00,-64.838526,-3.067848
99,12/08/14 00:00,-64.8578991602432,-3.065814888778348
99,12/08/14 02:00,-64.85774754519805,-3.065751857133071
99,12/08/14 04:00,-64.836157,-3.0758869999999976
99,12/08/14 06:00,-64.83519,-3.076777999999996
99,12/08/14 08:00,-64.835299,-3.076725
99,12/08/14 10:00,-64.85778764699769,-3.065697533437372
99,12/08/14 12:00,-64.837159,-3.076807999999996
99,12/08/14 14:00,-64.836434,-3.0760469999999973
99,12/08/14 16:00,-64.836261,-3.0760330000000016
99,12/08/14 18:00,-64.836325,-3.076146
99,12/08/14 20:00,-64.836394,-3.076064000000003
99,12/08/14 22:00,-64.836426,-3.076129
99,12/09/14 00:00,-64.836346,-3.076137999999996
99,12/09/14 02:00,-64.83639,-3.0761349999999976
99,12/09/14 04:00,-64.837318,-3.074708
99,12/09/14 06:00,-64.842801,-3.070777999999996
99,12/09/14 08:00,-64.842841,-3.070762000000008
99,12/09/14 10:00,-64.842897,-3.070774999999997
99,12/09/14 12:00,-64.842912,-3.0707390000000023
99,12/09/14 14:00,-64.85784466060171,-3.06583306841374
99,12/09/14 16:00,-64.842933,-3.070820999999991
99,12/09/14 18:00,-64.842819,-3.070694
99,12/09/14 20:00,-64.84278800000001,-3.070905999999997
99,12/09/14 22:00,-64.85783853910898,-3.0658692482636787
99,12/10/14 00:00,-64.847071,-3.0681840000000054
99,12/10/14 02:00,-64.847032,-3.068305999999996
99,12/10/14 04:00,-64.846372,-3.066057999999993
99,12/10/14 06:00,-64.846892,-3.0657389999999927
99,12/10/14 08:00,-64.841398,-3.069704999999995
99,12/10/14 10:00,-64.836305,-3.0761799999999915
99,12/10/14 12:00,-64.840044,-3.076079000000006
99,12/10/14 14:00,-64.844609,-3.0763560000000005
99,12/10/14 16:00,-64.85801707608599,-3.0658960637546824
99,12/10/14 18:00,-64.85793246894025,-3.06589621132324
99,12/10/14 20:00,-64.85782033088032,-3.065905449193414
99,12/10/14 22:00,-64.848728,-3.069444999999994
99,12/11/14 00:00,-64.85781870677815,-3.0659416212002943
99,12/11/14 02:00,-64.85768761105255,-3.065878553768617
99,12/11/14 04:00,-64.842567,-3.0592499999999974
99,12/11/14 06:00,-64.842553,-3.0593520000000067
99,12/11/14 08:00,-64.842529,-3.059230000000001
99,12/11/14 10:00,-64.842524,-3.0593119999999927
99,12/11/14 12:00,-64.842548,-3.059227999999996
99,12/11/14 14:00,-64.842584,-3.0592490000000043
99,12/11/14 16:00,-64.839708,-3.061961999999994
99,12/11/14 18:00,-64.85783272991317,-3.0659235121562194
99,12/11/14 20:00,-64.8578118982736,-3.0659054639000325
99,12/11/14 22:00,-64.85773202278288,-3.065878476318869
99,12/12/14 00:00,-64.839293,-3.064728000000008
99,12/12/14 02:00,-64.85780177914548,-3.065905481547887
99,12/12/14 04:00,-64.85772469891978,-3.065869446797011
99,12/12/14 06:00,-64.839731,-3.0647000000000064
99,12/12/14 08:00,-64.85777026620467,-3.0658874519184267
99,12/12/14 10:00,-64.8576625163022,-3.065833386058542
99,12/12/14 12:00,-64.839688,-3.064640000000008
99,12/12/14 14:00,-64.839668,-3.064490000000007
99,12/12/14 16:00,-64.839745,-3.061907000000003
99,12/12/14 18:00,-64.844906,-3.069922999999996
99,12/12/14 20:00,-64.844609,-3.069597000000005
99,12/12/14 22:00,-64.845331,-3.0703499999999915
99,12/13/14 00:00,-64.845165,-3.070077999999994
99,12/13/14 02:00,-64.844911,-3.070038000000004
99,12/13/14 04:00,-64.85787231634909,-3.065896316235009
99,12/13/14 06:00,-64.845677,-3.0711349999999986
99,12/13/14 08:00,-64.845902,-3.071154999999993
99,12/13/14 10:00,-64.85786388374268,-3.065896330941996
99,12/13/14 12:00,-64.846116,-3.071255000000002
99,12/13/14 14:00,-64.846558,-3.0714280000000005
99,12/13/14 16:00,-64.84659600000002,-3.071329999999998
99,12/13/14 18:00,-64.847291,-3.074287000000009
99,12/13/14 20:00,-64.842156,-3.074781999999994
99,12/13/14 22:00,-64.844718,-3.076872999999995
99,12/14/14 00:00,-64.841832,-3.075357000000001
99,12/14/14 02:00,-64.85794783508442,-3.065841930765
99,12/14/14 04:00,-64.84214300000001,-3.075247999999996
99,12/14/14 06:00,-64.85795461238,-3.065860003530492
99,12/14/14 08:00,-64.85781202331634,-3.065815040745489
99,12/14/14 10:00,-64.842147,-3.075185000000006
99,12/14/14 12:00,-64.841823,-3.075314999999992
99,12/14/14 14:00,-64.842189,-3.0753680000000023
99,12/14/14 16:00,-64.842043,-3.0753289999999964
99,12/14/14 18:00,-64.85803244222515,-3.065841783197832
99,12/14/14 20:00,-64.85796185821596,-3.0658238217213154
99,12/14/14 22:00,-64.85783561900872,-3.065805957301679
99,12/15/14 00:00,-64.841854,-3.087909999999992
99,12/15/14 02:00,-64.841856,-3.087930000000003
99,12/15/14 04:00,-64.841809,-3.0876840000000016
99,12/15/14 06:00,-64.8580235880801,-3.0657604180079203
99,12/15/14 08:00,-64.841552,-3.087779000000003
99,12/15/14 10:00,-64.841919,-3.087888000000005
99,12/15/14 12:00,-64.841952,-3.087840999999998
99,12/15/14 14:00,-64.841817,-3.087970999999998
99,12/15/14 16:00,-64.841652,-3.0877840000000027
99,12/15/14 18:00,-64.84174,-3.087903999999998
99,12/15/14 20:00,-64.85817153338337,-3.065814413712581
99,12/15/14 22:00,-64.85798965460215,-3.065805688655545
99,12/16/14 00:00,-64.841637,-3.087926000000005
99,12/16/14 02:00,-64.85807235655591,-3.065841713579098
99,12/16/14 04:00,-64.85798798368677,-3.0658147338625814
99,12/16/14 06:00,-64.85785780926616,-3.065796876308661
99,12/16/14 08:00,-64.842154,-3.0898480000000057
99,12/16/14 10:00,-64.842262,-3.089740999999995
99,12/16/14 12:00,-64.842254,-3.089875000000002
99,12/16/14 14:00,-64.842243,-3.089863000000001
99,12/16/14 16:00,-64.842211,-3.089840000000004
99,12/16/14 18:00,-64.841335,-3.0953029999999955
99,12/16/14 20:00,-64.85824603699432,-3.0658233260447285
99,12/16/14 22:00,-64.85812265549141,-3.065832583553308
99,12/17/14 00:00,-64.85803386326556,-3.0658508230117856
99,12/17/14 02:00,-64.85791863326197,-3.065860066281872
99,12/17/14 04:00,-64.848071,-3.0913800000000027
99,12/17/14 06:00,-64.848007,-3.0914559999999978
99,12/17/14 08:00,-64.847916,-3.091415000000008
99,12/17/14 10:00,-64.85816011807498,-3.065877729667303
99,12/17/14 12:00,-64.848135,-3.091329999999993
99,12/17/14 14:00,-64.85818819554235,-3.065859596107253
99,12/17/14 16:00,-64.85803409753392,-3.06582369572564
99,12/17/14 18:00,-64.846982,-3.092093000000004
99,12/17/14 20:00,-64.847127,-3.0953029999999924
99,12/17/14 22:00,-64.847686,-3.095615999999997
99,12/18/14 00:00,-64.847975,-3.095641999999996
99,12/18/14 02:00,-64.847338,-3.0956329999999945
99,12/18/14 04:00,-64.846487,-3.0957100000000013
99,12/18/14 06:00,-64.85827247476148,-3.0658323222183013
99,12/18/14 08:00,-64.846464,-3.095729999999993
99,12/18/14 10:00,-64.846388,-3.095744000000008
99,12/18/14 12:00,-64.85820082884153,-3.0658505317787346
99,12/18/14 14:00,-64.846571,-3.095724999999999
99,12/18/14 16:00,-64.846549,-3.095769000000001
99,12/18/14 18:00,-64.85822500230744,-3.0658504896115137
99,12/18/14 20:00,-64.85802172971316,-3.0658237172972305
99,12/18/14 22:00,-64.840531,-3.095592000000007
99,12/19/14 00:00,-64.8580957179764,-3.065859757415711
99,12/19/14 02:00,-64.85794052682623,-3.06584194351135
99,12/19/14 04:00,-64.842266,-3.0946750000000067
99,12/19/14 06:00,-64.85807327784954,-3.0658869234336934
99,12/19/14 08:00,-64.85798582862671,-3.0658689913778336
99,12/19/14 10:00,-64.85786834992273,-3.0658782385660017
99,12/19/14 12:00,-64.84231,-3.094609
99,12/19/14 14:00,-64.85802611768476,-3.0659231748619
99,12/19/14 16:00,-64.85790748341955,-3.065914339487049
99,12/19/14 18:00,-64.848177,-3.0759260000000017
99,12/19/14 20:00,-64.85794443064812,-3.0659866133900526
99,12/19/14 22:00,-64.853714,-3.069185999999993
99,12/20/14 00:00,-64.85799487005518,-3.066058863754702
99,12/20/14 02:00,-64.85794319688421,-3.0660860807643915
99,12/20/14 04:00,-64.862914,-3.0646409999999915
99,12/20/14 06:00,-64.862694,-3.063996000000002
99,12/20/14 08:00,-64.86254400000001,-3.0639840000000005
99,12/20/14 10:00,-64.862622,-3.0640500000000004
99,12/20/14 12:00,-64.862698,-3.0640149999999933
99,12/20/14 14:00,-64.861501,-3.065086000000006
99,12/20/14 16:00,-64.86156,-3.065001000000002
99,12/20/14 18:00,-64.85804279529603,-3.066140160790774
99,12/20/14 20:00,-64.85797777057472,-3.066086020459022
99,12/20/14 22:00,-64.862023,-3.063277000000005
99,12/21/14 00:00,-64.8579856566153,-3.066095048996313
99,12/21/14 02:00,-64.8579600464924,-3.066077009081645
99,12/21/14 04:00,-64.85791458844446,-3.066122299836325
99,12/21/14 06:00,-64.862731,-3.0628149999999925
99,12/21/14 08:00,-64.86479600000001,-3.0609389999999914
99,12/21/14 10:00,-64.864529,-3.060988000000001
99,12/21/14 12:00,-64.864626,-3.061120000000001
99,12/21/14 14:00,-64.85797419432943,-3.066293999430576
99,12/21/14 16:00,-64.873517,-3.060220000000008
99,12/21/14 18:00,-64.858725,-3.0581419999999944
99,12/21/14 20:00,-64.855125,-3.058870000000002
99,12/21/14 22:00,-64.85237,-3.059404000000004
99,12/22/14 00:00,-64.85787868734896,-3.0661675739219234
99,12/22/14 02:00,-64.858151,-3.045546999999999
99,12/22/14 04:00,-64.85781246007072,-3.066230985490319
99,12/22/14 06:00,-64.864747,-3.049446000000006
99,12/22/14 08:00,-64.864552,-3.049440000000007
99,12/22/14 10:00,-64.864728,-3.049366999999995
99,12/22/14 12:00,-64.864894,-3.0507860000000018
99,12/22/14 14:00,-64.85781498985351,-3.0662309810778714
99,12/22/14 16:00,-64.860999,-3.057210999999997
99,12/22/14 18:00,-64.85787548614805,-3.066104283452576
99,12/22/14 20:00,-64.85785793391122,-3.0660319757197665
99,12/22/14 22:00,-64.85779069171666,-3.0659959238217804
99,12/23/14 00:00,-64.852688,-3.065247999999998
99,12/23/14 02:00,-64.85774565539131,-3.065959833190352
99,12/23/14 04:00,-64.843941,-3.0669380000000013
99,12/23/14 06:00,-64.845183,-3.067928000000001
99,12/23/14 08:00,-64.845333,-3.0680150000000026
99,12/23/14 10:00,-64.84494,-3.067972000000008
99,12/23/14 12:00,-64.85779359641667,-3.065887411231102
99,12/23/14 14:00,-64.844448,-3.066971000000005
99,12/23/14 16:00,-64.84140400000001,-3.0647270000000013
99,12/23/14 18:00,-64.839019,-3.0692890000000066
99,12/23/14 20:00,-64.85790746781407,-3.065905297221116
99,12/23/14 22:00,-64.85785181261173,-3.0659053942881145
99,12/24/14 00:00,-64.85774524947097,-3.0658874955464364
99,12/24/14 02:00,-64.843659,-3.060812999999998
99,12/24/14 04:00,-64.845134,-3.063547000000002
99,12/24/14 06:00,-64.850764,-3.066210999999998
99,12/24/14 08:00,-64.85782862284503,-3.06598681537395
99,12/24/14 10:00,-64.850824,-3.0660699999999936
99,12/24/14 12:00,-64.85069,-3.0661379999999983
99,12/24/14 14:00,-64.850742,-3.0660680000000045
99,12/24/14 16:00,-64.850741,-3.066117999999993
99,12/24/14 18:00,-64.85796024954607,-3.06603179726318
99,12/24/14 20:00,-64.857867,-3.077273000000003
99,12/24/14 22:00,-64.849663,-3.082472999999996
99,12/25/14 00:00,-64.85812885485471,-3.066004376288232
99,12/25/14 02:00,-64.85806415805261,-3.065977362264291
99,12/25/14 04:00,-64.8579984617573,-3.0660226883191304
99,12/25/14 06:00,-64.863361,-3.0811080000000066
99,12/25/14 08:00,-64.85809698263738,-3.0661038970983574
99,12/25/14 10:00,-64.85803348821248,-3.0661220924407333
99,12/25/14 12:00,-64.866086,-3.073816000000007
99,12/25/14 14:00,-64.866058,-3.0737830000000006
99,12/25/14 16:00,-64.86311,-3.071477000000003
99,12/25/14 18:00,-64.863044,-3.0714719999999964
99,12/25/14 20:00,-64.85805408559646,-3.0661672679734053
99,12/25/14 22:00,-64.8594,-3.065446000000004
99,12/26/14 00:00,-64.859055,-3.059612999999997
99,12/26/14 02:00,-64.85797748948781,-3.0660860209493146
99,12/26/14 04:00,-64.85792511368312,-3.066031858547455
99,12/26/14 06:00,-64.85784667482893,-3.066022953063555
99,12/26/14 08:00,-64.854753,-3.0589399999999936
99,12/26/14 10:00,-64.85779870259717,-3.066077290493605
99,12/26/14 12:00,-64.854325,-3.058984000000006
99,12/26/14 14:00,-64.85417,-3.0583980000000066
99,12/26/14 16:00,-64.85782100209957,-3.0661315053622125
99,12/26/14 18:00,-64.856818,-3.053957999999992
99,12/26/14 20:00,-64.85779692225664,-3.06618580112289
99,12/26/14 22:00,-64.861571,-3.0468120000000067
99,12/27/14 00:00,-64.861664,-3.0467740000000023
99,12/27/14 02:00,-64.861666,-3.046760999999992
99,12/27/14 04:00,-64.85773556708428,-3.06630345795604
99,12/27/14 06:00,-64.861584,-3.046833000000004
99,12/27/14 08:00,-64.861564,-3.046678999999998
99,12/27/14 10:00,-64.861604,-3.046715000000007
99,12/27/14 12:00,-64.861695,-3.0467529999999954
99,12/27/14 14:00,-64.85778486655616,-3.066366668024339
99,12/27/14 16:00,-64.865194,-3.045075999999995
99,12/27/14 18:00,-64.870578,-3.040481000000008
99,12/27/14 20:00,-64.871347,-3.0414830000000004
99,12/27/14 22:00,-64.85781384973271,-3.0663847020571544
99,12/28/14 00:00,-64.85788488670845,-3.0663393666798875
99,12/28/14 02:00,-64.872166,-3.044598000000001
99,12/28/14 04:00,-64.85790479691757,-3.0664749663460835
99,12/28/14 06:00,-64.875891,-3.044235999999992
99,12/28/14 08:00,-64.875937,-3.0442100000000027
99,12/28/14 10:00,-64.876031,-3.044342000000006
99,12/28/14 12:00,-64.876001,-3.044311999999997
99,12/28/14 14:00,-64.876029,-3.044324999999995
99,12/28/14 16:00,-64.875967,-3.044280000000005
99,12/28/14 18:00,-64.87801300000001,-3.0441700000000016
99,12/28/14 20:00,-64.8578803734308,-3.0666558548145173
99,12/28/14 22:00,-64.878138,-3.0343210000000003
99,12/29/14 00:00,-64.873657,-3.034747000000003
99,12/29/14 02:00,-64.875256,-3.0403450000000074
99,12/29/14 04:00,-64.875966,-3.041374
99,12/29/14 06:00,-64.875985,-3.041398999999996
99,12/29/14 08:00,-64.85784184889222,-3.066646879726646
99,12/29/14 10:00,-64.875833,-3.041390000000001
99,12/29/14 12:00,-64.875996,-3.0413360000000025
99,12/29/14 14:00,-64.876066,-3.0414329999999934
99,12/29/14 16:00,-64.875905,-3.0415409999999947
99,12/29/14 18:00,-64.8578910235215,-3.066637751649096
99,12/29/14 20:00,-64.878237,-3.040618999999998
99,12/29/14 22:00,-64.878795,-3.041648999999996
99,12/30/14 00:00,-64.882451,-3.045041999999992
99,12/30/14 02:00,-64.85793421727415,-3.0665834225391286
99,12/30/14 04:00,-64.85803987478138,-3.066565153628227
99,12/30/14 06:00,-64.88294500000002,-3.045074
99,12/30/14 08:00,-64.882907,-3.0449920000000006
99,12/30/14 10:00,-64.882999,-3.045082999999992
99,12/30/14 12:00,-64.882998,-3.0451090000000085
99,12/30/14 14:00,-64.882993,-3.0450469999999963
99,12/30/14 16:00,-64.883005,-3.045034000000004
99,12/30/14 18:00,-64.882178,-3.044195000000002
99,12/30/14 20:00,-64.883842,-3.0446180000000047
99,12/30/14 22:00,-64.883879,-3.0445929999999986
99,12/31/14 00:00,-64.887543,-3.0482659999999973
99,12/31/14 02:00,-64.888223,-3.054734999999998
99,12/31/14 04:00,-64.883832,-3.049624999999997
99,12/31/14 06:00,-64.85808175665328,-3.066727841818818
99,12/31/14 08:00,-64.883874,-3.049696
99,12/31/14 10:00,-64.88385,-3.049698000000008
99,12/31/14 12:00,-64.883923,-3.049692999999995
99,12/31/14 14:00,-64.8580020218074,-3.066456712155039
99,12/31/14 16:00,-64.85803501837384,-3.066357189375215
99,12/31/14 18:00,-64.85808200672565,-3.0663842342805085
99,12/31/14 20:00,-64.883935,-3.0497109999999927
99,12/31/14 22:00,-64.881934,-3.051093000000005
99,01/01/15 00:00,-64.85809001754502,-3.066628362192648
99,01/01/15 02:00,-64.881928,-3.0510889999999966
99,01/01/15 04:00,-64.881846,-3.050618
99,01/01/15 06:00,-64.882033,-3.051108999999997
99,01/01/15 08:00,-64.882019,-3.0511380000000017
99,01/01/15 10:00,-64.881973,-3.0512339999999933
99,01/01/15 12:00,-64.881995,-3.0511830000000018
99,01/01/15 14:00,-64.882003,-3.0512139999999937
99,01/01/15 16:00,-64.882018,-3.0511100000000035
99,01/01/15 18:00,-64.881992,-3.051112999999993
99,01/01/15 20:00,-64.881988,-3.0511449999999964
99,01/01/15 22:00,-64.85804084292337,-3.0666374902780995
99,01/02/15 00:00,-64.876203,-3.052445999999997
99,01/02/15 02:00,-64.876205,-3.052216000000007
99,01/02/15 04:00,-64.876273,-3.052357999999997
99,01/02/15 06:00,-64.875355,-3.050831000000002
99,01/02/15 08:00,-64.871979,-3.048482000000001
99,01/02/15 10:00,-64.85795350314959,-3.0663573315737542
99,01/02/15 12:00,-64.85797274207088,-3.0662668750855966
99,01/02/15 14:00,-64.85798178367752,-3.066293986191789
99,01/02/15 16:00,-64.871959,-3.0483070000000074
99,01/02/15 18:00,-64.869681,-3.0534409999999923
99,01/02/15 20:00,-64.86952,-3.0556180000000004
99,01/02/15 22:00,-64.867859,-3.058640000000005
99,01/03/15 00:00,-64.878583,-3.054715000000002
99,01/03/15 02:00,-64.878133,-3.052448000000008
99,01/03/15 04:00,-64.878309,-3.052434000000004
99,01/03/15 06:00,-64.878171,-3.052436999999999
99,01/03/15 08:00,-64.878202,-3.052366000000003
99,01/03/15 10:00,-64.85799424502598,-3.066510979477358
99,01/03/15 12:00,-64.874523,-3.0519130000000008
99,01/03/15 14:00,-64.869736,-3.055050000000008
99,01/03/15 16:00,-64.85792512897162,-3.066366423362376
99,01/03/15 18:00,-64.86435,-3.053955000000008
99,01/03/15 20:00,-64.861354,-3.052879999999996
99,01/03/15 22:00,-64.85795345632539,-3.066330204776888
99,01/04/15 00:00,-64.8579835794569,-3.066357279108122
99,01/04/15 02:00,-64.872772,-3.044789000000005
99,01/04/15 04:00,-64.877883,-3.044951000000004
99,01/04/15 06:00,-64.877882,-3.0448880000000025
99,01/04/15 08:00,-64.877875,-3.0447359999999963
99,01/04/15 10:00,-64.877881,-3.044880000000005
99,01/04/15 12:00,-64.877893,-3.0449069999999963
99,01/04/15 14:00,-64.878789,-3.045033999999992
99,01/04/15 16:00,-64.878826,-3.0439929999999986
99,01/04/15 18:00,-64.85787801547214,-3.0665925628756323
99,01/04/15 20:00,-64.87762,-3.0414090000000016
99,01/04/15 22:00,-64.87409,-3.0412340000000024
99,01/05/15 00:00,-64.8577763089279,-3.06645710588841
99,01/05/15 02:00,-64.863477,-3.050815000000007
99,01/05/15 04:00,-64.863348,-3.050610999999994
99,01/05/15 06:00,-64.863437,-3.0507739999999965
99,01/05/15 08:00,-64.863724,-3.051093999999998
99,01/05/15 10:00,-64.864653,-3.052222000000007
99,01/05/15 12:00,-64.864738,-3.052210999999999
99,01/05/15 14:00,-64.864653,-3.0522090000000013
99,01/05/15 16:00,-64.85785357680263,-3.066276125240629
99,01/05/15 18:00,-64.863073,-3.056257
99,01/05/15 20:00,-64.85781322530065,-3.0661857726876662
99,01/05/15 22:00,-64.850391,-3.0598569999999947
99,01/06/15 00:00,-64.857738,-3.0573949999999983
99,01/06/15 02:00,-64.857926,-3.0573139999999968
99,01/06/15 04:00,-64.857916,-3.057303999999999
99,01/06/15 06:00,-64.860737,-3.059565999999992
99,01/06/15 08:00,-64.860868,-3.0595860000000066
99,01/06/15 10:00,-64.85792320833589,-3.066230792317536
99,01/06/15 12:00,-64.860842,-3.0595469999999967
99,01/06/15 14:00,-64.860839,-3.0595520000000027
99,01/06/15 16:00,-64.85793529507507,-3.066230771234532
99,01/06/15 18:00,-64.865177,-3.060581999999993
99,01/06/15 20:00,-64.85789962824539,-3.06624891803438
99,01/06/15 22:00,-64.862256,-3.0518679999999923
99,01/07/15 00:00,-64.862948,-3.0513320000000013
99,01/07/15 02:00,-64.862879,-3.0512969999999964
99,01/07/15 04:00,-64.862709,-3.0514360000000003
99,01/07/15 06:00,-64.862981,-3.0513439999999976
99,01/07/15 08:00,-64.862899,-3.051296999999993
99,01/07/15 10:00,-64.86296,-3.051336999999996
99,01/07/15 12:00,-64.85784342645775,-3.0662580583586068
99,01/07/15 14:00,-64.862988,-3.0513119999999936
99,01/07/15 16:00,-64.85785401412296,-3.0662037861308344
99,01/07/15 18:00,-64.85783794534707,-3.066176687277846
99,01/07/15 20:00,-64.862765,-3.051116000000007
99,01/07/15 22:00,-64.862748,-3.0512399999999986
99,01/08/15 00:00,-64.862823,-3.051105000000008
99,01/08/15 02:00,-64.85784194298998,-3.066212849478952
99,01/08/15 04:00,-64.85783821082781,-3.066167644521331
99,01/08/15 06:00,-64.862963,-3.051139000000002
99,01/08/15 08:00,-64.85780259081416,-3.0662129181169417
99,01/08/15 10:00,-64.86293,-3.051035
99,01/08/15 12:00,-64.861523,-3.0464649999999938
99,01/08/15 14:00,-64.85779949885746,-3.0662129235098647
99,01/08/15 16:00,-64.861594,-3.046373
99,01/08/15 18:00,-64.85783881982054,-3.0661947703395165
99,01/08/15 20:00,-64.857867193997,-3.06618567855549
99,01/08/15 22:00,-64.868285,-3.053132
99,01/09/15 00:00,-64.85788056115264,-3.066276078172476
99,01/09/15 02:00,-64.868507,-3.0520690000000066
99,01/09/15 04:00,-64.86883,-3.053476999999997
99,01/09/15 06:00,-64.85791432280446,-3.066294103867991
99,01/09/15 08:00,-64.85792047550295,-3.0662760085495795
99,01/09/15 10:00,-64.868765,-3.053373000000001
99,01/09/15 12:00,-64.868981,-3.053404999999997
99,01/09/15 14:00,-64.868973,-3.053428999999999
99,01/09/15 16:00,-64.868914,-3.053596999999997
99,01/09/15 18:00,-64.85794307171504,-3.0663392651845283
99,01/09/15 20:00,-64.85796071776286,-3.066303065231653
99,01/09/15 22:00,-64.87416,-3.047009000000007
99,01/10/15 00:00,-64.873859,-3.047357000000002
99,01/10/15 02:00,-64.85790125218476,-3.066375507305451
99,01/10/15 04:00,-64.85794002658221,-3.066366397375152
99,01/10/15 06:00,-64.873922,-3.047436000000003
99,01/10/15 08:00,-64.873889,-3.047407000000005
99,01/10/15 10:00,-64.873978,-3.0473920000000074
99,01/10/15 12:00,-64.87386,-3.0474569999999965
99,01/10/15 14:00,-64.873923,-3.0474040000000016
99,01/10/15 16:00,-64.85790585883268,-3.0664387953213503
99,01/10/15 18:00,-64.8579527223215,-3.066393502107224
99,01/10/15 20:00,-64.873944,-3.0473490000000054
99,01/10/15 22:00,-64.873909,-3.047338000000004
99,01/11/15 00:00,-64.87388,-3.0473710000000054
99,01/11/15 02:00,-64.85795047349532,-3.0665562673013222
99,01/11/15 04:00,-64.875033,-3.0492320000000013
99,01/11/15 06:00,-64.874969,-3.0491520000000034
99,01/11/15 08:00,-64.875037,-3.049146000000002
99,01/11/15 10:00,-64.875056,-3.0491609999999985
99,01/11/15 12:00,-64.875208,-3.0491240000000053
99,01/11/15 14:00,-64.875019,-3.049084999999994
99,01/11/15 16:00,-64.875098,-3.0491620000000084
99,01/11/15 18:00,-64.876266,-3.0492260000000018
99,01/11/15 20:00,-64.876098,-3.0492789999999927
99,01/11/15 22:00,-64.85798984128982,-3.06656524091559
99,01/12/15 00:00,-64.876304,-3.049242999999999
99,01/12/15 02:00,-64.876323,-3.0489759999999984
99,01/12/15 04:00,-64.85799827390086,-3.0665652262044008
99,01/12/15 06:00,-64.876288,-3.049243999999998
99,01/12/15 08:00,-64.876057,-3.049315999999993
99,01/12/15 10:00,-64.876144,-3.049294999999998
99,01/12/15 12:00,-64.876217,-3.049334000000003
99,01/12/15 14:00,-64.876283,-3.049248999999997
99,01/12/15 16:00,-64.876273,-3.049272999999993
99,01/12/15 18:00,-64.85801885569357,-3.066601359467876
99,01/12/15 20:00,-64.877748,-3.051047000000004
99,01/12/15 22:00,-64.877789,-3.051191999999993
99,01/13/15 00:00,-64.877715,-3.051084000000001
99,01/13/15 02:00,-64.877733,-3.051117999999994
99,01/13/15 04:00,-64.875759,-3.0553850000000056
99,01/13/15 06:00,-64.85801643529102,-3.066501898473074
99,01/13/15 08:00,-64.871886,-3.060671999999998
99,01/13/15 10:00,-64.871926,-3.0607010000000066
99,01/13/15 12:00,-64.87077,-3.0612500000000016
99,01/13/15 14:00,-64.85804674598268,-3.066311957454713
99,01/13/15 16:00,-64.85801852802841,-3.0662487106319025
99,01/13/15 18:00,-64.871502,-3.0560789999999987
99,01/13/15 20:00,-64.871595,-3.055967999999998
99,01/13/15 22:00,-64.85799768077048,-3.0662216201197965
99,01/14/15 00:00,-64.85800598851718,-3.0661492672871704
99,01/14/15 02:00,-64.85801389016629,-3.066167338089154
99,01/14/15 04:00,-64.85804215494024,-3.0662577117091976
99,01/14/15 06:00,-64.879085,-3.056825000000006
99,01/14/15 08:00,-64.879081,-3.056856000000008
99,01/14/15 10:00,-64.8581196566637,-3.0665378875616978
99,01/14/15 12:00,-64.879105,-3.056825000000007
99,01/14/15 14:00,-64.879061,-3.056874000000004
99,01/14/15 16:00,-64.887585,-3.055015999999995
99,01/14/15 18:00,-64.888491,-3.054593000000009
99,01/14/15 20:00,-64.85817014295971,-3.066637264687711
99,01/14/15 22:00,-64.888429,-3.054708999999995
99,01/15/15 00:00,-64.85817737316569,-3.066592040614372
99,01/15/15 02:00,-64.892191,-3.050929999999997
99,01/15/15 04:00,-64.8581777791439,-3.066664378239292
99,01/15/15 06:00,-64.892012,-3.050775
99,01/15/15 08:00,-64.891938,-3.050955999999992
99,01/15/15 10:00,-64.892016,-3.050864000000002
99,01/15/15 12:00,-64.85804630856313,-3.066547057819136
99,01/15/15 14:00,-64.85807957059971,-3.066438492283577
99,01/15/15 16:00,-64.85814601639986,-3.066501672405209
99,01/15/15 18:00,-64.889864,-3.051076999999996
99,01/15/15 20:00,-64.890054,-3.043841000000005
99,01/15/15 22:00,-64.887007,-3.040454000000004
99,01/16/15 00:00,-64.883103,-3.046167000000005
99,01/16/15 02:00,-64.85810947491271,-3.066827258669294
99,01/16/15 04:00,-64.891886,-3.046576999999994
99,01/16/15 06:00,-64.89193,-3.0466110000000057
99,01/16/15 08:00,-64.891878,-3.046484000000005
99,01/16/15 10:00,-64.89183000000001,-3.046454999999997
99,01/16/15 12:00,-64.896303,-3.045237000000005
99,01/16/15 14:00,-64.85802677296086,-3.066628472532654
99,01/16/15 16:00,-64.8581063831333,-3.066501741551281
99,01/16/15 18:00,-64.85822231586397,-3.0665738776169342
99,01/16/15 20:00,-64.897559,-3.050333
99,01/16/15 22:00,-64.893993,-3.054158
99,01/17/15 00:00,-64.888501,-3.0547949999999937
99,01/17/15 02:00,-64.887324,-3.0523190000000024
99,01/17/15 04:00,-64.882313,-3.054225999999992
99,01/17/15 06:00,-64.885976,-3.0573089999999934
99,01/17/15 08:00,-64.895758,-3.056053999999993
99,01/17/15 10:00,-64.85818277626431,-3.0666282003538536
99,01/17/15 12:00,-64.85823354373237,-3.066564815735353
99,01/17/15 14:00,-64.888592,-3.058417000000009
99,01/17/15 16:00,-64.888201,-3.058821000000004
99,01/17/15 18:00,-64.880123,-3.0609069999999945
99,01/17/15 20:00,-64.879898,-3.060954
99,01/17/15 22:00,-64.880046,-3.060810000000003
99,01/18/15 00:00,-64.85822000472241,-3.06653771248356
99,01/18/15 02:00,-64.880029,-3.061059000000002
99,01/18/15 04:00,-64.85822703189717,-3.066537700222832
99,01/18/15 06:00,-64.879977,-3.061073999999993
99,01/18/15 08:00,-64.875613,-3.060009000000002
99,01/18/15 10:00,-64.882393,-3.0583050000000065
99,01/18/15 12:00,-64.885632,-3.058523
99,01/18/15 14:00,-64.886751,-3.058827000000006
99,01/18/15 16:00,-64.886657,-3.058759000000004
99,01/18/15 18:00,-64.886652,-3.0587680000000064
99,01/18/15 20:00,-64.886571,-3.0585599999999986
99,01/18/15 22:00,-64.885665,-3.058108000000004
99,01/19/15 00:00,-64.879284,-3.057833999999992
99,01/19/15 02:00,-64.85808958046452,-3.066375178775651
99,01/19/15 04:00,-64.85806262746178,-3.066230549119205
99,01/19/15 06:00,-64.85804039037734,-3.066212503325254
99,01/19/15 08:00,-64.85803659563496,-3.0662938905767354
99,01/19/15 10:00,-64.87477,-3.056248999999992
99,01/19/15 12:00,-64.874728,-3.0521779999999965
99,01/19/15 14:00,-64.875524,-3.052708999999997
99,01/19/15 16:00,-64.875502,-3.0526939999999936
99,01/19/15 18:00,-64.87557,-3.0526789999999924
99,01/19/15 20:00,-64.8762,-3.054728999999994
99,01/19/15 22:00,-64.876166,-3.054824999999997
99,01/20/15 00:00,-64.876153,-3.0546960000000065
99,01/20/15 02:00,-64.85798262680396,-3.0664567459895458
99,01/20/15 04:00,-64.869971,-3.0599930000000044
99,01/20/15 06:00,-64.863446,-3.0560889999999965
99,01/20/15 08:00,-64.863795,-3.056132000000007
99,01/20/15 10:00,-64.85794806884911,-3.066303087296081
99,01/20/15 12:00,-64.864244,-3.0595990000000066
99,01/20/15 14:00,-64.864492,-3.0613550000000056
99,01/20/15 16:00,-64.870106,-3.059965999999997
99,01/20/15 18:00,-64.85797709899323,-3.066185486850793
99,01/20/15 20:00,-64.85793954275427,-3.066086087138064
99,01/20/15 22:00,-64.85789002463751,-3.066059046628571
99,01/21/15 00:00,-64.8578287476881,-3.066059153504506
99,01/21/15 02:00,-64.857618,-3.0498650000000045
99,01/21/15 04:00,-64.85775664879242,-3.066140659896028
99,01/21/15 06:00,-64.858778,-3.051373999999995
99,01/21/15 08:00,-64.858282,-3.0512600000000005
99,01/21/15 10:00,-64.858251,-3.051210999999993
99,01/21/15 12:00,-64.85782891935216,-3.0661586184338514
99,01/21/15 14:00,-64.85783755501755,-3.066113391904346
99,01/21/15 16:00,-64.85780412127684,-3.0661224925111314
99,01/21/15 18:00,-64.859392,-3.051791000000005
99,01/21/15 20:00,-64.85946300000002,-3.051802999999999
99,01/21/15 22:00,-64.864253,-3.053464999999993
99,01/22/15 00:00,-64.85783894467278,-3.0662671084693702
99,01/22/15 02:00,-64.85783666476362,-3.066249027859166
99,01/22/15 04:00,-64.867468,-3.042748999999993
99,01/22/15 06:00,-64.868671,-3.04471
99,01/22/15 08:00,-64.861408,-3.0465259999999934
99,01/22/15 10:00,-64.861275,-3.046806000000001
99,01/22/15 12:00,-64.861283,-3.046650000000007
99,01/22/15 14:00,-64.861173,-3.0466120000000068
99,01/22/15 16:00,-64.861021,-3.046685999999995
99,01/22/15 18:00,-64.860813,-3.0465170000000024
99,01/22/15 20:00,-64.85782004941908,-3.0662309722529577
99,01/22/15 22:00,-64.85785760582763,-3.066167610692639
99,01/23/15 00:00,-64.85784355147996,-3.06616763520622
99,01/23/15 02:00,-64.859081,-3.055709000000004
99,01/23/15 04:00,-64.862447,-3.0569979999999912
99,01/23/15 06:00,-64.864492,-3.057277000000003
99,01/23/15 08:00,-64.867496,-3.057812999999997
99,01/23/15 10:00,-64.867935,-3.058948000000003
99,01/23/15 12:00,-64.868031,-3.058962000000001
99,01/23/15 14:00,-64.85796598037606,-3.066257844587676
99,01/23/15 16:00,-64.85792174047256,-3.0661946257058093
99,01/23/15 18:00,-64.867756,-3.058608999999995
99,01/23/15 20:00,-64.85783376025522,-3.066194779164415
99,01/23/15 22:00,-64.856634,-3.047778
99,01/24/15 00:00,-64.85583100000001,-3.0462459999999947
99,01/24/15 02:00,-64.85778125941607,-3.066231039910017
99,01/24/15 04:00,-64.85778969202549,-3.066231025202081
99,01/24/15 06:00,-64.863669,-3.040033000000008
99,01/24/15 08:00,-64.866942,-3.0410560000000064
99,01/24/15 10:00,-64.86674100000002,-3.0407439999999943
99,01/24/15 12:00,-64.866845,-3.0409259999999945
99,01/24/15 14:00,-64.867151,-3.041820999999999
99,01/24/15 16:00,-64.85773603544703,-3.0664119646666657
99,01/24/15 18:00,-64.867334,-3.0403449999999994
99,01/24/15 20:00,-64.867244,-3.0405140000000053
99,01/24/15 22:00,-64.85780733791037,-3.066357586534845
99,01/25/15 00:00,-64.85788320018649,-3.066339369621735
99,01/25/15 02:00,-64.85795444006024,-3.0664115836964294
99,01/25/15 04:00,-64.879715,-3.033673999999997
99,01/25/15 06:00,-64.881334,-3.041804
99,01/25/15 08:00,-64.88148,-3.0394919999999925
99,01/25/15 10:00,-64.881397,-3.0390239999999973
99,01/25/15 12:00,-64.881494,-3.039440000000001
99,01/25/15 14:00,-64.881191,-3.039526000000007
99,01/25/15 16:00,-64.8578686926466,-3.066728213537468
99,01/25/15 18:00,-64.881351,-3.039110999999993
99,01/25/15 20:00,-64.881535,-3.0393670000000035
99,01/25/15 22:00,-64.878784,-3.038661000000008
99,01/26/15 00:00,-64.85785416989758,-3.0666197313531045
99,01/26/15 02:00,-64.85798203329094,-3.0666014237077106
99,01/26/15 04:00,-64.885979,-3.036613999999992
99,01/26/15 06:00,-64.888716,-3.030007000000006
99,01/26/15 08:00,-64.889489,-3.031142000000005
99,01/26/15 10:00,-64.85786385161322,-3.066854814088165
99,01/26/15 12:00,-64.889673,-3.031080999999998
99,01/26/15 14:00,-64.889685,-3.031196999999997
99,01/26/15 16:00,-64.889131,-3.033745000000001
99,01/26/15 18:00,-64.85785537216992,-3.066827702001548
99,01/26/15 20:00,-64.889151,-3.034023000000001
99,01/26/15 22:00,-64.889195,-3.033912999999992
99,01/27/15 00:00,-64.85784728319989,-3.066701124006745
99,01/27/15 02:00,-64.85800211535089,-3.0666737270134345
99,01/27/15 04:00,-64.886914,-3.038265000000005
99,01/27/15 06:00,-64.886958,-3.038519000000004
99,01/27/15 08:00,-64.886861,-3.0385339999999994
99,01/27/15 10:00,-64.886971,-3.038553999999996
99,01/27/15 12:00,-64.886897,-3.0381889999999947
99,01/27/15 14:00,-64.886881,-3.038243999999999
99,01/27/15 16:00,-64.886777,-3.038461999999996
99,01/27/15 18:00,-64.887335,-3.0410130000000004
99,01/27/15 20:00,-64.885785,-3.042465999999993
99,01/27/15 22:00,-64.886762,-3.0409789999999983
99,01/28/15 00:00,-64.85796360642303,-3.0666737941965008
99,01/28/15 02:00,-64.85810319741418,-3.066610254613765
99,01/28/15 04:00,-64.888953,-3.0518450000000032
99,01/28/15 06:00,-64.889078,-3.0518550000000064
99,01/28/15 08:00,-64.8582032799338,-3.066781883535159
99,01/28/15 10:00,-64.88909,-3.0518170000000024
99,01/28/15 12:00,-64.889112,-3.051825000000008
99,01/28/15 14:00,-64.888757,-3.052373000000002
99,01/28/15 16:00,-64.888893,-3.0524100000000045
99,01/28/15 18:00,-64.888891,-3.052341000000003
99,01/28/15 20:00,-64.892208,-3.0539819999999973
99,01/28/15 22:00,-64.884315,-3.052433000000002
99,01/29/15 00:00,-64.887286,-3.0487590000000067
99,01/29/15 02:00,-64.89304600000001,-3.0515480000000013
99,01/29/15 04:00,-64.89312,-3.0513800000000004
99,01/29/15 06:00,-64.893269,-3.0516410000000054
99,01/29/15 08:00,-64.893425,-3.051753999999999
99,01/29/15 10:00,-64.893541,-3.051781000000001
99,01/29/15 12:00,-64.85811703312211,-3.066646399642562
99,01/29/15 14:00,-64.85819247380815,-3.0665468028095213
99,01/29/15 16:00,-64.897409,-3.0524699999999974
99,01/29/15 18:00,-64.85818697695817,-3.066619150732982
99,01/29/15 20:00,-64.897373,-3.0524439999999937
99,01/29/15 22:00,-64.85818985027454,-3.0666553148860705
99,01/30/15 00:00,-64.897347,-3.0523969999999974
99,01/30/15 02:00,-64.85819782999435,-3.0667185970038826
99,01/30/15 04:00,-64.893013,-3.051536000000006
99,01/30/15 06:00,-64.893009,-3.0514760000000054
99,01/30/15 08:00,-64.893123,-3.051509000000001
99,01/30/15 10:00,-64.8581041031184,-3.066646422201728
99,01/30/15 12:00,-64.893209,-3.051428999999999
99,01/30/15 14:00,-64.85803089572276,-3.0664114503217634
99,01/30/15 16:00,-64.85805375754794,-3.066302902930919
99,01/30/15 18:00,-64.85811031846234,-3.066338973428985
99,01/30/15 20:00,-64.893657,-3.050847999999998
99,01/30/15 22:00,-64.8580827093857,-3.0664656136842576
99,01/31/15 00:00,-64.85817385962274,-3.066510666119417
99,01/31/15 02:00,-64.892127,-3.053709000000005
99,01/31/15 04:00,-64.888408,-3.055679999999993
99,01/31/15 06:00,-64.886503,-3.055995999999994
99,01/31/15 08:00,-64.886998,-3.055851999999997
99,01/31/15 10:00,-64.8582496280722,-3.0667637180797467
99,01/31/15 12:00,-64.892787,-3.0532829999999955
99,01/31/15 14:00,-64.89279,-3.053184999999992
99,01/31/15 16:00,-64.89276,-3.053259000000001
99,01/31/15 18:00,-64.85814314299394,-3.066628269504144
99,01/31/15 20:00,-64.85821613194994,-3.066573888406477
99,01/31/15 22:00,-64.892775,-3.053286999999992
99,02/01/15 00:00,-64.893183,-3.0538519999999965
99,02/01/15 02:00,-64.85823215383785,-3.066736621696524
99,02/01/15 04:00,-64.90326600000002,-3.050323000000004
99,02/01/15 06:00,-64.85820805841378,-3.06678187519728
99,02/01/15 08:00,-64.893185,-3.047175000000008
99,02/01/15 10:00,-64.893102,-3.048521000000007
99,02/01/15 12:00,-64.893059,-3.0482589999999963
99,02/01/15 14:00,-64.892881,-3.048121999999992
99,02/01/15 16:00,-64.85803320674263,-3.066610376723297
99,02/01/15 18:00,-64.85810863182931,-3.066501737628139
99,02/01/15 20:00,-64.891773,-3.053547000000001
99,02/01/15 22:00,-64.85811431601056,-3.0665378968793173
99,02/02/15 00:00,-64.892619,-3.0565419999999923
99,02/02/15 02:00,-64.85808255317835,-3.0665379522940808
99,02/02/15 04:00,-64.879837,-3.059701999999993
99,02/02/15 06:00,-64.878424,-3.0600210000000025
99,02/02/15 08:00,-64.878316,-3.0600690000000044
99,02/02/15 10:00,-64.85802080794038,-3.066266791239849
99,02/02/15 12:00,-64.85798539113546,-3.0661040917521074
99,02/02/15 14:00,-64.85795266019973,-3.066031810500681
99,02/02/15 16:00,-64.85792982973578,-3.065995681149663
99,02/02/15 18:00,-64.85791743070041,-3.0659776181895166
99,02/02/15 20:00,-64.85791516639942,-3.065968579845703
99,02/02/15 22:00,-64.85792249026449,-3.0659776093648445
99,02/03/15 00:00,-64.85793880891028,-3.065986623195386
99,02/03/15 02:00,-64.85795910959196,-3.066022756958648
99,02/03/15 04:00,-64.85796402852975,-3.0661041290144664
99,02/03/15 06:00,-64.866636,-3.077824
99,02/03/15 08:00,-64.866637,-3.0777289999999944
99,02/03/15 10:00,-64.86666,-3.077656000000002
99,02/03/15 12:00,-64.866674,-3.0776580000000053
99,02/03/15 14:00,-64.8582534386512,-3.066203089370617
99,02/03/15 16:00,-64.866718,-3.0779310000000044
99,02/03/15 18:00,-64.85823259139173,-3.0661759988661688
99,02/03/15 20:00,-64.865456,-3.080282999999993
99,02/03/15 22:00,-64.85827311473399,-3.0662030550435886
99,02/04/15 00:00,-64.865245,-3.0801290000000074
99,02/04/15 02:00,-64.865212,-3.0802689999999995
99,02/04/15 04:00,-64.876374,-3.090887
99,02/04/15 06:00,-64.876485,-3.0908010000000083
99,02/04/15 08:00,-64.876415,-3.0908760000000006
99,02/04/15 10:00,-64.872967,-3.086361999999995
99,02/04/15 12:00,-64.85839195204288,-3.0661666785489774
99,02/04/15 14:00,-64.85822590786464,-3.0660494184451537
99,02/04/15 16:00,-64.85811342629242,-3.066022487785367
99,02/04/15 18:00,-64.85803562765552,-3.0660587926615417
99,02/04/15 20:00,-64.871131,-3.0719810000000027
99,02/04/15 22:00,-64.85805536616834,-3.0660949274007177
99,02/05/15 00:00,-64.85802772600803,-3.066040721859419
99,02/05/15 02:00,-64.85801538939893,-3.066058827963168
99,02/05/15 04:00,-64.85802169816965,-3.066131155299103
99,02/05/15 06:00,-64.877285,-3.0689139999999986
99,02/05/15 08:00,-64.85811103684975,-3.0662666338393505
99,02/05/15 10:00,-64.879302,-3.066971000000004
99,02/05/15 12:00,-64.85816806627834,-3.06624844976647
99,02/05/15 14:00,-64.85817286036549,-3.0662574836947054
99,02/05/15 16:00,-64.87375900000002,-3.0797650000000045
99,02/05/15 18:00,-64.873456,-3.0797950000000074
99,02/05/15 20:00,-64.873404,-3.079865000000004
99,02/05/15 22:00,-64.873435,-3.079936999999992
99,02/06/15 00:00,-64.87339,-3.079796000000003
99,02/06/15 02:00,-64.873565,-3.079912999999993
99,02/06/15 04:00,-64.871777,-3.0772159999999915
99,02/06/15 06:00,-64.8583518345875,-3.066374721230251
99,02/06/15 08:00,-64.873932,-3.062845000000003
99,02/06/15 10:00,-64.888358,-3.0600370000000017
99,02/06/15 12:00,-64.85809949667639,-3.066257611679005
99,02/06/15 14:00,-64.85803292603866,-3.066122093421359
99,02/06/15 16:00,-64.85797719279397,-3.0660769791740616
99,02/06/15 18:00,-64.85792690944946,-3.0660951514664827
99,02/06/15 20:00,-64.867952,-3.0585380000000053
99,02/06/15 22:00,-64.85785588809333,-3.066149529101967
99,02/07/15 00:00,-64.857094,-3.0630230000000025
99,02/07/15 02:00,-64.85705,-3.0630739999999976
99,02/07/15 04:00,-64.853775,-3.068514999999996
99,02/07/15 06:00,-64.853867,-3.068472000000002
99,02/07/15 08:00,-64.85792103783723,-3.0661132462940084
99,02/07/15 10:00,-64.852092,-3.0569039999999923
99,02/07/15 12:00,-64.85677900000002,-3.0473389999999982
99,02/07/15 14:00,-64.85789374102617,-3.066257970596556
99,02/07/15 16:00,-64.869587,-3.052597999999999
99,02/07/15 18:00,-64.869578,-3.052514000000006
99,02/07/15 20:00,-64.870187,-3.0516550000000016
99,02/07/15 22:00,-64.87087,-3.056121000000003
99,02/08/15 00:00,-64.859057,-3.0732009999999987
99,02/08/15 02:00,-64.85794391512707,-3.0661765024409027
99,02/08/15 04:00,-64.852186,-3.073869000000005
99,02/08/15 06:00,-64.85792600376278,-3.0660589838740884
99,02/08/15 08:00,-64.852329,-3.067276000000005
99,02/08/15 10:00,-64.852036,-3.067410000000001
99,02/08/15 12:00,-64.852133,-3.067312999999997
99,02/08/15 14:00,-64.85800014827866,-3.066022685377404
99,02/08/15 16:00,-64.85795848499264,-3.0659865888765885
99,02/08/15 18:00,-64.85791688413255,-3.065986661435906
99,02/08/15 20:00,-64.85787587665656,-3.066004817545264
99,02/08/15 22:00,-64.85782223587239,-3.066032037981156
99,02/09/15 00:00,-64.859248,-3.054818999999996
99,02/09/15 02:00,-64.859273,-3.0547069999999974
99,02/09/15 04:00,-64.85785299919326,-3.0661043226737825
99,02/09/15 06:00,-64.85782061177267,-3.0660682099880354
99,02/09/15 08:00,-64.857854,-3.062931999999992
99,02/09/15 10:00,-64.854456,-3.0659219999999947
99,02/09/15 12:00,-64.85786646015403,-3.0660862146088905
99,02/09/15 14:00,-64.854472,-3.065974
99,02/09/15 16:00,-64.854559,-3.066063000000005
99,02/09/15 18:00,-64.854493,-3.066029000000007
99,02/09/15 20:00,-64.85340300000001,-3.0661570000000085
99,02/09/15 22:00,-64.85799285562622,-3.066031740390338
99,02/10/15 00:00,-64.85795397199618,-3.065977554455237
99,02/10/15 02:00,-64.85791346427227,-3.0659595405213502
99,02/10/15 04:00,-64.85787075467002,-3.0659686573053584
99,02/10/15 06:00,-64.8578010451178,-3.0659687788838736
99,02/10/15 08:00,-64.853722,-3.066033000000008
99,02/10/15 10:00,-64.85777662176591,-3.065986906066513
99,02/10/15 12:00,-64.848461,-3.066193999999993
99,02/10/15 14:00,-64.848454,-3.0660709999999987
99,02/10/15 16:00,-64.848417,-3.0662580000000044
99,02/10/15 18:00,-64.848181,-3.066664999999996
99,02/10/15 20:00,-64.85793821552436,-3.065968539644393
99,02/10/15 22:00,-64.8578813735503,-3.06593246961175
99,02/11/15 00:00,-64.85777171845199,-3.065914576267298
99,02/11/15 02:00,-64.846929,-3.0682820000000075
99,02/11/15 04:00,-64.846969,-3.0682269999999936
99,02/11/15 06:00,-64.846959,-3.068341000000007
99,02/11/15 08:00,-64.8578821856003,-3.0659143836089022
99,02/11/15 10:00,-64.85774968444558,-3.065851318636232
99,02/11/15 12:00,-64.84271,-3.0707280000000083
99,02/11/15 14:00,-64.842652,-3.071319000000003
99,02/11/15 16:00,-64.842206,-3.071491000000005
99,02/11/15 18:00,-64.838009,-3.070857000000005
99,02/11/15 20:00,-64.838094,-3.070820999999994
99,02/11/15 22:00,-64.838013,-3.0708950000000086
99,02/12/15 00:00,-64.838045,-3.070921999999992
99,02/12/15 02:00,-64.83801800000002,-3.070843000000001
99,02/12/15 04:00,-64.85773103908961,-3.065797097387769
99,02/12/15 06:00,-64.841217,-3.056775999999993
99,02/12/15 08:00,-64.840951,-3.0568600000000044
99,02/12/15 10:00,-64.840744,-3.056921999999993
99,02/12/15 12:00,-64.839673,-3.056884000000006
99,02/12/15 14:00,-64.839861,-3.056798000000003
99,02/12/15 16:00,-64.85783413534763,-3.06592350970508
99,02/12/15 18:00,-64.85786505490555,-3.0659234557795227
99,02/12/15 20:00,-64.85787462746498,-3.06593248137754
99,02/12/15 22:00,-64.85787013007476,-3.065932489221377
99,02/13/15 00:00,-64.85782404742925,-3.0659416118859664
99,02/13/15 02:00,-64.850146,-3.078551999999992
99,02/13/15 04:00,-64.85791488531251,-3.06596858033596
99,02/13/15 06:00,-64.851245,-3.081984999999999
99,02/13/15 08:00,-64.85111,-3.0817910000000057
99,02/13/15 10:00,-64.851421,-3.081833000000008
99,02/13/15 12:00,-64.85807874335538,-3.065959252238639
99,02/13/15 14:00,-64.851344,-3.081864999999999
99,02/13/15 16:00,-64.85809051778915,-3.065941147116073
99,02/13/15 18:00,-64.85797015018633,-3.0659051878947072
99,02/13/15 20:00,-64.849277,-3.077563999999996
99,02/13/15 22:00,-64.85796738613573,-3.0659323195941828
99,02/14/15 00:00,-64.850825,-3.090213999999996
99,02/14/15 02:00,-64.84577,-3.090026999999998
99,02/14/15 04:00,-64.849073,-3.080686
99,02/14/15 06:00,-64.85039,-3.079054
99,02/14/15 08:00,-64.85334,-3.0753059999999923
99,02/14/15 10:00,-64.85802482149722,-3.065986473170536
99,02/14/15 12:00,-64.85240800000001,-3.060178999999997
99,02/14/15 14:00,-64.852507,-3.060154000000002
99,02/14/15 16:00,-64.85792420799785,-3.065995690954949
99,02/14/15 18:00,-64.8578727222783,-3.0659686538736404
99,02/14/15 20:00,-64.85778780282354,-3.065950717391369
99,02/14/15 22:00,-64.854656,-3.059811000000005
99,02/15/15 00:00,-64.85770734955064,-3.065914688523531
99,02/15/15 02:00,-64.840959,-3.056858000000003
99,02/15/15 04:00,-64.85762731802926,-3.0657972782594705
99,02/15/15 06:00,-64.831863,-3.0656059999999976
99,02/15/15 08:00,-64.832682,-3.065972999999997
99,02/15/15 10:00,-64.85770624103189,-3.0657609714554326
99,02/15/15 12:00,-64.83693,-3.078279999999994
99,02/15/15 14:00,-64.836916,-3.0782039999999964
99,02/15/15 16:00,-64.85793542044698,-3.065814825538311
99,02/15/15 18:00,-64.85780213846384,-3.065787931103141
99,02/15/15 20:00,-64.827787,-3.092981000000002
99,02/15/15 22:00,-64.85799310567305,-3.065850894100061
99,02/16/15 00:00,-64.85793804386087,-3.0658690747208897
99,02/16/15 02:00,-64.85790154938431,-3.0658962652502737
99,02/16/15 04:00,-64.85787825038395,-3.0659143904722472
99,02/16/15 06:00,-64.85786280621043,-3.065923459701412
99,02/16/15 08:00,-64.85785184382178,-3.065923478820552
99,02/16/15 10:00,-64.85784200578061,-3.0659234959786588
99,02/16/15 12:00,-64.8578290601787,-3.0659144762628414
99,02/16/15 14:00,-64.8578028878885,-3.065896437320545
99,02/16/15 16:00,-64.85773116391839,-3.065869435522604
99,02/16/15 18:00,-64.844523,-3.063628000000002
99,02/16/15 20:00,-64.842881,-3.0710600000000023
99,02/16/15 22:00,-64.85786770972469,-3.065833028215731
99,02/17/15 00:00,-64.849737,-3.089902000000006
99,02/17/15 02:00,-64.841553,-3.094639000000008
99,02/17/15 04:00,-64.839183,-3.0962040000000046
99,02/17/15 06:00,-64.839008,-3.096149999999993
99,02/17/15 08:00,-64.836528,-3.097776000000003
99,02/17/15 10:00,-64.833134,-3.098202999999991
99,02/17/15 12:00,-64.833207,-3.0982760000000016
99,02/17/15 14:00,-64.83287,-3.0983889999999965
99,02/17/15 16:00,-64.85824105562082,-3.065705784945088
99,02/17/15 18:00,-64.85807159150166,-3.065724165113255
99,02/17/15 20:00,-64.85787200425627,-3.065715470912367
99,02/17/15 22:00,-64.832478,-3.097739000000008
99,02/18/15 00:00,-64.833142,-3.091262000000004
99,02/18/15 02:00,-64.85807024849154,-3.0657603366250377
99,02/18/15 04:00,-64.85789371036002,-3.065751602230496
99,02/18/15 06:00,-64.841703,-3.085287000000004
99,02/18/15 08:00,-64.841878,-3.085367000000004
99,02/18/15 10:00,-64.841086,-3.0826710000000044
99,02/18/15 12:00,-64.845434,-3.0831000000000026
99,02/18/15 14:00,-64.85804174930341,-3.0658598515494657
99,02/18/15 16:00,-64.845459,-3.083204999999994
99,02/18/15 18:00,-64.85807188802208,-3.065895968150208
99,02/18/15 20:00,-64.85799796217967,-3.065896097093016
99,02/18/15 22:00,-64.85794232258638,-3.0659052364302046
99,02/19/15 00:00,-64.85789061820675,-3.065914368901685
99,02/19/15 02:00,-64.8577975940512,-3.065923573434128
99,02/19/15 04:00,-64.848826,-3.077717000000006
99,02/19/15 06:00,-64.849455,-3.073965999999997
99,02/19/15 08:00,-64.849264,-3.0739649999999923
99,02/19/15 10:00,-64.85800339646804,-3.065950341370545
99,02/19/15 12:00,-64.8578945690285,-3.065923404304292
99,02/19/15 14:00,-64.847344,-3.072389999999992
99,02/19/15 16:00,-64.8579373566577,-3.0659594988494123
99,02/19/15 18:00,-64.85783109020672,-3.065950641896551
99,02/19/15 20:00,-64.847182,-3.072419999999997
99,02/19/15 22:00,-64.85223200000001,-3.0722869999999944
99,02/20/15 00:00,-64.854317,-3.0696470000000047
99,02/20/15 02:00,-64.854828,-3.064306000000007
99,02/20/15 04:00,-64.857022,-3.0587279999999977
99,02/20/15 06:00,-64.85199,-3.0578890000000074
99,02/20/15 08:00,-64.851094,-3.059062999999992
99,02/20/15 10:00,-64.846334,-3.0647620000000053
99,02/20/15 12:00,-64.85781255407609,-3.0659597165181025
99,02/20/15 14:00,-64.844642,-3.063839000000007
99,02/20/15 16:00,-64.85778549171005,-3.0659145522469013
99,02/20/15 18:00,-64.844524,-3.0636020000000035
99,02/20/15 20:00,-64.85773931543832,-3.065869421306992
99,02/20/15 22:00,-64.837904,-3.0636760000000085
99,02/21/15 00:00,-64.839517,-3.066018999999993
99,02/21/15 02:00,-64.849564,-3.071677
99,02/21/15 04:00,-64.851566,-3.0727540000000007
99,02/21/15 06:00,-64.851555,-3.0728820000000043
99,02/21/15 08:00,-64.8580748861755,-3.0660044704280995
99,02/21/15 10:00,-64.85800180358642,-3.0660045979048185
99,02/21/15 12:00,-64.858429,-3.0765389999999986
99,02/21/15 14:00,-64.85803764208596,-3.066085916025122
99,02/21/15 16:00,-64.858621,-3.076484000000005
99,02/21/15 18:00,-64.858621,-3.076569000000005
99,02/21/15 20:00,-64.860514,-3.0752649999999933
99,02/21/15 22:00,-64.862344,-3.0745730000000027
99,02/22/15 00:00,-64.85815327805916,-3.06614901035474
99,02/22/15 02:00,-64.863431,-3.0734660000000025
99,02/22/15 04:00,-64.8581172521104,-3.0661219463242984
99,02/22/15 06:00,-64.85803462816779,-3.066131132744723
99,02/22/15 08:00,-64.864824,-3.066273000000008
99,02/22/15 10:00,-64.864624,-3.0663859999999925
99,02/22/15 12:00,-64.864734,-3.066465000000002
99,02/22/15 14:00,-64.85803345685319,-3.066266769174818
99,02/22/15 16:00,-64.868889,-3.064514999999993
99,02/22/15 18:00,-64.861751,-3.0589989999999934
99,02/22/15 20:00,-64.859949,-3.0562660000000044
99,02/22/15 22:00,-64.8578931008172,-3.066212760247395
99,02/23/15 00:00,-64.859853,-3.0562329999999984
99,02/23/15 02:00,-64.859778,-3.0560699999999947
99,02/23/15 04:00,-64.85963,-3.0561840000000053
99,02/23/15 06:00,-64.85801,-3.053846999999995
99,02/23/15 08:00,-64.85788287244014,-3.066149482035696
99,02/23/15 10:00,-64.85786143180133,-3.066104307965886
99,02/23/15 12:00,-64.85779734397887,-3.066104419744231
99,02/23/15 14:00,-64.857677,-3.0533999999999937
99,02/23/15 16:00,-64.859608,-3.056174999999993
99,02/23/15 18:00,-64.856143,-3.0528689999999967
99,02/23/15 20:00,-64.85704,-3.050074999999995
99,02/23/15 22:00,-64.855667,-3.0493960000000007
99,02/24/15 00:00,-64.855708,-3.049319000000001
99,02/24/15 02:00,-64.855688,-3.0494249999999963
99,02/24/15 04:00,-64.855681,-3.0492220000000057
99,02/24/15 06:00,-64.8577504804846,-3.0661497129480475
99,02/24/15 08:00,-64.854151,-3.0671399999999984
99,02/24/15 10:00,-64.853341,-3.065966999999998
99,02/24/15 12:00,-64.85793137562707,-3.066077059090431
99,02/24/15 14:00,-64.8578534521262,-3.066041025829976
99,02/24/15 16:00,-64.853427,-3.065948999999995
99,02/24/15 18:00,-64.853759,-3.0655400000000017
99,02/24/15 20:00,-64.85397,-3.0653579999999945
99,02/24/15 22:00,-64.8578873074055,-3.0661133051272547
99,02/25/15 00:00,-64.856326,-3.060528000000001
99,02/25/15 02:00,-64.856412,-3.060434000000002
99,02/25/15 04:00,-64.857232,-3.060871
99,02/25/15 06:00,-64.856212,-3.0581660000000004
99,02/25/15 08:00,-64.855859,-3.0581190000000062
99,02/25/15 10:00,-64.85780593283079,-3.066032066415094
99,02/25/15 12:00,-64.843383,-3.045015999999996
99,02/25/15 14:00,-64.85780672927602,-3.06600493814508
99,02/25/15 16:00,-64.85782412545446,-3.065986823217732
99,02/25/15 18:00,-64.85781203871726,-3.0659868442978
99,02/25/15 20:00,-64.85777885485649,-3.065977859878142
99,02/25/15 22:00,-64.85771137839129,-3.065968935262444
99,02/26/15 00:00,-64.848507,-3.051171
99,02/26/15 02:00,-64.85765266243051,-3.06598712224775
99,02/26/15 04:00,-64.848085,-3.048290999999996
99,02/26/15 06:00,-64.847557,-3.050520000000008
99,02/26/15 08:00,-64.85774268827141,-3.0660321767168064
99,02/26/15 10:00,-64.85775696128611,-3.065995982648652
99,02/26/15 12:00,-64.85771392377777,-3.065977973117532
99,02/26/15 14:00,-64.847598,-3.052665000000008
99,02/26/15 16:00,-64.85773085141095,-3.0660141127723968
99,02/26/15 18:00,-64.8576883604713,-3.0659870599929526
99,02/26/15 20:00,-64.847563,-3.050121000000001
99,02/26/15 22:00,-64.85763109675442,-3.0660323713289044
99,02/27/15 00:00,-64.852761,-3.0511030000000043
99,02/27/15 02:00,-64.85178,-3.050880000000005
99,02/27/15 04:00,-64.847356,-3.0503270000000025
99,02/27/15 06:00,-64.85760292564505,-3.065996251277806
99,02/27/15 08:00,-64.842855,-3.0538610000000017
99,02/27/15 10:00,-64.842499,-3.052191000000003
99,02/27/15 12:00,-64.85773616085363,-3.0659960189246904
99,02/27/15 14:00,-64.85773107008018,-3.065977943214874
99,02/27/15 16:00,-64.85765848723791,-3.065941900617702
99,02/27/15 18:00,-64.845543,-3.0506230000000065
99,02/27/15 20:00,-64.846009,-3.055772
99,02/27/15 22:00,-64.85762113388296,-3.065960050346436
99,02/28/15 00:00,-64.844986,-3.054408999999993
99,02/28/15 02:00,-64.845489,-3.059098999999994
99,02/28/15 04:00,-64.845578,-3.059086
99,02/28/15 06:00,-64.85767116735691,-3.065959963093594
99,02/28/15 08:00,-64.845539,-3.0591120000000065
99,02/28/15 10:00,-64.845468,-3.0590910000000004
99,02/28/15 12:00,-64.845561,-3.058918999999999
99,02/28/15 14:00,-64.85773107008018,-3.065977943214874
99,02/28/15 16:00,-64.845761,-3.0595409999999967
99,02/28/15 18:00,-64.85776172415916,-3.06598693204824
99,02/28/15 20:00,-64.85768576827329,-3.06595089533649
99,02/28/15 22:00,-64.844352,-3.0496550000000004
99,03/01/15 00:00,-64.85759977127567,-3.065960087599743
99,03/01/15 02:00,-64.84562,-3.038659999999995
99,03/01/15 04:00,-64.845455,-3.0383850000000057
99,03/01/15 06:00,-64.8575366359325,-3.066023493761441
99,03/01/15 08:00,-64.84713,-3.051537999999996
99,03/01/15 10:00,-64.847491,-3.051720000000006
99,03/01/15 12:00,-64.85776328564258,-3.0660773522636955
99,03/01/15 14:00,-64.85777337356222,-3.066059250082025
99,03/01/15 16:00,-64.856717,-3.0579750000000057
99,03/01/15 18:00,-64.856655,-3.0581110000000007
99,03/01/15 20:00,-64.8578924293962,-3.066149465366228
99,03/01/15 22:00,-64.858873,-3.0684629999999977
99,03/02/15 00:00,-64.8579889358598,-3.066203550788728
99,03/02/15 02:00,-64.865552,-3.065925999999996
99,03/02/15 04:00,-64.865633,-3.066091000000005
99,03/02/15 06:00,-64.865478,-3.0658790000000056
99,03/02/15 08:00,-64.858061565548,-3.0662667201408804
99,03/02/15 10:00,-64.865532,-3.066032999999998
99,03/02/15 12:00,-64.865993,-3.0656799999999964
99,03/02/15 14:00,-64.866021,-3.065805999999996
99,03/02/15 16:00,-64.85808922146123,-3.0661672066821737
99,03/02/15 18:00,-64.85805397634151,-3.066103972117432
99,03/02/15 20:00,-64.85802646103966,-3.0661221046985245
99,03/02/15 22:00,-64.85800750320563,-3.066212560693221
99,03/03/15 00:00,-64.872273,-3.0671539999999946
99,03/03/15 02:00,-64.874446,-3.0621749999999963
99,03/03/15 04:00,-64.871037,-3.0577710000000065
99,03/03/15 06:00,-64.865585,-3.053557000000008
99,03/03/15 08:00,-64.865193,-3.053532000000008
99,03/03/15 10:00,-64.865623,-3.053187999999995
99,03/03/15 12:00,-64.865511,-3.053047000000003
99,03/03/15 14:00,-64.865484,-3.053106000000006
99,03/03/15 16:00,-64.865587,-3.0531429999999933
99,03/03/15 18:00,-64.867835,-3.058582999999992
99,03/03/15 20:00,-64.868189,-3.0591689999999945
99,03/03/15 22:00,-64.85798471955567,-3.066203558143428
99,03/04/15 00:00,-64.85797104009575,-3.066095074491586
99,03/04/15 02:00,-64.85794541436627,-3.066067992310708
99,03/04/15 04:00,-64.85790667119092,-3.0660951867664616
99,03/04/15 06:00,-64.864387,-3.062688000000003
99,03/04/15 08:00,-64.864321,-3.062445000000004
99,03/04/15 10:00,-64.85797811408983,-3.066122189030873
99,03/04/15 12:00,-64.8579355607178,-3.0660589672047247
99,03/04/15 14:00,-64.858963,-3.067824999999997
99,03/04/15 16:00,-64.85794991175686,-3.066067984466207
99,03/04/15 18:00,-64.856953,-3.0785450000000067
99,03/04/15 20:00,-64.853422,-3.080042000000001
99,03/04/15 22:00,-64.851536,-3.0839789999999927
99,03/05/15 00:00,-64.85818760200881,-3.0660042738099587
99,03/05/15 02:00,-64.8580658757882,-3.0659954438527115
99,03/05/15 04:00,-64.857568,-3.088821999999992
99,03/05/15 06:00,-64.858263,-3.088827999999997
99,03/05/15 08:00,-64.8581646309275,-3.0660495253400684
99,03/05/15 10:00,-64.859516,-3.083891999999993
99,03/05/15 12:00,-64.85811842342525,-3.06598630990032
99,03/05/15 14:00,-64.8579589379235,-3.0659232920364303
99,03/05/15 16:00,-64.848861,-3.078578
99,03/05/15 18:00,-64.848549,-3.0784399999999947
99,03/05/15 20:00,-64.8579651218347,-3.065923281250668
99,03/05/15 22:00,-64.847646,-3.077980000000004
99,03/06/15 00:00,-64.847579,-3.078053999999998
99,03/06/15 02:00,-64.847591,-3.077906000000008
99,03/06/15 04:00,-64.85796031214599,-3.065905205053804
99,03/06/15 06:00,-64.847566,-3.0705180000000016
99,03/06/15 08:00,-64.847563,-3.070362000000005
99,03/06/15 10:00,-64.847673,-3.070393000000004
99,03/06/15 12:00,-64.847845,-3.0704210000000005
99,03/06/15 14:00,-64.847815,-3.070341000000004
99,03/06/15 16:00,-64.848485,-3.0699780000000065
99,03/06/15 18:00,-64.848384,-3.069942000000006
99,03/06/15 20:00,-64.848455,-3.069983000000004
99,03/06/15 22:00,-64.848352,-3.069952000000006
99,03/07/15 00:00,-64.848436,-3.0699259999999944
99,03/07/15 02:00,-64.848445,-3.069992000000002
99,03/07/15 04:00,-64.848461,-3.070027000000006
99,03/07/15 06:00,-64.848447,-3.070018999999993
99,03/07/15 08:00,-64.848375,-3.069913
99,03/07/15 10:00,-64.848413,-3.069998999999994
99,03/07/15 12:00,-64.848398,-3.0699149999999995
99,03/07/15 14:00,-64.848444,-3.0699290000000063
99,03/07/15 16:00,-64.848396,-3.070008999999994
99,03/07/15 18:00,-64.848437,-3.069957999999995
99,03/07/15 20:00,-64.849021,-3.068915000000005
99,03/07/15 22:00,-64.85804084344922,-3.0659864452239645
99,03/08/15 00:00,-64.856472,-3.0856920000000083
99,03/08/15 02:00,-64.85813895837398,-3.065995316371978
99,03/08/15 04:00,-64.85803409736418,-3.065986456990971
99,03/08/15 06:00,-64.856942,-3.088719999999997
99,03/08/15 08:00,-64.857034,-3.088665999999998
99,03/08/15 10:00,-64.85821711612854,-3.066004222324438
99,03/08/15 12:00,-64.85809254782625,-3.0659773127438616
99,03/08/15 14:00,-64.856935,-3.088938000000002
99,03/08/15 16:00,-64.85813285250256,-3.066040538482768
99,03/08/15 18:00,-64.857148,-3.088356999999996
99,03/08/15 20:00,-64.863618,-3.088336999999993
99,03/08/15 22:00,-64.85826045033022,-3.0660312736031496
99,03/09/15 00:00,-64.8581636628017,-3.0659771886943203
99,03/09/15 02:00,-64.85806842117735,-3.066004481705088
99,03/09/15 04:00,-64.861641,-3.093876999999997
99,03/09/15 06:00,-64.861825,-3.093891000000009
99,03/09/15 08:00,-64.85820370200236,-3.066049457182708
99,03/09/15 10:00,-64.854232,-3.0955790000000043
99,03/09/15 12:00,-64.8582013284397,-3.0659771229902715
99,03/09/15 14:00,-64.85804190536913,-3.0659502742018745
99,03/09/15 16:00,-64.854594,-3.094606000000005
99,03/09/15 18:00,-64.85811049056318,-3.065950154569557
99,03/09/15 20:00,-64.85801707608599,-3.0658960637546824
99,03/09/15 22:00,-64.85795127054898,-3.065878093944913
99,03/10/15 00:00,-64.85789191440477,-3.065851070588356
99,03/10/15 02:00,-64.85778249359105,-3.065806049950023
99,03/10/15 04:00,-64.833094,-3.096286000000005
99,03/10/15 06:00,-64.85797666218589,-3.065769542144603
99,03/10/15 08:00,-64.85781377247015,-3.0656884455838687
99,03/10/15 10:00,-64.833559,-3.097119000000003
99,03/10/15 12:00,-64.833001,-3.097376000000006
99,03/10/15 14:00,-64.832973,-3.097308000000005
99,03/10/15 16:00,-64.85799941480911,-3.0655976989001426
99,03/10/15 18:00,-64.828813,-3.094044000000004
99,03/10/15 20:00,-64.82738,-3.103243000000005
99,03/10/15 22:00,-64.85814686033736,-3.0656878646622365
99,03/11/15 00:00,-64.8580122353693,-3.0656971417599874
99,03/11/15 02:00,-64.85784213103273,-3.065670311542155
99,03/11/15 04:00,-64.835647,-3.092919000000007
99,03/11/15 06:00,-64.835642,-3.092944000000008
99,03/11/15 08:00,-64.835672,-3.0928810000000064
99,03/11/15 10:00,-64.835614,-3.0929299999999973
99,03/11/15 12:00,-64.836485,-3.093111000000002
99,03/11/15 14:00,-64.838103,-3.095219999999992
99,03/11/15 16:00,-64.83771500000002,-3.095996000000003
99,03/11/15 18:00,-64.837912,-3.0964210000000065
99,03/11/15 20:00,-64.837852,-3.0960789999999987
99,03/11/15 22:00,-64.838346,-3.099894000000005
99,03/12/15 00:00,-64.85821486773014,-3.065678703749589
99,03/12/15 02:00,-64.838146,-3.099619000000008
99,03/12/15 04:00,-64.85811453535723,-3.0656879210431542
99,03/12/15 06:00,-64.837963,-3.1004739999999926
99,03/12/15 08:00,-64.838344,-3.1008060000000035
99,03/12/15 10:00,-64.838353,-3.100906999999998
99,03/12/15 12:00,-64.838492,-3.100806000000005
99,03/12/15 14:00,-64.85826594733314,-3.0657961644394525
99,03/12/15 16:00,-64.85810856993679,-3.065814523537886
99,03/12/15 18:00,-64.85800658223573,-3.06584182830213
99,03/12/15 20:00,-64.85794054243163,-3.065850985777123
99,03/12/15 22:00,-64.85789328862907,-3.065832983605161
99,03/13/15 00:00,-64.85783897644673,-3.065796909152852
99,03/13/15 02:00,-64.85770642850146,-3.065706717363276
99,03/13/15 04:00,-64.830472,-3.0942830000000066
99,03/13/15 06:00,-64.830261,-3.0939360000000047
99,03/13/15 08:00,-64.830358,-3.094133999999999
99,03/13/15 10:00,-64.85792715990085,-3.0655887826183035
99,03/13/15 12:00,-64.830522,-3.093832999999995
99,03/13/15 14:00,-64.830594,-3.094320999999992
99,03/13/15 16:00,-64.828197,-3.092748999999995
99,03/13/15 18:00,-64.85810335431005,-3.065724109713509
99,03/13/15 20:00,-64.85799829026615,-3.065760462130317
99,03/13/15 22:00,-64.85792270911868,-3.065778678535437
99,03/14/15 00:00,-64.85784703434012,-3.065742641339145
99,03/14/15 02:00,-64.85769368597788,-3.06565248581796
99,03/14/15 04:00,-64.827045,-3.095119999999992
99,03/14/15 06:00,-64.826908,-3.095174000000004
99,03/14/15 08:00,-64.827049,-3.0950370000000045
99,03/14/15 10:00,-64.85786483687781,-3.0654713414897388
99,03/14/15 12:00,-64.82603,-3.0955270000000024
99,03/14/15 14:00,-64.825355,-3.0912839999999933
99,03/14/15 16:00,-64.825554,-3.0890999999999944
99,03/14/15 18:00,-64.825032,-3.0883299999999982
99,03/14/15 20:00,-64.82485,-3.088509000000006
99,03/14/15 22:00,-64.824692,-3.088572999999998
99,03/15/15 00:00,-64.85794683597607,-3.0655887483041684
99,03/15/15 02:00,-64.830287,-3.093457000000002
99,03/15/15 04:00,-64.85803561239055,-3.065724227865806
99,03/15/15 06:00,-64.85786922459634,-3.065733560346736
99,03/15/15 08:00,-64.830191,-3.103623000000008
99,03/15/15 10:00,-64.85806105065728,-3.0658055641295383
99,03/15/15 12:00,-64.85797841112863,-3.065805708265505
99,03/15/15 14:00,-64.85791124697788,-3.0658148676984727
99,03/15/15 16:00,-64.85779540798306,-3.0657969851344062
99,03/15/15 18:00,-64.832186,-3.1011749999999947
99,03/15/15 20:00,-64.85800790964069,-3.065796614523676
99,03/15/15 22:00,-64.85785859010916,-3.0657607057731915
99,03/16/15 00:00,-64.832181,-3.101415999999998
99,03/16/15 02:00,-64.85803934454778,-3.06576943281896
99,03/16/15 04:00,-64.85787990589613,-3.06573354171881
99,03/16/15 06:00,-64.831233,-3.1021879999999937
99,03/16/15 08:00,-64.85798337705911,-3.065751445847658
99,03/16/15 10:00,-64.836638,-3.101933999999996
99,03/16/15 12:00,-64.8580340038982,-3.065769442133844
99,03/16/15 14:00,-64.836566,-3.1019190000000068
99,03/16/15 16:00,-64.85814595448348,-3.06581445832956
99,03/16/15 18:00,-64.8579910912477,-3.065823770735327
99,03/16/15 20:00,-64.843795,-3.101921999999996
99,03/16/15 22:00,-64.85808876883978,-3.0659049809978804
99,03/17/15 00:00,-64.851518,-3.098911999999996
99,03/17/15 02:00,-64.85815569872322,-3.06592294883548
99,03/17/15 04:00,-64.85799883665267,-3.06591418015314
99,03/17/15 06:00,-64.850188,-3.096585000000005
99,03/17/15 08:00,-64.85809921587445,-3.065932089651837
99,03/17/15 10:00,-64.85801006452085,-3.065905118276868
99,03/17/15 12:00,-64.85795187953994,-3.06590521976153
99,03/17/15 14:00,-64.85791674368097,-3.065905281043002
99,03/17/15 16:00,-64.85789789525492,-3.06589627162341
99,03/17/15 18:00,-64.85788718274327,-3.065878205720422
99,03/17/15 20:00,-64.85786775653912,-3.065860155014174
99,03/17/15 22:00,-64.85778082267373,-3.065815095157799
99,03/18/15 00:00,-64.840843,-3.093659000000001
99,03/18/15 02:00,-64.840884,-3.093711999999993
99,03/18/15 04:00,-64.840826,-3.093681000000001
99,03/18/15 06:00,-64.85807693215088,-3.0657241557983195
99,03/18/15 08:00,-64.836364,-3.1043839999999965
99,03/18/15 10:00,-64.836888,-3.104076999999995
99,03/18/15 12:00,-64.85815872840826,-3.06572401312939
99,03/18/15 14:00,-64.83777,-3.1038180000000084
99,03/18/15 16:00,-64.85811097486611,-3.0657421810060894
99,03/18/15 18:00,-64.837858,-3.1036630000000027
99,03/18/15 20:00,-64.85806882745146,-3.065751296811232
99,03/18/15 22:00,-64.840329,-3.0965200000000075
99,03/19/15 00:00,-64.837692,-3.0922539999999987
99,03/19/15 02:00,-64.85817039342896,-3.065805373409186
99,03/19/15 04:00,-64.85804924501056,-3.0658055847207826
99,03/19/15 06:00,-64.85790620301952,-3.0658239187885767
99,03/19/15 08:00,-64.847078,-3.0850819999999985
99,03/19/15 10:00,-64.84664300000001,-3.0854599999999954
99,03/19/15 12:00,-64.846776,-3.0854269999999966
99,03/19/15 14:00,-64.846737,-3.085349999999992
99,03/19/15 16:00,-64.85804131215552,-3.065769429387153
99,03/19/15 18:00,-64.84016,-3.086811999999992
99,03/19/15 20:00,-64.838643,-3.0886699999999983
99,03/19/15 22:00,-64.839306,-3.089550000000004
99,03/20/15 00:00,-64.839252,-3.089564000000001
99,03/20/15 02:00,-64.839429,-3.089458000000001
99,03/20/15 04:00,-64.85807468345648,-3.065724159720401
99,03/20/15 06:00,-64.842422,-3.0849250000000006
99,03/20/15 08:00,-64.8424,-3.0849059999999926
99,03/20/15 10:00,-64.842637,-3.0851100000000065
99,03/20/15 12:00,-64.842616,-3.0848679999999966
99,03/20/15 14:00,-64.842473,-3.0849929999999994
99,03/20/15 16:00,-64.842513,-3.0849980000000072
99,03/20/15 18:00,-64.842515,-3.085131000000005
99,03/20/15 20:00,-64.85810034038654,-3.065769326431277
99,03/20/15 22:00,-64.85788182669113,-3.065706411489048
99,03/21/15 00:00,-64.832872,-3.083071999999994
99,03/21/15 02:00,-64.832964,-3.082990000000008
99,03/21/15 04:00,-64.85788602738931,-3.065697361869869
99,03/21/15 06:00,-64.840006,-3.080572999999992
99,03/21/15 08:00,-64.83980100000001,-3.080506000000003
99,03/21/15 10:00,-64.839835,-3.080588000000004
99,03/21/15 12:00,-64.839907,-3.080501
99,03/21/15 14:00,-64.839979,-3.080531999999998
99,03/21/15 16:00,-64.839892,-3.0806100000000005
99,03/21/15 18:00,-64.841694,-3.077802
99,03/21/15 20:00,-64.841522,-3.078111999999999
99,03/21/15 22:00,-64.844462,-3.080362999999996
99,03/22/15 00:00,-64.844423,-3.080433000000004
99,03/22/15 02:00,-64.844511,-3.0804279999999924
99,03/22/15 04:00,-64.85806954568757,-3.0658417184818747
99,03/22/15 06:00,-64.846327,-3.084033999999991
99,03/22/15 08:00,-64.846329,-3.0840280000000035
99,03/22/15 10:00,-64.852594,-3.0821749999999986
99,03/22/15 12:00,-64.85814589189893,-3.06594105052579
99,03/22/15 14:00,-64.853083,-3.0819660000000035
99,03/22/15 16:00,-64.852692,-3.082202000000005
99,03/22/15 18:00,-64.85422,-3.0820189999999945
99,03/22/15 20:00,-64.854344,-3.081912999999996
99,03/22/15 22:00,-64.854275,-3.0819640000000046
99,03/23/15 00:00,-64.854289,-3.0818649999999943
99,03/23/15 02:00,-64.85818561879255,-3.065995234977814
99,03/23/15 04:00,-64.854831,-3.075322
99,03/23/15 06:00,-64.85807234078631,-3.0659954325757712
99,03/23/15 08:00,-64.853569,-3.08223
99,03/23/15 10:00,-64.853427,-3.082113999999996
99,03/23/15 12:00,-64.856953,-3.082130999999998
99,03/23/15 14:00,-64.85815326258808,-3.0659772068362487
99,03/23/15 16:00,-64.85798423574185,-3.065923247912627
99,03/23/15 18:00,-64.849226,-3.0798540000000085
99,03/23/15 20:00,-64.847526,-3.077839000000005
99,03/23/15 22:00,-64.85799744682461,-3.065923224869957
99,03/24/15 00:00,-64.844489,-3.080327999999996
99,03/24/15 02:00,-64.858062986884,-3.065950237430114
99,03/24/15 04:00,-64.85800032011892,-3.0659593890290364
99,03/24/15 06:00,-64.85792255268862,-3.0660137784282067
99,03/24/15 08:00,-64.859023,-3.0698719999999966
99,03/24/15 10:00,-64.859036,-3.069885000000001
99,03/24/15 12:00,-64.859075,-3.0698220000000043
99,03/24/15 14:00,-64.859083,-3.069958
99,03/24/15 16:00,-64.859153,-3.0698830000000084
99,03/24/15 18:00,-64.856979,-3.06727
99,03/24/15 20:00,-64.856941,-3.067235
99,03/24/15 22:00,-64.851737,-3.0711379999999977
99,03/25/15 00:00,-64.842691,-3.074450000000004
99,03/25/15 02:00,-64.842693,-3.074508999999998
99,03/25/15 04:00,-64.842709,-3.074572000000006
99,03/25/15 06:00,-64.842754,-3.0745210000000016
99,03/25/15 08:00,-64.842743,-3.0745020000000056
99,03/25/15 10:00,-64.842751,-3.074508000000001
99,03/25/15 12:00,-64.842801,-3.0745409999999977
99,03/25/15 14:00,-64.842806,-3.074419000000006
99,03/25/15 16:00,-64.842736,-3.074504000000004
99,03/25/15 18:00,-64.841131,-3.073318999999992
99,03/25/15 20:00,-64.8579309386626,-3.06582387564793
99,03/25/15 22:00,-64.85775543123357,-3.0657608856748
99,03/26/15 00:00,-64.83754900000001,-3.0679159999999954
99,03/26/15 02:00,-64.837436,-3.068238
99,03/26/15 04:00,-64.837392,-3.068137000000007
99,03/26/15 06:00,-64.839835,-3.068603999999995
99,03/26/15 08:00,-64.840026,-3.0706490000000057
99,03/26/15 10:00,-64.840005,-3.0706739999999977
99,03/26/15 12:00,-64.839962,-3.070712999999997
99,03/26/15 14:00,-64.839961,-3.070714000000004
99,03/26/15 16:00,-64.839969,-3.0706479999999914
99,03/26/15 18:00,-64.840038,-3.070671999999997
99,03/26/15 20:00,-64.84218,-3.0776640000000057
99,03/26/15 22:00,-64.842288,-3.077617999999998
99,03/27/15 00:00,-64.841288,-3.077241999999996
99,03/27/15 02:00,-64.845572,-3.078417999999997
99,03/27/15 04:00,-64.848759,-3.081687000000006
99,03/27/15 06:00,-64.84883,-3.0816609999999947
99,03/27/15 08:00,-64.85804993203475,-3.065877921861931
99,03/27/15 10:00,-64.847615,-3.0779820000000004
99,03/27/15 12:00,-64.847568,-3.077989999999994
99,03/27/15 14:00,-64.847751,-3.077964000000009
99,03/27/15 16:00,-64.847606,-3.077914000000001
99,03/27/15 18:00,-64.85801551459096,-3.065805643552189
99,03/27/15 20:00,-64.847517,-3.0778380000000034
99,03/27/15 22:00,-64.840912,-3.090580000000002
99,03/28/15 00:00,-64.836818,-3.092026999999996
99,03/28/15 02:00,-64.836194,-3.0915220000000025
99,03/28/15 04:00,-64.836376,-3.0915599999999923
99,03/28/15 06:00,-64.836404,-3.0915630000000083
99,03/28/15 08:00,-64.836605,-3.093002000000008
99,03/28/15 10:00,-64.836669,-3.0928909999999967
99,03/28/15 12:00,-64.836713,-3.0929069999999994
99,03/28/15 14:00,-64.836722,-3.092915000000007
99,03/28/15 16:00,-64.836807,-3.092979999999999
99,03/28/15 18:00,-64.836747,-3.0927429999999925
99,03/28/15 20:00,-64.836603,-3.092779999999999
99,03/28/15 22:00,-64.85813329014123,-3.065642676871211
99,03/29/15 00:00,-64.839855,-3.0935060000000023
99,03/29/15 02:00,-64.839891,-3.093441999999996
99,03/29/15 04:00,-64.839772,-3.0933920000000006
99,03/29/15 06:00,-64.840105,-3.093331000000007
99,03/29/15 08:00,-64.839921,-3.093569999999996
99,03/29/15 10:00,-64.839842,-3.0934249999999928
99,03/29/15 12:00,-64.83984600000001,-3.0934730000000075
99,03/29/15 14:00,-64.840043,-3.0935399999999973
99,03/29/15 16:00,-64.839856,-3.0935719999999978
99,03/29/15 18:00,-64.840054,-3.093912
99,03/29/15 20:00,-64.85816989384672,-3.0656787821949743
99,03/29/15 22:00,-64.85789934791217,-3.065597873413703
99,03/30/15 00:00,-64.827024,-3.091396000000008
99,03/30/15 02:00,-64.82707,-3.091138000000003
99,03/30/15 04:00,-64.85784347428319,-3.065471378741999
99,03/30/15 06:00,-64.825052,-3.091916000000006
99,03/30/15 08:00,-64.824956,-3.0919740000000075
99,03/30/15 10:00,-64.824891,-3.091917000000002
99,03/30/15 12:00,-64.824854,-3.0918789999999965
99,03/30/15 14:00,-64.825088,-3.0918920000000067
99,03/30/15 16:00,-64.824943,-3.091882999999998
99,03/30/15 18:00,-64.825154,-3.0885919999999905
99,03/30/15 20:00,-64.825675,-3.0878779999999977
99,03/30/15 22:00,-64.826949,-3.0848380000000035
99,03/31/15 00:00,-64.826748,-3.084901
99,03/31/15 02:00,-64.826907,-3.084875999999995
99,03/31/15 04:00,-64.826503,-3.084827999999997
99,03/31/15 06:00,-64.826858,-3.084924
99,03/31/15 08:00,-64.826883,-3.0846820000000057
99,03/31/15 10:00,-64.826942,-3.0848159999999925
99,03/31/15 12:00,-64.85776976713915,-3.0654353380941086
99,03/31/15 14:00,-64.824034,-3.0856270000000072
99,03/31/15 16:00,-64.824044,-3.085638000000005
99,03/31/15 18:00,-64.822983,-3.083555000000006
99,03/31/15 20:00,-64.824732,-3.0804979999999964
99,03/31/15 22:00,-64.824575,-3.080495000000004
99,04/01/15 00:00,-64.85768570659009,-3.0654264423735023
99,04/01/15 02:00,-64.824683,-3.080496000000005
99,04/01/15 04:00,-64.824712,-3.080520000000006
99,04/01/15 06:00,-64.822691,-3.0792889999999926
99,04/01/15 08:00,-64.822731,-3.079397999999995
99,04/01/15 10:00,-64.822603,-3.0792999999999937
99,04/01/15 12:00,-64.822815,-3.0793470000000003
99,04/01/15 14:00,-64.822831,-3.079362000000004
99,04/01/15 16:00,-64.822701,-3.0796480000000024
99,04/01/15 18:00,-64.822754,-3.080444000000007
99,04/01/15 20:00,-64.825555,-3.088245000000001
99,04/01/15 22:00,-64.825191,-3.088338000000001
99,04/02/15 00:00,-64.824052,-3.080897999999992
99,04/02/15 02:00,-64.824047,-3.080894999999996
99,04/02/15 04:00,-64.824014,-3.081086999999992
99,04/02/15 06:00,-64.822867,-3.079365000000008
99,04/02/15 08:00,-64.822808,-3.0794110000000043
99,04/02/15 10:00,-64.82277400000001,-3.079351000000007
99,04/02/15 12:00,-64.822971,-3.079272000000006
99,04/02/15 14:00,-64.822797,-3.079326000000005
99,04/02/15 16:00,-64.822773,-3.0793690000000016
99,04/02/15 18:00,-64.822894,-3.079387999999996
99,04/02/15 20:00,-64.82498700000001,-3.0755949999999945
99,04/02/15 22:00,-64.825081,-3.0754749999999924
99,04/03/15 00:00,-64.824865,-3.0752340000000022
99,04/03/15 02:00,-64.824629,-3.073627999999993
99,04/03/15 04:00,-64.823773,-3.073024000000001
99,04/03/15 06:00,-64.82391,-3.0734130000000084
99,04/03/15 08:00,-64.824611,-3.073657999999997
99,04/03/15 10:00,-64.824565,-3.0735559999999937
99,04/03/15 12:00,-64.824664,-3.073725000000001
99,04/03/15 14:00,-64.824601,-3.073777999999992
99,04/03/15 16:00,-64.824673,-3.073707000000004
99,04/03/15 18:00,-64.824577,-3.0736249999999923
99,04/03/15 20:00,-64.824639,-3.073664999999991
99,04/03/15 22:00,-64.85757981487015,-3.065471838478098
99,04/04/15 00:00,-64.824605,-3.0735309999999982
99,04/04/15 02:00,-64.824629,-3.073546999999996
99,04/04/15 04:00,-64.824476,-3.073708999999994
99,04/04/15 06:00,-64.824718,-3.0736729999999963
99,04/04/15 08:00,-64.824557,-3.0736100000000026
99,04/04/15 10:00,-64.824577,-3.0735820000000063
99,04/04/15 12:00,-64.824544,-3.073599000000008
99,04/04/15 14:00,-64.824631,-3.073581000000005
99,04/04/15 16:00,-64.82451,-3.073757999999996
99,04/04/15 18:00,-64.827041,-3.0728160000000075
99,04/04/15 20:00,-64.827097,-3.072785999999998
99,04/04/15 22:00,-64.828366,-3.073371000000006
99,04/05/15 00:00,-64.828345,-3.0733789999999988
99,04/05/15 02:00,-64.828319,-3.073384000000005
99,04/05/15 04:00,-64.826899,-3.0737550000000047
99,04/05/15 06:00,-64.827209,-3.074850999999996
99,04/05/15 08:00,-64.827261,-3.074957999999996
99,04/05/15 10:00,-64.827354,-3.074910999999992
99,04/05/15 12:00,-64.827291,-3.074915999999996
99,04/05/15 14:00,-64.827172,-3.0748999999999937
99,04/05/15 16:00,-64.85771659467785,-3.0655710652228856
99,04/05/15 18:00,-64.82741,-3.0759450000000044
99,04/05/15 20:00,-64.85765303785239,-3.0655530914582463
99,04/05/15 22:00,-64.827276,-3.079211999999994
99,04/06/15 00:00,-64.827248,-3.079187000000001
99,04/06/15 02:00,-64.827162,-3.079239999999992
99,04/06/15 04:00,-64.827275,-3.0792579999999914
99,04/06/15 06:00,-64.829893,-3.077519999999994
99,04/06/15 08:00,-64.82998,-3.0775290000000006
99,04/06/15 10:00,-64.829987,-3.0774660000000056
99,04/06/15 12:00,-64.829993,-3.077472000000005
99,04/06/15 14:00,-64.83003,-3.0773140000000043
99,04/06/15 16:00,-64.82996,-3.0774789999999927
99,04/06/15 18:00,-64.829346,-3.077715000000007
99,04/06/15 20:00,-64.85772193532742,-3.0655710559101936
99,04/06/15 22:00,-64.825471,-3.0715580000000005
99,04/07/15 00:00,-64.85758779450595,-3.065535120629119
99,04/07/15 02:00,-64.825383,-3.071621999999994
99,04/07/15 04:00,-64.82497700000002,-3.0721919999999923
99,04/07/15 06:00,-64.824732,-3.0725450000000016
99,04/07/15 08:00,-64.824827,-3.072671000000008
99,04/07/15 10:00,-64.824741,-3.072519999999996
99,04/07/15 12:00,-64.824603,-3.072558000000006
99,04/07/15 14:00,-64.824768,-3.072446000000005
99,04/07/15 16:00,-64.824828,-3.0724780000000087
99,04/07/15 18:00,-64.824839,-3.072478000000005
99,04/07/15 20:00,-64.820945,-3.074689
99,04/07/15 22:00,-64.820047,-3.0770980000000066
99,04/08/15 00:00,-64.821058,-3.076706
99,04/08/15 02:00,-64.822131,-3.080233000000008
99,04/08/15 04:00,-64.82183,-3.079815000000004
99,04/08/15 06:00,-64.85762410178107,-3.065399422903324
99,04/08/15 08:00,-64.82204,-3.079218000000004
99,04/08/15 10:00,-64.822327,-3.079272000000003
99,04/08/15 12:00,-64.82188,-3.079727000000004
99,04/08/15 14:00,-64.821702,-3.079710000000004
99,04/08/15 16:00,-64.823896,-3.081519999999994
99,04/08/15 18:00,-64.823943,-3.081559000000003
99,04/08/15 20:00,-64.823893,-3.081492999999995
99,04/08/15 22:00,-64.821801,-3.082097999999997
99,04/09/15 00:00,-64.821433,-3.081641
99,04/09/15 02:00,-64.821397,-3.0816339999999927
99,04/09/15 04:00,-64.821148,-3.0816370000000046
99,04/09/15 06:00,-64.821393,-3.0817309999999973
99,04/09/15 08:00,-64.821367,-3.081706999999997
99,04/09/15 10:00,-64.821454,-3.0817180000000075
99,04/09/15 12:00,-64.821363,-3.081653000000003
99,04/09/15 14:00,-64.821439,-3.0816229999999933
99,04/09/15 16:00,-64.821444,-3.081659
99,04/09/15 18:00,-64.82153,-3.081624
99,04/09/15 20:00,-64.818553,-3.079552000000007
99,04/09/15 22:00,-64.818558,-3.079614000000008
99,04/10/15 00:00,-64.818575,-3.0796030000000068
99,04/10/15 02:00,-64.818554,-3.079478999999995
99,04/10/15 04:00,-64.81847,-3.0794039999999985
99,04/10/15 06:00,-64.819452,-3.078519000000004
99,04/10/15 08:00,-64.819945,-3.0788620000000004
99,04/10/15 10:00,-64.81999600000002,-3.078847999999998
99,04/10/15 12:00,-64.819975,-3.078856000000004
99,04/10/15 14:00,-64.820026,-3.0788780000000084
99,04/10/15 16:00,-64.820059,-3.0788929999999977
99,04/10/15 18:00,-64.820044,-3.078818999999993
99,04/10/15 20:00,-64.81998,-3.0788700000000007
99,04/10/15 22:00,-64.82222,-3.078946999999992
99,04/11/15 00:00,-64.82242,-3.0790359999999963
99,04/11/15 02:00,-64.822346,-3.079071000000004
99,04/11/15 04:00,-64.822379,-3.0790739999999985
99,04/11/15 06:00,-64.822442,-3.0790080000000017
99,04/11/15 08:00,-64.822376,-3.0790569999999926
99,04/11/15 10:00,-64.822404,-3.0787499999999923
99,04/11/15 12:00,-64.822304,-3.078923999999992
99,04/11/15 14:00,-64.822384,-3.078971000000004
99,04/11/15 16:00,-64.822424,-3.0789500000000034
99,04/11/15 18:00,-64.8576629697622,-3.065444566606691
99,04/11/15 20:00,-64.825256,-3.0767310000000028
99,04/11/15 22:00,-64.824054,-3.079734999999993
99,04/12/15 00:00,-64.823905,-3.080929999999997
99,04/12/15 02:00,-64.825148,-3.0766699999999974
99,04/12/15 04:00,-64.85772132634744,-3.065543930089624
99,04/12/15 06:00,-64.827142,-3.078196999999992
99,04/12/15 08:00,-64.85765666077812,-3.0655350005520896
99,04/12/15 10:00,-64.827013,-3.077151000000008
99,04/12/15 12:00,-64.827099,-3.077237000000005
99,04/12/15 14:00,-64.82713,-3.077140999999993
99,04/12/15 16:00,-64.827082,-3.077172
99,04/12/15 18:00,-64.827155,-3.077262000000002
99,04/12/15 20:00,-64.831024,-3.081396999999999
99,04/12/15 22:00,-64.831297,-3.0826119999999992
99,04/13/15 00:00,-64.831243,-3.0826170000000044
99,04/13/15 02:00,-64.831244,-3.0826490000000053
99,04/13/15 04:00,-64.833181,-3.080221000000007
99,04/13/15 06:00,-64.833278,-3.080039000000004
99,04/13/15 08:00,-64.833271,-3.080130999999993
99,04/13/15 10:00,-64.833048,-3.0800820000000044
99,04/13/15 12:00,-64.833132,-3.0801369999999944
99,04/13/15 14:00,-64.833219,-3.0801040000000013
99,04/13/15 16:00,-64.833186,-3.080090000000004
99,04/13/15 18:00,-64.83501,-3.081465000000005
99,04/13/15 20:00,-64.834969,-3.0814600000000025
99,04/13/15 22:00,-64.835012,-3.081519000000005
99,04/14/15 00:00,-64.835306,-3.081620999999997
99,04/14/15 02:00,-64.835038,-3.0816509999999995
99,04/14/15 04:00,-64.835035,-3.081552000000003
99,04/14/15 06:00,-64.833134,-3.0831660000000025
99,04/14/15 08:00,-64.833064,-3.083063000000001
99,04/14/15 10:00,-64.833143,-3.083146000000001
99,04/14/15 12:00,-64.833272,-3.0834
99,04/14/15 14:00,-64.833044,-3.083158000000004
99,04/14/15 16:00,-64.833141,-3.0831879999999927
99,04/14/15 18:00,-64.833187,-3.0832990000000016
99,04/14/15 20:00,-64.833174,-3.083247000000005
99,04/14/15 22:00,-64.834544,-3.083846000000004
99,04/15/15 00:00,-64.834376,-3.083860000000007
99,04/15/15 02:00,-64.834073,-3.084230999999993
99,04/15/15 04:00,-64.85801329729581,-3.065660970737327
99,04/15/15 06:00,-64.841236,-3.0911560000000065
99,04/15/15 08:00,-64.841172,-3.091252999999995
99,04/15/15 10:00,-64.841193,-3.091228999999996
99,04/15/15 12:00,-64.841159,-3.091167999999997
99,04/15/15 14:00,-64.8412,-3.091164999999995
99,04/15/15 16:00,-64.841125,-3.091156000000008
99,04/15/15 18:00,-64.841157,-3.0911649999999944
99,04/15/15 20:00,-64.841278,-3.0911609999999974
99,04/15/15 22:00,-64.85821745993898,-3.065714868394464
99,04/16/15 00:00,-64.85798799948404,-3.065661014858049
99,04/16/15 02:00,-64.835741,-3.0963039999999937
99,04/16/15 04:00,-64.835786,-3.096289
99,04/16/15 06:00,-64.835741,-3.096293000000004
99,04/16/15 08:00,-64.83575,-3.0963020000000023
99,04/16/15 10:00,-64.835866,-3.0962619999999954
99,04/16/15 12:00,-64.837544,-3.0957079999999992
99,04/16/15 14:00,-64.837724,-3.0959820000000065
99,04/16/15 16:00,-64.8581512796945,-3.065642645494272
99,04/16/15 18:00,-64.837687,-3.096041999999992
99,04/16/15 20:00,-64.837632,-3.0961130000000043
99,04/16/15 22:00,-64.85810376042426,-3.0656336860833777
99,04/17/15 00:00,-64.837641,-3.095952999999992
99,04/17/15 02:00,-64.837653,-3.0959510000000057
99,04/17/15 04:00,-64.837469,-3.095926999999993
99,04/17/15 06:00,-64.837675,-3.096021000000004
99,04/17/15 08:00,-64.837632,-3.096070999999997
99,04/17/15 10:00,-64.837632,-3.096020000000004
99,04/17/15 12:00,-64.837719,-3.096034
99,04/17/15 14:00,-64.837676,-3.0959980000000065
99,04/17/15 16:00,-64.837651,-3.0960620000000016
99,04/17/15 18:00,-64.839243,-3.0955529999999984
99,04/17/15 20:00,-64.839153,-3.0955469999999927
99,04/17/15 22:00,-64.840489,-3.096568999999994
99,04/18/15 00:00,-64.839065,-3.0972509999999964
99,04/18/15 02:00,-64.839158,-3.097211000000004
99,04/18/15 04:00,-64.838637,-3.097467999999992
99,04/18/15 06:00,-64.834148,-3.098838999999999
99,04/18/15 08:00,-64.834132,-3.099018999999998
99,04/18/15 10:00,-64.835046,-3.098595999999998
99,04/18/15 12:00,-64.835009,-3.098598999999999
99,04/18/15 14:00,-64.834986,-3.098607999999998
99,04/18/15 16:00,-64.835096,-3.0986169999999973
99,04/18/15 18:00,-64.835267,-3.0986780000000023
99,04/18/15 20:00,-64.835005,-3.098568000000008
99,04/18/15 22:00,-64.85816158626831,-3.065588373766305
99,04/19/15 00:00,-64.837316,-3.092749000000007
99,04/19/15 02:00,-64.837316,-3.092833000000008
99,04/19/15 04:00,-64.837397,-3.092757000000004
99,04/19/15 06:00,-64.837427,-3.092685999999999
99,04/19/15 08:00,-64.837791,-3.092232
99,04/19/15 10:00,-64.83776000000002,-3.092281999999996
99,04/19/15 12:00,-64.837766,-3.0922219999999974
99,04/19/15 14:00,-64.837799,-3.0922559999999994
99,04/19/15 16:00,-64.837867,-3.0922619999999923
99,04/19/15 18:00,-64.837909,-3.0918879999999955
99,04/19/15 20:00,-64.837725,-3.092042999999992
99,04/19/15 22:00,-64.841466,-3.093296999999997
99,04/20/15 00:00,-64.842385,-3.092211000000007
99,04/20/15 02:00,-64.842533,-3.092485999999996
99,04/20/15 04:00,-64.842302,-3.092205000000004
99,04/20/15 06:00,-64.842398,-3.092180999999999
99,04/20/15 08:00,-64.85824008734824,-3.065796209548746
99,04/20/15 10:00,-64.848649,-3.0884249999999964
99,04/20/15 12:00,-64.849435,-3.0886930000000032
99,04/20/15 14:00,-64.850314,-3.086718000000008
99,04/20/15 16:00,-64.850289,-3.086703999999995
99,04/20/15 18:00,-64.850272,-3.086643000000004
99,04/20/15 20:00,-64.850472,-3.086825000000008
99,04/20/15 22:00,-64.850206,-3.086744000000006
99,04/21/15 00:00,-64.85032,-3.086775000000003
99,04/21/15 02:00,-64.850332,-3.086850999999994
99,04/21/15 04:00,-64.848417,-3.087434999999992
99,04/21/15 06:00,-64.848671,-3.0872729999999984
99,04/21/15 08:00,-64.84751,-3.08778
99,04/21/15 10:00,-64.848551,-3.087528999999993
99,04/21/15 12:00,-64.84864,-3.087372000000001
99,04/21/15 14:00,-64.848626,-3.087492000000006
99,04/21/15 16:00,-64.848585,-3.087447000000004
99,04/21/15 18:00,-64.848683,-3.087428999999993
99,04/21/15 20:00,-64.85830640809034,-3.0659498128086904
99,04/21/15 22:00,-64.85818978827076,-3.065968100829424
99,04/22/15 00:00,-64.85809409372884,-3.0660586906769107
99,04/22/15 02:00,-64.861796,-3.077264999999993
99,04/22/15 04:00,-64.869262,-3.069971000000005
99,04/22/15 06:00,-64.869184,-3.070045000000005
99,04/22/15 08:00,-64.869125,-3.0700410000000016
99,04/22/15 10:00,-64.8582170846721,-3.066311660291193
99,04/22/15 12:00,-64.871903,-3.0683720000000068
99,04/22/15 14:00,-64.871925,-3.068213999999997
99,04/22/15 16:00,-64.85818622754904,-3.066347883291487
99,04/22/15 18:00,-64.871875,-3.068112000000005
99,04/22/15 20:00,-64.869094,-3.067894999999992
99,04/22/15 22:00,-64.868607,-3.068693999999996
99,04/23/15 00:00,-64.868664,-3.0693870000000056
99,04/23/15 02:00,-64.869651,-3.0703530000000043
99,04/23/15 04:00,-64.85815921210175,-3.066167084586591
99,04/23/15 06:00,-64.85809549916327,-3.0660586882253176
99,04/23/15 08:00,-64.85805610017657,-3.0660316300737938
99,04/23/15 10:00,-64.85803928178517,-3.066058786287596
99,04/23/15 12:00,-64.85803325394859,-3.066149219726785
99,04/23/15 14:00,-64.871628,-3.0685909999999925
99,04/23/15 16:00,-64.869077,-3.071819000000009
99,04/23/15 18:00,-64.869006,-3.071971999999996
99,04/23/15 20:00,-64.869019,-3.072012000000006
99,04/23/15 22:00,-64.85824831654219,-3.0663296903855164
99,04/24/15 00:00,-64.868898,-3.071886000000005
99,04/24/15 02:00,-64.868962,-3.071932999999992
99,04/24/15 04:00,-64.868916,-3.072104999999995
99,04/24/15 06:00,-64.868969,-3.071984000000007
99,04/24/15 08:00,-64.868939,-3.0719729999999936
99,04/24/15 10:00,-64.868901,-3.071980999999995
99,04/24/15 12:00,-64.868958,-3.071966999999995
99,04/24/15 14:00,-64.868826,-3.0719080000000045
99,04/24/15 16:00,-64.868808,-3.07193
99,04/24/15 18:00,-64.871172,-3.073126000000004
99,04/24/15 20:00,-64.872547,-3.078629000000004
99,04/24/15 22:00,-64.873414,-3.0801199999999915
99,04/25/15 00:00,-64.873975,-3.0783550000000086
99,04/25/15 02:00,-64.874012,-3.078356000000006
99,04/25/15 04:00,-64.8584808690951,-3.066383538374801
99,04/25/15 06:00,-64.873889,-3.078320999999991
99,04/25/15 08:00,-64.87385,-3.078219000000004
99,04/25/15 10:00,-64.873892,-3.0780539999999967
99,04/25/15 12:00,-64.873887,-3.078224999999992
99,04/25/15 14:00,-64.87366,-3.0783910000000017
99,04/25/15 16:00,-64.874033,-3.078388000000002
99,04/25/15 18:00,-64.873946,-3.0781849999999946
99,04/25/15 20:00,-64.873914,-3.0782280000000064
99,04/25/15 22:00,-64.874007,-3.078113000000002
99,04/26/15 00:00,-64.873912,-3.078221000000005
99,04/26/15 02:00,-64.868552,-3.072406999999997
99,04/26/15 04:00,-64.873928,-3.078213000000005
99,04/26/15 06:00,-64.873859,-3.078387000000001
99,04/26/15 08:00,-64.872731,-3.070107000000001
99,04/26/15 10:00,-64.872547,-3.0701059999999925
99,04/26/15 12:00,-64.872652,-3.070142000000008
99,04/26/15 14:00,-64.872696,-3.0701700000000023
99,04/26/15 16:00,-64.872692,-3.0702130000000016
99,04/26/15 18:00,-64.872833,-3.070167999999994
99,04/26/15 20:00,-64.872799,-3.070194000000007
99,04/26/15 22:00,-64.872742,-3.0701729999999974
99,04/27/15 00:00,-64.872834,-3.0701560000000034
99,04/27/15 02:00,-64.872753,-3.070152000000005
99,04/27/15 04:00,-64.872992,-3.0701370000000057
99,04/27/15 06:00,-64.872399,-3.069981999999997
99,04/27/15 08:00,-64.872697,-3.0700000000000074
99,04/27/15 10:00,-64.873083,-3.0702660000000024
99,04/27/15 12:00,-64.872738,-3.070164000000001
99,04/27/15 14:00,-64.872849,-3.0701379999999974
99,04/27/15 16:00,-64.872784,-3.070164999999996
99,04/27/15 18:00,-64.872846,-3.0701329999999984
99,04/27/15 20:00,-64.873094,-3.070199999999995
99,04/27/15 22:00,-64.85833815499755,-3.066428998843349
99,04/28/15 00:00,-64.875517,-3.0697319999999984
99,04/28/15 02:00,-64.875599,-3.069954000000006
99,04/28/15 04:00,-64.875354,-3.069996999999992
99,04/28/15 06:00,-64.875455,-3.069952000000008
99,04/28/15 08:00,-64.875532,-3.070016000000002
99,04/28/15 10:00,-64.85827639401387,-3.066311556816981
99,04/28/15 12:00,-64.85821082270982,-3.06626645975826
99,04/28/15 14:00,-64.871717,-3.0718470000000018
99,04/28/15 16:00,-64.871656,-3.071857999999996
99,04/28/15 18:00,-64.87142,-3.0729970000000084
99,04/28/15 20:00,-64.867523,-3.072346999999996
99,04/28/15 22:00,-64.865652,-3.073017999999996
99,04/29/15 00:00,-64.865631,-3.0729140000000013
99,04/29/15 02:00,-64.865649,-3.072930000000007
99,04/29/15 04:00,-64.85827075666487,-3.066302524361112
99,04/29/15 06:00,-64.869257,-3.071274999999994
99,04/29/15 08:00,-64.869303,-3.071257000000005
99,04/29/15 10:00,-64.869191,-3.0713740000000045
99,04/29/15 12:00,-64.869169,-3.071327000000004
99,04/29/15 14:00,-64.869146,-3.0713429999999926
99,04/29/15 16:00,-64.85818386958444,-3.0662845913635226
99,04/29/15 18:00,-64.869336,-3.071360000000003
99,04/29/15 20:00,-64.85806432959184,-3.066239588442248
99,04/29/15 22:00,-64.862854,-3.0608530000000025
99,04/30/15 00:00,-64.86033,-3.0583679999999966
99,04/30/15 02:00,-64.860445,-3.0583080000000047
99,04/30/15 04:00,-64.860393,-3.0583910000000043
99,04/30/15 06:00,-64.860412,-3.058391000000008
99,04/30/15 08:00,-64.860502,-3.0583529999999968
99,04/30/15 10:00,-64.860421,-3.058389999999993
99,04/30/15 12:00,-64.860339,-3.058327999999996
99,04/30/15 14:00,-64.860408,-3.0583220000000004
99,04/30/15 16:00,-64.860413,-3.058359000000002
99,04/30/15 18:00,-64.862939,-3.056066999999995
99,04/30/15 20:00,-64.868341,-3.0528439999999977
99,04/30/15 22:00,-64.86798,-3.053246000000001
99,05/01/15 00:00,-64.867459,-3.051744000000003
99,05/01/15 02:00,-64.867505,-3.0517399999999983
99,05/01/15 04:00,-64.867458,-3.0517070000000075
99,05/01/15 06:00,-64.867453,-3.051795000000006
99,05/01/15 08:00,-64.867633,-3.0517740000000027
99,05/01/15 10:00,-64.85793029779454,-3.0664297103966773
99,05/01/15 12:00,-64.867668,-3.051772000000007
99,05/01/15 14:00,-64.867603,-3.0516719999999977
99,05/01/15 16:00,-64.867733,-3.0515959999999995
99,05/01/15 18:00,-64.868194,-3.0495569999999974
99,05/01/15 20:00,-64.871312,-3.052403999999993
99,05/01/15 22:00,-64.869593,-3.052583000000003
99,05/02/15 00:00,-64.869431,-3.0525829999999945
99,05/02/15 02:00,-64.869403,-3.052536999999992
99,05/02/15 04:00,-64.869445,-3.052525000000001
99,05/02/15 06:00,-64.86927,-3.052908000000004
99,05/02/15 08:00,-64.869445,-3.0525920000000064
99,05/02/15 10:00,-64.869433,-3.052610999999996
99,05/02/15 12:00,-64.85794995827663,-3.066420633807456
99,05/02/15 14:00,-64.86946,-3.052593000000001
99,05/02/15 16:00,-64.86961,-3.0527179999999943
99,05/02/15 18:00,-64.85793896466687,-3.06640256839922
99,05/02/15 20:00,-64.86985,-3.0503910000000043
99,05/02/15 22:00,-64.870111,-3.050605999999992
99,05/03/15 00:00,-64.85790949735572,-3.066429746681228
99,05/03/15 02:00,-64.870073,-3.050689999999995
99,05/03/15 04:00,-64.867952,-3.049445000000001
99,05/03/15 06:00,-64.867888,-3.049355999999994
99,05/03/15 08:00,-64.867857,-3.049539000000002
99,05/03/15 10:00,-64.867978,-3.0493919999999943
99,05/03/15 12:00,-64.867798,-3.0494919999999954
99,05/03/15 14:00,-64.867859,-3.049470999999993
99,05/03/15 16:00,-64.867829,-3.049400999999996
99,05/03/15 18:00,-64.867843,-3.0493669999999966
99,05/03/15 20:00,-64.864268,-3.0478029999999987
99,05/03/15 22:00,-64.864799,-3.045499000000008
99,05/04/15 00:00,-64.8578255929589,-3.066348512399525
99,05/04/15 02:00,-64.85783732057806,-3.0663032804759984
99,05/04/15 04:00,-64.86501,-3.045769999999994
99,05/04/15 06:00,-64.865075,-3.045800999999998
99,05/04/15 08:00,-64.86511,-3.045889999999996
99,05/04/15 10:00,-64.865163,-3.045740999999992
99,05/04/15 12:00,-64.865086,-3.0458450000000057
99,05/04/15 14:00,-64.865063,-3.0457940000000057
99,05/04/15 16:00,-64.865114,-3.045877999999994
99,05/04/15 18:00,-64.866608,-3.0451979999999965
99,05/04/15 20:00,-64.867312,-3.045606000000008
99,05/04/15 22:00,-64.867284,-3.045635000000001
99,05/05/15 00:00,-64.86722000000002,-3.045660000000002
99,05/05/15 02:00,-64.867158,-3.0456650000000023
99,05/05/15 04:00,-64.867124,-3.045544999999996
99,05/05/15 06:00,-64.865988,-3.044746999999994
99,05/05/15 08:00,-64.86636,-3.044467000000004
99,05/05/15 10:00,-64.864344,-3.041539000000008
99,05/05/15 12:00,-64.864506,-3.0414639999999915
99,05/05/15 14:00,-64.864425,-3.041482000000004
99,05/05/15 16:00,-64.864507,-3.0414930000000053
99,05/05/15 18:00,-64.864349,-3.0415099999999966
99,05/05/15 20:00,-64.85776089596186,-3.06648425965448
99,05/05/15 22:00,-64.867424,-3.039315
99,05/06/15 00:00,-64.871313,-3.043386999999996
99,05/06/15 02:00,-64.871396,-3.0432630000000063
99,05/06/15 04:00,-64.871316,-3.043366
99,05/06/15 06:00,-64.85781920584311,-3.0665564962913776
99,05/06/15 08:00,-64.870382,-3.043166000000005
99,05/06/15 10:00,-64.87131,-3.0433610000000058
99,05/06/15 12:00,-64.871589,-3.043439
99,05/06/15 14:00,-64.871275,-3.043346
99,05/06/15 16:00,-64.871468,-3.0433719999999944
99,05/06/15 18:00,-64.871352,-3.043478999999996
99,05/06/15 20:00,-64.877355,-3.042918000000005
99,05/06/15 22:00,-64.879255,-3.0416509999999963
99,05/07/15 00:00,-64.879183,-3.041536
99,05/07/15 02:00,-64.879148,-3.0416159999999923
99,05/07/15 04:00,-64.85778055629953,-3.066637944353818
99,05/07/15 06:00,-64.869253,-3.036280000000008
99,05/07/15 08:00,-64.869707,-3.038008999999995
99,05/07/15 10:00,-64.869551,-3.038205000000004
99,05/07/15 12:00,-64.869737,-3.038034999999998
99,05/07/15 14:00,-64.869755,-3.037963999999997
99,05/07/15 16:00,-64.869713,-3.0379879999999946
99,05/07/15 18:00,-64.869792,-3.0379080000000016
99,05/07/15 20:00,-64.868788,-3.040078999999997
99,05/07/15 22:00,-64.868533,-3.039991
99,05/08/15 00:00,-64.868777,-3.039997999999997
99,05/08/15 02:00,-64.85771738989602,-3.066520504717108
99,05/08/15 04:00,-64.866053,-3.044737
99,05/08/15 06:00,-64.86602,-3.0446610000000023
99,05/08/15 08:00,-64.865621,-3.045581999999996
99,05/08/15 10:00,-64.866182,-3.044798999999992
99,05/08/15 12:00,-64.866037,-3.044837000000008
99,05/08/15 14:00,-64.866077,-3.0447559999999925
99,05/08/15 16:00,-64.865945,-3.0446410000000066
99,05/08/15 18:00,-64.866059,-3.0447319999999936
99,05/08/15 20:00,-64.868895,-3.045735
99,05/08/15 22:00,-64.866402,-3.0411729999999992
99,05/09/15 00:00,-64.860612,-3.0417649999999954
99,05/09/15 02:00,-64.860545,-3.041779000000004
99,05/09/15 04:00,-64.860503,-3.041786999999997
99,05/09/15 06:00,-64.860483,-3.041883000000001
99,05/09/15 08:00,-64.860538,-3.0418240000000045
99,05/09/15 10:00,-64.860388,-3.0419190000000023
99,05/09/15 12:00,-64.860565,-3.0418900000000058
99,05/09/15 14:00,-64.860606,-3.0418170000000058
99,05/09/15 16:00,-64.86072,-3.041869000000008
99,05/09/15 18:00,-64.860523,-3.041905999999993
99,05/09/15 20:00,-64.860535,-3.041876000000008
99,05/09/15 22:00,-64.861188,-3.044820000000001
99,05/10/15 00:00,-64.862785,-3.0480050000000016
99,05/10/15 02:00,-64.862487,-3.0479200000000035
99,05/10/15 04:00,-64.862528,-3.047957000000004
99,05/10/15 06:00,-64.862582,-3.048011000000001
99,05/10/15 08:00,-64.862619,-3.048015000000003
99,05/10/15 10:00,-64.862576,-3.047965000000008
99,05/10/15 12:00,-64.862532,-3.0479819999999984
99,05/10/15 14:00,-64.862553,-3.0479419999999915
99,05/10/15 16:00,-64.86254,-3.0478630000000067
99,05/10/15 18:00,-64.867644,-3.0524339999999923
99,05/10/15 20:00,-64.867668,-3.0524419999999948
99,05/10/15 22:00,-64.867741,-3.052435000000001
99,05/11/15 00:00,-64.867648,-3.052357000000006
99,05/11/15 02:00,-64.867504,-3.052275000000008
99,05/11/15 04:00,-64.869377,-3.054003999999997
99,05/11/15 06:00,-64.87153,-3.0582729999999967
99,05/11/15 08:00,-64.871581,-3.0583400000000065
99,05/11/15 10:00,-64.873747,-3.0569189999999944
99,05/11/15 12:00,-64.873816,-3.0569240000000004
99,05/11/15 14:00,-64.873765,-3.056854999999993
99,05/11/15 16:00,-64.877158,-3.0541159999999934
99,05/11/15 18:00,-64.877116,-3.053908999999993
99,05/11/15 20:00,-64.877121,-3.053927999999997
99,05/11/15 22:00,-64.869211,-3.0500919999999976
99,05/12/15 00:00,-64.869152,-3.050095000000006
99,05/12/15 02:00,-64.869203,-3.0500789999999944
99,05/12/15 04:00,-64.869194,-3.050048999999992
99,05/12/15 06:00,-64.869187,-3.0500809999999943
99,05/12/15 08:00,-64.85787696945061,-3.066312253610428
99,05/12/15 10:00,-64.85785629403183,-3.0662218667408965
99,05/12/15 12:00,-64.861009,-3.052479
99,05/12/15 14:00,-64.860917,-3.052406999999993
99,05/12/15 16:00,-64.85781306906381,-3.066258111308863
99,05/12/15 18:00,-64.860968,-3.052470000000006
99,05/12/15 20:00,-64.86094,-3.052432999999992
99,05/12/15 22:00,-64.86123,-3.055994000000007
99,05/13/15 00:00,-64.859638,-3.0522580000000024
99,05/13/15 02:00,-64.859359,-3.052194999999996
99,05/13/15 04:00,-64.859235,-3.0521780000000014
99,05/13/15 06:00,-64.856507,-3.052499
99,05/13/15 08:00,-64.85651,-3.052476000000006
99,05/13/15 10:00,-64.856609,-3.0524639999999943
99,05/13/15 12:00,-64.856701,-3.052451999999992
99,05/13/15 14:00,-64.856447,-3.052410999999995
99,05/13/15 16:00,-64.85608,-3.0525170000000053
99,05/13/15 18:00,-64.8558,-3.052712
99,05/13/15 20:00,-64.85582900000001,-3.052715000000004
99,05/13/15 22:00,-64.855848,-3.052852000000001
99,05/14/15 00:00,-64.855875,-3.0527170000000026
99,05/14/15 02:00,-64.855894,-3.052773000000004
99,05/14/15 04:00,-64.854949,-3.050245
99,05/14/15 06:00,-64.85469,-3.050304000000006
99,05/14/15 08:00,-64.8577281183702,-3.06622209030168
99,05/14/15 10:00,-64.857265,-3.049413999999995
99,05/14/15 12:00,-64.857304,-3.049512
99,05/14/15 14:00,-64.857349,-3.0495170000000065
99,05/14/15 16:00,-64.857424,-3.0494889999999995
99,05/14/15 18:00,-64.857263,-3.0494789999999914
99,05/14/15 20:00,-64.857458,-3.049441999999995
99,05/14/15 22:00,-64.857285,-3.0494810000000063
99,05/15/15 00:00,-64.85735,-3.0495530000000044
99,05/15/15 02:00,-64.857355,-3.049519999999996
99,05/15/15 04:00,-64.857384,-3.0495070000000046
99,05/15/15 06:00,-64.859326,-3.0488479999999964
99,05/15/15 08:00,-64.859383,-3.0486709999999944
99,05/15/15 10:00,-64.859437,-3.048570000000007
99,05/15/15 12:00,-64.859385,-3.0486290000000054
99,05/15/15 14:00,-64.859399,-3.0486730000000013
99,05/15/15 16:00,-64.859408,-3.048706
99,05/15/15 18:00,-64.859371,-3.048652999999993
99,05/15/15 20:00,-64.85778870813441,-3.0663124075614965
99,05/15/15 22:00,-64.863792,-3.047016
99,05/16/15 00:00,-64.86369,-3.047237000000006
99,05/16/15 02:00,-64.863664,-3.0472550000000007
99,05/16/15 04:00,-64.85780730669664,-3.066339502002096
99,05/16/15 06:00,-64.862851,-3.056046000000004
99,05/16/15 08:00,-64.862817,-3.0560249999999933
99,05/16/15 10:00,-64.862818,-3.056059999999996
99,05/16/15 12:00,-64.86288,-3.056039000000004
99,05/16/15 14:00,-64.862799,-3.056066000000006
99,05/16/15 16:00,-64.862921,-3.056051999999992
99,05/16/15 18:00,-64.862732,-3.0558969999999985
99,05/16/15 20:00,-64.862937,-3.0560059999999964
99,05/16/15 22:00,-64.85790136158883,-3.0662760418903074
99,05/17/15 00:00,-64.860434,-3.058370000000008
99,05/17/15 02:00,-64.860329,-3.058416999999996
99,05/17/15 04:00,-64.860447,-3.058307000000007
99,05/17/15 06:00,-64.860347,-3.0584009999999986
99,05/17/15 08:00,-64.8604,-3.058314999999997
99,05/17/15 10:00,-64.86027,-3.058368000000004
99,05/17/15 12:00,-64.860452,-3.0583400000000083
99,05/17/15 14:00,-64.860153,-3.058367999999993
99,05/17/15 16:00,-64.860396,-3.058377000000005
99,05/17/15 18:00,-64.860477,-3.058396000000001
99,05/17/15 20:00,-64.860479,-3.0584040000000043
99,05/17/15 22:00,-64.860485,-3.058432000000008
99,05/18/15 00:00,-64.860364,-3.058202000000004
99,05/18/15 02:00,-64.860481,-3.0582620000000054
99,05/18/15 04:00,-64.862033,-3.057981999999996
99,05/18/15 06:00,-64.862085,-3.0580470000000046
99,05/18/15 08:00,-64.862094,-3.058132000000004
99,05/18/15 10:00,-64.862059,-3.057993000000007
99,05/18/15 12:00,-64.862108,-3.057918999999994
99,05/18/15 14:00,-64.862105,-3.058012999999999
99,05/18/15 16:00,-64.862121,-3.058008999999997
99,05/18/15 18:00,-64.862111,-3.0580419999999995
99,05/18/15 20:00,-64.862117,-3.057884000000003
99,05/18/15 22:00,-64.85796886928502,-3.066303051012276
99,05/19/15 00:00,-64.864501,-3.057272000000008
99,05/19/15 02:00,-64.864488,-3.057307
99,05/19/15 04:00,-64.86443,-3.0572500000000087
99,05/19/15 06:00,-64.864352,-3.057464000000001
99,05/19/15 08:00,-64.86424,-3.057280999999997
99,05/19/15 10:00,-64.864201,-3.057397000000002
99,05/19/15 12:00,-64.864485,-3.057206000000001
99,05/19/15 14:00,-64.864419,-3.057278
99,05/19/15 16:00,-64.864383,-3.057315999999997
99,05/19/15 18:00,-64.864423,-3.057287000000009
99,05/19/15 20:00,-64.864452,-3.057169
99,05/19/15 22:00,-64.864323,-3.0572470000000034
99,05/20/15 00:00,-64.864196,-3.057188000000001
99,05/20/15 02:00,-64.864435,-3.057344999999999
99,05/20/15 04:00,-64.864279,-3.0583239999999927
99,05/20/15 06:00,-64.864532,-3.059004999999994
99,05/20/15 08:00,-64.864439,-3.0590070000000043
99,05/20/15 10:00,-64.864467,-3.059047000000004
99,05/20/15 12:00,-64.864556,-3.058981999999993
99,05/20/15 14:00,-64.864481,-3.0590660000000063
99,05/20/15 16:00,-64.864469,-3.0591030000000066
99,05/20/15 18:00,-64.859751,-3.063717999999997
99,05/20/15 20:00,-64.859743,-3.063876000000005
99,05/20/15 22:00,-64.859859,-3.0636239999999986
99,05/21/15 00:00,-64.859657,-3.064193000000006
99,05/21/15 02:00,-64.859721,-3.063875999999997
99,05/21/15 04:00,-64.858371,-3.065192000000007
99,05/21/15 06:00,-64.858363,-3.065132999999998
99,05/21/15 08:00,-64.858403,-3.065211999999997
99,05/21/15 10:00,-64.858605,-3.065464000000009
99,05/21/15 12:00,-64.858598,-3.0653910000000004
99,05/21/15 14:00,-64.858554,-3.065470999999995
99,05/21/15 16:00,-64.858624,-3.0653689999999925
99,05/21/15 18:00,-64.858635,-3.065532000000006
99,05/21/15 20:00,-64.858603,-3.065347999999993
99,05/21/15 22:00,-64.858595,-3.0654099999999995
99,05/22/15 00:00,-64.85801273460334,-3.0661492555197167
99,05/22/15 02:00,-64.8579,-3.067301
99,05/22/15 04:00,-64.857939,-3.067321000000002
99,05/22/15 06:00,-64.857895,-3.0673510000000053
99,05/22/15 08:00,-64.857351,-3.0673680000000005
99,05/22/15 10:00,-64.857369,-3.0674600000000027
99,05/22/15 12:00,-64.857319,-3.067485
99,05/22/15 14:00,-64.857329,-3.0673820000000003
99,05/22/15 16:00,-64.857411,-3.067415000000001
99,05/22/15 18:00,-64.853069,-3.0730749999999967
99,05/22/15 20:00,-64.852898,-3.0731059999999943
99,05/22/15 22:00,-64.852921,-3.073069999999999
99,05/23/15 00:00,-64.852931,-3.0731630000000014
99,05/23/15 02:00,-64.849586,-3.070128000000003
99,05/23/15 04:00,-64.848339,-3.069994999999994
99,05/23/15 06:00,-64.84839,-3.069962000000001
99,05/23/15 08:00,-64.848375,-3.069959999999994
99,05/23/15 10:00,-64.848252,-3.0699649999999927
99,05/23/15 12:00,-64.848366,-3.0700779999999948
99,05/23/15 14:00,-64.848467,-3.0699429999999923
99,05/23/15 16:00,-64.848404,-3.069861999999997
99,05/23/15 18:00,-64.848331,-3.069980000000008
99,05/23/15 20:00,-64.848411,-3.0699719999999964
99,05/23/15 22:00,-64.84516700000002,-3.074781
99,05/24/15 00:00,-64.84148600000002,-3.078025000000008
99,05/24/15 02:00,-64.841577,-3.07823
99,05/24/15 04:00,-64.85803734555259,-3.0659141129854253
99,05/24/15 06:00,-64.852933,-3.0758820000000062
99,05/24/15 08:00,-64.852601,-3.0758019999999955
99,05/24/15 10:00,-64.853618,-3.075081999999992
99,05/24/15 12:00,-64.853589,-3.0757800000000035
99,05/24/15 14:00,-64.853706,-3.075798000000008
99,05/24/15 16:00,-64.850668,-3.0784730000000056
99,05/24/15 18:00,-64.850694,-3.0784700000000007
99,05/24/15 20:00,-64.85074,-3.078434000000005
99,05/24/15 22:00,-64.84599,-3.079862999999997
99,05/25/15 00:00,-64.846124,-3.079785999999997
99,05/25/15 02:00,-64.845959,-3.079828000000001
99,05/25/15 04:00,-64.845986,-3.0798909999999915
99,05/25/15 06:00,-64.845949,-3.079949999999994
99,05/25/15 08:00,-64.845908,-3.079899000000008
99,05/25/15 10:00,-64.845927,-3.0798799999999944
99,05/25/15 12:00,-64.846049,-3.0798029999999987
99,05/25/15 14:00,-64.845871,-3.0800200000000086
99,05/25/15 16:00,-64.845913,-3.079929000000009
99,05/25/15 18:00,-64.85804887028783,-3.0657513316196945
99,05/25/15 20:00,-64.840365,-3.093331000000001
99,05/25/15 22:00,-64.840297,-3.0933579999999994
99,05/26/15 00:00,-64.84034,-3.0933409999999983
99,05/26/15 02:00,-64.84034,-3.093236999999992
99,05/26/15 04:00,-64.836785,-3.093104999999991
99,05/26/15 06:00,-64.836762,-3.0928339999999914
99,05/26/15 08:00,-64.836654,-3.092820999999996
99,05/26/15 10:00,-64.83671800000002,-3.092858000000005
99,05/26/15 12:00,-64.836819,-3.0927939999999965
99,05/26/15 14:00,-64.836703,-3.092871000000005
99,05/26/15 16:00,-64.836711,-3.092970000000002
99,05/26/15 18:00,-64.836756,-3.092882000000005
99,05/26/15 20:00,-64.85801866935546,-3.065516284686029
99,05/26/15 22:00,-64.827067,-3.093843000000001
99,05/27/15 00:00,-64.828062,-3.0910909999999965
99,05/27/15 02:00,-64.828206,-3.091079999999996
99,05/27/15 04:00,-64.828073,-3.090970000000007
99,05/27/15 06:00,-64.82809,-3.0910040000000043
99,05/27/15 08:00,-64.832303,-3.093519999999994
99,05/27/15 10:00,-64.832126,-3.093499
99,05/27/15 12:00,-64.832202,-3.093619000000006
99,05/27/15 14:00,-64.832365,-3.093559000000008
99,05/27/15 16:00,-64.832297,-3.0935879999999947
99,05/27/15 18:00,-64.836212,-3.091419000000006
99,05/27/15 20:00,-64.836243,-3.091527000000005
99,05/27/15 22:00,-64.836158,-3.091519000000005
99,05/28/15 00:00,-64.836259,-3.0915789999999985
99,05/28/15 02:00,-64.836209,-3.0915309999999927
99,05/28/15 04:00,-64.836232,-3.091523999999999
99,05/28/15 06:00,-64.85803091213324,-3.0656066862604066
99,05/28/15 08:00,-64.835056,-3.086482999999997
99,05/28/15 10:00,-64.835195,-3.086416999999993
99,05/28/15 12:00,-64.835117,-3.086447000000007
99,05/28/15 14:00,-64.835135,-3.086333
99,05/28/15 16:00,-64.835073,-3.0864470000000006
99,05/28/15 18:00,-64.835717,-3.086524000000002
99,05/28/15 20:00,-64.838526,-3.0891100000000065
99,05/28/15 22:00,-64.85794491518119,-3.0656158785329737
99,05/29/15 00:00,-64.833652,-3.082111000000005
99,05/29/15 02:00,-64.83355,-3.082078999999992
99,05/29/15 04:00,-64.833707,-3.0820869999999934
99,05/29/15 06:00,-64.834385,-3.0818009999999973
99,05/29/15 08:00,-64.834424,-3.081806000000001
99,05/29/15 10:00,-64.834332,-3.081760999999997
99,05/29/15 12:00,-64.83445,-3.0817809999999928
99,05/29/15 14:00,-64.834432,-3.0816699999999955
99,05/29/15 16:00,-64.834307,-3.081598999999993
99,05/29/15 18:00,-64.832465,-3.0798400000000017
99,05/29/15 20:00,-64.832338,-3.0798270000000016
99,05/29/15 22:00,-64.829548,-3.079431999999992
99,05/30/15 00:00,-64.829562,-3.079475999999996
99,05/30/15 02:00,-64.829577,-3.0794889999999944
99,05/30/15 04:00,-64.828866,-3.0786559999999965
99,05/30/15 06:00,-64.828978,-3.078630000000006
99,05/30/15 08:00,-64.829133,-3.078688000000002
99,05/30/15 10:00,-64.82906,-3.0786260000000034
99,05/30/15 12:00,-64.829133,-3.078645999999997
99,05/30/15 14:00,-64.829108,-3.0786579999999946
99,05/30/15 16:00,-64.829175,-3.078646000000003
99,05/30/15 18:00,-64.829068,-3.0786680000000075
99,05/30/15 20:00,-64.824048,-3.080945999999994
99,05/30/15 22:00,-64.824094,-3.0809289999999923
99,05/31/15 00:00,-64.823743,-3.081014999999992
99,05/31/15 02:00,-64.82399,-3.0809649999999915
99,05/31/15 04:00,-64.824756,-3.080423999999999
99,05/31/15 06:00,-64.824096,-3.0808059999999946
99,05/31/15 08:00,-64.823987,-3.081021999999996
99,05/31/15 10:00,-64.823998,-3.0808619999999967
99,05/31/15 12:00,-64.824038,-3.080848000000004
99,05/31/15 14:00,-64.85768992289188,-3.065426435021848
99,05/31/15 16:00,-64.823993,-3.080985999999995
99,05/31/15 18:00,-64.824065,-3.080998000000002
99,05/31/15 20:00,-64.824134,-3.080940000000004
99,05/31/15 22:00,-64.82403,-3.080939999999996
99,06/01/15 00:00,-64.823998,-3.0808879999999945
99,06/01/15 02:00,-64.85765136719942,-3.0653993753643274
99,06/01/15 04:00,-64.820999,-3.0786729999999936
99,06/01/15 06:00,-64.82088,-3.0786450000000016
99,06/01/15 08:00,-64.821043,-3.078745000000004
99,06/01/15 10:00,-64.82121400000001,-3.078870999999994
99,06/01/15 12:00,-64.820986,-3.078657000000008
99,06/01/15 14:00,-64.821077,-3.078732000000005
99,06/01/15 16:00,-64.821016,-3.078613999999993
99,06/01/15 18:00,-64.85764663552631,-3.0654265104980376
99,06/01/15 20:00,-64.820515,-3.0778229999999978
99,06/01/15 22:00,-64.820565,-3.073072000000006
99,06/02/15 00:00,-64.85764618255952,-3.065489807349726
99,06/02/15 02:00,-64.829582,-3.0795160000000044
99,06/02/15 04:00,-64.828505,-3.083480000000004
99,06/02/15 06:00,-64.828479,-3.0833769999999974
99,06/02/15 08:00,-64.828419,-3.0833099999999938
99,06/02/15 10:00,-64.828509,-3.083354999999998
99,06/02/15 12:00,-64.828404,-3.0834740000000003
99,06/02/15 14:00,-64.828442,-3.0833379999999915
99,06/02/15 16:00,-64.82828,-3.0832719999999934
99,06/02/15 18:00,-64.85778074512537,-3.0654443612455187
99,06/02/15 20:00,-64.825413,-3.0887909999999934
99,06/02/15 22:00,-64.824234,-3.088843999999996
99,06/03/15 00:00,-64.824209,-3.0888440000000075
99,06/03/15 02:00,-64.822021,-3.088399000000003
99,06/03/15 04:00,-64.819933,-3.0900109999999965
99,06/03/15 06:00,-64.819748,-3.0896129999999964
99,06/03/15 08:00,-64.819744,-3.0898010000000067
99,06/03/15 10:00,-64.819678,-3.0899650000000065
99,06/03/15 12:00,-64.81992,-3.089414000000004
99,06/03/15 14:00,-64.819663,-3.089824000000001
99,06/03/15 16:00,-64.819744,-3.0897570000000045
99,06/03/15 18:00,-64.820267,-3.086936000000001
99,06/03/15 20:00,-64.82121,-3.086593999999997
99,06/03/15 22:00,-64.82121400000001,-3.086552999999994
99,06/04/15 00:00,-64.821156,-3.0865939999999923
99,06/04/15 02:00,-64.821158,-3.0866160000000007
99,06/04/15 04:00,-64.821131,-3.086584999999997
99,06/04/15 06:00,-64.821135,-3.0865550000000046
99,06/04/15 08:00,-64.821087,-3.086596000000002
99,06/04/15 10:00,-64.821079,-3.086496999999995
99,06/04/15 12:00,-64.821177,-3.086534000000003
99,06/04/15 14:00,-64.821099,-3.086561
99,06/04/15 16:00,-64.821243,-3.086535
99,06/04/15 18:00,-64.821077,-3.084062999999996
99,06/04/15 20:00,-64.821702,-3.081628999999999
99,06/04/15 22:00,-64.821635,-3.081193000000003
99,06/05/15 00:00,-64.821495,-3.081675000000002
99,06/05/15 02:00,-64.82146,-3.081693999999993
99,06/05/15 04:00,-64.821348,-3.081646999999993
99,06/05/15 06:00,-64.821496,-3.0816869999999925
99,06/05/15 08:00,-64.82142500000002,-3.081708000000008
99,06/05/15 10:00,-64.821407,-3.081687000000002
99,06/05/15 12:00,-64.821416,-3.0816469999999945
99,06/05/15 14:00,-64.821431,-3.0817339999999964
99,06/05/15 16:00,-64.821489,-3.0817099999999944
99,06/05/15 18:00,-64.821897,-3.0816700000000004
99,06/05/15 20:00,-64.85770007321877,-3.0654445019119736
99,06/05/15 22:00,-64.821655,-3.081523000000003
99,06/06/15 00:00,-64.85760019380352,-3.065390422293032
99,06/06/15 02:00,-64.817112,-3.080347999999999
99,06/06/15 04:00,-64.816886,-3.079451000000008
99,06/06/15 06:00,-64.817641,-3.081438
99,06/06/15 08:00,-64.818562,-3.080872999999998
99,06/06/15 10:00,-64.818557,-3.080934999999997
99,06/06/15 12:00,-64.818582,-3.080877000000007
99,06/06/15 14:00,-64.818566,-3.080938000000007
99,06/06/15 16:00,-64.818611,-3.080942000000008
99,06/06/15 18:00,-64.818627,-3.080910999999995
99,06/06/15 20:00,-64.85761187464747,-3.065318063569152
99,06/06/15 22:00,-64.818351,-3.0839459999999947
99,06/07/15 00:00,-64.818325,-3.083913000000006
99,06/07/15 02:00,-64.818351,-3.083943999999994
99,06/07/15 04:00,-64.81829,-3.0840020000000026
99,06/07/15 06:00,-64.818414,-3.083955000000004
99,06/07/15 08:00,-64.818321,-3.083964999999999
99,06/07/15 10:00,-64.818322,-3.0840180000000053
99,06/07/15 12:00,-64.818363,-3.084044999999993
99,06/07/15 14:00,-64.818375,-3.0839650000000005
99,06/07/15 16:00,-64.818361,-3.083849999999994
99,06/07/15 18:00,-64.821503,-3.081599000000007
99,06/07/15 20:00,-64.827398,-3.079558000000004
99,06/07/15 22:00,-64.827572,-3.0794920000000032
99,06/08/15 00:00,-64.82774,-3.0794900000000065
99,06/08/15 02:00,-64.827712,-3.079443999999995
99,06/08/15 04:00,-64.83137,-3.0756130000000006
99,06/08/15 06:00,-64.831354,-3.075516
99,06/08/15 08:00,-64.83148,-3.0755330000000045
99,06/08/15 10:00,-64.83146,-3.0754750000000017
99,06/08/15 12:00,-64.831413,-3.075509000000007
99,06/08/15 14:00,-64.831336,-3.075541
99,06/08/15 16:00,-64.8315,-3.075566000000002
99,06/08/15 18:00,-64.85774226719319,-3.065625274220772
99,06/08/15 20:00,-64.833942,-3.072291
99,06/08/15 22:00,-64.833845,-3.0724079999999967
99,06/09/15 00:00,-64.834479,-3.072657999999993
99,06/09/15 02:00,-64.838096,-3.073194999999992
99,06/09/15 04:00,-64.837765,-3.0730529999999923
99,06/09/15 06:00,-64.838191,-3.073287000000004
99,06/09/15 08:00,-64.838086,-3.073221
99,06/09/15 10:00,-64.838314,-3.0732599999999923
99,06/09/15 12:00,-64.83802,-3.073136000000006
99,06/09/15 14:00,-64.838281,-3.073242999999996
99,06/09/15 16:00,-64.838061,-3.073135000000004
99,06/09/15 18:00,-64.85784419226361,-3.065724561708593
99,06/09/15 20:00,-64.839794,-3.0805459999999982
99,06/09/15 22:00,-64.83979900000001,-3.080586000000008
99,06/10/15 00:00,-64.839902,-3.0806389999999984
99,06/10/15 02:00,-64.83988300000001,-3.080598000000007
99,06/10/15 04:00,-64.835879,-3.083511999999996
99,06/10/15 06:00,-64.835778,-3.083621000000002
99,06/10/15 08:00,-64.835883,-3.083659999999997
99,06/10/15 10:00,-64.835851,-3.083665999999996
99,06/10/15 12:00,-64.835845,-3.083604
99,06/10/15 14:00,-64.835817,-3.0835999999999952
99,06/10/15 16:00,-64.835873,-3.083635999999999
99,06/10/15 18:00,-64.832565,-3.0819050000000066
99,06/10/15 20:00,-64.832517,-3.0817319999999984
99,06/10/15 22:00,-64.832068,-3.082339000000008
99,06/11/15 00:00,-64.831361,-3.0826480000000043
99,06/11/15 02:00,-64.831326,-3.082640999999992
99,06/11/15 04:00,-64.831988,-3.083397000000001
99,06/11/15 06:00,-64.8319,-3.0834490000000003
99,06/11/15 08:00,-64.831973,-3.0834110000000026
99,06/11/15 10:00,-64.831977,-3.0834390000000056
99,06/11/15 12:00,-64.83196000000001,-3.083415000000005
99,06/11/15 14:00,-64.83194,-3.0834039999999927
99,06/11/15 16:00,-64.832005,-3.0833979999999923
99,06/11/15 18:00,-64.831922,-3.083470000000008
99,06/11/15 20:00,-64.831755,-3.0773480000000064
99,06/11/15 22:00,-64.83334400000001,-3.075618000000001
99,06/12/15 00:00,-64.85777148462036,-3.0656161809774245
99,06/12/15 02:00,-64.833867,-3.072265000000004
99,06/12/15 04:00,-64.833891,-3.0723769999999977
99,06/12/15 06:00,-64.833887,-3.071708000000005
99,06/12/15 08:00,-64.833827,-3.0723040000000026
99,06/12/15 10:00,-64.8339,-3.072289999999995
99,06/12/15 12:00,-64.833903,-3.072278999999995
99,06/12/15 14:00,-64.833908,-3.072214
99,06/12/15 16:00,-64.85770222780134,-3.0657157669826907
99,06/12/15 18:00,-64.837995,-3.063690000000004
99,06/12/15 20:00,-64.837864,-3.063568999999999
99,06/12/15 22:00,-64.838891,-3.062173999999996
99,06/13/15 00:00,-64.839674,-3.061854999999994
99,06/13/15 02:00,-64.839766,-3.0619039999999926
99,06/13/15 04:00,-64.839326,-3.062629000000007
99,06/13/15 06:00,-64.839503,-3.0627789999999915
99,06/13/15 08:00,-64.839403,-3.062737000000001
99,06/13/15 10:00,-64.839237,-3.0627009999999952
99,06/13/15 12:00,-64.83941,-3.0627549999999992
99,06/13/15 14:00,-64.839271,-3.0627729999999973
99,06/13/15 16:00,-64.840297,-3.063123000000003
99,06/13/15 18:00,-64.840239,-3.062974
99,06/13/15 20:00,-64.840236,-3.063009999999998
99,06/13/15 22:00,-64.85766723236758,-3.06579720865692
99,06/14/15 00:00,-64.838824,-3.067936
99,06/14/15 02:00,-64.838834,-3.0678820000000018
99,06/14/15 04:00,-64.838834,-3.067910000000001
99,06/14/15 06:00,-64.838726,-3.0676520000000003
99,06/14/15 08:00,-64.837426,-3.0679990000000084
99,06/14/15 10:00,-64.837618,-3.0681409999999967
99,06/14/15 12:00,-64.837614,-3.068206999999997
99,06/14/15 14:00,-64.837413,-3.068114000000006
99,06/14/15 16:00,-64.837434,-3.068112000000005
99,06/14/15 18:00,-64.837641,-3.067774999999993
99,06/14/15 20:00,-64.837406,-3.068109999999992
99,06/14/15 22:00,-64.837318,-3.067971000000005
99,06/15/15 00:00,-64.837406,-3.0680089999999947
99,06/15/15 02:00,-64.837629,-3.068139999999991
99,06/15/15 04:00,-64.838864,-3.0675190000000065
99,06/15/15 06:00,-64.83944700000002,-3.0686189999999978
99,06/15/15 08:00,-64.839383,-3.068670999999994
99,06/15/15 10:00,-64.839288,-3.0687049999999934
99,06/15/15 12:00,-64.83939,-3.068623000000004
99,06/15/15 14:00,-64.839317,-3.068637
99,06/15/15 16:00,-64.8577624896122,-3.0657789579536456
99,06/15/15 18:00,-64.840218,-3.071527000000001
99,06/15/15 20:00,-64.840139,-3.071542999999992
99,06/15/15 22:00,-64.840039,-3.071563000000008
99,06/16/15 00:00,-64.840146,-3.071527000000005
99,06/16/15 02:00,-64.840087,-3.071529999999994
99,06/16/15 04:00,-64.840136,-3.071468000000007
99,06/16/15 06:00,-64.840066,-3.0716069999999984
99,06/16/15 08:00,-64.840134,-3.071499000000008
99,06/16/15 10:00,-64.840052,-3.071649000000006
99,06/16/15 12:00,-64.840096,-3.0716089999999974
99,06/16/15 14:00,-64.840043,-3.071559000000001
99,06/16/15 16:00,-64.840102,-3.071515000000004
99,06/16/15 18:00,-64.840071,-3.071736999999996
99,06/16/15 20:00,-64.840126,-3.071574000000007
99,06/16/15 22:00,-64.840033,-3.071584999999993
99,06/17/15 00:00,-64.839996,-3.071561999999996
99,06/17/15 02:00,-64.84012,-3.071570999999999
99,06/17/15 04:00,-64.840078,-3.0715140000000045
99,06/17/15 06:00,-64.840049,-3.0714559999999995
99,06/17/15 08:00,-64.840095,-3.0716270000000065
99,06/17/15 10:00,-64.839859,-3.071836999999992
99,06/17/15 12:00,-64.840035,-3.071549999999996
99,06/17/15 14:00,-64.840063,-3.071603999999997
99,06/17/15 16:00,-64.84004,-3.071565000000005
99,06/17/15 18:00,-64.839971,-3.0715280000000047
99,06/17/15 20:00,-64.84003,-3.0715320000000026
99,06/17/15 22:00,-64.840154,-3.071635999999992
99,06/18/15 00:00,-64.840099,-3.071575000000005
99,06/18/15 02:00,-64.840011,-3.0714750000000057
99,06/18/15 04:00,-64.840088,-3.0715990000000004
99,06/18/15 06:00,-64.84009,-3.071620000000004
99,06/18/15 08:00,-64.84012,-3.071656000000009
99,06/18/15 10:00,-64.84005,-3.0715240000000046
99,06/18/15 12:00,-64.839569,-3.070704000000002
99,06/18/15 14:00,-64.839686,-3.070768999999992
99,06/18/15 16:00,-64.839573,-3.070992
99,06/18/15 18:00,-64.839621,-3.0705380000000067
99,06/18/15 20:00,-64.839668,-3.070770999999998
99,06/18/15 22:00,-64.839527,-3.0708169999999937
99,06/19/15 00:00,-64.839336,-3.070834000000004
99,06/19/15 02:00,-64.839601,-3.070784
99,06/19/15 04:00,-64.839586,-3.0707940000000047
99,06/19/15 06:00,-64.837626,-3.066934999999998
99,06/19/15 08:00,-64.837669,-3.066984000000008
99,06/19/15 10:00,-64.8378,-3.0669150000000065
99,06/19/15 12:00,-64.837652,-3.066902
99,06/19/15 14:00,-64.837786,-3.0668990000000007
99,06/19/15 16:00,-64.837671,-3.0668640000000056
99,06/19/15 18:00,-64.837487,-3.066825000000007
99,06/19/15 20:00,-64.837784,-3.066943999999996
99,06/19/15 22:00,-64.837931,-3.0667729999999955
99,06/20/15 00:00,-64.837764,-3.0668589999999982
99,06/20/15 02:00,-64.83761,-3.066874000000002
99,06/20/15 04:00,-64.837783,-3.0668839999999937
99,06/20/15 06:00,-64.838109,-3.066614999999994
99,06/20/15 08:00,-64.83806500000001,-3.066586000000006
99,06/20/15 10:00,-64.838081,-3.0665249999999955
99,06/20/15 12:00,-64.85768009995272,-3.0657610170407894
99,06/20/15 14:00,-64.838057,-3.066581000000002
99,06/20/15 16:00,-64.838237,-3.0664639999999967
99,06/20/15 18:00,-64.838125,-3.0665639999999983
99,06/20/15 20:00,-64.838166,-3.0666010000000075
99,06/20/15 22:00,-64.838226,-3.062975000000004
99,06/21/15 00:00,-64.83819400000002,-3.062991000000005
99,06/21/15 02:00,-64.838079,-3.0628359999999963
99,06/21/15 04:00,-64.83573,-3.066403999999997
99,06/21/15 06:00,-64.83551200000001,-3.0664869999999977
99,06/21/15 08:00,-64.835408,-3.066566999999997
99,06/21/15 10:00,-64.835359,-3.066386
99,06/21/15 12:00,-64.835458,-3.066634000000007
99,06/21/15 14:00,-64.835407,-3.0665669999999965
99,06/21/15 16:00,-64.835692,-3.0667600000000044
99,06/21/15 18:00,-64.835612,-3.066647000000005
99,06/21/15 20:00,-64.835476,-3.0665959999999988
99,06/21/15 22:00,-64.83572300000002,-3.0665779999999976
99,06/22/15 00:00,-64.835577,-3.0665660000000043
99,06/22/15 02:00,-64.835602,-3.066597999999999
99,06/22/15 04:00,-64.85767525906518,-3.065724856304898
99,06/22/15 06:00,-64.836005,-3.0688339999999923
99,06/22/15 08:00,-64.835965,-3.0689019999999987
99,06/22/15 10:00,-64.836075,-3.0687620000000027
99,06/22/15 12:00,-64.85767778884697,-3.065724851893503
99,06/22/15 14:00,-64.836309,-3.0687800000000003
99,06/22/15 16:00,-64.836264,-3.068811999999993
99,06/22/15 18:00,-64.836356,-3.068751999999999
99,06/22/15 20:00,-64.836261,-3.0687080000000053
99,06/22/15 22:00,-64.836282,-3.0687089999999992
99,06/23/15 00:00,-64.836178,-3.0687559999999934
99,06/23/15 02:00,-64.836512,-3.0690669999999964
99,06/23/15 04:00,-64.835486,-3.071439000000004
99,06/23/15 06:00,-64.835316,-3.0714299999999968
99,06/23/15 08:00,-64.835469,-3.071459999999992
99,06/23/15 10:00,-64.835524,-3.071475000000008
99,06/23/15 12:00,-64.835432,-3.071412000000008
99,06/23/15 14:00,-64.8577541976633,-3.0656975917682563
99,06/23/15 16:00,-64.835466,-3.0714579999999967
99,06/23/15 18:00,-64.835476,-3.071404999999995
99,06/23/15 20:00,-64.839219,-3.0738270000000085
99,06/23/15 22:00,-64.841777,-3.076200000000005
99,06/24/15 00:00,-64.841741,-3.076216000000001
99,06/24/15 02:00,-64.84174400000002,-3.0761859999999994
99,06/24/15 04:00,-64.842655,-3.074553000000002
99,06/24/15 06:00,-64.84273,-3.074515999999998
99,06/24/15 08:00,-64.85784263057589,-3.065796902780124
99,06/24/15 10:00,-64.84171,-3.0711050000000024
99,06/24/15 12:00,-64.84075,-3.0692459999999966
99,06/24/15 14:00,-64.840822,-3.0692660000000083
99,06/24/15 16:00,-64.840894,-3.0693010000000056
99,06/24/15 18:00,-64.840766,-3.0692529999999976
99,06/24/15 20:00,-64.837984,-3.069086
99,06/24/15 22:00,-64.837469,-3.068133
99,06/25/15 00:00,-64.837366,-3.0680349999999974
99,06/25/15 02:00,-64.837463,-3.068195999999996
99,06/25/15 04:00,-64.834756,-3.066171
99,06/25/15 06:00,-64.835016,-3.066111999999993
99,06/25/15 08:00,-64.834941,-3.066123000000005
99,06/25/15 10:00,-64.83486,-3.0660550000000018
99,06/25/15 12:00,-64.834922,-3.066020000000002
99,06/25/15 14:00,-64.834919,-3.0660420000000013
99,06/25/15 16:00,-64.834894,-3.0661129999999983
99,06/25/15 18:00,-64.834882,-3.066239999999995
99,06/25/15 20:00,-64.834523,-3.066748000000008
99,06/25/15 22:00,-64.834502,-3.066798000000001
99,06/26/15 00:00,-64.83446,-3.066852000000005
99,06/26/15 02:00,-64.831163,-3.0712680000000048
99,06/26/15 04:00,-64.831051,-3.071201000000003
99,06/26/15 06:00,-64.85765175723175,-3.0656254320472915
99,06/26/15 08:00,-64.831475,-3.072213000000008
99,06/26/15 10:00,-64.831389,-3.0721870000000053
99,06/26/15 12:00,-64.831392,-3.072187999999993
99,06/26/15 14:00,-64.831886,-3.072082999999996
99,06/26/15 16:00,-64.8308,-3.073340000000007
99,06/26/15 18:00,-64.830932,-3.0733239999999933
99,06/26/15 20:00,-64.830782,-3.073496999999997
99,06/26/15 22:00,-64.830889,-3.073360000000008
99,06/27/15 00:00,-64.85769807415173,-3.0655891821061627
99,06/27/15 02:00,-64.829654,-3.075235999999992
99,06/27/15 04:00,-64.83149,-3.075512000000001
99,06/27/15 06:00,-64.83259,-3.0776009999999934
99,06/27/15 08:00,-64.83260500000002,-3.0777649999999976
99,06/27/15 10:00,-64.83254,-3.0776769999999933
99,06/27/15 12:00,-64.832831,-3.0778029999999954
99,06/27/15 14:00,-64.832741,-3.077696999999998
99,06/27/15 16:00,-64.8577703290675,-3.0655980984046938
99,06/27/15 18:00,-64.832625,-3.077576000000007
99,06/27/15 20:00,-64.8327,-3.077471000000001
99,06/27/15 22:00,-64.831651,-3.0773589999999937
99,06/28/15 00:00,-64.831882,-3.077340999999993
99,06/28/15 02:00,-64.831782,-3.077312
99,06/28/15 04:00,-64.832568,-3.0799569999999994
99,06/28/15 06:00,-64.832454,-3.079845000000005
99,06/28/15 08:00,-64.832205,-3.079740000000004
99,06/28/15 10:00,-64.832468,-3.079897
99,06/28/15 12:00,-64.832457,-3.079840000000004
99,06/28/15 14:00,-64.832477,-3.0798510000000068
99,06/28/15 16:00,-64.8324,-3.079718999999992
99,06/28/15 18:00,-64.832526,-3.0798240000000083
99,06/28/15 20:00,-64.85803088073168,-3.065751362996016
99,06/28/15 22:00,-64.85790023777605,-3.06578776001947
99,06/29/15 00:00,-64.847955,-3.080172000000005
99,06/29/15 02:00,-64.847946,-3.0800400000000083
99,06/29/15 04:00,-64.847773,-3.0800550000000024
99,06/29/15 06:00,-64.845652,-3.084445000000004
99,06/29/15 08:00,-64.841629,-3.087107000000005
99,06/29/15 10:00,-64.841397,-3.0870330000000066
99,06/29/15 12:00,-64.85806768749823,-3.065742256507148
99,06/29/15 14:00,-64.841625,-3.087112
99,06/29/15 16:00,-64.841549,-3.087110000000003
99,06/29/15 18:00,-64.841722,-3.087063999999998
99,06/29/15 20:00,-64.841747,-3.0870169999999924
99,06/29/15 22:00,-64.841751,-3.087015999999998
99,06/30/15 00:00,-64.841829,-3.087045000000004
99,06/30/15 02:00,-64.84173,-3.087083000000004
99,06/30/15 04:00,-64.842699,-3.088893999999996
99,06/30/15 06:00,-64.84244,-3.0882699999999934
99,06/30/15 08:00,-64.84264,-3.088864000000004
99,06/30/15 10:00,-64.844067,-3.089453000000006
99,06/30/15 12:00,-64.842658,-3.088866999999996
99,06/30/15 14:00,-64.842697,-3.088885000000002
99,06/30/15 16:00,-64.84258,-3.0888790000000026
99,06/30/15 18:00,-64.842625,-3.0887340000000028
99,06/30/15 20:00,-64.842599,-3.088928000000001
99,06/30/15 22:00,-64.842598,-3.0888210000000056
99,07/01/15 00:00,-64.842301,-3.088282999999999
99,07/01/15 02:00,-64.842217,-3.0882150000000035
99,07/01/15 04:00,-64.835629,-3.092860999999999
99,07/01/15 06:00,-64.832535,-3.0914290000000024
99,07/01/15 08:00,-64.83253,-3.091537000000003
99,07/01/15 10:00,-64.832084,-3.0894710000000045
99,07/01/15 12:00,-64.830965,-3.0910479999999927
99,07/01/15 14:00,-64.830849,-3.091017000000001
99,07/01/15 16:00,-64.83088,-3.0910100000000083
99,07/01/15 18:00,-64.830846,-3.090940000000004
99,07/01/15 20:00,-64.830879,-3.0910009999999914
99,07/01/15 22:00,-64.830811,-3.0909700000000013
99,07/02/15 00:00,-64.83081,-3.090841000000001
99,07/02/15 02:00,-64.830825,-3.0909699999999964
99,07/02/15 04:00,-64.830885,-3.0909670000000067
99,07/02/15 06:00,-64.83083400000001,-3.091066000000001
99,07/02/15 08:00,-64.830733,-3.0910059999999944
99,07/02/15 10:00,-64.830819,-3.090865000000001
99,07/02/15 12:00,-64.830829,-3.090939000000005
99,07/02/15 14:00,-64.830877,-3.090971999999998
99,07/02/15 16:00,-64.85798639119072,-3.065543467856677
99,07/02/15 18:00,-64.833125,-3.089595000000007
99,07/02/15 20:00,-64.833102,-3.0895730000000063
99,07/02/15 22:00,-64.833105,-3.089509000000006
99,07/03/15 00:00,-64.83315,-3.089511999999996
99,07/03/15 02:00,-64.83325000000002,-3.089508000000003
99,07/03/15 04:00,-64.839159,-3.0896540000000043
99,07/03/15 06:00,-64.85804905774039,-3.065697077538032
99,07/03/15 08:00,-64.839596,-3.0859260000000064
99,07/03/15 10:00,-64.85794311922336,-3.065715346888127
99,07/03/15 12:00,-64.839598,-3.0839379999999967
99,07/03/15 14:00,-64.839533,-3.083826000000003
99,07/03/15 16:00,-64.839332,-3.084018000000004
99,07/03/15 18:00,-64.839514,-3.083835000000006
99,07/03/15 20:00,-64.838572,-3.082586000000002
99,07/03/15 22:00,-64.836697,-3.082042000000001
99,07/04/15 00:00,-64.839104,-3.079768000000002
99,07/04/15 02:00,-64.839124,-3.079722999999995
99,07/04/15 04:00,-64.85793103249004,-3.0657153679676803
99,07/04/15 06:00,-64.839097,-3.0797559999999944
99,07/04/15 08:00,-64.839306,-3.079516000000002
99,07/04/15 10:00,-64.839195,-3.0797039999999924
99,07/04/15 12:00,-64.85789673989733,-3.065715427774039
99,07/04/15 14:00,-64.838854,-3.080144999999992
99,07/04/15 16:00,-64.838834,-3.0801320000000003
99,07/04/15 18:00,-64.83884,-3.080127000000006
99,07/04/15 20:00,-64.838807,-3.0800449999999926
99,07/04/15 22:00,-64.838827,-3.080109999999992
99,07/05/15 00:00,-64.838958,-3.0801780000000067
99,07/05/15 02:00,-64.838797,-3.080235000000004
99,07/05/15 04:00,-64.838882,-3.080143999999992
99,07/05/15 06:00,-64.838866,-3.079997999999992
99,07/05/15 08:00,-64.838808,-3.0801320000000016
99,07/05/15 10:00,-64.83887,-3.0802140000000047
99,07/05/15 12:00,-64.838826,-3.0801959999999915
99,07/05/15 14:00,-64.838852,-3.0801089999999944
99,07/05/15 16:00,-64.838844,-3.080135000000002
99,07/05/15 18:00,-64.838936,-3.080204
99,07/05/15 20:00,-64.838751,-3.080143000000006
99,07/05/15 22:00,-64.838834,-3.080108999999994
99,07/06/15 00:00,-64.838862,-3.0801780000000054
99,07/06/15 02:00,-64.838882,-3.0800639999999944
99,07/06/15 04:00,-64.841483,-3.077964000000006
99,07/06/15 06:00,-64.841539,-3.0780429999999965
99,07/06/15 08:00,-64.841668,-3.078065999999993
99,07/06/15 10:00,-64.841732,-3.077948999999996
99,07/06/15 12:00,-64.841532,-3.077950000000002
99,07/06/15 14:00,-64.841584,-3.077981999999996
99,07/06/15 16:00,-64.841598,-3.0779369999999995
99,07/06/15 18:00,-64.841591,-3.077992
99,07/06/15 20:00,-64.85798823356237,-3.065796648841262
99,07/06/15 22:00,-64.843121,-3.078616000000008
99,07/07/15 00:00,-64.843111,-3.0786879999999948
99,07/07/15 02:00,-64.849545,-3.078979000000004
99,07/07/15 04:00,-64.849587,-3.0790549999999977
99,07/07/15 06:00,-64.849589,-3.0790670000000047
99,07/07/15 08:00,-64.849542,-3.0790279999999925
99,07/07/15 10:00,-64.84953,-3.079037999999992
99,07/07/15 12:00,-64.849599,-3.0790449999999985
99,07/07/15 14:00,-64.84958500000002,-3.079033000000001
99,07/07/15 16:00,-64.849619,-3.0790519999999946
99,07/07/15 18:00,-64.849541,-3.0790109999999924
99,07/07/15 20:00,-64.849767,-3.0789769999999947
99,07/07/15 22:00,-64.85532,-3.081631999999999
99,07/08/15 00:00,-64.857888,-3.082108999999998
99,07/08/15 02:00,-64.867175,-3.085550000000008
99,07/08/15 04:00,-64.867229,-3.0856660000000056
99,07/08/15 06:00,-64.867095,-3.085695999999991
99,07/08/15 08:00,-64.867158,-3.085663999999998
99,07/08/15 10:00,-64.86712,-3.085931999999995
99,07/08/15 12:00,-64.867374,-3.087033000000001
99,07/08/15 14:00,-64.867502,-3.087026999999992
99,07/08/15 16:00,-64.870839,-3.0862200000000013
99,07/08/15 18:00,-64.87064,-3.0863189999999925
99,07/08/15 20:00,-64.870815,-3.086157
99,07/08/15 22:00,-64.87076,-3.0862129999999985
99,07/09/15 00:00,-64.870738,-3.0862100000000017
99,07/09/15 02:00,-64.870838,-3.086189999999996
99,07/09/15 04:00,-64.85858499620183,-3.0662929337807814
99,07/09/15 06:00,-64.871539,-3.085865000000002
99,07/09/15 08:00,-64.87143,-3.085982999999998
99,07/09/15 10:00,-64.871457,-3.085843999999996
99,07/09/15 12:00,-64.871535,-3.085918000000007
99,07/09/15 14:00,-64.871308,-3.085929000000007
99,07/09/15 16:00,-64.871415,-3.0859149999999933
99,07/09/15 18:00,-64.871566,-3.083909000000003
99,07/09/15 20:00,-64.87255,-3.084330999999997
99,07/09/15 22:00,-64.872654,-3.0843460000000023
99,07/10/15 00:00,-64.872629,-3.0842389999999984
99,07/10/15 02:00,-64.872814,-3.084288000000006
99,07/10/15 04:00,-64.873006,-3.084518999999994
99,07/10/15 06:00,-64.872928,-3.0844290000000028
99,07/10/15 08:00,-64.872799,-3.0848449999999974
99,07/10/15 10:00,-64.874679,-3.083043000000008
99,07/10/15 12:00,-64.87466,-3.083048
99,07/10/15 14:00,-64.8747,-3.082977000000005
99,07/10/15 16:00,-64.874694,-3.083060000000005
99,07/10/15 18:00,-64.873731,-3.082440000000004
99,07/10/15 20:00,-64.873477,-3.0823130000000023
99,07/10/15 22:00,-64.87351,-3.082358999999998
99,07/11/15 00:00,-64.873719,-3.0825710000000064
99,07/11/15 02:00,-64.8584909882238,-3.066383520717748
99,07/11/15 04:00,-64.872913,-3.070165000000007
99,07/11/15 06:00,-64.872771,-3.069582000000007
99,07/11/15 08:00,-64.872752,-3.0695639999999926
99,07/11/15 10:00,-64.872692,-3.069570000000001
99,07/11/15 12:00,-64.872742,-3.0695920000000005
99,07/11/15 14:00,-64.871958,-3.070087000000008
99,07/11/15 16:00,-64.872786,-3.0696029999999985
99,07/11/15 18:00,-64.873979,-3.066558000000003
99,07/11/15 20:00,-64.874051,-3.066445000000007
99,07/11/15 22:00,-64.885764,-3.062785999999993
99,07/12/15 00:00,-64.887135,-3.064407000000004
99,07/12/15 02:00,-64.887144,-3.0641599999999984
99,07/12/15 04:00,-64.85833139322908,-3.066582729586382
99,07/12/15 06:00,-64.887037,-3.0639799999999955
99,07/12/15 08:00,-64.85827709660431,-3.0665556974529524
99,07/12/15 10:00,-64.880438,-3.0600580000000046
99,07/12/15 12:00,-64.880377,-3.059829
99,07/12/15 14:00,-64.880393,-3.060062999999994
99,07/12/15 16:00,-64.88038,-3.0600439999999955
99,07/12/15 18:00,-64.880327,-3.060301999999996
99,07/12/15 20:00,-64.881722,-3.058199999999996
99,07/12/15 22:00,-64.85827892363504,-3.066637074885396
99,07/13/15 00:00,-64.885123,-3.058906000000003
99,07/13/15 02:00,-64.885074,-3.0588449999999985
99,07/13/15 04:00,-64.885027,-3.058845000000007
99,07/13/15 06:00,-64.85829756905298,-3.066691296097668
99,07/13/15 08:00,-64.885027,-3.058961999999995
99,07/13/15 10:00,-64.885135,-3.0588590000000075
99,07/13/15 12:00,-64.885021,-3.0589500000000065
99,07/13/15 14:00,-64.885093,-3.0588929999999914
99,07/13/15 16:00,-64.88511500000001,-3.058857000000005
99,07/13/15 18:00,-64.88494,-3.058883000000008
99,07/13/15 20:00,-64.884417,-3.0600060000000044
99,07/13/15 22:00,-64.884473,-3.059925000000008
99,07/14/15 00:00,-64.884238,-3.059968000000004
99,07/14/15 02:00,-64.884475,-3.0599580000000035
99,07/14/15 04:00,-64.883607,-3.0590619999999924
99,07/14/15 06:00,-64.887159,-3.059805000000006
99,07/14/15 08:00,-64.886997,-3.0598079999999914
99,07/14/15 10:00,-64.887052,-3.059866999999998
99,07/14/15 12:00,-64.887076,-3.059860999999996
99,07/14/15 14:00,-64.887162,-3.0599900000000027
99,07/14/15 16:00,-64.886888,-3.0598149999999937
99,07/14/15 18:00,-64.887213,-3.0599270000000014
99,07/14/15 20:00,-64.887163,-3.059854999999995
99,07/14/15 22:00,-64.887246,-3.0599390000000053
99,07/15/15 00:00,-64.887127,-3.059845999999997
99,07/15/15 02:00,-64.887057,-3.0598570000000005
99,07/15/15 04:00,-64.88715200000001,-3.059819
99,07/15/15 06:00,-64.887038,-3.060031999999994
99,07/15/15 08:00,-64.887072,-3.059834999999992
99,07/15/15 10:00,-64.887204,-3.0595939999999984
99,07/15/15 12:00,-64.85831363785178,-3.06671839493169
99,07/15/15 14:00,-64.8873,-3.0598930000000006
99,07/15/15 16:00,-64.887095,-3.0599129999999923
99,07/15/15 18:00,-64.887168,-3.059873999999997
99,07/15/15 20:00,-64.879391,-3.0640309999999946
99,07/15/15 22:00,-64.8582015779588,-3.066447321718057
99,07/16/15 00:00,-64.85819050629392,-3.066384044993231
99,07/16/15 02:00,-64.877503,-3.064387000000003
99,07/16/15 04:00,-64.879545,-3.0693140000000083
99,07/16/15 06:00,-64.879275,-3.069430999999996
99,07/16/15 08:00,-64.85824947211097,-3.066347772952101
99,07/16/15 10:00,-64.85823418414434,-3.0662845035846376
99,07/16/15 12:00,-64.8582652598117,-3.066374872281307
99,07/16/15 14:00,-64.884911,-3.0660559999999943
99,07/16/15 16:00,-64.886355,-3.064389999999994
99,07/16/15 18:00,-64.886229,-3.064469999999993
99,07/16/15 20:00,-64.886361,-3.064455000000001
99,07/16/15 22:00,-64.886315,-3.064597999999996
99,07/17/15 00:00,-64.886351,-3.0644310000000017
99,07/17/15 02:00,-64.886279,-3.0644999999999984
99,07/17/15 04:00,-64.886346,-3.064395000000001
99,07/17/15 06:00,-64.886427,-3.0644129999999974
99,07/17/15 08:00,-64.886444,-3.064367999999998
99,07/17/15 10:00,-64.88671800000002,-3.0635910000000064
99,07/17/15 12:00,-64.85829033891669,-3.0665737589296
99,07/17/15 14:00,-64.886681,-3.063666999999993
99,07/17/15 16:00,-64.85818949121901,-3.0664473428055703
99,07/17/15 18:00,-64.874765,-3.062147000000005
99,07/17/15 20:00,-64.85816249125914,-3.0664383476196475
99,07/17/15 22:00,-64.874501,-3.060415999999993
99,07/18/15 00:00,-64.874494,-3.060475000000003
99,07/18/15 02:00,-64.874419,-3.0604789999999937
99,07/18/15 04:00,-64.874497,-3.060470999999996
99,07/18/15 06:00,-64.874309,-3.060512999999994
99,07/18/15 08:00,-64.874519,-3.060481000000005
99,07/18/15 10:00,-64.874433,-3.060438999999997
99,07/18/15 12:00,-64.874305,-3.060415
99,07/18/15 14:00,-64.874504,-3.0604850000000035
99,07/18/15 16:00,-64.874432,-3.0605199999999955
99,07/18/15 18:00,-64.874403,-3.060409
99,07/18/15 20:00,-64.874488,-3.0604449999999934
99,07/18/15 22:00,-64.874399,-3.0606600000000075
99,07/19/15 00:00,-64.874438,-3.0604770000000032
99,07/19/15 02:00,-64.874441,-3.0605670000000003
99,07/19/15 04:00,-64.874489,-3.060416000000005
99,07/19/15 06:00,-64.874536,-3.0605460000000018
99,07/19/15 08:00,-64.874085,-3.060717999999993
99,07/19/15 10:00,-64.874497,-3.059902999999997
99,07/19/15 12:00,-64.874244,-3.059801999999995
99,07/19/15 14:00,-64.874291,-3.059818999999994
99,07/19/15 16:00,-64.874301,-3.059764999999999
99,07/19/15 18:00,-64.877094,-3.0613530000000044
99,07/19/15 20:00,-64.876984,-3.0615029999999983
99,07/19/15 22:00,-64.877222,-3.0612639999999915
99,07/20/15 00:00,-64.877003,-3.0612190000000017
99,07/20/15 02:00,-64.877068,-3.061222000000001
99,07/20/15 04:00,-64.877401,-3.061220000000008
99,07/20/15 06:00,-64.877613,-3.061625000000006
99,07/20/15 08:00,-64.877506,-3.061439000000005
99,07/20/15 10:00,-64.878907,-3.0630689999999965
99,07/20/15 12:00,-64.878903,-3.0629780000000024
99,07/20/15 14:00,-64.878597,-3.063045000000003
99,07/20/15 16:00,-64.87888,-3.063126000000005
99,07/20/15 18:00,-64.879861,-3.062905999999991
99,07/20/15 20:00,-64.879555,-3.063883999999995
99,07/20/15 22:00,-64.880077,-3.063727000000007
99,07/21/15 00:00,-64.8583277078735,-3.066564651435109
99,07/21/15 02:00,-64.880816,-3.0707969999999976
99,07/21/15 04:00,-64.880725,-3.070776000000004
99,07/21/15 06:00,-64.880946,-3.070873
99,07/21/15 08:00,-64.88083,-3.070685000000001
99,07/21/15 10:00,-64.85832185195474,-3.066429027288859
99,07/21/15 12:00,-64.880791,-3.071619999999993
99,07/21/15 14:00,-64.85827352070264,-3.066275392665124
99,07/21/15 16:00,-64.85825688974404,-3.0662482948064014
99,07/21/15 18:00,-64.881165,-3.0715299999999983
99,07/21/15 20:00,-64.85833104976615,-3.06638379978605
99,07/21/15 22:00,-64.876861,-3.0821999999999936
99,07/22/15 00:00,-64.876577,-3.082266000000005
99,07/22/15 02:00,-64.879218,-3.0872039999999927
99,07/22/15 04:00,-64.879338,-3.0871470000000065
99,07/22/15 06:00,-64.878493,-3.088175000000001
99,07/22/15 08:00,-64.879132,-3.086977000000008
99,07/22/15 10:00,-64.879163,-3.086973000000001
99,07/22/15 12:00,-64.85858391869388,-3.0663200625298583
99,07/22/15 14:00,-64.85846946949498,-3.066293135364007
99,07/22/15 16:00,-64.8791,-3.087193999999999
99,07/22/15 18:00,-64.878641,-3.0864670000000003
99,07/22/15 20:00,-64.878548,-3.0815879999999938
99,07/22/15 22:00,-64.85854565960405,-3.0664648059272044
99,07/23/15 00:00,-64.880838,-3.0737599999999965
99,07/23/15 02:00,-64.880733,-3.073715
99,07/23/15 04:00,-64.880113,-3.0787849999999986
99,07/23/15 06:00,-64.877877,-3.0778899999999974
99,07/23/15 08:00,-64.877614,-3.077912000000005
99,07/23/15 10:00,-64.8584761999074,-3.0664468425532307
99,07/23/15 12:00,-64.877933,-3.0778319999999977
99,07/23/15 14:00,-64.877844,-3.077799999999993
99,07/23/15 16:00,-64.85845371295314,-3.0664468817914945
99,07/23/15 18:00,-64.878004,-3.077696
99,07/23/15 20:00,-64.87770800000001,-3.077884999999993
99,07/23/15 22:00,-64.877423,-3.075589000000001
99,07/24/15 00:00,-64.879902,-3.0744649999999925
99,07/24/15 02:00,-64.85850527676786,-3.066519130135306
99,07/24/15 04:00,-64.885997,-3.0698280000000056
99,07/24/15 06:00,-64.885903,-3.070376000000002
99,07/24/15 08:00,-64.85849868681896,-3.0666095645350446
99,07/24/15 10:00,-64.885913,-3.070952999999997
99,07/24/15 12:00,-64.886128,-3.070986999999997
99,07/24/15 14:00,-64.886024,-3.070873000000002
99,07/24/15 16:00,-64.88922,-3.073132
99,07/24/15 18:00,-64.889301,-3.0732089999999936
99,07/24/15 20:00,-64.889184,-3.073298999999992
99,07/24/15 22:00,-64.889188,-3.073263999999992
99,07/25/15 00:00,-64.888803,-3.073318000000007
99,07/25/15 02:00,-64.88929,-3.0732150000000047
99,07/25/15 04:00,-64.889952,-3.0736520000000054
99,07/25/15 06:00,-64.889513,-3.073317000000004
99,07/25/15 08:00,-64.891531,-3.0691460000000066
99,07/25/15 10:00,-64.891496,-3.069040999999993
99,07/25/15 12:00,-64.891486,-3.069054999999996
99,07/25/15 14:00,-64.89154,-3.069083999999996
99,07/25/15 16:00,-64.891545,-3.069030999999992
99,07/25/15 18:00,-64.891534,-3.0690850000000043
99,07/25/15 20:00,-64.891497,-3.069084999999998
99,07/25/15 22:00,-64.891553,-3.069041999999994
99,07/26/15 00:00,-64.891536,-3.069088000000005
99,07/26/15 02:00,-64.891645,-3.069101000000001
99,07/26/15 04:00,-64.888682,-3.066869999999994
99,07/26/15 06:00,-64.888685,-3.066979000000007
99,07/26/15 08:00,-64.888625,-3.0668810000000035
99,07/26/15 10:00,-64.888616,-3.066796000000003
99,07/26/15 12:00,-64.888595,-3.066850000000001
99,07/26/15 14:00,-64.8583802243,-3.066537432927464
99,07/26/15 16:00,-64.85838072402373,-3.0665012628929627
99,07/26/15 18:00,-64.889738,-3.0689389999999936
99,07/26/15 20:00,-64.889702,-3.0687120000000045
99,07/26/15 22:00,-64.891131,-3.068442000000001
99,07/27/15 00:00,-64.85842874300369,-3.066636813459906
99,07/27/15 02:00,-64.899846,-3.0664159999999967
99,07/27/15 04:00,-64.85836873095958,-3.066555537563584
99,07/27/15 06:00,-64.85843878406745,-3.0665915844865186
99,07/27/15 08:00,-64.903668,-3.065279999999993
99,07/27/15 10:00,-64.903593,-3.0653010000000007
99,07/27/15 12:00,-64.903585,-3.065271000000008
99,07/27/15 14:00,-64.8584145637041,-3.066727261107149
99,07/27/15 16:00,-64.85848872382968,-3.0667000048215804
99,07/27/15 18:00,-64.903662,-3.0654060000000065
99,07/27/15 20:00,-64.90204,-3.065854000000008
99,07/27/15 22:00,-64.901931,-3.065796000000001
99,07/28/15 00:00,-64.90212,-3.065909
99,07/28/15 02:00,-64.90211,-3.065874999999997
99,07/28/15 04:00,-64.85838286337246,-3.0666007243568245
99,07/28/15 06:00,-64.85838681426252,-3.066446998522524
99,07/28/15 08:00,-64.85846790781767,-3.066528237634154
99,07/28/15 10:00,-64.898609,-3.077358000000008
99,07/28/15 12:00,-64.899249,-3.076321999999996
99,07/28/15 14:00,-64.89797,-3.0777559999999995
99,07/28/15 16:00,-64.898752,-3.077082999999998
99,07/28/15 18:00,-64.900665,-3.074580000000004
99,07/28/15 20:00,-64.8587448096946,-3.0668713613810583
99,07/28/15 22:00,-64.897732,-3.079276999999998
99,07/29/15 00:00,-64.897832,-3.079384999999997
99,07/29/15 02:00,-64.898737,-3.0771239999999938
99,07/29/15 04:00,-64.898628,-3.0773379999999992
99,07/29/15 06:00,-64.893584,-3.079287000000003
99,07/29/15 08:00,-64.893463,-3.079390999999999
99,07/29/15 10:00,-64.8585582928691,-3.066618502807044
99,07/29/15 12:00,-64.893382,-3.0791670000000035
99,07/29/15 14:00,-64.85840077493624,-3.0663927204197257
99,07/29/15 16:00,-64.85835431753526,-3.066347590025657
99,07/29/15 18:00,-64.89344,-3.079125000000007
99,07/29/15 20:00,-64.85836006416713,-3.066419918325137
99,07/29/15 22:00,-64.893034,-3.079619
99,07/30/15 00:00,-64.85833596882945,-3.0663024105853927
99,07/30/15 02:00,-64.85832066525013,-3.0662300989580897
99,07/30/15 04:00,-64.85836691961215,-3.066320441165608
99,07/30/15 06:00,-64.890836,-3.089298999999991
99,07/30/15 08:00,-64.890909,-3.089614999999992
99,07/30/15 10:00,-64.85868760848066,-3.0666273194170404
99,07/30/15 12:00,-64.890778,-3.0898069999999955
99,07/30/15 14:00,-64.891412,-3.086768000000003
99,07/30/15 16:00,-64.891916,-3.0842309999999946
99,07/30/15 18:00,-64.891981,-3.0839699999999954
99,07/30/15 20:00,-64.892201,-3.084009999999996
99,07/30/15 22:00,-64.892384,-3.082595000000007
99,07/31/15 00:00,-64.85868796765456,-3.066509769032544
99,07/31/15 02:00,-64.85863365542218,-3.066473694658405
99,07/31/15 04:00,-64.891343,-3.0867429999999985
99,07/31/15 06:00,-64.891327,-3.0865689999999923
99,07/31/15 08:00,-64.891317,-3.0866910000000027
99,07/31/15 10:00,-64.891285,-3.086758999999996
99,07/31/15 12:00,-64.89133,-3.086655999999999
99,07/31/15 14:00,-64.891324,-3.086780000000006
99,07/31/15 16:00,-64.85866824472629,-3.0664826765849287
99,07/31/15 18:00,-64.85857849993177,-3.066437621750765
99,07/31/15 20:00,-64.887918,-3.083539000000001
99,07/31/15 22:00,-64.888313,-3.079892000000006
99,08/01/15 00:00,-64.888237,-3.0799029999999985
99,08/01/15 02:00,-64.888286,-3.0798690000000004
99,08/01/15 04:00,-64.85858401233804,-3.066537077316952
99,08/01/15 06:00,-64.877548,-3.081115999999996
99,08/01/15 08:00,-64.877815,-3.084557000000005
99,08/01/15 10:00,-64.877798,-3.084599000000001
99,08/01/15 12:00,-64.877829,-3.084438000000005
99,08/01/15 14:00,-64.877773,-3.0844029999999947
99,08/01/15 16:00,-64.877503,-3.0848440000000044
99,08/01/15 18:00,-64.875623,-3.084079999999999
99,08/01/15 20:00,-64.85847298304903,-3.066374509845059
99,08/01/15 22:00,-64.868278,-3.072867999999999
99,08/02/15 00:00,-64.873328,-3.0742599999999927
99,08/02/15 02:00,-64.869122,-3.072042
99,08/02/15 04:00,-64.86855,-3.072562999999996
99,08/02/15 06:00,-64.85826907014332,-3.0663025273035345
99,08/02/15 08:00,-64.869423,-3.071519999999994
99,08/02/15 10:00,-64.86956,-3.0714200000000016
99,08/02/15 12:00,-64.85821200949725,-3.066302626853928
99,08/02/15 14:00,-64.869385,-3.071256000000007
99,08/02/15 16:00,-64.86957,-3.0712619999999924
99,08/02/15 18:00,-64.870047,-3.0665500000000048
99,08/02/15 20:00,-64.8581512322814,-3.066266563717668
99,08/02/15 22:00,-64.86436000000002,-3.0689579999999954
99,08/03/15 00:00,-64.863159,-3.0702899999999933
99,08/03/15 02:00,-64.86313,-3.070262
99,08/03/15 04:00,-64.8581592901468,-3.066212295909529
99,08/03/15 06:00,-64.863018,-3.074074999999997
99,08/03/15 08:00,-64.862822,-3.0741310000000013
99,08/03/15 10:00,-64.862935,-3.0741650000000043
99,08/03/15 12:00,-64.862771,-3.074247999999999
99,08/03/15 14:00,-64.863211,-3.072751000000001
99,08/03/15 16:00,-64.86310900000001,-3.072736000000008
99,08/03/15 18:00,-64.864544,-3.071537000000005
99,08/03/15 20:00,-64.868111,-3.075717999999992
99,08/03/15 22:00,-64.8582996305643,-3.066257262529865
99,08/04/15 00:00,-64.870537,-3.078470000000006
99,08/04/15 02:00,-64.870138,-3.078327999999992
99,08/04/15 04:00,-64.85835545758165,-3.0661938690929387
99,08/04/15 06:00,-64.85830570520325,-3.066193955894167
99,08/04/15 08:00,-64.875616,-3.0866010000000075
99,08/04/15 10:00,-64.873648,-3.0877200000000067
99,08/04/15 12:00,-64.873283,-3.087949999999996
99,08/04/15 14:00,-64.873077,-3.087281999999997
99,08/04/15 16:00,-64.869112,-3.086456
99,08/04/15 18:00,-64.857055,-3.0878010000000056
99,08/04/15 20:00,-64.844319,-3.0960819999999933
99,08/04/15 22:00,-64.846504,-3.1001519999999925
99,08/05/15 00:00,-64.855772,-3.0993310000000016
99,08/05/15 02:00,-64.85841404873065,-3.0659405827331963
99,08/05/15 04:00,-64.85825292355071,-3.065904694654447
99,08/05/15 06:00,-64.85816413132844,-3.0659229341260565
99,08/05/15 08:00,-64.85812457612097,-3.0659682145838043
99,08/05/15 10:00,-64.85809578025017,-3.0660586877349987
99,08/05/15 12:00,-64.867319,-3.0914439999999948
99,08/05/15 14:00,-64.867234,-3.0913890000000013
99,08/05/15 16:00,-64.86737,-3.0913709999999925
99,08/05/15 18:00,-64.866637,-3.0923569999999936
99,08/05/15 20:00,-64.85839101511807,-3.0661124264398127
99,08/05/15 22:00,-64.85822086390995,-3.0660584695357653
99,08/06/15 00:00,-64.862217,-3.087149999999994
99,08/06/15 02:00,-64.85819258339774,-3.066121814911953
99,08/06/15 04:00,-64.864677,-3.0833220000000043
99,08/06/15 06:00,-64.859783,-3.076007999999992
99,08/06/15 08:00,-64.85815971184033,-3.066130914547518
99,08/06/15 10:00,-64.85965,-3.075989999999994
99,08/06/15 12:00,-64.858489,-3.0756819999999965
99,08/06/15 14:00,-64.859386,-3.073834000000005
99,08/06/15 16:00,-64.859133,-3.073444000000006
99,08/06/15 18:00,-64.859672,-3.0686649999999944
99,08/06/15 20:00,-64.860717,-3.0671189999999964
99,08/06/15 22:00,-64.860431,-3.067136999999996
99,08/07/15 00:00,-64.860615,-3.0671540000000053
99,08/07/15 02:00,-64.860934,-3.067394000000005
99,08/07/15 04:00,-64.8580664222048,-3.066149161868881
99,08/07/15 06:00,-64.860433,-3.067439000000008
99,08/07/15 08:00,-64.85800961143218,-3.066131176382404
99,08/07/15 10:00,-64.860523,-3.067365999999991
99,08/07/15 12:00,-64.860482,-3.0672139999999923
99,08/07/15 14:00,-64.85801776295281,-3.066131162163449
99,08/07/15 16:00,-64.860801,-3.067179000000001
99,08/07/15 18:00,-64.85802755417228,-3.0661040182067234
99,08/07/15 20:00,-64.85796373183592,-3.066095087239147
99,08/07/15 22:00,-64.860473,-3.067284000000003
99,08/08/15 00:00,-64.860509,-3.067315000000004
99,08/08/15 02:00,-64.860566,-3.0671539999999946
99,08/08/15 04:00,-64.85806737472289,-3.066212456253345
99,08/08/15 06:00,-64.864661,-3.066149999999994
99,08/08/15 08:00,-64.865498,-3.066319999999993
99,08/08/15 10:00,-64.85809754467668,-3.066266657376359
99,08/08/15 12:00,-64.865015,-3.0663129999999974
99,08/08/15 14:00,-64.864823,-3.066220999999996
99,08/08/15 16:00,-64.865301,-3.066460999999996
99,08/08/15 18:00,-64.865484,-3.0664529999999988
99,08/08/15 20:00,-64.869359,-3.065170999999991
99,08/08/15 22:00,-64.880129,-3.0634360000000056
99,08/09/15 00:00,-64.85830395605957,-3.0664833122595003
99,08/09/15 02:00,-64.882543,-3.068129999999994
99,08/09/15 04:00,-64.881067,-3.070757000000008
99,08/09/15 06:00,-64.85835719078118,-3.0665465154092955
99,08/09/15 08:00,-64.879331,-3.067869999999999
99,08/09/15 10:00,-64.879109,-3.0678330000000016
99,08/09/15 12:00,-64.886719,-3.063586999999997
99,08/09/15 14:00,-64.886759,-3.063664999999994
99,08/09/15 16:00,-64.886672,-3.0637380000000043
99,08/09/15 18:00,-64.881786,-3.0634090000000023
99,08/09/15 20:00,-64.870656,-3.070537000000004
99,08/09/15 22:00,-64.867739,-3.0752929999999967
99,08/10/15 00:00,-64.867629,-3.073458000000006
99,08/10/15 02:00,-64.871623,-3.0667179999999923
99,08/10/15 04:00,-64.880478,-3.063735000000006
99,08/10/15 06:00,-64.880061,-3.063625999999998
99,08/10/15 08:00,-64.85822222228826,-3.066356862785331
99,08/10/15 10:00,-64.85818727384715,-3.066302670007831
99,08/10/15 12:00,-64.880381,-3.063727000000001
99,08/10/15 14:00,-64.85817396899405,-3.066411200719887
99,08/10/15 16:00,-64.880375,-3.063729999999996
99,08/10/15 18:00,-64.881499,-3.064207999999991
99,08/10/15 20:00,-64.85817765434528,-3.0664292788736427
99,08/10/15 22:00,-64.882632,-3.063479000000003
99,08/11/15 00:00,-64.85814689098576,-3.066356994209835
99,08/11/15 02:00,-64.882801,-3.063495999999992
99,08/11/15 04:00,-64.85812023467388,-3.066221406333661
99,08/11/15 06:00,-64.85812260836987,-3.066130979272713
99,08/11/15 08:00,-64.85814820288627,-3.066139976916348
99,08/11/15 10:00,-64.85820012579705,-3.0662574361283736
99,08/11/15 12:00,-64.880776,-3.079210000000003
99,08/11/15 14:00,-64.88034500000002,-3.079487999999991
99,08/11/15 16:00,-64.880189,-3.0792509999999966
99,08/11/15 18:00,-64.87999,-3.079152000000008
99,08/11/15 20:00,-64.88039200000001,-3.085652000000004
99,08/11/15 22:00,-64.873041,-3.075044999999992
99,08/12/15 00:00,-64.872957,-3.074984999999997
99,08/12/15 02:00,-64.873046,-3.075142999999997
99,08/12/15 04:00,-64.880192,-3.067590999999994
99,08/12/15 06:00,-64.881105,-3.066362999999995
99,08/12/15 08:00,-64.881052,-3.0665469999999915
99,08/12/15 10:00,-64.881007,-3.0664840000000027
99,08/12/15 12:00,-64.880925,-3.066570000000007
99,08/12/15 14:00,-64.85834563499061,-3.0665284509911945
99,08/12/15 16:00,-64.884677,-3.0635069999999955
99,08/12/15 18:00,-64.8582956171214,-3.0665375805557
99,08/12/15 20:00,-64.883769,-3.0603340000000085
99,08/12/15 22:00,-64.883809,-3.0603289999999967
99,08/13/15 00:00,-64.883768,-3.060260999999996
99,08/13/15 02:00,-64.883719,-3.0602319999999947
99,08/13/15 04:00,-64.85824018054016,-3.066501508116081
99,08/13/15 06:00,-64.85827133436008,-3.0664743268862704
99,08/13/15 08:00,-64.884348,-3.063018000000006
99,08/13/15 10:00,-64.884324,-3.063053999999997
99,08/13/15 12:00,-64.884141,-3.0630779999999964
99,08/13/15 14:00,-64.884405,-3.063044000000001
99,08/13/15 16:00,-64.881127,-3.0656839999999983
99,08/13/15 18:00,-64.881022,-3.0655959999999984
99,08/13/15 20:00,-64.881929,-3.0669040000000054
99,08/13/15 22:00,-64.88416,-3.067695999999994
99,08/14/15 00:00,-64.88413,-3.067578999999995
99,08/14/15 02:00,-64.884124,-3.067612999999993
99,08/14/15 04:00,-64.8584611460762,-3.0666819683667828
99,08/14/15 06:00,-64.887478,-3.0652779999999966
99,08/14/15 08:00,-64.887853,-3.065127999999993
99,08/14/15 10:00,-64.887519,-3.0651649999999915
99,08/14/15 12:00,-64.887592,-3.065203999999996
99,08/14/15 14:00,-64.887676,-3.065207999999993
99,08/14/15 16:00,-64.883646,-3.065248999999993
99,08/14/15 18:00,-64.882062,-3.065338999999996
99,08/14/15 20:00,-64.85832180504688,-3.0665646617347724
99,08/14/15 22:00,-64.88390700000001,-3.065365000000008
99,08/15/15 00:00,-64.883842,-3.0653299999999937
99,08/15/15 02:00,-64.85823854094147,-3.0663658766061643
99,08/15/15 04:00,-64.85822773475519,-3.06629355712784
99,08/15/15 06:00,-64.85826330781396,-3.066383917978224
99,08/15/15 08:00,-64.885952,-3.064888000000004
99,08/15/15 10:00,-64.885949,-3.064951000000008
99,08/15/15 12:00,-64.884641,-3.067240000000001
99,08/15/15 14:00,-64.884514,-3.067338000000004
99,08/15/15 16:00,-64.884465,-3.067222999999996
99,08/15/15 18:00,-64.884639,-3.067244000000005
99,08/15/15 20:00,-64.884517,-3.0673730000000035
99,08/15/15 22:00,-64.884327,-3.067264000000008
99,08/16/15 00:00,-64.884309,-3.0673220000000017
99,08/16/15 02:00,-64.85841576616227,-3.0666097092332105
99,08/16/15 04:00,-64.884327,-3.0672549999999914
99,08/16/15 06:00,-64.884413,-3.067099000000008
99,08/16/15 08:00,-64.883514,-3.0678570000000014
99,08/16/15 10:00,-64.85840833299633,-3.0665373838800534
99,08/16/15 12:00,-64.878849,-3.0822130000000008
99,08/16/15 14:00,-64.879002,-3.082304000000006
99,08/16/15 16:00,-64.878892,-3.082264000000008
99,08/16/15 18:00,-64.878446,-3.0827339999999945
99,08/16/15 20:00,-64.880114,-3.087690999999994
99,08/16/15 22:00,-64.85848169674314,-3.06637449464049
99,08/17/15 00:00,-64.880224,-3.087962000000006
99,08/17/15 02:00,-64.85835854953733,-3.066193863698436
99,08/17/15 04:00,-64.85825667120677,-3.0661217031092027
99,08/17/15 06:00,-64.85819209926922,-3.0661670272147923
99,08/17/15 08:00,-64.870704,-3.0786969999999987
99,08/17/15 10:00,-64.870526,-3.0787829999999983
99,08/17/15 12:00,-64.870822,-3.078577000000008
99,08/17/15 14:00,-64.870609,-3.078762000000001
99,08/17/15 16:00,-64.870454,-3.0788780000000053
99,08/17/15 18:00,-64.86829,-3.0720969999999985
99,08/17/15 20:00,-64.86727,-3.069844999999999
99,08/17/15 22:00,-64.860988,-3.077970000000008
99,08/18/15 00:00,-64.857344,-3.075966000000001
99,08/18/15 02:00,-64.85554,-3.075412000000004
99,08/18/15 04:00,-64.85816044584111,-3.0660676172243004
99,08/18/15 06:00,-64.8580454188749,-3.066031648705295
99,08/18/15 08:00,-64.85792740919734,-3.066058981422717
99,08/18/15 10:00,-64.859122,-3.060684000000008
99,08/18/15 12:00,-64.859128,-3.0606169999999944
99,08/18/15 14:00,-64.859175,-3.0606340000000043
99,08/18/15 16:00,-64.858616,-3.0610409999999937
99,08/18/15 18:00,-64.855681,-3.0533270000000057
99,08/18/15 20:00,-64.852583,-3.0552330000000043
99,08/18/15 22:00,-64.85265,-3.055155999999997
99,08/19/15 00:00,-64.852548,-3.055378999999999
99,08/19/15 02:00,-64.85782682689646,-3.0660862837352063
99,08/19/15 04:00,-64.85777726196415,-3.066032116419001
99,08/19/15 06:00,-64.852466,-3.0552139999999954
99,08/19/15 08:00,-64.85770870796081,-3.066050320566934
99,08/19/15 10:00,-64.8506,-3.053559000000001
99,08/19/15 12:00,-64.850649,-3.053576999999992
99,08/19/15 14:00,-64.850784,-3.053410999999996
99,08/19/15 16:00,-64.850863,-3.053542000000004
99,08/19/15 18:00,-64.85774117340424,-3.066131644592503
99,08/19/15 20:00,-64.859769,-3.050212000000005
99,08/19/15 22:00,-64.858275,-3.057539
99,08/20/15 00:00,-64.851065,-3.059608000000004
99,08/20/15 02:00,-64.852145,-3.0573060000000005
99,08/20/15 04:00,-64.85126,-3.0562430000000047
99,08/20/15 06:00,-64.851321,-3.056309999999992
99,08/20/15 08:00,-64.85780401203817,-3.0660591966460884
99,08/20/15 10:00,-64.850937,-3.058351000000004
99,08/20/15 12:00,-64.85787676673458,-3.066031942872725
99,08/20/15 14:00,-64.85787192583422,-3.0659957821426884
99,08/20/15 16:00,-64.8578474556679,-3.0659867825279106
99,08/20/15 18:00,-64.85780811910553,-3.065995893427479
99,08/20/15 20:00,-64.85773783177075,-3.065986973716612
99,08/20/15 22:00,-64.852269,-3.0519770000000026
99,08/21/15 00:00,-64.851253,-3.055064000000008
99,08/21/15 02:00,-64.85773316252492,-3.066050277917911
99,08/21/15 04:00,-64.85144800000002,-3.055221000000002
99,08/21/15 06:00,-64.85777363904408,-3.0660502073251927
99,08/21/15 08:00,-64.85772157554214,-3.066014128949468
99,08/21/15 10:00,-64.851139,-3.054774
99,08/21/15 12:00,-64.851157,-3.0547870000000086
99,08/21/15 14:00,-64.85768989073972,-3.066059395678231
99,08/21/15 16:00,-64.851275,-3.0551410000000034
99,08/21/15 18:00,-64.851438,-3.0552140000000043
99,08/21/15 20:00,-64.851173,-3.055275999999992
99,08/21/15 22:00,-64.851255,-3.0552559999999915
99,08/22/15 00:00,-64.85770257086159,-3.066077458152543
99,08/22/15 02:00,-64.851307,-3.0550770000000056
99,08/22/15 04:00,-64.851004,-3.054860000000007
99,08/22/15 06:00,-64.851156,-3.054843000000001
99,08/22/15 08:00,-64.850974,-3.054759000000008
99,08/22/15 10:00,-64.85769752690099,-3.066086509243444
99,08/22/15 12:00,-64.850982,-3.054782000000003
99,08/22/15 14:00,-64.851037,-3.054760000000004
99,08/22/15 16:00,-64.851232,-3.055161000000008
99,08/22/15 18:00,-64.851342,-3.055078000000001
99,08/22/15 20:00,-64.851355,-3.055040999999993
99,08/22/15 22:00,-64.851382,-3.0551300000000063
99,08/23/15 00:00,-64.851501,-3.0548749999999942
99,08/23/15 02:00,-64.851282,-3.055121000000007
99,08/23/15 04:00,-64.852702,-3.051895
99,08/23/15 06:00,-64.852645,-3.051804000000004
99,08/23/15 08:00,-64.85769221745802,-3.066104603091598
99,08/23/15 10:00,-64.851147,-3.0547979999999955
99,08/23/15 12:00,-64.851271,-3.0549510000000075
99,08/23/15 14:00,-64.851351,-3.0551379999999986
99,08/23/15 16:00,-64.85122,-3.054773999999995
99,08/23/15 18:00,-64.852126,-3.056635999999993
99,08/23/15 20:00,-64.85212,-3.0567329999999986
99,08/23/15 22:00,-64.852101,-3.0567259999999954
99,08/24/15 00:00,-64.854468,-3.061970999999994
99,08/24/15 02:00,-64.85778236834422,-3.066059234394502
99,08/24/15 04:00,-64.85210500000001,-3.066438999999995
99,08/24/15 06:00,-64.847548,-3.0654959999999982
99,08/24/15 08:00,-64.844536,-3.064407999999999
99,08/24/15 10:00,-64.844652,-3.0642980000000035
99,08/24/15 12:00,-64.844511,-3.064004
99,08/24/15 14:00,-64.85783696182152,-3.0659325470690857
99,08/24/15 16:00,-64.844713,-3.0640060000000053
99,08/24/15 18:00,-64.85788674541206,-3.0659505448292035
99,08/24/15 20:00,-64.85782234530295,-3.0659325725609694
99,08/24/15 22:00,-64.847025,-3.065290000000004
99,08/25/15 00:00,-64.8579089980936,-3.065977632897249
99,08/25/15 02:00,-64.85789940992775,-3.065959565034005
99,08/25/15 04:00,-64.8578811704908,-3.065977681432296
99,08/25/15 06:00,-64.85785534170672,-3.065995811067296
99,08/25/15 08:00,-64.8578028408746,-3.066032071807709
99,08/25/15 10:00,-64.857291,-3.061783999999999
99,08/25/15 12:00,-64.85728,-3.061819000000006
99,08/25/15 14:00,-64.85783618079475,-3.066131478888171
99,08/25/15 16:00,-64.857209,-3.061964999999993
99,08/25/15 18:00,-64.857214,-3.060095000000005
99,08/25/15 20:00,-64.855157,-3.058567000000002
99,08/25/15 22:00,-64.85784719000412,-3.066158586566506
99,08/26/15 00:00,-64.859384,-3.0518470000000004
99,08/26/15 02:00,-64.859395,-3.051793000000002
99,08/26/15 04:00,-64.85781263191465,-3.066167689135443
99,08/26/15 06:00,-64.8577819154077,-3.066122531240819
99,08/26/15 08:00,-64.857861,-3.046415999999996
99,08/26/15 10:00,-64.857925,-3.046415000000005
99,08/26/15 12:00,-64.85772076329224,-3.06619497624757
99,08/26/15 14:00,-64.857827,-3.0462289999999976
99,08/26/15 16:00,-64.858308,-3.046489000000007
99,08/26/15 18:00,-64.8577970314994,-3.0662490969880403
99,08/26/15 20:00,-64.85785101580616,-3.0662580451209074
99,08/26/15 22:00,-64.875862,-3.039561000000003
99,08/27/15 00:00,-64.864625,-3.0438890000000023
99,08/27/15 02:00,-64.866667,-3.048111000000004
99,08/27/15 04:00,-64.85782143908212,-3.06638468881912
99,08/27/15 06:00,-64.867347,-3.060752000000006
99,08/27/15 08:00,-64.867423,-3.0605569999999966
99,08/27/15 10:00,-64.867368,-3.0608699999999924
99,08/27/15 12:00,-64.85787383067226,-3.0662851322056204
99,08/27/15 14:00,-64.858511,-3.055056999999993
99,08/27/15 16:00,-64.858521,-3.055091999999997
99,08/27/15 18:00,-64.857717,-3.051987999999992
99,08/27/15 20:00,-64.854126,-3.051562
99,08/27/15 22:00,-64.853742,-3.054092999999995
99,08/28/15 00:00,-64.853728,-3.054012000000006
99,08/28/15 02:00,-64.85778919245743,-3.066104433961376
99,08/28/15 04:00,-64.85377,-3.054182000000003
99,08/28/15 06:00,-64.85783382285844,-3.066068186946308
99,08/28/15 08:00,-64.85780929026863,-3.0660230182658115
99,08/28/15 10:00,-64.853753,-3.054068000000004
99,08/28/15 12:00,-64.85783460369694,-3.066032016410416
99,08/28/15 14:00,-64.85780166971149,-3.0660049469692803
99,08/28/15 16:00,-64.853777,-3.066571000000003
99,08/28/15 18:00,-64.85782781079476,-3.066004901377317
99,08/28/15 20:00,-64.850479,-3.067291000000004
99,08/28/15 22:00,-64.85781706707157,-3.065968750940828
99,08/29/15 00:00,-64.852455,-3.073308999999996
99,08/29/15 02:00,-64.843574,-3.0722179999999915
99,08/29/15 04:00,-64.843664,-3.072380000000003
99,08/29/15 06:00,-64.84361,-3.0725780000000054
99,08/29/15 08:00,-64.85786998962921,-3.065851108826221
99,08/29/15 10:00,-64.842713,-3.072789000000006
99,08/29/15 12:00,-64.843819,-3.0766989999999965
99,08/29/15 14:00,-64.843649,-3.077055999999996
99,08/29/15 16:00,-64.84424,-3.0759380000000003
99,08/29/15 18:00,-64.84534300000001,-3.0750739999999928
99,08/29/15 20:00,-64.85786778774897,-3.0658782395464623
99,08/29/15 22:00,-64.850539,-3.0751200000000045
99,08/30/15 00:00,-64.847716,-3.0655420000000047
99,08/30/15 02:00,-64.835361,-3.060255999999993
99,08/30/15 04:00,-64.835075,-3.061644999999993
99,08/30/15 06:00,-64.835521,-3.0611469999999947
99,08/30/15 08:00,-64.835558,-3.061708000000005
99,08/30/15 10:00,-64.837206,-3.061599000000007
99,08/30/15 12:00,-64.837347,-3.061682999999993
99,08/30/15 14:00,-64.837154,-3.0616780000000072
99,08/30/15 16:00,-64.83637,-3.061729999999999
99,08/30/15 18:00,-64.83614,-3.062676000000001
99,08/30/15 20:00,-64.837215,-3.0683960000000043
99,08/30/15 22:00,-64.85784586297255,-3.0658782777841704
99,08/31/15 00:00,-64.85777502907763,-3.065878401318299
99,08/31/15 02:00,-64.843547,-3.069363999999996
99,08/31/15 04:00,-64.8578611196891,-3.0659234626428256
99,08/31/15 06:00,-64.85780683870955,-3.065905472723972
99,08/31/15 08:00,-64.85769518479546,-3.065869498266633
99,08/31/15 10:00,-64.83954100000001,-3.065270999999999
99,08/31/15 12:00,-64.85763670311616,-3.065860557955755
99,08/31/15 14:00,-64.84238,-3.060462999999999
99,08/31/15 16:00,-64.840854,-3.0601279999999966
99,08/31/15 18:00,-64.840731,-3.0596759999999983
99,08/31/15 20:00,-64.839488,-3.058124999999993
99,08/31/15 22:00,-64.83954100000001,-3.057996000000003
99,09/01/15 00:00,-64.839622,-3.0652130000000044
99,09/01/15 02:00,-64.85761980669609,-3.065842502830741
99,09/01/15 04:00,-64.840569,-3.057710000000008
99,09/01/15 06:00,-64.840553,-3.057621999999993
99,09/01/15 08:00,-64.840599,-3.057635000000001
99,09/01/15 10:00,-64.840679,-3.0575390000000047
99,09/01/15 12:00,-64.840408,-3.0577010000000047
99,09/01/15 14:00,-64.840815,-3.0575689999999938
99,09/01/15 16:00,-64.840858,-3.057684000000001
99,09/01/15 18:00,-64.85776615913156,-3.065950755138119
99,09/01/15 20:00,-64.849278,-3.0666700000000056
99,09/01/15 22:00,-64.85223400000001,-3.072263999999992
99,09/02/15 00:00,-64.85796868215306,-3.066031782554782
99,09/02/15 02:00,-64.857951,-3.078131000000005
99,09/02/15 04:00,-64.8580720909141,-3.06601351759621
99,09/02/15 06:00,-64.85802791345289,-3.065986467777357
99,09/02/15 08:00,-64.8579596561593,-3.066013713712449
99,09/02/15 10:00,-64.857783,-3.0780369999999992
99,09/02/15 12:00,-64.857815,-3.078050000000008
99,09/02/15 14:00,-64.857974,-3.078132000000008
99,09/02/15 16:00,-64.858131,-3.0780420000000057
99,09/02/15 18:00,-64.858122,-3.0794039999999967
99,09/02/15 20:00,-64.85822233178013,-3.066094636141132
99,09/02/15 22:00,-64.864077,-3.0908450000000043
99,09/03/15 00:00,-64.85824445959749,-3.066049386081778
99,09/03/15 02:00,-64.85811708042178,-3.06602248141123
99,09/03/15 04:00,-64.860152,-3.0892729999999937
99,09/03/15 06:00,-64.860003,-3.089363000000003
99,09/03/15 08:00,-64.85827814319266,-3.06602220044645
99,09/03/15 10:00,-64.8581959877896,-3.065977132306598
99,09/03/15 12:00,-64.85812212437767,-3.066013430320674
99,09/03/15 14:00,-64.860163,-3.089540000000006
99,09/03/15 16:00,-64.861464,-3.090853999999999
99,09/03/15 18:00,-64.85842883686702,-3.06620278335687
99,09/03/15 20:00,-64.873284,-3.093988999999995
99,09/03/15 22:00,-64.87299,-3.093764999999993
99,09/04/15 00:00,-64.87301,-3.0932289999999942
99,09/04/15 02:00,-64.873155,-3.0937630000000014
99,09/04/15 04:00,-64.869821,-3.0935390000000065
99,09/04/15 06:00,-64.85853249547058,-3.0661664333325893
99,09/04/15 08:00,-64.85834744665536,-3.066112502451752
99,09/04/15 10:00,-64.86683,-3.091517999999997
99,09/04/15 12:00,-64.866769,-3.091417000000007
99,09/04/15 14:00,-64.86653000000001,-3.091134999999999
99,09/04/15 16:00,-64.8582771281104,-3.0660854982559167
99,09/04/15 18:00,-64.854904,-3.0848770000000063
99,09/04/15 20:00,-64.850085,-3.0826830000000056
99,09/04/15 22:00,-64.85817036206234,-3.065950050132823
99,09/05/15 00:00,-64.8580027562625,-3.065905131023908
99,09/05/15 02:00,-64.847833,-3.079378000000004
99,09/05/15 04:00,-64.85796935374383,-3.065932316162327
99,09/05/15 06:00,-64.847961,-3.0793360000000023
99,09/05/15 08:00,-64.857946320226,-3.065941398629564
99,09/05/15 10:00,-64.850232,-3.0793470000000043
99,09/05/15 12:00,-64.85174,-3.078329999999994
99,09/05/15 14:00,-64.851662,-3.078219000000007
99,09/05/15 16:00,-64.85793924623653,-3.0659142840887617
99,09/05/15 18:00,-64.845486,-3.0718140000000043
99,09/05/15 20:00,-64.8577886775022,-3.065806039165696
99,09/05/15 22:00,-64.832406,-3.064788999999992
99,09/06/15 00:00,-64.85765700402122,-3.065733930432046
99,09/06/15 02:00,-64.832253,-3.064957
99,09/06/15 04:00,-64.832156,-3.0650630000000048
99,09/06/15 06:00,-64.85761451309698,-3.0657068776416194
99,09/06/15 08:00,-64.832382,-3.064821000000004
99,09/06/15 10:00,-64.832402,-3.0649389999999928
99,09/06/15 12:00,-64.85762973859448,-3.065733977976369
99,09/06/15 14:00,-64.832372,-3.064949999999994
99,09/06/15 16:00,-64.85758164153445,-3.0657159772546385
99,09/06/15 18:00,-64.832437,-3.064972000000007
99,09/06/15 20:00,-64.832346,-3.064889999999997
99,09/06/15 22:00,-64.832331,-3.0650550000000054
99,09/07/15 00:00,-64.85760861027268,-3.0657068879344536
99,09/07/15 02:00,-64.832264,-3.0651269999999977
99,09/07/15 04:00,-64.832213,-3.065021999999999
99,09/07/15 06:00,-64.8576992294631,-3.0657700259766543
99,09/07/15 08:00,-64.85756532289382,-3.065706963414238
99,09/07/15 10:00,-64.832185,-3.065034000000005
99,09/07/15 12:00,-64.832162,-3.0650310000000034
99,09/07/15 14:00,-64.832341,-3.0650869999999983
99,09/07/15 16:00,-64.832443,-3.065081
99,09/07/15 18:00,-64.832246,-3.0651100000000007
99,09/07/15 20:00,-64.832344,-3.0651040000000047
99,09/07/15 22:00,-64.832438,-3.0650540000000044
99,09/08/15 00:00,-64.85759564907296,-3.065688825945397
99,09/08/15 02:00,-64.832313,-3.0650390000000054
99,09/08/15 04:00,-64.832421,-3.0649450000000016
99,09/08/15 06:00,-64.85756246522062,-3.065679841512221
99,09/08/15 08:00,-64.832327,-3.064977999999993
99,09/08/15 10:00,-64.832296,-3.0648930000000005
99,09/08/15 12:00,-64.832211,-3.065030000000003
99,09/08/15 14:00,-64.83221800000001,-3.065089999999995
99,09/08/15 16:00,-64.832061,-3.0650359999999943
99,09/08/15 18:00,-64.832432,-3.0649949999999926
99,09/08/15 20:00,-64.83191,-3.065005
99,09/08/15 22:00,-64.85760014646287,-3.0656888181033417
99,09/09/15 00:00,-64.832266,-3.065065
99,09/09/15 02:00,-64.832226,-3.065311999999995
99,09/09/15 04:00,-64.85757993941148,-3.065706937927754
99,09/09/15 06:00,-64.834072,-3.064841999999994
99,09/09/15 08:00,-64.835895,-3.063273999999998
99,09/09/15 10:00,-64.835876,-3.063407000000006
99,09/09/15 12:00,-64.836034,-3.063322999999998
99,09/09/15 14:00,-64.835481,-3.0630749999999933
99,09/09/15 16:00,-64.8353,-3.063138999999996
99,09/09/15 18:00,-64.83535,-3.063082000000006
99,09/09/15 20:00,-64.834993,-3.0650649999999966
99,09/09/15 22:00,-64.833853,-3.0656509999999937
99,09/10/15 00:00,-64.831887,-3.066275999999996
99,09/10/15 02:00,-64.85778077586218,-3.065787968357988
99,09/10/15 04:00,-64.85771354929051,-3.0657609587110253
99,09/10/15 06:00,-64.85755343923813,-3.0656617726603552
99,09/10/15 08:00,-64.826826,-3.0690789999999986
99,09/10/15 10:00,-64.82482,-3.070840999999992
99,09/10/15 12:00,-64.82496,-3.070393000000007
99,09/10/15 14:00,-64.823557,-3.0699919999999943
99,09/10/15 16:00,-64.823687,-3.070012999999992
99,09/10/15 18:00,-64.85758877817622,-3.0656164995675
99,09/10/15 20:00,-64.832111,-3.0648070000000027
99,09/10/15 22:00,-64.832571,-3.0641590000000023
99,09/11/15 00:00,-64.836256,-3.0614650000000045
99,09/11/15 02:00,-64.85760109893698,-3.065752112505759
99,09/11/15 04:00,-64.837684,-3.061856999999992
99,09/11/15 06:00,-64.837661,-3.0620850000000024
99,09/11/15 08:00,-64.837858,-3.0620109999999947
99,09/11/15 10:00,-64.838137,-3.0611399999999938
99,09/11/15 12:00,-64.85771709396994,-3.0658604177652133
99,09/11/15 14:00,-64.844695,-3.064843999999997
99,09/11/15 16:00,-64.85773200717907,-3.065869434052026
99,09/11/15 18:00,-64.840439,-3.063954999999994
99,09/11/15 20:00,-64.8577286029289,-3.065851355400608
99,09/11/15 22:00,-64.838646,-3.064743000000002
99,09/12/15 00:00,-64.85771395520354,-3.065833296356448
99,09/12/15 02:00,-64.839635,-3.072683999999996
99,09/12/15 04:00,-64.840977,-3.072090999999993
99,09/12/15 06:00,-64.85777576311001,-3.065815103981331
99,09/12/15 08:00,-64.840979,-3.0721489999999982
99,09/12/15 10:00,-64.840989,-3.0720489999999985
99,09/12/15 12:00,-64.841203,-3.072129999999998
99,09/12/15 14:00,-64.840864,-3.072244000000001
99,09/12/15 16:00,-64.841388,-3.074444000000006
99,09/12/15 18:00,-64.85799596335946,-3.065878015993924
99,09/12/15 20:00,-64.85793888712146,-3.065869073250149
99,09/12/15 22:00,-64.8578731283996,-3.065878230232081
99,09/13/15 00:00,-64.8577595224866,-3.065851301479381
99,09/13/15 02:00,-64.842078,-3.075165
99,09/13/15 04:00,-64.841667,-3.0753409999999985
99,09/13/15 06:00,-64.85791750891451,-3.0658600682428334
99,09/13/15 08:00,-64.85778421132018,-3.065824131542014
99,09/13/15 10:00,-64.841843,-3.0752610000000056
99,09/13/15 12:00,-64.841864,-3.0753030000000026
99,09/13/15 14:00,-64.841905,-3.0752999999999924
99,09/13/15 16:00,-64.84174400000002,-3.075293000000003
99,09/13/15 18:00,-64.85797285181417,-3.065841887132881
99,09/13/15 20:00,-64.85783141831011,-3.0658150069211603
99,09/13/15 22:00,-64.841669,-3.0752909999999978
99,09/14/15 00:00,-64.842042,-3.0751310000000043
99,09/14/15 02:00,-64.85786936503644,-3.065814940742106
99,09/14/15 04:00,-64.841934,-3.0792149999999934
99,09/14/15 06:00,-64.84203,-3.079231999999995
99,09/14/15 08:00,-64.85791683750487,-3.0657967733620297
99,09/14/15 10:00,-64.84223,-3.0788399999999974
99,09/14/15 12:00,-64.842215,-3.079164000000001
99,09/14/15 14:00,-64.842076,-3.079191
99,09/14/15 16:00,-64.85801432782065,-3.065769476451609
99,09/14/15 18:00,-64.842776,-3.0873020000000024
99,09/14/15 20:00,-64.845944,-3.095469999999996
99,09/14/15 22:00,-64.842878,-3.1004339999999924
99,09/15/15 00:00,-64.842827,-3.100516999999993
99,09/15/15 02:00,-64.8581872900135,-3.0656606672685505
99,09/15/15 04:00,-64.834227,-3.107001999999999
99,09/15/15 06:00,-64.834327,-3.0994030000000032
99,09/15/15 08:00,-64.836148,-3.099252000000004
99,09/15/15 10:00,-64.836363,-3.099332
99,09/15/15 12:00,-64.85817345433648,-3.0656245222337275
99,09/15/15 14:00,-64.836564,-3.099259000000006
99,09/15/15 16:00,-64.836287,-3.099223999999992
99,09/15/15 18:00,-64.835964,-3.0983650000000003
99,09/15/15 20:00,-64.836717,-3.0930230000000023
99,09/15/15 22:00,-64.843056,-3.0853590000000057
99,09/16/15 00:00,-64.858203139967,-3.0658866969138883
99,09/16/15 02:00,-64.8580422176697,-3.0659683582420465
99,09/16/15 04:00,-64.86020000000002,-3.062694999999999
99,09/16/15 06:00,-64.859242,-3.061878999999994
99,09/16/15 08:00,-64.859302,-3.0617359999999967
99,09/16/15 10:00,-64.858712,-3.0618919999999994
99,09/16/15 12:00,-64.85794141655892,-3.066194591385
99,09/16/15 14:00,-64.860987,-3.055473999999991
99,09/16/15 16:00,-64.860956,-3.055532999999995
99,09/16/15 18:00,-64.86352,-3.057577000000003
99,09/16/15 20:00,-64.864306,-3.059288999999997
99,09/16/15 22:00,-64.860716,-3.064301000000006
99,09/17/15 00:00,-64.85793492034493,-3.066176518130389
99,09/17/15 02:00,-64.8578423178896,-3.066104341303689
99,09/17/15 04:00,-64.852048,-3.058781000000006
99,09/17/15 06:00,-64.852154,-3.0571339999999965
99,09/17/15 08:00,-64.85864200000002,-3.052347000000006
99,09/17/15 10:00,-64.859147,-3.051915999999995
99,09/17/15 12:00,-64.859261,-3.051733999999997
99,09/17/15 14:00,-64.859174,-3.0518840000000047
99,09/17/15 16:00,-64.863701,-3.0480190000000023
99,09/17/15 18:00,-64.866946,-3.0466689999999987
99,09/17/15 20:00,-64.85788090452024,-3.06647500802429
99,09/17/15 22:00,-64.878198,-3.0438679999999985
99,09/18/15 00:00,-64.876455,-3.034787000000008
99,09/18/15 02:00,-64.873197,-3.038266000000005
99,09/18/15 04:00,-64.867517,-3.0470839999999977
99,09/18/15 06:00,-64.85778074389214,-3.066420928977645
99,09/18/15 08:00,-64.867045,-3.0510070000000087
99,09/18/15 10:00,-64.867324,-3.051105000000001
99,09/18/15 12:00,-64.85788355946741,-3.066221819183216
99,09/18/15 14:00,-64.85790980996661,-3.066122308171096
99,09/18/15 16:00,-64.85791508819223,-3.066086129792321
99,09/18/15 18:00,-64.85791482271175,-3.066095172548461
99,09/18/15 20:00,-64.85791154330816,-3.0661494320270344
99,09/18/15 22:00,-64.85791480694154,-3.0662488915582067
99,09/19/15 00:00,-64.871905,-3.0497329999999985
99,09/19/15 02:00,-64.875502,-3.048877000000006
99,09/19/15 04:00,-64.870328,-3.0457460000000034
99,09/19/15 06:00,-64.871129,-3.044965999999997
99,09/19/15 08:00,-64.871142,-3.0451080000000057
99,09/19/15 10:00,-64.871165,-3.0449690000000063
99,09/19/15 12:00,-64.871208,-3.0449839999999964
99,09/19/15 14:00,-64.8578379606357,-3.0665112521084823
99,09/19/15 16:00,-64.870875,-3.0449179999999973
99,09/19/15 18:00,-64.871055,-3.0448779999999984
99,09/19/15 20:00,-64.871011,-3.044928999999994
99,09/19/15 22:00,-64.85782638924344,-3.066484145412917
99,09/20/15 00:00,-64.866709,-3.0465210000000047
99,09/20/15 02:00,-64.871058,-3.0448699999999933
99,09/20/15 04:00,-64.873075,-3.0450369999999936
99,09/20/15 06:00,-64.85784022494005,-3.066520290452071
99,09/20/15 08:00,-64.870118,-3.042565000000008
99,09/20/15 10:00,-64.870054,-3.0425129999999987
99,09/20/15 12:00,-64.872849,-3.042217999999992
99,09/20/15 14:00,-64.87285800000001,-3.042323999999997
99,09/20/15 16:00,-64.872909,-3.042220000000008
99,09/20/15 18:00,-64.85785018785297,-3.0665926114195936
99,09/20/15 20:00,-64.873512,-3.041946
99,09/20/15 22:00,-64.875634,-3.0439509999999994
99,09/21/15 00:00,-64.875689,-3.0439160000000056
99,09/21/15 02:00,-64.875674,-3.0438489999999936
99,09/21/15 04:00,-64.873886,-3.042397000000003
99,09/21/15 06:00,-64.85788229421337,-3.066628724584199
99,09/21/15 08:00,-64.875704,-3.0436459999999936
99,09/21/15 10:00,-64.875685,-3.043593000000007
99,09/21/15 12:00,-64.875698,-3.043608000000007
99,09/21/15 14:00,-64.875677,-3.043586999999999
99,09/21/15 16:00,-64.875715,-3.0436210000000017
99,09/21/15 18:00,-64.875779,-3.0436619999999985
99,09/21/15 20:00,-64.875766,-3.043592999999996
99,09/21/15 22:00,-64.875781,-3.043727999999997
99,09/22/15 00:00,-64.85786015090403,-3.066502171106647
99,09/22/15 02:00,-64.875692,-3.043579000000001
99,09/22/15 04:00,-64.85786442978738,-3.066375571536496
99,09/22/15 06:00,-64.85791299540752,-3.0663393176487097
99,09/22/15 08:00,-64.875816,-3.043667999999996
99,09/22/15 10:00,-64.87507,-3.0431629999999954
99,09/22/15 12:00,-64.85784807991915,-3.066348473175777
99,09/22/15 14:00,-64.8578901493243,-3.0662941460342577
99,09/22/15 16:00,-64.85792085023543,-3.066330261654056
99,09/22/15 18:00,-64.875801,-3.0436339999999924
99,09/22/15 20:00,-64.875706,-3.043673000000004
99,09/22/15 22:00,-64.875675,-3.043689000000005
99,09/23/15 00:00,-64.875649,-3.043627999999996
99,09/23/15 02:00,-64.8578273887313,-3.066411805321622
99,09/23/15 04:00,-64.85788543327497,-3.0663303234332977
99,09/23/15 06:00,-64.875163,-3.0431850000000047
99,09/23/15 08:00,-64.85785848013816,-3.0663484550346327
99,09/23/15 10:00,-64.875204,-3.0432439999999943
99,09/23/15 12:00,-64.8578570434887,-3.066330372953904
99,09/23/15 14:00,-64.87695,-3.0428720000000022
99,09/23/15 16:00,-64.85784200541619,-3.066249018543815
99,09/23/15 18:00,-64.85787729752076,-3.066176618639361
99,09/23/15 20:00,-64.8578891031727,-3.0661765980475324
99,09/23/15 22:00,-64.85790660859819,-3.0662217789792736
99,09/24/15 00:00,-64.875663,-3.044085999999997
99,09/24/15 02:00,-64.875049,-3.0431540000000084
99,09/24/15 04:00,-64.85783625865798,-3.066339451502077
99,09/24/15 06:00,-64.85787862475807,-3.0662941661365872
99,09/24/15 08:00,-64.85791074671161,-3.066339321571231
99,09/24/15 10:00,-64.874762,-3.0411050000000057
99,09/24/15 12:00,-64.874388,-3.041060999999992
99,09/24/15 14:00,-64.874734,-3.0410879999999967
99,09/24/15 16:00,-64.874686,-3.041092999999993
99,09/24/15 18:00,-64.874632,-3.0410469999999914
99,09/24/15 20:00,-64.874507,-3.040628000000003
99,09/24/15 22:00,-64.881608,-3.0432199999999923
99,09/25/15 00:00,-64.882849,-3.046137000000006
99,09/25/15 02:00,-64.85792587844432,-3.0664749295707505
99,09/25/15 04:00,-64.85801196924184,-3.06635722958371
99,09/25/15 06:00,-64.85810085516229,-3.066393243690591
99,09/25/15 08:00,-64.889049,-3.0555760000000074
99,09/25/15 10:00,-64.85818641478413,-3.0666191517138466
99,09/25/15 12:00,-64.888392,-3.056900000000005
99,09/25/15 14:00,-64.888642,-3.056924000000002
99,09/25/15 16:00,-64.888493,-3.056903999999998
99,09/25/15 18:00,-64.88914400000002,-3.0572089999999963
99,09/25/15 20:00,-64.893729,-3.053097000000001
99,09/25/15 22:00,-64.85815263750844,-3.0665920837715386
99,09/26/15 00:00,-64.85819100592913,-3.066510636204168
99,09/26/15 02:00,-64.85831177958956,-3.066618932973661
99,09/26/15 04:00,-64.907721,-3.042761999999997
99,09/26/15 06:00,-64.907832,-3.0428449999999927
99,09/26/15 08:00,-64.90785800000002,-3.0426899999999937
99,09/26/15 10:00,-64.85815387099872,-3.0669809001648902
99,09/26/15 12:00,-64.907857,-3.042797999999993
99,09/26/15 14:00,-64.907698,-3.042810999999992
99,09/26/15 16:00,-64.85794133810631,-3.066637663873941
99,09/26/15 18:00,-64.85799440124036,-3.0664386408638844
99,09/26/15 20:00,-64.85804718315885,-3.06640237961574
99,09/26/15 22:00,-64.85816484922832,-3.0665016395480484
99,09/27/15 00:00,-64.906835,-3.036439999999995
99,09/27/15 02:00,-64.904209,-3.035371999999997
99,09/27/15 04:00,-64.85790793557338,-3.0666648490249355
99,09/27/15 06:00,-64.85800842425346,-3.0665832930814863
99,09/27/15 08:00,-64.85815558887974,-3.066673459248131
99,09/27/15 10:00,-64.903517,-3.034822000000009
99,09/27/15 12:00,-64.896025,-3.036267999999993
99,09/27/15 14:00,-64.895304,-3.029968000000004
99,09/27/15 16:00,-64.892329,-3.031805999999997
99,09/27/15 18:00,-64.891533,-3.0324449999999987
99,09/27/15 20:00,-64.893791,-3.034121
99,09/27/15 22:00,-64.893817,-3.036742000000008
99,09/28/15 00:00,-64.894406,-3.0369309999999983
99,09/28/15 02:00,-64.894299,-3.037002000000006
99,09/28/15 04:00,-64.896556,-3.0349460000000064
99,09/28/15 06:00,-64.8579119331223,-3.066863772497019
99,09/28/15 08:00,-64.85809899663234,-3.0667820654917493
99,09/28/15 10:00,-64.892805,-3.0432770000000016
99,09/28/15 12:00,-64.892675,-3.043273
99,09/28/15 14:00,-64.892686,-3.0432529999999915
99,09/28/15 16:00,-64.89156,-3.046138000000004
99,09/28/15 18:00,-64.891648,-3.0461749999999923
99,09/28/15 20:00,-64.887262,-3.0469380000000035
99,09/28/15 22:00,-64.882654,-3.050302999999999
99,09/29/15 00:00,-64.877234,-3.0507640000000014
99,09/29/15 02:00,-64.877279,-3.050833000000008
99,09/29/15 04:00,-64.873478,-3.049142000000005
99,09/29/15 06:00,-64.87088,-3.048987999999997
99,09/29/15 08:00,-64.872198,-3.0471129999999924
99,09/29/15 10:00,-64.85792453544356,-3.066511101085437
99,09/29/15 12:00,-64.872043,-3.0471900000000063
99,09/29/15 14:00,-64.872019,-3.047233999999999
99,09/29/15 16:00,-64.85790930991836,-3.066484000766541
99,09/29/15 18:00,-64.87213,-3.047288000000006
99,09/29/15 20:00,-64.872032,-3.047258000000007
99,09/29/15 22:00,-64.871996,-3.047284999999998
99,09/30/15 00:00,-64.85790543713384,-3.066520176694632
99,09/30/15 02:00,-64.872045,-3.0472649999999954
99,09/30/15 04:00,-64.871731,-3.0473219999999914
99,09/30/15 06:00,-64.871721,-3.0473759999999954
99,09/30/15 08:00,-64.871751,-3.047283000000004
99,09/30/15 10:00,-64.871739,-3.047322999999997
99,09/30/15 12:00,-64.872015,-3.0472750000000017
99,09/30/15 14:00,-64.871895,-3.0468549999999914
99,09/30/15 16:00,-64.871969,-3.047178000000005
99,09/30/15 18:00,-64.872058,-3.0471650000000023
99,09/30/15 20:00,-64.872035,-3.0472899999999963
99,09/30/15 22:00,-64.872185,-3.047157000000006
99,10/01/15 00:00,-64.872153,-3.047157000000001
99,10/01/15 02:00,-64.871747,-3.047352999999993
99,10/01/15 04:00,-64.872027,-3.047285000000007
99,10/01/15 06:00,-64.871691,-3.0472940000000026
99,10/01/15 08:00,-64.85790154874113,-3.066547310356992
99,10/01/15 10:00,-64.871712,-3.0476289999999926
99,10/01/15 12:00,-64.871709,-3.047696999999995
99,10/01/15 14:00,-64.87168500000001,-3.0476819999999982
99,10/01/15 16:00,-64.871804,-3.047361999999996
99,10/01/15 18:00,-64.872018,-3.0472470000000067
99,10/01/15 20:00,-64.867748,-3.0440759999999987
99,10/01/15 22:00,-64.86715,-3.044538000000002
99,10/02/15 00:00,-64.867103,-3.044564999999994
99,10/02/15 02:00,-64.867217,-3.044628000000001
99,10/02/15 04:00,-64.867259,-3.044679999999994
99,10/02/15 06:00,-64.85779534481058,-3.066411861215851
99,10/02/15 08:00,-64.867196,-3.0445859999999976
99,10/02/15 10:00,-64.85779867103376,-3.066384728533062
99,10/02/15 12:00,-64.86743,-3.0446949999999937
99,10/02/15 14:00,-64.867626,-3.0444790000000084
99,10/02/15 16:00,-64.867114,-3.044251000000005
99,10/02/15 18:00,-64.866615,-3.043975999999996
99,10/02/15 20:00,-64.859591,-3.051500999999991
99,10/02/15 22:00,-64.858584,-3.054302999999992
99,10/03/15 00:00,-64.85787600133308,-3.0662399169530725
99,10/03/15 02:00,-64.85788602682292,-3.06618564570664
99,10/03/15 04:00,-64.861632,-3.058599999999997
99,10/03/15 06:00,-64.8579193199403,-3.066257925979185
99,10/03/15 08:00,-64.864252,-3.057801999999995
99,10/03/15 10:00,-64.864353,-3.0578730000000025
99,10/03/15 12:00,-64.864421,-3.0579000000000067
99,10/03/15 14:00,-64.864389,-3.0579060000000013
99,10/03/15 16:00,-64.867325,-3.057295999999995
99,10/03/15 18:00,-64.870587,-3.0589160000000035
99,10/03/15 20:00,-64.870241,-3.0583210000000074
99,10/03/15 22:00,-64.870197,-3.0580930000000013
99,10/04/15 00:00,-64.85805713046902,-3.06646565830857
99,10/04/15 02:00,-64.872185,-3.050938999999994
99,10/04/15 04:00,-64.872155,-3.050879000000005
99,10/04/15 06:00,-64.872125,-3.050916999999992
99,10/04/15 08:00,-64.872086,-3.0510929999999945
99,10/04/15 10:00,-64.872107,-3.0509970000000024
99,10/04/15 12:00,-64.871641,-3.0507700000000018
99,10/04/15 14:00,-64.871398,-3.050589999999994
99,10/04/15 16:00,-64.870367,-3.0508369999999925
99,10/04/15 18:00,-64.87081,-3.052648999999992
99,10/04/15 20:00,-64.875308,-3.053172999999993
99,10/04/15 22:00,-64.875806,-3.052864000000004
99,10/05/15 00:00,-64.876295,-3.052393000000008
99,10/05/15 02:00,-64.87631,-3.0527149999999925
99,10/05/15 04:00,-64.85801774707043,-3.066447642429619
99,10/05/15 06:00,-64.8580463398979,-3.066402381086822
99,10/05/15 08:00,-64.877728,-3.052922000000003
99,10/05/15 10:00,-64.877732,-3.0528809999999984
99,10/05/15 12:00,-64.878155,-3.0527139999999964
99,10/05/15 14:00,-64.85799807098033,-3.0664476767546667
99,10/05/15 16:00,-64.85802133876514,-3.066411466993896
99,10/05/15 18:00,-64.878068,-3.052590999999992
99,10/05/15 20:00,-64.87825,-3.050195
99,10/05/15 22:00,-64.87305,-3.0463809999999927
99,10/06/15 00:00,-64.872953,-3.0465179999999985
99,10/06/15 02:00,-64.85790529665866,-3.066438796302009
99,10/06/15 04:00,-64.85794205662387,-3.0664025630055582
99,10/06/15 06:00,-64.872966,-3.046511999999996
99,10/06/15 08:00,-64.873024,-3.0464239999999947
99,10/06/15 10:00,-64.873046,-3.0463559999999967
99,10/06/15 12:00,-64.872934,-3.0465460000000086
99,10/06/15 14:00,-64.873008,-3.046504000000002
99,10/06/15 16:00,-64.873025,-3.046443999999992
99,10/06/15 18:00,-64.85789930004476,-3.066547314279755
99,10/06/15 20:00,-64.872995,-3.046527999999997
99,10/06/15 22:00,-64.872934,-3.046614999999993
99,10/07/15 00:00,-64.873036,-3.0465979999999964
99,10/07/15 02:00,-64.872991,-3.046688
99,10/07/15 04:00,-64.85790915370008,-3.0665563393834456
99,10/07/15 06:00,-64.873057,-3.046615999999996
99,10/07/15 08:00,-64.873078,-3.0463639999999983
99,10/07/15 10:00,-64.873043,-3.046333000000004
99,10/07/15 12:00,-64.87314,-3.046582000000002
99,10/07/15 14:00,-64.873156,-3.046556999999998
99,10/07/15 16:00,-64.87316,-3.0466
99,10/07/15 18:00,-64.872901,-3.046689999999997
99,10/07/15 20:00,-64.872995,-3.046423000000002
99,10/07/15 22:00,-64.872965,-3.0465790000000053
99,10/08/15 00:00,-64.85790720169953,-3.066565385081712
99,10/08/15 02:00,-64.87295,-3.0466579999999914
99,10/08/15 04:00,-64.872882,-3.046676
99,10/08/15 06:00,-64.87309,-3.046694999999993
99,10/08/15 08:00,-64.873302,-3.0464429999999947
99,10/08/15 10:00,-64.873084,-3.046575999999997
99,10/08/15 12:00,-64.85790634282961,-3.066556344286933
99,10/08/15 14:00,-64.87309,-3.0463939999999945
99,10/08/15 16:00,-64.873153,-3.046558000000005
99,10/08/15 18:00,-64.873084,-3.0465949999999973
99,10/08/15 20:00,-64.873141,-3.046804000000004
99,10/08/15 22:00,-64.85791814848551,-3.0665563236922355
99,10/09/15 00:00,-64.873162,-3.046593000000002
99,10/09/15 02:00,-64.873171,-3.046588999999993
99,10/09/15 04:00,-64.873216,-3.046585999999991
99,10/09/15 06:00,-64.873005,-3.046610000000004
99,10/09/15 08:00,-64.877522,-3.049924999999997
99,10/09/15 10:00,-64.85800370821305,-3.0666194704792087
99,10/09/15 12:00,-64.877401,-3.049641999999992
99,10/09/15 14:00,-64.877347,-3.049681000000008
99,10/09/15 16:00,-64.877391,-3.049620000000005
99,10/09/15 18:00,-64.877424,-3.0497850000000044
99,10/09/15 20:00,-64.879148,-3.050921000000002
99,10/09/15 22:00,-64.881649,-3.050953000000002
99,10/10/15 00:00,-64.881662,-3.050893999999997
99,10/10/15 02:00,-64.881614,-3.0509380000000035
99,10/10/15 04:00,-64.858044622041,-3.066547060761438
99,10/10/15 06:00,-64.8581013235673,-3.066501750378334
99,10/10/15 08:00,-64.881572,-3.051227000000002
99,10/10/15 10:00,-64.88132,-3.050723
99,10/10/15 12:00,-64.881245,-3.050629999999992
99,10/10/15 14:00,-64.881634,-3.050936999999992
99,10/10/15 16:00,-64.8581072575198,-3.066682585866261
99,10/10/15 18:00,-64.881741,-3.0508880000000014
99,10/10/15 20:00,-64.881787,-3.0511250000000003
99,10/10/15 22:00,-64.881558,-3.050941999999996
99,10/11/15 00:00,-64.88173900000001,-3.0511490000000028
99,10/11/15 02:00,-64.881734,-3.0511849999999985
99,10/11/15 04:00,-64.881614,-3.0509149999999936
99,10/11/15 06:00,-64.88151600000002,-3.0508209999999925
99,10/11/15 08:00,-64.881642,-3.051006000000001
99,10/11/15 10:00,-64.85811768896295,-3.066700652250046
99,10/11/15 12:00,-64.881642,-3.0511760000000026
99,10/11/15 14:00,-64.881557,-3.051122000000008
99,10/11/15 16:00,-64.88179,-3.051138999999998
99,10/11/15 18:00,-64.881663,-3.051191000000004
99,10/11/15 20:00,-64.881587,-3.0511920000000066
99,10/11/15 22:00,-64.882833,-3.053347999999992
99,10/12/15 00:00,-64.883393,-3.054164000000007
99,10/12/15 02:00,-64.85811211414585,-3.066565027596825
99,10/12/15 04:00,-64.85816995562642,-3.066528757514128
99,10/12/15 06:00,-64.883169,-3.054042000000003
99,10/12/15 08:00,-64.883388,-3.054042000000001
99,10/12/15 10:00,-64.883189,-3.0540739999999933
99,10/12/15 12:00,-64.883298,-3.054009000000001
99,10/12/15 14:00,-64.883367,-3.0538740000000013
99,10/12/15 16:00,-64.883346,-3.053993999999994
99,10/12/15 18:00,-64.883485,-3.054089000000001
99,10/12/15 20:00,-64.883359,-3.0540639999999994
99,10/12/15 22:00,-64.883339,-3.054213999999994
99,10/13/15 00:00,-64.887712,-3.053891999999992
99,10/13/15 02:00,-64.85819264553317,-3.0666462677173394
99,10/13/15 04:00,-64.85829272812326,-3.0666551353804308
99,10/13/15 06:00,-64.896898,-3.050594999999995
99,10/13/15 08:00,-64.897019,-3.0505629999999933
99,10/13/15 10:00,-64.896936,-3.0506850000000068
99,10/13/15 12:00,-64.896922,-3.050310000000004
99,10/13/15 14:00,-64.89549,-3.0504700000000007
99,10/13/15 16:00,-64.85816847197485,-3.0668090711452867
99,10/13/15 18:00,-64.892542,-3.052654000000003
99,10/13/15 20:00,-64.892552,-3.052777999999996
99,10/13/15 22:00,-64.8580788366071,-3.066501789609386
99,10/14/15 00:00,-64.85811095868365,-3.0663841837722887
99,10/14/15 02:00,-64.85817988743064,-3.066420232686001
99,10/14/15 04:00,-64.893079,-3.051901999999992
99,10/14/15 06:00,-64.85823318451233,-3.0666823661499607
99,10/14/15 08:00,-64.892141,-3.053965000000008
99,10/14/15 10:00,-64.892197,-3.053993999999992
99,10/14/15 12:00,-64.892196,-3.0539239999999945
99,10/14/15 14:00,-64.892838,-3.053848000000006
99,10/14/15 16:00,-64.89230900000001,-3.053905000000005
99,10/14/15 18:00,-64.893085,-3.0544970000000013
99,10/14/15 20:00,-64.85838742314787,-3.066962408022596
99,10/14/15 22:00,-64.909056,-3.0474660000000013
99,10/15/15 00:00,-64.910172,-3.047301
99,10/15/15 02:00,-64.910141,-3.047338999999991
99,10/15/15 04:00,-64.85812376351826,-3.0668001068624946
99,10/15/15 06:00,-64.8582393684269,-3.066682355359938
99,10/15/15 08:00,-64.904489,-3.053557000000004
99,10/15/15 10:00,-64.85828732496199,-3.066781736883477
99,10/15/15 12:00,-64.904533,-3.053419000000005
99,10/15/15 14:00,-64.904539,-3.0533899999999967
99,10/15/15 16:00,-64.8581835101671,-3.066727664281172
99,10/15/15 18:00,-64.85828378017642,-3.066682277866903
99,10/15/15 20:00,-64.900649,-3.0517939999999952
99,10/15/15 22:00,-64.900753,-3.048941999999996
99,10/16/15 00:00,-64.8582810473199,-3.0668902553308217
99,10/16/15 02:00,-64.90079,-3.049003000000003
99,10/16/15 04:00,-64.900809,-3.0490229999999987
99,10/16/15 06:00,-64.85831580839967,-3.066998702162527
99,10/16/15 08:00,-64.900804,-3.048987999999998
99,10/16/15 10:00,-64.900857,-3.0490589999999966
99,10/16/15 12:00,-64.900798,-3.0489869999999955
99,10/16/15 14:00,-64.900807,-3.048999000000008
99,10/16/15 16:00,-64.900888,-3.048967999999994
99,10/16/15 18:00,-64.90077,-3.048921000000005
99,10/16/15 20:00,-64.903098,-3.046194999999992
99,10/16/15 22:00,-64.897166,-3.0431689999999967
99,10/17/15 00:00,-64.85807349576552,-3.066827321445682
99,10/17/15 02:00,-64.895161,-3.043504999999996
99,10/17/15 04:00,-64.85801884008366,-3.066592317202633
99,10/17/15 06:00,-64.85811573705604,-3.066546936692067
99,10/17/15 08:00,-64.895212,-3.0434570000000054
99,10/17/15 10:00,-64.85811547148913,-3.066718740702912
99,10/17/15 12:00,-64.895183,-3.043464000000001
99,10/17/15 14:00,-64.89525,-3.043444
99,10/17/15 16:00,-64.89551,-3.0433229999999942
99,10/17/15 18:00,-64.85796533977519,-3.066700918050714
99,10/17/15 20:00,-64.883459,-3.042917000000007
99,10/17/15 22:00,-64.8579636689769,-3.066547201988784
99,10/18/15 00:00,-64.880369,-3.051254000000007
99,10/18/15 02:00,-64.85800551972557,-3.0665290443933726
99,10/18/15 04:00,-64.879436,-3.0499589999999963
99,10/18/15 06:00,-64.877888,-3.0497159999999943
99,10/18/15 08:00,-64.85801009516594,-3.0665742478739166
99,10/18/15 10:00,-64.877971,-3.050367999999999
99,10/18/15 12:00,-64.877953,-3.0503089999999995
99,10/18/15 14:00,-64.87789,-3.0503080000000007
99,10/18/15 16:00,-64.877541,-3.0492120000000025
99,10/18/15 18:00,-64.87761,-3.049558000000004
99,10/18/15 20:00,-64.85797903510864,-3.066492921425997
99,10/18/15 22:00,-64.877574,-3.0502070000000026
99,10/19/15 00:00,-64.85797575584658,-3.0663844196340366
99,10/19/15 02:00,-64.85801396806806,-3.0663753106819094
99,10/19/15 04:00,-64.877724,-3.0502949999999944
99,10/19/15 06:00,-64.877895,-3.050228000000002
99,10/19/15 08:00,-64.877547,-3.050149000000001
99,10/19/15 10:00,-64.85798770197904,-3.0664657794286128
99,10/19/15 12:00,-64.85803825081203,-3.066438564367941
99,10/19/15 14:00,-64.877968,-3.050184999999995
99,10/19/15 16:00,-64.878005,-3.0500780000000063
99,10/19/15 18:00,-64.877175,-3.0506489999999955
99,10/19/15 20:00,-64.87691,-3.052281999999997
99,10/19/15 22:00,-64.875345,-3.052324
99,10/20/15 00:00,-64.874898,-3.052333999999993
99,10/20/15 02:00,-64.874821,-3.052251000000006
99,10/20/15 04:00,-64.874796,-3.0522849999999924
99,10/20/15 06:00,-64.874807,-3.052302999999996
99,10/20/15 08:00,-64.874809,-3.0522660000000035
99,10/20/15 10:00,-64.874852,-3.052232999999998
99,10/20/15 12:00,-64.874825,-3.0522530000000008
99,10/20/15 14:00,-64.874834,-3.0522280000000066
99,10/20/15 16:00,-64.874906,-3.052229000000006
99,10/20/15 18:00,-64.85804521543488,-3.066565144310898
99,10/20/15 20:00,-64.874859,-3.052216
99,10/20/15 22:00,-64.874123,-3.051754999999996
99,10/21/15 00:00,-64.8726,-3.046138999999997
99,10/21/15 02:00,-64.876448,-3.054190000000005
99,10/21/15 04:00,-64.875623,-3.0549839999999944
99,10/21/15 06:00,-64.875945,-3.056000999999992
99,10/21/15 08:00,-64.875984,-3.0559290000000066
99,10/21/15 10:00,-64.876351,-3.056191000000008
99,10/21/15 12:00,-64.876617,-3.0562
99,10/21/15 14:00,-64.87646,-3.056244999999998
99,10/21/15 16:00,-64.87631,-3.0560370000000074
99,10/21/15 18:00,-64.874814,-3.052757000000003
99,10/21/15 20:00,-64.879378,-3.054465999999999
99,10/21/15 22:00,-64.879445,-3.054214999999996
99,10/22/15 00:00,-64.879514,-3.0542160000000025
99,10/22/15 02:00,-64.879433,-3.054260000000005
99,10/22/15 04:00,-64.85814201864584,-3.066628271465832
99,10/22/15 06:00,-64.879064,-3.0552409999999983
99,10/22/15 08:00,-64.87900800000001,-3.055240999999999
99,10/22/15 10:00,-64.879069,-3.055204000000002
99,10/22/15 12:00,-64.879109,-3.054662000000005
99,10/22/15 14:00,-64.879538,-3.054229999999996
99,10/22/15 16:00,-64.87954,-3.054208999999992
99,10/22/15 18:00,-64.879438,-3.054127999999995
99,10/22/15 20:00,-64.879455,-3.0542299999999947
99,10/22/15 22:00,-64.85804609002929,-3.066420466107449
99,10/23/15 00:00,-64.85806645328755,-3.066330007660372
99,10/23/15 02:00,-64.883285,-3.053308999999991
99,10/23/15 04:00,-64.85802030819978,-3.0663029612816644
99,10/23/15 06:00,-64.85804021854841,-3.066275799671928
99,10/23/15 08:00,-64.85808169442008,-3.0663661502409645
99,10/23/15 10:00,-64.883201,-3.053466999999997
99,10/23/15 12:00,-64.883348,-3.053308999999996
99,10/23/15 14:00,-64.88333400000002,-3.0532879999999927
99,10/23/15 16:00,-64.875422,-3.054719999999997
99,10/23/15 18:00,-64.8731,-3.055356000000001
99,10/23/15 20:00,-64.875586,-3.059816999999996
99,10/23/15 22:00,-64.8580162323727,-3.066384349024417
99,10/24/15 00:00,-64.868993,-3.059351000000004
99,10/24/15 02:00,-64.85800839329023,-3.066239686018337
99,10/24/15 04:00,-64.85799032568687,-3.0661945060717017
99,10/24/15 06:00,-64.85796594916069,-3.0662397600565274
99,10/24/15 08:00,-64.868549,-3.0546530000000085
99,10/24/15 10:00,-64.868586,-3.0548689999999925
99,10/24/15 12:00,-64.868584,-3.054760000000005
99,10/24/15 14:00,-64.86853,-3.0547899999999992
99,10/24/15 16:00,-64.872614,-3.050569999999997
99,10/24/15 18:00,-64.870969,-3.0489310000000067
99,10/24/15 20:00,-64.872379,-3.0442550000000046
99,10/24/15 22:00,-64.87699,-3.044391999999999
99,10/25/15 00:00,-64.85798798294812,-3.066628540206003
99,10/25/15 02:00,-64.884568,-3.039818999999995
99,10/25/15 04:00,-64.884281,-3.039784999999999
99,10/25/15 06:00,-64.85796287243176,-3.066737091526236
99,10/25/15 08:00,-64.88449,-3.039848999999996
99,10/25/15 10:00,-64.884389,-3.0398760000000054
99,10/25/15 12:00,-64.884704,-3.039791000000006
99,10/25/15 14:00,-64.884493,-3.0398389999999966
99,10/25/15 16:00,-64.884584,-3.0398059999999982
99,10/25/15 18:00,-64.884414,-3.039899000000004
99,10/25/15 20:00,-64.88447000000001,-3.0397929999999977
99,10/25/15 22:00,-64.8578031838806,-3.066556524239807
99,10/26/15 00:00,-64.85786900521765,-3.066420775021793
99,10/26/15 02:00,-64.873086,-3.044106
99,10/26/15 04:00,-64.85784283290992,-3.0664027360885817
99,10/26/15 06:00,-64.871237,-3.041482000000006
99,10/26/15 08:00,-64.871244,-3.041417000000006
99,10/26/15 10:00,-64.85779393937545,-3.06641186366733
99,10/26/15 12:00,-64.85784138065276,-3.06637561174154
99,10/26/15 14:00,-64.87127,-3.0415669999999992
99,10/26/15 16:00,-64.870943,-3.0418739999999964
99,10/26/15 18:00,-64.868545,-3.0404419999999948
99,10/26/15 20:00,-64.870661,-3.033926000000004
99,10/26/15 22:00,-64.85779342387299,-3.0666017527330407
99,10/27/15 00:00,-64.882793,-3.029261999999997
99,10/27/15 02:00,-64.882786,-3.029324999999992
99,10/27/15 04:00,-64.85774523297387,-3.066692259734436
99,10/27/15 06:00,-64.882747,-3.0293019999999964
99,10/27/15 08:00,-64.882739,-3.029417000000004
99,10/27/15 10:00,-64.875792,-3.033341000000001
99,10/27/15 12:00,-64.85770989418756,-3.0665747715560454
99,10/27/15 14:00,-64.85784355116071,-3.066493157769681
99,10/27/15 16:00,-64.876316,-3.040270999999997
99,10/27/15 18:00,-64.878278,-3.040905999999999
99,10/27/15 20:00,-64.878267,-3.041007000000008
99,10/27/15 22:00,-64.85785930764293,-3.0665021725776294
99,10/28/15 00:00,-64.85795000510213,-3.066447760604329
99,10/28/15 02:00,-64.85806512578345,-3.0665379826982395
99,10/28/15 04:00,-64.896087,-3.035403999999992
99,10/28/15 06:00,-64.891659,-3.032760000000007
99,10/28/15 08:00,-64.891264,-3.0335700000000063
99,10/28/15 10:00,-64.891102,-3.0332679999999987
99,10/28/15 12:00,-64.85779190904161,-3.066701220605428
99,10/28/15 14:00,-64.85795280023792,-3.066601474706369
99,10/28/15 16:00,-64.891131,-3.0329569999999992
99,10/28/15 18:00,-64.890957,-3.0329080000000053
99,10/28/15 20:00,-64.85781783162392,-3.066574583275571
99,10/28/15 22:00,-64.85792169335602,-3.066493021457376
99,10/29/15 00:00,-64.85803283199584,-3.066556123622653
99,10/29/15 02:00,-64.888157,-3.036721000000005
99,10/29/15 04:00,-64.888247,-3.0367130000000007
99,10/29/15 06:00,-64.888363,-3.036782000000003
99,10/29/15 08:00,-64.888345,-3.036775000000004
99,10/29/15 10:00,-64.888379,-3.0367369999999947
99,10/29/15 12:00,-64.888237,-3.0369270000000035
99,10/29/15 14:00,-64.888369,-3.0367459999999933
99,10/29/15 16:00,-64.8578812009655,-3.0668095723546025
99,10/29/15 18:00,-64.883896,-3.036180999999996
99,10/29/15 20:00,-64.85796883770169,-3.066773250289877
99,10/29/15 22:00,-64.887737,-3.0354120000000075
99,10/30/15 00:00,-64.886614,-3.037042999999999
99,10/30/15 02:00,-64.88661,-3.039275999999992
99,10/30/15 04:00,-64.886706,-3.0391629999999954
99,10/30/15 06:00,-64.886576,-3.039204000000002
99,10/30/15 08:00,-64.886674,-3.039122
99,10/30/15 10:00,-64.886685,-3.039238999999996
99,10/30/15 12:00,-64.85796366876347,-3.066872724527833
99,10/30/15 14:00,-64.886453,-3.039274999999998
99,10/30/15 16:00,-64.886405,-3.038992000000001
99,10/30/15 18:00,-64.886646,-3.042150999999993
99,10/30/15 20:00,-64.883854,-3.043088999999998
99,10/30/15 22:00,-64.883375,-3.0433980000000003
99,10/31/15 00:00,-64.885446,-3.0482279999999977
99,10/31/15 02:00,-64.85801448318155,-3.0666737054360964
99,10/31/15 04:00,-64.85813530377935,-3.066646367765212
99,10/31/15 06:00,-64.888802,-3.0485740000000043
99,10/31/15 08:00,-64.888848,-3.0485209999999987
99,10/31/15 10:00,-64.888825,-3.0486229999999925
99,10/31/15 12:00,-64.888714,-3.048591000000004
99,10/31/15 14:00,-64.888925,-3.048601000000001
99,10/31/15 16:00,-64.892763,-3.047212
99,10/31/15 18:00,-64.895846,-3.040476000000004
99,10/31/15 20:00,-64.85794455505842,-3.0665472353332333
99,10/31/15 22:00,-64.8579939796752,-3.066357260965603
99,11/01/15 00:00,-64.85803098950431,-3.066302942648768
99,11/01/15 02:00,-64.85807747811553,-3.06636615759642
99,11/01/15 04:00,-64.85818825750317,-3.066546810165849
99,11/01/15 06:00,-64.89682,-3.038555000000004
99,11/01/15 08:00,-64.896778,-3.0384459999999924
99,11/01/15 10:00,-64.896885,-3.0384299999999995
99,11/01/15 12:00,-64.896875,-3.0384679999999964
99,11/01/15 14:00,-64.896824,-3.0384080000000067
99,11/01/15 16:00,-64.896833,-3.038422
99,11/01/15 18:00,-64.896915,-3.037571000000004
99,11/01/15 20:00,-64.903099,-3.0350170000000087
99,11/01/15 22:00,-64.904802,-3.0452160000000066
99,11/02/15 00:00,-64.85822843712168,-3.067188742749033
99,11/02/15 02:00,-64.903316,-3.051410000000005
99,11/02/15 04:00,-64.903385,-3.051563999999993
99,11/02/15 06:00,-64.903283,-3.0515150000000006
99,11/02/15 08:00,-64.903351,-3.051464000000008
99,11/02/15 10:00,-64.903308,-3.051542999999996
99,11/02/15 12:00,-64.903377,-3.0516029999999983
99,11/02/15 14:00,-64.900925,-3.0479380000000043
99,11/02/15 16:00,-64.85817390625034,-3.067026076662388
99,11/02/15 18:00,-64.898968,-3.034811999999992
99,11/02/15 20:00,-64.902752,-3.024481999999999
99,11/02/15 22:00,-64.8951,-3.022680999999996
99,11/03/15 00:00,-64.85772269918161,-3.066665172160143
99,11/03/15 02:00,-64.85785167146898,-3.066475059018074
99,11/03/15 04:00,-64.85793790275217,-3.0664387394233064
99,11/03/15 06:00,-64.85806340804147,-3.066519901110514
99,11/03/15 08:00,-64.896404,-3.0224260000000065
99,11/03/15 10:00,-64.895163,-3.0220429999999943
99,11/03/15 12:00,-64.85792241139877,-3.066908965680659
99,11/03/15 14:00,-64.901771,-3.0443129999999923
99,11/03/15 16:00,-64.89784,-3.0493850000000005
99,11/03/15 18:00,-64.8974,-3.040344999999997
99,11/03/15 20:00,-64.85791930393313,-3.0667371675361346
99,11/03/15 22:00,-64.85803155144063,-3.0666284641959844
99,11/04/15 00:00,-64.891192,-3.036283000000008
99,11/04/15 02:00,-64.891345,-3.0362819999999995
99,11/04/15 04:00,-64.85785331102777,-3.066610690558045
99,11/04/15 06:00,-64.857934451534,-3.066556295251724
99,11/04/15 08:00,-64.85805321075334,-3.066637468700566
99,11/04/15 10:00,-64.895254,-3.022169
99,11/04/15 12:00,-64.895275,-3.0221190000000067
99,11/04/15 14:00,-64.89519,-3.022102000000004
99,11/04/15 16:00,-64.895235,-3.022004999999997
99,11/04/15 18:00,-64.89528,-3.0228009999999985
99,11/04/15 20:00,-64.895281,-3.0226930000000007
99,11/04/15 22:00,-64.895301,-3.0229249999999954
99,11/05/15 00:00,-64.890756,-3.0291580000000087
99,11/05/15 02:00,-64.85756981900337,-3.0666835234168945
99,11/05/15 04:00,-64.85771303312933,-3.066439131669952
99,11/05/15 06:00,-64.85777438830371,-3.066321474832149
99,11/05/15 08:00,-64.8577912223109,-3.0663033608825234
99,11/05/15 10:00,-64.85779298686603,-3.0663485692731185
99,11/05/15 12:00,-64.85784120881789,-3.0664389080951744
99,11/05/15 14:00,-64.890802,-3.029281000000005
99,11/05/15 16:00,-64.89082,-3.0293489999999945
99,11/05/15 18:00,-64.886385,-3.033212999999998
99,11/12/15 14:07,-64.862254,-3.0672519999999928
99,11/12/15 16:08,-64.86831,-3.068217000000001
99,11/12/15 18:09,-64.87221898916214,-3.0610516949109683
99,11/12/15 20:10,-64.8723772673832,-3.0607439816942774
99,11/12/15 22:11,-64.87244249285858,-3.0605901495120453
99,11/13/15 00:12,-64.871485,-3.0689229999999954
99,11/13/15 02:13,-64.871409,-3.0690779999999984
99,11/13/15 04:14,-64.871558,-3.068931000000004
99,11/13/15 06:15,-64.87274568578482,-3.060372604226297
99,11/13/15 08:16,-64.87267760088247,-3.060336554833152
99,11/13/15 10:17,-64.871392,-3.0689329999999915
99,11/13/15 12:18,-64.871889,-3.0685890000000007
99,11/13/15 14:19,-64.871771,-3.068665999999995
99,11/13/15 16:20,-64.871818,-3.068697999999996
99,11/13/15 18:21,-64.871549,-3.0689760000000046
99,11/13/15 20:22,-64.87279164208793,-3.0602911436206344
99,11/13/15 22:23,-64.87273420694567,-3.0602369911045044
99,11/14/15 00:24,-64.87269315312481,-3.0602280209268016
99,11/14/15 02:25,-64.872667012404,-3.0602280667969386
99,11/14/15 04:26,-64.87264510362819,-3.060237147458813
99,11/14/15 06:27,-64.87260272288967,-3.060273390697543
99,11/14/15 08:28,-64.871406,-3.0689680000000066
99,11/14/15 10:29,-64.871789,-3.0693360000000025
99,11/14/15 12:30,-64.871365,-3.069343000000001
99,11/14/15 14:31,-64.871339,-3.0692629999999914
99,11/14/15 16:32,-64.87277588573745,-3.0602821290535096
99,11/14/15 18:33,-64.87272294792442,-3.06022796864393
99,11/14/15 20:34,-64.87268414276791,-3.0602189945197096
99,11/14/15 22:35,-64.87265464475098,-3.060228088498717
99,11/15/15 00:36,-64.87261448127774,-3.0602462434101003
99,11/15/15 02:37,-64.871398,-3.0701019999999994
99,11/15/15 04:38,-64.87270814472873,-3.0602822479273164
99,11/15/15 06:39,-64.8726887185984,-3.0602641975801244
99,11/15/15 08:40,-64.87265420818711,-3.06030042700985
99,11/15/15 10:41,-64.874572,-3.068400999999996
99,11/15/15 12:42,-64.874638,-3.0683040000000057
99,11/15/15 14:43,-64.87277074928143,-3.0603996868950487
99,11/15/15 16:44,-64.876479,-3.066477999999995
99,11/15/15 18:45,-64.877662,-3.068416999999997
99,11/15/15 20:46,-64.87281740906704,-3.0603996050097493
99,11/15/15 22:47,-64.875416,-3.0801229999999973
99,11/16/15 00:48,-64.875691,-3.0803759999999984
99,11/16/15 02:49,-64.87292326744928,-3.060336123709569
99,11/16/15 04:50,-64.8728383332723,-3.060309146116572
99,11/16/15 06:51,-64.87532,-3.081158000000002
99,11/16/15 08:52,-64.875386,-3.081148000000007
99,11/16/15 10:53,-64.875429,-3.081124999999993
99,11/16/15 12:54,-64.875456,-3.081069000000003
99,11/16/15 14:55,-64.875428,-3.0801710000000018
99,11/16/15 16:56,-64.87295328051871,-3.060299902169021
99,11/16/15 18:57,-64.87281715783566,-3.060254929974096
99,11/16/15 20:58,-64.871026,-3.077350999999993
99,11/16/15 22:59,-64.870978,-3.077448
99,11/17/15 01:00,-64.870945,-3.077395000000005
99,11/17/15 03:01,-64.87284473537362,-3.060272966012699
99,11/17/15 05:02,-64.870942,-3.0774420000000045
99,11/17/15 07:03,-64.87283934769111,-3.060245848816089
99,11/17/15 09:04,-64.87274741784722,-3.0602369679220027
99,11/17/15 11:05,-64.870979,-3.077379000000005
99,11/17/15 13:06,-64.870921,-3.077389999999999
99,11/17/15 15:07,-64.870983,-3.077477
99,11/17/15 17:08,-64.870802,-3.077441999999993
99,11/17/15 19:09,-64.871045,-3.077431999999995
99,11/17/15 21:10,-64.87288742858536,-3.0602548066548594
99,11/17/15 23:11,-64.87277774340991,-3.060218830271054
99,11/18/15 01:12,-64.870975,-3.0774149999999927
99,11/18/15 03:13,-64.87281208264004,-3.060245896663134
99,11/18/15 05:14,-64.87273420694567,-3.0602369911045044
99,11/18/15 07:15,-64.871035,-3.0773670000000064
99,11/18/15 09:16,-64.871024,-3.0773170000000003
99,11/18/15 11:17,-64.87102,-3.077376
99,11/18/15 13:18,-64.870455,-3.077080999999999
99,11/18/15 15:19,-64.870591,-3.077090999999996
99,11/18/15 17:20,-64.871138,-3.0773329999999928
99,11/18/15 19:21,-64.871015,-3.077418999999996
99,11/18/15 21:22,-64.870935,-3.0774420000000053
99,11/18/15 23:23,-64.870835,-3.077402999999998
99,11/19/15 01:24,-64.87289949945176,-3.0602457432541708
99,11/19/15 03:25,-64.87281144196714,-3.060200686700783
99,11/19/15 05:26,-64.87274819829295,-3.060200797681841
99,11/19/15 07:27,-64.87267741247577,-3.0602280485476063
99,11/19/15 09:28,-64.871078,-3.077503000000003
99,11/19/15 11:29,-64.870404,-3.0770449999999925
99,11/19/15 13:30,-64.870376,-3.0770620000000046
99,11/19/15 15:31,-64.87279866916337,-3.060291131288941
99,11/19/15 17:32,-64.870595,-3.0770060000000035
99,11/19/15 19:33,-64.870473,-3.0770860000000027
99,11/19/15 21:34,-64.87282109299771,-3.06025492306834
99,11/19/15 23:35,-64.87274933832573,-3.0602098378989795
99,11/20/15 01:36,-64.87270155421444,-3.060209921749151
99,11/20/15 03:37,-64.87267430486231,-3.0602190117826056
99,11/20/15 05:38,-64.87266110966053,-3.060228077154624
99,11/20/15 07:39,-64.87265272427025,-3.0602552185230527
99,11/20/15 09:40,-64.87262808316422,-3.0603095150708337
99,11/20/15 11:41,-64.874321,-3.070707999999994
99,11/20/15 13:42,-64.876596,-3.066574999999993
99,11/20/15 15:43,-64.877071,-3.066313999999999
99,11/20/15 17:44,-64.8768,-3.065893
99,11/20/15 19:45,-64.86797,-3.068268999999994
99,11/20/15 21:46,-64.8727162804357,-3.060273191432966
99,11/20/15 23:47,-64.864202,-3.0720529999999933
99,11/21/15 01:48,-64.87268470493396,-3.060218993533256
99,11/21/15 03:49,-64.864166,-3.0719750000000072
99,11/21/15 05:50,-64.87272488410423,-3.060209880810805
99,11/21/15 07:51,-64.87268550108232,-3.060191865482274
99,11/21/15 09:52,-64.87265487873395,-3.060200961433724
99,11/21/15 11:53,-64.87262480285091,-3.0602010142074434
99,11/21/15 13:54,-64.87256380783418,-3.060201121231921
99,11/21/15 15:55,-64.864379,-3.0720879999999946
99,11/21/15 17:56,-64.864332,-3.0719419999999977
99,11/21/15 19:57,-64.87273569086538,-3.060282199589108
99,11/21/15 21:58,-64.87268739168658,-3.060309410998351
99,11/21/15 23:59,-64.867126,-3.056439000000001
99,11/22/15 02:00,-64.8727788865477,-3.0605533903115694
99,11/22/15 04:01,-64.890989,-3.0527689999999934
99,11/22/15 06:02,-64.890343,-3.047589999999991
99,11/22/15 08:03,-64.890424,-3.047329000000001
99,11/22/15 10:04,-64.87288946533498,-3.060942011562615
99,11/22/15 12:05,-64.90478900000001,-3.043652999999999
99,11/22/15 14:06,-64.904883,-3.043649999999998
99,11/22/15 16:07,-64.87288863941934,-3.061113815131768
99,11/22/15 18:08,-64.904899,-3.043413000000001
99,11/22/15 20:09,-64.904826,-3.0436060000000014
99,11/22/15 22:10,-64.904715,-3.043645000000008
99,11/23/15 00:11,-64.87281413665936,-3.061104903697138
99,11/23/15 02:12,-64.898058,-3.040613999999999
99,11/23/15 04:13,-64.898082,-3.040467999999998
99,11/23/15 06:14,-64.87281323058635,-3.0610687364188647
99,11/23/15 08:15,-64.900857,-3.041406000000002
99,11/23/15 10:16,-64.901031,-3.041260999999996
99,11/23/15 12:17,-64.902226,-3.041606999999999
99,11/23/15 14:18,-64.902298,-3.041375999999995
99,11/23/15 16:19,-64.87265196416489,-3.060788710725245
99,11/23/15 18:20,-64.87268255355626,-3.060598770463004
99,11/23/15 20:21,-64.87271423743617,-3.060553503769922
99,11/23/15 22:22,-64.895751,-3.052972999999992
99,11/24/15 00:23,-64.8726744948064,-3.0604902779898326
99,11/24/15 02:24,-64.87265548952628,-3.0603908469425827
99,11/24/15 04:25,-64.87260708043651,-3.060354763016727
99,11/24/15 06:26,-64.8703,-3.0634950000000027
99,11/24/15 08:27,-64.87008000000002,-3.063529999999991
99,11/24/15 10:28,-64.870416,-3.063382000000003
99,11/24/15 12:29,-64.870268,-3.063376
99,11/24/15 14:30,-64.87279276797277,-3.060453901558113
99,11/24/15 16:31,-64.891114,-3.052655999999996
99,11/24/15 18:32,-64.87274047082083,-3.0604449511192846
99,11/24/15 20:33,-64.87273842473041,-3.0603997436216206
99,11/24/15 22:34,-64.87274913729009,-3.0604178092574337
99,11/25/15 00:35,-64.87279036384581,-3.060526243516478
99,11/25/15 02:36,-64.895656,-3.053193999999993
99,11/25/15 04:37,-64.87284984670545,-3.0607883634165733
99,11/25/15 06:38,-64.895515,-3.053201999999998
99,11/25/15 08:39,-64.89589,-3.0531109999999995
99,11/25/15 10:40,-64.895668,-3.0535090000000027
99,11/25/15 12:41,-64.895104,-3.0537080000000065
99,11/25/15 14:42,-64.895198,-3.053685999999994
99,11/25/15 16:43,-64.87278390209623,-3.0608517746833823
99,11/25/15 18:44,-64.892088,-3.053717000000004
99,11/25/15 20:45,-64.8858,-3.052536000000005
99,11/25/15 22:46,-64.879999,-3.050376000000003
99,11/26/15 00:47,-64.865481,-3.0529549999999945
99,11/26/15 02:48,-64.858918,-3.052112999999995
99,11/26/15 04:49,-64.87243141772136,-3.060201353517312
99,11/26/15 06:50,-64.85843100000001,-3.0523070000000025
99,11/26/15 08:51,-64.858551,-3.051238000000002
99,11/26/15 10:52,-64.858409,-3.0511610000000005
99,11/26/15 12:53,-64.858364,-3.0512300000000026
99,11/26/15 14:54,-64.858288,-3.051187999999996
99,11/26/15 16:55,-64.85699,-3.047584999999992
99,11/26/15 18:56,-64.87252023996376,-3.0602011976758456
99,11/26/15 20:57,-64.87254104010849,-3.0602011611802578
99,11/26/15 22:58,-64.87253343516761,-3.060192132305037
99,11/27/15 00:59,-64.87249965810761,-3.060165064912242
99,11/27/15 03:00,-64.87241241248238,-3.060101922448232
99,11/27/15 05:01,-64.857187,-3.059549000000004
99,11/27/15 07:02,-64.857367,-3.059595999999998
99,11/27/15 09:03,-64.857226,-3.059656000000003
99,11/27/15 11:04,-64.857133,-3.0593410000000034
99,11/27/15 13:05,-64.857208,-3.0594279999999965
99,11/27/15 15:06,-64.87246321002145,-3.060056622231268
99,11/27/15 17:07,-64.85729,-3.059574000000002
99,11/27/15 19:08,-64.857365,-3.0595100000000053
99,11/27/15 21:09,-64.87249136541595,-3.060083699491033
99,11/27/15 23:10,-64.858658,-3.062982000000005
99,11/28/15 01:11,-64.87247392257127,-3.0600746878749083
99,11/28/15 03:12,-64.858564,-3.0627340000000056
99,11/28/15 05:13,-64.858671,-3.062835999999997
99,11/28/15 07:14,-64.858575,-3.062867000000005
99,11/28/15 09:15,-64.858592,-3.062883000000005
99,11/28/15 11:16,-64.858846,-3.063004999999994
99,11/28/15 13:17,-64.858506,-3.0626529999999965
99,11/28/15 15:18,-64.858563,-3.062759000000005
99,11/28/15 17:19,-64.860236,-3.0688590000000047
99,11/28/15 19:20,-64.874696,-3.064568999999995
99,11/28/15 21:21,-64.87279331288448,-3.060282098471172
99,11/28/15 23:22,-64.87275680349464,-3.0603002469752
99,11/29/15 01:23,-64.877823,-3.0820300000000054
99,11/29/15 03:24,-64.877899,-3.082730999999992
99,11/29/15 05:25,-64.87290952578746,-3.0603542322601003
99,11/29/15 07:26,-64.87282234294427,-3.0603272586129333
99,11/29/15 09:27,-64.877943,-3.0829059999999955
99,11/29/15 11:28,-64.878619,-3.088842999999992
99,11/29/15 13:29,-64.8728532149699,-3.0603000777829754
99,11/29/15 15:30,-64.864878,-3.068752999999993
99,11/29/15 17:31,-64.87282355993855,-3.060218749870075
99,11/29/15 19:32,-64.87279457698759,-3.0602007162960985
99,11/29/15 21:33,-64.87278647268411,-3.060227857170128
99,11/29/15 23:34,-64.87277815010302,-3.0602911672973563
99,11/30/15 01:35,-64.878342,-3.088838000000002
99,11/30/15 03:36,-64.877179,-3.084648000000007
99,11/30/15 05:37,-64.876981,-3.084801000000003
99,11/30/15 07:38,-64.876954,-3.084817
99,11/30/15 09:39,-64.876981,-3.0847699999999945
99,11/30/15 11:40,-64.876962,-3.084717999999994
99,11/30/15 13:41,-64.876948,-3.0846510000000054
99,11/30/15 15:42,-64.87616,-3.084257999999992
99,11/30/15 17:43,-64.874685,-3.0817379999999965
99,11/30/15 19:44,-64.88095,-3.081391999999995
99,11/30/15 21:45,-64.877483,-3.0810019999999927
99,11/30/15 23:46,-64.87300193928286,-3.0603179012026924
99,12/01/15 01:47,-64.87285594728985,-3.060254861902449
99,12/01/15 03:48,-64.87153,-3.079661000000004
99,12/01/15 05:49,-64.87281355086148,-3.0602820629558427
99,12/01/15 07:50,-64.871365,-3.079668999999997
99,12/01/15 09:51,-64.871212,-3.0798379999999974
99,12/01/15 11:52,-64.871511,-3.079727999999999
99,12/01/15 13:53,-64.87279937109966,-3.060209750100628
99,12/01/15 15:54,-64.863561,-3.0784670000000056
99,12/01/15 17:55,-64.86373,-3.0783999999999936
99,12/01/15 19:56,-64.864068,-3.072741000000008
99,12/01/15 21:57,-64.87280524244014,-3.0601916553626163
99,12/01/15 23:58,-64.87273439382469,-3.060182737470189
99,12/02/15 01:59,-64.87267625674323,-3.060209966139554
99,12/02/15 04:00,-64.87260687633602,-3.060237214535987
99,12/02/15 06:01,-64.86953,-3.064772000000004
99,12/02/15 08:02,-64.869386,-3.0647650000000017
99,12/02/15 10:03,-64.87264357413277,-3.060327572324517
99,12/02/15 12:04,-64.869734,-3.064666000000003
99,12/02/15 14:05,-64.869392,-3.0647750000000062
99,12/02/15 16:06,-64.872217,-3.0615060000000067
99,12/02/15 18:07,-64.868889,-3.050501000000002
99,12/02/15 20:08,-64.87264950981421,-3.0605084062715373
99,12/02/15 22:09,-64.87905,-3.0303529999999954
99,12/03/15 00:10,-64.887618,-3.027048999999996
99,12/03/15 02:11,-64.87250683103343,-3.060734712115836
99,12/03/15 04:12,-64.887085,-3.026874000000004
99,12/03/15 06:13,-64.887218,-3.026925999999993
99,12/03/15 08:14,-64.87246673034582,-3.0607890358005805
99,12/03/15 10:15,-64.887368,-3.0263190000000053
99,12/03/15 12:16,-64.887743,-3.026148999999993
99,12/03/15 14:17,-64.87244213479839,-3.0607076989895945
99,12/03/15 16:18,-64.882007,-3.0285099999999963
99,12/03/15 18:19,-64.8724776596533,-3.060608172241482
99,12/03/15 20:20,-64.87253382917977,-3.0605809470195005
99,12/03/15 22:21,-64.884271,-3.0466719999999965
99,12/04/15 00:22,-64.880021,-3.0445800000000007
99,12/04/15 02:23,-64.871724,-3.0446280000000043
99,12/04/15 04:24,-64.87246679009122,-3.060499684686244
99,12/04/15 06:25,-64.870549,-3.044811999999995
99,12/04/15 08:26,-64.87046700000002,-3.044852000000006
99,12/04/15 10:27,-64.870534,-3.04483
99,12/04/15 12:28,-64.869794,-3.0442190000000067
99,12/04/15 14:29,-64.869614,-3.0442180000000003
99,12/04/15 16:30,-64.866499,-3.0420469999999944
99,12/04/15 18:31,-64.869383,-3.049900999999996
99,12/04/15 20:32,-64.87245645130571,-3.060373111759759
99,12/04/15 22:33,-64.866715,-3.0420589999999974
99,12/05/15 00:34,-64.87243416724682,-3.0603279397631056
99,12/05/15 02:35,-64.866518,-3.042103999999998
99,12/05/15 04:36,-64.87240349779336,-3.060309909135378
99,12/05/15 06:37,-64.866184,-3.040015999999994
99,12/05/15 08:38,-64.866222,-3.0400599999999995
99,12/05/15 10:39,-64.87238101114636,-3.0603099485885523
99,12/05/15 12:40,-64.866056,-3.0400380000000093
99,12/05/15 14:41,-64.866161,-3.040042000000001
99,12/05/15 16:42,-64.87246079164542,-3.0602826819528848
99,12/05/15 18:43,-64.87249019547563,-3.060219334828671
99,12/05/15 20:44,-64.87248023198175,-3.060147014557756
99,12/05/15 22:45,-64.8724325405785,-3.0600385915998216
99,12/06/15 00:46,-64.87230851874406,-3.05983988033699
99,12/06/15 02:47,-64.837977,-3.0705740000000032
99,12/06/15 04:48,-64.837523,-3.070466000000005
99,12/06/15 06:49,-64.837648,-3.070513000000008
99,12/06/15 08:50,-64.837422,-3.070487000000006
99,12/06/15 10:51,-64.837462,-3.070415000000008
99,12/06/15 12:52,-64.837545,-3.0704119999999926
99,12/06/15 14:53,-64.87251524029783,-3.0599118554437927
99,12/06/15 16:54,-64.87249686149349,-3.060011352096414
99,12/06/15 18:55,-64.87246233537734,-3.060038539327456
99,12/06/15 20:56,-64.87239982507128,-3.059975353458937
99,12/06/15 22:57,-64.87226965081884,-3.059794737416234
99,12/07/15 00:58,-64.836544,-3.063503000000003
99,12/07/15 02:59,-64.839243,-3.063782000000002
99,12/07/15 05:00,-64.839186,-3.0637089999999927
99,12/07/15 07:01,-64.839099,-3.063748
99,12/07/15 09:02,-64.839134,-3.063690000000004
99,12/07/15 11:03,-64.839121,-3.063701000000004
99,12/07/15 13:04,-64.839183,-3.063706999999998
99,12/07/15 15:05,-64.839431,-3.0636650000000003
99,12/07/15 17:06,-64.87228257922065,-3.059631954775872
99,12/07/15 19:07,-64.825793,-3.0692390000000067
99,12/07/15 21:08,-64.87236595240894,-3.0597312729507435
99,12/07/15 23:09,-64.87225134762811,-3.0596139251158028
99,12/08/15 01:10,-64.82602,-3.0754529999999938
99,12/08/15 03:11,-64.828893,-3.071197
99,12/08/15 05:12,-64.87224008722649,-3.0594421426790017
99,12/08/15 07:13,-64.828901,-3.071308999999999
99,12/08/15 09:14,-64.828871,-3.071231000000001
99,12/08/15 11:15,-64.828776,-3.0711980000000056
99,12/08/15 13:16,-64.828904,-3.071135999999996
99,12/08/15 15:17,-64.8725182694215,-3.059875681253906
99,12/08/15 17:18,-64.87255059543877,-3.060038384478026
99,12/08/15 19:19,-64.87258196833687,-3.060137793837423
99,12/08/15 21:20,-64.87261187303187,-3.0602010368949504
99,12/08/15 23:21,-64.87263756148661,-3.060264287347738
99,12/09/15 01:22,-64.8726497893611,-3.060345645854552
99,12/09/15 03:23,-64.879462,-3.0681870000000044
99,12/09/15 05:24,-64.87982,-3.065912000000005
99,12/09/15 07:25,-64.879563,-3.066020000000006
99,12/09/15 09:26,-64.87283333815029,-3.060508083660824
99,12/09/15 11:27,-64.879681,-3.066065
99,12/09/15 13:28,-64.879597,-3.066066999999998
99,12/09/15 15:29,-64.880503,-3.070892999999994
99,12/09/15 17:30,-64.878133,-3.0800459999999985
99,12/09/15 19:31,-64.87294172628468,-3.060444597913208
99,12/09/15 21:32,-64.87289472260491,-3.0604085115412234
99,12/09/15 23:33,-64.87291062028856,-3.0604989058078136
99,12/10/15 01:34,-64.907205,-3.0601829999999994
99,12/10/15 03:35,-64.87287796912658,-3.060634596367705
99,12/10/15 05:36,-64.87289880068393,-3.0606526442384867
99,12/10/15 07:37,-64.89279,-3.067859999999992
99,12/10/15 09:38,-64.89297,-3.067939000000006
99,12/10/15 11:39,-64.89275,-3.0678469999999933
99,12/10/15 13:40,-64.891476,-3.070414000000008
99,12/10/15 15:41,-64.887318,-3.082981999999993
99,12/10/15 17:42,-64.87291721082971,-3.0605712319745635
99,12/10/15 19:43,-64.87279076898666,-3.060435820631472
99,12/10/15 21:44,-64.871154,-3.0494960000000035
99,12/10/15 23:45,-64.885492,-3.048206000000006
99,12/11/15 01:46,-64.87269298348352,-3.060454076672584
99,12/11/15 03:47,-64.87269374822543,-3.06040886424102
99,12/11/15 05:48,-64.87270477327104,-3.0604450137650088
99,12/11/15 07:49,-64.891318,-3.051377000000007
99,12/11/15 09:50,-64.8726866284845,-3.060517383350371
99,12/11/15 11:51,-64.8727149864727,-3.0604992491487
99,12/11/15 13:52,-64.89399800000001,-3.0395199999999947
99,12/11/15 15:53,-64.87265375746381,-3.0605264832536547
99,12/11/15 17:54,-64.87268742462845,-3.060490255299425
99,12/11/15 19:55,-64.8727229353099,-3.0605444462877567
99,12/11/15 21:56,-64.888842,-3.054903000000008
99,12/11/15 23:57,-64.888813,-3.0549249999999994
99,12/12/15 01:58,-64.883969,-3.0625020000000043
99,12/12/15 03:59,-64.87279405090783,-3.060707081392842
99,12/12/15 06:00,-64.884232,-3.0559340000000046
99,12/12/15 08:01,-64.89369100000002,-3.039837999999996
99,12/12/15 10:02,-64.87271081889459,-3.060689143036156
99,12/12/15 12:03,-64.87274873371096,-3.060670992058633
99,12/12/15 14:04,-64.893647,-3.0397139999999983
99,12/12/15 16:05,-64.893553,-3.039686999999999
99,12/12/15 18:06,-64.87266320749166,-3.0607886909927786
99,12/12/15 20:07,-64.893611,-3.039667999999999
99,12/12/15 22:08,-64.87263163196069,-3.0607344930996687
99,12/13/15 00:09,-64.886586,-3.037483999999995
99,12/13/15 02:10,-64.8726108632115,-3.060752613984836
99,12/13/15 04:11,-64.884887,-3.0378159999999905
99,12/13/15 06:12,-64.885139,-3.0368889999999915
99,12/13/15 08:13,-64.885875,-3.037038999999994
99,12/13/15 10:14,-64.88517,-3.036772000000007
99,12/13/15 12:15,-64.885152,-3.036866999999992
99,12/13/15 14:16,-64.88468100000001,-3.035502000000002
99,12/13/15 16:17,-64.883127,-3.043225999999993
99,12/13/15 18:18,-64.8884,-3.0535960000000024
99,12/13/15 20:19,-64.87265672531355,-3.060616900226183
99,12/13/15 22:20,-64.87268152188362,-3.060490265658109
99,12/14/15 00:21,-64.87269665326512,-3.0604631124504373
99,12/14/15 02:22,-64.87271614220913,-3.0605173315560257
99,12/14/15 04:23,-64.87276808133667,-3.0606438314498203
99,12/14/15 06:24,-64.8948,-3.040468000000004
99,12/14/15 08:25,-64.894805,-3.0405660000000028
99,12/14/15 10:26,-64.894693,-3.0405650000000004
99,12/14/15 12:27,-64.894763,-3.040541000000004
99,12/14/15 14:28,-64.894922,-3.040497
99,12/14/15 16:29,-64.87269237890833,-3.0609152308451857
99,12/14/15 18:30,-64.89473500000001,-3.040604999999995
99,12/14/15 20:31,-64.87270293443905,-3.0608428745763367
99,12/14/15 22:32,-64.895294,-3.040666999999993
99,12/15/15 00:33,-64.87268329002367,-3.060860993490088
99,12/15/15 02:34,-64.888461,-3.0375229999999944
99,12/15/15 04:35,-64.888516,-3.0377219999999987
99,12/15/15 06:36,-64.888581,-3.0373679999999994
99,12/15/15 08:37,-64.888481,-3.0374679999999983
99,12/15/15 10:38,-64.888479,-3.0374000000000017
99,12/15/15 12:39,-64.888544,-3.037480000000005
99,12/15/15 14:40,-64.888045,-3.0378089999999984
99,12/15/15 16:41,-64.887408,-3.0367399999999924
99,12/15/15 18:42,-64.87259413954376,-3.060834023299597
99,12/15/15 20:43,-64.87269189367791,-3.060797682864758
99,12/15/15 22:44,-64.897205,-3.0263470000000003
99,12/16/15 00:45,-64.897143,-3.0263789999999986
99,12/16/15 02:46,-64.87256651644356,-3.060951620618324
99,12/16/15 04:47,-64.895854,-3.0246820000000003
99,12/16/15 06:48,-64.895976,-3.024694000000006
99,12/16/15 08:49,-64.87247973868111,-3.0608342240674777
99,12/16/15 10:50,-64.87259624688673,-3.0607526396360005
99,12/16/15 12:51,-64.895937,-3.0245720000000067
99,12/16/15 14:52,-64.87255328826724,-3.060779841681532
99,12/16/15 16:53,-64.895872,-3.024636999999994
99,12/16/15 18:54,-64.8725037548199,-3.0607437597330147
99,12/16/15 20:55,-64.891223,-3.036382
99,12/16/15 22:56,-64.87246166931453,-3.0606262847388224
99,12/17/15 00:57,-64.874941,-3.043945999999999
99,12/17/15 02:58,-64.87243952502791,-3.0604997325277368
99,12/17/15 04:59,-64.870532,-3.0384610000000025
99,12/17/15 07:00,-64.870255,-3.038621999999996
99,12/17/15 09:01,-64.87045,-3.0385410000000093
99,12/17/15 11:02,-64.869931,-3.038631999999995
99,12/17/15 13:03,-64.870594,-3.038573000000006
99,12/17/15 15:04,-64.870661,-3.0386499999999925
99,12/17/15 17:05,-64.8724885575762,-3.060409224301119
99,12/17/15 19:06,-64.8725396048,-3.060345839198264
99,12/17/15 21:07,-64.87255528265293,-3.0603096428140724
99,12/17/15 23:08,-64.87255130039135,-3.0602825231456245
99,12/18/15 01:09,-64.87252964129671,-3.060273518930741
99,12/18/15 03:10,-64.87248718205589,-3.060264551210889
99,12/18/15 05:11,-64.87241233546959,-3.0602194714355555
99,12/18/15 07:12,-64.86206,-3.0402690000000017
99,12/18/15 09:13,-64.862019,-3.0404090000000004
99,12/18/15 11:14,-64.863618,-3.039175999999996
99,12/18/15 13:15,-64.87233516320663,-3.060291944588458
99,12/18/15 15:16,-64.863628,-3.0391950000000065
99,12/18/15 17:17,-64.864586,-3.0384759999999984
99,12/18/15 19:18,-64.87239484701138,-3.06034609319123
99,12/18/15 21:19,-64.866795,-3.0357239999999965
99,12/18/15 23:20,-64.8724196922159,-3.060409345134377
99,12/19/15 01:21,-64.871098,-3.048224000000007
99,12/19/15 03:22,-64.871085,-3.0483050000000023
99,12/19/15 05:23,-64.872838,-3.048807999999996
99,12/19/15 07:24,-64.873564,-3.048889000000002
99,12/19/15 09:25,-64.873645,-3.048815000000003
99,12/19/15 11:26,-64.875041,-3.0492550000000027
99,12/19/15 13:27,-64.875016,-3.0491080000000084
99,12/19/15 15:28,-64.875019,-3.049104999999997
99,12/19/15 17:29,-64.874962,-3.048864999999996
99,12/19/15 19:30,-64.874989,-3.049160999999996
99,12/19/15 21:31,-64.875058,-3.0491359999999914
99,12/19/15 23:32,-64.875008,-3.049130999999997
99,12/20/15 01:33,-64.875018,-3.0491720000000053
99,12/20/15 03:34,-64.874964,-3.049279
99,12/20/15 05:35,-64.875022,-3.0492699999999986
99,12/20/15 07:36,-64.874958,-3.049294000000003
99,12/20/15 09:37,-64.874945,-3.0493299999999963
99,12/20/15 11:38,-64.875086,-3.0491930000000003
99,12/20/15 13:39,-64.875038,-3.049212999999994
99,12/20/15 15:40,-64.875012,-3.049207999999998
99,12/20/15 17:41,-64.875081,-3.0491299999999955
99,12/20/15 19:42,-64.875068,-3.0491649999999977
99,12/20/15 21:43,-64.875071,-3.049100999999992
99,12/20/15 23:44,-64.875117,-3.049186999999994
99,12/21/15 01:45,-64.875003,-3.049213000000007
99,12/21/15 03:46,-64.875001,-3.049153000000003
99,12/21/15 05:47,-64.87256993189422,-3.0604904614804265
99,12/21/15 07:48,-64.873434,-3.0479359999999973
99,12/21/15 09:49,-64.873407,-3.0479169999999933
99,12/21/15 11:50,-64.873455,-3.048008000000004
99,12/21/15 13:51,-64.8725566424857,-3.060445273707358
99,12/21/15 15:52,-64.873237,-3.047998000000005
99,12/21/15 17:53,-64.873349,-3.048512000000003
99,12/21/15 19:54,-64.87258912252078,-3.0603728789650124
99,12/21/15 21:55,-64.87256654167513,-3.060318665276743
99,12/21/15 23:56,-64.869048,-3.059197000000004
99,12/22/15 01:57,-64.87257217903624,-3.0603276976034914
99,12/22/15 03:58,-64.8692,-3.058818999999999
99,12/22/15 05:59,-64.869303,-3.0587369999999945
99,12/22/15 08:00,-64.869309,-3.058873000000004
99,12/22/15 10:01,-64.869225,-3.0591040000000027
99,12/22/15 12:02,-64.869271,-3.0586580000000008
99,12/22/15 14:03,-64.869311,-3.0587299999999966
99,12/22/15 16:04,-64.869175,-3.058876000000005
99,12/22/15 18:05,-64.869188,-3.059739999999995
99,12/22/15 20:06,-64.87263453237401,-3.060300461535918
99,12/22/15 22:07,-64.867962,-3.064118000000005
99,12/23/15 00:08,-64.868051,-3.064279999999996
99,12/23/15 02:09,-64.867939,-3.064383000000008
99,12/23/15 04:10,-64.867889,-3.064061000000001
99,12/23/15 06:11,-64.867317,-3.064286999999996
99,12/23/15 08:12,-64.87274377946899,-3.060246016524325
99,12/23/15 10:13,-64.8727136407839,-3.060209900540192
99,12/23/15 12:14,-64.87269508930517,-3.060209933093422
99,12/23/15 14:15,-64.87269199739202,-3.060209938518929
99,12/23/15 16:16,-64.87269821261911,-3.0602280120486367
99,12/23/15 18:17,-64.87269632354078,-3.060273226453109
99,12/23/15 20:18,-64.876391,-3.084846
99,12/23/15 22:19,-64.8728586654634,-3.060363363737148
99,12/24/15 00:20,-64.879995,-3.0895639999999944
99,12/24/15 02:21,-64.87294864343599,-3.06038129025669
99,12/24/15 04:22,-64.876552,-3.091081999999994
99,12/24/15 06:23,-64.876458,-3.0908579999999986
99,12/24/15 08:24,-64.876467,-3.090819999999993
99,12/24/15 10:25,-64.876404,-3.0910090000000032
99,12/24/15 12:26,-64.87309675847462,-3.0603719880771068
99,12/24/15 14:27,-64.87602,-3.0908230000000056
99,12/24/15 16:28,-64.876356,-3.091019000000003
99,12/24/15 18:29,-64.876375,-3.0911819999999954
99,12/24/15 20:30,-64.8730651515468,-3.060299705825472
99,12/24/15 22:31,-64.87292371969613,-3.0602728273986988
99,12/25/15 00:32,-64.875785,-3.090634000000004
99,12/25/15 02:33,-64.87291680254008,-3.0603361350556506
99,12/25/15 04:34,-64.875714,-3.0903189999999974
99,12/25/15 06:35,-64.875607,-3.090334
99,12/25/15 08:36,-64.87289595528945,-3.060309044992206
99,12/25/15 10:37,-64.870495,-3.074853
99,12/25/15 12:38,-64.870558,-3.0748619999999987
99,12/25/15 14:39,-64.870592,-3.074739999999997
99,12/25/15 16:40,-64.87277349576291,-3.0602007532898674
99,12/25/15 18:41,-64.8726280345515,-3.060119628572284
99,12/25/15 20:42,-64.861144,-3.0666610000000065
99,12/25/15 22:43,-64.8725688658331,-3.0600383524222967
99,12/26/15 00:44,-64.8724277764044,-3.059884882229103
99,12/26/15 02:45,-64.837882,-3.071602999999993
99,12/26/15 04:46,-64.87234477701945,-3.059677056776655
99,12/26/15 06:47,-64.837798,-3.071601
99,12/26/15 08:48,-64.83792,-3.071617000000008
99,12/26/15 10:49,-64.837902,-3.071720000000001
99,12/26/15 12:50,-64.837679,-3.0713210000000064
99,12/26/15 14:51,-64.838483,-3.071650000000008
99,12/26/15 16:52,-64.840553,-3.0707709999999926
99,12/26/15 18:53,-64.840247,-3.0754949999999988
99,12/26/15 20:54,-64.87261950637614,-3.0599026302955434
99,12/26/15 22:55,-64.87260899790539,-3.060002113135145
99,12/27/15 00:56,-64.87255398413296,-3.060047420751212
99,12/27/15 02:57,-64.861328,-3.0872190000000046
99,12/27/15 04:58,-64.86151,-3.087264
99,12/27/15 06:59,-64.8727387184493,-3.0600832654865746
99,12/27/15 09:00,-64.861636,-3.087278999999993
99,12/27/15 11:01,-64.861426,-3.0872470000000067
99,12/27/15 13:02,-64.861585,-3.0872840000000035
99,12/27/15 15:03,-64.87285404096981,-3.0601282742082776
99,12/27/15 17:04,-64.87271773142632,-3.0601375556195163
99,12/27/15 19:05,-64.864803,-3.076290000000008
99,12/27/15 21:06,-64.87273442522583,-3.0602008218505534
99,12/27/15 23:07,-64.87264558729453,-3.0601919355191782
99,12/28/15 01:08,-64.866304,-3.069093999999997
99,12/28/15 03:09,-64.87264933557371,-3.060246182251127
99,12/28/15 05:10,-64.866079,-3.068920999999992
99,12/28/15 07:11,-64.87269947825725,-3.060309389788864
99,12/28/15 09:12,-64.87265990835105,-3.0603456280979264
99,12/28/15 11:13,-64.877776,-3.048972999999996
99,12/28/15 13:14,-64.87822400000002,-3.049806000000006
99,12/28/15 15:15,-64.87263826649027,-3.0605084260020523
99,12/28/15 17:16,-64.878747,-3.050618999999996
99,12/28/15 19:17,-64.878697,-3.050782000000006
99,12/28/15 21:18,-64.879546,-3.054522000000008
99,12/28/15 23:19,-64.87272092062163,-3.0605173231701976
99,12/29/15 01:20,-64.87272624549814,-3.060508271607607
99,12/29/15 03:21,-64.882293,-3.0601580000000053
99,12/29/15 05:22,-64.882401,-3.059835000000007
99,12/29/15 07:23,-64.882206,-3.060286000000004
99,12/29/15 09:24,-64.882332,-3.060104999999999
99,12/29/15 11:25,-64.87279779762991,-3.060598568208863
99,12/29/15 13:26,-64.882391,-3.0601140000000058
99,12/29/15 15:27,-64.882134,-3.0599540000000047
99,12/29/15 17:28,-64.87277915192801,-3.060544347628375
99,12/29/15 19:29,-64.87275803929137,-3.0605263002459875
99,12/29/15 21:30,-64.885262,-3.049389999999992
99,12/29/15 23:31,-64.886638,-3.051524000000008
99,12/30/15 01:32,-64.87271753348394,-3.060671046816329
99,12/30/15 03:33,-64.887561,-3.051667000000005
99,12/30/15 05:34,-64.87269710863256,-3.060725335969393
99,12/30/15 07:35,-64.887664,-3.051675999999992
99,12/30/15 09:36,-64.885614,-3.049115999999997
99,12/30/15 11:37,-64.885216,-3.049101000000005
99,12/30/15 13:38,-64.885029,-3.048733999999992
99,12/30/15 15:39,-64.882303,-3.045925000000001
99,12/30/15 17:40,-64.87265609726661,-3.0602552126043543
99,12/30/15 19:41,-64.886856,-3.037234000000004
99,01/05/16 06:03,-64.90228,-3.027407000000004
99,01/05/16 08:04,-64.87283631700036,-3.0447022807591213
99,01/05/16 10:05,-64.902256,-3.0273319999999977
99,01/05/16 12:06,-64.87321207234963,-3.0443489781311897
99,01/05/16 14:07,-64.87341394925784,-3.0442220345692506
99,01/05/16 16:08,-64.873582533993,-3.044185571296745
99,01/05/16 18:09,-64.90717,-3.024579999999995
99,01/05/16 20:10,-64.873528332677,-3.0442127926015834
99,01/05/16 22:11,-64.87369053071795,-3.0442215515447937
99,01/06/16 00:12,-64.913328,-3.0273430000000032
99,01/06/16 02:13,-64.87368312911312,-3.044330071054659
99,01/06/16 04:14,-64.904815,-3.0284760000000035
99,01/06/16 06:15,-64.904855,-3.028512999999996
99,01/06/16 08:16,-64.90469,-3.028622999999993
99,01/06/16 10:17,-64.904866,-3.028601000000008
99,01/06/16 12:18,-64.904559,-3.028627000000008
99,01/06/16 14:19,-64.904778,-3.0287719999999925
99,01/06/16 16:20,-64.87348395348795,-3.044230954536205
99,01/06/16 18:21,-64.87357430458462,-3.044140374589668
99,01/06/16 20:22,-64.883454,-3.044655
99,01/06/16 22:23,-64.882844,-3.0419939999999954
99,01/07/16 00:24,-64.883251,-3.0419939999999994
99,01/07/16 02:25,-64.87371467204063,-3.0440406650790943
99,01/07/16 04:26,-64.87371044023527,-3.0440316302546333
99,01/07/16 06:27,-64.883499,-3.0419209999999905
99,01/07/16 08:28,-64.883493,-3.041935999999997
99,01/07/16 10:29,-64.883209,-3.041965000000008
99,01/07/16 12:30,-64.883192,-3.041913999999996
99,01/07/16 14:31,-64.883241,-3.0419400000000074
99,01/07/16 16:32,-64.883172,-3.041967
99,01/07/16 18:33,-64.883307,-3.041871000000003
99,01/07/16 20:34,-64.87376425126578,-3.044103873993804
99,01/07/16 22:35,-64.88689400000001,-3.039171999999991
99,01/08/16 00:36,-64.886915,-3.0391259999999947
99,01/08/16 02:37,-64.887062,-3.0393060000000047
99,01/08/16 04:38,-64.887019,-3.039279999999995
99,01/08/16 06:39,-64.887076,-3.0392160000000006
99,01/08/16 08:40,-64.887098,-3.039193999999996
99,01/08/16 10:41,-64.8736442150506,-3.044095041419659
99,01/08/16 12:42,-64.87367030849019,-3.044067869203203
99,01/08/16 14:43,-64.895108,-3.022617000000006
99,01/08/16 16:44,-64.891606,-3.027949999999996
99,01/08/16 18:45,-64.87342160072815,-3.044095430175285
99,01/08/16 20:46,-64.87347747289441,-3.044059163743725
99,01/08/16 22:47,-64.884086,-3.0371969999999924
99,01/09/16 00:48,-64.877475,-3.0339430000000065
99,01/09/16 02:49,-64.877256,-3.0337649999999945
99,01/09/16 04:50,-64.87343387445011,-3.0440411554433853
99,01/09/16 06:51,-64.877241,-3.0337389999999926
99,01/09/16 08:52,-64.87941,-3.0296189999999914
99,01/09/16 10:53,-64.878873,-3.029813999999998
99,01/09/16 12:54,-64.87333679294179,-3.0439780294429246
99,01/09/16 14:55,-64.867263,-3.0373220000000067
99,01/09/16 16:56,-64.866203,-3.037254
99,01/09/16 18:57,-64.8734974449585,-3.0439054111914943
99,01/09/16 20:58,-64.87352381948098,-3.043878238488253
99,01/09/16 22:59,-64.87351816666185,-3.0438601639268383
99,01/10/16 01:00,-64.87346669802618,-3.0438421693658246
99,01/10/16 03:01,-64.864957,-3.046884000000001
99,01/10/16 05:02,-64.864753,-3.047544000000004
99,01/10/16 07:03,-64.864986,-3.047469000000006
99,01/10/16 09:04,-64.864789,-3.047597000000002
99,01/10/16 11:05,-64.864695,-3.0475860000000043
99,01/10/16 13:06,-64.867511,-3.0487060000000064
99,01/10/16 15:07,-64.87368509611188,-3.043841787995945
99,01/10/16 17:08,-64.87359625964842,-3.0438329009130776
99,01/10/16 19:09,-64.867288,-3.048555999999992
99,01/10/16 21:10,-64.867298,-3.0486629999999924
99,01/10/16 23:11,-64.86712,-3.0486280000000034
99,01/11/16 01:12,-64.867586,-3.0486580000000068
99,01/11/16 03:13,-64.87375228952094,-3.0438507128678403
99,01/11/16 05:14,-64.87368342526474,-3.04385083312906
99,01/11/16 07:15,-64.871423,-3.0558509999999983
99,01/11/16 09:16,-64.871391,-3.055775000000007
99,01/11/16 11:17,-64.871486,-3.0558399999999954
99,01/11/16 13:18,-64.871424,-3.055796
99,01/11/16 15:19,-64.87153,-3.056138000000004
99,01/11/16 17:20,-64.87375307025681,-3.043814542644654
99,01/11/16 19:21,-64.857187,-3.054045000000002
99,01/11/16 21:22,-64.87367260366013,-3.043769472088839
99,01/11/16 23:23,-64.8735084068923,-3.0437426321584247
99,01/12/16 01:24,-64.850841,-3.0582120000000086
99,01/12/16 03:25,-64.87344449269591,-3.043679448240955
99,01/12/16 05:26,-64.846043,-3.050330000000008
99,01/12/16 07:27,-64.845351,-3.0430790000000063
99,01/12/16 09:28,-64.87332275441825,-3.043661576354598
99,01/12/16 11:29,-64.846988,-3.0418920000000047
99,01/12/16 13:30,-64.851154,-3.042330999999997
99,01/12/16 15:31,-64.87332089621255,-3.0437248751190853
99,01/12/16 17:32,-64.851548,-3.037293999999997
99,01/12/16 19:33,-64.87332996883366,-3.0437700703647192
99,01/12/16 21:34,-64.87327145761418,-3.04374304586814
99,01/12/16 23:35,-64.850749,-3.0372859999999955
99,01/13/16 01:36,-64.850978,-3.037445000000001
99,01/13/16 03:37,-64.87326499280543,-3.0437430571548614
99,01/13/16 05:38,-64.84976,-3.036285000000002
99,01/13/16 07:39,-64.87331227650036,-3.043779143471612
99,01/13/16 09:40,-64.87325684152478,-3.0437430713858893
99,01/13/16 11:41,-64.851247,-3.042181999999999
99,01/13/16 13:42,-64.851181,-3.0408179999999927
99,01/13/16 15:43,-64.851908,-3.0413289999999984
99,01/13/16 17:44,-64.851878,-3.041304999999998
99,01/13/16 19:45,-64.87347478681613,-3.043805986376376
99,01/13/16 21:46,-64.87350264484532,-3.0438240221655777
99,01/13/16 23:47,-64.87351448139349,-3.0438420859296182
99,01/14/16 01:48,-64.87351841649426,-3.043842079058307
99,01/14/16 03:49,-64.87351390361323,-3.0438330447223483
99,01/14/16 05:50,-64.87349363470656,-3.0438149956821934
99,01/14/16 07:51,-64.87342528573343,-3.043787988375791
99,01/14/16 09:52,-64.853688,-3.0515479999999964
99,01/14/16 11:53,-64.8734761140972,-3.0437607729769645
99,01/14/16 13:54,-64.854376,-3.0513949999999994
99,01/14/16 15:55,-64.87349577397752,-3.043751696432888
99,01/14/16 17:56,-64.856358,-3.051787999999994
99,01/14/16 19:57,-64.87348421851006,-3.043733632177023
99,01/14/16 21:58,-64.857455,-3.0500919999999985
99,01/14/16 23:59,-64.857973,-3.0492770000000067
99,01/15/16 02:00,-64.858077,-3.049414000000004
99,01/15/16 04:01,-64.858244,-3.0489369999999933
99,01/15/16 06:02,-64.85825500000001,-3.048977999999992
99,01/15/16 08:03,-64.857973,-3.049312
99,01/15/16 10:04,-64.858266,-3.049341000000003
99,01/15/16 12:05,-64.858772,-3.0479800000000026
99,01/15/16 14:06,-64.861937,-3.0477860000000025
99,01/15/16 16:07,-64.862547,-3.048894000000004
99,01/15/16 18:08,-64.87367072985467,-3.043823728653164
99,01/15/16 20:09,-64.87363055123872,-3.043832841031588
99,01/15/16 22:10,-64.87360049145131,-3.0438419357390933
99,01/16/16 00:11,-64.87358055049326,-3.043851012776374
99,01/16/16 02:12,-64.87356763650028,-3.043860077542905
99,01/16/16 04:13,-64.87355892306293,-3.0438600927584214
99,01/16/16 06:14,-64.87355247387802,-3.0438691462359886
99,01/16/16 08:15,-64.87354658685028,-3.04387819873194
99,01/16/16 10:16,-64.87353901335065,-3.0438872541728457
99,01/16/16 12:17,-64.87352781707555,-3.0439144003720413
99,01/16/16 14:18,-64.87351830727215,-3.0439415436265103
99,01/16/16 16:19,-64.884638,-3.0355369999999984
99,01/16/16 18:20,-64.875538,-3.033481000000008
99,01/16/16 20:21,-64.87563,-3.033261000000002
99,01/16/16 22:22,-64.87345509582039,-3.043959738438502
99,01/17/16 00:23,-64.87347725416521,-3.0439325730970417
99,01/17/16 02:24,-64.87346063927836,-3.043914517676542
99,01/17/16 04:25,-64.871301,-3.0361870000000017
99,01/17/16 06:26,-64.87342384921958,-3.0439326663500488
99,01/17/16 08:27,-64.871324,-3.036001000000007
99,01/17/16 10:28,-64.871361,-3.036045999999997
99,01/17/16 12:29,-64.871421,-3.036075999999995
99,01/17/16 14:30,-64.87343932416901,-3.0439416815452867
99,01/17/16 16:31,-64.871879,-3.037018000000001
99,01/17/16 18:32,-64.871874,-3.03731
99,01/17/16 20:33,-64.87352477208115,-3.043941532337527
99,01/17/16 22:34,-64.87353036240691,-3.043923438143421
99,01/18/16 00:35,-64.87472100000001,-3.0429540000000066
99,01/18/16 02:36,-64.87356385763725,-3.0439505063005874
99,01/18/16 04:37,-64.874908,-3.0418489999999943
99,01/18/16 06:38,-64.874858,-3.0411680000000056
99,01/18/16 08:39,-64.87359452645816,-3.0439685371757164
99,01/18/16 10:40,-64.874883,-3.0412120000000025
99,01/18/16 12:41,-64.879025,-3.044970000000005
99,01/18/16 14:42,-64.879009,-3.041254000000005
99,01/18/16 16:43,-64.876727,-3.040035999999999
99,01/18/16 18:44,-64.869456,-3.047587999999993
99,01/18/16 20:45,-64.87367255694643,-3.043905105400602
99,01/18/16 22:46,-64.87363512661693,-3.0438780441194604
99,01/19/16 00:47,-64.87357158722462,-3.043869112859938
99,01/19/16 02:48,-64.870457,-3.047671000000005
99,01/19/16 04:49,-64.868784,-3.0471959999999947
99,01/19/16 06:50,-64.869152,-3.0475450000000053
99,01/19/16 08:51,-64.868939,-3.047615999999993
99,01/19/16 10:52,-64.869333,-3.047755999999994
99,01/19/16 12:53,-64.869268,-3.047722
99,01/19/16 14:54,-64.869973,-3.047720999999999
99,01/19/16 16:55,-64.87049,-3.047657
99,01/19/16 18:56,-64.870428,-3.047658000000006
99,01/19/16 20:57,-64.870409,-3.047685000000002
99,01/19/16 22:58,-64.870433,-3.047685000000001
99,01/20/16 00:59,-64.870374,-3.047856999999997
99,01/20/16 03:00,-64.870234,-3.047940999999992
99,01/20/16 05:01,-64.870028,-3.047829000000005
99,01/20/16 07:02,-64.870131,-3.0479029999999945
99,01/20/16 09:03,-64.87033800000002,-3.047674000000002
99,01/20/16 11:04,-64.870809,-3.0477620000000023
99,01/20/16 13:05,-64.87371918474638,-3.043886939541376
99,01/20/16 15:06,-64.870823,-3.047707000000002
99,01/20/16 17:07,-64.870765,-3.047762999999997
99,01/20/16 19:08,-64.874099,-3.049436999999995
99,01/20/16 21:09,-64.87376026909851,-3.0439139944366054
99,01/20/16 23:10,-64.874139,-3.0472329999999923
99,01/21/16 01:11,-64.874398,-3.0469759999999946
99,01/21/16 03:12,-64.874261,-3.0486139999999984
99,01/21/16 05:13,-64.875219,-3.0499840000000065
99,01/21/16 07:14,-64.87390176101924,-3.043977042820912
99,01/21/16 09:15,-64.883097,-3.053292000000005
99,01/21/16 11:16,-64.88319,-3.053312000000005
99,01/21/16 13:17,-64.882975,-3.053341000000005
99,01/21/16 15:18,-64.883147,-3.0532159999999933
99,01/21/16 17:19,-64.883082,-3.053112000000005
99,01/21/16 19:20,-64.87400496374592,-3.044003989203344
99,01/21/16 21:21,-64.87394257992527,-3.044013140381724
99,01/21/16 23:22,-64.88940200000002,-3.0518190000000067
99,01/22/16 01:23,-64.891931,-3.0465069999999943
99,01/22/16 03:24,-64.891977,-3.0464840000000017
99,01/22/16 05:25,-64.891887,-3.046448999999993
99,01/22/16 07:26,-64.87388455292589,-3.0441036638754286
99,01/22/16 09:27,-64.88801,-3.0468650000000017
99,01/22/16 11:28,-64.884888,-3.047685
99,01/22/16 13:29,-64.880325,-3.050370000000004
99,01/22/16 15:30,-64.880798,-3.0522729999999973
99,01/22/16 17:31,-64.87378679986814,-3.0439772436053865
99,01/22/16 19:32,-64.87370656745888,-3.043905046006124
99,01/22/16 21:33,-64.88143400000001,-3.052912000000003
99,01/22/16 23:34,-64.881386,-3.052888000000004
