1,-64.863883,-3.087344
2,-64.855441,-3.094379
3,-64.85511,-3.094358
4,-64.854502,-3.094029
5,-64.854026,-3.094209
6,-64.853691,-3.094711
7,-64.853475,-3.094934
8,-64.853669,-3.09552
9,-64.854122,-3.096032
10,-64.853863,-3.096959
11,-64.83954,-3.101087
12,-64.839803,-3.099921
13,-64.833764,-3.104874
14,-64.832685,-3.104884
15,-64.847374,-3.098937
16,-64.847602,-3.094455
17,-64.849287,-3.090176
18,-64.849357,-3.086721
19,-64.850309,-3.083096
20,-64.850994,-3.079573
21,-64.852082,-3.076278
22,-64.852251,-3.073585
23,-64.852118,-3.070224
24,-64.85264,-3.067413
25,-64.852915,-3.064857
26,-64.853326,-3.062496
27,-64.854235,-3.059924
28,-64.85508,-3.05749
29,-64.855552,-3.054942
30,-64.856241,-3.054807
31,-64.857453,-3.053824
32,-64.85564,-3.054305
33,-64.857178,-3.055705
34,-64.857154,-3.055311
35,-64.857624,-3.05489
36,-64.856857,-3.055805
37,-64.857375,-3.056197
38,-64.855639,-3.05563
39,-64.851957,-3.05741
40,-64.85306,-3.056245
41,-64.854917,-3.05563
42,-64.856042,-3.055014
43,-64.856471,-3.057966
44,-64.853891,-3.060227
45,-64.855671,-3.058955
46,-64.856682,-3.058982
47,-64.85531,-3.058685
48,-64.846048,-3.065219
49,-64.848335,-3.062766
50,-64.850776,-3.061207
51,-64.852587,-3.06017
52,-64.855477,-3.059766
53,-64.854452,-3.059628
54,-64.8459,-3.064698
55,-64.855834,-3.059231
56,-64.856305,-3.058727
57,-64.855489,-3.061507
58,-64.854552,-3.063596
59,-64.85364,-3.065532
60,-64.85297,-3.067905
61,-64.852506,-3.070588
62,-64.852196,-3.073262
63,-64.851298,-3.072822
64,-64.851474,-3.072935
65,-64.845878,-3.075117
66,-64.841587,-3.077538
67,-64.851529,-3.072887
68,-64.865818,-3.077624
69,-64.861723,-3.0762
70,-64.857946,-3.074655
71,-64.854256,-3.073431
72,-64.85108,-3.072997
73,-64.834335,-3.079193
74,-64.838916,-3.076546
75,-64.843284,-3.074518
76,-64.850083,-3.073269
77,-64.849699,-3.073988
78,-64.851812,-3.073512
79,-64.849906,-3.073004
80,-64.851828,-3.073198
81,-64.85041,-3.073188
82,-64.849717,-3.074214
83,-64.850565,-3.074055
84,-64.844764,-3.076026
85,-64.839346,-3.078289
86,-64.833291,-3.081153
87,-64.845545,-3.089643
88,-64.846985,-3.091543
89,-64.846406,-3.090363
90,-64.846266,-3.089335
91,-64.845786,-3.089086
92,-64.822979,-3.083488
93,-64.846676,-3.089174
94,-64.845877,-3.089374
95,-64.843915,-3.091106
96,-64.840645,-3.093485
97,-64.841294,-3.092962
98,-64.840723,-3.093353
99,-64.841328,-3.09289
100,-64.842437,-3.092053
101,-64.841846,-3.09202
102,-64.841105,-3.092248
103,-64.841209,-3.092866
104,-64.841128,-3.093731
105,-64.843153,-3.093643
106,-64.841785,-3.093014
107,-64.832022,-3.08199
108,-64.842164,-3.093187
109,-64.838964,-3.091975
110,-64.839979,-3.092058
111,-64.840404,-3.092438
112,-64.838596,-3.096245
113,-64.839894,-3.096463
114,-64.83844,-3.096686
115,-64.838809,-3.096351
116,-64.838918,-3.096016
117,-64.83928,-3.095808
118,-64.838874,-3.096075
119,-64.838214,-3.095274
120,-64.838667,-3.095764
121,-64.83942,-3.09588
122,-64.838467,-3.096249
123,-64.839385,-3.095919
124,-64.838897,-3.095931
125,-64.839626,-3.095452
126,-64.839124,-3.095967
127,-64.857912,-3.097911
128,-64.85251,-3.098716
129,-64.842036,-3.103441
130,-64.842527,-3.104261
131,-64.844553,-3.104536
132,-64.841902,-3.103994
133,-64.848776,-3.103159
134,-64.847991,-3.102563
135,-64.848051,-3.102565
136,-64.848619,-3.103008
137,-64.846596,-3.10301
138,-64.846746,-3.103481
139,-64.847006,-3.103099
140,-64.832857,-3.106341
141,-64.80924,-3.112516
142,-64.808345,-3.113334
143,-64.847276,-3.103753
144,-64.846474,-3.103821
145,-64.847477,-3.103673
146,-64.846584,-3.102409
147,-64.846541,-3.101375
148,-64.845655,-3.10008
149,-64.845205,-3.09919
150,-64.845117,-3.100406
151,-64.844528,-3.100862
152,-64.847206,-3.102147
153,-64.848134,-3.084303
154,-64.857888,-3.094632
155,-64.866592,-3.084929
156,-64.847362,-3.101918
157,-64.846336,-3.101654
158,-64.842224,-3.098416
159,-64.838732,-3.096105
160,-64.83472,-3.09454
161,-64.836929,-3.099965
162,-64.8379,-3.100162
163,-64.83431,-3.095893
164,-64.834252,-3.095746
165,-64.838903,-3.096422
166,-64.838569,-3.095744
167,-64.838696,-3.095815
168,-64.838031,-3.096365
169,-64.838266,-3.096177
170,-64.818409,-3.091146
171,-64.827978,-3.09846
172,-64.839593,-3.094384
173,-64.839098,-3.095088
174,-64.839818,-3.094148
175,-64.828747,-3.091056
176,-64.8425,-3.094563
177,-64.842185,-3.092768
178,-64.841085,-3.093405
179,-64.836002,-3.075779
180,-64.841458,-3.092829
181,-64.83685,-3.091388
182,-64.832832,-3.091038
183,-64.829168,-3.090372
184,-64.825449,-3.090832
185,-64.824095,-3.090066
186,-64.82158,-3.079672
187,-64.823624,-3.084536
188,-64.811581,-3.099229
189,-64.822542,-3.08452
190,-64.827372,-3.082583
191,-64.831332,-3.081251
192,-64.836234,-3.079701
193,-64.839996,-3.078385
194,-64.823397,-3.083725
195,-64.823871,-3.083409
196,-64.823198,-3.083678
197,-64.823116,-3.084191
198,-64.824478,-3.083627
199,-64.820956,-3.075096
200,-64.822105,-3.085965
201,-64.822688,-3.086036
202,-64.821376,-3.087384
203,-64.821749,-3.088626
204,-64.821851,-3.091118
205,-64.821942,-3.093042
206,-64.822492,-3.096056
207,-64.822541,-3.099013
208,-64.8221,-3.101384
209,-64.822624,-3.104416
210,-64.823878,-3.1039
211,-64.853871,-3.091661
212,-64.85909,-3.091821
213,-64.858117,-3.091907
214,-64.859464,-3.092447
215,-64.860475,-3.087692
216,-64.861924,-3.086257
217,-64.857819,-3.090643
218,-64.864468,-3.095215
219,-64.862231,-3.094554
220,-64.860674,-3.094131
221,-64.859213,-3.093595
222,-64.858211,-3.093849
223,-64.857229,-3.094221
224,-64.855479,-3.094129
225,-64.854935,-3.094205
226,-64.854084,-3.094597
227,-64.854635,-3.094009
228,-64.85215,-3.096139
229,-64.855379,-3.09383
230,-64.853674,-3.092204
231,-64.854351,-3.095473
232,-64.844793,-3.092107
233,-64.845337,-3.092229
234,-64.845535,-3.092174
235,-64.845745,-3.092923
236,-64.844125,-3.092008
237,-64.845936,-3.092267
238,-64.845216,-3.092534
239,-64.842637,-3.093791
240,-64.840234,-3.095896
241,-64.839663,-3.096537
242,-64.846763,-3.08745
243,-64.846856,-3.088076
244,-64.84582,-3.089855
245,-64.84549,-3.090334
246,-64.846663,-3.090452
247,-64.845871,-3.091049
248,-64.85018,-3.091511
249,-64.850744,-3.090555
250,-64.859892,-3.09448
251,-64.859794,-3.094202
252,-64.858201,-3.091439
253,-64.857759,-3.089459
254,-64.857187,-3.088878
255,-64.854526,-3.089538
256,-64.853632,-3.090127
257,-64.859082,-3.091125
258,-64.84857,-3.093584
259,-64.841491,-3.098865
260,-64.841501,-3.099155
261,-64.83221,-3.101589
262,-64.838083,-3.096959
263,-64.830282,-3.099414
264,-64.822979,-3.10252
265,-64.815382,-3.105601
266,-64.808691,-3.10959
267,-64.8095,-3.109484
268,-64.806421,-3.109915
269,-64.808305,-3.109319
270,-64.841043,-3.091316
271,-64.844342,-3.09469
272,-64.842774,-3.089405
273,-64.842437,-3.089702
274,-64.842963,-3.090284
275,-64.842564,-3.091857
276,-64.841968,-3.093126
277,-64.844241,-3.090961
278,-64.845769,-3.090605
279,-64.846,-3.09031
280,-64.846753,-3.090386
281,-64.847938,-3.089808
282,-64.848945,-3.090118
283,-64.851216,-3.090837
284,-64.85336,-3.091462
285,-64.850922,-3.087025
286,-64.861424,-3.085948
287,-64.861869,-3.085715
288,-64.859414,-3.085427
289,-64.871677,-3.084562
290,-64.871851,-3.083367
291,-64.87046,-3.083858
292,-64.873723,-3.084832
293,-64.870196,-3.083859
294,-64.856224,-3.090911
295,-64.842155,-3.098485
296,-64.841603,-3.098145
297,-64.848338,-3.094934
298,-64.855248,-3.09173
299,-64.855443,-3.091024
300,-64.849105,-3.073553
301,-64.849815,-3.073385
302,-64.845782,-3.082941
303,-64.857512,-3.089916
304,-64.841461,-3.083798
305,-64.842134,-3.08484
306,-64.845555,-3.082707
307,-64.847599,-3.082149
308,-64.847344,-3.094916
309,-64.844654,-3.098043
310,-64.845476,-3.094096
311,-64.845055,-3.094773
312,-64.84623,-3.094174
313,-64.825424,-3.094296
314,-64.825419,-3.095246
315,-64.826398,-3.093668
316,-64.82908,-3.097632
317,-64.83136,-3.102045
318,-64.832012,-3.102374
319,-64.80372,-3.115864
320,-64.803982,-3.115706
321,-64.802668,-3.115918
322,-64.804173,-3.093084
323,-64.804144,-3.095002
324,-64.80373,-3.108799
325,-64.811717,-3.112355
326,-64.813129,-3.111944
327,-64.814334,-3.111901
328,-64.814809,-3.112324
329,-64.816087,-3.113829
330,-64.816234,-3.114905
331,-64.816014,-3.114775
332,-64.816501,-3.114814
333,-64.817102,-3.114737
334,-64.81797,-3.114718
335,-64.818631,-3.115168
336,-64.818836,-3.115312
337,-64.819506,-3.11583
338,-64.819705,-3.11616
339,-64.82085,-3.116634
340,-64.820283,-3.116343
341,-64.820497,-3.115989
342,-64.821454,-3.117266
343,-64.820858,-3.114271
344,-64.81797,-3.121461
345,-64.822883,-3.112832
346,-64.823597,-3.112314
347,-64.824083,-3.112112
348,-64.823782,-3.112173
349,-64.820823,-3.115914
350,-64.820537,-3.115355
351,-64.819914,-3.114724
352,-64.820659,-3.114468
353,-64.821197,-3.114819
354,-64.82044,-3.114961
355,-64.835701,-3.102264
356,-64.839588,-3.09362
357,-64.857994,-3.087774
358,-64.864424,-3.089658
359,-64.870289,-3.092951
360,-64.86973,-3.092114
361,-64.857087,-3.091133
362,-64.856777,-3.091195
363,-64.85541,-3.092615
364,-64.857345,-3.092728
365,-64.860047,-3.092434
366,-64.861606,-3.093316
367,-64.864157,-3.093999
368,-64.867657,-3.094402
369,-64.845413,-3.089617
370,-64.841916,-3.087206
371,-64.843053,-3.087368
372,-64.843044,-3.098658
373,-64.839631,-3.094395
374,-64.849757,-3.095099
375,-64.847689,-3.096168
376,-64.846649,-3.098384
377,-64.84553,-3.096681
378,-64.847344,-3.095393
379,-64.853984,-3.093461
380,-64.845708,-3.09737
381,-64.845137,-3.09684
382,-64.845134,-3.097529
383,-64.845363,-3.097128
384,-64.845407,-3.096467
385,-64.845142,-3.096692
386,-64.841493,-3.090931
387,-64.837422,-3.095744
388,-64.86482,-3.089609
389,-64.866026,-3.095091
390,-64.841235,-3.10179
391,-64.843699,-3.098166
392,-64.866313,-3.094758
393,-64.866227,-3.094284
394,-64.867146,-3.091906
395,-64.8691,-3.091284
396,-64.868654,-3.090226
397,-64.868876,-3.089935
398,-64.86635,-3.087514
399,-64.866402,-3.087765
400,-64.870272,-3.083826
401,-64.868678,-3.072305
402,-64.863558,-3.070719
403,-64.865271,-3.077658
404,-64.867502,-3.085771
405,-64.866658,-3.08675
406,-64.86456,-3.093764
407,-64.870649,-3.089973
408,-64.866431,-3.092569
409,-64.862514,-3.096236
410,-64.864096,-3.091627
411,-64.877224,-3.083925
412,-64.876266,-3.0822
413,-64.866846,-3.090179
414,-64.855564,-3.081385
415,-64.853498,-3.073959
416,-64.853665,-3.07446
417,-64.857147,-3.077398
418,-64.841351,-3.077202
419,-64.840611,-3.060866
420,-64.841317,-3.06067
421,-64.845251,-3.073619
422,-64.830842,-3.082839
423,-64.831048,-3.082529
424,-64.827017,-3.082425
425,-64.825786,-3.08383
426,-64.825787,-3.086557
427,-64.81915,-3.077712
428,-64.827255,-3.088533
429,-64.827521,-3.094183
430,-64.827647,-3.101182
431,-64.821868,-3.100623
432,-64.814809,-3.095243
433,-64.828355,-3.107914
434,-64.833558,-3.104115
435,-64.83015,-3.107324
436,-64.830064,-3.106312
437,-64.827886,-3.107195
438,-64.825624,-3.108357
439,-64.823582,-3.109732
440,-64.829038,-3.106622
441,-64.830646,-3.10558
442,-64.83263,-3.104442
443,-64.834133,-3.103736
444,-64.836886,-3.103065
445,-64.837038,-3.104123
446,-64.837154,-3.104094
447,-64.840065,-3.102235
448,-64.84248,-3.099847
449,-64.845107,-3.097584
450,-64.847966,-3.095562
451,-64.850458,-3.09388
452,-64.853226,-3.092876
453,-64.846798,-3.096348
454,-64.84823,-3.096384
455,-64.849866,-3.094782
456,-64.851172,-3.093687
457,-64.853622,-3.092926
458,-64.856191,-3.09194
459,-64.858137,-3.091676
460,-64.855816,-3.093036
461,-64.853539,-3.08989
462,-64.854737,-3.089122
463,-64.842336,-3.098152
464,-64.842804,-3.098341
465,-64.8464,-3.094644
466,-64.858973,-3.087731
467,-64.859659,-3.087149
468,-64.861649,-3.086161
469,-64.863005,-3.085381
470,-64.862692,-3.085039
471,-64.86119,-3.089634
472,-64.869681,-3.092604
473,-64.863597,-3.090915
474,-64.858105,-3.089711
475,-64.853713,-3.089273
476,-64.853673,-3.090256
477,-64.836113,-3.099674
478,-64.852365,-3.089198
479,-64.848015,-3.091779
480,-64.848686,-3.091001
481,-64.848916,-3.091607
482,-64.848816,-3.093779
483,-64.846985,-3.094157
484,-64.84484,-3.09436
485,-64.844513,-3.096168
486,-64.846363,-3.094895
487,-64.846639,-3.095691
488,-64.847356,-3.094035
489,-64.84823,-3.091954
490,-64.84686,-3.091711
491,-64.847664,-3.091276
492,-64.848902,-3.088077
493,-64.851017,-3.085647
494,-64.852686,-3.083384
495,-64.854715,-3.082112
496,-64.85538,-3.080442
497,-64.856542,-3.079064
498,-64.858147,-3.077778
499,-64.859986,-3.078377
500,-64.857768,-3.076946
501,-64.856088,-3.075811
502,-64.855466,-3.075972
503,-64.855761,-3.074949
504,-64.855556,-3.072923
505,-64.855208,-3.071201
506,-64.854857,-3.069876
507,-64.854334,-3.069054
508,-64.853727,-3.068362
509,-64.852634,-3.067935
510,-64.852711,-3.067765
511,-64.852742,-3.068283
512,-64.853726,-3.068186
513,-64.853269,-3.067563
514,-64.853625,-3.067227
515,-64.854655,-3.067543
516,-64.853499,-3.067479
517,-64.854343,-3.064171
518,-64.856101,-3.061341
519,-64.857486,-3.058744
520,-64.859112,-3.056604
521,-64.859705,-3.055544
522,-64.860959,-3.056663
523,-64.861098,-3.058731
524,-64.859715,-3.071983
525,-64.860136,-3.074713
526,-64.861269,-3.078431
527,-64.861853,-3.080278
528,-64.852709,-3.078893
529,-64.845861,-3.07705
530,-64.839412,-3.076108
531,-64.839872,-3.076471
532,-64.837378,-3.089497
533,-64.837307,-3.089214
534,-64.836848,-3.089355
535,-64.838021,-3.089272
536,-64.837973,-3.091189
537,-64.837836,-3.091133
538,-64.838273,-3.091024
539,-64.838269,-3.091
540,-64.835922,-3.086688
541,-64.834484,-3.082982
542,-64.834344,-3.082724
543,-64.835047,-3.082747
544,-64.833849,-3.082537
545,-64.835124,-3.083006
546,-64.833833,-3.081513
547,-64.833184,-3.081487
548,-64.832582,-3.082145
549,-64.832048,-3.081218
550,-64.832345,-3.081551
551,-64.831246,-3.080313
552,-64.831082,-3.079814
553,-64.830793,-3.079909
554,-64.831104,-3.079761
555,-64.830543,-3.079746
556,-64.831202,-3.078879
557,-64.831059,-3.073252
558,-64.830465,-3.073272
559,-64.826297,-3.073544
560,-64.822197,-3.073932
561,-64.818517,-3.07486
562,-64.814625,-3.076323
563,-64.813941,-3.087537
564,-64.814145,-3.087276
565,-64.814386,-3.087938
566,-64.814767,-3.087487
567,-64.815385,-3.087814
568,-64.815762,-3.087979
569,-64.816551,-3.088146
570,-64.816638,-3.089359
571,-64.818435,-3.089748
572,-64.819134,-3.090178
573,-64.818559,-3.090364
574,-64.825926,-3.090922
575,-64.832326,-3.090977
576,-64.849979,-3.077409
577,-64.858321,-3.04772
578,-64.852913,-3.066749
579,-64.836882,-3.058718
580,-64.842583,-3.064462
581,-64.843613,-3.063797
582,-64.84216,-3.062276
583,-64.842258,-3.062269
584,-64.84211,-3.064353
585,-64.841652,-3.066673
586,-64.841627,-3.069537
587,-64.84222,-3.072038
588,-64.841344,-3.071093
589,-64.844114,-3.065073
590,-64.847842,-3.058892
591,-64.85173,-3.053263
592,-64.85489,-3.047446
593,-64.854717,-3.048283
594,-64.854834,-3.048606
595,-64.855137,-3.047969
596,-64.85471,-3.047738
597,-64.854664,-3.048221
598,-64.854452,-3.048476
599,-64.854885,-3.048294
600,-64.853522,-3.048204
601,-64.851929,-3.048483
602,-64.850869,-3.049954
603,-64.851716,-3.071526
604,-64.851602,-3.074609
605,-64.851656,-3.078553
606,-64.85117,-3.085921
607,-64.856942,-3.088839
608,-64.858823,-3.088995
609,-64.865654,-3.084956
610,-64.870573,-3.081521
611,-64.869892,-3.081652
612,-64.868236,-3.079786
613,-64.866486,-3.078644
614,-64.864664,-3.07657
615,-64.864028,-3.075552
616,-64.865226,-3.06781
617,-64.872725,-3.064221
618,-64.880518,-3.060831
619,-64.886822,-3.058349
620,-64.881431,-3.058903
621,-64.877012,-3.047311
622,-64.873658,-3.036589
623,-64.874176,-3.036377
624,-64.86767,-3.054442
625,-64.87277,-3.076276
626,-64.874596,-3.063669
627,-64.876924,-3.051058
628,-64.880456,-3.038606
629,-64.882542,-3.026389
630,-64.883287,-3.027426
631,-64.86846,-3.059355
632,-64.868786,-3.059213
633,-64.868206,-3.059601
634,-64.866492,-3.06037
635,-64.86497,-3.061554
636,-64.863493,-3.059563
637,-64.866162,-3.059316
638,-64.86699,-3.059411
639,-64.866701,-3.059546
640,-64.866528,-3.060099
641,-64.866582,-3.060612
642,-64.866206,-3.061601
643,-64.866182,-3.063251
644,-64.866507,-3.065083
645,-64.862152,-3.069729
646,-64.863337,-3.069585
647,-64.86298,-3.069863
648,-64.861931,-3.069169
649,-64.86167,-3.069183
650,-64.861749,-3.069296
651,-64.861327,-3.072446
652,-64.877163,-3.086319
653,-64.873086,-3.08216
654,-64.870283,-3.079089
655,-64.867762,-3.076019
656,-64.867181,-3.076474
657,-64.877358,-3.077836
658,-64.877607,-3.076739
659,-64.876984,-3.075729
660,-64.877384,-3.074877
661,-64.876924,-3.07468
662,-64.876768,-3.074935
663,-64.876343,-3.074597
664,-64.879653,-3.078484
665,-64.878534,-3.078605
666,-64.874528,-3.088504
667,-64.87562,-3.090482
668,-64.874404,-3.090007
669,-64.863578,-3.092801
670,-64.852132,-3.096476
671,-64.851407,-3.096276
672,-64.853574,-3.089657
673,-64.825762,-3.107882
674,-64.826217,-3.10728
675,-64.852965,-3.095907
676,-64.853256,-3.095747
677,-64.848094,-3.097816
678,-64.842417,-3.100115
679,-64.835707,-3.103389
680,-64.83502,-3.102904
681,-64.834051,-3.101017
682,-64.833327,-3.099725
683,-64.832606,-3.098592
684,-64.831355,-3.097482
685,-64.830537,-3.096911
686,-64.83012,-3.09676
687,-64.829425,-3.096589
688,-64.828961,-3.09763
689,-64.817464,-3.093675
690,-64.814912,-3.079704
691,-64.814167,-3.074404
692,-64.810693,-3.088924
693,-64.816475,-3.072114
694,-64.845973,-3.06487
695,-64.84972,-3.065059
696,-64.852906,-3.066437
697,-64.855516,-3.067162
698,-64.858014,-3.068029
699,-64.861117,-3.069267
700,-64.864237,-3.070996
701,-64.864837,-3.070748
702,-64.866363,-3.071609
703,-64.865386,-3.072198
704,-64.867039,-3.076012
705,-64.86703,-3.076855
706,-64.864813,-3.071806
707,-64.864546,-3.071589
708,-64.865781,-3.073763
709,-64.867307,-3.076858
710,-64.866941,-3.077077
711,-64.87341,-3.072691
712,-64.881994,-3.069443
713,-64.881592,-3.068866
714,-64.878804,-3.06575
715,-64.882986,-3.063622
716,-64.887094,-3.061753
717,-64.891982,-3.059839
718,-64.892324,-3.060173
719,-64.891427,-3.059655
720,-64.891049,-3.059123
721,-64.889766,-3.058716
722,-64.877149,-3.061647
723,-64.86518,-3.06499
724,-64.852705,-3.069394
725,-64.839877,-3.074317
726,-64.840599,-3.074376
727,-64.841067,-3.072136
728,-64.841106,-3.07027
729,-64.841482,-3.068254
730,-64.841722,-3.066967
731,-64.841376,-3.065805
732,-64.841394,-3.064685
733,-64.841811,-3.06375
734,-64.842558,-3.063034
735,-64.842873,-3.062357
736,-64.843958,-3.062068
737,-64.839557,-3.058968
738,-64.83839,-3.059711
739,-64.856876,-3.064424
740,-64.85691,-3.064985
741,-64.85834,-3.06143
742,-64.852678,-3.053476
743,-64.844552,-3.032081
744,-64.832516,-3.055776
745,-64.837956,-3.044591
746,-64.842986,-3.033451
747,-64.848668,-3.023175
748,-64.867132,-2.982938
749,-64.850475,-2.985694
750,-64.820372,-3.026156
751,-64.793044,-3.071087
752,-64.799917,-3.085453
753,-64.795937,-3.08944
754,-64.793639,-3.095712
755,-64.79439,-3.106513
756,-64.797346,-3.086675
757,-64.804689,-3.096682
758,-64.805015,-3.098103
759,-64.801698,-3.110401
760,-64.831024,-3.097322
761,-64.857564,-3.088201
762,-64.86635,-3.089452
763,-64.859998,-3.081752
764,-64.86193,-3.072296
765,-64.865033,-3.079864
766,-64.866464,-3.09445
767,-64.853875,-3.094791
768,-64.824849,-3.099339
769,-64.808045,-3.084628
770,-64.809166,-3.075976
771,-64.806042,-3.078644
772,-64.807622,-3.079004
773,-64.807496,-3.078696
774,-64.80759,-3.078906
775,-64.807861,-3.077519
776,-64.807125,-3.076852
777,-64.809215,-3.075674
778,-64.792642,-3.076862
779,-64.789389,-3.098899
780,-64.789072,-3.073624
781,-64.795565,-3.0642
782,-64.811685,-3.037588
783,-64.841236,-3.027436
784,-64.846806,-2.984279
785,-64.834397,-2.976799
786,-64.834259,-2.978456
787,-64.833993,-2.976821
788,-64.837394,-2.99322
789,-64.837338,-2.993134
790,-64.838283,-2.99395
791,-64.839266,-2.995088
792,-64.838812,-2.996621
793,-64.838357,-2.998276
794,-64.835348,-2.990226
795,-64.838922,-2.987818
796,-64.830772,-2.980331
797,-64.831248,-2.979732
798,-64.832832,-3.000006
799,-64.837857,-2.99871
800,-64.843191,-2.998807
801,-64.836826,-2.977838
802,-64.817113,-3.054994
803,-64.813923,-3.06666
804,-64.781436,-3.093853
805,-64.782098,-3.09389
806,-64.772297,-3.102349
807,-64.797386,-3.070098
808,-64.820737,-3.031636
809,-64.841382,-3.013253
810,-64.858414,-2.989416
811,-64.851285,-2.992208
812,-64.843123,-3.019452
813,-64.807402,-3.032518
814,-64.824583,-3.073472
815,-64.817168,-3.054217
816,-64.826459,-3.050149
817,-64.845839,-3.014229
818,-64.884954,-3.016577
819,-64.852713,-3.026254
820,-64.827923,-3.034768
821,-64.82703,-3.037498
822,-64.82658,-3.041059
823,-64.826655,-3.040459
824,-64.846319,-3.014326
825,-64.846423,-2.988633
826,-64.881104,-3.016493
827,-64.857507,-3.017698
828,-64.856529,-3.004329
829,-64.857836,-2.993821
830,-64.840959,-2.979645
831,-64.841966,-3.013615
832,-64.867516,-3.022018
833,-64.888911,-2.999777
834,-64.844359,-3.017573
835,-64.839579,-3.015567
836,-64.839059,-3.016097
837,-64.846011,-3.006807
838,-64.865297,-2.990201
839,-64.88868,-2.96711
840,-64.908477,-2.97265
841,-64.907482,-2.974875
842,-64.909403,-2.97195
843,-64.910234,-2.970981
844,-64.910987,-2.9712
845,-64.909648,-2.963692
846,-64.908956,-2.956317
847,-64.908495,-2.949777
848,-64.906614,-2.944717
849,-64.904551,-2.939376
850,-64.897608,-2.95888
851,-64.881415,-2.970568
852,-64.882022,-2.969686
853,-64.867848,-2.996516
854,-64.861126,-3.007653
855,-64.854972,-3.01901
856,-64.848313,-3.029833
857,-64.881728,-2.97013
858,-64.911841,-2.966039
859,-64.913032,-2.965865
860,-64.911669,-2.963565
861,-64.902834,-2.968707
862,-64.911637,-2.966495
863,-64.910398,-2.962726
864,-64.857585,-2.961638
865,-64.836846,-2.999074
866,-64.835904,-2.999598
867,-64.849597,-2.978201
868,-64.84878,-2.977511
869,-64.872106,-2.965569
870,-64.872503,-2.962977
871,-64.874157,-2.96459
872,-64.833686,-2.991679
873,-64.865255,-3.008235
874,-64.87887,-3.008899
875,-64.878204,-3.015958
876,-64.868928,-3.02734
877,-64.867621,-3.02498
878,-64.857137,-3.03656
879,-64.846185,-3.049096
880,-64.834254,-3.061333
881,-64.8235,-3.073546
882,-64.823408,-3.073386
883,-64.816322,-3.034959
884,-64.817317,-3.033728
885,-64.846498,-3.024201
886,-64.846442,-3.024383
887,-64.84736,-2.982388
888,-64.866437,-2.969969
889,-64.885406,-2.960413
890,-64.904972,-2.949209
891,-64.892148,-2.990169
892,-64.856788,-3.007006
893,-64.855889,-3.003707
894,-64.851692,-2.98702
895,-64.835756,-3.018016
896,-64.823371,-3.023524
897,-64.874955,-2.996863
898,-64.862994,-3.009298
899,-64.852084,-3.021821
900,-64.856488,-3.029666
901,-64.842098,-3.007804
902,-64.838535,-3.0183
903,-64.840704,-3.015616
904,-64.841822,-2.990218
905,-64.874344,-2.970063
906,-64.887953,-2.995335
907,-64.890935,-3.005591
908,-64.897727,-2.981229
909,-64.886487,-2.989096
910,-64.881263,-2.969022
911,-64.876774,-2.971895
912,-64.87399,-2.975547
913,-64.885778,-2.990986
914,-64.883692,-2.995233
915,-64.852092,-3.019985
916,-64.853038,-2.98463
917,-64.848555,-2.98266
918,-64.855847,-2.973986
919,-64.866945,-2.99272
920,-64.866779,-2.995544
921,-64.894506,-2.984806
922,-64.870897,-3.011314
923,-64.829513,-3.01579
924,-64.836762,-3.003341
925,-64.840434,-3.000188
926,-64.836705,-2.995848
927,-64.858264,-3.006324
928,-64.857015,-3.005773
929,-64.891107,-3.002269
930,-64.886247,-2.993982
931,-64.874114,-3.025532
932,-64.847199,-3.027562
933,-64.837843,-3.047118
934,-64.837674,-3.049004
935,-64.858793,-2.993624
936,-64.83535,-3.017986
937,-64.827922,-2.999466
938,-64.833785,-2.988522
939,-64.861203,-3.002025
940,-64.889944,-3.007356
941,-64.843992,-2.967345
942,-64.818109,-3.018703
943,-64.836832,-2.997137
944,-64.839533,-3.019012
945,-64.885211,-3.010392
946,-64.844958,-3.014916
947,-64.824752,-3.027529
948,-64.842183,-3.019932
949,-64.83813,-3.011954
950,-64.85795,-3.011346
951,-64.825681,-2.990448
952,-64.838217,-3.018595
953,-64.850243,-3.011989
954,-64.850964,-3.037133
955,-64.8368,-3.044225
956,-64.83689,-3.045957
957,-64.842048,-3.038828
958,-64.847846,-3.02944
959,-64.85059,-2.991258
960,-64.826348,-2.986803
961,-64.844044,-2.962922
962,-64.8454,-2.967406
963,-64.853999,-2.982328
964,-64.810708,-3.063973
965,-64.822108,-3.056539
966,-64.824713,-3.050848
967,-64.827427,-3.045574
968,-64.828358,-3.044989
969,-64.867149,-3.025922
970,-64.863651,-3.018655
971,-64.860369,-3.012081
972,-64.856208,-3.005608
973,-64.855685,-3.007032
974,-64.835837,-2.972279
975,-64.825584,-2.995334
976,-64.81524,-3.017738
977,-64.816159,-3.017964
978,-64.821579,-3.015886
979,-64.8212,-3.015257
980,-64.822149,-3.017265
981,-64.839417,-2.986435
982,-64.873678,-2.989459
983,-64.87434,-2.990797
984,-64.874837,-3.008799
985,-64.874739,-3.027815
986,-64.868518,-3.024011
987,-64.859922,-3.023783
988,-64.867867,-2.983798
989,-64.885937,-2.988223
990,-64.874734,-2.996564
991,-64.821394,-3.023869
992,-64.831522,-3.018605
993,-64.831865,-2.967211
994,-64.847549,-2.955862
995,-64.847072,-2.992177
996,-64.845599,-2.978019
997,-64.885645,-3.006209
998,-64.856321,-3.00674
999,-64.870785,-3.011056
1000,-64.843629,-3.054177
1001,-64.843661,-3.060526
1002,-64.818754,-3.066567
1003,-64.843809,-3.034346
1004,-64.839705,-3.026817
1005,-64.836787,-3.019671
1006,-64.83827,-3.020893
1007,-64.824883,-3.015208
1008,-64.837685,-2.987502
1009,-64.836929,-2.988895
1010,-64.844329,-2.976802
1011,-64.828904,-3.008247
1012,-64.83205,-3.017971
1013,-64.853568,-3.00506
1014,-64.854338,-3.003046
1015,-64.853908,-3.002078
1016,-64.857074,-2.996764
1017,-64.860482,-2.99622
1018,-64.86452,-2.998586
1019,-64.866119,-2.995082
1020,-64.873343,-2.986025
1021,-64.859472,-3.010046
1022,-64.8449,-3.034764
1023,-64.843312,-3.035161
1024,-64.84428,-3.041543
1025,-64.84489,-3.040757
1026,-64.844399,-3.039199
1027,-64.844663,-3.038831
1028,-64.84511,-3.038779
1029,-64.845603,-3.038788
1030,-64.845088,-3.039299
1031,-64.84514,-3.039533
1032,-64.846131,-3.040249
1033,-64.845769,-3.040264
1034,-64.845249,-3.040853
1035,-64.845461,-3.040155
1036,-64.84679,-3.040606
1037,-64.846828,-3.041434
1038,-64.846266,-3.041435
1039,-64.845525,-3.039875
1040,-64.846622,-3.039167
1041,-64.846881,-3.038592
1042,-64.846591,-3.037525
1043,-64.845821,-3.03736
1044,-64.845458,-3.035495
1045,-64.845205,-3.035067
1046,-64.844796,-3.034659
1047,-64.84517,-3.035109
1048,-64.84429,-3.034671
1049,-64.843752,-3.034231
1050,-64.843788,-3.03416
1051,-64.843862,-3.034107
1052,-64.844094,-3.032435
1053,-64.843763,-3.032841
1054,-64.84398,-3.032793
1055,-64.843662,-3.032079
1056,-64.844474,-3.031913
1057,-64.844268,-3.030278
1058,-64.844594,-3.03086
1059,-64.844112,-3.029529
1060,-64.844941,-3.030051
1061,-64.844737,-3.03014
1062,-64.845441,-3.029378
1063,-64.846401,-3.029844
1064,-64.846786,-3.030066
1065,-64.847315,-3.029169
1066,-64.846871,-3.029062
1067,-64.84716,-3.02836
1068,-64.847618,-3.029712
1069,-64.847425,-3.029476
1070,-64.847459,-3.029549
1071,-64.847005,-3.02866
1072,-64.847224,-3.028714
1073,-64.84712,-3.029043
1074,-64.847335,-3.028909
1075,-64.846899,-3.028274
1076,-64.845486,-3.028703
1077,-64.845348,-3.029011
1078,-64.844765,-3.029163
1079,-64.844218,-3.02905
1080,-64.844716,-3.02927
1081,-64.844651,-3.028624
1082,-64.844303,-3.028233
1083,-64.843416,-3.027988
1084,-64.843455,-3.028147
1085,-64.843424,-3.027561
1086,-64.842776,-3.027489
1087,-64.842008,-3.027533
1088,-64.841659,-3.028037
1089,-64.841649,-3.027766
1090,-64.841547,-3.027495
1091,-64.841575,-3.026996
1092,-64.841963,-3.027283
1093,-64.841462,-3.027736
1094,-64.841306,-3.027883
1095,-64.841808,-3.027936
1096,-64.842125,-3.028078
1097,-64.842199,-3.027097
1098,-64.842231,-3.027547
1099,-64.842803,-3.027037
1100,-64.842911,-3.026662
1101,-64.8427,-3.026837
1102,-64.843551,-3.026091
1103,-64.843601,-3.026118
1104,-64.843949,-3.025547
1105,-64.84407,-3.025636
1106,-64.843941,-3.026151
1107,-64.843322,-3.02616
1108,-64.84359,-3.026188
1109,-64.843782,-3.026555
1110,-64.844008,-3.025704
1111,-64.843819,-3.025214
1112,-64.843753,-3.026017
1113,-64.843526,-3.026392
1114,-64.842686,-3.027198
1115,-64.842744,-3.026994
1116,-64.841946,-3.026229
1117,-64.841938,-3.02587
1118,-64.840954,-3.026255
1119,-64.840572,-3.026566
1120,-64.840947,-3.02575
1121,-64.840435,-3.025248
1122,-64.840728,-3.024467
1123,-64.83976,-3.024688
1124,-64.839181,-3.024233
1125,-64.838936,-3.023275
1126,-64.838083,-3.022317
1127,-64.837933,-3.022247
1128,-64.83603,-3.021839
1129,-64.835566,-3.022142
1130,-64.836279,-3.022297
1131,-64.836562,-3.020833
1132,-64.836624,-3.021433
1133,-64.837101,-3.022592
1134,-64.837046,-3.022309
1135,-64.836883,-3.022034
1136,-64.837332,-3.021633
1137,-64.837983,-3.022148
1138,-64.837282,-3.023555
1139,-64.837113,-3.023914
1140,-64.836646,-3.023356
1141,-64.837416,-3.023917
1142,-64.837319,-3.024108
1143,-64.836594,-3.024466
1144,-64.835853,-3.02394
1145,-64.835698,-3.024598
1146,-64.83514,-3.02504
1147,-64.833967,-3.025423
1148,-64.83451,-3.025922
1149,-64.833613,-3.026895
1150,-64.833492,-3.026163
1151,-64.834334,-3.026461
1152,-64.83427,-3.026541
1153,-64.834824,-3.026625
1154,-64.83473,-3.028159
1155,-64.834064,-3.026917
1156,-64.833036,-3.027447
1157,-64.833559,-3.028819
1158,-64.832659,-3.02838
1159,-64.831958,-3.029067
1160,-64.831653,-3.030158
1161,-64.831631,-3.030427
1162,-64.832215,-3.032103
1163,-64.832808,-3.031317
1164,-64.832287,-3.031976
1165,-64.832551,-3.031006
1166,-64.832073,-3.030938
1167,-64.832078,-3.030976
1168,-64.832185,-3.030574
1169,-64.832426,-3.030846
1170,-64.832933,-3.029709
1171,-64.833174,-3.029004
1172,-64.832933,-3.028713
1173,-64.833668,-3.028826
1174,-64.833328,-3.028438
1175,-64.833508,-3.028093
1176,-64.833369,-3.026604
1177,-64.833746,-3.026101
1178,-64.832617,-3.026469
1179,-64.832934,-3.026597
1180,-64.833838,-3.02605
1181,-64.833762,-3.025376
1182,-64.834059,-3.025902
1183,-64.833703,-3.026262
1184,-64.834021,-3.0261
1185,-64.834383,-3.025527
1186,-64.834531,-3.025569
1187,-64.835039,-3.026074
1188,-64.834798,-3.026686
1189,-64.833532,-3.027133
1190,-64.834059,-3.02715
1191,-64.834822,-3.026784
1192,-64.834539,-3.026863
1193,-64.834796,-3.02717
1194,-64.834051,-3.026487
1195,-64.834776,-3.026855
1196,-64.834995,-3.026703
1197,-64.835171,-3.026685
1198,-64.835142,-3.026717
1199,-64.835521,-3.026618
1200,-64.835849,-3.026776
1201,-64.835026,-3.027868
1202,-64.83496,-3.027674
1203,-64.834861,-3.027371
1204,-64.836216,-3.027232
1205,-64.835979,-3.025874
1206,-64.836426,-3.026475
1207,-64.835911,-3.026138
1208,-64.834876,-3.027445
1209,-64.835039,-3.027626
1210,-64.834308,-3.028451
1211,-64.834085,-3.028991
1212,-64.835145,-3.029458
1213,-64.83539,-3.030624
1214,-64.835658,-3.029681
1215,-64.835412,-3.029492
1216,-64.835546,-3.029664
1217,-64.835373,-3.029856
1218,-64.835012,-3.031472
1219,-64.835039,-3.032268
1220,-64.835043,-3.031724
1221,-64.834438,-3.031054
1222,-64.834218,-3.031702
1223,-64.834285,-3.031867
1224,-64.835467,-3.03146
1225,-64.835029,-3.031135
1226,-64.835898,-3.031341
1227,-64.836651,-3.031824
1228,-64.835879,-3.033414
1229,-64.836038,-3.033635
1230,-64.836595,-3.034161
1231,-64.836872,-3.034558
1232,-64.837851,-3.034236
1233,-64.837788,-3.034574
1234,-64.837645,-3.035213
1235,-64.838754,-3.035328
1236,-64.839337,-3.035015
1237,-64.839858,-3.03607
1238,-64.839215,-3.035977
1239,-64.839263,-3.036361
1240,-64.838583,-3.036057
1241,-64.838476,-3.036163
1242,-64.838204,-3.036296
1243,-64.837218,-3.036482
1244,-64.837992,-3.037556
1245,-64.837716,-3.037825
1246,-64.838062,-3.038427
1247,-64.838098,-3.038345
1248,-64.837295,-3.039467
1249,-64.837147,-3.038862
1250,-64.837015,-3.038699
1251,-64.836845,-3.039285
1252,-64.837358,-3.039147
1253,-64.837555,-3.040362
1254,-64.837683,-3.040803
1255,-64.837847,-3.040902
1256,-64.836957,-3.041081
1257,-64.837829,-3.041452
1258,-64.837959,-3.042021
1259,-64.838644,-3.041501
1260,-64.838624,-3.042594
1261,-64.838417,-3.042541
1262,-64.839124,-3.042638
1263,-64.839138,-3.043782
1264,-64.838925,-3.044392
1265,-64.839656,-3.044934
1266,-64.839078,-3.045914
1267,-64.838229,-3.046582
1268,-64.837654,-3.047468
1269,-64.837436,-3.047792
1270,-64.838095,-3.047952
1271,-64.837923,-3.048559
1272,-64.838474,-3.048794
1273,-64.838662,-3.049956
1274,-64.838207,-3.050791
1275,-64.838658,-3.050555
1276,-64.838451,-3.051166
1277,-64.83897,-3.051512
1278,-64.838914,-3.051285
1279,-64.839625,-3.051883
1280,-64.8395,-3.051531
1281,-64.838727,-3.052121
1282,-64.839303,-3.052261
1283,-64.839279,-3.052426
1284,-64.83976,-3.05333
1285,-64.840699,-3.053404
1286,-64.840134,-3.053705
1287,-64.840635,-3.054412
1288,-64.840804,-3.055247
1289,-64.840773,-3.056567
1290,-64.84127,-3.055867
1291,-64.841428,-3.056572
1292,-64.842116,-3.057063
1293,-64.841807,-3.05791
1294,-64.842443,-3.057923
1295,-64.842137,-3.057567
1296,-64.84235,-3.057336
1297,-64.842479,-3.057531
1298,-64.842879,-3.057622
1299,-64.843423,-3.057719
1300,-64.843671,-3.058096
1301,-64.842871,-3.058389
1302,-64.843163,-3.058913
1303,-64.84384,-3.059363
1304,-64.843673,-3.059745
1305,-64.844114,-3.059248
1306,-64.843392,-3.059565
1307,-64.843734,-3.059606
1308,-64.843883,-3.060185
1309,-64.843543,-3.06051
1310,-64.843664,-3.060711
1311,-64.843086,-3.061173
1312,-64.843833,-3.06164
1313,-64.844152,-3.062521
1314,-64.843731,-3.063739
1315,-64.84403,-3.063526
1316,-64.843937,-3.064945
1317,-64.844512,-3.065223
1318,-64.844339,-3.066125
1319,-64.844756,-3.066868
1320,-64.845685,-3.067243
1321,-64.846039,-3.068739
1322,-64.845822,-3.069546
1323,-64.845649,-3.070565
1324,-64.845818,-3.070481
1325,-64.845674,-3.07021
1326,-64.845601,-3.071559
1327,-64.846111,-3.072572
1328,-64.845789,-3.07471
1329,-64.845199,-3.074741
1330,-64.845926,-3.075622
1331,-64.846128,-3.075975
1332,-64.846934,-3.075727
1333,-64.847727,-3.076259
1334,-64.847443,-3.078074
1335,-64.847553,-3.077109
1336,-64.848162,-3.077773
1337,-64.849223,-3.078204
1338,-64.848342,-3.078627
1339,-64.849302,-3.079372
1340,-64.84959,-3.0806
1341,-64.849153,-3.081504
1342,-64.8491,-3.082198
1343,-64.849276,-3.081809
1344,-64.849525,-3.082827
1345,-64.850219,-3.08237
1346,-64.849753,-3.082478
1347,-64.851448,-3.082442
1348,-64.851103,-3.083437
1349,-64.838612,-3.074142
1350,-64.83824,-3.076076
1351,-64.837616,-3.074645
1352,-64.837169,-3.074607
1353,-64.835631,-3.075461
1354,-64.835431,-3.075071
1355,-64.833744,-3.074487
1356,-64.832986,-3.07433
1357,-64.831983,-3.074192
1358,-64.831319,-3.074423
1359,-64.830565,-3.074672
1360,-64.829647,-3.074168
1361,-64.828541,-3.073595
1362,-64.828356,-3.072894
1363,-64.827889,-3.072184
1364,-64.827412,-3.071906
1365,-64.82615,-3.071172
1366,-64.824328,-3.072431
1367,-64.823854,-3.072783
1368,-64.82307,-3.072341
1369,-64.822595,-3.072376
1370,-64.821948,-3.071532
1371,-64.82096,-3.071447
1372,-64.81977,-3.071349
1373,-64.819197,-3.071387
1374,-64.818773,-3.071309
1375,-64.817494,-3.071016
1376,-64.816911,-3.069071
1377,-64.816187,-3.068974
1378,-64.815157,-3.069509
1379,-64.814419,-3.070163
1380,-64.814894,-3.069916
1381,-64.814312,-3.07069
1382,-64.813698,-3.071345
1383,-64.812826,-3.072332
1384,-64.812331,-3.071968
1385,-64.811668,-3.072095
1386,-64.810878,-3.072276
1387,-64.809559,-3.072342
1388,-64.809644,-3.073065
1389,-64.809351,-3.073183
1390,-64.808853,-3.072654
1391,-64.808076,-3.073058
1392,-64.807812,-3.073044
1393,-64.806593,-3.073716
1394,-64.805551,-3.075366
1395,-64.804667,-3.074929
1396,-64.803826,-3.075308
1397,-64.802879,-3.075955
1398,-64.801963,-3.076463
1399,-64.801703,-3.075938
1400,-64.801092,-3.075421
1401,-64.800138,-3.076542
1402,-64.799514,-3.076963
1403,-64.798873,-3.077546
1404,-64.797609,-3.078275
1405,-64.796789,-3.078211
1406,-64.795645,-3.078565
1407,-64.795736,-3.078715
1408,-64.795199,-3.079584
1409,-64.794159,-3.080542
1410,-64.793688,-3.080872
1411,-64.792692,-3.082033
1412,-64.792023,-3.083631
1413,-64.791525,-3.084101
1414,-64.789786,-3.08461
1415,-64.789057,-3.085341
1416,-64.787899,-3.086954
1417,-64.788084,-3.087803
1418,-64.787472,-3.0883
1419,-64.786385,-3.089435
1420,-64.786609,-3.089834
1421,-64.785819,-3.091321
1422,-64.78498,-3.092421
1423,-64.784993,-3.094356
1424,-64.783899,-3.095284
1425,-64.782527,-3.095921
1426,-64.780672,-3.097936
1427,-64.779886,-3.098907
1428,-64.779442,-3.099146
1429,-64.777773,-3.10124
1430,-64.776537,-3.101026
1431,-64.776514,-3.101371
1432,-64.776763,-3.102149
1433,-64.775375,-3.103405
1434,-64.775819,-3.104637
1435,-64.775847,-3.102882
1436,-64.776333,-3.101242
1437,-64.777764,-3.100986
1438,-64.778308,-3.101283
1439,-64.779009,-3.099693
1440,-64.778612,-3.099525
1441,-64.778389,-3.099228
1442,-64.778749,-3.098783
1443,-64.779048,-3.098687
1444,-64.780169,-3.099165
1445,-64.780358,-3.099825
1446,-64.780106,-3.099586
1447,-64.780411,-3.098524
1448,-64.781155,-3.099245
1449,-64.782177,-3.099027
1450,-64.782776,-3.099471
1451,-64.782543,-3.099925
1452,-64.781443,-3.099451
1453,-64.780153,-3.097638
1454,-64.779492,-3.098063
1455,-64.779098,-3.098761
1456,-64.779083,-3.097331
1457,-64.777647,-3.097412
1458,-64.777686,-3.096867
1459,-64.777276,-3.096825
1460,-64.776767,-3.097577
1461,-64.776925,-3.097519
1462,-64.776236,-3.096857
1463,-64.77605,-3.0966
1464,-64.775793,-3.097188
1465,-64.775583,-3.09796
1466,-64.775229,-3.097108
1467,-64.774693,-3.097028
1468,-64.775063,-3.09727
1469,-64.774237,-3.098017
1470,-64.774029,-3.098364
1471,-64.773969,-3.097901
1472,-64.774281,-3.099024
1473,-64.773888,-3.099145
1474,-64.774031,-3.10034
1475,-64.772922,-3.100048
1476,-64.772977,-3.099766
1477,-64.773688,-3.099507
1478,-64.774946,-3.099066
1479,-64.776359,-3.100656
1480,-64.778045,-3.102229
1481,-64.780125,-3.102594
1482,-64.781068,-3.103118
1483,-64.782587,-3.103947
1484,-64.78422,-3.104217
1485,-64.784979,-3.105799
1486,-64.786233,-3.106758
1487,-64.787558,-3.106964
1488,-64.792074,-3.10423
1489,-64.792753,-3.10328
1490,-64.793611,-3.101145
1491,-64.794339,-3.099732
1492,-64.794081,-3.097972
1493,-64.795211,-3.095868
1494,-64.796794,-3.09313
1495,-64.797836,-3.092635
1496,-64.798127,-3.091561
1497,-64.799138,-3.090921
1498,-64.800183,-3.087617
1499,-64.801074,-3.086335
1500,-64.80155,-3.084642
1501,-64.802451,-3.083661
1502,-64.80333,-3.083005
1503,-64.803903,-3.081557
1504,-64.804261,-3.080982
1505,-64.80523,-3.079182
1506,-64.805509,-3.078156
1507,-64.805522,-3.077741
1508,-64.80654,-3.075535
1509,-64.806651,-3.073537
1510,-64.807375,-3.07179
1511,-64.808272,-3.070506
1512,-64.808493,-3.069444
1513,-64.80941,-3.067865
1514,-64.809817,-3.066694
1515,-64.810379,-3.065392
1516,-64.811082,-3.064139
1517,-64.811184,-3.063366
1518,-64.8122,-3.061164
1519,-64.813016,-3.060793
1520,-64.813519,-3.058688
1521,-64.81404,-3.056921
1522,-64.813899,-3.056539
1523,-64.813751,-3.054396
1524,-64.813498,-3.053681
1525,-64.814156,-3.052357
1526,-64.814912,-3.051118
1527,-64.815593,-3.05112
1528,-64.816962,-3.049483
1529,-64.81726,-3.0489
1530,-64.817521,-3.047985
1531,-64.818431,-3.047303
1532,-64.819029,-3.046925
1533,-64.819333,-3.045209
1534,-64.81993,-3.044313
1535,-64.820957,-3.044464
1536,-64.821272,-3.044165
1537,-64.82154,-3.04347
1538,-64.822337,-3.04226
1539,-64.8227,-3.041814
1540,-64.823541,-3.04247
1541,-64.824154,-3.042237
1542,-64.824192,-3.041705
1543,-64.82445,-3.040009
1544,-64.824462,-3.038385
1545,-64.825705,-3.038636
1546,-64.825777,-3.037828
1547,-64.828056,-3.027942
1548,-64.827234,-3.033239
1549,-64.82613,-3.03133
1550,-64.824376,-3.032756
1551,-64.824113,-3.031521
1552,-64.8224,-3.032292
1553,-64.821393,-3.031243
1554,-64.820505,-3.031237
1555,-64.818559,-3.031721
1556,-64.817467,-3.031605
1557,-64.817279,-3.032693
1558,-64.815915,-3.032365
1559,-64.814175,-3.032553
1560,-64.812526,-3.0338
1561,-64.81173,-3.034884
1562,-64.829194,-3.02904
1563,-64.831278,-3.026938
1564,-64.833318,-3.025119
1565,-64.835548,-3.02283
1566,-64.836874,-3.022188
1567,-64.838647,-3.02011
1568,-64.839707,-3.017633
1569,-64.841722,-3.016768
1570,-64.84363,-3.015628
1571,-64.845512,-3.01432
1572,-64.847464,-3.012295
1573,-64.849471,-3.011372
1574,-64.849308,-3.010527
1575,-64.85033,-3.010674
1576,-64.849599,-3.011158
1577,-64.849986,-3.013572
1578,-64.848686,-3.014615
1579,-64.84877,-3.014331
1580,-64.84837,-3.01478
1581,-64.847756,-3.016262
1582,-64.847674,-3.015897
1583,-64.847276,-3.016565
1584,-64.846985,-3.018136
1585,-64.846874,-3.018134
1586,-64.846024,-3.019804
1587,-64.845615,-3.020274
1588,-64.845615,-3.021591
1589,-64.846029,-3.021783
1590,-64.845756,-3.023529
1591,-64.845513,-3.025082
1592,-64.845364,-3.026222
1593,-64.845224,-3.027516
1594,-64.844435,-3.028273
1595,-64.843797,-3.0293
1596,-64.843538,-3.032055
1597,-64.843601,-3.033866
1598,-64.8425,-3.036661
1599,-64.842014,-3.038742
1600,-64.840868,-3.039936
1601,-64.833048,-3.049444
1602,-64.821817,-3.058387
1603,-64.81986,-3.064677
1604,-64.817191,-3.063198
1605,-64.818262,-3.063063
1606,-64.818123,-3.062298
1607,-64.818606,-3.06109
1608,-64.819528,-3.061257
1609,-64.820343,-3.060613
1610,-64.821487,-3.059972
1611,-64.82144,-3.059038
1612,-64.823232,-3.058646
1613,-64.823463,-3.058059
1614,-64.823766,-3.056174
1615,-64.823859,-3.055733
1616,-64.824805,-3.055414
1617,-64.824689,-3.054422
1618,-64.824541,-3.055093
1619,-64.824385,-3.054791
1620,-64.824816,-3.053116
1621,-64.824908,-3.052959
1622,-64.82568,-3.052243
1623,-64.825399,-3.05303
1624,-64.825876,-3.051944
1625,-64.825664,-3.051195
1626,-64.826776,-3.051257
1627,-64.8279,-3.049646
1628,-64.828853,-3.0501
1629,-64.829301,-3.05039
1630,-64.829424,-3.04973
1631,-64.829771,-3.049377
1632,-64.830598,-3.048177
1633,-64.83109,-3.0484
1634,-64.832088,-3.04777
1635,-64.83291,-3.046655
1636,-64.833545,-3.046033
1637,-64.834362,-3.044658
1638,-64.834438,-3.043966
1639,-64.835412,-3.043733
1640,-64.836084,-3.043891
1641,-64.836492,-3.043432
1642,-64.837377,-3.043245
1643,-64.837759,-3.043588
1644,-64.838296,-3.042735
1645,-64.838773,-3.042899
1646,-64.83897,-3.043331
1647,-64.840097,-3.042391
1648,-64.84036,-3.043495
1649,-64.84154,-3.043172
1650,-64.842476,-3.042571
1651,-64.843327,-3.043931
1652,-64.84419,-3.042695
1653,-64.843897,-3.042545
1654,-64.843725,-3.042114
1655,-64.844826,-3.042325
1656,-64.844659,-3.042688
1657,-64.845507,-3.041556
1658,-64.845326,-3.040535
1659,-64.845484,-3.039635
1660,-64.84518,-3.039485
1661,-64.845587,-3.039426
1662,-64.846614,-3.03991
1663,-64.846463,-3.040228
1664,-64.846839,-3.040736
1665,-64.84663,-3.040275
1666,-64.846831,-3.040022
1667,-64.847187,-3.039493
1668,-64.847997,-3.039694
1669,-64.848171,-3.03986
1670,-64.849522,-3.038977
1671,-64.849981,-3.038801
1672,-64.850468,-3.037486
1673,-64.851084,-3.03646
1674,-64.851575,-3.036706
1675,-64.851654,-3.036146
1676,-64.852419,-3.02835
1677,-64.843147,-3.021021
1678,-64.843093,-3.020843
1679,-64.842653,-3.021257
1680,-64.842424,-3.02228
1681,-64.841763,-3.023758
1682,-64.841362,-3.022952
1683,-64.840358,-3.022656
1684,-64.839937,-3.022522
1685,-64.839659,-3.021504
1686,-64.838636,-3.022162
1687,-64.838067,-3.02199
1688,-64.83703,-3.022351
1689,-64.836485,-3.021989
1690,-64.835488,-3.02261
1691,-64.834843,-3.023596
1692,-64.834146,-3.023893
1693,-64.833781,-3.024399
1694,-64.833198,-3.024571
1695,-64.832715,-3.025283
1696,-64.831985,-3.026427
1697,-64.831467,-3.027023
1698,-64.830956,-3.02768
1699,-64.830413,-3.028352
1700,-64.830189,-3.029706
1701,-64.829141,-3.031506
1702,-64.828069,-3.03173
1703,-64.8278,-3.032688
1704,-64.826571,-3.034275
1705,-64.825494,-3.035357
1706,-64.825827,-3.035974
1707,-64.824711,-3.037433
1708,-64.82436,-3.038133
1709,-64.823715,-3.040593
1710,-64.823477,-3.040396
1711,-64.823946,-3.040716
1712,-64.82345,-3.042479
1713,-64.822112,-3.04538
1714,-64.82123,-3.046401
1715,-64.820141,-3.049184
1716,-64.818221,-3.051149
1717,-64.817163,-3.053001
1718,-64.815836,-3.05548
1719,-64.813899,-3.057623
1720,-64.812554,-3.060733
1721,-64.810921,-3.063203
1722,-64.808781,-3.065388
1723,-64.875577,-3.067766
1724,-64.876427,-3.067197
1725,-64.877275,-3.0657
1726,-64.878368,-3.065199
1727,-64.878937,-3.064306
1728,-64.879418,-3.06306
1729,-64.880348,-3.06221
1730,-64.880898,-3.061593
1731,-64.881401,-3.061178
1732,-64.881803,-3.060364
1733,-64.88266,-3.059527
1734,-64.883499,-3.058751
1735,-64.884389,-3.058153
1736,-64.884767,-3.057251
1737,-64.885188,-3.057108
1738,-64.885773,-3.056248
1739,-64.886665,-3.055492
1740,-64.887011,-3.054294
1741,-64.887516,-3.053832
1742,-64.887671,-3.053898
1743,-64.888427,-3.053438
1744,-64.888913,-3.052705
1745,-64.889723,-3.051959
1746,-64.890145,-3.051588
1747,-64.890615,-3.051181
1748,-64.891349,-3.050556
1749,-64.891889,-3.050022
1750,-64.892617,-3.049208
1751,-64.892853,-3.048948
1752,-64.892823,-3.048401
1753,-64.893722,-3.04788
1754,-64.893982,-3.047414
1755,-64.894236,-3.046484
1756,-64.894865,-3.045949
1757,-64.895115,-3.045341
1758,-64.895771,-3.044739
1759,-64.896413,-3.044238
1760,-64.89727,-3.04363
1761,-64.898005,-3.043264
1762,-64.898214,-3.042696
1763,-64.898671,-3.042049
1764,-64.899264,-3.041344
1765,-64.899721,-3.040733
1766,-64.899915,-3.040374
1767,-64.900278,-3.039942
1768,-64.900512,-3.039307
1769,-64.901032,-3.038717
1770,-64.901584,-3.03794
1771,-64.902077,-3.037511
1772,-64.902239,-3.037316
1773,-64.90274,-3.03691
1774,-64.903485,-3.036398
1775,-64.903877,-3.035678
1776,-64.904331,-3.03522
1777,-64.904316,-3.034784
1778,-64.905172,-3.034037
1779,-64.905641,-3.033489
1780,-64.906238,-3.033046
1781,-64.906595,-3.032607
1782,-64.90686,-3.032286
1783,-64.907534,-3.031918
1784,-64.908029,-3.031424
1785,-64.908462,-3.030996
1786,-64.908968,-3.030768
1787,-64.909191,-3.0307
1788,-64.909551,-3.029929
1789,-64.909902,-3.029584
1790,-64.910488,-3.029068
1791,-64.910799,-3.02867
1792,-64.91072,-3.028229
1793,-64.911433,-3.027602
1794,-64.912071,-3.026856
1795,-64.912379,-3.026177
1796,-64.912512,-3.025704
1797,-64.912549,-3.025289
1798,-64.913098,-3.02489
1799,-64.913297,-3.024233
1800,-64.91352,-3.023733
1801,-64.913923,-3.023331
1802,-64.913974,-3.022994
1803,-64.914343,-3.022822
1804,-64.914649,-3.022489
1805,-64.914691,-3.021814
1806,-64.914695,-3.021704
1807,-64.914811,-3.021552
1808,-64.915383,-3.021019
1809,-64.915916,-3.020808
1810,-64.916048,-3.020166
1811,-64.916293,-3.019932
1812,-64.916228,-3.019709
1813,-64.916672,-3.019295
1814,-64.91709,-3.019014
1815,-64.917121,-3.018777
1816,-64.917241,-3.018612
1817,-64.917215,-3.018592
1818,-64.917567,-3.018317
1819,-64.917878,-3.018098
1820,-64.918162,-3.01818
1821,-64.918553,-3.018152
1822,-64.918618,-3.017824
1823,-64.919249,-3.01773
1824,-64.919778,-3.017372
1825,-64.919979,-3.016849
1826,-64.920193,-3.016998
1827,-64.919713,-3.016801
1828,-64.919874,-3.016683
1829,-64.920367,-3.016492
1830,-64.920264,-3.016276
1831,-64.920313,-3.015979
1832,-64.920266,-3.016
1833,-64.920388,-3.015816
1834,-64.920742,-3.015612
1835,-64.921112,-3.014977
1836,-64.921256,-3.015058
1837,-64.921114,-3.015376
1838,-64.921248,-3.01541
1839,-64.921554,-3.015487
1840,-64.921812,-3.015282
1841,-64.921918,-3.01522
1842,-64.921742,-3.014847
1843,-64.921807,-3.014646
1844,-64.922225,-3.014458
1845,-64.922297,-3.014333
1846,-64.922294,-3.014401
1847,-64.922214,-3.014311
1848,-64.922986,-3.014332
1849,-64.923306,-3.014036
1850,-64.923071,-3.013977
1851,-64.923194,-3.014132
1852,-64.922655,-3.014294
1853,-64.922769,-3.014013
1854,-64.922893,-3.013797
1855,-64.923002,-3.013541
1856,-64.922984,-3.013764
1857,-64.92285,-3.013757
1858,-64.922992,-3.013719
1859,-64.923161,-3.013596
1860,-64.923163,-3.013604
1861,-64.923115,-3.013621
1862,-64.922664,-3.013671
1863,-64.922439,-3.013717
1864,-64.922315,-3.013866
1865,-64.922121,-3.013689
1866,-64.922112,-3.013437
1867,-64.921983,-3.013516
1868,-64.921964,-3.013458
1869,-64.922061,-3.013378
1870,-64.921784,-3.013039
1871,-64.921663,-3.013319
1872,-64.921195,-3.01329
1873,-64.921144,-3.013771
1874,-64.921136,-3.013655
1875,-64.92101,-3.013075
1876,-64.920964,-3.013427
1877,-64.920675,-3.013572
1878,-64.920516,-3.013867
1879,-64.920693,-3.013908
1880,-64.920674,-3.014084
1881,-64.920317,-3.014139
1882,-64.920162,-3.014362
1883,-64.920464,-3.014223
1884,-64.920733,-3.014074
1885,-64.921031,-3.013813
1886,-64.920889,-3.014125
1887,-64.92085,-3.014212
1888,-64.920595,-3.014429
1889,-64.920587,-3.014344
1890,-64.920479,-3.014537
1891,-64.920332,-3.014721
1892,-64.920055,-3.014724
1893,-64.919828,-3.014865
1894,-64.92015,-3.015026
1895,-64.919855,-3.015028
1896,-64.919455,-3.015165
1897,-64.919219,-3.015498
1898,-64.919103,-3.015927
1899,-64.91914,-3.016055
1900,-64.919161,-3.016376
1901,-64.919047,-3.016374
1902,-64.918686,-3.016387
1903,-64.918454,-3.016727
1904,-64.918637,-3.016819
1905,-64.918308,-3.016975
1906,-64.918121,-3.017334
1907,-64.917908,-3.017693
1908,-64.917708,-3.01807
1909,-64.917795,-3.018368
1910,-64.917646,-3.018634
1911,-64.917364,-3.019217
1912,-64.917047,-3.019507
1913,-64.916746,-3.019875
1914,-64.916783,-3.020208
1915,-64.916762,-3.020286
1916,-64.916423,-3.020538
1917,-64.915954,-3.020947
1918,-64.915817,-3.021325
1919,-64.916182,-3.021626
1920,-64.915664,-3.02187
1921,-64.915626,-3.022399
1922,-64.915283,-3.02305
1923,-64.91464,-3.023419
1924,-64.914481,-3.023764
1925,-64.914295,-3.024102
1926,-64.913772,-3.02421
1927,-64.913402,-3.024172
1928,-64.913125,-3.024647
1929,-64.913292,-3.025215
1930,-64.912842,-3.025472
1931,-64.912495,-3.025949
1932,-64.912085,-3.0264
1933,-64.911962,-3.026619
1934,-64.911999,-3.026712
1935,-64.911591,-3.026905
1936,-64.911543,-3.027448
1937,-64.911172,-3.028189
1938,-64.910712,-3.028767
1939,-64.910721,-3.029112
1940,-64.910468,-3.029467
1941,-64.910061,-3.030137
1942,-64.90969,-3.030794
1943,-64.90917,-3.031353
1944,-64.909234,-3.031496
1945,-64.909091,-3.031987
1946,-64.908816,-3.032253
1947,-64.908152,-3.032543
1948,-64.907496,-3.032806
1949,-64.907387,-3.033176
1950,-64.906738,-3.033629
1951,-64.90666,-3.034276
1952,-64.906183,-3.034742
1953,-64.905528,-3.0353
1954,-64.905437,-3.035567
1955,-64.905101,-3.03609
1956,-64.904864,-3.03687
1957,-64.904311,-3.037738
1958,-64.903672,-3.038317
1959,-64.903522,-3.038729
1960,-64.903096,-3.039289
1961,-64.902615,-3.040127
1962,-64.901995,-3.040866
1963,-64.901556,-3.041408
1964,-64.901353,-3.042025
1965,-64.901142,-3.042909
1966,-64.900763,-3.043681
1967,-64.900126,-3.043906
1968,-64.899534,-3.04456
1969,-64.899476,-3.04525
1970,-64.898892,-3.045668
1971,-64.898333,-3.046616
1972,-64.897704,-3.047484
1973,-64.897361,-3.048068
1974,-64.897124,-3.048575
1975,-64.896636,-3.049058
1976,-64.89627,-3.049855
1977,-64.895799,-3.050517
1978,-64.895027,-3.051225
1979,-64.89484,-3.051838
1980,-64.894559,-3.052651
1981,-64.893948,-3.053716
1982,-64.893073,-3.054444
1983,-64.892612,-3.055318
1984,-64.892116,-3.055716
1985,-64.891565,-3.056448
1986,-64.891135,-3.056991
1987,-64.890257,-3.057707
1988,-64.889674,-3.058275
1989,-64.889344,-3.059143
1990,-64.888913,-3.060043
1991,-64.888348,-3.061182
1992,-64.887439,-3.061704
1993,-64.886834,-3.062597
1994,-64.886591,-3.063366
1995,-64.885944,-3.063912
1996,-64.885367,-3.064714
1997,-64.884695,-3.065461
1998,-64.883709,-3.066395
1999,-64.883396,-3.067166
2000,-64.882763,-3.067844
2001,-64.882311,-3.068499
2002,-64.88165,-3.069238
2003,-64.880959,-3.070292
2004,-64.880604,-3.070946
2005,-64.879993,-3.071911
2006,-64.879271,-3.072992
2007,-64.878586,-3.073615
2008,-64.87794,-3.07438
2009,-64.877658,-3.075439
2010,-64.877152,-3.075744
2011,-64.876343,-3.077204
2012,-64.875521,-3.07804
2013,-64.874517,-3.078968
2014,-64.874514,-3.079594
2015,-64.873968,-3.080032
2016,-64.873459,-3.080914
2017,-64.872428,-3.08191
2018,-64.871866,-3.082857
2019,-64.871074,-3.083386
2020,-64.870408,-3.084206
2021,-64.86996,-3.085105
2022,-64.869323,-3.086086
2023,-64.86858,-3.087081
2024,-64.868174,-3.087709
2025,-64.867269,-3.088688
2026,-64.866732,-3.089615
2027,-64.865713,-3.090666
2028,-64.864657,-3.091994
2029,-64.864007,-3.092393
2030,-64.863221,-3.093218
2031,-64.862247,-3.094535
2032,-64.861331,-3.095203
2033,-64.860616,-3.095618
2034,-64.862186,-3.093721
2035,-64.863712,-3.091318
2036,-64.864993,-3.089565
2037,-64.866005,-3.08752
2038,-64.867601,-3.085548
2039,-64.869327,-3.083507
2040,-64.870561,-3.081628
2041,-64.872247,-3.080233
2042,-64.873309,-3.078599
2043,-64.874732,-3.076864
2044,-64.875971,-3.075023
2045,-64.877093,-3.073452
2046,-64.877936,-3.07192
2047,-64.878724,-3.070515
2048,-64.879976,-3.068967
2049,-64.881126,-3.067567
2050,-64.881925,-3.065979
2051,-64.882731,-3.06458
2052,-64.883308,-3.063272
2053,-64.883898,-3.062069
2054,-64.884901,-3.060846
2055,-64.885422,-3.059658
2056,-64.886055,-3.058587
2057,-64.886773,-3.05753
2058,-64.887422,-3.056443
2059,-64.8883,-3.05534
2060,-64.889015,-3.054267
2061,-64.889622,-3.053277
2062,-64.889673,-3.052442
2063,-64.89025,-3.051457
2064,-64.890867,-3.050497
2065,-64.891048,-3.049573
2066,-64.891713,-3.048729
2067,-64.891723,-3.047773
2068,-64.891909,-3.046988
2069,-64.892246,-3.046267
2070,-64.892355,-3.045263
2071,-64.891871,-3.045227
2072,-64.891565,-3.04448
2073,-64.891725,-3.044929
2074,-64.891571,-3.044587
2075,-64.891196,-3.044701
2076,-64.891612,-3.04517
2077,-64.89226,-3.044828
2078,-64.892763,-3.044519
2079,-64.89296,-3.044243
2080,-64.892723,-3.044656
2081,-64.89329,-3.044329
2082,-64.894062,-3.043939
2083,-64.8943,-3.043445
2084,-64.894845,-3.043171
2085,-64.895041,-3.043213
2086,-64.895343,-3.043506
2087,-64.895321,-3.043538
2088,-64.895218,-3.043293
2089,-64.89544,-3.043639
2090,-64.895417,-3.043561
2091,-64.89568,-3.043564
2092,-64.895816,-3.043128
2093,-64.895742,-3.042888
2094,-64.895856,-3.042863
2095,-64.895704,-3.043058
2096,-64.895994,-3.043026
2097,-64.895975,-3.042954
2098,-64.896001,-3.042805
2099,-64.895872,-3.04245
2100,-64.895536,-3.042609
2101,-64.895924,-3.04224
2102,-64.896202,-3.042143
2103,-64.89623,-3.042231
2104,-64.896218,-3.042461
2105,-64.895837,-3.042767
2106,-64.896235,-3.042742
2107,-64.896218,-3.042966
2108,-64.896115,-3.043372
2109,-64.896086,-3.044163
2110,-64.895769,-3.044721
2111,-64.895954,-3.045162
2112,-64.895938,-3.045147
2113,-64.895571,-3.045095
2114,-64.895337,-3.045468
2115,-64.894578,-3.045679
2116,-64.894609,-3.045933
2117,-64.894351,-3.046344
2118,-64.89404,-3.046772
2119,-64.893803,-3.047352
2120,-64.89336,-3.047984
2121,-64.89316,-3.048305
2122,-64.892676,-3.04859
2123,-64.892267,-3.049225
2124,-64.891869,-3.049893
2125,-64.891347,-3.05062
2126,-64.891014,-3.051129
2127,-64.890608,-3.051799
2128,-64.890026,-3.052385
2129,-64.889376,-3.053196
2130,-64.88861,-3.054217
2131,-64.888378,-3.055024
2132,-64.887933,-3.055667
2133,-64.887435,-3.056684
2134,-64.886851,-3.057455
2135,-64.886307,-3.058504
2136,-64.886172,-3.059355
2137,-64.885596,-3.060438
2138,-64.884802,-3.061699
2139,-64.884058,-3.06248
2140,-64.882858,-3.063711
2141,-64.882604,-3.064652
2142,-64.881978,-3.06556
2143,-64.881311,-3.066594
2144,-64.880674,-3.067664
2145,-64.879993,-3.068439
2146,-64.87943,-3.069185
2147,-64.878494,-3.069797
2148,-64.877926,-3.070973
2149,-64.877256,-3.072205
2150,-64.876098,-3.073246
2151,-64.875722,-3.074472
2152,-64.87494,-3.075631
2153,-64.874101,-3.076621
2154,-64.87327,-3.077507
2155,-64.871958,-3.078503
2156,-64.871592,-3.079345
2157,-64.87071,-3.08032
2158,-64.869839,-3.081891
2159,-64.868772,-3.083231
2160,-64.867571,-3.084296
2161,-64.86674,-3.085389
2162,-64.865827,-3.086684
2163,-64.864986,-3.087863
2164,-64.863571,-3.088785
2165,-64.862152,-3.090209
2166,-64.861616,-3.091438
2167,-64.86052,-3.092914
2168,-64.859294,-3.094662
2169,-64.857944,-3.095865
2170,-64.855962,-3.095826
2171,-64.856715,-3.094722
2172,-64.857739,-3.092937
2173,-64.858501,-3.091733
2174,-64.858996,-3.090412
2175,-64.860141,-3.088807
2176,-64.860821,-3.087682
2177,-64.861003,-3.086175
2178,-64.861603,-3.08491
2179,-64.86204,-3.084134
2180,-64.862828,-3.082725
2181,-64.863671,-3.0817
2182,-64.8644,-3.080908
2183,-64.864915,-3.080171
2184,-64.865034,-3.079431
2185,-64.865478,-3.078183
2186,-64.865859,-3.077151
2187,-64.866452,-3.076017
2188,-64.86679,-3.075352
2189,-64.867098,-3.074725
2190,-64.867646,-3.073573
2191,-64.867944,-3.072782
2192,-64.868271,-3.072096
2193,-64.868536,-3.071236
2194,-64.868541,-3.070771
2195,-64.869058,-3.070021
2196,-64.869402,-3.069356
2197,-64.869679,-3.06873
2198,-64.869909,-3.068003
2199,-64.869867,-3.067605
2200,-64.869933,-3.067053
2201,-64.869857,-3.066495
2202,-64.870118,-3.065839
2203,-64.870202,-3.065442
2204,-64.870116,-3.065125
2205,-64.870348,-3.064697
2206,-64.870401,-3.064165
2207,-64.870525,-3.063702
2208,-64.870461,-3.06267
2209,-64.87018,-3.062247
2210,-64.87026,-3.061936
2211,-64.870053,-3.061661
2212,-64.870133,-3.061099
2213,-64.869929,-3.060804
2214,-64.869279,-3.06088
2215,-64.868278,-3.060843
2216,-64.867262,-3.060744
2217,-64.866923,-3.060678
2218,-64.866216,-3.059986
2219,-64.865784,-3.06023
2220,-64.865094,-3.060555
2221,-64.864698,-3.061021
2222,-64.864622,-3.060776
2223,-64.864283,-3.060498
2224,-64.863225,-3.060704
2225,-64.8623,-3.060646
2226,-64.858194,-3.047747
2227,-64.859368,-3.046907
2228,-64.860202,-3.045957
2229,-64.860804,-3.045579
2230,-64.861328,-3.045205
2231,-64.862659,-3.045006
2232,-64.864422,-3.04385
2233,-64.865679,-3.042518
2234,-64.866345,-3.042141
2235,-64.86693,-3.041997
2236,-64.86777,-3.041676
2237,-64.868423,-3.041233
2238,-64.868916,-3.040857
2239,-64.869314,-3.040636
2240,-64.869264,-3.040502
2241,-64.870494,-3.039632
2242,-64.871241,-3.039199
2243,-64.872443,-3.038742
2244,-64.873225,-3.038516
2245,-64.873605,-3.038155
2246,-64.874408,-3.037406
2247,-64.875191,-3.036836
2248,-64.875743,-3.036098
2249,-64.876119,-3.035989
2250,-64.875952,-3.035374
2251,-64.87704,-3.035261
2252,-64.877828,-3.034945
2253,-64.878405,-3.034243
2254,-64.879109,-3.033843
2255,-64.879257,-3.033627
2256,-64.880016,-3.033115
2257,-64.880752,-3.032838
2258,-64.88094,-3.032189
2259,-64.881697,-3.032051
2260,-64.881902,-3.031457
2261,-64.882657,-3.03081
2262,-64.883339,-3.030828
2263,-64.883885,-3.03004
2264,-64.884302,-3.029641
2265,-64.884418,-3.029328
2266,-64.885031,-3.028937
2267,-64.885467,-3.028647
2268,-64.886012,-3.028128
2269,-64.886298,-3.027972
2270,-64.886462,-3.028385
2271,-64.887323,-3.028158
2272,-64.887816,-3.027937
2273,-64.887935,-3.027291
2274,-64.888222,-3.027133
2275,-64.888394,-3.026535
2276,-64.889209,-3.026263
2277,-64.889748,-3.025992
2278,-64.890185,-3.025515
2279,-64.890557,-3.025407
2280,-64.890538,-3.025237
2281,-64.891024,-3.025015
2282,-64.891438,-3.024377
2283,-64.89167,-3.024171
2284,-64.891971,-3.02372
2285,-64.89172,-3.023227
2286,-64.892264,-3.022813
2287,-64.892641,-3.022657
2288,-64.892715,-3.022413
2289,-64.893081,-3.02238
2290,-64.893243,-3.022033
2291,-64.894018,-3.021785
2292,-64.894571,-3.021498
2293,-64.894726,-3.021272
2294,-64.894964,-3.020775
2295,-64.894766,-3.020588
2296,-64.895117,-3.020275
2297,-64.895531,-3.020052
2298,-64.895771,-3.019873
2299,-64.896021,-3.019676
2300,-64.895707,-3.019778
2301,-64.896174,-3.019658
2302,-64.896083,-3.019357
2303,-64.896283,-3.019255
2304,-64.896487,-3.019075
2305,-64.896081,-3.018771
2306,-64.896333,-3.018675
2307,-64.896653,-3.018543
2308,-64.896876,-3.01805
2309,-64.896845,-3.018184
2310,-64.896579,-3.018485
2311,-64.896969,-3.018386
2312,-64.897181,-3.018422
2313,-64.897214,-3.018242
2314,-64.897236,-3.018297
2315,-64.897345,-3.018408
2316,-64.897665,-3.018307
2317,-64.898026,-3.018241
2318,-64.898007,-3.018056
2319,-64.897889,-3.018068
2320,-64.897833,-3.018398
2321,-64.89821,-3.018275
2322,-64.89862,-3.01841
2323,-64.898808,-3.018331
2324,-64.898651,-3.018414
2325,-64.898255,-3.018862
2326,-64.89843,-3.018705
2327,-64.898475,-3.018783
2328,-64.898266,-3.018981
2329,-64.898156,-3.019085
2330,-64.897946,-3.019163
2331,-64.898414,-3.019334
2332,-64.898218,-3.019052
2333,-64.898295,-3.019208
2334,-64.898139,-3.019625
2335,-64.897869,-3.019814
2336,-64.898358,-3.019907
2337,-64.898744,-3.020086
2338,-64.898701,-3.020182
2339,-64.898543,-3.020523
2340,-64.898539,-3.020769
2341,-64.898704,-3.020678
2342,-64.898458,-3.020719
2343,-64.8984,-3.020926
2344,-64.898001,-3.021253
2345,-64.897317,-3.021435
2346,-64.897452,-3.021647
2347,-64.897468,-3.021831
2348,-64.897271,-3.02201
2349,-64.896929,-3.021985
2350,-64.896534,-3.022612
2351,-64.896839,-3.023118
2352,-64.896976,-3.023196
2353,-64.896747,-3.023653
2354,-64.896456,-3.02401
2355,-64.896157,-3.024591
2356,-64.896339,-3.024808
2357,-64.896001,-3.025164
2358,-64.895937,-3.025786
2359,-64.895851,-3.025894
2360,-64.895193,-3.026398
2361,-64.895491,-3.026552
2362,-64.895542,-3.026946
2363,-64.895453,-3.02728
2364,-64.895133,-3.027558
2365,-64.894774,-3.028
2366,-64.894802,-3.028476
2367,-64.894752,-3.029053
2368,-64.894311,-3.029533
2369,-64.894087,-3.029937
2370,-64.893529,-3.030484
2371,-64.893511,-3.030726
2372,-64.893447,-3.031251
2373,-64.893486,-3.03162
2374,-64.893013,-3.031994
2375,-64.892833,-3.032563
2376,-64.892907,-3.03306
2377,-64.892551,-3.033296
2378,-64.892317,-3.033511
2379,-64.892305,-3.033705
2380,-64.891905,-3.03435
2381,-64.891945,-3.03466
2382,-64.891598,-3.035137
2383,-64.891257,-3.035186
2384,-64.890371,-3.035749
2385,-64.889689,-3.036319
2386,-64.889745,-3.036745
2387,-64.889506,-3.037225
2388,-64.889028,-3.037585
2389,-64.888727,-3.037964
2390,-64.887995,-3.038501
2391,-64.887962,-3.038779
2392,-64.887584,-3.039072
2393,-64.887337,-3.039736
2394,-64.886799,-3.0406
2395,-64.886268,-3.041255
2396,-64.886383,-3.041747
2397,-64.886298,-3.041957
2398,-64.886131,-3.042937
2399,-64.885747,-3.043089
2400,-64.885082,-3.043731
2401,-64.885309,-3.044198
2402,-64.884814,-3.044693
2403,-64.884441,-3.045573
2404,-64.883946,-3.046188
2405,-64.883513,-3.046644
2406,-64.883404,-3.047032
2407,-64.882926,-3.047815
2408,-64.882294,-3.048128
2409,-64.881866,-3.048755
2410,-64.881229,-3.049466
2411,-64.881205,-3.050098
2412,-64.880466,-3.050471
2413,-64.879812,-3.051322
2414,-64.87919,-3.052218
2415,-64.878466,-3.053165
2416,-64.878618,-3.053829
2417,-64.878204,-3.054416
2418,-64.877812,-3.055298
2419,-64.877152,-3.055791
2420,-64.876483,-3.056825
2421,-64.876169,-3.05766
2422,-64.875849,-3.058251
2423,-64.875267,-3.059373
2424,-64.874768,-3.060454
2425,-64.873989,-3.061466
2426,-64.873797,-3.062087
2427,-64.872992,-3.062804
2428,-64.872395,-3.063713
2429,-64.87185,-3.064603
2430,-64.870812,-3.065594
2431,-64.870425,-3.066134
2432,-64.869969,-3.066853
2433,-64.869215,-3.068342
2434,-64.868536,-3.068783
2435,-64.867351,-3.069799
2436,-64.866925,-3.070801
2437,-64.866479,-3.071862
2438,-64.86583,-3.072787
2439,-64.864731,-3.073708
2440,-64.863895,-3.074215
2441,-64.863409,-3.074454
2442,-64.862634,-3.075139
2443,-64.862006,-3.076387
2444,-64.861339,-3.077186
2445,-64.860711,-3.077975
2446,-64.860188,-3.078416
2447,-64.859739,-3.07899
2448,-64.85908,-3.080034
2449,-64.85785,-3.081117
2450,-64.857825,-3.081397
2451,-64.859134,-3.080494
2452,-64.860405,-3.079793
2453,-64.861462,-3.079341
2454,-64.861721,-3.07845
2455,-64.862838,-3.077757
2456,-64.863804,-3.077213
2457,-64.864772,-3.075983
2458,-64.86571,-3.074683
2459,-64.866175,-3.073887
2460,-64.866926,-3.073223
2461,-64.867738,-3.07232
2462,-64.868376,-3.071459
2463,-64.869239,-3.070636
2464,-64.869768,-3.069936
2465,-64.870591,-3.068918
2466,-64.871649,-3.068134
2467,-64.872175,-3.06736
2468,-64.873299,-3.066965
2469,-64.873728,-3.066515
2470,-64.874707,-3.065842
2471,-64.875324,-3.065233
2472,-64.875741,-3.064339
2473,-64.876652,-3.063772
2474,-64.877326,-3.063109
2475,-64.878326,-3.062461
2476,-64.87925,-3.062197
2477,-64.879811,-3.061539
2478,-64.88019,-3.060624
2479,-64.880663,-3.060302
2480,-64.881483,-3.059331
2481,-64.882323,-3.058655
2482,-64.883423,-3.058035
2483,-64.884295,-3.057436
2484,-64.884544,-3.056827
2485,-64.885301,-3.056095
2486,-64.886089,-3.055556
2487,-64.886456,-3.054767
2488,-64.886968,-3.054091
2489,-64.887275,-3.054076
2490,-64.887995,-3.053367
2491,-64.889181,-3.052788
2492,-64.889399,-3.052261
2493,-64.890079,-3.051954
2494,-64.890525,-3.051198
2495,-64.891182,-3.050561
2496,-64.891972,-3.049922
2497,-64.89279,-3.049625
2498,-64.893366,-3.049009
2499,-64.893805,-3.048148
2500,-64.894555,-3.047236
2501,-64.895118,-3.046817
2502,-64.895687,-3.046211
2503,-64.896106,-3.046012
2504,-64.896383,-3.045626
2505,-64.897354,-3.045133
2506,-64.897957,-3.044826
2507,-64.89835,-3.044045
2508,-64.898935,-3.043724
2509,-64.899035,-3.043334
2510,-64.900008,-3.042849
2511,-64.900611,-3.042078
2512,-64.901053,-3.041596
2513,-64.90159,-3.041741
2514,-64.901565,-3.041463
2515,-64.902156,-3.041314
2516,-64.902904,-3.040757
2517,-64.903588,-3.039943
2518,-64.90415,-3.039331
2519,-64.904384,-3.038959
2520,-64.905022,-3.038572
2521,-64.905532,-3.038357
2522,-64.905723,-3.038122
2523,-64.906301,-3.037914
2524,-64.906413,-3.037602
2525,-64.906903,-3.037487
2526,-64.907278,-3.037192
2527,-64.907666,-3.03685
2528,-64.90812,-3.036876
2529,-64.908546,-3.03689
2530,-64.909034,-3.036472
2531,-64.909458,-3.036151
2532,-64.909628,-3.035709
2533,-64.910224,-3.035502
2534,-64.910274,-3.035169
2535,-64.910716,-3.034939
2536,-64.911091,-3.034403
2537,-64.911575,-3.034145
2538,-64.911759,-3.033828
2539,-64.91211,-3.033734
2540,-64.912662,-3.033557
2541,-64.912914,-3.033018
2542,-64.913124,-3.032963
2543,-64.913675,-3.032825
2544,-64.914004,-3.032727
2545,-64.914251,-3.032389
2546,-64.914447,-3.032189
2547,-64.91475,-3.032038
2548,-64.915224,-3.031574
2549,-64.915278,-3.031486
2550,-64.915792,-3.031353
2551,-64.916279,-3.031191
2552,-64.916224,-3.031102
2553,-64.916801,-3.03095
2554,-64.917128,-3.030948
2555,-64.917568,-3.030966
2556,-64.917653,-3.030929
2557,-64.917733,-3.031047
2558,-64.91817,-3.030917
2559,-64.918214,-3.031084
2560,-64.918586,-3.030911
2561,-64.918946,-3.030704
2562,-64.919123,-3.030736
2563,-64.919343,-3.030547
2564,-64.919263,-3.030428
2565,-64.919646,-3.030286
2566,-64.919883,-3.030234
2567,-64.919793,-3.030197
2568,-64.920184,-3.030512
2569,-64.920137,-3.030456
2570,-64.920397,-3.030508
2571,-64.920555,-3.030663
2572,-64.92061,-3.030581
2573,-64.920836,-3.030686
2574,-64.920924,-3.030881
2575,-64.921045,-3.030849
2576,-64.921113,-3.03094
2577,-64.921156,-3.031129
2578,-64.9214,-3.03098
2579,-64.921311,-3.030959
2580,-64.921507,-3.031137
2581,-64.921884,-3.031148
2582,-64.921916,-3.031371
2583,-64.922111,-3.031208
2584,-64.922213,-3.031367
2585,-64.922408,-3.031769
2586,-64.922307,-3.031571
2587,-64.922268,-3.031505
2588,-64.922316,-3.03151
2589,-64.921994,-3.031583
2590,-64.92203,-3.032266
2591,-64.922173,-3.032252
2592,-64.922157,-3.032385
2593,-64.922203,-3.032662
2594,-64.922011,-3.032763
2595,-64.922298,-3.033143
2596,-64.922226,-3.033133
2597,-64.922085,-3.033327
2598,-64.922241,-3.033357
2599,-64.921857,-3.033621
2600,-64.921816,-3.033772
2601,-64.921916,-3.034032
2602,-64.921445,-3.034274
2603,-64.921714,-3.034688
2604,-64.921481,-3.03494
2605,-64.921348,-3.035263
2606,-64.921231,-3.035782
2607,-64.920951,-3.036425
2608,-64.920947,-3.036683
2609,-64.920922,-3.036822
2610,-64.920881,-3.037307
2611,-64.920855,-3.03759
2612,-64.920587,-3.037837
2613,-64.920679,-3.038105
2614,-64.920808,-3.038152
2615,-64.920987,-3.038538
2616,-64.920853,-3.039044
2617,-64.920727,-3.039377
2618,-64.920783,-3.039477
2619,-64.920552,-3.039934
2620,-64.920437,-3.040363
2621,-64.919998,-3.040296
2622,-64.919795,-3.040717
2623,-64.919674,-3.040985
2624,-64.919485,-3.041712
2625,-64.919262,-3.04225
2626,-64.919028,-3.042467
2627,-64.918505,-3.043158
2628,-64.918489,-3.043698
2629,-64.918139,-3.044138
2630,-64.917958,-3.045085
2631,-64.917552,-3.045342
2632,-64.917051,-3.04588
2633,-64.916906,-3.04641
2634,-64.916587,-3.046812
2635,-64.916392,-3.047106
2636,-64.9162,-3.047651
2637,-64.915543,-3.048275
2638,-64.915547,-3.048617
2639,-64.915009,-3.04871
2640,-64.914951,-3.049412
2641,-64.914636,-3.04997
2642,-64.914057,-3.050539
2643,-64.91399,-3.050692
2644,-64.913715,-3.051285
2645,-64.913607,-3.051845
2646,-64.912805,-3.052426
2647,-64.912192,-3.053182
2648,-64.912078,-3.053362
2649,-64.911441,-3.053599
2650,-64.911157,-3.054333
2651,-64.910748,-3.055211
2652,-64.910375,-3.055723
2653,-64.910182,-3.056519
2654,-64.909637,-3.05723
2655,-64.90929,-3.05818
2656,-64.90914,-3.058705
2657,-64.908354,-3.059347
2658,-64.908185,-3.05974
2659,-64.907722,-3.060226
2660,-64.907144,-3.061293
2661,-64.906616,-3.061827
2662,-64.906077,-3.062505
2663,-64.906016,-3.063361
2664,-64.905293,-3.064344
2665,-64.904637,-3.065069
2666,-64.903798,-3.065767
2667,-64.903031,-3.066468
2668,-64.903232,-3.067222
2669,-64.90277,-3.067765
2670,-64.90236,-3.068515
2671,-64.901715,-3.069567
2672,-64.900999,-3.070584
2673,-64.900755,-3.070845
2674,-64.899835,-3.071353
2675,-64.899291,-3.072087
2676,-64.898555,-3.072685
2677,-64.897723,-3.073557
2678,-64.897341,-3.073873
2679,-64.897006,-3.074367
2680,-64.896399,-3.075139
2681,-64.89556,-3.075935
2682,-64.893987,-3.07811
2683,-64.894476,-3.077155
2684,-64.894684,-3.076173
2685,-64.894447,-3.075421
2686,-64.894054,-3.07472
2687,-64.894392,-3.073849
2688,-64.894664,-3.073188
2689,-64.894459,-3.072468
2690,-64.894189,-3.071908
2691,-64.893816,-3.071444
2692,-64.893541,-3.070934
2693,-64.893468,-3.070482
2694,-64.893029,-3.069969
2695,-64.892941,-3.069477
2696,-64.892398,-3.06919
2697,-64.892633,-3.068509
2698,-64.892706,-3.06832
2699,-64.892684,-3.067443
2700,-64.892696,-3.067115
2701,-64.892094,-3.066936
2702,-64.891976,-3.066153
2703,-64.891718,-3.065861
2704,-64.891452,-3.06524
2705,-64.891382,-3.064873
2706,-64.890543,-3.064344
2707,-64.890394,-3.063828
2708,-64.889853,-3.063364
2709,-64.889496,-3.062803
2710,-64.889299,-3.062656
2711,-64.888586,-3.062483
2712,-64.8882,-3.062217
2713,-64.887834,-3.061745
2714,-64.887393,-3.061443
2715,-64.887064,-3.061267
2716,-64.886319,-3.061273
2717,-64.885915,-3.061144
2718,-64.885475,-3.060975
2719,-64.884939,-3.060986
2720,-64.884539,-3.060798
2721,-64.883743,-3.061024
2722,-64.883104,-3.061247
2723,-64.882368,-3.061407
2724,-64.881698,-3.061227
2725,-64.881323,-3.061192
2726,-64.880531,-3.061281
2727,-64.880157,-3.061252
2728,-64.879615,-3.061433
2729,-64.879014,-3.061329
2730,-64.878702,-3.061827
2731,-64.877819,-3.061939
2732,-64.877399,-3.062178
2733,-64.876563,-3.062747
2734,-64.875486,-3.063213
2735,-64.874867,-3.06384
2736,-64.874021,-3.064188
2737,-64.873429,-3.064728
2738,-64.872438,-3.064992
2739,-64.871342,-3.065419
2740,-64.870785,-3.06596
2741,-64.869409,-3.066602
2742,-64.868428,-3.067227
2743,-64.867415,-3.067548
2744,-64.866307,-3.067901
2745,-64.865362,-3.068437
2746,-64.864114,-3.06887
2747,-64.863206,-3.069641
2748,-64.862164,-3.070042
2749,-64.860757,-3.070592
2750,-64.859448,-3.071331
2751,-64.858479,-3.071787
2752,-64.857534,-3.072635
2753,-64.856362,-3.073152
2754,-64.855316,-3.073782
2755,-64.854292,-3.074188
2756,-64.853158,-3.074129
2757,-64.851808,-3.074532
2758,-64.850246,-3.075594
2759,-64.848557,-3.076557
2760,-64.847542,-3.076888
2761,-64.84611,-3.077523
2762,-64.844868,-3.07834
2763,-64.843594,-3.078954
2764,-64.841945,-3.079713
2765,-64.840831,-3.080167
2766,-64.839777,-3.081181
2767,-64.838486,-3.082351
2768,-64.837311,-3.083005
2769,-64.844561,-3.081247
2770,-64.845431,-3.080006
2771,-64.846118,-3.079328
2772,-64.846621,-3.078911
2773,-64.84713,-3.078356
2774,-64.847725,-3.077535
2775,-64.84846,-3.076941
2776,-64.849302,-3.07588
2777,-64.85004,-3.075408
2778,-64.8505,-3.075071
2779,-64.851178,-3.074338
2780,-64.851989,-3.073492
2781,-64.852883,-3.072614
2782,-64.853771,-3.072154
2783,-64.854389,-3.071879
2784,-64.85519,-3.071335
2785,-64.85594,-3.070579
2786,-64.8565,-3.069722
2787,-64.856721,-3.069105
2788,-64.856877,-3.068619
2789,-64.85763,-3.06752
2790,-64.85863,-3.066737
2791,-64.859187,-3.065805
2792,-64.859888,-3.065193
2793,-64.859828,-3.064457
2794,-64.860349,-3.063437
2795,-64.86121,-3.06264
2796,-64.861534,-3.061841
2797,-64.861956,-3.061619
2798,-64.862112,-3.060957
2799,-64.862655,-3.059783
2800,-64.863127,-3.059275
2801,-64.863435,-3.058396
2802,-64.864048,-3.058157
2803,-64.864264,-3.057498
2804,-64.865501,-3.05668
2805,-64.865914,-3.055799
2806,-64.866227,-3.05518
2807,-64.866637,-3.054827
2808,-64.86663,-3.054191
2809,-64.867344,-3.053735
2810,-64.8679,-3.053129
2811,-64.86823,-3.052304
2812,-64.868814,-3.051999
2813,-64.869025,-3.051591
2814,-64.869687,-3.051044
2815,-64.870344,-3.05039
2816,-64.870859,-3.049855
2817,-64.871148,-3.049526
2818,-64.871539,-3.049308
2819,-64.872107,-3.04884
2820,-64.872806,-3.048145
2821,-64.873132,-3.047467
2822,-64.873518,-3.046789
2823,-64.873714,-3.04604
2824,-64.874689,-3.045518
2825,-64.875127,-3.045372
2826,-64.875218,-3.04493
2827,-64.875668,-3.044633
2828,-64.87584,-3.044208
2829,-64.875943,-3.043922
2830,-64.876362,-3.043754
2831,-64.876819,-3.043134
2832,-64.877252,-3.042786
2833,-64.877259,-3.041919
2834,-64.877897,-3.040986
2835,-64.878207,-3.040715
2836,-64.878387,-3.040417
2837,-64.878524,-3.040303
2838,-64.878851,-3.040185
2839,-64.879254,-3.039837
2840,-64.879629,-3.03908
2841,-64.879892,-3.038524
2842,-64.879871,-3.037974
2843,-64.880037,-3.037931
2844,-64.88044,-3.037538
2845,-64.881162,-3.037309
2846,-64.881491,-3.037344
2847,-64.881589,-3.036832
2848,-64.882025,-3.03659
2849,-64.882648,-3.036235
2850,-64.882955,-3.036203
2851,-64.883227,-3.035771
2852,-64.883498,-3.035613
2853,-64.883489,-3.035288
2854,-64.883994,-3.034871
2855,-64.884443,-3.034697
2856,-64.88459,-3.034309
2857,-64.884777,-3.034345
2858,-64.884789,-3.03421
2859,-64.885065,-3.034016
2860,-64.88544,-3.033828
2861,-64.88549,-3.033573
2862,-64.885548,-3.033501
2863,-64.885479,-3.033338
2864,-64.885649,-3.0331
2865,-64.885759,-3.03311
2866,-64.885566,-3.032704
2867,-64.885621,-3.032544
2868,-64.885587,-3.032483
2869,-64.885721,-3.032186
2870,-64.885683,-3.03184
2871,-64.885761,-3.031525
2872,-64.885599,-3.031509
2873,-64.885677,-3.031354
2874,-64.886188,-3.031211
2875,-64.88637,-3.031062
2876,-64.886273,-3.030758
2877,-64.886272,-3.03089
2878,-64.886487,-3.03084
2879,-64.886851,-3.030473
2880,-64.887213,-3.030585
2881,-64.887111,-3.03009
2882,-64.887227,-3.030071
2883,-64.887193,-3.030006
2884,-64.887456,-3.029942
2885,-64.887533,-3.029806
2886,-64.88754,-3.029896
2887,-64.88748,-3.029924
2888,-64.887606,-3.029878
2889,-64.887684,-3.02966
2890,-64.887799,-3.029809
2891,-64.887657,-3.02954
2892,-64.887576,-3.029435
2893,-64.887507,-3.029381
2894,-64.887531,-3.029258
2895,-64.887428,-3.02942
2896,-64.887308,-3.029433
2897,-64.886981,-3.029471
2898,-64.886717,-3.029673
2899,-64.887091,-3.029617
2900,-64.887287,-3.02979
2901,-64.887042,-3.029539
2902,-64.886771,-3.029635
2903,-64.886815,-3.029824
2904,-64.886722,-3.029758
2905,-64.886515,-3.029909
2906,-64.886481,-3.030081
2907,-64.886015,-3.030311
2908,-64.886315,-3.030221
2909,-64.886335,-3.030248
2910,-64.886119,-3.03056
2911,-64.885976,-3.030665
2912,-64.885712,-3.031039
2913,-64.88583,-3.03086
2914,-64.885931,-3.030599
2915,-64.886075,-3.030764
2916,-64.885652,-3.031217
2917,-64.885377,-3.031376
2918,-64.88543,-3.031684
2919,-64.885283,-3.031854
2920,-64.885171,-3.032054
2921,-64.88474,-3.032191
2922,-64.884754,-3.03216
2923,-64.884627,-3.032316
2924,-64.884607,-3.032168
2925,-64.88453,-3.032678
2926,-64.884393,-3.032745
2927,-64.884097,-3.033064
2928,-64.883983,-3.033054
2929,-64.883774,-3.033197
2930,-64.883476,-3.033503
2931,-64.883087,-3.033894
2932,-64.882575,-3.034091
2933,-64.882518,-3.034489
2934,-64.882409,-3.034692
2935,-64.881977,-3.035067
2936,-64.881585,-3.035267
2937,-64.881095,-3.035756
2938,-64.880896,-3.035836
2939,-64.880752,-3.036171
2940,-64.880786,-3.036586
2941,-64.88017,-3.03692
2942,-64.879578,-3.037063
2943,-64.8793,-3.037299
2944,-64.879014,-3.03789
2945,-64.878902,-3.038301
2946,-64.878632,-3.038552
2947,-64.878335,-3.039129
2948,-64.878076,-3.039642
2949,-64.878031,-3.039937
2950,-64.877616,-3.040441
2951,-64.877379,-3.040916
2952,-64.876943,-3.041459
2953,-64.876582,-3.041813
2954,-64.876466,-3.042136
2955,-64.876282,-3.04234
2956,-64.875658,-3.042738
2957,-64.875096,-3.043342
2958,-64.874847,-3.043788
2959,-64.874649,-3.044103
2960,-64.874447,-3.044743
2961,-64.873876,-3.044832
2962,-64.873038,-3.045257
2963,-64.872485,-3.045392
2964,-64.872161,-3.045724
2965,-64.871775,-3.046225
2966,-64.871368,-3.046813
2967,-64.870607,-3.047301
2968,-64.870255,-3.047728
2969,-64.869882,-3.047945
2970,-64.869542,-3.048508
2971,-64.869126,-3.049279
2972,-64.86865,-3.049776
2973,-64.868702,-3.050125
2974,-64.868281,-3.050753
2975,-64.868028,-3.051415
2976,-64.867554,-3.05163
2977,-64.867081,-3.052142
2978,-64.867114,-3.052585
2979,-64.866801,-3.052996
2980,-64.866432,-3.05358
2981,-64.865949,-3.053948
2982,-64.865203,-3.054396
2983,-64.864973,-3.054638
2984,-64.864701,-3.055167
2985,-64.863968,-3.055948
2986,-64.863454,-3.05644
2987,-64.862734,-3.057455
2988,-64.862283,-3.057796
2989,-64.861692,-3.058198
2990,-64.861179,-3.058984
2991,-64.860466,-3.05969
2992,-64.859419,-3.060483
2993,-64.859198,-3.061
2994,-64.858501,-3.061326
2995,-64.8578,-3.062621
2996,-64.857127,-3.063295
2997,-64.856601,-3.063906
2998,-64.856297,-3.064263
2999,-64.85583,-3.065162
3000,-64.855277,-3.065985
3001,-64.854918,-3.066621
3002,-64.85439,-3.067656
3003,-64.854129,-3.068362
3004,-64.853264,-3.069202
3005,-64.852679,-3.070204
3006,-64.851756,-3.071132
3007,-64.850853,-3.071726
3008,-64.850542,-3.072422
3009,-64.849958,-3.072862
3010,-64.849414,-3.073654
3011,-64.848727,-3.07469
3012,-64.848003,-3.075734
3013,-64.847775,-3.076406
3014,-64.846947,-3.077364
3015,-64.846324,-3.078249
3016,-64.845743,-3.079237
3017,-64.844893,-3.079997
3018,-64.844572,-3.080463
3019,-64.844013,-3.08135
3020,-64.843363,-3.082116
3021,-64.842516,-3.083451
3022,-64.841777,-3.084389
3023,-64.841404,-3.085208
3024,-64.840852,-3.0859
3025,-64.840357,-3.087143
3026,-64.839522,-3.087921
3027,-64.838349,-3.088365
3028,-64.837946,-3.088925
3029,-64.836888,-3.089953
3030,-64.835927,-3.091029
3031,-64.834676,-3.091785
3032,-64.835205,-3.091881
3033,-64.836612,-3.0911
3034,-64.837943,-3.090199
3035,-64.839053,-3.089641
3036,-64.839805,-3.089248
3037,-64.841177,-3.088462
3038,-64.842148,-3.087608
3039,-64.842818,-3.086893
3040,-64.843534,-3.08624
3041,-64.843589,-3.086055
3042,-64.84441,-3.085428
3043,-64.844897,-3.085208
3044,-64.845167,-3.085024
3045,-64.845271,-3.084739
3046,-64.84515,-3.084944
3047,-64.845522,-3.084962
3048,-64.845593,-3.085111
3049,-64.846109,-3.085715
3050,-64.84602,-3.086039
3051,-64.851901,-3.083265
3052,-64.853589,-3.081639
3053,-64.854833,-3.08017
3054,-64.856721,-3.079251
3055,-64.857984,-3.078233
3056,-64.859529,-3.077058
3057,-64.861164,-3.076046
3058,-64.862534,-3.074587
3059,-64.864092,-3.073701
3060,-64.864994,-3.072975
3061,-64.866365,-3.071991
3062,-64.867987,-3.071142
3063,-64.869404,-3.070103
3064,-64.870688,-3.069522
3065,-64.871357,-3.069039
3066,-64.872559,-3.068506
3067,-64.873999,-3.067734
3068,-64.875114,-3.066801
3069,-64.876319,-3.066313
3070,-64.87686,-3.065644
3071,-64.87788,-3.064873
3072,-64.879126,-3.064287
3073,-64.88012,-3.063819
3074,-64.88092,-3.063707
3075,-64.881525,-3.063295
3076,-64.882497,-3.06288
3077,-64.883634,-3.062416
3078,-64.884404,-3.062064
3079,-64.885114,-3.061911
3080,-64.88581,-3.061929
3081,-64.886517,-3.061641
3082,-64.887573,-3.061432
3083,-64.887914,-3.061191
3084,-64.888699,-3.061129
3085,-64.889008,-3.060994
3086,-64.889648,-3.061188
3087,-64.890564,-3.060962
3088,-64.89128,-3.060722
3089,-64.8918,-3.061045
3090,-64.89222,-3.061143
3091,-64.892397,-3.061468
3092,-64.893069,-3.061097
3093,-64.89362,-3.061097
3094,-64.894032,-3.061691
3095,-64.893991,-3.061893
3096,-64.893802,-3.062301
3097,-64.894704,-3.06155
3098,-64.895183,-3.060655
3099,-64.895882,-3.059957
3100,-64.896141,-3.059288
3101,-64.896841,-3.058293
3102,-64.897706,-3.057182
3103,-64.89863,-3.055696
3104,-64.899527,-3.055101
3105,-64.899933,-3.054468
3106,-64.900834,-3.053832
3107,-64.901637,-3.05302
3108,-64.902408,-3.051775
3109,-64.903325,-3.050996
3110,-64.903534,-3.05039
3111,-64.904704,-3.048962
3112,-64.905944,-3.048179
3113,-64.906377,-3.047425
3114,-64.906799,-3.046511
3115,-64.90717,-3.045702
3116,-64.907846,-3.044763
3117,-64.908841,-3.043782
3118,-64.909556,-3.042452
3119,-64.910126,-3.041844
3120,-64.910289,-3.041328
3121,-64.911028,-3.040475
3122,-64.911527,-3.039084
3123,-64.911817,-3.038126
3124,-64.912238,-3.037578
3125,-64.912777,-3.036899
3126,-64.913902,-3.035834
3127,-64.914912,-3.034832
3128,-64.915614,-3.033783
3129,-64.916104,-3.033206
3130,-64.916439,-3.032383
3131,-64.917522,-3.031562
3132,-64.918055,-3.030899
3133,-64.918724,-3.029912
3134,-64.919327,-3.029231
3135,-64.919451,-3.028238
3136,-64.920166,-3.027502
3137,-64.921164,-3.02644
3138,-64.92172,-3.025449
3139,-64.922312,-3.024832
3140,-64.922908,-3.024105
3141,-64.923742,-3.023573
3142,-64.924447,-3.022954
3143,-64.924898,-3.021905
3144,-64.925427,-3.021085
3145,-64.925439,-3.020502
3146,-64.926264,-3.019674
3147,-64.926985,-3.019155
3148,-64.927776,-3.017957
3149,-64.928692,-3.017077
3150,-64.929037,-3.016388
3151,-64.930216,-3.015725
3152,-64.930887,-3.014778
3153,-64.93175,-3.013792
3154,-64.932788,-3.012877
3155,-64.932795,-3.011859
3156,-64.933358,-3.011252
3157,-64.934256,-3.010264
3158,-64.935153,-3.009484
3159,-64.935984,-3.008968
3160,-64.936267,-3.007874
3161,-64.937193,-3.006985
3162,-64.938002,-3.006286
3163,-64.938348,-3.005334
3164,-64.939005,-3.004993
3165,-64.938835,-3.0042
3166,-64.93933,-3.00319
3167,-64.940118,-3.002135
3168,-64.94085,-3.001113
3169,-64.941296,-3.000237
3170,-64.941814,-2.999364
3171,-64.942506,-2.99879
3172,-64.943177,-2.998062
3173,-64.94391,-2.997502
3174,-64.944412,-2.996724
3175,-64.944953,-2.995878
3176,-64.946049,-2.995002
3177,-64.946738,-2.99417
3178,-64.947137,-2.993323
3179,-64.947938,-2.992098
3180,-64.947891,-2.99149
3181,-64.948528,-2.99103
3182,-64.949066,-2.990576
3183,-64.949251,-2.9893
3184,-64.950107,-2.988515
3185,-64.950545,-2.988211
3186,-64.951636,-2.987519
3187,-64.952692,-2.986481
3188,-64.953475,-2.985927
3189,-64.954269,-2.985402
3190,-64.95427,-2.985027
3191,-64.95489,-2.9841
3192,-64.95571,-2.983081
3193,-64.956145,-2.981919
3194,-64.956722,-2.981378
3195,-64.95686,-2.980644
3196,-64.957617,-2.979732
3197,-64.958077,-2.979099
3198,-64.95867,-2.978399
3199,-64.959073,-2.977703
3200,-64.959169,-2.976942
3201,-64.959997,-2.976012
3202,-64.960669,-2.975131
3203,-64.961247,-2.974643
3204,-64.961758,-2.974322
3205,-64.96186,-2.97372
3206,-64.962756,-2.972924
3207,-64.963635,-2.972366
3208,-64.96429,-2.971885
3209,-64.964874,-2.971006
3210,-64.965033,-2.970449
3211,-64.965651,-2.969621
3212,-64.966143,-2.968754
3213,-64.966542,-2.968274
3214,-64.967014,-2.967469
3215,-64.967258,-2.966931
3216,-64.968413,-2.966358
3217,-64.969171,-2.965431
3218,-64.969871,-2.964537
3219,-64.970049,-2.964009
3220,-64.970352,-2.963267
3221,-64.971291,-2.962498
3222,-64.972001,-2.961907
3223,-64.972527,-2.960947
3224,-64.973065,-2.960449
3225,-64.973166,-2.960085
3226,-64.974194,-2.959079
3227,-64.974823,-2.958547
3228,-64.975405,-2.957882
3229,-64.976079,-2.957442
3230,-64.976384,-2.957155
3231,-64.976861,-2.956496
3232,-64.977654,-2.956009
3233,-64.978245,-2.955028
3234,-64.978692,-2.954553
3235,-64.97904,-2.954004
3236,-64.979855,-2.953197
3237,-64.980476,-2.952808
3238,-64.981053,-2.952063
3239,-64.98153,-2.951643
3240,-64.981667,-2.95097
3241,-64.982524,-2.950008
3242,-64.982863,-2.949432
3243,-64.983287,-2.948467
3244,-64.983903,-2.948029
3245,-64.984029,-2.947112
3246,-64.984276,-2.946726
3247,-64.98473,-2.946112
3248,-64.985233,-2.945425
3249,-64.985395,-2.94505
3250,-64.985628,-2.944327
3251,-64.986346,-2.943734
3252,-64.986672,-2.942934
3253,-64.987089,-2.942251
3254,-64.987725,-2.941863
3255,-64.987963,-2.94146
3256,-64.988766,-2.940899
3257,-64.989293,-2.940331
3258,-64.989956,-2.939703
3259,-64.990499,-2.93885
3260,-64.990654,-2.938105
3261,-64.991355,-2.937399
3262,-64.991898,-2.93678
3263,-64.992159,-2.935903
3264,-64.992559,-2.935362
3265,-64.99284,-2.93504
3266,-64.993416,-2.934566
3267,-64.99406,-2.933735
3268,-64.994268,-2.93331
3269,-64.99487,-2.932711
3270,-64.995012,-2.932152
3271,-64.995644,-2.931495
3272,-64.996362,-2.93091
3273,-64.996958,-2.930325
3274,-64.997306,-2.930029
3275,-64.997441,-2.929843
3276,-64.998073,-2.929493
3277,-64.998533,-2.929105
3278,-64.999205,-2.928411
3279,-64.999616,-2.927893
3280,-64.999534,-2.927665
3281,-65.000004,-2.927154
3282,-65.000492,-2.926559
3283,-65.000945,-2.925727
3284,-65.001634,-2.925152
3285,-65.001796,-2.924854
3286,-65.002253,-2.924164
3287,-65.002558,-2.92379
3288,-65.002809,-2.923062
3289,-65.003224,-2.922863
3290,-65.003358,-2.922784
3291,-65.004302,-2.922231
3292,-65.004779,-2.921707
3293,-65.005105,-2.920723
3294,-65.005645,-2.920212
3295,-65.005837,-2.919762
3296,-65.006208,-2.919183
3297,-65.006848,-2.918938
3298,-65.007173,-2.918149
3299,-65.007713,-2.917644
3300,-65.007845,-2.91729
3301,-65.008421,-2.916891
3302,-65.008668,-2.915897
3303,-65.009099,-2.915531
3304,-65.009676,-2.914907
3305,-65.009822,-2.91424
3306,-65.010161,-2.913817
3307,-65.010456,-2.913016
3308,-65.010948,-2.91261
3309,-65.011374,-2.912058
3310,-65.011789,-2.911606
3311,-65.012311,-2.910514
3312,-65.012875,-2.909839
3313,-65.013413,-2.90895
3314,-65.014033,-2.908594
3315,-65.014121,-2.908127
3316,-65.014598,-2.907507
3317,-65.015037,-2.906991
3318,-65.015486,-2.906484
3319,-65.016053,-2.906333
3320,-65.016221,-2.906118
3321,-65.016727,-2.905796
3322,-65.01676,-2.905187
3323,-65.017034,-2.904696
3324,-65.017626,-2.904319
3325,-65.017569,-2.904172
3326,-65.018012,-2.903468
3327,-65.018364,-2.902993
3328,-65.018798,-2.902819
3329,-65.019373,-2.90222
3330,-65.019393,-2.901535
3331,-65.019962,-2.900564
3332,-65.020576,-2.899731
3333,-65.020988,-2.899194
3334,-65.021234,-2.898776
3335,-65.021232,-2.898508
3336,-65.021739,-2.898091
3337,-65.022185,-2.897725
3338,-65.022689,-2.897099
3339,-65.02323,-2.896656
3340,-65.023334,-2.896299
3341,-65.023699,-2.895811
3342,-65.024357,-2.895601
3343,-65.024736,-2.894964
3344,-65.024984,-2.894363
3345,-65.025468,-2.893832
3346,-65.025881,-2.893382
3347,-65.026365,-2.892896
3348,-65.027018,-2.892468
3349,-65.027565,-2.891877
3350,-65.027845,-2.891565
3351,-65.028319,-2.891049
3352,-65.028673,-2.890255
3353,-65.02899,-2.889646
3354,-65.029188,-2.889236
3355,-65.029407,-2.888599
3356,-65.029988,-2.888023
3357,-65.030321,-2.887783
3358,-65.030616,-2.887346
3359,-65.030984,-2.887046
3360,-65.031011,-2.88694
3361,-65.0315,-2.886661
3362,-65.031876,-2.885993
3363,-65.032515,-2.885848
3364,-65.032734,-2.885674
3365,-65.03261,-2.885102
3366,-65.032958,-2.885054
3367,-65.033516,-2.88456
3368,-65.033978,-2.884084
3369,-65.034309,-2.883777
3370,-65.03449,-2.883246
3371,-65.034757,-2.882739
3372,-65.035213,-2.882351
3373,-65.035637,-2.881931
3374,-65.035604,-2.881762
3375,-65.03568,-2.881708
3376,-65.036082,-2.881573
3377,-65.036458,-2.881098
3378,-65.036967,-2.880571
3379,-65.03713,-2.879994
3380,-65.037348,-2.879695
3381,-65.037943,-2.879335
3382,-65.038289,-2.879195
3383,-65.038483,-2.878834
3384,-65.038577,-2.878356
3385,-65.038419,-2.878106
3386,-65.038927,-2.877886
3387,-65.039035,-2.877742
3388,-65.039267,-2.877762
3389,-65.039651,-2.87753
3390,-65.039685,-2.877312
3391,-65.040006,-2.876732
3392,-65.040019,-2.876715
3393,-65.040479,-2.876318
3394,-65.040862,-2.87581
3395,-65.040983,-2.875629
3396,-65.041549,-2.875517
3397,-65.041829,-2.87503
3398,-65.042116,-2.874646
3399,-65.042278,-2.874126
3400,-65.042167,-2.873727
3401,-65.042698,-2.873451
3402,-65.043131,-2.872977
3403,-65.043428,-2.872255
3404,-65.043676,-2.871957
3405,-65.043908,-2.871625
3406,-65.044257,-2.871223
3407,-65.044576,-2.871074
3408,-65.044916,-2.870544
3409,-65.045047,-2.870311
3410,-65.045135,-2.870204
3411,-65.045525,-2.870211
3412,-65.045916,-2.869902
3413,-65.045896,-2.869476
3414,-65.046007,-2.868943
3415,-65.045851,-2.868686
3416,-65.04622,-2.868204
3417,-65.046122,-2.867814
3418,-65.046375,-2.867595
3419,-65.046198,-2.867049
3420,-65.046378,-2.866912
3421,-65.046783,-2.866494
3422,-65.047073,-2.866212
3423,-65.047239,-2.865642
3424,-65.047535,-2.865289
3425,-65.047278,-2.865189
3426,-65.04783,-2.864868
3427,-65.047843,-2.864481
3428,-65.048108,-2.86416
3429,-65.048267,-2.863914
3430,-65.048396,-2.863607
3431,-65.048923,-2.863455
3432,-65.049259,-2.863291
3433,-65.049644,-2.862804
3434,-65.04995,-2.862652
3435,-65.049903,-2.862525
3436,-65.050347,-2.862235
3437,-65.050491,-2.861903
3438,-65.050694,-2.861685
3439,-65.050879,-2.861285
3440,-65.050792,-2.861333
3441,-65.051078,-2.860972
3442,-65.051255,-2.860582
3443,-65.051144,-2.859901
3444,-65.051374,-2.859908
3445,-65.051401,-2.860159
3446,-65.051586,-2.859914
3447,-65.051456,-2.85978
3448,-65.051614,-2.859418
3449,-65.051824,-2.859009
3450,-65.051617,-2.858483
3451,-65.051976,-2.8581
3452,-65.05207,-2.857879
3453,-65.052329,-2.857638
3454,-65.05265,-2.857405
3455,-65.05268,-2.857476
3456,-65.052682,-2.857121
3457,-65.052892,-2.85684
3458,-65.053267,-2.856425
3459,-65.053476,-2.856141
3460,-65.053596,-2.856221
3461,-65.053713,-2.855973
3462,-65.054059,-2.855531
3463,-65.054258,-2.855139
3464,-65.054438,-2.854914
3465,-65.054695,-2.854921
3466,-65.054929,-2.854798
3467,-65.055117,-2.854693
3468,-65.055192,-2.854173
3469,-65.05528,-2.854153
3470,-65.055196,-2.854077
3471,-65.055456,-2.853673
3472,-65.055661,-2.853298
3473,-65.056167,-2.852981
3474,-65.056069,-2.852488
3475,-65.056105,-2.852422
3476,-65.056704,-2.85186
3477,-65.05691,-2.851503
3478,-65.057115,-2.851258
3479,-65.057154,-2.851185
3480,-65.057279,-2.850935
3481,-65.057321,-2.850601
3482,-65.057298,-2.850361
3483,-65.05756,-2.849879
3484,-65.057738,-2.849857
3485,-65.057497,-2.849838
3486,-65.057783,-2.849762
3487,-65.057829,-2.849471
3488,-65.058307,-2.849092
3489,-65.058391,-2.848746
3490,-65.058553,-2.848614
3491,-65.058714,-2.848346
3492,-65.058925,-2.847911
3493,-65.059141,-2.847716
3494,-65.059179,-2.847537
3495,-65.059044,-2.847553
3496,-65.058914,-2.847241
3497,-65.058933,-2.847122
3498,-65.059285,-2.846597
3499,-65.059525,-2.84646
3500,-65.059713,-2.846119
3501,-65.05986,-2.846012
3502,-65.060146,-2.845756
3503,-65.060413,-2.84532
3504,-65.060513,-2.845121
3505,-65.060479,-2.844903
3506,-65.060806,-2.844538
3507,-65.06099,-2.844032
3508,-65.061237,-2.843386
3509,-65.061085,-2.843062
3510,-65.060975,-2.843066
3511,-65.061232,-2.842729
3512,-65.061443,-2.842573
3513,-65.061463,-2.842536
3514,-65.061465,-2.842888
3515,-65.061451,-2.843066
3516,-65.061564,-2.842829
3517,-65.061647,-2.842402
3518,-65.061744,-2.842229
3519,-65.061845,-2.842081
3520,-65.061818,-2.841998
3521,-65.062097,-2.841795
3522,-65.062135,-2.841653
3523,-65.0625,-2.841106
3524,-65.062349,-2.840803
3525,-65.062331,-2.84091
3526,-65.062588,-2.84067
3527,-65.062577,-2.840642
3528,-65.062657,-2.840049
3529,-65.062816,-2.839898
3530,-65.062783,-2.839998
3531,-65.062804,-2.839667
3532,-65.06284,-2.839507
3533,-65.063152,-2.839315
3534,-65.063206,-2.839291
3535,-65.063065,-2.839437
3536,-65.063087,-2.839273
3537,-65.062995,-2.839195
3538,-65.063176,-2.839317
3539,-65.063251,-2.839051
3540,-65.063106,-2.839118
3541,-65.063262,-2.838819
3542,-65.063334,-2.838829
3543,-65.063493,-2.838977
3544,-65.063327,-2.838932
3545,-65.063221,-2.838954
3546,-65.063444,-2.838703
3547,-65.063393,-2.838819
3548,-65.063711,-2.838445
3549,-65.063803,-2.838324
3550,-65.063571,-2.838093
3551,-65.063448,-2.837577
3552,-65.063448,-2.837532
3553,-65.063643,-2.837435
3554,-65.06367,-2.837497
3555,-65.063355,-2.837274
3556,-65.063283,-2.837355
3557,-65.063088,-2.837598
3558,-65.063313,-2.837541
3559,-65.063017,-2.837382
3560,-65.062829,-2.837322
3561,-65.063084,-2.837216
3562,-65.063094,-2.837228
3563,-65.062921,-2.837214
3564,-65.063122,-2.836881
3565,-65.06307,-2.836775
3566,-65.063255,-2.836792
3567,-65.063328,-2.836946
3568,-65.063554,-2.836718
3569,-65.063835,-2.836496
3570,-65.063571,-2.836506
3571,-65.063518,-2.836683
3572,-65.063517,-2.83676
3573,-65.063583,-2.836375
3574,-65.063585,-2.836834
3575,-65.063496,-2.837027
3576,-65.063534,-2.83676
3577,-65.063492,-2.837056
3578,-65.063641,-2.836636
3579,-65.063705,-2.836359
3580,-65.06342,-2.836372
3581,-65.063696,-2.836348
3582,-65.063837,-2.836462
3583,-65.063778,-2.836221
3584,-65.063696,-2.836265
3585,-65.063482,-2.836192
3586,-65.063653,-2.836065
3587,-65.063328,-2.835933
3588,-65.063511,-2.835537
3589,-65.063234,-2.835362
3590,-65.063022,-2.835422
3591,-65.0628,-2.835576
3592,-65.062854,-2.835589
3593,-65.062824,-2.835676
3594,-65.06255,-2.835936
3595,-65.062594,-2.836118
3596,-65.062924,-2.836304
3597,-65.062967,-2.83649
3598,-65.063269,-2.836276
3599,-65.063304,-2.835928
3600,-65.063186,-2.836148
3601,-65.063221,-2.835945
3602,-65.063392,-2.83607
3603,-65.063538,-2.835853
3604,-65.063493,-2.835697
3605,-65.063168,-2.835861
3606,-65.063381,-2.835839
3607,-65.063351,-2.835856
3608,-65.06356,-2.835988
3609,-65.063653,-2.83617
3610,-65.063523,-2.836449
3611,-65.063623,-2.836245
3612,-65.063365,-2.836213
3613,-65.063586,-2.836098
3614,-65.063491,-2.836179
3615,-65.063233,-2.836467
3616,-65.062968,-2.836497
3617,-65.062988,-2.836656
3618,-65.062962,-2.836396
3619,-65.063221,-2.836363
3620,-65.063103,-2.836411
3621,-65.063338,-2.836713
3622,-65.063323,-2.836969
3623,-65.063445,-2.83694
3624,-65.063489,-2.836928
3625,-65.063427,-2.837069
3626,-65.063376,-2.837184
3627,-65.063068,-2.837168
3628,-65.063087,-2.837071
3629,-65.063164,-2.83705
3630,-65.062892,-2.837159
3631,-65.062946,-2.837173
3632,-65.062809,-2.837139
3633,-65.062776,-2.836954
3634,-65.062547,-2.837485
3635,-65.062168,-2.837649
3636,-65.062042,-2.837664
3637,-65.062091,-2.837844
3638,-65.061917,-2.837911
3639,-65.061823,-2.837939
3640,-65.061721,-2.83809
3641,-65.061556,-2.838457
3642,-65.061466,-2.83864
3643,-65.061419,-2.838673
3644,-65.061288,-2.838753
3645,-65.061189,-2.838884
3646,-65.061147,-2.839315
3647,-65.060832,-2.839574
3648,-65.060966,-2.839674
3649,-65.061014,-2.839541
3650,-65.060716,-2.839827
3651,-65.060622,-2.839885
3652,-65.06043,-2.840041
3653,-65.060643,-2.840283
3654,-65.060579,-2.840266
3655,-65.06033,-2.8404
3656,-65.060198,-2.840562
3657,-65.06028,-2.840518
3658,-65.060535,-2.840212
3659,-65.060433,-2.840343
3660,-65.060597,-2.84073
3661,-65.060345,-2.840725
3662,-65.060407,-2.840743
3663,-65.0604,-2.840473
3664,-65.060139,-2.84069
3665,-65.060022,-2.840793
3666,-65.059788,-2.840685
3667,-65.059557,-2.840893
3668,-65.059839,-2.840831
3669,-65.059756,-2.840715
3670,-65.05939,-2.841005
3671,-65.059143,-2.841136
3672,-65.058888,-2.841401
3673,-65.058856,-2.841482
3674,-65.058838,-2.841619
3675,-65.058629,-2.84184
3676,-65.058553,-2.841785
3677,-65.058193,-2.841742
3678,-65.058324,-2.841624
3679,-65.058233,-2.841739
3680,-65.058067,-2.842025
3681,-65.057864,-2.842198
3682,-65.057764,-2.842372
3683,-65.057683,-2.842406
3684,-65.057551,-2.842509
3685,-65.057045,-2.84285
3686,-65.057005,-2.842989
3687,-65.056811,-2.843259
3688,-65.056842,-2.843227
3689,-65.056706,-2.843681
3690,-65.056468,-2.844107
3691,-65.056281,-2.844244
3692,-65.055787,-2.844293
3693,-65.055694,-2.844292
3694,-65.05546,-2.844343
3695,-65.055131,-2.844592
3696,-65.05501,-2.84458
3697,-65.054768,-2.844454
3698,-65.054789,-2.844432
3699,-65.054466,-2.844516
3700,-65.054065,-2.84485
3701,-65.053979,-2.845051
3702,-65.0537,-2.845222
3703,-65.053704,-2.845144
3704,-65.053341,-2.845156
3705,-65.053018,-2.845367
3706,-65.053033,-2.845524
3707,-65.052855,-2.845733
3708,-65.052997,-2.845738
3709,-65.053047,-2.846165
3710,-65.053002,-2.846183
3711,-65.052984,-2.846137
3712,-65.052704,-2.846291
3713,-65.052822,-2.846413
3714,-65.052842,-2.846563
3715,-65.05222,-2.847011
3716,-65.052043,-2.847471
3717,-65.051551,-2.847794
3718,-65.051697,-2.847897
3719,-65.051406,-2.847877
3720,-65.051315,-2.848257
3721,-65.051175,-2.848228
3722,-65.050665,-2.84835
3723,-65.050558,-2.848428
3724,-65.050105,-2.848787
3725,-65.049886,-2.849244
3726,-65.049711,-2.84957
3727,-65.049588,-2.849585
3728,-65.049731,-2.84981
3729,-65.049361,-2.849856
3730,-65.049087,-2.850255
3731,-65.049051,-2.850657
3732,-65.048673,-2.850794
3733,-65.048842,-2.850921
3734,-65.0484,-2.850885
3735,-65.04806,-2.851158
3736,-65.047786,-2.851121
3737,-65.047459,-2.851416
3738,-65.047275,-2.851388
3739,-65.047049,-2.85145
3740,-65.046462,-2.85199
3741,-65.046141,-2.852199
3742,-65.045621,-2.852533
3743,-65.045656,-2.852852
3744,-65.045017,-2.85312
3745,-65.044623,-2.853598
3746,-65.044208,-2.853807
3747,-65.043954,-2.854134
3748,-65.044012,-2.854367
3749,-65.043951,-2.854618
3750,-65.043443,-2.855015
3751,-65.043194,-2.855179
3752,-65.042944,-2.855631
3753,-65.042744,-2.855923
3754,-65.042426,-2.856357
3755,-65.042105,-2.856801
3756,-65.041855,-2.857244
3757,-65.041612,-2.857402
3758,-65.041609,-2.857898
3759,-65.041135,-2.858323
3760,-65.041151,-2.858728
3761,-65.040958,-2.859137
3762,-65.040524,-2.859418
3763,-65.040394,-2.859601
3764,-65.040216,-2.860304
3765,-65.040015,-2.860568
3766,-65.039238,-2.860748
3767,-65.038602,-2.861148
3768,-65.038595,-2.861369
3769,-65.038311,-2.861567
3770,-65.037812,-2.861838
3771,-65.037312,-2.862106
3772,-65.037349,-2.862747
3773,-65.03714,-2.863222
3774,-65.036546,-2.86326
3775,-65.036111,-2.863926
3776,-65.035802,-2.864328
3777,-65.035294,-2.864422
3778,-65.035629,-2.864687
3779,-65.035415,-2.864649
3780,-65.034869,-2.865329
3781,-65.034916,-2.865727
3782,-65.034596,-2.866072
3783,-65.034774,-2.866394
3784,-65.034437,-2.866838
3785,-65.0341,-2.867094
3786,-65.033877,-2.867383
3787,-65.033489,-2.86775
3788,-65.033228,-2.868026
3789,-65.032913,-2.86834
3790,-65.032294,-2.869239
3791,-65.031896,-2.869811
3792,-65.031097,-2.870444
3793,-65.031211,-2.870809
3794,-65.03107,-2.871268
3795,-65.030707,-2.871811
3796,-65.030435,-2.872041
3797,-65.029976,-2.872471
3798,-65.029975,-2.87314
3799,-65.029397,-2.873552
3800,-65.028837,-2.874304
3801,-65.028381,-2.874981
3802,-65.027736,-2.875294
3803,-65.027594,-2.875317
3804,-65.027081,-2.875889
3805,-65.026551,-2.876358
3806,-65.026037,-2.876684
3807,-65.025572,-2.87698
3808,-65.025311,-2.877324
3809,-65.025159,-2.877814
3810,-65.024588,-2.878217
3811,-65.024145,-2.878755
3812,-65.02363,-2.879132
3813,-65.023332,-2.879161
3814,-65.022713,-2.879464
3815,-65.022207,-2.880158
3816,-65.021725,-2.88058
3817,-65.02111,-2.881099
3818,-65.021188,-2.881625
3819,-65.020602,-2.882278
3820,-65.020269,-2.882713
3821,-65.019973,-2.882802
3822,-65.019295,-2.883236
3823,-65.018882,-2.883498
3824,-65.018596,-2.884115
3825,-65.017763,-2.88474
3826,-65.017321,-2.884508
3827,-65.016948,-2.885077
3828,-65.016776,-2.885566
3829,-65.016475,-2.885915
3830,-65.016182,-2.886366
3831,-65.01561,-2.886675
3832,-65.014984,-2.88725
3833,-65.014876,-2.887837
3834,-65.014697,-2.888464
3835,-65.014241,-2.88896
3836,-65.013688,-2.889577
3837,-65.01308,-2.889997
3838,-65.013051,-2.890105
3839,-65.012418,-2.890802
3840,-65.011979,-2.891315
3841,-65.011544,-2.891574
3842,-65.011238,-2.892121
3843,-65.011317,-2.89256
3844,-65.011133,-2.892942
3845,-65.010497,-2.893547
3846,-65.00995,-2.893988
3847,-65.009351,-2.894361
3848,-65.009272,-2.895023
3849,-65.008525,-2.895453
3850,-65.007712,-2.895989
3851,-65.007183,-2.896492
3852,-65.006538,-2.896815
3853,-65.006427,-2.896898
3854,-65.005788,-2.897206
3855,-65.004952,-2.897591
3856,-65.004328,-2.897819
3857,-65.003912,-2.898255
3858,-65.003674,-2.898476
3859,-65.003411,-2.898886
3860,-65.002748,-2.899215
3861,-65.002356,-2.899523
3862,-65.001481,-2.899992
3863,-65.001152,-2.900505
3864,-65.00049,-2.90069
3865,-64.999949,-2.901199
3866,-64.999632,-2.901747
3867,-64.999049,-2.901891
3868,-64.998699,-2.902373
3869,-64.998544,-2.902856
3870,-64.998197,-2.903521
3871,-64.997888,-2.904203
3872,-64.997351,-2.904618
3873,-64.997244,-2.905237
3874,-64.996876,-2.905599
3875,-64.996644,-2.905943
3876,-64.99642,-2.906561
3877,-64.995815,-2.907038
3878,-64.995674,-2.907238
3879,-64.995067,-2.907644
3880,-64.994658,-2.90796
3881,-64.993907,-2.908603
3882,-64.993191,-2.908992
3883,-64.992974,-2.909399
3884,-64.992378,-2.909856
3885,-64.992311,-2.910576
3886,-64.991858,-2.91116
3887,-64.991315,-2.911445
3888,-64.990898,-2.911691
3889,-64.99039,-2.912143
3890,-64.989885,-2.912934
3891,-64.989528,-2.913619
3892,-64.988803,-2.914313
3893,-64.98873,-2.914306
3894,-64.988358,-2.914628
3895,-64.987965,-2.915329
3896,-64.987463,-2.916225
3897,-64.986644,-2.917009
3898,-64.986443,-2.917271
3899,-64.985837,-2.917973
3900,-64.985325,-2.918461
3901,-64.984752,-2.918541
3902,-64.984095,-2.91881
3903,-64.983941,-2.918845
3904,-64.983366,-2.91934
3905,-64.982955,-2.919967
3906,-64.98231,-2.920383
3907,-64.981618,-2.920936
3908,-64.981372,-2.92162
3909,-64.98099,-2.922285
3910,-64.980645,-2.923012
3911,-64.979936,-2.923288
3912,-64.979133,-2.923834
3913,-64.979009,-2.924573
3914,-64.978407,-2.924947
3915,-64.977843,-2.925778
3916,-64.97746,-2.926355
3917,-64.976804,-2.926975
3918,-64.976752,-2.92742
3919,-64.976223,-2.928028
3920,-64.975965,-2.92882
3921,-64.975444,-2.929419
3922,-64.975106,-2.929921
3923,-64.9749,-2.930456
3924,-64.974447,-2.930841
3925,-64.973935,-2.931111
3926,-64.973326,-2.931773
3927,-64.972591,-2.932333
3928,-64.972354,-2.932669
3929,-64.971702,-2.933053
3930,-64.971199,-2.933449
3931,-64.970484,-2.933881
3932,-64.969622,-2.93438
3933,-64.969521,-2.934945
3934,-64.968944,-2.935576
3935,-64.968502,-2.936512
3936,-64.968188,-2.937063
3937,-64.967189,-2.937909
3938,-64.966883,-2.938518
3939,-64.966146,-2.938886
3940,-64.965736,-2.939652
3941,-64.965131,-2.940551
3942,-64.964533,-2.941275
3943,-64.964261,-2.941533
3944,-64.963795,-2.941781
3945,-64.963332,-2.94273
3946,-64.96305,-2.943362
3947,-64.962595,-2.944098
3948,-64.962171,-2.944618
3949,-64.961628,-2.945094
3950,-64.96106,-2.945496
3951,-64.959923,-2.946283
3952,-64.959159,-2.946721
3953,-64.958796,-2.94725
3954,-64.958232,-2.9479
3955,-64.957796,-2.948299
3956,-64.957072,-2.948737
3957,-64.956623,-2.949414
3958,-64.956255,-2.949964
3959,-64.95563,-2.950074
3960,-64.954906,-2.950519
3961,-64.954241,-2.951476
3962,-64.953701,-2.952261
3963,-64.953874,-2.95265
3964,-64.953121,-2.952966
3965,-64.952881,-2.953939
3966,-64.95236,-2.954502
3967,-64.95133,-2.95527
3968,-64.951184,-2.95575
3969,-64.951032,-2.956439
3970,-64.950346,-2.957325
3971,-64.949625,-2.958424
3972,-64.949046,-2.959256
3973,-64.948999,-2.959699
3974,-64.94819,-2.960165
3975,-64.947565,-2.960873
3976,-64.947186,-2.961506
3977,-64.946338,-2.961855
3978,-64.94624,-2.962407
3979,-64.945624,-2.963141
3980,-64.944975,-2.963964
3981,-64.944284,-2.964697
3982,-64.943842,-2.965408
3983,-64.943235,-2.965726
3984,-64.942777,-2.966528
3985,-64.942431,-2.967411
3986,-64.9422,-2.967993
3987,-64.941339,-2.968766
3988,-64.941014,-2.96923
3989,-64.94046,-2.970037
3990,-64.939744,-2.970935
3991,-64.939049,-2.971549
3992,-64.938348,-2.97229
3993,-64.938097,-2.972765
3994,-64.937388,-2.973517
3995,-64.936897,-2.974474
3996,-64.936274,-2.975484
3997,-64.935585,-2.976314
3998,-64.935028,-2.977049
3999,-64.934588,-2.977663
4000,-64.933608,-2.978627
4001,-64.932793,-2.979138
4002,-64.931995,-2.980204
4003,-64.931486,-2.980607
4004,-64.930976,-2.981322
4005,-64.930595,-2.982466
4006,-64.92994,-2.983169
4007,-64.928913,-2.983647
4008,-64.92879,-2.98407
4009,-64.928352,-2.984526
4010,-64.927575,-2.985275
4011,-64.926511,-2.986238
4012,-64.925755,-2.987149
4013,-64.925363,-2.987882
4014,-64.924414,-2.988581
4015,-64.923731,-2.989276
4016,-64.923214,-2.989962
4017,-64.922528,-2.991054
4018,-64.922438,-2.991872
4019,-64.922124,-2.992482
4020,-64.921584,-2.993537
4021,-64.920785,-2.994421
4022,-64.920066,-2.995419
4023,-64.919461,-2.996457
4024,-64.919003,-2.997329
4025,-64.91844,-2.997884
4026,-64.917958,-2.998459
4027,-64.916986,-2.99935
4028,-64.916595,-2.999862
4029,-64.915894,-3.000521
4030,-64.915499,-3.001186
4031,-64.91456,-3.001802
4032,-64.913318,-3.002383
4033,-64.912859,-3.002691
4034,-64.912404,-3.003429
4035,-64.911782,-3.004528
4036,-64.911311,-3.005267
4037,-64.910403,-3.006037
4038,-64.909853,-3.006934
4039,-64.90899,-3.007586
4040,-64.908378,-3.008457
4041,-64.907584,-3.009454
4042,-64.906729,-3.01064
4043,-64.905956,-3.011254
4044,-64.905594,-3.012092
4045,-64.90483,-3.012597
4046,-64.903965,-3.013111
4047,-64.902999,-3.014184
4048,-64.902468,-3.015013
4049,-64.9019,-3.015859
4050,-64.901175,-3.016748
4051,-64.900544,-3.017723
4052,-64.899502,-3.018662
4053,-64.89898,-3.019391
4054,-64.898151,-3.019885
4055,-64.897514,-3.020508
4056,-64.896777,-3.021417
4057,-64.895544,-3.021965
4058,-64.895081,-3.023036
4059,-64.894289,-3.023763
4060,-64.893946,-3.024387
4061,-64.893033,-3.024959
4062,-64.892152,-3.025475
4063,-64.891682,-3.026135
4064,-64.891226,-3.026609
4065,-64.890636,-3.027428
4066,-64.889876,-3.028347
4067,-64.889272,-3.029443
4068,-64.888645,-3.029348
4069,-64.887927,-3.029474
4070,-64.887024,-3.030295
4071,-64.886252,-3.030935
4072,-64.884912,-3.031662
4073,-64.884489,-3.031696
4074,-64.883293,-3.031701
4075,-64.882199,-3.03219
4076,-64.881395,-3.032432
4077,-64.881241,-3.032104
4078,-64.881872,-3.031294
4079,-64.882383,-3.031595
4080,-64.882106,-3.031942
4081,-64.881732,-3.032764
4082,-64.881585,-3.032866
4083,-64.887591,-3.033327
4084,-64.851341,-3.051991
4085,-64.854136,-3.050512
4086,-64.856134,-3.050029
4087,-64.857822,-3.049269
4088,-64.858725,-3.049763
4089,-64.859229,-3.04949
4090,-64.860648,-3.049369
4091,-64.862006,-3.049364
4092,-64.862803,-3.04841
4093,-64.862852,-3.048596
4094,-64.863071,-3.04808
4095,-64.863743,-3.047825
4096,-64.864844,-3.0475
4097,-64.865843,-3.046666
4098,-64.866456,-3.047221
4099,-64.867346,-3.047928
4100,-64.868537,-3.047734
4101,-64.869762,-3.047624
4102,-64.870845,-3.046622
4103,-64.871432,-3.04755
4104,-64.872035,-3.047679
4105,-64.872972,-3.046915
4106,-64.873416,-3.04637
4107,-64.873777,-3.045583
4108,-64.874684,-3.045127
4109,-64.874959,-3.044344
4110,-64.876038,-3.043112
4111,-64.876881,-3.042559
4112,-64.87778,-3.042119
4113,-64.878524,-3.041655
4114,-64.878759,-3.041158
4115,-64.879578,-3.040384
4116,-64.880234,-3.039793
4117,-64.880863,-3.038674
4118,-64.881599,-3.037611
4119,-64.882105,-3.037154
4120,-64.88285,-3.036301
4121,-64.883591,-3.035949
4122,-64.884159,-3.034978
4123,-64.884674,-3.033926
4124,-64.884876,-3.033115
4125,-64.885586,-3.032021
4126,-64.886184,-3.031494
4127,-64.887004,-3.03065
4128,-64.887456,-3.029857
4129,-64.887874,-3.029126
4130,-64.888899,-3.028159
4131,-64.889918,-3.027412
4132,-64.890555,-3.026507
4133,-64.891189,-3.026065
4134,-64.891716,-3.025507
4135,-64.892737,-3.024634
4136,-64.893868,-3.024141
4137,-64.894463,-3.023491
4138,-64.895143,-3.022348
4139,-64.895569,-3.02178
4140,-64.896288,-3.021063
4141,-64.897042,-3.020453
4142,-64.897761,-3.01989
4143,-64.898332,-3.019151
4144,-64.898826,-3.01842
4145,-64.899591,-3.017312
4146,-64.900348,-3.016759
4147,-64.90129,-3.016316
4148,-64.901668,-3.015786
4149,-64.901838,-3.015238
4150,-64.902617,-3.015046
4151,-64.903087,-3.014305
4152,-64.903727,-3.013688
4153,-64.903941,-3.01321
4154,-64.90425,-3.01251
4155,-64.90508,-3.011973
4156,-64.905962,-3.010834
4157,-64.906694,-3.010176
4158,-64.907268,-3.009534
4159,-64.907892,-3.009038
4160,-64.90891,-3.008427
4161,-64.909872,-3.008398
4162,-64.910413,-3.007696
4163,-64.91075,-3.007144
4164,-64.911079,-3.006557
4165,-64.912168,-3.006148
4166,-64.912732,-3.005617
4167,-64.913233,-3.004842
4168,-64.913927,-3.00453
4169,-64.914221,-3.003927
4170,-64.915143,-3.002952
4171,-64.91598,-3.002499
4172,-64.916486,-3.001924
4173,-64.91707,-3.001219
4174,-64.917404,-3.000818
4175,-64.917945,-3.000197
4176,-64.918419,-2.999148
4177,-64.918637,-2.998302
4178,-64.919001,-2.997986
4179,-64.919564,-2.997493
4180,-64.920235,-2.996748
4181,-64.921031,-2.996507
4182,-64.921719,-2.995792
4183,-64.922176,-2.995509
4184,-64.922309,-2.994831
4185,-64.923005,-2.994251
4186,-64.92369,-2.99389
4187,-64.923917,-2.993208
4188,-64.924315,-2.992885
4189,-64.92454,-2.992448
4190,-64.925296,-2.99173
4191,-64.926021,-2.990974
4192,-64.926303,-2.990288
4193,-64.926657,-2.98975
4194,-64.927061,-2.989324
4195,-64.927836,-2.988714
4196,-64.928485,-2.987959
4197,-64.92886,-2.986995
4198,-64.929571,-2.986388
4199,-64.92956,-2.985747
4200,-64.930271,-2.985007
4201,-64.930669,-2.984744
4202,-64.93101,-2.984338
4203,-64.931343,-2.98373
4204,-64.93169,-2.983363
4205,-64.932435,-2.982888
4206,-64.932896,-2.982104
4207,-64.933215,-2.981732
4208,-64.933938,-2.981084
4209,-64.934383,-2.980658
4210,-64.935069,-2.980031
4211,-64.935704,-2.979433
4212,-64.936175,-2.978929
4213,-64.936449,-2.978589
4214,-64.936596,-2.978127
4215,-64.937212,-2.977581
4216,-64.937754,-2.977073
4217,-64.938292,-2.976576
4218,-64.938701,-2.976101
4219,-64.939139,-2.97561
4220,-64.939759,-2.975105
4221,-64.940135,-2.974685
4222,-64.940533,-2.974363
4223,-64.940814,-2.974211
4224,-64.940944,-2.973796
4225,-64.941482,-2.973166
4226,-64.942014,-2.972732
4227,-64.942548,-2.972478
4228,-64.942749,-2.972108
4229,-64.942776,-2.97153
4230,-64.943156,-2.970922
4231,-64.943719,-2.970352
4232,-64.944206,-2.969817
4233,-64.94443,-2.969291
4234,-64.944738,-2.969275
4235,-64.945214,-2.968727
4236,-64.945459,-2.968394
4237,-64.945667,-2.967811
4238,-64.946161,-2.967487
4239,-64.946557,-2.967307
4240,-64.94731,-2.966503
4241,-64.947417,-2.965902
4242,-64.947834,-2.965275
4243,-64.948169,-2.965098
4244,-64.948486,-2.964722
4245,-64.949061,-2.964411
4246,-64.949589,-2.96419
4247,-64.949961,-2.96372
4248,-64.950048,-2.963839
4249,-64.950391,-2.963264
4250,-64.95092,-2.962902
4251,-64.951416,-2.96273
4252,-64.951512,-2.962422
4253,-64.951714,-2.962308
4254,-64.9517,-2.962069
4255,-64.951873,-2.961293
4256,-64.952098,-2.961262
4257,-64.952285,-2.961019
4258,-64.952618,-2.960818
4259,-64.95275,-2.960254
4260,-64.953465,-2.959591
4261,-64.953892,-2.959171
4262,-64.954293,-2.95874
4263,-64.954208,-2.958435
4264,-64.954139,-2.958126
4265,-64.954418,-2.957633
4266,-64.95494,-2.957114
4267,-64.954897,-2.95674
4268,-64.955337,-2.956534
4269,-64.955541,-2.956248
4270,-64.956157,-2.95599
4271,-64.956762,-2.955813
4272,-64.956865,-2.955475
4273,-64.956841,-2.955145
4274,-64.957044,-2.955144
4275,-64.957362,-2.95472
4276,-64.957769,-2.954759
4277,-64.957853,-2.95468
4278,-64.958099,-2.954581
4279,-64.958184,-2.954267
4280,-64.958404,-2.954248
4281,-64.958629,-2.954092
4282,-64.958747,-2.953954
4283,-64.958707,-2.953987
4284,-64.958947,-2.953787
4285,-64.959411,-2.953248
4286,-64.95971,-2.952726
4287,-64.959757,-2.95225
4288,-64.959787,-2.952222
4289,-64.959916,-2.951973
4290,-64.960034,-2.951837
4291,-64.96028,-2.951784
4292,-64.960449,-2.951507
4293,-64.960502,-2.951328
4294,-64.960427,-2.951034
4295,-64.960489,-2.950548
4296,-64.960922,-2.950691
4297,-64.960879,-2.950497
4298,-64.960898,-2.950519
4299,-64.960967,-2.950255
4300,-64.961323,-2.950267
4301,-64.961584,-2.950201
4302,-64.96157,-2.950085
4303,-64.961593,-2.949755
4304,-64.961774,-2.949805
4305,-64.961754,-2.949752
4306,-64.961721,-2.949562
4307,-64.961745,-2.949064
4308,-64.961778,-2.948851
4309,-64.961856,-2.948835
4310,-64.96197,-2.948629
4311,-64.962092,-2.948454
4312,-64.962219,-2.94832
4313,-64.962336,-2.948272
4314,-64.962555,-2.948705
4315,-64.962518,-2.948421
4316,-64.962978,-2.948361
4317,-64.963106,-2.948039
4318,-64.963248,-2.948165
4319,-64.963515,-2.94819
4320,-64.963862,-2.948014
4321,-64.963984,-2.947818
4322,-64.964163,-2.947983
4323,-64.964101,-2.948098
4324,-64.964082,-2.947895
4325,-64.964333,-2.947889
4326,-64.964578,-2.947569
4327,-64.964189,-2.947443
4328,-64.964365,-2.947547
4329,-64.964474,-2.947386
4330,-64.964531,-2.947288
4331,-64.964773,-2.947409
4332,-64.964863,-2.947464
4333,-64.964793,-2.947667
4334,-64.964699,-2.947607
4335,-64.964945,-2.947125
4336,-64.965137,-2.94726
4337,-64.965336,-2.947068
4338,-64.965395,-2.946866
4339,-64.965407,-2.947073
4340,-64.965527,-2.946991
4341,-64.965751,-2.946997
4342,-64.96575,-2.946943
4343,-64.965647,-2.947105
4344,-64.965773,-2.947078
4345,-64.965733,-2.947024
4346,-64.965766,-2.947117
4347,-64.965609,-2.947013
4348,-64.965398,-2.947146
4349,-64.965446,-2.946932
4350,-64.965626,-2.946808
4351,-64.965509,-2.946917
4352,-64.965221,-2.946819
4353,-64.964824,-2.946605
4354,-64.964732,-2.946729
4355,-64.964894,-2.94705
4356,-64.964972,-2.946753
4357,-64.964834,-2.946848
4358,-64.964647,-2.946683
4359,-64.964461,-2.946892
4360,-64.964584,-2.947061
4361,-64.964873,-2.947034
4362,-64.965304,-2.94692
4363,-64.965148,-2.947185
4364,-64.965252,-2.947712
4365,-64.965551,-2.947875
4366,-64.965894,-2.947617
4367,-64.965475,-2.947513
4368,-64.965458,-2.947779
4369,-64.965487,-2.947864
4370,-64.965373,-2.947843
4371,-64.965252,-2.947783
4372,-64.96516,-2.947655
4373,-64.965357,-2.948013
4374,-64.965277,-2.94832
4375,-64.965357,-2.948389
4376,-64.96539,-2.948339
4377,-64.965512,-2.948489
4378,-64.965176,-2.948467
4379,-64.965179,-2.948992
4380,-64.965379,-2.94882
4381,-64.965349,-2.948946
4382,-64.965175,-2.948883
4383,-64.964997,-2.9492
4384,-64.964857,-2.949539
4385,-64.964964,-2.949561
4386,-64.964755,-2.949659
4387,-64.964535,-2.949667
4388,-64.964335,-2.950145
4389,-64.964364,-2.949888
4390,-64.964499,-2.949933
4391,-64.964439,-2.950317
4392,-64.963961,-2.950833
4393,-64.963785,-2.95107
4394,-64.963499,-2.951169
4395,-64.963336,-2.95124
4396,-64.963418,-2.951587
4397,-64.963156,-2.951806
4398,-64.962875,-2.952177
4399,-64.962945,-2.952487
4400,-64.963104,-2.952453
4401,-64.963161,-2.953148
4402,-64.962888,-2.953379
4403,-64.962716,-2.953688
4404,-64.962792,-2.953615
4405,-64.962797,-2.95374
4406,-64.962904,-2.954174
4407,-64.962779,-2.954406
4408,-64.962234,-2.954911
4409,-64.96241,-2.955317
4410,-64.962359,-2.955721
4411,-64.962215,-2.956205
4412,-64.961897,-2.956488
4413,-64.96155,-2.95667
4414,-64.961591,-2.956687
4415,-64.961419,-2.956887
4416,-64.961045,-2.957104
4417,-64.960539,-2.957309
4418,-64.960162,-2.95741
4419,-64.960381,-2.95784
4420,-64.960699,-2.958033
4421,-64.960653,-2.958388
4422,-64.96064,-2.958768
4423,-64.960589,-2.959346
4424,-64.960301,-2.959779
4425,-64.959994,-2.959935
4426,-64.959894,-2.960462
4427,-64.959705,-2.960716
4428,-64.95929,-2.961016
4429,-64.959172,-2.961436
4430,-64.958957,-2.961509
4431,-64.959071,-2.96207
4432,-64.958753,-2.962312
4433,-64.958457,-2.962703
4434,-64.958395,-2.962864
4435,-64.958367,-2.963073
4436,-64.958227,-2.963591
4437,-64.957921,-2.963779
4438,-64.95765,-2.964182
4439,-64.95772,-2.964331
4440,-64.957544,-2.96464
4441,-64.957585,-2.965092
4442,-64.95708,-2.965319
4443,-64.956739,-2.965651
4444,-64.956821,-2.965812
4445,-64.956884,-2.965799
4446,-64.956539,-2.966171
4447,-64.956127,-2.966663
4448,-64.955453,-2.966881
4449,-64.95539,-2.96695
4450,-64.955254,-2.967068
4451,-64.954978,-2.967575
4452,-64.954469,-2.967851
4453,-64.953963,-2.968106
4454,-64.954169,-2.968295
4455,-64.953921,-2.968475
4456,-64.953994,-2.969309
4457,-64.954,-2.969461
4458,-64.953255,-2.970024
4459,-64.952946,-2.970197
4460,-64.952936,-2.970598
4461,-64.952327,-2.971154
4462,-64.952013,-2.971548
4463,-64.951589,-2.97222
4464,-64.951243,-2.972431
4465,-64.951072,-2.972728
4466,-64.951009,-2.973123
4467,-64.950395,-2.973906
4468,-64.949925,-2.974674
4469,-64.94977,-2.975327
4470,-64.949519,-2.975753
4471,-64.949348,-2.976529
4472,-64.948774,-2.977084
4473,-64.948313,-2.977464
4474,-64.948183,-2.978155
4475,-64.947624,-2.978446
4476,-64.947443,-2.978886
4477,-64.947162,-2.979629
4478,-64.946655,-2.980241
4479,-64.946602,-2.980596
4480,-64.946391,-2.981044
4481,-64.946045,-2.981781
4482,-64.945635,-2.98238
4483,-64.945028,-2.983118
4484,-64.944562,-2.98347
4485,-64.944243,-2.98345
4486,-64.944113,-2.984085
4487,-64.943255,-2.984771
4488,-64.942703,-2.985708
4489,-64.942539,-2.985896
4490,-64.942023,-2.986559
4491,-64.941696,-2.987005
4492,-64.941263,-2.987366
4493,-64.940581,-2.987901
4494,-64.940678,-2.988014
4495,-64.939994,-2.988662
4496,-64.939483,-2.98964
4497,-64.938993,-2.990163
4498,-64.938402,-2.990848
4499,-64.938245,-2.991697
4500,-64.937683,-2.992086
4501,-64.937047,-2.992812
4502,-64.936427,-2.993245
4503,-64.935785,-2.993893
4504,-64.935556,-2.994469
4505,-64.935404,-2.995326
4506,-64.934887,-2.996111
4507,-64.934282,-2.996179
4508,-64.93414,-2.996731
4509,-64.933915,-2.996978
4510,-64.933653,-2.997242
4511,-64.933399,-2.998235
4512,-64.932812,-2.998867
4513,-64.932317,-2.999522
4514,-64.93213,-3.0
4515,-64.931606,-3.000785
4516,-64.931403,-3.001935
4517,-64.930661,-3.002593
4518,-64.930239,-3.003314
4519,-64.929607,-3.003784
4520,-64.929067,-3.004346
4521,-64.928548,-3.005233
4522,-64.928172,-3.00597
4523,-64.927396,-3.006696
4524,-64.927367,-3.00714
4525,-64.926718,-3.007712
4526,-64.926278,-3.008268
4527,-64.925557,-3.00874
4528,-64.924971,-3.009382
4529,-64.924713,-3.009861
4530,-64.92458,-3.010674
4531,-64.924092,-3.011623
4532,-64.923134,-3.012527
4533,-64.922533,-3.013309
4534,-64.922451,-3.013778
4535,-64.922182,-3.014454
4536,-64.921998,-3.01535
4537,-64.921357,-3.016205
4538,-64.92069,-3.016955
4539,-64.920442,-3.01731
4540,-64.919851,-3.017742
4541,-64.9195,-3.018615
4542,-64.918575,-3.019347
4543,-64.917648,-3.01991
4544,-64.917233,-3.020999
4545,-64.916716,-3.0217
4546,-64.916276,-3.022323
4547,-64.915579,-3.022932
4548,-64.91465,-3.023788
4549,-64.914149,-3.024425
4550,-64.913617,-3.024916
4551,-64.912815,-3.025607
4552,-64.912297,-3.026522
4553,-64.91185,-3.027306
4554,-64.911249,-3.027704
4555,-64.910813,-3.028078
4556,-64.910176,-3.028644
4557,-64.909563,-3.029523
4558,-64.909023,-3.030155
4559,-64.908504,-3.030534
4560,-64.907919,-3.030931
4561,-64.907421,-3.032135
4562,-64.906921,-3.032648
4563,-64.906078,-3.033869
4564,-64.905572,-3.03449
4565,-64.904954,-3.034875
4566,-64.904485,-3.035531
4567,-64.903457,-3.036433
4568,-64.902644,-3.037538
4569,-64.902239,-3.037952
4570,-64.901444,-3.038832
4571,-64.900896,-3.039801
4572,-64.900172,-3.040738
4573,-64.89943,-3.041783
4574,-64.899304,-3.042486
4575,-64.898993,-3.043189
4576,-64.898594,-3.044139
4577,-64.89762,-3.045283
4578,-64.882682,-2.994135
4579,-64.880501,-2.995866
4580,-64.878865,-2.99731
4581,-64.876889,-2.999204
4582,-64.875329,-3.000977
4583,-64.873541,-3.002239
4584,-64.871806,-3.004332
4585,-64.870423,-3.005999
4586,-64.868473,-3.007862
4587,-64.866945,-3.009311
4588,-64.865108,-3.011016
4589,-64.86301,-3.012458
4590,-64.861673,-3.013482
4591,-64.86016,-3.015034
4592,-64.858393,-3.016821
4593,-64.857076,-3.018366
4594,-64.855216,-3.019649
4595,-64.854077,-3.021012
4596,-64.852259,-3.022489
4597,-64.850912,-3.024274
4598,-64.849434,-3.025218
4599,-64.848133,-3.02636
4600,-64.846758,-3.027803
4601,-64.845739,-3.028512
4602,-64.84471,-3.029934
4603,-64.843425,-3.031286
4604,-64.842114,-3.032648
4605,-64.841194,-3.033252
4606,-64.840195,-3.034443
4607,-64.839179,-3.034755
4608,-64.837901,-3.03531
4609,-64.836568,-3.03595
4610,-64.855889,-3.018215
4611,-64.872584,-3.018185
4612,-64.880074,-3.00203
4613,-64.88002,-3.002545
4614,-64.879291,-3.002797
4615,-64.879389,-3.003281
4616,-64.878563,-3.003747
4617,-64.878464,-3.004489
4618,-64.878464,-3.004306
4619,-64.878556,-3.004984
4620,-64.877646,-3.004619
4621,-64.87721,-3.005455
4622,-64.877144,-3.005691
4623,-64.877519,-3.006403
4624,-64.87776,-3.005946
4625,-64.877752,-3.005907
4626,-64.87807,-3.006205
4627,-64.878551,-3.00619
4628,-64.878269,-3.00653
4629,-64.878283,-3.006336
4630,-64.878388,-3.00658
4631,-64.87796,-3.006714
4632,-64.878222,-3.007048
4633,-64.878331,-3.007453
4634,-64.878724,-3.007243
4635,-64.878951,-3.007381
4636,-64.879109,-3.007418
4637,-64.879427,-3.007547
4638,-64.879675,-3.007505
4639,-64.879835,-3.007626
4640,-64.879779,-3.007589
4641,-64.880271,-3.007756
4642,-64.880614,-3.007555
4643,-64.88042,-3.007991
4644,-64.881451,-3.007938
4645,-64.881538,-3.00801
4646,-64.881749,-3.008122
4647,-64.881713,-3.007724
4648,-64.882059,-3.007599
4649,-64.882395,-3.007522
4650,-64.882347,-3.007733
4651,-64.883264,-3.007784
4652,-64.883973,-3.007898
4653,-64.88417,-3.007886
4654,-64.884787,-3.007865
4655,-64.88501,-3.007161
4656,-64.885934,-3.006882
4657,-64.886611,-3.00644
4658,-64.88693,-3.006514
4659,-64.887652,-3.006181
4660,-64.88831,-3.005732
4661,-64.889552,-3.005232
4662,-64.890489,-3.005445
4663,-64.891396,-3.004693
4664,-64.891849,-3.004285
4665,-64.893112,-3.003956
4666,-64.893631,-3.003426
4667,-64.894418,-3.002961
4668,-64.895589,-3.002627
4669,-64.896189,-3.002341
4670,-64.891952,-3.009465
4671,-64.877256,-3.035309
4672,-64.865158,-3.034125
4673,-64.868319,-3.029871
4674,-64.871887,-3.025144
4675,-64.875578,-3.020903
4676,-64.879412,-3.016246
4677,-64.883548,-3.011557
4678,-64.887394,-3.006681
4679,-64.891887,-3.002009
4680,-64.89091,-3.0054
4681,-64.889858,-3.005673
4682,-64.889291,-3.006298
4683,-64.889225,-3.006209
4684,-64.88886,-3.006496
4685,-64.888834,-3.00684
4686,-64.889037,-3.007178
4687,-64.88967,-3.007272
4688,-64.889322,-3.007218
4689,-64.889336,-3.006274
4690,-64.889083,-3.005742
4691,-64.889512,-3.005523
4692,-64.889547,-3.005415
4693,-64.889952,-3.004625
4694,-64.890238,-3.00427
4695,-64.890229,-3.003883
4696,-64.890773,-3.003553
4697,-64.890869,-3.00279
4698,-64.891202,-3.002205
4699,-64.891144,-3.00147
4700,-64.891397,-3.001404
4701,-64.89245,-3.000774
4702,-64.892407,-3.00599
4703,-64.891804,-3.005974
4704,-64.891852,-3.006173
4705,-64.891056,-3.006903
4706,-64.890577,-3.007086
4707,-64.890576,-3.00736
4708,-64.890203,-3.00773
4709,-64.889919,-3.007751
4710,-64.888899,-3.008382
4711,-64.888362,-3.008877
4712,-64.887681,-3.009423
4713,-64.887133,-3.009386
4714,-64.886616,-3.008847
4715,-64.885963,-3.009159
4716,-64.886036,-3.009555
4717,-64.885895,-3.009599
4718,-64.885437,-3.010094
4719,-64.88552,-3.009582
4720,-64.884899,-3.010087
4721,-64.884679,-3.00987
4722,-64.884462,-3.009473
4723,-64.884499,-3.00991
4724,-64.884318,-3.009937
4725,-64.88372,-3.010159
4726,-64.883452,-3.010653
4727,-64.88362,-3.010519
4728,-64.882856,-3.010519
4729,-64.882496,-3.010453
4730,-64.882034,-3.010775
4731,-64.881674,-3.011123
4732,-64.881576,-3.011621
4733,-64.881348,-3.011496
4734,-64.881225,-3.011257
4735,-64.881209,-3.011681
4736,-64.88075,-3.011871
4737,-64.880613,-3.011906
4738,-64.880406,-3.012287
4739,-64.880316,-3.012287
4740,-64.879541,-3.012678
4741,-64.879285,-3.012899
4742,-64.879585,-3.013311
4743,-64.878854,-3.013641
4744,-64.878845,-3.013985
4745,-64.878565,-3.014216
4746,-64.878428,-3.014296
4747,-64.879048,-3.014271
4748,-64.878754,-3.014559
4749,-64.878638,-3.014781
4750,-64.878544,-3.014947
4751,-64.878692,-3.014818
4752,-64.878602,-3.015078
4753,-64.878487,-3.015258
4754,-64.878359,-3.015525
4755,-64.878187,-3.016005
4756,-64.878104,-3.016182
4757,-64.878146,-3.015816
4758,-64.877962,-3.015876
4759,-64.878333,-3.015588
4760,-64.877999,-3.015614
4761,-64.877852,-3.016131
4762,-64.877509,-3.016424
4763,-64.877213,-3.016258
4764,-64.877281,-3.016519
4765,-64.876836,-3.016713
4766,-64.876656,-3.016988
4767,-64.876228,-3.017197
4768,-64.875713,-3.017284
4769,-64.87576,-3.016746
4770,-64.875592,-3.016923
4771,-64.875961,-3.016992
4772,-64.876003,-3.016938
4773,-64.875815,-3.017034
4774,-64.875594,-3.016906
4775,-64.875397,-3.016745
4776,-64.874961,-3.016844
4777,-64.874825,-3.016612
4778,-64.874436,-3.016923
4779,-64.874553,-3.016585
4780,-64.874525,-3.017025
4781,-64.874709,-3.01706
4782,-64.874862,-3.017074
4783,-64.874532,-3.016969
4784,-64.874457,-3.016569
4785,-64.874031,-3.016633
4786,-64.873791,-3.016255
4787,-64.873809,-3.015928
4788,-64.87394,-3.015558
4789,-64.873931,-3.015058
4790,-64.873862,-3.015175
4791,-64.874001,-3.015332
4792,-64.873704,-3.015697
4793,-64.873627,-3.016394
4794,-64.873935,-3.016201
4795,-64.873756,-3.016382
4796,-64.873278,-3.016562
4797,-64.873178,-3.016763
4798,-64.873327,-3.016581
4799,-64.87333,-3.016411
4800,-64.873347,-3.016604
4801,-64.872828,-3.01637
4802,-64.872785,-3.0161
4803,-64.871883,-3.015992
4804,-64.871896,-3.015644
4805,-64.871496,-3.015553
4806,-64.871439,-3.015178
4807,-64.871456,-3.015157
4808,-64.871313,-3.015109
4809,-64.871342,-3.014575
4810,-64.870819,-3.014294
4811,-64.870333,-3.014304
4812,-64.870042,-3.014353
4813,-64.869384,-3.014401
4814,-64.869539,-3.014214
4815,-64.869406,-3.014019
4816,-64.869208,-3.013729
4817,-64.868813,-3.013437
4818,-64.868571,-3.013378
4819,-64.868464,-3.01316
4820,-64.868342,-3.013122
4821,-64.868586,-3.013314
4822,-64.868413,-3.013499
4823,-64.868103,-3.01349
4824,-64.868683,-3.013497
4825,-64.868904,-3.01317
4826,-64.869014,-3.013012
4827,-64.86873,-3.012743
4828,-64.868469,-3.01245
4829,-64.868973,-3.012191
4830,-64.868586,-3.011922
4831,-64.868366,-3.011993
4832,-64.868305,-3.011713
4833,-64.868023,-3.011924
4834,-64.867974,-3.011664
4835,-64.867769,-3.011548
4836,-64.86814,-3.011321
4837,-64.868197,-3.011154
4838,-64.868144,-3.011084
4839,-64.868046,-3.010877
4840,-64.868181,-3.011063
4841,-64.868272,-3.010949
4842,-64.868673,-3.011125
4843,-64.868892,-3.011293
4844,-64.869094,-3.010906
4845,-64.868716,-3.010822
4846,-64.868401,-3.010463
4847,-64.868618,-3.010308
4848,-64.868352,-3.010744
4849,-64.868548,-3.010261
4850,-64.86854,-3.010026
4851,-64.86873,-3.009665
4852,-64.868826,-3.009432
4853,-64.868554,-3.009304
4854,-64.869186,-3.0094
4855,-64.868892,-3.009083
4856,-64.869042,-3.009084
4857,-64.868976,-3.008931
4858,-64.868916,-3.009145
4859,-64.868983,-3.008264
4860,-64.86891,-3.007769
4861,-64.868603,-3.0075
4862,-64.868465,-3.006747
4863,-64.868317,-3.006589
4864,-64.868639,-3.006167
4865,-64.868565,-3.005979
4866,-64.868485,-3.006025
4867,-64.8685,-3.00547
4868,-64.868411,-3.005653
4869,-64.86854,-3.005604
4870,-64.868574,-3.005264
4871,-64.868449,-3.005003
4872,-64.868267,-3.004914
4873,-64.868011,-3.005156
4874,-64.867856,-3.004952
4875,-64.867403,-3.004475
4876,-64.867323,-3.004044
4877,-64.867056,-3.004074
4878,-64.866497,-3.004282
4879,-64.866104,-3.003694
4880,-64.865969,-3.003514
4881,-64.866053,-3.003279
4882,-64.866082,-3.003066
4883,-64.865656,-3.002815
4884,-64.865574,-3.002654
4885,-64.865637,-3.002346
4886,-64.865489,-3.001813
4887,-64.865968,-3.001533
4888,-64.865815,-3.001077
4889,-64.866212,-3.000754
4890,-64.86619,-3.000685
4891,-64.866195,-3.000344
4892,-64.866386,-2.999882
4893,-64.866224,-2.999682
4894,-64.866645,-2.999687
4895,-64.866666,-2.999783
4896,-64.866396,-2.999725
4897,-64.866587,-2.999207
4898,-64.866088,-2.999258
4899,-64.866232,-2.998195
4900,-64.8662,-2.998387
4901,-64.86599,-2.998035
4902,-64.865931,-2.997312
4903,-64.86585,-2.997619
4904,-64.865784,-2.9973
4905,-64.865626,-2.997151
4906,-64.865548,-2.996869
4907,-64.865801,-2.996446
4908,-64.865789,-2.996191
4909,-64.866228,-2.995672
4910,-64.866762,-2.995638
4911,-64.8664,-2.995634
4912,-64.866287,-2.995231
4913,-64.866499,-2.99517
4914,-64.866749,-2.994828
4915,-64.866651,-2.994868
4916,-64.866601,-2.994937
4917,-64.867021,-2.994695
4918,-64.866857,-2.994444
4919,-64.867167,-2.993716
4920,-64.867585,-2.993882
4921,-64.867537,-2.993294
4922,-64.867632,-2.992585
4923,-64.867675,-2.9924
4924,-64.867855,-2.991929
4925,-64.868158,-2.992043
4926,-64.86845,-2.991594
4927,-64.868687,-2.991128
4928,-64.868777,-2.991327
4929,-64.868782,-2.990693
4930,-64.868964,-2.99002
4931,-64.869187,-2.989088
4932,-64.868877,-2.988616
4933,-64.868661,-2.988633
4934,-64.868848,-2.988478
4935,-64.868556,-2.987819
4936,-64.868386,-2.987305
4937,-64.868563,-2.987025
4938,-64.868664,-2.98635
4939,-64.868697,-2.986159
4940,-64.868815,-2.985543
4941,-64.869077,-2.985336
4942,-64.869616,-2.98485
4943,-64.870109,-2.984114
4944,-64.870279,-2.98403
4945,-64.871307,-2.983285
4946,-64.871534,-2.982873
4947,-64.871602,-2.9827
4948,-64.872118,-2.981816
4949,-64.872271,-2.981122
4950,-64.872569,-2.980965
4951,-64.87301,-2.980134
4952,-64.873616,-2.980016
4953,-64.874196,-2.979145
4954,-64.874664,-2.978182
4955,-64.874999,-2.976809
4956,-64.8754,-2.975975
4957,-64.87565,-2.97575
4958,-64.876218,-2.974672
4959,-64.876191,-2.97414
4960,-64.868103,-2.992196
4961,-64.868257,-2.992229
4962,-64.867847,-2.992694
4963,-64.8673,-2.99333
4964,-64.867053,-2.993676
4965,-64.866732,-2.994122
4966,-64.866938,-2.99392
4967,-64.866585,-2.994166
4968,-64.865967,-2.994108
4969,-64.865629,-2.994581
4970,-64.865495,-2.994606
4971,-64.86518,-2.994696
4972,-64.865267,-2.994885
4973,-64.86544,-2.995354
4974,-64.864705,-2.995519
4975,-64.864511,-2.995553
4976,-64.864031,-2.995571
4977,-64.863084,-2.995988
4978,-64.863157,-2.996279
4979,-64.862772,-2.996936
4980,-64.863024,-2.997019
4981,-64.862132,-2.997209
4982,-64.861854,-2.997138
4983,-64.861936,-2.997699
4984,-64.862134,-2.997875
4985,-64.862099,-2.997576
4986,-64.86234,-2.997713
4987,-64.862324,-2.997544
4988,-64.861916,-2.997832
4989,-64.861907,-2.997859
4990,-64.861818,-2.997765
4991,-64.861788,-2.997993
4992,-64.861676,-2.997934
4993,-64.861539,-2.998051
4994,-64.861303,-2.998492
4995,-64.861286,-2.999012
4996,-64.861137,-2.999133
4997,-64.861394,-2.999065
4998,-64.861121,-2.999227
4999,-64.861239,-2.999336
5000,-64.861558,-2.999493
5001,-64.861746,-2.999651
5002,-64.861984,-2.999511
5003,-64.861941,-2.999953
5004,-64.862227,-3.000058
5005,-64.862425,-3.000204
5006,-64.862001,-3.000433
5007,-64.86236,-3.000295
5008,-64.862288,-3.000504
5009,-64.862358,-3.000305
5010,-64.862205,-3.000543
5011,-64.862327,-3.000173
5012,-64.862498,-3.000142
5013,-64.862096,-3.000452
5014,-64.861878,-3.000605
5015,-64.861807,-3.000804
5016,-64.861619,-3.000607
5017,-64.861455,-3.000346
5018,-64.861293,-3.00066
5019,-64.861161,-3.000978
5020,-64.861594,-3.001335
5021,-64.861126,-3.001268
5022,-64.861479,-3.000874
5023,-64.861548,-3.000886
5024,-64.861569,-3.001779
5025,-64.861378,-3.002018
5026,-64.861803,-3.002508
5027,-64.861871,-3.002652
5028,-64.861824,-3.002957
5029,-64.861589,-3.002895
5030,-64.861371,-3.003161
5031,-64.861362,-3.002917
5032,-64.861407,-3.003177
5033,-64.861682,-3.003307
5034,-64.861266,-3.003452
5035,-64.861106,-3.003535
5036,-64.861178,-3.0036
5037,-64.861781,-3.003438
5038,-64.861497,-3.003496
5039,-64.86127,-3.003553
5040,-64.861299,-3.003569
5041,-64.861572,-3.00329
5042,-64.861987,-3.00313
5043,-64.86182,-3.003435
5044,-64.861854,-3.003831
5045,-64.862103,-3.003448
5046,-64.861893,-3.003123
5047,-64.861579,-3.003195
5048,-64.861653,-3.003608
5049,-64.861804,-3.004004
5050,-64.861729,-3.003928
5051,-64.861701,-3.004055
5052,-64.861592,-3.003791
5053,-64.861702,-3.003923
5054,-64.862424,-3.003702
5055,-64.862744,-3.003399
5056,-64.862236,-3.003552
5057,-64.862659,-3.00356
5058,-64.862449,-3.003465
5059,-64.862361,-3.004117
5060,-64.862434,-3.003835
5061,-64.862652,-3.003288
5062,-64.862806,-3.002959
5063,-64.86302,-3.003231
5064,-64.863047,-3.003205
5065,-64.863479,-3.003505
5066,-64.863293,-3.003669
5067,-64.863125,-3.003283
5068,-64.863052,-3.003531
5069,-64.863328,-3.003447
5070,-64.863066,-3.003269
5071,-64.863239,-3.003271
5072,-64.863463,-3.003393
5073,-64.863373,-3.003174
5074,-64.863452,-3.00332
5075,-64.863643,-3.003279
5076,-64.863463,-3.003452
5077,-64.863646,-3.003318
5078,-64.863746,-3.003476
5079,-64.863961,-3.003903
5080,-64.864008,-3.00354
5081,-64.864304,-3.003243
5082,-64.864246,-3.003007
5083,-64.864103,-3.002825
5084,-64.863935,-3.002809
5085,-64.864061,-3.002695
5086,-64.864168,-3.002389
5087,-64.864448,-3.002577
5088,-64.864803,-3.002827
5089,-64.865197,-3.003013
5090,-64.865244,-3.003364
5091,-64.865094,-3.003077
5092,-64.864848,-3.003167
5093,-64.865038,-3.003016
5094,-64.865232,-3.003095
5095,-64.864996,-3.003201
5096,-64.864937,-3.003048
5097,-64.865289,-3.00296
5098,-64.865213,-3.002886
5099,-64.865443,-3.002751
5100,-64.865539,-3.002709
5101,-64.865526,-3.002524
5102,-64.866022,-3.002407
5103,-64.866403,-3.00246
5104,-64.866777,-3.002322
5105,-64.86677,-3.002303
5106,-64.866945,-3.002242
5107,-64.8667,-3.002058
5108,-64.867093,-3.002291
5109,-64.867594,-3.002313
5110,-64.867917,-3.002282
5111,-64.868101,-3.002262
5112,-64.868323,-3.00196
5113,-64.86829,-3.001678
5114,-64.868556,-3.001625
5115,-64.86903,-3.001361
5116,-64.868853,-3.00079
5117,-64.868878,-3.000789
5118,-64.869048,-3.000731
5119,-64.869225,-3.000587
5120,-64.869061,-3.000076
5121,-64.869295,-2.999878
5122,-64.869591,-2.99958
5123,-64.869668,-2.99949
5124,-64.869673,-2.999313
5125,-64.86971,-2.999426
5126,-64.870138,-2.99947
5127,-64.870289,-2.99906
5128,-64.870545,-2.998968
5129,-64.870895,-2.998255
5130,-64.871284,-2.99789
5131,-64.87142,-2.997434
5132,-64.871103,-2.997183
5133,-64.871359,-2.997156
5134,-64.871849,-2.997509
5135,-64.872247,-2.997597
5136,-64.872249,-2.997592
5137,-64.872401,-2.997307
5138,-64.873179,-2.997256
5139,-64.873556,-2.997346
5140,-64.873729,-2.996938
5141,-64.873901,-2.996751
5142,-64.874291,-2.99705
5143,-64.874177,-2.997101
5144,-64.874343,-2.996675
5145,-64.87462,-2.996777
5146,-64.874985,-2.995989
5147,-64.874761,-2.995897
5148,-64.875033,-2.99625
5149,-64.875153,-2.995942
5150,-64.875375,-2.995715
5151,-64.875666,-2.995527
5152,-64.876013,-2.995246
5153,-64.876375,-2.994674
5154,-64.87676,-2.994403
5155,-64.8773,-2.994093
5156,-64.877532,-2.993867
5157,-64.87801,-2.993898
5158,-64.878051,-2.993742
5159,-64.878497,-2.993698
5160,-64.878912,-2.993147
5161,-64.879344,-2.993396
5162,-64.879649,-2.993591
5163,-64.880107,-2.993631
5164,-64.880477,-2.993193
5165,-64.880472,-2.993019
5166,-64.880905,-2.992497
5167,-64.88099,-2.992703
5168,-64.881278,-2.992296
5169,-64.881172,-2.99169
5170,-64.881618,-2.990969
5171,-64.882134,-2.990717
5172,-64.882613,-2.990454
5173,-64.882931,-2.989929
5174,-64.882976,-2.989242
5175,-64.883665,-2.988923
5176,-64.884088,-2.988429
5177,-64.884176,-2.988146
5178,-64.884346,-2.987906
5179,-64.884466,-2.987828
5180,-64.884956,-2.987618
5181,-64.885296,-2.986948
5182,-64.88566,-2.986648
5183,-64.885592,-2.986131
5184,-64.8859,-2.985843
5185,-64.886186,-2.985873
5186,-64.886548,-2.985523
5187,-64.887033,-2.985213
5188,-64.887377,-2.984946
5189,-64.887496,-2.985151
5190,-64.887343,-2.984846
5191,-64.887951,-2.984137
5192,-64.887902,-2.984138
5193,-64.888355,-2.983794
5194,-64.888951,-2.983415
5195,-64.888792,-2.983657
5196,-64.889312,-2.983099
5197,-64.889544,-2.982836
5198,-64.890015,-2.982609
5199,-64.890311,-2.982451
5200,-64.890744,-2.981745
5201,-64.891073,-2.981434
5202,-64.890921,-2.981529
5203,-64.89092,-2.981754
5204,-64.891377,-2.981647
5205,-64.891669,-2.980944
5206,-64.892049,-2.980385
5207,-64.891947,-2.980569
5208,-64.892398,-2.980359
5209,-64.89273,-2.979756
5210,-64.892713,-2.979132
5211,-64.893272,-2.978516
5212,-64.893572,-2.978446
5213,-64.894056,-2.977726
5214,-64.894832,-2.977076
5215,-64.895575,-2.976933
5216,-64.895977,-2.976414
5217,-64.896926,-2.976079
5218,-64.897251,-2.976362
5219,-64.89755,-2.975793
5220,-64.89813,-2.975358
5221,-64.898308,-2.975083
5222,-64.899026,-2.974912
5223,-64.899906,-2.974513
5224,-64.900738,-2.97399
5225,-64.900949,-2.973486
5226,-64.901507,-2.972933
5227,-64.902133,-2.972481
5228,-64.902765,-2.972371
5229,-64.903597,-2.972036
5230,-64.904406,-2.971433
5231,-64.904789,-2.971075
5232,-64.905453,-2.971047
5233,-64.905916,-2.970731
5234,-64.915826,-2.97283
5235,-64.914996,-2.971691
5236,-64.914321,-2.971251
5237,-64.91364,-2.970942
5238,-64.912741,-2.970478
5239,-64.911659,-2.969549
5240,-64.910448,-2.969009
5241,-64.909695,-2.967704
5242,-64.908544,-2.967411
5243,-64.907674,-2.966997
5244,-64.907232,-2.966514
5245,-64.906577,-2.965984
5246,-64.906029,-2.965034
5247,-64.905293,-2.964788
5248,-64.904305,-2.964605
5249,-64.903622,-2.963617
5250,-64.903166,-2.963186
5251,-64.902957,-2.962289
5252,-64.902605,-2.961742
5253,-64.902188,-2.960535
5254,-64.902166,-2.96003
5255,-64.901852,-2.958695
5256,-64.901633,-2.957667
5257,-64.901434,-2.956641
5258,-64.901894,-2.955442
5259,-64.90167,-2.954551
5260,-64.901655,-2.953568
5261,-64.901442,-2.952672
5262,-64.901055,-2.952041
5263,-64.900946,-2.950918
5264,-64.900968,-2.950004
5265,-64.900628,-2.948385
5266,-64.900585,-2.947609
5267,-64.900649,-2.946424
5268,-64.901254,-2.945055
5269,-64.901354,-2.944321
5270,-64.872117,-2.965269
5271,-64.872434,-2.966519
5272,-64.872725,-2.967345
5273,-64.872267,-2.968251
5274,-64.871926,-2.96912
5275,-64.872638,-2.969659
5276,-64.872636,-2.970205
5277,-64.873152,-2.971191
5278,-64.872807,-2.972273
5279,-64.873045,-2.973603
5280,-64.873638,-2.974249
5281,-64.873999,-2.97463
5282,-64.873506,-2.97544
5283,-64.873322,-2.976608
5284,-64.873079,-2.97646
5285,-64.873356,-2.977085
5286,-64.873154,-2.977927
5287,-64.87277,-2.978772
5288,-64.873178,-2.979334
5289,-64.873421,-2.980183
5290,-64.873943,-2.981042
5291,-64.873499,-2.981841
5292,-64.873368,-2.982775
5293,-64.873518,-2.98316
5294,-64.874038,-2.984321
5295,-64.874495,-2.985051
5296,-64.8743,-2.98564
5297,-64.874682,-2.985992
5298,-64.874827,-2.986262
5299,-64.874748,-2.986645
5300,-64.874841,-2.987117
5301,-64.875114,-2.988058
5302,-64.875646,-2.988253
5303,-64.87592,-2.988519
5304,-64.876403,-2.989206
5305,-64.87668,-2.989602
5306,-64.877103,-2.990432
5307,-64.877786,-2.990361
5308,-64.878051,-2.990759
5309,-64.878214,-2.990822
5310,-64.878861,-2.991184
5311,-64.878504,-2.991731
5312,-64.879126,-2.991939
5313,-64.879588,-2.992392
5314,-64.879876,-2.992447
5315,-64.880571,-2.992915
5316,-64.881118,-2.993369
5317,-64.881662,-2.993528
5318,-64.882667,-2.993553
5319,-64.883372,-2.993716
5320,-64.88408,-2.993908
5321,-64.884427,-2.993485
5322,-64.885165,-2.993409
5323,-64.885846,-2.993374
5324,-64.887118,-2.9936
5325,-64.887722,-2.993206
5326,-64.888959,-2.993632
5327,-64.889949,-2.993189
5328,-64.890632,-2.993203
5329,-64.891551,-2.992481
5330,-64.892167,-2.991961
5331,-64.892844,-2.992314
5332,-64.894001,-2.992276
5333,-64.910311,-2.982632
5334,-64.907556,-2.974118
5335,-64.904571,-2.965281
5336,-64.901556,-2.956729
5337,-64.898372,-2.947588
5338,-64.895577,-2.938909
5339,-64.892838,-2.930494
5340,-64.890452,-2.922205
5341,-64.889779,-2.922937
5342,-64.882579,-2.925814
5343,-64.880299,-2.925989
5344,-64.877233,-2.926429
5345,-64.874868,-2.926439
5346,-64.872486,-2.927103
5347,-64.86986,-2.92717
5348,-64.867604,-2.92685
5349,-64.865166,-2.926996
5350,-64.863435,-2.926828
5351,-64.86136,-2.926517
5352,-64.859127,-2.925829
5353,-64.857059,-2.925263
5354,-64.854646,-2.925011
5355,-64.853139,-2.924932
5356,-64.85297,-2.924856
5357,-64.853562,-2.925367
5358,-64.854462,-2.925359
5359,-64.855353,-2.926031
5360,-64.856403,-2.926154
5361,-64.856741,-2.926443
5362,-64.857652,-2.926078
5363,-64.858603,-2.925652
5364,-64.859851,-2.925739
5365,-64.860777,-2.925415
5366,-64.8614,-2.925518
5367,-64.861989,-2.925809
5368,-64.86277,-2.925403
5369,-64.863591,-2.925564
5370,-64.864456,-2.925203
5371,-64.865264,-2.925308
5372,-64.866338,-2.925255
5373,-64.867289,-2.924962
5374,-64.868464,-2.924699
5375,-64.869588,-2.924932
5376,-64.870882,-2.924816
5377,-64.871715,-2.924676
5378,-64.873058,-2.924901
5379,-64.874028,-2.9247
5380,-64.875399,-2.92442
5381,-64.875208,-2.923754
5382,-64.867712,-2.924198
5383,-64.879609,-2.918924
5384,-64.879312,-2.918677
5385,-64.87904,-2.917991
5386,-64.878813,-2.91789
5387,-64.878841,-2.918218
5388,-64.879114,-2.917687
5389,-64.879502,-2.917122
5390,-64.88006,-2.916389
5391,-64.88023,-2.916039
5392,-64.880444,-2.915849
5393,-64.88107,-2.915572
5394,-64.881262,-2.914932
5395,-64.88179,-2.914343
5396,-64.882083,-2.914003
5397,-64.883057,-2.913602
5398,-64.883448,-2.913551
5399,-64.883626,-2.913218
5400,-64.884144,-2.912907
5401,-64.88433,-2.912116
5402,-64.885072,-2.911503
5403,-64.885631,-2.911317
5404,-64.886077,-2.910698
5405,-64.887365,-2.910209
5406,-64.887949,-2.910164
5407,-64.88843,-2.909326
5408,-64.888964,-2.908702
5409,-64.88944,-2.908186
5410,-64.904857,-2.891993
5411,-64.905253,-2.890914
5412,-64.906087,-2.889551
5413,-64.907021,-2.887778
5414,-64.908346,-2.886615
5415,-64.909069,-2.885186
5416,-64.91008,-2.883256
5417,-64.898234,-2.886247
5418,-64.898873,-2.886486
5419,-64.898664,-2.886326
5420,-64.898476,-2.886266
5421,-64.898899,-2.886217
5422,-64.899153,-2.885628
5423,-64.899489,-2.884523
5424,-64.899958,-2.883862
5425,-64.900665,-2.882927
5426,-64.900857,-2.881887
5427,-64.901829,-2.881101
5428,-64.902458,-2.880271
5429,-64.903154,-2.879304
5430,-64.904359,-2.878281
5431,-64.905256,-2.877592
5432,-64.906497,-2.876219
5433,-64.906729,-2.876098
5434,-64.905223,-2.881606
5435,-64.903417,-2.886635
5436,-64.901494,-2.891882
5437,-64.899845,-2.896749
5438,-64.89786,-2.901279
5439,-64.885516,-2.907071
5440,-64.886705,-2.905869
5441,-64.888166,-2.905383
5442,-64.889251,-2.904599
5443,-64.89033,-2.903671
5444,-64.89186,-2.902857
5445,-64.893181,-2.902318
5446,-64.89469,-2.900886
5447,-64.895818,-2.899924
5448,-64.897001,-2.898782
5449,-64.898606,-2.897849
5450,-64.900102,-2.89662
5451,-64.901509,-2.895506
5452,-64.903207,-2.893999
5453,-64.904641,-2.893131
5454,-64.905981,-2.892099
5455,-64.907561,-2.890674
5456,-64.909075,-2.889182
5457,-64.910862,-2.888006
5458,-64.912332,-2.8862
5459,-64.913777,-2.884776
5460,-64.915452,-2.883937
5461,-64.916086,-2.884296
5462,-64.914062,-2.885286
5463,-64.912674,-2.88612
5464,-64.910218,-2.887199
5465,-64.908911,-2.88805
5466,-64.907043,-2.889053
5467,-64.905545,-2.889884
5468,-64.904135,-2.890752
5469,-64.902279,-2.891514
5470,-64.900644,-2.892274
5471,-64.899148,-2.892659
5472,-64.89792,-2.893832
5473,-64.89683,-2.894369
5474,-64.89529,-2.894783
5475,-64.895517,-2.894524
5476,-64.895665,-2.902016
5477,-64.89392,-2.90301
5478,-64.892733,-2.903882
5479,-64.890879,-2.904856
5480,-64.889276,-2.905597
5481,-64.887789,-2.906054
5482,-64.886437,-2.90649
5483,-64.885196,-2.907147
5484,-64.883531,-2.907701
5485,-64.883013,-2.908309
5486,-64.883596,-2.908246
5487,-64.883506,-2.907743
5488,-64.883776,-2.907518
5489,-64.884338,-2.907108
5490,-64.885077,-2.906953
5491,-64.88531,-2.906975
5492,-64.884232,-2.908516
5493,-64.88541,-2.907443
5494,-64.886934,-2.905927
5495,-64.887974,-2.904431
5496,-64.889113,-2.902882
5497,-64.891207,-2.901558
5498,-64.892388,-2.900076
5499,-64.893889,-2.898057
5500,-64.895089,-2.896516
5501,-64.896274,-2.895064
5502,-64.897816,-2.893385
5503,-64.899614,-2.891476
5504,-64.901284,-2.890249
5505,-64.902695,-2.888494
5506,-64.90471,-2.887131
5507,-64.906447,-2.88542
5508,-64.908428,-2.883468
5509,-64.910496,-2.88178
5510,-64.912617,-2.879731
5511,-64.915086,-2.890926
5512,-64.912969,-2.89222
5513,-64.910322,-2.893564
5514,-64.908057,-2.895388
5515,-64.906786,-2.896935
5516,-64.904865,-2.898098
5517,-64.9035,-2.899252
5518,-64.902219,-2.894872
5519,-64.901991,-2.895348
5520,-64.901728,-2.895609
5521,-64.901767,-2.895818
5522,-64.901444,-2.895899
5523,-64.901219,-2.896008
5524,-64.901402,-2.896323
5525,-64.901545,-2.896842
5526,-64.901238,-2.897429
5527,-64.901092,-2.898048
5528,-64.901141,-2.89847
5529,-64.901435,-2.898439
5530,-64.901702,-2.898842
5531,-64.901628,-2.899104
5532,-64.901658,-2.899563
5533,-64.90209,-2.900278
5534,-64.902529,-2.90065
5535,-64.903142,-2.900792
5536,-64.903318,-2.901121
5537,-64.903549,-2.901461
5538,-64.904215,-2.901606
5539,-64.904492,-2.902086
5540,-64.904833,-2.902255
5541,-64.90515,-2.90212
5542,-64.905359,-2.902898
5543,-64.905729,-2.902717
5544,-64.899112,-2.90539
5545,-64.900633,-2.906877
5546,-64.902395,-2.907233
5547,-64.90361,-2.907959
5548,-64.905344,-2.908664
5549,-64.906798,-2.909497
5550,-64.908782,-2.910256
5551,-64.910302,-2.911263
5552,-64.911942,-2.912074
5553,-64.913784,-2.912727
5554,-64.91531,-2.913591
5555,-64.917545,-2.914471
5556,-64.919753,-2.914967
5557,-64.921758,-2.915698
5558,-64.92324,-2.91636
5559,-64.9249,-2.917533
5560,-64.926717,-2.918558
5561,-64.928603,-2.919126
5562,-64.930379,-2.919747
5563,-64.93273,-2.920211
5564,-64.935067,-2.921253
5565,-64.936908,-2.921835
5566,-64.939123,-2.922145
5567,-64.941143,-2.922707
5568,-64.94333,-2.923237
5569,-64.94556,-2.923654
5570,-64.947834,-2.923999
5571,-64.950449,-2.924046
5572,-64.95264,-2.92484
5573,-64.954853,-2.924572
5574,-64.957083,-2.925172
5575,-64.959422,-2.925771
5576,-64.961979,-2.92554
5577,-64.9647,-2.925538
5578,-64.967026,-2.925981
5579,-64.968721,-2.926129
5580,-64.971471,-2.926749
5581,-64.968391,-2.916272
5582,-64.967453,-2.916876
5583,-64.966168,-2.917765
5584,-64.965612,-2.918877
5585,-64.964523,-2.920354
5586,-64.963578,-2.921166
5587,-64.96256,-2.921951
5588,-64.961698,-2.922943
5589,-64.960642,-2.924243
5590,-64.960396,-2.924846
5591,-64.959705,-2.9255
5592,-64.959122,-2.926822
5593,-64.958292,-2.927744
5594,-64.95769,-2.928426
5595,-64.957222,-2.929026
5596,-64.956714,-2.929845
5597,-64.956268,-2.930484
5598,-64.956232,-2.931569
5599,-64.955517,-2.93268
5600,-64.955037,-2.933065
5601,-64.954539,-2.933751
5602,-64.953981,-2.934436
5603,-64.953641,-2.93516
5604,-64.953653,-2.935882
5605,-64.953324,-2.936941
5606,-64.953359,-2.937225
5607,-64.95292,-2.937473
5608,-64.953098,-2.938149
5609,-64.953015,-2.938898
5610,-64.953178,-2.93951
5611,-64.947411,-2.926693
5612,-64.943739,-2.928335
5613,-64.939596,-2.929111
5614,-64.934902,-2.929449
5615,-64.930829,-2.930208
5616,-64.926627,-2.930455
5617,-64.922941,-2.931404
5618,-64.91882,-2.931591
5619,-64.914626,-2.932012
5620,-64.911185,-2.932538
5621,-64.907785,-2.932584
5622,-64.904424,-2.932741
5623,-64.900787,-2.932956
5624,-64.897145,-2.933092
5625,-64.893376,-2.932986
5626,-64.889289,-2.93345
5627,-64.885383,-2.934129
5628,-64.881553,-2.933967
5629,-64.877966,-2.933984
5630,-64.874454,-2.933961
5631,-64.871319,-2.934014
5632,-64.871263,-2.933914
5633,-64.913213,-2.937081
5634,-64.914045,-2.936983
5635,-64.91486,-2.937565
5636,-64.915896,-2.93803
5637,-64.916583,-2.938228
5638,-64.918089,-2.938514
5639,-64.919383,-2.938914
5640,-64.920642,-2.938819
5641,-64.921688,-2.938714
5642,-64.923187,-2.938852
5643,-64.925237,-2.938697
5644,-64.926932,-2.938438
5645,-64.928995,-2.937116
5646,-64.931026,-2.937513
5647,-64.930652,-2.937293
5648,-64.936256,-2.934823
5649,-64.942194,-2.93168
5650,-64.949339,-2.928824
5651,-64.949467,-2.928356
5652,-64.948986,-2.94293
5653,-64.944302,-2.960946
5654,-64.94185,-2.954736
5655,-64.941478,-2.947653
5656,-64.938924,-2.948745
5657,-64.936744,-2.950179
5658,-64.934737,-2.951388
5659,-64.932905,-2.952492
5660,-64.931044,-2.953957
5661,-64.929864,-2.955178
5662,-64.934767,-2.953813
5663,-64.929,-2.953776
5664,-64.929104,-2.953843
5665,-64.929153,-2.95395
5666,-64.929434,-2.953367
5667,-64.929739,-2.953377
5668,-64.930172,-2.95342
5669,-64.930977,-2.953274
5670,-64.931623,-2.952642
5671,-64.932295,-2.952185
5672,-64.932965,-2.951949
5673,-64.933769,-2.951098
5674,-64.935109,-2.950103
5675,-64.935777,-2.949759
5676,-64.937808,-2.948379
5677,-64.939005,-2.947967
5678,-64.942666,-2.962703
5679,-64.937678,-2.942852
5680,-64.940559,-2.940552
5681,-64.942485,-2.93849
5682,-64.945408,-2.936131
5683,-64.948616,-2.933303
5684,-64.952109,-2.931194
5685,-64.955787,-2.928503
5686,-64.959569,-2.925993
5687,-64.963721,-2.923835
5688,-64.967344,-2.920747
5689,-64.96718,-2.920965
5690,-64.951366,-2.927236
5691,-64.954617,-2.944203
5692,-64.955713,-2.943425
5693,-64.957881,-2.942244
5694,-64.94602,-2.953584
5695,-64.944056,-2.951754
5696,-64.941748,-2.949762
5697,-64.940545,-2.947466
5698,-64.939201,-2.944888
5699,-64.938067,-2.942337
5700,-64.937086,-2.9392
5701,-64.937364,-2.939991
5702,-64.931237,-2.950316
5703,-64.931691,-2.95078
5704,-64.931644,-2.951096
5705,-64.93155,-2.951797
5706,-64.931553,-2.95302
5707,-64.931859,-2.953999
5708,-64.93193,-2.954694
5709,-64.932398,-2.954985
5710,-64.932673,-2.955209
5711,-64.932726,-2.956109
5712,-64.932826,-2.956147
5713,-64.933015,-2.956908
5714,-64.933098,-2.957372
5715,-64.932986,-2.957581
5716,-64.933436,-2.958027
5717,-64.933808,-2.958376
5718,-64.933867,-2.958741
5719,-64.934149,-2.959062
5720,-64.934164,-2.959681
5721,-64.934273,-2.960275
5722,-64.934582,-2.960253
5723,-64.934827,-2.960914
5724,-64.934882,-2.960705
5725,-64.935414,-2.960843
5726,-64.935472,-2.960978
5727,-64.936066,-2.960747
5728,-64.93671,-2.961187
5729,-64.937275,-2.961152
5730,-64.937747,-2.960896
5731,-64.937979,-2.960757
5732,-64.938386,-2.96068
5733,-64.93893,-2.960769
5734,-64.939448,-2.959995
5735,-64.940358,-2.959438
5736,-64.940851,-2.959603
5737,-64.941846,-2.95901
5738,-64.942675,-2.958618
5739,-64.94349,-2.95841
5740,-64.946437,-2.962886
5741,-64.953676,-2.957875
5742,-64.952503,-2.958318
5743,-64.951959,-2.959305
5744,-64.950965,-2.96011
5745,-64.950493,-2.960466
5746,-64.950785,-2.961019
5747,-64.950353,-2.961331
5748,-64.950081,-2.961654
5749,-64.949823,-2.961639
5750,-64.949639,-2.961621
5751,-64.949437,-2.96185
5752,-64.949466,-2.962011
5753,-64.949576,-2.961905
5754,-64.949749,-2.961437
5755,-64.949885,-2.96173
5756,-64.936594,-2.95337
5757,-64.93162,-2.95206
5758,-64.938036,-2.93984
5759,-64.938099,-2.940957
5760,-64.938596,-2.940293
5761,-64.937657,-2.941129
5762,-64.899842,-2.937072
5763,-64.876343,-2.947785
5764,-64.878633,-2.928712
5765,-64.87505,-2.924885
5766,-64.844202,-2.958729
5767,-64.854579,-3.009822
5768,-64.843904,-2.974509
5769,-64.842295,-2.97516
5770,-64.872038,-2.965934
5771,-64.876786,-2.955899
5772,-64.881552,-2.948252
5773,-64.878897,-2.92945
5774,-64.913503,-2.933872
5775,-64.906302,-2.947138
5776,-64.890151,-2.940778
5777,-64.87193,-2.935037
5778,-64.854375,-2.930437
5779,-64.854587,-2.929987
5780,-64.853686,-2.924998
5781,-64.913651,-2.93495
5782,-64.894303,-2.953561
5783,-64.872964,-2.974408
5784,-64.866034,-2.974841
5785,-64.837716,-2.956971
5786,-64.840234,-2.967503
5787,-64.865454,-2.963074
5788,-64.864969,-2.964186
5789,-64.875226,-2.964064
5790,-64.863533,-2.961849
5791,-64.849205,-2.964759
5792,-64.833509,-2.969258
5793,-64.84923,-2.951728
5794,-64.886454,-2.92017
5795,-64.879474,-2.916016
5796,-64.893952,-2.90243
5797,-64.892472,-2.904194
5798,-64.913806,-2.916168
5799,-64.911921,-2.926804
5800,-64.909921,-2.938746
5801,-64.895838,-2.964468
5802,-64.887778,-2.966209
5803,-64.875318,-2.971952
5804,-64.8747,-2.973533
5805,-64.890933,-2.939325
5806,-64.878774,-2.929838
5807,-64.87806,-2.922612
5808,-64.876106,-2.918675
5809,-64.872589,-2.917018
5810,-64.903747,-2.885676
5811,-64.91116,-2.883703
5812,-64.918126,-2.882588
5813,-64.91796,-2.88184
5814,-64.900175,-2.897543
5815,-64.892462,-2.906784
5816,-64.912589,-2.911045
5817,-64.910368,-2.908491
5818,-64.912362,-2.911987
5819,-64.909984,-2.919774
5820,-64.907377,-2.927061
5821,-64.904412,-2.936939
5822,-64.904036,-2.935592
5823,-64.913066,-2.900717
5824,-64.924019,-2.877844
5825,-64.928071,-2.865808
5826,-64.928794,-2.867456
5827,-64.928127,-2.870977
5828,-64.926732,-2.872372
5829,-64.935529,-2.859531
5830,-64.945769,-2.856036
5831,-64.911699,-2.908048
5832,-64.907271,-2.913136
5833,-64.874011,-2.93717
5834,-64.889965,-2.92523
5835,-64.900459,-2.915878
5836,-64.904722,-2.915258
5837,-64.908626,-2.911308
5838,-64.909327,-2.909683
5839,-64.909681,-2.908264
5840,-64.900526,-2.908407
5841,-64.888507,-2.911034
5842,-64.887313,-2.909121
5843,-64.8957,-2.908749
5844,-64.905163,-2.909486
5845,-64.907811,-2.912843
5846,-64.908453,-2.909894
5847,-64.895812,-2.924559
5848,-64.893272,-2.92139
5849,-64.889394,-2.921194
5850,-64.899231,-2.916838
5851,-64.9073,-2.904715
5852,-64.915043,-2.894122
5853,-64.919553,-2.886478
5854,-64.926029,-2.86831
5855,-64.92552,-2.867974
5856,-64.924837,-2.865816
5857,-64.908138,-2.909917
5858,-64.909936,-2.909174
5859,-64.913262,-2.926079
5860,-64.91387,-2.945897
5861,-64.914715,-2.948024
5862,-64.89772,-2.966969
5863,-64.856978,-2.987803
5864,-64.855384,-2.989324
5865,-64.874971,-2.96077
5866,-64.892357,-2.934084
5867,-64.910829,-2.907239
5868,-64.909631,-2.909602
5869,-64.908236,-2.914778
5870,-64.907065,-2.919817
5871,-64.905528,-2.924549
5872,-64.90391,-2.929966
5873,-64.888983,-2.925243
5874,-64.878416,-2.927157
5875,-64.866869,-2.929715
5876,-64.85266,-2.934248
5877,-64.84055,-2.938804
5878,-64.845002,-2.93728
5879,-64.835124,-2.972827
5880,-64.865573,-2.979521
5881,-64.864424,-2.980001
5882,-64.901964,-2.89427
5883,-64.911437,-2.878598
5884,-64.918815,-2.876148
5885,-64.912616,-2.879227
5886,-64.913406,-2.879153
5887,-64.902705,-2.895218
5888,-64.892141,-2.912617
5889,-64.896265,-2.910105
5890,-64.843684,-2.92246
5891,-64.837372,-2.974774
5892,-64.862494,-2.97643
5893,-64.862191,-2.976313
5894,-64.881052,-2.950184
5895,-64.854806,-2.920787
5896,-64.899706,-2.917295
5897,-64.904465,-2.883386
5898,-64.905022,-2.885442
5899,-64.910503,-2.886179
5900,-64.91762,-2.883724
5901,-64.92056,-2.885353
5902,-64.915811,-2.886448
5903,-64.905394,-2.892404
5904,-64.902959,-2.893247
5905,-64.905365,-2.893582
5906,-64.904482,-2.893556
5907,-64.932873,-2.849585
5908,-64.914482,-2.878207
5909,-64.908733,-2.899564
5910,-64.911217,-2.899467
5911,-64.911516,-2.896568
5912,-64.91044,-2.895703
5913,-64.910236,-2.895897
5914,-64.911079,-2.893451
5915,-64.912019,-2.890992
5916,-64.911737,-2.889015
5917,-64.905132,-2.885827
5918,-64.906115,-2.881081
5919,-64.905007,-2.883896
5920,-64.891122,-2.888485
5921,-64.89638,-2.883372
5922,-64.900695,-2.879107
5923,-64.897798,-2.901266
5924,-64.89757,-2.901624
5925,-64.909973,-2.896784
5926,-64.8934,-2.881648
5927,-64.913095,-2.874248
5928,-64.898261,-2.829171
5929,-64.903078,-2.830914
5930,-64.898878,-2.855878
5931,-64.895036,-2.882277
5932,-64.897405,-2.881382
5933,-64.837195,-2.928776
5934,-64.847492,-2.927246
5935,-64.898842,-2.900858
5936,-64.898306,-2.895843
5937,-64.916834,-2.864617
5938,-64.896694,-2.80796
5939,-64.916125,-2.854077
5940,-64.934444,-2.854791
5941,-64.932272,-2.840356
5942,-64.904475,-2.807386
5943,-64.907196,-2.847366
5944,-64.894958,-2.802183
5945,-64.936988,-2.755535
5946,-64.986688,-2.805102
5947,-64.986286,-2.81542
5948,-64.951251,-2.852372
5949,-64.93763,-2.855766
5950,-64.932921,-2.85729
5951,-64.921589,-2.860231
5952,-64.909028,-2.85084
5953,-64.907537,-2.842901
5954,-64.90363,-2.839314
5955,-64.901964,-2.839994
5956,-64.889432,-2.811882
5957,-64.914537,-2.857857
5958,-64.89623,-2.895011
5959,-64.918201,-2.860574
5960,-64.930846,-2.856788
5961,-64.922853,-2.849007
5962,-64.902235,-2.832875
5963,-64.894599,-2.805671
5964,-64.899734,-2.821691
5965,-64.905146,-2.832447
5966,-64.904268,-2.835656
5967,-64.933194,-2.847733
5968,-64.902851,-2.82533
5969,-64.902978,-2.832314
5970,-64.901852,-2.843947
5971,-64.915218,-2.855001
5972,-64.899354,-2.829474
5973,-64.895897,-2.820359
5974,-64.899541,-2.787046
5975,-64.901709,-2.81768
5976,-64.902665,-2.844262
5977,-64.902683,-2.818889
5978,-64.897987,-2.787692
5979,-64.92417,-2.793549
5980,-64.933331,-2.835897
5981,-64.903126,-2.838728
5982,-64.903005,-2.818472
5983,-64.914783,-2.857643
5984,-64.931733,-2.883512
5985,-64.933328,-2.852109
5986,-64.861263,-3.027435
5987,-64.860742,-3.0323
5988,-64.863866,-3.007102
5989,-64.867924,-3.007966
5990,-64.87295,-3.00888
5991,-64.877549,-3.009775
5992,-64.86024,-2.986088
5993,-64.839603,-3.025675
5994,-64.836594,-3.032366
5995,-64.835652,-3.031788
5996,-64.861164,-3.010606
5997,-64.8575,-3.014928
5998,-64.840637,-3.030102
5999,-64.843778,-3.027683
6000,-64.84621,-3.025464
6001,-64.849765,-3.023601
6002,-64.853622,-3.022132
6003,-64.854161,-3.02266
6004,-64.844627,-3.043441
6005,-64.837174,-3.049865
6006,-64.839333,-3.030895
6007,-64.830571,-3.05808
6008,-64.829065,-3.054732
6009,-64.830845,-3.051082
6010,-64.831332,-3.050351
6011,-64.828477,-3.047436
6012,-64.829899,-3.047495
6013,-64.831513,-3.047146
6014,-64.829471,-3.043741
6015,-64.827464,-3.035453
6016,-64.827714,-3.035203
6017,-64.831982,-3.038951
6018,-64.837554,-3.039619
6019,-64.832896,-3.038473
6020,-64.828203,-3.037443
6021,-64.831648,-3.039569
6022,-64.827539,-3.04178
6023,-64.838067,-3.052667
6024,-64.832808,-3.056709
6025,-64.829957,-3.053417
6026,-64.830956,-3.050142
6027,-64.84243,-3.034721
6028,-64.854054,-3.019139
6029,-64.850967,-3.022228
6030,-64.841007,-3.0299
6031,-64.825194,-3.044888
6032,-64.822492,-3.037202
6033,-64.821586,-3.039645
6034,-64.814216,-3.042662
6035,-64.80698,-3.035467
6036,-64.814261,-3.033476
6037,-64.817391,-3.039585
6038,-64.815985,-3.047109
6039,-64.81782,-3.047156
6040,-64.817704,-3.046736
6041,-64.823516,-3.050454
6042,-64.827908,-3.041871
6043,-64.817476,-3.046343
6044,-64.811564,-3.036662
6045,-64.813911,-3.037317
6046,-64.821704,-3.033031
6047,-64.829455,-3.025039
6048,-64.816158,-3.032897
6049,-64.817344,-3.02829
6050,-64.819572,-3.024164
6051,-64.807364,-3.035271
6052,-64.807183,-3.036923
6053,-64.806947,-3.038727
6054,-64.807526,-3.039204
6055,-64.807438,-3.039017
6056,-64.827103,-3.030162
6057,-64.828392,-3.034719
6058,-64.8295,-3.039121
6059,-64.827083,-3.036702
6060,-64.815934,-3.03255
6061,-64.830597,-3.030601
6062,-64.845752,-3.029227
6063,-64.821969,-3.033349
6064,-64.821065,-3.037087
6065,-64.820798,-3.03711
6066,-64.826049,-3.035247
6067,-64.820848,-3.037309
6068,-64.820828,-3.037152
6069,-64.825171,-3.042106
6070,-64.833781,-3.04597
6071,-64.833262,-3.04899
6072,-64.827734,-3.041791
6073,-64.837521,-3.035477
6074,-64.833339,-3.03506
6075,-64.833855,-3.035427
6076,-64.838184,-3.035641
6077,-64.829609,-3.036166
6078,-64.828405,-3.02883
6079,-64.825939,-3.040678
6080,-64.838339,-3.049339
6081,-64.852892,-3.025741
6082,-64.846335,-3.003866
6083,-64.840623,-2.992473
6084,-64.828435,-2.973768
6085,-64.832031,-2.982695
6086,-64.836626,-2.984102
6087,-64.836072,-2.980947
6088,-64.837351,-2.980373
6089,-64.836303,-2.979564
6090,-64.914496,-2.984747
6091,-64.914608,-2.984864
6092,-64.867487,-3.043015
6093,-64.867471,-3.042245
6094,-64.866658,-3.039938
6095,-64.865004,-3.039952
6096,-64.857863,-3.050601
6097,-64.86779,-3.046215
6098,-64.867593,-3.047021
6099,-64.868107,-3.046706
6100,-64.867827,-3.046893
6101,-64.867785,-3.046801
6102,-64.866715,-3.045201
6103,-64.866766,-3.045371
6104,-64.865881,-3.045297
6105,-64.864915,-3.04067
6106,-64.866547,-3.039757
6107,-64.868245,-3.038268
6108,-64.869616,-3.036847
6109,-64.869353,-3.036707
6110,-64.867843,-3.04168
6111,-64.867942,-3.041843
6112,-64.868388,-3.041855
6113,-64.863769,-3.0476
6114,-64.859198,-3.052956
6115,-64.855294,-3.055811
6116,-64.8565,-3.054457
6117,-64.857102,-3.055446
6118,-64.858538,-3.057964
6119,-64.858131,-3.057902
6120,-64.856674,-3.059311
6121,-64.854887,-3.060192
6122,-64.853344,-3.060732
6123,-64.853303,-3.060626
6124,-64.849173,-3.063688
6125,-64.844644,-3.066665
6126,-64.852541,-3.064855
6127,-64.85739,-3.073002
6128,-64.853294,-3.064592
6129,-64.838262,-3.072002
6130,-64.844764,-3.064084
6131,-64.844828,-3.063793
6132,-64.844766,-3.064231
6133,-64.845007,-3.063806
6134,-64.845389,-3.065997
6135,-64.845534,-3.067939
6136,-64.845804,-3.069902
6137,-64.846094,-3.071693
6138,-64.846114,-3.071343
6139,-64.845891,-3.071033
6140,-64.838406,-3.068276
6141,-64.836381,-3.075851
6142,-64.835318,-3.076737
6143,-64.842998,-3.070836
6144,-64.842773,-3.070948
6145,-64.844765,-3.076411
6146,-64.846795,-3.073221
6147,-64.848984,-3.069863
6148,-64.848652,-3.06909
6149,-64.842708,-3.059143
6150,-64.839616,-3.061675
6151,-64.839335,-3.06338
6152,-64.839382,-3.064896
6153,-64.839345,-3.064701
6154,-64.840139,-3.064678
6155,-64.839826,-3.06487
6156,-64.839995,-3.064815
6157,-64.844793,-3.070157
6158,-64.845795,-3.071122
6159,-64.841887,-3.075125
6160,-64.842141,-3.075265
6161,-64.842327,-3.075449
6162,-64.841573,-3.08774
6163,-64.841675,-3.08792
6164,-64.841447,-3.087886
6165,-64.841795,-3.088447
6166,-64.841884,-3.089262
6167,-64.842084,-3.089794
6168,-64.841289,-3.095567
6169,-64.84345,-3.094284
6170,-64.845852,-3.093264
6171,-64.848164,-3.091761
6172,-64.848269,-3.091552
6173,-64.848001,-3.091656
6174,-64.847056,-3.092348
6175,-64.846423,-3.09556
6176,-64.846641,-3.095865
6177,-64.846438,-3.09593
6178,-64.840408,-3.095677
6179,-64.840497,-3.095619
6180,-64.842665,-3.094132
6181,-64.842135,-3.094508
6182,-64.842463,-3.094558
6183,-64.842332,-3.094418
6184,-64.842295,-3.095117
6185,-64.848342,-3.075861
6186,-64.848469,-3.076265
6187,-64.853752,-3.069141
6188,-64.862936,-3.064817
6189,-64.861719,-3.064806
6190,-64.861937,-3.063325
6191,-64.861947,-3.063222
6192,-64.862195,-3.063071
6193,-64.862423,-3.062679
6194,-64.864632,-3.061174
6195,-64.852254,-3.0595
6196,-64.858293,-3.045549
6197,-64.864598,-3.050861
6198,-64.860925,-3.057028
6199,-64.856717,-3.061224
6200,-64.852698,-3.065253
6201,-64.852801,-3.065204
6202,-64.838983,-3.069518
6203,-64.841222,-3.065115
6204,-64.843659,-3.060874
6205,-64.850877,-3.066157
6206,-64.850724,-3.065991
6207,-64.849649,-3.082193
6208,-64.855926,-3.081879
6209,-64.863173,-3.081263
6210,-64.863047,-3.080927
6211,-64.866113,-3.073575
6212,-64.862778,-3.071406
6213,-64.859013,-3.059504
6214,-64.856919,-3.058882
6215,-64.854752,-3.058857
6216,-64.8547,-3.059005
6217,-64.853856,-3.058373
6218,-64.856568,-3.053915
6219,-64.861552,-3.047084
6220,-64.861885,-3.046537
6221,-64.871536,-3.041744
6222,-64.872213,-3.04466
6223,-64.871957,-3.044559
6224,-64.878238,-3.044135
6225,-64.875791,-3.041105
6226,-64.876177,-3.041826
6227,-64.882163,-3.045288
6228,-64.882898,-3.044802
6229,-64.883566,-3.049223
6230,-64.883942,-3.050081
6231,-64.883665,-3.050016
6232,-64.883893,-3.049926
6233,-64.881926,-3.051188
6234,-64.882246,-3.051297
6235,-64.872097,-3.04834
6236,-64.872131,-3.048118
6237,-64.871683,-3.048099
6238,-64.878123,-3.052381
6239,-64.869567,-3.054986
6240,-64.861118,-3.05278
6241,-64.872607,-3.044635
6242,-64.8789,-3.043734
6243,-64.874146,-3.041161
6244,-64.864692,-3.052282
6245,-64.863127,-3.056235
6246,-64.860835,-3.059793
6247,-64.860636,-3.0594
6248,-64.865119,-3.060083
6249,-64.862989,-3.0515
6250,-64.862915,-3.051466
6251,-64.862797,-3.051362
6252,-64.86299,-3.051422
6253,-64.86291,-3.051379
6254,-64.86324,-3.051229
6255,-64.861401,-3.046482
6256,-64.861544,-3.046749
6257,-64.868539,-3.053369
6258,-64.868213,-3.05325
6259,-64.86897,-3.053711
6260,-64.869173,-3.053448
6261,-64.868914,-3.053663
6262,-64.874198,-3.047073
6263,-64.873937,-3.047073
6264,-64.874198,-3.047471
6265,-64.873835,-3.047838
6266,-64.874184,-3.047369
6267,-64.874169,-3.04761
6268,-64.876569,-3.049567
6269,-64.876241,-3.049491
6270,-64.876051,-3.055351
6271,-64.870511,-3.061456
6272,-64.871248,-3.056008
6273,-64.87184,-3.055857
6274,-64.874215,-3.05636
6275,-64.876575,-3.056769
6276,-64.879157,-3.056907
6277,-64.87944,-3.056715
6278,-64.888254,-3.054487
6279,-64.888439,-3.054712
6280,-64.891683,-3.050874
6281,-64.89189,-3.050739
6282,-64.890865,-3.050725
6283,-64.889514,-3.050652
6284,-64.883033,-3.046364
6285,-64.896074,-3.045227
6286,-64.896796,-3.047474
6287,-64.89757,-3.050243
6288,-64.895653,-3.055724
6289,-64.888555,-3.058295
6290,-64.880291,-3.060842
6291,-64.880202,-3.060934
6292,-64.878644,-3.05775
6293,-64.877321,-3.057444
6294,-64.87596,-3.056795
6295,-64.874579,-3.056261
6296,-64.876375,-3.05486
6297,-64.863888,-3.055945
6298,-64.870209,-3.059767
6299,-64.865776,-3.056268
6300,-64.861526,-3.053133
6301,-64.857451,-3.049816
6302,-64.857659,-3.049695
6303,-64.858081,-3.051011
6304,-64.85886,-3.051279
6305,-64.859426,-3.051703
6306,-64.864166,-3.053571
6307,-64.867294,-3.042932
6308,-64.86081,-3.046554
6309,-64.859897,-3.050895
6310,-64.859027,-3.055527
6311,-64.867863,-3.059131
6312,-64.867417,-3.058181
6313,-64.867688,-3.058471
6314,-64.856069,-3.046459
6315,-64.863615,-3.039931
6316,-64.86661,-3.042064
6317,-64.867367,-3.040658
6318,-64.87326,-3.03749
6319,-64.879281,-3.033763
6320,-64.880824,-3.039241
6321,-64.878795,-3.038741
6322,-64.88575,-3.03662
6323,-64.88946,-3.03096
6324,-64.888696,-3.033727
6325,-64.889192,-3.033762
6326,-64.886866,-3.03834
6327,-64.887102,-3.041155
6328,-64.888958,-3.051851
6329,-64.889244,-3.051647
6330,-64.893546,-3.051946
6331,-64.897368,-3.052371
6332,-64.897462,-3.052374
6333,-64.897342,-3.052561
6334,-64.897239,-3.051978
6335,-64.893188,-3.051372
6336,-64.893182,-3.051541
6337,-64.893493,-3.051382
6338,-64.893578,-3.050882
6339,-64.893191,-3.051043
6340,-64.89202,-3.053499
6341,-64.887025,-3.055978
6342,-64.892767,-3.053431
6343,-64.892841,-3.053259
6344,-64.893154,-3.053802
6345,-64.903411,-3.050145
6346,-64.892792,-3.047762
6347,-64.891925,-3.053677
6348,-64.891633,-3.053924
6349,-64.892405,-3.056759
6350,-64.878128,-3.059974
6351,-64.87683,-3.061926
6352,-64.875408,-3.063829
6353,-64.874144,-3.066153
6354,-64.872756,-3.068042
6355,-64.871526,-3.070014
6356,-64.87053,-3.07181
6357,-64.869567,-3.073661
6358,-64.868257,-3.075338
6359,-64.866451,-3.077553
6360,-64.866589,-3.077457
6361,-64.866712,-3.077898
6362,-64.865546,-3.080502
6363,-64.872878,-3.086642
6364,-64.872153,-3.081938
6365,-64.871298,-3.07713
6366,-64.870888,-3.072048
6367,-64.871182,-3.072065
6368,-64.872878,-3.07075
6369,-64.874878,-3.069712
6370,-64.876882,-3.0687
6371,-64.877257,-3.068891
6372,-64.879031,-3.066785
6373,-64.873509,-3.079574
6374,-64.871863,-3.077165
6375,-64.888385,-3.060209
6376,-64.88149,-3.059438
6377,-64.874665,-3.058694
6378,-64.867984,-3.058048
6379,-64.867741,-3.058454
6380,-64.854036,-3.068245
6381,-64.856981,-3.047026
6382,-64.858787,-3.072937
6383,-64.852227,-3.073492
6384,-64.852148,-3.06708
6385,-64.853585,-3.063928
6386,-64.855371,-3.060961
6387,-64.857288,-3.057899
6388,-64.859139,-3.055046
6389,-64.858828,-3.05404
6390,-64.857846,-3.062944
6391,-64.854344,-3.065834
6392,-64.853501,-3.06604
6393,-64.853551,-3.066181
6394,-64.853713,-3.066312
6395,-64.853726,-3.066205
6396,-64.85377,-3.065954
6397,-64.853488,-3.066246
6398,-64.848407,-3.06686
6399,-64.847546,-3.067408
6400,-64.846925,-3.068105
6401,-64.847026,-3.068271
6402,-64.842741,-3.070152
6403,-64.837919,-3.070837
6404,-64.840065,-3.057002
6405,-64.842543,-3.062524
6406,-64.844721,-3.067926
6407,-64.847249,-3.073113
6408,-64.849849,-3.07858
6409,-64.849798,-3.07836
6410,-64.851872,-3.081959
6411,-64.851411,-3.081574
6412,-64.84899,-3.077472
6413,-64.849725,-3.077371
6414,-64.853608,-3.075343
6415,-64.852347,-3.059919
6416,-64.85341,-3.059762
6417,-64.854605,-3.059915
6418,-64.854844,-3.059722
6419,-64.840579,-3.056606
6420,-64.833023,-3.065565
6421,-64.836502,-3.077718
6422,-64.82813,-3.092285
6423,-64.827517,-3.092823
6424,-64.82925,-3.089724
6425,-64.831068,-3.086254
6426,-64.832838,-3.083146
6427,-64.834483,-3.080048
6428,-64.836644,-3.07707
6429,-64.838749,-3.073875
6430,-64.840634,-3.070547
6431,-64.842478,-3.067122
6432,-64.844587,-3.063879
6433,-64.842326,-3.071075
6434,-64.832871,-3.098524
6435,-64.832734,-3.09813
6436,-64.832748,-3.09775
6437,-64.833084,-3.091112
6438,-64.84197,-3.085332
6439,-64.845441,-3.083143
6440,-64.845283,-3.083301
6441,-64.845991,-3.081757
6442,-64.846843,-3.0802
6443,-64.847696,-3.078856
6444,-64.848885,-3.077718
6445,-64.849394,-3.073715
6446,-64.84727,-3.072232
6447,-64.847648,-3.072579
6448,-64.846536,-3.072613
6449,-64.846161,-3.064701
6450,-64.844716,-3.063612
6451,-64.844259,-3.063381
6452,-64.851564,-3.072339
6453,-64.858771,-3.076376
6454,-64.858263,-3.076329
6455,-64.86231,-3.07456
6456,-64.863192,-3.073344
6457,-64.865042,-3.066684
6458,-64.864857,-3.066536
6459,-64.860302,-3.056368
6460,-64.858304,-3.053866
6461,-64.85771,-3.053522
6462,-64.857199,-3.053275
6463,-64.855651,-3.049167
6464,-64.853423,-3.065908
6465,-64.853798,-3.06587
6466,-64.854015,-3.065431
6467,-64.855651,-3.058261
6468,-64.843587,-3.045026
6469,-64.845012,-3.046477
6470,-64.846076,-3.048179
6471,-64.847311,-3.049917
6472,-64.848555,-3.051282
6473,-64.848566,-3.051258
6474,-64.847304,-3.050555
6475,-64.847475,-3.051583
6476,-64.847575,-3.052675
6477,-64.847804,-3.052913
6478,-64.847973,-3.050205
6479,-64.847603,-3.049958
6480,-64.847238,-3.050534
6481,-64.842609,-3.052608
6482,-64.843914,-3.051426
6483,-64.845409,-3.050301
6484,-64.845977,-3.055515
6485,-64.845438,-3.059031
6486,-64.845834,-3.059152
6487,-64.845808,-3.059428
6488,-64.844014,-3.049571
6489,-64.844457,-3.049777
6490,-64.845252,-3.038677
6491,-64.847605,-3.05163
6492,-64.856412,-3.058361
6493,-64.85645,-3.057957
6494,-64.858663,-3.068487
6495,-64.865244,-3.065684
6496,-64.865846,-3.065651
6497,-64.867763,-3.066222
6498,-64.869799,-3.066492
6499,-64.871892,-3.067136
6500,-64.868046,-3.059181
6501,-64.866639,-3.060585
6502,-64.865507,-3.061693
6503,-64.864079,-3.0627
6504,-64.86447,-3.062461
6505,-64.85913,-3.067735
6506,-64.85884,-3.067634
6507,-64.851705,-3.084015
6508,-64.857323,-3.088875
6509,-64.858528,-3.088551
6510,-64.85948,-3.08387
6511,-64.848846,-3.078628
6512,-64.849045,-3.078511
6513,-64.847491,-3.077618
6514,-64.849138,-3.068971
6515,-64.856932,-3.08556
6516,-64.857299,-3.088684
6517,-64.85677,-3.088771
6518,-64.857179,-3.089041
6519,-64.85675,-3.088788
6520,-64.863581,-3.088341
6521,-64.862521,-3.091058
6522,-64.861646,-3.093946
6523,-64.861441,-3.09393
6524,-64.853718,-3.095563
6525,-64.854569,-3.094471
6526,-64.855052,-3.094788
6527,-64.849583,-3.094984
6528,-64.844233,-3.095248
6529,-64.83869,-3.095622
6530,-64.833287,-3.096322
6531,-64.832832,-3.096384
6532,-64.833666,-3.097199
6533,-64.833095,-3.097186
6534,-64.827186,-3.103204
6535,-64.831406,-3.097948
6536,-64.83578,-3.092728
6537,-64.83808,-3.099594
6538,-64.838105,-3.09941
6539,-64.838399,-3.100717
6540,-64.83683,-3.099519
6541,-64.835852,-3.098601
6542,-64.83451,-3.097628
6543,-64.833239,-3.096678
6544,-64.831735,-3.095514
6545,-64.830572,-3.094387
6546,-64.830123,-3.094461
6547,-64.828347,-3.092856
6548,-64.827968,-3.093458
6549,-64.827529,-3.094107
6550,-64.827381,-3.094407
6551,-64.827134,-3.095051
6552,-64.827056,-3.095026
6553,-64.824793,-3.088851
6554,-64.83045,-3.093303
6555,-64.830506,-3.103893
6556,-64.830326,-3.103654
6557,-64.831013,-3.103057
6558,-64.831931,-3.102104
6559,-64.832525,-3.101136
6560,-64.832231,-3.101405
6561,-64.832339,-3.101466
6562,-64.832382,-3.101378
6563,-64.831332,-3.10228
6564,-64.830972,-3.101909
6565,-64.836495,-3.102137
6566,-64.83646,-3.101708
6567,-64.843661,-3.10181
6568,-64.843675,-3.102104
6569,-64.851367,-3.099124
6570,-64.850446,-3.096877
6571,-64.849945,-3.096547
6572,-64.848863,-3.096083
6573,-64.847528,-3.095672
6574,-64.846171,-3.095254
6575,-64.845066,-3.094735
6576,-64.843685,-3.094521
6577,-64.842298,-3.094374
6578,-64.840567,-3.093977
6579,-64.841121,-3.093819
6580,-64.837168,-3.104112
6581,-64.837469,-3.103971
6582,-64.837846,-3.103791
6583,-64.837839,-3.092429
6584,-64.842394,-3.088677
6585,-64.846993,-3.085095
6586,-64.846864,-3.085433
6587,-64.839396,-3.089514
6588,-64.842457,-3.085553
6589,-64.832836,-3.083047
6590,-64.832939,-3.083247
6591,-64.844439,-3.080511
6592,-64.852463,-3.08227
6593,-64.854376,-3.081942
6594,-64.854609,-3.075404
6595,-64.856938,-3.08196
6596,-64.849443,-3.079557
6597,-64.847197,-3.077851
6598,-64.844559,-3.080325
6599,-64.851604,-3.075376
6600,-64.858625,-3.070052
6601,-64.841075,-3.073445
6602,-64.837732,-3.067937
6603,-64.848587,-3.081451
6604,-64.847316,-3.077828
6605,-64.836404,-3.092535
6606,-64.840016,-3.094374
6607,-64.827215,-3.091382
6608,-64.827054,-3.091233
6609,-64.827105,-3.084843
6610,-64.824734,-3.080766
6611,-64.824706,-3.073969
6612,-64.827023,-3.074987
6613,-64.827079,-3.07561
6614,-64.829521,-3.077896
6615,-64.825623,-3.07184
6616,-64.82187,-3.079654
6617,-64.822709,-3.079087
6618,-64.825241,-3.076481
6619,-64.827204,-3.078321
6620,-64.833797,-3.084558
6621,-64.841218,-3.091295
6622,-64.835728,-3.096434
6623,-64.837814,-3.096234
6624,-64.837716,-3.096422
6625,-64.834915,-3.09851
6626,-64.8422,-3.092384
6627,-64.848732,-3.087518
6628,-64.855501,-3.082317
6629,-64.861693,-3.077254
6630,-64.869095,-3.07027
6631,-64.8717,-3.06828
6632,-64.869478,-3.070015
6633,-64.869736,-3.069579
6634,-64.870124,-3.069327
6635,-64.870782,-3.069046
6636,-64.87164,-3.068727
6637,-64.868885,-3.07214
6638,-64.873846,-3.078316
6639,-64.873009,-3.07016
6640,-64.875662,-3.070366
6641,-64.871633,-3.071783
6642,-64.865906,-3.073293
6643,-64.869536,-3.071536
6644,-64.869118,-3.071297
6645,-64.867888,-3.051558
6646,-64.86944,-3.052598
6647,-64.869703,-3.052671
6648,-64.870061,-3.050346
6649,-64.864875,-3.045763
6650,-64.865294,-3.045813
6651,-64.86435,-3.04166
6652,-64.871248,-3.043641
6653,-64.879325,-3.041549
6654,-64.869026,-3.039717
6655,-64.86918,-3.050131
6656,-64.861164,-3.05254
6657,-64.860591,-3.052475
6658,-64.855059,-3.050532
6659,-64.85924,-3.048818
6660,-64.863988,-3.04767
6661,-64.863033,-3.056173
6662,-64.862323,-3.058181
6663,-64.85869,-3.065808
6664,-64.841808,-3.07819
6665,-64.845731,-3.079983
6666,-64.836303,-3.092729
6667,-64.836256,-3.091462
6668,-64.838741,-3.089589
6669,-64.824278,-3.080952
6670,-64.824195,-3.081079
6671,-64.82138,-3.078729
6672,-64.820437,-3.073186
6673,-64.828348,-3.083222
6674,-64.822386,-3.081781
6675,-64.821558,-3.081662
6676,-64.818707,-3.081022
6677,-64.831463,-3.075903
6678,-64.838221,-3.073329
6679,-64.833511,-3.075754
6680,-64.833865,-3.072366
6681,-64.840185,-3.062901
6682,-64.839181,-3.068964
6683,-64.838197,-3.066565
6684,-64.835731,-3.066822
6685,-64.836272,-3.068691
6686,-64.835429,-3.071311
6687,-64.84254,-3.074478
6688,-64.831077,-3.071557
6689,-64.830882,-3.073601
6690,-64.832714,-3.078042
6691,-64.832471,-3.080027
6692,-64.848027,-3.080202
6693,-64.841334,-3.086722
6694,-64.830848,-3.090851
6695,-64.839158,-3.090001
6696,-64.839301,-3.086147
6697,-64.839078,-3.079769
6698,-64.839338,-3.080196
6699,-64.841567,-3.078295
6700,-64.870649,-3.086551
6701,-64.873771,-3.082433
6702,-64.887101,-3.064174
6703,-64.886584,-3.063862
6704,-64.881602,-3.05819
6705,-64.884993,-3.058921
6706,-64.887307,-3.059697
6707,-64.879269,-3.064121
6708,-64.87713,-3.06473
6709,-64.879544,-3.06939
6710,-64.882283,-3.067648
6711,-64.884899,-3.065996
6712,-64.886735,-3.063592
6713,-64.886692,-3.063749
6714,-64.874776,-3.062262
6715,-64.880147,-3.064149
6716,-64.880477,-3.071068
6717,-64.880616,-3.071656
6718,-64.881185,-3.071285
6719,-64.881136,-3.071636
6720,-64.87924,-3.087119
6721,-64.878927,-3.087346
6722,-64.878463,-3.081777
6723,-64.877728,-3.078047
6724,-64.87796,-3.078073
6725,-64.879989,-3.074105
6726,-64.885948,-3.070485
6727,-64.888364,-3.067131
6728,-64.890071,-3.068969
6729,-64.89123,-3.068657
6730,-64.899857,-3.066465
6731,-64.903648,-3.065154
6732,-64.903108,-3.065346
6733,-64.903589,-3.065424
6734,-64.902068,-3.065891
6735,-64.900479,-3.07184
6736,-64.898688,-3.077728
6737,-64.900959,-3.074549
6738,-64.893286,-3.079146
6739,-64.893353,-3.079292
6740,-64.893771,-3.079086
6741,-64.893341,-3.078857
6742,-64.892774,-3.079486
6743,-64.891546,-3.08443
6744,-64.890817,-3.089492
6745,-64.891034,-3.089714
6746,-64.892721,-3.08292
6747,-64.891119,-3.086927
6748,-64.890968,-3.08645
6749,-64.888054,-3.083509
6750,-64.888362,-3.080046
6751,-64.875836,-3.084162
6752,-64.868406,-3.072599
6753,-64.869189,-3.071328
6754,-64.870322,-3.066361
6755,-64.863146,-3.070213
6756,-64.867978,-3.075905
6757,-64.870161,-3.078366
6758,-64.875381,-3.086367
6759,-64.855833,-3.09893
6760,-64.858519,-3.09697
6761,-64.861408,-3.095202
6762,-64.864395,-3.093363
6763,-64.867407,-3.091679
6764,-64.86634,-3.092215
6765,-64.862075,-3.086988
6766,-64.862084,-3.086881
6767,-64.860046,-3.076
6768,-64.860992,-3.067622
6769,-64.860538,-3.067448
6770,-64.860523,-3.067176
6771,-64.860745,-3.067232
6772,-64.860363,-3.067073
6773,-64.86073,-3.06733
6774,-64.86584,-3.066238
6775,-64.880005,-3.063448
6776,-64.881242,-3.070647
6777,-64.880163,-3.063727
6778,-64.880227,-3.063637
6779,-64.880109,-3.063618
6780,-64.881597,-3.064097
6781,-64.882603,-3.062848
6782,-64.882678,-3.062932
6783,-64.881672,-3.067934
6784,-64.880863,-3.073328
6785,-64.880434,-3.078776
6786,-64.880922,-3.066562
6787,-64.884158,-3.063358
6788,-64.883723,-3.06016
6789,-64.883984,-3.063058
6790,-64.884356,-3.067799
6791,-64.881827,-3.065581
6792,-64.884123,-3.065143
6793,-64.885092,-3.06512
6794,-64.886112,-3.065334
6795,-64.884241,-3.067682
6796,-64.883461,-3.068001
6797,-64.879997,-3.08768
6798,-64.880464,-3.087892
6799,-64.875231,-3.083425
6800,-64.870525,-3.078912
6801,-64.855633,-3.075351
6802,-64.857372,-3.068208
6803,-64.858816,-3.0605
6804,-64.852257,-3.055059
6805,-64.852335,-3.054996
6806,-64.852788,-3.054962
6807,-64.85107,-3.053469
6808,-64.851174,-3.056069
6809,-64.850896,-3.058333
6810,-64.851531,-3.056887
6811,-64.85192,-3.055311
6812,-64.851957,-3.053565
6813,-64.852156,-3.051883
6814,-64.850838,-3.055069
6815,-64.8514,-3.055377
6816,-64.851504,-3.054748
6817,-64.851256,-3.054603
6818,-64.851371,-3.055137
6819,-64.852811,-3.051787
6820,-64.85438,-3.062251
6821,-64.844806,-3.063843
6822,-64.844998,-3.063818
6823,-64.846932,-3.065179
6824,-64.846918,-3.065192
6825,-64.849188,-3.064213
6826,-64.851452,-3.063148
6827,-64.854314,-3.062372
6828,-64.857287,-3.061594
6829,-64.857024,-3.06206
6830,-64.855214,-3.058553
6831,-64.859584,-3.052027
6832,-64.857335,-3.0462
6833,-64.857937,-3.046043
6834,-64.857943,-3.04645
6835,-64.875892,-3.039591
6836,-64.866464,-3.047995
6837,-64.867097,-3.060868
6838,-64.85353,-3.054054
6839,-64.853525,-3.054014
6840,-64.853538,-3.054166
6841,-64.853753,-3.053892
6842,-64.853465,-3.066638
6843,-64.854008,-3.066686
6844,-64.850616,-3.067303
6845,-64.843643,-3.072731
6846,-64.845392,-3.074884
6847,-64.836988,-3.068024
6848,-64.843624,-3.069542
6849,-64.843164,-3.069217
6850,-64.841444,-3.066936
6851,-64.839737,-3.065038
6852,-64.839184,-3.065128
6853,-64.839457,-3.065225
6854,-64.841201,-3.057669
6855,-64.852174,-3.072259
6856,-64.85813,-3.078035
6857,-64.857967,-3.078291
6858,-64.858095,-3.07816
6859,-64.858302,-3.079441
6860,-64.863888,-3.090709
6861,-64.860096,-3.089305
6862,-64.859739,-3.089433
6863,-64.860029,-3.08953
6864,-64.860279,-3.089399
6865,-64.861262,-3.09066
6866,-64.869863,-3.093773
6867,-64.866406,-3.091462
6868,-64.866588,-3.091195
6869,-64.849749,-3.082746
6870,-64.847737,-3.079416
6871,-64.847935,-3.079388
6872,-64.848091,-3.079212
6873,-64.85175,-3.07865
6874,-64.845685,-3.071888
6875,-64.832546,-3.064901
6876,-64.832071,-3.064864
6877,-64.832502,-3.064936
6878,-64.832361,-3.064906
6879,-64.83236,-3.065488
6880,-64.832255,-3.064855
6881,-64.832102,-3.065017
6882,-64.833061,-3.064917
6883,-64.832322,-3.064888
6884,-64.831976,-3.065307
6885,-64.832162,-3.065512
6886,-64.831804,-3.066532
6887,-64.82923,-3.068036
6888,-64.826814,-3.069103
6889,-64.824,-3.070032
6890,-64.836307,-3.061434
6891,-64.837835,-3.061239
6892,-64.84462,-3.06488
6893,-64.84026,-3.063682
6894,-64.838784,-3.064735
6895,-64.841132,-3.072088
6896,-64.841517,-3.074372
6897,-64.841944,-3.074682
6898,-64.842164,-3.074864
6899,-64.842056,-3.075044
6900,-64.841804,-3.075451
6901,-64.841723,-3.075259
6902,-64.841677,-3.075564
6903,-64.841363,-3.075135
6904,-64.842007,-3.07522
6905,-64.841948,-3.079351
6906,-64.842116,-3.0791
6907,-64.842747,-3.100422
6908,-64.836197,-3.09907
6909,-64.843076,-3.085389
6910,-64.860172,-3.062367
6911,-64.858265,-3.062089
6912,-64.860567,-3.064137
6913,-64.852148,-3.058424
6914,-64.866922,-3.046446
6915,-64.866856,-3.047213
6916,-64.867239,-3.050733
6917,-64.868204,-3.050907
6918,-64.869232,-3.050555
6919,-64.869699,-3.050241
6920,-64.870652,-3.049927
6921,-64.871381,-3.049669
6922,-64.870925,-3.044832
6923,-64.871289,-3.044645
6924,-64.873033,-3.045238
6925,-64.872773,-3.042169
6926,-64.874119,-3.042275
6927,-64.875883,-3.043912
6928,-64.875696,-3.043603
6929,-64.875877,-3.043973
6930,-64.875016,-3.043301
6931,-64.875311,-3.043593
6932,-64.875614,-3.043872
6933,-64.8757,-3.043886
6934,-64.875352,-3.043433
6935,-64.875133,-3.04338
6936,-64.875351,-3.04359
6937,-64.876957,-3.042908
6938,-64.876562,-3.043305
6939,-64.876141,-3.043558
6940,-64.875752,-3.04385
6941,-64.874985,-3.043447
6942,-64.874841,-3.042072
6943,-64.874748,-3.040815
6944,-64.882371,-3.04624
6945,-64.885716,-3.050891
6946,-64.889149,-3.055566
6947,-64.888981,-3.055566
6948,-64.893867,-3.053096
6949,-64.900939,-3.047969
6950,-64.907872,-3.042679
6951,-64.90783,-3.04288
6952,-64.90782,-3.042913
6953,-64.90733,-3.040932
6954,-64.906845,-3.038907
6955,-64.906588,-3.036404
6956,-64.904428,-3.035532
6957,-64.903885,-3.035219
6958,-64.903407,-3.034903
6959,-64.896653,-3.035108
6960,-64.892886,-3.043398
6961,-64.872454,-3.047368
6962,-64.872066,-3.047273
6963,-64.871774,-3.047113
6964,-64.871666,-3.047526
6965,-64.867533,-3.04469
6966,-64.867194,-3.045027
6967,-64.858731,-3.053969
6968,-64.861849,-3.058725
6969,-64.861519,-3.058266
6970,-64.870018,-3.058214
6971,-64.876079,-3.053005
6972,-64.877613,-3.053234
6973,-64.87814,-3.052798
6974,-64.878027,-3.052658
6975,-64.872926,-3.046361
6976,-64.872808,-3.046613
6977,-64.873121,-3.04663
6978,-64.873143,-3.046795
6979,-64.873108,-3.046786
6980,-64.873305,-3.046681
6981,-64.873264,-3.046771
6982,-64.877562,-3.049996
6983,-64.881496,-3.050878
6984,-64.881696,-3.051097
6985,-64.881913,-3.050885
6986,-64.882026,-3.051357
6987,-64.883699,-3.054366
6988,-64.883251,-3.054262
6989,-64.887819,-3.054092
6990,-64.896979,-3.050729
6991,-64.895396,-3.05085
6992,-64.892581,-3.053142
6993,-64.892992,-3.052174
6994,-64.893272,-3.051707
6995,-64.893144,-3.052295
6996,-64.893116,-3.054578
6997,-64.910143,-3.047471
6998,-64.904724,-3.053844
6999,-64.90428,-3.053525
7000,-64.90444,-3.053466
7001,-64.900728,-3.052166
7002,-64.900866,-3.048819
7003,-64.900673,-3.048811
7004,-64.897092,-3.043342
7005,-64.895202,-3.04378
7006,-64.895243,-3.043661
7007,-64.895552,-3.043531
7008,-64.895515,-3.043272
7009,-64.883383,-3.042833
7010,-64.880138,-3.051196
7011,-64.877539,-3.049882
7012,-64.877845,-3.04986
7013,-64.877512,-3.050306
7014,-64.877731,-3.050694
7015,-64.877586,-3.050323
7016,-64.87777,-3.050259
7017,-64.874888,-3.052298
7018,-64.879332,-3.054306
7019,-64.879193,-3.05433
7020,-64.883176,-3.053601
7021,-64.883504,-3.053176
7022,-64.883096,-3.053349
7023,-64.883159,-3.053412
7024,-64.875756,-3.059842
7025,-64.869217,-3.059046
7026,-64.869009,-3.056929
7027,-64.868466,-3.054685
7028,-64.876874,-3.044291
7029,-64.88396,-3.039788
7030,-64.884266,-3.039543
7031,-64.873304,-3.044022
7032,-64.872958,-3.043801
7033,-64.871067,-3.04144
7034,-64.870999,-3.041365
7035,-64.870704,-3.03374
7036,-64.882785,-3.029426
7037,-64.875041,-3.033378
7038,-64.876782,-3.040208
7039,-64.878297,-3.041255
7040,-64.887265,-3.038418
7041,-64.896244,-3.035439
7042,-64.891045,-3.032722
7043,-64.891389,-3.032959
7044,-64.890889,-3.032977
7045,-64.889464,-3.035128
7046,-64.888383,-3.037038
7047,-64.888645,-3.036537
7048,-64.884148,-3.036314
7049,-64.886924,-3.039091
7050,-64.885245,-3.048313
7051,-64.888621,-3.048242
7052,-64.895842,-3.040548
7053,-64.895978,-3.040175
7054,-64.896166,-3.039746
7055,-64.896095,-3.039214
7056,-64.896179,-3.038469
7057,-64.904587,-3.045065
7058,-64.901185,-3.048174
7059,-64.894976,-3.022781
7060,-64.895387,-3.022601
7061,-64.895752,-3.022369
7062,-64.896215,-3.022517
7063,-64.894663,-3.022237
7064,-64.89718,-3.039886
7065,-64.891109,-3.036121
7066,-64.891375,-3.035921
7067,-64.893635,-3.029225
7068,-64.895319,-3.022302
7069,-64.890271,-3.02951
7070,-64.890282,-3.029412
7071,-64.890469,-3.029298
7072,-64.890687,-3.029205
7073,-64.890751,-3.029334
7074,-64.890708,-3.029279
7075,-64.886217,-3.033235
7076,-64.886046,-3.033601
7077,-64.885945,-3.034157
7078,-64.885715,-3.03472
7079,-64.885524,-3.03523
7080,-64.885198,-3.035958
7081,-64.884748,-3.036788
7082,-64.884462,-3.037106
7083,-64.884289,-3.037621
7084,-64.884029,-3.038303
7085,-64.883628,-3.038682
7086,-64.883335,-3.039237
7087,-64.882819,-3.03981
7088,-64.882753,-3.040487
7089,-64.882283,-3.041064
7090,-64.881937,-3.041795
7091,-64.881779,-3.042483
7092,-64.881554,-3.042682
7093,-64.881246,-3.043015
7094,-64.880807,-3.043528
7095,-64.880588,-3.043914
7096,-64.880318,-3.044402
7097,-64.880149,-3.044792
7098,-64.879832,-3.045266
7099,-64.879582,-3.045596
7100,-64.879293,-3.046239
7101,-64.879203,-3.04664
7102,-64.878927,-3.047218
7103,-64.878357,-3.047612
7104,-64.878035,-3.047802
7105,-64.877616,-3.048438
7106,-64.877356,-3.048822
7107,-64.877245,-3.049102
7108,-64.876886,-3.049415
7109,-64.876789,-3.049908
7110,-64.876308,-3.050412
7111,-64.875847,-3.051033
7112,-64.875486,-3.051474
7113,-64.87507,-3.051874
7114,-64.874872,-3.052355
7115,-64.874664,-3.052958
7116,-64.874463,-3.053265
7117,-64.874324,-3.053707
7118,-64.87404,-3.05395
7119,-64.873792,-3.054348
7120,-64.873539,-3.054591
7121,-64.873285,-3.055066
7122,-64.872915,-3.055632
7123,-64.872587,-3.056057
7124,-64.872421,-3.056298
7125,-64.872123,-3.0565
7126,-64.872037,-3.057074
7127,-64.871787,-3.057225
7128,-64.871397,-3.057686
7129,-64.870884,-3.058083
7130,-64.870729,-3.058372
7131,-64.870477,-3.058698
7132,-64.870219,-3.058955
7133,-64.869761,-3.059373
7134,-64.869632,-3.059466
7135,-64.869434,-3.059989
7136,-64.869122,-3.060311
7137,-64.868842,-3.060638
7138,-64.868364,-3.061002
7139,-64.868003,-3.061199
7140,-64.867901,-3.061718
7141,-64.867638,-3.062114
7142,-64.867039,-3.062497
7143,-64.866274,-3.062885
7144,-64.866053,-3.063253
7145,-64.865973,-3.063684
7146,-64.865507,-3.063794
7147,-64.865195,-3.064133
7148,-64.864705,-3.064681
7149,-64.864254,-3.064917
7150,-64.863977,-3.06503
7151,-64.863763,-3.065538
7152,-64.863327,-3.065764
7153,-64.863227,-3.066168
7154,-64.862917,-3.066505
7155,-64.862567,-3.066763
7156,-64.862248,-3.067203
7157,-64.868321,-3.068295
7158,-64.869945,-3.068909
7159,-64.87157,-3.06904
7160,-64.87163,-3.069252
7161,-64.871566,-3.068993
7162,-64.871719,-3.069059
7163,-64.871729,-3.069041
7164,-64.871386,-3.068936
7165,-64.87106,-3.068805
7166,-64.87086,-3.069056
7167,-64.871017,-3.068969
7168,-64.871582,-3.069698
7169,-64.871656,-3.070114
7170,-64.871641,-3.070065
7171,-64.871346,-3.070063
7172,-64.871535,-3.07009
7173,-64.871329,-3.070464
7174,-64.872918,-3.069464
7175,-64.87444,-3.068242
7176,-64.874817,-3.068496
7177,-64.877763,-3.068477
7178,-64.875836,-3.080366
7179,-64.875488,-3.081029
7180,-64.875702,-3.080167
7181,-64.871182,-3.077449
7182,-64.871163,-3.077507
7183,-64.870911,-3.077501
7184,-64.870928,-3.077754
7185,-64.871216,-3.077525
7186,-64.870854,-3.077507
7187,-64.871109,-3.077694
7188,-64.870678,-3.077571
7189,-64.8711,-3.077386
7190,-64.871484,-3.077501
7191,-64.871344,-3.077615
7192,-64.871098,-3.077545
7193,-64.870609,-3.077298
7194,-64.870966,-3.077211
7195,-64.871147,-3.076307
7196,-64.871759,-3.075106
7197,-64.87218,-3.073943
7198,-64.872644,-3.07288
7199,-64.873188,-3.071977
7200,-64.873867,-3.070955
7201,-64.867743,-3.068566
7202,-64.864202,-3.072002
7203,-64.864116,-3.072026
7204,-64.864228,-3.072122
7205,-64.863971,-3.072238
7206,-64.864084,-3.072033
7207,-64.864298,-3.071791
7208,-64.864516,-3.071898
7209,-64.867073,-3.05624
7210,-64.867466,-3.056474
7211,-64.890029,-3.047353
7212,-64.88999,-3.047535
7213,-64.904823,-3.043613
7214,-64.90439,-3.043574
7215,-64.898037,-3.040048
7216,-64.90226,-3.04136
7217,-64.898882,-3.0469
7218,-64.895654,-3.052722
7219,-64.895802,-3.053037
7220,-64.882986,-3.058341
7221,-64.870045,-3.063467
7222,-64.870437,-3.063066
7223,-64.891228,-3.05232
7224,-64.892909,-3.052628
7225,-64.893897,-3.053026
7226,-64.895588,-3.053552
7227,-64.895614,-3.052805
7228,-64.89534,-3.05338
7229,-64.858668,-3.052189
7230,-64.857004,-3.04751
7231,-64.856824,-3.050401
7232,-64.85673,-3.053255
7233,-64.856749,-3.056311
7234,-64.856975,-3.0595
7235,-64.857101,-3.059116
7236,-64.857256,-3.059348
7237,-64.858649,-3.063008
7238,-64.874849,-3.064126
7239,-64.877661,-3.081907
7240,-64.877595,-3.082593
7241,-64.877638,-3.082664
7242,-64.878646,-3.088727
7243,-64.864581,-3.068527
7244,-64.868873,-3.075395
7245,-64.873448,-3.081991
7246,-64.878254,-3.08873
7247,-64.877166,-3.081146
7248,-64.871476,-3.079648
7249,-64.871565,-3.080075
7250,-64.871702,-3.079989
7251,-64.864094,-3.072548
7252,-64.86525,-3.070367
7253,-64.866567,-3.068217
7254,-64.867943,-3.06625
7255,-64.869688,-3.064056
7256,-64.869326,-3.064946
7257,-64.868902,-3.050811
7258,-64.887595,-3.02671
7259,-64.886959,-3.026725
7260,-64.887572,-3.026195
7261,-64.881996,-3.028581
7262,-64.883779,-3.046771
7263,-64.871526,-3.044759
7264,-64.869023,-3.049789
7265,-64.866305,-3.041568
7266,-64.866136,-3.041843
7267,-64.86593,-3.039841
7268,-64.865688,-3.040007
7269,-64.858502,-3.048037
7270,-64.851588,-3.055784
7271,-64.844852,-3.063489
7272,-64.837959,-3.070786
7273,-64.837371,-3.070215
7274,-64.836865,-3.068698
7275,-64.836723,-3.067046
7276,-64.836324,-3.065296
7277,-64.836086,-3.063607
7278,-64.839555,-3.063882
7279,-64.825595,-3.068765
7280,-64.826102,-3.075246
7281,-64.828715,-3.071033
7282,-64.828467,-3.071166
7283,-64.838393,-3.07045
7284,-64.848383,-3.069596
7285,-64.858509,-3.068669
7286,-64.868835,-3.068117
7287,-64.879219,-3.067998
7288,-64.879525,-3.066319
7289,-64.877857,-3.079959
7290,-64.892439,-3.069818
7291,-64.90734,-3.059756
7292,-64.90667,-3.059979
7293,-64.892201,-3.067721
7294,-64.886866,-3.082702
7295,-64.871123,-3.049561
7296,-64.885141,-3.047254
7297,-64.887635,-3.048951
7298,-64.890799,-3.051133
7299,-64.891211,-3.051288
7300,-64.89375,-3.039637
7301,-64.893174,-3.039389
7302,-64.891007,-3.046973
7303,-64.888783,-3.054674
7304,-64.883385,-3.062517
7305,-64.883709,-3.055577
7306,-64.893779,-3.039675
7307,-64.893745,-3.039486
7308,-64.893602,-3.039866
7309,-64.893503,-3.039664
7310,-64.886171,-3.037269
7311,-64.888264,-3.053514
7312,-64.889786,-3.050103
7313,-64.891129,-3.046871
7314,-64.892957,-3.043728
7315,-64.894682,-3.040406
7316,-64.894894,-3.040482
7317,-64.894356,-3.040439
7318,-64.894925,-3.040414
7319,-64.887706,-3.036646
7320,-64.896879,-3.026454
7321,-64.897119,-3.026449
7322,-64.896282,-3.024771
7323,-64.896083,-3.02476
7324,-64.896112,-3.024297
7325,-64.895954,-3.024357
7326,-64.891372,-3.036317
7327,-64.874911,-3.04376
7328,-64.87059,-3.038804
7329,-64.86891,-3.03886
7330,-64.867173,-3.039184
7331,-64.865799,-3.039178
7332,-64.864489,-3.039711
7333,-64.862962,-3.039858
7334,-64.861577,-3.040326
7335,-64.863723,-3.039308
7336,-64.864688,-3.038369
7337,-64.867088,-3.035763
7338,-64.874807,-3.049409
7339,-64.873566,-3.048303
7340,-64.873439,-3.049044
7341,-64.869365,-3.059507
7342,-64.868811,-3.059308
7343,-64.869063,-3.059077
7344,-64.86923,-3.059574
7345,-64.867505,-3.064548
7346,-64.869396,-3.06899
7347,-64.871287,-3.073237
7348,-64.872965,-3.077417
7349,-64.87458,-3.081267
7350,-64.87611,-3.08528
7351,-64.876305,-3.084763
7352,-64.879864,-3.089799
7353,-64.8764,-3.091265
7354,-64.876243,-3.091203
7355,-64.875926,-3.090431
7356,-64.876068,-3.090488
7357,-64.875795,-3.090405
7358,-64.870637,-3.074857
7359,-64.861281,-3.066673
7360,-64.861202,-3.066526
7361,-64.83769,-3.071628
7362,-64.837647,-3.071369
7363,-64.839753,-3.075198
7364,-64.8503,-3.081021
7365,-64.861171,-3.087048
7366,-64.861506,-3.086889
7367,-64.861665,-3.087279
7368,-64.864716,-3.076185
7369,-64.864928,-3.076152
7370,-64.866365,-3.069067
7371,-64.866262,-3.069087
7372,-64.865968,-3.069021
7373,-64.877692,-3.048921
7374,-64.878066,-3.049706
7375,-64.879478,-3.054537
7376,-64.882425,-3.060209
7377,-64.882835,-3.060174
7378,-64.881813,-3.059493
7379,-64.885501,-3.049596
7380,-64.886258,-3.051478
7381,-64.887526,-3.051765
7382,-64.88201,-3.046118
7383,-64.887128,-3.037344
7384,-64.887575,-3.03722
7385,-64.88779,-3.037093
7386,-64.888292,-3.037022
7387,-64.888537,-3.0372
7388,-64.889004,-3.036894
7389,-64.889556,-3.036592
7390,-64.889898,-3.036287
7391,-64.890297,-3.036348
7392,-64.890807,-3.036433
7393,-64.891054,-3.036228
7394,-64.891244,-3.036245
7395,-64.891204,-3.036219
7396,-64.891231,-3.035892
7397,-64.891615,-3.035572
7398,-64.892059,-3.035496
7399,-64.892258,-3.035468
7400,-64.8924,-3.035613
7401,-64.892581,-3.035412
7402,-64.892858,-3.035369
7403,-64.893019,-3.035353
7404,-64.893153,-3.035295
7405,-64.893258,-3.035225
7406,-64.893403,-3.035085
7407,-64.893626,-3.034914
7408,-64.893844,-3.03484
7409,-64.894076,-3.034787
7410,-64.894028,-3.034986
7411,-64.894175,-3.034831
7412,-64.894433,-3.034677
7413,-64.894855,-3.034485
7414,-64.894939,-3.03451
7415,-64.895107,-3.034276
7416,-64.895278,-3.034029
7417,-64.895516,-3.033615
7418,-64.895559,-3.033511
7419,-64.89582,-3.033414
7420,-64.895977,-3.033142
7421,-64.896054,-3.032991
7422,-64.896543,-3.032891
7423,-64.896743,-3.032751
7424,-64.896892,-3.032679
7425,-64.89735,-3.032565
7426,-64.897508,-3.032398
7427,-64.897858,-3.03221
7428,-64.897857,-3.031834
7429,-64.89815,-3.031771
7430,-64.898564,-3.031583
7431,-64.898642,-3.031177
7432,-64.89874,-3.031085
7433,-64.898954,-3.030979
7434,-64.899102,-3.030698
7435,-64.899467,-3.030582
7436,-64.899616,-3.030543
7437,-64.899618,-3.030566
7438,-64.89987,-3.030329
7439,-64.900157,-3.029767
7440,-64.900451,-3.029586
7441,-64.900766,-3.028997
7442,-64.901003,-3.028706
7443,-64.901134,-3.028653
7444,-64.901553,-3.028221
7445,-64.90159,-3.028153
7446,-64.902089,-3.027755
7447,-64.902157,-3.027493
7448,-64.902466,-3.027703
7449,-64.902268,-3.027555
7450,-64.904644,-3.026146
7451,-64.907064,-3.024638
7452,-64.907071,-3.024847
7453,-64.913459,-3.02717
7454,-64.91317,-3.027489
7455,-64.904998,-3.028936
7456,-64.883676,-3.044795
7457,-64.88354,-3.041846
7458,-64.883348,-3.041724
7459,-64.88308,-3.041637
7460,-64.887405,-3.03936
7461,-64.89483,-3.022357
7462,-64.891346,-3.028332
7463,-64.883878,-3.037045
7464,-64.877566,-3.033891
7465,-64.878742,-3.029711
7466,-64.866142,-3.037037
7467,-64.865609,-3.04037
7468,-64.865297,-3.043895
7469,-64.865091,-3.047078
7470,-64.867577,-3.048543
7471,-64.866839,-3.048723
7472,-64.867639,-3.04878
7473,-64.871421,-3.056088
7474,-64.87159,-3.056242
7475,-64.857095,-3.053892
7476,-64.850873,-3.05804
7477,-64.850798,-3.058329
7478,-64.845594,-3.042948
7479,-64.85128,-3.042358
7480,-64.851397,-3.037544
7481,-64.850914,-3.0374
7482,-64.851082,-3.037567
7483,-64.850045,-3.036101
7484,-64.850973,-3.04222
7485,-64.851656,-3.041306
7486,-64.852051,-3.043095
7487,-64.852495,-3.044749
7488,-64.852677,-3.046573
7489,-64.853077,-3.048286
7490,-64.853345,-3.050006
7491,-64.853734,-3.051649
7492,-64.853915,-3.051727
7493,-64.85448,-3.051747
7494,-64.856333,-3.051862
7495,-64.86252,-3.04907
7496,-64.864425,-3.047769
7497,-64.866462,-3.046551
7498,-64.86843,-3.045039
7499,-64.870629,-3.043641
7500,-64.872962,-3.04237
7501,-64.875287,-3.040883
7502,-64.877581,-3.039478
7503,-64.879793,-3.038324
7504,-64.882106,-3.036855
7505,-64.88451,-3.035741
7506,-64.875863,-3.033289
7507,-64.873359,-3.034708
7508,-64.870943,-3.036104
7509,-64.871394,-3.036086
7510,-64.871371,-3.036239
7511,-64.871993,-3.037165
7512,-64.874772,-3.043153
7513,-64.874819,-3.04294
7514,-64.874786,-3.040962
7515,-64.869343,-3.047628
7516,-64.870152,-3.047612
7517,-64.870549,-3.04769
7518,-64.870928,-3.047774
7519,-64.874148,-3.049413
7520,-64.875245,-3.050243
