1,-64.877105,-3.038135,4
2,-64.876807,-3.038255,4
3,-64.877153,-3.03809,4
4,-64.877072,-3.03821,4
5,-64.885507,-3.033158,4
6,-64.887686,-3.031688,4
7,-64.887788,-3.031543,4
8,-64.888473,-3.031137,4
9,-64.888699,-3.031063,4
10,-64.888955,-3.03231,4
11,-64.886187,-3.033822,4
12,-64.886215,-3.033063,4
13,-64.879131,-3.038117,4
14,-64.858988,-3.055827,6
15,-64.860149,-3.061158,6
16,-64.856348,-3.065276,6
17,-64.856865,-3.065576,6
18,-64.858464,-3.063364,6
19,-64.858319,-3.061604,6
20,-64.85287,-3.053182,6
21,-64.852853,-3.053228,6
22,-64.852804,-3.053295,6
23,-64.854644,-3.051432,6
24,-64.845433,-3.041538,0
25,-64.845734,-3.04091,0
26,-64.846087,-3.040576,0
27,-64.84413,-3.031678,0
28,-64.832733,-3.056607,0
29,-64.832657,-3.056687,0
30,-64.848737,-3.022774,1
31,-64.867467,-2.982191,2
32,-64.867225,-2.982062,2
33,-64.867833,-2.982134,2
34,-64.841446,-2.967679,1
35,-64.841179,-2.97884,1
36,-64.841174,-2.978939,1
37,-64.850137,-2.986542,1
38,-64.82001,-3.026823,0
39,-64.793374,-3.070651,0
40,-64.788907,-3.075709,0
41,-64.788864,-3.075769,0
42,-64.800494,-3.070019,0
43,-64.800122,-3.077272,0
44,-64.800801,-3.077138,0
45,-64.801697,-3.079345,0
46,-64.800423,-3.085492,0
47,-64.793741,-3.096356,0
48,-64.79386,-3.107163,0
49,-64.794894,-3.105254,0
50,-64.78957,-3.094597,0
51,-64.796758,-3.086742,0
52,-64.796756,-3.086584,0
53,-64.803615,-3.096635,0
54,-64.803457,-3.098497,0
55,-64.80283,-3.115164,0
56,-64.801826,-3.110866,0
57,-64.801627,-3.110523,0
58,-64.801564,-3.110046,0
59,-64.806337,-3.097308,0
60,-64.831866,-3.098838,0
61,-64.833393,-3.103597,0
62,-64.84539,-3.096214,6
63,-64.857759,-3.088129,6
64,-64.856116,-3.088172,6
65,-64.865837,-3.090578,6
66,-64.859979,-3.082253,6
67,-64.862329,-3.071715,6
68,-64.862281,-3.071849,6
69,-64.866634,-3.080211,6
70,-64.866634,-3.093862,6
71,-64.865546,-3.094265,6
72,-64.86557,-3.094415,6
73,-64.8655,-3.094052,6
74,-64.865386,-3.094105,6
75,-64.855249,-3.097182,6
76,-64.852852,-3.095017,6
77,-64.855251,-3.092935,6
78,-64.842296,-3.096182,0
79,-64.821983,-3.094637,0
80,-64.824996,-3.09954,0
81,-64.825025,-3.099351,0
82,-64.808302,-3.08494,0
83,-64.808277,-3.084781,0
84,-64.809093,-3.081388,0
85,-64.811703,-3.072262,0
86,-64.808869,-3.075243,0
87,-64.808729,-3.075272,0
88,-64.807435,-3.078063,0
89,-64.808378,-3.075947,0
90,-64.808414,-3.075809,0
91,-64.807176,-3.078031,0
92,-64.807179,-3.078019,0
93,-64.806998,-3.078289,0
94,-64.807231,-3.077781,0
95,-64.807336,-3.077746,0
96,-64.808431,-3.075679,0
97,-64.808336,-3.075541,0
98,-64.80736,-3.077742,0
99,-64.80718,-3.077818,0
100,-64.808442,-3.075496,0
101,-64.807593,-3.077902,0
102,-64.808151,-3.076128,0
103,-64.808377,-3.075626,0
104,-64.808895,-3.07526,0
105,-64.807283,-3.077609,0
106,-64.802478,-3.073036,0
107,-64.793052,-3.078095,0
108,-64.791711,-3.083604,0
109,-64.788267,-3.090155,0
110,-64.783974,-3.099092,0
111,-64.784014,-3.09907,0
112,-64.784149,-3.099117,0
113,-64.789089,-3.100055,0
114,-64.788877,-3.099905,0
115,-64.790261,-3.092808,0
116,-64.783949,-3.090476,0
117,-64.789562,-3.074051,0
118,-64.795727,-3.065478,0
119,-64.811569,-3.037831,0
120,-64.841961,-3.028398,0
121,-64.855123,-2.989565,1
122,-64.846483,-2.982523,1
123,-64.833818,-2.977842,1
124,-64.833806,-2.977754,1
125,-64.837177,-2.99225,1
126,-64.837569,-2.999746,1
127,-64.834909,-2.981649,1
128,-64.833409,-2.979756,1
129,-64.833453,-2.979476,1
130,-64.82895,-2.979175,1
131,-64.830896,-2.987867,1
132,-64.832618,-2.990272,1
133,-64.83543,-2.988845,1
134,-64.835626,-2.989117,1
135,-64.839154,-2.987759,1
136,-64.830711,-2.980263,1
137,-64.83033,-2.979813,1
138,-64.829903,-2.980113,1
139,-64.830565,-2.980178,1
140,-64.830683,-2.979983,1
141,-64.831508,-2.981403,1
142,-64.831469,-2.98125,1
143,-64.831694,-2.981096,1
144,-64.832182,-2.995299,1
145,-64.832751,-3.000265,1
146,-64.832899,-2.999695,1
147,-64.832962,-2.999766,1
148,-64.843281,-2.99708,1
149,-64.840703,-2.990427,1
150,-64.836129,-2.981546,1
151,-64.835853,-2.980421,1
152,-64.835789,-2.97903,1
153,-64.840737,-3.02246,1
154,-64.825374,-3.037745,0
155,-64.825191,-3.037738,0
156,-64.816822,-3.05414,0
157,-64.816832,-3.054384,0
158,-64.816597,-3.054742,0
159,-64.816934,-3.054207,0
160,-64.814839,-3.067242,0
161,-64.814436,-3.067088,0
162,-64.80395,-3.064296,0
163,-64.781814,-3.09382,0
164,-64.781815,-3.093753,0
165,-64.781977,-3.093704,0
166,-64.784392,-3.098594,0
167,-64.784323,-3.098518,0
168,-64.78406,-3.099108,0
169,-64.784627,-3.101672,0
170,-64.784676,-3.101623,0
171,-64.786217,-3.097904,0
172,-64.786139,-3.097685,0
173,-64.79195,-3.101194,0
174,-64.791808,-3.101317,0
175,-64.791784,-3.101349,0
176,-64.788819,-3.109455,0
177,-64.789422,-3.108549,0
178,-64.789612,-3.108886,0
179,-64.789511,-3.108593,0
180,-64.795966,-3.102338,0
181,-64.791898,-3.101287,0
182,-64.791882,-3.101343,0
183,-64.79184,-3.101323,0
184,-64.787651,-3.102481,0
185,-64.784237,-3.101498,0
186,-64.784276,-3.101584,0
187,-64.784654,-3.101589,0
188,-64.782909,-3.10531,0
189,-64.775409,-3.106239,0
190,-64.772518,-3.102278,0
191,-64.7725,-3.102276,0
192,-64.766054,-3.084755,0
193,-64.766138,-3.084701,0
194,-64.767714,-3.083347,0
195,-64.767873,-3.08881,0
196,-64.768297,-3.088032,0
197,-64.768369,-3.088113,0
198,-64.768225,-3.088361,0
199,-64.767787,-3.088559,0
200,-64.767707,-3.088535,0
201,-64.767696,-3.088663,0
202,-64.767773,-3.088551,0
203,-64.768075,-3.088427,0
204,-64.777398,-3.081962,0
205,-64.788474,-3.079859,0
206,-64.788477,-3.079875,0
207,-64.797435,-3.071331,0
208,-64.797388,-3.07135,0
209,-64.79744,-3.071274,0
210,-64.797395,-3.071341,0
211,-64.812004,-3.067784,0
212,-64.812073,-3.067777,0
213,-64.812075,-3.06779,0
214,-64.818339,-3.06406,0
215,-64.818422,-3.064113,0
216,-64.81845,-3.064086,0
217,-64.818449,-3.06409,0
218,-64.82776,-3.058455,0
219,-64.834464,-3.044894,0
220,-64.83446,-3.044913,0
221,-64.8344,-3.044884,0
222,-64.82658,-3.035155,0
223,-64.821003,-3.034257,0
224,-64.820644,-3.033345,0
225,-64.820534,-3.03329,0
226,-64.828411,-3.029608,0
227,-64.828748,-3.029407,0
228,-64.828735,-3.029459,0
229,-64.82962,-3.019867,0
230,-64.819681,-3.02386,0
231,-64.819722,-3.023823,0
232,-64.819688,-3.023834,0
233,-64.824979,-3.015062,0
234,-64.838584,-3.011707,1
235,-64.838468,-3.011717,1
236,-64.838444,-3.011745,1
237,-64.841705,-3.012366,1
238,-64.838981,-3.015018,1
239,-64.839088,-3.015013,1
240,-64.8481,-3.012691,1
241,-64.848802,-3.012308,1
242,-64.848712,-3.01232,1
243,-64.84882,-3.012353,1
244,-64.855331,-3.009256,1
245,-64.861683,-2.997942,1
246,-64.862987,-2.998435,1
247,-64.859102,-2.989624,1
248,-64.850866,-2.992039,1
249,-64.850868,-2.99201,1
250,-64.850826,-2.99198,1
251,-64.843928,-3.020274,1
252,-64.843999,-3.020206,1
253,-64.843873,-3.020248,1
254,-64.81452,-3.033815,0
255,-64.814477,-3.033701,0
256,-64.814852,-3.033961,0
257,-64.81536,-3.033509,0
258,-64.815614,-3.032854,0
259,-64.815191,-3.03301,0
260,-64.81513,-3.033114,0
261,-64.80715,-3.033995,0
262,-64.806562,-3.043914,0
263,-64.806805,-3.043978,0
264,-64.806554,-3.053243,0
265,-64.807523,-3.057029,0
266,-64.811711,-3.066815,0
267,-64.811644,-3.066935,0
268,-64.808716,-3.077084,0
269,-64.809086,-3.076874,0
270,-64.820034,-3.074023,0
271,-64.819948,-3.073925,0
272,-64.824845,-3.072416,0
273,-64.824827,-3.072492,0
274,-64.824277,-3.074185,0
275,-64.824312,-3.074138,0
276,-64.834574,-3.070323,0
277,-64.837847,-3.071476,0
278,-64.837774,-3.071442,0
279,-64.839735,-3.078115,0
280,-64.835337,-3.079169,0
281,-64.835356,-3.079151,0
282,-64.835566,-3.079112,0
283,-64.833739,-3.078977,0
284,-64.832742,-3.079346,0
285,-64.827323,-3.079302,0
286,-64.827252,-3.079222,0
287,-64.826725,-3.083399,0
288,-64.826765,-3.08346,0
289,-64.826779,-3.083472,0
290,-64.822981,-3.086851,0
291,-64.81731,-3.090345,0
292,-64.812097,-3.098417,0
293,-64.812059,-3.098327,0
294,-64.812052,-3.098374,0
295,-64.811202,-3.100443,0
296,-64.811213,-3.10046,0
297,-64.814563,-3.10307,0
298,-64.815782,-3.104841,0
299,-64.815715,-3.104942,0
300,-64.817326,-3.10691,0
301,-64.816859,-3.106891,0
302,-64.816793,-3.106875,0
303,-64.816919,-3.10644,0
304,-64.816353,-3.105966,0
305,-64.816363,-3.105927,0
306,-64.816443,-3.105961,0
307,-64.819492,-3.104854,0
308,-64.81749,-3.104949,0
309,-64.816618,-3.104988,0
310,-64.816415,-3.10503,0
311,-64.81525,-3.102401,0
312,-64.815215,-3.10231,0
313,-64.815243,-3.102389,0
314,-64.815223,-3.10234,0
315,-64.815204,-3.102212,0
316,-64.815249,-3.102319,0
317,-64.814384,-3.105068,0
318,-64.814421,-3.105092,0
319,-64.810392,-3.101396,0
320,-64.810788,-3.101088,0
321,-64.810951,-3.101059,0
322,-64.810979,-3.101162,0
323,-64.812742,-3.099237,0
324,-64.814533,-3.100323,0
325,-64.814615,-3.100326,0
326,-64.814553,-3.100338,0
327,-64.815268,-3.09093,0
328,-64.815097,-3.092755,0
329,-64.815042,-3.092716,0
330,-64.815008,-3.09262,0
331,-64.801983,-3.089114,0
332,-64.802682,-3.089315,0
333,-64.793185,-3.088282,0
334,-64.794047,-3.088433,0
335,-64.794018,-3.08844,0
336,-64.79364,-3.088404,0
337,-64.793652,-3.088408,0
338,-64.79364,-3.088446,0
339,-64.791942,-3.101392,0
340,-64.791725,-3.101341,0
341,-64.791972,-3.10308,0
342,-64.79196,-3.103094,0
343,-64.787778,-3.107685,0
344,-64.77972,-3.110542,0
345,-64.779679,-3.110581,0
346,-64.779498,-3.110488,0
347,-64.779719,-3.110504,0
348,-64.77956,-3.109894,0
349,-64.779606,-3.109884,0
350,-64.779551,-3.109937,0
351,-64.779498,-3.109913,0
352,-64.779588,-3.10984,0
353,-64.784069,-3.101486,0
354,-64.784154,-3.101489,0
355,-64.784099,-3.101506,0
356,-64.784062,-3.101465,0
357,-64.784044,-3.101389,0
358,-64.784089,-3.101452,0
359,-64.788366,-3.089991,0
360,-64.790731,-3.080629,0
361,-64.789968,-3.078502,0
362,-64.789869,-3.078544,0
363,-64.789877,-3.073711,0
364,-64.792988,-3.076033,0
365,-64.793011,-3.07601,0
366,-64.805031,-3.067774,0
367,-64.81219,-3.067831,0
368,-64.812181,-3.067804,0
369,-64.812148,-3.067768,0
370,-64.816168,-3.067378,0
371,-64.819621,-3.06332,0
372,-64.816869,-3.054197,0
373,-64.817025,-3.054192,0
374,-64.824906,-3.053334,0
375,-64.825031,-3.053295,0
376,-64.825203,-3.050495,0
377,-64.832833,-3.049329,0
378,-64.840149,-3.039355,0
379,-64.840155,-3.039392,0
380,-64.840168,-3.039371,0
381,-64.840096,-3.039645,0
382,-64.840144,-3.039338,0
383,-64.840135,-3.039228,0
384,-64.838233,-3.035928,0
385,-64.830163,-3.028597,0
386,-64.828628,-3.02937,0
387,-64.82862,-3.029421,0
388,-64.829989,-3.029104,0
389,-64.840509,-3.022385,1
390,-64.840531,-3.022336,1
391,-64.840455,-3.022447,1
392,-64.845616,-3.019472,1
393,-64.846579,-3.018218,1
394,-64.845467,-3.013924,1
395,-64.845313,-3.01418,1
396,-64.878238,-3.018595,4
397,-64.878244,-3.018386,4
398,-64.878389,-3.018378,4
399,-64.883486,-3.013524,4
400,-64.884091,-3.017006,4
401,-64.884229,-3.016539,4
402,-64.884202,-3.016556,4
403,-64.893604,-3.005482,2
404,-64.891211,-3.004856,2
405,-64.886327,-3.012705,4
406,-64.886423,-3.01277,4
407,-64.886418,-3.012784,4
408,-64.886478,-3.012759,4
409,-64.886537,-3.0128,4
410,-64.883984,-3.017031,4
411,-64.884065,-3.017009,4
412,-64.884069,-3.017023,4
413,-64.884119,-3.017024,4
414,-64.886343,-3.024091,4
415,-64.874864,-3.028401,4
416,-64.874439,-3.03268,4
417,-64.874358,-3.032648,4
418,-64.870874,-3.035148,4
419,-64.870765,-3.035518,4
420,-64.869198,-3.036298,4
421,-64.8691,-3.036275,4
422,-64.857577,-3.032233,1
423,-64.853637,-3.027183,1
424,-64.853425,-3.027274,1
425,-64.853036,-3.026919,1
426,-64.851899,-3.026175,1
427,-64.851988,-3.026218,1
428,-64.838247,-3.035864,0
429,-64.838239,-3.035868,0
430,-64.840768,-3.039327,0
431,-64.840754,-3.039385,0
432,-64.84116,-3.039567,0
433,-64.84078,-3.039373,0
434,-64.845674,-3.04006,0
435,-64.851429,-3.039018,1
436,-64.851511,-3.039075,1
437,-64.85155,-3.03905,1
438,-64.851451,-3.038996,1
439,-64.859035,-3.032096,1
440,-64.866134,-3.027479,4
441,-64.86607,-3.027408,4
442,-64.869145,-3.035061,4
443,-64.876153,-3.028041,4
444,-64.876276,-3.028101,4
445,-64.882855,-3.019395,4
446,-64.881278,-3.023664,4
447,-64.869399,-3.030051,4
448,-64.869494,-3.030065,4
449,-64.866056,-3.027414,4
450,-64.866043,-3.027582,4
451,-64.866088,-3.027398,4
452,-64.866107,-3.0274,4
453,-64.866053,-3.027375,4
454,-64.864461,-3.025889,4
455,-64.852653,-3.026355,1
456,-64.852766,-3.026107,1
457,-64.852486,-3.026127,1
458,-64.851319,-3.026525,1
459,-64.837988,-3.030945,0
460,-64.837833,-3.031221,0
461,-64.827622,-3.034741,0
462,-64.827392,-3.036098,0
463,-64.827218,-3.041065,0
464,-64.827212,-3.040885,0
465,-64.827354,-3.040747,0
466,-64.849259,-3.023222,1
467,-64.845419,-3.013946,1
468,-64.845324,-3.013943,1
469,-64.847048,-2.996051,1
470,-64.844513,-2.989852,1
471,-64.856607,-2.998411,1
472,-64.870154,-2.99047,2
473,-64.870208,-2.990458,2
474,-64.876099,-2.993254,2
475,-64.874921,-3.00117,2
476,-64.874945,-3.00125,2
477,-64.874965,-3.001269,2
478,-64.877659,-3.006179,4
479,-64.883547,-3.013637,4
480,-64.880544,-3.016767,4
481,-64.880626,-3.016745,4
482,-64.880621,-3.01673,4
483,-64.858052,-3.019636,1
484,-64.855434,-3.004498,1
485,-64.855517,-3.004551,1
486,-64.855599,-3.00442,1
487,-64.857248,-2.994874,1
488,-64.857151,-2.994834,1
489,-64.854327,-2.987887,1
490,-64.841298,-2.979564,1
491,-64.846707,-3.002686,1
492,-64.841719,-3.014238,1
493,-64.866395,-3.023531,4
494,-64.866349,-3.023597,4
495,-64.865992,-3.027341,4
496,-64.866076,-3.027408,4
497,-64.865012,-3.02752,4
498,-64.866058,-3.027419,4
499,-64.878306,-3.021796,4
500,-64.888041,-3.001347,2
501,-64.842723,-2.980117,1
502,-64.842772,-2.98064,1
503,-64.842827,-2.980746,1
504,-64.842481,-2.980589,1
505,-64.842479,-2.980554,1
506,-64.840955,-2.97944,1
507,-64.840971,-2.979384,1
508,-64.841063,-2.97956,1
509,-64.84094,-2.979388,1
510,-64.841056,-2.979473,1
511,-64.84094,-2.979545,1
512,-64.841138,-2.979021,1
513,-64.841127,-2.979062,1
514,-64.84165,-2.979054,1
515,-64.843197,-3.017124,1
516,-64.839476,-3.016162,1
517,-64.839526,-3.016272,1
518,-64.839392,-3.016151,1
519,-64.839628,-3.016045,1
520,-64.839561,-3.016169,1
521,-64.839147,-3.016112,1
522,-64.839583,-3.01604,1
523,-64.839512,-3.016133,1
524,-64.839511,-3.016229,1
525,-64.839554,-3.016206,1
526,-64.839488,-3.016223,1
527,-64.845915,-3.007536,1
528,-64.865456,-2.991269,1
529,-64.888229,-2.968303,2
530,-64.909375,-2.973195,2
531,-64.909539,-2.973102,2
532,-64.907275,-2.975486,2
533,-64.909828,-2.971511,2
534,-64.904504,-2.938404,2
535,-64.897669,-2.958839,2
536,-64.88202,-2.970459,2
537,-64.868063,-2.996698,1
538,-64.848641,-3.030671,1
539,-64.848796,-3.030873,1
540,-64.854879,-3.017743,1
541,-64.867262,-2.974943,2
542,-64.86733,-2.974848,2
543,-64.867545,-2.975172,2
544,-64.867337,-2.975415,2
545,-64.869615,-2.974845,2
546,-64.870898,-2.974622,2
547,-64.882269,-2.970119,2
548,-64.91278,-2.966595,2
549,-64.912078,-2.965716,2
550,-64.912047,-2.965764,2
551,-64.912084,-2.965696,2
552,-64.912122,-2.96601,2
553,-64.903769,-2.967844,2
554,-64.912101,-2.966263,2
555,-64.909436,-2.967919,2
556,-64.87327,-2.973788,2
557,-64.873222,-2.973516,2
558,-64.873839,-2.974575,2
559,-64.873321,-2.974528,2
560,-64.872508,-2.974367,2
561,-64.871941,-2.975322,2
562,-64.871472,-2.975519,2
563,-64.870782,-2.975126,2
564,-64.869929,-2.975754,2
565,-64.866466,-2.982084,2
566,-64.867179,-2.988392,2
567,-64.867998,-2.990898,2
568,-64.871436,-2.991412,2
569,-64.869352,-2.989626,2
570,-64.868195,-2.986459,2
571,-64.911005,-2.962197,2
572,-64.912386,-2.948268,2
573,-64.904798,-2.946827,2
574,-64.875722,-2.955219,2
575,-64.859132,-2.962816,2
576,-64.857426,-2.96258,2
577,-64.837381,-3.000253,1
578,-64.83738,-2.999827,1
579,-64.849283,-2.977455,1
580,-64.871961,-2.966151,2
581,-64.873262,-2.963853,2
582,-64.827706,-2.999852,1
583,-64.833001,-2.992409,1
584,-64.865335,-3.009008,1
585,-64.866468,-3.00959,1
586,-64.869886,-3.011621,1
587,-64.879697,-3.010268,4
588,-64.877247,-3.016939,4
589,-64.877306,-3.025395,4
590,-64.868845,-3.027482,4
591,-64.868314,-3.02576,4
592,-64.867907,-3.025472,4
593,-64.823512,-3.073456,0
594,-64.817153,-3.035029,0
595,-64.846433,-3.025011,0
596,-64.846883,-2.982237,1
597,-64.905164,-2.948935,2
598,-64.883198,-2.968003,2
599,-64.884436,-2.971519,2
600,-64.884187,-2.971338,2
601,-64.892831,-2.991085,2
602,-64.856403,-3.006442,1
603,-64.856486,-3.006276,1
604,-64.856326,-3.006403,1
605,-64.852057,-2.986624,1
606,-64.836006,-3.019185,0
607,-64.834898,-3.01838,0
608,-64.823612,-3.0225,0
609,-64.816281,-3.026334,0
610,-64.833532,-3.020991,0
611,-64.836025,-3.018934,0
612,-64.844118,-2.961272,1
613,-64.852843,-2.956797,1
614,-64.876149,-2.996027,2
615,-64.852424,-3.022103,1
616,-64.85156,-3.023436,1
617,-64.856809,-3.029863,1
618,-64.862165,-3.024026,1
619,-64.867418,-2.997293,1
620,-64.861025,-2.97098,2
621,-64.840232,-2.992567,1
622,-64.842043,-3.008688,1
623,-64.837919,-3.01819,1
624,-64.839811,-3.016423,1
625,-64.845698,-3.00402,1
626,-64.845653,-3.00402,1
627,-64.84571,-3.003879,1
628,-64.841565,-2.989827,1
629,-64.86456,-2.972758,2
630,-64.875028,-2.971743,2
631,-64.890034,-2.988522,2
632,-64.88756,-2.996308,2
633,-64.889919,-3.007251,2
634,-64.896099,-2.98409,2
635,-64.897186,-2.982188,2
636,-64.897396,-2.980872,2
637,-64.880104,-2.999052,2
638,-64.87562,-3.000828,2
639,-64.875991,-3.000525,2
640,-64.875759,-3.000942,2
641,-64.875894,-3.000733,2
642,-64.875797,-3.000894,2
643,-64.867328,-2.986961,2
644,-64.88935,-2.986194,2
645,-64.886867,-2.990961,2
646,-64.886011,-2.989316,2
647,-64.881592,-2.969667,2
648,-64.876546,-2.971545,2
649,-64.874432,-2.975189,2
650,-64.877212,-2.976782,2
651,-64.881036,-2.971277,2
652,-64.868664,-2.988121,2
653,-64.881526,-2.983284,2
654,-64.88155,-2.983176,2
655,-64.885626,-2.990242,2
656,-64.882753,-2.995123,2
657,-64.882736,-2.995025,2
658,-64.882592,-2.994823,2
659,-64.882679,-2.995032,2
660,-64.882534,-2.994965,2
661,-64.883009,-2.994973,2
662,-64.881017,-3.002777,2
663,-64.881083,-3.003807,2
664,-64.873354,-3.013155,4
665,-64.87356,-3.015519,4
666,-64.864824,-3.021499,4
667,-64.862277,-3.023879,1
668,-64.862245,-3.023791,1
669,-64.852282,-3.020657,1
670,-64.852775,-2.98617,1
671,-64.856581,-2.99321,1
672,-64.856489,-2.993628,1
673,-64.853368,-2.984787,1
674,-64.848644,-2.982541,1
675,-64.846539,-2.977779,1
676,-64.850669,-2.975696,1
677,-64.854984,-2.974882,2
678,-64.866885,-2.993033,1
679,-64.866277,-3.000824,1
680,-64.867646,-3.001888,1
681,-64.866898,-3.002728,1
682,-64.865994,-3.001814,1
683,-64.866644,-2.998657,1
684,-64.867042,-2.996815,1
685,-64.867224,-2.997295,1
686,-64.867219,-2.99751,1
687,-64.866575,-2.996996,1
688,-64.894139,-2.984785,2
689,-64.894228,-2.984745,2
690,-64.894814,-2.984457,2
691,-64.882337,-2.996843,2
692,-64.88522,-2.999183,2
693,-64.885555,-2.999091,2
694,-64.884893,-2.998808,2
695,-64.890589,-3.002134,2
696,-64.890752,-3.002059,2
697,-64.889529,-3.004187,2
698,-64.869576,-3.01264,1
699,-64.833564,-3.018403,0
700,-64.826424,-3.021841,0
701,-64.823783,-3.018556,0
702,-64.829268,-3.015655,0
703,-64.836221,-3.003907,1
704,-64.836895,-3.003964,1
705,-64.839084,-3.00047,1
706,-64.839111,-3.000522,1
707,-64.838599,-2.999171,1
708,-64.837029,-2.999862,1
709,-64.837019,-2.997371,1
710,-64.856091,-2.987122,1
711,-64.857089,-3.006238,1
712,-64.856901,-3.006091,1
713,-64.856928,-3.006151,1
714,-64.86255,-3.010844,1
715,-64.866579,-3.024891,4
716,-64.885747,-3.012812,4
717,-64.885705,-3.012202,4
718,-64.886579,-3.011429,4
719,-64.89113,-3.002926,2
720,-64.886826,-2.994021,2
721,-64.899606,-2.984973,2
722,-64.907192,-2.984853,2
723,-64.908465,-2.983695,2
724,-64.88788,-2.963438,2
725,-64.865701,-2.95809,2
726,-64.878848,-2.957314,2
727,-64.86819,-2.970673,2
728,-64.871448,-2.972361,2
729,-64.875662,-2.976517,2
730,-64.879564,-2.999149,2
731,-64.876744,-3.009367,4
732,-64.876759,-3.009335,4
733,-64.884604,-3.019826,4
734,-64.874201,-3.026373,4
735,-64.871341,-3.025409,4
736,-64.864693,-3.032076,4
737,-64.85431,-3.029226,1
738,-64.854456,-3.029174,1
739,-64.85171,-3.02316,1
740,-64.850052,-3.024821,1
741,-64.847375,-3.028573,1
742,-64.843079,-3.03505,0
743,-64.836559,-3.046848,0
744,-64.837992,-3.049361,0
745,-64.837759,-3.049149,0
746,-64.849806,-3.039034,1
747,-64.850398,-3.03753,1
748,-64.851712,-3.027625,1
749,-64.848962,-3.010265,1
750,-64.857881,-2.994099,1
751,-64.855233,-3.007671,1
752,-64.83485,-3.017696,0
753,-64.817316,-3.005169,0
754,-64.827208,-2.990077,1
755,-64.827864,-2.999605,1
756,-64.834765,-2.988745,1
757,-64.862171,-3.002457,1
758,-64.860128,-3.002333,1
759,-64.878756,-3.008226,4
760,-64.888654,-3.009124,2
761,-64.890127,-3.007769,2
762,-64.889671,-3.007916,2
763,-64.874911,-3.0132,4
764,-64.874769,-3.013456,4
765,-64.874858,-3.013469,4
766,-64.874894,-3.013333,4
767,-64.874662,-3.013567,4
768,-64.880084,-3.014653,4
769,-64.880099,-3.014661,4
770,-64.849345,-2.980633,1
771,-64.854443,-2.974497,2
772,-64.847273,-2.964333,1
773,-64.847084,-2.96442,1
774,-64.844041,-2.967179,1
775,-64.845347,-2.999598,1
776,-64.845149,-3.000042,1
777,-64.845641,-3.004291,1
778,-64.857947,-2.995872,1
779,-64.857558,-2.995906,1
780,-64.857621,-2.995996,1
781,-64.862944,-2.996266,1
782,-64.854984,-3.011673,1
783,-64.824298,-3.021037,0
784,-64.817551,-3.020342,0
785,-64.817798,-3.020173,0
786,-64.838616,-3.000434,1
787,-64.838634,-2.99968,1
788,-64.837109,-2.997248,1
789,-64.827787,-3.035078,0
790,-64.839424,-3.019907,1
791,-64.88499,-3.009929,4
792,-64.885248,-3.009837,4
793,-64.877603,-2.992831,2
794,-64.853264,-2.99674,1
795,-64.84421,-3.014362,1
796,-64.844276,-3.014629,1
797,-64.824639,-3.0272,0
798,-64.84317,-3.020319,1
799,-64.843577,-3.020247,1
800,-64.843445,-3.020566,1
801,-64.843609,-3.020675,1
802,-64.838534,-3.011432,1
803,-64.851652,-3.015277,1
804,-64.857243,-3.009835,1
805,-64.841114,-2.980423,1
806,-64.827223,-2.99056,1
807,-64.827115,-2.990583,1
808,-64.827546,-2.989931,1
809,-64.825493,-2.989882,1
810,-64.838513,-3.019625,1
811,-64.837944,-3.018033,1
812,-64.843264,-3.016716,1
813,-64.846393,-3.017301,1
814,-64.849806,-3.012855,1
815,-64.85135,-3.036561,1
816,-64.851184,-3.036617,1
817,-64.850703,-3.036748,1
818,-64.849298,-3.030961,1
819,-64.849976,-3.03075,1
820,-64.849082,-3.030772,1
821,-64.838166,-3.044969,0
822,-64.838201,-3.045201,0
823,-64.837571,-3.045452,0
824,-64.839149,-3.044796,0
825,-64.837532,-3.047895,0
826,-64.837296,-3.047658,0
827,-64.847593,-3.029075,1
828,-64.847588,-3.029185,1
829,-64.856707,-3.010175,1
830,-64.854549,-2.990659,1
831,-64.850168,-2.99112,1
832,-64.825979,-2.987999,1
833,-64.827577,-2.988854,1
834,-64.829973,-2.987724,1
835,-64.834641,-2.960023,1
836,-64.844184,-2.961425,1
837,-64.845357,-2.966824,1
838,-64.854404,-2.981987,1
839,-64.854443,-2.982516,1
840,-64.854296,-2.98264,1
841,-64.81033,-3.063032,0
842,-64.810589,-3.063393,0
843,-64.821332,-3.057207,0
844,-64.82835,-3.044886,0
845,-64.858409,-3.025448,1
846,-64.858313,-3.024945,1
847,-64.866888,-3.025464,4
848,-64.856367,-3.007417,1
849,-64.856182,-3.007458,1
850,-64.845422,-2.978267,1
851,-64.845397,-2.978243,1
852,-64.845162,-2.978333,1
853,-64.845099,-2.978273,1
854,-64.840405,-2.97659,1
855,-64.835993,-2.973098,1
856,-64.814959,-3.017936,0
857,-64.816479,-3.017521,0
858,-64.820666,-3.016729,0
859,-64.821358,-3.017189,0
860,-64.835086,-2.985724,1
861,-64.835543,-2.9855,1
862,-64.83883,-2.986376,1
863,-64.873803,-2.990101,2
864,-64.874351,-3.027342,4
865,-64.874359,-3.026223,4
866,-64.868306,-3.025805,4
867,-64.859803,-3.023439,1
868,-64.859835,-3.02373,1
869,-64.866776,-2.982716,2
870,-64.868121,-2.982424,2
871,-64.867947,-2.983545,2
872,-64.885642,-2.988783,2
873,-64.874776,-2.99711,2
874,-64.820856,-3.023511,0
875,-64.831751,-3.019295,0
876,-64.831573,-2.969286,1
877,-64.847466,-2.955628,1
878,-64.848126,-2.958758,1
879,-64.848122,-2.958678,1
880,-64.848208,-2.958804,1
881,-64.847718,-2.96654,1
882,-64.845195,-2.969289,1
883,-64.848115,-2.978735,1
884,-64.84646,-2.992495,1
885,-64.845764,-2.977599,1
886,-64.845782,-2.977539,1
887,-64.862391,-2.997411,1
888,-64.886818,-3.016714,4
889,-64.886901,-3.01659,4
890,-64.885946,-3.00753,4
891,-64.857841,-3.006946,1
892,-64.877746,-3.010677,4
893,-64.870442,-3.012251,1
894,-64.874024,-3.01669,4
895,-64.873891,-3.016745,4
896,-64.844053,-3.036113,0
897,-64.843856,-3.052796,0
898,-64.843349,-3.052741,0
899,-64.843011,-3.062762,0
900,-64.819833,-3.067123,0
901,-64.836291,-3.048155,0
902,-64.843697,-3.034538,0
903,-64.843661,-3.034568,0
904,-64.836479,-3.021229,0
905,-64.825307,-3.016007,0
906,-64.825109,-3.016234,0
907,-64.837911,-2.988243,1
908,-64.843959,-2.976844,1
909,-64.829091,-3.009774,0
910,-64.817971,-3.01909,0
911,-64.831074,-3.017388,0
912,-64.853773,-3.004693,1
913,-64.854904,-3.002413,1
914,-64.857806,-2.995693,1
915,-64.86457,-2.996906,1
916,-64.865419,-2.995329,1
917,-64.86142,-2.965633,2
918,-64.873001,-2.987308,2
919,-64.844743,-3.035519,0
920,-64.840324,-3.033678,0
921,-64.840088,-3.0337,0
922,-64.840566,-3.033347,0
923,-64.844398,-3.041171,0
924,-64.832511,-3.031068,0
925,-64.85002,-3.083768,6
926,-64.849935,-3.084712,6
927,-64.849935,-3.083339,6
928,-64.840236,-3.078704,0
929,-64.838347,-3.073726,0
930,-64.838433,-3.073726,0
931,-64.838347,-3.073726,0
932,-64.776206,-3.103852,0
933,-64.776292,-3.103766,0
934,-64.776292,-3.103766,0
935,-64.775519,-3.10617,0
936,-64.775262,-3.10617,0
937,-64.775434,-3.106256,0
938,-64.775262,-3.106256,0
939,-64.782987,-3.100762,0
940,-64.782987,-3.100762,0
941,-64.783072,-3.100762,0
942,-64.782901,-3.100762,0
943,-64.782987,-3.100762,0
944,-64.782987,-3.100677,0
945,-64.782987,-3.100677,0
946,-64.782214,-3.101106,0
947,-64.782214,-3.101192,0
948,-64.782214,-3.101192,0
949,-64.782214,-3.101277,0
950,-64.773202,-3.101449,0
951,-64.773116,-3.101707,0
952,-64.773288,-3.101449,0
953,-64.773202,-3.101449,0
954,-64.773288,-3.101621,0
955,-64.773202,-3.101449,0
956,-64.77303,-3.101621,0
957,-64.773116,-3.101535,0
958,-64.787793,-3.107715,0
959,-64.791055,-3.104882,0
960,-64.791055,-3.104968,0
961,-64.825301,-3.037076,0
962,-64.825387,-3.037248,0
963,-64.825301,-3.037162,0
964,-64.825387,-3.037076,0
965,-64.826589,-3.040595,0
966,-64.826589,-3.040681,0
967,-64.826503,-3.040681,0
968,-64.826589,-3.040595,0
969,-64.826674,-3.040509,0
970,-64.82676,-3.040767,0
971,-64.826503,-3.040595,0
972,-64.826674,-3.039308,0
973,-64.826674,-3.039308,0
974,-64.828734,-3.029437,0
975,-64.834313,-3.026776,0
976,-64.834399,-3.026776,0
977,-64.838519,-3.024201,1
978,-64.827361,-3.034329,0
979,-64.811482,-3.035531,0
980,-64.820666,-3.033471,0
981,-64.820409,-3.033385,0
982,-64.82058,-3.033385,0
983,-64.821095,-3.03184,0
984,-64.828563,-3.029437,0
985,-64.828649,-3.029437,0
986,-64.849162,-3.012357,1
987,-64.840751,-3.039393,0
988,-64.834313,-3.0442,0
989,-64.832768,-3.049264,0
990,-64.832854,-3.049264,0
991,-64.832854,-3.04935,0
992,-64.824357,-3.05759,0
993,-64.822383,-3.058877,0
994,-64.818263,-3.064456,0
995,-64.817662,-3.064971,0
996,-64.850535,-3.036904,1
997,-64.851737,-3.035188,1
998,-64.851737,-3.035188,1
999,-64.851823,-3.035274,1
1000,-64.851823,-3.035188,1
1001,-64.851136,-3.034844,1
1002,-64.851136,-3.032269,1
1003,-64.851308,-3.029008,1
1004,-64.851394,-3.029094,1
1005,-64.843583,-3.020768,1
1006,-64.843583,-3.020768,1
1007,-64.843669,-3.020768,1
1008,-64.823928,-3.040938,0
1009,-64.824014,-3.040938,0
1010,-64.808221,-3.067718,0
1011,-64.808307,-3.067632,0
1012,-64.811225,-3.068061,0
1013,-64.811311,-3.068061,0
1014,-64.816031,-3.087201,0
1015,-64.816031,-3.087115,0
1016,-64.816203,-3.086944,0
1017,-64.813113,-3.090892,0
1018,-64.813113,-3.090892,0
1019,-64.813113,-3.09072,0
1020,-64.813113,-3.090892,0
1021,-64.867343,-2.990311,2
1022,-64.874896,-2.973538,2
1023,-64.874792,-2.973263,2
1024,-64.876214,-2.971646,2
1025,-64.876219,-2.971767,2
1026,-64.876444,-2.965519,2
1027,-64.876595,-2.965414,2
1028,-64.876716,-2.965406,2
1029,-64.87755,-2.965341,2
1030,-64.881205,-2.943427,2
1031,-64.884216,-2.938403,2
1032,-64.899035,-2.935386,7
1033,-64.899555,-2.934865,7
1034,-64.899054,-2.937277,7
1035,-64.875898,-2.94735,2
1036,-64.876511,-2.931759,2
1037,-64.879434,-2.930106,2
1038,-64.881379,-2.925513,2
1039,-64.876444,-2.924277,2
1040,-64.848562,-2.936457,1
1041,-64.848501,-2.936412,1
1042,-64.842644,-2.960429,1
1043,-64.852007,-3.010269,1
1044,-64.841867,-2.97594,1
1045,-64.870469,-2.967278,2
1046,-64.881845,-2.950059,2
1047,-64.88237,-2.950173,2
1048,-64.885219,-2.947785,2
1049,-64.882323,-2.933597,2
1050,-64.878521,-2.933181,2
1051,-64.914671,-2.936698,2
1052,-64.911231,-2.946828,2
1053,-64.909858,-2.950328,2
1054,-64.903204,-2.948186,2
1055,-64.856334,-2.931155,1
1056,-64.856196,-2.931101,1
1057,-64.854865,-2.931418,1
1058,-64.853274,-2.931815,1
1059,-64.852449,-2.931915,1
1060,-64.852617,-2.925036,1
1061,-64.910173,-2.935881,2
1062,-64.872555,-2.973896,2
1063,-64.866688,-2.976021,2
1064,-64.837502,-2.958561,1
1065,-64.839378,-2.967741,1
1066,-64.865118,-2.964145,2
1067,-64.873395,-2.963955,2
1068,-64.833496,-2.968131,1
1069,-64.838003,-2.957375,1
1070,-64.848858,-2.952405,1
1071,-64.861249,-2.939906,2
1072,-64.886873,-2.920571,7
1073,-64.878966,-2.915772,2
1074,-64.890522,-2.90715,7
1075,-64.890443,-2.907375,7
1076,-64.890345,-2.907236,7
1077,-64.890369,-2.907149,7
1078,-64.893986,-2.904361,7
1079,-64.893766,-2.903764,7
1080,-64.911024,-2.917132,7
1081,-64.909068,-2.938919,2
1082,-64.911232,-2.946763,2
1083,-64.894836,-2.962915,2
1084,-64.87547,-2.972948,2
1085,-64.890758,-2.94054,2
1086,-64.878284,-2.931195,2
1087,-64.877587,-2.931694,2
1088,-64.871851,-2.916572,2
1089,-64.892817,-2.905954,7
1090,-64.899561,-2.898542,7
1091,-64.905118,-2.88524,7
1092,-64.917209,-2.883107,7
1093,-64.898988,-2.899282,7
1094,-64.891993,-2.906705,7
1095,-64.888321,-2.922822,7
1096,-64.888279,-2.922813,7
1097,-64.887394,-2.923505,7
1098,-64.899895,-2.917315,7
1099,-64.908924,-2.910582,7
1100,-64.909007,-2.90983,7
1101,-64.902709,-2.936652,2
1102,-64.898391,-2.931791,7
1103,-64.913177,-2.902384,7
1104,-64.922505,-2.880874,3
1105,-64.929914,-2.868546,3
1106,-64.929886,-2.868606,3
1107,-64.934202,-2.861417,3
1108,-64.928691,-2.868233,3
1109,-64.926459,-2.871929,3
1110,-64.921697,-2.869082,3
1111,-64.920657,-2.869041,3
1112,-64.921017,-2.870035,3
1113,-64.921491,-2.879309,3
1114,-64.933066,-2.862076,3
1115,-64.944175,-2.856696,3
1116,-64.909303,-2.907942,7
1117,-64.905103,-2.913961,7
1118,-64.872712,-2.938627,2
1119,-64.872479,-2.938535,2
1120,-64.900935,-2.91708,7
1121,-64.903044,-2.91553,7
1122,-64.909135,-2.910604,7
1123,-64.889573,-2.911771,7
1124,-64.887642,-2.907749,7
1125,-64.90661,-2.91216,7
1126,-64.906004,-2.913459,7
1127,-64.89492,-2.925352,7
1128,-64.889259,-2.92176,7
1129,-64.899739,-2.91786,7
1130,-64.916719,-2.886071,7
1131,-64.925538,-2.866919,3
1132,-64.926239,-2.867972,3
1133,-64.925144,-2.867913,3
1134,-64.908882,-2.910627,7
1135,-64.908827,-2.910628,7
1136,-64.913295,-2.948327,2
1137,-64.896685,-2.967121,2
1138,-64.855258,-2.989723,1
1139,-64.909888,-2.907937,7
1140,-64.900665,-2.931686,7
1141,-64.890368,-2.927161,7
1142,-64.840865,-2.938502,1
1143,-64.846195,-2.965789,1
1144,-64.8341,-2.97388,1
1145,-64.863086,-2.98105,2
1146,-64.887389,-2.968448,2
1147,-64.907613,-2.935588,2
1148,-64.898019,-2.928186,7
1149,-64.897584,-2.928344,7
1150,-64.890323,-2.927627,7
1151,-64.884385,-2.914366,7
1152,-64.90237,-2.895155,7
1153,-64.910474,-2.87769,7
1154,-64.917876,-2.874322,3
1155,-64.912075,-2.879584,7
1156,-64.893928,-2.910656,7
1157,-64.842366,-2.925977,1
1158,-64.835339,-2.947543,1
1159,-64.835837,-2.973838,1
1160,-64.860254,-2.976163,2
1161,-64.880732,-2.950835,2
1162,-64.836215,-2.941649,1
1163,-64.853485,-2.923634,1
1164,-64.875503,-2.914308,2
1165,-64.901251,-2.916761,7
1166,-64.90556,-2.8851,7
1167,-64.916648,-2.885901,7
1168,-64.903296,-2.893159,7
1169,-64.903285,-2.893508,7
1170,-64.914857,-2.86333,3
1171,-64.918367,-2.861281,3
1172,-64.932228,-2.848976,3
1173,-64.932173,-2.849043,3
1174,-64.914084,-2.877421,7
1175,-64.91248,-2.87856,7
1176,-64.910112,-2.900102,7
1177,-64.910992,-2.890679,7
1178,-64.904933,-2.888926,7
1179,-64.907676,-2.881629,7
1180,-64.895774,-2.881963,7
1181,-64.905581,-2.883294,7
1182,-64.90541,-2.883284,7
1183,-64.905524,-2.88321,7
1184,-64.905671,-2.884567,7
1185,-64.892486,-2.891427,7
1186,-64.901091,-2.877883,7
1187,-64.907795,-2.875921,7
1188,-64.916726,-2.886202,7
1189,-64.899735,-2.898876,7
1190,-64.891725,-2.900479,7
1191,-64.896308,-2.90231,7
1192,-64.897155,-2.901483,7
1193,-64.907784,-2.875193,7
1194,-64.896016,-2.881736,7
1195,-64.89584,-2.881777,7
1196,-64.889201,-2.889578,7
1197,-64.897195,-2.901587,7
1198,-64.897167,-2.901427,7
1199,-64.89707,-2.901365,7
1200,-64.909687,-2.897024,7
1201,-64.895259,-2.882481,7
1202,-64.895157,-2.882439,7
1203,-64.912149,-2.874835,7
1204,-64.911819,-2.874921,7
1205,-64.912037,-2.874843,7
1206,-64.9042,-2.845831,3
1207,-64.903901,-2.845368,3
1208,-64.907418,-2.84082,3
1209,-64.896221,-2.82974,3
1210,-64.8968,-2.830647,3
1211,-64.903638,-2.831851,3
1212,-64.895731,-2.881945,7
1213,-64.835824,-2.930721,1
1214,-64.835564,-2.931128,1
1215,-64.846383,-2.928449,1
1216,-64.897099,-2.901283,7
1217,-64.897213,-2.901488,7
1218,-64.910952,-2.886693,7
1219,-64.898933,-2.898956,7
1220,-64.899037,-2.899027,7
1221,-64.909378,-2.878783,7
1222,-64.919347,-2.863615,3
1223,-64.919131,-2.863641,3
1224,-64.8967,-2.830692,3
1225,-64.896681,-2.830583,3
1226,-64.897022,-2.8305,3
1227,-64.890861,-2.82291,3
1228,-64.896561,-2.808214,3
1229,-64.896497,-2.808201,3
1230,-64.896414,-2.808344,3
1231,-64.90731,-2.840852,3
1232,-64.907411,-2.840779,3
1233,-64.907361,-2.840921,3
1234,-64.906945,-2.838904,3
1235,-64.90937,-2.847264,3
1236,-64.915196,-2.853485,3
1237,-64.916034,-2.853681,3
1238,-64.917094,-2.858563,3
1239,-64.917548,-2.858086,3
1240,-64.915913,-2.853883,3
1241,-64.915952,-2.853998,3
1242,-64.935006,-2.855788,3
1243,-64.934483,-2.855452,3
1244,-64.934634,-2.855278,3
1245,-64.955395,-2.851284,3
1246,-64.955416,-2.851187,3
1247,-64.955328,-2.851178,3
1248,-64.969735,-2.848197,3
1249,-64.978203,-2.844628,3
1250,-64.978178,-2.844618,3
1251,-64.977157,-2.842616,3
1252,-64.954703,-2.842294,3
1253,-64.95494,-2.843472,3
1254,-64.954245,-2.845455,3
1255,-64.954378,-2.845396,3
1256,-64.954739,-2.841211,3
1257,-64.954713,-2.841192,3
1258,-64.955209,-2.840467,3
1259,-64.95535,-2.840481,3
1260,-64.946847,-2.850081,3
1261,-64.944452,-2.848839,3
1262,-64.944575,-2.84879,3
1263,-64.944455,-2.848738,3
1264,-64.943859,-2.851121,3
1265,-64.943816,-2.851034,3
1266,-64.939023,-2.849129,3
1267,-64.932642,-2.841114,3
1268,-64.929376,-2.803519,3
1269,-64.929402,-2.80348,3
1270,-64.929422,-2.803496,3
1271,-64.924924,-2.802664,3
1272,-64.903205,-2.809699,3
1273,-64.903195,-2.809511,3
1274,-64.903281,-2.809595,3
1275,-64.90176,-2.839833,3
1276,-64.916468,-2.853634,3
1277,-64.916852,-2.844443,3
1278,-64.916634,-2.844647,3
1279,-64.91773,-2.863214,3
1280,-64.917706,-2.85806,3
1281,-64.91766,-2.85806,3
1282,-64.921476,-2.858972,3
1283,-64.912433,-2.857051,3
1284,-64.912489,-2.857166,3
1285,-64.912508,-2.857138,3
1286,-64.905711,-2.848448,3
1287,-64.896721,-2.830625,3
1288,-64.903572,-2.831809,3
1289,-64.896729,-2.830632,3
1290,-64.899263,-2.822665,3
1291,-64.899271,-2.822584,3
1292,-64.899272,-2.822667,3
1293,-64.900903,-2.810421,3
1294,-64.894871,-2.80375,3
1295,-64.9158,-2.797111,3
1296,-64.932184,-2.773651,3
1297,-64.937715,-2.756128,3
1298,-64.937846,-2.756139,3
1299,-64.937842,-2.756153,3
1300,-64.988753,-2.805175,3
1301,-64.984414,-2.813962,3
1302,-64.951004,-2.852083,3
1303,-64.950975,-2.852078,3
1304,-64.935966,-2.854529,3
1305,-64.933488,-2.856201,3
1306,-64.933514,-2.856315,3
1307,-64.933459,-2.856281,3
1308,-64.930042,-2.858173,3
1309,-64.930619,-2.857859,3
1310,-64.930695,-2.857898,3
1311,-64.912495,-2.857142,3
1312,-64.912593,-2.857037,3
1313,-64.912444,-2.857067,3
1314,-64.913465,-2.859245,3
1315,-64.920354,-2.861515,3
1316,-64.921219,-2.861332,3
1317,-64.921218,-2.861226,3
1318,-64.908027,-2.851055,3
1319,-64.91504,-2.853436,3
1320,-64.90813,-2.845753,3
1321,-64.908225,-2.845698,3
1322,-64.908415,-2.843712,3
1323,-64.908177,-2.843543,3
1324,-64.901904,-2.839782,3
1325,-64.901781,-2.839809,3
1326,-64.903585,-2.832961,3
1327,-64.903582,-2.832896,3
1328,-64.903527,-2.833018,3
1329,-64.893114,-2.823494,3
1330,-64.889827,-2.810385,3
1331,-64.890245,-2.81211,3
1332,-64.890258,-2.812182,3
1333,-64.89732,-2.796162,3
1334,-64.897162,-2.796273,3
1335,-64.904671,-2.803547,3
1336,-64.9049,-2.81816,3
1337,-64.905734,-2.842166,3
1338,-64.913407,-2.847313,3
1339,-64.913252,-2.84714,3
1340,-64.908501,-2.848616,3
1341,-64.911071,-2.856141,3
1342,-64.915109,-2.85348,3
1343,-64.915215,-2.853447,3
1344,-64.913401,-2.859388,3
1345,-64.9135,-2.859418,3
1346,-64.913492,-2.859441,3
1347,-64.913464,-2.859448,3
1348,-64.913419,-2.859434,3
1349,-64.913517,-2.859455,3
1350,-64.913614,-2.859719,3
1351,-64.913536,-2.859728,3
1352,-64.905305,-2.881844,7
1353,-64.91031,-2.882079,7
1354,-64.902009,-2.889032,7
1355,-64.891613,-2.896373,7
1356,-64.897281,-2.901316,7
1357,-64.896835,-2.895477,7
1358,-64.896902,-2.895553,7
1359,-64.906084,-2.874598,7
1360,-64.91315,-2.859216,3
1361,-64.913638,-2.859438,3
1362,-64.91344,-2.859434,3
1363,-64.913478,-2.85943,3
1364,-64.913482,-2.859371,3
1365,-64.913467,-2.85946,3
1366,-64.91981,-2.863532,3
1367,-64.919935,-2.863525,3
1368,-64.918426,-2.861308,3
1369,-64.930673,-2.857835,3
1370,-64.931004,-2.857731,3
1371,-64.930851,-2.858026,3
1372,-64.93682,-2.854024,3
1373,-64.939075,-2.854626,3
1374,-64.939011,-2.854701,3
1375,-64.939129,-2.854678,3
1376,-64.930417,-2.853462,3
1377,-64.923256,-2.848782,3
1378,-64.923245,-2.848785,3
1379,-64.923213,-2.848902,3
1380,-64.903591,-2.832999,3
1381,-64.90362,-2.833035,3
1382,-64.895803,-2.832938,3
1383,-64.901922,-2.839862,3
1384,-64.904443,-2.835166,3
1385,-64.904475,-2.835104,3
1386,-64.902912,-2.813955,3
1387,-64.902894,-2.813928,3
1388,-64.902929,-2.813833,3
1389,-64.902754,-2.813966,3
1390,-64.895102,-2.806626,3
1391,-64.899217,-2.822652,3
1392,-64.899193,-2.822667,3
1393,-64.901369,-2.830908,3
1394,-64.903578,-2.832836,3
1395,-64.903598,-2.832894,3
1396,-64.903429,-2.832891,3
1397,-64.90191,-2.839963,3
1398,-64.903616,-2.832624,3
1399,-64.903683,-2.832828,3
1400,-64.905829,-2.83715,3
1401,-64.9058,-2.837163,3
1402,-64.905779,-2.837209,3
1403,-64.913673,-2.852675,3
1404,-64.913717,-2.852745,3
1405,-64.923264,-2.848811,3
1406,-64.9121,-2.852345,3
1407,-64.934947,-2.855801,3
1408,-64.93223,-2.848835,3
1409,-64.932236,-2.849189,3
1410,-64.902151,-2.826886,3
1411,-64.902151,-2.826902,3
1412,-64.902233,-2.826859,3
1413,-64.902173,-2.826872,3
1414,-64.902255,-2.826872,3
1415,-64.90218,-2.82692,3
1416,-64.9023,-2.826781,3
1417,-64.902128,-2.826914,3
1418,-64.902317,-2.826842,3
1419,-64.902149,-2.826849,3
1420,-64.901613,-2.828772,3
1421,-64.901803,-2.829334,3
1422,-64.898974,-2.832927,3
1423,-64.899177,-2.832996,3
1424,-64.903685,-2.832643,3
1425,-64.903102,-2.82035,3
1426,-64.902839,-2.820413,3
1427,-64.896206,-2.829686,3
1428,-64.89672,-2.830623,3
1429,-64.903688,-2.831912,3
1430,-64.903498,-2.83197,3
1431,-64.902807,-2.842886,3
1432,-64.90212,-2.840076,3
1433,-64.902035,-2.840134,3
1434,-64.901961,-2.839962,3
1435,-64.901906,-2.840017,3
1436,-64.916502,-2.853639,3
1437,-64.916679,-2.853629,3
1438,-64.914149,-2.854889,3
1439,-64.90536,-2.83587,3
1440,-64.905208,-2.836011,3
1441,-64.898753,-2.831096,3
1442,-64.897943,-2.830225,3
1443,-64.898005,-2.830229,3
1444,-64.898298,-2.830243,3
1445,-64.88918,-2.820186,3
1446,-64.896156,-2.820171,3
1447,-64.896269,-2.820478,3
1448,-64.898824,-2.788381,3
1449,-64.898866,-2.788349,3
1450,-64.904999,-2.804328,3
1451,-64.903577,-2.80885,3
1452,-64.903537,-2.809055,3
1453,-64.903769,-2.808987,3
1454,-64.902693,-2.82043,3
1455,-64.901869,-2.820513,3
1456,-64.901952,-2.820719,3
1457,-64.902401,-2.820135,3
1458,-64.902015,-2.840087,3
1459,-64.905515,-2.837099,3
1460,-64.90582,-2.837281,3
1461,-64.903086,-2.844329,3
1462,-64.902082,-2.840026,3
1463,-64.905304,-2.836099,3
1464,-64.905224,-2.836291,3
1465,-64.905048,-2.836331,3
1466,-64.906819,-2.824309,3
1467,-64.906641,-2.824245,3
1468,-64.902696,-2.824564,3
1469,-64.902896,-2.820351,3
1470,-64.902736,-2.82041,3
1471,-64.902812,-2.820433,3
1472,-64.896701,-2.830492,3
1473,-64.899223,-2.822637,3
1474,-64.899174,-2.822714,3
1475,-64.898954,-2.822463,3
1476,-64.898892,-2.822391,3
1477,-64.896212,-2.820191,3
1478,-64.896507,-2.808235,3
1479,-64.889672,-2.807668,3
1480,-64.883271,-2.794801,3
1481,-64.898902,-2.788312,3
1482,-64.898767,-2.788284,3
1483,-64.923548,-2.794328,3
1484,-64.923436,-2.794317,3
1485,-64.923416,-2.794717,3
1486,-64.933002,-2.827973,3
1487,-64.933016,-2.827985,3
1488,-64.939506,-2.821373,3
1489,-64.93831,-2.830263,3
1490,-64.931296,-2.83702,3
1491,-64.931395,-2.837135,3
1492,-64.931428,-2.837121,3
1493,-64.916493,-2.853664,3
1494,-64.913833,-2.852648,3
1495,-64.915144,-2.853451,3
1496,-64.905981,-2.846636,3
1497,-64.90182,-2.840055,3
1498,-64.902031,-2.83992,3
1499,-64.901873,-2.839908,3
1500,-64.896182,-2.820145,3
1501,-64.896195,-2.820179,3
1502,-64.896138,-2.820156,3
1503,-64.89623,-2.820108,3
1504,-64.896144,-2.820135,3
1505,-64.902932,-2.820326,3
1506,-64.902706,-2.82054,3
1507,-64.901923,-2.839991,3
1508,-64.915283,-2.853366,3
1509,-64.916487,-2.84581,3
1510,-64.914577,-2.861898,3
1511,-64.919734,-2.863402,3
1512,-64.918042,-2.854117,3
1513,-64.917935,-2.854007,3
1514,-64.917914,-2.854098,3
1515,-64.913466,-2.85944,3
1516,-64.916378,-2.854131,3
1517,-64.913196,-2.861747,3
1518,-64.91065,-2.880496,7
1519,-64.910684,-2.880429,7
1520,-64.930286,-2.884835,3
1521,-64.930666,-2.857777,3
1522,-64.931512,-2.854306,3
1523,-64.931576,-2.854269,3
1524,-64.912441,-2.857116,3
1525,-64.912391,-2.857182,3
1526,-64.912208,-2.857255,3
1527,-64.912462,-2.857079,3
1528,-64.912433,-2.857061,3
1529,-64.908602,-2.852716,3
1530,-64.909371,-2.853582,3
1531,-64.908662,-2.852753,3
1532,-64.908773,-2.852715,3
1533,-64.908676,-2.852751,3
1534,-64.90849,-2.852755,3
1535,-64.908878,-2.852821,3
1536,-64.837489,-3.059821,0
1537,-64.837403,-3.060679,0
1538,-64.837403,-3.060594,0
1539,-64.837403,-3.060679,0
1540,-64.837232,-3.060594,0
1541,-64.837403,-3.060679,0
1542,-64.837317,-3.060594,0
1543,-64.837317,-3.060594,0
1544,-64.875083,-3.068233,6
1545,-64.860663,-3.095956,6
1546,-64.860148,-3.096042,6
1547,-64.890704,-3.044887,4
1548,-64.890704,-3.04523,4
1549,-64.891047,-3.04523,4
1550,-64.890704,-3.04523,4
1551,-64.890876,-3.046346,4
1552,-64.857316,-3.096213,6
1553,-64.855342,-3.096557,6
1554,-64.861436,-3.060851,6
1555,-64.861436,-3.060937,6
1556,-64.861264,-3.060937,6
1557,-64.856801,-3.057761,6
1558,-64.855943,-3.048663,6
1559,-64.857059,-3.04832,6
1560,-64.857059,-3.081965,6
1561,-64.89491,-3.076386,4
1562,-64.893622,-3.076987,4
1563,-64.893365,-3.078189,4
1564,-64.893365,-3.078189,4
1565,-64.893451,-3.078275,4
1566,-64.836888,-3.083425,0
1567,-64.842896,-3.081365,0
1568,-64.843669,-3.081536,0
1569,-64.834485,-3.092437,0
1570,-64.845815,-3.0866,0
1571,-64.848733,-3.086514,6
1572,-64.85148,-3.084025,6
1573,-64.85148,-3.084197,6
1574,-64.85148,-3.084111,6
1575,-64.851651,-3.084197,6
1576,-64.851394,-3.084111,6
1577,-64.893279,-3.062739,4
1578,-64.893193,-3.062739,4
1579,-64.893107,-3.062739,4
1580,-64.893107,-3.062654,4
1581,-64.880834,-3.032784,4
1582,-64.881263,-3.03184,4
1583,-64.881263,-3.03287,4
1584,-64.886756,-3.0339,4
1585,-64.850707,-3.052096,6
1586,-64.850707,-3.052182,6
1587,-64.852853,-3.050723,6
1588,-64.897313,-3.045487,4
1589,-64.899201,-3.048234,4
1590,-64.899116,-3.04832,4
1591,-64.899201,-3.04832,4
1592,-64.898858,-3.048406,4
1593,-64.896798,-3.049436,4
1594,-64.896884,-3.049264,4
1595,-64.88461,-3.043342,4
1596,-64.884696,-3.043342,4
1597,-64.853468,-3.044054,6
1598,-64.852683,-3.045567,6
1599,-64.856106,-3.033768,1
1600,-64.859735,-3.025085,1
1601,-64.85914,-3.016248,1
1602,-64.85466,-3.025348,1
1603,-64.859234,-3.024933,1
1604,-64.861635,-3.036594,4
1605,-64.861821,-3.036643,4
1606,-64.865674,-2.980746,2
1607,-64.861865,-2.979917,2
1608,-64.861877,-2.980122,2
1609,-64.861845,-2.980093,2
1610,-64.863861,-3.000954,1
1611,-64.852189,-3.009342,1
1612,-64.855408,-3.0056,1
1613,-64.854589,-3.006078,1
1614,-64.859657,-3.009636,1
1615,-64.859205,-3.027451,1
1616,-64.861155,-3.027812,1
1617,-64.858431,-3.030903,1
1618,-64.858576,-3.030891,1
1619,-64.86119,-3.033016,4
1620,-64.866154,-3.001089,1
1621,-64.866404,-3.001169,1
1622,-64.864685,-3.007337,1
1623,-64.864786,-3.0073,1
1624,-64.864679,-3.007394,1
1625,-64.876955,-3.010221,4
1626,-64.86844,-2.994817,1
1627,-64.868343,-2.99111,2
1628,-64.860317,-2.986001,1
1629,-64.840258,-3.026027,1
1630,-64.836149,-3.030972,0
1631,-64.836252,-3.031058,0
1632,-64.836522,-3.032097,0
1633,-64.836498,-3.031951,0
1634,-64.861253,-3.010182,1
1635,-64.857853,-3.015194,1
1636,-64.857954,-3.01505,1
1637,-64.857981,-3.014974,1
1638,-64.840733,-3.030574,0
1639,-64.854333,-3.022348,1
1640,-64.844966,-3.043412,0
1641,-64.845104,-3.043249,0
1642,-64.845044,-3.043373,0
1643,-64.845361,-3.045468,0
1644,-64.842059,-3.049516,0
1645,-64.837506,-3.050033,0
1646,-64.840005,-3.031118,0
1647,-64.831096,-3.058494,0
1648,-64.822083,-3.064181,0
1649,-64.826521,-3.057189,0
1650,-64.829448,-3.054797,0
1651,-64.831353,-3.051102,0
1652,-64.831401,-3.051012,0
1653,-64.829191,-3.050076,0
1654,-64.829109,-3.049328,0
1655,-64.829134,-3.047454,0
1656,-64.83162,-3.048118,0
1657,-64.831623,-3.048524,0
1658,-64.829821,-3.043456,0
1659,-64.827849,-3.035758,0
1660,-64.832055,-3.039559,0
1661,-64.829344,-3.046187,0
1662,-64.829437,-3.046148,0
1663,-64.837882,-3.039132,0
1664,-64.83775,-3.039194,0
1665,-64.83777,-3.039258,0
1666,-64.828712,-3.037578,0
1667,-64.831733,-3.039891,0
1668,-64.828105,-3.041556,0
1669,-64.831435,-3.042608,0
1670,-64.838864,-3.042466,0
1671,-64.832968,-3.056696,0
1672,-64.832917,-3.056889,0
1673,-64.834731,-3.058811,0
1674,-64.839482,-3.053145,0
1675,-64.835179,-3.05855,0
1676,-64.837296,-3.054243,0
1677,-64.838798,-3.05305,0
1678,-64.832866,-3.056778,0
1679,-64.829796,-3.053134,0
1680,-64.831338,-3.05013,0
1681,-64.853919,-3.019045,1
1682,-64.850703,-3.02216,1
1683,-64.84088,-3.02983,0
1684,-64.821509,-3.037003,0
1685,-64.822703,-3.042537,0
1686,-64.822782,-3.042553,0
1687,-64.822628,-3.042566,0
1688,-64.820453,-3.038285,0
1689,-64.821385,-3.038371,0
1690,-64.827995,-3.040264,0
1691,-64.82579,-3.044937,0
1692,-64.823779,-3.035113,0
1693,-64.822961,-3.037362,0
1694,-64.820358,-3.040792,0
1695,-64.822678,-3.041624,0
1696,-64.822653,-3.039899,0
1697,-64.814705,-3.042736,0
1698,-64.808332,-3.037725,0
1699,-64.807354,-3.03572,0
1700,-64.814902,-3.033786,0
1701,-64.817807,-3.039639,0
1702,-64.816429,-3.047229,0
1703,-64.817886,-3.047025,0
1704,-64.81797,-3.047088,0
1705,-64.823955,-3.050989,0
1706,-64.828114,-3.047187,0
1707,-64.828092,-3.041615,0
1708,-64.818242,-3.047016,0
1709,-64.818021,-3.047018,0
1710,-64.818008,-3.047026,0
1711,-64.818757,-3.044851,0
1712,-64.818977,-3.043793,0
1713,-64.809924,-3.043251,0
1714,-64.80995,-3.043194,0
1715,-64.80998,-3.043073,0
1716,-64.809955,-3.042988,0
1717,-64.811862,-3.036817,0
1718,-64.811878,-3.036743,0
1719,-64.818394,-3.041695,0
1720,-64.818382,-3.041614,0
1721,-64.818471,-3.04164,0
1722,-64.819099,-3.038117,0
1723,-64.814391,-3.037548,0
1724,-64.813987,-3.037117,0
1725,-64.814866,-3.037086,0
1726,-64.828497,-3.030008,0
1727,-64.835572,-3.029601,0
1728,-64.83568,-3.029657,0
1729,-64.835931,-3.027792,0
1730,-64.835603,-3.030698,0
1731,-64.829933,-3.035413,0
1732,-64.827192,-3.040871,0
1733,-64.827838,-3.039301,0
1734,-64.826435,-3.03592,0
1735,-64.822028,-3.03301,0
1736,-64.822002,-3.032945,0
1737,-64.82198,-3.03301,0
1738,-64.822459,-3.033214,0
1739,-64.82209,-3.033047,0
1740,-64.822026,-3.033102,0
1741,-64.822012,-3.033016,0
1742,-64.824432,-3.023044,0
1743,-64.825666,-3.023362,0
1744,-64.830264,-3.024687,0
1745,-64.831884,-3.031393,0
1746,-64.822105,-3.033153,0
1747,-64.822062,-3.033098,0
1748,-64.816365,-3.032775,0
1749,-64.819653,-3.023871,0
1750,-64.819715,-3.023808,0
1751,-64.819683,-3.023864,0
1752,-64.819788,-3.023738,0
1753,-64.811643,-3.027119,0
1754,-64.807567,-3.03579,0
1755,-64.807748,-3.03907,0
1756,-64.807323,-3.039347,0
1757,-64.819042,-3.037709,0
1758,-64.819384,-3.037757,0
1759,-64.822052,-3.032913,0
1760,-64.822131,-3.032968,0
1761,-64.821004,-3.0322,0
1762,-64.821028,-3.032303,0
1763,-64.820912,-3.032659,0
1764,-64.827343,-3.030214,0
1765,-64.830001,-3.039421,0
1766,-64.827449,-3.03715,0
1767,-64.821983,-3.033075,0
1768,-64.816461,-3.032765,0
1769,-64.816338,-3.03279,0
1770,-64.845566,-3.029288,0
1771,-64.845475,-3.029184,0
1772,-64.845527,-3.029394,0
1773,-64.845615,-3.029287,0
1774,-64.845442,-3.029332,0
1775,-64.845586,-3.02932,0
1776,-64.845597,-3.029284,0
1777,-64.841747,-3.023634,1
1778,-64.840528,-3.023825,1
1779,-64.834332,-3.026729,0
1780,-64.834162,-3.026678,0
1781,-64.831343,-3.027804,0
1782,-64.822034,-3.033097,0
1783,-64.82204,-3.033027,0
1784,-64.8223,-3.032844,0
1785,-64.822213,-3.032852,0
1786,-64.821994,-3.033132,0
1787,-64.821917,-3.033078,0
1788,-64.821354,-3.037052,0
1789,-64.82122,-3.037259,0
1790,-64.821116,-3.037151,0
1791,-64.821081,-3.034294,0
1792,-64.821124,-3.036864,0
1793,-64.820748,-3.037534,0
1794,-64.823842,-3.040909,0
1795,-64.823939,-3.040911,0
1796,-64.823913,-3.04085,0
1797,-64.823797,-3.040919,0
1798,-64.823888,-3.040956,0
1799,-64.823867,-3.04089,0
1800,-64.823945,-3.04094,0
1801,-64.823858,-3.040969,0
1802,-64.82521,-3.048318,0
1803,-64.827571,-3.050716,0
1804,-64.826972,-3.05183,0
1805,-64.826847,-3.051903,0
1806,-64.831219,-3.050058,0
1807,-64.83148,-3.050197,0
1808,-64.829617,-3.054462,0
1809,-64.829602,-3.054242,0
1810,-64.82957,-3.054251,0
1811,-64.829607,-3.054351,0
1812,-64.828226,-3.047148,0
1813,-64.828183,-3.047148,0
1814,-64.828313,-3.047159,0
1815,-64.826633,-3.035355,0
1816,-64.821154,-3.037301,0
1817,-64.825353,-3.042502,0
1818,-64.826959,-3.042695,0
1819,-64.826062,-3.042025,0
1820,-64.826074,-3.042024,0
1821,-64.826085,-3.042021,0
1822,-64.826057,-3.042017,0
1823,-64.826444,-3.042456,0
1824,-64.82666,-3.042389,0
1825,-64.826881,-3.042413,0
1826,-64.826135,-3.042048,0
1827,-64.826202,-3.042019,0
1828,-64.826101,-3.042084,0
1829,-64.826011,-3.042019,0
1830,-64.832366,-3.045581,0
1831,-64.832907,-3.046136,0
1832,-64.832766,-3.044968,0
1833,-64.832779,-3.044873,0
1834,-64.834688,-3.045898,0
1835,-64.834274,-3.046103,0
1836,-64.834306,-3.046122,0
1837,-64.834209,-3.046136,0
1838,-64.83421,-3.046131,0
1839,-64.833943,-3.043842,0
1840,-64.833944,-3.04388,0
1841,-64.829916,-3.039379,0
1842,-64.826096,-3.042063,0
1843,-64.826083,-3.042066,0
1844,-64.826075,-3.042062,0
1845,-64.82599,-3.042118,0
1846,-64.826121,-3.042054,0
1847,-64.826114,-3.042039,0
1848,-64.826087,-3.042013,0
1849,-64.828578,-3.046494,0
1850,-64.828067,-3.047241,0
1851,-64.828013,-3.047118,0
1852,-64.828113,-3.047105,0
1853,-64.832846,-3.049282,0
1854,-64.826124,-3.042038,0
1855,-64.826074,-3.042038,0
1856,-64.823945,-3.050981,0
1857,-64.823959,-3.050979,0
1858,-64.824093,-3.050976,0
1859,-64.824079,-3.051029,0
1860,-64.827984,-3.058534,0
1861,-64.827548,-3.058236,0
1862,-64.827365,-3.058253,0
1863,-64.827572,-3.058233,0
1864,-64.82687,-3.051863,0
1865,-64.826853,-3.051792,0
1866,-64.826888,-3.051864,0
1867,-64.826929,-3.051948,0
1868,-64.82806,-3.047023,0
1869,-64.826082,-3.042027,0
1870,-64.826012,-3.041989,0
1871,-64.826058,-3.042033,0
1872,-64.827927,-3.041503,0
1873,-64.828119,-3.0414,0
1874,-64.827998,-3.04142,0
1875,-64.828085,-3.041489,0
1876,-64.827925,-3.041479,0
1877,-64.82811,-3.04152,0
1878,-64.831105,-3.039003,0
1879,-64.837542,-3.035866,0
1880,-64.840163,-3.0393,0
1881,-64.840793,-3.039406,0
1882,-64.842985,-3.041593,0
1883,-64.849218,-3.040178,1
1884,-64.849142,-3.040215,1
1885,-64.851429,-3.038961,1
1886,-64.85009,-3.037288,1
1887,-64.850235,-3.037513,1
1888,-64.850195,-3.037522,1
1889,-64.850193,-3.037584,1
1890,-64.834179,-3.035486,0
1891,-64.851484,-3.039038,1
1892,-64.851492,-3.039055,1
1893,-64.851385,-3.039117,1
1894,-64.851413,-3.039007,1
1895,-64.851442,-3.039034,1
1896,-64.851321,-3.039117,1
1897,-64.851594,-3.03922,1
1898,-64.851056,-3.036654,1
1899,-64.851058,-3.036685,1
1900,-64.851028,-3.036659,1
1901,-64.85121,-3.036759,1
1902,-64.83429,-3.035257,0
1903,-64.834227,-3.035308,0
1904,-64.851087,-3.036592,1
1905,-64.851002,-3.036682,1
1906,-64.845598,-3.029216,0
1907,-64.834855,-3.033552,0
1908,-64.834869,-3.033224,0
1909,-64.835054,-3.03355,0
1910,-64.837602,-3.035827,0
1911,-64.837495,-3.035936,0
1912,-64.83822,-3.035882,0
1913,-64.838189,-3.035858,0
1914,-64.838252,-3.035823,0
1915,-64.833925,-3.038288,0
1916,-64.833818,-3.038259,0
1917,-64.833793,-3.038278,0
1918,-64.83384,-3.038139,0
1919,-64.834839,-3.033259,0
1920,-64.834997,-3.033317,0
1921,-64.834992,-3.03349,0
1922,-64.837456,-3.035875,0
1923,-64.840033,-3.038261,0
1924,-64.840005,-3.038189,0
1925,-64.840137,-3.039299,0
1926,-64.840025,-3.039338,0
1927,-64.840012,-3.039354,0
1928,-64.839981,-3.039264,0
1929,-64.840152,-3.039331,0
1930,-64.840121,-3.03931,0
1931,-64.833581,-3.035279,0
1932,-64.826652,-3.035384,0
1933,-64.826691,-3.035408,0
1934,-64.826861,-3.035241,0
1935,-64.829914,-3.039401,0
1936,-64.829665,-3.036511,0
1937,-64.837462,-3.035603,0
1938,-64.828991,-3.028917,0
1939,-64.829004,-3.028895,0
1940,-64.822171,-3.032755,0
1941,-64.822222,-3.032759,0
1942,-64.82232,-3.032697,0
1943,-64.822141,-3.032824,0
1944,-64.822333,-3.032817,0
1945,-64.8189,-3.036788,0
1946,-64.826725,-3.035312,0
1947,-64.826718,-3.035379,0
1948,-64.826553,-3.035528,0
1949,-64.826695,-3.035428,0
1950,-64.82667,-3.03541,0
1951,-64.826726,-3.035409,0
1952,-64.826597,-3.041206,0
1953,-64.838231,-3.035841,0
1954,-64.838222,-3.035769,0
1955,-64.838285,-3.035832,0
1956,-64.838282,-3.035843,0
1957,-64.838193,-3.035848,0
1958,-64.838222,-3.035909,0
1959,-64.838248,-3.035928,0
1960,-64.837358,-3.035835,0
1961,-64.837317,-3.03573,0
1962,-64.83739,-3.03565,0
1963,-64.837383,-3.035627,0
1964,-64.837509,-3.035742,0
1965,-64.834622,-3.049311,0
1966,-64.834592,-3.048617,0
1967,-64.834591,-3.048736,0
1968,-64.838971,-3.050064,0
1969,-64.839146,-3.050116,0
1970,-64.839026,-3.05002,0
1971,-64.83924,-3.050081,0
1972,-64.839026,-3.050081,0
1973,-64.838572,-3.050013,0
1974,-64.839082,-3.050166,0
1975,-64.839045,-3.049973,0
1976,-64.839087,-3.050085,0
1977,-64.839058,-3.05007,0
1978,-64.839038,-3.050075,0
1979,-64.839043,-3.050067,0
1980,-64.839058,-3.050102,0
1981,-64.838977,-3.050158,0
1982,-64.839532,-3.049067,0
1983,-64.839815,-3.04448,0
1984,-64.83981,-3.044386,0
1985,-64.839853,-3.044414,0
1986,-64.84463,-3.046274,0
1987,-64.844579,-3.046363,0
1988,-64.844623,-3.046258,0
1989,-64.844591,-3.046391,0
1990,-64.845859,-3.049167,0
1991,-64.845937,-3.049121,0
1992,-64.845699,-3.049216,0
1993,-64.84582,-3.048997,0
1994,-64.846487,-3.049828,0
1995,-64.846439,-3.050039,0
1996,-64.846384,-3.049939,0
1997,-64.847025,-3.049628,0
1998,-64.849268,-3.044028,1
1999,-64.850225,-3.037681,1
2000,-64.850197,-3.037551,1
2001,-64.850176,-3.03753,1
2002,-64.850213,-3.037507,1
2003,-64.850269,-3.037537,1
2004,-64.850292,-3.03758,1
2005,-64.851166,-3.037799,1
2006,-64.851151,-3.0323,1
2007,-64.851124,-3.032267,1
2008,-64.850376,-3.032654,1
2009,-64.85138,-3.030622,1
2010,-64.851321,-3.028993,1
2011,-64.851364,-3.029126,1
2012,-64.851193,-3.029135,1
2013,-64.852111,-3.026452,1
2014,-64.852993,-3.025786,1
2015,-64.853045,-3.025819,1
2016,-64.852901,-3.025894,1
2017,-64.853376,-3.027947,1
2018,-64.853483,-3.028001,1
2019,-64.85344,-3.027981,1
2020,-64.856472,-3.028156,1
2021,-64.857202,-3.028531,1
2022,-64.856696,-3.028296,1
2023,-64.856553,-3.028247,1
2024,-64.856275,-3.028065,1
2025,-64.856819,-3.026424,1
2026,-64.856865,-3.026576,1
2027,-64.856759,-3.026547,1
2028,-64.856856,-3.02642,1
2029,-64.856697,-3.026546,1
2030,-64.853228,-3.028006,1
2031,-64.853405,-3.027932,1
2032,-64.853854,-3.028153,1
2033,-64.853436,-3.027894,1
2034,-64.853471,-3.027946,1
2035,-64.853366,-3.027989,1
2036,-64.853232,-3.021964,1
2037,-64.84907,-3.016753,1
2038,-64.849024,-3.016683,1
2039,-64.849115,-3.016606,1
2040,-64.848141,-3.012811,1
2041,-64.848216,-3.01278,1
2042,-64.848196,-3.012782,1
2043,-64.844681,-3.008359,1
2044,-64.843135,-3.006817,1
2045,-64.843288,-3.006827,1
2046,-64.846457,-3.003503,1
2047,-64.84665,-3.003698,1
2048,-64.841564,-2.991969,1
2049,-64.841475,-2.992141,1
2050,-64.827645,-2.972927,1
2051,-64.828584,-2.973825,1
2052,-64.827984,-2.974565,1
2053,-64.832614,-2.982221,1
2054,-64.837466,-2.985449,1
2055,-64.837296,-2.9851,1
2056,-64.837234,-2.985086,1
2057,-64.837258,-2.985015,1
2058,-64.836484,-2.984216,1
2059,-64.83659,-2.984184,1
2060,-64.836452,-2.981421,1
2061,-64.837583,-2.980334,1
2062,-64.837546,-2.98021,1
2063,-64.836896,-2.979457,1
2064,-64.832355,-2.96677,1
2065,-64.829429,-2.95917,1
2066,-64.829803,-2.958728,1
2067,-64.821343,-2.955567,1
2068,-64.821387,-2.955416,1
2069,-64.816809,-2.959659,1
2070,-64.816943,-2.969706,1
2071,-64.816812,-2.970531,1
2072,-64.819116,-2.961932,1
2073,-64.819007,-2.960253,1
2074,-64.819039,-2.958974,1
2075,-64.819789,-2.953273,1
2076,-64.828413,-2.937454,1
2077,-64.825088,-2.941629,1
2078,-64.824946,-2.941527,1
2079,-64.821806,-2.942955,1
2080,-64.823479,-2.941483,1
2081,-64.82337,-2.94151,1
2082,-64.825013,-2.941473,1
2083,-64.823139,-2.941528,1
2084,-64.823334,-2.941454,1
2085,-64.914479,-2.984805,2
2086,-64.870706,-3.02978,4
2087,-64.870105,-3.03021,4
2088,-64.870019,-3.030381,4
2089,-64.870019,-3.030982,4
2090,-64.863667,-3.032012,4
2091,-64.86341,-3.03184,4
2092,-64.863753,-3.032012,4
2093,-64.882722,-2.994418,2
2094,-64.882722,-2.994418,2
2095,-64.882722,-2.994418,2
2096,-64.88255,-2.994332,2
2097,-64.882636,-2.994332,2
2098,-64.882722,-2.994246,2
2099,-64.837918,-3.035274,0
2100,-64.855514,-3.018365,1
2101,-64.873023,-3.01785,4
2102,-64.880576,-3.001542,2
2103,-64.880748,-3.001542,2
2104,-64.880919,-3.001285,2
2105,-64.896111,-3.002315,2
2106,-64.892678,-3.009353,2
2107,-64.872766,-3.030124,4
2108,-64.879546,-3.034244,4
2109,-64.877143,-3.03493,4
2110,-64.86547,-3.033214,4
2111,-64.892507,-3.002057,2
2112,-64.891992,-3.004117,2
2113,-64.891648,-3.003774,2
2114,-64.888215,-3.01064,2
2115,-64.892077,-3.004117,2
2116,-64.891562,-3.005147,2
2117,-64.889588,-3.007121,2
2118,-64.892249,-2.999911,2
2119,-64.892592,-3.005404,2
2120,-64.876885,-2.97399,2
2121,-64.875855,-2.974162,2
2122,-64.876027,-2.974763,2
2123,-64.877572,-2.974505,2
2124,-64.8768,-2.973905,2
2125,-64.867787,-2.991757,2
2126,-64.905982,-2.970386,2
2127,-64.905725,-2.970729,2
2128,-64.914222,-2.979827,2
2129,-64.915423,-2.972274,2
2130,-64.915423,-2.972274,2
2131,-64.915338,-2.972188,2
2132,-64.901261,-2.94395,2
2133,-64.89594,-2.954335,2
2134,-64.89491,-2.954936,2
2135,-64.894996,-2.954936,2
2136,-64.889245,-2.959914,2
2137,-64.874053,-2.965665,2
2138,-64.871478,-2.96515,2
2139,-64.894052,-2.991672,2
2140,-64.894052,-2.991672,2
2141,-64.899459,-2.991328,2
2142,-64.907956,-2.986093,2
2143,-64.90787,-2.986178,2
2144,-64.90787,-2.986093,2
2145,-64.910617,-2.98223,2
2146,-64.88976,-2.922406,7
2147,-64.889674,-2.92232,7
2148,-64.88976,-2.922492,7
2149,-64.88255,-2.926183,2
2150,-64.882636,-2.926097,2
2151,-64.88255,-2.926183,2
2152,-64.882636,-2.926097,2
2153,-64.852853,-2.924981,1
2154,-64.875598,-2.923865,2
2155,-64.875684,-2.923865,2
2156,-64.875598,-2.923865,2
2157,-64.874568,-2.923179,2
2158,-64.87371,-2.923694,2
2159,-64.873881,-2.923608,2
2160,-64.872079,-2.923779,2
2161,-64.865813,-2.924037,2
2162,-64.865899,-2.924123,2
2163,-64.865813,-2.924123,2
2164,-64.865813,-2.924123,2
2165,-64.867702,-2.92335,2
2166,-64.867616,-2.923865,2
2167,-64.867702,-2.923694,2
2168,-64.867787,-2.923694,2
2169,-64.871821,-2.92541,2
2170,-64.871736,-2.925324,2
2171,-64.871821,-2.92541,2
2172,-64.873881,-2.923522,2
2173,-64.873881,-2.923779,2
2174,-64.873881,-2.923694,2
2175,-64.874396,-2.918286,2
2176,-64.876113,-2.917342,2
2177,-64.878173,-2.919488,2
2178,-64.877915,-2.919831,2
2179,-64.87783,-2.919745,2
2180,-64.877915,-2.919831,2
2181,-64.878087,-2.919745,2
2182,-64.879804,-2.919316,2
2183,-64.890018,-2.908072,7
2184,-64.890103,-2.907987,7
2185,-64.889073,-2.909532,7
2186,-64.889245,-2.909703,7
2187,-64.886413,-2.908244,7
2188,-64.886413,-2.908158,7
2189,-64.886584,-2.908244,7
2190,-64.886584,-2.908244,7
2191,-64.886584,-2.908244,7
2192,-64.885554,-2.908587,7
2193,-64.885898,-2.911334,7
2194,-64.886498,-2.908244,7
2195,-64.886498,-2.908244,7
2196,-64.886498,-2.90833,7
2197,-64.886498,-2.908244,7
2198,-64.886498,-2.908244,7
2199,-64.886413,-2.90833,7
2200,-64.885812,-2.908845,7
2201,-64.886584,-2.90833,7
2202,-64.886498,-2.908502,7
2203,-64.88667,-2.908072,7
2204,-64.886069,-2.908845,7
2205,-64.886413,-2.909789,7
2206,-64.886498,-2.908416,7
2207,-64.886413,-2.908158,7
2208,-64.882379,-2.910733,7
2209,-64.883151,-2.914166,7
2210,-64.883237,-2.914081,7
2211,-64.884953,-2.911935,7
2212,-64.889159,-2.910562,7
2213,-64.898772,-2.902236,7
2214,-64.898772,-2.90215,7
2215,-64.898858,-2.902236,7
2216,-64.901261,-2.899489,7
2217,-64.90315,-2.897687,7
2218,-64.905295,-2.891679,7
2219,-64.909759,-2.883267,7
2220,-64.909673,-2.883353,7
2221,-64.909673,-2.883267,7
2222,-64.908643,-2.879748,7
2223,-64.907441,-2.880092,7
2224,-64.904523,-2.884812,7
2225,-64.898171,-2.886014,7
2226,-64.90684,-2.875886,7
2227,-64.906754,-2.875886,7
2228,-64.90684,-2.875886,7
2229,-64.906754,-2.875886,7
2230,-64.906754,-2.875886,7
2231,-64.90684,-2.8758,7
2232,-64.906583,-2.8758,7
2233,-64.897742,-2.901378,7
2234,-64.897141,-2.90112,7
2235,-64.894481,-2.901292,7
2236,-64.891906,-2.898374,7
2237,-64.897313,-2.901292,7
2238,-64.896798,-2.900519,7
2239,-64.893966,-2.901807,7
2240,-64.893193,-2.903867,7
2241,-64.893279,-2.903867,7
2242,-64.893193,-2.903867,7
2243,-64.889245,-2.904983,7
2244,-64.887614,-2.903781,7
2245,-64.889159,-2.906785,7
2246,-64.889073,-2.906871,7
2247,-64.889159,-2.906785,7
2248,-64.887013,-2.908072,7
2249,-64.886413,-2.908244,7
2250,-64.886498,-2.908244,7
2251,-64.886498,-2.908416,7
2252,-64.883151,-2.907557,7
2253,-64.885468,-2.906785,7
2254,-64.885383,-2.906785,7
2255,-64.916368,-2.883782,7
2256,-64.895768,-2.894769,7
2257,-64.895682,-2.894769,7
2258,-64.895682,-2.894769,7
2259,-64.891992,-2.898374,7
2260,-64.896626,-2.901978,7
2261,-64.895682,-2.901292,7
2262,-64.895768,-2.901635,7
2263,-64.885297,-2.906785,7
2264,-64.885468,-2.906785,7
2265,-64.884095,-2.9073,7
2266,-64.885383,-2.906785,7
2267,-64.885383,-2.906871,7
2268,-64.891391,-2.913823,7
2269,-64.891219,-2.913995,7
2270,-64.890189,-2.911077,7
2271,-64.884696,-2.907987,7
2272,-64.912505,-2.879663,7
2273,-64.912248,-2.879148,7
2274,-64.912505,-2.879491,7
2275,-64.912162,-2.880864,7
2276,-64.915681,-2.890906,7
2277,-64.915509,-2.890649,7
2278,-64.904523,-2.899232,7
2279,-64.902291,-2.894683,7
2280,-64.906068,-2.902837,7
2281,-64.90624,-2.902837,7
2282,-64.906154,-2.902837,7
2283,-64.90375,-2.907987,7
2284,-64.899459,-2.905841,7
2285,-64.899545,-2.905154,7
2286,-64.971728,-2.926955,5
2287,-64.971213,-2.925839,5
2288,-64.970784,-2.926011,5
2289,-64.971385,-2.924981,5
2290,-64.968553,-2.91923,5
2291,-64.968123,-2.915711,5
2292,-64.953704,-2.939572,5
2293,-64.94761,-2.926183,5
2294,-64.947782,-2.926097,5
2295,-64.947782,-2.926097,5
2296,-64.947867,-2.926097,5
2297,-64.947867,-2.926097,5
2298,-64.948039,-2.926183,5
2299,-64.947953,-2.926183,5
2300,-64.947009,-2.92541,5
2301,-64.947009,-2.92541,5
2302,-64.945722,-2.926526,5
2303,-64.943919,-2.927556,5
2304,-64.871478,-2.933822,2
2305,-64.905381,-2.933393,2
2306,-64.905896,-2.933993,2
2307,-64.913192,-2.936997,2
2308,-64.913106,-2.936912,2
2309,-64.931302,-2.937169,5
2310,-64.93113,-2.937427,5
2311,-64.9507,-2.927728,5
2312,-64.949327,-2.928243,5
2313,-64.957051,-2.94704,5
2314,-64.965634,-2.932363,5
2315,-64.963489,-2.929959,5
2316,-64.950442,-2.941804,5
2317,-64.943919,-2.962575,5
2318,-64.945378,-2.960429,5
2319,-64.945378,-2.960172,5
2320,-64.945292,-2.960944,5
2321,-64.941516,-2.954249,5
2322,-64.941773,-2.947383,5
2323,-64.9301,-2.954936,5
2324,-64.935079,-2.953219,5
2325,-64.929671,-2.953477,5
2326,-64.939198,-2.947726,5
2327,-64.941173,-2.946181,5
2328,-64.942803,-2.962403,5
2329,-64.946837,-2.955194,5
2330,-64.946923,-2.955022,5
2331,-64.935679,-2.946525,5
2332,-64.930701,-2.934937,5
2333,-64.925551,-2.936225,5
2334,-64.92641,-2.936654,5
2335,-64.926152,-2.937512,5
2336,-64.925981,-2.937427,5
2337,-64.926324,-2.937427,5
2338,-64.925551,-2.937598,5
2339,-64.927182,-2.943778,5
2340,-64.927182,-2.943692,5
2341,-64.937396,-2.943435,5
2342,-64.938941,-2.94292,5
2343,-64.96778,-2.921119,5
2344,-64.951386,-2.926869,5
2345,-64.944606,-2.93777,5
2346,-64.954906,-2.943864,5
2347,-64.957309,-2.942147,5
2348,-64.946494,-2.952704,5
2349,-64.937053,-2.939487,5
2350,-64.937568,-2.939916,5
2351,-64.938083,-2.939916,5
2352,-64.934134,-2.946868,5
2353,-64.934306,-2.94704,5
2354,-64.931817,-2.95013,5
2355,-64.943662,-2.958283,5
2356,-64.946237,-2.96206,5
2357,-64.946237,-2.96206,5
2358,-64.95585,-2.959571,5
2359,-64.955935,-2.959399,5
2360,-64.956021,-2.956052,5
2361,-64.953532,-2.957253,5
2362,-64.950185,-2.961202,5
2363,-64.936881,-2.952704,5
2364,-64.931302,-2.951417,5
2365,-64.932246,-2.938199,5
2366,-64.932246,-2.938199,5
2367,-64.932332,-2.938027,5
2368,-64.938083,-2.940259,5
2369,-64.938083,-2.940516,5
2370,-64.937997,-2.939916,5
2371,-64.938083,-2.940602,5
2372,-64.938083,-2.940345,5
2373,-64.938083,-2.940602,5
2374,-64.937997,-2.940774,5
2375,-64.937997,-2.940688,5
2376,-64.920487,-2.970729,2
2377,-64.908299,-2.969699,2
2378,-64.935164,-2.946181,5
2379,-64.940658,-2.944293,5
2380,-64.85651,-3.054789,6
2381,-64.856474,-3.054621,6
2382,-64.856501,-3.054712,6
2383,-64.848559,-3.098325,6
2384,-64.839915,-3.095733,0
2385,-64.840445,-3.095384,0
2386,-64.863942,-3.087384,6
2387,-64.854758,-3.094704,6
2388,-64.854421,-3.096707,6
2389,-64.841983,-3.101138,6
2390,-64.839652,-3.102381,6
2391,-64.840162,-3.100862,6
2392,-64.833299,-3.105252,0
2393,-64.83207,-3.10636,0
2394,-64.832314,-3.105902,0
2395,-64.83227,-3.105024,0
2396,-64.843204,-3.101071,6
2397,-64.84466,-3.100081,6
2398,-64.845559,-3.09975,6
2399,-64.846762,-3.098878,6
2400,-64.847084,-3.098939,6
2401,-64.856586,-3.055036,6
2402,-64.856596,-3.054835,6
2403,-64.857171,-3.056365,6
2404,-64.856591,-3.056179,6
2405,-64.856961,-3.055907,6
2406,-64.852301,-3.071733,6
2407,-64.856728,-3.055978,6
2408,-64.856695,-3.056002,6
2409,-64.856651,-3.055849,6
2410,-64.856173,-3.055766,6
2411,-64.852054,-3.057444,6
2412,-64.856036,-3.055742,6
2413,-64.855875,-3.055499,6
2414,-64.856034,-3.055772,6
2415,-64.856102,-3.059191,6
2416,-64.854048,-3.060257,6
2417,-64.856161,-3.059363,6
2418,-64.855902,-3.059081,6
2419,-64.855962,-3.059156,6
2420,-64.855827,-3.059254,6
2421,-64.855943,-3.059014,6
2422,-64.844892,-3.065959,0
2423,-64.855763,-3.059538,6
2424,-64.84504,-3.064897,0
2425,-64.855917,-3.059037,6
2426,-64.856136,-3.059082,6
2427,-64.855914,-3.059043,6
2428,-64.855997,-3.059268,6
2429,-64.855337,-3.061877,6
2430,-64.851727,-3.073604,6
2431,-64.851712,-3.073574,6
2432,-64.841771,-3.07751,0
2433,-64.851646,-3.073627,6
2434,-64.86736,-3.06732,6
2435,-64.866097,-3.078066,6
2436,-64.851726,-3.073542,6
2437,-64.834206,-3.079336,0
2438,-64.834066,-3.079384,0
2439,-64.850478,-3.073828,6
2440,-64.850499,-3.074225,6
2441,-64.85069,-3.073979,6
2442,-64.850874,-3.074321,6
2443,-64.851548,-3.073932,6
2444,-64.850671,-3.073904,6
2445,-64.83363,-3.081644,0
2446,-64.833389,-3.081558,0
2447,-64.846597,-3.08946,6
2448,-64.846603,-3.089484,6
2449,-64.846714,-3.08948,6
2450,-64.847171,-3.091955,6
2451,-64.846533,-3.089391,6
2452,-64.819099,-3.07899,0
2453,-64.823809,-3.082812,0
2454,-64.82366,-3.08267,0
2455,-64.846561,-3.089333,6
2456,-64.846609,-3.089512,6
2457,-64.844373,-3.091358,6
2458,-64.841272,-3.094145,0
2459,-64.841333,-3.093801,0
2460,-64.841141,-3.093805,0
2461,-64.841153,-3.093734,0
2462,-64.842744,-3.093709,0
2463,-64.84297,-3.093736,0
2464,-64.842779,-3.093724,0
2465,-64.842947,-3.093874,0
2466,-64.83232,-3.082256,0
2467,-64.832183,-3.082186,0
2468,-64.842536,-3.093111,0
2469,-64.837684,-3.090122,0
2470,-64.840301,-3.091979,0
2471,-64.840297,-3.092014,0
2472,-64.840321,-3.091907,0
2473,-64.841045,-3.092454,0
2474,-64.839421,-3.096124,0
2475,-64.839083,-3.096132,0
2476,-64.839319,-3.096188,0
2477,-64.839199,-3.096185,0
2478,-64.843161,-3.102921,6
2479,-64.839482,-3.096555,0
2480,-64.839302,-3.096192,0
2481,-64.839269,-3.096238,0
2482,-64.839279,-3.096318,0
2483,-64.822076,-3.103889,0
2484,-64.839245,-3.096093,0
2485,-64.839263,-3.096173,0
2486,-64.839136,-3.096115,0
2487,-64.839119,-3.096306,0
2488,-64.839195,-3.096185,0
2489,-64.839319,-3.096236,0
2490,-64.839035,-3.096177,0
2491,-64.839224,-3.096003,0
2492,-64.839217,-3.0963,0
2493,-64.845129,-3.096749,6
2494,-64.859076,-3.09771,6
2495,-64.858357,-3.096565,6
2496,-64.856211,-3.099238,6
2497,-64.845056,-3.096792,6
2498,-64.844976,-3.096782,6
2499,-64.845491,-3.097407,6
2500,-64.852676,-3.099436,6
2501,-64.841536,-3.104409,6
2502,-64.84185,-3.104299,6
2503,-64.842137,-3.10432,6
2504,-64.84222,-3.104584,6
2505,-64.842266,-3.104345,6
2506,-64.842309,-3.104659,6
2507,-64.842008,-3.104378,6
2508,-64.842144,-3.104337,6
2509,-64.84374,-3.105203,6
2510,-64.843889,-3.105009,6
2511,-64.842269,-3.104748,6
2512,-64.842163,-3.104445,6
2513,-64.842194,-3.10454,6
2514,-64.842375,-3.10482,6
2515,-64.841965,-3.104495,6
2516,-64.848831,-3.103155,6
2517,-64.848698,-3.102852,6
2518,-64.84879,-3.102991,6
2519,-64.84867,-3.102904,6
2520,-64.848786,-3.102804,6
2521,-64.848475,-3.103021,6
2522,-64.846179,-3.103575,6
2523,-64.846332,-3.103473,6
2524,-64.846437,-3.103448,6
2525,-64.846403,-3.103355,6
2526,-64.845084,-3.104668,6
2527,-64.846069,-3.103511,6
2528,-64.84647,-3.103867,6
2529,-64.837267,-3.104946,0
2530,-64.846794,-3.103972,6
2531,-64.846626,-3.103987,6
2532,-64.846623,-3.10395,6
2533,-64.832688,-3.107428,0
2534,-64.80866,-3.11394,0
2535,-64.84667,-3.104281,6
2536,-64.8467,-3.104352,6
2537,-64.846697,-3.103996,6
2538,-64.846751,-3.104035,6
2539,-64.846735,-3.104058,6
2540,-64.846724,-3.103995,6
2541,-64.846903,-3.1041,6
2542,-64.846777,-3.104184,6
2543,-64.845808,-3.100449,6
2544,-64.845873,-3.100349,6
2545,-64.845858,-3.1003,6
2546,-64.846641,-3.102037,6
2547,-64.847417,-3.101766,6
2548,-64.846641,-3.101914,6
2549,-64.846786,-3.102151,6
2550,-64.84661,-3.102192,6
2551,-64.84801,-3.083691,0
2552,-64.859105,-3.094908,6
2553,-64.860784,-3.094521,6
2554,-64.871981,-3.09048,6
2555,-64.866235,-3.085202,6
2556,-64.846988,-3.102164,6
2557,-64.846774,-3.102049,6
2558,-64.838347,-3.095565,0
2559,-64.834353,-3.095464,0
2560,-64.834277,-3.095368,0
2561,-64.837725,-3.100181,0
2562,-64.834446,-3.096607,0
2563,-64.834423,-3.096565,0
2564,-64.8343,-3.096683,0
2565,-64.834731,-3.096614,0
2566,-64.834458,-3.09641,0
2567,-64.838436,-3.097412,0
2568,-64.838698,-3.097147,0
2569,-64.838953,-3.096425,0
2570,-64.839086,-3.096554,0
2571,-64.839038,-3.096651,0
2572,-64.839045,-3.096506,0
2573,-64.838979,-3.096633,0
2574,-64.839559,-3.094741,0
2575,-64.818074,-3.091792,0
2576,-64.828484,-3.098482,0
2577,-64.839636,-3.094878,0
2578,-64.839503,-3.094797,0
2579,-64.839755,-3.094957,0
2580,-64.839594,-3.094925,0
2581,-64.828356,-3.091365,0
2582,-64.842317,-3.093928,0
2583,-64.842285,-3.093661,0
2584,-64.841594,-3.093946,0
2585,-64.83608,-3.076002,0
2586,-64.841651,-3.081232,0
2587,-64.842131,-3.093342,0
2588,-64.841229,-3.093429,0
2589,-64.82491,-3.090859,0
2590,-64.82347,-3.084929,0
2591,-64.818629,-3.08082,0
2592,-64.822315,-3.079308,0
2593,-64.82399,-3.085072,0
2594,-64.811017,-3.099865,0
2595,-64.823272,-3.085022,0
2596,-64.839815,-3.079247,0
2597,-64.839935,-3.078867,0
2598,-64.823908,-3.084409,0
2599,-64.823955,-3.084434,0
2600,-64.823775,-3.084512,0
2601,-64.823534,-3.084525,0
2602,-64.823634,-3.084311,0
2603,-64.822029,-3.075955,0
2604,-64.821953,-3.085353,0
2605,-64.821925,-3.085989,0
2606,-64.821889,-3.085413,0
2607,-64.821833,-3.086136,0
2608,-64.823018,-3.086154,0
2609,-64.822896,-3.104785,0
2610,-64.824154,-3.104429,0
2611,-64.85486,-3.092017,6
2612,-64.858408,-3.093723,6
2613,-64.858242,-3.093758,6
2614,-64.859354,-3.092124,6
2615,-64.859254,-3.092771,6
2616,-64.860542,-3.08818,6
2617,-64.86144,-3.086806,6
2618,-64.861734,-3.08687,6
2619,-64.861157,-3.08801,6
2620,-64.857804,-3.090892,6
2621,-64.857831,-3.090672,6
2622,-64.857738,-3.090842,6
2623,-64.864436,-3.095683,6
2624,-64.854597,-3.09442,6
2625,-64.85292,-3.096302,6
2626,-64.865217,-3.093575,6
2627,-64.855225,-3.09456,6
2628,-64.855596,-3.094226,6
2629,-64.85439,-3.092644,6
2630,-64.854258,-3.09485,6
2631,-64.845166,-3.09307,6
2632,-64.845416,-3.092972,6
2633,-64.845384,-3.093185,6
2634,-64.845411,-3.092923,6
2635,-64.845186,-3.093082,6
2636,-64.840689,-3.096482,0
2637,-64.840274,-3.096889,0
2638,-64.846936,-3.088041,0
2639,-64.846525,-3.090748,6
2640,-64.846557,-3.090481,6
2641,-64.84651,-3.090577,6
2642,-64.847811,-3.088032,6
2643,-64.847946,-3.08993,6
2644,-64.846597,-3.090774,6
2645,-64.846634,-3.090866,6
2646,-64.8464,-3.090725,6
2647,-64.846739,-3.091006,6
2648,-64.850762,-3.091441,6
2649,-64.860118,-3.094864,6
2650,-64.858067,-3.089347,6
2651,-64.857402,-3.089443,6
2652,-64.857289,-3.089584,6
2653,-64.854618,-3.090419,6
2654,-64.85922,-3.09111,6
2655,-64.852187,-3.095664,6
2656,-64.852522,-3.095611,6
2657,-64.852285,-3.095768,6
2658,-64.852344,-3.095457,6
2659,-64.852513,-3.095486,6
2660,-64.848775,-3.094696,6
2661,-64.848238,-3.094522,6
2662,-64.848528,-3.094525,6
2663,-64.848096,-3.094785,6
2664,-64.841518,-3.099595,6
2665,-64.841394,-3.099575,6
2666,-64.841445,-3.099537,6
2667,-64.831209,-3.101738,0
2668,-64.832589,-3.102217,0
2669,-64.83749,-3.096833,0
2670,-64.809044,-3.109999,0
2671,-64.806565,-3.109867,0
2672,-64.808611,-3.109663,0
2673,-64.808725,-3.109666,0
2674,-64.841237,-3.092381,0
2675,-64.84271,-3.094456,0
2676,-64.84382,-3.094843,6
2677,-64.842799,-3.090078,0
2678,-64.842279,-3.09354,0
2679,-64.843673,-3.09217,6
2680,-64.844795,-3.091617,6
2681,-64.843745,-3.088653,0
2682,-64.846309,-3.090626,6
2683,-64.845802,-3.09079,6
2684,-64.846417,-3.09068,6
2685,-64.845925,-3.090626,6
2686,-64.845726,-3.090892,6
2687,-64.853698,-3.091949,6
2688,-64.851358,-3.086731,6
2689,-64.850877,-3.087068,6
2690,-64.850999,-3.087282,6
2691,-64.861964,-3.086446,6
2692,-64.861206,-3.087235,6
2693,-64.856487,-3.085792,6
2694,-64.857677,-3.08674,6
2695,-64.859147,-3.085295,6
2696,-64.870532,-3.083667,6
2697,-64.871557,-3.08438,6
2698,-64.870448,-3.084171,6
2699,-64.871576,-3.083952,6
2700,-64.870806,-3.08479,6
2701,-64.870922,-3.072094,6
2702,-64.871313,-3.084011,6
2703,-64.871037,-3.08465,6
2704,-64.871485,-3.084289,6
2705,-64.87149,-3.084458,6
2706,-64.871352,-3.084588,6
2707,-64.871103,-3.084249,6
2708,-64.871276,-3.084788,6
2709,-64.87862,-3.090324,6
2710,-64.871282,-3.084689,6
2711,-64.871371,-3.084495,6
2712,-64.873532,-3.085286,6
2713,-64.871297,-3.084694,6
2714,-64.841972,-3.098755,6
2715,-64.856245,-3.091888,6
2716,-64.855938,-3.09115,6
2717,-64.849684,-3.073862,6
2718,-64.846004,-3.083907,0
2719,-64.857124,-3.091476,6
2720,-64.857024,-3.091067,6
2721,-64.842142,-3.084437,0
2722,-64.846264,-3.082891,0
2723,-64.847703,-3.082871,0
2724,-64.847522,-3.094407,6
2725,-64.847483,-3.094467,6
2726,-64.846081,-3.094931,6
2727,-64.844201,-3.098395,6
2728,-64.845608,-3.094196,6
2729,-64.845611,-3.094626,6
2730,-64.82478,-3.095319,0
2731,-64.826576,-3.093911,0
2732,-64.831422,-3.102019,0
2733,-64.831347,-3.102163,0
2734,-64.8038,-3.116226,0
2735,-64.804248,-3.116205,0
2736,-64.807997,-3.12177,0
2737,-64.807798,-3.121909,0
2738,-64.805181,-3.111967,0
2739,-64.805046,-3.112076,0
2740,-64.805694,-3.093206,0
2741,-64.804433,-3.093518,0
2742,-64.804754,-3.093482,0
2743,-64.804916,-3.095341,0
2744,-64.803829,-3.109301,0
2745,-64.812423,-3.113005,0
2746,-64.816568,-3.114964,0
2747,-64.82089,-3.116849,0
2748,-64.822067,-3.117238,0
2749,-64.820484,-3.11654,0
2750,-64.821057,-3.114738,0
2751,-64.821837,-3.11476,0
2752,-64.818337,-3.121918,0
2753,-64.819404,-3.11861,0
2754,-64.821276,-3.114736,0
2755,-64.822845,-3.113238,0
2756,-64.823712,-3.112546,0
2757,-64.821533,-3.116374,0
2758,-64.820969,-3.115653,0
2759,-64.836945,-3.101977,0
2760,-64.83677,-3.102017,0
2761,-64.839915,-3.093308,0
2762,-64.858345,-3.088117,6
2763,-64.870337,-3.093244,6
2764,-64.869973,-3.093031,6
2765,-64.857012,-3.090429,6
2766,-64.857111,-3.090417,6
2767,-64.857187,-3.090514,6
2768,-64.857086,-3.091019,6
2769,-64.856214,-3.091335,6
2770,-64.855048,-3.091333,6
2771,-64.857055,-3.090795,6
2772,-64.856913,-3.091072,6
2773,-64.85612,-3.091333,6
2774,-64.85621,-3.091107,6
2775,-64.85709,-3.090791,6
2776,-64.85563,-3.093168,6
2777,-64.868929,-3.094117,6
2778,-64.84485,-3.090781,6
2779,-64.842947,-3.087709,0
2780,-64.843477,-3.08805,0
2781,-64.844888,-3.090767,6
2782,-64.844906,-3.090788,6
2783,-64.845094,-3.090691,6
2784,-64.844777,-3.090628,6
2785,-64.844971,-3.090838,6
2786,-64.84235,-3.092137,0
2787,-64.842256,-3.092223,0
2788,-64.842342,-3.092145,0
2789,-64.842391,-3.09231,0
2790,-64.843307,-3.099738,6
2791,-64.841734,-3.099277,6
2792,-64.839828,-3.095386,0
2793,-64.83959,-3.09534,0
2794,-64.849923,-3.095238,6
2795,-64.84697,-3.098021,6
2796,-64.845149,-3.099134,6
2797,-64.846495,-3.09708,6
2798,-64.846588,-3.096354,6
2799,-64.846759,-3.096836,6
2800,-64.846658,-3.096875,6
2801,-64.845284,-3.09798,6
2802,-64.845411,-3.097483,6
2803,-64.854466,-3.09349,6
2804,-64.853939,-3.093775,6
2805,-64.845453,-3.097983,6
2806,-64.845391,-3.097799,6
2807,-64.845778,-3.097634,6
2808,-64.845913,-3.097361,6
2809,-64.845472,-3.09757,6
2810,-64.842469,-3.093712,0
2811,-64.84266,-3.093727,0
2812,-64.842616,-3.093656,0
2813,-64.841287,-3.091304,0
2814,-64.83246,-3.094835,0
2815,-64.83246,-3.094779,0
2816,-64.832457,-3.094685,0
2817,-64.835367,-3.095424,0
2818,-64.837829,-3.096065,0
2819,-64.837916,-3.095899,0
2820,-64.837458,-3.096045,0
2821,-64.846258,-3.096887,6
2822,-64.866076,-3.08973,6
2823,-64.865571,-3.095386,6
2824,-64.840634,-3.102851,6
2825,-64.840127,-3.101548,6
2826,-64.844103,-3.099187,6
2827,-64.866507,-3.095449,6
2828,-64.867664,-3.094343,6
2829,-64.868871,-3.092004,6
2830,-64.869188,-3.090394,6
2831,-64.869636,-3.09066,6
2832,-64.869162,-3.09041,6
2833,-64.866843,-3.087261,6
2834,-64.857491,-3.084648,6
2835,-64.858964,-3.086242,6
2836,-64.858922,-3.086231,6
2837,-64.861079,-3.086323,6
2838,-64.86376,-3.08799,6
2839,-64.866615,-3.089227,6
2840,-64.869354,-3.090349,6
2841,-64.869229,-3.090438,6
2842,-64.866568,-3.086243,6
2843,-64.870821,-3.084463,6
2844,-64.870691,-3.084611,6
2845,-64.868285,-3.07306,6
2846,-64.865117,-3.072201,6
2847,-64.864808,-3.072398,6
2848,-64.865224,-3.071699,6
2849,-64.863757,-3.071078,6
2850,-64.866621,-3.086108,6
2851,-64.866351,-3.095537,6
2852,-64.863243,-3.09484,6
2853,-64.862972,-3.094892,6
2854,-64.862765,-3.093533,6
2855,-64.864923,-3.093394,6
2856,-64.865175,-3.09369,6
2857,-64.87219,-3.091801,6
2858,-64.870921,-3.091115,6
2859,-64.862954,-3.0966,6
2860,-64.861361,-3.097527,6
2861,-64.864463,-3.092206,6
2862,-64.864603,-3.092383,6
2863,-64.869563,-3.090191,6
2864,-64.873593,-3.090807,6
2865,-64.875398,-3.090558,6
2866,-64.877502,-3.084583,6
2867,-64.876727,-3.082103,6
2868,-64.871049,-3.087777,6
2869,-64.867218,-3.090581,6
2870,-64.869664,-3.090255,6
2871,-64.869272,-3.090832,6
2872,-64.858238,-3.079694,6
2873,-64.85664,-3.081365,6
2874,-64.855876,-3.08179,6
2875,-64.853465,-3.074593,6
2876,-64.856634,-3.077272,6
2877,-64.857665,-3.077886,6
2878,-64.857964,-3.077977,6
2879,-64.857619,-3.077906,6
2880,-64.857749,-3.077903,6
2881,-64.841739,-3.077756,0
2882,-64.842121,-3.077699,0
2883,-64.842307,-3.077592,0
2884,-64.843642,-3.074836,0
2885,-64.842835,-3.074485,0
2886,-64.836465,-3.066745,0
2887,-64.838476,-3.06473,0
2888,-64.838311,-3.062967,0
2889,-64.838264,-3.063031,0
2890,-64.839803,-3.062739,0
2891,-64.840443,-3.061303,0
2892,-64.839644,-3.060411,0
2893,-64.839588,-3.060332,0
2894,-64.841245,-3.060752,0
2895,-64.8416,-3.061097,0
2896,-64.841258,-3.061038,0
2897,-64.841286,-3.061123,0
2898,-64.841254,-3.061165,0
2899,-64.844773,-3.073927,6
2900,-64.844575,-3.073968,0
2901,-64.844891,-3.07398,6
2902,-64.833974,-3.084313,0
2903,-64.831943,-3.083225,0
2904,-64.831297,-3.082957,0
2905,-64.831279,-3.083212,0
2906,-64.831436,-3.082848,0
2907,-64.826886,-3.083136,0
2908,-64.825765,-3.087158,0
2909,-64.825781,-3.087066,0
2910,-64.825757,-3.087212,0
2911,-64.825755,-3.087381,0
2912,-64.823108,-3.083459,0
2913,-64.823261,-3.083545,0
2914,-64.823195,-3.083586,0
2915,-64.822941,-3.08363,0
2916,-64.824323,-3.080751,0
2917,-64.824316,-3.081403,0
2918,-64.824411,-3.081472,0
2919,-64.825016,-3.080907,0
2920,-64.824533,-3.081332,0
2921,-64.824414,-3.081389,0
2922,-64.822394,-3.079729,0
2923,-64.822113,-3.079761,0
2924,-64.822226,-3.079683,0
2925,-64.819917,-3.079254,0
2926,-64.820366,-3.079042,0
2927,-64.820045,-3.078333,0
2928,-64.820007,-3.078385,0
2929,-64.819959,-3.078395,0
2930,-64.819982,-3.078192,0
2931,-64.820691,-3.081028,0
2932,-64.821517,-3.081654,0
2933,-64.821451,-3.081653,0
2934,-64.827826,-3.080225,0
2935,-64.827278,-3.076054,0
2936,-64.824047,-3.074257,0
2937,-64.824023,-3.074381,0
2938,-64.824456,-3.072955,0
2939,-64.821641,-3.073027,0
2940,-64.818884,-3.075411,0
2941,-64.819541,-3.078601,0
2942,-64.819407,-3.07854,0
2943,-64.819462,-3.078542,0
2944,-64.827439,-3.088338,0
2945,-64.827825,-3.101792,0
2946,-64.828184,-3.102528,0
2947,-64.822389,-3.100766,0
2948,-64.822255,-3.100693,0
2949,-64.822447,-3.100699,0
2950,-64.813355,-3.095057,0
2951,-64.813413,-3.095269,0
2952,-64.813736,-3.095444,0
2953,-64.8135,-3.095279,0
2954,-64.813512,-3.095187,0
2955,-64.827361,-3.108229,0
2956,-64.827485,-3.108993,0
2957,-64.828277,-3.109149,0
2958,-64.836812,-3.103245,0
2959,-64.836748,-3.103338,0
2960,-64.834379,-3.105131,0
2961,-64.830233,-3.107614,0
2962,-64.823573,-3.110601,0
2963,-64.824433,-3.110151,0
2964,-64.822346,-3.114353,0
2965,-64.818781,-3.118127,0
2966,-64.828525,-3.109141,0
2967,-64.828403,-3.108781,0
2968,-64.828662,-3.108916,0
2969,-64.830079,-3.107087,0
2970,-64.836992,-3.103709,0
2971,-64.837277,-3.104189,0
2972,-64.839726,-3.102889,6
2973,-64.838131,-3.104765,0
2974,-64.853881,-3.093835,6
2975,-64.846781,-3.096933,6
2976,-64.846242,-3.097803,6
2977,-64.847025,-3.096471,6
2978,-64.84829,-3.096363,6
2979,-64.858784,-3.091694,6
2980,-64.857728,-3.093866,6
2981,-64.85654,-3.093095,6
2982,-64.854966,-3.089773,6
2983,-64.842898,-3.098644,6
2984,-64.846999,-3.095288,6
2985,-64.847458,-3.095112,6
2986,-64.84778,-3.095009,6
2987,-64.851766,-3.09156,6
2988,-64.85916,-3.088211,6
2989,-64.863059,-3.085179,6
2990,-64.862728,-3.085794,6
2991,-64.862337,-3.090251,6
2992,-64.861985,-3.092288,6
2993,-64.862003,-3.092266,6
2994,-64.863372,-3.092082,6
2995,-64.870777,-3.092844,6
2996,-64.853849,-3.089512,6
2997,-64.853628,-3.089737,6
2998,-64.853786,-3.089512,6
2999,-64.853964,-3.089545,6
3000,-64.853715,-3.08976,6
3001,-64.836559,-3.100565,0
3002,-64.852249,-3.090507,6
3003,-64.852776,-3.090038,6
3004,-64.84864,-3.091716,6
3005,-64.849223,-3.094401,6
3006,-64.84702,-3.09526,6
3007,-64.846258,-3.094218,6
3008,-64.844715,-3.095487,6
3009,-64.844718,-3.095593,6
3010,-64.846628,-3.095713,6
3011,-64.848013,-3.092445,6
3012,-64.84778,-3.091651,6
3013,-64.847588,-3.091909,6
3014,-64.847498,-3.09187,6
3015,-64.859322,-3.078381,6
3016,-64.859286,-3.078665,6
3017,-64.858906,-3.077936,6
3018,-64.859083,-3.077741,6
3019,-64.856349,-3.07775,6
3020,-64.857698,-3.076849,6
3021,-64.855189,-3.076367,6
3022,-64.856208,-3.075165,6
3023,-64.853609,-3.068236,6
3024,-64.854141,-3.067799,6
3025,-64.854248,-3.067889,6
3026,-64.860258,-3.056912,6
3027,-64.859771,-3.055882,6
3028,-64.859585,-3.055898,6
3029,-64.86061,-3.056502,6
3030,-64.862181,-3.059595,6
3031,-64.863574,-3.064502,6
3032,-64.863421,-3.065207,6
3033,-64.860377,-3.068891,6
3034,-64.859219,-3.072009,6
3035,-64.861651,-3.079171,6
3036,-64.862637,-3.080735,6
3037,-64.839791,-3.076668,0
3038,-64.837616,-3.089643,0
3039,-64.837601,-3.089521,0
3040,-64.837633,-3.089612,0
3041,-64.83884,-3.09137,0
3042,-64.838631,-3.091352,0
3043,-64.834814,-3.083432,0
3044,-64.835124,-3.082869,0
3045,-64.83486,-3.083335,0
3046,-64.835169,-3.083407,0
3047,-64.833101,-3.082733,0
3048,-64.832212,-3.081638,0
3049,-64.832729,-3.081954,0
3050,-64.831831,-3.080117,0
3051,-64.831767,-3.07945,0
3052,-64.831795,-3.080226,0
3053,-64.831779,-3.079831,0
3054,-64.831621,-3.073582,0
3055,-64.831714,-3.073427,0
3056,-64.831599,-3.073652,0
3057,-64.831783,-3.07347,0
3058,-64.83173,-3.073323,0
3059,-64.831651,-3.07342,0
3060,-64.831172,-3.073193,0
3061,-64.828084,-3.073431,0
3062,-64.830808,-3.07327,0
3063,-64.815167,-3.076491,0
3064,-64.813646,-3.087816,0
3065,-64.813722,-3.087644,0
3066,-64.818883,-3.090903,0
3067,-64.818832,-3.091049,0
3068,-64.832512,-3.092246,0
3069,-64.847526,-3.079877,6
3070,-64.850335,-3.078459,6
3071,-64.850001,-3.078204,6
3072,-64.858231,-3.047427,6
3073,-64.850768,-3.065656,6
3074,-64.853145,-3.067253,6
3075,-64.845585,-3.069867,6
3076,-64.836489,-3.058726,0
3077,-64.842987,-3.064544,0
3078,-64.841908,-3.062824,0
3079,-64.842131,-3.072226,0
3080,-64.855132,-3.048624,6
3081,-64.855168,-3.048789,6
3082,-64.851631,-3.049838,6
3083,-64.851683,-3.072234,6
3084,-64.852066,-3.072052,6
3085,-64.851939,-3.078716,6
3086,-64.852053,-3.086776,6
3087,-64.85712,-3.089091,6
3088,-64.85756,-3.089115,6
3089,-64.869146,-3.082423,6
3090,-64.864596,-3.076188,6
3091,-64.865727,-3.068502,6
3092,-64.885503,-3.058876,4
3093,-64.880621,-3.059446,6
3094,-64.874448,-3.036678,4
3095,-64.868033,-3.054761,6
3096,-64.87372,-3.07694,6
3097,-64.883034,-3.026808,4
3098,-64.884338,-3.027201,4
3099,-64.868271,-3.059955,6
3100,-64.865061,-3.061856,6
3101,-64.864539,-3.059502,6
3102,-64.864756,-3.059065,6
3103,-64.867356,-3.045733,6
3104,-64.867726,-3.049677,6
3105,-64.86677,-3.047685,6
3106,-64.866738,-3.047327,6
3107,-64.865369,-3.060287,6
3108,-64.866724,-3.065621,6
3109,-64.862829,-3.069635,6
3110,-64.862555,-3.069682,6
3111,-64.862018,-3.069283,6
3112,-64.862185,-3.072682,6
3113,-64.877151,-3.086849,6
3114,-64.87752,-3.086895,6
3115,-64.867228,-3.0763,6
3116,-64.87767,-3.078089,6
3117,-64.877696,-3.077896,6
3118,-64.877102,-3.075209,6
3119,-64.879556,-3.079202,6
3120,-64.874493,-3.088914,6
3121,-64.875621,-3.09041,6
3122,-64.875209,-3.090333,6
3123,-64.852722,-3.097061,6
3124,-64.852392,-3.09672,6
3125,-64.856544,-3.095316,6
3126,-64.853192,-3.090972,6
3127,-64.853104,-3.09127,6
3128,-64.853679,-3.09033,6
3129,-64.826181,-3.108382,0
3130,-64.853717,-3.096704,6
3131,-64.835683,-3.10306,0
3132,-64.829369,-3.097416,0
3133,-64.817779,-3.094536,0
3134,-64.814665,-3.079874,0
3135,-64.814471,-3.074395,0
3136,-64.80312,-3.093745,0
3137,-64.811116,-3.089319,0
3138,-64.816648,-3.072992,0
3139,-64.840722,-3.063716,0
3140,-64.840651,-3.06405,0
3141,-64.847253,-3.064861,6
3142,-64.864378,-3.070959,6
3143,-64.865947,-3.072403,6
3144,-64.865976,-3.072612,6
3145,-64.866828,-3.076375,6
3146,-64.866942,-3.076771,6
3147,-64.867124,-3.076661,6
3148,-64.86481,-3.071907,6
3149,-64.864728,-3.071925,6
3150,-64.866683,-3.076562,6
3151,-64.864777,-3.071973,6
3152,-64.867548,-3.077224,6
3153,-64.881932,-3.069494,6
3154,-64.87864,-3.065824,6
3155,-64.89209,-3.060049,4
3156,-64.890947,-3.058973,4
3157,-64.84063,-3.07484,0
3158,-64.844205,-3.061674,0
3159,-64.844046,-3.061791,0
3160,-64.839788,-3.05972,0
3161,-64.838912,-3.060264,0
3162,-64.838929,-3.060334,0
3163,-64.852288,-3.050582,6
3164,-64.914492,-2.984694,2
3165,-64.914393,-2.984782,2
3166,-64.914429,-2.984764,2
3167,-64.914457,-2.984743,2
3168,-64.914398,-2.98477,2
3169,-64.914415,-2.984724,2
3170,-64.914481,-2.984671,2
3171,-64.914587,-2.984635,2
3172,-64.914527,-2.98459,2
3173,-64.914506,-2.984673,2
3174,-64.914467,-2.984642,2
3175,-64.914618,-2.984603,2
3176,-64.914497,-2.984709,2
3177,-64.914441,-2.984768,2
3178,-64.9145,-2.984677,2
3179,-64.914491,-2.98474,2
3180,-64.914442,-2.984835,2
3181,-64.91445,-2.984755,2
3182,-64.914472,-2.984738,2
3183,-64.914431,-2.984706,2
3184,-64.914503,-2.984643,2
3185,-64.914375,-2.98484,2
3186,-64.91448,-2.98468,2
3187,-64.914462,-2.984705,2
3188,-64.914518,-2.98459,2
3189,-64.914494,-2.984705,2
3190,-64.914477,-2.984616,2
3191,-64.914494,-2.984712,2
3192,-64.914364,-2.984767,2
3193,-64.91448,-2.984707,2
3194,-64.914476,-2.984691,2
3195,-64.914469,-2.984672,2
3196,-64.914501,-2.984645,2
3197,-64.914425,-2.984697,2
3198,-64.914413,-2.984725,2
3199,-64.914386,-2.984746,2
3200,-64.914312,-2.984743,2
3201,-64.867561,-3.042991,6
3202,-64.867486,-3.042981,6
3203,-64.866643,-3.039881,4
3204,-64.86554,-3.039672,4
3205,-64.865328,-3.039155,4
3206,-64.865201,-3.040464,4
3207,-64.86352,-3.046094,6
3208,-64.86365,-3.046087,6
3209,-64.8636,-3.046046,6
3210,-64.862023,-3.050914,6
3211,-64.859414,-3.051799,6
3212,-64.858727,-3.051297,6
3213,-64.858728,-3.050746,6
3214,-64.859717,-3.049629,6
3215,-64.863357,-3.057866,6
3216,-64.868913,-3.05621,6
3217,-64.86757,-3.049822,6
3218,-64.868038,-3.04652,6
3219,-64.867769,-3.046859,6
3220,-64.868012,-3.046798,6
3221,-64.867815,-3.046655,6
3222,-64.867854,-3.046569,6
3223,-64.867901,-3.0466,6
3224,-64.86801,-3.046486,6
3225,-64.86803,-3.046549,6
3226,-64.868004,-3.046582,6
3227,-64.867957,-3.046508,6
3228,-64.867976,-3.046567,6
3229,-64.867944,-3.046589,6
3230,-64.867915,-3.046532,6
3231,-64.867877,-3.046659,6
3232,-64.867847,-3.046582,6
3233,-64.867885,-3.046447,6
3234,-64.867924,-3.04651,6
3235,-64.868012,-3.04646,6
3236,-64.867954,-3.046591,6
3237,-64.867923,-3.046697,6
3238,-64.867842,-3.046556,6
3239,-64.867978,-3.046882,6
3240,-64.867927,-3.04683,6
3241,-64.867922,-3.046546,6
3242,-64.867906,-3.046448,6
3243,-64.867856,-3.046489,6
3244,-64.865808,-3.0451,6
3245,-64.86805,-3.046467,6
3246,-64.867933,-3.046445,6
3247,-64.867839,-3.046538,6
3248,-64.867885,-3.046506,6
3249,-64.866393,-3.045196,6
3250,-64.866524,-3.045169,6
3251,-64.866498,-3.045239,6
3252,-64.866653,-3.045164,6
3253,-64.866624,-3.04522,6
3254,-64.865317,-3.045148,6
3255,-64.86534,-3.045259,6
3256,-64.865365,-3.045161,6
3257,-64.865222,-3.045138,6
3258,-64.864694,-3.040725,4
3259,-64.864743,-3.040751,4
3260,-64.866628,-3.039959,4
3261,-64.866536,-3.0399,4
3262,-64.866557,-3.039934,4
3263,-64.869377,-3.036828,4
3264,-64.869654,-3.036608,4
3265,-64.869684,-3.036682,4
3266,-64.869704,-3.036606,4
3267,-64.869579,-3.036731,4
3268,-64.868269,-3.041454,6
3269,-64.868105,-3.041594,6
3270,-64.859147,-3.052664,6
3271,-64.855461,-3.055702,6
3272,-64.85552,-3.055808,6
3273,-64.855459,-3.055874,6
3274,-64.856255,-3.054821,6
3275,-64.857219,-3.055472,6
3276,-64.858201,-3.057985,6
3277,-64.853051,-3.060482,6
3278,-64.853103,-3.060524,6
3279,-64.853112,-3.060539,6
3280,-64.853607,-3.060618,6
3281,-64.853655,-3.060702,6
3282,-64.853524,-3.060595,6
3283,-64.844675,-3.066743,0
3284,-64.84188,-3.061076,0
3285,-64.849559,-3.065024,6
3286,-64.852756,-3.064666,6
3287,-64.852832,-3.064753,6
3288,-64.852643,-3.06477,6
3289,-64.852867,-3.064555,6
3290,-64.852795,-3.064623,6
3291,-64.853977,-3.064554,6
3292,-64.860699,-3.063985,6
3293,-64.857656,-3.072887,6
3294,-64.852828,-3.064536,6
3295,-64.852692,-3.064714,6
3296,-64.852788,-3.064578,6
3297,-64.852702,-3.064711,6
3298,-64.849516,-3.066468,6
3299,-64.849167,-3.067039,6
3300,-64.846286,-3.071544,6
3301,-64.838411,-3.072325,0
3302,-64.845038,-3.063831,0
3303,-64.845026,-3.063882,0
3304,-64.845044,-3.063944,0
3305,-64.845046,-3.063856,0
3306,-64.845052,-3.063844,0
3307,-64.845072,-3.063811,0
3308,-64.845931,-3.071284,6
3309,-64.845814,-3.071005,6
3310,-64.845879,-3.07124,6
3311,-64.846063,-3.071335,6
3312,-64.845911,-3.071369,6
3313,-64.845871,-3.071242,6
3314,-64.844488,-3.071109,6
3315,-64.844421,-3.071042,6
3316,-64.838526,-3.067848,0
3317,-64.836157,-3.075887,0
3318,-64.83519,-3.076778,0
3319,-64.835299,-3.076725,0
3320,-64.837159,-3.076808,0
3321,-64.836434,-3.076047,0
3322,-64.836261,-3.076033,0
3323,-64.836325,-3.076146,0
3324,-64.836394,-3.076064,0
3325,-64.836426,-3.076129,0
3326,-64.836346,-3.076138,0
3327,-64.83639,-3.076135,0
3328,-64.837318,-3.074708,0
3329,-64.842801,-3.070778,0
3330,-64.842841,-3.070762,0
3331,-64.842897,-3.070775,0
3332,-64.842912,-3.070739,0
3333,-64.842933,-3.070821,0
3334,-64.842819,-3.070694,0
3335,-64.842788,-3.070906,0
3336,-64.847071,-3.068184,6
3337,-64.847032,-3.068306,6
3338,-64.846372,-3.066058,0
3339,-64.846892,-3.065739,6
3340,-64.841398,-3.069705,0
3341,-64.836305,-3.07618,0
3342,-64.840044,-3.076079,0
3343,-64.844609,-3.076356,0
3344,-64.848728,-3.069445,6
3345,-64.842567,-3.05925,0
3346,-64.842553,-3.059352,0
3347,-64.842529,-3.05923,0
3348,-64.842524,-3.059312,0
3349,-64.842548,-3.059228,0
3350,-64.842584,-3.059249,0
3351,-64.839708,-3.061962,0
3352,-64.839293,-3.064728,0
3353,-64.839731,-3.0647,0
3354,-64.839688,-3.06464,0
3355,-64.839668,-3.06449,0
3356,-64.839745,-3.061907,0
3357,-64.844906,-3.069923,6
3358,-64.844609,-3.069597,6
3359,-64.845331,-3.07035,6
3360,-64.845165,-3.070078,6
3361,-64.844911,-3.070038,6
3362,-64.845677,-3.071135,6
3363,-64.845902,-3.071155,6
3364,-64.846116,-3.071255,6
3365,-64.846558,-3.071428,6
3366,-64.846596,-3.07133,6
3367,-64.847291,-3.074287,6
3368,-64.842156,-3.074782,0
3369,-64.844718,-3.076873,0
3370,-64.841832,-3.075357,0
3371,-64.842143,-3.075248,0
3372,-64.842147,-3.075185,0
3373,-64.841823,-3.075315,0
3374,-64.842189,-3.075368,0
3375,-64.842043,-3.075329,0
3376,-64.841854,-3.08791,0
3377,-64.841856,-3.08793,0
3378,-64.841809,-3.087684,0
3379,-64.841552,-3.087779,0
3380,-64.841919,-3.087888,0
3381,-64.841952,-3.087841,0
3382,-64.841817,-3.087971,0
3383,-64.841652,-3.087784,0
3384,-64.84174,-3.087904,0
3385,-64.841637,-3.087926,0
3386,-64.842154,-3.089848,0
3387,-64.842262,-3.089741,0
3388,-64.842254,-3.089875,0
3389,-64.842243,-3.089863,0
3390,-64.842211,-3.08984,0
3391,-64.841335,-3.095303,0
3392,-64.848071,-3.09138,6
3393,-64.848007,-3.091456,6
3394,-64.847916,-3.091415,6
3395,-64.848135,-3.09133,6
3396,-64.846982,-3.092093,6
3397,-64.847127,-3.095303,6
3398,-64.847686,-3.095616,6
3399,-64.847975,-3.095642,6
3400,-64.847338,-3.095633,6
3401,-64.846487,-3.09571,6
3402,-64.846464,-3.09573,6
3403,-64.846388,-3.095744,6
3404,-64.846571,-3.095725,6
3405,-64.846549,-3.095769,6
3406,-64.840531,-3.095592,0
3407,-64.842266,-3.094675,0
3408,-64.84231,-3.094609,0
3409,-64.848177,-3.075926,6
3410,-64.853714,-3.069186,6
3411,-64.862914,-3.064641,6
3412,-64.862694,-3.063996,6
3413,-64.862544,-3.063984,6
3414,-64.862622,-3.06405,6
3415,-64.862698,-3.064015,6
3416,-64.861501,-3.065086,6
3417,-64.86156,-3.065001,6
3418,-64.862023,-3.063277,6
3419,-64.862731,-3.062815,6
3420,-64.864796,-3.060939,6
3421,-64.864529,-3.060988,6
3422,-64.864626,-3.06112,6
3423,-64.873517,-3.06022,6
3424,-64.858725,-3.058142,6
3425,-64.855125,-3.05887,6
3426,-64.85237,-3.059404,6
3427,-64.858151,-3.045547,6
3428,-64.864747,-3.049446,6
3429,-64.864552,-3.04944,6
3430,-64.864728,-3.049367,6
3431,-64.864894,-3.050786,6
3432,-64.860999,-3.057211,6
3433,-64.852688,-3.065248,6
3434,-64.843941,-3.066938,0
3435,-64.845183,-3.067928,0
3436,-64.845333,-3.068015,6
3437,-64.84494,-3.067972,0
3438,-64.844448,-3.066971,0
3439,-64.841404,-3.064727,0
3440,-64.839019,-3.069289,0
3441,-64.843659,-3.060813,0
3442,-64.845134,-3.063547,0
3443,-64.850764,-3.066211,6
3444,-64.850824,-3.06607,6
3445,-64.85069,-3.066138,6
3446,-64.850742,-3.066068,6
3447,-64.850741,-3.066118,6
3448,-64.857867,-3.077273,6
3449,-64.849663,-3.082473,6
3450,-64.863361,-3.081108,6
3451,-64.866086,-3.073816,6
3452,-64.866058,-3.073783,6
3453,-64.86311,-3.071477,6
3454,-64.863044,-3.071472,6
3455,-64.8594,-3.065446,6
3456,-64.859055,-3.059613,6
3457,-64.854753,-3.05894,6
3458,-64.854325,-3.058984,6
3459,-64.85417,-3.058398,6
3460,-64.856818,-3.053958,6
3461,-64.861571,-3.046812,6
3462,-64.861664,-3.046774,6
3463,-64.861666,-3.046761,6
3464,-64.861584,-3.046833,6
3465,-64.861564,-3.046679,6
3466,-64.861604,-3.046715,6
3467,-64.861695,-3.046753,6
3468,-64.865194,-3.045076,6
3469,-64.870578,-3.040481,4
3470,-64.871347,-3.041483,4
3471,-64.872166,-3.044598,4
3472,-64.875891,-3.044236,4
3473,-64.875937,-3.04421,4
3474,-64.876031,-3.044342,4
3475,-64.876001,-3.044312,4
3476,-64.876029,-3.044325,4
3477,-64.875967,-3.04428,4
3478,-64.878013,-3.04417,4
3479,-64.878138,-3.034321,4
3480,-64.873657,-3.034747,4
3481,-64.875256,-3.040345,4
3482,-64.875966,-3.041374,4
3483,-64.875985,-3.041399,4
3484,-64.875833,-3.04139,4
3485,-64.875996,-3.041336,4
3486,-64.876066,-3.041433,4
3487,-64.875905,-3.041541,4
3488,-64.878237,-3.040619,4
3489,-64.878795,-3.041649,4
3490,-64.882451,-3.045042,4
3491,-64.882945,-3.045074,4
3492,-64.882907,-3.044992,4
3493,-64.882999,-3.045083,4
3494,-64.882998,-3.045109,4
3495,-64.882993,-3.045047,4
3496,-64.883005,-3.045034,4
3497,-64.882178,-3.044195,4
3498,-64.883842,-3.044618,4
3499,-64.883879,-3.044593,4
3500,-64.887543,-3.048266,4
3501,-64.888223,-3.054735,4
3502,-64.883832,-3.049625,4
3503,-64.883874,-3.049696,4
3504,-64.88385,-3.049698,4
3505,-64.883923,-3.049693,4
3506,-64.883935,-3.049711,4
3507,-64.881934,-3.051093,4
3508,-64.881928,-3.051089,4
3509,-64.881846,-3.050618,4
3510,-64.882033,-3.051109,4
3511,-64.882019,-3.051138,4
3512,-64.881973,-3.051234,4
3513,-64.881995,-3.051183,4
3514,-64.882003,-3.051214,4
3515,-64.882018,-3.05111,4
3516,-64.881992,-3.051113,4
3517,-64.881988,-3.051145,4
3518,-64.876203,-3.052446,4
3519,-64.876205,-3.052216,4
3520,-64.876273,-3.052358,4
3521,-64.875355,-3.050831,4
3522,-64.871979,-3.048482,4
3523,-64.871959,-3.048307,4
3524,-64.869681,-3.053441,6
3525,-64.86952,-3.055618,6
3526,-64.867859,-3.05864,6
3527,-64.878583,-3.054715,4
3528,-64.878133,-3.052448,4
3529,-64.878309,-3.052434,4
3530,-64.878171,-3.052437,4
3531,-64.878202,-3.052366,4
3532,-64.874523,-3.051913,4
3533,-64.869736,-3.05505,6
3534,-64.86435,-3.053955,6
3535,-64.861354,-3.05288,6
3536,-64.872772,-3.044789,4
3537,-64.877883,-3.044951,4
3538,-64.877882,-3.044888,4
3539,-64.877875,-3.044736,4
3540,-64.877881,-3.04488,4
3541,-64.877893,-3.044907,4
3542,-64.878789,-3.045034,4
3543,-64.878826,-3.043993,4
3544,-64.87762,-3.041409,4
3545,-64.87409,-3.041234,4
3546,-64.863477,-3.050815,6
3547,-64.863348,-3.050611,6
3548,-64.863437,-3.050774,6
3549,-64.863724,-3.051094,6
3550,-64.864653,-3.052222,6
3551,-64.864738,-3.052211,6
3552,-64.864653,-3.052209,6
3553,-64.863073,-3.056257,6
3554,-64.850391,-3.059857,6
3555,-64.857738,-3.057395,6
3556,-64.857926,-3.057314,6
3557,-64.857916,-3.057304,6
3558,-64.860737,-3.059566,6
3559,-64.860868,-3.059586,6
3560,-64.860842,-3.059547,6
3561,-64.860839,-3.059552,6
3562,-64.865177,-3.060582,6
3563,-64.862256,-3.051868,6
3564,-64.862948,-3.051332,6
3565,-64.862879,-3.051297,6
3566,-64.862709,-3.051436,6
3567,-64.862981,-3.051344,6
3568,-64.862899,-3.051297,6
3569,-64.86296,-3.051337,6
3570,-64.862988,-3.051312,6
3571,-64.862765,-3.051116,6
3572,-64.862748,-3.05124,6
3573,-64.862823,-3.051105,6
3574,-64.862963,-3.051139,6
3575,-64.86293,-3.051035,6
3576,-64.861523,-3.046465,6
3577,-64.861594,-3.046373,6
3578,-64.868285,-3.053132,6
3579,-64.868507,-3.052069,6
3580,-64.86883,-3.053477,6
3581,-64.868765,-3.053373,6
3582,-64.868981,-3.053405,6
3583,-64.868973,-3.053429,6
3584,-64.868914,-3.053597,6
3585,-64.87416,-3.047009,4
3586,-64.873859,-3.047357,4
3587,-64.873922,-3.047436,4
3588,-64.873889,-3.047407,4
3589,-64.873978,-3.047392,4
3590,-64.87386,-3.047457,4
3591,-64.873923,-3.047404,4
3592,-64.873944,-3.047349,4
3593,-64.873909,-3.047338,4
3594,-64.87388,-3.047371,4
3595,-64.875033,-3.049232,4
3596,-64.874969,-3.049152,4
3597,-64.875037,-3.049146,4
3598,-64.875056,-3.049161,4
3599,-64.875208,-3.049124,4
3600,-64.875019,-3.049085,4
3601,-64.875098,-3.049162,4
3602,-64.876266,-3.049226,4
3603,-64.876098,-3.049279,4
3604,-64.876304,-3.049243,4
3605,-64.876323,-3.048976,4
3606,-64.876288,-3.049244,4
3607,-64.876057,-3.049316,4
3608,-64.876144,-3.049295,4
3609,-64.876217,-3.049334,4
3610,-64.876283,-3.049249,4
3611,-64.876273,-3.049273,4
3612,-64.877748,-3.051047,4
3613,-64.877789,-3.051192,4
3614,-64.877715,-3.051084,4
3615,-64.877733,-3.051118,4
3616,-64.875759,-3.055385,6
3617,-64.871886,-3.060672,6
3618,-64.871926,-3.060701,6
3619,-64.87077,-3.06125,6
3620,-64.871502,-3.056079,6
3621,-64.871595,-3.055968,6
3622,-64.879085,-3.056825,6
3623,-64.879081,-3.056856,6
3624,-64.879105,-3.056825,6
3625,-64.879061,-3.056874,6
3626,-64.887585,-3.055016,4
3627,-64.888491,-3.054593,4
3628,-64.888429,-3.054709,4
3629,-64.892191,-3.05093,4
3630,-64.892012,-3.050775,4
3631,-64.891938,-3.050956,4
3632,-64.892016,-3.050864,4
3633,-64.889864,-3.051077,4
3634,-64.890054,-3.043841,4
3635,-64.887007,-3.040454,4
3636,-64.883103,-3.046167,4
3637,-64.891886,-3.046577,4
3638,-64.89193,-3.046611,4
3639,-64.891878,-3.046484,4
3640,-64.89183,-3.046455,4
3641,-64.896303,-3.045237,4
3642,-64.897559,-3.050333,4
3643,-64.893993,-3.054158,4
3644,-64.888501,-3.054795,4
3645,-64.887324,-3.052319,4
3646,-64.882313,-3.054226,4
3647,-64.885976,-3.057309,4
3648,-64.895758,-3.056054,4
3649,-64.888592,-3.058417,4
3650,-64.888201,-3.058821,4
3651,-64.880123,-3.060907,6
3652,-64.879898,-3.060954,6
3653,-64.880046,-3.06081,6
3654,-64.880029,-3.061059,6
3655,-64.879977,-3.061074,6
3656,-64.875613,-3.060009,6
3657,-64.882393,-3.058305,4
3658,-64.885632,-3.058523,4
3659,-64.886751,-3.058827,4
3660,-64.886657,-3.058759,4
3661,-64.886652,-3.058768,4
3662,-64.886571,-3.05856,4
3663,-64.885665,-3.058108,4
3664,-64.879284,-3.057834,6
3665,-64.87477,-3.056249,6
3666,-64.874728,-3.052178,4
3667,-64.875524,-3.052709,4
3668,-64.875502,-3.052694,4
3669,-64.87557,-3.052679,4
3670,-64.8762,-3.054729,4
3671,-64.876166,-3.054825,4
3672,-64.876153,-3.054696,4
3673,-64.869971,-3.059993,6
3674,-64.863446,-3.056089,6
3675,-64.863795,-3.056132,6
3676,-64.864244,-3.059599,6
3677,-64.864492,-3.061355,6
3678,-64.870106,-3.059966,6
3679,-64.857618,-3.049865,6
3680,-64.858778,-3.051374,6
3681,-64.858282,-3.05126,6
3682,-64.858251,-3.051211,6
3683,-64.859392,-3.051791,6
3684,-64.859463,-3.051803,6
3685,-64.864253,-3.053465,6
3686,-64.867468,-3.042749,6
3687,-64.868671,-3.04471,6
3688,-64.861408,-3.046526,6
3689,-64.861275,-3.046806,6
3690,-64.861283,-3.04665,6
3691,-64.861173,-3.046612,6
3692,-64.861021,-3.046686,6
3693,-64.860813,-3.046517,6
3694,-64.859081,-3.055709,6
3695,-64.862447,-3.056998,6
3696,-64.864492,-3.057277,6
3697,-64.867496,-3.057813,6
3698,-64.867935,-3.058948,6
3699,-64.868031,-3.058962,6
3700,-64.867756,-3.058609,6
3701,-64.856634,-3.047778,6
3702,-64.855831,-3.046246,6
3703,-64.863669,-3.040033,4
3704,-64.866942,-3.041056,4
3705,-64.866741,-3.040744,4
3706,-64.866845,-3.040926,4
3707,-64.867151,-3.041821,4
3708,-64.867334,-3.040345,4
3709,-64.867244,-3.040514,4
3710,-64.879715,-3.033674,4
3711,-64.881334,-3.041804,4
3712,-64.88148,-3.039492,4
3713,-64.881397,-3.039024,4
3714,-64.881494,-3.03944,4
3715,-64.881191,-3.039526,4
3716,-64.881351,-3.039111,4
3717,-64.881535,-3.039367,4
3718,-64.878784,-3.038661,4
3719,-64.885979,-3.036614,4
3720,-64.888716,-3.030007,4
3721,-64.889489,-3.031142,4
3722,-64.889673,-3.031081,4
3723,-64.889685,-3.031197,4
3724,-64.889131,-3.033745,4
3725,-64.889151,-3.034023,4
3726,-64.889195,-3.033913,4
3727,-64.886914,-3.038265,4
3728,-64.886958,-3.038519,4
3729,-64.886861,-3.038534,4
3730,-64.886971,-3.038554,4
3731,-64.886897,-3.038189,4
3732,-64.886881,-3.038244,4
3733,-64.886777,-3.038462,4
3734,-64.887335,-3.041013,4
3735,-64.885785,-3.042466,4
3736,-64.886762,-3.040979,4
3737,-64.888953,-3.051845,4
3738,-64.889078,-3.051855,4
3739,-64.88909,-3.051817,4
3740,-64.889112,-3.051825,4
3741,-64.888757,-3.052373,4
3742,-64.888893,-3.05241,4
3743,-64.888891,-3.052341,4
3744,-64.892208,-3.053982,4
3745,-64.884315,-3.052433,4
3746,-64.887286,-3.048759,4
3747,-64.893046,-3.051548,4
3748,-64.89312,-3.05138,4
3749,-64.893269,-3.051641,4
3750,-64.893425,-3.051754,4
3751,-64.893541,-3.051781,4
3752,-64.897409,-3.05247,4
3753,-64.897373,-3.052444,4
3754,-64.897347,-3.052397,4
3755,-64.893013,-3.051536,4
3756,-64.893009,-3.051476,4
3757,-64.893123,-3.051509,4
3758,-64.893209,-3.051429,4
3759,-64.893657,-3.050848,4
3760,-64.892127,-3.053709,4
3761,-64.888408,-3.05568,4
3762,-64.886503,-3.055996,4
3763,-64.886998,-3.055852,4
3764,-64.892787,-3.053283,4
3765,-64.89279,-3.053185,4
3766,-64.89276,-3.053259,4
3767,-64.892775,-3.053287,4
3768,-64.893183,-3.053852,4
3769,-64.903266,-3.050323,4
3770,-64.893185,-3.047175,4
3771,-64.893102,-3.048521,4
3772,-64.893059,-3.048259,4
3773,-64.892881,-3.048122,4
3774,-64.891773,-3.053547,4
3775,-64.892619,-3.056542,4
3776,-64.879837,-3.059702,6
3777,-64.878424,-3.060021,6
3778,-64.878316,-3.060069,6
3779,-64.866636,-3.077824,6
3780,-64.866637,-3.077729,6
3781,-64.86666,-3.077656,6
3782,-64.866674,-3.077658,6
3783,-64.866718,-3.077931,6
3784,-64.865456,-3.080283,6
3785,-64.865245,-3.080129,6
3786,-64.865212,-3.080269,6
3787,-64.876374,-3.090887,6
3788,-64.876485,-3.090801,6
3789,-64.876415,-3.090876,6
3790,-64.872967,-3.086362,6
3791,-64.871131,-3.071981,6
3792,-64.877285,-3.068914,6
3793,-64.879302,-3.066971,6
3794,-64.873759,-3.079765,6
3795,-64.873456,-3.079795,6
3796,-64.873404,-3.079865,6
3797,-64.873435,-3.079937,6
3798,-64.87339,-3.079796,6
3799,-64.873565,-3.079913,6
3800,-64.871777,-3.077216,6
3801,-64.873932,-3.062845,6
3802,-64.888358,-3.060037,4
3803,-64.867952,-3.058538,6
3804,-64.857094,-3.063023,6
3805,-64.85705,-3.063074,6
3806,-64.853775,-3.068515,6
3807,-64.853867,-3.068472,6
3808,-64.852092,-3.056904,6
3809,-64.856779,-3.047339,6
3810,-64.869587,-3.052598,6
3811,-64.869578,-3.052514,6
3812,-64.870187,-3.051655,4
3813,-64.87087,-3.056121,6
3814,-64.859057,-3.073201,6
3815,-64.852186,-3.073869,6
3816,-64.852329,-3.067276,6
3817,-64.852036,-3.06741,6
3818,-64.852133,-3.067313,6
3819,-64.859248,-3.054819,6
3820,-64.859273,-3.054707,6
3821,-64.857854,-3.062932,6
3822,-64.854456,-3.065922,6
3823,-64.854472,-3.065974,6
3824,-64.854559,-3.066063,6
3825,-64.854493,-3.066029,6
3826,-64.853403,-3.066157,6
3827,-64.853722,-3.066033,6
3828,-64.848461,-3.066194,6
3829,-64.848454,-3.066071,6
3830,-64.848417,-3.066258,6
3831,-64.848181,-3.066665,6
3832,-64.846929,-3.068282,6
3833,-64.846969,-3.068227,6
3834,-64.846959,-3.068341,6
3835,-64.84271,-3.070728,0
3836,-64.842652,-3.071319,0
3837,-64.842206,-3.071491,0
3838,-64.838009,-3.070857,0
3839,-64.838094,-3.070821,0
3840,-64.838013,-3.070895,0
3841,-64.838045,-3.070922,0
3842,-64.838018,-3.070843,0
3843,-64.841217,-3.056776,0
3844,-64.840951,-3.05686,0
3845,-64.840744,-3.056922,0
3846,-64.839673,-3.056884,0
3847,-64.839861,-3.056798,0
3848,-64.850146,-3.078552,6
3849,-64.851245,-3.081985,6
3850,-64.85111,-3.081791,6
3851,-64.851421,-3.081833,6
3852,-64.851344,-3.081865,6
3853,-64.849277,-3.077564,6
3854,-64.850825,-3.090214,6
3855,-64.84577,-3.090027,6
3856,-64.849073,-3.080686,6
3857,-64.85039,-3.079054,6
3858,-64.85334,-3.075306,6
3859,-64.852408,-3.060179,6
3860,-64.852507,-3.060154,6
3861,-64.854656,-3.059811,6
3862,-64.840959,-3.056858,0
3863,-64.831863,-3.065606,0
3864,-64.832682,-3.065973,0
3865,-64.83693,-3.07828,0
3866,-64.836916,-3.078204,0
3867,-64.827787,-3.092981,0
3868,-64.844523,-3.063628,0
3869,-64.842881,-3.07106,0
3870,-64.849737,-3.089902,6
3871,-64.841553,-3.094639,0
3872,-64.839183,-3.096204,0
3873,-64.839008,-3.09615,0
3874,-64.836528,-3.097776,0
3875,-64.833134,-3.098203,0
3876,-64.833207,-3.098276,0
3877,-64.83287,-3.098389,0
3878,-64.832478,-3.097739,0
3879,-64.833142,-3.091262,0
3880,-64.841703,-3.085287,0
3881,-64.841878,-3.085367,0
3882,-64.841086,-3.082671,0
3883,-64.845434,-3.0831,0
3884,-64.845459,-3.083205,0
3885,-64.848826,-3.077717,6
3886,-64.849455,-3.073966,6
3887,-64.849264,-3.073965,6
3888,-64.847344,-3.07239,6
3889,-64.847182,-3.07242,6
3890,-64.852232,-3.072287,6
3891,-64.854317,-3.069647,6
3892,-64.854828,-3.064306,6
3893,-64.857022,-3.058728,6
3894,-64.85199,-3.057889,6
3895,-64.851094,-3.059063,6
3896,-64.846334,-3.064762,0
3897,-64.844642,-3.063839,0
3898,-64.844524,-3.063602,0
3899,-64.837904,-3.063676,0
3900,-64.839517,-3.066019,0
3901,-64.849564,-3.071677,6
3902,-64.851566,-3.072754,6
3903,-64.851555,-3.072882,6
3904,-64.858429,-3.076539,6
3905,-64.858621,-3.076484,6
3906,-64.858621,-3.076569,6
3907,-64.860514,-3.075265,6
3908,-64.862344,-3.074573,6
3909,-64.863431,-3.073466,6
3910,-64.864824,-3.066273,6
3911,-64.864624,-3.066386,6
3912,-64.864734,-3.066465,6
3913,-64.868889,-3.064515,6
3914,-64.861751,-3.058999,6
3915,-64.859949,-3.056266,6
3916,-64.859853,-3.056233,6
3917,-64.859778,-3.05607,6
3918,-64.85963,-3.056184,6
3919,-64.85801,-3.053847,6
3920,-64.857677,-3.0534,6
3921,-64.859608,-3.056175,6
3922,-64.856143,-3.052869,6
3923,-64.85704,-3.050075,6
3924,-64.855667,-3.049396,6
3925,-64.855708,-3.049319,6
3926,-64.855688,-3.049425,6
3927,-64.855681,-3.049222,6
3928,-64.854151,-3.06714,6
3929,-64.853341,-3.065967,6
3930,-64.853427,-3.065949,6
3931,-64.853759,-3.06554,6
3932,-64.85397,-3.065358,6
3933,-64.856326,-3.060528,6
3934,-64.856412,-3.060434,6
3935,-64.857232,-3.060871,6
3936,-64.856212,-3.058166,6
3937,-64.855859,-3.058119,6
3938,-64.843383,-3.045016,0
3939,-64.848507,-3.051171,0
3940,-64.848085,-3.048291,0
3941,-64.847557,-3.05052,0
3942,-64.847598,-3.052665,0
3943,-64.847563,-3.050121,0
3944,-64.852761,-3.051103,6
3945,-64.85178,-3.05088,6
3946,-64.847356,-3.050327,0
3947,-64.842855,-3.053861,0
3948,-64.842499,-3.052191,0
3949,-64.845543,-3.050623,0
3950,-64.846009,-3.055772,0
3951,-64.844986,-3.054409,0
3952,-64.845489,-3.059099,0
3953,-64.845578,-3.059086,0
3954,-64.845539,-3.059112,0
3955,-64.845468,-3.059091,0
3956,-64.845561,-3.058919,0
3957,-64.845761,-3.059541,0
3958,-64.844352,-3.049655,0
3959,-64.84562,-3.03866,0
3960,-64.845455,-3.038385,0
3961,-64.84713,-3.051538,0
3962,-64.847491,-3.05172,0
3963,-64.856717,-3.057975,6
3964,-64.856655,-3.058111,6
3965,-64.858873,-3.068463,6
3966,-64.865552,-3.065926,6
3967,-64.865633,-3.066091,6
3968,-64.865478,-3.065879,6
3969,-64.865532,-3.066033,6
3970,-64.865993,-3.06568,6
3971,-64.866021,-3.065806,6
3972,-64.872273,-3.067154,6
3973,-64.874446,-3.062175,6
3974,-64.871037,-3.057771,6
3975,-64.865585,-3.053557,6
3976,-64.865193,-3.053532,6
3977,-64.865623,-3.053188,6
3978,-64.865511,-3.053047,6
3979,-64.865484,-3.053106,6
3980,-64.865587,-3.053143,6
3981,-64.867835,-3.058583,6
3982,-64.868189,-3.059169,6
3983,-64.864387,-3.062688,6
3984,-64.864321,-3.062445,6
3985,-64.858963,-3.067825,6
3986,-64.856953,-3.078545,6
3987,-64.853422,-3.080042,6
3988,-64.851536,-3.083979,6
3989,-64.857568,-3.088822,6
3990,-64.858263,-3.088828,6
3991,-64.859516,-3.083892,6
3992,-64.848861,-3.078578,6
3993,-64.848549,-3.07844,6
3994,-64.847646,-3.07798,6
3995,-64.847579,-3.078054,6
3996,-64.847591,-3.077906,6
3997,-64.847566,-3.070518,6
3998,-64.847563,-3.070362,6
3999,-64.847673,-3.070393,6
4000,-64.847845,-3.070421,6
4001,-64.847815,-3.070341,6
4002,-64.848485,-3.069978,6
4003,-64.848384,-3.069942,6
4004,-64.848455,-3.069983,6
4005,-64.848352,-3.069952,6
4006,-64.848436,-3.069926,6
4007,-64.848445,-3.069992,6
4008,-64.848461,-3.070027,6
4009,-64.848447,-3.070019,6
4010,-64.848375,-3.069913,6
4011,-64.848413,-3.069999,6
4012,-64.848398,-3.069915,6
4013,-64.848444,-3.069929,6
4014,-64.848396,-3.070009,6
4015,-64.848437,-3.069958,6
4016,-64.849021,-3.068915,6
4017,-64.856472,-3.085692,6
4018,-64.856942,-3.08872,6
4019,-64.857034,-3.088666,6
4020,-64.856935,-3.088938,6
4021,-64.857148,-3.088357,6
4022,-64.863618,-3.088337,6
4023,-64.861641,-3.093877,6
4024,-64.861825,-3.093891,6
4025,-64.854232,-3.095579,6
4026,-64.854594,-3.094606,6
4027,-64.833094,-3.096286,0
4028,-64.833559,-3.097119,0
4029,-64.833001,-3.097376,0
4030,-64.832973,-3.097308,0
4031,-64.828813,-3.094044,0
4032,-64.82738,-3.103243,0
4033,-64.835647,-3.092919,0
4034,-64.835642,-3.092944,0
4035,-64.835672,-3.092881,0
4036,-64.835614,-3.09293,0
4037,-64.836485,-3.093111,0
4038,-64.838103,-3.09522,0
4039,-64.837715,-3.095996,0
4040,-64.837912,-3.096421,0
4041,-64.837852,-3.096079,0
4042,-64.838346,-3.099894,0
4043,-64.838146,-3.099619,0
4044,-64.837963,-3.100474,0
4045,-64.838344,-3.100806,0
4046,-64.838353,-3.100907,0
4047,-64.838492,-3.100806,0
4048,-64.830472,-3.094283,0
4049,-64.830261,-3.093936,0
4050,-64.830358,-3.094134,0
4051,-64.830522,-3.093833,0
4052,-64.830594,-3.094321,0
4053,-64.828197,-3.092749,0
4054,-64.827045,-3.09512,0
4055,-64.826908,-3.095174,0
4056,-64.827049,-3.095037,0
4057,-64.82603,-3.095527,0
4058,-64.825355,-3.091284,0
4059,-64.825554,-3.0891,0
4060,-64.825032,-3.08833,0
4061,-64.82485,-3.088509,0
4062,-64.824692,-3.088573,0
4063,-64.830287,-3.093457,0
4064,-64.830191,-3.103623,0
4065,-64.832186,-3.101175,0
4066,-64.832181,-3.101416,0
4067,-64.831233,-3.102188,0
4068,-64.836638,-3.101934,0
4069,-64.836566,-3.101919,0
4070,-64.843795,-3.101922,6
4071,-64.851518,-3.098912,6
4072,-64.850188,-3.096585,6
4073,-64.840843,-3.093659,0
4074,-64.840884,-3.093712,0
4075,-64.840826,-3.093681,0
4076,-64.836364,-3.104384,0
4077,-64.836888,-3.104077,0
4078,-64.83777,-3.103818,0
4079,-64.837858,-3.103663,0
4080,-64.840329,-3.09652,0
4081,-64.837692,-3.092254,0
4082,-64.847078,-3.085082,0
4083,-64.846643,-3.08546,0
4084,-64.846776,-3.085427,0
4085,-64.846737,-3.08535,0
4086,-64.84016,-3.086812,0
4087,-64.838643,-3.08867,0
4088,-64.839306,-3.08955,0
4089,-64.839252,-3.089564,0
4090,-64.839429,-3.089458,0
4091,-64.842422,-3.084925,0
4092,-64.8424,-3.084906,0
4093,-64.842637,-3.08511,0
4094,-64.842616,-3.084868,0
4095,-64.842473,-3.084993,0
4096,-64.842513,-3.084998,0
4097,-64.842515,-3.085131,0
4098,-64.832872,-3.083072,0
4099,-64.832964,-3.08299,0
4100,-64.840006,-3.080573,0
4101,-64.839801,-3.080506,0
4102,-64.839835,-3.080588,0
4103,-64.839907,-3.080501,0
4104,-64.839979,-3.080532,0
4105,-64.839892,-3.08061,0
4106,-64.841694,-3.077802,0
4107,-64.841522,-3.078112,0
4108,-64.844462,-3.080363,0
4109,-64.844423,-3.080433,0
4110,-64.844511,-3.080428,0
4111,-64.846327,-3.084034,0
4112,-64.846329,-3.084028,0
4113,-64.852594,-3.082175,6
4114,-64.853083,-3.081966,6
4115,-64.852692,-3.082202,6
4116,-64.85422,-3.082019,6
4117,-64.854344,-3.081913,6
4118,-64.854275,-3.081964,6
4119,-64.854289,-3.081865,6
4120,-64.854831,-3.075322,6
4121,-64.853569,-3.08223,6
4122,-64.853427,-3.082114,6
4123,-64.856953,-3.082131,6
4124,-64.849226,-3.079854,6
4125,-64.847526,-3.077839,6
4126,-64.844489,-3.080328,0
4127,-64.859023,-3.069872,6
4128,-64.859036,-3.069885,6
4129,-64.859075,-3.069822,6
4130,-64.859083,-3.069958,6
4131,-64.859153,-3.069883,6
4132,-64.856979,-3.06727,6
4133,-64.856941,-3.067235,6
4134,-64.851737,-3.071138,6
4135,-64.842691,-3.07445,0
4136,-64.842693,-3.074509,0
4137,-64.842709,-3.074572,0
4138,-64.842754,-3.074521,0
4139,-64.842743,-3.074502,0
4140,-64.842751,-3.074508,0
4141,-64.842801,-3.074541,0
4142,-64.842806,-3.074419,0
4143,-64.842736,-3.074504,0
4144,-64.841131,-3.073319,0
4145,-64.837549,-3.067916,0
4146,-64.837436,-3.068238,0
4147,-64.837392,-3.068137,0
4148,-64.839835,-3.068604,0
4149,-64.840026,-3.070649,0
4150,-64.840005,-3.070674,0
4151,-64.839962,-3.070713,0
4152,-64.839961,-3.070714,0
4153,-64.839969,-3.070648,0
4154,-64.840038,-3.070672,0
4155,-64.84218,-3.077664,0
4156,-64.842288,-3.077618,0
4157,-64.841288,-3.077242,0
4158,-64.845572,-3.078418,0
4159,-64.848759,-3.081687,6
4160,-64.84883,-3.081661,6
4161,-64.847615,-3.077982,6
4162,-64.847568,-3.07799,6
4163,-64.847751,-3.077964,6
4164,-64.847606,-3.077914,6
4165,-64.847517,-3.077838,6
4166,-64.840912,-3.09058,0
4167,-64.836818,-3.092027,0
4168,-64.836194,-3.091522,0
4169,-64.836376,-3.09156,0
4170,-64.836404,-3.091563,0
4171,-64.836605,-3.093002,0
4172,-64.836669,-3.092891,0
4173,-64.836713,-3.092907,0
4174,-64.836722,-3.092915,0
4175,-64.836807,-3.09298,0
4176,-64.836747,-3.092743,0
4177,-64.836603,-3.09278,0
4178,-64.839855,-3.093506,0
4179,-64.839891,-3.093442,0
4180,-64.839772,-3.093392,0
4181,-64.840105,-3.093331,0
4182,-64.839921,-3.09357,0
4183,-64.839842,-3.093425,0
4184,-64.839846,-3.093473,0
4185,-64.840043,-3.09354,0
4186,-64.839856,-3.093572,0
4187,-64.840054,-3.093912,0
4188,-64.827024,-3.091396,0
4189,-64.82707,-3.091138,0
4190,-64.825052,-3.091916,0
4191,-64.824956,-3.091974,0
4192,-64.824891,-3.091917,0
4193,-64.824854,-3.091879,0
4194,-64.825088,-3.091892,0
4195,-64.824943,-3.091883,0
4196,-64.825154,-3.088592,0
4197,-64.825675,-3.087878,0
4198,-64.826949,-3.084838,0
4199,-64.826748,-3.084901,0
4200,-64.826907,-3.084876,0
4201,-64.826503,-3.084828,0
4202,-64.826858,-3.084924,0
4203,-64.826883,-3.084682,0
4204,-64.826942,-3.084816,0
4205,-64.824034,-3.085627,0
4206,-64.824044,-3.085638,0
4207,-64.822983,-3.083555,0
4208,-64.824732,-3.080498,0
4209,-64.824575,-3.080495,0
4210,-64.824683,-3.080496,0
4211,-64.824712,-3.08052,0
4212,-64.822691,-3.079289,0
4213,-64.822731,-3.079398,0
4214,-64.822603,-3.0793,0
4215,-64.822815,-3.079347,0
4216,-64.822831,-3.079362,0
4217,-64.822701,-3.079648,0
4218,-64.822754,-3.080444,0
4219,-64.825555,-3.088245,0
4220,-64.825191,-3.088338,0
4221,-64.824052,-3.080898,0
4222,-64.824047,-3.080895,0
4223,-64.824014,-3.081087,0
4224,-64.822867,-3.079365,0
4225,-64.822808,-3.079411,0
4226,-64.822774,-3.079351,0
4227,-64.822971,-3.079272,0
4228,-64.822797,-3.079326,0
4229,-64.822773,-3.079369,0
4230,-64.822894,-3.079388,0
4231,-64.824987,-3.075595,0
4232,-64.825081,-3.075475,0
4233,-64.824865,-3.075234,0
4234,-64.824629,-3.073628,0
4235,-64.823773,-3.073024,0
4236,-64.82391,-3.073413,0
4237,-64.824611,-3.073658,0
4238,-64.824565,-3.073556,0
4239,-64.824664,-3.073725,0
4240,-64.824601,-3.073778,0
4241,-64.824673,-3.073707,0
4242,-64.824577,-3.073625,0
4243,-64.824639,-3.073665,0
4244,-64.824605,-3.073531,0
4245,-64.824629,-3.073547,0
4246,-64.824476,-3.073709,0
4247,-64.824718,-3.073673,0
4248,-64.824557,-3.07361,0
4249,-64.824577,-3.073582,0
4250,-64.824544,-3.073599,0
4251,-64.824631,-3.073581,0
4252,-64.82451,-3.073758,0
4253,-64.827041,-3.072816,0
4254,-64.827097,-3.072786,0
4255,-64.828366,-3.073371,0
4256,-64.828345,-3.073379,0
4257,-64.828319,-3.073384,0
4258,-64.826899,-3.073755,0
4259,-64.827209,-3.074851,0
4260,-64.827261,-3.074958,0
4261,-64.827354,-3.074911,0
4262,-64.827291,-3.074916,0
4263,-64.827172,-3.0749,0
4264,-64.82741,-3.075945,0
4265,-64.827276,-3.079212,0
4266,-64.827248,-3.079187,0
4267,-64.827162,-3.07924,0
4268,-64.827275,-3.079258,0
4269,-64.829893,-3.07752,0
4270,-64.82998,-3.077529,0
4271,-64.829987,-3.077466,0
4272,-64.829993,-3.077472,0
4273,-64.83003,-3.077314,0
4274,-64.82996,-3.077479,0
4275,-64.829346,-3.077715,0
4276,-64.825471,-3.071558,0
4277,-64.825383,-3.071622,0
4278,-64.824977,-3.072192,0
4279,-64.824732,-3.072545,0
4280,-64.824827,-3.072671,0
4281,-64.824741,-3.07252,0
4282,-64.824603,-3.072558,0
4283,-64.824768,-3.072446,0
4284,-64.824828,-3.072478,0
4285,-64.824839,-3.072478,0
4286,-64.820945,-3.074689,0
4287,-64.820047,-3.077098,0
4288,-64.821058,-3.076706,0
4289,-64.822131,-3.080233,0
4290,-64.82183,-3.079815,0
4291,-64.82204,-3.079218,0
4292,-64.822327,-3.079272,0
4293,-64.82188,-3.079727,0
4294,-64.821702,-3.07971,0
4295,-64.823896,-3.08152,0
4296,-64.823943,-3.081559,0
4297,-64.823893,-3.081493,0
4298,-64.821801,-3.082098,0
4299,-64.821433,-3.081641,0
4300,-64.821397,-3.081634,0
4301,-64.821148,-3.081637,0
4302,-64.821393,-3.081731,0
4303,-64.821367,-3.081707,0
4304,-64.821454,-3.081718,0
4305,-64.821363,-3.081653,0
4306,-64.821439,-3.081623,0
4307,-64.821444,-3.081659,0
4308,-64.82153,-3.081624,0
4309,-64.818553,-3.079552,0
4310,-64.818558,-3.079614,0
4311,-64.818575,-3.079603,0
4312,-64.818554,-3.079479,0
4313,-64.81847,-3.079404,0
4314,-64.819452,-3.078519,0
4315,-64.819945,-3.078862,0
4316,-64.819996,-3.078848,0
4317,-64.819975,-3.078856,0
4318,-64.820026,-3.078878,0
4319,-64.820059,-3.078893,0
4320,-64.820044,-3.078819,0
4321,-64.81998,-3.07887,0
4322,-64.82222,-3.078947,0
4323,-64.82242,-3.079036,0
4324,-64.822346,-3.079071,0
4325,-64.822379,-3.079074,0
4326,-64.822442,-3.079008,0
4327,-64.822376,-3.079057,0
4328,-64.822404,-3.07875,0
4329,-64.822304,-3.078924,0
4330,-64.822384,-3.078971,0
4331,-64.822424,-3.07895,0
4332,-64.825256,-3.076731,0
4333,-64.824054,-3.079735,0
4334,-64.823905,-3.08093,0
4335,-64.825148,-3.07667,0
4336,-64.827142,-3.078197,0
4337,-64.827013,-3.077151,0
4338,-64.827099,-3.077237,0
4339,-64.82713,-3.077141,0
4340,-64.827082,-3.077172,0
4341,-64.827155,-3.077262,0
4342,-64.831024,-3.081397,0
4343,-64.831297,-3.082612,0
4344,-64.831243,-3.082617,0
4345,-64.831244,-3.082649,0
4346,-64.833181,-3.080221,0
4347,-64.833278,-3.080039,0
4348,-64.833271,-3.080131,0
4349,-64.833048,-3.080082,0
4350,-64.833132,-3.080137,0
4351,-64.833219,-3.080104,0
4352,-64.833186,-3.08009,0
4353,-64.83501,-3.081465,0
4354,-64.834969,-3.08146,0
4355,-64.835012,-3.081519,0
4356,-64.835306,-3.081621,0
4357,-64.835038,-3.081651,0
4358,-64.835035,-3.081552,0
4359,-64.833134,-3.083166,0
4360,-64.833064,-3.083063,0
4361,-64.833143,-3.083146,0
4362,-64.833272,-3.0834,0
4363,-64.833044,-3.083158,0
4364,-64.833141,-3.083188,0
4365,-64.833187,-3.083299,0
4366,-64.833174,-3.083247,0
4367,-64.834544,-3.083846,0
4368,-64.834376,-3.08386,0
4369,-64.834073,-3.084231,0
4370,-64.841236,-3.091156,0
4371,-64.841172,-3.091253,0
4372,-64.841193,-3.091229,0
4373,-64.841159,-3.091168,0
4374,-64.8412,-3.091165,0
4375,-64.841125,-3.091156,0
4376,-64.841157,-3.091165,0
4377,-64.841278,-3.091161,0
4378,-64.835741,-3.096304,0
4379,-64.835786,-3.096289,0
4380,-64.835741,-3.096293,0
4381,-64.83575,-3.096302,0
4382,-64.835866,-3.096262,0
4383,-64.837544,-3.095708,0
4384,-64.837724,-3.095982,0
4385,-64.837687,-3.096042,0
4386,-64.837632,-3.096113,0
4387,-64.837641,-3.095953,0
4388,-64.837653,-3.095951,0
4389,-64.837469,-3.095927,0
4390,-64.837675,-3.096021,0
4391,-64.837632,-3.096071,0
4392,-64.837632,-3.09602,0
4393,-64.837719,-3.096034,0
4394,-64.837676,-3.095998,0
4395,-64.837651,-3.096062,0
4396,-64.839243,-3.095553,0
4397,-64.839153,-3.095547,0
4398,-64.840489,-3.096569,0
4399,-64.839065,-3.097251,0
4400,-64.839158,-3.097211,0
4401,-64.838637,-3.097468,0
4402,-64.834148,-3.098839,0
4403,-64.834132,-3.099019,0
4404,-64.835046,-3.098596,0
4405,-64.835009,-3.098599,0
4406,-64.834986,-3.098608,0
4407,-64.835096,-3.098617,0
4408,-64.835267,-3.098678,0
4409,-64.835005,-3.098568,0
4410,-64.837316,-3.092749,0
4411,-64.837316,-3.092833,0
4412,-64.837397,-3.092757,0
4413,-64.837427,-3.092686,0
4414,-64.837791,-3.092232,0
4415,-64.83776,-3.092282,0
4416,-64.837766,-3.092222,0
4417,-64.837799,-3.092256,0
4418,-64.837867,-3.092262,0
4419,-64.837909,-3.091888,0
4420,-64.837725,-3.092043,0
4421,-64.841466,-3.093297,0
4422,-64.842385,-3.092211,0
4423,-64.842533,-3.092486,0
4424,-64.842302,-3.092205,0
4425,-64.842398,-3.092181,0
4426,-64.848649,-3.088425,6
4427,-64.849435,-3.088693,6
4428,-64.850314,-3.086718,6
4429,-64.850289,-3.086704,6
4430,-64.850272,-3.086643,6
4431,-64.850472,-3.086825,6
4432,-64.850206,-3.086744,6
4433,-64.85032,-3.086775,6
4434,-64.850332,-3.086851,6
4435,-64.848417,-3.087435,6
4436,-64.848671,-3.087273,6
4437,-64.84751,-3.08778,0
4438,-64.848551,-3.087529,6
4439,-64.84864,-3.087372,6
4440,-64.848626,-3.087492,6
4441,-64.848585,-3.087447,6
4442,-64.848683,-3.087429,6
4443,-64.861796,-3.077265,6
4444,-64.869262,-3.069971,6
4445,-64.869184,-3.070045,6
4446,-64.869125,-3.070041,6
4447,-64.871903,-3.068372,6
4448,-64.871925,-3.068214,6
4449,-64.871875,-3.068112,6
4450,-64.869094,-3.067895,6
4451,-64.868607,-3.068694,6
4452,-64.868664,-3.069387,6
4453,-64.869651,-3.070353,6
4454,-64.871628,-3.068591,6
4455,-64.869077,-3.071819,6
4456,-64.869006,-3.071972,6
4457,-64.869019,-3.072012,6
4458,-64.868898,-3.071886,6
4459,-64.868962,-3.071933,6
4460,-64.868916,-3.072105,6
4461,-64.868969,-3.071984,6
4462,-64.868939,-3.071973,6
4463,-64.868901,-3.071981,6
4464,-64.868958,-3.071967,6
4465,-64.868826,-3.071908,6
4466,-64.868808,-3.07193,6
4467,-64.871172,-3.073126,6
4468,-64.872547,-3.078629,6
4469,-64.873414,-3.08012,6
4470,-64.873975,-3.078355,6
4471,-64.874012,-3.078356,6
4472,-64.873889,-3.078321,6
4473,-64.87385,-3.078219,6
4474,-64.873892,-3.078054,6
4475,-64.873887,-3.078225,6
4476,-64.87366,-3.078391,6
4477,-64.874033,-3.078388,6
4478,-64.873946,-3.078185,6
4479,-64.873914,-3.078228,6
4480,-64.874007,-3.078113,6
4481,-64.873912,-3.078221,6
4482,-64.868552,-3.072407,6
4483,-64.873928,-3.078213,6
4484,-64.873859,-3.078387,6
4485,-64.872731,-3.070107,6
4486,-64.872547,-3.070106,6
4487,-64.872652,-3.070142,6
4488,-64.872696,-3.07017,6
4489,-64.872692,-3.070213,6
4490,-64.872833,-3.070168,6
4491,-64.872799,-3.070194,6
4492,-64.872742,-3.070173,6
4493,-64.872834,-3.070156,6
4494,-64.872753,-3.070152,6
4495,-64.872992,-3.070137,6
4496,-64.872399,-3.069982,6
4497,-64.872697,-3.07,6
4498,-64.873083,-3.070266,6
4499,-64.872738,-3.070164,6
4500,-64.872849,-3.070138,6
4501,-64.872784,-3.070165,6
4502,-64.872846,-3.070133,6
4503,-64.873094,-3.0702,6
4504,-64.875517,-3.069732,6
4505,-64.875599,-3.069954,6
4506,-64.875354,-3.069997,6
4507,-64.875455,-3.069952,6
4508,-64.875532,-3.070016,6
4509,-64.871717,-3.071847,6
4510,-64.871656,-3.071858,6
4511,-64.87142,-3.072997,6
4512,-64.867523,-3.072347,6
4513,-64.865652,-3.073018,6
4514,-64.865631,-3.072914,6
4515,-64.865649,-3.07293,6
4516,-64.869257,-3.071275,6
4517,-64.869303,-3.071257,6
4518,-64.869191,-3.071374,6
4519,-64.869169,-3.071327,6
4520,-64.869146,-3.071343,6
4521,-64.869336,-3.07136,6
4522,-64.862854,-3.060853,6
4523,-64.86033,-3.058368,6
4524,-64.860445,-3.058308,6
4525,-64.860393,-3.058391,6
4526,-64.860412,-3.058391,6
4527,-64.860502,-3.058353,6
4528,-64.860421,-3.05839,6
4529,-64.860339,-3.058328,6
4530,-64.860408,-3.058322,6
4531,-64.860413,-3.058359,6
4532,-64.862939,-3.056067,6
4533,-64.868341,-3.052844,6
4534,-64.86798,-3.053246,6
4535,-64.867459,-3.051744,6
4536,-64.867505,-3.05174,6
4537,-64.867458,-3.051707,6
4538,-64.867453,-3.051795,6
4539,-64.867633,-3.051774,6
4540,-64.867668,-3.051772,6
4541,-64.867603,-3.051672,6
4542,-64.867733,-3.051596,6
4543,-64.868194,-3.049557,6
4544,-64.871312,-3.052404,4
4545,-64.869593,-3.052583,6
4546,-64.869431,-3.052583,6
4547,-64.869403,-3.052537,6
4548,-64.869445,-3.052525,6
4549,-64.86927,-3.052908,6
4550,-64.869445,-3.052592,6
4551,-64.869433,-3.052611,6
4552,-64.86946,-3.052593,6
4553,-64.86961,-3.052718,6
4554,-64.86985,-3.050391,4
4555,-64.870111,-3.050606,4
4556,-64.870073,-3.05069,4
4557,-64.867952,-3.049445,6
4558,-64.867888,-3.049356,6
4559,-64.867857,-3.049539,6
4560,-64.867978,-3.049392,6
4561,-64.867798,-3.049492,6
4562,-64.867859,-3.049471,6
4563,-64.867829,-3.049401,6
4564,-64.867843,-3.049367,6
4565,-64.864268,-3.047803,6
4566,-64.864799,-3.045499,6
4567,-64.86501,-3.04577,6
4568,-64.865075,-3.045801,6
4569,-64.86511,-3.04589,6
4570,-64.865163,-3.045741,6
4571,-64.865086,-3.045845,6
4572,-64.865063,-3.045794,6
4573,-64.865114,-3.045878,6
4574,-64.866608,-3.045198,6
4575,-64.867312,-3.045606,6
4576,-64.867284,-3.045635,6
4577,-64.86722,-3.04566,6
4578,-64.867158,-3.045665,6
4579,-64.867124,-3.045545,6
4580,-64.865988,-3.044747,6
4581,-64.86636,-3.044467,6
4582,-64.864344,-3.041539,4
4583,-64.864506,-3.041464,4
4584,-64.864425,-3.041482,4
4585,-64.864507,-3.041493,4
4586,-64.864349,-3.04151,4
4587,-64.867424,-3.039315,4
4588,-64.871313,-3.043387,4
4589,-64.871396,-3.043263,4
4590,-64.871316,-3.043366,4
4591,-64.870382,-3.043166,4
4592,-64.87131,-3.043361,4
4593,-64.871589,-3.043439,4
4594,-64.871275,-3.043346,4
4595,-64.871468,-3.043372,4
4596,-64.871352,-3.043479,4
4597,-64.877355,-3.042918,4
4598,-64.879255,-3.041651,4
4599,-64.879183,-3.041536,4
4600,-64.879148,-3.041616,4
4601,-64.869253,-3.03628,4
4602,-64.869707,-3.038009,4
4603,-64.869551,-3.038205,4
4604,-64.869737,-3.038035,4
4605,-64.869755,-3.037964,4
4606,-64.869713,-3.037988,4
4607,-64.869792,-3.037908,4
4608,-64.868788,-3.040079,4
4609,-64.868533,-3.039991,4
4610,-64.868777,-3.039998,4
4611,-64.866053,-3.044737,6
4612,-64.86602,-3.044661,6
4613,-64.865621,-3.045582,6
4614,-64.866182,-3.044799,6
4615,-64.866037,-3.044837,6
4616,-64.866077,-3.044756,6
4617,-64.865945,-3.044641,6
4618,-64.866059,-3.044732,6
4619,-64.868895,-3.045735,6
4620,-64.866402,-3.041173,4
4621,-64.860612,-3.041765,6
4622,-64.860545,-3.041779,6
4623,-64.860503,-3.041787,6
4624,-64.860483,-3.041883,6
4625,-64.860538,-3.041824,6
4626,-64.860388,-3.041919,6
4627,-64.860565,-3.04189,6
4628,-64.860606,-3.041817,6
4629,-64.86072,-3.041869,6
4630,-64.860523,-3.041906,6
4631,-64.860535,-3.041876,6
4632,-64.861188,-3.04482,6
4633,-64.862785,-3.048005,6
4634,-64.862487,-3.04792,6
4635,-64.862528,-3.047957,6
4636,-64.862582,-3.048011,6
4637,-64.862619,-3.048015,6
4638,-64.862576,-3.047965,6
4639,-64.862532,-3.047982,6
4640,-64.862553,-3.047942,6
4641,-64.86254,-3.047863,6
4642,-64.867644,-3.052434,6
4643,-64.867668,-3.052442,6
4644,-64.867741,-3.052435,6
4645,-64.867648,-3.052357,6
4646,-64.867504,-3.052275,6
4647,-64.869377,-3.054004,6
4648,-64.87153,-3.058273,6
4649,-64.871581,-3.05834,6
4650,-64.873747,-3.056919,6
4651,-64.873816,-3.056924,6
4652,-64.873765,-3.056855,6
4653,-64.877158,-3.054116,4
4654,-64.877116,-3.053909,4
4655,-64.877121,-3.053928,4
4656,-64.869211,-3.050092,4
4657,-64.869152,-3.050095,6
4658,-64.869203,-3.050079,4
4659,-64.869194,-3.050049,4
4660,-64.869187,-3.050081,4
4661,-64.861009,-3.052479,6
4662,-64.860917,-3.052407,6
4663,-64.860968,-3.05247,6
4664,-64.86094,-3.052433,6
4665,-64.86123,-3.055994,6
4666,-64.859638,-3.052258,6
4667,-64.859359,-3.052195,6
4668,-64.859235,-3.052178,6
4669,-64.856507,-3.052499,6
4670,-64.85651,-3.052476,6
4671,-64.856609,-3.052464,6
4672,-64.856701,-3.052452,6
4673,-64.856447,-3.052411,6
4674,-64.85608,-3.052517,6
4675,-64.8558,-3.052712,6
4676,-64.855829,-3.052715,6
4677,-64.855848,-3.052852,6
4678,-64.855875,-3.052717,6
4679,-64.855894,-3.052773,6
4680,-64.854949,-3.050245,6
4681,-64.85469,-3.050304,6
4682,-64.857265,-3.049414,6
4683,-64.857304,-3.049512,6
4684,-64.857349,-3.049517,6
4685,-64.857424,-3.049489,6
4686,-64.857263,-3.049479,6
4687,-64.857458,-3.049442,6
4688,-64.857285,-3.049481,6
4689,-64.85735,-3.049553,6
4690,-64.857355,-3.04952,6
4691,-64.857384,-3.049507,6
4692,-64.859326,-3.048848,6
4693,-64.859383,-3.048671,6
4694,-64.859437,-3.04857,6
4695,-64.859385,-3.048629,6
4696,-64.859399,-3.048673,6
4697,-64.859408,-3.048706,6
4698,-64.859371,-3.048653,6
4699,-64.863792,-3.047016,6
4700,-64.86369,-3.047237,6
4701,-64.863664,-3.047255,6
4702,-64.862851,-3.056046,6
4703,-64.862817,-3.056025,6
4704,-64.862818,-3.05606,6
4705,-64.86288,-3.056039,6
4706,-64.862799,-3.056066,6
4707,-64.862921,-3.056052,6
4708,-64.862732,-3.055897,6
4709,-64.862937,-3.056006,6
4710,-64.860434,-3.05837,6
4711,-64.860329,-3.058417,6
4712,-64.860447,-3.058307,6
4713,-64.860347,-3.058401,6
4714,-64.8604,-3.058315,6
4715,-64.86027,-3.058368,6
4716,-64.860452,-3.05834,6
4717,-64.860153,-3.058368,6
4718,-64.860396,-3.058377,6
4719,-64.860477,-3.058396,6
4720,-64.860479,-3.058404,6
4721,-64.860485,-3.058432,6
4722,-64.860364,-3.058202,6
4723,-64.860481,-3.058262,6
4724,-64.862033,-3.057982,6
4725,-64.862085,-3.058047,6
4726,-64.862094,-3.058132,6
4727,-64.862059,-3.057993,6
4728,-64.862108,-3.057919,6
4729,-64.862105,-3.058013,6
4730,-64.862121,-3.058009,6
4731,-64.862111,-3.058042,6
4732,-64.862117,-3.057884,6
4733,-64.864501,-3.057272,6
4734,-64.864488,-3.057307,6
4735,-64.86443,-3.05725,6
4736,-64.864352,-3.057464,6
4737,-64.86424,-3.057281,6
4738,-64.864201,-3.057397,6
4739,-64.864485,-3.057206,6
4740,-64.864419,-3.057278,6
4741,-64.864383,-3.057316,6
4742,-64.864423,-3.057287,6
4743,-64.864452,-3.057169,6
4744,-64.864323,-3.057247,6
4745,-64.864196,-3.057188,6
4746,-64.864435,-3.057345,6
4747,-64.864279,-3.058324,6
4748,-64.864532,-3.059005,6
4749,-64.864439,-3.059007,6
4750,-64.864467,-3.059047,6
4751,-64.864556,-3.058982,6
4752,-64.864481,-3.059066,6
4753,-64.864469,-3.059103,6
4754,-64.859751,-3.063718,6
4755,-64.859743,-3.063876,6
4756,-64.859859,-3.063624,6
4757,-64.859657,-3.064193,6
4758,-64.859721,-3.063876,6
4759,-64.858371,-3.065192,6
4760,-64.858363,-3.065133,6
4761,-64.858403,-3.065212,6
4762,-64.858605,-3.065464,6
4763,-64.858598,-3.065391,6
4764,-64.858554,-3.065471,6
4765,-64.858624,-3.065369,6
4766,-64.858635,-3.065532,6
4767,-64.858603,-3.065348,6
4768,-64.858595,-3.06541,6
4769,-64.8579,-3.067301,6
4770,-64.857939,-3.067321,6
4771,-64.857895,-3.067351,6
4772,-64.857351,-3.067368,6
4773,-64.857369,-3.06746,6
4774,-64.857319,-3.067485,6
4775,-64.857329,-3.067382,6
4776,-64.857411,-3.067415,6
4777,-64.853069,-3.073075,6
4778,-64.852898,-3.073106,6
4779,-64.852921,-3.07307,6
4780,-64.852931,-3.073163,6
4781,-64.849586,-3.070128,6
4782,-64.848339,-3.069995,6
4783,-64.84839,-3.069962,6
4784,-64.848375,-3.06996,6
4785,-64.848252,-3.069965,6
4786,-64.848366,-3.070078,6
4787,-64.848467,-3.069943,6
4788,-64.848404,-3.069862,6
4789,-64.848331,-3.06998,6
4790,-64.848411,-3.069972,6
4791,-64.845167,-3.074781,6
4792,-64.841486,-3.078025,0
4793,-64.841577,-3.07823,0
4794,-64.852933,-3.075882,6
4795,-64.852601,-3.075802,6
4796,-64.853618,-3.075082,6
4797,-64.853589,-3.07578,6
4798,-64.853706,-3.075798,6
4799,-64.850668,-3.078473,6
4800,-64.850694,-3.07847,6
4801,-64.85074,-3.078434,6
4802,-64.84599,-3.079863,0
4803,-64.846124,-3.079786,0
4804,-64.845959,-3.079828,0
4805,-64.845986,-3.079891,0
4806,-64.845949,-3.07995,0
4807,-64.845908,-3.079899,0
4808,-64.845927,-3.07988,0
4809,-64.846049,-3.079803,0
4810,-64.845871,-3.08002,0
4811,-64.845913,-3.079929,0
4812,-64.840365,-3.093331,0
4813,-64.840297,-3.093358,0
4814,-64.84034,-3.093341,0
4815,-64.84034,-3.093237,0
4816,-64.836785,-3.093105,0
4817,-64.836762,-3.092834,0
4818,-64.836654,-3.092821,0
4819,-64.836718,-3.092858,0
4820,-64.836819,-3.092794,0
4821,-64.836703,-3.092871,0
4822,-64.836711,-3.09297,0
4823,-64.836756,-3.092882,0
4824,-64.827067,-3.093843,0
4825,-64.828062,-3.091091,0
4826,-64.828206,-3.09108,0
4827,-64.828073,-3.09097,0
4828,-64.82809,-3.091004,0
4829,-64.832303,-3.09352,0
4830,-64.832126,-3.093499,0
4831,-64.832202,-3.093619,0
4832,-64.832365,-3.093559,0
4833,-64.832297,-3.093588,0
4834,-64.836212,-3.091419,0
4835,-64.836243,-3.091527,0
4836,-64.836158,-3.091519,0
4837,-64.836259,-3.091579,0
4838,-64.836209,-3.091531,0
4839,-64.836232,-3.091524,0
4840,-64.835056,-3.086483,0
4841,-64.835195,-3.086417,0
4842,-64.835117,-3.086447,0
4843,-64.835135,-3.086333,0
4844,-64.835073,-3.086447,0
4845,-64.835717,-3.086524,0
4846,-64.838526,-3.08911,0
4847,-64.833652,-3.082111,0
4848,-64.83355,-3.082079,0
4849,-64.833707,-3.082087,0
4850,-64.834385,-3.081801,0
4851,-64.834424,-3.081806,0
4852,-64.834332,-3.081761,0
4853,-64.83445,-3.081781,0
4854,-64.834432,-3.08167,0
4855,-64.834307,-3.081599,0
4856,-64.832465,-3.07984,0
4857,-64.832338,-3.079827,0
4858,-64.829548,-3.079432,0
4859,-64.829562,-3.079476,0
4860,-64.829577,-3.079489,0
4861,-64.828866,-3.078656,0
4862,-64.828978,-3.07863,0
4863,-64.829133,-3.078688,0
4864,-64.82906,-3.078626,0
4865,-64.829133,-3.078646,0
4866,-64.829108,-3.078658,0
4867,-64.829175,-3.078646,0
4868,-64.829068,-3.078668,0
4869,-64.824048,-3.080946,0
4870,-64.824094,-3.080929,0
4871,-64.823743,-3.081015,0
4872,-64.82399,-3.080965,0
4873,-64.824756,-3.080424,0
4874,-64.824096,-3.080806,0
4875,-64.823987,-3.081022,0
4876,-64.823998,-3.080862,0
4877,-64.824038,-3.080848,0
4878,-64.823993,-3.080986,0
4879,-64.824065,-3.080998,0
4880,-64.824134,-3.08094,0
4881,-64.82403,-3.08094,0
4882,-64.823998,-3.080888,0
4883,-64.820999,-3.078673,0
4884,-64.82088,-3.078645,0
4885,-64.821043,-3.078745,0
4886,-64.821214,-3.078871,0
4887,-64.820986,-3.078657,0
4888,-64.821077,-3.078732,0
4889,-64.821016,-3.078614,0
4890,-64.820515,-3.077823,0
4891,-64.820565,-3.073072,0
4892,-64.829582,-3.079516,0
4893,-64.828505,-3.08348,0
4894,-64.828479,-3.083377,0
4895,-64.828419,-3.08331,0
4896,-64.828509,-3.083355,0
4897,-64.828404,-3.083474,0
4898,-64.828442,-3.083338,0
4899,-64.82828,-3.083272,0
4900,-64.825413,-3.088791,0
4901,-64.824234,-3.088844,0
4902,-64.824209,-3.088844,0
4903,-64.822021,-3.088399,0
4904,-64.819933,-3.090011,0
4905,-64.819748,-3.089613,0
4906,-64.819744,-3.089801,0
4907,-64.819678,-3.089965,0
4908,-64.81992,-3.089414,0
4909,-64.819663,-3.089824,0
4910,-64.819744,-3.089757,0
4911,-64.820267,-3.086936,0
4912,-64.82121,-3.086594,0
4913,-64.821214,-3.086553,0
4914,-64.821156,-3.086594,0
4915,-64.821158,-3.086616,0
4916,-64.821131,-3.086585,0
4917,-64.821135,-3.086555,0
4918,-64.821087,-3.086596,0
4919,-64.821079,-3.086497,0
4920,-64.821177,-3.086534,0
4921,-64.821099,-3.086561,0
4922,-64.821243,-3.086535,0
4923,-64.821077,-3.084063,0
4924,-64.821702,-3.081629,0
4925,-64.821635,-3.081193,0
4926,-64.821495,-3.081675,0
4927,-64.82146,-3.081694,0
4928,-64.821348,-3.081647,0
4929,-64.821496,-3.081687,0
4930,-64.821425,-3.081708,0
4931,-64.821407,-3.081687,0
4932,-64.821416,-3.081647,0
4933,-64.821431,-3.081734,0
4934,-64.821489,-3.08171,0
4935,-64.821897,-3.08167,0
4936,-64.821655,-3.081523,0
4937,-64.817112,-3.080348,0
4938,-64.816886,-3.079451,0
4939,-64.817641,-3.081438,0
4940,-64.818562,-3.080873,0
4941,-64.818557,-3.080935,0
4942,-64.818582,-3.080877,0
4943,-64.818566,-3.080938,0
4944,-64.818611,-3.080942,0
4945,-64.818627,-3.080911,0
4946,-64.818351,-3.083946,0
4947,-64.818325,-3.083913,0
4948,-64.818351,-3.083944,0
4949,-64.81829,-3.084002,0
4950,-64.818414,-3.083955,0
4951,-64.818321,-3.083965,0
4952,-64.818322,-3.084018,0
4953,-64.818363,-3.084045,0
4954,-64.818375,-3.083965,0
4955,-64.818361,-3.08385,0
4956,-64.821503,-3.081599,0
4957,-64.827398,-3.079558,0
4958,-64.827572,-3.079492,0
4959,-64.82774,-3.07949,0
4960,-64.827712,-3.079444,0
4961,-64.83137,-3.075613,0
4962,-64.831354,-3.075516,0
4963,-64.83148,-3.075533,0
4964,-64.83146,-3.075475,0
4965,-64.831413,-3.075509,0
4966,-64.831336,-3.075541,0
4967,-64.8315,-3.075566,0
4968,-64.833942,-3.072291,0
4969,-64.833845,-3.072408,0
4970,-64.834479,-3.072658,0
4971,-64.838096,-3.073195,0
4972,-64.837765,-3.073053,0
4973,-64.838191,-3.073287,0
4974,-64.838086,-3.073221,0
4975,-64.838314,-3.07326,0
4976,-64.83802,-3.073136,0
4977,-64.838281,-3.073243,0
4978,-64.838061,-3.073135,0
4979,-64.839794,-3.080546,0
4980,-64.839799,-3.080586,0
4981,-64.839902,-3.080639,0
4982,-64.839883,-3.080598,0
4983,-64.835879,-3.083512,0
4984,-64.835778,-3.083621,0
4985,-64.835883,-3.08366,0
4986,-64.835851,-3.083666,0
4987,-64.835845,-3.083604,0
4988,-64.835817,-3.0836,0
4989,-64.835873,-3.083636,0
4990,-64.832565,-3.081905,0
4991,-64.832517,-3.081732,0
4992,-64.832068,-3.082339,0
4993,-64.831361,-3.082648,0
4994,-64.831326,-3.082641,0
4995,-64.831988,-3.083397,0
4996,-64.8319,-3.083449,0
4997,-64.831973,-3.083411,0
4998,-64.831977,-3.083439,0
4999,-64.83196,-3.083415,0
5000,-64.83194,-3.083404,0
5001,-64.832005,-3.083398,0
5002,-64.831922,-3.08347,0
5003,-64.831755,-3.077348,0
5004,-64.833344,-3.075618,0
5005,-64.833867,-3.072265,0
5006,-64.833891,-3.072377,0
5007,-64.833887,-3.071708,0
5008,-64.833827,-3.072304,0
5009,-64.8339,-3.07229,0
5010,-64.833903,-3.072279,0
5011,-64.833908,-3.072214,0
5012,-64.837995,-3.06369,0
5013,-64.837864,-3.063569,0
5014,-64.838891,-3.062174,0
5015,-64.839674,-3.061855,0
5016,-64.839766,-3.061904,0
5017,-64.839326,-3.062629,0
5018,-64.839503,-3.062779,0
5019,-64.839403,-3.062737,0
5020,-64.839237,-3.062701,0
5021,-64.83941,-3.062755,0
5022,-64.839271,-3.062773,0
5023,-64.840297,-3.063123,0
5024,-64.840239,-3.062974,0
5025,-64.840236,-3.06301,0
5026,-64.838824,-3.067936,0
5027,-64.838834,-3.067882,0
5028,-64.838834,-3.06791,0
5029,-64.838726,-3.067652,0
5030,-64.837426,-3.067999,0
5031,-64.837618,-3.068141,0
5032,-64.837614,-3.068207,0
5033,-64.837413,-3.068114,0
5034,-64.837434,-3.068112,0
5035,-64.837641,-3.067775,0
5036,-64.837406,-3.06811,0
5037,-64.837318,-3.067971,0
5038,-64.837406,-3.068009,0
5039,-64.837629,-3.06814,0
5040,-64.838864,-3.067519,0
5041,-64.839447,-3.068619,0
5042,-64.839383,-3.068671,0
5043,-64.839288,-3.068705,0
5044,-64.83939,-3.068623,0
5045,-64.839317,-3.068637,0
5046,-64.840218,-3.071527,0
5047,-64.840139,-3.071543,0
5048,-64.840039,-3.071563,0
5049,-64.840146,-3.071527,0
5050,-64.840087,-3.07153,0
5051,-64.840136,-3.071468,0
5052,-64.840066,-3.071607,0
5053,-64.840134,-3.071499,0
5054,-64.840052,-3.071649,0
5055,-64.840096,-3.071609,0
5056,-64.840043,-3.071559,0
5057,-64.840102,-3.071515,0
5058,-64.840071,-3.071737,0
5059,-64.840126,-3.071574,0
5060,-64.840033,-3.071585,0
5061,-64.839996,-3.071562,0
5062,-64.84012,-3.071571,0
5063,-64.840078,-3.071514,0
5064,-64.840049,-3.071456,0
5065,-64.840095,-3.071627,0
5066,-64.839859,-3.071837,0
5067,-64.840035,-3.07155,0
5068,-64.840063,-3.071604,0
5069,-64.84004,-3.071565,0
5070,-64.839971,-3.071528,0
5071,-64.84003,-3.071532,0
5072,-64.840154,-3.071636,0
5073,-64.840099,-3.071575,0
5074,-64.840011,-3.071475,0
5075,-64.840088,-3.071599,0
5076,-64.84009,-3.07162,0
5077,-64.84012,-3.071656,0
5078,-64.84005,-3.071524,0
5079,-64.839569,-3.070704,0
5080,-64.839686,-3.070769,0
5081,-64.839573,-3.070992,0
5082,-64.839621,-3.070538,0
5083,-64.839668,-3.070771,0
5084,-64.839527,-3.070817,0
5085,-64.839336,-3.070834,0
5086,-64.839601,-3.070784,0
5087,-64.839586,-3.070794,0
5088,-64.837626,-3.066935,0
5089,-64.837669,-3.066984,0
5090,-64.8378,-3.066915,0
5091,-64.837652,-3.066902,0
5092,-64.837786,-3.066899,0
5093,-64.837671,-3.066864,0
5094,-64.837487,-3.066825,0
5095,-64.837784,-3.066944,0
5096,-64.837931,-3.066773,0
5097,-64.837764,-3.066859,0
5098,-64.83761,-3.066874,0
5099,-64.837783,-3.066884,0
5100,-64.838109,-3.066615,0
5101,-64.838065,-3.066586,0
5102,-64.838081,-3.066525,0
5103,-64.838057,-3.066581,0
5104,-64.838237,-3.066464,0
5105,-64.838125,-3.066564,0
5106,-64.838166,-3.066601,0
5107,-64.838226,-3.062975,0
5108,-64.838194,-3.062991,0
5109,-64.838079,-3.062836,0
5110,-64.83573,-3.066404,0
5111,-64.835512,-3.066487,0
5112,-64.835408,-3.066567,0
5113,-64.835359,-3.066386,0
5114,-64.835458,-3.066634,0
5115,-64.835407,-3.066567,0
5116,-64.835692,-3.06676,0
5117,-64.835612,-3.066647,0
5118,-64.835476,-3.066596,0
5119,-64.835723,-3.066578,0
5120,-64.835577,-3.066566,0
5121,-64.835602,-3.066598,0
5122,-64.836005,-3.068834,0
5123,-64.835965,-3.068902,0
5124,-64.836075,-3.068762,0
5125,-64.836309,-3.06878,0
5126,-64.836264,-3.068812,0
5127,-64.836356,-3.068752,0
5128,-64.836261,-3.068708,0
5129,-64.836282,-3.068709,0
5130,-64.836178,-3.068756,0
5131,-64.836512,-3.069067,0
5132,-64.835486,-3.071439,0
5133,-64.835316,-3.07143,0
5134,-64.835469,-3.07146,0
5135,-64.835524,-3.071475,0
5136,-64.835432,-3.071412,0
5137,-64.835466,-3.071458,0
5138,-64.835476,-3.071405,0
5139,-64.839219,-3.073827,0
5140,-64.841777,-3.0762,0
5141,-64.841741,-3.076216,0
5142,-64.841744,-3.076186,0
5143,-64.842655,-3.074553,0
5144,-64.84273,-3.074516,0
5145,-64.84171,-3.071105,0
5146,-64.84075,-3.069246,0
5147,-64.840822,-3.069266,0
5148,-64.840894,-3.069301,0
5149,-64.840766,-3.069253,0
5150,-64.837984,-3.069086,0
5151,-64.837469,-3.068133,0
5152,-64.837366,-3.068035,0
5153,-64.837463,-3.068196,0
5154,-64.834756,-3.066171,0
5155,-64.835016,-3.066112,0
5156,-64.834941,-3.066123,0
5157,-64.83486,-3.066055,0
5158,-64.834922,-3.06602,0
5159,-64.834919,-3.066042,0
5160,-64.834894,-3.066113,0
5161,-64.834882,-3.06624,0
5162,-64.834523,-3.066748,0
5163,-64.834502,-3.066798,0
5164,-64.83446,-3.066852,0
5165,-64.831163,-3.071268,0
5166,-64.831051,-3.071201,0
5167,-64.831475,-3.072213,0
5168,-64.831389,-3.072187,0
5169,-64.831392,-3.072188,0
5170,-64.831886,-3.072083,0
5171,-64.8308,-3.07334,0
5172,-64.830932,-3.073324,0
5173,-64.830782,-3.073497,0
5174,-64.830889,-3.07336,0
5175,-64.829654,-3.075236,0
5176,-64.83149,-3.075512,0
5177,-64.83259,-3.077601,0
5178,-64.832605,-3.077765,0
5179,-64.83254,-3.077677,0
5180,-64.832831,-3.077803,0
5181,-64.832741,-3.077697,0
5182,-64.832625,-3.077576,0
5183,-64.8327,-3.077471,0
5184,-64.831651,-3.077359,0
5185,-64.831882,-3.077341,0
5186,-64.831782,-3.077312,0
5187,-64.832568,-3.079957,0
5188,-64.832454,-3.079845,0
5189,-64.832205,-3.07974,0
5190,-64.832468,-3.079897,0
5191,-64.832457,-3.07984,0
5192,-64.832477,-3.079851,0
5193,-64.8324,-3.079719,0
5194,-64.832526,-3.079824,0
5195,-64.847955,-3.080172,6
5196,-64.847946,-3.08004,6
5197,-64.847773,-3.080055,6
5198,-64.845652,-3.084445,0
5199,-64.841629,-3.087107,0
5200,-64.841397,-3.087033,0
5201,-64.841625,-3.087112,0
5202,-64.841549,-3.08711,0
5203,-64.841722,-3.087064,0
5204,-64.841747,-3.087017,0
5205,-64.841751,-3.087016,0
5206,-64.841829,-3.087045,0
5207,-64.84173,-3.087083,0
5208,-64.842699,-3.088894,0
5209,-64.84244,-3.08827,0
5210,-64.84264,-3.088864,0
5211,-64.844067,-3.089453,6
5212,-64.842658,-3.088867,0
5213,-64.842697,-3.088885,0
5214,-64.84258,-3.088879,0
5215,-64.842625,-3.088734,0
5216,-64.842599,-3.088928,0
5217,-64.842598,-3.088821,0
5218,-64.842301,-3.088283,0
5219,-64.842217,-3.088215,0
5220,-64.835629,-3.092861,0
5221,-64.832535,-3.091429,0
5222,-64.83253,-3.091537,0
5223,-64.832084,-3.089471,0
5224,-64.830965,-3.091048,0
5225,-64.830849,-3.091017,0
5226,-64.83088,-3.09101,0
5227,-64.830846,-3.09094,0
5228,-64.830879,-3.091001,0
5229,-64.830811,-3.09097,0
5230,-64.83081,-3.090841,0
5231,-64.830825,-3.09097,0
5232,-64.830885,-3.090967,0
5233,-64.830834,-3.091066,0
5234,-64.830733,-3.091006,0
5235,-64.830819,-3.090865,0
5236,-64.830829,-3.090939,0
5237,-64.830877,-3.090972,0
5238,-64.833125,-3.089595,0
5239,-64.833102,-3.089573,0
5240,-64.833105,-3.089509,0
5241,-64.83315,-3.089512,0
5242,-64.83325,-3.089508,0
5243,-64.839159,-3.089654,0
5244,-64.839596,-3.085926,0
5245,-64.839598,-3.083938,0
5246,-64.839533,-3.083826,0
5247,-64.839332,-3.084018,0
5248,-64.839514,-3.083835,0
5249,-64.838572,-3.082586,0
5250,-64.836697,-3.082042,0
5251,-64.839104,-3.079768,0
5252,-64.839124,-3.079723,0
5253,-64.839097,-3.079756,0
5254,-64.839306,-3.079516,0
5255,-64.839195,-3.079704,0
5256,-64.838854,-3.080145,0
5257,-64.838834,-3.080132,0
5258,-64.83884,-3.080127,0
5259,-64.838807,-3.080045,0
5260,-64.838827,-3.08011,0
5261,-64.838958,-3.080178,0
5262,-64.838797,-3.080235,0
5263,-64.838882,-3.080144,0
5264,-64.838866,-3.079998,0
5265,-64.838808,-3.080132,0
5266,-64.83887,-3.080214,0
5267,-64.838826,-3.080196,0
5268,-64.838852,-3.080109,0
5269,-64.838844,-3.080135,0
5270,-64.838936,-3.080204,0
5271,-64.838751,-3.080143,0
5272,-64.838834,-3.080109,0
5273,-64.838862,-3.080178,0
5274,-64.838882,-3.080064,0
5275,-64.841483,-3.077964,0
5276,-64.841539,-3.078043,0
5277,-64.841668,-3.078066,0
5278,-64.841732,-3.077949,0
5279,-64.841532,-3.07795,0
5280,-64.841584,-3.077982,0
5281,-64.841598,-3.077937,0
5282,-64.841591,-3.077992,0
5283,-64.843121,-3.078616,0
5284,-64.843111,-3.078688,0
5285,-64.849545,-3.078979,6
5286,-64.849587,-3.079055,6
5287,-64.849589,-3.079067,6
5288,-64.849542,-3.079028,6
5289,-64.84953,-3.079038,6
5290,-64.849599,-3.079045,6
5291,-64.849585,-3.079033,6
5292,-64.849619,-3.079052,6
5293,-64.849541,-3.079011,6
5294,-64.849767,-3.078977,6
5295,-64.85532,-3.081632,6
5296,-64.857888,-3.082109,6
5297,-64.867175,-3.08555,6
5298,-64.867229,-3.085666,6
5299,-64.867095,-3.085696,6
5300,-64.867158,-3.085664,6
5301,-64.86712,-3.085932,6
5302,-64.867374,-3.087033,6
5303,-64.867502,-3.087027,6
5304,-64.870839,-3.08622,6
5305,-64.87064,-3.086319,6
5306,-64.870815,-3.086157,6
5307,-64.87076,-3.086213,6
5308,-64.870738,-3.08621,6
5309,-64.870838,-3.08619,6
5310,-64.871539,-3.085865,6
5311,-64.87143,-3.085983,6
5312,-64.871457,-3.085844,6
5313,-64.871535,-3.085918,6
5314,-64.871308,-3.085929,6
5315,-64.871415,-3.085915,6
5316,-64.871566,-3.083909,6
5317,-64.87255,-3.084331,6
5318,-64.872654,-3.084346,6
5319,-64.872629,-3.084239,6
5320,-64.872814,-3.084288,6
5321,-64.873006,-3.084519,6
5322,-64.872928,-3.084429,6
5323,-64.872799,-3.084845,6
5324,-64.874679,-3.083043,6
5325,-64.87466,-3.083048,6
5326,-64.8747,-3.082977,6
5327,-64.874694,-3.08306,6
5328,-64.873731,-3.08244,6
5329,-64.873477,-3.082313,6
5330,-64.87351,-3.082359,6
5331,-64.873719,-3.082571,6
5332,-64.872913,-3.070165,6
5333,-64.872771,-3.069582,6
5334,-64.872752,-3.069564,6
5335,-64.872692,-3.06957,6
5336,-64.872742,-3.069592,6
5337,-64.871958,-3.070087,6
5338,-64.872786,-3.069603,6
5339,-64.873979,-3.066558,6
5340,-64.874051,-3.066445,6
5341,-64.885764,-3.062786,4
5342,-64.887135,-3.064407,4
5343,-64.887144,-3.06416,4
5344,-64.887037,-3.06398,4
5345,-64.880438,-3.060058,6
5346,-64.880377,-3.059829,6
5347,-64.880393,-3.060063,6
5348,-64.88038,-3.060044,6
5349,-64.880327,-3.060302,6
5350,-64.881722,-3.0582,6
5351,-64.885123,-3.058906,4
5352,-64.885074,-3.058845,4
5353,-64.885027,-3.058845,4
5354,-64.885027,-3.058962,4
5355,-64.885135,-3.058859,4
5356,-64.885021,-3.05895,4
5357,-64.885093,-3.058893,4
5358,-64.885115,-3.058857,4
5359,-64.88494,-3.058883,4
5360,-64.884417,-3.060006,4
5361,-64.884473,-3.059925,4
5362,-64.884238,-3.059968,4
5363,-64.884475,-3.059958,4
5364,-64.883607,-3.059062,4
5365,-64.887159,-3.059805,4
5366,-64.886997,-3.059808,4
5367,-64.887052,-3.059867,4
5368,-64.887076,-3.059861,4
5369,-64.887162,-3.05999,4
5370,-64.886888,-3.059815,4
5371,-64.887213,-3.059927,4
5372,-64.887163,-3.059855,4
5373,-64.887246,-3.059939,4
5374,-64.887127,-3.059846,4
5375,-64.887057,-3.059857,4
5376,-64.887152,-3.059819,4
5377,-64.887038,-3.060032,4
5378,-64.887072,-3.059835,4
5379,-64.887204,-3.059594,4
5380,-64.8873,-3.059893,4
5381,-64.887095,-3.059913,4
5382,-64.887168,-3.059874,4
5383,-64.879391,-3.064031,6
5384,-64.877503,-3.064387,6
5385,-64.879545,-3.069314,6
5386,-64.879275,-3.069431,6
5387,-64.884911,-3.066056,4
5388,-64.886355,-3.06439,4
5389,-64.886229,-3.06447,4
5390,-64.886361,-3.064455,4
5391,-64.886315,-3.064598,4
5392,-64.886351,-3.064431,4
5393,-64.886279,-3.0645,4
5394,-64.886346,-3.064395,4
5395,-64.886427,-3.064413,4
5396,-64.886444,-3.064368,4
5397,-64.886718,-3.063591,4
5398,-64.886681,-3.063667,4
5399,-64.874765,-3.062147,6
5400,-64.874501,-3.060416,6
5401,-64.874494,-3.060475,6
5402,-64.874419,-3.060479,6
5403,-64.874497,-3.060471,6
5404,-64.874309,-3.060513,6
5405,-64.874519,-3.060481,6
5406,-64.874433,-3.060439,6
5407,-64.874305,-3.060415,6
5408,-64.874504,-3.060485,6
5409,-64.874432,-3.06052,6
5410,-64.874403,-3.060409,6
5411,-64.874488,-3.060445,6
5412,-64.874399,-3.06066,6
5413,-64.874438,-3.060477,6
5414,-64.874441,-3.060567,6
5415,-64.874489,-3.060416,6
5416,-64.874536,-3.060546,6
5417,-64.874085,-3.060718,6
5418,-64.874497,-3.059903,6
5419,-64.874244,-3.059802,6
5420,-64.874291,-3.059819,6
5421,-64.874301,-3.059765,6
5422,-64.877094,-3.061353,6
5423,-64.876984,-3.061503,6
5424,-64.877222,-3.061264,6
5425,-64.877003,-3.061219,6
5426,-64.877068,-3.061222,6
5427,-64.877401,-3.06122,6
5428,-64.877613,-3.061625,6
5429,-64.877506,-3.061439,6
5430,-64.878907,-3.063069,6
5431,-64.878903,-3.062978,6
5432,-64.878597,-3.063045,6
5433,-64.87888,-3.063126,6
5434,-64.879861,-3.062906,6
5435,-64.879555,-3.063884,6
5436,-64.880077,-3.063727,6
5437,-64.880816,-3.070797,6
5438,-64.880725,-3.070776,6
5439,-64.880946,-3.070873,6
5440,-64.88083,-3.070685,6
5441,-64.880791,-3.07162,6
5442,-64.881165,-3.07153,6
5443,-64.876861,-3.0822,6
5444,-64.876577,-3.082266,6
5445,-64.879218,-3.087204,6
5446,-64.879338,-3.087147,6
5447,-64.878493,-3.088175,6
5448,-64.879132,-3.086977,6
5449,-64.879163,-3.086973,6
5450,-64.8791,-3.087194,6
5451,-64.878641,-3.086467,6
5452,-64.878548,-3.081588,6
5453,-64.880838,-3.07376,6
5454,-64.880733,-3.073715,6
5455,-64.880113,-3.078785,6
5456,-64.877877,-3.07789,6
5457,-64.877614,-3.077912,6
5458,-64.877933,-3.077832,6
5459,-64.877844,-3.0778,6
5460,-64.878004,-3.077696,6
5461,-64.877708,-3.077885,6
5462,-64.877423,-3.075589,6
5463,-64.879902,-3.074465,6
5464,-64.885997,-3.069828,4
5465,-64.885903,-3.070376,4
5466,-64.885913,-3.070953,4
5467,-64.886128,-3.070987,4
5468,-64.886024,-3.070873,4
5469,-64.88922,-3.073132,4
5470,-64.889301,-3.073209,4
5471,-64.889184,-3.073299,4
5472,-64.889188,-3.073264,4
5473,-64.888803,-3.073318,4
5474,-64.88929,-3.073215,4
5475,-64.889952,-3.073652,4
5476,-64.889513,-3.073317,4
5477,-64.891531,-3.069146,4
5478,-64.891496,-3.069041,4
5479,-64.891486,-3.069055,4
5480,-64.89154,-3.069084,4
5481,-64.891545,-3.069031,4
5482,-64.891534,-3.069085,4
5483,-64.891497,-3.069085,4
5484,-64.891553,-3.069042,4
5485,-64.891536,-3.069088,4
5486,-64.891645,-3.069101,4
5487,-64.888682,-3.06687,4
5488,-64.888685,-3.066979,4
5489,-64.888625,-3.066881,4
5490,-64.888616,-3.066796,4
5491,-64.888595,-3.06685,4
5492,-64.889738,-3.068939,4
5493,-64.889702,-3.068712,4
5494,-64.891131,-3.068442,4
5495,-64.899846,-3.066416,4
5496,-64.903668,-3.06528,4
5497,-64.903593,-3.065301,4
5498,-64.903585,-3.065271,4
5499,-64.903662,-3.065406,4
5500,-64.90204,-3.065854,4
5501,-64.901931,-3.065796,4
5502,-64.90212,-3.065909,4
5503,-64.90211,-3.065875,4
5504,-64.898609,-3.077358,4
5505,-64.899249,-3.076322,4
5506,-64.89797,-3.077756,4
5507,-64.898752,-3.077083,4
5508,-64.900665,-3.07458,4
5509,-64.897732,-3.079277,4
5510,-64.897832,-3.079385,4
5511,-64.898737,-3.077124,4
5512,-64.898628,-3.077338,4
5513,-64.893584,-3.079287,4
5514,-64.893463,-3.079391,4
5515,-64.893382,-3.079167,4
5516,-64.89344,-3.079125,4
5517,-64.893034,-3.079619,4
5518,-64.890836,-3.089299,4
5519,-64.890909,-3.089615,4
5520,-64.890778,-3.089807,4
5521,-64.891412,-3.086768,4
5522,-64.891916,-3.084231,4
5523,-64.891981,-3.08397,4
5524,-64.892201,-3.08401,4
5525,-64.892384,-3.082595,4
5526,-64.891343,-3.086743,4
5527,-64.891327,-3.086569,4
5528,-64.891317,-3.086691,4
5529,-64.891285,-3.086759,4
5530,-64.89133,-3.086656,4
5531,-64.891324,-3.08678,4
5532,-64.887918,-3.083539,4
5533,-64.888313,-3.079892,4
5534,-64.888237,-3.079903,4
5535,-64.888286,-3.079869,4
5536,-64.877548,-3.081116,6
5537,-64.877815,-3.084557,6
5538,-64.877798,-3.084599,6
5539,-64.877829,-3.084438,6
5540,-64.877773,-3.084403,6
5541,-64.877503,-3.084844,6
5542,-64.875623,-3.08408,6
5543,-64.868278,-3.072868,6
5544,-64.873328,-3.07426,6
5545,-64.869122,-3.072042,6
5546,-64.86855,-3.072563,6
5547,-64.869423,-3.07152,6
5548,-64.86956,-3.07142,6
5549,-64.869385,-3.071256,6
5550,-64.86957,-3.071262,6
5551,-64.870047,-3.06655,6
5552,-64.86436,-3.068958,6
5553,-64.863159,-3.07029,6
5554,-64.86313,-3.070262,6
5555,-64.863018,-3.074075,6
5556,-64.862822,-3.074131,6
5557,-64.862935,-3.074165,6
5558,-64.862771,-3.074248,6
5559,-64.863211,-3.072751,6
5560,-64.863109,-3.072736,6
5561,-64.864544,-3.071537,6
5562,-64.868111,-3.075718,6
5563,-64.870537,-3.07847,6
5564,-64.870138,-3.078328,6
5565,-64.875616,-3.086601,6
5566,-64.873648,-3.08772,6
5567,-64.873283,-3.08795,6
5568,-64.873077,-3.087282,6
5569,-64.869112,-3.086456,6
5570,-64.857055,-3.087801,6
5571,-64.844319,-3.096082,6
5572,-64.846504,-3.100152,6
5573,-64.855772,-3.099331,6
5574,-64.867319,-3.091444,6
5575,-64.867234,-3.091389,6
5576,-64.86737,-3.091371,6
5577,-64.866637,-3.092357,6
5578,-64.862217,-3.08715,6
5579,-64.864677,-3.083322,6
5580,-64.859783,-3.076008,6
5581,-64.85965,-3.07599,6
5582,-64.858489,-3.075682,6
5583,-64.859386,-3.073834,6
5584,-64.859133,-3.073444,6
5585,-64.859672,-3.068665,6
5586,-64.860717,-3.067119,6
5587,-64.860431,-3.067137,6
5588,-64.860615,-3.067154,6
5589,-64.860934,-3.067394,6
5590,-64.860433,-3.067439,6
5591,-64.860523,-3.067366,6
5592,-64.860482,-3.067214,6
5593,-64.860801,-3.067179,6
5594,-64.860473,-3.067284,6
5595,-64.860509,-3.067315,6
5596,-64.860566,-3.067154,6
5597,-64.864661,-3.06615,6
5598,-64.865498,-3.06632,6
5599,-64.865015,-3.066313,6
5600,-64.864823,-3.066221,6
5601,-64.865301,-3.066461,6
5602,-64.865484,-3.066453,6
5603,-64.869359,-3.065171,6
5604,-64.880129,-3.063436,6
5605,-64.882543,-3.06813,4
5606,-64.881067,-3.070757,6
5607,-64.879331,-3.06787,6
5608,-64.879109,-3.067833,6
5609,-64.886719,-3.063587,4
5610,-64.886759,-3.063665,4
5611,-64.886672,-3.063738,4
5612,-64.881786,-3.063409,4
5613,-64.870656,-3.070537,6
5614,-64.867739,-3.075293,6
5615,-64.867629,-3.073458,6
5616,-64.871623,-3.066718,6
5617,-64.880478,-3.063735,6
5618,-64.880061,-3.063626,6
5619,-64.880381,-3.063727,6
5620,-64.880375,-3.06373,6
5621,-64.881499,-3.064208,6
5622,-64.882632,-3.063479,4
5623,-64.882801,-3.063496,4
5624,-64.880776,-3.07921,6
5625,-64.880345,-3.079488,6
5626,-64.880189,-3.079251,6
5627,-64.87999,-3.079152,6
5628,-64.880392,-3.085652,6
5629,-64.873041,-3.075045,6
5630,-64.872957,-3.074985,6
5631,-64.873046,-3.075143,6
5632,-64.880192,-3.067591,6
5633,-64.881105,-3.066363,6
5634,-64.881052,-3.066547,6
5635,-64.881007,-3.066484,6
5636,-64.880925,-3.06657,6
5637,-64.884677,-3.063507,4
5638,-64.883769,-3.060334,4
5639,-64.883809,-3.060329,4
5640,-64.883768,-3.060261,4
5641,-64.883719,-3.060232,4
5642,-64.884348,-3.063018,4
5643,-64.884324,-3.063054,4
5644,-64.884141,-3.063078,4
5645,-64.884405,-3.063044,4
5646,-64.881127,-3.065684,6
5647,-64.881022,-3.065596,6
5648,-64.881929,-3.066904,6
5649,-64.88416,-3.067696,4
5650,-64.88413,-3.067579,4
5651,-64.884124,-3.067613,4
5652,-64.887478,-3.065278,4
5653,-64.887853,-3.065128,4
5654,-64.887519,-3.065165,4
5655,-64.887592,-3.065204,4
5656,-64.887676,-3.065208,4
5657,-64.883646,-3.065249,4
5658,-64.882062,-3.065339,6
5659,-64.883907,-3.065365,4
5660,-64.883842,-3.06533,4
5661,-64.885952,-3.064888,4
5662,-64.885949,-3.064951,4
5663,-64.884641,-3.06724,4
5664,-64.884514,-3.067338,4
5665,-64.884465,-3.067223,4
5666,-64.884639,-3.067244,4
5667,-64.884517,-3.067373,4
5668,-64.884327,-3.067264,4
5669,-64.884309,-3.067322,4
5670,-64.884327,-3.067255,4
5671,-64.884413,-3.067099,4
5672,-64.883514,-3.067857,4
5673,-64.878849,-3.082213,6
5674,-64.879002,-3.082304,6
5675,-64.878892,-3.082264,6
5676,-64.878446,-3.082734,6
5677,-64.880114,-3.087691,6
5678,-64.880224,-3.087962,6
5679,-64.870704,-3.078697,6
5680,-64.870526,-3.078783,6
5681,-64.870822,-3.078577,6
5682,-64.870609,-3.078762,6
5683,-64.870454,-3.078878,6
5684,-64.86829,-3.072097,6
5685,-64.86727,-3.069845,6
5686,-64.860988,-3.07797,6
5687,-64.857344,-3.075966,6
5688,-64.85554,-3.075412,6
5689,-64.859122,-3.060684,6
5690,-64.859128,-3.060617,6
5691,-64.859175,-3.060634,6
5692,-64.858616,-3.061041,6
5693,-64.855681,-3.053327,6
5694,-64.852583,-3.055233,6
5695,-64.85265,-3.055156,6
5696,-64.852548,-3.055379,6
5697,-64.852466,-3.055214,6
5698,-64.8506,-3.053559,6
5699,-64.850649,-3.053577,6
5700,-64.850784,-3.053411,6
5701,-64.850863,-3.053542,6
5702,-64.859769,-3.050212,6
5703,-64.858275,-3.057539,6
5704,-64.851065,-3.059608,6
5705,-64.852145,-3.057306,6
5706,-64.85126,-3.056243,6
5707,-64.851321,-3.05631,6
5708,-64.850937,-3.058351,6
5709,-64.852269,-3.051977,6
5710,-64.851253,-3.055064,6
5711,-64.851448,-3.055221,6
5712,-64.851139,-3.054774,6
5713,-64.851157,-3.054787,6
5714,-64.851275,-3.055141,6
5715,-64.851438,-3.055214,6
5716,-64.851173,-3.055276,6
5717,-64.851255,-3.055256,6
5718,-64.851307,-3.055077,6
5719,-64.851004,-3.05486,6
5720,-64.851156,-3.054843,6
5721,-64.850974,-3.054759,6
5722,-64.850982,-3.054782,6
5723,-64.851037,-3.05476,6
5724,-64.851232,-3.055161,6
5725,-64.851342,-3.055078,6
5726,-64.851355,-3.055041,6
5727,-64.851382,-3.05513,6
5728,-64.851501,-3.054875,6
5729,-64.851282,-3.055121,6
5730,-64.852702,-3.051895,6
5731,-64.852645,-3.051804,6
5732,-64.851147,-3.054798,6
5733,-64.851271,-3.054951,6
5734,-64.851351,-3.055138,6
5735,-64.85122,-3.054774,6
5736,-64.852126,-3.056636,6
5737,-64.85212,-3.056733,6
5738,-64.852101,-3.056726,6
5739,-64.854468,-3.061971,6
5740,-64.852105,-3.066439,6
5741,-64.847548,-3.065496,6
5742,-64.844536,-3.064408,0
5743,-64.844652,-3.064298,0
5744,-64.844511,-3.064004,0
5745,-64.844713,-3.064006,0
5746,-64.847025,-3.06529,6
5747,-64.857291,-3.061784,6
5748,-64.85728,-3.061819,6
5749,-64.857209,-3.061965,6
5750,-64.857214,-3.060095,6
5751,-64.855157,-3.058567,6
5752,-64.859384,-3.051847,6
5753,-64.859395,-3.051793,6
5754,-64.857861,-3.046416,6
5755,-64.857925,-3.046415,6
5756,-64.857827,-3.046229,6
5757,-64.858308,-3.046489,6
5758,-64.875862,-3.039561,4
5759,-64.864625,-3.043889,6
5760,-64.866667,-3.048111,6
5761,-64.867347,-3.060752,6
5762,-64.867423,-3.060557,6
5763,-64.867368,-3.06087,6
5764,-64.858511,-3.055057,6
5765,-64.858521,-3.055092,6
5766,-64.857717,-3.051988,6
5767,-64.854126,-3.051562,6
5768,-64.853742,-3.054093,6
5769,-64.853728,-3.054012,6
5770,-64.85377,-3.054182,6
5771,-64.853753,-3.054068,6
5772,-64.853777,-3.066571,6
5773,-64.850479,-3.067291,6
5774,-64.852455,-3.073309,6
5775,-64.843574,-3.072218,0
5776,-64.843664,-3.07238,0
5777,-64.84361,-3.072578,0
5778,-64.842713,-3.072789,0
5779,-64.843819,-3.076699,0
5780,-64.843649,-3.077056,0
5781,-64.84424,-3.075938,0
5782,-64.845343,-3.075074,6
5783,-64.850539,-3.07512,6
5784,-64.847716,-3.065542,6
5785,-64.835361,-3.060256,0
5786,-64.835075,-3.061645,0
5787,-64.835521,-3.061147,0
5788,-64.835558,-3.061708,0
5789,-64.837206,-3.061599,0
5790,-64.837347,-3.061683,0
5791,-64.837154,-3.061678,0
5792,-64.83637,-3.06173,0
5793,-64.83614,-3.062676,0
5794,-64.837215,-3.068396,0
5795,-64.843547,-3.069364,0
5796,-64.839541,-3.065271,0
5797,-64.84238,-3.060463,0
5798,-64.840854,-3.060128,0
5799,-64.840731,-3.059676,0
5800,-64.839488,-3.058125,0
5801,-64.839541,-3.057996,0
5802,-64.839622,-3.065213,0
5803,-64.840569,-3.05771,0
5804,-64.840553,-3.057622,0
5805,-64.840599,-3.057635,0
5806,-64.840679,-3.057539,0
5807,-64.840408,-3.057701,0
5808,-64.840815,-3.057569,0
5809,-64.840858,-3.057684,0
5810,-64.849278,-3.06667,6
5811,-64.852234,-3.072264,6
5812,-64.857951,-3.078131,6
5813,-64.857783,-3.078037,6
5814,-64.857815,-3.07805,6
5815,-64.857974,-3.078132,6
5816,-64.858131,-3.078042,6
5817,-64.858122,-3.079404,6
5818,-64.864077,-3.090845,6
5819,-64.860152,-3.089273,6
5820,-64.860003,-3.089363,6
5821,-64.860163,-3.08954,6
5822,-64.861464,-3.090854,6
5823,-64.873284,-3.093989,6
5824,-64.87299,-3.093765,6
5825,-64.87301,-3.093229,6
5826,-64.873155,-3.093763,6
5827,-64.869821,-3.093539,6
5828,-64.86683,-3.091518,6
5829,-64.866769,-3.091417,6
5830,-64.86653,-3.091135,6
5831,-64.854904,-3.084877,6
5832,-64.850085,-3.082683,6
5833,-64.847833,-3.079378,6
5834,-64.847961,-3.079336,6
5835,-64.850232,-3.079347,6
5836,-64.85174,-3.07833,6
5837,-64.851662,-3.078219,6
5838,-64.845486,-3.071814,6
5839,-64.832406,-3.064789,0
5840,-64.832253,-3.064957,0
5841,-64.832156,-3.065063,0
5842,-64.832382,-3.064821,0
5843,-64.832402,-3.064939,0
5844,-64.832372,-3.06495,0
5845,-64.832437,-3.064972,0
5846,-64.832346,-3.06489,0
5847,-64.832331,-3.065055,0
5848,-64.832264,-3.065127,0
5849,-64.832213,-3.065022,0
5850,-64.832185,-3.065034,0
5851,-64.832162,-3.065031,0
5852,-64.832341,-3.065087,0
5853,-64.832443,-3.065081,0
5854,-64.832246,-3.06511,0
5855,-64.832344,-3.065104,0
5856,-64.832438,-3.065054,0
5857,-64.832313,-3.065039,0
5858,-64.832421,-3.064945,0
5859,-64.832327,-3.064978,0
5860,-64.832296,-3.064893,0
5861,-64.832211,-3.06503,0
5862,-64.832218,-3.06509,0
5863,-64.832061,-3.065036,0
5864,-64.832432,-3.064995,0
5865,-64.83191,-3.065005,0
5866,-64.832266,-3.065065,0
5867,-64.832226,-3.065312,0
5868,-64.834072,-3.064842,0
5869,-64.835895,-3.063274,0
5870,-64.835876,-3.063407,0
5871,-64.836034,-3.063323,0
5872,-64.835481,-3.063075,0
5873,-64.8353,-3.063139,0
5874,-64.83535,-3.063082,0
5875,-64.834993,-3.065065,0
5876,-64.833853,-3.065651,0
5877,-64.831887,-3.066276,0
5878,-64.826826,-3.069079,0
5879,-64.82482,-3.070841,0
5880,-64.82496,-3.070393,0
5881,-64.823557,-3.069992,0
5882,-64.823687,-3.070013,0
5883,-64.832111,-3.064807,0
5884,-64.832571,-3.064159,0
5885,-64.836256,-3.061465,0
5886,-64.837684,-3.061857,0
5887,-64.837661,-3.062085,0
5888,-64.837858,-3.062011,0
5889,-64.838137,-3.06114,0
5890,-64.844695,-3.064844,0
5891,-64.840439,-3.063955,0
5892,-64.838646,-3.064743,0
5893,-64.839635,-3.072684,0
5894,-64.840977,-3.072091,0
5895,-64.840979,-3.072149,0
5896,-64.840989,-3.072049,0
5897,-64.841203,-3.07213,0
5898,-64.840864,-3.072244,0
5899,-64.841388,-3.074444,0
5900,-64.842078,-3.075165,0
5901,-64.841667,-3.075341,0
5902,-64.841843,-3.075261,0
5903,-64.841864,-3.075303,0
5904,-64.841905,-3.0753,0
5905,-64.841744,-3.075293,0
5906,-64.841669,-3.075291,0
5907,-64.842042,-3.075131,0
5908,-64.841934,-3.079215,0
5909,-64.84203,-3.079232,0
5910,-64.84223,-3.07884,0
5911,-64.842215,-3.079164,0
5912,-64.842076,-3.079191,0
5913,-64.842776,-3.087302,0
5914,-64.845944,-3.09547,6
5915,-64.842878,-3.100434,6
5916,-64.842827,-3.100517,6
5917,-64.834227,-3.107002,0
5918,-64.834327,-3.099403,0
5919,-64.836148,-3.099252,0
5920,-64.836363,-3.099332,0
5921,-64.836564,-3.099259,0
5922,-64.836287,-3.099224,0
5923,-64.835964,-3.098365,0
5924,-64.836717,-3.093023,0
5925,-64.843056,-3.085359,0
5926,-64.8602,-3.062695,6
5927,-64.859242,-3.061879,6
5928,-64.859302,-3.061736,6
5929,-64.858712,-3.061892,6
5930,-64.860987,-3.055474,6
5931,-64.860956,-3.055533,6
5932,-64.86352,-3.057577,6
5933,-64.864306,-3.059289,6
5934,-64.860716,-3.064301,6
5935,-64.852048,-3.058781,6
5936,-64.852154,-3.057134,6
5937,-64.858642,-3.052347,6
5938,-64.859147,-3.051916,6
5939,-64.859261,-3.051734,6
5940,-64.859174,-3.051884,6
5941,-64.863701,-3.048019,6
5942,-64.866946,-3.046669,6
5943,-64.878198,-3.043868,4
5944,-64.876455,-3.034787,4
5945,-64.873197,-3.038266,4
5946,-64.867517,-3.047084,6
5947,-64.867045,-3.051007,6
5948,-64.867324,-3.051105,6
5949,-64.871905,-3.049733,4
5950,-64.875502,-3.048877,4
5951,-64.870328,-3.045746,4
5952,-64.871129,-3.044966,4
5953,-64.871142,-3.045108,4
5954,-64.871165,-3.044969,4
5955,-64.871208,-3.044984,4
5956,-64.870875,-3.044918,4
5957,-64.871055,-3.044878,4
5958,-64.871011,-3.044929,4
5959,-64.866709,-3.046521,6
5960,-64.871058,-3.04487,4
5961,-64.873075,-3.045037,4
5962,-64.870118,-3.042565,4
5963,-64.870054,-3.042513,4
5964,-64.872849,-3.042218,4
5965,-64.872858,-3.042324,4
5966,-64.872909,-3.04222,4
5967,-64.873512,-3.041946,4
5968,-64.875634,-3.043951,4
5969,-64.875689,-3.043916,4
5970,-64.875674,-3.043849,4
5971,-64.873886,-3.042397,4
5972,-64.875704,-3.043646,4
5973,-64.875685,-3.043593,4
5974,-64.875698,-3.043608,4
5975,-64.875677,-3.043587,4
5976,-64.875715,-3.043621,4
5977,-64.875779,-3.043662,4
5978,-64.875766,-3.043593,4
5979,-64.875781,-3.043728,4
5980,-64.875692,-3.043579,4
5981,-64.875816,-3.043668,4
5982,-64.87507,-3.043163,4
5983,-64.875801,-3.043634,4
5984,-64.875706,-3.043673,4
5985,-64.875675,-3.043689,4
5986,-64.875649,-3.043628,4
5987,-64.875163,-3.043185,4
5988,-64.875204,-3.043244,4
5989,-64.87695,-3.042872,4
5990,-64.875663,-3.044086,4
5991,-64.875049,-3.043154,4
5992,-64.874762,-3.041105,4
5993,-64.874388,-3.041061,4
5994,-64.874734,-3.041088,4
5995,-64.874686,-3.041093,4
5996,-64.874632,-3.041047,4
5997,-64.874507,-3.040628,4
5998,-64.881608,-3.04322,4
5999,-64.882849,-3.046137,4
6000,-64.889049,-3.055576,4
6001,-64.888392,-3.0569,4
6002,-64.888642,-3.056924,4
6003,-64.888493,-3.056904,4
6004,-64.889144,-3.057209,4
6005,-64.893729,-3.053097,4
6006,-64.907721,-3.042762,4
6007,-64.907832,-3.042845,4
6008,-64.907858,-3.04269,4
6009,-64.907857,-3.042798,4
6010,-64.907698,-3.042811,4
6011,-64.906835,-3.03644,4
6012,-64.904209,-3.035372,4
6013,-64.903517,-3.034822,4
6014,-64.896025,-3.036268,4
6015,-64.895304,-3.029968,4
6016,-64.892329,-3.031806,4
6017,-64.891533,-3.032445,4
6018,-64.893791,-3.034121,4
6019,-64.893817,-3.036742,4
6020,-64.894406,-3.036931,4
6021,-64.894299,-3.037002,4
6022,-64.896556,-3.034946,4
6023,-64.892805,-3.043277,4
6024,-64.892675,-3.043273,4
6025,-64.892686,-3.043253,4
6026,-64.89156,-3.046138,4
6027,-64.891648,-3.046175,4
6028,-64.887262,-3.046938,4
6029,-64.882654,-3.050303,4
6030,-64.877234,-3.050764,4
6031,-64.877279,-3.050833,4
6032,-64.873478,-3.049142,4
6033,-64.87088,-3.048988,4
6034,-64.872198,-3.047113,4
6035,-64.872043,-3.04719,4
6036,-64.872019,-3.047234,4
6037,-64.87213,-3.047288,4
6038,-64.872032,-3.047258,4
6039,-64.871996,-3.047285,4
6040,-64.872045,-3.047265,4
6041,-64.871731,-3.047322,4
6042,-64.871721,-3.047376,4
6043,-64.871751,-3.047283,4
6044,-64.871739,-3.047323,4
6045,-64.872015,-3.047275,4
6046,-64.871895,-3.046855,4
6047,-64.871969,-3.047178,4
6048,-64.872058,-3.047165,4
6049,-64.872035,-3.04729,4
6050,-64.872185,-3.047157,4
6051,-64.872153,-3.047157,4
6052,-64.871747,-3.047353,4
6053,-64.872027,-3.047285,4
6054,-64.871691,-3.047294,4
6055,-64.871712,-3.047629,4
6056,-64.871709,-3.047697,4
6057,-64.871685,-3.047682,4
6058,-64.871804,-3.047362,4
6059,-64.872018,-3.047247,4
6060,-64.867748,-3.044076,6
6061,-64.86715,-3.044538,6
6062,-64.867103,-3.044565,6
6063,-64.867217,-3.044628,6
6064,-64.867259,-3.04468,6
6065,-64.867196,-3.044586,6
6066,-64.86743,-3.044695,6
6067,-64.867626,-3.044479,6
6068,-64.867114,-3.044251,6
6069,-64.866615,-3.043976,6
6070,-64.859591,-3.051501,6
6071,-64.858584,-3.054303,6
6072,-64.861632,-3.0586,6
6073,-64.864252,-3.057802,6
6074,-64.864353,-3.057873,6
6075,-64.864421,-3.0579,6
6076,-64.864389,-3.057906,6
6077,-64.867325,-3.057296,6
6078,-64.870587,-3.058916,6
6079,-64.870241,-3.058321,6
6080,-64.870197,-3.058093,6
6081,-64.872185,-3.050939,4
6082,-64.872155,-3.050879,4
6083,-64.872125,-3.050917,4
6084,-64.872086,-3.051093,4
6085,-64.872107,-3.050997,4
6086,-64.871641,-3.05077,4
6087,-64.871398,-3.05059,4
6088,-64.870367,-3.050837,4
6089,-64.87081,-3.052649,4
6090,-64.875308,-3.053173,4
6091,-64.875806,-3.052864,4
6092,-64.876295,-3.052393,4
6093,-64.87631,-3.052715,4
6094,-64.877728,-3.052922,4
6095,-64.877732,-3.052881,4
6096,-64.878155,-3.052714,4
6097,-64.878068,-3.052591,4
6098,-64.87825,-3.050195,4
6099,-64.87305,-3.046381,4
6100,-64.872953,-3.046518,4
6101,-64.872966,-3.046512,4
6102,-64.873024,-3.046424,4
6103,-64.873046,-3.046356,4
6104,-64.872934,-3.046546,4
6105,-64.873008,-3.046504,4
6106,-64.873025,-3.046444,4
6107,-64.872995,-3.046528,4
6108,-64.872934,-3.046615,4
6109,-64.873036,-3.046598,4
6110,-64.872991,-3.046688,4
6111,-64.873057,-3.046616,4
6112,-64.873078,-3.046364,4
6113,-64.873043,-3.046333,4
6114,-64.87314,-3.046582,4
6115,-64.873156,-3.046557,4
6116,-64.87316,-3.0466,4
6117,-64.872901,-3.04669,4
6118,-64.872995,-3.046423,4
6119,-64.872965,-3.046579,4
6120,-64.87295,-3.046658,4
6121,-64.872882,-3.046676,4
6122,-64.87309,-3.046695,4
6123,-64.873302,-3.046443,4
6124,-64.873084,-3.046576,4
6125,-64.87309,-3.046394,4
6126,-64.873153,-3.046558,4
6127,-64.873084,-3.046595,4
6128,-64.873141,-3.046804,4
6129,-64.873162,-3.046593,4
6130,-64.873171,-3.046589,4
6131,-64.873216,-3.046586,4
6132,-64.873005,-3.04661,4
6133,-64.877522,-3.049925,4
6134,-64.877401,-3.049642,4
6135,-64.877347,-3.049681,4
6136,-64.877391,-3.04962,4
6137,-64.877424,-3.049785,4
6138,-64.879148,-3.050921,4
6139,-64.881649,-3.050953,4
6140,-64.881662,-3.050894,4
6141,-64.881614,-3.050938,4
6142,-64.881572,-3.051227,4
6143,-64.88132,-3.050723,4
6144,-64.881245,-3.05063,4
6145,-64.881634,-3.050937,4
6146,-64.881741,-3.050888,4
6147,-64.881787,-3.051125,4
6148,-64.881558,-3.050942,4
6149,-64.881739,-3.051149,4
6150,-64.881734,-3.051185,4
6151,-64.881614,-3.050915,4
6152,-64.881516,-3.050821,4
6153,-64.881642,-3.051006,4
6154,-64.881642,-3.051176,4
6155,-64.881557,-3.051122,4
6156,-64.88179,-3.051139,4
6157,-64.881663,-3.051191,4
6158,-64.881587,-3.051192,4
6159,-64.882833,-3.053348,4
6160,-64.883393,-3.054164,4
6161,-64.883169,-3.054042,4
6162,-64.883388,-3.054042,4
6163,-64.883189,-3.054074,4
6164,-64.883298,-3.054009,4
6165,-64.883367,-3.053874,4
6166,-64.883346,-3.053994,4
6167,-64.883485,-3.054089,4
6168,-64.883359,-3.054064,4
6169,-64.883339,-3.054214,4
6170,-64.887712,-3.053892,4
6171,-64.896898,-3.050595,4
6172,-64.897019,-3.050563,4
6173,-64.896936,-3.050685,4
6174,-64.896922,-3.05031,4
6175,-64.89549,-3.05047,4
6176,-64.892542,-3.052654,4
6177,-64.892552,-3.052778,4
6178,-64.893079,-3.051902,4
6179,-64.892141,-3.053965,4
6180,-64.892197,-3.053994,4
6181,-64.892196,-3.053924,4
6182,-64.892838,-3.053848,4
6183,-64.892309,-3.053905,4
6184,-64.893085,-3.054497,4
6185,-64.909056,-3.047466,4
6186,-64.910172,-3.047301,4
6187,-64.910141,-3.047339,4
6188,-64.904489,-3.053557,4
6189,-64.904533,-3.053419,4
6190,-64.904539,-3.05339,4
6191,-64.900649,-3.051794,4
6192,-64.900753,-3.048942,4
6193,-64.90079,-3.049003,4
6194,-64.900809,-3.049023,4
6195,-64.900804,-3.048988,4
6196,-64.900857,-3.049059,4
6197,-64.900798,-3.048987,4
6198,-64.900807,-3.048999,4
6199,-64.900888,-3.048968,4
6200,-64.90077,-3.048921,4
6201,-64.903098,-3.046195,4
6202,-64.897166,-3.043169,4
6203,-64.895161,-3.043505,4
6204,-64.895212,-3.043457,4
6205,-64.895183,-3.043464,4
6206,-64.89525,-3.043444,4
6207,-64.89551,-3.043323,4
6208,-64.883459,-3.042917,4
6209,-64.880369,-3.051254,4
6210,-64.879436,-3.049959,4
6211,-64.877888,-3.049716,4
6212,-64.877971,-3.050368,4
6213,-64.877953,-3.050309,4
6214,-64.87789,-3.050308,4
6215,-64.877541,-3.049212,4
6216,-64.87761,-3.049558,4
6217,-64.877574,-3.050207,4
6218,-64.877724,-3.050295,4
6219,-64.877895,-3.050228,4
6220,-64.877547,-3.050149,4
6221,-64.877968,-3.050185,4
6222,-64.878005,-3.050078,4
6223,-64.877175,-3.050649,4
6224,-64.87691,-3.052282,4
6225,-64.875345,-3.052324,4
6226,-64.874898,-3.052334,4
6227,-64.874821,-3.052251,4
6228,-64.874796,-3.052285,4
6229,-64.874807,-3.052303,4
6230,-64.874809,-3.052266,4
6231,-64.874852,-3.052233,4
6232,-64.874825,-3.052253,4
6233,-64.874834,-3.052228,4
6234,-64.874906,-3.052229,4
6235,-64.874859,-3.052216,4
6236,-64.874123,-3.051755,4
6237,-64.8726,-3.046139,4
6238,-64.876448,-3.05419,4
6239,-64.875623,-3.054984,4
6240,-64.875945,-3.056001,6
6241,-64.875984,-3.055929,6
6242,-64.876351,-3.056191,6
6243,-64.876617,-3.0562,6
6244,-64.87646,-3.056245,6
6245,-64.87631,-3.056037,6
6246,-64.874814,-3.052757,4
6247,-64.879378,-3.054466,4
6248,-64.879445,-3.054215,4
6249,-64.879514,-3.054216,4
6250,-64.879433,-3.05426,4
6251,-64.879064,-3.055241,4
6252,-64.879008,-3.055241,4
6253,-64.879069,-3.055204,4
6254,-64.879109,-3.054662,4
6255,-64.879538,-3.05423,4
6256,-64.87954,-3.054209,4
6257,-64.879438,-3.054128,4
6258,-64.879455,-3.05423,4
6259,-64.883285,-3.053309,4
6260,-64.883201,-3.053467,4
6261,-64.883348,-3.053309,4
6262,-64.883334,-3.053288,4
6263,-64.875422,-3.05472,4
6264,-64.8731,-3.055356,4
6265,-64.875586,-3.059817,6
6266,-64.868993,-3.059351,6
6267,-64.868549,-3.054653,6
6268,-64.868586,-3.054869,6
6269,-64.868584,-3.05476,6
6270,-64.86853,-3.05479,6
6271,-64.872614,-3.05057,4
6272,-64.870969,-3.048931,4
6273,-64.872379,-3.044255,4
6274,-64.87699,-3.044392,4
6275,-64.884568,-3.039819,4
6276,-64.884281,-3.039785,4
6277,-64.88449,-3.039849,4
6278,-64.884389,-3.039876,4
6279,-64.884704,-3.039791,4
6280,-64.884493,-3.039839,4
6281,-64.884584,-3.039806,4
6282,-64.884414,-3.039899,4
6283,-64.88447,-3.039793,4
6284,-64.873086,-3.044106,4
6285,-64.871237,-3.041482,4
6286,-64.871244,-3.041417,4
6287,-64.87127,-3.041567,4
6288,-64.870943,-3.041874,4
6289,-64.868545,-3.040442,4
6290,-64.870661,-3.033926,4
6291,-64.882793,-3.029262,4
6292,-64.882786,-3.029325,4
6293,-64.882747,-3.029302,4
6294,-64.882739,-3.029417,4
6295,-64.875792,-3.033341,4
6296,-64.876316,-3.040271,4
6297,-64.878278,-3.040906,4
6298,-64.878267,-3.041007,4
6299,-64.896087,-3.035404,4
6300,-64.891659,-3.03276,4
6301,-64.891264,-3.03357,4
6302,-64.891102,-3.033268,4
6303,-64.891131,-3.032957,4
6304,-64.890957,-3.032908,4
6305,-64.888157,-3.036721,4
6306,-64.888247,-3.036713,4
6307,-64.888363,-3.036782,4
6308,-64.888345,-3.036775,4
6309,-64.888379,-3.036737,4
6310,-64.888237,-3.036927,4
6311,-64.888369,-3.036746,4
6312,-64.883896,-3.036181,4
6313,-64.887737,-3.035412,4
6314,-64.886614,-3.037043,4
6315,-64.88661,-3.039276,4
6316,-64.886706,-3.039163,4
6317,-64.886576,-3.039204,4
6318,-64.886674,-3.039122,4
6319,-64.886685,-3.039239,4
6320,-64.886453,-3.039275,4
6321,-64.886405,-3.038992,4
6322,-64.886646,-3.042151,4
6323,-64.883854,-3.043089,4
6324,-64.883375,-3.043398,4
6325,-64.885446,-3.048228,4
6326,-64.888802,-3.048574,4
6327,-64.888848,-3.048521,4
6328,-64.888825,-3.048623,4
6329,-64.888714,-3.048591,4
6330,-64.888925,-3.048601,4
6331,-64.892763,-3.047212,4
6332,-64.895846,-3.040476,4
6333,-64.89682,-3.038555,4
6334,-64.896778,-3.038446,4
6335,-64.896885,-3.03843,4
6336,-64.896875,-3.038468,4
6337,-64.896824,-3.038408,4
6338,-64.896833,-3.038422,4
6339,-64.896915,-3.037571,4
6340,-64.903099,-3.035017,4
6341,-64.904802,-3.045216,4
6342,-64.903316,-3.05141,4
6343,-64.903385,-3.051564,4
6344,-64.903283,-3.051515,4
6345,-64.903351,-3.051464,4
6346,-64.903308,-3.051543,4
6347,-64.903377,-3.051603,4
6348,-64.900925,-3.047938,4
6349,-64.898968,-3.034812,4
6350,-64.902752,-3.024482,4
6351,-64.8951,-3.022681,4
6352,-64.896404,-3.022426,4
6353,-64.895163,-3.022043,4
6354,-64.901771,-3.044313,4
6355,-64.89784,-3.049385,4
6356,-64.8974,-3.040345,4
6357,-64.891192,-3.036283,4
6358,-64.891345,-3.036282,4
6359,-64.895254,-3.022169,4
6360,-64.895275,-3.022119,4
6361,-64.89519,-3.022102,4
6362,-64.895235,-3.022005,4
6363,-64.89528,-3.022801,4
6364,-64.895281,-3.022693,4
6365,-64.895301,-3.022925,4
6366,-64.890756,-3.029158,4
6367,-64.890802,-3.029281,4
6368,-64.89082,-3.029349,4
6369,-64.886385,-3.033213,4
6370,-64.862254,-3.067252,6
6371,-64.86831,-3.068217,6
6372,-64.871485,-3.068923,6
6373,-64.871409,-3.069078,6
6374,-64.871558,-3.068931,6
6375,-64.871392,-3.068933,6
6376,-64.871889,-3.068589,6
6377,-64.871771,-3.068666,6
6378,-64.871818,-3.068698,6
6379,-64.871549,-3.068976,6
6380,-64.871406,-3.068968,6
6381,-64.871789,-3.069336,6
6382,-64.871365,-3.069343,6
6383,-64.871339,-3.069263,6
6384,-64.871398,-3.070102,6
6385,-64.874572,-3.068401,6
6386,-64.874638,-3.068304,6
6387,-64.876479,-3.066478,6
6388,-64.877662,-3.068417,6
6389,-64.875416,-3.080123,6
6390,-64.875691,-3.080376,6
6391,-64.87532,-3.081158,6
6392,-64.875386,-3.081148,6
6393,-64.875429,-3.081125,6
6394,-64.875456,-3.081069,6
6395,-64.875428,-3.080171,6
6396,-64.871026,-3.077351,6
6397,-64.870978,-3.077448,6
6398,-64.870945,-3.077395,6
6399,-64.870942,-3.077442,6
6400,-64.870979,-3.077379,6
6401,-64.870921,-3.07739,6
6402,-64.870983,-3.077477,6
6403,-64.870802,-3.077442,6
6404,-64.871045,-3.077432,6
6405,-64.870975,-3.077415,6
6406,-64.871035,-3.077367,6
6407,-64.871024,-3.077317,6
6408,-64.87102,-3.077376,6
6409,-64.870455,-3.077081,6
6410,-64.870591,-3.077091,6
6411,-64.871138,-3.077333,6
6412,-64.871015,-3.077419,6
6413,-64.870935,-3.077442,6
6414,-64.870835,-3.077403,6
6415,-64.871078,-3.077503,6
6416,-64.870404,-3.077045,6
6417,-64.870376,-3.077062,6
6418,-64.870595,-3.077006,6
6419,-64.870473,-3.077086,6
6420,-64.874321,-3.070708,6
6421,-64.876596,-3.066575,6
6422,-64.877071,-3.066314,6
6423,-64.8768,-3.065893,6
6424,-64.86797,-3.068269,6
6425,-64.864202,-3.072053,6
6426,-64.864166,-3.071975,6
6427,-64.864379,-3.072088,6
6428,-64.864332,-3.071942,6
6429,-64.867126,-3.056439,6
6430,-64.890989,-3.052769,4
6431,-64.890343,-3.04759,4
6432,-64.890424,-3.047329,4
6433,-64.904789,-3.043653,4
6434,-64.904883,-3.04365,4
6435,-64.904899,-3.043413,4
6436,-64.904826,-3.043606,4
6437,-64.904715,-3.043645,4
6438,-64.898058,-3.040614,4
6439,-64.898082,-3.040468,4
6440,-64.900857,-3.041406,4
6441,-64.901031,-3.041261,4
6442,-64.902226,-3.041607,4
6443,-64.902298,-3.041376,4
6444,-64.895751,-3.052973,4
6445,-64.8703,-3.063495,6
6446,-64.87008,-3.06353,6
6447,-64.870416,-3.063382,6
6448,-64.870268,-3.063376,6
6449,-64.891114,-3.052656,4
6450,-64.895656,-3.053194,4
6451,-64.895515,-3.053202,4
6452,-64.89589,-3.053111,4
6453,-64.895668,-3.053509,4
6454,-64.895104,-3.053708,4
6455,-64.895198,-3.053686,4
6456,-64.892088,-3.053717,4
6457,-64.8858,-3.052536,4
6458,-64.879999,-3.050376,4
6459,-64.865481,-3.052955,6
6460,-64.858918,-3.052113,6
6461,-64.858431,-3.052307,6
6462,-64.858551,-3.051238,6
6463,-64.858409,-3.051161,6
6464,-64.858364,-3.05123,6
6465,-64.858288,-3.051188,6
6466,-64.85699,-3.047585,6
6467,-64.857187,-3.059549,6
6468,-64.857367,-3.059596,6
6469,-64.857226,-3.059656,6
6470,-64.857133,-3.059341,6
6471,-64.857208,-3.059428,6
6472,-64.85729,-3.059574,6
6473,-64.857365,-3.05951,6
6474,-64.858658,-3.062982,6
6475,-64.858564,-3.062734,6
6476,-64.858671,-3.062836,6
6477,-64.858575,-3.062867,6
6478,-64.858592,-3.062883,6
6479,-64.858846,-3.063005,6
6480,-64.858506,-3.062653,6
6481,-64.858563,-3.062759,6
6482,-64.860236,-3.068859,6
6483,-64.874696,-3.064569,6
6484,-64.877823,-3.08203,6
6485,-64.877899,-3.082731,6
6486,-64.877943,-3.082906,6
6487,-64.878619,-3.088843,6
6488,-64.864878,-3.068753,6
6489,-64.878342,-3.088838,6
6490,-64.877179,-3.084648,6
6491,-64.876981,-3.084801,6
6492,-64.876954,-3.084817,6
6493,-64.876981,-3.08477,6
6494,-64.876962,-3.084718,6
6495,-64.876948,-3.084651,6
6496,-64.87616,-3.084258,6
6497,-64.874685,-3.081738,6
6498,-64.88095,-3.081392,6
6499,-64.877483,-3.081002,6
6500,-64.87153,-3.079661,6
6501,-64.871365,-3.079669,6
6502,-64.871212,-3.079838,6
6503,-64.871511,-3.079728,6
6504,-64.863561,-3.078467,6
6505,-64.86373,-3.0784,6
6506,-64.864068,-3.072741,6
6507,-64.86953,-3.064772,6
6508,-64.869386,-3.064765,6
6509,-64.869734,-3.064666,6
6510,-64.869392,-3.064775,6
6511,-64.872217,-3.061506,6
6512,-64.868889,-3.050501,6
6513,-64.87905,-3.030353,4
6514,-64.887618,-3.027049,4
6515,-64.887085,-3.026874,4
6516,-64.887218,-3.026926,4
6517,-64.887368,-3.026319,4
6518,-64.887743,-3.026149,4
6519,-64.882007,-3.02851,4
6520,-64.884271,-3.046672,4
6521,-64.880021,-3.04458,4
6522,-64.871724,-3.044628,4
6523,-64.870549,-3.044812,4
6524,-64.870467,-3.044852,4
6525,-64.870534,-3.04483,4
6526,-64.869794,-3.044219,4
6527,-64.869614,-3.044218,4
6528,-64.866499,-3.042047,4
6529,-64.869383,-3.049901,4
6530,-64.866715,-3.042059,4
6531,-64.866518,-3.042104,4
6532,-64.866184,-3.040016,4
6533,-64.866222,-3.04006,4
6534,-64.866056,-3.040038,4
6535,-64.866161,-3.040042,4
6536,-64.837977,-3.070574,0
6537,-64.837523,-3.070466,0
6538,-64.837648,-3.070513,0
6539,-64.837422,-3.070487,0
6540,-64.837462,-3.070415,0
6541,-64.837545,-3.070412,0
6542,-64.836544,-3.063503,0
6543,-64.839243,-3.063782,0
6544,-64.839186,-3.063709,0
6545,-64.839099,-3.063748,0
6546,-64.839134,-3.06369,0
6547,-64.839121,-3.063701,0
6548,-64.839183,-3.063707,0
6549,-64.839431,-3.063665,0
6550,-64.825793,-3.069239,0
6551,-64.82602,-3.075453,0
6552,-64.828893,-3.071197,0
6553,-64.828901,-3.071309,0
6554,-64.828871,-3.071231,0
6555,-64.828776,-3.071198,0
6556,-64.828904,-3.071136,0
6557,-64.879462,-3.068187,6
6558,-64.87982,-3.065912,6
6559,-64.879563,-3.06602,6
6560,-64.879681,-3.066065,6
6561,-64.879597,-3.066067,6
6562,-64.880503,-3.070893,6
6563,-64.878133,-3.080046,6
6564,-64.907205,-3.060183,4
6565,-64.89279,-3.06786,4
6566,-64.89297,-3.067939,4
6567,-64.89275,-3.067847,4
6568,-64.891476,-3.070414,4
6569,-64.887318,-3.082982,4
6570,-64.871154,-3.049496,4
6571,-64.885492,-3.048206,4
6572,-64.891318,-3.051377,4
6573,-64.893998,-3.03952,4
6574,-64.888842,-3.054903,4
6575,-64.888813,-3.054925,4
6576,-64.883969,-3.062502,4
6577,-64.884232,-3.055934,4
6578,-64.893691,-3.039838,4
6579,-64.893647,-3.039714,4
6580,-64.893553,-3.039687,4
6581,-64.893611,-3.039668,4
6582,-64.886586,-3.037484,4
6583,-64.884887,-3.037816,4
6584,-64.885139,-3.036889,4
6585,-64.885875,-3.037039,4
6586,-64.88517,-3.036772,4
6587,-64.885152,-3.036867,4
6588,-64.884681,-3.035502,4
6589,-64.883127,-3.043226,4
6590,-64.8884,-3.053596,4
6591,-64.8948,-3.040468,4
6592,-64.894805,-3.040566,4
6593,-64.894693,-3.040565,4
6594,-64.894763,-3.040541,4
6595,-64.894922,-3.040497,4
6596,-64.894735,-3.040605,4
6597,-64.895294,-3.040667,4
6598,-64.888461,-3.037523,4
6599,-64.888516,-3.037722,4
6600,-64.888581,-3.037368,4
6601,-64.888481,-3.037468,4
6602,-64.888479,-3.0374,4
6603,-64.888544,-3.03748,4
6604,-64.888045,-3.037809,4
6605,-64.887408,-3.03674,4
6606,-64.897205,-3.026347,4
6607,-64.897143,-3.026379,4
6608,-64.895854,-3.024682,4
6609,-64.895976,-3.024694,4
6610,-64.895937,-3.024572,4
6611,-64.895872,-3.024637,4
6612,-64.891223,-3.036382,4
6613,-64.874941,-3.043946,4
6614,-64.870532,-3.038461,4
6615,-64.870255,-3.038622,4
6616,-64.87045,-3.038541,4
6617,-64.869931,-3.038632,4
6618,-64.870594,-3.038573,4
6619,-64.870661,-3.03865,4
6620,-64.86206,-3.040269,6
6621,-64.862019,-3.040409,6
6622,-64.863618,-3.039176,4
6623,-64.863628,-3.039195,4
6624,-64.864586,-3.038476,4
6625,-64.866795,-3.035724,4
6626,-64.871098,-3.048224,4
6627,-64.871085,-3.048305,4
6628,-64.872838,-3.048808,4
6629,-64.873564,-3.048889,4
6630,-64.873645,-3.048815,4
6631,-64.875041,-3.049255,4
6632,-64.875016,-3.049108,4
6633,-64.875019,-3.049105,4
6634,-64.874962,-3.048865,4
6635,-64.874989,-3.049161,4
6636,-64.875058,-3.049136,4
6637,-64.875008,-3.049131,4
6638,-64.875018,-3.049172,4
6639,-64.874964,-3.049279,4
6640,-64.875022,-3.04927,4
6641,-64.874958,-3.049294,4
6642,-64.874945,-3.04933,4
6643,-64.875086,-3.049193,4
6644,-64.875038,-3.049213,4
6645,-64.875012,-3.049208,4
6646,-64.875081,-3.04913,4
6647,-64.875068,-3.049165,4
6648,-64.875071,-3.049101,4
6649,-64.875117,-3.049187,4
6650,-64.875003,-3.049213,4
6651,-64.875001,-3.049153,4
6652,-64.873434,-3.047936,4
6653,-64.873407,-3.047917,4
6654,-64.873455,-3.048008,4
6655,-64.873237,-3.047998,4
6656,-64.873349,-3.048512,4
6657,-64.869048,-3.059197,6
6658,-64.8692,-3.058819,6
6659,-64.869303,-3.058737,6
6660,-64.869309,-3.058873,6
6661,-64.869225,-3.059104,6
6662,-64.869271,-3.058658,6
6663,-64.869311,-3.05873,6
6664,-64.869175,-3.058876,6
6665,-64.869188,-3.05974,6
6666,-64.867962,-3.064118,6
6667,-64.868051,-3.06428,6
6668,-64.867939,-3.064383,6
6669,-64.867889,-3.064061,6
6670,-64.867317,-3.064287,6
6671,-64.876391,-3.084846,6
6672,-64.879995,-3.089564,6
6673,-64.876552,-3.091082,6
6674,-64.876458,-3.090858,6
6675,-64.876467,-3.09082,6
6676,-64.876404,-3.091009,6
6677,-64.87602,-3.090823,6
6678,-64.876356,-3.091019,6
6679,-64.876375,-3.091182,6
6680,-64.875785,-3.090634,6
6681,-64.875714,-3.090319,6
6682,-64.875607,-3.090334,6
6683,-64.870495,-3.074853,6
6684,-64.870558,-3.074862,6
6685,-64.870592,-3.07474,6
6686,-64.861144,-3.066661,6
6687,-64.837882,-3.071603,0
6688,-64.837798,-3.071601,0
6689,-64.83792,-3.071617,0
6690,-64.837902,-3.07172,0
6691,-64.837679,-3.071321,0
6692,-64.838483,-3.07165,0
6693,-64.840553,-3.070771,0
6694,-64.840247,-3.075495,0
6695,-64.861328,-3.087219,6
6696,-64.86151,-3.087264,6
6697,-64.861636,-3.087279,6
6698,-64.861426,-3.087247,6
6699,-64.861585,-3.087284,6
6700,-64.864803,-3.07629,6
6701,-64.866304,-3.069094,6
6702,-64.866079,-3.068921,6
6703,-64.877776,-3.048973,4
6704,-64.878224,-3.049806,4
6705,-64.878747,-3.050619,4
6706,-64.878697,-3.050782,4
6707,-64.879546,-3.054522,4
6708,-64.882293,-3.060158,4
6709,-64.882401,-3.059835,4
6710,-64.882206,-3.060286,4
6711,-64.882332,-3.060105,4
6712,-64.882391,-3.060114,4
6713,-64.882134,-3.059954,4
6714,-64.885262,-3.04939,4
6715,-64.886638,-3.051524,4
6716,-64.887561,-3.051667,4
6717,-64.887664,-3.051676,4
6718,-64.885614,-3.049116,4
6719,-64.885216,-3.049101,4
6720,-64.885029,-3.048734,4
6721,-64.882303,-3.045925,4
6722,-64.886856,-3.037234,4
6723,-64.90228,-3.027407,4
6724,-64.902256,-3.027332,4
6725,-64.90717,-3.02458,4
6726,-64.913328,-3.027343,4
6727,-64.904815,-3.028476,4
6728,-64.904855,-3.028513,4
6729,-64.90469,-3.028623,4
6730,-64.904866,-3.028601,4
6731,-64.904559,-3.028627,4
6732,-64.904778,-3.028772,4
6733,-64.883454,-3.044655,4
6734,-64.882844,-3.041994,4
6735,-64.883251,-3.041994,4
6736,-64.883499,-3.041921,4
6737,-64.883493,-3.041936,4
6738,-64.883209,-3.041965,4
6739,-64.883192,-3.041914,4
6740,-64.883241,-3.04194,4
6741,-64.883172,-3.041967,4
6742,-64.883307,-3.041871,4
6743,-64.886894,-3.039172,4
6744,-64.886915,-3.039126,4
6745,-64.887062,-3.039306,4
6746,-64.887019,-3.03928,4
6747,-64.887076,-3.039216,4
6748,-64.887098,-3.039194,4
6749,-64.895108,-3.022617,4
6750,-64.891606,-3.02795,4
6751,-64.884086,-3.037197,4
6752,-64.877475,-3.033943,4
6753,-64.877256,-3.033765,4
6754,-64.877241,-3.033739,4
6755,-64.87941,-3.029619,4
6756,-64.878873,-3.029814,4
6757,-64.867263,-3.037322,4
6758,-64.866203,-3.037254,4
6759,-64.864957,-3.046884,6
6760,-64.864753,-3.047544,6
6761,-64.864986,-3.047469,6
6762,-64.864789,-3.047597,6
6763,-64.864695,-3.047586,6
6764,-64.867511,-3.048706,6
6765,-64.867288,-3.048556,6
6766,-64.867298,-3.048663,6
6767,-64.86712,-3.048628,6
6768,-64.867586,-3.048658,6
6769,-64.871423,-3.055851,6
6770,-64.871391,-3.055775,6
6771,-64.871486,-3.05584,6
6772,-64.871424,-3.055796,6
6773,-64.87153,-3.056138,6
6774,-64.857187,-3.054045,6
6775,-64.850841,-3.058212,6
6776,-64.846043,-3.05033,0
6777,-64.845351,-3.043079,0
6778,-64.846988,-3.041892,0
6779,-64.851154,-3.042331,1
6780,-64.851548,-3.037294,1
6781,-64.850749,-3.037286,1
6782,-64.850978,-3.037445,1
6783,-64.84976,-3.036285,1
6784,-64.851247,-3.042182,1
6785,-64.851181,-3.040818,1
6786,-64.851908,-3.041329,1
6787,-64.851878,-3.041305,1
6788,-64.853688,-3.051548,6
6789,-64.854376,-3.051395,6
6790,-64.856358,-3.051788,6
6791,-64.857455,-3.050092,6
6792,-64.857973,-3.049277,6
6793,-64.858077,-3.049414,6
6794,-64.858244,-3.048937,6
6795,-64.858196,-3.049011,6
6796,-64.858255,-3.048978,6
6797,-64.857973,-3.049312,6
6798,-64.858266,-3.049341,6
6799,-64.858772,-3.04798,6
6800,-64.861937,-3.047786,6
6801,-64.862547,-3.048894,6
6802,-64.884638,-3.035537,4
6803,-64.875538,-3.033481,4
6804,-64.87563,-3.033261,4
6805,-64.871301,-3.036187,4
6806,-64.871324,-3.036001,4
6807,-64.871361,-3.036046,4
6808,-64.871421,-3.036076,4
6809,-64.871879,-3.037018,4
6810,-64.871874,-3.03731,4
6811,-64.874721,-3.042954,4
6812,-64.874908,-3.041849,4
6813,-64.874858,-3.041168,4
6814,-64.874883,-3.041212,4
6815,-64.879025,-3.04497,4
6816,-64.879009,-3.041254,4
6817,-64.876727,-3.040036,4
6818,-64.869456,-3.047588,4
6819,-64.870457,-3.047671,4
6820,-64.868784,-3.047196,6
6821,-64.869152,-3.047545,4
6822,-64.868939,-3.047616,4
6823,-64.869333,-3.047756,4
6824,-64.869268,-3.047722,4
6825,-64.869973,-3.047721,4
6826,-64.87049,-3.047657,4
6827,-64.870428,-3.047658,4
6828,-64.870409,-3.047685,4
6829,-64.870433,-3.047685,4
6830,-64.870374,-3.047857,4
6831,-64.870234,-3.047941,4
6832,-64.870028,-3.047829,4
6833,-64.870131,-3.047903,4
6834,-64.870338,-3.047674,4
6835,-64.870809,-3.047762,4
6836,-64.870823,-3.047707,4
6837,-64.870765,-3.047763,4
6838,-64.874099,-3.049437,4
6839,-64.874139,-3.047233,4
6840,-64.874398,-3.046976,4
6841,-64.874261,-3.048614,4
6842,-64.875219,-3.049984,4
6843,-64.883097,-3.053292,4
6844,-64.88319,-3.053312,4
6845,-64.882975,-3.053341,4
6846,-64.883147,-3.053216,4
6847,-64.883082,-3.053112,4
6848,-64.889402,-3.051819,4
6849,-64.891931,-3.046507,4
6850,-64.891977,-3.046484,4
6851,-64.891887,-3.046449,4
6852,-64.88801,-3.046865,4
6853,-64.884888,-3.047685,4
6854,-64.880325,-3.05037,4
6855,-64.880798,-3.052273,4
6856,-64.881434,-3.052912,4
6857,-64.881386,-3.052888,4
6858,-64.853711,-3.054585,6
6859,-64.853797,-3.0545,6
6860,-64.853711,-3.0545,6
6861,-64.853797,-3.0545,6
6862,-64.854226,-3.054414,6
6863,-64.854226,-3.054414,6
6864,-64.854484,-3.054585,6
6865,-64.858432,-3.016477,1
6866,-64.841437,-3.044972,0
6867,-64.842038,-3.041368,0
6868,-64.842124,-3.041282,0
6869,-64.853797,-3.073125,6
6870,-64.853282,-3.072352,6
6871,-64.853282,-3.072267,6
6872,-64.830709,-3.067546,0
6873,-64.869332,-3.053813,6
6874,-64.869332,-3.053727,6
6875,-64.869246,-3.053813,6
6876,-64.930959,-2.995448,5
6877,-64.931045,-2.995448,5
6878,-64.93628,-2.992444,5
6879,-64.937568,-2.993817,5
6880,-64.937482,-2.993731,5
6881,-64.945893,-2.99974,5
6882,-64.924006,-2.982144,2
6883,-64.923835,-2.982144,2
6884,-64.905725,-2.980342,2
6885,-64.899459,-2.985492,2
6886,-64.899373,-2.985492,2
6887,-64.899373,-2.985406,2
6888,-64.877658,-3.021197,4
6889,-64.877658,-3.021283,4
6890,-64.877744,-3.021369,4
6891,-64.881949,-3.024888,4
6892,-64.851394,-3.036733,1
6893,-64.844956,-3.042655,0
6894,-64.81895,-3.072438,0
6895,-64.822726,-3.079391,0
6896,-64.823499,-3.079562,0
6897,-64.823499,-3.079476,0
6898,-64.823413,-3.079562,0
6899,-64.828906,-3.078618,0
6900,-64.914492,-2.984694,2
6901,-64.914393,-2.984781999999997,2
6902,-64.914429,-2.984763999999996,2
6903,-64.914457,-2.9847429999999964,2
6904,-64.914398,-2.98477,2
6905,-64.914415,-2.984723999999999,2
6906,-64.914481,-2.9846710000000023,2
6907,-64.914587,-2.9846350000000075,2
6908,-64.914527,-2.984589999999997,2
6909,-64.914506,-2.984673000000004,2
6910,-64.914467,-2.984642000000006,2
6911,-64.914618,-2.984603000000007,2
6912,-64.914497,-2.9847089999999934,2
6913,-64.914441,-2.9847679999999976,2
6914,-64.9145,-2.9846769999999947,2
6915,-64.91449100000001,-2.984740000000007,2
6916,-64.914442,-2.984834999999996,2
6917,-64.91445,-2.984754999999993,2
6918,-64.914472,-2.9847380000000028,2
6919,-64.914431,-2.984705999999999,2
6920,-64.914503,-2.984642999999993,2
6921,-64.914375,-2.9848400000000006,2
6922,-64.91448,-2.9846800000000004,2
6923,-64.914462,-2.9847050000000075,2
6924,-64.914518,-2.984590000000005,2
6925,-64.914494,-2.984704999999997,2
6926,-64.914477,-2.9846159999999986,2
6927,-64.914494,-2.984712000000002,2
6928,-64.914364,-2.984767000000004,2
6929,-64.91448,-2.9847069999999984,2
6930,-64.914476,-2.984691000000005,2
6931,-64.914469,-2.984672,2
6932,-64.914501,-2.9846449999999947,2
6933,-64.914425,-2.984697000000003,2
6934,-64.914413,-2.9847250000000054,2
6935,-64.914386,-2.984745999999994,2
6936,-64.914312,-2.984743000000006,2
6937,-64.867561,-3.042990999999998,6
6938,-64.867486,-3.042981000000008,6
6939,-64.866643,-3.0398810000000025,4
6940,-64.86554,-3.039671999999998,4
6941,-64.865328,-3.0391550000000023,4
6942,-64.865201,-3.0404640000000023,4
6943,-64.86352,-3.0460939999999925,6
6944,-64.86365,-3.046087000000006,6
6945,-64.8636,-3.046046000000007,6
6946,-64.862023,-3.050914000000005,6
6947,-64.859414,-3.0517989999999977,6
6948,-64.858727,-3.0512970000000053,6
6949,-64.858728,-3.050746000000004,6
6950,-64.859717,-3.049628999999995,6
6951,-64.863357,-3.0578659999999984,6
6952,-64.868913,-3.056209999999996,6
6953,-64.86757,-3.0498219999999936,6
6954,-64.868038,-3.046520000000004,6
6955,-64.867769,-3.046859000000006,6
6956,-64.868012,-3.0467979999999977,6
6957,-64.867815,-3.0466550000000003,6
6958,-64.867854,-3.0465689999999976,6
6959,-64.867901,-3.046600000000004,6
6960,-64.86801,-3.0464859999999927,6
6961,-64.86803,-3.046548999999997,6
6962,-64.86800400000001,-3.046581999999997,6
6963,-64.86795700000002,-3.0465079999999927,6
6964,-64.867976,-3.0465669999999925,6
6965,-64.867944,-3.0465889999999924,6
6966,-64.867915,-3.0465320000000053,6
6967,-64.86787700000001,-3.046658999999999,6
6968,-64.867847,-3.046582000000002,6
6969,-64.867885,-3.046447000000005,6
6970,-64.867924,-3.0465099999999947,6
6971,-64.868012,-3.046459999999996,6
6972,-64.867954,-3.046591000000006,6
6973,-64.867923,-3.046697000000006,6
6974,-64.867842,-3.046555999999998,6
6975,-64.867978,-3.046881999999997,6
6976,-64.867927,-3.0468299999999955,6
6977,-64.867922,-3.046545999999993,6
6978,-64.867906,-3.0464479999999914,6
6979,-64.867856,-3.046489000000007,6
6980,-64.865808,-3.0451000000000064,6
6981,-64.86805,-3.0464669999999967,6
6982,-64.867933,-3.0464450000000087,6
6983,-64.867839,-3.0465379999999977,6
6984,-64.867885,-3.046505999999998,6
6985,-64.866393,-3.045196000000003,6
6986,-64.866524,-3.0451690000000053,6
6987,-64.866498,-3.045239000000008,6
6988,-64.866653,-3.045163999999995,6
6989,-64.866624,-3.045220000000008,6
6990,-64.865317,-3.045147999999993,6
6991,-64.86534,-3.045258999999996,6
6992,-64.865365,-3.045160999999992,6
6993,-64.865222,-3.045137999999997,6
6994,-64.864694,-3.040724999999993,4
6995,-64.864743,-3.040750999999992,4
6996,-64.866628,-3.0399589999999925,4
6997,-64.866536,-3.0399000000000007,4
6998,-64.866557,-3.039934000000006,4
6999,-64.869377,-3.036827999999998,4
7000,-64.869654,-3.036607999999999,4
7001,-64.869684,-3.036682,4
7002,-64.869704,-3.0366059999999964,4
7003,-64.869579,-3.036731000000008,4
7004,-64.868269,-3.041454000000006,6
7005,-64.868105,-3.041593999999997,6
7006,-64.859147,-3.052663999999992,6
7007,-64.855461,-3.055702000000008,6
7008,-64.85552,-3.055808000000006,6
7009,-64.855459,-3.0558740000000064,6
7010,-64.856255,-3.054821000000005,6
7011,-64.857219,-3.0554719999999955,6
7012,-64.858201,-3.0579850000000057,6
7013,-64.853051,-3.060482000000007,6
7014,-64.853103,-3.060524000000005,6
7015,-64.853112,-3.060538999999992,6
7016,-64.853607,-3.060618000000005,6
7017,-64.853655,-3.0607019999999983,6
7018,-64.853524,-3.060594999999999,6
7019,-64.844675,-3.0667430000000024,0
7020,-64.84188,-3.0610759999999946,0
7021,-64.849559,-3.065024000000004,6
7022,-64.852756,-3.064665999999999,6
7023,-64.852832,-3.064753000000005,6
7024,-64.852643,-3.0647699999999936,6
7025,-64.852867,-3.064555000000005,6
7026,-64.85279500000001,-3.0646229999999908,6
7027,-64.853977,-3.064553999999995,6
7028,-64.860699,-3.0639850000000064,6
7029,-64.857656,-3.072887000000007,6
7030,-64.852828,-3.064536000000003,6
7031,-64.852692,-3.064714000000001,6
7032,-64.852788,-3.064577999999991,6
7033,-64.852702,-3.0647109999999995,6
7034,-64.849516,-3.0664680000000035,6
7035,-64.849167,-3.0670390000000025,6
7036,-64.846286,-3.0715440000000043,6
7037,-64.838411,-3.072325,0
7038,-64.84503800000002,-3.063831000000005,0
7039,-64.845026,-3.0638820000000035,0
7040,-64.845044,-3.063943999999994,0
7041,-64.845046,-3.063856000000002,0
7042,-64.845052,-3.063844000000002,0
7043,-64.845072,-3.0638109999999985,0
7044,-64.845931,-3.0712839999999986,6
7045,-64.845814,-3.071004999999998,6
7046,-64.845879,-3.0712399999999973,6
7047,-64.846063,-3.0713350000000075,6
7048,-64.845911,-3.0713690000000065,6
7049,-64.845871,-3.0712420000000016,6
7050,-64.844488,-3.0711089999999923,6
7051,-64.844421,-3.071041999999999,6
7052,-64.838526,-3.0678479999999992,0
7053,-64.836157,-3.0758869999999976,0
7054,-64.83519,-3.076777999999995,0
7055,-64.835299,-3.076725,0
7056,-64.837159,-3.076807999999996,0
7057,-64.836434,-3.0760469999999973,0
7058,-64.836261,-3.0760330000000016,0
7059,-64.836325,-3.076146,0
7060,-64.836394,-3.076064000000003,0
7061,-64.836426,-3.076129,0
7062,-64.836346,-3.076137999999996,0
7063,-64.83639,-3.0761349999999976,0
7064,-64.837318,-3.074708,0
7065,-64.842801,-3.070777999999996,0
7066,-64.842841,-3.070762000000008,0
7067,-64.842897,-3.070774999999997,0
7068,-64.842912,-3.0707390000000023,0
7069,-64.842933,-3.070820999999991,0
7070,-64.842819,-3.070694,0
7071,-64.84278800000001,-3.070905999999997,0
7072,-64.847071,-3.0681840000000054,6
7073,-64.847032,-3.068305999999996,6
7074,-64.846372,-3.066057999999993,0
7075,-64.846892,-3.0657389999999927,6
7076,-64.841398,-3.069704999999995,0
7077,-64.836305,-3.0761799999999915,0
7078,-64.840044,-3.076079000000006,0
7079,-64.844609,-3.076356,0
7080,-64.848728,-3.069444999999994,6
7081,-64.842567,-3.0592499999999974,0
7082,-64.842553,-3.0593520000000067,0
7083,-64.842529,-3.059230000000001,0
7084,-64.842524,-3.0593119999999927,0
7085,-64.842548,-3.059227999999996,0
7086,-64.842584,-3.059249000000004,0
7087,-64.839708,-3.061961999999994,0
7088,-64.839293,-3.064728000000008,0
7089,-64.839731,-3.0647000000000064,0
7090,-64.839688,-3.064640000000008,0
7091,-64.839668,-3.064490000000007,0
7092,-64.839745,-3.061907000000003,0
7093,-64.844906,-3.069922999999996,6
7094,-64.844609,-3.069597000000005,6
7095,-64.845331,-3.0703499999999915,6
7096,-64.845165,-3.070077999999994,6
7097,-64.844911,-3.070038000000004,6
7098,-64.845677,-3.0711349999999986,6
7099,-64.845902,-3.071154999999993,6
7100,-64.846116,-3.071255000000002,6
7101,-64.846558,-3.0714280000000005,6
7102,-64.84659600000002,-3.071329999999998,6
7103,-64.847291,-3.074287000000009,6
7104,-64.842156,-3.074781999999994,0
7105,-64.844718,-3.076872999999995,0
7106,-64.841832,-3.075357000000001,0
7107,-64.84214300000001,-3.075247999999996,0
7108,-64.842147,-3.075185000000006,0
7109,-64.841823,-3.075314999999992,0
7110,-64.842189,-3.0753680000000023,0
7111,-64.842043,-3.0753289999999964,0
7112,-64.841854,-3.087909999999992,0
7113,-64.841856,-3.087930000000003,0
7114,-64.841809,-3.0876840000000016,0
7115,-64.841552,-3.0877790000000034,0
7116,-64.841919,-3.087888000000005,0
7117,-64.841952,-3.087840999999998,0
7118,-64.841817,-3.0879709999999974,0
7119,-64.841652,-3.0877840000000027,0
7120,-64.84174,-3.087903999999998,0
7121,-64.841637,-3.087926000000005,0
7122,-64.842154,-3.0898480000000053,0
7123,-64.842262,-3.089740999999996,0
7124,-64.842254,-3.089875000000002,0
7125,-64.842243,-3.089863000000001,0
7126,-64.842211,-3.089840000000004,0
7127,-64.841335,-3.0953029999999955,0
7128,-64.848071,-3.0913800000000027,6
7129,-64.848007,-3.0914559999999978,6
7130,-64.847916,-3.091415000000008,6
7131,-64.848135,-3.091329999999993,6
7132,-64.846982,-3.092093000000004,6
7133,-64.847127,-3.0953029999999924,6
7134,-64.847686,-3.095615999999998,6
7135,-64.847975,-3.095641999999996,6
7136,-64.847338,-3.0956329999999945,6
7137,-64.846487,-3.0957100000000013,6
7138,-64.846464,-3.095729999999993,6
7139,-64.846388,-3.095744000000008,6
7140,-64.846571,-3.095724999999999,6
7141,-64.846549,-3.095769000000001,6
7142,-64.840531,-3.0955920000000074,0
7143,-64.842266,-3.0946750000000067,0
7144,-64.84231,-3.094609,0
7145,-64.848177,-3.0759260000000017,6
7146,-64.853714,-3.069185999999993,6
7147,-64.862914,-3.0646409999999915,6
7148,-64.862694,-3.063996000000002,6
7149,-64.86254400000001,-3.0639840000000005,6
7150,-64.862622,-3.0640500000000004,6
7151,-64.862698,-3.0640149999999933,6
7152,-64.861501,-3.065086000000006,6
7153,-64.86156,-3.0650010000000014,6
7154,-64.862023,-3.063277000000005,6
7155,-64.862731,-3.0628149999999925,6
7156,-64.86479600000001,-3.0609389999999914,6
7157,-64.864529,-3.060988000000001,6
7158,-64.864626,-3.061120000000001,6
7159,-64.873517,-3.060220000000008,6
7160,-64.858725,-3.0581419999999944,6
7161,-64.855125,-3.058870000000002,6
7162,-64.85237,-3.059404000000004,6
7163,-64.858151,-3.045546999999999,6
7164,-64.864747,-3.049446000000006,6
7165,-64.864552,-3.049440000000007,6
7166,-64.864728,-3.049366999999995,6
7167,-64.864894,-3.0507860000000018,6
7168,-64.860999,-3.057210999999997,6
7169,-64.852688,-3.065247999999998,6
7170,-64.843941,-3.0669380000000013,0
7171,-64.845183,-3.067928000000001,0
7172,-64.845333,-3.0680150000000026,6
7173,-64.84494,-3.067972000000008,0
7174,-64.844448,-3.066971000000005,0
7175,-64.84140400000001,-3.0647270000000013,0
7176,-64.839019,-3.0692890000000066,0
7177,-64.843659,-3.060812999999998,0
7178,-64.845134,-3.063547000000002,0
7179,-64.850764,-3.066210999999998,6
7180,-64.850824,-3.0660699999999936,6
7181,-64.85069,-3.0661379999999983,6
7182,-64.850742,-3.066068000000004,6
7183,-64.850741,-3.066117999999993,6
7184,-64.857867,-3.077273000000003,6
7185,-64.849663,-3.082472999999996,6
7186,-64.863361,-3.0811080000000066,6
7187,-64.866086,-3.073816000000007,6
7188,-64.866058,-3.0737830000000006,6
7189,-64.86311,-3.071477000000003,6
7190,-64.863044,-3.0714719999999964,6
7191,-64.8594,-3.065446000000004,6
7192,-64.859055,-3.059612999999997,6
7193,-64.854753,-3.0589399999999936,6
7194,-64.854325,-3.058984000000006,6
7195,-64.85417,-3.0583980000000066,6
7196,-64.856818,-3.053957999999992,6
7197,-64.861571,-3.0468120000000067,6
7198,-64.861664,-3.0467740000000023,6
7199,-64.861666,-3.046760999999992,6
7200,-64.861584,-3.046833000000004,6
7201,-64.861564,-3.046678999999998,6
7202,-64.861604,-3.046715000000007,6
7203,-64.861695,-3.0467529999999954,6
7204,-64.865194,-3.045075999999995,6
7205,-64.870578,-3.040481000000008,4
7206,-64.871347,-3.0414830000000004,4
7207,-64.872166,-3.044598000000001,4
7208,-64.875891,-3.044235999999992,4
7209,-64.875937,-3.044210000000003,4
7210,-64.876031,-3.044342000000006,4
7211,-64.876001,-3.044311999999997,4
7212,-64.876029,-3.044324999999995,4
7213,-64.875967,-3.044280000000005,4
7214,-64.87801300000001,-3.0441700000000016,4
7215,-64.878138,-3.0343210000000003,4
7216,-64.873657,-3.034747000000003,4
7217,-64.875256,-3.0403450000000074,4
7218,-64.875966,-3.041374,4
7219,-64.875985,-3.041398999999996,4
7220,-64.875833,-3.041390000000001,4
7221,-64.875996,-3.0413360000000025,4
7222,-64.876066,-3.0414329999999934,4
7223,-64.875905,-3.0415409999999947,4
7224,-64.878237,-3.040618999999998,4
7225,-64.878795,-3.041648999999996,4
7226,-64.882451,-3.045041999999992,4
7227,-64.88294500000002,-3.045074,4
7228,-64.882907,-3.0449920000000006,4
7229,-64.882999,-3.045082999999992,4
7230,-64.882998,-3.0451090000000085,4
7231,-64.882993,-3.0450469999999963,4
7232,-64.883005,-3.045034000000004,4
7233,-64.882178,-3.044195000000002,4
7234,-64.883842,-3.0446180000000047,4
7235,-64.883879,-3.0445929999999986,4
7236,-64.887543,-3.0482659999999973,4
7237,-64.888223,-3.054734999999999,4
7238,-64.883832,-3.049624999999997,4
7239,-64.883874,-3.049696,4
7240,-64.88385,-3.049698000000008,4
7241,-64.883923,-3.049692999999995,4
7242,-64.883935,-3.0497109999999927,4
7243,-64.881934,-3.051093000000005,4
7244,-64.881928,-3.0510889999999966,4
7245,-64.881846,-3.050618,4
7246,-64.882033,-3.051108999999997,4
7247,-64.882019,-3.0511380000000017,4
7248,-64.881973,-3.0512339999999933,4
7249,-64.881995,-3.0511830000000018,4
7250,-64.882003,-3.0512139999999937,4
7251,-64.882018,-3.0511100000000035,4
7252,-64.881992,-3.051112999999993,4
7253,-64.881988,-3.0511449999999964,4
7254,-64.876203,-3.052445999999997,4
7255,-64.876205,-3.052216000000007,4
7256,-64.876273,-3.052357999999997,4
7257,-64.875355,-3.050831000000002,4
7258,-64.871979,-3.048482000000001,4
7259,-64.871959,-3.0483070000000074,4
7260,-64.869681,-3.0534409999999923,6
7261,-64.86952,-3.0556180000000004,6
7262,-64.867859,-3.058640000000005,6
7263,-64.878583,-3.054715000000002,4
7264,-64.878133,-3.052448000000008,4
7265,-64.878309,-3.052434000000004,4
7266,-64.878171,-3.052436999999999,4
7267,-64.878202,-3.052366000000003,4
7268,-64.874523,-3.0519130000000008,4
7269,-64.869736,-3.055050000000008,6
7270,-64.86435,-3.053955000000008,6
7271,-64.861354,-3.052879999999996,6
7272,-64.872772,-3.044789000000005,4
7273,-64.877883,-3.044951000000004,4
7274,-64.877882,-3.0448880000000025,4
7275,-64.877875,-3.0447359999999963,4
7276,-64.877881,-3.044880000000005,4
7277,-64.877893,-3.0449069999999963,4
7278,-64.878789,-3.045033999999992,4
7279,-64.878826,-3.0439929999999986,4
7280,-64.87762,-3.041409000000002,4
7281,-64.87409,-3.0412340000000024,4
7282,-64.863477,-3.050815000000007,6
7283,-64.863348,-3.050610999999994,6
7284,-64.863437,-3.0507739999999965,6
7285,-64.863724,-3.051093999999998,6
7286,-64.864653,-3.052222000000007,6
7287,-64.864738,-3.052210999999999,6
7288,-64.864653,-3.0522090000000013,6
7289,-64.863073,-3.056257,6
7290,-64.850391,-3.0598569999999947,6
7291,-64.857738,-3.0573949999999983,6
7292,-64.857926,-3.0573139999999968,6
7293,-64.857916,-3.057303999999999,6
7294,-64.860737,-3.0595659999999927,6
7295,-64.860868,-3.0595860000000066,6
7296,-64.860842,-3.0595469999999967,6
7297,-64.860839,-3.0595520000000027,6
7298,-64.865177,-3.060581999999993,6
7299,-64.862256,-3.0518679999999923,6
7300,-64.862948,-3.0513320000000013,6
7301,-64.862879,-3.0512969999999964,6
7302,-64.862709,-3.0514360000000007,6
7303,-64.862981,-3.0513439999999976,6
7304,-64.862899,-3.051296999999993,6
7305,-64.86296,-3.051336999999996,6
7306,-64.862988,-3.0513119999999936,6
7307,-64.862765,-3.051116000000007,6
7308,-64.862748,-3.0512399999999986,6
7309,-64.862823,-3.051105000000007,6
7310,-64.862963,-3.051139000000002,6
7311,-64.86293,-3.051035,6
7312,-64.861523,-3.0464649999999938,6
7313,-64.861594,-3.046373,6
7314,-64.868285,-3.053132,6
7315,-64.868507,-3.0520690000000066,6
7316,-64.86883,-3.053476999999997,6
7317,-64.868765,-3.053373000000001,6
7318,-64.868981,-3.053404999999997,6
7319,-64.868973,-3.053428999999999,6
7320,-64.868914,-3.053596999999997,6
7321,-64.87416,-3.047009000000007,4
7322,-64.873859,-3.047357000000002,4
7323,-64.873922,-3.047436000000003,4
7324,-64.873889,-3.047407000000005,4
7325,-64.873978,-3.0473920000000074,4
7326,-64.87386,-3.0474569999999965,4
7327,-64.873923,-3.047404000000002,4
7328,-64.873944,-3.0473490000000054,4
7329,-64.873909,-3.0473380000000034,4
7330,-64.87388,-3.0473710000000054,4
7331,-64.875033,-3.0492320000000013,4
7332,-64.874969,-3.0491520000000034,4
7333,-64.875037,-3.0491460000000017,4
7334,-64.875056,-3.0491609999999985,4
7335,-64.875208,-3.0491240000000053,4
7336,-64.875019,-3.0490849999999945,4
7337,-64.875098,-3.0491620000000084,4
7338,-64.876266,-3.0492260000000013,4
7339,-64.876098,-3.0492789999999927,4
7340,-64.876304,-3.0492429999999984,4
7341,-64.876323,-3.0489759999999984,4
7342,-64.876288,-3.0492439999999976,4
7343,-64.876057,-3.049315999999993,4
7344,-64.876144,-3.049294999999998,4
7345,-64.876217,-3.049334000000003,4
7346,-64.876283,-3.049248999999997,4
7347,-64.876273,-3.049272999999993,4
7348,-64.877748,-3.051047000000004,4
7349,-64.877789,-3.051191999999993,4
7350,-64.877715,-3.051084000000001,4
7351,-64.877733,-3.051117999999994,4
7352,-64.875759,-3.0553850000000056,6
7353,-64.871886,-3.060671999999998,6
7354,-64.871926,-3.0607010000000066,6
7355,-64.87077,-3.0612500000000016,6
7356,-64.871502,-3.0560789999999987,6
7357,-64.871595,-3.055967999999998,6
7358,-64.879085,-3.056825000000006,6
7359,-64.879081,-3.056856000000008,6
7360,-64.879105,-3.056825000000007,6
7361,-64.879061,-3.056874000000004,6
7362,-64.887585,-3.055015999999995,4
7363,-64.888491,-3.054593000000009,4
7364,-64.888429,-3.054708999999995,4
7365,-64.892191,-3.050929999999997,4
7366,-64.892012,-3.050775,4
7367,-64.891938,-3.050955999999992,4
7368,-64.892016,-3.050864000000002,4
7369,-64.889864,-3.051076999999996,4
7370,-64.890054,-3.043841000000005,4
7371,-64.887007,-3.0404540000000044,4
7372,-64.883103,-3.046167000000005,4
7373,-64.891886,-3.046576999999994,4
7374,-64.89193,-3.0466110000000057,4
7375,-64.891878,-3.046484000000005,4
7376,-64.89183000000001,-3.046454999999997,4
7377,-64.896303,-3.045237000000005,4
7378,-64.897559,-3.050333,4
7379,-64.893993,-3.054158,4
7380,-64.888501,-3.0547949999999937,4
7381,-64.887324,-3.0523190000000024,4
7382,-64.882313,-3.054225999999992,4
7383,-64.885976,-3.0573089999999934,4
7384,-64.895758,-3.056053999999993,4
7385,-64.888592,-3.058417000000009,4
7386,-64.888201,-3.058821000000004,4
7387,-64.880123,-3.0609069999999945,6
7388,-64.879898,-3.060954,6
7389,-64.880046,-3.060810000000003,6
7390,-64.880029,-3.061059000000002,6
7391,-64.879977,-3.061073999999993,6
7392,-64.875613,-3.0600090000000018,6
7393,-64.882393,-3.0583050000000065,4
7394,-64.885632,-3.058523,4
7395,-64.886751,-3.058827000000006,4
7396,-64.886657,-3.058759000000004,4
7397,-64.886652,-3.0587680000000064,4
7398,-64.886571,-3.058559999999999,4
7399,-64.885665,-3.058108000000004,4
7400,-64.879284,-3.057833999999992,6
7401,-64.87477,-3.056248999999992,6
7402,-64.874728,-3.0521779999999965,4
7403,-64.875524,-3.052708999999997,4
7404,-64.875502,-3.0526939999999936,4
7405,-64.87557,-3.0526789999999924,4
7406,-64.8762,-3.054728999999994,4
7407,-64.876166,-3.054824999999997,4
7408,-64.876153,-3.0546960000000065,4
7409,-64.869971,-3.0599930000000044,6
7410,-64.863446,-3.0560889999999965,6
7411,-64.863795,-3.056132000000007,6
7412,-64.864244,-3.0595990000000066,6
7413,-64.864492,-3.0613550000000056,6
7414,-64.870106,-3.059965999999997,6
7415,-64.857618,-3.049865000000005,6
7416,-64.858778,-3.051373999999995,6
7417,-64.858282,-3.051260000000001,6
7418,-64.858251,-3.051210999999993,6
7419,-64.859392,-3.051791000000005,6
7420,-64.85946300000002,-3.051802999999999,6
7421,-64.864253,-3.053464999999993,6
7422,-64.867468,-3.042748999999993,6
7423,-64.868671,-3.04471,6
7424,-64.861408,-3.0465259999999934,6
7425,-64.861275,-3.046806000000001,6
7426,-64.861283,-3.046650000000007,6
7427,-64.861173,-3.0466120000000068,6
7428,-64.861021,-3.0466859999999945,6
7429,-64.860813,-3.0465170000000024,6
7430,-64.859081,-3.055709000000004,6
7431,-64.862447,-3.0569979999999912,6
7432,-64.864492,-3.057277000000003,6
7433,-64.867496,-3.057812999999997,6
7434,-64.867935,-3.058948000000003,6
7435,-64.868031,-3.058962000000001,6
7436,-64.867756,-3.0586089999999952,6
7437,-64.856634,-3.047778,6
7438,-64.85583100000001,-3.0462459999999947,6
7439,-64.863669,-3.040033000000008,4
7440,-64.866942,-3.0410560000000064,4
7441,-64.86674100000002,-3.0407439999999943,4
7442,-64.866845,-3.0409259999999945,4
7443,-64.867151,-3.041820999999999,4
7444,-64.867334,-3.0403449999999994,4
7445,-64.867244,-3.0405140000000053,4
7446,-64.879715,-3.033673999999997,4
7447,-64.881334,-3.041804,4
7448,-64.88148,-3.0394919999999925,4
7449,-64.881397,-3.0390239999999973,4
7450,-64.881494,-3.0394400000000013,4
7451,-64.881191,-3.039526000000007,4
7452,-64.881351,-3.039110999999993,4
7453,-64.881535,-3.0393670000000035,4
7454,-64.878784,-3.038661000000008,4
7455,-64.885979,-3.036613999999992,4
7456,-64.888716,-3.030007000000006,4
7457,-64.889489,-3.031142000000005,4
7458,-64.889673,-3.031080999999998,4
7459,-64.889685,-3.031196999999997,4
7460,-64.889131,-3.033745000000001,4
7461,-64.889151,-3.0340230000000004,4
7462,-64.889195,-3.033912999999992,4
7463,-64.886914,-3.038265000000005,4
7464,-64.886958,-3.038519000000004,4
7465,-64.886861,-3.0385339999999994,4
7466,-64.886971,-3.038553999999996,4
7467,-64.886897,-3.0381889999999947,4
7468,-64.886881,-3.038243999999999,4
7469,-64.886777,-3.038461999999996,4
7470,-64.887335,-3.0410130000000004,4
7471,-64.885785,-3.042465999999993,4
7472,-64.886762,-3.0409789999999983,4
7473,-64.888953,-3.0518450000000032,4
7474,-64.889078,-3.0518550000000064,4
7475,-64.88909,-3.0518170000000024,4
7476,-64.889112,-3.051825000000008,4
7477,-64.888757,-3.0523730000000016,4
7478,-64.888893,-3.0524100000000045,4
7479,-64.888891,-3.052341000000003,4
7480,-64.892208,-3.053981999999997,4
7481,-64.884315,-3.052433000000002,4
7482,-64.887286,-3.0487590000000067,4
7483,-64.89304600000001,-3.0515480000000013,4
7484,-64.89312,-3.0513800000000004,4
7485,-64.893269,-3.0516410000000054,4
7486,-64.893425,-3.051753999999999,4
7487,-64.893541,-3.051781000000001,4
7488,-64.897409,-3.052469999999997,4
7489,-64.897373,-3.0524439999999937,4
7490,-64.897347,-3.0523969999999974,4
7491,-64.893013,-3.051536000000006,4
7492,-64.893009,-3.051476000000005,4
7493,-64.893123,-3.051509000000001,4
7494,-64.893209,-3.051428999999999,4
7495,-64.893657,-3.050847999999998,4
7496,-64.892127,-3.053709000000005,4
7497,-64.888408,-3.055679999999994,4
7498,-64.886503,-3.0559959999999946,4
7499,-64.886998,-3.055851999999997,4
7500,-64.892787,-3.0532829999999955,4
7501,-64.89279,-3.053184999999992,4
7502,-64.89276,-3.053259000000001,4
7503,-64.892775,-3.053286999999992,4
7504,-64.893183,-3.053851999999997,4
7505,-64.90326600000002,-3.050323000000004,4
7506,-64.893185,-3.047175000000008,4
7507,-64.893102,-3.048521000000007,4
7508,-64.893059,-3.0482589999999963,4
7509,-64.892881,-3.048121999999992,4
7510,-64.891773,-3.0535470000000013,4
7511,-64.892619,-3.0565419999999923,4
7512,-64.879837,-3.059701999999993,6
7513,-64.878424,-3.0600210000000025,6
7514,-64.878316,-3.0600690000000044,6
7515,-64.866636,-3.077824,6
7516,-64.866637,-3.077728999999994,6
7517,-64.86666,-3.077656000000002,6
7518,-64.866674,-3.0776580000000053,6
7519,-64.866718,-3.0779310000000044,6
7520,-64.865456,-3.080282999999994,6
7521,-64.865245,-3.0801290000000074,6
7522,-64.865212,-3.0802689999999995,6
7523,-64.876374,-3.090887,6
7524,-64.876485,-3.0908010000000083,6
7525,-64.876415,-3.0908760000000006,6
7526,-64.872967,-3.086361999999995,6
7527,-64.871131,-3.0719810000000023,6
7528,-64.877285,-3.0689139999999986,6
7529,-64.879302,-3.066971000000004,6
7530,-64.87375900000002,-3.0797650000000045,6
7531,-64.873456,-3.0797950000000074,6
7532,-64.873404,-3.079865000000004,6
7533,-64.873435,-3.0799369999999926,6
7534,-64.87339,-3.0797960000000035,6
7535,-64.873565,-3.079912999999993,6
7536,-64.871777,-3.0772159999999915,6
7537,-64.873932,-3.062845000000003,6
7538,-64.888358,-3.0600370000000017,4
7539,-64.867952,-3.0585380000000053,6
7540,-64.857094,-3.0630230000000025,6
7541,-64.85705,-3.063073999999997,6
7542,-64.853775,-3.068514999999996,6
7543,-64.853867,-3.068472000000002,6
7544,-64.852092,-3.0569039999999923,6
7545,-64.85677900000002,-3.0473389999999987,6
7546,-64.869587,-3.052597999999999,6
7547,-64.869578,-3.052514000000006,6
7548,-64.870187,-3.0516550000000016,4
7549,-64.87087,-3.056121000000003,6
7550,-64.859057,-3.0732009999999987,6
7551,-64.852186,-3.073869000000005,6
7552,-64.852329,-3.067276000000005,6
7553,-64.852036,-3.067410000000001,6
7554,-64.852133,-3.067312999999997,6
7555,-64.859248,-3.054818999999996,6
7556,-64.859273,-3.0547069999999974,6
7557,-64.857854,-3.062931999999992,6
7558,-64.854456,-3.0659219999999947,6
7559,-64.854472,-3.065974,6
7560,-64.854559,-3.066063000000005,6
7561,-64.854493,-3.066029000000007,6
7562,-64.85340300000001,-3.0661570000000085,6
7563,-64.853722,-3.066033000000008,6
7564,-64.848461,-3.066193999999993,6
7565,-64.848454,-3.066070999999998,6
7566,-64.848417,-3.0662580000000044,6
7567,-64.848181,-3.0666649999999964,6
7568,-64.846929,-3.0682820000000075,6
7569,-64.846969,-3.0682269999999936,6
7570,-64.846959,-3.068341000000007,6
7571,-64.84271,-3.0707280000000083,0
7572,-64.842652,-3.071319000000003,0
7573,-64.842206,-3.0714910000000044,0
7574,-64.838009,-3.0708570000000046,0
7575,-64.838094,-3.070820999999994,0
7576,-64.838013,-3.0708950000000086,0
7577,-64.838045,-3.070921999999992,0
7578,-64.83801800000002,-3.070843000000001,0
7579,-64.841217,-3.056775999999993,0
7580,-64.840951,-3.0568600000000044,0
7581,-64.840744,-3.056921999999993,0
7582,-64.839673,-3.056884000000006,0
7583,-64.839861,-3.0567980000000032,0
7584,-64.850146,-3.078551999999992,6
7585,-64.851245,-3.081984999999999,6
7586,-64.85111,-3.0817910000000057,6
7587,-64.851421,-3.081833000000008,6
7588,-64.851344,-3.081864999999999,6
7589,-64.849277,-3.077563999999996,6
7590,-64.850825,-3.090213999999996,6
7591,-64.84577,-3.090026999999998,6
7592,-64.849073,-3.080686,6
7593,-64.85039,-3.079054,6
7594,-64.85334,-3.0753059999999923,6
7595,-64.85240800000001,-3.060178999999997,6
7596,-64.852507,-3.060154000000002,6
7597,-64.854656,-3.059811000000005,6
7598,-64.840959,-3.056858000000003,0
7599,-64.831863,-3.0656059999999976,0
7600,-64.832682,-3.0659729999999965,0
7601,-64.83693,-3.078279999999994,0
7602,-64.836916,-3.0782039999999964,0
7603,-64.827787,-3.092981000000002,0
7604,-64.844523,-3.063628000000002,0
7605,-64.842881,-3.0710600000000023,0
7606,-64.849737,-3.089902000000006,6
7607,-64.841553,-3.094639000000008,0
7608,-64.839183,-3.0962040000000046,0
7609,-64.839008,-3.096149999999993,0
7610,-64.836528,-3.097776000000003,0
7611,-64.833134,-3.098202999999991,0
7612,-64.833207,-3.0982760000000016,0
7613,-64.83287,-3.0983889999999965,0
7614,-64.832478,-3.097739000000008,0
7615,-64.833142,-3.091262000000004,0
7616,-64.841703,-3.085287000000004,0
7617,-64.841878,-3.085367000000004,0
7618,-64.841086,-3.082671000000004,0
7619,-64.845434,-3.0831000000000026,0
7620,-64.845459,-3.0832049999999938,0
7621,-64.848826,-3.077717000000006,6
7622,-64.849455,-3.073965999999997,6
7623,-64.849264,-3.0739649999999923,6
7624,-64.847344,-3.072389999999992,6
7625,-64.847182,-3.072419999999997,6
7626,-64.85223200000001,-3.0722869999999944,6
7627,-64.854317,-3.0696470000000047,6
7628,-64.854828,-3.064306000000007,6
7629,-64.857022,-3.0587279999999977,6
7630,-64.85199,-3.0578890000000074,6
7631,-64.851094,-3.059062999999992,6
7632,-64.846334,-3.0647620000000053,0
7633,-64.844642,-3.063839000000007,0
7634,-64.844524,-3.063602000000004,0
7635,-64.837904,-3.0636760000000085,0
7636,-64.839517,-3.066018999999993,0
7637,-64.849564,-3.071677,6
7638,-64.851566,-3.072754,6
7639,-64.851555,-3.0728820000000043,6
7640,-64.858429,-3.0765389999999986,6
7641,-64.858621,-3.076484000000005,6
7642,-64.858621,-3.076569000000005,6
7643,-64.860514,-3.0752649999999937,6
7644,-64.862344,-3.0745730000000027,6
7645,-64.863431,-3.0734660000000025,6
7646,-64.864824,-3.066273000000008,6
7647,-64.864624,-3.0663859999999925,6
7648,-64.864734,-3.066465000000002,6
7649,-64.868889,-3.064514999999993,6
7650,-64.861751,-3.0589989999999934,6
7651,-64.859949,-3.0562660000000044,6
7652,-64.859853,-3.0562329999999984,6
7653,-64.859778,-3.056069999999995,6
7654,-64.85963,-3.0561840000000053,6
7655,-64.85801,-3.053846999999995,6
7656,-64.857677,-3.0533999999999937,6
7657,-64.859608,-3.056174999999993,6
7658,-64.856143,-3.0528689999999967,6
7659,-64.85704,-3.050074999999995,6
7660,-64.855667,-3.0493960000000007,6
7661,-64.855708,-3.049319000000001,6
7662,-64.855688,-3.0494249999999963,6
7663,-64.855681,-3.0492220000000057,6
7664,-64.854151,-3.0671399999999984,6
7665,-64.853341,-3.065966999999998,6
7666,-64.853427,-3.065948999999995,6
7667,-64.853759,-3.0655400000000013,6
7668,-64.85397,-3.0653579999999945,6
7669,-64.856326,-3.060528000000001,6
7670,-64.856412,-3.0604340000000025,6
7671,-64.857232,-3.060871,6
7672,-64.856212,-3.0581660000000004,6
7673,-64.855859,-3.0581190000000062,6
7674,-64.843383,-3.045015999999996,0
7675,-64.848507,-3.051171,0
7676,-64.848085,-3.0482909999999963,0
7677,-64.847557,-3.050520000000008,0
7678,-64.847598,-3.052665000000008,0
7679,-64.847563,-3.050121000000001,0
7680,-64.852761,-3.051103000000004,6
7681,-64.85178,-3.050880000000005,6
7682,-64.847356,-3.0503270000000025,0
7683,-64.842855,-3.0538610000000017,0
7684,-64.842499,-3.052191000000003,0
7685,-64.845543,-3.0506230000000065,0
7686,-64.846009,-3.055772,0
7687,-64.844986,-3.054408999999993,0
7688,-64.845489,-3.059098999999994,0
7689,-64.845578,-3.059086,0
7690,-64.845539,-3.0591120000000065,0
7691,-64.845468,-3.0590910000000004,0
7692,-64.845561,-3.058918999999999,0
7693,-64.845761,-3.0595409999999967,0
7694,-64.844352,-3.0496550000000004,0
7695,-64.84562,-3.038659999999995,0
7696,-64.845455,-3.0383850000000057,0
7697,-64.84713,-3.051537999999996,0
7698,-64.847491,-3.051720000000006,0
7699,-64.856717,-3.0579750000000057,6
7700,-64.856655,-3.0581110000000007,6
7701,-64.858873,-3.0684629999999977,6
7702,-64.865552,-3.065925999999996,6
7703,-64.865633,-3.066091000000005,6
7704,-64.865478,-3.0658790000000056,6
7705,-64.865532,-3.066032999999998,6
7706,-64.865993,-3.0656799999999964,6
7707,-64.866021,-3.065805999999996,6
7708,-64.872273,-3.067153999999994,6
7709,-64.874446,-3.0621749999999963,6
7710,-64.871037,-3.0577710000000065,6
7711,-64.865585,-3.053557000000008,6
7712,-64.865193,-3.053532000000008,6
7713,-64.865623,-3.0531879999999947,6
7714,-64.865511,-3.053047000000003,6
7715,-64.865484,-3.053106000000006,6
7716,-64.865587,-3.0531429999999937,6
7717,-64.867835,-3.058582999999992,6
7718,-64.868189,-3.0591689999999945,6
7719,-64.864387,-3.062688000000003,6
7720,-64.864321,-3.062445000000004,6
7721,-64.858963,-3.0678249999999974,6
7722,-64.856953,-3.0785450000000067,6
7723,-64.853422,-3.080042000000001,6
7724,-64.851536,-3.0839789999999927,6
7725,-64.857568,-3.088821999999992,6
7726,-64.858263,-3.088827999999997,6
7727,-64.859516,-3.0838919999999934,6
7728,-64.848861,-3.078578,6
7729,-64.848549,-3.0784399999999947,6
7730,-64.847646,-3.077980000000004,6
7731,-64.847579,-3.0780539999999976,6
7732,-64.847591,-3.077906000000008,6
7733,-64.847566,-3.0705180000000016,6
7734,-64.847563,-3.070362000000005,6
7735,-64.847673,-3.070393000000004,6
7736,-64.847845,-3.0704210000000005,6
7737,-64.847815,-3.070341000000004,6
7738,-64.848485,-3.0699780000000065,6
7739,-64.848384,-3.069942000000005,6
7740,-64.848455,-3.069983000000004,6
7741,-64.848352,-3.069952000000006,6
7742,-64.848436,-3.0699259999999944,6
7743,-64.848445,-3.069992000000002,6
7744,-64.848461,-3.070027000000006,6
7745,-64.848447,-3.070018999999993,6
7746,-64.848375,-3.069913,6
7747,-64.848413,-3.069998999999994,6
7748,-64.848398,-3.0699149999999995,6
7749,-64.848444,-3.0699290000000063,6
7750,-64.848396,-3.070008999999994,6
7751,-64.848437,-3.069957999999995,6
7752,-64.849021,-3.068915000000005,6
7753,-64.856472,-3.0856920000000083,6
7754,-64.856942,-3.088719999999997,6
7755,-64.857034,-3.088665999999998,6
7756,-64.856935,-3.088938000000002,6
7757,-64.857148,-3.088356999999996,6
7758,-64.863618,-3.088336999999993,6
7759,-64.861641,-3.093876999999997,6
7760,-64.861825,-3.093891000000009,6
7761,-64.854232,-3.0955790000000043,6
7762,-64.854594,-3.094606000000005,6
7763,-64.833094,-3.096286000000005,0
7764,-64.833559,-3.097119000000003,0
7765,-64.833001,-3.097376000000006,0
7766,-64.832973,-3.097308000000005,0
7767,-64.828813,-3.094044000000004,0
7768,-64.82738,-3.103243000000005,0
7769,-64.835647,-3.092919000000007,0
7770,-64.835642,-3.092944000000008,0
7771,-64.835672,-3.0928810000000064,0
7772,-64.835614,-3.0929299999999973,0
7773,-64.836485,-3.093111000000002,0
7774,-64.838103,-3.095219999999992,0
7775,-64.83771500000002,-3.095996000000003,0
7776,-64.837912,-3.0964210000000065,0
7777,-64.837852,-3.0960789999999987,0
7778,-64.838346,-3.099894000000005,0
7779,-64.838146,-3.099619000000008,0
7780,-64.837963,-3.1004739999999926,0
7781,-64.838344,-3.1008060000000035,0
7782,-64.838353,-3.1009069999999985,0
7783,-64.838492,-3.100806000000005,0
7784,-64.830472,-3.094283000000007,0
7785,-64.830261,-3.0939360000000047,0
7786,-64.830358,-3.0941339999999995,0
7787,-64.830522,-3.093832999999995,0
7788,-64.830594,-3.094320999999992,0
7789,-64.828197,-3.092748999999995,0
7790,-64.827045,-3.0951199999999925,0
7791,-64.826908,-3.095174000000004,0
7792,-64.827049,-3.0950370000000045,0
7793,-64.82603,-3.0955270000000024,0
7794,-64.825355,-3.0912839999999933,0
7795,-64.825554,-3.0890999999999944,0
7796,-64.825032,-3.0883299999999982,0
7797,-64.82485,-3.088509000000006,0
7798,-64.824692,-3.088572999999998,0
7799,-64.830287,-3.093457000000002,0
7800,-64.830191,-3.103623000000008,0
7801,-64.832186,-3.1011749999999947,0
7802,-64.832181,-3.101415999999998,0
7803,-64.831233,-3.1021879999999937,0
7804,-64.836638,-3.101933999999996,0
7805,-64.836566,-3.1019190000000068,0
7806,-64.843795,-3.101921999999996,6
7807,-64.851518,-3.098911999999996,6
7808,-64.850188,-3.096585000000005,6
7809,-64.840843,-3.093659000000001,0
7810,-64.840884,-3.093711999999993,0
7811,-64.840826,-3.093681000000001,0
7812,-64.836364,-3.1043839999999965,0
7813,-64.836888,-3.104076999999995,0
7814,-64.83777,-3.1038180000000084,0
7815,-64.837858,-3.103663000000003,0
7816,-64.840329,-3.0965200000000075,0
7817,-64.837692,-3.0922539999999987,0
7818,-64.847078,-3.0850819999999985,0
7819,-64.84664300000001,-3.0854599999999954,0
7820,-64.846776,-3.0854269999999966,0
7821,-64.846737,-3.085349999999992,0
7822,-64.84016,-3.086811999999992,0
7823,-64.838643,-3.0886699999999983,0
7824,-64.839306,-3.089550000000004,0
7825,-64.839252,-3.089564000000001,0
7826,-64.839429,-3.089458000000001,0
7827,-64.842422,-3.0849250000000006,0
7828,-64.8424,-3.0849059999999926,0
7829,-64.842637,-3.0851100000000065,0
7830,-64.842616,-3.084867999999996,0
7831,-64.842473,-3.0849929999999994,0
7832,-64.842513,-3.0849980000000072,0
7833,-64.842515,-3.085131000000005,0
7834,-64.832872,-3.0830719999999943,0
7835,-64.832964,-3.082990000000008,0
7836,-64.840006,-3.080572999999992,0
7837,-64.83980100000001,-3.080506000000003,0
7838,-64.839835,-3.080588000000004,0
7839,-64.839907,-3.0805009999999995,0
7840,-64.839979,-3.0805319999999985,0
7841,-64.839892,-3.0806100000000005,0
7842,-64.841694,-3.077802,0
7843,-64.841522,-3.078111999999999,0
7844,-64.844462,-3.080362999999996,0
7845,-64.844423,-3.080433000000004,0
7846,-64.844511,-3.0804279999999924,0
7847,-64.846327,-3.084033999999991,0
7848,-64.846329,-3.0840280000000035,0
7849,-64.852594,-3.082174999999999,6
7850,-64.853083,-3.0819660000000035,6
7851,-64.852692,-3.082202000000006,6
7852,-64.85422,-3.0820189999999945,6
7853,-64.854344,-3.081912999999996,6
7854,-64.854275,-3.0819640000000046,6
7855,-64.854289,-3.0818649999999943,6
7856,-64.854831,-3.075322,6
7857,-64.853569,-3.08223,6
7858,-64.853427,-3.082113999999996,6
7859,-64.856953,-3.082130999999998,6
7860,-64.849226,-3.0798540000000085,6
7861,-64.847526,-3.077839000000005,6
7862,-64.844489,-3.0803279999999966,0
7863,-64.859023,-3.0698719999999966,6
7864,-64.859036,-3.069885000000001,6
7865,-64.859075,-3.0698220000000043,6
7866,-64.859083,-3.069958,6
7867,-64.859153,-3.0698830000000084,6
7868,-64.856979,-3.06727,6
7869,-64.856941,-3.067235,6
7870,-64.851737,-3.0711379999999977,6
7871,-64.842691,-3.074450000000004,0
7872,-64.842693,-3.074508999999998,0
7873,-64.842709,-3.074572000000006,0
7874,-64.842754,-3.0745210000000016,0
7875,-64.842743,-3.0745020000000056,0
7876,-64.842751,-3.074508000000001,0
7877,-64.842801,-3.0745409999999977,0
7878,-64.842806,-3.074419000000006,0
7879,-64.842736,-3.074504000000004,0
7880,-64.841131,-3.073318999999992,0
7881,-64.83754900000001,-3.0679159999999954,0
7882,-64.837436,-3.068238,0
7883,-64.837392,-3.068137000000007,0
7884,-64.839835,-3.068603999999995,0
7885,-64.840026,-3.0706490000000057,0
7886,-64.840005,-3.0706739999999977,0
7887,-64.839962,-3.070712999999997,0
7888,-64.839961,-3.070714000000004,0
7889,-64.839969,-3.0706479999999914,0
7890,-64.840038,-3.070671999999997,0
7891,-64.84218,-3.0776640000000057,0
7892,-64.842288,-3.077617999999998,0
7893,-64.841288,-3.077241999999995,0
7894,-64.845572,-3.078417999999997,0
7895,-64.848759,-3.0816870000000063,6
7896,-64.84883,-3.0816609999999947,6
7897,-64.847615,-3.0779820000000004,6
7898,-64.847568,-3.077989999999994,6
7899,-64.847751,-3.077964000000009,6
7900,-64.847606,-3.0779140000000016,6
7901,-64.847517,-3.0778380000000034,6
7902,-64.840912,-3.090580000000002,0
7903,-64.836818,-3.092026999999996,0
7904,-64.836194,-3.0915220000000025,0
7905,-64.836376,-3.0915599999999923,0
7906,-64.836404,-3.0915630000000083,0
7907,-64.836605,-3.093002000000008,0
7908,-64.836669,-3.0928909999999963,0
7909,-64.836713,-3.0929069999999994,0
7910,-64.836722,-3.092915000000007,0
7911,-64.836807,-3.092979999999999,0
7912,-64.836747,-3.0927429999999925,0
7913,-64.836603,-3.0927799999999994,0
7914,-64.839855,-3.0935060000000023,0
7915,-64.839891,-3.093441999999996,0
7916,-64.839772,-3.0933920000000006,0
7917,-64.840105,-3.093331000000007,0
7918,-64.839921,-3.093569999999996,0
7919,-64.839842,-3.0934249999999928,0
7920,-64.83984600000001,-3.0934730000000075,0
7921,-64.840043,-3.0935399999999973,0
7922,-64.839856,-3.0935719999999978,0
7923,-64.840054,-3.093912,0
7924,-64.827024,-3.091396000000008,0
7925,-64.82707,-3.091138000000003,0
7926,-64.825052,-3.091916000000006,0
7927,-64.824956,-3.0919740000000075,0
7928,-64.824891,-3.091917000000002,0
7929,-64.824854,-3.0918789999999965,0
7930,-64.825088,-3.0918920000000063,0
7931,-64.824943,-3.091882999999997,0
7932,-64.825154,-3.0885919999999905,0
7933,-64.825675,-3.0878779999999977,0
7934,-64.826949,-3.0848380000000035,0
7935,-64.826748,-3.084901,0
7936,-64.826907,-3.084875999999995,0
7937,-64.826503,-3.084827999999997,0
7938,-64.826858,-3.084924,0
7939,-64.826883,-3.0846820000000057,0
7940,-64.826942,-3.0848159999999925,0
7941,-64.824034,-3.0856270000000072,0
7942,-64.824044,-3.085638000000005,0
7943,-64.822983,-3.0835550000000054,0
7944,-64.824732,-3.0804979999999964,0
7945,-64.824575,-3.080495000000004,0
7946,-64.824683,-3.080496000000005,0
7947,-64.824712,-3.080520000000006,0
7948,-64.822691,-3.0792889999999926,0
7949,-64.822731,-3.079397999999995,0
7950,-64.822603,-3.0792999999999937,0
7951,-64.822815,-3.0793470000000003,0
7952,-64.822831,-3.079362000000004,0
7953,-64.822701,-3.0796480000000024,0
7954,-64.822754,-3.080444000000007,0
7955,-64.825555,-3.088245000000001,0
7956,-64.825191,-3.0883380000000007,0
7957,-64.824052,-3.080897999999992,0
7958,-64.824047,-3.080894999999996,0
7959,-64.824014,-3.081086999999992,0
7960,-64.822867,-3.079365000000008,0
7961,-64.822808,-3.0794110000000043,0
7962,-64.82277400000001,-3.079351000000007,0
7963,-64.822971,-3.079272000000006,0
7964,-64.822797,-3.079326000000005,0
7965,-64.822773,-3.0793690000000016,0
7966,-64.822894,-3.079387999999996,0
7967,-64.82498700000001,-3.0755949999999945,0
7968,-64.825081,-3.0754749999999924,0
7969,-64.824865,-3.0752340000000022,0
7970,-64.824629,-3.073627999999993,0
7971,-64.823773,-3.073024000000001,0
7972,-64.82391,-3.0734130000000084,0
7973,-64.824611,-3.073657999999997,0
7974,-64.824565,-3.0735559999999937,0
7975,-64.824664,-3.073725000000001,0
7976,-64.824601,-3.073777999999992,0
7977,-64.824673,-3.073707000000004,0
7978,-64.824577,-3.0736249999999923,0
7979,-64.824639,-3.073664999999991,0
7980,-64.824605,-3.0735309999999982,0
7981,-64.824629,-3.073546999999996,0
7982,-64.824476,-3.0737089999999934,0
7983,-64.824718,-3.0736729999999963,0
7984,-64.824557,-3.0736100000000026,0
7985,-64.824577,-3.0735820000000063,0
7986,-64.824544,-3.073599000000008,0
7987,-64.824631,-3.073581000000005,0
7988,-64.82451,-3.073757999999996,0
7989,-64.827041,-3.0728160000000075,0
7990,-64.827097,-3.0727859999999985,0
7991,-64.828366,-3.073371000000006,0
7992,-64.828345,-3.0733789999999988,0
7993,-64.828319,-3.073384000000005,0
7994,-64.826899,-3.0737550000000047,0
7995,-64.827209,-3.074850999999996,0
7996,-64.827261,-3.0749579999999965,0
7997,-64.827354,-3.074910999999992,0
7998,-64.827291,-3.074915999999996,0
7999,-64.827172,-3.0748999999999937,0
8000,-64.82741,-3.0759450000000044,0
8001,-64.827276,-3.079211999999994,0
8002,-64.827248,-3.079187000000001,0
8003,-64.827162,-3.079239999999992,0
8004,-64.827275,-3.0792579999999914,0
8005,-64.829893,-3.077519999999994,0
8006,-64.82998,-3.0775290000000006,0
8007,-64.829987,-3.0774660000000056,0
8008,-64.829993,-3.077472000000005,0
8009,-64.83003,-3.0773140000000043,0
8010,-64.82996,-3.0774789999999927,0
8011,-64.829346,-3.077715000000007,0
8012,-64.825471,-3.0715580000000005,0
8013,-64.825383,-3.071621999999994,0
8014,-64.82497700000002,-3.0721919999999923,0
8015,-64.824732,-3.0725450000000016,0
8016,-64.824827,-3.072671000000007,0
8017,-64.824741,-3.0725199999999955,0
8018,-64.824603,-3.0725580000000057,0
8019,-64.824768,-3.072446000000005,0
8020,-64.824828,-3.0724780000000087,0
8021,-64.824839,-3.072478000000005,0
8022,-64.820945,-3.074689,0
8023,-64.820047,-3.0770980000000066,0
8024,-64.821058,-3.076706,0
8025,-64.822131,-3.080233000000008,0
8026,-64.82183,-3.079815000000004,0
8027,-64.82204,-3.079218000000004,0
8028,-64.822327,-3.079272000000003,0
8029,-64.82188,-3.079727000000004,0
8030,-64.821702,-3.079710000000004,0
8031,-64.823896,-3.081519999999994,0
8032,-64.823943,-3.0815590000000026,0
8033,-64.823893,-3.081492999999995,0
8034,-64.821801,-3.082097999999997,0
8035,-64.821433,-3.081641,0
8036,-64.821397,-3.0816339999999927,0
8037,-64.821148,-3.0816370000000046,0
8038,-64.821393,-3.0817309999999973,0
8039,-64.821367,-3.081706999999997,0
8040,-64.821454,-3.0817180000000075,0
8041,-64.821363,-3.081653000000003,0
8042,-64.821439,-3.0816229999999933,0
8043,-64.821444,-3.081659,0
8044,-64.82153,-3.081624,0
8045,-64.818553,-3.079552000000007,0
8046,-64.818558,-3.079614000000008,0
8047,-64.818575,-3.0796030000000068,0
8048,-64.818554,-3.079478999999995,0
8049,-64.81847,-3.0794039999999985,0
8050,-64.819452,-3.078519000000004,0
8051,-64.819945,-3.0788620000000004,0
8052,-64.81999600000002,-3.078847999999998,0
8053,-64.819975,-3.078856000000004,0
8054,-64.820026,-3.0788780000000084,0
8055,-64.820059,-3.0788929999999977,0
8056,-64.820044,-3.078818999999994,0
8057,-64.81998,-3.078870000000001,0
8058,-64.82222,-3.078946999999992,0
8059,-64.82242,-3.0790359999999963,0
8060,-64.822346,-3.079071000000004,0
8061,-64.822379,-3.0790739999999985,0
8062,-64.822442,-3.0790080000000017,0
8063,-64.822376,-3.079056999999992,0
8064,-64.822404,-3.0787499999999923,0
8065,-64.822304,-3.078923999999992,0
8066,-64.822384,-3.078971000000004,0
8067,-64.822424,-3.0789500000000034,0
8068,-64.825256,-3.0767310000000028,0
8069,-64.824054,-3.079734999999993,0
8070,-64.823905,-3.080929999999997,0
8071,-64.825148,-3.0766699999999974,0
8072,-64.827142,-3.078196999999992,0
8073,-64.827013,-3.077151000000008,0
8074,-64.827099,-3.077237000000005,0
8075,-64.82713,-3.077140999999993,0
8076,-64.827082,-3.077172,0
8077,-64.827155,-3.077262000000002,0
8078,-64.831024,-3.081396999999999,0
8079,-64.831297,-3.0826119999999992,0
8080,-64.831243,-3.0826170000000044,0
8081,-64.831244,-3.0826490000000057,0
8082,-64.833181,-3.080221000000007,0
8083,-64.833278,-3.080039000000004,0
8084,-64.833271,-3.0801309999999926,0
8085,-64.833048,-3.0800820000000044,0
8086,-64.833132,-3.080136999999995,0
8087,-64.833219,-3.0801040000000013,0
8088,-64.833186,-3.080090000000004,0
8089,-64.83501,-3.081465000000005,0
8090,-64.834969,-3.0814600000000025,0
8091,-64.835012,-3.081519000000005,0
8092,-64.835306,-3.081620999999997,0
8093,-64.835038,-3.0816509999999995,0
8094,-64.835035,-3.081552000000003,0
8095,-64.833134,-3.0831660000000025,0
8096,-64.833064,-3.083063000000001,0
8097,-64.833143,-3.083146000000001,0
8098,-64.833272,-3.0834,0
8099,-64.833044,-3.083158000000004,0
8100,-64.833141,-3.0831879999999927,0
8101,-64.833187,-3.0832990000000016,0
8102,-64.833174,-3.083247000000005,0
8103,-64.834544,-3.083846000000004,0
8104,-64.834376,-3.083860000000007,0
8105,-64.834073,-3.084230999999993,0
8106,-64.841236,-3.091156000000007,0
8107,-64.841172,-3.091252999999995,0
8108,-64.841193,-3.091228999999996,0
8109,-64.841159,-3.091167999999997,0
8110,-64.8412,-3.091164999999995,0
8111,-64.841125,-3.091156000000008,0
8112,-64.841157,-3.0911649999999944,0
8113,-64.841278,-3.0911609999999974,0
8114,-64.835741,-3.0963039999999937,0
8115,-64.835786,-3.096289,0
8116,-64.835741,-3.096293000000004,0
8117,-64.83575,-3.0963020000000023,0
8118,-64.835866,-3.0962619999999954,0
8119,-64.837544,-3.0957079999999992,0
8120,-64.837724,-3.0959820000000065,0
8121,-64.837687,-3.096041999999992,0
8122,-64.837632,-3.0961130000000043,0
8123,-64.837641,-3.095952999999992,0
8124,-64.837653,-3.0959510000000057,0
8125,-64.837469,-3.0959269999999925,0
8126,-64.837675,-3.096021000000004,0
8127,-64.837632,-3.096070999999997,0
8128,-64.837632,-3.096020000000004,0
8129,-64.837719,-3.096034,0
8130,-64.837676,-3.0959980000000065,0
8131,-64.837651,-3.096062000000002,0
8132,-64.839243,-3.0955529999999984,0
8133,-64.839153,-3.0955469999999927,0
8134,-64.840489,-3.096568999999994,0
8135,-64.839065,-3.0972509999999964,0
8136,-64.839158,-3.097211000000004,0
8137,-64.838637,-3.097467999999992,0
8138,-64.834148,-3.098838999999999,0
8139,-64.834132,-3.099018999999998,0
8140,-64.835046,-3.098595999999998,0
8141,-64.835009,-3.098598999999999,0
8142,-64.834986,-3.098607999999998,0
8143,-64.835096,-3.0986169999999973,0
8144,-64.835267,-3.0986780000000027,0
8145,-64.835005,-3.098568000000008,0
8146,-64.837316,-3.0927490000000075,0
8147,-64.837316,-3.092833000000008,0
8148,-64.837397,-3.092757000000004,0
8149,-64.837427,-3.092685999999999,0
8150,-64.837791,-3.092232,0
8151,-64.83776000000002,-3.0922819999999964,0
8152,-64.837766,-3.0922219999999974,0
8153,-64.837799,-3.0922559999999994,0
8154,-64.837867,-3.0922619999999923,0
8155,-64.837909,-3.0918879999999955,0
8156,-64.837725,-3.092042999999992,0
8157,-64.841466,-3.093296999999997,0
8158,-64.842385,-3.092211000000007,0
8159,-64.842533,-3.092485999999996,0
8160,-64.842302,-3.0922050000000043,0
8161,-64.842398,-3.092180999999999,0
8162,-64.848649,-3.0884249999999964,6
8163,-64.849435,-3.0886930000000032,6
8164,-64.850314,-3.086718000000008,6
8165,-64.850289,-3.086703999999995,6
8166,-64.850272,-3.086643000000004,6
8167,-64.850472,-3.086825000000008,6
8168,-64.850206,-3.0867440000000066,6
8169,-64.85032,-3.086775000000003,6
8170,-64.850332,-3.086850999999994,6
8171,-64.848417,-3.087434999999992,6
8172,-64.848671,-3.0872729999999984,6
8173,-64.84751,-3.08778,0
8174,-64.848551,-3.087528999999993,6
8175,-64.84864,-3.087372000000001,6
8176,-64.848626,-3.087492000000006,6
8177,-64.848585,-3.087447000000004,6
8178,-64.848683,-3.087428999999993,6
8179,-64.861796,-3.077264999999993,6
8180,-64.869262,-3.069971000000005,6
8181,-64.869184,-3.070045000000005,6
8182,-64.869125,-3.0700410000000016,6
8183,-64.871903,-3.0683720000000068,6
8184,-64.871925,-3.068213999999997,6
8185,-64.871875,-3.068112000000005,6
8186,-64.869094,-3.067894999999992,6
8187,-64.868607,-3.068693999999996,6
8188,-64.868664,-3.0693870000000056,6
8189,-64.869651,-3.0703530000000043,6
8190,-64.871628,-3.0685909999999925,6
8191,-64.869077,-3.071819000000009,6
8192,-64.869006,-3.071971999999996,6
8193,-64.869019,-3.072012000000006,6
8194,-64.868898,-3.071886000000005,6
8195,-64.868962,-3.071932999999992,6
8196,-64.868916,-3.072104999999995,6
8197,-64.868969,-3.071984000000007,6
8198,-64.868939,-3.0719729999999936,6
8199,-64.868901,-3.071980999999995,6
8200,-64.868958,-3.071966999999995,6
8201,-64.868826,-3.0719080000000045,6
8202,-64.868808,-3.07193,6
8203,-64.871172,-3.073126000000004,6
8204,-64.872547,-3.078629000000004,6
8205,-64.873414,-3.080119999999991,6
8206,-64.873975,-3.0783550000000086,6
8207,-64.874012,-3.078356000000006,6
8208,-64.873889,-3.078320999999991,6
8209,-64.87385,-3.078219000000004,6
8210,-64.873892,-3.0780539999999967,6
8211,-64.873887,-3.078224999999992,6
8212,-64.87366,-3.0783910000000017,6
8213,-64.874033,-3.078388000000002,6
8214,-64.873946,-3.078184999999995,6
8215,-64.873914,-3.0782280000000064,6
8216,-64.874007,-3.078113000000002,6
8217,-64.873912,-3.078221000000005,6
8218,-64.868552,-3.072406999999997,6
8219,-64.873928,-3.078213000000005,6
8220,-64.873859,-3.078387000000001,6
8221,-64.872731,-3.070107000000001,6
8222,-64.872547,-3.0701059999999925,6
8223,-64.872652,-3.070142000000008,6
8224,-64.872696,-3.0701700000000027,6
8225,-64.872692,-3.070213000000002,6
8226,-64.872833,-3.070167999999994,6
8227,-64.872799,-3.070194000000007,6
8228,-64.872742,-3.0701729999999974,6
8229,-64.872834,-3.070156000000003,6
8230,-64.872753,-3.070152000000005,6
8231,-64.872992,-3.0701370000000057,6
8232,-64.872399,-3.069981999999997,6
8233,-64.872697,-3.070000000000007,6
8234,-64.873083,-3.0702660000000024,6
8235,-64.872738,-3.070164000000001,6
8236,-64.872849,-3.0701379999999974,6
8237,-64.872784,-3.070164999999996,6
8238,-64.872846,-3.0701329999999984,6
8239,-64.873094,-3.070199999999995,6
8240,-64.875517,-3.0697319999999984,6
8241,-64.875599,-3.069954000000006,6
8242,-64.875354,-3.069996999999992,6
8243,-64.875455,-3.069952000000008,6
8244,-64.875532,-3.070016000000002,6
8245,-64.871717,-3.0718470000000018,6
8246,-64.871656,-3.071857999999996,6
8247,-64.87142,-3.072997000000008,6
8248,-64.867523,-3.072346999999996,6
8249,-64.865652,-3.073017999999996,6
8250,-64.865631,-3.0729140000000013,6
8251,-64.865649,-3.0729300000000075,6
8252,-64.869257,-3.071274999999994,6
8253,-64.869303,-3.071257000000005,6
8254,-64.869191,-3.0713740000000045,6
8255,-64.869169,-3.071327000000004,6
8256,-64.869146,-3.0713429999999926,6
8257,-64.869336,-3.0713600000000034,6
8258,-64.862854,-3.0608530000000025,6
8259,-64.86033,-3.0583679999999966,6
8260,-64.860445,-3.0583080000000047,6
8261,-64.860393,-3.0583910000000043,6
8262,-64.860412,-3.058391000000008,6
8263,-64.860502,-3.0583529999999968,6
8264,-64.860421,-3.058389999999993,6
8265,-64.860339,-3.058327999999996,6
8266,-64.860408,-3.0583220000000004,6
8267,-64.860413,-3.058359000000002,6
8268,-64.862939,-3.056066999999995,6
8269,-64.868341,-3.0528439999999977,6
8270,-64.86798,-3.053246000000001,6
8271,-64.867459,-3.051744000000003,6
8272,-64.867505,-3.051739999999998,6
8273,-64.867458,-3.0517070000000075,6
8274,-64.867453,-3.051795000000006,6
8275,-64.867633,-3.0517740000000027,6
8276,-64.867668,-3.051772000000007,6
8277,-64.867603,-3.0516719999999977,6
8278,-64.867733,-3.0515959999999995,6
8279,-64.868194,-3.0495569999999974,6
8280,-64.871312,-3.052403999999993,4
8281,-64.869593,-3.052583000000003,6
8282,-64.869431,-3.0525829999999945,6
8283,-64.869403,-3.052536999999992,6
8284,-64.869445,-3.052525000000001,6
8285,-64.86927,-3.052908000000004,6
8286,-64.869445,-3.0525920000000064,6
8287,-64.869433,-3.052610999999996,6
8288,-64.86946,-3.0525930000000003,6
8289,-64.86961,-3.0527179999999943,6
8290,-64.86985,-3.0503910000000043,4
8291,-64.870111,-3.050605999999992,4
8292,-64.870073,-3.0506899999999946,4
8293,-64.867952,-3.049445000000001,6
8294,-64.867888,-3.049355999999995,6
8295,-64.867857,-3.049539000000002,6
8296,-64.867978,-3.049391999999994,6
8297,-64.867798,-3.0494919999999954,6
8298,-64.867859,-3.049470999999993,6
8299,-64.867829,-3.049400999999996,6
8300,-64.867843,-3.0493669999999966,6
8301,-64.864268,-3.0478029999999983,6
8302,-64.864799,-3.045499000000008,6
8303,-64.86501,-3.045769999999994,6
8304,-64.865075,-3.045800999999998,6
8305,-64.86511,-3.045889999999996,6
8306,-64.865163,-3.045740999999992,6
8307,-64.865086,-3.045845000000005,6
8308,-64.865063,-3.0457940000000057,6
8309,-64.865114,-3.0458779999999943,6
8310,-64.866608,-3.0451979999999965,6
8311,-64.867312,-3.045606000000008,6
8312,-64.867284,-3.045635000000001,6
8313,-64.86722000000002,-3.045660000000002,6
8314,-64.867158,-3.0456650000000023,6
8315,-64.867124,-3.045544999999996,6
8316,-64.865988,-3.0447469999999943,6
8317,-64.86636,-3.044467000000004,6
8318,-64.864344,-3.041539000000008,4
8319,-64.864506,-3.0414639999999915,4
8320,-64.864425,-3.041482000000004,4
8321,-64.864507,-3.0414930000000053,4
8322,-64.864349,-3.0415099999999966,4
8323,-64.867424,-3.039315,4
8324,-64.871313,-3.043386999999996,4
8325,-64.871396,-3.0432630000000063,4
8326,-64.871316,-3.043366,4
8327,-64.870382,-3.043166000000005,4
8328,-64.87131,-3.0433610000000058,4
8329,-64.871589,-3.043439,4
8330,-64.871275,-3.043346,4
8331,-64.871468,-3.0433719999999944,4
8332,-64.871352,-3.043478999999996,4
8333,-64.877355,-3.042918000000005,4
8334,-64.879255,-3.0416509999999963,4
8335,-64.879183,-3.041536,4
8336,-64.879148,-3.0416159999999923,4
8337,-64.869253,-3.036280000000008,4
8338,-64.869707,-3.038008999999995,4
8339,-64.869551,-3.038205000000004,4
8340,-64.869737,-3.038034999999998,4
8341,-64.869755,-3.037963999999997,4
8342,-64.869713,-3.037987999999995,4
8343,-64.869792,-3.0379080000000016,4
8344,-64.868788,-3.040078999999997,4
8345,-64.868533,-3.039991,4
8346,-64.868777,-3.039997999999997,4
8347,-64.866053,-3.044737,6
8348,-64.86602,-3.0446610000000027,6
8349,-64.865621,-3.045581999999996,6
8350,-64.866182,-3.044798999999992,6
8351,-64.866037,-3.044837000000008,6
8352,-64.866077,-3.0447559999999925,6
8353,-64.865945,-3.0446410000000066,6
8354,-64.866059,-3.0447319999999936,6
8355,-64.868895,-3.045735,6
8356,-64.866402,-3.0411729999999992,4
8357,-64.860612,-3.0417649999999954,6
8358,-64.860545,-3.041779000000004,6
8359,-64.860503,-3.041786999999997,6
8360,-64.860483,-3.041883000000001,6
8361,-64.860538,-3.0418240000000045,6
8362,-64.860388,-3.0419190000000023,6
8363,-64.860565,-3.0418900000000058,6
8364,-64.860606,-3.0418170000000058,6
8365,-64.86072,-3.041869000000008,6
8366,-64.860523,-3.041905999999993,6
8367,-64.860535,-3.041876000000008,6
8368,-64.861188,-3.044820000000001,6
8369,-64.862785,-3.0480050000000016,6
8370,-64.862487,-3.0479200000000035,6
8371,-64.862528,-3.047957000000004,6
8372,-64.862582,-3.048011000000001,6
8373,-64.862619,-3.048015000000003,6
8374,-64.862576,-3.047965000000008,6
8375,-64.862532,-3.0479819999999984,6
8376,-64.862553,-3.0479419999999915,6
8377,-64.86254,-3.0478630000000067,6
8378,-64.867644,-3.0524339999999923,6
8379,-64.867668,-3.052441999999995,6
8380,-64.867741,-3.052435000000001,6
8381,-64.867648,-3.0523570000000064,6
8382,-64.867504,-3.0522750000000083,6
8383,-64.869377,-3.054003999999997,6
8384,-64.87153,-3.0582729999999967,6
8385,-64.871581,-3.0583400000000065,6
8386,-64.873747,-3.0569189999999944,6
8387,-64.873816,-3.0569240000000004,6
8388,-64.873765,-3.056854999999993,6
8389,-64.877158,-3.0541159999999934,4
8390,-64.877116,-3.053908999999993,4
8391,-64.877121,-3.0539279999999973,4
8392,-64.869211,-3.0500919999999976,4
8393,-64.869152,-3.050095000000006,6
8394,-64.869203,-3.0500789999999944,4
8395,-64.869194,-3.0500489999999925,4
8396,-64.869187,-3.0500809999999943,4
8397,-64.861009,-3.052479,6
8398,-64.860917,-3.052406999999993,6
8399,-64.860968,-3.052470000000006,6
8400,-64.86094,-3.052432999999992,6
8401,-64.86123,-3.055994000000007,6
8402,-64.859638,-3.0522580000000024,6
8403,-64.859359,-3.052194999999996,6
8404,-64.859235,-3.052178000000002,6
8405,-64.856507,-3.0524990000000005,6
8406,-64.85651,-3.052476000000006,6
8407,-64.856609,-3.0524639999999943,6
8408,-64.856701,-3.052451999999992,6
8409,-64.856447,-3.052410999999995,6
8410,-64.85608,-3.0525170000000053,6
8411,-64.8558,-3.052712,6
8412,-64.85582900000001,-3.052715000000004,6
8413,-64.855848,-3.052852000000001,6
8414,-64.855875,-3.0527170000000026,6
8415,-64.855894,-3.052773000000004,6
8416,-64.854949,-3.050245,6
8417,-64.85469,-3.050304000000006,6
8418,-64.857265,-3.049413999999996,6
8419,-64.857304,-3.049512,6
8420,-64.857349,-3.049517000000006,6
8421,-64.857424,-3.0494889999999995,6
8422,-64.857263,-3.0494789999999914,6
8423,-64.857458,-3.049441999999995,6
8424,-64.857285,-3.0494810000000063,6
8425,-64.85735,-3.0495530000000044,6
8426,-64.857355,-3.049519999999996,6
8427,-64.857384,-3.049507000000004,6
8428,-64.859326,-3.0488479999999964,6
8429,-64.859383,-3.0486709999999944,6
8430,-64.859437,-3.048570000000007,6
8431,-64.859385,-3.0486290000000054,6
8432,-64.859399,-3.0486730000000013,6
8433,-64.859408,-3.048706,6
8434,-64.859371,-3.048652999999993,6
8435,-64.863792,-3.047016,6
8436,-64.86369,-3.047237000000007,6
8437,-64.863664,-3.0472550000000007,6
8438,-64.862851,-3.056046000000004,6
8439,-64.862817,-3.0560249999999933,6
8440,-64.862818,-3.056059999999996,6
8441,-64.86288,-3.056039000000004,6
8442,-64.862799,-3.056066000000006,6
8443,-64.862921,-3.056051999999992,6
8444,-64.862732,-3.0558969999999985,6
8445,-64.862937,-3.0560059999999964,6
8446,-64.860434,-3.058370000000008,6
8447,-64.860329,-3.058416999999996,6
8448,-64.860447,-3.058307000000007,6
8449,-64.860347,-3.0584009999999986,6
8450,-64.8604,-3.058314999999997,6
8451,-64.86027,-3.058368000000003,6
8452,-64.860452,-3.0583400000000083,6
8453,-64.860153,-3.058367999999993,6
8454,-64.860396,-3.058377000000005,6
8455,-64.860477,-3.058396000000001,6
8456,-64.860479,-3.0584040000000043,6
8457,-64.860485,-3.058432000000008,6
8458,-64.860364,-3.058202000000004,6
8459,-64.860481,-3.0582620000000054,6
8460,-64.862033,-3.057981999999996,6
8461,-64.862085,-3.0580470000000046,6
8462,-64.862094,-3.058132000000004,6
8463,-64.862059,-3.057993000000007,6
8464,-64.862108,-3.057918999999994,6
8465,-64.862105,-3.058012999999999,6
8466,-64.862121,-3.058008999999997,6
8467,-64.862111,-3.0580419999999995,6
8468,-64.862117,-3.057884000000003,6
8469,-64.864501,-3.057272000000008,6
8470,-64.864488,-3.057307,6
8471,-64.86443,-3.0572500000000087,6
8472,-64.864352,-3.057464000000001,6
8473,-64.86424,-3.057280999999997,6
8474,-64.864201,-3.0573970000000017,6
8475,-64.864485,-3.057206000000001,6
8476,-64.864419,-3.057277999999999,6
8477,-64.864383,-3.057315999999997,6
8478,-64.864423,-3.057287000000009,6
8479,-64.864452,-3.057169,6
8480,-64.864323,-3.057247000000004,6
8481,-64.864196,-3.057188000000001,6
8482,-64.864435,-3.0573449999999984,6
8483,-64.864279,-3.0583239999999927,6
8484,-64.864532,-3.059004999999994,6
8485,-64.864439,-3.0590070000000043,6
8486,-64.864467,-3.059047000000004,6
8487,-64.864556,-3.058981999999993,6
8488,-64.864481,-3.0590660000000063,6
8489,-64.864469,-3.059103000000007,6
8490,-64.859751,-3.063717999999997,6
8491,-64.859743,-3.063876000000005,6
8492,-64.859859,-3.063623999999998,6
8493,-64.859657,-3.0641930000000057,6
8494,-64.859721,-3.063875999999997,6
8495,-64.858371,-3.065192000000007,6
8496,-64.858363,-3.065132999999998,6
8497,-64.858403,-3.065211999999997,6
8498,-64.858605,-3.065464000000009,6
8499,-64.858598,-3.0653910000000004,6
8500,-64.858554,-3.065470999999995,6
8501,-64.858624,-3.0653689999999925,6
8502,-64.858635,-3.0655320000000064,6
8503,-64.858603,-3.065347999999993,6
8504,-64.858595,-3.0654099999999995,6
8505,-64.8579,-3.067301,6
8506,-64.857939,-3.067321000000001,6
8507,-64.857895,-3.0673510000000053,6
8508,-64.857351,-3.0673680000000005,6
8509,-64.857369,-3.0674600000000027,6
8510,-64.857319,-3.067485,6
8511,-64.857329,-3.0673820000000003,6
8512,-64.857411,-3.067415000000001,6
8513,-64.853069,-3.0730749999999967,6
8514,-64.852898,-3.0731059999999943,6
8515,-64.852921,-3.073069999999999,6
8516,-64.852931,-3.0731630000000014,6
8517,-64.849586,-3.070128000000003,6
8518,-64.848339,-3.069994999999994,6
8519,-64.84839,-3.069962000000001,6
8520,-64.848375,-3.069959999999994,6
8521,-64.848252,-3.0699649999999927,6
8522,-64.848366,-3.0700779999999948,6
8523,-64.848467,-3.0699429999999923,6
8524,-64.848404,-3.069861999999997,6
8525,-64.848331,-3.069980000000008,6
8526,-64.848411,-3.0699719999999964,6
8527,-64.84516700000002,-3.074781,6
8528,-64.84148600000002,-3.078025000000008,0
8529,-64.841577,-3.07823,0
8530,-64.852933,-3.0758820000000062,6
8531,-64.852601,-3.0758019999999955,6
8532,-64.853618,-3.075081999999992,6
8533,-64.853589,-3.075780000000003,6
8534,-64.853706,-3.075798000000008,6
8535,-64.850668,-3.0784730000000056,6
8536,-64.850694,-3.0784700000000007,6
8537,-64.85074,-3.078434000000005,6
8538,-64.84599,-3.079862999999997,0
8539,-64.846124,-3.079785999999997,0
8540,-64.845959,-3.079828000000001,0
8541,-64.845986,-3.079890999999991,0
8542,-64.845949,-3.079949999999994,0
8543,-64.845908,-3.079899000000008,0
8544,-64.845927,-3.0798799999999944,0
8545,-64.846049,-3.079802999999999,0
8546,-64.845871,-3.0800200000000086,0
8547,-64.845913,-3.079929000000009,0
8548,-64.840365,-3.093331000000001,0
8549,-64.840297,-3.0933579999999994,0
8550,-64.84034,-3.0933409999999983,0
8551,-64.84034,-3.093236999999992,0
8552,-64.836785,-3.093104999999991,0
8553,-64.836762,-3.0928339999999914,0
8554,-64.836654,-3.092820999999996,0
8555,-64.83671800000002,-3.092858000000005,0
8556,-64.836819,-3.0927939999999965,0
8557,-64.836703,-3.092871000000005,0
8558,-64.836711,-3.092970000000002,0
8559,-64.836756,-3.0928820000000043,0
8560,-64.827067,-3.093843000000001,0
8561,-64.828062,-3.0910909999999965,0
8562,-64.828206,-3.091079999999996,0
8563,-64.828073,-3.090970000000007,0
8564,-64.82809,-3.0910040000000043,0
8565,-64.832303,-3.093519999999994,0
8566,-64.832126,-3.093499,0
8567,-64.832202,-3.0936190000000066,0
8568,-64.832365,-3.093559000000008,0
8569,-64.832297,-3.0935879999999947,0
8570,-64.836212,-3.091419000000006,0
8571,-64.836243,-3.091527000000005,0
8572,-64.836158,-3.091519000000005,0
8573,-64.836259,-3.0915789999999985,0
8574,-64.836209,-3.0915309999999927,0
8575,-64.836232,-3.091523999999999,0
8576,-64.835056,-3.086482999999997,0
8577,-64.835195,-3.086416999999993,0
8578,-64.835117,-3.086447000000007,0
8579,-64.835135,-3.086333,0
8580,-64.835073,-3.0864470000000006,0
8581,-64.835717,-3.086524000000002,0
8582,-64.838526,-3.089110000000007,0
8583,-64.833652,-3.082111000000005,0
8584,-64.83355,-3.082078999999992,0
8585,-64.833707,-3.0820869999999934,0
8586,-64.834385,-3.081800999999997,0
8587,-64.834424,-3.081806000000001,0
8588,-64.834332,-3.081760999999997,0
8589,-64.83445,-3.081780999999993,0
8590,-64.834432,-3.0816699999999955,0
8591,-64.834307,-3.081598999999993,0
8592,-64.832465,-3.0798400000000017,0
8593,-64.832338,-3.0798270000000016,0
8594,-64.829548,-3.079431999999992,0
8595,-64.829562,-3.079475999999996,0
8596,-64.829577,-3.0794889999999944,0
8597,-64.828866,-3.078655999999997,0
8598,-64.828978,-3.078630000000006,0
8599,-64.829133,-3.078688000000002,0
8600,-64.82906,-3.0786260000000034,0
8601,-64.829133,-3.078645999999997,0
8602,-64.829108,-3.0786579999999946,0
8603,-64.829175,-3.078646000000003,0
8604,-64.829068,-3.0786680000000075,0
8605,-64.824048,-3.080945999999994,0
8606,-64.824094,-3.0809289999999923,0
8607,-64.823743,-3.081014999999992,0
8608,-64.82399,-3.0809649999999915,0
8609,-64.824756,-3.080423999999999,0
8610,-64.824096,-3.0808059999999946,0
8611,-64.823987,-3.081021999999996,0
8612,-64.823998,-3.0808619999999967,0
8613,-64.824038,-3.080848000000004,0
8614,-64.823993,-3.080985999999995,0
8615,-64.824065,-3.080998000000002,0
8616,-64.824134,-3.080940000000004,0
8617,-64.82403,-3.080939999999996,0
8618,-64.823998,-3.0808879999999945,0
8619,-64.820999,-3.0786729999999936,0
8620,-64.82088,-3.0786450000000016,0
8621,-64.821043,-3.078745000000004,0
8622,-64.82121400000001,-3.078870999999994,0
8623,-64.820986,-3.078657000000008,0
8624,-64.821077,-3.0787320000000054,0
8625,-64.821016,-3.078613999999993,0
8626,-64.820515,-3.0778229999999978,0
8627,-64.820565,-3.073072000000006,0
8628,-64.829582,-3.0795160000000044,0
8629,-64.828505,-3.083480000000004,0
8630,-64.828479,-3.0833769999999974,0
8631,-64.828419,-3.083309999999994,0
8632,-64.828509,-3.083354999999998,0
8633,-64.828404,-3.0834740000000003,0
8634,-64.828442,-3.0833379999999915,0
8635,-64.82828,-3.0832719999999934,0
8636,-64.825413,-3.0887909999999934,0
8637,-64.824234,-3.088843999999996,0
8638,-64.824209,-3.0888440000000075,0
8639,-64.822021,-3.088399000000003,0
8640,-64.819933,-3.0900109999999965,0
8641,-64.819748,-3.0896129999999964,0
8642,-64.819744,-3.0898010000000067,0
8643,-64.819678,-3.0899650000000065,0
8644,-64.81992,-3.089414000000004,0
8645,-64.819663,-3.089824000000001,0
8646,-64.819744,-3.089757000000005,0
8647,-64.820267,-3.086936000000001,0
8648,-64.82121,-3.086593999999997,0
8649,-64.82121400000001,-3.086552999999994,0
8650,-64.821156,-3.0865939999999923,0
8651,-64.821158,-3.0866160000000007,0
8652,-64.821131,-3.086584999999997,0
8653,-64.821135,-3.0865550000000046,0
8654,-64.821087,-3.086596000000002,0
8655,-64.821079,-3.086496999999995,0
8656,-64.821177,-3.086534000000003,0
8657,-64.821099,-3.086561,0
8658,-64.821243,-3.086535,0
8659,-64.821077,-3.084062999999996,0
8660,-64.821702,-3.0816289999999986,0
8661,-64.821635,-3.081193000000003,0
8662,-64.821495,-3.081675000000001,0
8663,-64.82146,-3.081693999999993,0
8664,-64.821348,-3.081646999999993,0
8665,-64.821496,-3.0816869999999925,0
8666,-64.82142500000002,-3.081708000000008,0
8667,-64.821407,-3.0816870000000014,0
8668,-64.821416,-3.0816469999999945,0
8669,-64.821431,-3.0817339999999964,0
8670,-64.821489,-3.0817099999999944,0
8671,-64.821897,-3.081670000000001,0
8672,-64.821655,-3.081523000000003,0
8673,-64.817112,-3.080347999999999,0
8674,-64.816886,-3.079451000000008,0
8675,-64.817641,-3.0814379999999995,0
8676,-64.818562,-3.080872999999998,0
8677,-64.818557,-3.080934999999997,0
8678,-64.818582,-3.080877000000007,0
8679,-64.818566,-3.080938000000007,0
8680,-64.818611,-3.080942000000008,0
8681,-64.818627,-3.080910999999995,0
8682,-64.818351,-3.0839459999999947,0
8683,-64.818325,-3.083913000000006,0
8684,-64.818351,-3.083943999999994,0
8685,-64.81829,-3.0840020000000026,0
8686,-64.818414,-3.083955000000004,0
8687,-64.818321,-3.083964999999999,0
8688,-64.818322,-3.0840180000000053,0
8689,-64.818363,-3.084044999999993,0
8690,-64.818375,-3.0839650000000005,0
8691,-64.818361,-3.083849999999994,0
8692,-64.821503,-3.081599000000007,0
8693,-64.827398,-3.079558000000004,0
8694,-64.827572,-3.0794920000000032,0
8695,-64.82774,-3.079490000000007,0
8696,-64.827712,-3.079443999999995,0
8697,-64.83137,-3.0756130000000006,0
8698,-64.831354,-3.075516,0
8699,-64.83148,-3.0755330000000045,0
8700,-64.83146,-3.0754750000000017,0
8701,-64.831413,-3.075509000000007,0
8702,-64.831336,-3.075541,0
8703,-64.8315,-3.075566000000002,0
8704,-64.833942,-3.0722910000000003,0
8705,-64.833845,-3.0724079999999967,0
8706,-64.834479,-3.072657999999993,0
8707,-64.838096,-3.073194999999992,0
8708,-64.837765,-3.0730529999999923,0
8709,-64.838191,-3.073287000000004,0
8710,-64.838086,-3.073221,0
8711,-64.838314,-3.0732599999999923,0
8712,-64.83802,-3.073136000000006,0
8713,-64.838281,-3.073242999999996,0
8714,-64.838061,-3.073135000000004,0
8715,-64.839794,-3.0805459999999982,0
8716,-64.83979900000001,-3.080586000000008,0
8717,-64.839902,-3.0806389999999984,0
8718,-64.83988300000001,-3.080598000000007,0
8719,-64.835879,-3.083511999999996,0
8720,-64.835778,-3.083621000000002,0
8721,-64.835883,-3.083659999999997,0
8722,-64.835851,-3.083665999999996,0
8723,-64.835845,-3.083604,0
8724,-64.835817,-3.0835999999999952,0
8725,-64.835873,-3.083635999999999,0
8726,-64.832565,-3.0819050000000066,0
8727,-64.832517,-3.0817319999999984,0
8728,-64.832068,-3.082339000000008,0
8729,-64.831361,-3.0826480000000043,0
8730,-64.831326,-3.082640999999992,0
8731,-64.831988,-3.083397000000001,0
8732,-64.8319,-3.0834490000000003,0
8733,-64.831973,-3.0834110000000026,0
8734,-64.831977,-3.0834390000000056,0
8735,-64.83196000000001,-3.083415000000005,0
8736,-64.83194,-3.0834039999999927,0
8737,-64.832005,-3.0833979999999923,0
8738,-64.831922,-3.083470000000008,0
8739,-64.831755,-3.0773480000000064,0
8740,-64.83334400000001,-3.0756180000000013,0
8741,-64.833867,-3.072265000000004,0
8742,-64.833891,-3.0723769999999977,0
8743,-64.833887,-3.0717080000000045,0
8744,-64.833827,-3.0723040000000026,0
8745,-64.8339,-3.072289999999995,0
8746,-64.833903,-3.072278999999995,0
8747,-64.833908,-3.072214,0
8748,-64.837995,-3.063690000000004,0
8749,-64.837864,-3.063568999999999,0
8750,-64.838891,-3.062173999999996,0
8751,-64.839674,-3.061854999999994,0
8752,-64.839766,-3.061903999999992,0
8753,-64.839326,-3.062629000000008,0
8754,-64.839503,-3.062778999999991,0
8755,-64.839403,-3.062737000000001,0
8756,-64.839237,-3.0627009999999952,0
8757,-64.83941,-3.0627549999999992,0
8758,-64.839271,-3.0627729999999973,0
8759,-64.840297,-3.063123000000004,0
8760,-64.840239,-3.062974,0
8761,-64.840236,-3.063009999999998,0
8762,-64.838824,-3.067936,0
8763,-64.838834,-3.0678820000000018,0
8764,-64.838834,-3.067910000000001,0
8765,-64.838726,-3.0676520000000003,0
8766,-64.837426,-3.0679990000000084,0
8767,-64.837618,-3.0681409999999967,0
8768,-64.837614,-3.068206999999997,0
8769,-64.837413,-3.068114000000006,0
8770,-64.837434,-3.068112000000005,0
8771,-64.837641,-3.067774999999993,0
8772,-64.837406,-3.068109999999992,0
8773,-64.837318,-3.067971000000005,0
8774,-64.837406,-3.0680089999999947,0
8775,-64.837629,-3.068139999999991,0
8776,-64.838864,-3.0675190000000065,0
8777,-64.83944700000002,-3.068618999999998,0
8778,-64.839383,-3.068670999999994,0
8779,-64.839288,-3.0687049999999934,0
8780,-64.83939,-3.0686230000000045,0
8781,-64.839317,-3.068637,0
8782,-64.840218,-3.071527000000001,0
8783,-64.840139,-3.071542999999992,0
8784,-64.840039,-3.071563000000008,0
8785,-64.840146,-3.071527000000005,0
8786,-64.840087,-3.071529999999994,0
8787,-64.840136,-3.0714680000000065,0
8788,-64.840066,-3.0716069999999984,0
8789,-64.840134,-3.071499000000008,0
8790,-64.840052,-3.071649000000006,0
8791,-64.840096,-3.071608999999997,0
8792,-64.840043,-3.071559000000001,0
8793,-64.840102,-3.071515000000004,0
8794,-64.840071,-3.071736999999996,0
8795,-64.840126,-3.071574000000008,0
8796,-64.840033,-3.071584999999993,0
8797,-64.839996,-3.071561999999996,0
8798,-64.84012,-3.071570999999999,0
8799,-64.840078,-3.0715140000000045,0
8800,-64.840049,-3.0714559999999995,0
8801,-64.840095,-3.0716270000000065,0
8802,-64.839859,-3.0718369999999915,0
8803,-64.840035,-3.071549999999996,0
8804,-64.840063,-3.071603999999997,0
8805,-64.84004,-3.071565000000005,0
8806,-64.839971,-3.0715280000000047,0
8807,-64.84003,-3.0715320000000026,0
8808,-64.840154,-3.071635999999992,0
8809,-64.840099,-3.071575000000005,0
8810,-64.840011,-3.0714750000000057,0
8811,-64.840088,-3.071599000000001,0
8812,-64.84009,-3.071620000000004,0
8813,-64.84012,-3.071656000000009,0
8814,-64.84005,-3.0715240000000046,0
8815,-64.839569,-3.070704000000002,0
8816,-64.839686,-3.070768999999992,0
8817,-64.839573,-3.0709919999999995,0
8818,-64.839621,-3.0705380000000067,0
8819,-64.839668,-3.070770999999998,0
8820,-64.839527,-3.0708169999999937,0
8821,-64.839336,-3.070834000000004,0
8822,-64.839601,-3.070784,0
8823,-64.839586,-3.0707940000000047,0
8824,-64.837626,-3.066934999999998,0
8825,-64.837669,-3.066984000000008,0
8826,-64.8378,-3.0669150000000065,0
8827,-64.837652,-3.066902,0
8828,-64.837786,-3.0668990000000007,0
8829,-64.837671,-3.066864000000006,0
8830,-64.837487,-3.066825000000007,0
8831,-64.837784,-3.066943999999996,0
8832,-64.837931,-3.0667729999999955,0
8833,-64.837764,-3.0668589999999982,0
8834,-64.83761,-3.0668740000000025,0
8835,-64.837783,-3.0668839999999937,0
8836,-64.838109,-3.066614999999994,0
8837,-64.83806500000001,-3.066586000000006,0
8838,-64.838081,-3.0665249999999955,0
8839,-64.838057,-3.066581000000002,0
8840,-64.838237,-3.0664639999999967,0
8841,-64.838125,-3.0665639999999983,0
8842,-64.838166,-3.0666010000000075,0
8843,-64.838226,-3.062975000000004,0
8844,-64.83819400000002,-3.062991000000005,0
8845,-64.838079,-3.0628359999999963,0
8846,-64.83573,-3.066403999999997,0
8847,-64.83551200000001,-3.0664869999999977,0
8848,-64.835408,-3.066566999999997,0
8849,-64.835359,-3.066386,0
8850,-64.835458,-3.066634000000007,0
8851,-64.835407,-3.0665669999999965,0
8852,-64.835692,-3.0667600000000044,0
8853,-64.835612,-3.066647000000005,0
8854,-64.835476,-3.0665959999999988,0
8855,-64.83572300000002,-3.0665779999999976,0
8856,-64.835577,-3.0665660000000043,0
8857,-64.835602,-3.066597999999999,0
8858,-64.836005,-3.0688339999999923,0
8859,-64.835965,-3.0689019999999987,0
8860,-64.836075,-3.0687620000000027,0
8861,-64.836309,-3.0687800000000003,0
8862,-64.836264,-3.068811999999993,0
8863,-64.836356,-3.068751999999999,0
8864,-64.836261,-3.0687080000000053,0
8865,-64.836282,-3.0687089999999992,0
8866,-64.836178,-3.0687559999999934,0
8867,-64.836512,-3.0690669999999964,0
8868,-64.835486,-3.071439000000004,0
8869,-64.835316,-3.0714299999999968,0
8870,-64.835469,-3.071459999999992,0
8871,-64.835524,-3.071475000000008,0
8872,-64.835432,-3.071412000000008,0
8873,-64.835466,-3.0714579999999967,0
8874,-64.835476,-3.071404999999995,0
8875,-64.839219,-3.073827000000009,0
8876,-64.841777,-3.0762000000000054,0
8877,-64.841741,-3.076216000000001,0
8878,-64.84174400000002,-3.0761859999999994,0
8879,-64.842655,-3.074553000000002,0
8880,-64.84273,-3.074515999999998,0
8881,-64.84171,-3.0711050000000024,0
8882,-64.84075,-3.0692459999999966,0
8883,-64.840822,-3.0692660000000083,0
8884,-64.840894,-3.0693010000000056,0
8885,-64.840766,-3.0692529999999976,0
8886,-64.837984,-3.069086,0
8887,-64.837469,-3.068133,0
8888,-64.837366,-3.0680349999999974,0
8889,-64.837463,-3.0681959999999955,0
8890,-64.834756,-3.066171,0
8891,-64.835016,-3.066111999999993,0
8892,-64.834941,-3.066123000000005,0
8893,-64.83486,-3.0660550000000018,0
8894,-64.834922,-3.066020000000002,0
8895,-64.834919,-3.0660420000000013,0
8896,-64.834894,-3.0661129999999983,0
8897,-64.834882,-3.066239999999995,0
8898,-64.834523,-3.066748000000008,0
8899,-64.834502,-3.066798000000001,0
8900,-64.83446,-3.066852000000005,0
8901,-64.831163,-3.0712680000000048,0
8902,-64.831051,-3.0712010000000034,0
8903,-64.831475,-3.072213000000008,0
8904,-64.831389,-3.0721870000000053,0
8905,-64.831392,-3.072187999999993,0
8906,-64.831886,-3.072082999999996,0
8907,-64.8308,-3.073340000000007,0
8908,-64.830932,-3.0733239999999933,0
8909,-64.830782,-3.073496999999997,0
8910,-64.830889,-3.073360000000008,0
8911,-64.829654,-3.075235999999992,0
8912,-64.83149,-3.075512000000001,0
8913,-64.83259,-3.0776009999999934,0
8914,-64.83260500000002,-3.0777649999999976,0
8915,-64.83254,-3.0776769999999933,0
8916,-64.832831,-3.0778029999999954,0
8917,-64.832741,-3.077696999999998,0
8918,-64.832625,-3.077576000000007,0
8919,-64.8327,-3.077471000000001,0
8920,-64.831651,-3.0773589999999937,0
8921,-64.831882,-3.077340999999994,0
8922,-64.831782,-3.077312,0
8923,-64.832568,-3.0799569999999994,0
8924,-64.832454,-3.079845000000005,0
8925,-64.832205,-3.079740000000004,0
8926,-64.832468,-3.0798969999999994,0
8927,-64.832457,-3.079840000000004,0
8928,-64.832477,-3.0798510000000068,0
8929,-64.8324,-3.079718999999992,0
8930,-64.832526,-3.0798240000000083,0
8931,-64.847955,-3.080172000000005,6
8932,-64.847946,-3.0800400000000083,6
8933,-64.847773,-3.0800550000000024,6
8934,-64.845652,-3.084445000000003,0
8935,-64.841629,-3.087107000000005,0
8936,-64.841397,-3.0870330000000066,0
8937,-64.841625,-3.087112,0
8938,-64.841549,-3.087110000000003,0
8939,-64.841722,-3.087063999999998,0
8940,-64.841747,-3.0870169999999924,0
8941,-64.841751,-3.087015999999998,0
8942,-64.841829,-3.087045000000004,0
8943,-64.84173,-3.087083000000004,0
8944,-64.842699,-3.088893999999996,0
8945,-64.84244,-3.0882699999999934,0
8946,-64.84264,-3.088864000000004,0
8947,-64.844067,-3.089453000000006,6
8948,-64.842658,-3.088866999999996,0
8949,-64.842697,-3.088885000000002,0
8950,-64.84258,-3.0888790000000026,0
8951,-64.842625,-3.0887340000000028,0
8952,-64.842599,-3.088928000000001,0
8953,-64.842598,-3.0888210000000056,0
8954,-64.842301,-3.088282999999999,0
8955,-64.842217,-3.088215000000004,0
8956,-64.835629,-3.092860999999999,0
8957,-64.832535,-3.0914290000000024,0
8958,-64.83253,-3.091537000000003,0
8959,-64.832084,-3.0894710000000045,0
8960,-64.830965,-3.0910479999999927,0
8961,-64.830849,-3.091017000000001,0
8962,-64.83088,-3.0910100000000083,0
8963,-64.830846,-3.090940000000004,0
8964,-64.830879,-3.0910009999999914,0
8965,-64.830811,-3.0909700000000013,0
8966,-64.83081,-3.090841000000001,0
8967,-64.830825,-3.090969999999996,0
8968,-64.830885,-3.0909670000000067,0
8969,-64.83083400000001,-3.091066000000001,0
8970,-64.830733,-3.0910059999999944,0
8971,-64.830819,-3.090865000000001,0
8972,-64.830829,-3.090939000000005,0
8973,-64.830877,-3.090971999999998,0
8974,-64.833125,-3.089595000000007,0
8975,-64.833102,-3.0895730000000063,0
8976,-64.833105,-3.089509000000006,0
8977,-64.83315,-3.089511999999996,0
8978,-64.83325000000002,-3.089508000000003,0
8979,-64.839159,-3.0896540000000043,0
8980,-64.839596,-3.085926000000007,0
8981,-64.839598,-3.0839379999999967,0
8982,-64.839533,-3.083826000000003,0
8983,-64.839332,-3.084018000000004,0
8984,-64.839514,-3.083835000000006,0
8985,-64.838572,-3.082586000000002,0
8986,-64.836697,-3.082042000000001,0
8987,-64.839104,-3.079768000000002,0
8988,-64.839124,-3.079722999999995,0
8989,-64.839097,-3.0797559999999944,0
8990,-64.839306,-3.079516000000002,0
8991,-64.839195,-3.0797039999999924,0
8992,-64.838854,-3.080144999999992,0
8993,-64.838834,-3.0801320000000008,0
8994,-64.83884,-3.080127000000006,0
8995,-64.838807,-3.0800449999999926,0
8996,-64.838827,-3.080109999999992,0
8997,-64.838958,-3.0801780000000067,0
8998,-64.838797,-3.080235000000004,0
8999,-64.838882,-3.080143999999992,0
9000,-64.838866,-3.079997999999992,0
9001,-64.838808,-3.0801320000000016,0
9002,-64.83887,-3.080214000000004,0
9003,-64.838826,-3.0801959999999915,0
9004,-64.838852,-3.0801089999999944,0
9005,-64.838844,-3.080135000000002,0
9006,-64.838936,-3.080204,0
9007,-64.838751,-3.0801430000000063,0
9008,-64.838834,-3.080108999999994,0
9009,-64.838862,-3.080178000000005,0
9010,-64.838882,-3.0800639999999944,0
9011,-64.841483,-3.077964000000006,0
9012,-64.841539,-3.078042999999996,0
9013,-64.841668,-3.078065999999993,0
9014,-64.841732,-3.077948999999996,0
9015,-64.841532,-3.077950000000002,0
9016,-64.841584,-3.077981999999996,0
9017,-64.841598,-3.0779369999999995,0
9018,-64.841591,-3.077992,0
9019,-64.843121,-3.078616000000008,0
9020,-64.843111,-3.0786879999999948,0
9021,-64.849545,-3.0789790000000035,6
9022,-64.849587,-3.0790549999999977,6
9023,-64.849589,-3.0790670000000047,6
9024,-64.849542,-3.0790279999999925,6
9025,-64.84953,-3.079037999999992,6
9026,-64.849599,-3.0790449999999985,6
9027,-64.84958500000002,-3.079033000000001,6
9028,-64.849619,-3.0790519999999946,6
9029,-64.849541,-3.0790109999999924,6
9030,-64.849767,-3.0789769999999947,6
9031,-64.85532,-3.081631999999999,6
9032,-64.857888,-3.0821089999999987,6
9033,-64.867175,-3.085550000000008,6
9034,-64.867229,-3.0856660000000056,6
9035,-64.867095,-3.085695999999991,6
9036,-64.867158,-3.085663999999998,6
9037,-64.86712,-3.085931999999995,6
9038,-64.867374,-3.087033000000001,6
9039,-64.867502,-3.087026999999992,6
9040,-64.870839,-3.0862200000000017,6
9041,-64.87064,-3.0863189999999925,6
9042,-64.870815,-3.086157,6
9043,-64.87076,-3.0862129999999985,6
9044,-64.870738,-3.0862100000000017,6
9045,-64.870838,-3.086189999999996,6
9046,-64.871539,-3.085865000000002,6
9047,-64.87143,-3.085982999999998,6
9048,-64.871457,-3.085843999999996,6
9049,-64.871535,-3.085918000000007,6
9050,-64.871308,-3.085929000000007,6
9051,-64.871415,-3.0859149999999933,6
9052,-64.871566,-3.083909000000003,6
9053,-64.87255,-3.084330999999997,6
9054,-64.872654,-3.0843460000000023,6
9055,-64.872629,-3.084238999999999,6
9056,-64.872814,-3.084288000000006,6
9057,-64.873006,-3.084518999999994,6
9058,-64.872928,-3.0844290000000028,6
9059,-64.872799,-3.0848449999999974,6
9060,-64.874679,-3.083043000000008,6
9061,-64.87466,-3.083048,6
9062,-64.8747,-3.082977000000005,6
9063,-64.874694,-3.083060000000005,6
9064,-64.873731,-3.082440000000004,6
9065,-64.873477,-3.0823130000000023,6
9066,-64.87351,-3.082358999999998,6
9067,-64.873719,-3.082571000000007,6
9068,-64.872913,-3.070165000000007,6
9069,-64.872771,-3.069582000000007,6
9070,-64.872752,-3.0695639999999926,6
9071,-64.872692,-3.069570000000001,6
9072,-64.872742,-3.0695920000000005,6
9073,-64.871958,-3.070087000000008,6
9074,-64.872786,-3.0696029999999985,6
9075,-64.873979,-3.066558000000003,6
9076,-64.874051,-3.066445000000007,6
9077,-64.885764,-3.062785999999993,4
9078,-64.887135,-3.064407000000004,4
9079,-64.887144,-3.064159999999998,4
9080,-64.887037,-3.0639799999999955,4
9081,-64.880438,-3.060058000000005,6
9082,-64.880377,-3.059829,6
9083,-64.880393,-3.060062999999994,6
9084,-64.88038,-3.0600439999999955,6
9085,-64.880327,-3.060301999999996,6
9086,-64.881722,-3.058199999999996,6
9087,-64.885123,-3.0589060000000026,4
9088,-64.885074,-3.058844999999998,4
9089,-64.885027,-3.058845000000007,4
9090,-64.885027,-3.058961999999995,4
9091,-64.885135,-3.0588590000000075,4
9092,-64.885021,-3.0589500000000065,4
9093,-64.885093,-3.0588929999999914,4
9094,-64.88511500000001,-3.058857000000005,4
9095,-64.88494,-3.058883000000008,4
9096,-64.884417,-3.0600060000000044,4
9097,-64.884473,-3.059925000000008,4
9098,-64.884238,-3.059968000000004,4
9099,-64.884475,-3.0599580000000035,4
9100,-64.883607,-3.059061999999993,4
9101,-64.887159,-3.0598050000000065,4
9102,-64.886997,-3.0598079999999914,4
9103,-64.887052,-3.059866999999998,4
9104,-64.887076,-3.059860999999996,4
9105,-64.887162,-3.0599900000000027,4
9106,-64.886888,-3.0598149999999937,4
9107,-64.887213,-3.0599270000000014,4
9108,-64.887163,-3.059854999999995,4
9109,-64.887246,-3.0599390000000053,4
9110,-64.887127,-3.059845999999997,4
9111,-64.887057,-3.0598570000000005,4
9112,-64.88715200000001,-3.059819,4
9113,-64.887038,-3.0600319999999943,4
9114,-64.887072,-3.059834999999992,4
9115,-64.887204,-3.0595939999999984,4
9116,-64.8873,-3.0598930000000006,4
9117,-64.887095,-3.0599129999999923,4
9118,-64.887168,-3.059873999999997,4
9119,-64.879391,-3.0640309999999946,6
9120,-64.877503,-3.064387000000003,6
9121,-64.879545,-3.0693140000000088,6
9122,-64.879275,-3.069430999999996,6
9123,-64.884911,-3.0660559999999943,4
9124,-64.886355,-3.064389999999994,4
9125,-64.886229,-3.064469999999993,4
9126,-64.886361,-3.064455000000001,4
9127,-64.886315,-3.064597999999996,4
9128,-64.886351,-3.0644310000000017,4
9129,-64.886279,-3.064499999999998,4
9130,-64.886346,-3.0643950000000006,4
9131,-64.886427,-3.0644129999999974,4
9132,-64.886444,-3.064367999999998,4
9133,-64.88671800000002,-3.063591000000007,4
9134,-64.886681,-3.063666999999993,4
9135,-64.874765,-3.062147000000005,6
9136,-64.874501,-3.060415999999993,6
9137,-64.874494,-3.060475000000003,6
9138,-64.874419,-3.0604789999999937,6
9139,-64.874497,-3.060470999999996,6
9140,-64.874309,-3.060512999999994,6
9141,-64.874519,-3.060481000000005,6
9142,-64.874433,-3.060438999999997,6
9143,-64.874305,-3.060415,6
9144,-64.874504,-3.0604850000000035,6
9145,-64.874432,-3.0605199999999955,6
9146,-64.874403,-3.060409,6
9147,-64.874488,-3.060444999999993,6
9148,-64.874399,-3.0606600000000075,6
9149,-64.874438,-3.0604770000000032,6
9150,-64.874441,-3.0605670000000003,6
9151,-64.874489,-3.060416000000005,6
9152,-64.874536,-3.0605460000000018,6
9153,-64.874085,-3.060717999999993,6
9154,-64.874497,-3.059902999999997,6
9155,-64.874244,-3.059801999999995,6
9156,-64.874291,-3.0598189999999934,6
9157,-64.874301,-3.059764999999999,6
9158,-64.877094,-3.0613530000000044,6
9159,-64.876984,-3.0615029999999983,6
9160,-64.877222,-3.0612639999999915,6
9161,-64.877003,-3.0612190000000017,6
9162,-64.877068,-3.061222000000001,6
9163,-64.877401,-3.061220000000008,6
9164,-64.877613,-3.061625000000006,6
9165,-64.877506,-3.061439000000005,6
9166,-64.878907,-3.0630689999999965,6
9167,-64.878903,-3.0629780000000024,6
9168,-64.878597,-3.063045000000004,6
9169,-64.87888,-3.063126000000005,6
9170,-64.879861,-3.062905999999991,6
9171,-64.879555,-3.063883999999995,6
9172,-64.880077,-3.063727000000007,6
9173,-64.880816,-3.0707969999999976,6
9174,-64.880725,-3.070776000000004,6
9175,-64.880946,-3.070873,6
9176,-64.88083,-3.070685000000001,6
9177,-64.880791,-3.0716199999999927,6
9178,-64.881165,-3.0715299999999983,6
9179,-64.876861,-3.0821999999999936,6
9180,-64.876577,-3.082266000000005,6
9181,-64.879218,-3.0872039999999927,6
9182,-64.879338,-3.0871470000000065,6
9183,-64.878493,-3.088175000000001,6
9184,-64.879132,-3.086977000000008,6
9185,-64.879163,-3.086973000000001,6
9186,-64.8791,-3.087193999999999,6
9187,-64.878641,-3.0864670000000003,6
9188,-64.878548,-3.0815879999999938,6
9189,-64.880838,-3.0737599999999965,6
9190,-64.880733,-3.073715,6
9191,-64.880113,-3.0787849999999986,6
9192,-64.877877,-3.0778899999999974,6
9193,-64.877614,-3.077912000000005,6
9194,-64.877933,-3.077831999999998,6
9195,-64.877844,-3.077799999999993,6
9196,-64.878004,-3.077696,6
9197,-64.87770800000001,-3.077884999999993,6
9198,-64.877423,-3.075589000000001,6
9199,-64.879902,-3.0744649999999925,6
9200,-64.885997,-3.0698280000000056,4
9201,-64.885903,-3.070376000000002,4
9202,-64.885913,-3.070952999999997,4
9203,-64.886128,-3.070986999999997,4
9204,-64.886024,-3.070873000000002,4
9205,-64.88922,-3.073132,4
9206,-64.889301,-3.0732089999999936,4
9207,-64.889184,-3.073298999999992,4
9208,-64.889188,-3.073263999999992,4
9209,-64.888803,-3.073318000000007,4
9210,-64.88929,-3.0732150000000047,4
9211,-64.889952,-3.0736520000000054,4
9212,-64.889513,-3.073317000000004,4
9213,-64.891531,-3.0691460000000066,4
9214,-64.891496,-3.0690409999999937,4
9215,-64.891486,-3.069054999999996,4
9216,-64.89154,-3.069083999999996,4
9217,-64.891545,-3.069030999999992,4
9218,-64.891534,-3.069085000000004,4
9219,-64.891497,-3.069084999999998,4
9220,-64.891553,-3.069041999999994,4
9221,-64.891536,-3.069088000000005,4
9222,-64.891645,-3.0691010000000016,4
9223,-64.888682,-3.066869999999993,4
9224,-64.888685,-3.0669790000000066,4
9225,-64.888625,-3.0668810000000035,4
9226,-64.888616,-3.066796000000003,4
9227,-64.888595,-3.066850000000001,4
9228,-64.889738,-3.0689389999999936,4
9229,-64.889702,-3.0687120000000045,4
9230,-64.891131,-3.068442000000001,4
9231,-64.899846,-3.0664159999999967,4
9232,-64.903668,-3.065279999999993,4
9233,-64.903593,-3.0653010000000007,4
9234,-64.903585,-3.065271000000008,4
9235,-64.903662,-3.0654060000000065,4
9236,-64.90204,-3.065854000000008,4
9237,-64.901931,-3.065796000000001,4
9238,-64.90212,-3.065909,4
9239,-64.90211,-3.065874999999998,4
9240,-64.898609,-3.077358000000008,4
9241,-64.899249,-3.076321999999996,4
9242,-64.89797,-3.0777559999999995,4
9243,-64.898752,-3.077082999999998,4
9244,-64.900665,-3.074580000000004,4
9245,-64.897732,-3.079276999999998,4
9246,-64.897832,-3.079384999999997,4
9247,-64.898737,-3.0771239999999938,4
9248,-64.898628,-3.0773379999999992,4
9249,-64.893584,-3.079287000000003,4
9250,-64.893463,-3.079390999999999,4
9251,-64.893382,-3.0791670000000035,4
9252,-64.89344,-3.0791250000000066,4
9253,-64.893034,-3.079619,4
9254,-64.890836,-3.089298999999991,4
9255,-64.890909,-3.089614999999992,4
9256,-64.890778,-3.0898069999999955,4
9257,-64.891412,-3.086768000000003,4
9258,-64.891916,-3.0842309999999946,4
9259,-64.891981,-3.0839699999999954,4
9260,-64.892201,-3.084009999999996,4
9261,-64.892384,-3.082595000000007,4
9262,-64.891343,-3.0867429999999985,4
9263,-64.891327,-3.0865689999999923,4
9264,-64.891317,-3.0866910000000027,4
9265,-64.891285,-3.086758999999996,4
9266,-64.89133,-3.086655999999999,4
9267,-64.891324,-3.086780000000006,4
9268,-64.887918,-3.083539000000001,4
9269,-64.888313,-3.079892000000006,4
9270,-64.888237,-3.0799029999999985,4
9271,-64.888286,-3.0798690000000004,4
9272,-64.877548,-3.081115999999996,6
9273,-64.877815,-3.084557000000005,6
9274,-64.877798,-3.084599000000001,6
9275,-64.877829,-3.084438000000005,6
9276,-64.877773,-3.0844029999999947,6
9277,-64.877503,-3.0848440000000044,6
9278,-64.875623,-3.084079999999999,6
9279,-64.868278,-3.072867999999999,6
9280,-64.873328,-3.0742599999999927,6
9281,-64.869122,-3.072041999999999,6
9282,-64.86855,-3.072562999999996,6
9283,-64.869423,-3.071519999999994,6
9284,-64.86956,-3.0714200000000016,6
9285,-64.869385,-3.071256000000007,6
9286,-64.86957,-3.0712619999999924,6
9287,-64.870047,-3.0665500000000048,6
9288,-64.86436000000002,-3.0689579999999954,6
9289,-64.863159,-3.0702899999999933,6
9290,-64.86313,-3.070262,6
9291,-64.863018,-3.074074999999997,6
9292,-64.862822,-3.0741310000000013,6
9293,-64.862935,-3.0741650000000043,6
9294,-64.862771,-3.074247999999999,6
9295,-64.863211,-3.072751000000001,6
9296,-64.86310900000001,-3.072736000000008,6
9297,-64.864544,-3.071537000000005,6
9298,-64.868111,-3.075717999999992,6
9299,-64.870537,-3.078470000000006,6
9300,-64.870138,-3.078327999999992,6
9301,-64.875616,-3.0866010000000075,6
9302,-64.873648,-3.0877200000000067,6
9303,-64.873283,-3.087949999999996,6
9304,-64.873077,-3.087281999999997,6
9305,-64.869112,-3.086456,6
9306,-64.857055,-3.0878010000000056,6
9307,-64.844319,-3.0960819999999933,6
9308,-64.846504,-3.1001519999999925,6
9309,-64.855772,-3.0993310000000016,6
9310,-64.867319,-3.0914439999999943,6
9311,-64.867234,-3.0913890000000013,6
9312,-64.86737,-3.0913709999999925,6
9313,-64.866637,-3.0923569999999936,6
9314,-64.862217,-3.087149999999994,6
9315,-64.864677,-3.0833220000000043,6
9316,-64.859783,-3.076007999999992,6
9317,-64.85965,-3.075989999999994,6
9318,-64.858489,-3.0756819999999965,6
9319,-64.859386,-3.073834000000005,6
9320,-64.859133,-3.073444000000006,6
9321,-64.859672,-3.0686649999999944,6
9322,-64.860717,-3.0671189999999964,6
9323,-64.860431,-3.067136999999996,6
9324,-64.860615,-3.0671540000000053,6
9325,-64.860934,-3.067394000000005,6
9326,-64.860433,-3.067439000000008,6
9327,-64.860523,-3.067365999999992,6
9328,-64.860482,-3.0672139999999923,6
9329,-64.860801,-3.067179000000001,6
9330,-64.860473,-3.067284000000003,6
9331,-64.860509,-3.067315000000004,6
9332,-64.860566,-3.0671539999999946,6
9333,-64.864661,-3.066149999999994,6
9334,-64.865498,-3.066319999999994,6
9335,-64.865015,-3.0663129999999974,6
9336,-64.864823,-3.066220999999996,6
9337,-64.865301,-3.066460999999996,6
9338,-64.865484,-3.0664529999999988,6
9339,-64.869359,-3.065170999999991,6
9340,-64.880129,-3.0634360000000056,6
9341,-64.882543,-3.068129999999994,4
9342,-64.881067,-3.070757000000008,6
9343,-64.879331,-3.067869999999999,6
9344,-64.879109,-3.0678330000000016,6
9345,-64.886719,-3.0635869999999965,4
9346,-64.886759,-3.063664999999994,4
9347,-64.886672,-3.0637380000000043,4
9348,-64.881786,-3.0634090000000023,4
9349,-64.870656,-3.070537000000004,6
9350,-64.867739,-3.075292999999997,6
9351,-64.867629,-3.073458000000006,6
9352,-64.871623,-3.0667179999999923,6
9353,-64.880478,-3.063735000000006,6
9354,-64.880061,-3.063625999999998,6
9355,-64.880381,-3.063727000000001,6
9356,-64.880375,-3.063729999999996,6
9357,-64.881499,-3.064207999999991,6
9358,-64.882632,-3.063479000000003,4
9359,-64.882801,-3.063495999999992,4
9360,-64.880776,-3.079210000000003,6
9361,-64.88034500000002,-3.079487999999991,6
9362,-64.880189,-3.0792509999999966,6
9363,-64.87999,-3.079152000000008,6
9364,-64.88039200000001,-3.085652000000004,6
9365,-64.873041,-3.075044999999992,6
9366,-64.872957,-3.074984999999997,6
9367,-64.873046,-3.075142999999997,6
9368,-64.880192,-3.067590999999994,6
9369,-64.881105,-3.066362999999995,6
9370,-64.881052,-3.0665469999999915,6
9371,-64.881007,-3.0664840000000027,6
9372,-64.880925,-3.0665700000000067,6
9373,-64.884677,-3.063506999999995,4
9374,-64.883769,-3.0603340000000085,4
9375,-64.883809,-3.0603289999999963,4
9376,-64.883768,-3.060260999999996,4
9377,-64.883719,-3.0602319999999947,4
9378,-64.884348,-3.0630180000000053,4
9379,-64.884324,-3.063053999999997,4
9380,-64.884141,-3.0630779999999964,4
9381,-64.884405,-3.063044000000001,4
9382,-64.881127,-3.0656839999999983,6
9383,-64.881022,-3.065595999999998,6
9384,-64.881929,-3.0669040000000054,6
9385,-64.88416,-3.067695999999994,4
9386,-64.88413,-3.067578999999995,4
9387,-64.884124,-3.0676129999999926,4
9388,-64.887478,-3.0652779999999966,4
9389,-64.887853,-3.065127999999993,4
9390,-64.887519,-3.0651649999999915,4
9391,-64.887592,-3.065203999999996,4
9392,-64.887676,-3.065207999999993,4
9393,-64.883646,-3.065248999999993,4
9394,-64.882062,-3.065338999999996,6
9395,-64.88390700000001,-3.065365000000008,4
9396,-64.883842,-3.0653299999999937,4
9397,-64.885952,-3.064888000000004,4
9398,-64.885949,-3.064951000000008,4
9399,-64.884641,-3.0672400000000004,4
9400,-64.884514,-3.067338000000004,4
9401,-64.884465,-3.067222999999996,4
9402,-64.884639,-3.067244000000005,4
9403,-64.884517,-3.0673730000000035,4
9404,-64.884327,-3.067264000000008,4
9405,-64.884309,-3.0673220000000017,4
9406,-64.884327,-3.0672549999999914,4
9407,-64.884413,-3.067099000000008,4
9408,-64.883514,-3.0678570000000014,4
9409,-64.878849,-3.082213000000001,6
9410,-64.879002,-3.082304000000006,6
9411,-64.878892,-3.082264000000008,6
9412,-64.878446,-3.0827339999999945,6
9413,-64.880114,-3.087690999999994,6
9414,-64.880224,-3.087962000000006,6
9415,-64.870704,-3.0786969999999987,6
9416,-64.870526,-3.0787829999999983,6
9417,-64.870822,-3.078577000000008,6
9418,-64.870609,-3.078762000000001,6
9419,-64.870454,-3.0788780000000053,6
9420,-64.86829,-3.0720969999999985,6
9421,-64.86727,-3.069844999999999,6
9422,-64.860988,-3.077970000000008,6
9423,-64.857344,-3.075966000000002,6
9424,-64.85554,-3.075412000000004,6
9425,-64.859122,-3.060684000000008,6
9426,-64.859128,-3.0606169999999944,6
9427,-64.859175,-3.0606340000000043,6
9428,-64.858616,-3.0610409999999937,6
9429,-64.855681,-3.053327000000006,6
9430,-64.852583,-3.0552330000000043,6
9431,-64.85265,-3.055155999999997,6
9432,-64.852548,-3.055378999999999,6
9433,-64.852466,-3.0552139999999954,6
9434,-64.8506,-3.053559000000001,6
9435,-64.850649,-3.053576999999992,6
9436,-64.850784,-3.053410999999996,6
9437,-64.850863,-3.053542000000004,6
9438,-64.859769,-3.050212000000005,6
9439,-64.858275,-3.057539,6
9440,-64.851065,-3.0596080000000043,6
9441,-64.852145,-3.0573060000000005,6
9442,-64.85126,-3.0562430000000047,6
9443,-64.851321,-3.056309999999992,6
9444,-64.850937,-3.058351000000004,6
9445,-64.852269,-3.0519770000000026,6
9446,-64.851253,-3.055064000000008,6
9447,-64.85144800000002,-3.055221000000003,6
9448,-64.851139,-3.054774,6
9449,-64.851157,-3.0547870000000086,6
9450,-64.851275,-3.0551410000000034,6
9451,-64.851438,-3.0552140000000043,6
9452,-64.851173,-3.055275999999993,6
9453,-64.851255,-3.0552559999999915,6
9454,-64.851307,-3.0550770000000056,6
9455,-64.851004,-3.0548600000000063,6
9456,-64.851156,-3.054843000000001,6
9457,-64.850974,-3.054759000000007,6
9458,-64.850982,-3.054782000000003,6
9459,-64.851037,-3.054760000000004,6
9460,-64.851232,-3.055161000000008,6
9461,-64.851342,-3.055078000000001,6
9462,-64.851355,-3.055040999999993,6
9463,-64.851382,-3.0551300000000063,6
9464,-64.851501,-3.0548749999999942,6
9465,-64.851282,-3.055121000000007,6
9466,-64.852702,-3.051895,6
9467,-64.852645,-3.051804000000004,6
9468,-64.851147,-3.0547979999999955,6
9469,-64.851271,-3.0549510000000075,6
9470,-64.851351,-3.0551379999999986,6
9471,-64.85122,-3.054773999999995,6
9472,-64.852126,-3.056635999999993,6
9473,-64.85212,-3.0567329999999986,6
9474,-64.852101,-3.056725999999995,6
9475,-64.854468,-3.061970999999994,6
9476,-64.85210500000001,-3.066438999999995,6
9477,-64.847548,-3.0654959999999982,6
9478,-64.844536,-3.064407999999999,0
9479,-64.844652,-3.064298000000003,0
9480,-64.844511,-3.064004,0
9481,-64.844713,-3.0640060000000053,0
9482,-64.847025,-3.065290000000004,6
9483,-64.857291,-3.061783999999999,6
9484,-64.85728,-3.061819000000006,6
9485,-64.857209,-3.061964999999993,6
9486,-64.857214,-3.0600950000000045,6
9487,-64.855157,-3.058567000000002,6
9488,-64.859384,-3.0518470000000004,6
9489,-64.859395,-3.051793000000002,6
9490,-64.857861,-3.046415999999996,6
9491,-64.857925,-3.046415000000005,6
9492,-64.857827,-3.0462289999999976,6
9493,-64.858308,-3.046489000000007,6
9494,-64.875862,-3.039561000000003,4
9495,-64.864625,-3.0438890000000023,6
9496,-64.866667,-3.048111000000004,6
9497,-64.867347,-3.060752000000006,6
9498,-64.867423,-3.0605569999999966,6
9499,-64.867368,-3.0608699999999924,6
9500,-64.858511,-3.055056999999993,6
9501,-64.858521,-3.055091999999997,6
9502,-64.857717,-3.051987999999992,6
9503,-64.854126,-3.051562,6
9504,-64.853742,-3.0540929999999946,6
9505,-64.853728,-3.054012000000006,6
9506,-64.85377,-3.054182000000003,6
9507,-64.853753,-3.054068000000004,6
9508,-64.853777,-3.066571000000003,6
9509,-64.850479,-3.067291000000004,6
9510,-64.852455,-3.073308999999996,6
9511,-64.843574,-3.0722179999999915,0
9512,-64.843664,-3.072380000000003,0
9513,-64.84361,-3.0725780000000054,0
9514,-64.842713,-3.072789000000006,0
9515,-64.843819,-3.0766989999999965,0
9516,-64.843649,-3.0770559999999967,0
9517,-64.84424,-3.0759380000000003,0
9518,-64.84534300000001,-3.0750739999999928,6
9519,-64.850539,-3.0751200000000045,6
9520,-64.847716,-3.0655420000000047,6
9521,-64.835361,-3.060255999999993,0
9522,-64.835075,-3.061644999999993,0
9523,-64.835521,-3.0611469999999947,0
9524,-64.835558,-3.061708000000005,0
9525,-64.837206,-3.061599000000007,0
9526,-64.837347,-3.061682999999993,0
9527,-64.837154,-3.0616780000000072,0
9528,-64.83637,-3.061729999999999,0
9529,-64.83614,-3.062676000000001,0
9530,-64.837215,-3.0683960000000043,0
9531,-64.843547,-3.069363999999996,0
9532,-64.83954100000001,-3.065270999999999,0
9533,-64.84238,-3.0604629999999986,0
9534,-64.840854,-3.0601279999999966,0
9535,-64.840731,-3.0596759999999983,0
9536,-64.839488,-3.058124999999993,0
9537,-64.83954100000001,-3.057996000000003,0
9538,-64.839622,-3.0652130000000044,0
9539,-64.840569,-3.057710000000008,0
9540,-64.840553,-3.057621999999993,0
9541,-64.840599,-3.057635000000001,0
9542,-64.840679,-3.0575390000000047,0
9543,-64.840408,-3.0577010000000047,0
9544,-64.840815,-3.0575689999999933,0
9545,-64.840858,-3.057684000000001,0
9546,-64.849278,-3.066670000000006,6
9547,-64.85223400000001,-3.072263999999992,6
9548,-64.857951,-3.078131000000005,6
9549,-64.857783,-3.0780369999999992,6
9550,-64.857815,-3.078050000000008,6
9551,-64.857974,-3.078132000000008,6
9552,-64.858131,-3.0780420000000057,6
9553,-64.858122,-3.0794039999999967,6
9554,-64.864077,-3.0908450000000047,6
9555,-64.860152,-3.0892729999999937,6
9556,-64.860003,-3.089363000000003,6
9557,-64.860163,-3.089540000000006,6
9558,-64.861464,-3.090853999999999,6
9559,-64.873284,-3.093988999999995,6
9560,-64.87299,-3.093764999999993,6
9561,-64.87301,-3.0932289999999942,6
9562,-64.873155,-3.0937630000000014,6
9563,-64.869821,-3.0935390000000065,6
9564,-64.86683,-3.091517999999997,6
9565,-64.866769,-3.091417000000007,6
9566,-64.86653000000001,-3.091134999999999,6
9567,-64.854904,-3.0848770000000063,6
9568,-64.850085,-3.0826830000000056,6
9569,-64.847833,-3.079378000000004,6
9570,-64.847961,-3.079336000000002,6
9571,-64.850232,-3.0793470000000043,6
9572,-64.85174,-3.078329999999994,6
9573,-64.851662,-3.078219000000007,6
9574,-64.845486,-3.0718140000000043,6
9575,-64.832406,-3.064788999999992,0
9576,-64.832253,-3.064957,0
9577,-64.832156,-3.0650630000000048,0
9578,-64.832382,-3.064821000000004,0
9579,-64.832402,-3.0649389999999928,0
9580,-64.832372,-3.064949999999994,0
9581,-64.832437,-3.064972000000007,0
9582,-64.832346,-3.064889999999997,0
9583,-64.832331,-3.065055000000006,0
9584,-64.832264,-3.0651269999999977,0
9585,-64.832213,-3.065021999999999,0
9586,-64.832185,-3.065034000000005,0
9587,-64.832162,-3.0650310000000034,0
9588,-64.832341,-3.0650869999999983,0
9589,-64.832443,-3.065081,0
9590,-64.832246,-3.0651100000000007,0
9591,-64.832344,-3.0651040000000047,0
9592,-64.832438,-3.065054000000004,0
9593,-64.832313,-3.065039000000006,0
9594,-64.832421,-3.0649450000000016,0
9595,-64.832327,-3.064977999999993,0
9596,-64.832296,-3.0648930000000005,0
9597,-64.832211,-3.065030000000003,0
9598,-64.83221800000001,-3.065089999999996,0
9599,-64.832061,-3.0650359999999943,0
9600,-64.832432,-3.0649949999999926,0
9601,-64.83191,-3.065005,0
9602,-64.832266,-3.065065,0
9603,-64.832226,-3.065311999999995,0
9604,-64.834072,-3.064841999999994,0
9605,-64.835895,-3.063273999999998,0
9606,-64.835876,-3.063407000000006,0
9607,-64.836034,-3.063322999999998,0
9608,-64.835481,-3.063074999999993,0
9609,-64.8353,-3.0631389999999965,0
9610,-64.83535,-3.063082000000006,0
9611,-64.834993,-3.0650649999999966,0
9612,-64.833853,-3.0656509999999937,0
9613,-64.831887,-3.066275999999996,0
9614,-64.826826,-3.0690789999999986,0
9615,-64.82482,-3.070840999999992,0
9616,-64.82496,-3.070393000000007,0
9617,-64.823557,-3.0699919999999943,0
9618,-64.823687,-3.070012999999992,0
9619,-64.832111,-3.0648070000000027,0
9620,-64.832571,-3.0641590000000023,0
9621,-64.836256,-3.0614650000000045,0
9622,-64.837684,-3.061856999999992,0
9623,-64.837661,-3.0620850000000024,0
9624,-64.837858,-3.0620109999999947,0
9625,-64.838137,-3.0611399999999938,0
9626,-64.844695,-3.064843999999997,0
9627,-64.840439,-3.063954999999994,0
9628,-64.838646,-3.064743000000002,0
9629,-64.839635,-3.072683999999996,0
9630,-64.840977,-3.072090999999993,0
9631,-64.840979,-3.0721489999999982,0
9632,-64.840989,-3.0720489999999985,0
9633,-64.841203,-3.072129999999998,0
9634,-64.840864,-3.072244000000001,0
9635,-64.841388,-3.074444000000006,0
9636,-64.842078,-3.075165,0
9637,-64.841667,-3.0753409999999985,0
9638,-64.841843,-3.0752610000000056,0
9639,-64.841864,-3.0753030000000026,0
9640,-64.841905,-3.075299999999993,0
9641,-64.84174400000002,-3.075293000000003,0
9642,-64.841669,-3.0752909999999978,0
9643,-64.842042,-3.0751310000000043,0
9644,-64.841934,-3.0792149999999934,0
9645,-64.84203,-3.0792319999999944,0
9646,-64.84223,-3.0788399999999974,0
9647,-64.842215,-3.079164000000001,0
9648,-64.842076,-3.079191,0
9649,-64.842776,-3.087302000000003,0
9650,-64.845944,-3.095469999999996,6
9651,-64.842878,-3.1004339999999924,6
9652,-64.842827,-3.100516999999993,6
9653,-64.834227,-3.107001999999999,0
9654,-64.834327,-3.0994030000000032,0
9655,-64.836148,-3.099252000000004,0
9656,-64.836363,-3.099332,0
9657,-64.836564,-3.0992590000000058,0
9658,-64.836287,-3.099223999999992,0
9659,-64.835964,-3.0983650000000003,0
9660,-64.836717,-3.0930230000000023,0
9661,-64.843056,-3.0853590000000057,0
9662,-64.86020000000002,-3.062694999999999,6
9663,-64.859242,-3.0618789999999936,6
9664,-64.859302,-3.0617359999999967,6
9665,-64.858712,-3.0618919999999994,6
9666,-64.860987,-3.055473999999991,6
9667,-64.860956,-3.055532999999995,6
9668,-64.86352,-3.057577000000003,6
9669,-64.864306,-3.059288999999997,6
9670,-64.860716,-3.064301000000006,6
9671,-64.852048,-3.0587810000000064,6
9672,-64.852154,-3.0571339999999965,6
9673,-64.85864200000002,-3.0523470000000064,6
9674,-64.859147,-3.051915999999995,6
9675,-64.859261,-3.051733999999997,6
9676,-64.859174,-3.0518840000000047,6
9677,-64.863701,-3.0480190000000023,6
9678,-64.866946,-3.0466689999999987,6
9679,-64.878198,-3.0438679999999985,4
9680,-64.876455,-3.034787000000008,4
9681,-64.873197,-3.038266000000005,4
9682,-64.867517,-3.0470839999999977,6
9683,-64.867045,-3.0510070000000087,6
9684,-64.867324,-3.051105000000001,6
9685,-64.871905,-3.0497329999999985,4
9686,-64.875502,-3.048877000000006,4
9687,-64.870328,-3.0457460000000034,4
9688,-64.871129,-3.044965999999997,4
9689,-64.871142,-3.0451080000000057,4
9690,-64.871165,-3.0449690000000063,4
9691,-64.871208,-3.0449839999999964,4
9692,-64.870875,-3.0449179999999973,4
9693,-64.871055,-3.0448779999999984,4
9694,-64.871011,-3.044928999999994,4
9695,-64.866709,-3.0465210000000047,6
9696,-64.871058,-3.0448699999999933,4
9697,-64.873075,-3.0450369999999936,4
9698,-64.870118,-3.042565000000008,4
9699,-64.870054,-3.0425129999999987,4
9700,-64.872849,-3.042217999999992,4
9701,-64.87285800000001,-3.042323999999997,4
9702,-64.872909,-3.042220000000008,4
9703,-64.873512,-3.041946,4
9704,-64.875634,-3.0439509999999994,4
9705,-64.875689,-3.0439160000000056,4
9706,-64.875674,-3.043848999999994,4
9707,-64.873886,-3.042397000000003,4
9708,-64.875704,-3.0436459999999936,4
9709,-64.875685,-3.043593000000007,4
9710,-64.875698,-3.043608000000007,4
9711,-64.875677,-3.043586999999999,4
9712,-64.875715,-3.0436210000000017,4
9713,-64.875779,-3.0436619999999985,4
9714,-64.875766,-3.043592999999996,4
9715,-64.875781,-3.043727999999997,4
9716,-64.875692,-3.0435790000000007,4
9717,-64.875816,-3.043667999999996,4
9718,-64.87507,-3.0431629999999954,4
9719,-64.875801,-3.0436339999999924,4
9720,-64.875706,-3.043673000000004,4
9721,-64.875675,-3.043689000000005,4
9722,-64.875649,-3.043627999999996,4
9723,-64.875163,-3.0431850000000047,4
9724,-64.875204,-3.0432439999999943,4
9725,-64.87695,-3.0428720000000022,4
9726,-64.875663,-3.044085999999997,4
9727,-64.875049,-3.0431540000000084,4
9728,-64.874762,-3.0411050000000057,4
9729,-64.874388,-3.041060999999992,4
9730,-64.874734,-3.0410879999999967,4
9731,-64.874686,-3.041092999999993,4
9732,-64.874632,-3.041046999999991,4
9733,-64.874507,-3.040628000000003,4
9734,-64.881608,-3.0432199999999923,4
9735,-64.882849,-3.046137000000006,4
9736,-64.889049,-3.0555760000000074,4
9737,-64.888392,-3.056900000000005,4
9738,-64.888642,-3.056924000000002,4
9739,-64.888493,-3.056903999999998,4
9740,-64.88914400000002,-3.0572089999999963,4
9741,-64.893729,-3.053097000000001,4
9742,-64.907721,-3.042761999999997,4
9743,-64.907832,-3.0428449999999923,4
9744,-64.90785800000002,-3.0426899999999937,4
9745,-64.907857,-3.042797999999993,4
9746,-64.907698,-3.042810999999992,4
9747,-64.906835,-3.036439999999995,4
9748,-64.904209,-3.035371999999997,4
9749,-64.903517,-3.034822000000009,4
9750,-64.896025,-3.036267999999993,4
9751,-64.895304,-3.029968000000004,4
9752,-64.892329,-3.031805999999997,4
9753,-64.891533,-3.0324449999999987,4
9754,-64.893791,-3.034121,4
9755,-64.893817,-3.036742000000008,4
9756,-64.894406,-3.0369309999999983,4
9757,-64.894299,-3.037002000000005,4
9758,-64.896556,-3.0349460000000064,4
9759,-64.892805,-3.0432770000000016,4
9760,-64.892675,-3.043273,4
9761,-64.892686,-3.0432529999999915,4
9762,-64.89156,-3.046138000000004,4
9763,-64.891648,-3.0461749999999923,4
9764,-64.887262,-3.0469380000000035,4
9765,-64.882654,-3.050302999999999,4
9766,-64.877234,-3.0507640000000014,4
9767,-64.877279,-3.050833000000008,4
9768,-64.873478,-3.049142000000005,4
9769,-64.87088,-3.048987999999997,4
9770,-64.872198,-3.0471129999999924,4
9771,-64.872043,-3.0471900000000063,4
9772,-64.872019,-3.047233999999999,4
9773,-64.87213,-3.047288000000006,4
9774,-64.872032,-3.047258000000007,4
9775,-64.871996,-3.047284999999998,4
9776,-64.872045,-3.0472649999999954,4
9777,-64.871731,-3.047321999999991,4
9778,-64.871721,-3.0473759999999954,4
9779,-64.871751,-3.047283000000004,4
9780,-64.871739,-3.047322999999997,4
9781,-64.872015,-3.0472750000000017,4
9782,-64.871895,-3.0468549999999914,4
9783,-64.871969,-3.047178000000005,4
9784,-64.872058,-3.047165000000002,4
9785,-64.872035,-3.0472899999999963,4
9786,-64.872185,-3.047157000000006,4
9787,-64.872153,-3.047157000000001,4
9788,-64.871747,-3.047352999999993,4
9789,-64.872027,-3.047285000000007,4
9790,-64.871691,-3.0472940000000026,4
9791,-64.871712,-3.047628999999992,4
9792,-64.871709,-3.047696999999995,4
9793,-64.87168500000001,-3.0476819999999982,4
9794,-64.871804,-3.047361999999996,4
9795,-64.872018,-3.0472470000000067,4
9796,-64.867748,-3.0440759999999987,6
9797,-64.86715,-3.044538000000002,6
9798,-64.867103,-3.044564999999994,6
9799,-64.867217,-3.044628000000001,6
9800,-64.867259,-3.044679999999994,6
9801,-64.867196,-3.0445859999999976,6
9802,-64.86743,-3.0446949999999937,6
9803,-64.867626,-3.0444790000000084,6
9804,-64.867114,-3.044251000000005,6
9805,-64.866615,-3.043975999999996,6
9806,-64.859591,-3.051500999999991,6
9807,-64.858584,-3.054302999999992,6
9808,-64.861632,-3.058599999999997,6
9809,-64.864252,-3.057801999999995,6
9810,-64.864353,-3.0578730000000025,6
9811,-64.864421,-3.0579000000000067,6
9812,-64.864389,-3.0579060000000013,6
9813,-64.867325,-3.057295999999995,6
9814,-64.870587,-3.0589160000000035,6
9815,-64.870241,-3.0583210000000074,6
9816,-64.870197,-3.0580930000000013,6
9817,-64.872185,-3.050938999999994,4
9818,-64.872155,-3.050879000000005,4
9819,-64.872125,-3.050916999999992,4
9820,-64.872086,-3.0510929999999945,4
9821,-64.872107,-3.050997000000002,4
9822,-64.871641,-3.0507700000000018,4
9823,-64.871398,-3.050589999999994,4
9824,-64.870367,-3.0508369999999925,4
9825,-64.87081,-3.052648999999992,4
9826,-64.875308,-3.053172999999993,4
9827,-64.875806,-3.052864000000004,4
9828,-64.876295,-3.0523930000000083,4
9829,-64.87631,-3.0527149999999925,4
9830,-64.877728,-3.0529220000000032,4
9831,-64.877732,-3.0528809999999984,4
9832,-64.878155,-3.0527139999999964,4
9833,-64.878068,-3.052590999999992,4
9834,-64.87825,-3.050195,4
9835,-64.87305,-3.0463809999999927,4
9836,-64.872953,-3.0465179999999985,4
9837,-64.872966,-3.0465119999999963,4
9838,-64.873024,-3.0464239999999947,4
9839,-64.873046,-3.0463559999999967,4
9840,-64.872934,-3.046546000000008,4
9841,-64.873008,-3.0465040000000023,4
9842,-64.873025,-3.046443999999992,4
9843,-64.872995,-3.046527999999997,4
9844,-64.872934,-3.046614999999993,4
9845,-64.873036,-3.0465979999999964,4
9846,-64.872991,-3.046688,4
9847,-64.873057,-3.046615999999996,4
9848,-64.873078,-3.0463639999999983,4
9849,-64.873043,-3.046333000000004,4
9850,-64.87314,-3.046582000000002,4
9851,-64.873156,-3.046556999999998,4
9852,-64.87316,-3.0466,4
9853,-64.872901,-3.046689999999997,4
9854,-64.872995,-3.046423000000002,4
9855,-64.872965,-3.0465790000000053,4
9856,-64.87295,-3.0466579999999914,4
9857,-64.872882,-3.046676,4
9858,-64.87309,-3.046694999999993,4
9859,-64.873302,-3.0464429999999942,4
9860,-64.873084,-3.0465759999999964,4
9861,-64.87309,-3.0463939999999945,4
9862,-64.873153,-3.046558000000005,4
9863,-64.873084,-3.0465949999999973,4
9864,-64.873141,-3.046804000000004,4
9865,-64.873162,-3.046593000000002,4
9866,-64.873171,-3.046588999999993,4
9867,-64.873216,-3.046585999999991,4
9868,-64.873005,-3.046610000000004,4
9869,-64.877522,-3.049924999999997,4
9870,-64.877401,-3.049641999999992,4
9871,-64.877347,-3.049681000000008,4
9872,-64.877391,-3.049620000000005,4
9873,-64.877424,-3.0497850000000044,4
9874,-64.879148,-3.050921000000002,4
9875,-64.881649,-3.050953000000002,4
9876,-64.881662,-3.0508939999999964,4
9877,-64.881614,-3.0509380000000035,4
9878,-64.881572,-3.051227000000002,4
9879,-64.88132,-3.050723,4
9880,-64.881245,-3.050629999999992,4
9881,-64.881634,-3.050936999999992,4
9882,-64.881741,-3.0508880000000014,4
9883,-64.881787,-3.0511250000000003,4
9884,-64.881558,-3.050941999999996,4
9885,-64.88173900000001,-3.0511490000000023,4
9886,-64.881734,-3.0511849999999985,4
9887,-64.881614,-3.0509149999999936,4
9888,-64.88151600000002,-3.050820999999992,4
9889,-64.881642,-3.051006000000001,4
9890,-64.881642,-3.0511760000000026,4
9891,-64.881557,-3.0511220000000074,4
9892,-64.88179,-3.051138999999998,4
9893,-64.881663,-3.051191000000004,4
9894,-64.881587,-3.0511920000000066,4
9895,-64.882833,-3.053347999999992,4
9896,-64.883393,-3.054164000000007,4
9897,-64.883169,-3.054042000000003,4
9898,-64.883388,-3.054042000000001,4
9899,-64.883189,-3.0540739999999933,4
9900,-64.883298,-3.054009000000001,4
9901,-64.883367,-3.0538740000000013,4
9902,-64.883346,-3.053993999999994,4
9903,-64.883485,-3.054089000000001,4
9904,-64.883359,-3.0540639999999994,4
9905,-64.883339,-3.054213999999994,4
9906,-64.887712,-3.053891999999992,4
9907,-64.896898,-3.050594999999995,4
9908,-64.897019,-3.0505629999999933,4
9909,-64.896936,-3.0506850000000068,4
9910,-64.896922,-3.050310000000004,4
9911,-64.89549,-3.0504700000000007,4
9912,-64.892542,-3.0526540000000035,4
9913,-64.892552,-3.052777999999996,4
9914,-64.893079,-3.051901999999992,4
9915,-64.892141,-3.053965000000008,4
9916,-64.892197,-3.053993999999992,4
9917,-64.892196,-3.0539239999999945,4
9918,-64.892838,-3.053848000000006,4
9919,-64.89230900000001,-3.053905000000005,4
9920,-64.893085,-3.0544970000000013,4
9921,-64.909056,-3.0474660000000013,4
9922,-64.910172,-3.047301,4
9923,-64.910141,-3.047338999999991,4
9924,-64.904489,-3.053557000000004,4
9925,-64.904533,-3.053419000000005,4
9926,-64.904539,-3.0533899999999963,4
9927,-64.900649,-3.0517939999999952,4
9928,-64.900753,-3.048941999999996,4
9929,-64.90079,-3.049003000000003,4
9930,-64.900809,-3.0490229999999987,4
9931,-64.900804,-3.048987999999998,4
9932,-64.900857,-3.049058999999996,4
9933,-64.900798,-3.0489869999999955,4
9934,-64.900807,-3.048999000000008,4
9935,-64.900888,-3.0489679999999946,4
9936,-64.90077,-3.048921000000005,4
9937,-64.903098,-3.0461949999999924,4
9938,-64.897166,-3.0431689999999967,4
9939,-64.895161,-3.043504999999996,4
9940,-64.895212,-3.0434570000000054,4
9941,-64.895183,-3.0434640000000006,4
9942,-64.89525,-3.043444,4
9943,-64.89551,-3.0433229999999942,4
9944,-64.883459,-3.042917000000007,4
9945,-64.880369,-3.051254000000007,4
9946,-64.879436,-3.0499589999999963,4
9947,-64.877888,-3.0497159999999943,4
9948,-64.877971,-3.050367999999999,4
9949,-64.877953,-3.0503089999999995,4
9950,-64.87789,-3.050308000000001,4
9951,-64.877541,-3.0492120000000025,4
9952,-64.87761,-3.049558000000004,4
9953,-64.877574,-3.0502070000000026,4
9954,-64.877724,-3.0502949999999944,4
9955,-64.877895,-3.050228000000002,4
9956,-64.877547,-3.050149000000001,4
9957,-64.877968,-3.050184999999995,4
9958,-64.878005,-3.050078000000006,4
9959,-64.877175,-3.0506489999999955,4
9960,-64.87691,-3.0522819999999964,4
9961,-64.875345,-3.052324,4
9962,-64.874898,-3.052333999999993,4
9963,-64.874821,-3.052251000000006,4
9964,-64.874796,-3.0522849999999924,4
9965,-64.874807,-3.052302999999996,4
9966,-64.874809,-3.0522660000000035,4
9967,-64.874852,-3.052232999999998,4
9968,-64.874825,-3.0522530000000008,4
9969,-64.874834,-3.0522280000000066,4
9970,-64.874906,-3.052229000000006,4
9971,-64.874859,-3.052216,4
9972,-64.874123,-3.051754999999996,4
9973,-64.8726,-3.046138999999997,4
9974,-64.876448,-3.054190000000005,4
9975,-64.875623,-3.0549839999999944,4
9976,-64.875945,-3.056000999999992,6
9977,-64.875984,-3.0559290000000066,6
9978,-64.876351,-3.056191000000008,6
9979,-64.876617,-3.0562,6
9980,-64.87646,-3.056244999999998,6
9981,-64.87631,-3.0560370000000074,6
9982,-64.874814,-3.052757000000003,4
9983,-64.879378,-3.054465999999999,4
9984,-64.879445,-3.054214999999996,4
9985,-64.879514,-3.0542160000000025,4
9986,-64.879433,-3.054260000000005,4
9987,-64.879064,-3.0552409999999983,4
9988,-64.87900800000001,-3.055240999999999,4
9989,-64.879069,-3.0552040000000016,4
9990,-64.879109,-3.054662000000005,4
9991,-64.879538,-3.054229999999996,4
9992,-64.87954,-3.054208999999992,4
9993,-64.879438,-3.054127999999995,4
9994,-64.879455,-3.0542299999999947,4
9995,-64.883285,-3.053308999999991,4
9996,-64.883201,-3.053466999999997,4
9997,-64.883348,-3.053308999999996,4
9998,-64.88333400000002,-3.0532879999999927,4
9999,-64.875422,-3.054719999999997,4
10000,-64.8731,-3.055356000000001,4
10001,-64.875586,-3.059816999999996,6
10002,-64.868993,-3.059351000000004,6
10003,-64.868549,-3.054653000000009,6
10004,-64.868586,-3.0548689999999925,6
10005,-64.868584,-3.054760000000005,6
10006,-64.86853,-3.0547899999999992,6
10007,-64.872614,-3.050569999999997,4
10008,-64.870969,-3.0489310000000067,4
10009,-64.872379,-3.0442550000000046,4
10010,-64.87699,-3.0443919999999984,4
10011,-64.884568,-3.039818999999995,4
10012,-64.884281,-3.039784999999999,4
10013,-64.88449,-3.039848999999996,4
10014,-64.884389,-3.0398760000000054,4
10015,-64.884704,-3.039791000000006,4
10016,-64.884493,-3.0398389999999966,4
10017,-64.884584,-3.0398059999999982,4
10018,-64.884414,-3.039899000000004,4
10019,-64.88447000000001,-3.039792999999998,4
10020,-64.873086,-3.044106,4
10021,-64.871237,-3.041482000000006,4
10022,-64.871244,-3.041417000000006,4
10023,-64.87127,-3.0415669999999992,4
10024,-64.870943,-3.0418739999999964,4
10025,-64.868545,-3.0404419999999948,4
10026,-64.870661,-3.033926000000004,4
10027,-64.882793,-3.029261999999997,4
10028,-64.882786,-3.029324999999992,4
10029,-64.882747,-3.0293019999999964,4
10030,-64.882739,-3.029417000000004,4
10031,-64.875792,-3.033341000000001,4
10032,-64.876316,-3.040270999999997,4
10033,-64.878278,-3.040905999999999,4
10034,-64.878267,-3.041007000000008,4
10035,-64.896087,-3.035403999999992,4
10036,-64.891659,-3.032760000000007,4
10037,-64.891264,-3.0335700000000063,4
10038,-64.891102,-3.0332679999999987,4
10039,-64.891131,-3.0329569999999992,4
10040,-64.890957,-3.0329080000000053,4
10041,-64.888157,-3.036721000000005,4
10042,-64.888247,-3.0367130000000007,4
10043,-64.888363,-3.0367820000000028,4
10044,-64.888345,-3.036775000000004,4
10045,-64.888379,-3.0367369999999947,4
10046,-64.888237,-3.0369270000000035,4
10047,-64.888369,-3.0367459999999933,4
10048,-64.883896,-3.0361809999999965,4
10049,-64.887737,-3.0354120000000075,4
10050,-64.886614,-3.037042999999999,4
10051,-64.88661,-3.039275999999992,4
10052,-64.886706,-3.039162999999996,4
10053,-64.886576,-3.039204000000002,4
10054,-64.886674,-3.039122,4
10055,-64.886685,-3.039238999999996,4
10056,-64.886453,-3.039274999999998,4
10057,-64.886405,-3.038992000000001,4
10058,-64.886646,-3.042150999999993,4
10059,-64.883854,-3.043088999999998,4
10060,-64.883375,-3.0433980000000003,4
10061,-64.885446,-3.0482279999999977,4
10062,-64.888802,-3.0485740000000043,4
10063,-64.888848,-3.0485209999999987,4
10064,-64.888825,-3.0486229999999925,4
10065,-64.888714,-3.048591000000004,4
10066,-64.888925,-3.048601000000001,4
10067,-64.892763,-3.047212,4
10068,-64.895846,-3.040476000000004,4
10069,-64.89682,-3.038555000000004,4
10070,-64.896778,-3.0384459999999924,4
10071,-64.896885,-3.0384299999999995,4
10072,-64.896875,-3.0384679999999964,4
10073,-64.896824,-3.0384080000000067,4
10074,-64.896833,-3.038422,4
10075,-64.896915,-3.037571000000004,4
10076,-64.903099,-3.0350170000000087,4
10077,-64.904802,-3.0452160000000066,4
10078,-64.903316,-3.051410000000005,4
10079,-64.903385,-3.051563999999993,4
10080,-64.903283,-3.0515150000000006,4
10081,-64.903351,-3.051464000000008,4
10082,-64.903308,-3.051542999999996,4
10083,-64.903377,-3.0516029999999983,4
10084,-64.900925,-3.0479380000000043,4
10085,-64.898968,-3.034811999999992,4
10086,-64.902752,-3.024481999999999,4
10087,-64.8951,-3.022680999999996,4
10088,-64.896404,-3.0224260000000065,4
10089,-64.895163,-3.0220429999999943,4
10090,-64.901771,-3.0443129999999923,4
10091,-64.89784,-3.0493850000000005,4
10092,-64.8974,-3.040344999999997,4
10093,-64.891192,-3.036283000000008,4
10094,-64.891345,-3.0362819999999995,4
10095,-64.895254,-3.022169,4
10096,-64.895275,-3.022119000000007,4
10097,-64.89519,-3.022102000000004,4
10098,-64.895235,-3.022004999999997,4
10099,-64.89528,-3.0228009999999985,4
10100,-64.895281,-3.0226930000000003,4
10101,-64.895301,-3.0229249999999954,4
10102,-64.890756,-3.029158000000008,4
10103,-64.890802,-3.029281000000005,4
10104,-64.89082,-3.0293489999999945,4
10105,-64.886385,-3.033212999999998,4
10106,-64.862254,-3.0672519999999928,6
10107,-64.86831,-3.068217000000001,6
10108,-64.8722178648289,-3.061051696883921,6
10109,-64.87237643983403,-3.0607530253659165,6
10110,-64.87244164960913,-3.060590150991714,6
10111,-64.871485,-3.0689229999999954,6
10112,-64.871409,-3.0690779999999984,6
10113,-64.871558,-3.068931000000003,6
10114,-64.87274485823731,-3.0603816478961963,6
10115,-64.87267675763333,-3.060336556312884,6
10116,-64.871392,-3.0689329999999915,6
10117,-64.871889,-3.0685890000000007,6
10118,-64.871771,-3.068665999999995,6
10119,-64.871818,-3.068697999999996,6
10120,-64.871549,-3.0689760000000046,6
10121,-64.87279079883888,-3.060291145100434,6
10122,-64.87273336369663,-3.0602369925842328,6
10123,-64.87269230987576,-3.060228022406493,6
10124,-64.87266616915491,-3.060228068276611,6
10125,-64.8726445571622,-3.0602461906358926,6
10126,-64.87260187964054,-3.060273392177185,6
10127,-64.871406,-3.0689680000000066,6
10128,-64.871789,-3.0693360000000025,6
10129,-64.871365,-3.069343000000001,6
10130,-64.871339,-3.0692629999999914,6
10131,-64.87277504248839,-3.060282130533293,6
10132,-64.87272240145906,-3.060237011820644,6
10133,-64.87268331521918,-3.060228038189832,6
10134,-64.87265381720202,-3.0602371321689725,6
10135,-64.8726136537285,-3.0602552870805386,6
10136,-64.871398,-3.0701019999999994,6
10137,-64.87270730147964,-3.0602822494070465,6
10138,-64.87268787534931,-3.06026419905983,6
10139,-64.87265336493797,-3.060300428489546,6
10140,-64.874572,-3.068400999999996,6
10141,-64.874638,-3.0683040000000057,6
10142,-64.87277018711532,-3.0603996878816058,6
10143,-64.876479,-3.066477999999995,6
10144,-64.877662,-3.068416999999997,6
10145,-64.87281658152028,-3.0604086486793416,6
10146,-64.875416,-3.0801229999999973,6
10147,-64.875691,-3.0803759999999984,6
10148,-64.87292242420025,-3.060336125189495,6
10149,-64.87283750572531,-3.060318189786042,6
10150,-64.87532,-3.081158000000002,6
10151,-64.875386,-3.081148000000007,6
10152,-64.875429,-3.081124999999993,6
10153,-64.875456,-3.081069000000003,6
10154,-64.875428,-3.0801710000000018,6
10155,-64.87295245297271,-3.060308945837982,6
10156,-64.87281633028825,-3.0602639736436426,6
10157,-64.871026,-3.077350999999993,6
10158,-64.870978,-3.077448,6
10159,-64.870945,-3.077395000000005,6
10160,-64.87284390782652,-3.06028200968213,6
10161,-64.870942,-3.0774420000000045,6
10162,-64.87283850444211,-3.0602458502959062,6
10163,-64.8727465745982,-3.060236969401742,6
10164,-64.870979,-3.077379000000005,6
10165,-64.870921,-3.077389999999999,6
10166,-64.870983,-3.077477,6
10167,-64.870802,-3.077441999999993,6
10168,-64.871045,-3.077431999999995,6
10169,-64.87288658533637,-3.0602548081347183,6
10170,-64.87277719694501,-3.060227873447511,6
10171,-64.870975,-3.0774149999999927,6
10172,-64.87281123939103,-3.060245898142928,6
10173,-64.87273336369663,-3.0602369925842328,6
10174,-64.871035,-3.0773670000000064,6
10175,-64.871024,-3.0773170000000003,6
10176,-64.87102,-3.077376,6
10177,-64.870455,-3.0770809999999984,6
10178,-64.870591,-3.077090999999996,6
10179,-64.871138,-3.0773329999999928,6
10180,-64.871015,-3.077418999999996,6
10181,-64.870935,-3.0774420000000053,6
10182,-64.870835,-3.077402999999998,6
10183,-64.87289893728578,-3.060245744240746,6
10184,-64.87281059871817,-3.0602006881805552,6
10185,-64.87274737074469,-3.060209841351676,6
10186,-64.872676584927,-3.0602370922177613,6
10187,-64.871078,-3.077503000000003,6
10188,-64.870404,-3.0770449999999925,6
10189,-64.870376,-3.0770620000000046,6
10190,-64.87279782591432,-3.0602911327687465,6
10191,-64.870595,-3.0770060000000035,6
10192,-64.870473,-3.0770860000000027,6
10193,-64.8728205308317,-3.060254924054877,6
10194,-64.87274849507672,-3.060209839378707,6
10195,-64.87270099204842,-3.060209922735611,6
10196,-64.87267346161326,-3.060219013262279,6
10197,-64.87266028211162,-3.0602371208248504,6
10198,-64.87265189672138,-3.0602642621933245,6
10199,-64.87262725561536,-3.0603185587412307,6
10200,-64.874321,-3.0707079999999944,6
10201,-64.876596,-3.066574999999993,6
10202,-64.877071,-3.0663139999999984,6
10203,-64.8768,-3.065893,6
10204,-64.86797,-3.068268999999994,6
10205,-64.87271545288748,-3.060282235102964,6
10206,-64.864202,-3.0720529999999933,6
10207,-64.87268414276791,-3.0602189945197096,6
10208,-64.864166,-3.071975000000008,6
10209,-64.87272405655581,-3.060218924480745,6
10210,-64.87268467353346,-3.060200909152382,6
10211,-64.8726540354849,-3.0602009629133726,6
10212,-64.87262395960184,-3.060201015687068,6
10213,-64.87256298028429,-3.060210164902568,6
10214,-64.864379,-3.072087999999995,6
10215,-64.864332,-3.0719419999999977,6
10216,-64.8727348476163,-3.06028220106886,6
10217,-64.87268654843747,-3.060309412478078,6
10218,-64.867126,-3.056439000000001,6
10219,-64.87277805900126,-3.0605624339813806,6
10220,-64.890989,-3.052768999999994,4
10221,-64.890343,-3.047589999999991,4
10222,-64.890424,-3.047329000000001,4
10223,-64.8728886377912,-3.06095105523206,6
10224,-64.90478900000001,-3.043652999999999,4
10225,-64.904883,-3.043649999999998,4
10226,-64.87288779616969,-3.0611138166120417,6
10227,-64.904899,-3.043413000000001,4
10228,-64.904826,-3.0436060000000014,4
10229,-64.904715,-3.043645000000008,4
10230,-64.87281329340968,-3.0611049051773493,6
10231,-64.898058,-3.040613999999999,4
10232,-64.898082,-3.040467999999998,4
10233,-64.87281238733668,-3.061068737899057,6
10234,-64.900857,-3.041406000000002,4
10235,-64.901031,-3.041260999999996,4
10236,-64.902226,-3.0416069999999995,4
10237,-64.902298,-3.041375999999995,4
10238,-64.87265112091539,-3.060788712205175,6
10239,-64.87268200709228,-3.060607813639963,6
10240,-64.87271339418687,-3.0605535052497874,6
10241,-64.895751,-3.052972999999992,4
10242,-64.87267393264024,-3.0604902789763684,6
10243,-64.87265492736014,-3.060390847929076,6
10244,-64.87260651827039,-3.060354764003184,6
10245,-64.8703,-3.0634950000000027,6
10246,-64.87008000000002,-3.063529999999992,6
10247,-64.870416,-3.063382000000003,6
10248,-64.870268,-3.0633759999999994,6
10249,-64.8727919247236,-3.0604539030379923,6
10250,-64.891114,-3.052655999999996,4
10251,-64.87273964327358,-3.06045399478923,6
10252,-64.87273786256429,-3.0603997446081617,6
10253,-64.87274830974278,-3.0604268529273324,6
10254,-64.87278952059657,-3.0605262449963906,6
10255,-64.895656,-3.053193999999993,4
10256,-64.87284901916065,-3.0607974070861443,6
10257,-64.895515,-3.053201999999997,4
10258,-64.89589,-3.0531109999999995,4
10259,-64.895668,-3.0535090000000027,4
10260,-64.895104,-3.0537080000000065,4
10261,-64.895198,-3.053685999999994,4
10262,-64.87278305884674,-3.060851776163448,6
10263,-64.892088,-3.053717000000004,4
10264,-64.8858,-3.052536000000005,4
10265,-64.879999,-3.050376000000003,4
10266,-64.865481,-3.0529549999999945,6
10267,-64.858918,-3.0521129999999945,6
10268,-64.87243057447219,-3.060201354996784,6
10269,-64.85843100000001,-3.0523070000000025,6
10270,-64.858551,-3.051238000000002,6
10271,-64.858409,-3.0511610000000005,6
10272,-64.858364,-3.0512300000000026,6
10273,-64.858288,-3.051187999999996,6
10274,-64.85699,-3.047584999999992,6
10275,-64.87251967779768,-3.060201198662208,6
10276,-64.87254019685938,-3.060201162659816,6
10277,-64.87253260761742,-3.060201175975815,6
10278,-64.87249883055699,-3.06017410858316,6
10279,-64.87241158493072,-3.060110966119514,6
10280,-64.857187,-3.059549000000004,6
10281,-64.857367,-3.059595999999998,6
10282,-64.857226,-3.0596560000000026,6
10283,-64.857133,-3.059341000000003,6
10284,-64.857208,-3.0594279999999965,6
10285,-64.87246238247005,-3.060065665902311,6
10286,-64.85729,-3.059574000000002,6
10287,-64.857365,-3.0595100000000053,6
10288,-64.8724905378649,-3.0600927431619622,6
10289,-64.858658,-3.062982000000005,6
10290,-64.87247336040527,-3.0600746888612047,6
10291,-64.858564,-3.0627340000000056,6
10292,-64.858671,-3.062835999999997,6
10293,-64.858575,-3.062867000000005,6
10294,-64.858592,-3.062883000000005,6
10295,-64.858846,-3.063004999999994,6
10296,-64.858506,-3.062652999999996,6
10297,-64.858563,-3.062759000000005,6
10298,-64.860236,-3.0688590000000047,6
10299,-64.874696,-3.064568999999995,6
10300,-64.87279246963544,-3.060282099950969,6
10301,-64.8727559759469,-3.0603092906450264,6
10302,-64.877823,-3.0820300000000054,6
10303,-64.877899,-3.082730999999992,6
10304,-64.87290896362144,-3.0603542332467155,6
10305,-64.8728214996952,-3.0603272600927744,6
10306,-64.877943,-3.082905999999996,6
10307,-64.878619,-3.088842999999992,6
10308,-64.872852387423,-3.0603091214523785,6
10309,-64.864878,-3.068752999999993,6
10310,-64.87282273239103,-3.0602277935395827,6
10311,-64.87279374943975,-3.060209759965728,6
10312,-64.8727856294351,-3.060227858649893,6
10313,-64.87277760363844,-3.0603002104738226,6
10314,-64.878342,-3.088838000000002,6
10315,-64.877179,-3.084648000000007,6
10316,-64.876981,-3.084801000000003,6
10317,-64.876954,-3.084817,6
10318,-64.876981,-3.0847699999999945,6
10319,-64.876962,-3.084717999999994,6
10320,-64.876948,-3.0846510000000054,6
10321,-64.87616,-3.084257999999992,6
10322,-64.874685,-3.081737999999996,6
10323,-64.88095,-3.081391999999995,6
10324,-64.877483,-3.0810019999999927,6
10325,-64.87300109603389,-3.0603179026826712,6
10326,-64.87285511974277,-3.0602639055718246,6
10327,-64.87153,-3.079661000000004,6
10328,-64.87281270761244,-3.060282064435656,6
10329,-64.871365,-3.079668999999997,6
10330,-64.871212,-3.0798379999999974,6
10331,-64.871511,-3.079727999999999,6
10332,-64.8727988246349,-3.060218793276983,6
10333,-64.863561,-3.0784670000000056,6
10334,-64.86373,-3.0783999999999936,6
10335,-64.864068,-3.072741000000008,6
10336,-64.87280439919117,-3.060191656842379,6
10337,-64.87273384735923,-3.060191780646844,6
10338,-64.87267541349418,-3.060209967619224,6
10339,-64.87260603308691,-3.0602372160156155,6
10340,-64.86953,-3.064772000000004,6
10341,-64.869386,-3.0647650000000017,6
10342,-64.8726430276672,-3.060336615501617,6
10343,-64.869734,-3.064666000000003,6
10344,-64.869392,-3.0647750000000062,6
10345,-64.872217,-3.0615060000000067,6
10346,-64.868889,-3.050501000000002,6
10347,-64.87264866656491,-3.0605084077513296,6
10348,-64.87905,-3.0303529999999954,4
10349,-64.887618,-3.027048999999996,4
10350,-64.8725059877839,-3.060734713595625,6
10351,-64.887085,-3.026874000000004,4
10352,-64.887218,-3.026925999999993,4
10353,-64.87246588709623,-3.0607890372803643,6
10354,-64.887368,-3.0263190000000053,4
10355,-64.887743,-3.026148999999993,4
10356,-64.87244130724963,-3.060716742660936,6
10357,-64.882007,-3.0285099999999963,4
10358,-64.87247711318757,-3.0606172154194,6
10359,-64.87253298593036,-3.0605809484992363,6
10360,-64.884271,-3.0466719999999965,4
10361,-64.880021,-3.0445800000000007,4
10362,-64.871724,-3.0446280000000043,4
10363,-64.87246594684186,-3.060499686165888,6
10364,-64.870549,-3.044811999999995,4
10365,-64.87046700000002,-3.044852000000006,4
10366,-64.870534,-3.04483,4
10367,-64.869794,-3.0442190000000067,4
10368,-64.869614,-3.0442180000000003,4
10369,-64.866499,-3.0420469999999944,4
10370,-64.869383,-3.049900999999996,4
10371,-64.87245560805643,-3.0603731132393337,6
10372,-64.866715,-3.0420589999999974,4
10373,-64.87243333969634,-3.060336983434363,6
10374,-64.866518,-3.042103999999997,4
10375,-64.87240267024252,-3.0603189528067647,6
10376,-64.866184,-3.040015999999994,4
10377,-64.866222,-3.0400599999999995,4
10378,-64.87238016789709,-3.0603099500680373,6
10379,-64.866056,-3.040038000000009,4
10380,-64.866161,-3.040042000000001,4
10381,-64.87245996409497,-3.0602917256240105,6
10382,-64.87248935222648,-3.060219336308198,6
10383,-64.87247940443089,-3.060156058228753,6
10384,-64.87243171302674,-3.060047635270996,6
10385,-64.87230769119034,-3.059848924008648,6
10386,-64.837977,-3.0705740000000032,0
10387,-64.837523,-3.070466000000005,0
10388,-64.837648,-3.070513000000008,0
10389,-64.837422,-3.0704870000000057,0
10390,-64.837462,-3.070415000000008,0
10391,-64.837545,-3.0704119999999926,0
10392,-64.87251439704893,-3.059911856923191,6
10393,-64.87249601824449,-3.060011353575846,6
10394,-64.87246177321131,-3.0600385403137347,6
10395,-64.87239898182229,-3.059975354938275,6
10396,-64.87226882326458,-3.0598037810880485,6
10397,-64.836544,-3.063503000000003,0
10398,-64.839243,-3.063782000000002,0
10399,-64.839186,-3.0637089999999927,0
10400,-64.839099,-3.063748,0
10401,-64.839134,-3.063690000000004,0
10402,-64.839121,-3.063701000000004,0
10403,-64.839183,-3.063706999999998,0
10404,-64.839431,-3.0636650000000003,0
10405,-64.87228173597185,-3.059631956254952,6
10406,-64.825793,-3.0692390000000067,0
10407,-64.87236510916011,-3.0597312744299368,6
10408,-64.87225052007288,-3.059622968787641,6
10409,-64.82602,-3.0754529999999938,0
10410,-64.828893,-3.071197,0
10411,-64.87223925967042,-3.059451186350835,6
10412,-64.828901,-3.071308999999999,0
10413,-64.828871,-3.071231000000001,0
10414,-64.828776,-3.0711980000000056,0
10415,-64.828904,-3.071135999999996,0
10416,-64.87251742617265,-3.05987568273329,6
10417,-64.87255004897105,-3.060047427655516,6
10418,-64.87258142186988,-3.060146837014781,6
10419,-64.8726110454824,-3.0602100805653856,6
10420,-64.8726367182375,-3.0602642888274048,6
10421,-64.87264894611194,-3.0603456473342665,6
10422,-64.879462,-3.0681870000000044,6
10423,-64.87982,-3.065912000000005,6
10424,-64.879563,-3.066020000000006,6
10425,-64.87283251060414,-3.0605171273303795,6
10426,-64.879681,-3.066065,6
10427,-64.879597,-3.066066999999998,6
10428,-64.880503,-3.070892999999994,6
10429,-64.878133,-3.0800459999999985,6
10430,-64.87294088303558,-3.0604445993932,6
10431,-64.87289387935583,-3.0604085130211613,6
10432,-64.87290977703942,-3.060498907287808,6
10433,-64.907205,-3.0601829999999994,4
10434,-64.87287714158136,-3.060643640037103,6
10435,-64.87289795743465,-3.060652645718546,6
10436,-64.89279,-3.067859999999992,4
10437,-64.89297,-3.067939000000006,4
10438,-64.89275,-3.0678469999999933,4
10439,-64.891476,-3.070414000000008,4
10440,-64.887318,-3.082981999999993,4
10441,-64.8729163675805,-3.0605712334545983,6
10442,-64.8727899414398,-3.0604448643011923,6
10443,-64.871154,-3.0494960000000035,4
10444,-64.885492,-3.048206000000006,4
10445,-64.87269215593587,-3.06046312034274,6
10446,-64.8726929206776,-3.06041790791116,6
10447,-64.87270394572346,-3.060454057435112,6
10448,-64.891318,-3.051377000000007,4
10449,-64.87268606631832,-3.0605173843369227,6
10450,-64.87271415892545,-3.0605082928187755,6
10451,-64.89399800000001,-3.0395199999999947,4
10452,-64.8726531952976,-3.060526484240192,6
10453,-64.87268658137918,-3.060490256779239,6
10454,-64.87272210776293,-3.06055348995781,6
10455,-64.888842,-3.054903000000008,4
10456,-64.888813,-3.0549249999999994,4
10457,-64.883969,-3.0625020000000043,4
10458,-64.87279322336218,-3.060716125062633,6
10459,-64.884232,-3.0559340000000046,4
10460,-64.89369100000002,-3.039837999999996,4
10461,-64.87270997564518,-3.0606891445160844,6
10462,-64.87274790616476,-3.0606800357286126,6
10463,-64.893647,-3.0397139999999983,4
10464,-64.893553,-3.039686999999999,4
10465,-64.87266237994523,-3.0607977346631725,6
10466,-64.893611,-3.039667999999999,4
10467,-64.87263080441372,-3.0607435367701843,6
10468,-64.886586,-3.037483999999995,4
10469,-64.872610019962,-3.060752615464717,6
10470,-64.884887,-3.0378159999999905,4
10471,-64.885139,-3.036888999999992,4
10472,-64.885875,-3.037038999999994,4
10473,-64.88517,-3.036772000000007,4
10474,-64.885152,-3.036866999999992,4
10475,-64.88468100000001,-3.0355020000000024,4
10476,-64.883127,-3.043225999999993,4
10477,-64.8884,-3.0535960000000024,4
10478,-64.8726558977663,-3.060625943896551,6
10479,-64.87268095971744,-3.0604902666446483,6
10480,-64.8726958100159,-3.0604631139302456,6
10481,-64.87271529895986,-3.060517333035876,6
10482,-64.87276725379051,-3.0606528751197075,6
10483,-64.8948,-3.040468000000004,4
10484,-64.894805,-3.0405660000000028,4
10485,-64.894693,-3.0405650000000004,4
10486,-64.894763,-3.040541000000004,4
10487,-64.894922,-3.040497,4
10488,-64.8726918324459,-3.060924274022147,6
10489,-64.89473500000001,-3.040604999999995,4
10490,-64.87270209118951,-3.0608428760563333,6
10491,-64.895294,-3.040666999999993,4
10492,-64.87268244677412,-3.0608609949700782,6
10493,-64.888461,-3.0375229999999944,4
10494,-64.888516,-3.037721999999999,4
10495,-64.888581,-3.0373679999999994,4
10496,-64.888481,-3.0374679999999983,4
10497,-64.888479,-3.0374000000000017,4
10498,-64.888544,-3.037480000000005,4
10499,-64.888045,-3.0378089999999984,4
10500,-64.887408,-3.0367399999999924,4
10501,-64.87259331199691,-3.060843066970309,6
10502,-64.87269106613176,-3.060806726535028,6
10503,-64.897205,-3.0263470000000003,4
10504,-64.897143,-3.0263789999999986,4
10505,-64.87256567319388,-3.060951622098265,6
10506,-64.895854,-3.0246820000000003,4
10507,-64.895976,-3.024694000000006,4
10508,-64.87247919221645,-3.06084326724542,6
10509,-64.87259540363723,-3.0607526411158683,6
10510,-64.895937,-3.0245720000000067,4
10511,-64.87255244501769,-3.0607798431613795,6
10512,-64.895872,-3.024636999999994,4
10513,-64.87250292727184,-3.060752803404096,6
10514,-64.891223,-3.036382,4
10515,-64.87246082606507,-3.060626286218524,6
10516,-64.874941,-3.043945999999999,4
10517,-64.87243868177852,-3.06049973400736,6
10518,-64.870532,-3.0384610000000025,4
10519,-64.870255,-3.038621999999996,4
10520,-64.87045,-3.0385410000000093,4
10521,-64.869931,-3.038631999999995,4
10522,-64.870594,-3.038573000000006,4
10523,-64.870661,-3.0386499999999925,4
10524,-64.87248773002656,-3.0604182679721625,6
10525,-64.87253876155077,-3.0603458406778907,6
10526,-64.87255443940376,-3.060309644293694,6
10527,-64.87255047284171,-3.0602915668163524,6
10528,-64.87252879804755,-3.0602735204103246,6
10529,-64.87248633880671,-3.060264552690436,6
10530,-64.87241149222041,-3.060219472915021,6
10531,-64.86206,-3.0402690000000017,6
10532,-64.862019,-3.0404090000000004,6
10533,-64.863618,-3.039175999999996,4
10534,-64.87233431995736,-3.060291946067898,6
10535,-64.863628,-3.0391950000000065,4
10536,-64.864586,-3.0384759999999984,4
10537,-64.87239400376208,-3.060346094670744,6
10538,-64.866795,-3.0357239999999965,4
10539,-64.87241884896657,-3.06040934661394,6
10540,-64.871098,-3.048224000000007,4
10541,-64.871085,-3.0483050000000027,4
10542,-64.872838,-3.048807999999996,4
10543,-64.873564,-3.048889000000002,4
10544,-64.873645,-3.0488150000000025,4
10545,-64.875041,-3.0492550000000027,4
10546,-64.875016,-3.0491080000000084,4
10547,-64.875019,-3.0491049999999973,4
10548,-64.874962,-3.048864999999996,4
10549,-64.874989,-3.049160999999996,4
10550,-64.875058,-3.0491359999999914,4
10551,-64.875008,-3.049130999999997,4
10552,-64.875018,-3.049172000000005,4
10553,-64.874964,-3.049279,4
10554,-64.875022,-3.0492699999999986,4
10555,-64.874958,-3.049294000000003,4
10556,-64.874945,-3.0493299999999963,4
10557,-64.875086,-3.0491930000000003,4
10558,-64.875038,-3.049212999999994,4
10559,-64.875012,-3.049207999999997,4
10560,-64.875081,-3.0491299999999955,4
10561,-64.875068,-3.0491649999999977,4
10562,-64.875071,-3.049100999999992,4
10563,-64.875117,-3.049186999999994,4
10564,-64.875003,-3.049213000000007,4
10565,-64.875001,-3.049153000000003,4
10566,-64.87256910434564,-3.060499505151137,6
10567,-64.873434,-3.0479359999999973,4
10568,-64.873407,-3.0479169999999933,4
10569,-64.873455,-3.048008000000004,4
10570,-64.87255579923641,-3.0604452751870466,6
10571,-64.873237,-3.047998000000005,4
10572,-64.873349,-3.048512000000003,4
10573,-64.87258857605492,-3.0603819221423736,6
10574,-64.87256569842594,-3.060318666756379,6
10575,-64.869048,-3.059197000000004,6
10576,-64.87257133578704,-3.060327699083136,6
10577,-64.8692,-3.058819,6
10578,-64.869303,-3.0587369999999945,6
10579,-64.869309,-3.058873000000004,6
10580,-64.869225,-3.0591040000000027,6
10581,-64.869271,-3.0586580000000003,6
10582,-64.869311,-3.0587299999999966,6
10583,-64.869175,-3.058876000000005,6
10584,-64.869188,-3.059739999999995,6
10585,-64.87263368912487,-3.060300463015599,6
10586,-64.867962,-3.064118000000005,6
10587,-64.868051,-3.064279999999996,6
10588,-64.867939,-3.064383000000008,6
10589,-64.867889,-3.064061000000001,6
10590,-64.867317,-3.064286999999995,6
10591,-64.87274293621995,-3.0602460180040656,6
10592,-64.87271281323537,-3.060218944210181,6
10593,-64.87269452713915,-3.0602099340798787,6
10594,-64.87269116984332,-3.0602189821890144,6
10595,-64.87269738507054,-3.0602370557187,6
10596,-64.87269548029168,-3.060273227932825,6
10597,-64.876391,-3.084846,6
10598,-64.87285810329735,-3.0603633647237403,6
10599,-64.879995,-3.0895639999999944,6
10600,-64.87294780018694,-3.060381291736657,6
10601,-64.876552,-3.091081999999994,6
10602,-64.876458,-3.0908579999999986,6
10603,-64.876467,-3.090819999999993,6
10604,-64.876404,-3.0910090000000032,6
10605,-64.87309591522565,-3.060371989557187,6
10606,-64.87602,-3.0908230000000056,6
10607,-64.876356,-3.091019000000003,6
10608,-64.876375,-3.0911819999999954,6
10609,-64.87306432400179,-3.060308749493941,6
10610,-64.87292287644716,-3.060272828878595,6
10611,-64.875785,-3.090634000000004,6
10612,-64.87291595929105,-3.060336136535571,6
10613,-64.875714,-3.0903189999999974,6
10614,-64.875607,-3.090334,6
10615,-64.87289512774298,-3.060318088661423,6
10616,-64.870495,-3.074853,6
10617,-64.870558,-3.0748619999999987,6
10618,-64.870592,-3.074739999999997,6
10619,-64.87277266821488,-3.0602097969595903,6
10620,-64.87262720700183,-3.060128672242622,6
10621,-64.861144,-3.0666610000000065,6
10622,-64.87256802258413,-3.060038353901799,6
10623,-64.8724272299349,-3.0598939254071422,6
10624,-64.837882,-3.071602999999993,0
10625,-64.87234394946535,-3.059686100448101,6
10626,-64.837798,-3.071601,0
10627,-64.83792,-3.071617000000008,0
10628,-64.837902,-3.071720000000001,0
10629,-64.837679,-3.0713210000000064,0
10630,-64.838483,-3.071650000000008,0
10631,-64.840553,-3.0707709999999926,0
10632,-64.840247,-3.0754949999999988,0
10633,-64.8726186631273,-3.059902631775021,6
10634,-64.87260817035504,-3.0600111568055315,6
10635,-64.87255315658231,-3.060056464421854,6
10636,-64.861328,-3.0872190000000046,6
10637,-64.86151,-3.087264,6
10638,-64.87273787520039,-3.060083266966232,6
10639,-64.861636,-3.087278999999993,6
10640,-64.861426,-3.087247000000007,6
10641,-64.861585,-3.087284000000003,6
10642,-64.87285321342219,-3.060137317877623,6
10643,-64.87271688817735,-3.060137557099184,6
10644,-64.864803,-3.076290000000008,6
10645,-64.87273358197682,-3.0602008233302644,6
10646,-64.87264474404547,-3.060191936998815,6
10647,-64.866304,-3.069093999999997,6
10648,-64.87264850802478,-3.0602552259214115,6
10649,-64.866079,-3.068920999999992,6
10650,-64.87269863500813,-3.0603093912686,6
10651,-64.8726590651019,-3.060345629577649,6
10652,-64.877776,-3.048972999999996,4
10653,-64.87822400000002,-3.0498060000000065,4
10654,-64.87263772002548,-3.060517469179205,6
10655,-64.878747,-3.050618999999996,4
10656,-64.878697,-3.050782000000006,4
10657,-64.879546,-3.054522000000008,4
10658,-64.87272007737236,-3.060517324650051,6
10659,-64.87272568333198,-3.060508272594176,6
10660,-64.882293,-3.0601580000000053,4
10661,-64.882401,-3.059835000000007,4
10662,-64.882206,-3.060286000000004,4
10663,-64.882332,-3.060104999999999,4
10664,-64.87279695438062,-3.0605985696888167,6
10665,-64.882391,-3.0601140000000058,4
10666,-64.882134,-3.0599540000000047,4
10667,-64.87277830867876,-3.060544349108288,6
10668,-64.87275721174463,-3.0605353439158813,6
10669,-64.885262,-3.049389999999992,4
10670,-64.886638,-3.051524000000008,4
10671,-64.87271669023454,-3.0606710482962542,6
10672,-64.887561,-3.051667000000005,4
10673,-64.87269626538313,-3.060725337449328,6
10674,-64.887664,-3.051675999999992,4
10675,-64.885614,-3.049115999999998,4
10676,-64.885216,-3.049101000000005,4
10677,-64.885029,-3.048733999999992,4
10678,-64.882303,-3.045925000000001,4
10679,-64.87265553510055,-3.0602552135908048,6
10680,-64.886856,-3.037234000000004,4
10681,-64.90228,-3.027407000000004,4
10682,-64.87283519268452,-3.044702282722194,4
10683,-64.902256,-3.0273319999999977,4
10684,-64.87321122911321,-3.044348979603619,4
10685,-64.87341310602162,-3.044222036041777,4
10686,-64.8735816907569,-3.0441855727693854,4
10687,-64.90717,-3.024579999999995,4
10688,-64.8735275050659,-3.044221836262947,4
10689,-64.87368968748184,-3.044221553017536,4
10690,-64.913328,-3.0273430000000032,4
10691,-64.87368256695568,-3.04433007203652,4
10692,-64.904815,-3.0284760000000035,4
10693,-64.904855,-3.028512999999996,4
10694,-64.90469,-3.028622999999993,4
10695,-64.904866,-3.028601000000008,4
10696,-64.904559,-3.028627000000008,4
10697,-64.904778,-3.0287719999999925,4
10698,-64.87348311025174,-3.0442309560087915,4
10699,-64.87357346134854,-3.0441403760622805,4
10700,-64.883454,-3.044655,4
10701,-64.882844,-3.0419939999999954,4
10702,-64.883251,-3.0419939999999994,4
10703,-64.87371412550908,-3.0440497082486884,4
10704,-64.87370959699933,-3.044031631727301,4
10705,-64.883499,-3.0419209999999905,4
10706,-64.883493,-3.041935999999997,4
10707,-64.883209,-3.041965000000008,4
10708,-64.883192,-3.041913999999996,4
10709,-64.883241,-3.0419400000000074,4
10710,-64.883172,-3.041967,4
10711,-64.883307,-3.041871000000003,4
10712,-64.87376368910849,-3.044103874975633,4
10713,-64.88689400000001,-3.039171999999991,4
10714,-64.886915,-3.0391259999999947,4
10715,-64.887062,-3.039306000000005,4
10716,-64.887019,-3.039279999999995,4
10717,-64.887076,-3.0392160000000006,4
10718,-64.887098,-3.039193999999996,4
10719,-64.87364337181458,-3.0440950428923053,4
10720,-64.87366946525421,-3.044067870675857,4
10721,-64.895108,-3.022617000000006,4
10722,-64.891606,-3.027949999999995,4
10723,-64.87342075749203,-3.044095431647756,4
10724,-64.87347691073703,-3.044059164725392,4
10725,-64.884086,-3.0371969999999924,4
10726,-64.877475,-3.0339430000000065,4
10727,-64.877256,-3.0337649999999945,4
10728,-64.87343303121403,-3.0440411569158403,4
10729,-64.877241,-3.0337389999999926,4
10730,-64.87941,-3.0296189999999914,4
10731,-64.878873,-3.029813999999998,4
10732,-64.8733362307844,-3.0439780304244906,4
10733,-64.867263,-3.0373220000000063,4
10734,-64.866203,-3.037254,4
10735,-64.87349660172256,-3.0439054126639338,4
10736,-64.8735232573237,-3.043878239469885,4
10737,-64.87351762012777,-3.0438692070973223,4
10738,-64.87346587041293,-3.0438512130273425,4
10739,-64.864957,-3.046884000000001,6
10740,-64.864753,-3.047544000000004,6
10741,-64.864986,-3.047469000000006,6
10742,-64.864789,-3.0475970000000023,6
10743,-64.864695,-3.047586000000005,6
10744,-64.867511,-3.0487060000000064,6
10745,-64.87368425287607,-3.0438417894685013,4
10746,-64.8735956974912,-3.0438329018947323,4
10747,-64.867288,-3.048555999999992,6
10748,-64.867298,-3.0486629999999924,6
10749,-64.86712,-3.0486280000000034,6
10750,-64.867586,-3.0486580000000068,6
10751,-64.87375172736375,-3.0438507138495834,4
10752,-64.87368286310755,-3.043850834110766,4
10753,-64.871423,-3.0558509999999983,6
10754,-64.871391,-3.055775000000007,6
10755,-64.871486,-3.0558399999999954,6
10756,-64.871424,-3.055796,6
10757,-64.87153,-3.056138000000004,6
10758,-64.87375222702107,-3.04381454411725,4
10759,-64.857187,-3.054045000000002,6
10760,-64.87367176042439,-3.0437694735613503,4
10761,-64.87350784473509,-3.043742633140004,4
10762,-64.850841,-3.058212000000009,6
10763,-64.87344364946011,-3.043679449713243,4
10764,-64.846043,-3.050330000000008,0
10765,-64.845351,-3.0430790000000063,0
10766,-64.87332191118242,-3.043661577826782,4
10767,-64.846988,-3.0418920000000047,0
10768,-64.851154,-3.042330999999997,1
10769,-64.87332005297667,-3.043724876591299,4
10770,-64.851548,-3.037293999999997,1
10771,-64.8733291412189,-3.043779114026819,4
10772,-64.87327061437826,-3.043743047340324,4
10773,-64.850749,-3.0372859999999955,1
10774,-64.850978,-3.037445000000001,1
10775,-64.8732641495695,-3.04374305862704,4
10776,-64.84976,-3.036285000000002,1
10777,-64.87331143326442,-3.0437791449438456,4
10778,-64.87325599828885,-3.043743072858061,4
10779,-64.851247,-3.042181999999999,1
10780,-64.851181,-3.040817999999992,1
10781,-64.851908,-3.0413289999999984,1
10782,-64.851878,-3.041304999999998,1
10783,-64.87347394358027,-3.043805987848749,4
10784,-64.87350208268806,-3.04382402314718,4
10785,-64.8735136381576,-3.0438420874020404,4
10786,-64.87351757325838,-3.0438420805307325,4
10787,-64.87351334145598,-3.04383304570396,4
10788,-64.87349280709344,-3.043824039343584,4
10789,-64.87342444249755,-3.0437879898481164,4
10790,-64.853688,-3.0515479999999964,6
10791,-64.87347527086136,-3.0437607744493165,4
10792,-64.854376,-3.051395,6
10793,-64.87349521182031,-3.0437516974144643,4
10794,-64.856358,-3.051787999999994,6
10795,-64.8734836719751,-3.043742675347646,4
10796,-64.857455,-3.0500919999999985,6
10797,-64.857973,-3.0492770000000067,6
10798,-64.858077,-3.049414000000004,6
10799,-64.858244,-3.0489369999999933,6
10800,-64.85825500000001,-3.048977999999992,6
10801,-64.857973,-3.049312,6
10802,-64.858266,-3.0493410000000027,6
10803,-64.858772,-3.0479800000000026,6
10804,-64.861937,-3.047786000000003,6
10805,-64.862547,-3.048894000000004,6
10806,-64.87366988661887,-3.0438237301257,4
10807,-64.8736297080029,-3.043832842504097,4
10808,-64.87359964821547,-3.0438419372115835,4
10809,-64.87357998833602,-3.043851013758025,4
10810,-64.87356707434303,-3.043860078524552,4
10811,-64.87355836090568,-3.043860093740065,4
10812,-64.87355163064213,-3.0438691477084543,4
10813,-64.87354574361439,-3.0438782002044045,4
10814,-64.87353818573824,-3.04389629783406,4
10815,-64.87352725491826,-3.043914401353686,4
10816,-64.8735174640362,-3.0439415450989835,4
10817,-64.884638,-3.0355369999999984,4
10818,-64.875538,-3.0334810000000085,4
10819,-64.87563,-3.033261000000002,4
10820,-64.8734542525844,-3.043959739910935,4
10821,-64.87347669200788,-3.043932574078666,4
10822,-64.8734597960424,-3.0439145191489576,4
10823,-64.871301,-3.0361870000000017,4
10824,-64.87342300598358,-3.043932667822443,4
10825,-64.871324,-3.036001000000007,4
10826,-64.871361,-3.036045999999997,4
10827,-64.871421,-3.036075999999995,4
10828,-64.87343848093302,-3.043941683017698,4
10829,-64.871879,-3.037018000000001,4
10830,-64.871874,-3.03731,4
10831,-64.87352392884519,-3.043941533810006,4
10832,-64.87352980024961,-3.0439234391250705,4
10833,-64.87472100000001,-3.0429540000000066,4
10834,-64.8735630144013,-3.0439505077731,4
10835,-64.874908,-3.0418489999999943,4
10836,-64.874858,-3.0411680000000056,4
10837,-64.87359396430085,-3.0439685381574138,4
10838,-64.874883,-3.0412120000000025,4
10839,-64.879025,-3.044970000000005,4
10840,-64.879009,-3.041254000000005,4
10841,-64.876727,-3.0400359999999984,4
10842,-64.869456,-3.047587999999993,4
10843,-64.87367172933527,-3.043914149061232,4
10844,-64.8736342833811,-3.0438780455919945,4
10845,-64.87357074398875,-3.0438691143324186,4
10846,-64.870457,-3.047671000000005,4
10847,-64.868784,-3.0471959999999947,6
10848,-64.869152,-3.0475450000000053,4
10849,-64.868939,-3.047615999999993,4
10850,-64.869333,-3.047755999999994,4
10851,-64.869268,-3.047722,4
10852,-64.869973,-3.0477209999999992,4
10853,-64.87049,-3.047657,4
10854,-64.870428,-3.047658000000006,4
10855,-64.870409,-3.047685000000002,4
10856,-64.870433,-3.047685000000001,4
10857,-64.870374,-3.047856999999997,4
10858,-64.870234,-3.047940999999992,4
10859,-64.870028,-3.047829000000005,4
10860,-64.870131,-3.0479029999999945,4
10861,-64.87033800000002,-3.047674000000002,4
10862,-64.870809,-3.0477620000000023,4
10863,-64.87371834151057,-3.0438869410139806,4
10864,-64.870823,-3.047707000000002,4
10865,-64.870765,-3.047762999999997,4
10866,-64.874099,-3.049436999999995,4
10867,-64.87375970694129,-3.0439139954183725,4
10868,-64.874139,-3.0472329999999928,4
10869,-64.874398,-3.0469759999999946,4
10870,-64.874261,-3.0486139999999984,4
10871,-64.875219,-3.0499840000000065,4
10872,-64.87390091778343,-3.043977044293704,4
10873,-64.883097,-3.053292000000005,4
10874,-64.88319,-3.0533120000000054,4
10875,-64.882975,-3.053341000000005,4
10876,-64.883147,-3.0532159999999937,4
10877,-64.883082,-3.053112000000005,4
10878,-64.87400412051015,-3.04400399067623,4
10879,-64.87394175231697,-3.044022184041196,4
10880,-64.88940200000002,-3.0518190000000067,4
10881,-64.891931,-3.0465069999999943,4
10882,-64.891977,-3.0464840000000017,4
10883,-64.891887,-3.046448999999993,4
10884,-64.87388370968998,-3.0441036653482683,4
10885,-64.88801,-3.046865000000002,4
10886,-64.884888,-3.047685,4
10887,-64.880325,-3.050370000000004,4
10888,-64.880798,-3.0522729999999973,4
10889,-64.87378595663228,-3.043977245078088,4
10890,-64.87370572422306,-3.043905047478728,4
10891,-64.88143400000001,-3.052912000000003,4
10892,-64.881386,-3.052888000000004,4
10893,-64.85651,-3.054789000000002,6
10894,-64.85647400000002,-3.0546209999999943,6
10895,-64.856501,-3.0547120000000043,6
10896,-64.848559,-3.098324999999995,6
10897,-64.839915,-3.0957329999999925,0
10898,-64.840445,-3.095384000000007,0
10899,-64.863942,-3.087383999999995,6
10900,-64.854758,-3.094703999999996,6
10901,-64.854421,-3.0967069999999923,6
10902,-64.84024435853088,-3.102177818038657,6
10903,-64.841983,-3.1011380000000046,6
10904,-64.839652,-3.102381000000001,6
10905,-64.84054536837407,-3.1019874019701272,6
10906,-64.840162,-3.100861999999996,6
10907,-64.84058717393123,-3.101942117011241,6
10908,-64.8405590170957,-3.1019150391023587,6
10909,-64.833299,-3.105252000000006,0
10910,-64.83207,-3.1063599999999965,0
10911,-64.832314,-3.105902000000005,0
10912,-64.83227,-3.105024,0
10913,-64.84068469967328,-3.101932904150157,6
10914,-64.843204,-3.101070999999996,6
10915,-64.84466,-3.1000809999999968,6
10916,-64.845559,-3.099749999999996,6
10917,-64.846762,-3.0988779999999982,6
10918,-64.847084,-3.098939,6
10919,-64.856586,-3.055035999999994,6
10920,-64.856596,-3.054834999999996,6
10921,-64.857171,-3.0563649999999964,6
10922,-64.856591,-3.0561789999999927,6
10923,-64.856961,-3.055906999999998,6
10924,-64.85473576716387,-3.0592647265056256,6
10925,-64.852301,-3.0717329999999965,6
10926,-64.856695,-3.056002,6
10927,-64.856651,-3.0558489999999985,6
10928,-64.856173,-3.055766000000001,6
10929,-64.85481583120949,-3.059074698891957,6
10930,-64.852054,-3.057444000000002,6
10931,-64.85482957331381,-3.059056590397338,6
10932,-64.85483155645767,-3.0590656292618807,6
10933,-64.856036,-3.0557419999999937,6
10934,-64.855875,-3.055498999999992,6
10935,-64.856034,-3.055772000000004,6
10936,-64.856102,-3.059190999999997,6
10937,-64.85484084782684,-3.059074655429415,6
10938,-64.85483266525522,-3.059056585025586,6
10939,-64.85404800000002,-3.0602570000000044,6
10940,-64.856161,-3.0593629999999954,6
10941,-64.85484450193945,-3.059074649080905,6
10942,-64.855902,-3.059080999999992,6
10943,-64.855962,-3.059155999999999,6
10944,-64.855827,-3.0592539999999984,6
10945,-64.855943,-3.059013999999999,6
10946,-64.844892,-3.065958999999997,0
10947,-64.855763,-3.059538000000003,6
10948,-64.85385308373755,-3.0606949454249683,6
10949,-64.85389824533893,-3.060640613075757,6
10950,-64.84504,-3.064896999999997,0
10951,-64.855917,-3.0590369999999965,6
10952,-64.85403477546986,-3.0605951642960867,6
10953,-64.856136,-3.059082000000005,6
10954,-64.855914,-3.0590430000000066,6
10955,-64.855997,-3.059268000000004,6
10956,-64.855337,-3.061876999999993,6
10957,-64.851727,-3.073604000000007,6
10958,-64.85398614041488,-3.074457114591459,6
10959,-64.851712,-3.0735740000000007,6
10960,-64.85426559041215,-3.0743209921853527,6
10961,-64.85428856167512,-3.074275740538074,6
10962,-64.841771,-3.077510000000005,0
10963,-64.851646,-3.073627000000004,6
10964,-64.85455637760526,-3.074239103812017,6
10965,-64.86736,-3.0673200000000014,6
10966,-64.866097,-3.078065999999992,6
10967,-64.851726,-3.073541999999994,6
10968,-64.834206,-3.079336000000004,0
10969,-64.834066,-3.079384000000009,0
10970,-64.850478,-3.073827999999997,6
10971,-64.850499,-3.074224999999997,6
10972,-64.85062897439799,-3.074074148250576,6
10973,-64.85063064535322,-3.074065103010847,6
10974,-64.85069,-3.073978999999995,6
10975,-64.850874,-3.0743209999999923,6
10976,-64.85063401843529,-3.0740650971353585,6
10977,-64.85063401843529,-3.0740650971353585,6
10978,-64.85063484612,-3.0740560533645267,6
10979,-64.850671,-3.073904000000008,6
10980,-64.83363,-3.0816439999999963,0
10981,-64.83338900000001,-3.0815579999999976,0
10982,-64.846597,-3.0894600000000065,6
10983,-64.84187312284752,-3.087734304172586,0
10984,-64.846603,-3.089483999999995,6
10985,-64.846714,-3.0894799999999947,6
10986,-64.847171,-3.091955000000004,6
10987,-64.846533,-3.089391000000003,6
10988,-64.83775935315532,-3.089902591268165,0
10989,-64.819099,-3.0789899999999983,0
10990,-64.823809,-3.082811999999993,0
10991,-64.83814525276989,-3.0897120300672483,0
10992,-64.83824955504112,-3.0897208910821146,0
10993,-64.84656100000001,-3.089333000000008,6
10994,-64.846609,-3.089511999999996,6
10995,-64.844373,-3.0913580000000014,6
10996,-64.8384248968442,-3.0896844165947206,0
10997,-64.83840714109786,-3.089657320307416,0
10998,-64.841272,-3.094145000000007,0
10999,-64.841333,-3.0938009999999925,0
11000,-64.841141,-3.093805000000002,0
11001,-64.841153,-3.093734000000006,0
11002,-64.8416885627723,-3.1008279795695013,6
11003,-64.84179992422905,-3.10069214929975,6
11004,-64.842744,-3.0937089999999947,0
11005,-64.84297,-3.0937360000000083,0
11006,-64.842779,-3.0937240000000057,0
11007,-64.842947,-3.093874000000003,0
11008,-64.83232,-3.082256000000006,0
11009,-64.832183,-3.082185999999996,0
11010,-64.84185742374007,-3.1004569471460206,6
11011,-64.842536,-3.0931110000000044,0
11012,-64.837684,-3.090122000000004,0
11013,-64.840301,-3.091978999999998,0
11014,-64.84195494927278,-3.100447734255149,6
11015,-64.840297,-3.0920139999999985,0
11016,-64.84197993574541,-3.100429605827137,6
11017,-64.841045,-3.092453999999997,0
11018,-64.84198104449307,-3.100420561519305,6
11019,-64.839421,-3.0961239999999925,0
11020,-64.839083,-3.0961320000000057,0
11021,-64.84202291251904,-3.1004114459419423,6
11022,-64.84201502611549,-3.100402417362842,6
11023,-64.839199,-3.096185000000008,0
11024,-64.843161,-3.102920999999998,6
11025,-64.839482,-3.096554999999998,0
11026,-64.84202036698635,-3.100402408024024,6
11027,-64.839302,-3.0961920000000016,0
11028,-64.84198911811795,-3.1003753355567336,6
11029,-64.839269,-3.096238000000002,0
11030,-64.839279,-3.096317999999997,0
11031,-64.822076,-3.103889000000005,0
11032,-64.839245,-3.096092999999993,0
11033,-64.84201608792397,-3.1003662460303136,6
11034,-64.84201104379798,-3.1003752972191343,6
11035,-64.839263,-3.0961729999999945,0
11036,-64.84201219948443,-3.100393379936364,6
11037,-64.839136,-3.0961150000000064,0
11038,-64.84202850319531,-3.100393351428439,6
11039,-64.84202146008732,-3.100384321374781,6
11040,-64.839119,-3.0963060000000016,0
11041,-64.84202205357714,-3.10040240507492,6
11042,-64.839319,-3.096235999999996,0
11043,-64.84202909668532,-3.100411435128496,6
11044,-64.839035,-3.096177000000006,0
11045,-64.839224,-3.096003,0
11046,-64.839217,-3.096299999999993,0
11047,-64.845129,-3.096749000000006,6
11048,-64.85907600000002,-3.09771,6
11049,-64.84219557013841,-3.1006100761213413,6
11050,-64.858357,-3.0965650000000045,6
11051,-64.845056,-3.096792000000004,6
11052,-64.844976,-3.096781999999996,6
11053,-64.845491,-3.097406999999993,6
11054,-64.852676,-3.0994359999999923,6
11055,-64.841536,-3.1044089999999978,6
11056,-64.84214726757165,-3.100474525069564,6
11057,-64.84185,-3.104298999999997,6
11058,-64.842137,-3.1043199999999938,6
11059,-64.84222,-3.1045840000000013,6
11060,-64.842266,-3.104345000000003,6
11061,-64.842309,-3.104659000000001,6
11062,-64.842008,-3.104377999999996,6
11063,-64.842144,-3.1043369999999992,6
11064,-64.84374,-3.105202999999995,6
11065,-64.843889,-3.1050089999999977,6
11066,-64.842269,-3.104747999999997,6
11067,-64.842163,-3.104444999999999,6
11068,-64.842194,-3.1045399999999934,6
11069,-64.842375,-3.1048200000000006,6
11070,-64.841965,-3.1044949999999965,6
11071,-64.84223948351433,-3.1004834061734425,6
11072,-64.848831,-3.103155000000003,6
11073,-64.848698,-3.102852000000004,6
11074,-64.84879,-3.1029910000000043,6
11075,-64.84223083205733,-3.1005195907746503,6
11076,-64.84867,-3.102904,6
11077,-64.84222043141415,-3.100519608963505,6
11078,-64.848786,-3.102804000000003,6
11079,-64.848475,-3.103021000000001,6
11080,-64.846179,-3.103574999999997,6
11081,-64.846437,-3.103447999999997,6
11082,-64.846403,-3.103354999999993,6
11083,-64.84219282117064,-3.100483487776128,6
11084,-64.845084,-3.104667999999992,6
11085,-64.846069,-3.103511000000004,6
11086,-64.84214439399581,-3.100438360621394,6
11087,-64.837267,-3.1049459999999973,0
11088,-64.846794,-3.1039719999999966,6
11089,-64.84213986512528,-3.100420283804332,6
11090,-64.846626,-3.1039869999999925,6
11091,-64.832688,-3.107428000000003,0
11092,-64.8421225460007,-3.100320848037055,6
11093,-64.84205159967227,-3.100257675510517,6
11094,-64.80866,-3.113940000000001,0
11095,-64.84667,-3.1042810000000047,6
11096,-64.8467,-3.1043519999999987,6
11097,-64.846697,-3.1039959999999964,6
11098,-64.84219397686127,-3.100501570491199,6
11099,-64.846751,-3.1040350000000068,6
11100,-64.846735,-3.1040580000000006,6
11101,-64.846724,-3.1039949999999927,6
11102,-64.846903,-3.1041000000000003,6
11103,-64.846777,-3.104184000000008,6
11104,-64.845808,-3.1004490000000064,6
11105,-64.84079216514084,-3.0962902740388074,0
11106,-64.845873,-3.100348999999995,6
11107,-64.845858,-3.1003000000000007,6
11108,-64.846641,-3.102037000000008,6
11109,-64.847417,-3.101766000000004,6
11110,-64.846641,-3.1019140000000003,6
11111,-64.846786,-3.102151000000002,6
11112,-64.84661,-3.1021919999999947,6
11113,-64.84801,-3.0836910000000013,0
11114,-64.84130715136087,-3.0959728921558383,0
11115,-64.84135948233406,-3.095999927935292,0
11116,-64.859105,-3.094907999999996,6
11117,-64.871981,-3.0904800000000057,6
11118,-64.866235,-3.0852019999999984,6
11119,-64.8411787523077,-3.0960092857506427,0
11120,-64.84116654018304,-3.095936968072588,0
11121,-64.846988,-3.102163999999996,6
11122,-64.84119624280905,-3.095882661990983,0
11123,-64.8411540001171,-3.095837523843488,0
11124,-64.84110252806117,-3.095819528921266,0
11125,-64.838347,-3.095564999999997,0
11126,-64.834353,-3.0954639999999936,0
11127,-64.841122470361,-3.09581045174527,0
11128,-64.84108677099121,-3.0958105140446435,0
11129,-64.837725,-3.1001809999999943,0
11130,-64.84108731757068,-3.0958014707164168,0
11131,-64.834446,-3.096606999999996,0
11132,-64.8343,-3.096682999999997,0
11133,-64.834731,-3.096614000000006,0
11134,-64.8411263901089,-3.095801402530605,0
11135,-64.84108113342786,-3.095801481508284,0
11136,-64.834458,-3.0964100000000068,0
11137,-64.838698,-3.097146999999993,0
11138,-64.838953,-3.096425000000006,0
11139,-64.839086,-3.096553999999999,0
11140,-64.84115004913753,-3.095828488364554,0
11141,-64.8411047768404,-3.095819524996886,0
11142,-64.839038,-3.0966509999999934,0
11143,-64.839045,-3.096506000000008,0
11144,-64.84110897768589,-3.095810475291632,0
11145,-64.8410515869706,-3.0957834483197653,0
11146,-64.838979,-3.096633000000004,0
11147,-64.818074,-3.0917919999999985,0
11148,-64.84100458124632,-3.095747360846582,0
11149,-64.828484,-3.098482000000004,0
11150,-64.84107352818286,-3.095792452405582,0
11151,-64.839636,-3.094877999999996,0
11152,-64.84108314795567,-3.0958286051160004,0
11153,-64.839755,-3.0949570000000013,0
11154,-64.84107782272028,-3.095837656783498,0
11155,-64.839594,-3.0949249999999973,0
11156,-64.84104826064662,-3.0958105812481262,0
11157,-64.828356,-3.0913650000000072,0
11158,-64.842317,-3.093927999999998,0
11159,-64.8410764484641,-3.0958557439305983,0
11160,-64.84105620945,-3.09585577924971,0
11161,-64.842285,-3.0936609999999933,0
11162,-64.84105283628097,-3.095855785136191,0
11163,-64.83608,-3.076002000000006,0
11164,-64.84099260335879,-3.095810678371848,0
11165,-64.841651,-3.0812319999999973,0
11166,-64.842131,-3.093341999999992,0
11167,-64.82491,-3.090859,0
11168,-64.82058418048224,-3.087563183498553,0
11169,-64.82347,-3.0849289999999976,0
11170,-64.818629,-3.080820000000008,0
11171,-64.822315,-3.079308,0
11172,-64.82399,-3.085071999999994,0
11173,-64.82076587414366,-3.0871288318173264,0
11174,-64.82075864649464,-3.087011292037144,0
11175,-64.811017,-3.099865000000008,0
11176,-64.823272,-3.0850219999999973,0
11177,-64.839815,-3.079246999999997,0
11178,-64.839935,-3.078866999999996,0
11179,-64.823908,-3.084408999999998,0
11180,-64.823955,-3.0844340000000066,0
11181,-64.823775,-3.084511999999996,0
11182,-64.823534,-3.084524999999998,0
11183,-64.823634,-3.084311000000002,0
11184,-64.8224085914616,-3.084639324102844,0
11185,-64.822029,-3.075954999999995,0
11186,-64.82241206091784,-3.0845308084858742,0
11187,-64.82195300000001,-3.0853530000000013,0
11188,-64.821925,-3.0859890000000005,0
11189,-64.821889,-3.0854129999999955,0
11190,-64.821833,-3.086135999999996,0
11191,-64.82244470290377,-3.0843860727799166,0
11192,-64.823018,-3.0861539999999974,0
11193,-64.822896,-3.104785000000001,0
11194,-64.824154,-3.104428999999998,0
11195,-64.85303578516218,-3.0937822006041764,6
11196,-64.85486,-3.092017,6
11197,-64.858408,-3.093722999999995,6
11198,-64.858242,-3.0937579999999967,6
11199,-64.859354,-3.092123999999995,6
11200,-64.85337459715025,-3.0936730980937925,6
11201,-64.859254,-3.0927709999999924,6
11202,-64.85338018763058,-3.093655003655262,6
11203,-64.85336977141164,-3.093645979629114,6
11204,-64.860542,-3.0881800000000004,6
11205,-64.86144,-3.086806,6
11206,-64.85331473964749,-3.093682245486866,6
11207,-64.861157,-3.088010000000003,6
11208,-64.857804,-3.090891999999999,6
11209,-64.857831,-3.0906720000000045,6
11210,-64.857738,-3.0908419999999914,6
11211,-64.864436,-3.095682999999995,6
11212,-64.854597,-3.094419999999993,6
11213,-64.84841590684655,-3.0940706121481925,6
11214,-64.84854877112687,-3.0940161254655685,6
11215,-64.85292,-3.096302000000004,6
11216,-64.865217,-3.093574999999994,6
11217,-64.855225,-3.0945600000000058,6
11218,-64.8487327321205,-3.0939253799465285,6
11219,-64.85439,-3.092644000000005,6
11220,-64.84870568425298,-3.0938892579709885,6
11221,-64.854258,-3.0948500000000068,6
11222,-64.84867807419624,-3.0938531369781312,6
11223,-64.845166,-3.09307,6
11224,-64.8486670644559,-3.093826029249847,6
11225,-64.84864990195034,-3.0938170169678783,6
11226,-64.84861841923453,-3.093817072098188,6
11227,-64.845416,-3.0929720000000045,6
11228,-64.845384,-3.093185000000003,6
11229,-64.845411,-3.0929229999999968,6
11230,-64.84862572772218,-3.093817059300164,6
11231,-64.845186,-3.0930820000000074,6
11232,-64.84863245834926,-3.093808005177687,6
11233,-64.84859505695533,-3.093799028334953,6
11234,-64.840689,-3.096482,0
11235,-64.840274,-3.096889,0
11236,-64.84865521142945,-3.0937989229978107,6
11237,-64.846936,-3.088041000000008,0
11238,-64.84860466121518,-3.093826138526417,6
11239,-64.84860213135403,-3.09382614295647,6
11240,-64.846525,-3.090747999999993,6
11241,-64.84859426067486,-3.093826156738821,6
11242,-64.846557,-3.090481000000004,6
11243,-64.84859230867399,-3.093835202493474,6
11244,-64.847811,-3.088032000000005,6
11245,-64.847946,-3.089930000000001,6
11246,-64.846597,-3.090774000000005,6
11247,-64.846634,-3.090866000000006,6
11248,-64.846739,-3.0910060000000006,6
11249,-64.8486479812888,-3.093844147339918,6
11250,-64.84866962565617,-3.0938441094369926,6
11251,-64.850762,-3.091440999999996,6
11252,-64.84871577235714,-3.093871155632519,6
11253,-64.86011800000001,-3.0948640000000007,6
11254,-64.84872984281131,-3.0938801733275247,6
11255,-64.84872362736587,-3.0938620995406683,6
11256,-64.84873713562854,-3.093871118220145,6
11257,-64.858067,-3.089347000000005,6
11258,-64.857289,-3.0895839999999954,6
11259,-64.84869050508595,-3.093889284553213,6
11260,-64.84871578802733,-3.0938801979409525,6
11261,-64.854618,-3.090419000000004,6
11262,-64.85922,-3.0911100000000085,6
11263,-64.84871385169808,-3.0938982860037,6
11264,-64.85218700000001,-3.095664000000006,6
11265,-64.852522,-3.095611000000005,6
11266,-64.852285,-3.0957680000000054,6
11267,-64.852344,-3.095457000000001,6
11268,-64.848775,-3.0946960000000066,6
11269,-64.848238,-3.0945220000000018,6
11270,-64.84870897905068,-3.093844040521449,6
11271,-64.848528,-3.094525000000003,6
11272,-64.848096,-3.0947850000000074,6
11273,-64.84868558543097,-3.0938079121443107,6
11274,-64.84862933495867,-3.0937899259744657,6
11275,-64.841394,-3.099574999999996,6
11276,-64.841445,-3.099536999999997,6
11277,-64.831209,-3.101737999999998,0
11278,-64.84874859690784,-3.093672166762492,6
11279,-64.83749,-3.096832999999996,0
11280,-64.809044,-3.109999,0
11281,-64.82324948544961,-3.1023158952898178,0
11282,-64.82343409406755,-3.102107598929757,0
11283,-64.806565,-3.109866999999993,0
11284,-64.808725,-3.109665999999995,0
11285,-64.82405525361229,-3.101898546421123,0
11286,-64.82409520105688,-3.101916562137021,0
11287,-64.841237,-3.092381,0
11288,-64.84271,-3.094456,0
11289,-64.82431825830903,-3.1016720293226063,0
11290,-64.842799,-3.0900779999999983,0
11291,-64.842279,-3.093540000000006,0
11292,-64.843673,-3.0921700000000008,6
11293,-64.844795,-3.091616999999999,6
11294,-64.843745,-3.088653000000006,0
11295,-64.845802,-3.0907899999999984,6
11296,-64.84456964961738,-3.091301336539569,6
11297,-64.846417,-3.090679999999993,6
11298,-64.84459290244656,-3.091256084156748,6
11299,-64.845925,-3.0906260000000065,6
11300,-64.853698,-3.0919489999999943,6
11301,-64.851358,-3.0867310000000026,6
11302,-64.850877,-3.087068000000004,6
11303,-64.850999,-3.087282000000003,6
11304,-64.84464231540083,-3.0933357399660872,6
11305,-64.861964,-3.086445999999998,6
11306,-64.84483836418369,-3.09324497387889,6
11307,-64.861206,-3.087235,6
11308,-64.856487,-3.085792,6
11309,-64.857677,-3.0867399999999923,6
11310,-64.84504774951677,-3.0932265233087928,6
11311,-64.870532,-3.083667000000003,6
11312,-64.871557,-3.0843799999999977,6
11313,-64.84506464655428,-3.0932445784919573,6
11314,-64.870448,-3.084170999999993,6
11315,-64.84510852881742,-3.093262586518829,6
11316,-64.870806,-3.084790000000006,6
11317,-64.870922,-3.072094,6
11318,-64.871313,-3.084011000000006,6
11319,-64.871037,-3.0846500000000017,6
11320,-64.87149,-3.084457999999997,6
11321,-64.871352,-3.084588000000005,6
11322,-64.871103,-3.0842490000000047,6
11323,-64.871276,-3.0847879999999988,6
11324,-64.87862,-3.090323999999997,6
11325,-64.871282,-3.084689,6
11326,-64.871371,-3.084495000000005,6
11327,-64.873532,-3.0852859999999995,6
11328,-64.84502635494239,-3.0932084759838654,6
11329,-64.871297,-3.0846940000000043,6
11330,-64.8449069513165,-3.0930820916436668,6
11331,-64.8448444541869,-3.093027946701417,6
11332,-64.841972,-3.098755,6
11333,-64.84494816300061,-3.093018723152176,6
11334,-64.84489926792017,-3.093027850935299,6
11335,-64.856245,-3.091888000000004,6
11336,-64.855938,-3.0911499999999927,6
11337,-64.84488694659393,-3.093054999528884,6
11338,-64.84483713005596,-3.093018917141569,6
11339,-64.849684,-3.073861999999993,6
11340,-64.846004,-3.083907000000002,0
11341,-64.84474785092986,-3.093082369609144,6
11342,-64.857124,-3.091475999999993,6
11343,-64.857024,-3.091067000000003,6
11344,-64.8448228410551,-3.093046069173011,6
11345,-64.842142,-3.0844369999999994,0
11346,-64.84478230068872,-3.0930099705754555,6
11347,-64.84475865735355,-3.09299192716834,6
11348,-64.846264,-3.082891000000006,0
11349,-64.847703,-3.0828709999999973,0
11350,-64.84473485797966,-3.0930462228830664,6
11351,-64.847522,-3.094406999999998,6
11352,-64.847483,-3.094466999999995,6
11353,-64.846081,-3.094931000000002,6
11354,-64.844201,-3.098394999999995,6
11355,-64.845608,-3.094196000000002,6
11356,-64.84494444621666,-3.0929825602252112,6
11357,-64.84482688553554,-3.0929465961929754,6
11358,-64.845611,-3.094626,6
11359,-64.84472508186626,-3.092919646973171,6
11360,-64.82478,-3.0953189999999915,0
11361,-64.84470026725644,-3.092874478539612,6
11362,-64.826576,-3.093910999999994,0
11363,-64.84475114564167,-3.092874389660456,6
11364,-64.84464431351,-3.092865533925293,6
11365,-64.831422,-3.102018999999998,0
11366,-64.831347,-3.1021630000000044,0
11367,-64.84481626613162,-3.0928200217629125,6
11368,-64.84459827603307,-3.0927390213449764,6
11369,-64.80380000000001,-3.116226000000001,0
11370,-64.804248,-3.116204999999995,0
11371,-64.84468838281705,-3.092666525099329,6
11372,-64.80799700000001,-3.121769999999998,0
11373,-64.807798,-3.121909000000001,0
11374,-64.805181,-3.1119669999999986,0
11375,-64.805694,-3.093206000000007,0
11376,-64.804433,-3.093518000000002,0
11377,-64.804754,-3.093481999999994,0
11378,-64.84442727586732,-3.0926850658693,6
11379,-64.804916,-3.0953410000000026,0
11380,-64.803829,-3.1093009999999923,0
11381,-64.84483686402514,-3.092702435153808,6
11382,-64.8449036708111,-3.0924853019150285,6
11383,-64.812423,-3.1130049999999945,0
11384,-64.816568,-3.1149640000000063,0
11385,-64.82089,-3.1168490000000064,0
11386,-64.822067,-3.1172379999999977,0
11387,-64.820484,-3.1165400000000067,0
11388,-64.821057,-3.114738000000004,0
11389,-64.82113436010673,-3.116344431855997,0
11390,-64.821837,-3.114759999999998,0
11391,-64.818337,-3.121917999999994,0
11392,-64.82115897304233,-3.116272049313978,0
11393,-64.819404,-3.118610000000007,0
11394,-64.821276,-3.1147360000000046,0
11395,-64.822845,-3.113237999999993,0
11396,-64.82116604733771,-3.11629916443748,0
11397,-64.82116743731869,-3.1162901195504493,0
11398,-64.82117221612008,-3.1162901112469155,0
11399,-64.823712,-3.112545999999996,0
11400,-64.82117743274351,-3.116217762408325,0
11401,-64.821533,-3.116373999999994,0
11402,-64.820969,-3.115652999999997,0
11403,-64.85143798785003,-3.0948881672543505,6
11404,-64.836945,-3.101977,0
11405,-64.83677,-3.1020170000000014,0
11406,-64.839915,-3.0933079999999924,0
11407,-64.85200453343555,-3.094643030547399,6
11408,-64.858345,-3.0881169999999987,6
11409,-64.85205997203005,-3.0946791025375675,6
11410,-64.85212353098606,-3.094697075635068,6
11411,-64.870337,-3.093243999999998,6
11412,-64.869973,-3.0930310000000025,6
11413,-64.85211797189221,-3.09473325466444,6
11414,-64.857012,-3.0904289999999968,6
11415,-64.857187,-3.0905139999999967,6
11416,-64.85207207483312,-3.0946881236173525,6
11417,-64.857086,-3.091018999999994,6
11418,-64.856214,-3.0913349999999995,6
11419,-64.855048,-3.091333000000001,6
11420,-64.856913,-3.091072000000004,6
11421,-64.85612,-3.0913329999999943,6
11422,-64.85621,-3.091107000000001,6
11423,-64.85709,-3.0907909999999923,6
11424,-64.85563,-3.0931680000000035,6
11425,-64.868929,-3.094116999999996,6
11426,-64.84485,-3.0907809999999976,6
11427,-64.84217027042075,-3.08807739677058,0
11428,-64.842947,-3.087709000000008,0
11429,-64.8424842547748,-3.0877513245669137,0
11430,-64.843477,-3.088049999999998,0
11431,-64.84261255933941,-3.087660677387671,0
11432,-64.844888,-3.0907670000000027,6
11433,-64.844906,-3.090788000000008,6
11434,-64.845094,-3.090691000000002,6
11435,-64.844777,-3.0906279999999944,6
11436,-64.844971,-3.090838000000008,6
11437,-64.84235,-3.092137000000001,0
11438,-64.842256,-3.092222999999992,0
11439,-64.842342,-3.092145000000007,0
11440,-64.842391,-3.092309999999997,0
11441,-64.843307,-3.0997379999999928,6
11442,-64.84282934643784,-3.087533706595416,0
11443,-64.841734,-3.0992770000000043,6
11444,-64.839828,-3.095385999999998,0
11445,-64.83959,-3.0953399999999944,0
11446,-64.84284085574231,-3.087524644178293,0
11447,-64.849923,-3.095237999999994,6
11448,-64.84282480215425,-3.0875065874114784,0
11449,-64.84277192512943,-3.087488594791739,0
11450,-64.84272107811802,-3.08750676810155,0
11451,-64.84697,-3.098021000000001,6
11452,-64.845149,-3.0991339999999914,6
11453,-64.846495,-3.0970799999999925,6
11454,-64.84288392562308,-3.0875607386114434,0
11455,-64.846588,-3.0963539999999976,6
11456,-64.84286145361597,-3.087569820127732,0
11457,-64.846759,-3.096836000000004,6
11458,-64.846658,-3.0968750000000007,6
11459,-64.845284,-3.097979999999992,6
11460,-64.845411,-3.0974830000000053,6
11461,-64.854466,-3.0934899999999934,6
11462,-64.853939,-3.093775000000005,6
11463,-64.84287947487057,-3.0875878734650137,0
11464,-64.845453,-3.0979830000000046,6
11465,-64.842841121249,-3.087515601349003,0
11466,-64.84276881749756,-3.0874795578381544,0
11467,-64.84270026150406,-3.0874977619959574,0
11468,-64.845391,-3.0977990000000006,6
11469,-64.845778,-3.0976339999999984,6
11470,-64.84282286566587,-3.0875246755186767,0
11471,-64.84273880268762,-3.0875157795928647,0
11472,-64.845913,-3.097361000000004,6
11473,-64.84547200000002,-3.097569999999994,6
11474,-64.84277904602939,-3.0875428365894027,0
11475,-64.842469,-3.093711999999993,0
11476,-64.84266,-3.093727,0
11477,-64.842616,-3.093656000000008,0
11478,-64.841287,-3.0913039999999974,0
11479,-64.84269176630805,-3.087461607324089,0
11480,-64.83246,-3.0948349999999936,0
11481,-64.83246,-3.0947789999999915,0
11482,-64.832457,-3.0946850000000063,0
11483,-64.835367,-3.095423999999997,0
11484,-64.837829,-3.0960650000000007,0
11485,-64.837916,-3.0958989999999926,0
11486,-64.837458,-3.096045,0
11487,-64.84289206178761,-3.0875516820704045,0
11488,-64.846258,-3.0968869999999984,6
11489,-64.866076,-3.0897300000000056,6
11490,-64.84291437741238,-3.087614939757259,0
11491,-64.84287218199067,-3.087596928537032,0
11492,-64.865571,-3.0953859999999973,6
11493,-64.840634,-3.1028509999999927,6
11494,-64.84287608614223,-3.087578837002196,0
11495,-64.840127,-3.101548,6
11496,-64.844103,-3.0991869999999944,6
11497,-64.84298290222067,-3.0875786509055576,0
11498,-64.84296132026927,-3.087614857971356,0
11499,-64.866507,-3.095448999999993,6
11500,-64.867664,-3.094342999999997,6
11501,-64.84297353207242,-3.087687175623547,0
11502,-64.84294678128073,-3.0876600951330264,0
11503,-64.868871,-3.092004000000001,6
11504,-64.84294712473557,-3.0876962639993883,0
11505,-64.84297048679865,-3.087714308027579,0
11506,-64.869188,-3.090393999999996,6
11507,-64.869636,-3.090660000000001,6
11508,-64.869162,-3.09041,6
11509,-64.84296856590505,-3.0877414384726265,0
11510,-64.84294965459033,-3.087696259591623,0
11511,-64.866843,-3.0872610000000047,6
11512,-64.84294468842191,-3.087750522441337,0
11513,-64.857491,-3.0846479999999925,6
11514,-64.858964,-3.0862419999999924,6
11515,-64.858922,-3.0862310000000024,6
11516,-64.861079,-3.086322999999996,6
11517,-64.86376,-3.0879900000000067,6
11518,-64.866615,-3.089227000000004,6
11519,-64.869354,-3.0903489999999945,6
11520,-64.869229,-3.090437999999993,6
11521,-64.866568,-3.086242999999993,6
11522,-64.870821,-3.0844630000000026,6
11523,-64.870691,-3.084611,6
11524,-64.84293553701072,-3.0878228773158938,0
11525,-64.84293688012364,-3.0877867055108217,0
11526,-64.868285,-3.0730600000000003,6
11527,-64.865117,-3.072201000000005,6
11528,-64.864808,-3.072398000000003,6
11529,-64.865224,-3.071698999999994,6
11530,-64.863757,-3.071077999999998,6
11531,-64.84267226059563,-3.0877238699617635,0
11532,-64.84274634497339,-3.087651401962534,0
11533,-64.84283406219743,-3.087660291514965,0
11534,-64.866621,-3.086108000000004,6
11535,-64.84297003374226,-3.0877776053793875,0
11536,-64.866351,-3.095537000000004,6
11537,-64.863243,-3.0948399999999947,6
11538,-64.862972,-3.094892000000001,6
11539,-64.862765,-3.093533000000002,6
11540,-64.86492300000002,-3.093394,6
11541,-64.865175,-3.0936899999999947,6
11542,-64.84316464501866,-3.087831520467857,0
11543,-64.87219,-3.091800999999997,6
11544,-64.870921,-3.0911149999999963,6
11545,-64.84300757574398,-3.087705201039849,0
11546,-64.84296697334794,-3.0876329328543664,0
11547,-64.84297940388618,-3.087669080660913,0
11548,-64.862954,-3.096599999999992,6
11549,-64.861361,-3.097526999999995,6
11550,-64.864463,-3.0922060000000005,6
11551,-64.864603,-3.0923830000000008,6
11552,-64.84321502339039,-3.087867602137511,0
11553,-64.869563,-3.090190999999994,6
11554,-64.873593,-3.090807000000003,6
11555,-64.875398,-3.0905579999999944,6
11556,-64.877502,-3.0845829999999976,6
11557,-64.84306123324933,-3.0878497853972684,0
11558,-64.84308365848105,-3.0878135768593444,0
11559,-64.876727,-3.0821030000000014,6
11560,-64.871049,-3.087776999999995,6
11561,-64.867218,-3.090580999999998,6
11562,-64.84305934354389,-3.087895000518008,0
11563,-64.869664,-3.0902550000000044,6
11564,-64.869272,-3.090832000000006,6
11565,-64.858238,-3.079693999999992,6
11566,-64.85664,-3.081365000000007,6
11567,-64.85587600000001,-3.0817899999999936,6
11568,-64.84276299193127,-3.0876875424305226,0
11569,-64.84274464281533,-3.08764236256061,0
11570,-64.853465,-3.074593000000005,6
11571,-64.84269977673148,-3.087705737291936,0
11572,-64.856634,-3.077272000000001,6
11573,-64.857665,-3.0778859999999915,6
11574,-64.857964,-3.077977000000004,6
11575,-64.857619,-3.077906000000003,6
11576,-64.857749,-3.0779030000000045,6
11577,-64.84257857801587,-3.08767882131742,0
11578,-64.84253094826578,-3.087606565338033,0
11579,-64.841739,-3.0777560000000053,0
11580,-64.842121,-3.077699000000002,0
11581,-64.84230700000002,-3.0775920000000028,0
11582,-64.843642,-3.074836000000006,0
11583,-64.84283500000001,-3.074484999999997,0
11584,-64.836465,-3.066745000000005,0
11585,-64.838476,-3.0647300000000075,0
11586,-64.838311,-3.0629670000000075,0
11587,-64.838264,-3.063030999999995,0
11588,-64.839803,-3.062739000000005,0
11589,-64.840443,-3.061303000000005,0
11590,-64.84214367720881,-3.087652451688278,0
11591,-64.839644,-3.0604109999999984,0
11592,-64.839588,-3.0603319999999994,0
11593,-64.841245,-3.0607519999999973,0
11594,-64.8416,-3.061097,0
11595,-64.841258,-3.0610380000000057,0
11596,-64.841286,-3.061123000000006,0
11597,-64.841254,-3.061164999999995,0
11598,-64.84221035907808,-3.0876885050385297,0
11599,-64.844773,-3.0739270000000043,6
11600,-64.844575,-3.0739679999999927,0
11601,-64.844891,-3.073980000000001,6
11602,-64.84233552488294,-3.0875707362417857,0
11603,-64.833974,-3.0843129999999963,0
11604,-64.831943,-3.0832249999999983,0
11605,-64.831297,-3.0829569999999973,0
11606,-64.831279,-3.083212,0
11607,-64.84244493375533,-3.0874439525215145,0
11608,-64.831436,-3.082847999999995,0
11609,-64.84243337769213,-3.087425887910759,0
11610,-64.826886,-3.083136000000003,0
11611,-64.84247722850876,-3.0874258115366207,0
11612,-64.84244149827784,-3.0874077890298284,0
11613,-64.84233911737019,-3.0873717978601003,0
11614,-64.825765,-3.0871580000000005,0
11615,-64.825781,-3.087066,0
11616,-64.825757,-3.0872120000000027,0
11617,-64.825755,-3.087381000000005,0
11618,-64.823108,-3.083458999999998,0
11619,-64.823261,-3.0835449999999995,0
11620,-64.823195,-3.0835860000000053,0
11621,-64.822941,-3.083630000000004,0
11622,-64.824323,-3.0807510000000007,0
11623,-64.824316,-3.081403000000008,0
11624,-64.824411,-3.081472000000001,0
11625,-64.825016,-3.0809069999999936,0
11626,-64.824533,-3.081332000000008,0
11627,-64.82441400000002,-3.081389000000002,0
11628,-64.822394,-3.0797289999999995,0
11629,-64.822113,-3.079761000000002,0
11630,-64.822226,-3.079683000000006,0
11631,-64.819917,-3.0792539999999984,0
11632,-64.820366,-3.0790420000000056,0
11633,-64.84214138293491,-3.087299803241532,0
11634,-64.820045,-3.078332999999994,0
11635,-64.820007,-3.0783849999999933,0
11636,-64.819959,-3.078395000000007,0
11637,-64.819982,-3.078191999999996,0
11638,-64.820691,-3.081028000000002,0
11639,-64.821517,-3.0816540000000074,0
11640,-64.821451,-3.081653000000008,0
11641,-64.827826,-3.0802249999999933,0
11642,-64.827278,-3.0760540000000067,0
11643,-64.824047,-3.074256999999994,0
11644,-64.824023,-3.074381000000004,0
11645,-64.824456,-3.072954999999993,0
11646,-64.821641,-3.073027000000004,0
11647,-64.818884,-3.0754109999999906,0
11648,-64.819541,-3.078600999999998,0
11649,-64.819407,-3.0785399999999927,0
11650,-64.819462,-3.078542000000001,0
11651,-64.827439,-3.0883380000000025,0
11652,-64.84246340810132,-3.087398708501495,0
11653,-64.84247265306631,-3.087380607662456,0
11654,-64.84239980271789,-3.0873536074343133,0
11655,-64.827825,-3.1017920000000045,0
11656,-64.828184,-3.1025279999999915,0
11657,-64.822389,-3.100765999999993,0
11658,-64.822255,-3.1006930000000072,0
11659,-64.822447,-3.100699000000006,0
11660,-64.8424889259864,-3.087199731948705,0
11661,-64.813355,-3.0950570000000064,0
11662,-64.813413,-3.095268999999998,0
11663,-64.813736,-3.095443999999998,0
11664,-64.8135,-3.095279000000009,0
11665,-64.813512,-3.0951869999999944,0
11666,-64.84253146482288,-3.087253912073036,0
11667,-64.827361,-3.108229000000008,0
11668,-64.827485,-3.108992999999995,0
11669,-64.828277,-3.109149000000008,0
11670,-64.84278385633797,-3.087398150336772,0
11671,-64.83681200000001,-3.103245,0
11672,-64.836748,-3.1033380000000004,0
11673,-64.834379,-3.105131000000005,0
11674,-64.84288722132544,-3.087352758439664,0
11675,-64.84286345401398,-3.087099613576079,0
11676,-64.830233,-3.107613999999998,0
11677,-64.823573,-3.110600999999999,0
11678,-64.824433,-3.1101509999999988,0
11679,-64.822346,-3.1143529999999973,0
11680,-64.818781,-3.1181269999999945,0
11681,-64.828525,-3.109140999999996,0
11682,-64.828403,-3.1087810000000005,0
11683,-64.828662,-3.1089159999999945,0
11684,-64.830079,-3.107087000000005,0
11685,-64.836992,-3.103709000000007,0
11686,-64.837277,-3.104189,0
11687,-64.839726,-3.102889000000007,6
11688,-64.838131,-3.1047650000000058,0
11689,-64.853881,-3.093834999999997,6
11690,-64.846781,-3.096933000000005,6
11691,-64.846242,-3.0978030000000056,6
11692,-64.847025,-3.096470999999995,6
11693,-64.84829,-3.096362999999997,6
11694,-64.858784,-3.091694000000001,6
11695,-64.857728,-3.093865999999995,6
11696,-64.85654,-3.0930949999999933,6
11697,-64.85196610717138,-3.093558019666108,6
11698,-64.85199526257784,-3.093512756927032,6
11699,-64.854966,-3.089773000000001,6
11700,-64.8519918109571,-3.0934675513855763,6
11701,-64.85196787079093,-3.0934404664210704,6
11702,-64.842898,-3.098644000000008,6
11703,-64.846999,-3.095288000000003,6
11704,-64.847458,-3.0951119999999923,6
11705,-64.84778,-3.0950089999999983,6
11706,-64.85208983464345,-3.093422167842605,6
11707,-64.851766,-3.091559999999998,6
11708,-64.85916,-3.088210999999996,6
11709,-64.863059,-3.085178999999994,6
11710,-64.862728,-3.0857939999999955,6
11711,-64.862337,-3.090251000000003,6
11712,-64.86253379706434,-3.0899677347039627,6
11713,-64.861985,-3.092288000000006,6
11714,-64.862003,-3.0922659999999955,6
11715,-64.863372,-3.0920820000000044,6
11716,-64.853849,-3.089511999999992,6
11717,-64.853786,-3.0895120000000005,6
11718,-64.853964,-3.089544999999997,6
11719,-64.853715,-3.089759999999998,6
11720,-64.84823849886664,-3.09307626556721,6
11721,-64.836559,-3.1005649999999947,0
11722,-64.852249,-3.090507000000008,6
11723,-64.852776,-3.090038000000002,6
11724,-64.84833172860849,-3.093021848351884,6
11725,-64.84832804304172,-3.093003770127104,6
11726,-64.84864,-3.091715999999997,6
11727,-64.84833393038492,-3.0929947174840384,6
11728,-64.84832491966624,-3.092985690918189,6
11729,-64.849223,-3.0944009999999955,6
11730,-64.84702,-3.095260000000002,6
11731,-64.846258,-3.0942179999999992,6
11732,-64.844715,-3.0954870000000065,6
11733,-64.84834259735814,-3.0929675752997494,6
11734,-64.844718,-3.0955930000000014,6
11735,-64.84834119188064,-3.092967577759861,6
11736,-64.846628,-3.0957129999999964,6
11737,-64.84835160807663,-3.0929766018654523,6
11738,-64.84833502344203,-3.0929766308948654,6
11739,-64.848316486801,-3.09298570567877,6
11740,-64.848013,-3.092445000000005,6
11741,-64.84778,-3.0916510000000006,6
11742,-64.847588,-3.0919090000000065,6
11743,-64.847498,-3.091870000000001,6
11744,-64.859322,-3.078381000000003,6
11745,-64.85738022908187,-3.0773356775115888,6
11746,-64.858906,-3.0779359999999967,6
11747,-64.859083,-3.077741000000004,6
11748,-64.856349,-3.0777500000000053,6
11749,-64.857698,-3.076848999999993,6
11750,-64.85743154326556,-3.077263249355338,6
11751,-64.85742645232843,-3.0772451736771425,6
11752,-64.855189,-3.0763669999999923,6
11753,-64.856208,-3.075164999999993,6
11754,-64.853609,-3.068235999999997,6
11755,-64.854141,-3.0677990000000044,6
11756,-64.854248,-3.067889000000002,6
11757,-64.860258,-3.056912000000007,6
11758,-64.859771,-3.0558820000000035,6
11759,-64.859585,-3.055897999999999,6
11760,-64.86100185440854,-3.063729749209707,6
11761,-64.86061,-3.0565020000000005,6
11762,-64.862181,-3.059594999999993,6
11763,-64.86104592239815,-3.0636935031664163,6
11764,-64.863574,-3.064501999999996,6
11765,-64.863421,-3.065206999999995,6
11766,-64.859219,-3.0720090000000013,6
11767,-64.86105825885608,-3.0635126360826,6
11768,-64.86105893029958,-3.0634131698595235,6
11769,-64.86106792498927,-3.0632503931659443,6
11770,-64.861651,-3.0791710000000023,6
11771,-64.839791,-3.076667999999993,0
11772,-64.83672046510743,-3.086495413062408,0
11773,-64.837616,-3.089642999999994,0
11774,-64.83679569154845,-3.086269222546564,0
11775,-64.83680712328203,-3.0862149483192933,0
11776,-64.837601,-3.0895210000000013,0
11777,-64.83683037655926,-3.086169695971992,0
11778,-64.83683178203697,-3.086169693532565,0
11779,-64.83884,-3.0913700000000053,0
11780,-64.8368382627651,-3.0861787246816355,0
11781,-64.838631,-3.091351999999993,0
11782,-64.83683171991473,-3.0861335240505743,0
11783,-64.83681844630367,-3.086097377498565,0
11784,-64.83680322055541,-3.08607027673151,0
11785,-64.834814,-3.083432000000005,0
11786,-64.835124,-3.082869000000002,0
11787,-64.83679644320333,-3.0860522036988,0
11788,-64.83486,-3.083335000000006,0
11789,-64.83682124328888,-3.0859255670910755,0
11790,-64.835169,-3.083407,0
11791,-64.833101,-3.082733,0
11792,-64.832212,-3.081637999999994,0
11793,-64.832729,-3.081953999999995,0
11794,-64.83183100000001,-3.0801169999999964,0
11795,-64.831767,-3.079450000000003,0
11796,-64.831795,-3.080226,0
11797,-64.83128065885249,-3.0759613721009056,0
11798,-64.831779,-3.0798309999999987,0
11799,-64.831621,-3.0735820000000063,0
11800,-64.831714,-3.073427000000007,0
11801,-64.831599,-3.0736519999999947,0
11802,-64.831783,-3.0734699999999973,0
11803,-64.83173,-3.0733230000000047,0
11804,-64.831651,-3.073419999999995,0
11805,-64.83127023084027,-3.0757805415430504,0
11806,-64.828084,-3.073431000000007,0
11807,-64.830808,-3.0732699999999915,0
11808,-64.815167,-3.076491,0
11809,-64.813646,-3.087815999999997,0
11810,-64.813722,-3.0876439999999925,0
11811,-64.818883,-3.090902999999992,0
11812,-64.818832,-3.091048999999994,0
11813,-64.84035681817004,-3.07394731334052,0
11814,-64.84043471369824,-3.073802500315556,0
11815,-64.832512,-3.092246000000008,0
11816,-64.847526,-3.079876999999996,6
11817,-64.850335,-3.0784589999999987,6
11818,-64.84081496875585,-3.0737656720825486,0
11819,-64.858231,-3.0474269999999977,6
11820,-64.84067753043115,-3.073774952559928,0
11821,-64.850768,-3.065656,6
11822,-64.853145,-3.0672529999999973,6
11823,-64.845585,-3.069866999999996,6
11824,-64.836489,-3.058725999999996,0
11825,-64.84063163708703,-3.0735670573196465,0
11826,-64.84063321514418,-3.0735037579254807,0
11827,-64.842987,-3.064544,0
11828,-64.8407708457585,-3.0731146972051224,0
11829,-64.841908,-3.0628239999999995,0
11830,-64.842131,-3.072226000000004,0
11831,-64.855132,-3.048623999999992,6
11832,-64.855168,-3.048788999999997,6
11833,-64.851631,-3.0498380000000003,6
11834,-64.851683,-3.0722340000000044,6
11835,-64.852066,-3.0720520000000024,6
11836,-64.85488535533212,-3.078850106049784,6
11837,-64.85492303660203,-3.0786963209499563,6
11838,-64.851939,-3.0787160000000027,6
11839,-64.852053,-3.086776000000005,6
11840,-64.85504715351583,-3.078623765472829,6
11841,-64.85712,-3.0890910000000065,6
11842,-64.85756,-3.0891150000000063,6
11843,-64.85511483377705,-3.078587477902011,6
11844,-64.85512390636558,-3.0784699120657923,6
11845,-64.85518871258941,-3.078234698809009,6
11846,-64.869146,-3.0824229999999995,6
11847,-64.864596,-3.076187999999991,6
11848,-64.865727,-3.068502000000004,6
11849,-64.885503,-3.0588760000000046,4
11850,-64.87470386604026,-3.059003792701049,6
11851,-64.87480381796263,-3.058614802275564,6
11852,-64.87485953170824,-3.0583253538271933,6
11853,-64.874448,-3.0366779999999944,4
11854,-64.868033,-3.054760999999997,6
11855,-64.87502887620475,-3.057592637793541,6
11856,-64.87372,-3.076940000000004,6
11857,-64.883034,-3.026808000000001,4
11858,-64.884338,-3.0272010000000016,4
11859,-64.868271,-3.059954999999995,6
11860,-64.865061,-3.0618559999999944,6
11861,-64.864539,-3.059502000000006,6
11862,-64.86593553656584,-3.0546607872493183,6
11863,-64.864756,-3.0590649999999986,6
11864,-64.867356,-3.045733000000001,6
11865,-64.867726,-3.049677000000007,6
11866,-64.86677,-3.0476850000000075,6
11867,-64.866738,-3.047327000000001,6
11868,-64.86597365454483,-3.054271903824844,6
11869,-64.865369,-3.060287000000005,6
11870,-64.866724,-3.065621000000006,6
11871,-64.862829,-3.069634999999993,6
11872,-64.862555,-3.0696820000000016,6
11873,-64.86201800000002,-3.0692830000000018,6
11874,-64.862185,-3.072682000000003,6
11875,-64.877151,-3.086849000000002,6
11876,-64.87752,-3.086895,6
11877,-64.867228,-3.076300000000002,6
11878,-64.87767,-3.078089000000002,6
11879,-64.877696,-3.077895999999999,6
11880,-64.877102,-3.0752089999999965,6
11881,-64.85857747275688,-3.0929134417118496,6
11882,-64.879556,-3.079201999999999,6
11883,-64.85901177357759,-3.0925961973152543,6
11884,-64.85920193222881,-3.0925144820245385,6
11885,-64.874493,-3.0889140000000075,6
11886,-64.875621,-3.0904100000000057,6
11887,-64.875209,-3.0903329999999944,6
11888,-64.85936972691131,-3.0923423832732246,6
11889,-64.85933080998083,-3.0922701135298665,6
11890,-64.85925681936823,-3.092234074650842,6
11891,-64.852722,-3.097060999999992,6
11892,-64.852392,-3.096720000000007,6
11893,-64.856544,-3.0953159999999937,6
11894,-64.853192,-3.0909720000000016,6
11895,-64.853104,-3.091270000000001,6
11896,-64.853679,-3.0903300000000025,6
11897,-64.85921139004864,-3.092134689511976,6
11898,-64.826181,-3.108382,0
11899,-64.85941816462106,-3.0920710295567617,6
11900,-64.85947552100605,-3.091917209807733,6
11901,-64.853717,-3.0967039999999946,6
11902,-64.835683,-3.103060000000006,0
11903,-64.829369,-3.097416,0
11904,-64.82200325375038,-3.081339519125466,0
11905,-64.817779,-3.094536000000005,0
11906,-64.8223978336509,-3.08079629252425,0
11907,-64.81466500000002,-3.079873999999996,0
11908,-64.814471,-3.074394999999996,0
11909,-64.82248729228114,-3.080506779677383,0
11910,-64.80312,-3.093745000000008,0
11911,-64.811116,-3.089319000000006,0
11912,-64.82270243863196,-3.08056970711781,0
11913,-64.816648,-3.072992000000007,0
11914,-64.840722,-3.0637159999999937,0
11915,-64.840651,-3.064049999999992,0
11916,-64.84725300000001,-3.0648609999999943,6
11917,-64.864378,-3.0709590000000007,6
11918,-64.86753511827871,-3.07359245323445,6
11919,-64.865947,-3.072403000000008,6
11920,-64.865976,-3.0726120000000074,6
11921,-64.86775634772584,-3.073438346290986,6
11922,-64.866828,-3.076374999999996,6
11923,-64.866942,-3.0767709999999973,6
11924,-64.867124,-3.0766609999999983,6
11925,-64.86784788780675,-3.0733839319462093,6
11926,-64.86481,-3.0719069999999973,6
11927,-64.864728,-3.071925000000002,6
11928,-64.866683,-3.076562000000004,6
11929,-64.864777,-3.071972999999994,6
11930,-64.86785489926028,-3.073374877381227,6
11931,-64.867843390411,-3.073383939851284,6
11932,-64.867548,-3.077224,6
11933,-64.86788867691045,-3.073401944731776,6
11934,-64.86789373648061,-3.0734019358382976,6
11935,-64.8679375860881,-3.073401858760478,6
11936,-64.881932,-3.069494000000001,6
11937,-64.87864,-3.065824000000004,6
11938,-64.89209,-3.0600489999999967,4
11939,-64.890947,-3.0589730000000035,4
11940,-64.84063,-3.0748400000000005,0
11941,-64.844205,-3.061674000000001,0
11942,-64.844046,-3.0617909999999937,0
11943,-64.839788,-3.0597200000000004,0
11944,-64.84097752324728,-3.060834788054849,0
11945,-64.8409887204643,-3.0608076415949714,0
11946,-64.838912,-3.060263999999997,0
11947,-64.838929,-3.060334000000006,0
11948,-64.852288,-3.050581999999996,6
11949,-64.867343,-2.990310999999993,2
11950,-64.874896,-2.9735379999999925,2
11951,-64.874792,-2.9732630000000064,2
11952,-64.876214,-2.971646000000002,2
11953,-64.876219,-2.9717670000000025,2
11954,-64.876444,-2.9655189999999947,2
11955,-64.876595,-2.965414000000004,2
11956,-64.876716,-2.965405999999996,2
11957,-64.87755,-2.965341000000008,2
11958,-64.87283224244189,-2.955627317796318,2
11959,-64.881205,-2.943426999999996,2
11960,-64.87280455435193,-2.9557087448263606,2
11961,-64.884216,-2.938402999999994,2
11962,-64.899035,-2.935386000000001,7
11963,-64.899555,-2.9348649999999994,7
11964,-64.899054,-2.9372769999999933,7
11965,-64.87262641017709,-2.955736173492456,2
11966,-64.87258396365708,-2.9555644429919714,2
11967,-64.875898,-2.9473500000000064,2
11968,-64.876511,-2.931759000000007,2
11969,-64.879434,-2.930105999999992,2
11970,-64.87247026532967,-2.9554742133422924,2
11971,-64.881379,-2.925513000000002,2
11972,-64.876444,-2.924277000000006,2
11973,-64.87225210633555,-2.9551038513683023,2
11974,-64.848562,-2.9364570000000043,1
11975,-64.848501,-2.936412000000007,1
11976,-64.842644,-2.9604290000000035,1
11977,-64.87234850167584,-2.954931885571069,2
11978,-64.852007,-3.0102689999999965,1
11979,-64.8725788078864,-2.9550038332165416,2
11980,-64.87246425131933,-2.954904562748273,2
11981,-64.841867,-2.975940000000005,1
11982,-64.87273803971112,-2.954424860447173,2
11983,-64.870469,-2.967277999999995,2
11984,-64.881845,-2.9500590000000027,2
11985,-64.88237,-2.950172999999997,2
11986,-64.885219,-2.9477850000000028,2
11987,-64.882323,-2.9335970000000056,2
11988,-64.878521,-2.9331809999999976,2
11989,-64.89329157641545,-2.944778063302224,2
11990,-64.89344590349823,-2.944795884050738,2
11991,-64.914671,-2.9366980000000003,2
11992,-64.911231,-2.9468279999999925,2
11993,-64.909858,-2.9503279999999954,2
11994,-64.903204,-2.9481859999999966,2
11995,-64.856334,-2.931154999999994,1
11996,-64.856196,-2.9311009999999964,1
11997,-64.854865,-2.9314179999999963,1
11998,-64.85914570589529,-2.949971866670084,2
11999,-64.853274,-2.9318150000000065,1
12000,-64.852449,-2.931915000000004,1
12001,-64.852617,-2.925035999999993,1
12002,-64.85973500268126,-2.949753861557625,2
12003,-64.910173,-2.935881000000003,2
12004,-64.85972202898314,-2.949726756449036,2
12005,-64.85973187653676,-2.9495639784869714,2
12006,-64.85973265959969,-2.949527807967271,2
12007,-64.872555,-2.9738960000000074,2
12008,-64.866688,-2.976021000000003,2
12009,-64.85983642519868,-2.9493919991495576,2
12010,-64.85965599737101,-2.9492295407918583,2
12011,-64.83750200000001,-2.9585609999999942,1
12012,-64.839378,-2.967740999999995,1
12013,-64.85977745894853,-2.94925646368678,2
12014,-64.85974827412707,-2.9492836396105897,2
12015,-64.865118,-2.9641449999999967,2
12016,-64.86004045899386,-2.948876245318532,2
12017,-64.873395,-2.963955000000001,2
12018,-64.833496,-2.968131000000003,1
12019,-64.838003,-2.9573749999999976,1
12020,-64.848858,-2.952404999999992,1
12021,-64.88068280420431,-2.930711780321783,2
12022,-64.861249,-2.939906000000008,2
12023,-64.886873,-2.9205710000000025,7
12024,-64.88107826399975,-2.930557395451355,2
12025,-64.88106611850579,-2.9305212471803577,2
12026,-64.878966,-2.915772000000002,2
12027,-64.890522,-2.907150000000005,7
12028,-64.890443,-2.907375,7
12029,-64.890345,-2.907236000000004,7
12030,-64.890369,-2.907148999999993,7
12031,-64.893986,-2.904361000000006,7
12032,-64.88116219770609,-2.9306657600702533,2
12033,-64.893766,-2.903763999999996,7
12034,-64.8812374885259,-2.93064754856605,2
12035,-64.911024,-2.917132000000004,7
12036,-64.88128236568096,-2.9305932196394195,2
12037,-64.8813232628433,-2.9305117708564,2
12038,-64.88140451607846,-2.930529718050246,2
12039,-64.909068,-2.9389190000000016,2
12040,-64.911232,-2.946762999999996,2
12041,-64.894836,-2.962915000000007,2
12042,-64.87547,-2.9729480000000064,2
12043,-64.890758,-2.9405399999999986,2
12044,-64.878284,-2.931194999999994,2
12045,-64.877587,-2.9316939999999967,2
12046,-64.871851,-2.9165719999999955,2
12047,-64.892817,-2.9059540000000044,7
12048,-64.899561,-2.898541999999992,7
12049,-64.905118,-2.885239999999996,7
12050,-64.89594369733086,-2.9092470554337626,7
12051,-64.89603541637464,-2.9091383950713032,7
12052,-64.89611770089667,-2.909102087596888,7
12053,-64.917209,-2.883106999999992,7
12054,-64.89604150861454,-2.909084132067504,7
12055,-64.898988,-2.8992820000000075,7
12056,-64.89608456225679,-2.908948427561832,7
12057,-64.89606842206058,-2.9088761178760745,7
12058,-64.891993,-2.9067049999999983,7
12059,-64.888321,-2.922822000000008,7
12060,-64.888279,-2.922812999999996,7
12061,-64.887394,-2.923505000000004,7
12062,-64.899895,-2.9173149999999954,7
12063,-64.908924,-2.910582000000004,7
12064,-64.89646092411648,-2.9086403597949704,7
12065,-64.909007,-2.9098300000000017,7
12066,-64.902709,-2.9366520000000067,2
12067,-64.91282149787885,-2.8958362116803644,7
12068,-64.898391,-2.931790999999999,7
12069,-64.913177,-2.902384,7
12070,-64.9136340241951,-2.89469553742867,7
12071,-64.91367999243792,-2.894623123218244,7
12072,-64.922505,-2.8808739999999964,3
12073,-64.929914,-2.868545999999993,3
12074,-64.929886,-2.868605999999996,3
12075,-64.93420200000001,-2.861416999999996,3
12076,-64.928691,-2.868232999999996,3
12077,-64.91369915619855,-2.894487460286839,7
12078,-64.91371067134776,-2.894315642220762,7
12079,-64.91372019616739,-2.894297542007548,7
12080,-64.926459,-2.871928999999999,3
12081,-64.91370045515583,-2.89442416388715,7
12082,-64.921697,-2.869081999999997,3
12083,-64.920657,-2.8690409999999984,3
12084,-64.921017,-2.870035,3
12085,-64.921491,-2.8793090000000072,3
12086,-64.933066,-2.8620760000000045,3
12087,-64.91375688962718,-2.894559698566418,7
12088,-64.944175,-2.856695999999998,3
12089,-64.91361282590141,-2.8942886821099503,7
12090,-64.91354752771069,-2.894062742147604,7
12091,-64.909303,-2.9079419999999976,7
12092,-64.905103,-2.913960999999996,7
12093,-64.91350901968246,-2.8935564538277414,7
12094,-64.872712,-2.938626999999999,2
12095,-64.872479,-2.9385349999999986,2
12096,-64.91369145632348,-2.89358327053692,7
12097,-64.91364603497946,-2.8936466417646933,7
12098,-64.91360363717156,-2.893502041207488,7
12099,-64.900935,-2.9170800000000043,7
12100,-64.903044,-2.915530000000004,7
12101,-64.909135,-2.910604,7
12102,-64.89689023102275,-2.915954704586789,7
12103,-64.89702877805378,-2.9157826697474487,7
12104,-64.89709181559216,-2.915665015501993,7
12105,-64.889573,-2.911771,7
12106,-64.887642,-2.907749000000005,7
12107,-64.89724256860671,-2.9155652968958576,7
12108,-64.89728753536356,-2.915565220719768,7
12109,-64.89732241490653,-2.9155832458529733,7
12110,-64.90661,-2.912160000000009,7
12111,-64.89734071295878,-2.9156012990758784,7
12112,-64.89734798974887,-2.9155832025259536,7
12113,-64.906004,-2.913459000000006,7
12114,-64.89492,-2.9253520000000086,7
12115,-64.89739853188536,-2.915555990567268,7
12116,-64.89736922772681,-2.915510829658584,7
12117,-64.89734187571345,-2.9154566233294643,7
12118,-64.889259,-2.921760000000005,7
12119,-64.899739,-2.917860000000001,7
12120,-64.916719,-2.8860710000000074,7
12121,-64.925538,-2.8669189999999927,3
12122,-64.926239,-2.867972000000002,3
12123,-64.90670392516617,-2.918108132554772,7
12124,-64.90691476337769,-2.917474829041244,7
12125,-64.925144,-2.867913000000007,3
12126,-64.90698868214575,-2.916977389788549,7
12127,-64.908882,-2.9106269999999976,7
12128,-64.90710440834872,-2.9166064681917465,7
12129,-64.908827,-2.9106279999999924,7
12130,-64.9071765207291,-2.9163712518084703,7
12131,-64.9071577739679,-2.91625373696904,7
12132,-64.90711449368742,-2.916253810687244,7
12133,-64.913295,-2.9483270000000026,2
12134,-64.90713885282322,-2.91619951684012,7
12135,-64.896685,-2.9671209999999983,2
12136,-64.9072728451378,-2.91549400801965,7
12137,-64.9072486174355,-2.914291455415303,7
12138,-64.855258,-2.989722999999993,1
12139,-64.909888,-2.907936999999994,7
12140,-64.900665,-2.9316860000000013,7
12141,-64.890368,-2.927161000000005,7
12142,-64.840865,-2.9385020000000024,1
12143,-64.87312370342924,-2.934440872326199,2
12144,-64.846195,-2.9657889999999947,1
12145,-64.8341,-2.9738799999999976,1
12146,-64.87460268123556,-2.9329735410869344,2
12147,-64.87462054795793,-2.932901173189238,2
12148,-64.863086,-2.981050000000001,2
12149,-64.8750427357362,-2.9330993911969387,2
12150,-64.887389,-2.968448000000001,2
12151,-64.907613,-2.9355879999999965,2
12152,-64.898019,-2.928186000000003,7
12153,-64.897584,-2.928344000000007,7
12154,-64.890323,-2.927627000000005,7
12155,-64.884385,-2.914366000000002,7
12156,-64.90237,-2.895155000000001,7
12157,-64.87489848683398,-2.93322622529024,2
12158,-64.87495544964226,-2.933171876003515,2
12159,-64.910474,-2.8776900000000007,7
12160,-64.917876,-2.8743220000000065,3
12161,-64.8746292406607,-2.9332266787147736,2
12162,-64.87473437844004,-2.9330727838203186,2
12163,-64.912075,-2.8795840000000075,7
12164,-64.87458717828726,-2.93294644050926,2
12165,-64.87461249781781,-2.9327926800215143,2
12166,-64.87461493690512,-2.932738422553897,2
12167,-64.893928,-2.910656000000005,7
12168,-64.8745244938996,-2.9326029414138555,2
12169,-64.87437902028707,-2.932331919463373,2
12170,-64.842366,-2.925976999999998,1
12171,-64.835339,-2.947542999999992,1
12172,-64.835837,-2.973838000000002,1
12173,-64.87475166259253,-2.9323132077192566,2
12174,-64.87462223403857,-2.932394805648799,2
12175,-64.860254,-2.9761629999999983,2
12176,-64.87475828244088,-2.9325754211326176,2
12177,-64.880732,-2.9508349999999983,2
12178,-64.87458923577415,-2.932494325696343,2
12179,-64.836215,-2.941648999999994,1
12180,-64.85348500000002,-2.9236340000000047,1
12181,-64.87465648714976,-2.9327112259176413,2
12182,-64.875503,-2.914308000000004,2
12183,-64.901251,-2.916761,7
12184,-64.87485798505043,-2.932701844419745,2
12185,-64.87513353909355,-2.9319327913394275,2
12186,-64.90556,-2.8851000000000044,7
12187,-64.916648,-2.885901000000004,7
12188,-64.903296,-2.893159000000003,7
12189,-64.903285,-2.893508000000001,7
12190,-64.914857,-2.8633300000000026,3
12191,-64.918367,-2.8612809999999933,3
12192,-64.932228,-2.848975999999996,3
12193,-64.932173,-2.8490429999999973,3
12194,-64.914084,-2.877420999999995,7
12195,-64.91248,-2.8785600000000025,7
12196,-64.910112,-2.9001020000000035,7
12197,-64.910992,-2.890678999999994,7
12198,-64.90320013126696,-2.886005663404949,7
12199,-64.904933,-2.888925999999994,7
12200,-64.90336260916968,-2.885860716736256,7
12201,-64.907676,-2.881629000000006,7
12202,-64.9033481560701,-2.8857884043797046,7
12203,-64.895774,-2.881962999999997,7
12204,-64.905581,-2.883293999999995,7
12205,-64.90541,-2.883283999999992,7
12206,-64.905524,-2.883210000000004,7
12207,-64.905671,-2.884566999999999,7
12208,-64.90344988548266,-2.885616433665007,7
12209,-64.892486,-2.891427000000004,7
12210,-64.901091,-2.877883000000005,7
12211,-64.907795,-2.875920999999993,7
12212,-64.916726,-2.8862019999999946,7
12213,-64.899735,-2.898876000000008,7
12214,-64.891725,-2.9004790000000047,7
12215,-64.896308,-2.902310000000003,7
12216,-64.91118919200392,-2.845248739812856,3
12217,-64.897155,-2.901483,7
12218,-64.91116261202363,-2.845149321549119,3
12219,-64.907784,-2.8751929999999977,7
12220,-64.896016,-2.881736000000007,7
12221,-64.89584,-2.881776999999996,7
12222,-64.889201,-2.889577999999996,7
12223,-64.897195,-2.901587000000008,7
12224,-64.897167,-2.9014270000000058,7
12225,-64.89707,-2.9013649999999966,7
12226,-64.909687,-2.897024000000004,7
12227,-64.91129603821165,-2.845112931143291,3
12228,-64.895259,-2.8824810000000016,7
12229,-64.895157,-2.8824389999999944,7
12230,-64.9112287864135,-2.845230589772598,3
12231,-64.91214900000001,-2.8748350000000067,7
12232,-64.911819,-2.874921,7
12233,-64.912037,-2.874842999999992,7
12234,-64.91112188060998,-2.845330230353408,3
12235,-64.9042,-2.8458310000000044,3
12236,-64.903901,-2.845368000000005,3
12237,-64.907418,-2.8408199999999995,3
12238,-64.896221,-2.829740000000005,3
12239,-64.8968,-2.830647000000005,3
12240,-64.9108557203296,-2.8451407905544066,3
12241,-64.903638,-2.8318510000000074,3
12242,-64.91089842089215,-2.8451316774021485,3
12243,-64.91088114447506,-2.845050327721345,3
12244,-64.91080538556098,-2.844950991311668,3
12245,-64.895731,-2.881944999999998,7
12246,-64.91092823333209,-2.8446343150300533,3
12247,-64.91073467766509,-2.8441644506258323,3
12248,-64.835824,-2.930721000000008,1
12249,-64.835564,-2.931127999999993,1
12250,-64.846383,-2.9284489999999948,1
12251,-64.9109518075638,-2.84444439274076,3
12252,-64.897099,-2.9012829999999963,7
12253,-64.897213,-2.9014879999999943,7
12254,-64.91121278102902,-2.845067859563919,3
12255,-64.910952,-2.8866930000000024,7
12256,-64.898933,-2.898956000000002,7
12257,-64.899037,-2.8990270000000056,7
12258,-64.91129383672308,-2.845311859858152,3
12259,-64.909378,-2.878783000000006,7
12260,-64.919347,-2.8636150000000047,3
12261,-64.919131,-2.863640999999995,3
12262,-64.91101954364683,-2.84530327464036,3
12263,-64.8967,-2.830692000000004,3
12264,-64.896681,-2.8305830000000047,3
12265,-64.897022,-2.8305000000000065,3
12266,-64.890861,-2.822910000000004,3
12267,-64.896561,-2.8082139999999933,3
12268,-64.896497,-2.808201,3
12269,-64.896414,-2.8083439999999995,3
12270,-64.91073066713,-2.845312797738392,3
12271,-64.90731,-2.8408520000000035,3
12272,-64.907411,-2.8407789999999986,3
12273,-64.907361,-2.840920999999994,3
12274,-64.906945,-2.8389039999999977,3
12275,-64.90937,-2.847264,3
12276,-64.915196,-2.853485000000008,3
12277,-64.916034,-2.8536809999999924,3
12278,-64.917094,-2.858563000000004,3
12279,-64.917548,-2.858086000000002,3
12280,-64.915913,-2.853882999999994,3
12281,-64.915952,-2.8539979999999923,3
12282,-64.91154910096118,-2.8458810835739747,3
12283,-64.935006,-2.8557880000000053,3
12284,-64.934483,-2.855451999999996,3
12285,-64.93463400000002,-2.8552780000000006,3
12286,-64.91185913524926,-2.846432131681943,3
12287,-64.955395,-2.851283999999996,3
12288,-64.955416,-2.851186999999996,3
12289,-64.955328,-2.851178000000003,3
12290,-64.969735,-2.8481970000000003,3
12291,-64.978203,-2.844627999999997,3
12292,-64.978178,-2.844618000000007,3
12293,-64.977157,-2.8426159999999974,3
12294,-64.954703,-2.842293999999993,3
12295,-64.95494,-2.843471999999995,3
12296,-64.954245,-2.8454549999999963,3
12297,-64.954378,-2.8453959999999987,3
12298,-64.954739,-2.841210999999995,3
12299,-64.954713,-2.841192000000003,3
12300,-64.955209,-2.8404670000000025,3
12301,-64.95535,-2.8404810000000014,3
12302,-64.946847,-2.8500809999999936,3
12303,-64.944452,-2.8488390000000066,3
12304,-64.944575,-2.848790000000005,3
12305,-64.944455,-2.8487379999999995,3
12306,-64.94385900000002,-2.8511209999999934,3
12307,-64.943816,-2.8510339999999923,3
12308,-64.939023,-2.849128999999994,3
12309,-64.93264200000002,-2.841114000000001,3
12310,-64.91132807219668,-2.8461346291480787,3
12311,-64.929376,-2.803518999999996,3
12312,-64.929402,-2.8034799999999915,3
12313,-64.929422,-2.8034960000000004,3
12314,-64.924924,-2.8026639999999925,3
12315,-64.903205,-2.8096990000000006,3
12316,-64.903195,-2.8095110000000063,3
12317,-64.903281,-2.809594999999993,3
12318,-64.91084449820943,-2.8454934491907946,3
12319,-64.90176,-2.839832999999993,3
12320,-64.916468,-2.8536340000000053,3
12321,-64.916852,-2.844442999999998,3
12322,-64.916634,-2.844646999999994,3
12323,-64.91773,-2.863213999999993,3
12324,-64.917706,-2.858059999999995,3
12325,-64.91766,-2.858059999999998,3
12326,-64.921476,-2.8589719999999947,3
12327,-64.912433,-2.8570509999999976,3
12328,-64.912489,-2.857166,3
12329,-64.912508,-2.8571380000000026,3
12330,-64.905711,-2.8484479999999985,3
12331,-64.91096302828561,-2.845285284658697,3
12332,-64.896721,-2.8306250000000066,3
12333,-64.903572,-2.831808999999999,3
12334,-64.896729,-2.830631999999993,3
12335,-64.899263,-2.822664999999993,3
12336,-64.899271,-2.8225839999999938,3
12337,-64.899272,-2.8226669999999934,3
12338,-64.900903,-2.810421000000003,3
12339,-64.894871,-2.803750000000008,3
12340,-64.91085636272464,-2.8457013965803166,3
12341,-64.9158,-2.797111000000004,3
12342,-64.932184,-2.7736509999999943,3
12343,-64.937715,-2.756128000000004,3
12344,-64.93784600000001,-2.756138999999996,3
12345,-64.937842,-2.7561529999999994,3
12346,-64.91090145369417,-2.8464608536489115,3
12347,-64.91135428608672,-2.8465233935009486,3
12348,-64.988753,-2.8051749999999944,3
12349,-64.984414,-2.8139619999999965,3
12350,-64.91123896446935,-2.846632090236062,3
12351,-64.91139316943939,-2.8464148241430207,3
12352,-64.951004,-2.852083000000001,3
12353,-64.950975,-2.8520780000000028,3
12354,-64.935966,-2.854529000000004,3
12355,-64.9115120698044,-2.84626091122113,3
12356,-64.933488,-2.856201000000007,3
12357,-64.933514,-2.8563149999999973,3
12358,-64.933459,-2.856280999999992,3
12359,-64.93004200000001,-2.8581730000000025,3
12360,-64.930619,-2.8578589999999924,3
12361,-64.930695,-2.857898000000005,3
12362,-64.91133283051727,-2.8457819813738885,3
12363,-64.912495,-2.857141999999997,3
12364,-64.912593,-2.857036999999997,3
12365,-64.912444,-2.857066999999994,3
12366,-64.913465,-2.859244999999996,3
12367,-64.920354,-2.8615149999999945,3
12368,-64.921219,-2.8613320000000018,3
12369,-64.921218,-2.8612260000000065,3
12370,-64.91121889505366,-2.8455380358793576,3
12371,-64.908027,-2.851055000000001,3
12372,-64.91109873446904,-2.845438773486156,3
12373,-64.91504,-2.853436000000006,3
12374,-64.90813,-2.845753000000005,3
12375,-64.908225,-2.845698000000004,3
12376,-64.908415,-2.8437120000000013,3
12377,-64.908177,-2.8435429999999937,3
12378,-64.9109970916156,-2.845321396129288,3
12379,-64.91088874891788,-2.845231156055154,3
12380,-64.901904,-2.839781999999999,3
12381,-64.901781,-2.8398090000000056,3
12382,-64.91080417595997,-2.845240338933595,3
12383,-64.903585,-2.8329609999999947,3
12384,-64.903582,-2.8328959999999963,3
12385,-64.903527,-2.833017999999996,3
12386,-64.893114,-2.8234939999999926,3
12387,-64.889827,-2.8103850000000064,3
12388,-64.890245,-2.8121100000000028,3
12389,-64.890258,-2.812181999999997,3
12390,-64.91058508052376,-2.845132199119847,3
12391,-64.89732,-2.7961620000000007,3
12392,-64.897162,-2.796273000000005,3
12393,-64.904671,-2.8035469999999973,3
12394,-64.9049,-2.818160000000007,3
12395,-64.905734,-2.842165999999996,3
12396,-64.913407,-2.847313000000004,3
12397,-64.913252,-2.8471400000000058,3
12398,-64.908501,-2.8486159999999927,3
12399,-64.911071,-2.856140999999999,3
12400,-64.915109,-2.853479999999993,3
12401,-64.915215,-2.8534470000000005,3
12402,-64.913401,-2.8593879999999974,3
12403,-64.9135,-2.859417999999994,3
12404,-64.913492,-2.859440999999996,3
12405,-64.913464,-2.859448000000001,3
12406,-64.913419,-2.8594340000000056,3
12407,-64.913517,-2.8594549999999983,3
12408,-64.913614,-2.859719000000001,3
12409,-64.913536,-2.859727999999997,3
12410,-64.91120898276023,-2.845321043236328,3
12411,-64.90530500000001,-2.8818440000000085,7
12412,-64.91031,-2.882079000000004,7
12413,-64.902009,-2.889032000000004,7
12414,-64.891613,-2.896372999999998,7
12415,-64.897281,-2.901316,7
12416,-64.896835,-2.8954770000000054,7
12417,-64.896902,-2.8955530000000023,7
12418,-64.91135718398714,-2.845212291824452,3
12419,-64.906084,-2.874598,7
12420,-64.91315,-2.8592159999999955,3
12421,-64.913638,-2.8594379999999924,3
12422,-64.91344,-2.8594339999999967,3
12423,-64.913478,-2.859430000000002,3
12424,-64.913482,-2.859370999999996,3
12425,-64.913467,-2.8594600000000074,3
12426,-64.91981,-2.863532000000008,3
12427,-64.919935,-2.863524999999991,3
12428,-64.918426,-2.861307999999996,3
12429,-64.91145850523137,-2.8456461413030945,3
12430,-64.91143920405914,-2.845700425738521,3
12431,-64.930673,-2.8578350000000023,3
12432,-64.931004,-2.857730999999996,3
12433,-64.930851,-2.858026000000001,3
12434,-64.93682,-2.8540240000000017,3
12435,-64.939075,-2.854626000000008,3
12436,-64.939011,-2.854701000000005,3
12437,-64.939129,-2.854677999999994,3
12438,-64.930417,-2.853462000000003,3
12439,-64.923256,-2.848781999999999,3
12440,-64.92324500000001,-2.848784999999994,3
12441,-64.923213,-2.848901999999996,3
12442,-64.91113405596782,-2.845556261287215,3
12443,-64.91097493550069,-2.8453485591747567,3
12444,-64.903591,-2.832998999999994,3
12445,-64.90362,-2.833035000000001,3
12446,-64.895803,-2.832937999999999,3
12447,-64.901922,-2.839862000000007,3
12448,-64.904443,-2.8351659999999987,3
12449,-64.904475,-2.8351039999999927,3
12450,-64.902912,-2.813955000000003,3
12451,-64.902894,-2.813928000000005,3
12452,-64.902929,-2.813833000000004,3
12453,-64.902754,-2.8139660000000046,3
12454,-64.895102,-2.8066260000000063,3
12455,-64.91064258786076,-2.8452406079885084,3
12456,-64.899217,-2.822651999999992,3
12457,-64.899193,-2.822667000000004,3
12458,-64.91072131891715,-2.8452676030509063,3
12459,-64.901369,-2.830908000000002,3
12460,-64.903578,-2.8328360000000026,3
12461,-64.903598,-2.832894000000006,3
12462,-64.903429,-2.832891000000006,3
12463,-64.90191,-2.839962999999992,3
12464,-64.90361600000001,-2.832624000000002,3
12465,-64.903683,-2.8328279999999952,3
12466,-64.91090888025556,-2.8453396271282183,3
12467,-64.905829,-2.837150000000007,3
12468,-64.9058,-2.837162999999993,3
12469,-64.905779,-2.8372089999999948,3
12470,-64.91106848828014,-2.845502118202689,3
12471,-64.913673,-2.8526749999999983,3
12472,-64.913717,-2.8527450000000028,3
12473,-64.923264,-2.8488110000000004,3
12474,-64.9121,-2.852345000000005,3
12475,-64.934947,-2.855800999999999,3
12476,-64.93223,-2.848834999999998,3
12477,-64.932236,-2.8491889999999924,3
12478,-64.91113112858356,-2.8456557286960766,3
12479,-64.91096573622154,-2.845393784741522,3
12480,-64.902151,-2.826885999999997,3
12481,-64.902151,-2.826902000000004,3
12482,-64.902233,-2.826858999999993,3
12483,-64.902173,-2.826872000000005,3
12484,-64.902255,-2.8268720000000025,3
12485,-64.90218,-2.82692,3
12486,-64.9023,-2.826781000000008,3
12487,-64.902128,-2.826914000000001,3
12488,-64.902317,-2.826842000000007,3
12489,-64.902149,-2.8268489999999944,3
12490,-64.901613,-2.828771999999997,3
12491,-64.901803,-2.829334000000004,3
12492,-64.898974,-2.8329270000000006,3
12493,-64.899177,-2.8329960000000005,3
12494,-64.903685,-2.832643000000008,3
12495,-64.91077722755868,-2.8452584679067936,3
12496,-64.903102,-2.8203500000000017,3
12497,-64.902839,-2.8204129999999954,3
12498,-64.896206,-2.829686000000001,3
12499,-64.89672,-2.830623,3
12500,-64.903688,-2.8319120000000018,3
12501,-64.903498,-2.8319699999999925,3
12502,-64.902807,-2.8428860000000014,3
12503,-64.91086156417575,-2.845276411572629,3
12504,-64.90212,-2.8400760000000047,3
12505,-64.902035,-2.8401339999999924,3
12506,-64.901961,-2.8399620000000056,3
12507,-64.901906,-2.840016999999997,3
12508,-64.916502,-2.853638999999994,3
12509,-64.916679,-2.853628999999993,3
12510,-64.914149,-2.8548889999999982,3
12511,-64.91098403249151,-2.845411838369884,3
12512,-64.90536,-2.835870000000003,3
12513,-64.905208,-2.836010999999996,3
12514,-64.898753,-2.8310959999999925,3
12515,-64.897943,-2.8302249999999973,3
12516,-64.898005,-2.830229000000005,3
12517,-64.898298,-2.8302429999999967,3
12518,-64.91068534608888,-2.845095863981577,3
12519,-64.88918,-2.820186000000002,3
12520,-64.896156,-2.8201710000000006,3
12521,-64.896269,-2.8204779999999943,3
12522,-64.91069153050135,-2.845267652650628,3
12523,-64.91067144386051,-2.845186307637422,3
12524,-64.898824,-2.788381000000005,3
12525,-64.898866,-2.7883490000000024,3
12526,-64.904999,-2.804327999999996,3
12527,-64.903577,-2.808850000000007,3
12528,-64.903537,-2.8090549999999923,3
12529,-64.903769,-2.808987000000004,3
12530,-64.902693,-2.820429999999994,3
12531,-64.901869,-2.820513000000002,3
12532,-64.901952,-2.8207190000000084,3
12533,-64.902401,-2.820135000000006,3
12534,-64.91074254454998,-2.845357988213766,3
12535,-64.902015,-2.8400870000000067,3
12536,-64.905515,-2.837098999999996,3
12537,-64.90582,-2.837281000000006,3
12538,-64.903086,-2.844329000000005,3
12539,-64.9108717703554,-2.845330646876356,3
12540,-64.902082,-2.8400259999999964,3
12541,-64.905304,-2.8360990000000044,3
12542,-64.905224,-2.8362910000000072,3
12543,-64.905048,-2.836330999999997,3
12544,-64.906819,-2.8243090000000004,3
12545,-64.906641,-2.824244999999997,3
12546,-64.902696,-2.824564,3
12547,-64.902896,-2.8203509999999943,3
12548,-64.902736,-2.8204100000000043,3
12549,-64.902812,-2.8204329999999973,3
12550,-64.91066144617075,-2.845258660691304,3
12551,-64.896701,-2.8304920000000067,3
12552,-64.899223,-2.822636999999998,3
12553,-64.899174,-2.8227140000000057,3
12554,-64.898954,-2.822463000000004,3
12555,-64.898892,-2.822391000000004,3
12556,-64.896212,-2.8201910000000026,3
12557,-64.896507,-2.808235000000006,3
12558,-64.889672,-2.8076680000000063,3
12559,-64.883271,-2.794800999999993,3
12560,-64.898902,-2.788311999999996,3
12561,-64.898767,-2.788284000000006,3
12562,-64.91072398605303,-2.845692574988984,3
12563,-64.923548,-2.7943279999999966,3
12564,-64.923436,-2.794317000000002,3
12565,-64.923416,-2.7947170000000074,3
12566,-64.91101501265933,-2.846135150698703,3
12567,-64.933002,-2.8279729999999943,3
12568,-64.933016,-2.827985000000002,3
12569,-64.939506,-2.821373000000005,3
12570,-64.93831,-2.8302629999999955,3
12571,-64.931296,-2.837020000000002,3
12572,-64.931395,-2.8371349999999973,3
12573,-64.931428,-2.8371209999999967,3
12574,-64.91112809895759,-2.845863700856717,3
12575,-64.916493,-2.853663999999997,3
12576,-64.913833,-2.8526480000000056,3
12577,-64.915144,-2.8534510000000064,3
12578,-64.905981,-2.846636000000003,3
12579,-64.90182,-2.8400549999999924,3
12580,-64.902031,-2.839920000000008,3
12581,-64.901873,-2.839908000000001,3
12582,-64.910809100339,-2.84515895228194,3
12583,-64.896182,-2.820145000000007,3
12584,-64.896195,-2.8201789999999995,3
12585,-64.896138,-2.8201560000000003,3
12586,-64.89623,-2.820108000000005,3
12587,-64.896144,-2.820134999999992,3
12588,-64.902932,-2.820326000000006,3
12589,-64.902706,-2.8205400000000065,3
12590,-64.91086144698018,-2.84537587431685,3
12591,-64.901923,-2.839991000000007,3
12592,-64.915283,-2.8533659999999923,3
12593,-64.916487,-2.84581,3
12594,-64.914577,-2.861898000000008,3
12595,-64.919734,-2.863402000000004,3
12596,-64.918042,-2.8541169999999934,3
12597,-64.917935,-2.854007,3
12598,-64.91791400000001,-2.854098,3
12599,-64.913466,-2.859439999999993,3
12600,-64.91130154554246,-2.8455559823028924,3
12601,-64.916378,-2.854131000000002,3
12602,-64.913196,-2.8617469999999927,3
12603,-64.91065,-2.880495999999997,7
12604,-64.910684,-2.8804289999999924,7
12605,-64.930286,-2.884834999999992,3
12606,-64.91154930747634,-2.845835872998828,3
12607,-64.930666,-2.857777000000002,3
12608,-64.931512,-2.8543060000000016,3
12609,-64.931576,-2.8542689999999946,3
12610,-64.91127344530987,-2.845727828016899,3
12611,-64.912441,-2.8571159999999933,3
12612,-64.912391,-2.857182000000003,3
12613,-64.912208,-2.857254999999998,3
12614,-64.912462,-2.857078999999996,3
12615,-64.912433,-2.857061000000004,3
12616,-64.91114365342294,-2.845411572527098,3
12617,-64.908602,-2.8527159999999907,3
12618,-64.91105814802754,-2.8453665046916035,3
12619,-64.909371,-2.8535819999999994,3
12620,-64.908662,-2.852752999999996,3
12621,-64.9110749498122,-2.84533030851411,3
12622,-64.91099337874262,-2.845285234115634,3
12623,-64.90877300000001,-2.852715000000008,3
12624,-64.91102238366344,-2.845321354008839,3
12625,-64.91097737534002,-2.8452943028157445,3
12626,-64.91090967864262,-2.845312499649693,3
12627,-64.908676,-2.852750999999998,3
12628,-64.90849,-2.852755000000001,3
12629,-64.91110158541674,-2.8451222970349543,3
12630,-64.91119919673976,-2.8444982331498267,3
12631,-64.908878,-2.852820999999994,3
12632,-64.837489,-3.059820999999998,0
12633,-64.837403,-3.0606789999999986,0
12634,-64.837403,-3.060594,0
12635,-64.837403,-3.0606789999999986,0
12636,-64.837232,-3.060594,0
12637,-64.837403,-3.0606789999999986,0
12638,-64.837317,-3.0605940000000023,0
12639,-64.837317,-3.0605940000000023,0
12640,-64.875083,-3.068232999999995,6
12641,-64.860663,-3.095956000000005,6
12642,-64.860148,-3.096041999999996,6
12643,-64.89070400000001,-3.044886999999993,4
12644,-64.89080190877316,-3.0451319105853303,4
12645,-64.891047,-3.0452300000000063,4
12646,-64.89080835775086,-3.045122857089414,4
12647,-64.89070400000001,-3.0452299999999988,4
12648,-64.857316,-3.096213000000003,6
12649,-64.855342,-3.096556999999998,6
12650,-64.861436,-3.0608510000000018,6
12651,-64.861436,-3.0609370000000005,6
12652,-64.861264,-3.0609369999999982,6
12653,-64.856801,-3.057761000000005,6
12654,-64.855943,-3.048662999999995,6
12655,-64.857059,-3.048319999999993,6
12656,-64.857059,-3.081965000000008,6
12657,-64.89491,-3.0763859999999963,4
12658,-64.893622,-3.076986999999992,4
12659,-64.893365,-3.078188999999994,4
12660,-64.893365,-3.078188999999994,4
12661,-64.893451,-3.078274999999996,4
12662,-64.836888,-3.083424999999991,0
12663,-64.842896,-3.081365000000002,0
12664,-64.843669,-3.0815359999999976,0
12665,-64.834485,-3.0924370000000043,0
12666,-64.845815,-3.086599999999996,0
12667,-64.848733,-3.086514000000005,6
12668,-64.85148,-3.084024999999999,6
12669,-64.85148,-3.0841970000000005,6
12670,-64.85148,-3.0841109999999943,6
12671,-64.851651,-3.0841970000000014,6
12672,-64.851394,-3.0841109999999965,6
12673,-64.893279,-3.062739000000004,4
12674,-64.893193,-3.062739000000007,4
12675,-64.893107,-3.0627390000000005,4
12676,-64.893107,-3.062654000000005,4
12677,-64.880834,-3.032784000000001,4
12678,-64.881263,-3.031839999999999,4
12679,-64.87096243547468,-3.040184436174523,4
12680,-64.881263,-3.032869999999998,4
12681,-64.886756,-3.033899999999993,4
12682,-64.87124996444804,-3.039686612785495,4
12683,-64.850707,-3.0520960000000064,6
12684,-64.852853,-3.050722999999995,6
12685,-64.897313,-3.0454870000000045,4
12686,-64.899201,-3.048233999999996,4
12687,-64.899116,-3.0483200000000026,4
12688,-64.899201,-3.048320000000005,4
12689,-64.898858,-3.0484059999999986,4
12690,-64.896798,-3.0494360000000045,4
12691,-64.896884,-3.0492640000000057,4
12692,-64.88461,-3.0433420000000067,4
12693,-64.884696,-3.0433419999999978,4
12694,-64.853468,-3.0440540000000027,6
12695,-64.852683,-3.0455670000000032,6
12696,-64.856106,-3.033768,1
12697,-64.859735,-3.0250850000000007,1
12698,-64.85914,-3.0162480000000067,1
12699,-64.85466000000001,-3.025347999999996,1
12700,-64.85976665897788,-3.016413614335689,1
12701,-64.859234,-3.024932999999996,1
12702,-64.85979125071476,-3.016494952710634,1
12703,-64.861635,-3.0365940000000027,4
12704,-64.861821,-3.036642999999996,4
12705,-64.85982027816104,-3.016540114299457,1
12706,-64.85981009802727,-3.0165039626245647,1
12707,-64.865674,-2.9807459999999937,2
12708,-64.85975484944332,-3.016576395861528,1
12709,-64.85975616259817,-3.0165221398592084,1
12710,-64.861865,-2.9799170000000004,2
12711,-64.861877,-2.9801219999999984,2
12712,-64.861845,-2.980092999999993,2
12713,-64.85971397079152,-3.0165041277539486,1
12714,-64.85972221858647,-3.016395606090764,1
12715,-64.863861,-3.000954,1
12716,-64.852189,-3.0093419999999926,1
12717,-64.855408,-3.0055999999999936,1
12718,-64.854589,-3.006078000000006,1
12719,-64.859657,-3.009636000000007,1
12720,-64.85920500000002,-3.027450999999999,1
12721,-64.861155,-3.0278120000000044,1
12722,-64.85979593675539,-3.016440690915386,1
12723,-64.85843100000001,-3.030902999999992,1
12724,-64.858576,-3.030890999999992,1
12725,-64.86119,-3.0330160000000044,4
12726,-64.85986027845432,-3.0167570605552627,1
12727,-64.866154,-3.001089000000003,1
12728,-64.866404,-3.0011690000000075,1
12729,-64.864685,-3.007337,1
12730,-64.864786,-3.0072999999999914,1
12731,-64.864679,-3.007393999999996,1
12732,-64.876955,-3.0102209999999947,4
12733,-64.86844,-2.9948170000000065,1
12734,-64.868343,-2.9911099999999973,2
12735,-64.860317,-2.986001000000003,1
12736,-64.85127474262599,-3.0173685710187046,1
12737,-64.840258,-3.0260270000000067,1
12738,-64.85146688695528,-3.0169703796749943,1
12739,-64.836149,-3.030972000000004,0
12740,-64.836252,-3.031057999999999,0
12741,-64.836522,-3.0320970000000056,0
12742,-64.85165440034073,-3.016825381612582,1
12743,-64.836498,-3.031951,0
12744,-64.85173528317516,-3.016951835908134,1
12745,-64.861253,-3.010181999999997,1
12746,-64.85168915064531,-3.017096592140946,1
12747,-64.857853,-3.015194000000001,1
12748,-64.857954,-3.0150500000000005,1
12749,-64.857981,-3.0149739999999925,1
12750,-64.85182422684767,-3.0165266941644084,1
12751,-64.840733,-3.030574000000006,0
12752,-64.854333,-3.0223480000000023,1
12753,-64.83509061669105,-3.049388194086734,0
12754,-64.83531649244426,-3.0491527043629105,0
12755,-64.844966,-3.043412000000001,0
12756,-64.845104,-3.0432489999999977,0
12757,-64.845044,-3.043373000000003,0
12758,-64.845361,-3.045468,0
12759,-64.842059,-3.049515999999995,0
12760,-64.837506,-3.0500330000000058,0
12761,-64.83559811001699,-3.0486368044395937,0
12762,-64.840005,-3.031118000000008,0
12763,-64.83548436733723,-3.048528490409325,0
12764,-64.831096,-3.058493999999997,0
12765,-64.83549291237698,-3.0484290092594626,0
12766,-64.822083,-3.064181000000004,0
12767,-64.826521,-3.057188999999994,0
12768,-64.829448,-3.054796999999997,0
12769,-64.83556853981145,-3.048437922096664,0
12770,-64.83551091720365,-3.0484380208221737,0
12771,-64.831353,-3.051102,0
12772,-64.831401,-3.0510119999999934,0
12773,-64.83550303146923,-3.048428991922745,0
12774,-64.829191,-3.050076000000001,0
12775,-64.829109,-3.049327999999996,0
12776,-64.829134,-3.0474540000000045,0
12777,-64.83162,-3.048117999999992,0
12778,-64.831623,-3.0485239999999973,0
12779,-64.829821,-3.0434560000000017,0
12780,-64.8328451592109,-3.047981421117417,0
12781,-64.83285959203702,-3.047872887349051,0
12782,-64.827849,-3.035757999999992,0
12783,-64.83287583381693,-3.0478366898743183,0
12784,-64.832055,-3.0395590000000032,0
12785,-64.83288820160779,-3.047836668719293,0
12786,-64.829344,-3.046186999999999,0
12787,-64.829437,-3.0461480000000014,0
12788,-64.837882,-3.0391319999999937,0
12789,-64.83775,-3.039194000000008,0
12790,-64.83777,-3.0392579999999985,0
12791,-64.83292542741953,-3.0479089444282232,0
12792,-64.83292024542918,-3.0478366139078834,0
12793,-64.83290636507657,-3.047773340688533,0
12794,-64.828712,-3.037577999999997,0
12795,-64.831733,-3.0398909999999986,0
12796,-64.83290072804962,-3.047764307907366,0
12797,-64.82810500000001,-3.041556,0
12798,-64.83293369165,-3.0478094636386377,0
12799,-64.831435,-3.042607999999992,0
12800,-64.838864,-3.042465999999993,0
12801,-64.832968,-3.056695999999999,0
12802,-64.832917,-3.056888999999992,0
12803,-64.834731,-3.0588110000000075,0
12804,-64.839482,-3.0531449999999944,0
12805,-64.835179,-3.0585499999999937,0
12806,-64.837296,-3.054243000000004,0
12807,-64.838798,-3.0530500000000007,0
12808,-64.83301426595227,-3.0479178348822065,0
12809,-64.83297507253279,-3.047845562545916,0
12810,-64.832866,-3.056777999999996,0
12811,-64.829796,-3.053133999999997,0
12812,-64.83300607973207,-3.047565194402708,0
12813,-64.831338,-3.050129999999994,0
12814,-64.85391900000002,-3.019044999999997,1
12815,-64.850703,-3.0221599999999964,1
12816,-64.821526009448,-3.0385965427785044,0
12817,-64.84088,-3.0298300000000027,0
12818,-64.82169694088398,-3.0382797662411263,0
12819,-64.821509,-3.037003000000002,0
12820,-64.822703,-3.0425370000000047,0
12821,-64.822782,-3.042553000000005,0
12822,-64.822628,-3.0425659999999954,0
12823,-64.820453,-3.0382849999999944,0
12824,-64.821385,-3.038370999999997,0
12825,-64.827995,-3.040263999999992,0
12826,-64.82579,-3.044936999999996,0
12827,-64.82193545404886,-3.038035215040149,0
12828,-64.823779,-3.0351130000000013,0
12829,-64.822961,-3.0373619999999915,0
12830,-64.82185191104743,-3.0379991867061946,0
12831,-64.820358,-3.040792000000004,0
12832,-64.822678,-3.041623999999993,0
12833,-64.822653,-3.0398990000000023,0
12834,-64.8218419820827,-3.037944948650633,0
12835,-64.82176150070364,-3.037890830153463,0
12836,-64.814705,-3.042736000000006,0
12837,-64.808332,-3.0377249999999925,0
12838,-64.807354,-3.0357199999999938,0
12839,-64.82174459009872,-3.037863731367022,0
12840,-64.814902,-3.0337859999999988,0
12841,-64.8217573147474,-3.037908922208568,0
12842,-64.817807,-3.039638999999995,0
12843,-64.82179836836843,-3.0379178951194503,0
12844,-64.816429,-3.047229000000001,0
12845,-64.82187903985717,-3.0379177584080304,0
12846,-64.82183828248527,-3.037917827479016,0
12847,-64.817886,-3.047024999999995,0
12848,-64.81797,-3.047088000000004,0
12849,-64.82194518588814,-3.0379719011872304,0
12850,-64.823955,-3.0509890000000044,0
12851,-64.82197925786866,-3.0380080133604044,0
12852,-64.828114,-3.0471869999999983,0
12853,-64.828092,-3.041614999999998,0
12854,-64.8219404226014,-3.0379809517399297,0
12855,-64.82186417266092,-3.0379358685640403,0
12856,-64.818242,-3.047015999999992,0
12857,-64.818021,-3.0470180000000053,0
12858,-64.818008,-3.047025999999997,0
12859,-64.818757,-3.044850999999994,0
12860,-64.818977,-3.043793000000006,0
12861,-64.809924,-3.043251000000001,0
12862,-64.80995,-3.043193999999993,0
12863,-64.80998,-3.043072999999996,0
12864,-64.809955,-3.042988000000001,0
12865,-64.811862,-3.036817000000008,0
12866,-64.811878,-3.036743000000002,0
12867,-64.8217766793115,-3.0378908044319672,0
12868,-64.818394,-3.041694999999998,0
12869,-64.818382,-3.041614000000007,0
12870,-64.818471,-3.0416399999999943,0
12871,-64.819099,-3.038116999999993,0
12872,-64.814391,-3.0375480000000006,0
12873,-64.821830457584,-3.037944968180983,0
12874,-64.813987,-3.037116999999998,0
12875,-64.814866,-3.037085999999995,0
12876,-64.828497,-3.030007999999992,0
12877,-64.835572,-3.029601000000003,0
12878,-64.83568,-3.029657000000002,0
12879,-64.835931,-3.027792000000002,0
12880,-64.835603,-3.030697999999997,0
12881,-64.829933,-3.0354130000000072,0
12882,-64.82719200000001,-3.040871000000008,0
12883,-64.827838,-3.039301000000001,0
12884,-64.826435,-3.0359200000000013,0
12885,-64.822028,-3.0330099999999955,0
12886,-64.822002,-3.032945000000004,0
12887,-64.82198,-3.033010000000006,0
12888,-64.822459,-3.033213999999996,0
12889,-64.82209,-3.033046999999994,0
12890,-64.822026,-3.0331019999999964,0
12891,-64.822012,-3.0330160000000066,0
12892,-64.82180732461748,-3.0380625596309896,0
12893,-64.824432,-3.023043999999997,0
12894,-64.825666,-3.0233620000000063,0
12895,-64.830264,-3.024686999999996,0
12896,-64.82173912701035,-3.038125972570924,0
12897,-64.831884,-3.031392999999992,0
12898,-64.822105,-3.033152999999996,0
12899,-64.822062,-3.033097999999999,0
12900,-64.816365,-3.0327750000000027,0
12901,-64.819653,-3.023870999999996,0
12902,-64.819715,-3.023808000000001,0
12903,-64.819683,-3.023864,0
12904,-64.819788,-3.023738000000006,0
12905,-64.811643,-3.027118999999998,0
12906,-64.807567,-3.0357899999999947,0
12907,-64.807748,-3.0390700000000064,0
12908,-64.807323,-3.039346999999996,0
12909,-64.819042,-3.0377089999999995,0
12910,-64.819384,-3.037757000000004,0
12911,-64.822052,-3.032913000000003,0
12912,-64.822131,-3.0329680000000008,0
12913,-64.821004,-3.0322000000000013,0
12914,-64.821028,-3.032303,0
12915,-64.820912,-3.032658999999992,0
12916,-64.827343,-3.030214,0
12917,-64.830001,-3.0394209999999977,0
12918,-64.827449,-3.037149999999996,0
12919,-64.821983,-3.033075000000004,0
12920,-64.816461,-3.032764999999992,0
12921,-64.816338,-3.0327899999999945,0
12922,-64.845566,-3.0292879999999984,0
12923,-64.845475,-3.0291840000000043,0
12924,-64.845527,-3.0293939999999964,0
12925,-64.845615,-3.029286999999993,0
12926,-64.845442,-3.029331999999998,0
12927,-64.845586,-3.029319999999993,0
12928,-64.845597,-3.029284000000009,0
12929,-64.841747,-3.0236340000000004,1
12930,-64.840528,-3.023824999999997,1
12931,-64.834332,-3.0267289999999933,0
12932,-64.834162,-3.0266779999999947,0
12933,-64.831343,-3.0278039999999926,0
12934,-64.822034,-3.033096999999993,0
12935,-64.82204,-3.0330270000000024,0
12936,-64.8223,-3.032844,0
12937,-64.822213,-3.032851999999992,0
12938,-64.821994,-3.033132000000003,0
12939,-64.821917,-3.033077999999999,0
12940,-64.821354,-3.0370519999999925,0
12941,-64.82122,-3.0372589999999966,0
12942,-64.821116,-3.0371510000000024,0
12943,-64.821081,-3.0342940000000085,0
12944,-64.821124,-3.036863999999994,0
12945,-64.820748,-3.037533999999994,0
12946,-64.823842,-3.040909000000004,0
12947,-64.823939,-3.0409110000000075,0
12948,-64.823913,-3.040849999999998,0
12949,-64.823797,-3.040918999999997,0
12950,-64.823888,-3.040955999999999,0
12951,-64.823867,-3.040889999999995,0
12952,-64.82394500000001,-3.0409399999999964,0
12953,-64.823858,-3.040969000000002,0
12954,-64.82521,-3.0483179999999943,0
12955,-64.827571,-3.050716000000001,0
12956,-64.826972,-3.051830000000001,0
12957,-64.826847,-3.051902999999993,0
12958,-64.831219,-3.0500579999999973,0
12959,-64.83148,-3.050197,0
12960,-64.829617,-3.0544619999999973,0
12961,-64.829602,-3.0542420000000035,0
12962,-64.82957,-3.0542510000000016,0
12963,-64.829607,-3.054351000000002,0
12964,-64.828226,-3.0471479999999938,0
12965,-64.828183,-3.047148000000007,0
12966,-64.828313,-3.047159000000002,0
12967,-64.826633,-3.035354999999998,0
12968,-64.821154,-3.037300999999994,0
12969,-64.825353,-3.0425020000000043,0
12970,-64.826959,-3.042694999999996,0
12971,-64.826062,-3.042025000000008,0
12972,-64.826074,-3.042024000000006,0
12973,-64.826085,-3.0420209999999908,0
12974,-64.826057,-3.0420169999999938,0
12975,-64.826444,-3.042456000000006,0
12976,-64.82666,-3.0423889999999987,0
12977,-64.826881,-3.0424130000000003,0
12978,-64.826135,-3.0420480000000056,0
12979,-64.826202,-3.042019000000005,0
12980,-64.826101,-3.042083999999998,0
12981,-64.826011,-3.042018999999997,0
12982,-64.832366,-3.0455809999999985,0
12983,-64.832907,-3.046135999999993,0
12984,-64.832766,-3.044967999999997,0
12985,-64.83277900000002,-3.044872999999993,0
12986,-64.834688,-3.045898,0
12987,-64.834274,-3.046103000000004,0
12988,-64.834306,-3.046122000000001,0
12989,-64.834209,-3.046135999999996,0
12990,-64.83421000000001,-3.046130999999994,0
12991,-64.833943,-3.043842000000007,0
12992,-64.833944,-3.043879999999995,0
12993,-64.829916,-3.0393789999999994,0
12994,-64.826096,-3.042063,0
12995,-64.826083,-3.042065999999995,0
12996,-64.826075,-3.0420620000000014,0
12997,-64.82599,-3.0421179999999968,0
12998,-64.826121,-3.0420540000000043,0
12999,-64.826114,-3.0420389999999915,0
13000,-64.826087,-3.042012999999993,0
13001,-64.828578,-3.046494000000008,0
13002,-64.828067,-3.0472409999999988,0
13003,-64.828013,-3.047117999999999,0
13004,-64.828113,-3.047105000000004,0
13005,-64.832846,-3.0492820000000025,0
13006,-64.826124,-3.0420379999999967,0
13007,-64.826074,-3.042038000000004,0
13008,-64.82394500000001,-3.0509810000000046,0
13009,-64.823959,-3.050979000000004,0
13010,-64.824093,-3.0509760000000035,0
13011,-64.824079,-3.051029000000005,0
13012,-64.827984,-3.0585339999999976,0
13013,-64.827548,-3.058236000000002,0
13014,-64.827365,-3.058253000000008,0
13015,-64.827572,-3.058233000000005,0
13016,-64.82687,-3.0518629999999924,0
13017,-64.826853,-3.0517919999999976,0
13018,-64.826888,-3.0518640000000024,0
13019,-64.826929,-3.051947999999991,0
13020,-64.82806,-3.0470230000000007,0
13021,-64.826082,-3.042026999999991,0
13022,-64.826012,-3.0419890000000063,0
13023,-64.826058,-3.0420330000000013,0
13024,-64.827927,-3.041502999999996,0
13025,-64.828119,-3.0413999999999985,0
13026,-64.827998,-3.041420000000004,0
13027,-64.828085,-3.0414890000000048,0
13028,-64.827925,-3.0414790000000007,0
13029,-64.82811,-3.04152,0
13030,-64.831105,-3.0390029999999943,0
13031,-64.837542,-3.035866000000002,0
13032,-64.840163,-3.039299999999993,0
13033,-64.840793,-3.0394059999999943,0
13034,-64.842985,-3.041592999999996,0
13035,-64.849218,-3.040177999999992,1
13036,-64.849142,-3.040215,1
13037,-64.851429,-3.038961000000006,1
13038,-64.85009,-3.037287999999992,1
13039,-64.850235,-3.0375130000000063,1
13040,-64.85019500000001,-3.0375220000000027,1
13041,-64.85019300000002,-3.037584000000004,1
13042,-64.834179,-3.0354859999999952,0
13043,-64.851484,-3.039037999999992,1
13044,-64.851492,-3.0390550000000074,1
13045,-64.851385,-3.039116999999996,1
13046,-64.85141300000001,-3.039007000000008,1
13047,-64.851442,-3.039033999999994,1
13048,-64.851321,-3.039117,1
13049,-64.851594,-3.0392199999999985,1
13050,-64.851056,-3.0366539999999937,1
13051,-64.851058,-3.036685000000004,1
13052,-64.851028,-3.036659000000004,1
13053,-64.85121,-3.036758999999993,1
13054,-64.83429,-3.0352570000000068,0
13055,-64.834227,-3.0353079999999943,0
13056,-64.851087,-3.036591999999997,1
13057,-64.851002,-3.036681999999997,1
13058,-64.845598,-3.029215999999997,0
13059,-64.83485500000002,-3.033551999999993,0
13060,-64.834869,-3.0332240000000046,0
13061,-64.835054,-3.033550000000003,0
13062,-64.837602,-3.035827,0
13063,-64.837495,-3.035935999999991,0
13064,-64.83822,-3.035881999999995,0
13065,-64.838189,-3.035858000000002,0
13066,-64.838252,-3.035823000000004,0
13067,-64.833925,-3.0382880000000023,0
13068,-64.833818,-3.038259000000008,0
13069,-64.833793,-3.038277999999995,0
13070,-64.83384,-3.038139000000002,0
13071,-64.834839,-3.0332590000000086,0
13072,-64.834997,-3.0333170000000047,0
13073,-64.834992,-3.033490000000007,0
13074,-64.837456,-3.0358749999999968,0
13075,-64.840033,-3.0382609999999994,0
13076,-64.840005,-3.0381889999999947,0
13077,-64.840137,-3.039298999999996,0
13078,-64.840025,-3.0393380000000048,0
13079,-64.840012,-3.0393540000000008,0
13080,-64.839981,-3.039263999999996,0
13081,-64.840152,-3.039331000000005,0
13082,-64.840121,-3.039310000000002,0
13083,-64.833581,-3.0352789999999934,0
13084,-64.826652,-3.0353840000000085,0
13085,-64.826691,-3.0354079999999923,0
13086,-64.826861,-3.0352410000000063,0
13087,-64.829914,-3.039400999999996,0
13088,-64.829665,-3.036511000000001,0
13089,-64.837462,-3.0356030000000014,0
13090,-64.828991,-3.028916999999995,0
13091,-64.829004,-3.028895,0
13092,-64.822171,-3.032754999999992,0
13093,-64.822222,-3.0327589999999995,0
13094,-64.82232,-3.032697000000001,0
13095,-64.822141,-3.032823999999993,0
13096,-64.822333,-3.032817000000001,0
13097,-64.8189,-3.036788000000008,0
13098,-64.826725,-3.035311999999997,0
13099,-64.826718,-3.035378999999997,0
13100,-64.826553,-3.0355279999999905,0
13101,-64.826695,-3.0354280000000053,0
13102,-64.82667,-3.035410000000005,0
13103,-64.826726,-3.035409000000005,0
13104,-64.826597,-3.041205999999997,0
13105,-64.838231,-3.035840999999995,0
13106,-64.838222,-3.035769000000006,0
13107,-64.838285,-3.0358319999999948,0
13108,-64.838282,-3.035843000000004,0
13109,-64.838193,-3.035848000000005,0
13110,-64.838222,-3.035908999999996,0
13111,-64.838248,-3.035928000000001,0
13112,-64.837358,-3.0358349999999934,0
13113,-64.837317,-3.035729999999998,0
13114,-64.83739,-3.035650000000002,0
13115,-64.837383,-3.035627000000007,0
13116,-64.837509,-3.035741999999992,0
13117,-64.834622,-3.0493110000000017,0
13118,-64.834592,-3.048617000000007,0
13119,-64.834591,-3.0487360000000043,0
13120,-64.838971,-3.050064000000007,0
13121,-64.839146,-3.050116000000003,0
13122,-64.839026,-3.050020000000008,0
13123,-64.83924,-3.0500810000000054,0
13124,-64.839026,-3.0500810000000067,0
13125,-64.838572,-3.050012999999992,0
13126,-64.839082,-3.050166000000006,0
13127,-64.839045,-3.049973000000006,0
13128,-64.839087,-3.050085000000007,0
13129,-64.839058,-3.0500699999999927,0
13130,-64.839038,-3.0500750000000045,0
13131,-64.839043,-3.050066999999995,0
13132,-64.839058,-3.0501019999999963,0
13133,-64.838977,-3.050158000000003,0
13134,-64.839532,-3.0490669999999973,0
13135,-64.839815,-3.044480000000004,0
13136,-64.83981,-3.044386000000006,0
13137,-64.839853,-3.044413999999997,0
13138,-64.84463,-3.046273999999998,0
13139,-64.844579,-3.0463629999999964,0
13140,-64.844623,-3.046258000000008,0
13141,-64.844591,-3.0463910000000043,0
13142,-64.84585900000002,-3.049166999999993,0
13143,-64.845937,-3.049121000000005,0
13144,-64.845699,-3.0492159999999977,0
13145,-64.84582,-3.048997000000001,0
13146,-64.846487,-3.049828000000001,0
13147,-64.846439,-3.0500390000000075,0
13148,-64.846384,-3.049939000000001,0
13149,-64.847025,-3.049628000000001,0
13150,-64.849268,-3.0440280000000044,1
13151,-64.850225,-3.0376809999999934,1
13152,-64.850197,-3.037551000000005,1
13153,-64.850176,-3.037530000000004,1
13154,-64.850213,-3.037507000000004,1
13155,-64.850269,-3.0375369999999933,1
13156,-64.850292,-3.0375799999999944,1
13157,-64.851166,-3.0377990000000032,1
13158,-64.851151,-3.032300000000004,1
13159,-64.851124,-3.0322670000000063,1
13160,-64.850376,-3.032653999999998,1
13161,-64.85138,-3.030622000000008,1
13162,-64.851321,-3.028993000000002,1
13163,-64.85136400000002,-3.029125999999997,1
13164,-64.851193,-3.029134999999996,1
13165,-64.852111,-3.026451999999997,1
13166,-64.852993,-3.0257859999999948,1
13167,-64.853045,-3.0258189999999967,1
13168,-64.852901,-3.025894000000007,1
13169,-64.853376,-3.027947000000004,1
13170,-64.853483,-3.028001000000008,1
13171,-64.85344000000002,-3.027981000000006,1
13172,-64.856472,-3.028155999999997,1
13173,-64.857202,-3.028531000000004,1
13174,-64.856696,-3.028295999999992,1
13175,-64.856553,-3.028246999999997,1
13176,-64.856275,-3.028065000000004,1
13177,-64.856819,-3.026424,1
13178,-64.856865,-3.0265759999999937,1
13179,-64.856759,-3.0265469999999977,1
13180,-64.856856,-3.026420000000008,1
13181,-64.85669700000001,-3.026546000000005,1
13182,-64.853228,-3.0280060000000018,1
13183,-64.85340500000001,-3.0279320000000034,1
13184,-64.853854,-3.028152999999993,1
13185,-64.853436,-3.027893999999993,1
13186,-64.853471,-3.027945999999997,1
13187,-64.853366,-3.027988999999993,1
13188,-64.853232,-3.0219639999999988,1
13189,-64.84907,-3.016752999999991,1
13190,-64.849024,-3.016683000000008,1
13191,-64.849115,-3.016606000000005,1
13192,-64.848141,-3.0128110000000023,1
13193,-64.848216,-3.012779999999992,1
13194,-64.848196,-3.012782000000001,1
13195,-64.844681,-3.0083589999999925,1
13196,-64.843135,-3.0068169999999945,1
13197,-64.843288,-3.006826999999997,1
13198,-64.846457,-3.0035029999999976,1
13199,-64.84665,-3.0036979999999915,1
13200,-64.841564,-2.991968999999995,1
13201,-64.841475,-2.992140999999994,1
13202,-64.827645,-2.972926999999994,1
13203,-64.828584,-2.973824999999998,1
13204,-64.827984,-2.974565000000001,1
13205,-64.832614,-2.982220999999996,1
13206,-64.837466,-2.9854490000000005,1
13207,-64.837296,-2.985099999999995,1
13208,-64.837234,-2.9850859999999964,1
13209,-64.837258,-2.985014999999997,1
13210,-64.836484,-2.984215999999995,1
13211,-64.83659,-2.9841840000000044,1
13212,-64.836452,-2.981421000000001,1
13213,-64.837583,-2.980333999999994,1
13214,-64.837546,-2.9802100000000027,1
13215,-64.836896,-2.979457,1
13216,-64.832355,-2.9667699999999937,1
13217,-64.829429,-2.959170000000005,1
13218,-64.829803,-2.9587280000000007,1
13219,-64.82134300000001,-2.9555670000000074,1
13220,-64.821387,-2.955415999999998,1
13221,-64.816809,-2.9596590000000056,1
13222,-64.816943,-2.969705999999995,1
13223,-64.816812,-2.9705309999999976,1
13224,-64.819116,-2.961932000000004,1
13225,-64.819007,-2.960253000000004,1
13226,-64.819039,-2.958974000000004,1
13227,-64.819789,-2.953272999999993,1
13228,-64.828413,-2.937454000000003,1
13229,-64.825088,-2.941628999999994,1
13230,-64.824946,-2.941527000000004,1
13231,-64.821806,-2.9429549999999924,1
13232,-64.823479,-2.9414829999999976,1
13233,-64.82337,-2.941510000000008,1
13234,-64.825013,-2.941472999999995,1
13235,-64.823139,-2.941527999999993,1
13236,-64.823334,-2.941453999999995,1
13237,-64.853711,-3.054584999999999,6
13238,-64.853797,-3.054499999999999,6
13239,-64.853711,-3.054500000000007,6
13240,-64.853797,-3.054499999999999,6
13241,-64.85422600000001,-3.0544140000000004,6
13242,-64.85422600000001,-3.0544140000000004,6
13243,-64.85448400000001,-3.054585000000001,6
13244,-64.858432,-3.0164769999999983,1
13245,-64.841437,-3.0449720000000062,0
13246,-64.842038,-3.0413680000000043,0
13247,-64.842124,-3.0412819999999945,0
13248,-64.853797,-3.0731250000000068,6
13249,-64.853282,-3.0723520000000044,6
13250,-64.853282,-3.0722669999999974,6
13251,-64.830709,-3.067545999999999,0
13252,-64.869332,-3.0538130000000008,6
13253,-64.869332,-3.053727000000006,6
13254,-64.869246,-3.053812999999997,6
13255,-64.930959,-2.9954479999999952,5
13256,-64.931045,-2.995447999999996,5
13257,-64.93628,-2.9924439999999985,5
13258,-64.937568,-2.9938169999999924,5
13259,-64.937482,-2.9937310000000075,5
13260,-64.945893,-2.999739999999996,5
13261,-64.924006,-2.9821440000000057,2
13262,-64.923835,-2.982143999999998,2
13263,-64.905725,-2.980341999999993,2
13264,-64.899459,-2.9854919999999963,2
13265,-64.899373,-2.985491999999993,2
13266,-64.899373,-2.985406000000004,2
13267,-64.877658,-3.0211969999999995,4
13268,-64.877658,-3.0212830000000066,4
13269,-64.877744,-3.0213689999999915,4
13270,-64.881949,-3.024888000000008,4
13271,-64.851394,-3.036733000000001,1
13272,-64.84495600000001,-3.0426550000000043,0
13273,-64.81895,-3.072437999999993,0
13274,-64.822726,-3.0793910000000007,0
13275,-64.823499,-3.079562000000001,0
13276,-64.823499,-3.0794760000000028,0
13277,-64.823413,-3.0795619999999944,0
13278,-64.828906,-3.0786179999999925,0
13279,-64.914479,-2.984805000000003,2
13280,-64.870105,-3.030209999999996,4
13281,-64.870019,-3.0303810000000047,4
13282,-64.870019,-3.030982000000007,4
13283,-64.87232470521838,-3.026229911180224,4
13284,-64.863667,-3.0320119999999995,4
13285,-64.87249212013417,-3.025840805067652,4
13286,-64.86341,-3.031840000000007,4
13287,-64.863753,-3.032012000000004,4
13288,-64.882722,-2.994417999999994,2
13289,-64.882722,-2.994417999999994,2
13290,-64.882722,-2.994417999999994,2
13291,-64.88255,-2.994331999999997,2
13292,-64.882636,-2.994331999999998,2
13293,-64.882722,-2.994246000000005,2
13294,-64.837918,-3.0352740000000016,0
13295,-64.855514,-3.018365000000005,1
13296,-64.86663465157629,-3.014240695736977,1
13297,-64.873023,-3.0178500000000046,4
13298,-64.86699709938168,-3.0139959303564674,1
13299,-64.880576,-3.001541999999992,2
13300,-64.880748,-3.0015420000000024,2
13301,-64.880919,-3.0012850000000024,2
13302,-64.896111,-3.0023149999999967,2
13303,-64.892678,-3.009352999999995,2
13304,-64.87946332256246,-3.0258377302616704,4
13305,-64.872766,-3.0301239999999905,4
13306,-64.879546,-3.034244000000008,4
13307,-64.877143,-3.034930000000004,4
13308,-64.88001063820752,-3.0247336304291617,4
13309,-64.86547,-3.033213999999999,4
13310,-64.892507,-3.0020570000000006,2
13311,-64.891992,-3.0041170000000026,2
13312,-64.891648,-3.0037739999999977,2
13313,-64.888215,-3.010639999999999,2
13314,-64.892077,-3.0041170000000057,2
13315,-64.891562,-3.0051470000000013,2
13316,-64.889588,-3.007121000000004,2
13317,-64.892249,-2.999911000000007,2
13318,-64.892592,-3.005404000000007,2
13319,-64.876885,-2.973990000000006,2
13320,-64.875855,-2.974162000000008,2
13321,-64.876027,-2.974762999999992,2
13322,-64.877572,-2.9745049999999984,2
13323,-64.8768,-2.973904999999992,2
13324,-64.867787,-2.991757000000002,2
13325,-64.905982,-2.9703859999999924,2
13326,-64.905725,-2.970728999999993,2
13327,-64.914222,-2.9798269999999927,2
13328,-64.915423,-2.972273999999992,2
13329,-64.915423,-2.972273999999992,2
13330,-64.915338,-2.9721879999999947,2
13331,-64.901261,-2.9439499999999974,2
13332,-64.89594,-2.9543350000000057,2
13333,-64.89491,-2.954936000000007,2
13334,-64.894996,-2.9549359999999987,2
13335,-64.889245,-2.959914000000006,2
13336,-64.874053,-2.9656649999999924,2
13337,-64.871478,-2.9651499999999977,2
13338,-64.894052,-2.9916720000000017,2
13339,-64.894052,-2.9916720000000017,2
13340,-64.899459,-2.991327999999994,2
13341,-64.907956,-2.9860929999999977,2
13342,-64.90787,-2.986177999999998,2
13343,-64.90787,-2.9860930000000034,2
13344,-64.910617,-2.9822299999999924,2
13345,-64.88976,-2.9224060000000023,7
13346,-64.889674,-2.9223199999999947,7
13347,-64.88976,-2.922492000000004,7
13348,-64.88531157248678,-2.924763250626901,2
13349,-64.88255,-2.9261830000000053,2
13350,-64.882636,-2.9260969999999924,2
13351,-64.88255,-2.9261830000000053,2
13352,-64.882636,-2.9260969999999924,2
13353,-64.852853,-2.9249810000000056,1
13354,-64.875598,-2.923865000000002,2
13355,-64.875684,-2.923864999999992,2
13356,-64.875598,-2.923865000000002,2
13357,-64.87252701942991,-2.9229311072968107,2
13358,-64.874568,-2.923179,2
13359,-64.87371,-2.923694000000008,2
13360,-64.873881,-2.9236080000000086,2
13361,-64.872079,-2.923779000000005,2
13362,-64.865813,-2.924037000000004,2
13363,-64.865899,-2.9241229999999963,2
13364,-64.865813,-2.924123000000004,2
13365,-64.865813,-2.924123000000004,2
13366,-64.867702,-2.92335,2
13367,-64.867616,-2.923864999999993,2
13368,-64.867702,-2.923694000000009,2
13369,-64.867787,-2.9236939999999985,2
13370,-64.87258362621122,-2.9228315477870743,2
13371,-64.871821,-2.9254099999999923,2
13372,-64.871736,-2.925323999999992,2
13373,-64.871821,-2.9254099999999923,2
13374,-64.873881,-2.9235220000000006,2
13375,-64.873881,-2.923778999999992,2
13376,-64.873881,-2.9236939999999985,2
13377,-64.874396,-2.918286000000001,2
13378,-64.876113,-2.917341999999993,2
13379,-64.878173,-2.9194879999999985,2
13380,-64.877915,-2.9198310000000034,2
13381,-64.87783,-2.9197449999999923,2
13382,-64.877915,-2.9198310000000034,2
13383,-64.878087,-2.9197450000000003,2
13384,-64.879804,-2.9193159999999985,2
13385,-64.890018,-2.908072000000001,7
13386,-64.890103,-2.9079869999999937,7
13387,-64.889073,-2.909532000000002,7
13388,-64.889245,-2.909703000000004,7
13389,-64.886413,-2.908243999999998,7
13390,-64.886413,-2.9081579999999927,7
13391,-64.886584,-2.9082440000000007,7
13392,-64.886584,-2.9082440000000007,7
13393,-64.886584,-2.9082440000000007,7
13394,-64.885554,-2.908586999999996,7
13395,-64.885898,-2.9113339999999983,7
13396,-64.886498,-2.9082439999999976,7
13397,-64.886498,-2.9082439999999976,7
13398,-64.886498,-2.908330000000006,7
13399,-64.886498,-2.9082439999999976,7
13400,-64.886498,-2.9082439999999976,7
13401,-64.886413,-2.908330000000006,7
13402,-64.885812,-2.9088449999999946,7
13403,-64.886584,-2.908329999999995,7
13404,-64.886498,-2.908501999999993,7
13405,-64.88667,-2.9080719999999984,7
13406,-64.886069,-2.908845000000006,7
13407,-64.886413,-2.9097890000000044,7
13408,-64.886498,-2.9084159999999986,7
13409,-64.886413,-2.9081579999999927,7
13410,-64.882379,-2.9107329999999925,7
13411,-64.883151,-2.914166000000005,7
13412,-64.883237,-2.914080999999994,7
13413,-64.884953,-2.911934999999993,7
13414,-64.889159,-2.910561999999997,7
13415,-64.898772,-2.902235999999993,7
13416,-64.898772,-2.902150000000005,7
13417,-64.898858,-2.902235999999996,7
13418,-64.901261,-2.899489000000002,7
13419,-64.90315,-2.8976869999999995,7
13420,-64.905295,-2.8916789999999946,7
13421,-64.909759,-2.8832670000000022,7
13422,-64.909673,-2.883353000000003,7
13423,-64.909673,-2.883267000000001,7
13424,-64.908643,-2.879748000000008,7
13425,-64.907441,-2.880091999999994,7
13426,-64.904523,-2.884812000000004,7
13427,-64.898171,-2.886014000000006,7
13428,-64.90684,-2.8758860000000057,7
13429,-64.906754,-2.8758860000000004,7
13430,-64.90684,-2.8758860000000057,7
13431,-64.906754,-2.8758860000000004,7
13432,-64.906754,-2.8758860000000004,7
13433,-64.90684,-2.875800000000005,7
13434,-64.906583,-2.8757999999999924,7
13435,-64.897742,-2.901377999999992,7
13436,-64.897141,-2.901119999999997,7
13437,-64.894481,-2.901291999999999,7
13438,-64.891906,-2.898373999999991,7
13439,-64.897313,-2.901291999999996,7
13440,-64.896798,-2.900519000000004,7
13441,-64.893966,-2.9018070000000056,7
13442,-64.893193,-2.903866999999994,7
13443,-64.893279,-2.903866999999993,7
13444,-64.893193,-2.903866999999994,7
13445,-64.889245,-2.904983,7
13446,-64.887614,-2.903781000000001,7
13447,-64.889159,-2.9067849999999944,7
13448,-64.889073,-2.906871000000001,7
13449,-64.889159,-2.9067849999999944,7
13450,-64.887013,-2.908072,7
13451,-64.886413,-2.908243999999998,7
13452,-64.886498,-2.9082439999999976,7
13453,-64.886498,-2.9084159999999986,7
13454,-64.883151,-2.9075569999999966,7
13455,-64.885468,-2.9067850000000064,7
13456,-64.885383,-2.906785000000002,7
13457,-64.916368,-2.883782000000005,7
13458,-64.895768,-2.8947690000000064,7
13459,-64.895682,-2.894769000000007,7
13460,-64.895682,-2.894769000000007,7
13461,-64.89518114922387,-2.898578636961509,7
13462,-64.891992,-2.898373999999995,7
13463,-64.896626,-2.901977999999998,7
13464,-64.895682,-2.9012920000000046,7
13465,-64.895768,-2.9016350000000064,7
13466,-64.885297,-2.9067850000000046,7
13467,-64.885468,-2.9067850000000064,7
13468,-64.884095,-2.907299999999996,7
13469,-64.885383,-2.906785000000002,7
13470,-64.885383,-2.906870999999994,7
13471,-64.887764092335,-2.9105086611036253,7
13472,-64.891391,-2.913822999999998,7
13473,-64.891219,-2.913995000000001,7
13474,-64.890189,-2.911076999999999,7
13475,-64.884696,-2.9079869999999994,7
13476,-64.912505,-2.879663000000007,7
13477,-64.912248,-2.8791479999999927,7
13478,-64.912505,-2.8794910000000007,7
13479,-64.912162,-2.8808639999999937,7
13480,-64.915681,-2.890906000000001,7
13481,-64.915509,-2.8906489999999976,7
13482,-64.904523,-2.8992320000000067,7
13483,-64.902291,-2.894682999999993,7
13484,-64.906068,-2.9028370000000048,7
13485,-64.90624,-2.902836999999992,7
13486,-64.906154,-2.902836999999991,7
13487,-64.90375,-2.9079870000000065,7
13488,-64.899459,-2.905840999999992,7
13489,-64.899545,-2.9051539999999982,7
13490,-64.971728,-2.9269550000000084,5
13491,-64.971213,-2.925839000000001,5
13492,-64.970784,-2.9260110000000057,5
13493,-64.971385,-2.924981000000008,5
13494,-64.968553,-2.919230000000001,5
13495,-64.968123,-2.915710999999998,5
13496,-64.953704,-2.939572000000008,5
13497,-64.94761,-2.9261830000000004,5
13498,-64.947782,-2.926096999999997,5
13499,-64.94752060346286,-2.927730694640974,5
13500,-64.947782,-2.926096999999997,5
13501,-64.947867,-2.926097000000006,5
13502,-64.947867,-2.926097000000006,5
13503,-64.948039,-2.926183000000002,5
13504,-64.947953,-2.9261829999999978,5
13505,-64.947009,-2.9254100000000047,5
13506,-64.947009,-2.9254100000000047,5
13507,-64.94572200000002,-2.9265260000000017,5
13508,-64.943919,-2.927555999999994,5
13509,-64.871478,-2.933822000000007,2
13510,-64.89998218064342,-2.935263379258696,7
13511,-64.905381,-2.933393,2
13512,-64.905896,-2.9339930000000014,2
13513,-64.913192,-2.9369969999999967,2
13514,-64.913106,-2.9369119999999955,2
13515,-64.931302,-2.9371690000000066,5
13516,-64.93113,-2.9374270000000067,5
13517,-64.9507,-2.927728000000001,5
13518,-64.949327,-2.9282430000000006,5
13519,-64.94926589917823,-2.948008475398208,5
13520,-64.957051,-2.947039999999999,5
13521,-64.965634,-2.932363,5
13522,-64.963489,-2.929958999999996,5
13523,-64.950442,-2.9418039999999985,5
13524,-64.94943248472647,-2.9473210031489003,5
13525,-64.943919,-2.962574999999996,5
13526,-64.945378,-2.9604289999999995,5
13527,-64.945378,-2.9601719999999965,5
13528,-64.94950455272995,-2.947067705108829,5
13529,-64.945292,-2.960943999999996,5
13530,-64.941516,-2.954248999999991,5
13531,-64.94958497105631,-2.9466064303201014,5
13532,-64.941773,-2.947382999999996,5
13533,-64.9301,-2.954935999999999,5
13534,-64.935079,-2.9532189999999945,5
13535,-64.929671,-2.9534769999999915,5
13536,-64.939198,-2.9477259999999963,5
13537,-64.94117300000002,-2.946181000000007,5
13538,-64.942803,-2.962403000000009,5
13539,-64.93311947947848,-2.9448178499124418,5
13540,-64.946837,-2.955193999999992,5
13541,-64.946923,-2.955021999999996,5
13542,-64.935679,-2.946524999999992,5
13543,-64.930701,-2.934937000000001,5
13544,-64.925551,-2.936225000000005,5
13545,-64.92641,-2.936654000000006,5
13546,-64.926152,-2.9375119999999937,5
13547,-64.925981,-2.937426999999996,5
13548,-64.926324,-2.937427000000008,5
13549,-64.925551,-2.9375980000000057,5
13550,-64.92718200000002,-2.9437779999999987,5
13551,-64.92718200000002,-2.9436919999999964,5
13552,-64.937396,-2.9434350000000067,5
13553,-64.938941,-2.9429200000000053,5
13554,-64.96778,-2.9211189999999947,5
13555,-64.95280665529421,-2.939077969831631,5
13556,-64.95294464143164,-2.938752222042502,5
13557,-64.951386,-2.9268690000000075,5
13558,-64.944606,-2.937769999999996,5
13559,-64.954906,-2.9438640000000063,5
13560,-64.95323932132712,-2.9383538643924965,5
13561,-64.95324818878669,-2.938281514320543,5
13562,-64.95326152142242,-2.9381910727798792,5
13563,-64.957309,-2.9421469999999954,5
13564,-64.946494,-2.952703999999992,5
13565,-64.937053,-2.9394869999999966,5
13566,-64.937568,-2.939916000000005,5
13567,-64.93526974282065,-2.9444885905421736,5
13568,-64.938083,-2.939916000000004,5
13569,-64.934134,-2.9468679999999985,5
13570,-64.934306,-2.9470399999999923,5
13571,-64.931817,-2.950130000000008,5
13572,-64.943662,-2.958283000000005,5
13573,-64.946237,-2.962059999999999,5
13574,-64.946237,-2.962059999999999,5
13575,-64.950702378686,-2.959480018947263,5
13576,-64.95585,-2.9595709999999955,5
13577,-64.955935,-2.959399000000005,5
13578,-64.956021,-2.956052000000005,5
13579,-64.953532,-2.9572530000000072,5
13580,-64.95018500000002,-2.961201999999994,5
13581,-64.93665547212714,-2.944106411691517,5
13582,-64.936881,-2.9527039999999936,5
13583,-64.93675439899727,-2.9437807306043484,5
13584,-64.931302,-2.951416999999997,5
13585,-64.93678139463425,-2.943626971197226,5
13586,-64.932246,-2.938199000000002,5
13587,-64.932246,-2.938199000000002,5
13588,-64.932332,-2.938026999999998,5
13589,-64.938083,-2.940258999999992,5
13590,-64.938083,-2.940516000000004,5
13591,-64.937997,-2.939916000000008,5
13592,-64.93682448787561,-2.943681147346496,5
13593,-64.93682080308389,-2.943663069983925,5
13594,-64.938083,-2.940601999999997,5
13595,-64.938083,-2.940345,5
13596,-64.9368236447475,-2.943681148818614,5
13597,-64.938083,-2.940601999999997,5
13598,-64.937997,-2.940773999999993,5
13599,-64.93688481825949,-2.943464036459128,5
13600,-64.937997,-2.940688000000004,5
13601,-64.920487,-2.970729000000002,2
13602,-64.908299,-2.969698999999998,2
13603,-64.935164,-2.9461809999999966,5
13604,-64.940658,-2.9442929999999943,5
13605,-64.877105,-3.038134999999997,4
13606,-64.876807,-3.038255000000002,4
13607,-64.877153,-3.0380900000000004,4
13608,-64.877072,-3.0382100000000025,4
13609,-64.86418790693406,-3.046263573311361,6
13610,-64.885507,-3.0331580000000016,4
13611,-64.86434629644525,-3.0461819175187896,6
13612,-64.887686,-3.031688000000005,4
13613,-64.887788,-3.0315430000000028,4
13614,-64.888473,-3.031137000000001,4
13615,-64.86439350244517,-3.046172793166675,6
13616,-64.888699,-3.0310629999999974,4
13617,-64.888955,-3.032310000000007,4
13618,-64.886187,-3.033822000000002,4
13619,-64.86434779622972,-3.046073407753869,6
13620,-64.886215,-3.0330629999999927,4
13621,-64.879131,-3.038117000000006,4
13622,-64.858988,-3.055827,6
13623,-64.860149,-3.0611579999999923,6
13624,-64.86442148811805,-3.045774884940305,6
13625,-64.86430727605708,-3.0457208299433054,6
13626,-64.856348,-3.0652760000000043,6
13627,-64.86439355224195,-3.045711637673877,6
13628,-64.86427012675118,-3.045693767741249,6
13629,-64.856865,-3.065576,6
13630,-64.858464,-3.063363999999997,6
13631,-64.858319,-3.061604000000003,6
13632,-64.86438930492025,-3.045693560532895,6
13633,-64.86420344842922,-3.045657714609768,6
13634,-64.85287,-3.053182000000004,6
13635,-64.852853,-3.053228000000006,6
13636,-64.852804,-3.053294999999996,6
13637,-64.854644,-3.051432000000006,6
13638,-64.845433,-3.041537999999999,0
13639,-64.845734,-3.040910000000006,0
13640,-64.846087,-3.040576000000007,0
13641,-64.84413,-3.0316780000000043,0
13642,-64.86393771952626,-3.0454321199161907,6
13643,-64.832733,-3.056606999999993,0
13644,-64.832657,-3.0566870000000006,0
13645,-64.848737,-3.022773999999993,1
13646,-64.867467,-2.982190999999992,2
13647,-64.867225,-2.9820619999999924,2
13648,-64.867833,-2.9821339999999985,2
13649,-64.823602825731,-3.0797633794064594,0
13650,-64.841446,-2.967678999999999,1
13651,-64.841179,-2.978839999999994,1
13652,-64.841174,-2.978938999999997,1
13653,-64.850137,-2.986541999999999,1
13654,-64.82375307199051,-3.078524303392115,0
13655,-64.82001,-3.0268230000000003,0
13656,-64.82394877754567,-3.0779000369533644,0
13657,-64.82389164683165,-3.077529394125799,0
13658,-64.793374,-3.070651000000004,0
13659,-64.788907,-3.0757089999999927,0
13660,-64.788864,-3.0757690000000064,0
13661,-64.800494,-3.070018999999993,0
13662,-64.800122,-3.077272000000004,0
13663,-64.80080100000002,-3.077138000000001,0
13664,-64.801697,-3.0793449999999924,0
13665,-64.800423,-3.0854919999999924,0
13666,-64.82433912398649,-3.077347775753153,0
13667,-64.8242659469528,-3.0772936467638603,0
13668,-64.8240976674786,-3.07718542643838,0
13669,-64.793741,-3.096356000000004,0
13670,-64.79386,-3.107162999999997,0
13671,-64.82415368659959,-3.07706777814454,0
13672,-64.794894,-3.1052539999999937,0
13673,-64.78957,-3.0945970000000025,0
13674,-64.796758,-3.0867419999999983,0
13675,-64.796756,-3.0865839999999936,0
13676,-64.82435607084396,-3.077230194619143,0
13677,-64.82421916211447,-3.077221387478472,0
13678,-64.803615,-3.0966349999999925,0
13679,-64.803457,-3.098496999999997,0
13680,-64.82431562390013,-3.077248349066109,0
13681,-64.80283,-3.1151639999999943,0
13682,-64.801826,-3.110866000000002,0
13683,-64.801627,-3.1105229999999944,0
13684,-64.801564,-3.1100459999999908,0
13685,-64.82462685356958,-3.07744674818982,0
13686,-64.806337,-3.097308000000006,0
13687,-64.83186600000002,-3.098837999999992,0
13688,-64.82486705033557,-3.0780250525870465,0
13689,-64.833393,-3.1035969999999966,0
13690,-64.84539000000001,-3.0962139999999976,6
13691,-64.857759,-3.0881290000000075,6
13692,-64.856116,-3.0881720000000032,6
13693,-64.82510801383187,-3.078558143161424,0
13694,-64.865837,-3.090578000000002,6
13695,-64.82503934959077,-3.078513048993897,0
13696,-64.859979,-3.0822530000000063,6
13697,-64.8250276205474,-3.078558281461778,0
13698,-64.862329,-3.071715000000004,6
13699,-64.862281,-3.0718489999999936,6
13700,-64.82501136319179,-3.07858543680342,0
13701,-64.866634,-3.080211000000003,6
13702,-64.82501505224894,-3.0784407511246505,0
13703,-64.82508851049786,-3.0784948795080944,0
13704,-64.866634,-3.093862000000008,6
13705,-64.865546,-3.094265000000001,6
13706,-64.86557,-3.094415000000002,6
13707,-64.8655,-3.094052000000004,6
13708,-64.865386,-3.0941049999999977,6
13709,-64.855249,-3.097182000000006,6
13710,-64.852852,-3.095017,6
13711,-64.82506108629353,-3.0785672663495336,0
13712,-64.855251,-3.092935000000004,6
13713,-64.842296,-3.0961819999999936,0
13714,-64.821983,-3.094636999999998,0
13715,-64.824996,-3.0995399999999966,0
13716,-64.825025,-3.0993510000000084,0
13717,-64.8246312350524,-3.07770897200744,0
13718,-64.82438465718283,-3.077510461792793,0
13719,-64.80830200000001,-3.0849400000000005,0
13720,-64.808277,-3.0847809999999947,0
13721,-64.809093,-3.081388000000004,0
13722,-64.811703,-3.072262000000003,0
13723,-64.808869,-3.075243000000001,0
13724,-64.808729,-3.075271999999996,0
13725,-64.82420194527192,-3.077510775871631,0
13726,-64.807435,-3.0780629999999984,0
13727,-64.808378,-3.075946999999993,0
13728,-64.808414,-3.075808999999994,0
13729,-64.80717600000001,-3.078030999999998,0
13730,-64.807179,-3.0780190000000016,0
13731,-64.806998,-3.0782889999999914,0
13732,-64.807231,-3.0777810000000048,0
13733,-64.807336,-3.0777459999999928,0
13734,-64.80843100000001,-3.075678999999995,0
13735,-64.808336,-3.0755409999999936,0
13736,-64.80736,-3.077741999999999,0
13737,-64.80718,-3.077818000000001,0
13738,-64.808442,-3.075496000000006,0
13739,-64.807593,-3.077902000000006,0
13740,-64.808151,-3.076128000000002,0
13741,-64.808377,-3.0756259999999966,0
13742,-64.808895,-3.075260000000002,0
13743,-64.807283,-3.077609000000004,0
13744,-64.802478,-3.073035999999993,0
13745,-64.793052,-3.0780949999999923,0
13746,-64.791711,-3.0836039999999945,0
13747,-64.788267,-3.0901549999999967,0
13748,-64.783974,-3.099092,0
13749,-64.784014,-3.0990700000000024,0
13750,-64.784149,-3.099117000000008,0
13751,-64.789089,-3.100054999999992,0
13752,-64.788877,-3.099904999999997,0
13753,-64.790261,-3.0928079999999976,0
13754,-64.783949,-3.0904759999999936,0
13755,-64.789562,-3.074050999999996,0
13756,-64.795727,-3.065477999999997,0
13757,-64.811569,-3.037831000000002,0
13758,-64.841961,-3.028397999999992,0
13759,-64.855123,-2.9895649999999976,1
13760,-64.846483,-2.9825230000000005,1
13761,-64.833818,-2.977842000000006,1
13762,-64.833806,-2.9777539999999947,1
13763,-64.837177,-2.992250000000004,1
13764,-64.837569,-2.9997460000000014,1
13765,-64.834909,-2.981648999999998,1
13766,-64.833409,-2.979756000000008,1
13767,-64.833453,-2.979476000000007,1
13768,-64.82895,-2.979175000000008,1
13769,-64.830896,-2.9878669999999943,1
13770,-64.832618,-2.9902720000000067,1
13771,-64.83543,-2.988845000000005,1
13772,-64.835626,-2.989116999999996,1
13773,-64.83915400000001,-2.987759000000007,1
13774,-64.830711,-2.980263000000002,1
13775,-64.83033,-2.979812999999997,1
13776,-64.829903,-2.9801129999999976,1
13777,-64.830565,-2.9801780000000075,1
13778,-64.830683,-2.979982999999996,1
13779,-64.831508,-2.9814029999999967,1
13780,-64.831469,-2.9812499999999966,1
13781,-64.831694,-2.9810960000000057,1
13782,-64.832182,-2.995299000000003,1
13783,-64.832751,-3.000265000000006,1
13784,-64.832899,-2.9996950000000067,1
13785,-64.832962,-2.999765999999992,1
13786,-64.843281,-2.9970799999999977,1
13787,-64.840703,-2.9904269999999986,1
13788,-64.836129,-2.981546000000003,1
13789,-64.835853,-2.980421000000001,1
13790,-64.835789,-2.979029999999996,1
13791,-64.840737,-3.022459999999997,1
13792,-64.82537400000001,-3.037744999999998,0
13793,-64.825191,-3.037738000000004,0
13794,-64.816822,-3.0541400000000047,0
13795,-64.816832,-3.054384000000008,0
13796,-64.816597,-3.0547419999999947,0
13797,-64.816934,-3.0542070000000026,0
13798,-64.81483900000002,-3.067242000000004,0
13799,-64.814436,-3.067088000000004,0
13800,-64.80395,-3.064295999999994,0
13801,-64.781814,-3.093820000000004,0
13802,-64.781815,-3.0937529999999978,0
13803,-64.781977,-3.0937040000000025,0
13804,-64.784392,-3.098594000000002,0
13805,-64.784323,-3.0985180000000008,0
13806,-64.78406,-3.099107999999996,0
13807,-64.784627,-3.1016720000000024,0
13808,-64.784676,-3.101623,0
13809,-64.786217,-3.097904000000001,0
13810,-64.786139,-3.0976850000000007,0
13811,-64.79195,-3.101194,0
13812,-64.791808,-3.1013169999999923,0
13813,-64.791784,-3.101348999999992,0
13814,-64.788819,-3.109454999999998,0
13815,-64.789422,-3.108548999999996,0
13816,-64.789612,-3.1088860000000067,0
13817,-64.789511,-3.1085929999999955,0
13818,-64.795966,-3.102338000000008,0
13819,-64.791898,-3.101287000000002,0
13820,-64.791882,-3.101342999999995,0
13821,-64.79184,-3.1013230000000007,0
13822,-64.787651,-3.102480999999992,0
13823,-64.784237,-3.101497999999997,0
13824,-64.784276,-3.1015839999999986,0
13825,-64.784654,-3.101589000000004,0
13826,-64.782909,-3.1053099999999936,0
13827,-64.775409,-3.106238999999993,0
13828,-64.772518,-3.102277999999996,0
13829,-64.7725,-3.102276000000003,0
13830,-64.766054,-3.0847549999999915,0
13831,-64.766138,-3.084700999999994,0
13832,-64.767714,-3.083346999999991,0
13833,-64.767873,-3.088809999999996,0
13834,-64.768297,-3.088032,0
13835,-64.768369,-3.088112999999993,0
13836,-64.76822500000002,-3.0883609999999937,0
13837,-64.767787,-3.0885589999999925,0
13838,-64.767707,-3.0885350000000025,0
13839,-64.767696,-3.0886630000000004,0
13840,-64.767773,-3.0885509999999945,0
13841,-64.768075,-3.0884269999999927,0
13842,-64.777398,-3.081961999999999,0
13843,-64.788474,-3.079859000000002,0
13844,-64.788477,-3.0798750000000044,0
13845,-64.797435,-3.071331000000007,0
13846,-64.797388,-3.071350000000008,0
13847,-64.79744,-3.071273999999999,0
13848,-64.797395,-3.071340999999993,0
13849,-64.812004,-3.067783999999996,0
13850,-64.81207300000001,-3.0677769999999978,0
13851,-64.81207500000001,-3.067789999999999,0
13852,-64.818339,-3.064059999999993,0
13853,-64.818422,-3.0641129999999976,0
13854,-64.81845,-3.064085999999995,0
13855,-64.818449,-3.0640899999999966,0
13856,-64.82776,-3.058454999999996,0
13857,-64.834464,-3.044894000000008,0
13858,-64.83446,-3.0449129999999927,0
13859,-64.8344,-3.0448839999999926,0
13860,-64.82658000000002,-3.0351550000000023,0
13861,-64.821003,-3.034256999999996,0
13862,-64.820644,-3.033345000000008,0
13863,-64.820534,-3.033290000000007,0
13864,-64.828411,-3.029607999999996,0
13865,-64.82874800000002,-3.0294070000000075,0
13866,-64.828735,-3.029459000000004,0
13867,-64.82962,-3.0198669999999974,0
13868,-64.819681,-3.023859999999999,0
13869,-64.819722,-3.023823000000008,0
13870,-64.819688,-3.0238339999999977,0
13871,-64.824979,-3.0150620000000004,0
13872,-64.838584,-3.0117069999999986,1
13873,-64.838468,-3.0117170000000075,1
13874,-64.838444,-3.011745000000006,1
13875,-64.841705,-3.012366000000007,1
13876,-64.838981,-3.0150180000000075,1
13877,-64.839088,-3.0150129999999984,1
13878,-64.8481,-3.012691000000002,1
13879,-64.848802,-3.0123079999999973,1
13880,-64.848712,-3.012319999999991,1
13881,-64.84882,-3.012353000000008,1
13882,-64.855331,-3.009255999999994,1
13883,-64.861683,-2.997942000000001,1
13884,-64.862987,-2.9984350000000046,1
13885,-64.859102,-2.9896239999999974,1
13886,-64.850866,-2.992039000000002,1
13887,-64.850868,-2.992009999999996,1
13888,-64.850826,-2.991980000000006,1
13889,-64.843928,-3.020274000000007,1
13890,-64.843999,-3.0202060000000075,1
13891,-64.843873,-3.0202479999999943,1
13892,-64.81452,-3.033814999999999,0
13893,-64.814477,-3.033701000000001,0
13894,-64.814852,-3.033960999999997,0
13895,-64.81536,-3.0335089999999987,0
13896,-64.815614,-3.0328539999999964,0
13897,-64.81519100000001,-3.033010000000005,0
13898,-64.81513,-3.0331139999999945,0
13899,-64.80715,-3.033994999999999,0
13900,-64.806562,-3.0439140000000062,0
13901,-64.806805,-3.043977999999991,0
13902,-64.806554,-3.053243,0
13903,-64.807523,-3.0570290000000027,0
13904,-64.811711,-3.0668149999999983,0
13905,-64.811644,-3.066935000000006,0
13906,-64.808716,-3.077083999999992,0
13907,-64.80908600000001,-3.076873999999998,0
13908,-64.820034,-3.0740229999999995,0
13909,-64.819948,-3.0739250000000005,0
13910,-64.824845,-3.0724160000000063,0
13911,-64.824827,-3.072491999999992,0
13912,-64.824277,-3.0741850000000004,0
13913,-64.824312,-3.0741380000000014,0
13914,-64.834574,-3.070323000000004,0
13915,-64.837847,-3.071476000000008,0
13916,-64.837774,-3.0714419999999927,0
13917,-64.839735,-3.078114999999998,0
13918,-64.835337,-3.079168999999995,0
13919,-64.835356,-3.079150999999997,0
13920,-64.835566,-3.0791120000000065,0
13921,-64.833739,-3.078977000000001,0
13922,-64.832742,-3.079346000000001,0
13923,-64.827323,-3.079301999999996,0
13924,-64.827252,-3.0792219999999952,0
13925,-64.826725,-3.083398999999996,0
13926,-64.826765,-3.0834600000000063,0
13927,-64.826779,-3.083472000000007,0
13928,-64.822981,-3.086850999999996,0
13929,-64.81731,-3.090344999999996,0
13930,-64.812097,-3.098417,0
13931,-64.812059,-3.0983270000000056,0
13932,-64.812052,-3.098373999999993,0
13933,-64.811202,-3.1004429999999963,0
13934,-64.811213,-3.100460000000003,0
13935,-64.814563,-3.103070000000003,0
13936,-64.815782,-3.104841000000007,0
13937,-64.815715,-3.1049420000000034,0
13938,-64.817326,-3.1069099999999987,0
13939,-64.816859,-3.106891,0
13940,-64.816793,-3.106874999999996,0
13941,-64.816919,-3.106439999999993,0
13942,-64.816353,-3.105966000000008,0
13943,-64.816363,-3.105927000000004,0
13944,-64.816443,-3.105961000000006,0
13945,-64.819492,-3.104854000000003,0
13946,-64.81749,-3.104948999999998,0
13947,-64.816618,-3.104988000000004,0
13948,-64.816415,-3.105030000000007,0
13949,-64.81525,-3.1024010000000013,0
13950,-64.815215,-3.102309999999995,0
13951,-64.815243,-3.102389000000004,0
13952,-64.815223,-3.1023399999999954,0
13953,-64.815204,-3.102212000000006,0
13954,-64.815249,-3.1023190000000054,0
13955,-64.814384,-3.105067999999993,0
13956,-64.814421,-3.1050919999999915,0
13957,-64.810392,-3.101396000000008,0
13958,-64.810788,-3.1010880000000034,0
13959,-64.810951,-3.101058999999999,0
13960,-64.810979,-3.101162000000006,0
13961,-64.812742,-3.0992370000000014,0
13962,-64.814533,-3.1003229999999955,0
13963,-64.814615,-3.1003259999999977,0
13964,-64.814553,-3.1003380000000047,0
13965,-64.815268,-3.090930000000005,0
13966,-64.815097,-3.0927550000000075,0
13967,-64.815042,-3.092715999999992,0
13968,-64.815008,-3.0926200000000024,0
13969,-64.801983,-3.0891139999999986,0
13970,-64.802682,-3.0893149999999947,0
13971,-64.79318500000001,-3.088281999999993,0
13972,-64.794047,-3.0884330000000064,0
13973,-64.794018,-3.088439999999994,0
13974,-64.79364,-3.088404000000003,0
13975,-64.793652,-3.088408000000001,0
13976,-64.79364,-3.088446,0
13977,-64.791942,-3.101391999999996,0
13978,-64.791725,-3.101340999999997,0
13979,-64.791972,-3.1030800000000034,0
13980,-64.79196,-3.1030939999999965,0
13981,-64.787778,-3.1076849999999965,0
13982,-64.77972,-3.110541999999996,0
13983,-64.779679,-3.1105809999999963,0
13984,-64.779498,-3.110488000000005,0
13985,-64.779719,-3.110504,0
13986,-64.77956,-3.109894000000001,0
13987,-64.779606,-3.1098840000000063,0
13988,-64.779551,-3.1099369999999937,0
13989,-64.779498,-3.109913000000005,0
13990,-64.779588,-3.109840000000008,0
13991,-64.784069,-3.101485999999994,0
13992,-64.784154,-3.101488999999999,0
13993,-64.784099,-3.1015060000000045,0
13994,-64.784062,-3.101465000000001,0
13995,-64.78404400000001,-3.101389,0
13996,-64.784089,-3.101452000000008,0
13997,-64.788366,-3.0899909999999937,0
13998,-64.790731,-3.080628999999997,0
13999,-64.789968,-3.078501999999997,0
14000,-64.789869,-3.0785439999999946,0
14001,-64.789877,-3.073711000000002,0
14002,-64.792988,-3.076032999999995,0
14003,-64.793011,-3.076010000000007,0
14004,-64.805031,-3.0677739999999982,0
14005,-64.81219,-3.0678310000000075,0
14006,-64.812181,-3.067803999999993,0
14007,-64.812148,-3.067767999999996,0
14008,-64.816168,-3.067377999999997,0
14009,-64.819621,-3.0633199999999987,0
14010,-64.816869,-3.054196999999999,0
14011,-64.817025,-3.054192000000008,0
14012,-64.824906,-3.0533339999999973,0
14013,-64.825031,-3.053295000000002,0
14014,-64.825203,-3.050495000000008,0
14015,-64.832833,-3.049329000000005,0
14016,-64.840149,-3.039355000000004,0
14017,-64.840155,-3.0393920000000003,0
14018,-64.840168,-3.0393709999999974,0
14019,-64.840096,-3.039645000000005,0
14020,-64.840144,-3.0393379999999937,0
14021,-64.840135,-3.039228000000001,0
14022,-64.838233,-3.0359280000000024,0
14023,-64.830163,-3.028597000000009,0
14024,-64.828628,-3.029370000000008,0
14025,-64.82862,-3.029421,0
14026,-64.829989,-3.029104,0
14027,-64.840509,-3.022385000000001,1
14028,-64.840531,-3.022336000000003,1
14029,-64.840455,-3.022447000000001,1
14030,-64.845616,-3.019472000000007,1
14031,-64.846579,-3.018218000000008,1
14032,-64.845467,-3.013923999999996,1
14033,-64.845313,-3.0141799999999934,1
14034,-64.878238,-3.018595000000002,4
14035,-64.878244,-3.0183860000000085,4
14036,-64.878389,-3.018377999999992,4
14037,-64.883486,-3.0135239999999923,4
14038,-64.884091,-3.017005999999992,4
14039,-64.884229,-3.016538999999997,4
14040,-64.884202,-3.0165559999999934,4
14041,-64.893604,-3.005481999999992,2
14042,-64.891211,-3.004856000000008,2
14043,-64.886327,-3.012705000000006,4
14044,-64.886423,-3.012770000000004,4
14045,-64.886418,-3.0127840000000004,4
14046,-64.886478,-3.0127590000000057,4
14047,-64.886537,-3.012799999999999,4
14048,-64.883984,-3.0170309999999927,4
14049,-64.884065,-3.0170089999999945,4
14050,-64.884069,-3.0170230000000067,4
14051,-64.884119,-3.017024,4
14052,-64.886343,-3.0240909999999976,4
14053,-64.874864,-3.028400999999993,4
14054,-64.874439,-3.0326800000000045,4
14055,-64.874358,-3.0326480000000005,4
14056,-64.870874,-3.0351479999999933,4
14057,-64.870765,-3.0355180000000086,4
14058,-64.869198,-3.036298000000003,4
14059,-64.8691,-3.036274999999993,4
14060,-64.857577,-3.032233000000004,1
14061,-64.853637,-3.0271830000000044,1
14062,-64.853425,-3.0272739999999985,1
14063,-64.853036,-3.0269189999999986,1
14064,-64.851899,-3.0261749999999967,1
14065,-64.851988,-3.026218000000008,1
14066,-64.838247,-3.035864000000005,0
14067,-64.838239,-3.0358680000000016,0
14068,-64.840768,-3.039327000000006,0
14069,-64.840754,-3.0393849999999967,0
14070,-64.84116,-3.039566999999993,0
14071,-64.84078,-3.0393730000000057,0
14072,-64.845674,-3.040060000000002,0
14073,-64.851429,-3.0390180000000053,1
14074,-64.851511,-3.0390750000000075,1
14075,-64.85155,-3.0390499999999983,1
14076,-64.851451,-3.0389959999999934,1
14077,-64.859035,-3.0320960000000072,1
14078,-64.866134,-3.027479000000007,4
14079,-64.86607,-3.027408000000007,4
14080,-64.869145,-3.035060999999996,4
14081,-64.876153,-3.0280409999999938,4
14082,-64.876276,-3.0281009999999995,4
14083,-64.882855,-3.0193949999999985,4
14084,-64.881278,-3.023664000000005,4
14085,-64.869399,-3.0300510000000043,4
14086,-64.869494,-3.0300650000000062,4
14087,-64.866056,-3.027414000000008,4
14088,-64.866043,-3.0275820000000064,4
14089,-64.866088,-3.0273980000000007,4
14090,-64.866107,-3.027399999999998,4
14091,-64.866053,-3.027375000000008,4
14092,-64.864461,-3.0258890000000056,4
14093,-64.852653,-3.026354999999993,1
14094,-64.852766,-3.026106999999992,1
14095,-64.852486,-3.026127000000007,1
14096,-64.85131900000002,-3.026525000000001,1
14097,-64.837988,-3.030945000000001,0
14098,-64.837833,-3.0312210000000075,0
14099,-64.827622,-3.034741000000006,0
14100,-64.827392,-3.036098000000001,0
14101,-64.827218,-3.041064999999997,0
14102,-64.827212,-3.040884999999993,0
14103,-64.827354,-3.040746999999999,0
14104,-64.85474114174461,-3.004178937200501,1
14105,-64.849259,-3.023222000000005,1
14106,-64.845419,-3.013946000000002,1
14107,-64.845324,-3.013943000000006,1
14108,-64.85501496366096,-3.003880073500476,1
14109,-64.847048,-2.9960509999999982,1
14110,-64.844513,-2.989852000000008,1
14111,-64.85505788495837,-3.0039975503849274,1
14112,-64.856607,-2.998411000000005,1
14113,-64.870154,-2.990470000000001,2
14114,-64.870208,-2.990457999999997,2
14115,-64.876099,-2.993254000000002,2
14116,-64.874921,-3.001170000000008,2
14117,-64.874945,-3.001249999999993,2
14118,-64.874965,-3.0012689999999984,2
14119,-64.877659,-3.006178999999997,4
14120,-64.883547,-3.013637000000001,4
14121,-64.880544,-3.016766999999997,4
14122,-64.880626,-3.016744999999998,4
14123,-64.880621,-3.016730000000006,4
14124,-64.85535892137871,-3.004168840650166,1
14125,-64.858052,-3.0196359999999927,1
14126,-64.85520680695839,-3.0039701693061724,1
14127,-64.855434,-3.0044979999999977,1
14128,-64.855517,-3.004551,1
14129,-64.855599,-3.004419999999999,1
14130,-64.85508863487574,-3.0038980324273608,1
14131,-64.85499891206562,-3.0038620162543275,1
14132,-64.857248,-2.994874000000008,1
14133,-64.857151,-2.994834000000002,1
14134,-64.854327,-2.987886999999992,1
14135,-64.841298,-2.979563999999995,1
14136,-64.85485291393854,-3.003789926811091,1
14137,-64.846707,-3.002686000000001,1
14138,-64.841719,-3.014238000000005,1
14139,-64.85518718403473,-3.0038345680471794,1
14140,-64.85520670008772,-3.003906873274644,1
14141,-64.866395,-3.0235309999999926,4
14142,-64.866349,-3.023597000000004,4
14143,-64.865992,-3.0273410000000056,4
14144,-64.866076,-3.0274080000000043,4
14145,-64.865012,-3.027519999999999,4
14146,-64.866058,-3.0274189999999948,4
14147,-64.878306,-3.021796,4
14148,-64.888041,-3.0013470000000035,2
14149,-64.8551079919899,-3.0040426764652097,1
14150,-64.842723,-2.980117000000003,1
14151,-64.842772,-2.9806399999999966,1
14152,-64.842827,-2.980745999999995,1
14153,-64.842481,-2.980589000000001,1
14154,-64.842479,-2.980554000000004,1
14155,-64.840955,-2.9794400000000043,1
14156,-64.840971,-2.9793840000000023,1
14157,-64.841063,-2.979559999999993,1
14158,-64.84094,-2.9793879999999984,1
14159,-64.841056,-2.979472999999993,1
14160,-64.84094,-2.979544999999993,1
14161,-64.841138,-2.979021,1
14162,-64.841127,-2.979062000000003,1
14163,-64.84165,-2.979053999999993,1
14164,-64.843197,-3.0171239999999977,1
14165,-64.85486155083171,-3.003744700485429,1
14166,-64.85478580528607,-3.0036634488439407,1
14167,-64.839476,-3.0161620000000005,1
14168,-64.839526,-3.0162719999999994,1
14169,-64.839392,-3.016151000000003,1
14170,-64.839628,-3.016045000000002,1
14171,-64.839561,-3.016168999999996,1
14172,-64.839147,-3.0161120000000023,1
14173,-64.839583,-3.016039999999994,1
14174,-64.839512,-3.0161330000000004,1
14175,-64.839511,-3.0162290000000023,1
14176,-64.839554,-3.0162060000000053,1
14177,-64.839488,-3.016222999999998,1
14178,-64.85510300633067,-3.0037533308351745,1
14179,-64.845915,-3.0075359999999955,1
14180,-64.85515417028903,-3.0039250475475523,1
14181,-64.865456,-2.9912690000000053,1
14182,-64.85522254070312,-3.0041329041473,1
14183,-64.888229,-2.968303000000008,2
14184,-64.85515399885591,-3.0043229097667274,1
14185,-64.8553497925198,-3.0044220410646134,1
14186,-64.909375,-2.9731950000000062,2
14187,-64.909539,-2.9731020000000057,2
14188,-64.907275,-2.9754859999999983,2
14189,-64.85502403073792,-3.004422597059913,1
14190,-64.85514626349384,-3.004069738105181,1
14191,-64.85544930761513,-3.0035990205305434,1
14192,-64.909828,-2.971510999999996,2
14193,-64.904504,-2.938404000000004,2
14194,-64.897669,-2.9588390000000047,2
14195,-64.88202,-2.9704589999999977,2
14196,-64.868063,-2.996698000000001,1
14197,-64.848641,-3.0306710000000017,1
14198,-64.848796,-3.030872999999997,1
14199,-64.854879,-3.017742999999994,1
14200,-64.867262,-2.9749429999999983,2
14201,-64.86733,-2.974847999999996,2
14202,-64.867545,-2.9751719999999944,2
14203,-64.867337,-2.9754149999999986,2
14204,-64.869615,-2.9748450000000064,2
14205,-64.870898,-2.974622000000005,2
14206,-64.882269,-2.970119000000008,2
14207,-64.87323117790083,-2.98653297819206,2
14208,-64.91278,-2.9665949999999963,2
14209,-64.912078,-2.965715999999994,2
14210,-64.912047,-2.965763999999999,2
14211,-64.87314557599407,-2.986605462649665,2
14212,-64.87324015662155,-2.986523920584092,2
14213,-64.912084,-2.965696000000007,2
14214,-64.912122,-2.966009999999996,2
14215,-64.87314326617974,-2.9865692977002585,2
14216,-64.903769,-2.9678440000000066,2
14217,-64.87309158627407,-2.986424710601088,2
14218,-64.87316494396563,-2.986424584940323,2
14219,-64.912101,-2.966262999999997,2
14220,-64.909436,-2.9679189999999984,2
14221,-64.87327,-2.9737879999999963,2
14222,-64.873222,-2.9735159999999934,2
14223,-64.873839,-2.974575000000003,2
14224,-64.873321,-2.9745279999999954,2
14225,-64.872508,-2.974366999999996,2
14226,-64.87194100000002,-2.9753220000000007,2
14227,-64.871472,-2.975518999999997,2
14228,-64.870782,-2.975126000000006,2
14229,-64.869929,-2.975753999999998,2
14230,-64.866466,-2.9820840000000057,2
14231,-64.867179,-2.988392,2
14232,-64.867998,-2.9908980000000027,2
14233,-64.871436,-2.991412000000003,2
14234,-64.869352,-2.989626000000001,2
14235,-64.868195,-2.9864589999999973,2
14236,-64.911005,-2.9621969999999944,2
14237,-64.8731299488957,-2.986506024927128,2
14238,-64.912386,-2.9482679999999943,2
14239,-64.904798,-2.9468269999999954,2
14240,-64.875722,-2.955219000000007,2
14241,-64.859132,-2.9628160000000063,2
14242,-64.857426,-2.9625800000000084,2
14243,-64.87262399367005,-2.9858196820995526,2
14244,-64.87254106987795,-2.9856480217101224,2
14245,-64.837381,-3.000252999999996,1
14246,-64.83738,-2.9998270000000065,1
14247,-64.87277689774969,-2.9856566601746435,2
14248,-64.8726869573269,-2.985656814169323,2
14249,-64.849283,-2.977454999999994,1
14250,-64.87271865092269,-2.985783351109625,2
14251,-64.871961,-2.9661509999999947,2
14252,-64.8727165096388,-2.985846650378392,2
14253,-64.8726913877285,-2.98578339779057,2
14254,-64.873262,-2.963852999999995,2
14255,-64.87252128819974,-2.9855847599666614,2
14256,-64.82770600000002,-2.999852000000001,1
14257,-64.833001,-2.992408999999993,1
14258,-64.87283276817502,-2.985620395597055,2
14259,-64.87280314391151,-2.985719910834317,2
14260,-64.865335,-3.009007999999996,1
14261,-64.866468,-3.009589999999993,1
14262,-64.869886,-3.011620999999994,1
14263,-64.879697,-3.010267999999998,4
14264,-64.87321370630318,-2.9860085589994303,2
14265,-64.877247,-3.0169389999999923,4
14266,-64.87317883906468,-2.9859995764939407,2
14267,-64.877306,-3.0253950000000005,4
14268,-64.868845,-3.027482000000002,4
14269,-64.87328658894674,-2.9857281251570003,2
14270,-64.868314,-3.025760000000007,4
14271,-64.867907,-3.025471999999993,4
14272,-64.823512,-3.073455999999997,0
14273,-64.817153,-3.0350289999999966,0
14274,-64.846433,-3.0250110000000023,0
14275,-64.846883,-2.982237000000008,1
14276,-64.905164,-2.9489350000000067,2
14277,-64.883198,-2.9680029999999946,2
14278,-64.884436,-2.971519000000006,2
14279,-64.884187,-2.971337999999997,2
14280,-64.892831,-2.9910849999999978,2
14281,-64.85719631475763,-3.0063448988106933,1
14282,-64.856403,-3.0064420000000065,1
14283,-64.85736138218721,-3.005892501337724,1
14284,-64.856486,-3.006275999999996,1
14285,-64.856326,-3.0064030000000046,1
14286,-64.85741290627162,-3.005612101805633,1
14287,-64.852057,-2.986623999999995,1
14288,-64.8573159577401,-3.005458548343696,1
14289,-64.85719825583736,-3.005332157243354,1
14290,-64.836006,-3.019184999999992,0
14291,-64.834898,-3.0183799999999947,0
14292,-64.823612,-3.022499999999998,0
14293,-64.85720967857733,-3.005106080074812,1
14294,-64.816281,-3.026333999999995,0
14295,-64.833532,-3.020990999999996,0
14296,-64.836025,-3.018933999999993,0
14297,-64.844118,-2.961271999999997,1
14298,-64.852843,-2.956797000000007,1
14299,-64.876149,-2.996027000000008,2
14300,-64.8573640916139,-3.0056664390819416,1
14301,-64.8574024301622,-3.005566908190346,1
14302,-64.85737596357387,-3.005539826518364,1
14303,-64.852424,-3.0221030000000053,1
14304,-64.85156,-3.0234359999999936,1
14305,-64.856809,-3.0298630000000006,1
14306,-64.85763507500991,-3.00568406041906,1
14307,-64.862165,-3.0240260000000045,1
14308,-64.867418,-2.997292999999996,1
14309,-64.861025,-2.9709799999999924,2
14310,-64.840232,-2.992567000000005,1
14311,-64.842043,-3.008688000000007,1
14312,-64.85738956784634,-3.0054403379096013,1
14313,-64.85728601125818,-3.0053681764767965,1
14314,-64.837919,-3.018189999999999,1
14315,-64.839811,-3.016423000000002,1
14316,-64.85737460989509,-3.0054041942582064,1
14317,-64.845698,-3.004020000000002,1
14318,-64.845653,-3.0040200000000072,1
14319,-64.84571,-3.00387899999999,1
14320,-64.841565,-2.9898270000000067,1
14321,-64.85751332522332,-3.005657141658066,1
14322,-64.86456,-2.972757999999996,2
14323,-64.875028,-2.9717430000000062,2
14324,-64.85763036183185,-3.0060548029237766,1
14325,-64.890034,-2.9885219999999952,2
14326,-64.88756,-2.996308000000001,2
14327,-64.85781639484942,-3.006199161645915,1
14328,-64.889919,-3.007250999999993,2
14329,-64.85796041054154,-3.006262211456104,1
14330,-64.896099,-2.9840900000000024,2
14331,-64.897186,-2.9821880000000016,2
14332,-64.897396,-2.980872000000004,2
14333,-64.85775838135656,-3.0062987261894727,1
14334,-64.880104,-2.9990520000000065,2
14335,-64.87562,-3.0008279999999976,2
14336,-64.875991,-3.000524999999993,2
14337,-64.875759,-3.000942000000001,2
14338,-64.875894,-3.0007329999999985,2
14339,-64.875797,-3.0008940000000024,2
14340,-64.867328,-2.9869610000000053,2
14341,-64.88935,-2.9861940000000047,2
14342,-64.886867,-2.990961000000007,2
14343,-64.886011,-2.989315999999994,2
14344,-64.85764696034555,-3.006063816844831,1
14345,-64.85766896611568,-3.00594622927224,1
14346,-64.881592,-2.9696669999999967,2
14347,-64.876546,-2.9715450000000025,2
14348,-64.8574902505738,-3.0059736617566144,1
14349,-64.85757960069955,-3.0059554243785773,1
14350,-64.874432,-2.9751889999999954,2
14351,-64.877212,-2.9767820000000027,2
14352,-64.881036,-2.9712769999999926,2
14353,-64.868664,-2.988120999999999,2
14354,-64.881526,-2.9832839999999967,2
14355,-64.88155,-2.983175999999996,2
14356,-64.885626,-2.990241999999998,2
14357,-64.85778333551782,-3.006262514302038,1
14358,-64.882753,-2.9951229999999973,2
14359,-64.88273600000001,-2.995025,2
14360,-64.882592,-2.994822999999995,2
14361,-64.882679,-2.995032000000005,2
14362,-64.882534,-2.994965000000006,2
14363,-64.883009,-2.9949730000000048,2
14364,-64.85784330120758,-3.006153904118628,1
14365,-64.881017,-3.0027770000000085,2
14366,-64.881083,-3.003806999999992,2
14367,-64.873354,-3.013154999999996,4
14368,-64.87356,-3.015518999999996,4
14369,-64.864824,-3.0214989999999955,4
14370,-64.862277,-3.023879,1
14371,-64.862245,-3.023790999999996,1
14372,-64.852282,-3.0206570000000035,1
14373,-64.85768501393227,-3.0056297212162324,1
14374,-64.85751821626558,-3.0055576679502964,1
14375,-64.852775,-2.986170000000001,1
14376,-64.856581,-2.993210000000001,1
14377,-64.856489,-2.993628000000001,1
14378,-64.853368,-2.9847870000000047,1
14379,-64.848644,-2.9825409999999937,1
14380,-64.857238269186,-3.0055581464960754,1
14381,-64.846539,-2.9777790000000075,1
14382,-64.850669,-2.975695999999999,1
14383,-64.854984,-2.974882000000004,2
14384,-64.85735487743307,-3.005702624053258,1
14385,-64.85744261759356,-3.005729600973724,1
14386,-64.866885,-2.9930330000000063,1
14387,-64.866277,-3.0008239999999944,1
14388,-64.867646,-3.001888000000003,1
14389,-64.866898,-3.0027279999999945,1
14390,-64.865994,-3.0018140000000053,1
14391,-64.866644,-2.998656999999999,1
14392,-64.867042,-2.996815000000004,1
14393,-64.867224,-2.997294999999995,1
14394,-64.867219,-2.9975100000000063,1
14395,-64.86657500000001,-2.9969959999999984,1
14396,-64.85792000310823,-3.006135688337672,1
14397,-64.894139,-2.984785000000002,2
14398,-64.894228,-2.984744999999994,2
14399,-64.894814,-2.9844569999999924,2
14400,-64.85783767411792,-3.00631667518617,1
14401,-64.88233700000002,-2.996843000000008,2
14402,-64.88522,-2.9991830000000084,2
14403,-64.885555,-2.999091000000003,2
14404,-64.884893,-2.998808000000005,2
14405,-64.890589,-3.0021340000000003,2
14406,-64.890752,-3.0020590000000027,2
14407,-64.889529,-3.004187000000003,2
14408,-64.869576,-3.0126400000000024,1
14409,-64.85744070174916,-3.005593969680357,1
14410,-64.833564,-3.018403000000003,0
14411,-64.826424,-3.021841,0
14412,-64.823783,-3.018556000000004,0
14413,-64.829268,-3.015654999999995,0
14414,-64.8572828794313,-3.005178293415496,1
14415,-64.836221,-3.0039070000000048,1
14416,-64.836895,-3.0039640000000025,1
14417,-64.8572226172987,-3.005277861771908,1
14418,-64.839084,-3.000470000000002,1
14419,-64.839111,-3.0005219999999926,1
14420,-64.85720242603531,-3.005305023198428,1
14421,-64.838599,-2.999171000000007,1
14422,-64.837029,-2.999862000000003,1
14423,-64.837019,-2.997371000000003,1
14424,-64.85736178766221,-3.0054675123105867,1
14425,-64.856091,-2.9871220000000025,1
14426,-64.857089,-3.006238000000001,1
14427,-64.856901,-3.0060910000000063,1
14428,-64.8575959602038,-3.0056570003825103,1
14429,-64.856928,-3.0061510000000027,1
14430,-64.85772318801558,-3.00576529049471,1
14431,-64.86255,-3.010844,1
14432,-64.866579,-3.024890999999992,4
14433,-64.885747,-3.012811999999994,4
14434,-64.885705,-3.012202000000001,4
14435,-64.886579,-3.011429000000004,4
14436,-64.89113,-3.0029259999999924,2
14437,-64.8580069306847,-3.0061807511750387,1
14438,-64.85802687145382,-3.006171674767721,1
14439,-64.886826,-2.994020999999998,2
14440,-64.899606,-2.984973000000001,2
14441,-64.907192,-2.984852999999997,2
14442,-64.908465,-2.983694999999995,2
14443,-64.88788,-2.963437999999994,2
14444,-64.865701,-2.958089999999993,2
14445,-64.878848,-2.957314000000008,2
14446,-64.86819,-2.970672999999997,2
14447,-64.871448,-2.9723610000000016,2
14448,-64.875662,-2.976517000000004,2
14449,-64.879564,-2.9991490000000054,2
14450,-64.876744,-3.0093670000000023,4
14451,-64.876759,-3.009334999999993,4
14452,-64.884604,-3.019826000000005,4
14453,-64.874201,-3.0263729999999978,4
14454,-64.85790197430556,-3.0059458308258624,1
14455,-64.871341,-3.025409,4
14456,-64.864693,-3.0320760000000044,4
14457,-64.85431,-3.0292259999999995,1
14458,-64.854456,-3.029174000000008,1
14459,-64.85171,-3.023159999999998,1
14460,-64.850052,-3.024821000000008,1
14461,-64.847375,-3.0285729999999944,1
14462,-64.85765023378191,-3.005340426967728,1
14463,-64.843079,-3.0350499999999947,0
14464,-64.836559,-3.046847999999994,0
14465,-64.837992,-3.049360999999996,0
14466,-64.85770187442007,-3.0052951271681967,1
14467,-64.837759,-3.0491489999999986,0
14468,-64.85766069459737,-3.005376578298444,1
14469,-64.84980600000002,-3.0390340000000005,1
14470,-64.850398,-3.0375300000000025,1
14471,-64.851712,-3.027625,1
14472,-64.848962,-3.0102650000000013,1
14473,-64.857881,-2.994098999999997,1
14474,-64.8574137552739,-3.005449338869082,1
14475,-64.855233,-3.007670999999995,1
14476,-64.83485,-3.017696000000003,0
14477,-64.85721903037872,-3.005151275621461,1
14478,-64.817316,-3.005168999999998,0
14479,-64.827208,-2.990077000000001,1
14480,-64.827864,-2.999605,1
14481,-64.85725095962918,-3.005250686414467,1
14482,-64.834765,-2.9887450000000064,1
14483,-64.85742788530706,-3.005494526238653,1
14484,-64.85749891410975,-3.0056119547737423,1
14485,-64.862171,-3.002456999999992,1
14486,-64.860128,-3.002333000000007,1
14487,-64.878756,-3.0082260000000045,4
14488,-64.888654,-3.009123999999996,2
14489,-64.890127,-3.007768999999997,2
14490,-64.85800021557391,-3.0061988472634487,1
14491,-64.889671,-3.007915999999997,2
14492,-64.874911,-3.0131999999999963,4
14493,-64.874769,-3.013455999999996,4
14494,-64.874858,-3.0134690000000024,4
14495,-64.874894,-3.0133329999999927,4
14496,-64.874662,-3.0135669999999988,4
14497,-64.880084,-3.0146530000000005,4
14498,-64.880099,-3.0146610000000047,4
14499,-64.849345,-2.9806329999999925,1
14500,-64.854443,-2.9744969999999977,2
14501,-64.847273,-2.9643329999999986,1
14502,-64.847084,-2.9644199999999965,1
14503,-64.84404100000002,-2.967179000000001,1
14504,-64.8570496549842,-3.005549426568799,1
14505,-64.845347,-2.999598000000009,1
14506,-64.845149,-3.0000419999999948,1
14507,-64.845641,-3.0042909999999923,1
14508,-64.857947,-2.995872000000002,1
14509,-64.857558,-2.995906000000004,1
14510,-64.857621,-2.995996000000006,1
14511,-64.862944,-2.9962659999999968,1
14512,-64.854984,-3.0116729999999974,1
14513,-64.824298,-3.021037000000004,0
14514,-64.817551,-3.0203420000000043,0
14515,-64.817798,-3.0201730000000024,0
14516,-64.85726678191612,-3.005133109400126,1
14517,-64.838616,-3.0004339999999923,1
14518,-64.838634,-2.9996800000000072,1
14519,-64.837109,-2.9972479999999964,1
14520,-64.85725409728607,-3.005277807968591,1
14521,-64.827787,-3.035078000000001,0
14522,-64.839424,-3.019906999999997,1
14523,-64.85765420890341,-3.0055303085459024,1
14524,-64.85767698523448,-3.0057020733700903,1
14525,-64.88499,-3.0099289999999943,4
14526,-64.885248,-3.0098369999999943,4
14527,-64.877603,-2.992830999999995,2
14528,-64.853264,-2.996739999999999,1
14529,-64.84421,-3.014361999999993,1
14530,-64.844276,-3.014628999999995,1
14531,-64.85748813212035,-3.005385915597189,1
14532,-64.8573150744686,-3.0052686614429334,1
14533,-64.824639,-3.027200000000004,0
14534,-64.84317,-3.020319,1
14535,-64.843577,-3.0202470000000035,1
14536,-64.85741582033052,-3.005340827682186,1
14537,-64.843445,-3.020566,1
14538,-64.84360900000001,-3.0206750000000087,1
14539,-64.838534,-3.011431999999993,1
14540,-64.85739767303643,-3.005413197140398,1
14541,-64.851652,-3.015276999999998,1
14542,-64.857243,-3.0098350000000047,1
14543,-64.85725615653163,-3.0053320582824914,1
14544,-64.841114,-2.9804230000000067,1
14545,-64.827223,-2.990559999999997,1
14546,-64.827115,-2.990582999999991,1
14547,-64.827546,-2.9899310000000017,1
14548,-64.825493,-2.989881999999992,1
14549,-64.85710956546659,-3.005241885759072,1
14550,-64.838513,-3.019624999999996,1
14551,-64.85726932101024,-3.005304908865503,1
14552,-64.837944,-3.018032999999996,1
14553,-64.843264,-3.016716000000004,1
14554,-64.846393,-3.017301000000008,1
14555,-64.84980600000002,-3.0128549999999943,1
14556,-64.85754809207106,-3.0054400669232373,1
14557,-64.85135,-3.0365610000000047,1
14558,-64.851184,-3.0366170000000032,1
14559,-64.850703,-3.036747999999996,1
14560,-64.85769365641177,-3.005421733463923,1
14561,-64.849298,-3.0309609999999947,1
14562,-64.849976,-3.0307499999999976,1
14563,-64.849082,-3.030771999999996,1
14564,-64.838166,-3.044968999999992,0
14565,-64.857653157329,-3.005240956630831,1
14566,-64.838201,-3.045200999999992,0
14567,-64.837571,-3.045452000000004,0
14568,-64.839149,-3.044795999999999,0
14569,-64.837532,-3.047894999999997,0
14570,-64.837296,-3.047657999999994,0
14571,-64.85779412696844,-3.0053311386638866,1
14572,-64.85762412474263,-3.005358556209288,1
14573,-64.85744881272365,-3.005404067418945,1
14574,-64.84759300000002,-3.029075000000003,1
14575,-64.847588,-3.029185000000005,1
14576,-64.856707,-3.010175,1
14577,-64.854549,-2.9906590000000075,1
14578,-64.850168,-2.9911199999999947,1
14579,-64.85725293658976,-3.005422486841732,1
14580,-64.85709524611828,-3.005250952536989,1
14581,-64.825979,-2.9879990000000003,1
14582,-64.82757700000002,-2.988854000000004,1
14583,-64.829973,-2.987723999999996,1
14584,-64.834641,-2.960022999999997,1
14585,-64.844184,-2.9614250000000006,1
14586,-64.85694552095147,-3.00546822377587,1
14587,-64.845357,-2.966823999999993,1
14588,-64.8570392400513,-3.005540402062341,1
14589,-64.854404,-2.981987000000004,1
14590,-64.854443,-2.982516000000003,1
14591,-64.854296,-2.982640000000009,1
14592,-64.85722219277373,-3.0053592432491856,1
14593,-64.85712201491488,-3.005124314501398,1
14594,-64.81033,-3.063031999999992,0
14595,-64.810589,-3.063393000000003,0
14596,-64.821332,-3.057207000000008,0
14597,-64.857638449862,-3.005186727951206,1
14598,-64.85751800793625,-3.0052683145715124,1
14599,-64.857373598466,-3.005304730632448,1
14600,-64.82835,-3.044885999999997,0
14601,-64.8575730615344,-3.005412897325736,1
14602,-64.858409,-3.0254480000000044,1
14603,-64.858313,-3.024944999999997,1
14604,-64.866888,-3.0254640000000057,4
14605,-64.856367,-3.007416999999997,1
14606,-64.856182,-3.007458000000007,1
14607,-64.8482148671044,-3.005654913784733,1
14608,-64.845422,-2.978267000000004,1
14609,-64.845397,-2.9782430000000057,1
14610,-64.845162,-2.978333000000001,1
14611,-64.845099,-2.978272999999993,1
14612,-64.840405,-2.976589999999995,1
14613,-64.835993,-2.9730979999999967,1
14614,-64.84861903087139,-3.004306916098452,1
14615,-64.84863143569696,-3.00416221740507,1
14616,-64.84853750389733,-3.003963445431664,1
14617,-64.814959,-3.017935999999996,0
14618,-64.816479,-3.0175210000000017,0
14619,-64.84872154543415,-3.0039269630790804,1
14620,-64.84862510719599,-3.003909042370402,1
14621,-64.820666,-3.016729000000001,0
14622,-64.84864004966944,-3.003936144011234,1
14623,-64.821358,-3.017188999999998,0
14624,-64.84868851582263,-3.0040084003923044,1
14625,-64.835086,-2.9857239999999967,1
14626,-64.835543,-2.985499999999996,1
14627,-64.83883,-2.986375999999997,1
14628,-64.84885829959036,-3.004351720904832,1
14629,-64.84894698958041,-3.0044419935313496,1
14630,-64.873803,-2.990101,2
14631,-64.84900454142178,-3.00456848850325,1
14632,-64.84905451143824,-3.004532234105397,1
14633,-64.84913147251991,-3.004667738386998,1
14634,-64.874351,-3.027341999999999,4
14635,-64.874359,-3.0262229999999994,4
14636,-64.868306,-3.025805000000005,4
14637,-64.84927913504886,-3.004893545816992,1
14638,-64.859803,-3.023439000000004,1
14639,-64.859835,-3.0237299999999907,1
14640,-64.84926558267685,-3.0048573994914025,1
14641,-64.866776,-2.9827160000000004,2
14642,-64.868121,-2.982424000000002,2
14643,-64.867947,-2.9835449999999977,2
14644,-64.84910973966203,-3.004948088127465,1
14645,-64.885642,-2.988782999999994,2
14646,-64.84901456971136,-3.0048487842253224,1
14647,-64.874776,-2.997109999999999,2
14648,-64.84887372098247,-3.0044963722515776,1
14649,-64.84872289073273,-3.0042253583208502,1
14650,-64.820856,-3.023511000000002,0
14651,-64.831751,-3.019294999999994,0
14652,-64.84881502161576,-3.004189032235128,1
14653,-64.84871518005687,-3.004153032639102,1
14654,-64.831573,-2.9692859999999928,1
14655,-64.847466,-2.9556279999999937,1
14656,-64.84857594350751,-3.0044245399249,1
14657,-64.848126,-2.958758000000001,1
14658,-64.848122,-2.958678000000001,1
14659,-64.848208,-2.958804000000004,1
14660,-64.847718,-2.966539999999993,1
14661,-64.845195,-2.969289000000002,1
14662,-64.848115,-2.9787350000000083,1
14663,-64.84646,-2.992494999999997,1
14664,-64.84885216971108,-3.0045506630016425,1
14665,-64.84889509770689,-3.004505378238342,1
14666,-64.845764,-2.977598999999997,1
14667,-64.845782,-2.977539,1
14668,-64.862391,-2.997411000000005,1
14669,-64.886818,-3.0167139999999937,4
14670,-64.886901,-3.016589999999994,4
14671,-64.885946,-3.0075300000000014,4
14672,-64.84926790032635,-3.005065369516541,1
14673,-64.857841,-3.006945999999993,1
14674,-64.8492822116229,-3.004884498235542,1
14675,-64.877746,-3.0106770000000043,4
14676,-64.870442,-3.0122510000000067,1
14677,-64.84928536431393,-3.0049206622565308,1
14678,-64.874024,-3.0166899999999925,4
14679,-64.873891,-3.016745,4
14680,-64.844053,-3.036112999999997,0
14681,-64.843856,-3.0527960000000074,0
14682,-64.84334900000002,-3.052740999999995,0
14683,-64.84918473829461,-3.004251699803272,1
14684,-64.843011,-3.062762000000006,0
14685,-64.84905682709197,-3.0040710704363587,1
14686,-64.819833,-3.067123000000007,0
14687,-64.84902080418449,-3.0040440046639896,1
14688,-64.836291,-3.048155000000006,0
14689,-64.843697,-3.0345379999999977,0
14690,-64.843661,-3.0345680000000024,0
14691,-64.84906572294567,-3.0041795634767205,1
14692,-64.8489366042195,-3.004116486659723,1
14693,-64.84879403967354,-3.0040805597320186,1
14694,-64.836479,-3.021228999999994,0
14695,-64.84872307250798,-3.003999299277408,1
14696,-64.825307,-3.016006999999996,0
14697,-64.825109,-3.0162340000000056,0
14698,-64.84880551799452,-3.00405341316418,1
14699,-64.84872964367295,-3.00406258454815,1
14700,-64.837911,-2.988243000000001,1
14701,-64.84869352226801,-3.0041440271215616,1
14702,-64.84395900000001,-2.9768440000000047,1
14703,-64.84861163891699,-3.0040899122712394,1
14704,-64.829091,-3.009774000000005,0
14705,-64.84863953316456,-3.0039632719389933,1
14706,-64.817971,-3.0190900000000065,0
14707,-64.831074,-3.0173879999999933,0
14708,-64.84888693049503,-3.004161782887683,1
14709,-64.84886348779706,-3.004261288593992,1
14710,-64.853773,-3.004692999999992,1
14711,-64.84890147106462,-3.0044511133067417,1
14712,-64.854904,-3.002413,1
14713,-64.84892545353136,-3.004505326602401,1
14714,-64.857806,-2.995693000000007,1
14715,-64.8489293885456,-3.004505319908791,1
14716,-64.84892234651606,-3.004496289539245,1
14717,-64.84892758844428,-3.0046047888017275,1
14718,-64.86457,-2.9969059999999987,1
14719,-64.865419,-2.995328999999999,1
14720,-64.84904612492416,-3.004559375415234,1
14721,-64.86142000000001,-2.9656329999999977,2
14722,-64.873001,-2.9873079999999983,2
14723,-64.844743,-3.0355189999999994,0
14724,-64.8417725241456,-3.0359307067528603,0
14725,-64.840324,-3.0336779999999948,0
14726,-64.840088,-3.033699999999992,0
14727,-64.840566,-3.0333469999999965,0
14728,-64.844398,-3.041171000000001,0
14729,-64.832511,-3.031067999999994,0
14730,-64.85002,-3.0837679999999943,6
14731,-64.84993500000002,-3.084712000000005,6
14732,-64.84993500000002,-3.083338999999993,6
14733,-64.840236,-3.078703999999997,0
14734,-64.838347,-3.0737259999999926,0
14735,-64.838433,-3.073726,0
14736,-64.838347,-3.0737259999999926,0
14737,-64.776206,-3.103851999999997,0
14738,-64.776292,-3.103766000000002,0
14739,-64.776292,-3.103766000000002,0
14740,-64.775519,-3.106169999999996,0
14741,-64.775262,-3.106169999999993,0
14742,-64.775434,-3.106256000000004,0
14743,-64.775262,-3.106256000000008,0
14744,-64.782987,-3.1007619999999925,0
14745,-64.782987,-3.1007619999999925,0
14746,-64.783072,-3.100761999999992,0
14747,-64.782901,-3.100761999999996,0
14748,-64.782987,-3.1007619999999925,0
14749,-64.782987,-3.100677000000005,0
14750,-64.782987,-3.100677000000005,0
14751,-64.782214,-3.101105999999997,0
14752,-64.782214,-3.101191999999999,0
14753,-64.782214,-3.101191999999999,0
14754,-64.782214,-3.101276999999992,0
14755,-64.773202,-3.101449000000002,0
14756,-64.773116,-3.1017070000000064,0
14757,-64.773288,-3.1014489999999952,0
14758,-64.773202,-3.101449000000002,0
14759,-64.773288,-3.101621000000001,0
14760,-64.773202,-3.101449000000002,0
14761,-64.77303000000002,-3.101621000000002,0
14762,-64.773116,-3.101535000000004,0
14763,-64.787793,-3.107714999999996,0
14764,-64.791055,-3.104881999999992,0
14765,-64.791055,-3.1049679999999937,0
14766,-64.825301,-3.037075999999993,0
14767,-64.825387,-3.0372479999999977,0
14768,-64.825301,-3.0371619999999986,0
14769,-64.825387,-3.0370759999999914,0
14770,-64.826589,-3.040595000000005,0
14771,-64.826589,-3.040681000000001,0
14772,-64.826503,-3.040680999999992,0
14773,-64.826589,-3.040595000000005,0
14774,-64.82667400000001,-3.040508999999997,0
14775,-64.82676,-3.040767,0
14776,-64.826503,-3.0405950000000024,0
14777,-64.82667400000001,-3.0393080000000023,0
14778,-64.82667400000001,-3.0393080000000023,0
14779,-64.828734,-3.029437000000001,0
14780,-64.8278328861251,-3.0368496852194755,0
14781,-64.834313,-3.026775999999995,0
14782,-64.834399,-3.0267760000000057,0
14783,-64.838519,-3.0242010000000032,1
14784,-64.827361,-3.0343289999999983,0
14785,-64.811482,-3.035531000000001,0
14786,-64.820666,-3.033471000000002,0
14787,-64.820409,-3.033384999999996,0
14788,-64.82058,-3.033385000000003,0
14789,-64.821095,-3.031840000000005,0
14790,-64.828563,-3.029437000000007,0
14791,-64.828649,-3.029437,0
14792,-64.849162,-3.012357000000006,1
14793,-64.840751,-3.039392999999993,0
14794,-64.834313,-3.0442000000000027,0
14795,-64.832768,-3.049263999999998,0
14796,-64.832854,-3.049263999999998,0
14797,-64.832854,-3.049350000000003,0
14798,-64.8278835114458,-3.053867487950372,0
14799,-64.824357,-3.05759,0
14800,-64.822383,-3.058877000000008,0
14801,-64.82798097850049,-3.053659345072876,0
14802,-64.82794901670823,-3.0535418478854583,0
14803,-64.818263,-3.0644560000000074,0
14804,-64.817662,-3.064970999999992,0
14805,-64.850535,-3.036903999999995,1
14806,-64.851737,-3.0351879999999967,1
14807,-64.851737,-3.0351879999999967,1
14808,-64.851823,-3.0352740000000007,1
14809,-64.851823,-3.0351879999999967,1
14810,-64.851136,-3.034844000000008,1
14811,-64.851136,-3.032269,1
14812,-64.851308,-3.029007999999997,1
14813,-64.851394,-3.0290939999999944,1
14814,-64.84920984809351,-3.030908489801446,1
14815,-64.843583,-3.0207680000000083,1
14816,-64.843583,-3.0207680000000083,1
14817,-64.843669,-3.020767999999993,1
14818,-64.823928,-3.040937999999996,0
14819,-64.824014,-3.040938000000005,0
14820,-64.808221,-3.067718000000004,0
14821,-64.808307,-3.067631999999997,0
14822,-64.811225,-3.068061000000008,0
14823,-64.811311,-3.0680610000000064,0
14824,-64.816031,-3.0872010000000008,0
14825,-64.816031,-3.087115000000002,0
14826,-64.816203,-3.086944000000002,0
14827,-64.813113,-3.090892000000008,0
14828,-64.813113,-3.090892000000008,0
14829,-64.813113,-3.090720000000002,0
14830,-64.813113,-3.090892000000008,0
