1,-64.863883,-3.087344,0
2,-64.855441,-3.094379,0
3,-64.85511,-3.094358,0
4,-64.854502,-3.094029,0
5,-64.854026,-3.094209,0
6,-64.853691,-3.094711,0
7,-64.853475,-3.094934,0
8,-64.853669,-3.09552,0
9,-64.854122,-3.096032,0
10,-64.853863,-3.096959,0
11,-64.83954,-3.101087,6
12,-64.839803,-3.099921,6
13,-64.833764,-3.104874,6
14,-64.832685,-3.104884,6
15,-64.847374,-3.098937,6
16,-64.847602,-3.094455,0
17,-64.849287,-3.090176,0
18,-64.849357,-3.086721,0
19,-64.850309,-3.083096,0
20,-64.850994,-3.079573,0
21,-64.852082,-3.076278,0
22,-64.852251,-3.073585,0
23,-64.852118,-3.070224,0
24,-64.85264,-3.067413,0
25,-64.852915,-3.064857,0
26,-64.853326,-3.062496,0
27,-64.854235,-3.059924,0
28,-64.85508,-3.05749,0
29,-64.855552,-3.054942,0
30,-64.856241,-3.054807,0
31,-64.857453,-3.053824,0
32,-64.85564,-3.054305,0
33,-64.857178,-3.055705,0
34,-64.857154,-3.055311,0
35,-64.857624,-3.05489,0
36,-64.856857,-3.055805,0
37,-64.857375,-3.056197,0
38,-64.855639,-3.05563,0
39,-64.851957,-3.05741,0
40,-64.85306,-3.056245,0
41,-64.854917,-3.05563,0
42,-64.856042,-3.055014,0
43,-64.856471,-3.057966,0
44,-64.853891,-3.060227,0
45,-64.855671,-3.058955,0
46,-64.856682,-3.058982,0
47,-64.85531,-3.058685,0
48,-64.846048,-3.065219,0
49,-64.848335,-3.062766,0
50,-64.850776,-3.061207,0
51,-64.852587,-3.06017,0
52,-64.855477,-3.059766,0
53,-64.854452,-3.059628,0
54,-64.8459,-3.064698,0
55,-64.855834,-3.059231,0
56,-64.856305,-3.058727,0
57,-64.855489,-3.061507,0
58,-64.854552,-3.063596,0
59,-64.85364,-3.065532,0
60,-64.85297,-3.067905,0
61,-64.852506,-3.070588,0
62,-64.852196,-3.073262,0
63,-64.851298,-3.072822,0
64,-64.851474,-3.072935,0
65,-64.845878,-3.075117,0
66,-64.841587,-3.077538,6
67,-64.851529,-3.072887,0
68,-64.865818,-3.077624,0
69,-64.861723,-3.0762,0
70,-64.857946,-3.074655,0
71,-64.854256,-3.073431,0
72,-64.85108,-3.072997,0
73,-64.834335,-3.079193,6
74,-64.838916,-3.076546,6
75,-64.843284,-3.074518,6
76,-64.850083,-3.073269,0
77,-64.849699,-3.073988,0
78,-64.851812,-3.073512,0
79,-64.849906,-3.073004,0
80,-64.851828,-3.073198,0
81,-64.85041,-3.073188,0
82,-64.849717,-3.074214,0
83,-64.850565,-3.074055,0
84,-64.844764,-3.076026,0
85,-64.839346,-3.078289,6
86,-64.833291,-3.081153,6
87,-64.845545,-3.089643,0
88,-64.846985,-3.091543,0
89,-64.846406,-3.090363,0
90,-64.846266,-3.089335,0
91,-64.845786,-3.089086,0
92,-64.822979,-3.083488,6
93,-64.846676,-3.089174,0
94,-64.845877,-3.089374,0
95,-64.843915,-3.091106,0
96,-64.840645,-3.093485,0
97,-64.841294,-3.092962,0
98,-64.840723,-3.093353,0
99,-64.841328,-3.09289,0
100,-64.842437,-3.092053,0
101,-64.841846,-3.09202,0
102,-64.841105,-3.092248,0
103,-64.841209,-3.092866,0
104,-64.841128,-3.093731,0
105,-64.843153,-3.093643,0
106,-64.841785,-3.093014,0
107,-64.832022,-3.08199,6
108,-64.842164,-3.093187,0
109,-64.838964,-3.091975,6
110,-64.839979,-3.092058,6
111,-64.840404,-3.092438,0
112,-64.838596,-3.096245,6
113,-64.839894,-3.096463,6
114,-64.83844,-3.096686,6
115,-64.838809,-3.096351,6
116,-64.838918,-3.096016,6
117,-64.83928,-3.095808,6
118,-64.838874,-3.096075,6
119,-64.838214,-3.095274,6
120,-64.838667,-3.095764,6
121,-64.83942,-3.09588,6
122,-64.838467,-3.096249,6
123,-64.839385,-3.095919,6
124,-64.838897,-3.095931,6
125,-64.839626,-3.095452,6
126,-64.839124,-3.095967,6
127,-64.857912,-3.097911,0
128,-64.85251,-3.098716,0
129,-64.842036,-3.103441,6
130,-64.842527,-3.104261,6
131,-64.844553,-3.104536,6
132,-64.841902,-3.103994,6
133,-64.848776,-3.103159,6
134,-64.847991,-3.102563,6
135,-64.848051,-3.102565,6
136,-64.848619,-3.103008,6
137,-64.846596,-3.10301,6
138,-64.846746,-3.103481,6
139,-64.847006,-3.103099,6
140,-64.832857,-3.106341,6
141,-64.80924,-3.112516,6
142,-64.808345,-3.113334,6
143,-64.847276,-3.103753,6
144,-64.846474,-3.103821,6
145,-64.847477,-3.103673,6
146,-64.846584,-3.102409,6
147,-64.846541,-3.101375,6
148,-64.845655,-3.10008,6
149,-64.845205,-3.09919,6
150,-64.845117,-3.100406,6
151,-64.844528,-3.100862,6
152,-64.847206,-3.102147,6
153,-64.848134,-3.084303,0
154,-64.857888,-3.094632,0
155,-64.866592,-3.084929,0
156,-64.847362,-3.101918,6
157,-64.846336,-3.101654,6
158,-64.842224,-3.098416,6
159,-64.838732,-3.096105,6
160,-64.83472,-3.09454,6
161,-64.836929,-3.099965,6
162,-64.8379,-3.100162,6
163,-64.83431,-3.095893,6
164,-64.834252,-3.095746,6
165,-64.838903,-3.096422,6
166,-64.838569,-3.095744,6
167,-64.838696,-3.095815,6
168,-64.838031,-3.096365,6
169,-64.838266,-3.096177,6
170,-64.818409,-3.091146,6
171,-64.827978,-3.09846,6
172,-64.839593,-3.094384,6
173,-64.839098,-3.095088,6
174,-64.839818,-3.094148,6
175,-64.828747,-3.091056,6
176,-64.8425,-3.094563,0
177,-64.842185,-3.092768,0
178,-64.841085,-3.093405,0
179,-64.836002,-3.075779,6
180,-64.841458,-3.092829,0
181,-64.83685,-3.091388,6
182,-64.832832,-3.091038,6
183,-64.829168,-3.090372,6
184,-64.825449,-3.090832,6
185,-64.824095,-3.090066,6
186,-64.82158,-3.079672,6
187,-64.823624,-3.084536,6
188,-64.811581,-3.099229,6
189,-64.822542,-3.08452,6
190,-64.827372,-3.082583,6
191,-64.831332,-3.081251,6
192,-64.836234,-3.079701,6
193,-64.839996,-3.078385,6
194,-64.823397,-3.083725,6
195,-64.823871,-3.083409,6
196,-64.823198,-3.083678,6
197,-64.823116,-3.084191,6
198,-64.824478,-3.083627,6
199,-64.820956,-3.075096,6
200,-64.822105,-3.085965,6
201,-64.822688,-3.086036,6
202,-64.821376,-3.087384,6
203,-64.821749,-3.088626,6
204,-64.821851,-3.091118,6
205,-64.821942,-3.093042,6
206,-64.822492,-3.096056,6
207,-64.822541,-3.099013,6
208,-64.8221,-3.101384,6
209,-64.822624,-3.104416,6
210,-64.823878,-3.1039,6
211,-64.853871,-3.091661,0
212,-64.85909,-3.091821,0
213,-64.858117,-3.091907,0
214,-64.859464,-3.092447,0
215,-64.860475,-3.087692,0
216,-64.861924,-3.086257,0
217,-64.857819,-3.090643,0
218,-64.864468,-3.095215,0
219,-64.862231,-3.094554,0
220,-64.860674,-3.094131,0
221,-64.859213,-3.093595,0
222,-64.858211,-3.093849,0
223,-64.857229,-3.094221,0
224,-64.855479,-3.094129,0
225,-64.854935,-3.094205,0
226,-64.854084,-3.094597,0
227,-64.854635,-3.094009,0
228,-64.85215,-3.096139,0
229,-64.855379,-3.09383,0
230,-64.853674,-3.092204,0
231,-64.854351,-3.095473,0
232,-64.844793,-3.092107,0
233,-64.845337,-3.092229,0
234,-64.845535,-3.092174,0
235,-64.845745,-3.092923,0
236,-64.844125,-3.092008,0
237,-64.845936,-3.092267,0
238,-64.845216,-3.092534,0
239,-64.842637,-3.093791,0
240,-64.840234,-3.095896,6
241,-64.839663,-3.096537,6
242,-64.846763,-3.08745,0
243,-64.846856,-3.088076,0
244,-64.84582,-3.089855,0
245,-64.84549,-3.090334,0
246,-64.846663,-3.090452,0
247,-64.845871,-3.091049,0
248,-64.85018,-3.091511,0
249,-64.850744,-3.090555,0
250,-64.859892,-3.09448,0
251,-64.859794,-3.094202,0
252,-64.858201,-3.091439,0
253,-64.857759,-3.089459,0
254,-64.857187,-3.088878,0
255,-64.854526,-3.089538,0
256,-64.853632,-3.090127,0
257,-64.859082,-3.091125,0
258,-64.84857,-3.093584,0
259,-64.841491,-3.098865,6
260,-64.841501,-3.099155,6
261,-64.83221,-3.101589,6
262,-64.838083,-3.096959,6
263,-64.830282,-3.099414,6
264,-64.822979,-3.10252,6
265,-64.815382,-3.105601,6
266,-64.808691,-3.10959,6
267,-64.8095,-3.109484,6
268,-64.806421,-3.109915,6
269,-64.808305,-3.109319,6
270,-64.841043,-3.091316,0
271,-64.844342,-3.09469,0
272,-64.842774,-3.089405,0
273,-64.842437,-3.089702,0
274,-64.842963,-3.090284,0
275,-64.842564,-3.091857,0
276,-64.841968,-3.093126,0
277,-64.844241,-3.090961,0
278,-64.845769,-3.090605,0
279,-64.846,-3.09031,0
280,-64.846753,-3.090386,0
281,-64.847938,-3.089808,0
282,-64.848945,-3.090118,0
283,-64.851216,-3.090837,0
284,-64.85336,-3.091462,0
285,-64.850922,-3.087025,0
286,-64.861424,-3.085948,0
287,-64.861869,-3.085715,0
288,-64.859414,-3.085427,0
289,-64.871677,-3.084562,0
290,-64.871851,-3.083367,0
291,-64.87046,-3.083858,0
292,-64.873723,-3.084832,0
293,-64.870196,-3.083859,0
294,-64.856224,-3.090911,0
295,-64.842155,-3.098485,6
296,-64.841603,-3.098145,6
297,-64.848338,-3.094934,0
298,-64.855248,-3.09173,0
299,-64.855443,-3.091024,0
300,-64.849105,-3.073553,0
301,-64.849815,-3.073385,0
302,-64.845782,-3.082941,0
303,-64.857512,-3.089916,0
304,-64.841461,-3.083798,0
305,-64.842134,-3.08484,0
306,-64.845555,-3.082707,0
307,-64.847599,-3.082149,0
308,-64.847344,-3.094916,0
309,-64.844654,-3.098043,6
310,-64.845476,-3.094096,0
311,-64.845055,-3.094773,0
312,-64.84623,-3.094174,0
313,-64.825424,-3.094296,6
314,-64.825419,-3.095246,6
315,-64.826398,-3.093668,6
316,-64.82908,-3.097632,6
317,-64.83136,-3.102045,6
318,-64.832012,-3.102374,6
319,-64.80372,-3.115864,6
320,-64.803982,-3.115706,6
321,-64.802668,-3.115918,6
322,-64.804173,-3.093084,6
323,-64.804144,-3.095002,6
324,-64.80373,-3.108799,6
325,-64.811717,-3.112355,6
326,-64.813129,-3.111944,6
327,-64.814334,-3.111901,6
328,-64.814809,-3.112324,6
329,-64.816087,-3.113829,6
330,-64.816234,-3.114905,6
331,-64.816014,-3.114775,6
332,-64.816501,-3.114814,6
333,-64.817102,-3.114737,6
334,-64.81797,-3.114718,6
335,-64.818631,-3.115168,6
336,-64.818836,-3.115312,6
337,-64.819506,-3.11583,6
338,-64.819705,-3.11616,6
339,-64.82085,-3.116634,6
340,-64.820283,-3.116343,6
341,-64.820497,-3.115989,6
342,-64.821454,-3.117266,6
343,-64.820858,-3.114271,6
344,-64.81797,-3.121461,6
345,-64.822883,-3.112832,6
346,-64.823597,-3.112314,6
347,-64.824083,-3.112112,6
348,-64.823782,-3.112173,6
349,-64.820823,-3.115914,6
350,-64.820537,-3.115355,6
351,-64.819914,-3.114724,6
352,-64.820659,-3.114468,6
353,-64.821197,-3.114819,6
354,-64.82044,-3.114961,6
355,-64.835701,-3.102264,6
356,-64.839588,-3.09362,6
357,-64.857994,-3.087774,0
358,-64.864424,-3.089658,0
359,-64.870289,-3.092951,0
360,-64.86973,-3.092114,0
361,-64.857087,-3.091133,0
362,-64.856777,-3.091195,0
363,-64.85541,-3.092615,0
364,-64.857345,-3.092728,0
365,-64.860047,-3.092434,0
366,-64.861606,-3.093316,0
367,-64.864157,-3.093999,0
368,-64.867657,-3.094402,0
369,-64.845413,-3.089617,0
370,-64.841916,-3.087206,0
371,-64.843053,-3.087368,0
372,-64.843044,-3.098658,6
373,-64.839631,-3.094395,6
374,-64.849757,-3.095099,0
375,-64.847689,-3.096168,0
376,-64.846649,-3.098384,6
377,-64.84553,-3.096681,0
378,-64.847344,-3.095393,0
379,-64.853984,-3.093461,0
380,-64.845708,-3.09737,0
381,-64.845137,-3.09684,0
382,-64.845134,-3.097529,0
383,-64.845363,-3.097128,0
384,-64.845407,-3.096467,0
385,-64.845142,-3.096692,0
386,-64.841493,-3.090931,0
387,-64.837422,-3.095744,6
388,-64.86482,-3.089609,0
389,-64.866026,-3.095091,0
390,-64.841235,-3.10179,6
391,-64.843699,-3.098166,6
392,-64.866313,-3.094758,0
393,-64.866227,-3.094284,0
394,-64.867146,-3.091906,0
395,-64.8691,-3.091284,0
396,-64.868654,-3.090226,0
397,-64.868876,-3.089935,0
398,-64.86635,-3.087514,0
399,-64.866402,-3.087765,0
400,-64.870272,-3.083826,0
401,-64.868678,-3.072305,0
402,-64.863558,-3.070719,0
403,-64.865271,-3.077658,0
404,-64.867502,-3.085771,0
405,-64.866658,-3.08675,0
406,-64.86456,-3.093764,0
407,-64.870649,-3.089973,0
408,-64.866431,-3.092569,0
409,-64.862514,-3.096236,0
410,-64.864096,-3.091627,0
411,-64.877224,-3.083925,0
412,-64.876266,-3.0822,0
413,-64.866846,-3.090179,0
414,-64.855564,-3.081385,0
415,-64.853498,-3.073959,0
416,-64.853665,-3.07446,0
417,-64.857147,-3.077398,0
418,-64.841351,-3.077202,6
419,-64.840611,-3.060866,6
420,-64.841317,-3.06067,6
421,-64.845251,-3.073619,0
422,-64.830842,-3.082839,6
423,-64.831048,-3.082529,6
424,-64.827017,-3.082425,6
425,-64.825786,-3.08383,6
426,-64.825787,-3.086557,6
427,-64.81915,-3.077712,6
428,-64.827255,-3.088533,6
429,-64.827521,-3.094183,6
430,-64.827647,-3.101182,6
431,-64.821868,-3.100623,6
432,-64.814809,-3.095243,6
433,-64.828355,-3.107914,6
434,-64.833558,-3.104115,6
435,-64.83015,-3.107324,6
436,-64.830064,-3.106312,6
437,-64.827886,-3.107195,6
438,-64.825624,-3.108357,6
439,-64.823582,-3.109732,6
440,-64.829038,-3.106622,6
441,-64.830646,-3.10558,6
442,-64.83263,-3.104442,6
443,-64.834133,-3.103736,6
444,-64.836886,-3.103065,6
445,-64.837038,-3.104123,6
446,-64.837154,-3.104094,6
447,-64.840065,-3.102235,6
448,-64.84248,-3.099847,6
449,-64.845107,-3.097584,0
450,-64.847966,-3.095562,0
451,-64.850458,-3.09388,0
452,-64.853226,-3.092876,0
453,-64.846798,-3.096348,0
454,-64.84823,-3.096384,0
455,-64.849866,-3.094782,0
456,-64.851172,-3.093687,0
457,-64.853622,-3.092926,0
458,-64.856191,-3.09194,0
459,-64.858137,-3.091676,0
460,-64.855816,-3.093036,0
461,-64.853539,-3.08989,0
462,-64.854737,-3.089122,0
463,-64.842336,-3.098152,6
464,-64.842804,-3.098341,6
465,-64.8464,-3.094644,0
466,-64.858973,-3.087731,0
467,-64.859659,-3.087149,0
468,-64.861649,-3.086161,0
469,-64.863005,-3.085381,0
470,-64.862692,-3.085039,0
471,-64.86119,-3.089634,0
472,-64.869681,-3.092604,0
473,-64.863597,-3.090915,0
474,-64.858105,-3.089711,0
475,-64.853713,-3.089273,0
476,-64.853673,-3.090256,0
477,-64.836113,-3.099674,6
478,-64.852365,-3.089198,0
479,-64.848015,-3.091779,0
480,-64.848686,-3.091001,0
481,-64.848916,-3.091607,0
482,-64.848816,-3.093779,0
483,-64.846985,-3.094157,0
484,-64.84484,-3.09436,0
485,-64.844513,-3.096168,0
486,-64.846363,-3.094895,0
487,-64.846639,-3.095691,0
488,-64.847356,-3.094035,0
489,-64.84823,-3.091954,0
490,-64.84686,-3.091711,0
491,-64.847664,-3.091276,0
492,-64.848902,-3.088077,0
493,-64.851017,-3.085647,0
494,-64.852686,-3.083384,0
495,-64.854715,-3.082112,0
496,-64.85538,-3.080442,0
497,-64.856542,-3.079064,0
498,-64.858147,-3.077778,0
499,-64.859986,-3.078377,0
500,-64.857768,-3.076946,0
501,-64.856088,-3.075811,0
502,-64.855466,-3.075972,0
503,-64.855761,-3.074949,0
504,-64.855556,-3.072923,0
505,-64.855208,-3.071201,0
506,-64.854857,-3.069876,0
507,-64.854334,-3.069054,0
508,-64.853727,-3.068362,0
509,-64.852634,-3.067935,0
510,-64.852711,-3.067765,0
511,-64.852742,-3.068283,0
512,-64.853726,-3.068186,0
513,-64.853269,-3.067563,0
514,-64.853625,-3.067227,0
515,-64.854655,-3.067543,0
516,-64.853499,-3.067479,0
517,-64.854343,-3.064171,0
518,-64.856101,-3.061341,0
519,-64.857486,-3.058744,0
520,-64.859112,-3.056604,0
521,-64.859705,-3.055544,0
522,-64.860959,-3.056663,0
523,-64.861098,-3.058731,0
524,-64.859715,-3.071983,0
525,-64.860136,-3.074713,0
526,-64.861269,-3.078431,0
527,-64.861853,-3.080278,0
528,-64.852709,-3.078893,0
529,-64.845861,-3.07705,0
530,-64.839412,-3.076108,6
531,-64.839872,-3.076471,6
532,-64.837378,-3.089497,6
533,-64.837307,-3.089214,6
534,-64.836848,-3.089355,6
535,-64.838021,-3.089272,6
536,-64.837973,-3.091189,6
537,-64.837836,-3.091133,6
538,-64.838273,-3.091024,6
539,-64.838269,-3.091,6
540,-64.835922,-3.086688,6
541,-64.834484,-3.082982,6
542,-64.834344,-3.082724,6
543,-64.835047,-3.082747,6
544,-64.833849,-3.082537,6
545,-64.835124,-3.083006,6
546,-64.833833,-3.081513,6
547,-64.833184,-3.081487,6
548,-64.832582,-3.082145,6
549,-64.832048,-3.081218,6
550,-64.832345,-3.081551,6
551,-64.831246,-3.080313,6
552,-64.831082,-3.079814,6
553,-64.830793,-3.079909,6
554,-64.831104,-3.079761,6
555,-64.830543,-3.079746,6
556,-64.831202,-3.078879,6
557,-64.831059,-3.073252,6
558,-64.830465,-3.073272,6
559,-64.826297,-3.073544,6
560,-64.822197,-3.073932,6
561,-64.818517,-3.07486,6
562,-64.814625,-3.076323,6
563,-64.813941,-3.087537,6
564,-64.814145,-3.087276,6
565,-64.814386,-3.087938,6
566,-64.814767,-3.087487,6
567,-64.815385,-3.087814,6
568,-64.815762,-3.087979,6
569,-64.816551,-3.088146,6
570,-64.816638,-3.089359,6
571,-64.818435,-3.089748,6
572,-64.819134,-3.090178,6
573,-64.818559,-3.090364,6
574,-64.825926,-3.090922,6
575,-64.832326,-3.090977,6
576,-64.849979,-3.077409,0
577,-64.858321,-3.04772,0
578,-64.852913,-3.066749,0
579,-64.836882,-3.058718,6
580,-64.842583,-3.064462,6
581,-64.843613,-3.063797,6
582,-64.84216,-3.062276,6
583,-64.842258,-3.062269,6
584,-64.84211,-3.064353,6
585,-64.841652,-3.066673,6
586,-64.841627,-3.069537,0
587,-64.84222,-3.072038,0
588,-64.841344,-3.071093,6
589,-64.844114,-3.065073,6
590,-64.847842,-3.058892,0
591,-64.85173,-3.053263,0
592,-64.85489,-3.047446,0
593,-64.854717,-3.048283,0
594,-64.854834,-3.048606,0
595,-64.855137,-3.047969,0
596,-64.85471,-3.047738,0
597,-64.854664,-3.048221,0
598,-64.854452,-3.048476,0
599,-64.854885,-3.048294,0
600,-64.853522,-3.048204,0
601,-64.851929,-3.048483,0
602,-64.850869,-3.049954,0
603,-64.851716,-3.071526,0
604,-64.851602,-3.074609,0
605,-64.851656,-3.078553,0
606,-64.85117,-3.085921,0
607,-64.856942,-3.088839,0
608,-64.858823,-3.088995,0
609,-64.865654,-3.084956,0
610,-64.870573,-3.081521,0
611,-64.869892,-3.081652,0
612,-64.868236,-3.079786,0
613,-64.866486,-3.078644,0
614,-64.864664,-3.07657,0
615,-64.864028,-3.075552,0
616,-64.865226,-3.06781,0
617,-64.872725,-3.064221,0
618,-64.880518,-3.060831,0
619,-64.886822,-3.058349,0
620,-64.881431,-3.058903,0
621,-64.877012,-3.047311,0
622,-64.873658,-3.036589,0
623,-64.874176,-3.036377,0
624,-64.86767,-3.054442,0
625,-64.87277,-3.076276,0
626,-64.874596,-3.063669,0
627,-64.876924,-3.051058,0
628,-64.880456,-3.038606,0
629,-64.882542,-3.026389,0
630,-64.883287,-3.027426,0
631,-64.86846,-3.059355,0
632,-64.868786,-3.059213,0
633,-64.868206,-3.059601,0
634,-64.866492,-3.06037,0
635,-64.86497,-3.061554,0
636,-64.863493,-3.059563,0
637,-64.866162,-3.059316,0
638,-64.86699,-3.059411,0
639,-64.866701,-3.059546,0
640,-64.866528,-3.060099,0
641,-64.866582,-3.060612,0
642,-64.866206,-3.061601,0
643,-64.866182,-3.063251,0
644,-64.866507,-3.065083,0
645,-64.862152,-3.069729,0
646,-64.863337,-3.069585,0
647,-64.86298,-3.069863,0
648,-64.861931,-3.069169,0
649,-64.86167,-3.069183,0
650,-64.861749,-3.069296,0
651,-64.861327,-3.072446,0
652,-64.877163,-3.086319,0
653,-64.873086,-3.08216,0
654,-64.870283,-3.079089,0
655,-64.867762,-3.076019,0
656,-64.867181,-3.076474,0
657,-64.877358,-3.077836,0
658,-64.877607,-3.076739,0
659,-64.876984,-3.075729,0
660,-64.877384,-3.074877,0
661,-64.876924,-3.07468,0
662,-64.876768,-3.074935,0
663,-64.876343,-3.074597,0
664,-64.879653,-3.078484,0
665,-64.878534,-3.078605,0
666,-64.874528,-3.088504,0
667,-64.87562,-3.090482,0
668,-64.874404,-3.090007,0
669,-64.863578,-3.092801,0
670,-64.852132,-3.096476,0
671,-64.851407,-3.096276,0
672,-64.853574,-3.089657,0
673,-64.825762,-3.107882,6
674,-64.826217,-3.10728,6
675,-64.852965,-3.095907,0
676,-64.853256,-3.095747,0
677,-64.848094,-3.097816,0
678,-64.842417,-3.100115,6
679,-64.835707,-3.103389,6
680,-64.83502,-3.102904,6
681,-64.834051,-3.101017,6
682,-64.833327,-3.099725,6
683,-64.832606,-3.098592,6
684,-64.831355,-3.097482,6
685,-64.830537,-3.096911,6
686,-64.83012,-3.09676,6
687,-64.829425,-3.096589,6
688,-64.828961,-3.09763,6
689,-64.817464,-3.093675,6
690,-64.814912,-3.079704,6
691,-64.814167,-3.074404,6
692,-64.810693,-3.088924,6
693,-64.816475,-3.072114,6
694,-64.845973,-3.06487,0
695,-64.84972,-3.065059,0
696,-64.852906,-3.066437,0
697,-64.855516,-3.067162,0
698,-64.858014,-3.068029,0
699,-64.861117,-3.069267,0
700,-64.864237,-3.070996,0
701,-64.864837,-3.070748,0
702,-64.866363,-3.071609,0
703,-64.865386,-3.072198,0
704,-64.867039,-3.076012,0
705,-64.86703,-3.076855,0
706,-64.864813,-3.071806,0
707,-64.864546,-3.071589,0
708,-64.865781,-3.073763,0
709,-64.867307,-3.076858,0
710,-64.866941,-3.077077,0
711,-64.87341,-3.072691,0
712,-64.881994,-3.069443,0
713,-64.881592,-3.068866,0
714,-64.878804,-3.06575,0
715,-64.882986,-3.063622,0
716,-64.887094,-3.061753,0
717,-64.891982,-3.059839,0
718,-64.892324,-3.060173,0
719,-64.891427,-3.059655,0
720,-64.891049,-3.059123,0
721,-64.889766,-3.058716,0
722,-64.877149,-3.061647,0
723,-64.86518,-3.06499,0
724,-64.852705,-3.069394,0
725,-64.839877,-3.074317,6
726,-64.840599,-3.074376,6
727,-64.841067,-3.072136,6
728,-64.841106,-3.07027,6
729,-64.841482,-3.068254,6
730,-64.841722,-3.066967,6
731,-64.841376,-3.065805,6
732,-64.841394,-3.064685,6
733,-64.841811,-3.06375,6
734,-64.842558,-3.063034,6
735,-64.842873,-3.062357,6
736,-64.843958,-3.062068,6
737,-64.839557,-3.058968,6
738,-64.83839,-3.059711,6
739,-64.856876,-3.064424,0
740,-64.85691,-3.064985,0
741,-64.85834,-3.06143,0
742,-64.852678,-3.053476,0
743,-64.844552,-3.032081,0
744,-64.832516,-3.055776,6
745,-64.837956,-3.044591,0
746,-64.842986,-3.033451,0
747,-64.848668,-3.023175,0
748,-64.867132,-2.982938,3
749,-64.850475,-2.985694,3
750,-64.820372,-3.026156,0
751,-64.793044,-3.071087,6
752,-64.799917,-3.085453,6
753,-64.795937,-3.08944,6
754,-64.793639,-3.095712,6
755,-64.79439,-3.106513,6
756,-64.797346,-3.086675,6
757,-64.804689,-3.096682,6
758,-64.805015,-3.098103,6
759,-64.801698,-3.110401,6
760,-64.831024,-3.097322,6
761,-64.857564,-3.088201,0
762,-64.86635,-3.089452,0
763,-64.859998,-3.081752,0
764,-64.86193,-3.072296,0
765,-64.865033,-3.079864,0
766,-64.866464,-3.09445,0
767,-64.853875,-3.094791,0
768,-64.824849,-3.099339,6
769,-64.808045,-3.084628,6
770,-64.809166,-3.075976,6
771,-64.806042,-3.078644,6
772,-64.807622,-3.079004,6
773,-64.807496,-3.078696,6
774,-64.80759,-3.078906,6
775,-64.807861,-3.077519,6
776,-64.807125,-3.076852,6
777,-64.809215,-3.075674,6
778,-64.792642,-3.076862,6
779,-64.789389,-3.098899,6
780,-64.789072,-3.073624,6
781,-64.795565,-3.0642,6
782,-64.811685,-3.037588,0
783,-64.841236,-3.027436,0
784,-64.846806,-2.984279,3
785,-64.834397,-2.976799,3
786,-64.834259,-2.978456,3
787,-64.833993,-2.976821,3
788,-64.837394,-2.99322,0
789,-64.837338,-2.993134,0
790,-64.838283,-2.99395,0
791,-64.839266,-2.995088,0
792,-64.838812,-2.996621,0
793,-64.838357,-2.998276,0
794,-64.835348,-2.990226,0
795,-64.838922,-2.987818,0
796,-64.830772,-2.980331,3
797,-64.831248,-2.979732,3
798,-64.832832,-3.000006,0
799,-64.837857,-2.99871,0
800,-64.843191,-2.998807,0
801,-64.836826,-2.977838,3
802,-64.817113,-3.054994,0
803,-64.813923,-3.06666,6
804,-64.781436,-3.093853,6
805,-64.782098,-3.09389,6
806,-64.772297,-3.102349,6
807,-64.797386,-3.070098,6
808,-64.820737,-3.031636,0
809,-64.841382,-3.013253,0
810,-64.858414,-2.989416,3
811,-64.851285,-2.992208,3
812,-64.843123,-3.019452,0
813,-64.807402,-3.032518,0
814,-64.824583,-3.073472,6
815,-64.817168,-3.054217,0
816,-64.826459,-3.050149,0
817,-64.845839,-3.014229,0
818,-64.884954,-3.016577,3
819,-64.852713,-3.026254,0
820,-64.827923,-3.034768,0
821,-64.82703,-3.037498,0
822,-64.82658,-3.041059,0
823,-64.826655,-3.040459,0
824,-64.846319,-3.014326,0
825,-64.846423,-2.988633,3
826,-64.881104,-3.016493,3
827,-64.857507,-3.017698,0
828,-64.856529,-3.004329,0
829,-64.857836,-2.993821,3
830,-64.840959,-2.979645,3
831,-64.841966,-3.013615,0
832,-64.867516,-3.022018,0
833,-64.888911,-2.999777,3
834,-64.844359,-3.017573,0
835,-64.839579,-3.015567,0
836,-64.839059,-3.016097,0
837,-64.846011,-3.006807,0
838,-64.865297,-2.990201,3
839,-64.88868,-2.96711,3
840,-64.908477,-2.97265,3
841,-64.907482,-2.974875,3
842,-64.909403,-2.97195,3
843,-64.910234,-2.970981,3
844,-64.910987,-2.9712,3
845,-64.909648,-2.963692,3
846,-64.908956,-2.956317,1
847,-64.908495,-2.949777,1
848,-64.906614,-2.944717,1
849,-64.904551,-2.939376,1
850,-64.897608,-2.95888,3
851,-64.881415,-2.970568,3
852,-64.882022,-2.969686,3
853,-64.867848,-2.996516,3
854,-64.861126,-3.007653,0
855,-64.854972,-3.01901,0
856,-64.848313,-3.029833,0
857,-64.881728,-2.97013,3
858,-64.911841,-2.966039,3
859,-64.913032,-2.965865,3
860,-64.911669,-2.963565,3
861,-64.902834,-2.968707,3
862,-64.911637,-2.966495,3
863,-64.910398,-2.962726,3
864,-64.857585,-2.961638,3
865,-64.836846,-2.999074,0
866,-64.835904,-2.999598,0
867,-64.849597,-2.978201,3
868,-64.84878,-2.977511,3
869,-64.872106,-2.965569,3
870,-64.872503,-2.962977,3
871,-64.874157,-2.96459,3
872,-64.833686,-2.991679,0
873,-64.865255,-3.008235,0
874,-64.87887,-3.008899,3
875,-64.878204,-3.015958,3
876,-64.868928,-3.02734,0
877,-64.867621,-3.02498,0
878,-64.857137,-3.03656,0
879,-64.846185,-3.049096,0
880,-64.834254,-3.061333,6
881,-64.8235,-3.073546,6
882,-64.823408,-3.073386,6
883,-64.816322,-3.034959,0
884,-64.817317,-3.033728,0
885,-64.846498,-3.024201,0
886,-64.846442,-3.024383,0
887,-64.84736,-2.982388,3
888,-64.866437,-2.969969,3
889,-64.885406,-2.960413,3
890,-64.904972,-2.949209,1
891,-64.892148,-2.990169,3
892,-64.856788,-3.007006,0
893,-64.855889,-3.003707,0
894,-64.851692,-2.98702,3
895,-64.835756,-3.018016,0
896,-64.823371,-3.023524,0
897,-64.874955,-2.996863,3
898,-64.862994,-3.009298,0
899,-64.852084,-3.021821,0
900,-64.856488,-3.029666,0
901,-64.842098,-3.007804,0
902,-64.838535,-3.0183,0
903,-64.840704,-3.015616,0
904,-64.841822,-2.990218,0
905,-64.874344,-2.970063,3
906,-64.887953,-2.995335,3
907,-64.890935,-3.005591,3
908,-64.897727,-2.981229,3
909,-64.886487,-2.989096,3
910,-64.881263,-2.969022,3
911,-64.876774,-2.971895,3
912,-64.87399,-2.975547,3
913,-64.885778,-2.990986,3
914,-64.883692,-2.995233,3
915,-64.852092,-3.019985,0
916,-64.853038,-2.98463,3
917,-64.848555,-2.98266,3
918,-64.855847,-2.973986,3
919,-64.866945,-2.99272,3
920,-64.866779,-2.995544,3
921,-64.894506,-2.984806,3
922,-64.870897,-3.011314,3
923,-64.829513,-3.01579,0
924,-64.836762,-3.003341,0
925,-64.840434,-3.000188,0
926,-64.836705,-2.995848,0
927,-64.858264,-3.006324,0
928,-64.857015,-3.005773,0
929,-64.891107,-3.002269,3
930,-64.886247,-2.993982,3
931,-64.874114,-3.025532,0
932,-64.847199,-3.027562,0
933,-64.837843,-3.047118,0
934,-64.837674,-3.049004,0
935,-64.858793,-2.993624,3
936,-64.83535,-3.017986,0
937,-64.827922,-2.999466,0
938,-64.833785,-2.988522,0
939,-64.861203,-3.002025,3
940,-64.889944,-3.007356,3
941,-64.843992,-2.967345,3
942,-64.818109,-3.018703,0
943,-64.836832,-2.997137,0
944,-64.839533,-3.019012,0
945,-64.885211,-3.010392,3
946,-64.844958,-3.014916,0
947,-64.824752,-3.027529,0
948,-64.842183,-3.019932,0
949,-64.83813,-3.011954,0
950,-64.85795,-3.011346,0
951,-64.825681,-2.990448,0
952,-64.838217,-3.018595,0
953,-64.850243,-3.011989,0
954,-64.850964,-3.037133,0
955,-64.8368,-3.044225,0
956,-64.83689,-3.045957,0
957,-64.842048,-3.038828,0
958,-64.847846,-3.02944,0
959,-64.85059,-2.991258,3
960,-64.826348,-2.986803,0
961,-64.844044,-2.962922,3
962,-64.8454,-2.967406,3
963,-64.853999,-2.982328,3
964,-64.810708,-3.063973,6
965,-64.822108,-3.056539,0
966,-64.824713,-3.050848,0
967,-64.827427,-3.045574,0
968,-64.828358,-3.044989,0
969,-64.867149,-3.025922,0
970,-64.863651,-3.018655,0
971,-64.860369,-3.012081,0
972,-64.856208,-3.005608,0
973,-64.855685,-3.007032,0
974,-64.835837,-2.972279,3
975,-64.825584,-2.995334,0
976,-64.81524,-3.017738,0
977,-64.816159,-3.017964,0
978,-64.821579,-3.015886,0
979,-64.8212,-3.015257,0
980,-64.822149,-3.017265,0
981,-64.839417,-2.986435,0
982,-64.873678,-2.989459,3
983,-64.87434,-2.990797,3
984,-64.874837,-3.008799,3
985,-64.874739,-3.027815,0
986,-64.868518,-3.024011,0
987,-64.859922,-3.023783,0
988,-64.867867,-2.983798,3
989,-64.885937,-2.988223,3
990,-64.874734,-2.996564,3
991,-64.821394,-3.023869,0
992,-64.831522,-3.018605,0
993,-64.831865,-2.967211,3
994,-64.847549,-2.955862,3
995,-64.847072,-2.992177,3
996,-64.845599,-2.978019,3
997,-64.885645,-3.006209,3
998,-64.856321,-3.00674,0
999,-64.870785,-3.011056,3
1000,-64.843629,-3.054177,0
1001,-64.843661,-3.060526,6
1002,-64.818754,-3.066567,0
1003,-64.843809,-3.034346,0
1004,-64.839705,-3.026817,0
1005,-64.836787,-3.019671,0
1006,-64.83827,-3.020893,0
1007,-64.824883,-3.015208,0
1008,-64.837685,-2.987502,0
1009,-64.836929,-2.988895,0
1010,-64.844329,-2.976802,3
1011,-64.828904,-3.008247,0
1012,-64.83205,-3.017971,0
1013,-64.853568,-3.00506,0
1014,-64.854338,-3.003046,0
1015,-64.853908,-3.002078,0
1016,-64.857074,-2.996764,3
1017,-64.860482,-2.99622,3
1018,-64.86452,-2.998586,3
1019,-64.866119,-2.995082,3
1020,-64.873343,-2.986025,3
1021,-64.859472,-3.010046,0
1022,-64.8449,-3.034764,0
1023,-64.843312,-3.035161,0
1024,-64.84428,-3.041543,0
1025,-64.84489,-3.040757,0
1026,-64.844399,-3.039199,0
1027,-64.844663,-3.038831,0
1028,-64.84511,-3.038779,0
1029,-64.845603,-3.038788,0
1030,-64.845088,-3.039299,0
1031,-64.84514,-3.039533,0
1032,-64.846131,-3.040249,0
1033,-64.845769,-3.040264,0
1034,-64.845249,-3.040853,0
1035,-64.845461,-3.040155,0
1036,-64.84679,-3.040606,0
1037,-64.846828,-3.041434,0
1038,-64.846266,-3.041435,0
1039,-64.845525,-3.039875,0
1040,-64.846622,-3.039167,0
1041,-64.846881,-3.038592,0
1042,-64.846591,-3.037525,0
1043,-64.845821,-3.03736,0
1044,-64.845458,-3.035495,0
1045,-64.845205,-3.035067,0
1046,-64.844796,-3.034659,0
1047,-64.84517,-3.035109,0
1048,-64.84429,-3.034671,0
1049,-64.843752,-3.034231,0
1050,-64.843788,-3.03416,0
1051,-64.843862,-3.034107,0
1052,-64.844094,-3.032435,0
1053,-64.843763,-3.032841,0
1054,-64.84398,-3.032793,0
1055,-64.843662,-3.032079,0
1056,-64.844474,-3.031913,0
1057,-64.844268,-3.030278,0
1058,-64.844594,-3.03086,0
1059,-64.844112,-3.029529,0
1060,-64.844941,-3.030051,0
1061,-64.844737,-3.03014,0
1062,-64.845441,-3.029378,0
1063,-64.846401,-3.029844,0
1064,-64.846786,-3.030066,0
1065,-64.847315,-3.029169,0
1066,-64.846871,-3.029062,0
1067,-64.84716,-3.02836,0
1068,-64.847618,-3.029712,0
1069,-64.847425,-3.029476,0
1070,-64.847459,-3.029549,0
1071,-64.847005,-3.02866,0
1072,-64.847224,-3.028714,0
1073,-64.84712,-3.029043,0
1074,-64.847335,-3.028909,0
1075,-64.846899,-3.028274,0
1076,-64.845486,-3.028703,0
1077,-64.845348,-3.029011,0
1078,-64.844765,-3.029163,0
1079,-64.844218,-3.02905,0
1080,-64.844716,-3.02927,0
1081,-64.844651,-3.028624,0
1082,-64.844303,-3.028233,0
1083,-64.843416,-3.027988,0
1084,-64.843455,-3.028147,0
1085,-64.843424,-3.027561,0
1086,-64.842776,-3.027489,0
1087,-64.842008,-3.027533,0
1088,-64.841659,-3.028037,0
1089,-64.841649,-3.027766,0
1090,-64.841547,-3.027495,0
1091,-64.841575,-3.026996,0
1092,-64.841963,-3.027283,0
1093,-64.841462,-3.027736,0
1094,-64.841306,-3.027883,0
1095,-64.841808,-3.027936,0
1096,-64.842125,-3.028078,0
1097,-64.842199,-3.027097,0
1098,-64.842231,-3.027547,0
1099,-64.842803,-3.027037,0
1100,-64.842911,-3.026662,0
1101,-64.8427,-3.026837,0
1102,-64.843551,-3.026091,0
1103,-64.843601,-3.026118,0
1104,-64.843949,-3.025547,0
1105,-64.84407,-3.025636,0
1106,-64.843941,-3.026151,0
1107,-64.843322,-3.02616,0
1108,-64.84359,-3.026188,0
1109,-64.843782,-3.026555,0
1110,-64.844008,-3.025704,0
1111,-64.843819,-3.025214,0
1112,-64.843753,-3.026017,0
1113,-64.843526,-3.026392,0
1114,-64.842686,-3.027198,0
1115,-64.842744,-3.026994,0
1116,-64.841946,-3.026229,0
1117,-64.841938,-3.02587,0
1118,-64.840954,-3.026255,0
1119,-64.840572,-3.026566,0
1120,-64.840947,-3.02575,0
1121,-64.840435,-3.025248,0
1122,-64.840728,-3.024467,0
1123,-64.83976,-3.024688,0
1124,-64.839181,-3.024233,0
1125,-64.838936,-3.023275,0
1126,-64.838083,-3.022317,0
1127,-64.837933,-3.022247,0
1128,-64.83603,-3.021839,0
1129,-64.835566,-3.022142,0
1130,-64.836279,-3.022297,0
1131,-64.836562,-3.020833,0
1132,-64.836624,-3.021433,0
1133,-64.837101,-3.022592,0
1134,-64.837046,-3.022309,0
1135,-64.836883,-3.022034,0
1136,-64.837332,-3.021633,0
1137,-64.837983,-3.022148,0
1138,-64.837282,-3.023555,0
1139,-64.837113,-3.023914,0
1140,-64.836646,-3.023356,0
1141,-64.837416,-3.023917,0
1142,-64.837319,-3.024108,0
1143,-64.836594,-3.024466,0
1144,-64.835853,-3.02394,0
1145,-64.835698,-3.024598,0
1146,-64.83514,-3.02504,0
1147,-64.833967,-3.025423,0
1148,-64.83451,-3.025922,0
1149,-64.833613,-3.026895,0
1150,-64.833492,-3.026163,0
1151,-64.834334,-3.026461,0
1152,-64.83427,-3.026541,0
1153,-64.834824,-3.026625,0
1154,-64.83473,-3.028159,0
1155,-64.834064,-3.026917,0
1156,-64.833036,-3.027447,0
1157,-64.833559,-3.028819,0
1158,-64.832659,-3.02838,0
1159,-64.831958,-3.029067,0
1160,-64.831653,-3.030158,0
1161,-64.831631,-3.030427,0
1162,-64.832215,-3.032103,0
1163,-64.832808,-3.031317,0
1164,-64.832287,-3.031976,0
1165,-64.832551,-3.031006,0
1166,-64.832073,-3.030938,0
1167,-64.832078,-3.030976,0
1168,-64.832185,-3.030574,0
1169,-64.832426,-3.030846,0
1170,-64.832933,-3.029709,0
1171,-64.833174,-3.029004,0
1172,-64.832933,-3.028713,0
1173,-64.833668,-3.028826,0
1174,-64.833328,-3.028438,0
1175,-64.833508,-3.028093,0
1176,-64.833369,-3.026604,0
1177,-64.833746,-3.026101,0
1178,-64.832617,-3.026469,0
1179,-64.832934,-3.026597,0
1180,-64.833838,-3.02605,0
1181,-64.833762,-3.025376,0
1182,-64.834059,-3.025902,0
1183,-64.833703,-3.026262,0
1184,-64.834021,-3.0261,0
1185,-64.834383,-3.025527,0
1186,-64.834531,-3.025569,0
1187,-64.835039,-3.026074,0
1188,-64.834798,-3.026686,0
1189,-64.833532,-3.027133,0
1190,-64.834059,-3.02715,0
1191,-64.834822,-3.026784,0
1192,-64.834539,-3.026863,0
1193,-64.834796,-3.02717,0
1194,-64.834051,-3.026487,0
1195,-64.834776,-3.026855,0
1196,-64.834995,-3.026703,0
1197,-64.835171,-3.026685,0
1198,-64.835142,-3.026717,0
1199,-64.835521,-3.026618,0
1200,-64.835849,-3.026776,0
1201,-64.835026,-3.027868,0
1202,-64.83496,-3.027674,0
1203,-64.834861,-3.027371,0
1204,-64.836216,-3.027232,0
1205,-64.835979,-3.025874,0
1206,-64.836426,-3.026475,0
1207,-64.835911,-3.026138,0
1208,-64.834876,-3.027445,0
1209,-64.835039,-3.027626,0
1210,-64.834308,-3.028451,0
1211,-64.834085,-3.028991,0
1212,-64.835145,-3.029458,0
1213,-64.83539,-3.030624,0
1214,-64.835658,-3.029681,0
1215,-64.835412,-3.029492,0
1216,-64.835546,-3.029664,0
1217,-64.835373,-3.029856,0
1218,-64.835012,-3.031472,0
1219,-64.835039,-3.032268,0
1220,-64.835043,-3.031724,0
1221,-64.834438,-3.031054,0
1222,-64.834218,-3.031702,0
1223,-64.834285,-3.031867,0
1224,-64.835467,-3.03146,0
1225,-64.835029,-3.031135,0
1226,-64.835898,-3.031341,0
1227,-64.836651,-3.031824,0
1228,-64.835879,-3.033414,0
1229,-64.836038,-3.033635,0
1230,-64.836595,-3.034161,0
1231,-64.836872,-3.034558,0
1232,-64.837851,-3.034236,0
1233,-64.837788,-3.034574,0
1234,-64.837645,-3.035213,0
1235,-64.838754,-3.035328,0
1236,-64.839337,-3.035015,0
1237,-64.839858,-3.03607,0
1238,-64.839215,-3.035977,0
1239,-64.839263,-3.036361,0
1240,-64.838583,-3.036057,0
1241,-64.838476,-3.036163,0
1242,-64.838204,-3.036296,0
1243,-64.837218,-3.036482,0
1244,-64.837992,-3.037556,0
1245,-64.837716,-3.037825,0
1246,-64.838062,-3.038427,0
1247,-64.838098,-3.038345,0
1248,-64.837295,-3.039467,0
1249,-64.837147,-3.038862,0
1250,-64.837015,-3.038699,0
1251,-64.836845,-3.039285,0
1252,-64.837358,-3.039147,0
1253,-64.837555,-3.040362,0
1254,-64.837683,-3.040803,0
1255,-64.837847,-3.040902,0
1256,-64.836957,-3.041081,0
1257,-64.837829,-3.041452,0
1258,-64.837959,-3.042021,0
1259,-64.838644,-3.041501,0
1260,-64.838624,-3.042594,0
1261,-64.838417,-3.042541,0
1262,-64.839124,-3.042638,0
1263,-64.839138,-3.043782,0
1264,-64.838925,-3.044392,0
1265,-64.839656,-3.044934,0
1266,-64.839078,-3.045914,0
1267,-64.838229,-3.046582,0
1268,-64.837654,-3.047468,0
1269,-64.837436,-3.047792,0
1270,-64.838095,-3.047952,0
1271,-64.837923,-3.048559,0
1272,-64.838474,-3.048794,0
1273,-64.838662,-3.049956,0
1274,-64.838207,-3.050791,0
1275,-64.838658,-3.050555,0
1276,-64.838451,-3.051166,0
1277,-64.83897,-3.051512,0
1278,-64.838914,-3.051285,0
1279,-64.839625,-3.051883,0
1280,-64.8395,-3.051531,0
1281,-64.838727,-3.052121,0
1282,-64.839303,-3.052261,0
1283,-64.839279,-3.052426,0
1284,-64.83976,-3.05333,0
1285,-64.840699,-3.053404,0
1286,-64.840134,-3.053705,0
1287,-64.840635,-3.054412,0
1288,-64.840804,-3.055247,0
1289,-64.840773,-3.056567,6
1290,-64.84127,-3.055867,0
1291,-64.841428,-3.056572,6
1292,-64.842116,-3.057063,6
1293,-64.841807,-3.05791,6
1294,-64.842443,-3.057923,6
1295,-64.842137,-3.057567,6
1296,-64.84235,-3.057336,6
1297,-64.842479,-3.057531,6
1298,-64.842879,-3.057622,6
1299,-64.843423,-3.057719,6
1300,-64.843671,-3.058096,6
1301,-64.842871,-3.058389,6
1302,-64.843163,-3.058913,6
1303,-64.84384,-3.059363,6
1304,-64.843673,-3.059745,6
1305,-64.844114,-3.059248,6
1306,-64.843392,-3.059565,6
1307,-64.843734,-3.059606,6
1308,-64.843883,-3.060185,6
1309,-64.843543,-3.06051,6
1310,-64.843664,-3.060711,6
1311,-64.843086,-3.061173,6
1312,-64.843833,-3.06164,6
1313,-64.844152,-3.062521,6
1314,-64.843731,-3.063739,6
1315,-64.84403,-3.063526,6
1316,-64.843937,-3.064945,6
1317,-64.844512,-3.065223,6
1318,-64.844339,-3.066125,6
1319,-64.844756,-3.066868,6
1320,-64.845685,-3.067243,0
1321,-64.846039,-3.068739,0
1322,-64.845822,-3.069546,0
1323,-64.845649,-3.070565,0
1324,-64.845818,-3.070481,0
1325,-64.845674,-3.07021,0
1326,-64.845601,-3.071559,0
1327,-64.846111,-3.072572,0
1328,-64.845789,-3.07471,0
1329,-64.845199,-3.074741,0
1330,-64.845926,-3.075622,0
1331,-64.846128,-3.075975,0
1332,-64.846934,-3.075727,0
1333,-64.847727,-3.076259,0
1334,-64.847443,-3.078074,0
1335,-64.847553,-3.077109,0
1336,-64.848162,-3.077773,0
1337,-64.849223,-3.078204,0
1338,-64.848342,-3.078627,0
1339,-64.849302,-3.079372,0
1340,-64.84959,-3.0806,0
1341,-64.849153,-3.081504,0
1342,-64.8491,-3.082198,0
1343,-64.849276,-3.081809,0
1344,-64.849525,-3.082827,0
1345,-64.850219,-3.08237,0
1346,-64.849753,-3.082478,0
1347,-64.851448,-3.082442,0
1348,-64.851103,-3.083437,0
1349,-64.838612,-3.074142,6
1350,-64.83824,-3.076076,6
1351,-64.837616,-3.074645,6
1352,-64.837169,-3.074607,6
1353,-64.835631,-3.075461,6
1354,-64.835431,-3.075071,6
1355,-64.833744,-3.074487,6
1356,-64.832986,-3.07433,6
1357,-64.831983,-3.074192,6
1358,-64.831319,-3.074423,6
1359,-64.830565,-3.074672,6
1360,-64.829647,-3.074168,6
1361,-64.828541,-3.073595,6
1362,-64.828356,-3.072894,6
1363,-64.827889,-3.072184,6
1364,-64.827412,-3.071906,6
1365,-64.82615,-3.071172,6
1366,-64.824328,-3.072431,6
1367,-64.823854,-3.072783,6
1368,-64.82307,-3.072341,6
1369,-64.822595,-3.072376,6
1370,-64.821948,-3.071532,6
1371,-64.82096,-3.071447,6
1372,-64.81977,-3.071349,6
1373,-64.819197,-3.071387,6
1374,-64.818773,-3.071309,6
1375,-64.817494,-3.071016,6
1376,-64.816911,-3.069071,6
1377,-64.816187,-3.068974,6
1378,-64.815157,-3.069509,6
1379,-64.814419,-3.070163,6
1380,-64.814894,-3.069916,6
1381,-64.814312,-3.07069,6
1382,-64.813698,-3.071345,6
1383,-64.812826,-3.072332,6
1384,-64.812331,-3.071968,6
1385,-64.811668,-3.072095,6
1386,-64.810878,-3.072276,6
1387,-64.809559,-3.072342,6
1388,-64.809644,-3.073065,6
1389,-64.809351,-3.073183,6
1390,-64.808853,-3.072654,6
1391,-64.808076,-3.073058,6
1392,-64.807812,-3.073044,6
1393,-64.806593,-3.073716,6
1394,-64.805551,-3.075366,6
1395,-64.804667,-3.074929,6
1396,-64.803826,-3.075308,6
1397,-64.802879,-3.075955,6
1398,-64.801963,-3.076463,6
1399,-64.801703,-3.075938,6
1400,-64.801092,-3.075421,6
1401,-64.800138,-3.076542,6
1402,-64.799514,-3.076963,6
1403,-64.798873,-3.077546,6
1404,-64.797609,-3.078275,6
1405,-64.796789,-3.078211,6
1406,-64.795645,-3.078565,6
1407,-64.795736,-3.078715,6
1408,-64.795199,-3.079584,6
1409,-64.794159,-3.080542,6
1410,-64.793688,-3.080872,6
1411,-64.792692,-3.082033,6
1412,-64.792023,-3.083631,6
1413,-64.791525,-3.084101,6
1414,-64.789786,-3.08461,6
1415,-64.789057,-3.085341,6
1416,-64.787899,-3.086954,6
1417,-64.788084,-3.087803,6
1418,-64.787472,-3.0883,6
1419,-64.786385,-3.089435,6
1420,-64.786609,-3.089834,6
1421,-64.785819,-3.091321,6
1422,-64.78498,-3.092421,6
1423,-64.784993,-3.094356,6
1424,-64.783899,-3.095284,6
1425,-64.782527,-3.095921,6
1426,-64.780672,-3.097936,6
1427,-64.779886,-3.098907,6
1428,-64.779442,-3.099146,6
1429,-64.777773,-3.10124,6
1430,-64.776537,-3.101026,6
1431,-64.776514,-3.101371,6
1432,-64.776763,-3.102149,6
1433,-64.775375,-3.103405,6
1434,-64.775819,-3.104637,6
1435,-64.775847,-3.102882,6
1436,-64.776333,-3.101242,6
1437,-64.777764,-3.100986,6
1438,-64.778308,-3.101283,6
1439,-64.779009,-3.099693,6
1440,-64.778612,-3.099525,6
1441,-64.778389,-3.099228,6
1442,-64.778749,-3.098783,6
1443,-64.779048,-3.098687,6
1444,-64.780169,-3.099165,6
1445,-64.780358,-3.099825,6
1446,-64.780106,-3.099586,6
1447,-64.780411,-3.098524,6
1448,-64.781155,-3.099245,6
1449,-64.782177,-3.099027,6
1450,-64.782776,-3.099471,6
1451,-64.782543,-3.099925,6
1452,-64.781443,-3.099451,6
1453,-64.780153,-3.097638,6
1454,-64.779492,-3.098063,6
1455,-64.779098,-3.098761,6
1456,-64.779083,-3.097331,6
1457,-64.777647,-3.097412,6
1458,-64.777686,-3.096867,6
1459,-64.777276,-3.096825,6
1460,-64.776767,-3.097577,6
1461,-64.776925,-3.097519,6
1462,-64.776236,-3.096857,6
1463,-64.77605,-3.0966,6
1464,-64.775793,-3.097188,6
1465,-64.775583,-3.09796,6
1466,-64.775229,-3.097108,6
1467,-64.774693,-3.097028,6
1468,-64.775063,-3.09727,6
1469,-64.774237,-3.098017,6
1470,-64.774029,-3.098364,6
1471,-64.773969,-3.097901,6
1472,-64.774281,-3.099024,6
1473,-64.773888,-3.099145,6
1474,-64.774031,-3.10034,6
1475,-64.772922,-3.100048,6
1476,-64.772977,-3.099766,6
1477,-64.773688,-3.099507,6
1478,-64.774946,-3.099066,6
1479,-64.776359,-3.100656,6
1480,-64.778045,-3.102229,6
1481,-64.780125,-3.102594,6
1482,-64.781068,-3.103118,6
1483,-64.782587,-3.103947,6
1484,-64.78422,-3.104217,6
1485,-64.784979,-3.105799,6
1486,-64.786233,-3.106758,6
1487,-64.787558,-3.106964,6
1488,-64.792074,-3.10423,6
1489,-64.792753,-3.10328,6
1490,-64.793611,-3.101145,6
1491,-64.794339,-3.099732,6
1492,-64.794081,-3.097972,6
1493,-64.795211,-3.095868,6
1494,-64.796794,-3.09313,6
1495,-64.797836,-3.092635,6
1496,-64.798127,-3.091561,6
1497,-64.799138,-3.090921,6
1498,-64.800183,-3.087617,6
1499,-64.801074,-3.086335,6
1500,-64.80155,-3.084642,6
1501,-64.802451,-3.083661,6
1502,-64.80333,-3.083005,6
1503,-64.803903,-3.081557,6
1504,-64.804261,-3.080982,6
1505,-64.80523,-3.079182,6
1506,-64.805509,-3.078156,6
1507,-64.805522,-3.077741,6
1508,-64.80654,-3.075535,6
1509,-64.806651,-3.073537,6
1510,-64.807375,-3.07179,6
1511,-64.808272,-3.070506,6
1512,-64.808493,-3.069444,6
1513,-64.80941,-3.067865,6
1514,-64.809817,-3.066694,6
1515,-64.810379,-3.065392,6
1516,-64.811082,-3.064139,6
1517,-64.811184,-3.063366,6
1518,-64.8122,-3.061164,6
1519,-64.813016,-3.060793,6
1520,-64.813519,-3.058688,0
1521,-64.81404,-3.056921,0
1522,-64.813899,-3.056539,0
1523,-64.813751,-3.054396,0
1524,-64.813498,-3.053681,0
1525,-64.814156,-3.052357,0
1526,-64.814912,-3.051118,0
1527,-64.815593,-3.05112,0
1528,-64.816962,-3.049483,0
1529,-64.81726,-3.0489,0
1530,-64.817521,-3.047985,0
1531,-64.818431,-3.047303,0
1532,-64.819029,-3.046925,0
1533,-64.819333,-3.045209,0
1534,-64.81993,-3.044313,0
1535,-64.820957,-3.044464,0
1536,-64.821272,-3.044165,0
1537,-64.82154,-3.04347,0
1538,-64.822337,-3.04226,0
1539,-64.8227,-3.041814,0
1540,-64.823541,-3.04247,0
1541,-64.824154,-3.042237,0
1542,-64.824192,-3.041705,0
1543,-64.82445,-3.040009,0
1544,-64.824462,-3.038385,0
1545,-64.825705,-3.038636,0
1546,-64.825777,-3.037828,0
1547,-64.828056,-3.027942,0
1548,-64.827234,-3.033239,0
1549,-64.82613,-3.03133,0
1550,-64.824376,-3.032756,0
1551,-64.824113,-3.031521,0
1552,-64.8224,-3.032292,0
1553,-64.821393,-3.031243,0
1554,-64.820505,-3.031237,0
1555,-64.818559,-3.031721,0
1556,-64.817467,-3.031605,0
1557,-64.817279,-3.032693,0
1558,-64.815915,-3.032365,0
1559,-64.814175,-3.032553,0
1560,-64.812526,-3.0338,0
1561,-64.81173,-3.034884,0
1562,-64.829194,-3.02904,0
1563,-64.831278,-3.026938,0
1564,-64.833318,-3.025119,0
1565,-64.835548,-3.02283,0
1566,-64.836874,-3.022188,0
1567,-64.838647,-3.02011,0
1568,-64.839707,-3.017633,0
1569,-64.841722,-3.016768,0
1570,-64.84363,-3.015628,0
1571,-64.845512,-3.01432,0
1572,-64.847464,-3.012295,0
1573,-64.849471,-3.011372,0
1574,-64.849308,-3.010527,0
1575,-64.85033,-3.010674,0
1576,-64.849599,-3.011158,0
1577,-64.849986,-3.013572,0
1578,-64.848686,-3.014615,0
1579,-64.84877,-3.014331,0
1580,-64.84837,-3.01478,0
1581,-64.847756,-3.016262,0
1582,-64.847674,-3.015897,0
1583,-64.847276,-3.016565,0
1584,-64.846985,-3.018136,0
1585,-64.846874,-3.018134,0
1586,-64.846024,-3.019804,0
1587,-64.845615,-3.020274,0
1588,-64.845615,-3.021591,0
1589,-64.846029,-3.021783,0
1590,-64.845756,-3.023529,0
1591,-64.845513,-3.025082,0
1592,-64.845364,-3.026222,0
1593,-64.845224,-3.027516,0
1594,-64.844435,-3.028273,0
1595,-64.843797,-3.0293,0
1596,-64.843538,-3.032055,0
1597,-64.843601,-3.033866,0
1598,-64.8425,-3.036661,0
1599,-64.842014,-3.038742,0
1600,-64.840868,-3.039936,0
1601,-64.833048,-3.049444,0
1602,-64.821817,-3.058387,0
1603,-64.81986,-3.064677,0
1604,-64.817191,-3.063198,0
1605,-64.818262,-3.063063,0
1606,-64.818123,-3.062298,0
1607,-64.818606,-3.06109,0
1608,-64.819528,-3.061257,0
1609,-64.820343,-3.060613,0
1610,-64.821487,-3.059972,0
1611,-64.82144,-3.059038,0
1612,-64.823232,-3.058646,0
1613,-64.823463,-3.058059,0
1614,-64.823766,-3.056174,0
1615,-64.823859,-3.055733,0
1616,-64.824805,-3.055414,0
1617,-64.824689,-3.054422,0
1618,-64.824541,-3.055093,0
1619,-64.824385,-3.054791,0
1620,-64.824816,-3.053116,0
1621,-64.824908,-3.052959,0
1622,-64.82568,-3.052243,0
1623,-64.825399,-3.05303,0
1624,-64.825876,-3.051944,0
1625,-64.825664,-3.051195,0
1626,-64.826776,-3.051257,0
1627,-64.8279,-3.049646,0
1628,-64.828853,-3.0501,0
1629,-64.829301,-3.05039,0
1630,-64.829424,-3.04973,0
1631,-64.829771,-3.049377,0
1632,-64.830598,-3.048177,0
1633,-64.83109,-3.0484,0
1634,-64.832088,-3.04777,0
1635,-64.83291,-3.046655,0
1636,-64.833545,-3.046033,0
1637,-64.834362,-3.044658,0
1638,-64.834438,-3.043966,0
1639,-64.835412,-3.043733,0
1640,-64.836084,-3.043891,0
1641,-64.836492,-3.043432,0
1642,-64.837377,-3.043245,0
1643,-64.837759,-3.043588,0
1644,-64.838296,-3.042735,0
1645,-64.838773,-3.042899,0
1646,-64.83897,-3.043331,0
1647,-64.840097,-3.042391,0
1648,-64.84036,-3.043495,0
1649,-64.84154,-3.043172,0
1650,-64.842476,-3.042571,0
1651,-64.843327,-3.043931,0
1652,-64.84419,-3.042695,0
1653,-64.843897,-3.042545,0
1654,-64.843725,-3.042114,0
1655,-64.844826,-3.042325,0
1656,-64.844659,-3.042688,0
1657,-64.845507,-3.041556,0
1658,-64.845326,-3.040535,0
1659,-64.845484,-3.039635,0
1660,-64.84518,-3.039485,0
1661,-64.845587,-3.039426,0
1662,-64.846614,-3.03991,0
1663,-64.846463,-3.040228,0
1664,-64.846839,-3.040736,0
1665,-64.84663,-3.040275,0
1666,-64.846831,-3.040022,0
1667,-64.847187,-3.039493,0
1668,-64.847997,-3.039694,0
1669,-64.848171,-3.03986,0
1670,-64.849522,-3.038977,0
1671,-64.849981,-3.038801,0
1672,-64.850468,-3.037486,0
1673,-64.851084,-3.03646,0
1674,-64.851575,-3.036706,0
1675,-64.851654,-3.036146,0
1676,-64.852419,-3.02835,0
1677,-64.843147,-3.021021,0
1678,-64.843093,-3.020843,0
1679,-64.842653,-3.021257,0
1680,-64.842424,-3.02228,0
1681,-64.841763,-3.023758,0
1682,-64.841362,-3.022952,0
1683,-64.840358,-3.022656,0
1684,-64.839937,-3.022522,0
1685,-64.839659,-3.021504,0
1686,-64.838636,-3.022162,0
1687,-64.838067,-3.02199,0
1688,-64.83703,-3.022351,0
1689,-64.836485,-3.021989,0
1690,-64.835488,-3.02261,0
1691,-64.834843,-3.023596,0
1692,-64.834146,-3.023893,0
1693,-64.833781,-3.024399,0
1694,-64.833198,-3.024571,0
1695,-64.832715,-3.025283,0
1696,-64.831985,-3.026427,0
1697,-64.831467,-3.027023,0
1698,-64.830956,-3.02768,0
1699,-64.830413,-3.028352,0
1700,-64.830189,-3.029706,0
1701,-64.829141,-3.031506,0
1702,-64.828069,-3.03173,0
1703,-64.8278,-3.032688,0
1704,-64.826571,-3.034275,0
1705,-64.825494,-3.035357,0
1706,-64.825827,-3.035974,0
1707,-64.824711,-3.037433,0
1708,-64.82436,-3.038133,0
1709,-64.823715,-3.040593,0
1710,-64.823477,-3.040396,0
1711,-64.823946,-3.040716,0
1712,-64.82345,-3.042479,0
1713,-64.822112,-3.04538,0
1714,-64.82123,-3.046401,0
1715,-64.820141,-3.049184,0
1716,-64.818221,-3.051149,0
1717,-64.817163,-3.053001,0
1718,-64.815836,-3.05548,0
1719,-64.813899,-3.057623,0
1720,-64.812554,-3.060733,6
1721,-64.810921,-3.063203,6
1722,-64.808781,-3.065388,6
1723,-64.875577,-3.067766,0
1724,-64.876427,-3.067197,0
1725,-64.877275,-3.0657,0
1726,-64.878368,-3.065199,0
1727,-64.878937,-3.064306,0
1728,-64.879418,-3.06306,0
1729,-64.880348,-3.06221,0
1730,-64.880898,-3.061593,0
1731,-64.881401,-3.061178,0
1732,-64.881803,-3.060364,0
1733,-64.88266,-3.059527,0
1734,-64.883499,-3.058751,0
1735,-64.884389,-3.058153,0
1736,-64.884767,-3.057251,0
1737,-64.885188,-3.057108,0
1738,-64.885773,-3.056248,0
1739,-64.886665,-3.055492,0
1740,-64.887011,-3.054294,2
1741,-64.887516,-3.053832,2
1742,-64.887671,-3.053898,2
1743,-64.888427,-3.053438,2
1744,-64.888913,-3.052705,2
1745,-64.889723,-3.051959,2
1746,-64.890145,-3.051588,2
1747,-64.890615,-3.051181,2
1748,-64.891349,-3.050556,2
1749,-64.891889,-3.050022,2
1750,-64.892617,-3.049208,2
1751,-64.892853,-3.048948,2
1752,-64.892823,-3.048401,2
1753,-64.893722,-3.04788,2
1754,-64.893982,-3.047414,2
1755,-64.894236,-3.046484,2
1756,-64.894865,-3.045949,2
1757,-64.895115,-3.045341,2
1758,-64.895771,-3.044739,2
1759,-64.896413,-3.044238,2
1760,-64.89727,-3.04363,2
1761,-64.898005,-3.043264,2
1762,-64.898214,-3.042696,2
1763,-64.898671,-3.042049,2
1764,-64.899264,-3.041344,2
1765,-64.899721,-3.040733,2
1766,-64.899915,-3.040374,2
1767,-64.900278,-3.039942,2
1768,-64.900512,-3.039307,2
1769,-64.901032,-3.038717,2
1770,-64.901584,-3.03794,2
1771,-64.902077,-3.037511,2
1772,-64.902239,-3.037316,2
1773,-64.90274,-3.03691,2
1774,-64.903485,-3.036398,2
1775,-64.903877,-3.035678,2
1776,-64.904331,-3.03522,2
1777,-64.904316,-3.034784,2
1778,-64.905172,-3.034037,2
1779,-64.905641,-3.033489,2
1780,-64.906238,-3.033046,2
1781,-64.906595,-3.032607,2
1782,-64.90686,-3.032286,2
1783,-64.907534,-3.031918,2
1784,-64.908029,-3.031424,2
1785,-64.908462,-3.030996,2
1786,-64.908968,-3.030768,2
1787,-64.909191,-3.0307,2
1788,-64.909551,-3.029929,2
1789,-64.909902,-3.029584,2
1790,-64.910488,-3.029068,2
1791,-64.910799,-3.02867,2
1792,-64.91072,-3.028229,2
1793,-64.911433,-3.027602,2
1794,-64.912071,-3.026856,2
1795,-64.912379,-3.026177,2
1796,-64.912512,-3.025704,2
1797,-64.912549,-3.025289,2
1798,-64.913098,-3.02489,2
1799,-64.913297,-3.024233,2
1800,-64.91352,-3.023733,2
1801,-64.913923,-3.023331,2
1802,-64.913974,-3.022994,2
1803,-64.914343,-3.022822,2
1804,-64.914649,-3.022489,2
1805,-64.914691,-3.021814,2
1806,-64.914695,-3.021704,2
1807,-64.914811,-3.021552,2
1808,-64.915383,-3.021019,2
1809,-64.915916,-3.020808,2
1810,-64.916048,-3.020166,2
1811,-64.916293,-3.019932,2
1812,-64.916228,-3.019709,2
1813,-64.916672,-3.019295,2
1814,-64.91709,-3.019014,2
1815,-64.917121,-3.018777,2
1816,-64.917241,-3.018612,2
1817,-64.917215,-3.018592,2
1818,-64.917567,-3.018317,2
1819,-64.917878,-3.018098,2
1820,-64.918162,-3.01818,2
1821,-64.918553,-3.018152,2
1822,-64.918618,-3.017824,2
1823,-64.919249,-3.01773,2
1824,-64.919778,-3.017372,2
1825,-64.919979,-3.016849,2
1826,-64.920193,-3.016998,2
1827,-64.919713,-3.016801,2
1828,-64.919874,-3.016683,2
1829,-64.920367,-3.016492,2
1830,-64.920264,-3.016276,2
1831,-64.920313,-3.015979,2
1832,-64.920266,-3.016,2
1833,-64.920388,-3.015816,2
1834,-64.920742,-3.015612,2
1835,-64.921112,-3.014977,2
1836,-64.921256,-3.015058,2
1837,-64.921114,-3.015376,2
1838,-64.921248,-3.01541,2
1839,-64.921554,-3.015487,2
1840,-64.921812,-3.015282,2
1841,-64.921918,-3.01522,2
1842,-64.921742,-3.014847,2
1843,-64.921807,-3.014646,2
1844,-64.922225,-3.014458,2
1845,-64.922297,-3.014333,2
1846,-64.922294,-3.014401,2
1847,-64.922214,-3.014311,2
1848,-64.922986,-3.014332,2
1849,-64.923306,-3.014036,2
1850,-64.923071,-3.013977,2
1851,-64.923194,-3.014132,2
1852,-64.922655,-3.014294,2
1853,-64.922769,-3.014013,2
1854,-64.922893,-3.013797,2
1855,-64.923002,-3.013541,2
1856,-64.922984,-3.013764,2
1857,-64.92285,-3.013757,2
1858,-64.922992,-3.013719,2
1859,-64.923161,-3.013596,2
1860,-64.923163,-3.013604,2
1861,-64.923115,-3.013621,2
1862,-64.922664,-3.013671,2
1863,-64.922439,-3.013717,2
1864,-64.922315,-3.013866,2
1865,-64.922121,-3.013689,2
1866,-64.922112,-3.013437,2
1867,-64.921983,-3.013516,2
1868,-64.921964,-3.013458,2
1869,-64.922061,-3.013378,2
1870,-64.921784,-3.013039,2
1871,-64.921663,-3.013319,2
1872,-64.921195,-3.01329,2
1873,-64.921144,-3.013771,2
1874,-64.921136,-3.013655,2
1875,-64.92101,-3.013075,2
1876,-64.920964,-3.013427,2
1877,-64.920675,-3.013572,2
1878,-64.920516,-3.013867,2
1879,-64.920693,-3.013908,2
1880,-64.920674,-3.014084,2
1881,-64.920317,-3.014139,2
1882,-64.920162,-3.014362,2
1883,-64.920464,-3.014223,2
1884,-64.920733,-3.014074,2
1885,-64.921031,-3.013813,2
1886,-64.920889,-3.014125,2
1887,-64.92085,-3.014212,2
1888,-64.920595,-3.014429,2
1889,-64.920587,-3.014344,2
1890,-64.920479,-3.014537,2
1891,-64.920332,-3.014721,2
1892,-64.920055,-3.014724,2
1893,-64.919828,-3.014865,2
1894,-64.92015,-3.015026,2
1895,-64.919855,-3.015028,2
1896,-64.919455,-3.015165,2
1897,-64.919219,-3.015498,2
1898,-64.919103,-3.015927,2
1899,-64.91914,-3.016055,2
1900,-64.919161,-3.016376,2
1901,-64.919047,-3.016374,2
1902,-64.918686,-3.016387,2
1903,-64.918454,-3.016727,2
1904,-64.918637,-3.016819,2
1905,-64.918308,-3.016975,2
1906,-64.918121,-3.017334,2
1907,-64.917908,-3.017693,2
1908,-64.917708,-3.01807,2
1909,-64.917795,-3.018368,2
1910,-64.917646,-3.018634,2
1911,-64.917364,-3.019217,2
1912,-64.917047,-3.019507,2
1913,-64.916746,-3.019875,2
1914,-64.916783,-3.020208,2
1915,-64.916762,-3.020286,2
1916,-64.916423,-3.020538,2
1917,-64.915954,-3.020947,2
1918,-64.915817,-3.021325,2
1919,-64.916182,-3.021626,2
1920,-64.915664,-3.02187,2
1921,-64.915626,-3.022399,2
1922,-64.915283,-3.02305,2
1923,-64.91464,-3.023419,2
1924,-64.914481,-3.023764,2
1925,-64.914295,-3.024102,2
1926,-64.913772,-3.02421,2
1927,-64.913402,-3.024172,2
1928,-64.913125,-3.024647,2
1929,-64.913292,-3.025215,2
1930,-64.912842,-3.025472,2
1931,-64.912495,-3.025949,2
1932,-64.912085,-3.0264,2
1933,-64.911962,-3.026619,2
1934,-64.911999,-3.026712,2
1935,-64.911591,-3.026905,2
1936,-64.911543,-3.027448,2
1937,-64.911172,-3.028189,2
1938,-64.910712,-3.028767,2
1939,-64.910721,-3.029112,2
1940,-64.910468,-3.029467,2
1941,-64.910061,-3.030137,2
1942,-64.90969,-3.030794,2
1943,-64.90917,-3.031353,2
1944,-64.909234,-3.031496,2
1945,-64.909091,-3.031987,2
1946,-64.908816,-3.032253,2
1947,-64.908152,-3.032543,2
1948,-64.907496,-3.032806,2
1949,-64.907387,-3.033176,2
1950,-64.906738,-3.033629,2
1951,-64.90666,-3.034276,2
1952,-64.906183,-3.034742,2
1953,-64.905528,-3.0353,2
1954,-64.905437,-3.035567,2
1955,-64.905101,-3.03609,2
1956,-64.904864,-3.03687,2
1957,-64.904311,-3.037738,2
1958,-64.903672,-3.038317,2
1959,-64.903522,-3.038729,2
1960,-64.903096,-3.039289,2
1961,-64.902615,-3.040127,2
1962,-64.901995,-3.040866,2
1963,-64.901556,-3.041408,2
1964,-64.901353,-3.042025,2
1965,-64.901142,-3.042909,2
1966,-64.900763,-3.043681,2
1967,-64.900126,-3.043906,2
1968,-64.899534,-3.04456,2
1969,-64.899476,-3.04525,2
1970,-64.898892,-3.045668,2
1971,-64.898333,-3.046616,2
1972,-64.897704,-3.047484,2
1973,-64.897361,-3.048068,2
1974,-64.897124,-3.048575,2
1975,-64.896636,-3.049058,2
1976,-64.89627,-3.049855,2
1977,-64.895799,-3.050517,2
1978,-64.895027,-3.051225,2
1979,-64.89484,-3.051838,2
1980,-64.894559,-3.052651,2
1981,-64.893948,-3.053716,2
1982,-64.893073,-3.054444,2
1983,-64.892612,-3.055318,2
1984,-64.892116,-3.055716,2
1985,-64.891565,-3.056448,2
1986,-64.891135,-3.056991,0
1987,-64.890257,-3.057707,0
1988,-64.889674,-3.058275,0
1989,-64.889344,-3.059143,0
1990,-64.888913,-3.060043,0
1991,-64.888348,-3.061182,0
1992,-64.887439,-3.061704,0
1993,-64.886834,-3.062597,0
1994,-64.886591,-3.063366,0
1995,-64.885944,-3.063912,0
1996,-64.885367,-3.064714,0
1997,-64.884695,-3.065461,0
1998,-64.883709,-3.066395,0
1999,-64.883396,-3.067166,0
2000,-64.882763,-3.067844,0
2001,-64.882311,-3.068499,0
2002,-64.88165,-3.069238,0
2003,-64.880959,-3.070292,0
2004,-64.880604,-3.070946,0
2005,-64.879993,-3.071911,0
2006,-64.879271,-3.072992,0
2007,-64.878586,-3.073615,0
2008,-64.87794,-3.07438,0
2009,-64.877658,-3.075439,0
2010,-64.877152,-3.075744,0
2011,-64.876343,-3.077204,0
2012,-64.875521,-3.07804,0
2013,-64.874517,-3.078968,0
2014,-64.874514,-3.079594,0
2015,-64.873968,-3.080032,0
2016,-64.873459,-3.080914,0
2017,-64.872428,-3.08191,0
2018,-64.871866,-3.082857,0
2019,-64.871074,-3.083386,0
2020,-64.870408,-3.084206,0
2021,-64.86996,-3.085105,0
2022,-64.869323,-3.086086,0
2023,-64.86858,-3.087081,0
2024,-64.868174,-3.087709,0
2025,-64.867269,-3.088688,0
2026,-64.866732,-3.089615,0
2027,-64.865713,-3.090666,0
2028,-64.864657,-3.091994,0
2029,-64.864007,-3.092393,0
2030,-64.863221,-3.093218,0
2031,-64.862247,-3.094535,0
2032,-64.861331,-3.095203,0
2033,-64.860616,-3.095618,0
2034,-64.862186,-3.093721,0
2035,-64.863712,-3.091318,0
2036,-64.864993,-3.089565,0
2037,-64.866005,-3.08752,0
2038,-64.867601,-3.085548,0
2039,-64.869327,-3.083507,0
2040,-64.870561,-3.081628,0
2041,-64.872247,-3.080233,0
2042,-64.873309,-3.078599,0
2043,-64.874732,-3.076864,0
2044,-64.875971,-3.075023,0
2045,-64.877093,-3.073452,0
2046,-64.877936,-3.07192,0
2047,-64.878724,-3.070515,0
2048,-64.879976,-3.068967,0
2049,-64.881126,-3.067567,0
2050,-64.881925,-3.065979,0
2051,-64.882731,-3.06458,0
2052,-64.883308,-3.063272,0
2053,-64.883898,-3.062069,0
2054,-64.884901,-3.060846,0
2055,-64.885422,-3.059658,0
2056,-64.886055,-3.058587,0
2057,-64.886773,-3.05753,0
2058,-64.887422,-3.056443,0
2059,-64.8883,-3.05534,2
2060,-64.889015,-3.054267,2
2061,-64.889622,-3.053277,2
2062,-64.889673,-3.052442,2
2063,-64.89025,-3.051457,2
2064,-64.890867,-3.050497,2
2065,-64.891048,-3.049573,2
2066,-64.891713,-3.048729,2
2067,-64.891723,-3.047773,2
2068,-64.891909,-3.046988,2
2069,-64.892246,-3.046267,2
2070,-64.892355,-3.045263,2
2071,-64.891871,-3.045227,2
2072,-64.891565,-3.04448,2
2073,-64.891725,-3.044929,2
2074,-64.891571,-3.044587,2
2075,-64.891196,-3.044701,2
2076,-64.891612,-3.04517,2
2077,-64.89226,-3.044828,2
2078,-64.892763,-3.044519,2
2079,-64.89296,-3.044243,2
2080,-64.892723,-3.044656,2
2081,-64.89329,-3.044329,2
2082,-64.894062,-3.043939,2
2083,-64.8943,-3.043445,2
2084,-64.894845,-3.043171,2
2085,-64.895041,-3.043213,2
2086,-64.895343,-3.043506,2
2087,-64.895321,-3.043538,2
2088,-64.895218,-3.043293,2
2089,-64.89544,-3.043639,2
2090,-64.895417,-3.043561,2
2091,-64.89568,-3.043564,2
2092,-64.895816,-3.043128,2
2093,-64.895742,-3.042888,2
2094,-64.895856,-3.042863,2
2095,-64.895704,-3.043058,2
2096,-64.895994,-3.043026,2
2097,-64.895975,-3.042954,2
2098,-64.896001,-3.042805,2
2099,-64.895872,-3.04245,2
2100,-64.895536,-3.042609,2
2101,-64.895924,-3.04224,2
2102,-64.896202,-3.042143,2
2103,-64.89623,-3.042231,2
2104,-64.896218,-3.042461,2
2105,-64.895837,-3.042767,2
2106,-64.896235,-3.042742,2
2107,-64.896218,-3.042966,2
2108,-64.896115,-3.043372,2
2109,-64.896086,-3.044163,2
2110,-64.895769,-3.044721,2
2111,-64.895954,-3.045162,2
2112,-64.895938,-3.045147,2
2113,-64.895571,-3.045095,2
2114,-64.895337,-3.045468,2
2115,-64.894578,-3.045679,2
2116,-64.894609,-3.045933,2
2117,-64.894351,-3.046344,2
2118,-64.89404,-3.046772,2
2119,-64.893803,-3.047352,2
2120,-64.89336,-3.047984,2
2121,-64.89316,-3.048305,2
2122,-64.892676,-3.04859,2
2123,-64.892267,-3.049225,2
2124,-64.891869,-3.049893,2
2125,-64.891347,-3.05062,2
2126,-64.891014,-3.051129,2
2127,-64.890608,-3.051799,2
2128,-64.890026,-3.052385,2
2129,-64.889376,-3.053196,2
2130,-64.88861,-3.054217,2
2131,-64.888378,-3.055024,2
2132,-64.887933,-3.055667,0
2133,-64.887435,-3.056684,0
2134,-64.886851,-3.057455,0
2135,-64.886307,-3.058504,0
2136,-64.886172,-3.059355,0
2137,-64.885596,-3.060438,0
2138,-64.884802,-3.061699,0
2139,-64.884058,-3.06248,0
2140,-64.882858,-3.063711,0
2141,-64.882604,-3.064652,0
2142,-64.881978,-3.06556,0
2143,-64.881311,-3.066594,0
2144,-64.880674,-3.067664,0
2145,-64.879993,-3.068439,0
2146,-64.87943,-3.069185,0
2147,-64.878494,-3.069797,0
2148,-64.877926,-3.070973,0
2149,-64.877256,-3.072205,0
2150,-64.876098,-3.073246,0
2151,-64.875722,-3.074472,0
2152,-64.87494,-3.075631,0
2153,-64.874101,-3.076621,0
2154,-64.87327,-3.077507,0
2155,-64.871958,-3.078503,0
2156,-64.871592,-3.079345,0
2157,-64.87071,-3.08032,0
2158,-64.869839,-3.081891,0
2159,-64.868772,-3.083231,0
2160,-64.867571,-3.084296,0
2161,-64.86674,-3.085389,0
2162,-64.865827,-3.086684,0
2163,-64.864986,-3.087863,0
2164,-64.863571,-3.088785,0
2165,-64.862152,-3.090209,0
2166,-64.861616,-3.091438,0
2167,-64.86052,-3.092914,0
2168,-64.859294,-3.094662,0
2169,-64.857944,-3.095865,0
2170,-64.855962,-3.095826,0
2171,-64.856715,-3.094722,0
2172,-64.857739,-3.092937,0
2173,-64.858501,-3.091733,0
2174,-64.858996,-3.090412,0
2175,-64.860141,-3.088807,0
2176,-64.860821,-3.087682,0
2177,-64.861003,-3.086175,0
2178,-64.861603,-3.08491,0
2179,-64.86204,-3.084134,0
2180,-64.862828,-3.082725,0
2181,-64.863671,-3.0817,0
2182,-64.8644,-3.080908,0
2183,-64.864915,-3.080171,0
2184,-64.865034,-3.079431,0
2185,-64.865478,-3.078183,0
2186,-64.865859,-3.077151,0
2187,-64.866452,-3.076017,0
2188,-64.86679,-3.075352,0
2189,-64.867098,-3.074725,0
2190,-64.867646,-3.073573,0
2191,-64.867944,-3.072782,0
2192,-64.868271,-3.072096,0
2193,-64.868536,-3.071236,0
2194,-64.868541,-3.070771,0
2195,-64.869058,-3.070021,0
2196,-64.869402,-3.069356,0
2197,-64.869679,-3.06873,0
2198,-64.869909,-3.068003,0
2199,-64.869867,-3.067605,0
2200,-64.869933,-3.067053,0
2201,-64.869857,-3.066495,0
2202,-64.870118,-3.065839,0
2203,-64.870202,-3.065442,0
2204,-64.870116,-3.065125,0
2205,-64.870348,-3.064697,0
2206,-64.870401,-3.064165,0
2207,-64.870525,-3.063702,0
2208,-64.870461,-3.06267,0
2209,-64.87018,-3.062247,0
2210,-64.87026,-3.061936,0
2211,-64.870053,-3.061661,0
2212,-64.870133,-3.061099,0
2213,-64.869929,-3.060804,0
2214,-64.869279,-3.06088,0
2215,-64.868278,-3.060843,0
2216,-64.867262,-3.060744,0
2217,-64.866923,-3.060678,0
2218,-64.866216,-3.059986,0
2219,-64.865784,-3.06023,0
2220,-64.865094,-3.060555,0
2221,-64.864698,-3.061021,0
2222,-64.864622,-3.060776,0
2223,-64.864283,-3.060498,0
2224,-64.863225,-3.060704,0
2225,-64.8623,-3.060646,0
2226,-64.858194,-3.047747,0
2227,-64.859368,-3.046907,0
2228,-64.860202,-3.045957,0
2229,-64.860804,-3.045579,0
2230,-64.861328,-3.045205,0
2231,-64.862659,-3.045006,0
2232,-64.864422,-3.04385,0
2233,-64.865679,-3.042518,0
2234,-64.866345,-3.042141,0
2235,-64.86693,-3.041997,0
2236,-64.86777,-3.041676,0
2237,-64.868423,-3.041233,0
2238,-64.868916,-3.040857,0
2239,-64.869314,-3.040636,0
2240,-64.869264,-3.040502,0
2241,-64.870494,-3.039632,0
2242,-64.871241,-3.039199,0
2243,-64.872443,-3.038742,0
2244,-64.873225,-3.038516,0
2245,-64.873605,-3.038155,0
2246,-64.874408,-3.037406,0
2247,-64.875191,-3.036836,0
2248,-64.875743,-3.036098,0
2249,-64.876119,-3.035989,0
2250,-64.875952,-3.035374,0
2251,-64.87704,-3.035261,0
2252,-64.877828,-3.034945,0
2253,-64.878405,-3.034243,0
2254,-64.879109,-3.033843,0
2255,-64.879257,-3.033627,0
2256,-64.880016,-3.033115,0
2257,-64.880752,-3.032838,0
2258,-64.88094,-3.032189,0
2259,-64.881697,-3.032051,0
2260,-64.881902,-3.031457,0
2261,-64.882657,-3.03081,0
2262,-64.883339,-3.030828,2
2263,-64.883885,-3.03004,2
2264,-64.884302,-3.029641,2
2265,-64.884418,-3.029328,2
2266,-64.885031,-3.028937,2
2267,-64.885467,-3.028647,2
2268,-64.886012,-3.028128,2
2269,-64.886298,-3.027972,2
2270,-64.886462,-3.028385,2
2271,-64.887323,-3.028158,2
2272,-64.887816,-3.027937,2
2273,-64.887935,-3.027291,2
2274,-64.888222,-3.027133,2
2275,-64.888394,-3.026535,2
2276,-64.889209,-3.026263,2
2277,-64.889748,-3.025992,2
2278,-64.890185,-3.025515,2
2279,-64.890557,-3.025407,2
2280,-64.890538,-3.025237,2
2281,-64.891024,-3.025015,2
2282,-64.891438,-3.024377,2
2283,-64.89167,-3.024171,2
2284,-64.891971,-3.02372,2
2285,-64.89172,-3.023227,2
2286,-64.892264,-3.022813,2
2287,-64.892641,-3.022657,2
2288,-64.892715,-3.022413,2
2289,-64.893081,-3.02238,2
2290,-64.893243,-3.022033,2
2291,-64.894018,-3.021785,2
2292,-64.894571,-3.021498,2
2293,-64.894726,-3.021272,2
2294,-64.894964,-3.020775,2
2295,-64.894766,-3.020588,2
2296,-64.895117,-3.020275,2
2297,-64.895531,-3.020052,2
2298,-64.895771,-3.019873,2
2299,-64.896021,-3.019676,2
2300,-64.895707,-3.019778,2
2301,-64.896174,-3.019658,2
2302,-64.896083,-3.019357,2
2303,-64.896283,-3.019255,2
2304,-64.896487,-3.019075,2
2305,-64.896081,-3.018771,2
2306,-64.896333,-3.018675,2
2307,-64.896653,-3.018543,2
2308,-64.896876,-3.01805,2
2309,-64.896845,-3.018184,2
2310,-64.896579,-3.018485,2
2311,-64.896969,-3.018386,2
2312,-64.897181,-3.018422,2
2313,-64.897214,-3.018242,2
2314,-64.897236,-3.018297,2
2315,-64.897345,-3.018408,2
2316,-64.897665,-3.018307,2
2317,-64.898026,-3.018241,2
2318,-64.898007,-3.018056,2
2319,-64.897889,-3.018068,2
2320,-64.897833,-3.018398,2
2321,-64.89821,-3.018275,2
2322,-64.89862,-3.01841,2
2323,-64.898808,-3.018331,2
2324,-64.898651,-3.018414,2
2325,-64.898255,-3.018862,2
2326,-64.89843,-3.018705,2
2327,-64.898475,-3.018783,2
2328,-64.898266,-3.018981,2
2329,-64.898156,-3.019085,2
2330,-64.897946,-3.019163,2
2331,-64.898414,-3.019334,2
2332,-64.898218,-3.019052,2
2333,-64.898295,-3.019208,2
2334,-64.898139,-3.019625,2
2335,-64.897869,-3.019814,2
2336,-64.898358,-3.019907,2
2337,-64.898744,-3.020086,2
2338,-64.898701,-3.020182,2
2339,-64.898543,-3.020523,2
2340,-64.898539,-3.020769,2
2341,-64.898704,-3.020678,2
2342,-64.898458,-3.020719,2
2343,-64.8984,-3.020926,2
2344,-64.898001,-3.021253,2
2345,-64.897317,-3.021435,2
2346,-64.897452,-3.021647,2
2347,-64.897468,-3.021831,2
2348,-64.897271,-3.02201,2
2349,-64.896929,-3.021985,2
2350,-64.896534,-3.022612,2
2351,-64.896839,-3.023118,2
2352,-64.896976,-3.023196,2
2353,-64.896747,-3.023653,2
2354,-64.896456,-3.02401,2
2355,-64.896157,-3.024591,2
2356,-64.896339,-3.024808,2
2357,-64.896001,-3.025164,2
2358,-64.895937,-3.025786,2
2359,-64.895851,-3.025894,2
2360,-64.895193,-3.026398,2
2361,-64.895491,-3.026552,2
2362,-64.895542,-3.026946,2
2363,-64.895453,-3.02728,2
2364,-64.895133,-3.027558,2
2365,-64.894774,-3.028,2
2366,-64.894802,-3.028476,2
2367,-64.894752,-3.029053,2
2368,-64.894311,-3.029533,2
2369,-64.894087,-3.029937,2
2370,-64.893529,-3.030484,2
2371,-64.893511,-3.030726,2
2372,-64.893447,-3.031251,2
2373,-64.893486,-3.03162,2
2374,-64.893013,-3.031994,2
2375,-64.892833,-3.032563,2
2376,-64.892907,-3.03306,2
2377,-64.892551,-3.033296,2
2378,-64.892317,-3.033511,2
2379,-64.892305,-3.033705,2
2380,-64.891905,-3.03435,2
2381,-64.891945,-3.03466,2
2382,-64.891598,-3.035137,2
2383,-64.891257,-3.035186,2
2384,-64.890371,-3.035749,2
2385,-64.889689,-3.036319,2
2386,-64.889745,-3.036745,2
2387,-64.889506,-3.037225,2
2388,-64.889028,-3.037585,2
2389,-64.888727,-3.037964,2
2390,-64.887995,-3.038501,2
2391,-64.887962,-3.038779,0
2392,-64.887584,-3.039072,0
2393,-64.887337,-3.039736,0
2394,-64.886799,-3.0406,0
2395,-64.886268,-3.041255,0
2396,-64.886383,-3.041747,0
2397,-64.886298,-3.041957,0
2398,-64.886131,-3.042937,0
2399,-64.885747,-3.043089,0
2400,-64.885082,-3.043731,0
2401,-64.885309,-3.044198,0
2402,-64.884814,-3.044693,0
2403,-64.884441,-3.045573,2
2404,-64.883946,-3.046188,2
2405,-64.883513,-3.046644,2
2406,-64.883404,-3.047032,2
2407,-64.882926,-3.047815,2
2408,-64.882294,-3.048128,2
2409,-64.881866,-3.048755,2
2410,-64.881229,-3.049466,2
2411,-64.881205,-3.050098,2
2412,-64.880466,-3.050471,2
2413,-64.879812,-3.051322,2
2414,-64.87919,-3.052218,0
2415,-64.878466,-3.053165,0
2416,-64.878618,-3.053829,0
2417,-64.878204,-3.054416,0
2418,-64.877812,-3.055298,0
2419,-64.877152,-3.055791,0
2420,-64.876483,-3.056825,0
2421,-64.876169,-3.05766,0
2422,-64.875849,-3.058251,0
2423,-64.875267,-3.059373,0
2424,-64.874768,-3.060454,0
2425,-64.873989,-3.061466,0
2426,-64.873797,-3.062087,0
2427,-64.872992,-3.062804,0
2428,-64.872395,-3.063713,0
2429,-64.87185,-3.064603,0
2430,-64.870812,-3.065594,0
2431,-64.870425,-3.066134,0
2432,-64.869969,-3.066853,0
2433,-64.869215,-3.068342,0
2434,-64.868536,-3.068783,0
2435,-64.867351,-3.069799,0
2436,-64.866925,-3.070801,0
2437,-64.866479,-3.071862,0
2438,-64.86583,-3.072787,0
2439,-64.864731,-3.073708,0
2440,-64.863895,-3.074215,0
2441,-64.863409,-3.074454,0
2442,-64.862634,-3.075139,0
2443,-64.862006,-3.076387,0
2444,-64.861339,-3.077186,0
2445,-64.860711,-3.077975,0
2446,-64.860188,-3.078416,0
2447,-64.859739,-3.07899,0
2448,-64.85908,-3.080034,0
2449,-64.85785,-3.081117,0
2450,-64.857825,-3.081397,0
2451,-64.859134,-3.080494,0
2452,-64.860405,-3.079793,0
2453,-64.861462,-3.079341,0
2454,-64.861721,-3.07845,0
2455,-64.862838,-3.077757,0
2456,-64.863804,-3.077213,0
2457,-64.864772,-3.075983,0
2458,-64.86571,-3.074683,0
2459,-64.866175,-3.073887,0
2460,-64.866926,-3.073223,0
2461,-64.867738,-3.07232,0
2462,-64.868376,-3.071459,0
2463,-64.869239,-3.070636,0
2464,-64.869768,-3.069936,0
2465,-64.870591,-3.068918,0
2466,-64.871649,-3.068134,0
2467,-64.872175,-3.06736,0
2468,-64.873299,-3.066965,0
2469,-64.873728,-3.066515,0
2470,-64.874707,-3.065842,0
2471,-64.875324,-3.065233,0
2472,-64.875741,-3.064339,0
2473,-64.876652,-3.063772,0
2474,-64.877326,-3.063109,0
2475,-64.878326,-3.062461,0
2476,-64.87925,-3.062197,0
2477,-64.879811,-3.061539,0
2478,-64.88019,-3.060624,0
2479,-64.880663,-3.060302,0
2480,-64.881483,-3.059331,0
2481,-64.882323,-3.058655,0
2482,-64.883423,-3.058035,0
2483,-64.884295,-3.057436,0
2484,-64.884544,-3.056827,0
2485,-64.885301,-3.056095,0
2486,-64.886089,-3.055556,0
2487,-64.886456,-3.054767,2
2488,-64.886968,-3.054091,2
2489,-64.887275,-3.054076,2
2490,-64.887995,-3.053367,2
2491,-64.889181,-3.052788,2
2492,-64.889399,-3.052261,2
2493,-64.890079,-3.051954,2
2494,-64.890525,-3.051198,2
2495,-64.891182,-3.050561,2
2496,-64.891972,-3.049922,2
2497,-64.89279,-3.049625,2
2498,-64.893366,-3.049009,2
2499,-64.893805,-3.048148,2
2500,-64.894555,-3.047236,2
2501,-64.895118,-3.046817,2
2502,-64.895687,-3.046211,2
2503,-64.896106,-3.046012,2
2504,-64.896383,-3.045626,2
2505,-64.897354,-3.045133,2
2506,-64.897957,-3.044826,2
2507,-64.89835,-3.044045,2
2508,-64.898935,-3.043724,2
2509,-64.899035,-3.043334,2
2510,-64.900008,-3.042849,2
2511,-64.900611,-3.042078,2
2512,-64.901053,-3.041596,2
2513,-64.90159,-3.041741,2
2514,-64.901565,-3.041463,2
2515,-64.902156,-3.041314,2
2516,-64.902904,-3.040757,2
2517,-64.903588,-3.039943,2
2518,-64.90415,-3.039331,2
2519,-64.904384,-3.038959,2
2520,-64.905022,-3.038572,2
2521,-64.905532,-3.038357,2
2522,-64.905723,-3.038122,2
2523,-64.906301,-3.037914,2
2524,-64.906413,-3.037602,2
2525,-64.906903,-3.037487,2
2526,-64.907278,-3.037192,2
2527,-64.907666,-3.03685,2
2528,-64.90812,-3.036876,2
2529,-64.908546,-3.03689,2
2530,-64.909034,-3.036472,2
2531,-64.909458,-3.036151,2
2532,-64.909628,-3.035709,2
2533,-64.910224,-3.035502,2
2534,-64.910274,-3.035169,2
2535,-64.910716,-3.034939,2
2536,-64.911091,-3.034403,2
2537,-64.911575,-3.034145,2
2538,-64.911759,-3.033828,2
2539,-64.91211,-3.033734,2
2540,-64.912662,-3.033557,2
2541,-64.912914,-3.033018,2
2542,-64.913124,-3.032963,2
2543,-64.913675,-3.032825,2
2544,-64.914004,-3.032727,2
2545,-64.914251,-3.032389,2
2546,-64.914447,-3.032189,2
2547,-64.91475,-3.032038,2
2548,-64.915224,-3.031574,2
2549,-64.915278,-3.031486,2
2550,-64.915792,-3.031353,2
2551,-64.916279,-3.031191,2
2552,-64.916224,-3.031102,2
2553,-64.916801,-3.03095,2
2554,-64.917128,-3.030948,2
2555,-64.917568,-3.030966,2
2556,-64.917653,-3.030929,2
2557,-64.917733,-3.031047,2
2558,-64.91817,-3.030917,2
2559,-64.918214,-3.031084,2
2560,-64.918586,-3.030911,2
2561,-64.918946,-3.030704,2
2562,-64.919123,-3.030736,2
2563,-64.919343,-3.030547,2
2564,-64.919263,-3.030428,2
2565,-64.919646,-3.030286,2
2566,-64.919883,-3.030234,2
2567,-64.919793,-3.030197,2
2568,-64.920184,-3.030512,2
2569,-64.920137,-3.030456,2
2570,-64.920397,-3.030508,2
2571,-64.920555,-3.030663,2
2572,-64.92061,-3.030581,2
2573,-64.920836,-3.030686,2
2574,-64.920924,-3.030881,2
2575,-64.921045,-3.030849,2
2576,-64.921113,-3.03094,2
2577,-64.921156,-3.031129,2
2578,-64.9214,-3.03098,2
2579,-64.921311,-3.030959,2
2580,-64.921507,-3.031137,2
2581,-64.921884,-3.031148,2
2582,-64.921916,-3.031371,2
2583,-64.922111,-3.031208,2
2584,-64.922213,-3.031367,2
2585,-64.922408,-3.031769,2
2586,-64.922307,-3.031571,2
2587,-64.922268,-3.031505,2
2588,-64.922316,-3.03151,2
2589,-64.921994,-3.031583,2
2590,-64.92203,-3.032266,2
2591,-64.922173,-3.032252,2
2592,-64.922157,-3.032385,2
2593,-64.922203,-3.032662,2
2594,-64.922011,-3.032763,2
2595,-64.922298,-3.033143,2
2596,-64.922226,-3.033133,2
2597,-64.922085,-3.033327,2
2598,-64.922241,-3.033357,2
2599,-64.921857,-3.033621,2
2600,-64.921816,-3.033772,2
2601,-64.921916,-3.034032,2
2602,-64.921445,-3.034274,2
2603,-64.921714,-3.034688,2
2604,-64.921481,-3.03494,2
2605,-64.921348,-3.035263,2
2606,-64.921231,-3.035782,2
2607,-64.920951,-3.036425,2
2608,-64.920947,-3.036683,2
2609,-64.920922,-3.036822,2
2610,-64.920881,-3.037307,2
2611,-64.920855,-3.03759,2
2612,-64.920587,-3.037837,2
2613,-64.920679,-3.038105,2
2614,-64.920808,-3.038152,2
2615,-64.920987,-3.038538,2
2616,-64.920853,-3.039044,2
2617,-64.920727,-3.039377,2
2618,-64.920783,-3.039477,2
2619,-64.920552,-3.039934,2
2620,-64.920437,-3.040363,2
2621,-64.919998,-3.040296,2
2622,-64.919795,-3.040717,2
2623,-64.919674,-3.040985,2
2624,-64.919485,-3.041712,2
2625,-64.919262,-3.04225,2
2626,-64.919028,-3.042467,2
2627,-64.918505,-3.043158,2
2628,-64.918489,-3.043698,2
2629,-64.918139,-3.044138,2
2630,-64.917958,-3.045085,2
2631,-64.917552,-3.045342,2
2632,-64.917051,-3.04588,2
2633,-64.916906,-3.04641,2
2634,-64.916587,-3.046812,2
2635,-64.916392,-3.047106,2
2636,-64.9162,-3.047651,2
2637,-64.915543,-3.048275,2
2638,-64.915547,-3.048617,2
2639,-64.915009,-3.04871,2
2640,-64.914951,-3.049412,2
2641,-64.914636,-3.04997,2
2642,-64.914057,-3.050539,2
2643,-64.91399,-3.050692,2
2644,-64.913715,-3.051285,2
2645,-64.913607,-3.051845,2
2646,-64.912805,-3.052426,2
2647,-64.912192,-3.053182,2
2648,-64.912078,-3.053362,2
2649,-64.911441,-3.053599,2
2650,-64.911157,-3.054333,2
2651,-64.910748,-3.055211,2
2652,-64.910375,-3.055723,2
2653,-64.910182,-3.056519,2
2654,-64.909637,-3.05723,2
2655,-64.90929,-3.05818,2
2656,-64.90914,-3.058705,2
2657,-64.908354,-3.059347,2
2658,-64.908185,-3.05974,2
2659,-64.907722,-3.060226,2
2660,-64.907144,-3.061293,2
2661,-64.906616,-3.061827,2
2662,-64.906077,-3.062505,2
2663,-64.906016,-3.063361,2
2664,-64.905293,-3.064344,0
2665,-64.904637,-3.065069,0
2666,-64.903798,-3.065767,0
2667,-64.903031,-3.066468,0
2668,-64.903232,-3.067222,0
2669,-64.90277,-3.067765,0
2670,-64.90236,-3.068515,0
2671,-64.901715,-3.069567,0
2672,-64.900999,-3.070584,0
2673,-64.900755,-3.070845,0
2674,-64.899835,-3.071353,0
2675,-64.899291,-3.072087,0
2676,-64.898555,-3.072685,0
2677,-64.897723,-3.073557,0
2678,-64.897341,-3.073873,0
2679,-64.897006,-3.074367,0
2680,-64.896399,-3.075139,0
2681,-64.89556,-3.075935,0
2682,-64.893987,-3.07811,0
2683,-64.894476,-3.077155,0
2684,-64.894684,-3.076173,0
2685,-64.894447,-3.075421,0
2686,-64.894054,-3.07472,0
2687,-64.894392,-3.073849,0
2688,-64.894664,-3.073188,0
2689,-64.894459,-3.072468,0
2690,-64.894189,-3.071908,0
2691,-64.893816,-3.071444,0
2692,-64.893541,-3.070934,0
2693,-64.893468,-3.070482,0
2694,-64.893029,-3.069969,0
2695,-64.892941,-3.069477,0
2696,-64.892398,-3.06919,0
2697,-64.892633,-3.068509,0
2698,-64.892706,-3.06832,0
2699,-64.892684,-3.067443,0
2700,-64.892696,-3.067115,0
2701,-64.892094,-3.066936,0
2702,-64.891976,-3.066153,0
2703,-64.891718,-3.065861,0
2704,-64.891452,-3.06524,0
2705,-64.891382,-3.064873,0
2706,-64.890543,-3.064344,0
2707,-64.890394,-3.063828,0
2708,-64.889853,-3.063364,0
2709,-64.889496,-3.062803,0
2710,-64.889299,-3.062656,0
2711,-64.888586,-3.062483,0
2712,-64.8882,-3.062217,0
2713,-64.887834,-3.061745,0
2714,-64.887393,-3.061443,0
2715,-64.887064,-3.061267,0
2716,-64.886319,-3.061273,0
2717,-64.885915,-3.061144,0
2718,-64.885475,-3.060975,0
2719,-64.884939,-3.060986,0
2720,-64.884539,-3.060798,0
2721,-64.883743,-3.061024,0
2722,-64.883104,-3.061247,0
2723,-64.882368,-3.061407,0
2724,-64.881698,-3.061227,0
2725,-64.881323,-3.061192,0
2726,-64.880531,-3.061281,0
2727,-64.880157,-3.061252,0
2728,-64.879615,-3.061433,0
2729,-64.879014,-3.061329,0
2730,-64.878702,-3.061827,0
2731,-64.877819,-3.061939,0
2732,-64.877399,-3.062178,0
2733,-64.876563,-3.062747,0
2734,-64.875486,-3.063213,0
2735,-64.874867,-3.06384,0
2736,-64.874021,-3.064188,0
2737,-64.873429,-3.064728,0
2738,-64.872438,-3.064992,0
2739,-64.871342,-3.065419,0
2740,-64.870785,-3.06596,0
2741,-64.869409,-3.066602,0
2742,-64.868428,-3.067227,0
2743,-64.867415,-3.067548,0
2744,-64.866307,-3.067901,0
2745,-64.865362,-3.068437,0
2746,-64.864114,-3.06887,0
2747,-64.863206,-3.069641,0
2748,-64.862164,-3.070042,0
2749,-64.860757,-3.070592,0
2750,-64.859448,-3.071331,0
2751,-64.858479,-3.071787,0
2752,-64.857534,-3.072635,0
2753,-64.856362,-3.073152,0
2754,-64.855316,-3.073782,0
2755,-64.854292,-3.074188,0
2756,-64.853158,-3.074129,0
2757,-64.851808,-3.074532,0
2758,-64.850246,-3.075594,0
2759,-64.848557,-3.076557,0
2760,-64.847542,-3.076888,0
2761,-64.84611,-3.077523,0
2762,-64.844868,-3.07834,0
2763,-64.843594,-3.078954,6
2764,-64.841945,-3.079713,6
2765,-64.840831,-3.080167,6
2766,-64.839777,-3.081181,6
2767,-64.838486,-3.082351,6
2768,-64.837311,-3.083005,6
2769,-64.844561,-3.081247,0
2770,-64.845431,-3.080006,0
2771,-64.846118,-3.079328,0
2772,-64.846621,-3.078911,0
2773,-64.84713,-3.078356,0
2774,-64.847725,-3.077535,0
2775,-64.84846,-3.076941,0
2776,-64.849302,-3.07588,0
2777,-64.85004,-3.075408,0
2778,-64.8505,-3.075071,0
2779,-64.851178,-3.074338,0
2780,-64.851989,-3.073492,0
2781,-64.852883,-3.072614,0
2782,-64.853771,-3.072154,0
2783,-64.854389,-3.071879,0
2784,-64.85519,-3.071335,0
2785,-64.85594,-3.070579,0
2786,-64.8565,-3.069722,0
2787,-64.856721,-3.069105,0
2788,-64.856877,-3.068619,0
2789,-64.85763,-3.06752,0
2790,-64.85863,-3.066737,0
2791,-64.859187,-3.065805,0
2792,-64.859888,-3.065193,0
2793,-64.859828,-3.064457,0
2794,-64.860349,-3.063437,0
2795,-64.86121,-3.06264,0
2796,-64.861534,-3.061841,0
2797,-64.861956,-3.061619,0
2798,-64.862112,-3.060957,0
2799,-64.862655,-3.059783,0
2800,-64.863127,-3.059275,0
2801,-64.863435,-3.058396,0
2802,-64.864048,-3.058157,0
2803,-64.864264,-3.057498,0
2804,-64.865501,-3.05668,0
2805,-64.865914,-3.055799,0
2806,-64.866227,-3.05518,0
2807,-64.866637,-3.054827,0
2808,-64.86663,-3.054191,0
2809,-64.867344,-3.053735,0
2810,-64.8679,-3.053129,0
2811,-64.86823,-3.052304,0
2812,-64.868814,-3.051999,0
2813,-64.869025,-3.051591,0
2814,-64.869687,-3.051044,0
2815,-64.870344,-3.05039,0
2816,-64.870859,-3.049855,0
2817,-64.871148,-3.049526,0
2818,-64.871539,-3.049308,0
2819,-64.872107,-3.04884,0
2820,-64.872806,-3.048145,0
2821,-64.873132,-3.047467,0
2822,-64.873518,-3.046789,0
2823,-64.873714,-3.04604,0
2824,-64.874689,-3.045518,0
2825,-64.875127,-3.045372,0
2826,-64.875218,-3.04493,0
2827,-64.875668,-3.044633,0
2828,-64.87584,-3.044208,0
2829,-64.875943,-3.043922,0
2830,-64.876362,-3.043754,0
2831,-64.876819,-3.043134,0
2832,-64.877252,-3.042786,0
2833,-64.877259,-3.041919,0
2834,-64.877897,-3.040986,0
2835,-64.878207,-3.040715,0
2836,-64.878387,-3.040417,0
2837,-64.878524,-3.040303,0
2838,-64.878851,-3.040185,0
2839,-64.879254,-3.039837,0
2840,-64.879629,-3.03908,0
2841,-64.879892,-3.038524,0
2842,-64.879871,-3.037974,0
2843,-64.880037,-3.037931,0
2844,-64.88044,-3.037538,0
2845,-64.881162,-3.037309,0
2846,-64.881491,-3.037344,0
2847,-64.881589,-3.036832,0
2848,-64.882025,-3.03659,0
2849,-64.882648,-3.036235,0
2850,-64.882955,-3.036203,0
2851,-64.883227,-3.035771,0
2852,-64.883498,-3.035613,0
2853,-64.883489,-3.035288,0
2854,-64.883994,-3.034871,0
2855,-64.884443,-3.034697,0
2856,-64.88459,-3.034309,0
2857,-64.884777,-3.034345,0
2858,-64.884789,-3.03421,0
2859,-64.885065,-3.034016,0
2860,-64.88544,-3.033828,0
2861,-64.88549,-3.033573,0
2862,-64.885548,-3.033501,0
2863,-64.885479,-3.033338,0
2864,-64.885649,-3.0331,2
2865,-64.885759,-3.03311,2
2866,-64.885566,-3.032704,2
2867,-64.885621,-3.032544,2
2868,-64.885587,-3.032483,2
2869,-64.885721,-3.032186,2
2870,-64.885683,-3.03184,2
2871,-64.885761,-3.031525,2
2872,-64.885599,-3.031509,2
2873,-64.885677,-3.031354,2
2874,-64.886188,-3.031211,2
2875,-64.88637,-3.031062,2
2876,-64.886273,-3.030758,2
2877,-64.886272,-3.03089,2
2878,-64.886487,-3.03084,2
2879,-64.886851,-3.030473,2
2880,-64.887213,-3.030585,2
2881,-64.887111,-3.03009,2
2882,-64.887227,-3.030071,2
2883,-64.887193,-3.030006,2
2884,-64.887456,-3.029942,2
2885,-64.887533,-3.029806,2
2886,-64.88754,-3.029896,2
2887,-64.88748,-3.029924,2
2888,-64.887606,-3.029878,2
2889,-64.887684,-3.02966,2
2890,-64.887799,-3.029809,2
2891,-64.887657,-3.02954,2
2892,-64.887576,-3.029435,2
2893,-64.887507,-3.029381,2
2894,-64.887531,-3.029258,2
2895,-64.887428,-3.02942,2
2896,-64.887308,-3.029433,2
2897,-64.886981,-3.029471,2
2898,-64.886717,-3.029673,2
2899,-64.887091,-3.029617,2
2900,-64.887287,-3.02979,2
2901,-64.887042,-3.029539,2
2902,-64.886771,-3.029635,2
2903,-64.886815,-3.029824,2
2904,-64.886722,-3.029758,2
2905,-64.886515,-3.029909,2
2906,-64.886481,-3.030081,2
2907,-64.886015,-3.030311,2
2908,-64.886315,-3.030221,2
2909,-64.886335,-3.030248,2
2910,-64.886119,-3.03056,2
2911,-64.885976,-3.030665,2
2912,-64.885712,-3.031039,2
2913,-64.88583,-3.03086,2
2914,-64.885931,-3.030599,2
2915,-64.886075,-3.030764,2
2916,-64.885652,-3.031217,2
2917,-64.885377,-3.031376,2
2918,-64.88543,-3.031684,2
2919,-64.885283,-3.031854,2
2920,-64.885171,-3.032054,2
2921,-64.88474,-3.032191,2
2922,-64.884754,-3.03216,2
2923,-64.884627,-3.032316,0
2924,-64.884607,-3.032168,2
2925,-64.88453,-3.032678,0
2926,-64.884393,-3.032745,0
2927,-64.884097,-3.033064,0
2928,-64.883983,-3.033054,0
2929,-64.883774,-3.033197,0
2930,-64.883476,-3.033503,0
2931,-64.883087,-3.033894,0
2932,-64.882575,-3.034091,0
2933,-64.882518,-3.034489,0
2934,-64.882409,-3.034692,0
2935,-64.881977,-3.035067,0
2936,-64.881585,-3.035267,0
2937,-64.881095,-3.035756,0
2938,-64.880896,-3.035836,0
2939,-64.880752,-3.036171,0
2940,-64.880786,-3.036586,0
2941,-64.88017,-3.03692,0
2942,-64.879578,-3.037063,0
2943,-64.8793,-3.037299,0
2944,-64.879014,-3.03789,0
2945,-64.878902,-3.038301,0
2946,-64.878632,-3.038552,0
2947,-64.878335,-3.039129,0
2948,-64.878076,-3.039642,0
2949,-64.878031,-3.039937,0
2950,-64.877616,-3.040441,0
2951,-64.877379,-3.040916,0
2952,-64.876943,-3.041459,0
2953,-64.876582,-3.041813,0
2954,-64.876466,-3.042136,0
2955,-64.876282,-3.04234,0
2956,-64.875658,-3.042738,0
2957,-64.875096,-3.043342,0
2958,-64.874847,-3.043788,0
2959,-64.874649,-3.044103,0
2960,-64.874447,-3.044743,0
2961,-64.873876,-3.044832,0
2962,-64.873038,-3.045257,0
2963,-64.872485,-3.045392,0
2964,-64.872161,-3.045724,0
2965,-64.871775,-3.046225,0
2966,-64.871368,-3.046813,0
2967,-64.870607,-3.047301,0
2968,-64.870255,-3.047728,0
2969,-64.869882,-3.047945,0
2970,-64.869542,-3.048508,0
2971,-64.869126,-3.049279,0
2972,-64.86865,-3.049776,0
2973,-64.868702,-3.050125,0
2974,-64.868281,-3.050753,0
2975,-64.868028,-3.051415,0
2976,-64.867554,-3.05163,0
2977,-64.867081,-3.052142,0
2978,-64.867114,-3.052585,0
2979,-64.866801,-3.052996,0
2980,-64.866432,-3.05358,0
2981,-64.865949,-3.053948,0
2982,-64.865203,-3.054396,0
2983,-64.864973,-3.054638,0
2984,-64.864701,-3.055167,0
2985,-64.863968,-3.055948,0
2986,-64.863454,-3.05644,0
2987,-64.862734,-3.057455,0
2988,-64.862283,-3.057796,0
2989,-64.861692,-3.058198,0
2990,-64.861179,-3.058984,0
2991,-64.860466,-3.05969,0
2992,-64.859419,-3.060483,0
2993,-64.859198,-3.061,0
2994,-64.858501,-3.061326,0
2995,-64.8578,-3.062621,0
2996,-64.857127,-3.063295,0
2997,-64.856601,-3.063906,0
2998,-64.856297,-3.064263,0
2999,-64.85583,-3.065162,0
3000,-64.855277,-3.065985,0
3001,-64.854918,-3.066621,0
3002,-64.85439,-3.067656,0
3003,-64.854129,-3.068362,0
3004,-64.853264,-3.069202,0
3005,-64.852679,-3.070204,0
3006,-64.851756,-3.071132,0
3007,-64.850853,-3.071726,0
3008,-64.850542,-3.072422,0
3009,-64.849958,-3.072862,0
3010,-64.849414,-3.073654,0
3011,-64.848727,-3.07469,0
3012,-64.848003,-3.075734,0
3013,-64.847775,-3.076406,0
3014,-64.846947,-3.077364,0
3015,-64.846324,-3.078249,0
3016,-64.845743,-3.079237,0
3017,-64.844893,-3.079997,0
3018,-64.844572,-3.080463,0
3019,-64.844013,-3.08135,6
3020,-64.843363,-3.082116,0
3021,-64.842516,-3.083451,0
3022,-64.841777,-3.084389,0
3023,-64.841404,-3.085208,0
3024,-64.840852,-3.0859,0
3025,-64.840357,-3.087143,0
3026,-64.839522,-3.087921,0
3027,-64.838349,-3.088365,6
3028,-64.837946,-3.088925,6
3029,-64.836888,-3.089953,6
3030,-64.835927,-3.091029,6
3031,-64.834676,-3.091785,6
3032,-64.835205,-3.091881,6
3033,-64.836612,-3.0911,6
3034,-64.837943,-3.090199,6
3035,-64.839053,-3.089641,6
3036,-64.839805,-3.089248,6
3037,-64.841177,-3.088462,0
3038,-64.842148,-3.087608,0
3039,-64.842818,-3.086893,0
3040,-64.843534,-3.08624,0
3041,-64.843589,-3.086055,0
3042,-64.84441,-3.085428,0
3043,-64.844897,-3.085208,0
3044,-64.845167,-3.085024,0
3045,-64.845271,-3.084739,0
3046,-64.84515,-3.084944,0
3047,-64.845522,-3.084962,0
3048,-64.845593,-3.085111,0
3049,-64.846109,-3.085715,0
3050,-64.84602,-3.086039,0
3051,-64.851901,-3.083265,0
3052,-64.853589,-3.081639,0
3053,-64.854833,-3.08017,0
3054,-64.856721,-3.079251,0
3055,-64.857984,-3.078233,0
3056,-64.859529,-3.077058,0
3057,-64.861164,-3.076046,0
3058,-64.862534,-3.074587,0
3059,-64.864092,-3.073701,0
3060,-64.864994,-3.072975,0
3061,-64.866365,-3.071991,0
3062,-64.867987,-3.071142,0
3063,-64.869404,-3.070103,0
3064,-64.870688,-3.069522,0
3065,-64.871357,-3.069039,0
3066,-64.872559,-3.068506,0
3067,-64.873999,-3.067734,0
3068,-64.875114,-3.066801,0
3069,-64.876319,-3.066313,0
3070,-64.87686,-3.065644,0
3071,-64.87788,-3.064873,0
3072,-64.879126,-3.064287,0
3073,-64.88012,-3.063819,0
3074,-64.88092,-3.063707,0
3075,-64.881525,-3.063295,0
3076,-64.882497,-3.06288,0
3077,-64.883634,-3.062416,0
3078,-64.884404,-3.062064,0
3079,-64.885114,-3.061911,0
3080,-64.88581,-3.061929,0
3081,-64.886517,-3.061641,0
3082,-64.887573,-3.061432,0
3083,-64.887914,-3.061191,0
3084,-64.888699,-3.061129,0
3085,-64.889008,-3.060994,0
3086,-64.889648,-3.061188,0
3087,-64.890564,-3.060962,0
3088,-64.89128,-3.060722,0
3089,-64.8918,-3.061045,0
3090,-64.89222,-3.061143,0
3091,-64.892397,-3.061468,0
3092,-64.893069,-3.061097,0
3093,-64.89362,-3.061097,0
3094,-64.894032,-3.061691,0
3095,-64.893991,-3.061893,0
3096,-64.893802,-3.062301,0
3097,-64.894704,-3.06155,0
3098,-64.895183,-3.060655,0
3099,-64.895882,-3.059957,0
3100,-64.896141,-3.059288,0
3101,-64.896841,-3.058293,2
3102,-64.897706,-3.057182,2
3103,-64.89863,-3.055696,2
3104,-64.899527,-3.055101,2
3105,-64.899933,-3.054468,2
3106,-64.900834,-3.053832,2
3107,-64.901637,-3.05302,2
3108,-64.902408,-3.051775,2
3109,-64.903325,-3.050996,2
3110,-64.903534,-3.05039,2
3111,-64.904704,-3.048962,2
3112,-64.905944,-3.048179,2
3113,-64.906377,-3.047425,2
3114,-64.906799,-3.046511,2
3115,-64.90717,-3.045702,2
3116,-64.907846,-3.044763,2
3117,-64.908841,-3.043782,2
3118,-64.909556,-3.042452,2
3119,-64.910126,-3.041844,2
3120,-64.910289,-3.041328,2
3121,-64.911028,-3.040475,2
3122,-64.911527,-3.039084,2
3123,-64.911817,-3.038126,2
3124,-64.912238,-3.037578,2
3125,-64.912777,-3.036899,2
3126,-64.913902,-3.035834,2
3127,-64.914912,-3.034832,2
3128,-64.915614,-3.033783,2
3129,-64.916104,-3.033206,2
3130,-64.916439,-3.032383,2
3131,-64.917522,-3.031562,2
3132,-64.918055,-3.030899,2
3133,-64.918724,-3.029912,2
3134,-64.919327,-3.029231,2
3135,-64.919451,-3.028238,2
3136,-64.920166,-3.027502,2
3137,-64.921164,-3.02644,2
3138,-64.92172,-3.025449,2
3139,-64.922312,-3.024832,2
3140,-64.922908,-3.024105,2
3141,-64.923742,-3.023573,2
3142,-64.924447,-3.022954,2
3143,-64.924898,-3.021905,2
3144,-64.925427,-3.021085,2
3145,-64.925439,-3.020502,2
3146,-64.926264,-3.019674,2
3147,-64.926985,-3.019155,2
3148,-64.927776,-3.017957,2
3149,-64.928692,-3.017077,2
3150,-64.929037,-3.016388,2
3151,-64.930216,-3.015725,2
3152,-64.930887,-3.014778,2
3153,-64.93175,-3.013792,2
3154,-64.932788,-3.012877,2
3155,-64.932795,-3.011859,2
3156,-64.933358,-3.011252,2
3157,-64.934256,-3.010264,2
3158,-64.935153,-3.009484,2
3159,-64.935984,-3.008968,2
3160,-64.936267,-3.007874,2
3161,-64.937193,-3.006985,2
3162,-64.938002,-3.006286,2
3163,-64.938348,-3.005334,2
3164,-64.939005,-3.004993,2
3165,-64.938835,-3.0042,2
3166,-64.93933,-3.00319,2
3167,-64.940118,-3.002135,2
3168,-64.94085,-3.001113,2
3169,-64.941296,-3.000237,2
3170,-64.941814,-2.999364,2
3171,-64.942506,-2.99879,2
3172,-64.943177,-2.998062,2
3173,-64.94391,-2.997502,2
3174,-64.944412,-2.996724,2
3175,-64.944953,-2.995878,2
3176,-64.946049,-2.995002,2
3177,-64.946738,-2.99417,2
3178,-64.947137,-2.993323,2
3179,-64.947938,-2.992098,5
3180,-64.947891,-2.99149,5
3181,-64.948528,-2.99103,5
3182,-64.949066,-2.990576,5
3183,-64.949251,-2.9893,5
3184,-64.950107,-2.988515,5
3185,-64.950545,-2.988211,5
3186,-64.951636,-2.987519,5
3187,-64.952692,-2.986481,5
3188,-64.953475,-2.985927,5
3189,-64.954269,-2.985402,5
3190,-64.95427,-2.985027,5
3191,-64.95489,-2.9841,5
3192,-64.95571,-2.983081,5
3193,-64.956145,-2.981919,5
3194,-64.956722,-2.981378,5
3195,-64.95686,-2.980644,5
3196,-64.957617,-2.979732,5
3197,-64.958077,-2.979099,5
3198,-64.95867,-2.978399,5
3199,-64.959073,-2.977703,5
3200,-64.959169,-2.976942,5
3201,-64.959997,-2.976012,5
3202,-64.960669,-2.975131,5
3203,-64.961247,-2.974643,5
3204,-64.961758,-2.974322,5
3205,-64.96186,-2.97372,5
3206,-64.962756,-2.972924,5
3207,-64.963635,-2.972366,5
3208,-64.96429,-2.971885,5
3209,-64.964874,-2.971006,5
3210,-64.965033,-2.970449,5
3211,-64.965651,-2.969621,5
3212,-64.966143,-2.968754,5
3213,-64.966542,-2.968274,5
3214,-64.967014,-2.967469,5
3215,-64.967258,-2.966931,5
3216,-64.968413,-2.966358,5
3217,-64.969171,-2.965431,5
3218,-64.969871,-2.964537,5
3219,-64.970049,-2.964009,5
3220,-64.970352,-2.963267,5
3221,-64.971291,-2.962498,5
3222,-64.972001,-2.961907,5
3223,-64.972527,-2.960947,5
3224,-64.973065,-2.960449,5
3225,-64.973166,-2.960085,5
3226,-64.974194,-2.959079,5
3227,-64.974823,-2.958547,5
3228,-64.975405,-2.957882,5
3229,-64.976079,-2.957442,5
3230,-64.976384,-2.957155,5
3231,-64.976861,-2.956496,5
3232,-64.977654,-2.956009,5
3233,-64.978245,-2.955028,5
3234,-64.978692,-2.954553,5
3235,-64.97904,-2.954004,5
3236,-64.979855,-2.953197,5
3237,-64.980476,-2.952808,5
3238,-64.981053,-2.952063,5
3239,-64.98153,-2.951643,5
3240,-64.981667,-2.95097,5
3241,-64.982524,-2.950008,5
3242,-64.982863,-2.949432,5
3243,-64.983287,-2.948467,5
3244,-64.983903,-2.948029,5
3245,-64.984029,-2.947112,5
3246,-64.984276,-2.946726,5
3247,-64.98473,-2.946112,5
3248,-64.985233,-2.945425,5
3249,-64.985395,-2.94505,5
3250,-64.985628,-2.944327,5
3251,-64.986346,-2.943734,5
3252,-64.986672,-2.942934,5
3253,-64.987089,-2.942251,5
3254,-64.987725,-2.941863,5
3255,-64.987963,-2.94146,5
3256,-64.988766,-2.940899,5
3257,-64.989293,-2.940331,5
3258,-64.989956,-2.939703,5
3259,-64.990499,-2.93885,5
3260,-64.990654,-2.938105,5
3261,-64.991355,-2.937399,5
3262,-64.991898,-2.93678,7
3263,-64.992159,-2.935903,7
3264,-64.992559,-2.935362,7
3265,-64.99284,-2.93504,7
3266,-64.993416,-2.934566,7
3267,-64.99406,-2.933735,7
3268,-64.994268,-2.93331,7
3269,-64.99487,-2.932711,7
3270,-64.995012,-2.932152,7
3271,-64.995644,-2.931495,7
3272,-64.996362,-2.93091,7
3273,-64.996958,-2.930325,7
3274,-64.997306,-2.930029,7
3275,-64.997441,-2.929843,7
3276,-64.998073,-2.929493,7
3277,-64.998533,-2.929105,7
3278,-64.999205,-2.928411,7
3279,-64.999616,-2.927893,7
3280,-64.999534,-2.927665,7
3281,-65.000004,-2.927154,7
3282,-65.000492,-2.926559,7
3283,-65.000945,-2.925727,7
3284,-65.001634,-2.925152,7
3285,-65.001796,-2.924854,7
3286,-65.002253,-2.924164,7
3287,-65.002558,-2.92379,7
3288,-65.002809,-2.923062,7
3289,-65.003224,-2.922863,7
3290,-65.003358,-2.922784,7
3291,-65.004302,-2.922231,7
3292,-65.004779,-2.921707,7
3293,-65.005105,-2.920723,7
3294,-65.005645,-2.920212,7
3295,-65.005837,-2.919762,7
3296,-65.006208,-2.919183,7
3297,-65.006848,-2.918938,7
3298,-65.007173,-2.918149,7
3299,-65.007713,-2.917644,7
3300,-65.007845,-2.91729,7
3301,-65.008421,-2.916891,7
3302,-65.008668,-2.915897,7
3303,-65.009099,-2.915531,7
3304,-65.009676,-2.914907,7
3305,-65.009822,-2.91424,7
3306,-65.010161,-2.913817,7
3307,-65.010456,-2.913016,7
3308,-65.010948,-2.91261,7
3309,-65.011374,-2.912058,7
3310,-65.011789,-2.911606,7
3311,-65.012311,-2.910514,7
3312,-65.012875,-2.909839,7
3313,-65.013413,-2.90895,7
3314,-65.014033,-2.908594,7
3315,-65.014121,-2.908127,7
3316,-65.014598,-2.907507,7
3317,-65.015037,-2.906991,7
3318,-65.015486,-2.906484,7
3319,-65.016053,-2.906333,7
3320,-65.016221,-2.906118,7
3321,-65.016727,-2.905796,7
3322,-65.01676,-2.905187,7
3323,-65.017034,-2.904696,7
3324,-65.017626,-2.904319,7
3325,-65.017569,-2.904172,7
3326,-65.018012,-2.903468,7
3327,-65.018364,-2.902993,7
3328,-65.018798,-2.902819,7
3329,-65.019373,-2.90222,7
3330,-65.019393,-2.901535,7
3331,-65.019962,-2.900564,7
3332,-65.020576,-2.899731,7
3333,-65.020988,-2.899194,7
3334,-65.021234,-2.898776,7
3335,-65.021232,-2.898508,7
3336,-65.021739,-2.898091,7
3337,-65.022185,-2.897725,7
3338,-65.022689,-2.897099,7
3339,-65.02323,-2.896656,7
3340,-65.023334,-2.896299,7
3341,-65.023699,-2.895811,7
3342,-65.024357,-2.895601,7
3343,-65.024736,-2.894964,7
3344,-65.024984,-2.894363,7
3345,-65.025468,-2.893832,7
3346,-65.025881,-2.893382,7
3347,-65.026365,-2.892896,7
3348,-65.027018,-2.892468,7
3349,-65.027565,-2.891877,7
3350,-65.027845,-2.891565,7
3351,-65.028319,-2.891049,7
3352,-65.028673,-2.890255,7
3353,-65.02899,-2.889646,7
3354,-65.029188,-2.889236,7
3355,-65.029407,-2.888599,7
3356,-65.029988,-2.888023,7
3357,-65.030321,-2.887783,7
3358,-65.030616,-2.887346,7
3359,-65.030984,-2.887046,7
3360,-65.031011,-2.88694,7
3361,-65.0315,-2.886661,7
3362,-65.031876,-2.885993,7
3363,-65.032515,-2.885848,7
3364,-65.032734,-2.885674,7
3365,-65.03261,-2.885102,7
3366,-65.032958,-2.885054,7
3367,-65.033516,-2.88456,7
3368,-65.033978,-2.884084,7
3369,-65.034309,-2.883777,7
3370,-65.03449,-2.883246,7
3371,-65.034757,-2.882739,7
3372,-65.035213,-2.882351,7
3373,-65.035637,-2.881931,7
3374,-65.035604,-2.881762,7
3375,-65.03568,-2.881708,7
3376,-65.036082,-2.881573,7
3377,-65.036458,-2.881098,7
3378,-65.036967,-2.880571,7
3379,-65.03713,-2.879994,7
3380,-65.037348,-2.879695,7
3381,-65.037943,-2.879335,7
3382,-65.038289,-2.879195,7
3383,-65.038483,-2.878834,7
3384,-65.038577,-2.878356,7
3385,-65.038419,-2.878106,7
3386,-65.038927,-2.877886,7
3387,-65.039035,-2.877742,7
3388,-65.039267,-2.877762,7
3389,-65.039651,-2.87753,7
3390,-65.039685,-2.877312,7
3391,-65.040006,-2.876732,7
3392,-65.040019,-2.876715,7
3393,-65.040479,-2.876318,7
3394,-65.040862,-2.87581,7
3395,-65.040983,-2.875629,7
3396,-65.041549,-2.875517,7
3397,-65.041829,-2.87503,7
3398,-65.042116,-2.874646,7
3399,-65.042278,-2.874126,7
3400,-65.042167,-2.873727,7
3401,-65.042698,-2.873451,7
3402,-65.043131,-2.872977,7
3403,-65.043428,-2.872255,7
3404,-65.043676,-2.871957,7
3405,-65.043908,-2.871625,7
3406,-65.044257,-2.871223,7
3407,-65.044576,-2.871074,7
3408,-65.044916,-2.870544,7
3409,-65.045047,-2.870311,7
3410,-65.045135,-2.870204,7
3411,-65.045525,-2.870211,7
3412,-65.045916,-2.869902,7
3413,-65.045896,-2.869476,7
3414,-65.046007,-2.868943,7
3415,-65.045851,-2.868686,7
3416,-65.04622,-2.868204,7
3417,-65.046122,-2.867814,7
3418,-65.046375,-2.867595,7
3419,-65.046198,-2.867049,7
3420,-65.046378,-2.866912,7
3421,-65.046783,-2.866494,7
3422,-65.047073,-2.866212,7
3423,-65.047239,-2.865642,7
3424,-65.047535,-2.865289,7
3425,-65.047278,-2.865189,7
3426,-65.04783,-2.864868,7
3427,-65.047843,-2.864481,7
3428,-65.048108,-2.86416,7
3429,-65.048267,-2.863914,7
3430,-65.048396,-2.863607,7
3431,-65.048923,-2.863455,7
3432,-65.049259,-2.863291,7
3433,-65.049644,-2.862804,7
3434,-65.04995,-2.862652,7
3435,-65.049903,-2.862525,7
3436,-65.050347,-2.862235,7
3437,-65.050491,-2.861903,7
3438,-65.050694,-2.861685,7
3439,-65.050879,-2.861285,7
3440,-65.050792,-2.861333,7
3441,-65.051078,-2.860972,7
3442,-65.051255,-2.860582,7
3443,-65.051144,-2.859901,7
3444,-65.051374,-2.859908,7
3445,-65.051401,-2.860159,7
3446,-65.051586,-2.859914,7
3447,-65.051456,-2.85978,7
3448,-65.051614,-2.859418,7
3449,-65.051824,-2.859009,7
3450,-65.051617,-2.858483,7
3451,-65.051976,-2.8581,7
3452,-65.05207,-2.857879,7
3453,-65.052329,-2.857638,7
3454,-65.05265,-2.857405,7
3455,-65.05268,-2.857476,7
3456,-65.052682,-2.857121,7
3457,-65.052892,-2.85684,7
3458,-65.053267,-2.856425,7
3459,-65.053476,-2.856141,7
3460,-65.053596,-2.856221,7
3461,-65.053713,-2.855973,7
3462,-65.054059,-2.855531,7
3463,-65.054258,-2.855139,7
3464,-65.054438,-2.854914,7
3465,-65.054695,-2.854921,7
3466,-65.054929,-2.854798,7
3467,-65.055117,-2.854693,7
3468,-65.055192,-2.854173,7
3469,-65.05528,-2.854153,7
3470,-65.055196,-2.854077,7
3471,-65.055456,-2.853673,7
3472,-65.055661,-2.853298,7
3473,-65.056167,-2.852981,7
3474,-65.056069,-2.852488,7
3475,-65.056105,-2.852422,7
3476,-65.056704,-2.85186,7
3477,-65.05691,-2.851503,7
3478,-65.057115,-2.851258,7
3479,-65.057154,-2.851185,7
3480,-65.057279,-2.850935,7
3481,-65.057321,-2.850601,7
3482,-65.057298,-2.850361,7
3483,-65.05756,-2.849879,7
3484,-65.057738,-2.849857,7
3485,-65.057497,-2.849838,7
3486,-65.057783,-2.849762,7
3487,-65.057829,-2.849471,7
3488,-65.058307,-2.849092,7
3489,-65.058391,-2.848746,7
3490,-65.058553,-2.848614,7
3491,-65.058714,-2.848346,7
3492,-65.058925,-2.847911,7
3493,-65.059141,-2.847716,7
3494,-65.059179,-2.847537,7
3495,-65.059044,-2.847553,7
3496,-65.058914,-2.847241,7
3497,-65.058933,-2.847122,7
3498,-65.059285,-2.846597,7
3499,-65.059525,-2.84646,7
3500,-65.059713,-2.846119,7
3501,-65.05986,-2.846012,7
3502,-65.060146,-2.845756,7
3503,-65.060413,-2.84532,7
3504,-65.060513,-2.845121,7
3505,-65.060479,-2.844903,7
3506,-65.060806,-2.844538,7
3507,-65.06099,-2.844032,7
3508,-65.061237,-2.843386,7
3509,-65.061085,-2.843062,7
3510,-65.060975,-2.843066,7
3511,-65.061232,-2.842729,7
3512,-65.061443,-2.842573,7
3513,-65.061463,-2.842536,7
3514,-65.061465,-2.842888,7
3515,-65.061451,-2.843066,7
3516,-65.061564,-2.842829,7
3517,-65.061647,-2.842402,7
3518,-65.061744,-2.842229,7
3519,-65.061845,-2.842081,7
3520,-65.061818,-2.841998,7
3521,-65.062097,-2.841795,7
3522,-65.062135,-2.841653,7
3523,-65.0625,-2.841106,7
3524,-65.062349,-2.840803,7
3525,-65.062331,-2.84091,7
3526,-65.062588,-2.84067,7
3527,-65.062577,-2.840642,7
3528,-65.062657,-2.840049,7
3529,-65.062816,-2.839898,7
3530,-65.062783,-2.839998,7
3531,-65.062804,-2.839667,7
3532,-65.06284,-2.839507,7
3533,-65.063152,-2.839315,7
3534,-65.063206,-2.839291,7
3535,-65.063065,-2.839437,7
3536,-65.063087,-2.839273,7
3537,-65.062995,-2.839195,7
3538,-65.063176,-2.839317,7
3539,-65.063251,-2.839051,7
3540,-65.063106,-2.839118,7
3541,-65.063262,-2.838819,7
3542,-65.063334,-2.838829,7
3543,-65.063493,-2.838977,7
3544,-65.063327,-2.838932,7
3545,-65.063221,-2.838954,7
3546,-65.063444,-2.838703,7
3547,-65.063393,-2.838819,7
3548,-65.063711,-2.838445,7
3549,-65.063803,-2.838324,7
3550,-65.063571,-2.838093,7
3551,-65.063448,-2.837577,7
3552,-65.063448,-2.837532,7
3553,-65.063643,-2.837435,7
3554,-65.06367,-2.837497,7
3555,-65.063355,-2.837274,7
3556,-65.063283,-2.837355,7
3557,-65.063088,-2.837598,7
3558,-65.063313,-2.837541,7
3559,-65.063017,-2.837382,7
3560,-65.062829,-2.837322,7
3561,-65.063084,-2.837216,7
3562,-65.063094,-2.837228,7
3563,-65.062921,-2.837214,7
3564,-65.063122,-2.836881,7
3565,-65.06307,-2.836775,7
3566,-65.063255,-2.836792,7
3567,-65.063328,-2.836946,7
3568,-65.063554,-2.836718,7
3569,-65.063835,-2.836496,7
3570,-65.063571,-2.836506,7
3571,-65.063518,-2.836683,7
3572,-65.063517,-2.83676,7
3573,-65.063583,-2.836375,7
3574,-65.063585,-2.836834,7
3575,-65.063496,-2.837027,7
3576,-65.063534,-2.83676,7
3577,-65.063492,-2.837056,7
3578,-65.063641,-2.836636,7
3579,-65.063705,-2.836359,7
3580,-65.06342,-2.836372,7
3581,-65.063696,-2.836348,7
3582,-65.063837,-2.836462,7
3583,-65.063778,-2.836221,7
3584,-65.063696,-2.836265,7
3585,-65.063482,-2.836192,7
3586,-65.063653,-2.836065,7
3587,-65.063328,-2.835933,7
3588,-65.063511,-2.835537,7
3589,-65.063234,-2.835362,7
3590,-65.063022,-2.835422,7
3591,-65.0628,-2.835576,7
3592,-65.062854,-2.835589,7
3593,-65.062824,-2.835676,7
3594,-65.06255,-2.835936,7
3595,-65.062594,-2.836118,7
3596,-65.062924,-2.836304,7
3597,-65.062967,-2.83649,7
3598,-65.063269,-2.836276,7
3599,-65.063304,-2.835928,7
3600,-65.063186,-2.836148,7
3601,-65.063221,-2.835945,7
3602,-65.063392,-2.83607,7
3603,-65.063538,-2.835853,7
3604,-65.063493,-2.835697,7
3605,-65.063168,-2.835861,7
3606,-65.063381,-2.835839,7
3607,-65.063351,-2.835856,7
3608,-65.06356,-2.835988,7
3609,-65.063653,-2.83617,7
3610,-65.063523,-2.836449,7
3611,-65.063623,-2.836245,7
3612,-65.063365,-2.836213,7
3613,-65.063586,-2.836098,7
3614,-65.063491,-2.836179,7
3615,-65.063233,-2.836467,7
3616,-65.062968,-2.836497,7
3617,-65.062988,-2.836656,7
3618,-65.062962,-2.836396,7
3619,-65.063221,-2.836363,7
3620,-65.063103,-2.836411,7
3621,-65.063338,-2.836713,7
3622,-65.063323,-2.836969,7
3623,-65.063445,-2.83694,7
3624,-65.063489,-2.836928,7
3625,-65.063427,-2.837069,7
3626,-65.063376,-2.837184,7
3627,-65.063068,-2.837168,7
3628,-65.063087,-2.837071,7
3629,-65.063164,-2.83705,7
3630,-65.062892,-2.837159,7
3631,-65.062946,-2.837173,7
3632,-65.062809,-2.837139,7
3633,-65.062776,-2.836954,7
3634,-65.062547,-2.837485,7
3635,-65.062168,-2.837649,7
3636,-65.062042,-2.837664,7
3637,-65.062091,-2.837844,7
3638,-65.061917,-2.837911,7
3639,-65.061823,-2.837939,7
3640,-65.061721,-2.83809,7
3641,-65.061556,-2.838457,7
3642,-65.061466,-2.83864,7
3643,-65.061419,-2.838673,7
3644,-65.061288,-2.838753,7
3645,-65.061189,-2.838884,7
3646,-65.061147,-2.839315,7
3647,-65.060832,-2.839574,7
3648,-65.060966,-2.839674,7
3649,-65.061014,-2.839541,7
3650,-65.060716,-2.839827,7
3651,-65.060622,-2.839885,7
3652,-65.06043,-2.840041,7
3653,-65.060643,-2.840283,7
3654,-65.060579,-2.840266,7
3655,-65.06033,-2.8404,7
3656,-65.060198,-2.840562,7
3657,-65.06028,-2.840518,7
3658,-65.060535,-2.840212,7
3659,-65.060433,-2.840343,7
3660,-65.060597,-2.84073,7
3661,-65.060345,-2.840725,7
3662,-65.060407,-2.840743,7
3663,-65.0604,-2.840473,7
3664,-65.060139,-2.84069,7
3665,-65.060022,-2.840793,7
3666,-65.059788,-2.840685,7
3667,-65.059557,-2.840893,7
3668,-65.059839,-2.840831,7
3669,-65.059756,-2.840715,7
3670,-65.05939,-2.841005,7
3671,-65.059143,-2.841136,7
3672,-65.058888,-2.841401,7
3673,-65.058856,-2.841482,7
3674,-65.058838,-2.841619,7
3675,-65.058629,-2.84184,7
3676,-65.058553,-2.841785,7
3677,-65.058193,-2.841742,7
3678,-65.058324,-2.841624,7
3679,-65.058233,-2.841739,7
3680,-65.058067,-2.842025,7
3681,-65.057864,-2.842198,7
3682,-65.057764,-2.842372,7
3683,-65.057683,-2.842406,7
3684,-65.057551,-2.842509,7
3685,-65.057045,-2.84285,7
3686,-65.057005,-2.842989,7
3687,-65.056811,-2.843259,7
3688,-65.056842,-2.843227,7
3689,-65.056706,-2.843681,7
3690,-65.056468,-2.844107,7
3691,-65.056281,-2.844244,7
3692,-65.055787,-2.844293,7
3693,-65.055694,-2.844292,7
3694,-65.05546,-2.844343,7
3695,-65.055131,-2.844592,7
3696,-65.05501,-2.84458,7
3697,-65.054768,-2.844454,7
3698,-65.054789,-2.844432,7
3699,-65.054466,-2.844516,7
3700,-65.054065,-2.84485,7
3701,-65.053979,-2.845051,7
3702,-65.0537,-2.845222,7
3703,-65.053704,-2.845144,7
3704,-65.053341,-2.845156,7
3705,-65.053018,-2.845367,7
3706,-65.053033,-2.845524,7
3707,-65.052855,-2.845733,7
3708,-65.052997,-2.845738,7
3709,-65.053047,-2.846165,7
3710,-65.053002,-2.846183,7
3711,-65.052984,-2.846137,7
3712,-65.052704,-2.846291,7
3713,-65.052822,-2.846413,7
3714,-65.052842,-2.846563,7
3715,-65.05222,-2.847011,7
3716,-65.052043,-2.847471,7
3717,-65.051551,-2.847794,7
3718,-65.051697,-2.847897,7
3719,-65.051406,-2.847877,7
3720,-65.051315,-2.848257,7
3721,-65.051175,-2.848228,7
3722,-65.050665,-2.84835,7
3723,-65.050558,-2.848428,7
3724,-65.050105,-2.848787,7
3725,-65.049886,-2.849244,7
3726,-65.049711,-2.84957,7
3727,-65.049588,-2.849585,7
3728,-65.049731,-2.84981,7
3729,-65.049361,-2.849856,7
3730,-65.049087,-2.850255,7
3731,-65.049051,-2.850657,7
3732,-65.048673,-2.850794,7
3733,-65.048842,-2.850921,7
3734,-65.0484,-2.850885,7
3735,-65.04806,-2.851158,7
3736,-65.047786,-2.851121,7
3737,-65.047459,-2.851416,7
3738,-65.047275,-2.851388,7
3739,-65.047049,-2.85145,7
3740,-65.046462,-2.85199,7
3741,-65.046141,-2.852199,7
3742,-65.045621,-2.852533,7
3743,-65.045656,-2.852852,7
3744,-65.045017,-2.85312,7
3745,-65.044623,-2.853598,7
3746,-65.044208,-2.853807,7
3747,-65.043954,-2.854134,7
3748,-65.044012,-2.854367,7
3749,-65.043951,-2.854618,7
3750,-65.043443,-2.855015,7
3751,-65.043194,-2.855179,7
3752,-65.042944,-2.855631,7
3753,-65.042744,-2.855923,7
3754,-65.042426,-2.856357,7
3755,-65.042105,-2.856801,7
3756,-65.041855,-2.857244,7
3757,-65.041612,-2.857402,7
3758,-65.041609,-2.857898,7
3759,-65.041135,-2.858323,7
3760,-65.041151,-2.858728,7
3761,-65.040958,-2.859137,7
3762,-65.040524,-2.859418,7
3763,-65.040394,-2.859601,7
3764,-65.040216,-2.860304,7
3765,-65.040015,-2.860568,7
3766,-65.039238,-2.860748,7
3767,-65.038602,-2.861148,7
3768,-65.038595,-2.861369,7
3769,-65.038311,-2.861567,7
3770,-65.037812,-2.861838,7
3771,-65.037312,-2.862106,7
3772,-65.037349,-2.862747,7
3773,-65.03714,-2.863222,7
3774,-65.036546,-2.86326,7
3775,-65.036111,-2.863926,7
3776,-65.035802,-2.864328,7
3777,-65.035294,-2.864422,7
3778,-65.035629,-2.864687,7
3779,-65.035415,-2.864649,7
3780,-65.034869,-2.865329,7
3781,-65.034916,-2.865727,7
3782,-65.034596,-2.866072,7
3783,-65.034774,-2.866394,7
3784,-65.034437,-2.866838,7
3785,-65.0341,-2.867094,7
3786,-65.033877,-2.867383,7
3787,-65.033489,-2.86775,7
3788,-65.033228,-2.868026,7
3789,-65.032913,-2.86834,7
3790,-65.032294,-2.869239,7
3791,-65.031896,-2.869811,7
3792,-65.031097,-2.870444,7
3793,-65.031211,-2.870809,7
3794,-65.03107,-2.871268,7
3795,-65.030707,-2.871811,7
3796,-65.030435,-2.872041,7
3797,-65.029976,-2.872471,7
3798,-65.029975,-2.87314,7
3799,-65.029397,-2.873552,7
3800,-65.028837,-2.874304,7
3801,-65.028381,-2.874981,7
3802,-65.027736,-2.875294,7
3803,-65.027594,-2.875317,7
3804,-65.027081,-2.875889,7
3805,-65.026551,-2.876358,7
3806,-65.026037,-2.876684,7
3807,-65.025572,-2.87698,7
3808,-65.025311,-2.877324,7
3809,-65.025159,-2.877814,7
3810,-65.024588,-2.878217,7
3811,-65.024145,-2.878755,7
3812,-65.02363,-2.879132,7
3813,-65.023332,-2.879161,7
3814,-65.022713,-2.879464,7
3815,-65.022207,-2.880158,7
3816,-65.021725,-2.88058,7
3817,-65.02111,-2.881099,7
3818,-65.021188,-2.881625,7
3819,-65.020602,-2.882278,7
3820,-65.020269,-2.882713,7
3821,-65.019973,-2.882802,7
3822,-65.019295,-2.883236,7
3823,-65.018882,-2.883498,7
3824,-65.018596,-2.884115,7
3825,-65.017763,-2.88474,7
3826,-65.017321,-2.884508,7
3827,-65.016948,-2.885077,7
3828,-65.016776,-2.885566,7
3829,-65.016475,-2.885915,7
3830,-65.016182,-2.886366,7
3831,-65.01561,-2.886675,7
3832,-65.014984,-2.88725,7
3833,-65.014876,-2.887837,7
3834,-65.014697,-2.888464,7
3835,-65.014241,-2.88896,7
3836,-65.013688,-2.889577,7
3837,-65.01308,-2.889997,7
3838,-65.013051,-2.890105,7
3839,-65.012418,-2.890802,7
3840,-65.011979,-2.891315,7
3841,-65.011544,-2.891574,7
3842,-65.011238,-2.892121,7
3843,-65.011317,-2.89256,7
3844,-65.011133,-2.892942,7
3845,-65.010497,-2.893547,7
3846,-65.00995,-2.893988,7
3847,-65.009351,-2.894361,7
3848,-65.009272,-2.895023,7
3849,-65.008525,-2.895453,7
3850,-65.007712,-2.895989,7
3851,-65.007183,-2.896492,7
3852,-65.006538,-2.896815,7
3853,-65.006427,-2.896898,7
3854,-65.005788,-2.897206,7
3855,-65.004952,-2.897591,7
3856,-65.004328,-2.897819,7
3857,-65.003912,-2.898255,7
3858,-65.003674,-2.898476,7
3859,-65.003411,-2.898886,7
3860,-65.002748,-2.899215,7
3861,-65.002356,-2.899523,7
3862,-65.001481,-2.899992,7
3863,-65.001152,-2.900505,7
3864,-65.00049,-2.90069,7
3865,-64.999949,-2.901199,7
3866,-64.999632,-2.901747,7
3867,-64.999049,-2.901891,7
3868,-64.998699,-2.902373,7
3869,-64.998544,-2.902856,7
3870,-64.998197,-2.903521,7
3871,-64.997888,-2.904203,7
3872,-64.997351,-2.904618,7
3873,-64.997244,-2.905237,7
3874,-64.996876,-2.905599,7
3875,-64.996644,-2.905943,7
3876,-64.99642,-2.906561,7
3877,-64.995815,-2.907038,7
3878,-64.995674,-2.907238,7
3879,-64.995067,-2.907644,7
3880,-64.994658,-2.90796,7
3881,-64.993907,-2.908603,7
3882,-64.993191,-2.908992,7
3883,-64.992974,-2.909399,7
3884,-64.992378,-2.909856,7
3885,-64.992311,-2.910576,7
3886,-64.991858,-2.91116,7
3887,-64.991315,-2.911445,7
3888,-64.990898,-2.911691,7
3889,-64.99039,-2.912143,7
3890,-64.989885,-2.912934,7
3891,-64.989528,-2.913619,7
3892,-64.988803,-2.914313,7
3893,-64.98873,-2.914306,7
3894,-64.988358,-2.914628,7
3895,-64.987965,-2.915329,7
3896,-64.987463,-2.916225,7
3897,-64.986644,-2.917009,7
3898,-64.986443,-2.917271,7
3899,-64.985837,-2.917973,7
3900,-64.985325,-2.918461,7
3901,-64.984752,-2.918541,5
3902,-64.984095,-2.91881,5
3903,-64.983941,-2.918845,5
3904,-64.983366,-2.91934,5
3905,-64.982955,-2.919967,5
3906,-64.98231,-2.920383,5
3907,-64.981618,-2.920936,5
3908,-64.981372,-2.92162,5
3909,-64.98099,-2.922285,5
3910,-64.980645,-2.923012,5
3911,-64.979936,-2.923288,5
3912,-64.979133,-2.923834,5
3913,-64.979009,-2.924573,5
3914,-64.978407,-2.924947,5
3915,-64.977843,-2.925778,5
3916,-64.97746,-2.926355,5
3917,-64.976804,-2.926975,5
3918,-64.976752,-2.92742,5
3919,-64.976223,-2.928028,5
3920,-64.975965,-2.92882,5
3921,-64.975444,-2.929419,5
3922,-64.975106,-2.929921,5
3923,-64.9749,-2.930456,5
3924,-64.974447,-2.930841,5
3925,-64.973935,-2.931111,5
3926,-64.973326,-2.931773,5
3927,-64.972591,-2.932333,5
3928,-64.972354,-2.932669,5
3929,-64.971702,-2.933053,5
3930,-64.971199,-2.933449,5
3931,-64.970484,-2.933881,5
3932,-64.969622,-2.93438,5
3933,-64.969521,-2.934945,5
3934,-64.968944,-2.935576,5
3935,-64.968502,-2.936512,5
3936,-64.968188,-2.937063,5
3937,-64.967189,-2.937909,5
3938,-64.966883,-2.938518,5
3939,-64.966146,-2.938886,5
3940,-64.965736,-2.939652,5
3941,-64.965131,-2.940551,5
3942,-64.964533,-2.941275,5
3943,-64.964261,-2.941533,5
3944,-64.963795,-2.941781,5
3945,-64.963332,-2.94273,5
3946,-64.96305,-2.943362,5
3947,-64.962595,-2.944098,5
3948,-64.962171,-2.944618,5
3949,-64.961628,-2.945094,5
3950,-64.96106,-2.945496,5
3951,-64.959923,-2.946283,5
3952,-64.959159,-2.946721,5
3953,-64.958796,-2.94725,5
3954,-64.958232,-2.9479,5
3955,-64.957796,-2.948299,5
3956,-64.957072,-2.948737,5
3957,-64.956623,-2.949414,5
3958,-64.956255,-2.949964,5
3959,-64.95563,-2.950074,5
3960,-64.954906,-2.950519,5
3961,-64.954241,-2.951476,5
3962,-64.953701,-2.952261,5
3963,-64.953874,-2.95265,5
3964,-64.953121,-2.952966,5
3965,-64.952881,-2.953939,5
3966,-64.95236,-2.954502,5
3967,-64.95133,-2.95527,5
3968,-64.951184,-2.95575,5
3969,-64.951032,-2.956439,5
3970,-64.950346,-2.957325,5
3971,-64.949625,-2.958424,5
3972,-64.949046,-2.959256,5
3973,-64.948999,-2.959699,5
3974,-64.94819,-2.960165,5
3975,-64.947565,-2.960873,5
3976,-64.947186,-2.961506,5
3977,-64.946338,-2.961855,5
3978,-64.94624,-2.962407,5
3979,-64.945624,-2.963141,5
3980,-64.944975,-2.963964,5
3981,-64.944284,-2.964697,5
3982,-64.943842,-2.965408,5
3983,-64.943235,-2.965726,5
3984,-64.942777,-2.966528,5
3985,-64.942431,-2.967411,5
3986,-64.9422,-2.967993,5
3987,-64.941339,-2.968766,5
3988,-64.941014,-2.96923,5
3989,-64.94046,-2.970037,5
3990,-64.939744,-2.970935,5
3991,-64.939049,-2.971549,5
3992,-64.938348,-2.97229,5
3993,-64.938097,-2.972765,5
3994,-64.937388,-2.973517,5
3995,-64.936897,-2.974474,5
3996,-64.936274,-2.975484,5
3997,-64.935585,-2.976314,2
3998,-64.935028,-2.977049,2
3999,-64.934588,-2.977663,2
4000,-64.933608,-2.978627,2
4001,-64.932793,-2.979138,2
4002,-64.931995,-2.980204,2
4003,-64.931486,-2.980607,2
4004,-64.930976,-2.981322,2
4005,-64.930595,-2.982466,2
4006,-64.92994,-2.983169,2
4007,-64.928913,-2.983647,2
4008,-64.92879,-2.98407,2
4009,-64.928352,-2.984526,2
4010,-64.927575,-2.985275,2
4011,-64.926511,-2.986238,2
4012,-64.925755,-2.987149,2
4013,-64.925363,-2.987882,2
4014,-64.924414,-2.988581,2
4015,-64.923731,-2.989276,2
4016,-64.923214,-2.989962,2
4017,-64.922528,-2.991054,2
4018,-64.922438,-2.991872,2
4019,-64.922124,-2.992482,2
4020,-64.921584,-2.993537,2
4021,-64.920785,-2.994421,2
4022,-64.920066,-2.995419,2
4023,-64.919461,-2.996457,2
4024,-64.919003,-2.997329,2
4025,-64.91844,-2.997884,2
4026,-64.917958,-2.998459,2
4027,-64.916986,-2.99935,2
4028,-64.916595,-2.999862,2
4029,-64.915894,-3.000521,2
4030,-64.915499,-3.001186,2
4031,-64.91456,-3.001802,2
4032,-64.913318,-3.002383,2
4033,-64.912859,-3.002691,3
4034,-64.912404,-3.003429,3
4035,-64.911782,-3.004528,3
4036,-64.911311,-3.005267,3
4037,-64.910403,-3.006037,3
4038,-64.909853,-3.006934,3
4039,-64.90899,-3.007586,3
4040,-64.908378,-3.008457,3
4041,-64.907584,-3.009454,3
4042,-64.906729,-3.01064,3
4043,-64.905956,-3.011254,3
4044,-64.905594,-3.012092,3
4045,-64.90483,-3.012597,3
4046,-64.903965,-3.013111,3
4047,-64.902999,-3.014184,3
4048,-64.902468,-3.015013,3
4049,-64.9019,-3.015859,3
4050,-64.901175,-3.016748,3
4051,-64.900544,-3.017723,3
4052,-64.899502,-3.018662,2
4053,-64.89898,-3.019391,2
4054,-64.898151,-3.019885,2
4055,-64.897514,-3.020508,2
4056,-64.896777,-3.021417,2
4057,-64.895544,-3.021965,2
4058,-64.895081,-3.023036,2
4059,-64.894289,-3.023763,2
4060,-64.893946,-3.024387,2
4061,-64.893033,-3.024959,2
4062,-64.892152,-3.025475,2
4063,-64.891682,-3.026135,2
4064,-64.891226,-3.026609,2
4065,-64.890636,-3.027428,2
4066,-64.889876,-3.028347,2
4067,-64.889272,-3.029443,2
4068,-64.888645,-3.029348,2
4069,-64.887927,-3.029474,2
4070,-64.887024,-3.030295,2
4071,-64.886252,-3.030935,2
4072,-64.884912,-3.031662,2
4073,-64.884489,-3.031696,2
4074,-64.883293,-3.031701,0
4075,-64.882199,-3.03219,0
4076,-64.881395,-3.032432,0
4077,-64.881241,-3.032104,0
4078,-64.881872,-3.031294,0
4079,-64.882383,-3.031595,0
4080,-64.882106,-3.031942,0
4081,-64.881732,-3.032764,0
4082,-64.881585,-3.032866,0
4083,-64.887591,-3.033327,2
4084,-64.851341,-3.051991,0
4085,-64.854136,-3.050512,0
4086,-64.856134,-3.050029,0
4087,-64.857822,-3.049269,0
4088,-64.858725,-3.049763,0
4089,-64.859229,-3.04949,0
4090,-64.860648,-3.049369,0
4091,-64.862006,-3.049364,0
4092,-64.862803,-3.04841,0
4093,-64.862852,-3.048596,0
4094,-64.863071,-3.04808,0
4095,-64.863743,-3.047825,0
4096,-64.864844,-3.0475,0
4097,-64.865843,-3.046666,0
4098,-64.866456,-3.047221,0
4099,-64.867346,-3.047928,0
4100,-64.868537,-3.047734,0
4101,-64.869762,-3.047624,0
4102,-64.870845,-3.046622,0
4103,-64.871432,-3.04755,0
4104,-64.872035,-3.047679,0
4105,-64.872972,-3.046915,0
4106,-64.873416,-3.04637,0
4107,-64.873777,-3.045583,0
4108,-64.874684,-3.045127,0
4109,-64.874959,-3.044344,0
4110,-64.876038,-3.043112,0
4111,-64.876881,-3.042559,0
4112,-64.87778,-3.042119,0
4113,-64.878524,-3.041655,0
4114,-64.878759,-3.041158,0
4115,-64.879578,-3.040384,0
4116,-64.880234,-3.039793,0
4117,-64.880863,-3.038674,0
4118,-64.881599,-3.037611,0
4119,-64.882105,-3.037154,0
4120,-64.88285,-3.036301,0
4121,-64.883591,-3.035949,0
4122,-64.884159,-3.034978,0
4123,-64.884674,-3.033926,0
4124,-64.884876,-3.033115,0
4125,-64.885586,-3.032021,2
4126,-64.886184,-3.031494,2
4127,-64.887004,-3.03065,2
4128,-64.887456,-3.029857,2
4129,-64.887874,-3.029126,2
4130,-64.888899,-3.028159,2
4131,-64.889918,-3.027412,2
4132,-64.890555,-3.026507,2
4133,-64.891189,-3.026065,2
4134,-64.891716,-3.025507,2
4135,-64.892737,-3.024634,2
4136,-64.893868,-3.024141,2
4137,-64.894463,-3.023491,2
4138,-64.895143,-3.022348,2
4139,-64.895569,-3.02178,2
4140,-64.896288,-3.021063,2
4141,-64.897042,-3.020453,2
4142,-64.897761,-3.01989,2
4143,-64.898332,-3.019151,2
4144,-64.898826,-3.01842,2
4145,-64.899591,-3.017312,3
4146,-64.900348,-3.016759,3
4147,-64.90129,-3.016316,3
4148,-64.901668,-3.015786,3
4149,-64.901838,-3.015238,3
4150,-64.902617,-3.015046,3
4151,-64.903087,-3.014305,3
4152,-64.903727,-3.013688,3
4153,-64.903941,-3.01321,3
4154,-64.90425,-3.01251,3
4155,-64.90508,-3.011973,3
4156,-64.905962,-3.010834,3
4157,-64.906694,-3.010176,3
4158,-64.907268,-3.009534,3
4159,-64.907892,-3.009038,3
4160,-64.90891,-3.008427,3
4161,-64.909872,-3.008398,3
4162,-64.910413,-3.007696,3
4163,-64.91075,-3.007144,3
4164,-64.911079,-3.006557,3
4165,-64.912168,-3.006148,3
4166,-64.912732,-3.005617,3
4167,-64.913233,-3.004842,3
4168,-64.913927,-3.00453,3
4169,-64.914221,-3.003927,2
4170,-64.915143,-3.002952,2
4171,-64.91598,-3.002499,2
4172,-64.916486,-3.001924,2
4173,-64.91707,-3.001219,2
4174,-64.917404,-3.000818,2
4175,-64.917945,-3.000197,2
4176,-64.918419,-2.999148,2
4177,-64.918637,-2.998302,2
4178,-64.919001,-2.997986,2
4179,-64.919564,-2.997493,2
4180,-64.920235,-2.996748,2
4181,-64.921031,-2.996507,2
4182,-64.921719,-2.995792,2
4183,-64.922176,-2.995509,2
4184,-64.922309,-2.994831,2
4185,-64.923005,-2.994251,2
4186,-64.92369,-2.99389,2
4187,-64.923917,-2.993208,2
4188,-64.924315,-2.992885,2
4189,-64.92454,-2.992448,2
4190,-64.925296,-2.99173,2
4191,-64.926021,-2.990974,2
4192,-64.926303,-2.990288,2
4193,-64.926657,-2.98975,2
4194,-64.927061,-2.989324,2
4195,-64.927836,-2.988714,2
4196,-64.928485,-2.987959,2
4197,-64.92886,-2.986995,2
4198,-64.929571,-2.986388,2
4199,-64.92956,-2.985747,2
4200,-64.930271,-2.985007,2
4201,-64.930669,-2.984744,2
4202,-64.93101,-2.984338,2
4203,-64.931343,-2.98373,2
4204,-64.93169,-2.983363,2
4205,-64.932435,-2.982888,2
4206,-64.932896,-2.982104,2
4207,-64.933215,-2.981732,2
4208,-64.933938,-2.981084,2
4209,-64.934383,-2.980658,2
4210,-64.935069,-2.980031,2
4211,-64.935704,-2.979433,2
4212,-64.936175,-2.978929,2
4213,-64.936449,-2.978589,2
4214,-64.936596,-2.978127,2
4215,-64.937212,-2.977581,5
4216,-64.937754,-2.977073,5
4217,-64.938292,-2.976576,5
4218,-64.938701,-2.976101,5
4219,-64.939139,-2.97561,5
4220,-64.939759,-2.975105,5
4221,-64.940135,-2.974685,5
4222,-64.940533,-2.974363,5
4223,-64.940814,-2.974211,5
4224,-64.940944,-2.973796,5
4225,-64.941482,-2.973166,5
4226,-64.942014,-2.972732,5
4227,-64.942548,-2.972478,5
4228,-64.942749,-2.972108,5
4229,-64.942776,-2.97153,5
4230,-64.943156,-2.970922,5
4231,-64.943719,-2.970352,5
4232,-64.944206,-2.969817,5
4233,-64.94443,-2.969291,5
4234,-64.944738,-2.969275,5
4235,-64.945214,-2.968727,5
4236,-64.945459,-2.968394,5
4237,-64.945667,-2.967811,5
4238,-64.946161,-2.967487,5
4239,-64.946557,-2.967307,5
4240,-64.94731,-2.966503,5
4241,-64.947417,-2.965902,5
4242,-64.947834,-2.965275,5
4243,-64.948169,-2.965098,5
4244,-64.948486,-2.964722,5
4245,-64.949061,-2.964411,5
4246,-64.949589,-2.96419,5
4247,-64.949961,-2.96372,5
4248,-64.950048,-2.963839,5
4249,-64.950391,-2.963264,5
4250,-64.95092,-2.962902,5
4251,-64.951416,-2.96273,5
4252,-64.951512,-2.962422,5
4253,-64.951714,-2.962308,5
4254,-64.9517,-2.962069,5
4255,-64.951873,-2.961293,5
4256,-64.952098,-2.961262,5
4257,-64.952285,-2.961019,5
4258,-64.952618,-2.960818,5
4259,-64.95275,-2.960254,5
4260,-64.953465,-2.959591,5
4261,-64.953892,-2.959171,5
4262,-64.954293,-2.95874,5
4263,-64.954208,-2.958435,5
4264,-64.954139,-2.958126,5
4265,-64.954418,-2.957633,5
4266,-64.95494,-2.957114,5
4267,-64.954897,-2.95674,5
4268,-64.955337,-2.956534,5
4269,-64.955541,-2.956248,5
4270,-64.956157,-2.95599,5
4271,-64.956762,-2.955813,5
4272,-64.956865,-2.955475,5
4273,-64.956841,-2.955145,5
4274,-64.957044,-2.955144,5
4275,-64.957362,-2.95472,5
4276,-64.957769,-2.954759,5
4277,-64.957853,-2.95468,5
4278,-64.958099,-2.954581,5
4279,-64.958184,-2.954267,5
4280,-64.958404,-2.954248,5
4281,-64.958629,-2.954092,5
4282,-64.958747,-2.953954,5
4283,-64.958707,-2.953987,5
4284,-64.958947,-2.953787,5
4285,-64.959411,-2.953248,5
4286,-64.95971,-2.952726,5
4287,-64.959757,-2.95225,5
4288,-64.959787,-2.952222,5
4289,-64.959916,-2.951973,5
4290,-64.960034,-2.951837,5
4291,-64.96028,-2.951784,5
4292,-64.960449,-2.951507,5
4293,-64.960502,-2.951328,5
4294,-64.960427,-2.951034,5
4295,-64.960489,-2.950548,5
4296,-64.960922,-2.950691,5
4297,-64.960879,-2.950497,5
4298,-64.960898,-2.950519,5
4299,-64.960967,-2.950255,5
4300,-64.961323,-2.950267,5
4301,-64.961584,-2.950201,5
4302,-64.96157,-2.950085,5
4303,-64.961593,-2.949755,5
4304,-64.961774,-2.949805,5
4305,-64.961754,-2.949752,5
4306,-64.961721,-2.949562,5
4307,-64.961745,-2.949064,5
4308,-64.961778,-2.948851,5
4309,-64.961856,-2.948835,5
4310,-64.96197,-2.948629,5
4311,-64.962092,-2.948454,5
4312,-64.962219,-2.94832,5
4313,-64.962336,-2.948272,5
4314,-64.962555,-2.948705,5
4315,-64.962518,-2.948421,5
4316,-64.962978,-2.948361,5
4317,-64.963106,-2.948039,5
4318,-64.963248,-2.948165,5
4319,-64.963515,-2.94819,5
4320,-64.963862,-2.948014,5
4321,-64.963984,-2.947818,5
4322,-64.964163,-2.947983,5
4323,-64.964101,-2.948098,5
4324,-64.964082,-2.947895,5
4325,-64.964333,-2.947889,5
4326,-64.964578,-2.947569,5
4327,-64.964189,-2.947443,5
4328,-64.964365,-2.947547,5
4329,-64.964474,-2.947386,5
4330,-64.964531,-2.947288,5
4331,-64.964773,-2.947409,5
4332,-64.964863,-2.947464,5
4333,-64.964793,-2.947667,5
4334,-64.964699,-2.947607,5
4335,-64.964945,-2.947125,5
4336,-64.965137,-2.94726,5
4337,-64.965336,-2.947068,5
4338,-64.965395,-2.946866,5
4339,-64.965407,-2.947073,5
4340,-64.965527,-2.946991,5
4341,-64.965751,-2.946997,5
4342,-64.96575,-2.946943,5
4343,-64.965647,-2.947105,5
4344,-64.965773,-2.947078,5
4345,-64.965733,-2.947024,5
4346,-64.965766,-2.947117,5
4347,-64.965609,-2.947013,5
4348,-64.965398,-2.947146,5
4349,-64.965446,-2.946932,5
4350,-64.965626,-2.946808,5
4351,-64.965509,-2.946917,5
4352,-64.965221,-2.946819,5
4353,-64.964824,-2.946605,5
4354,-64.964732,-2.946729,5
4355,-64.964894,-2.94705,5
4356,-64.964972,-2.946753,5
4357,-64.964834,-2.946848,5
4358,-64.964647,-2.946683,5
4359,-64.964461,-2.946892,5
4360,-64.964584,-2.947061,5
4361,-64.964873,-2.947034,5
4362,-64.965304,-2.94692,5
4363,-64.965148,-2.947185,5
4364,-64.965252,-2.947712,5
4365,-64.965551,-2.947875,5
4366,-64.965894,-2.947617,5
4367,-64.965475,-2.947513,5
4368,-64.965458,-2.947779,5
4369,-64.965487,-2.947864,5
4370,-64.965373,-2.947843,5
4371,-64.965252,-2.947783,5
4372,-64.96516,-2.947655,5
4373,-64.965357,-2.948013,5
4374,-64.965277,-2.94832,5
4375,-64.965357,-2.948389,5
4376,-64.96539,-2.948339,5
4377,-64.965512,-2.948489,5
4378,-64.965176,-2.948467,5
4379,-64.965179,-2.948992,5
4380,-64.965379,-2.94882,5
4381,-64.965349,-2.948946,5
4382,-64.965175,-2.948883,5
4383,-64.964997,-2.9492,5
4384,-64.964857,-2.949539,5
4385,-64.964964,-2.949561,5
4386,-64.964755,-2.949659,5
4387,-64.964535,-2.949667,5
4388,-64.964335,-2.950145,5
4389,-64.964364,-2.949888,5
4390,-64.964499,-2.949933,5
4391,-64.964439,-2.950317,5
4392,-64.963961,-2.950833,5
4393,-64.963785,-2.95107,5
4394,-64.963499,-2.951169,5
4395,-64.963336,-2.95124,5
4396,-64.963418,-2.951587,5
4397,-64.963156,-2.951806,5
4398,-64.962875,-2.952177,5
4399,-64.962945,-2.952487,5
4400,-64.963104,-2.952453,5
4401,-64.963161,-2.953148,5
4402,-64.962888,-2.953379,5
4403,-64.962716,-2.953688,5
4404,-64.962792,-2.953615,5
4405,-64.962797,-2.95374,5
4406,-64.962904,-2.954174,5
4407,-64.962779,-2.954406,5
4408,-64.962234,-2.954911,5
4409,-64.96241,-2.955317,5
4410,-64.962359,-2.955721,5
4411,-64.962215,-2.956205,5
4412,-64.961897,-2.956488,5
4413,-64.96155,-2.95667,5
4414,-64.961591,-2.956687,5
4415,-64.961419,-2.956887,5
4416,-64.961045,-2.957104,5
4417,-64.960539,-2.957309,5
4418,-64.960162,-2.95741,5
4419,-64.960381,-2.95784,5
4420,-64.960699,-2.958033,5
4421,-64.960653,-2.958388,5
4422,-64.96064,-2.958768,5
4423,-64.960589,-2.959346,5
4424,-64.960301,-2.959779,5
4425,-64.959994,-2.959935,5
4426,-64.959894,-2.960462,5
4427,-64.959705,-2.960716,5
4428,-64.95929,-2.961016,5
4429,-64.959172,-2.961436,5
4430,-64.958957,-2.961509,5
4431,-64.959071,-2.96207,5
4432,-64.958753,-2.962312,5
4433,-64.958457,-2.962703,5
4434,-64.958395,-2.962864,5
4435,-64.958367,-2.963073,5
4436,-64.958227,-2.963591,5
4437,-64.957921,-2.963779,5
4438,-64.95765,-2.964182,5
4439,-64.95772,-2.964331,5
4440,-64.957544,-2.96464,5
4441,-64.957585,-2.965092,5
4442,-64.95708,-2.965319,5
4443,-64.956739,-2.965651,5
4444,-64.956821,-2.965812,5
4445,-64.956884,-2.965799,5
4446,-64.956539,-2.966171,5
4447,-64.956127,-2.966663,5
4448,-64.955453,-2.966881,5
4449,-64.95539,-2.96695,5
4450,-64.955254,-2.967068,5
4451,-64.954978,-2.967575,5
4452,-64.954469,-2.967851,5
4453,-64.953963,-2.968106,5
4454,-64.954169,-2.968295,5
4455,-64.953921,-2.968475,5
4456,-64.953994,-2.969309,5
4457,-64.954,-2.969461,5
4458,-64.953255,-2.970024,5
4459,-64.952946,-2.970197,5
4460,-64.952936,-2.970598,5
4461,-64.952327,-2.971154,5
4462,-64.952013,-2.971548,5
4463,-64.951589,-2.97222,5
4464,-64.951243,-2.972431,5
4465,-64.951072,-2.972728,5
4466,-64.951009,-2.973123,5
4467,-64.950395,-2.973906,5
4468,-64.949925,-2.974674,5
4469,-64.94977,-2.975327,5
4470,-64.949519,-2.975753,5
4471,-64.949348,-2.976529,5
4472,-64.948774,-2.977084,5
4473,-64.948313,-2.977464,5
4474,-64.948183,-2.978155,5
4475,-64.947624,-2.978446,5
4476,-64.947443,-2.978886,5
4477,-64.947162,-2.979629,5
4478,-64.946655,-2.980241,5
4479,-64.946602,-2.980596,5
4480,-64.946391,-2.981044,5
4481,-64.946045,-2.981781,5
4482,-64.945635,-2.98238,5
4483,-64.945028,-2.983118,5
4484,-64.944562,-2.98347,5
4485,-64.944243,-2.98345,5
4486,-64.944113,-2.984085,5
4487,-64.943255,-2.984771,5
4488,-64.942703,-2.985708,5
4489,-64.942539,-2.985896,5
4490,-64.942023,-2.986559,5
4491,-64.941696,-2.987005,5
4492,-64.941263,-2.987366,2
4493,-64.940581,-2.987901,2
4494,-64.940678,-2.988014,2
4495,-64.939994,-2.988662,2
4496,-64.939483,-2.98964,2
4497,-64.938993,-2.990163,2
4498,-64.938402,-2.990848,2
4499,-64.938245,-2.991697,2
4500,-64.937683,-2.992086,2
4501,-64.937047,-2.992812,2
4502,-64.936427,-2.993245,2
4503,-64.935785,-2.993893,2
4504,-64.935556,-2.994469,2
4505,-64.935404,-2.995326,2
4506,-64.934887,-2.996111,2
4507,-64.934282,-2.996179,2
4508,-64.93414,-2.996731,2
4509,-64.933915,-2.996978,2
4510,-64.933653,-2.997242,2
4511,-64.933399,-2.998235,2
4512,-64.932812,-2.998867,2
4513,-64.932317,-2.999522,2
4514,-64.93213,-3.0,2
4515,-64.931606,-3.000785,2
4516,-64.931403,-3.001935,2
4517,-64.930661,-3.002593,2
4518,-64.930239,-3.003314,2
4519,-64.929607,-3.003784,2
4520,-64.929067,-3.004346,2
4521,-64.928548,-3.005233,2
4522,-64.928172,-3.00597,2
4523,-64.927396,-3.006696,2
4524,-64.927367,-3.00714,2
4525,-64.926718,-3.007712,2
4526,-64.926278,-3.008268,2
4527,-64.925557,-3.00874,2
4528,-64.924971,-3.009382,2
4529,-64.924713,-3.009861,2
4530,-64.92458,-3.010674,2
4531,-64.924092,-3.011623,2
4532,-64.923134,-3.012527,2
4533,-64.922533,-3.013309,2
4534,-64.922451,-3.013778,2
4535,-64.922182,-3.014454,2
4536,-64.921998,-3.01535,2
4537,-64.921357,-3.016205,2
4538,-64.92069,-3.016955,2
4539,-64.920442,-3.01731,2
4540,-64.919851,-3.017742,2
4541,-64.9195,-3.018615,2
4542,-64.918575,-3.019347,2
4543,-64.917648,-3.01991,2
4544,-64.917233,-3.020999,2
4545,-64.916716,-3.0217,2
4546,-64.916276,-3.022323,2
4547,-64.915579,-3.022932,2
4548,-64.91465,-3.023788,2
4549,-64.914149,-3.024425,2
4550,-64.913617,-3.024916,2
4551,-64.912815,-3.025607,2
4552,-64.912297,-3.026522,2
4553,-64.91185,-3.027306,2
4554,-64.911249,-3.027704,2
4555,-64.910813,-3.028078,2
4556,-64.910176,-3.028644,2
4557,-64.909563,-3.029523,2
4558,-64.909023,-3.030155,2
4559,-64.908504,-3.030534,2
4560,-64.907919,-3.030931,2
4561,-64.907421,-3.032135,2
4562,-64.906921,-3.032648,2
4563,-64.906078,-3.033869,2
4564,-64.905572,-3.03449,2
4565,-64.904954,-3.034875,2
4566,-64.904485,-3.035531,2
4567,-64.903457,-3.036433,2
4568,-64.902644,-3.037538,2
4569,-64.902239,-3.037952,2
4570,-64.901444,-3.038832,2
4571,-64.900896,-3.039801,2
4572,-64.900172,-3.040738,2
4573,-64.89943,-3.041783,2
4574,-64.899304,-3.042486,2
4575,-64.898993,-3.043189,2
4576,-64.898594,-3.044139,2
4577,-64.89762,-3.045283,2
4578,-64.882682,-2.994135,3
4579,-64.880501,-2.995866,3
4580,-64.878865,-2.99731,3
4581,-64.876889,-2.999204,3
4582,-64.875329,-3.000977,3
4583,-64.873541,-3.002239,3
4584,-64.871806,-3.004332,3
4585,-64.870423,-3.005999,3
4586,-64.868473,-3.007862,3
4587,-64.866945,-3.009311,3
4588,-64.865108,-3.011016,0
4589,-64.86301,-3.012458,0
4590,-64.861673,-3.013482,0
4591,-64.86016,-3.015034,0
4592,-64.858393,-3.016821,0
4593,-64.857076,-3.018366,0
4594,-64.855216,-3.019649,0
4595,-64.854077,-3.021012,0
4596,-64.852259,-3.022489,0
4597,-64.850912,-3.024274,0
4598,-64.849434,-3.025218,0
4599,-64.848133,-3.02636,0
4600,-64.846758,-3.027803,0
4601,-64.845739,-3.028512,0
4602,-64.84471,-3.029934,0
4603,-64.843425,-3.031286,0
4604,-64.842114,-3.032648,0
4605,-64.841194,-3.033252,0
4606,-64.840195,-3.034443,0
4607,-64.839179,-3.034755,0
4608,-64.837901,-3.03531,0
4609,-64.836568,-3.03595,0
4610,-64.855889,-3.018215,0
4611,-64.872584,-3.018185,3
4612,-64.880074,-3.00203,3
4613,-64.88002,-3.002545,3
4614,-64.879291,-3.002797,3
4615,-64.879389,-3.003281,3
4616,-64.878563,-3.003747,3
4617,-64.878464,-3.004489,3
4618,-64.878464,-3.004306,3
4619,-64.878556,-3.004984,3
4620,-64.877646,-3.004619,3
4621,-64.87721,-3.005455,3
4622,-64.877144,-3.005691,3
4623,-64.877519,-3.006403,3
4624,-64.87776,-3.005946,3
4625,-64.877752,-3.005907,3
4626,-64.87807,-3.006205,3
4627,-64.878551,-3.00619,3
4628,-64.878269,-3.00653,3
4629,-64.878283,-3.006336,3
4630,-64.878388,-3.00658,3
4631,-64.87796,-3.006714,3
4632,-64.878222,-3.007048,3
4633,-64.878331,-3.007453,3
4634,-64.878724,-3.007243,3
4635,-64.878951,-3.007381,3
4636,-64.879109,-3.007418,3
4637,-64.879427,-3.007547,3
4638,-64.879675,-3.007505,3
4639,-64.879835,-3.007626,3
4640,-64.879779,-3.007589,3
4641,-64.880271,-3.007756,3
4642,-64.880614,-3.007555,3
4643,-64.88042,-3.007991,3
4644,-64.881451,-3.007938,3
4645,-64.881538,-3.00801,3
4646,-64.881749,-3.008122,3
4647,-64.881713,-3.007724,3
4648,-64.882059,-3.007599,3
4649,-64.882395,-3.007522,3
4650,-64.882347,-3.007733,3
4651,-64.883264,-3.007784,3
4652,-64.883973,-3.007898,3
4653,-64.88417,-3.007886,3
4654,-64.884787,-3.007865,3
4655,-64.88501,-3.007161,3
4656,-64.885934,-3.006882,3
4657,-64.886611,-3.00644,3
4658,-64.88693,-3.006514,3
4659,-64.887652,-3.006181,3
4660,-64.88831,-3.005732,3
4661,-64.889552,-3.005232,3
4662,-64.890489,-3.005445,3
4663,-64.891396,-3.004693,3
4664,-64.891849,-3.004285,3
4665,-64.893112,-3.003956,3
4666,-64.893631,-3.003426,3
4667,-64.894418,-3.002961,3
4668,-64.895589,-3.002627,3
4669,-64.896189,-3.002341,3
4670,-64.891952,-3.009465,3
4671,-64.877256,-3.035309,0
4672,-64.865158,-3.034125,0
4673,-64.868319,-3.029871,0
4674,-64.871887,-3.025144,0
4675,-64.875578,-3.020903,3
4676,-64.879412,-3.016246,3
4677,-64.883548,-3.011557,3
4678,-64.887394,-3.006681,3
4679,-64.891887,-3.002009,3
4680,-64.89091,-3.0054,3
4681,-64.889858,-3.005673,3
4682,-64.889291,-3.006298,3
4683,-64.889225,-3.006209,3
4684,-64.88886,-3.006496,3
4685,-64.888834,-3.00684,3
4686,-64.889037,-3.007178,3
4687,-64.88967,-3.007272,3
4688,-64.889322,-3.007218,3
4689,-64.889336,-3.006274,3
4690,-64.889083,-3.005742,3
4691,-64.889512,-3.005523,3
4692,-64.889547,-3.005415,3
4693,-64.889952,-3.004625,3
4694,-64.890238,-3.00427,3
4695,-64.890229,-3.003883,3
4696,-64.890773,-3.003553,3
4697,-64.890869,-3.00279,3
4698,-64.891202,-3.002205,3
4699,-64.891144,-3.00147,3
4700,-64.891397,-3.001404,3
4701,-64.89245,-3.000774,3
4702,-64.892407,-3.00599,3
4703,-64.891804,-3.005974,3
4704,-64.891852,-3.006173,3
4705,-64.891056,-3.006903,3
4706,-64.890577,-3.007086,3
4707,-64.890576,-3.00736,3
4708,-64.890203,-3.00773,3
4709,-64.889919,-3.007751,3
4710,-64.888899,-3.008382,3
4711,-64.888362,-3.008877,3
4712,-64.887681,-3.009423,3
4713,-64.887133,-3.009386,3
4714,-64.886616,-3.008847,3
4715,-64.885963,-3.009159,3
4716,-64.886036,-3.009555,3
4717,-64.885895,-3.009599,3
4718,-64.885437,-3.010094,3
4719,-64.88552,-3.009582,3
4720,-64.884899,-3.010087,3
4721,-64.884679,-3.00987,3
4722,-64.884462,-3.009473,3
4723,-64.884499,-3.00991,3
4724,-64.884318,-3.009937,3
4725,-64.88372,-3.010159,3
4726,-64.883452,-3.010653,3
4727,-64.88362,-3.010519,3
4728,-64.882856,-3.010519,3
4729,-64.882496,-3.010453,3
4730,-64.882034,-3.010775,3
4731,-64.881674,-3.011123,3
4732,-64.881576,-3.011621,3
4733,-64.881348,-3.011496,3
4734,-64.881225,-3.011257,3
4735,-64.881209,-3.011681,3
4736,-64.88075,-3.011871,3
4737,-64.880613,-3.011906,3
4738,-64.880406,-3.012287,3
4739,-64.880316,-3.012287,3
4740,-64.879541,-3.012678,3
4741,-64.879285,-3.012899,3
4742,-64.879585,-3.013311,3
4743,-64.878854,-3.013641,3
4744,-64.878845,-3.013985,3
4745,-64.878565,-3.014216,3
4746,-64.878428,-3.014296,3
4747,-64.879048,-3.014271,3
4748,-64.878754,-3.014559,3
4749,-64.878638,-3.014781,3
4750,-64.878544,-3.014947,3
4751,-64.878692,-3.014818,3
4752,-64.878602,-3.015078,3
4753,-64.878487,-3.015258,3
4754,-64.878359,-3.015525,3
4755,-64.878187,-3.016005,3
4756,-64.878104,-3.016182,3
4757,-64.878146,-3.015816,3
4758,-64.877962,-3.015876,3
4759,-64.878333,-3.015588,3
4760,-64.877999,-3.015614,3
4761,-64.877852,-3.016131,3
4762,-64.877509,-3.016424,3
4763,-64.877213,-3.016258,3
4764,-64.877281,-3.016519,3
4765,-64.876836,-3.016713,3
4766,-64.876656,-3.016988,3
4767,-64.876228,-3.017197,3
4768,-64.875713,-3.017284,3
4769,-64.87576,-3.016746,3
4770,-64.875592,-3.016923,3
4771,-64.875961,-3.016992,3
4772,-64.876003,-3.016938,3
4773,-64.875815,-3.017034,3
4774,-64.875594,-3.016906,3
4775,-64.875397,-3.016745,3
4776,-64.874961,-3.016844,3
4777,-64.874825,-3.016612,3
4778,-64.874436,-3.016923,3
4779,-64.874553,-3.016585,3
4780,-64.874525,-3.017025,3
4781,-64.874709,-3.01706,3
4782,-64.874862,-3.017074,3
4783,-64.874532,-3.016969,3
4784,-64.874457,-3.016569,3
4785,-64.874031,-3.016633,3
4786,-64.873791,-3.016255,3
4787,-64.873809,-3.015928,3
4788,-64.87394,-3.015558,3
4789,-64.873931,-3.015058,3
4790,-64.873862,-3.015175,3
4791,-64.874001,-3.015332,3
4792,-64.873704,-3.015697,3
4793,-64.873627,-3.016394,3
4794,-64.873935,-3.016201,3
4795,-64.873756,-3.016382,3
4796,-64.873278,-3.016562,3
4797,-64.873178,-3.016763,3
4798,-64.873327,-3.016581,3
4799,-64.87333,-3.016411,3
4800,-64.873347,-3.016604,3
4801,-64.872828,-3.01637,3
4802,-64.872785,-3.0161,3
4803,-64.871883,-3.015992,3
4804,-64.871896,-3.015644,3
4805,-64.871496,-3.015553,3
4806,-64.871439,-3.015178,3
4807,-64.871456,-3.015157,3
4808,-64.871313,-3.015109,3
4809,-64.871342,-3.014575,3
4810,-64.870819,-3.014294,3
4811,-64.870333,-3.014304,3
4812,-64.870042,-3.014353,3
4813,-64.869384,-3.014401,3
4814,-64.869539,-3.014214,3
4815,-64.869406,-3.014019,3
4816,-64.869208,-3.013729,3
4817,-64.868813,-3.013437,3
4818,-64.868571,-3.013378,3
4819,-64.868464,-3.01316,3
4820,-64.868342,-3.013122,3
4821,-64.868586,-3.013314,3
4822,-64.868413,-3.013499,3
4823,-64.868103,-3.01349,3
4824,-64.868683,-3.013497,3
4825,-64.868904,-3.01317,3
4826,-64.869014,-3.013012,3
4827,-64.86873,-3.012743,3
4828,-64.868469,-3.01245,3
4829,-64.868973,-3.012191,3
4830,-64.868586,-3.011922,3
4831,-64.868366,-3.011993,3
4832,-64.868305,-3.011713,3
4833,-64.868023,-3.011924,3
4834,-64.867974,-3.011664,3
4835,-64.867769,-3.011548,3
4836,-64.86814,-3.011321,3
4837,-64.868197,-3.011154,3
4838,-64.868144,-3.011084,3
4839,-64.868046,-3.010877,3
4840,-64.868181,-3.011063,3
4841,-64.868272,-3.010949,3
4842,-64.868673,-3.011125,3
4843,-64.868892,-3.011293,3
4844,-64.869094,-3.010906,3
4845,-64.868716,-3.010822,3
4846,-64.868401,-3.010463,3
4847,-64.868618,-3.010308,3
4848,-64.868352,-3.010744,3
4849,-64.868548,-3.010261,3
4850,-64.86854,-3.010026,3
4851,-64.86873,-3.009665,3
4852,-64.868826,-3.009432,3
4853,-64.868554,-3.009304,3
4854,-64.869186,-3.0094,3
4855,-64.868892,-3.009083,3
4856,-64.869042,-3.009084,3
4857,-64.868976,-3.008931,3
4858,-64.868916,-3.009145,3
4859,-64.868983,-3.008264,3
4860,-64.86891,-3.007769,3
4861,-64.868603,-3.0075,3
4862,-64.868465,-3.006747,3
4863,-64.868317,-3.006589,3
4864,-64.868639,-3.006167,3
4865,-64.868565,-3.005979,3
4866,-64.868485,-3.006025,3
4867,-64.8685,-3.00547,3
4868,-64.868411,-3.005653,3
4869,-64.86854,-3.005604,3
4870,-64.868574,-3.005264,3
4871,-64.868449,-3.005003,3
4872,-64.868267,-3.004914,3
4873,-64.868011,-3.005156,3
4874,-64.867856,-3.004952,3
4875,-64.867403,-3.004475,3
4876,-64.867323,-3.004044,3
4877,-64.867056,-3.004074,3
4878,-64.866497,-3.004282,3
4879,-64.866104,-3.003694,3
4880,-64.865969,-3.003514,3
4881,-64.866053,-3.003279,3
4882,-64.866082,-3.003066,3
4883,-64.865656,-3.002815,3
4884,-64.865574,-3.002654,3
4885,-64.865637,-3.002346,3
4886,-64.865489,-3.001813,3
4887,-64.865968,-3.001533,3
4888,-64.865815,-3.001077,3
4889,-64.866212,-3.000754,3
4890,-64.86619,-3.000685,3
4891,-64.866195,-3.000344,3
4892,-64.866386,-2.999882,3
4893,-64.866224,-2.999682,3
4894,-64.866645,-2.999687,3
4895,-64.866666,-2.999783,3
4896,-64.866396,-2.999725,3
4897,-64.866587,-2.999207,3
4898,-64.866088,-2.999258,3
4899,-64.866232,-2.998195,3
4900,-64.8662,-2.998387,3
4901,-64.86599,-2.998035,3
4902,-64.865931,-2.997312,3
4903,-64.86585,-2.997619,3
4904,-64.865784,-2.9973,3
4905,-64.865626,-2.997151,3
4906,-64.865548,-2.996869,3
4907,-64.865801,-2.996446,3
4908,-64.865789,-2.996191,3
4909,-64.866228,-2.995672,3
4910,-64.866762,-2.995638,3
4911,-64.8664,-2.995634,3
4912,-64.866287,-2.995231,3
4913,-64.866499,-2.99517,3
4914,-64.866749,-2.994828,3
4915,-64.866651,-2.994868,3
4916,-64.866601,-2.994937,3
4917,-64.867021,-2.994695,3
4918,-64.866857,-2.994444,3
4919,-64.867167,-2.993716,3
4920,-64.867585,-2.993882,3
4921,-64.867537,-2.993294,3
4922,-64.867632,-2.992585,3
4923,-64.867675,-2.9924,3
4924,-64.867855,-2.991929,3
4925,-64.868158,-2.992043,3
4926,-64.86845,-2.991594,3
4927,-64.868687,-2.991128,3
4928,-64.868777,-2.991327,3
4929,-64.868782,-2.990693,3
4930,-64.868964,-2.99002,3
4931,-64.869187,-2.989088,3
4932,-64.868877,-2.988616,3
4933,-64.868661,-2.988633,3
4934,-64.868848,-2.988478,3
4935,-64.868556,-2.987819,3
4936,-64.868386,-2.987305,3
4937,-64.868563,-2.987025,3
4938,-64.868664,-2.98635,3
4939,-64.868697,-2.986159,3
4940,-64.868815,-2.985543,3
4941,-64.869077,-2.985336,3
4942,-64.869616,-2.98485,3
4943,-64.870109,-2.984114,3
4944,-64.870279,-2.98403,3
4945,-64.871307,-2.983285,3
4946,-64.871534,-2.982873,3
4947,-64.871602,-2.9827,3
4948,-64.872118,-2.981816,3
4949,-64.872271,-2.981122,3
4950,-64.872569,-2.980965,3
4951,-64.87301,-2.980134,3
4952,-64.873616,-2.980016,3
4953,-64.874196,-2.979145,3
4954,-64.874664,-2.978182,3
4955,-64.874999,-2.976809,3
4956,-64.8754,-2.975975,3
4957,-64.87565,-2.97575,3
4958,-64.876218,-2.974672,3
4959,-64.876191,-2.97414,3
4960,-64.868103,-2.992196,3
4961,-64.868257,-2.992229,3
4962,-64.867847,-2.992694,3
4963,-64.8673,-2.99333,3
4964,-64.867053,-2.993676,3
4965,-64.866732,-2.994122,3
4966,-64.866938,-2.99392,3
4967,-64.866585,-2.994166,3
4968,-64.865967,-2.994108,3
4969,-64.865629,-2.994581,3
4970,-64.865495,-2.994606,3
4971,-64.86518,-2.994696,3
4972,-64.865267,-2.994885,3
4973,-64.86544,-2.995354,3
4974,-64.864705,-2.995519,3
4975,-64.864511,-2.995553,3
4976,-64.864031,-2.995571,3
4977,-64.863084,-2.995988,3
4978,-64.863157,-2.996279,3
4979,-64.862772,-2.996936,3
4980,-64.863024,-2.997019,3
4981,-64.862132,-2.997209,3
4982,-64.861854,-2.997138,3
4983,-64.861936,-2.997699,3
4984,-64.862134,-2.997875,3
4985,-64.862099,-2.997576,3
4986,-64.86234,-2.997713,3
4987,-64.862324,-2.997544,3
4988,-64.861916,-2.997832,3
4989,-64.861907,-2.997859,3
4990,-64.861818,-2.997765,3
4991,-64.861788,-2.997993,3
4992,-64.861676,-2.997934,3
4993,-64.861539,-2.998051,3
4994,-64.861303,-2.998492,3
4995,-64.861286,-2.999012,3
4996,-64.861137,-2.999133,3
4997,-64.861394,-2.999065,3
4998,-64.861121,-2.999227,3
4999,-64.861239,-2.999336,3
5000,-64.861558,-2.999493,3
5001,-64.861746,-2.999651,3
5002,-64.861984,-2.999511,3
5003,-64.861941,-2.999953,3
5004,-64.862227,-3.000058,3
5005,-64.862425,-3.000204,3
5006,-64.862001,-3.000433,3
5007,-64.86236,-3.000295,3
5008,-64.862288,-3.000504,3
5009,-64.862358,-3.000305,3
5010,-64.862205,-3.000543,3
5011,-64.862327,-3.000173,3
5012,-64.862498,-3.000142,3
5013,-64.862096,-3.000452,3
5014,-64.861878,-3.000605,3
5015,-64.861807,-3.000804,3
5016,-64.861619,-3.000607,3
5017,-64.861455,-3.000346,3
5018,-64.861293,-3.00066,3
5019,-64.861161,-3.000978,3
5020,-64.861594,-3.001335,3
5021,-64.861126,-3.001268,3
5022,-64.861479,-3.000874,3
5023,-64.861548,-3.000886,3
5024,-64.861569,-3.001779,3
5025,-64.861378,-3.002018,3
5026,-64.861803,-3.002508,3
5027,-64.861871,-3.002652,3
5028,-64.861824,-3.002957,3
5029,-64.861589,-3.002895,3
5030,-64.861371,-3.003161,3
5031,-64.861362,-3.002917,3
5032,-64.861407,-3.003177,3
5033,-64.861682,-3.003307,3
5034,-64.861266,-3.003452,3
5035,-64.861106,-3.003535,3
5036,-64.861178,-3.0036,3
5037,-64.861781,-3.003438,3
5038,-64.861497,-3.003496,3
5039,-64.86127,-3.003553,3
5040,-64.861299,-3.003569,3
5041,-64.861572,-3.00329,3
5042,-64.861987,-3.00313,3
5043,-64.86182,-3.003435,3
5044,-64.861854,-3.003831,3
5045,-64.862103,-3.003448,3
5046,-64.861893,-3.003123,3
5047,-64.861579,-3.003195,3
5048,-64.861653,-3.003608,3
5049,-64.861804,-3.004004,3
5050,-64.861729,-3.003928,3
5051,-64.861701,-3.004055,3
5052,-64.861592,-3.003791,3
5053,-64.861702,-3.003923,3
5054,-64.862424,-3.003702,3
5055,-64.862744,-3.003399,3
5056,-64.862236,-3.003552,3
5057,-64.862659,-3.00356,3
5058,-64.862449,-3.003465,3
5059,-64.862361,-3.004117,3
5060,-64.862434,-3.003835,3
5061,-64.862652,-3.003288,3
5062,-64.862806,-3.002959,3
5063,-64.86302,-3.003231,3
5064,-64.863047,-3.003205,3
5065,-64.863479,-3.003505,3
5066,-64.863293,-3.003669,3
5067,-64.863125,-3.003283,3
5068,-64.863052,-3.003531,3
5069,-64.863328,-3.003447,3
5070,-64.863066,-3.003269,3
5071,-64.863239,-3.003271,3
5072,-64.863463,-3.003393,3
5073,-64.863373,-3.003174,3
5074,-64.863452,-3.00332,3
5075,-64.863643,-3.003279,3
5076,-64.863463,-3.003452,3
5077,-64.863646,-3.003318,3
5078,-64.863746,-3.003476,3
5079,-64.863961,-3.003903,3
5080,-64.864008,-3.00354,3
5081,-64.864304,-3.003243,3
5082,-64.864246,-3.003007,3
5083,-64.864103,-3.002825,3
5084,-64.863935,-3.002809,3
5085,-64.864061,-3.002695,3
5086,-64.864168,-3.002389,3
5087,-64.864448,-3.002577,3
5088,-64.864803,-3.002827,3
5089,-64.865197,-3.003013,3
5090,-64.865244,-3.003364,3
5091,-64.865094,-3.003077,3
5092,-64.864848,-3.003167,3
5093,-64.865038,-3.003016,3
5094,-64.865232,-3.003095,3
5095,-64.864996,-3.003201,3
5096,-64.864937,-3.003048,3
5097,-64.865289,-3.00296,3
5098,-64.865213,-3.002886,3
5099,-64.865443,-3.002751,3
5100,-64.865539,-3.002709,3
5101,-64.865526,-3.002524,3
5102,-64.866022,-3.002407,3
5103,-64.866403,-3.00246,3
5104,-64.866777,-3.002322,3
5105,-64.86677,-3.002303,3
5106,-64.866945,-3.002242,3
5107,-64.8667,-3.002058,3
5108,-64.867093,-3.002291,3
5109,-64.867594,-3.002313,3
5110,-64.867917,-3.002282,3
5111,-64.868101,-3.002262,3
5112,-64.868323,-3.00196,3
5113,-64.86829,-3.001678,3
5114,-64.868556,-3.001625,3
5115,-64.86903,-3.001361,3
5116,-64.868853,-3.00079,3
5117,-64.868878,-3.000789,3
5118,-64.869048,-3.000731,3
5119,-64.869225,-3.000587,3
5120,-64.869061,-3.000076,3
5121,-64.869295,-2.999878,3
5122,-64.869591,-2.99958,3
5123,-64.869668,-2.99949,3
5124,-64.869673,-2.999313,3
5125,-64.86971,-2.999426,3
5126,-64.870138,-2.99947,3
5127,-64.870289,-2.99906,3
5128,-64.870545,-2.998968,3
5129,-64.870895,-2.998255,3
5130,-64.871284,-2.99789,3
5131,-64.87142,-2.997434,3
5132,-64.871103,-2.997183,3
5133,-64.871359,-2.997156,3
5134,-64.871849,-2.997509,3
5135,-64.872247,-2.997597,3
5136,-64.872249,-2.997592,3
5137,-64.872401,-2.997307,3
5138,-64.873179,-2.997256,3
5139,-64.873556,-2.997346,3
5140,-64.873729,-2.996938,3
5141,-64.873901,-2.996751,3
5142,-64.874291,-2.99705,3
5143,-64.874177,-2.997101,3
5144,-64.874343,-2.996675,3
5145,-64.87462,-2.996777,3
5146,-64.874985,-2.995989,3
5147,-64.874761,-2.995897,3
5148,-64.875033,-2.99625,3
5149,-64.875153,-2.995942,3
5150,-64.875375,-2.995715,3
5151,-64.875666,-2.995527,3
5152,-64.876013,-2.995246,3
5153,-64.876375,-2.994674,3
5154,-64.87676,-2.994403,3
5155,-64.8773,-2.994093,3
5156,-64.877532,-2.993867,3
5157,-64.87801,-2.993898,3
5158,-64.878051,-2.993742,3
5159,-64.878497,-2.993698,3
5160,-64.878912,-2.993147,3
5161,-64.879344,-2.993396,3
5162,-64.879649,-2.993591,3
5163,-64.880107,-2.993631,3
5164,-64.880477,-2.993193,3
5165,-64.880472,-2.993019,3
5166,-64.880905,-2.992497,3
5167,-64.88099,-2.992703,3
5168,-64.881278,-2.992296,3
5169,-64.881172,-2.99169,3
5170,-64.881618,-2.990969,3
5171,-64.882134,-2.990717,3
5172,-64.882613,-2.990454,3
5173,-64.882931,-2.989929,3
5174,-64.882976,-2.989242,3
5175,-64.883665,-2.988923,3
5176,-64.884088,-2.988429,3
5177,-64.884176,-2.988146,3
5178,-64.884346,-2.987906,3
5179,-64.884466,-2.987828,3
5180,-64.884956,-2.987618,3
5181,-64.885296,-2.986948,3
5182,-64.88566,-2.986648,3
5183,-64.885592,-2.986131,3
5184,-64.8859,-2.985843,3
5185,-64.886186,-2.985873,3
5186,-64.886548,-2.985523,3
5187,-64.887033,-2.985213,3
5188,-64.887377,-2.984946,3
5189,-64.887496,-2.985151,3
5190,-64.887343,-2.984846,3
5191,-64.887951,-2.984137,3
5192,-64.887902,-2.984138,3
5193,-64.888355,-2.983794,3
5194,-64.888951,-2.983415,3
5195,-64.888792,-2.983657,3
5196,-64.889312,-2.983099,3
5197,-64.889544,-2.982836,3
5198,-64.890015,-2.982609,3
5199,-64.890311,-2.982451,3
5200,-64.890744,-2.981745,3
5201,-64.891073,-2.981434,3
5202,-64.890921,-2.981529,3
5203,-64.89092,-2.981754,3
5204,-64.891377,-2.981647,3
5205,-64.891669,-2.980944,3
5206,-64.892049,-2.980385,3
5207,-64.891947,-2.980569,3
5208,-64.892398,-2.980359,3
5209,-64.89273,-2.979756,3
5210,-64.892713,-2.979132,3
5211,-64.893272,-2.978516,3
5212,-64.893572,-2.978446,3
5213,-64.894056,-2.977726,3
5214,-64.894832,-2.977076,3
5215,-64.895575,-2.976933,3
5216,-64.895977,-2.976414,3
5217,-64.896926,-2.976079,3
5218,-64.897251,-2.976362,3
5219,-64.89755,-2.975793,3
5220,-64.89813,-2.975358,3
5221,-64.898308,-2.975083,3
5222,-64.899026,-2.974912,3
5223,-64.899906,-2.974513,3
5224,-64.900738,-2.97399,3
5225,-64.900949,-2.973486,3
5226,-64.901507,-2.972933,3
5227,-64.902133,-2.972481,3
5228,-64.902765,-2.972371,3
5229,-64.903597,-2.972036,3
5230,-64.904406,-2.971433,3
5231,-64.904789,-2.971075,3
5232,-64.905453,-2.971047,3
5233,-64.905916,-2.970731,3
5234,-64.915826,-2.97283,3
5235,-64.914996,-2.971691,3
5236,-64.914321,-2.971251,3
5237,-64.91364,-2.970942,3
5238,-64.912741,-2.970478,3
5239,-64.911659,-2.969549,3
5240,-64.910448,-2.969009,3
5241,-64.909695,-2.967704,3
5242,-64.908544,-2.967411,3
5243,-64.907674,-2.966997,3
5244,-64.907232,-2.966514,3
5245,-64.906577,-2.965984,3
5246,-64.906029,-2.965034,3
5247,-64.905293,-2.964788,3
5248,-64.904305,-2.964605,3
5249,-64.903622,-2.963617,3
5250,-64.903166,-2.963186,3
5251,-64.902957,-2.962289,3
5252,-64.902605,-2.961742,3
5253,-64.902188,-2.960535,3
5254,-64.902166,-2.96003,3
5255,-64.901852,-2.958695,3
5256,-64.901633,-2.957667,3
5257,-64.901434,-2.956641,3
5258,-64.901894,-2.955442,3
5259,-64.90167,-2.954551,3
5260,-64.901655,-2.953568,3
5261,-64.901442,-2.952672,1
5262,-64.901055,-2.952041,1
5263,-64.900946,-2.950918,1
5264,-64.900968,-2.950004,1
5265,-64.900628,-2.948385,1
5266,-64.900585,-2.947609,1
5267,-64.900649,-2.946424,1
5268,-64.901254,-2.945055,1
5269,-64.901354,-2.944321,1
5270,-64.872117,-2.965269,3
5271,-64.872434,-2.966519,3
5272,-64.872725,-2.967345,3
5273,-64.872267,-2.968251,3
5274,-64.871926,-2.96912,3
5275,-64.872638,-2.969659,3
5276,-64.872636,-2.970205,3
5277,-64.873152,-2.971191,3
5278,-64.872807,-2.972273,3
5279,-64.873045,-2.973603,3
5280,-64.873638,-2.974249,3
5281,-64.873999,-2.97463,3
5282,-64.873506,-2.97544,3
5283,-64.873322,-2.976608,3
5284,-64.873079,-2.97646,3
5285,-64.873356,-2.977085,3
5286,-64.873154,-2.977927,3
5287,-64.87277,-2.978772,3
5288,-64.873178,-2.979334,3
5289,-64.873421,-2.980183,3
5290,-64.873943,-2.981042,3
5291,-64.873499,-2.981841,3
5292,-64.873368,-2.982775,3
5293,-64.873518,-2.98316,3
5294,-64.874038,-2.984321,3
5295,-64.874495,-2.985051,3
5296,-64.8743,-2.98564,3
5297,-64.874682,-2.985992,3
5298,-64.874827,-2.986262,3
5299,-64.874748,-2.986645,3
5300,-64.874841,-2.987117,3
5301,-64.875114,-2.988058,3
5302,-64.875646,-2.988253,3
5303,-64.87592,-2.988519,3
5304,-64.876403,-2.989206,3
5305,-64.87668,-2.989602,3
5306,-64.877103,-2.990432,3
5307,-64.877786,-2.990361,3
5308,-64.878051,-2.990759,3
5309,-64.878214,-2.990822,3
5310,-64.878861,-2.991184,3
5311,-64.878504,-2.991731,3
5312,-64.879126,-2.991939,3
5313,-64.879588,-2.992392,3
5314,-64.879876,-2.992447,3
5315,-64.880571,-2.992915,3
5316,-64.881118,-2.993369,3
5317,-64.881662,-2.993528,3
5318,-64.882667,-2.993553,3
5319,-64.883372,-2.993716,3
5320,-64.88408,-2.993908,3
5321,-64.884427,-2.993485,3
5322,-64.885165,-2.993409,3
5323,-64.885846,-2.993374,3
5324,-64.887118,-2.9936,3
5325,-64.887722,-2.993206,3
5326,-64.888959,-2.993632,3
5327,-64.889949,-2.993189,3
5328,-64.890632,-2.993203,3
5329,-64.891551,-2.992481,3
5330,-64.892167,-2.991961,3
5331,-64.892844,-2.992314,3
5332,-64.894001,-2.992276,3
5333,-64.910311,-2.982632,2
5334,-64.907556,-2.974118,3
5335,-64.904571,-2.965281,3
5336,-64.901556,-2.956729,3
5337,-64.898372,-2.947588,1
5338,-64.895577,-2.938909,1
5339,-64.892838,-2.930494,1
5340,-64.890452,-2.922205,1
5341,-64.889779,-2.922937,1
5342,-64.882579,-2.925814,1
5343,-64.880299,-2.925989,1
5344,-64.877233,-2.926429,1
5345,-64.874868,-2.926439,1
5346,-64.872486,-2.927103,1
5347,-64.86986,-2.92717,1
5348,-64.867604,-2.92685,1
5349,-64.865166,-2.926996,1
5350,-64.863435,-2.926828,1
5351,-64.86136,-2.926517,1
5352,-64.859127,-2.925829,1
5353,-64.857059,-2.925263,1
5354,-64.854646,-2.925011,1
5355,-64.853139,-2.924932,1
5356,-64.85297,-2.924856,1
5357,-64.853562,-2.925367,1
5358,-64.854462,-2.925359,1
5359,-64.855353,-2.926031,1
5360,-64.856403,-2.926154,1
5361,-64.856741,-2.926443,1
5362,-64.857652,-2.926078,1
5363,-64.858603,-2.925652,1
5364,-64.859851,-2.925739,1
5365,-64.860777,-2.925415,1
5366,-64.8614,-2.925518,1
5367,-64.861989,-2.925809,1
5368,-64.86277,-2.925403,1
5369,-64.863591,-2.925564,1
5370,-64.864456,-2.925203,1
5371,-64.865264,-2.925308,1
5372,-64.866338,-2.925255,1
5373,-64.867289,-2.924962,1
5374,-64.868464,-2.924699,1
5375,-64.869588,-2.924932,1
5376,-64.870882,-2.924816,1
5377,-64.871715,-2.924676,1
5378,-64.873058,-2.924901,1
5379,-64.874028,-2.9247,1
5380,-64.875399,-2.92442,1
5381,-64.875208,-2.923754,1
5382,-64.867712,-2.924198,1
5383,-64.879609,-2.918924,1
5384,-64.879312,-2.918677,1
5385,-64.87904,-2.917991,1
5386,-64.878813,-2.91789,1
5387,-64.878841,-2.918218,1
5388,-64.879114,-2.917687,1
5389,-64.879502,-2.917122,1
5390,-64.88006,-2.916389,1
5391,-64.88023,-2.916039,1
5392,-64.880444,-2.915849,1
5393,-64.88107,-2.915572,1
5394,-64.881262,-2.914932,1
5395,-64.88179,-2.914343,1
5396,-64.882083,-2.914003,1
5397,-64.883057,-2.913602,1
5398,-64.883448,-2.913551,1
5399,-64.883626,-2.913218,1
5400,-64.884144,-2.912907,1
5401,-64.88433,-2.912116,1
5402,-64.885072,-2.911503,1
5403,-64.885631,-2.911317,1
5404,-64.886077,-2.910698,1
5405,-64.887365,-2.910209,1
5406,-64.887949,-2.910164,1
5407,-64.88843,-2.909326,1
5408,-64.888964,-2.908702,1
5409,-64.88944,-2.908186,1
5410,-64.904857,-2.891993,1
5411,-64.905253,-2.890914,1
5412,-64.906087,-2.889551,1
5413,-64.907021,-2.887778,1
5414,-64.908346,-2.886615,1
5415,-64.909069,-2.885186,1
5416,-64.91008,-2.883256,1
5417,-64.898234,-2.886247,1
5418,-64.898873,-2.886486,1
5419,-64.898664,-2.886326,1
5420,-64.898476,-2.886266,1
5421,-64.898899,-2.886217,1
5422,-64.899153,-2.885628,1
5423,-64.899489,-2.884523,1
5424,-64.899958,-2.883862,1
5425,-64.900665,-2.882927,1
5426,-64.900857,-2.881887,1
5427,-64.901829,-2.881101,1
5428,-64.902458,-2.880271,1
5429,-64.903154,-2.879304,1
5430,-64.904359,-2.878281,1
5431,-64.905256,-2.877592,1
5432,-64.906497,-2.876219,1
5433,-64.906729,-2.876098,1
5434,-64.905223,-2.881606,1
5435,-64.903417,-2.886635,1
5436,-64.901494,-2.891882,1
5437,-64.899845,-2.896749,1
5438,-64.89786,-2.901279,1
5439,-64.885516,-2.907071,1
5440,-64.886705,-2.905869,1
5441,-64.888166,-2.905383,1
5442,-64.889251,-2.904599,1
5443,-64.89033,-2.903671,1
5444,-64.89186,-2.902857,1
5445,-64.893181,-2.902318,1
5446,-64.89469,-2.900886,1
5447,-64.895818,-2.899924,1
5448,-64.897001,-2.898782,1
5449,-64.898606,-2.897849,1
5450,-64.900102,-2.89662,1
5451,-64.901509,-2.895506,1
5452,-64.903207,-2.893999,1
5453,-64.904641,-2.893131,1
5454,-64.905981,-2.892099,1
5455,-64.907561,-2.890674,1
5456,-64.909075,-2.889182,1
5457,-64.910862,-2.888006,1
5458,-64.912332,-2.8862,1
5459,-64.913777,-2.884776,1
5460,-64.915452,-2.883937,4
5461,-64.916086,-2.884296,4
5462,-64.914062,-2.885286,1
5463,-64.912674,-2.88612,1
5464,-64.910218,-2.887199,1
5465,-64.908911,-2.88805,1
5466,-64.907043,-2.889053,1
5467,-64.905545,-2.889884,1
5468,-64.904135,-2.890752,1
5469,-64.902279,-2.891514,1
5470,-64.900644,-2.892274,1
5471,-64.899148,-2.892659,1
5472,-64.89792,-2.893832,1
5473,-64.89683,-2.894369,1
5474,-64.89529,-2.894783,1
5475,-64.895517,-2.894524,1
5476,-64.895665,-2.902016,1
5477,-64.89392,-2.90301,1
5478,-64.892733,-2.903882,1
5479,-64.890879,-2.904856,1
5480,-64.889276,-2.905597,1
5481,-64.887789,-2.906054,1
5482,-64.886437,-2.90649,1
5483,-64.885196,-2.907147,1
5484,-64.883531,-2.907701,1
5485,-64.883013,-2.908309,1
5486,-64.883596,-2.908246,1
5487,-64.883506,-2.907743,1
5488,-64.883776,-2.907518,1
5489,-64.884338,-2.907108,1
5490,-64.885077,-2.906953,1
5491,-64.88531,-2.906975,1
5492,-64.884232,-2.908516,1
5493,-64.88541,-2.907443,1
5494,-64.886934,-2.905927,1
5495,-64.887974,-2.904431,1
5496,-64.889113,-2.902882,1
5497,-64.891207,-2.901558,1
5498,-64.892388,-2.900076,1
5499,-64.893889,-2.898057,1
5500,-64.895089,-2.896516,1
5501,-64.896274,-2.895064,1
5502,-64.897816,-2.893385,1
5503,-64.899614,-2.891476,1
5504,-64.901284,-2.890249,1
5505,-64.902695,-2.888494,1
5506,-64.90471,-2.887131,1
5507,-64.906447,-2.88542,1
5508,-64.908428,-2.883468,1
5509,-64.910496,-2.88178,1
5510,-64.912617,-2.879731,1
5511,-64.915086,-2.890926,1
5512,-64.912969,-2.89222,1
5513,-64.910322,-2.893564,1
5514,-64.908057,-2.895388,1
5515,-64.906786,-2.896935,1
5516,-64.904865,-2.898098,1
5517,-64.9035,-2.899252,1
5518,-64.902219,-2.894872,1
5519,-64.901991,-2.895348,1
5520,-64.901728,-2.895609,1
5521,-64.901767,-2.895818,1
5522,-64.901444,-2.895899,1
5523,-64.901219,-2.896008,1
5524,-64.901402,-2.896323,1
5525,-64.901545,-2.896842,1
5526,-64.901238,-2.897429,1
5527,-64.901092,-2.898048,1
5528,-64.901141,-2.89847,1
5529,-64.901435,-2.898439,1
5530,-64.901702,-2.898842,1
5531,-64.901628,-2.899104,1
5532,-64.901658,-2.899563,1
5533,-64.90209,-2.900278,1
5534,-64.902529,-2.90065,1
5535,-64.903142,-2.900792,1
5536,-64.903318,-2.901121,1
5537,-64.903549,-2.901461,1
5538,-64.904215,-2.901606,1
5539,-64.904492,-2.902086,1
5540,-64.904833,-2.902255,1
5541,-64.90515,-2.90212,1
5542,-64.905359,-2.902898,1
5543,-64.905729,-2.902717,1
5544,-64.899112,-2.90539,1
5545,-64.900633,-2.906877,1
5546,-64.902395,-2.907233,1
5547,-64.90361,-2.907959,1
5548,-64.905344,-2.908664,1
5549,-64.906798,-2.909497,1
5550,-64.908782,-2.910256,1
5551,-64.910302,-2.911263,1
5552,-64.911942,-2.912074,1
5553,-64.913784,-2.912727,1
5554,-64.91531,-2.913591,1
5555,-64.917545,-2.914471,1
5556,-64.919753,-2.914967,1
5557,-64.921758,-2.915698,1
5558,-64.92324,-2.91636,1
5559,-64.9249,-2.917533,1
5560,-64.926717,-2.918558,1
5561,-64.928603,-2.919126,1
5562,-64.930379,-2.919747,1
5563,-64.93273,-2.920211,1
5564,-64.935067,-2.921253,1
5565,-64.936908,-2.921835,1
5566,-64.939123,-2.922145,1
5567,-64.941143,-2.922707,1
5568,-64.94333,-2.923237,1
5569,-64.94556,-2.923654,1
5570,-64.947834,-2.923999,5
5571,-64.950449,-2.924046,5
5572,-64.95264,-2.92484,5
5573,-64.954853,-2.924572,5
5574,-64.957083,-2.925172,5
5575,-64.959422,-2.925771,5
5576,-64.961979,-2.92554,5
5577,-64.9647,-2.925538,5
5578,-64.967026,-2.925981,5
5579,-64.968721,-2.926129,5
5580,-64.971471,-2.926749,5
5581,-64.968391,-2.916272,5
5582,-64.967453,-2.916876,5
5583,-64.966168,-2.917765,5
5584,-64.965612,-2.918877,5
5585,-64.964523,-2.920354,5
5586,-64.963578,-2.921166,5
5587,-64.96256,-2.921951,5
5588,-64.961698,-2.922943,5
5589,-64.960642,-2.924243,5
5590,-64.960396,-2.924846,5
5591,-64.959705,-2.9255,5
5592,-64.959122,-2.926822,5
5593,-64.958292,-2.927744,5
5594,-64.95769,-2.928426,5
5595,-64.957222,-2.929026,5
5596,-64.956714,-2.929845,5
5597,-64.956268,-2.930484,5
5598,-64.956232,-2.931569,5
5599,-64.955517,-2.93268,5
5600,-64.955037,-2.933065,5
5601,-64.954539,-2.933751,5
5602,-64.953981,-2.934436,5
5603,-64.953641,-2.93516,5
5604,-64.953653,-2.935882,5
5605,-64.953324,-2.936941,5
5606,-64.953359,-2.937225,5
5607,-64.95292,-2.937473,5
5608,-64.953098,-2.938149,5
5609,-64.953015,-2.938898,5
5610,-64.953178,-2.93951,5
5611,-64.947411,-2.926693,5
5612,-64.943739,-2.928335,1
5613,-64.939596,-2.929111,1
5614,-64.934902,-2.929449,1
5615,-64.930829,-2.930208,1
5616,-64.926627,-2.930455,1
5617,-64.922941,-2.931404,1
5618,-64.91882,-2.931591,1
5619,-64.914626,-2.932012,1
5620,-64.911185,-2.932538,1
5621,-64.907785,-2.932584,1
5622,-64.904424,-2.932741,1
5623,-64.900787,-2.932956,1
5624,-64.897145,-2.933092,1
5625,-64.893376,-2.932986,1
5626,-64.889289,-2.93345,1
5627,-64.885383,-2.934129,1
5628,-64.881553,-2.933967,1
5629,-64.877966,-2.933984,1
5630,-64.874454,-2.933961,1
5631,-64.871319,-2.934014,1
5632,-64.871263,-2.933914,1
5633,-64.913213,-2.937081,1
5634,-64.914045,-2.936983,1
5635,-64.91486,-2.937565,1
5636,-64.915896,-2.93803,1
5637,-64.916583,-2.938228,1
5638,-64.918089,-2.938514,1
5639,-64.919383,-2.938914,1
5640,-64.920642,-2.938819,1
5641,-64.921688,-2.938714,1
5642,-64.923187,-2.938852,1
5643,-64.925237,-2.938697,1
5644,-64.926932,-2.938438,1
5645,-64.928995,-2.937116,1
5646,-64.931026,-2.937513,1
5647,-64.930652,-2.937293,1
5648,-64.936256,-2.934823,1
5649,-64.942194,-2.93168,1
5650,-64.949339,-2.928824,5
5651,-64.949467,-2.928356,5
5652,-64.948986,-2.94293,5
5653,-64.944302,-2.960946,5
5654,-64.94185,-2.954736,5
5655,-64.941478,-2.947653,5
5656,-64.938924,-2.948745,5
5657,-64.936744,-2.950179,5
5658,-64.934737,-2.951388,5
5659,-64.932905,-2.952492,5
5660,-64.931044,-2.953957,5
5661,-64.929864,-2.955178,5
5662,-64.934767,-2.953813,5
5663,-64.929,-2.953776,5
5664,-64.929104,-2.953843,5
5665,-64.929153,-2.95395,5
5666,-64.929434,-2.953367,5
5667,-64.929739,-2.953377,5
5668,-64.930172,-2.95342,5
5669,-64.930977,-2.953274,5
5670,-64.931623,-2.952642,5
5671,-64.932295,-2.952185,5
5672,-64.932965,-2.951949,5
5673,-64.933769,-2.951098,5
5674,-64.935109,-2.950103,5
5675,-64.935777,-2.949759,5
5676,-64.937808,-2.948379,5
5677,-64.939005,-2.947967,5
5678,-64.942666,-2.962703,5
5679,-64.937678,-2.942852,1
5680,-64.940559,-2.940552,1
5681,-64.942485,-2.93849,1
5682,-64.945408,-2.936131,1
5683,-64.948616,-2.933303,5
5684,-64.952109,-2.931194,5
5685,-64.955787,-2.928503,5
5686,-64.959569,-2.925993,5
5687,-64.963721,-2.923835,5
5688,-64.967344,-2.920747,5
5689,-64.96718,-2.920965,5
5690,-64.951366,-2.927236,5
5691,-64.954617,-2.944203,5
5692,-64.955713,-2.943425,5
5693,-64.957881,-2.942244,5
5694,-64.94602,-2.953584,5
5695,-64.944056,-2.951754,5
5696,-64.941748,-2.949762,5
5697,-64.940545,-2.947466,5
5698,-64.939201,-2.944888,5
5699,-64.938067,-2.942337,1
5700,-64.937086,-2.9392,1
5701,-64.937364,-2.939991,1
5702,-64.931237,-2.950316,5
5703,-64.931691,-2.95078,5
5704,-64.931644,-2.951096,5
5705,-64.93155,-2.951797,5
5706,-64.931553,-2.95302,5
5707,-64.931859,-2.953999,5
5708,-64.93193,-2.954694,5
5709,-64.932398,-2.954985,5
5710,-64.932673,-2.955209,5
5711,-64.932726,-2.956109,5
5712,-64.932826,-2.956147,5
5713,-64.933015,-2.956908,5
5714,-64.933098,-2.957372,5
5715,-64.932986,-2.957581,5
5716,-64.933436,-2.958027,5
5717,-64.933808,-2.958376,5
5718,-64.933867,-2.958741,5
5719,-64.934149,-2.959062,5
5720,-64.934164,-2.959681,5
5721,-64.934273,-2.960275,5
5722,-64.934582,-2.960253,5
5723,-64.934827,-2.960914,5
5724,-64.934882,-2.960705,5
5725,-64.935414,-2.960843,5
5726,-64.935472,-2.960978,5
5727,-64.936066,-2.960747,5
5728,-64.93671,-2.961187,5
5729,-64.937275,-2.961152,5
5730,-64.937747,-2.960896,5
5731,-64.937979,-2.960757,5
5732,-64.938386,-2.96068,5
5733,-64.93893,-2.960769,5
5734,-64.939448,-2.959995,5
5735,-64.940358,-2.959438,5
5736,-64.940851,-2.959603,5
5737,-64.941846,-2.95901,5
5738,-64.942675,-2.958618,5
5739,-64.94349,-2.95841,5
5740,-64.946437,-2.962886,5
5741,-64.953676,-2.957875,5
5742,-64.952503,-2.958318,5
5743,-64.951959,-2.959305,5
5744,-64.950965,-2.96011,5
5745,-64.950493,-2.960466,5
5746,-64.950785,-2.961019,5
5747,-64.950353,-2.961331,5
5748,-64.950081,-2.961654,5
5749,-64.949823,-2.961639,5
5750,-64.949639,-2.961621,5
5751,-64.949437,-2.96185,5
5752,-64.949466,-2.962011,5
5753,-64.949576,-2.961905,5
5754,-64.949749,-2.961437,5
5755,-64.949885,-2.96173,5
5756,-64.936594,-2.95337,5
5757,-64.93162,-2.95206,5
5758,-64.938036,-2.93984,1
5759,-64.938099,-2.940957,1
5760,-64.938596,-2.940293,1
5761,-64.937657,-2.941129,1
5762,-64.899842,-2.937072,1
5763,-64.876343,-2.947785,3
5764,-64.878633,-2.928712,1
5765,-64.87505,-2.924885,1
5766,-64.844202,-2.958729,3
5767,-64.854579,-3.009822,0
5768,-64.843904,-2.974509,3
5769,-64.842295,-2.97516,3
5770,-64.872038,-2.965934,3
5771,-64.876786,-2.955899,3
5772,-64.881552,-2.948252,3
5773,-64.878897,-2.92945,1
5774,-64.913503,-2.933872,1
5775,-64.906302,-2.947138,1
5776,-64.890151,-2.940778,1
5777,-64.87193,-2.935037,1
5778,-64.854375,-2.930437,1
5779,-64.854587,-2.929987,1
5780,-64.853686,-2.924998,1
5781,-64.913651,-2.93495,1
5782,-64.894303,-2.953561,3
5783,-64.872964,-2.974408,3
5784,-64.866034,-2.974841,3
5785,-64.837716,-2.956971,3
5786,-64.840234,-2.967503,3
5787,-64.865454,-2.963074,3
5788,-64.864969,-2.964186,3
5789,-64.875226,-2.964064,3
5790,-64.863533,-2.961849,3
5791,-64.849205,-2.964759,3
5792,-64.833509,-2.969258,3
5793,-64.84923,-2.951728,3
5794,-64.886454,-2.92017,1
5795,-64.879474,-2.916016,1
5796,-64.893952,-2.90243,1
5797,-64.892472,-2.904194,1
5798,-64.913806,-2.916168,1
5799,-64.911921,-2.926804,1
5800,-64.909921,-2.938746,1
5801,-64.895838,-2.964468,3
5802,-64.887778,-2.966209,3
5803,-64.875318,-2.971952,3
5804,-64.8747,-2.973533,3
5805,-64.890933,-2.939325,1
5806,-64.878774,-2.929838,1
5807,-64.87806,-2.922612,1
5808,-64.876106,-2.918675,1
5809,-64.872589,-2.917018,1
5810,-64.903747,-2.885676,1
5811,-64.91116,-2.883703,1
5812,-64.918126,-2.882588,4
5813,-64.91796,-2.88184,4
5814,-64.900175,-2.897543,1
5815,-64.892462,-2.906784,1
5816,-64.912589,-2.911045,1
5817,-64.910368,-2.908491,1
5818,-64.912362,-2.911987,1
5819,-64.909984,-2.919774,1
5820,-64.907377,-2.927061,1
5821,-64.904412,-2.936939,1
5822,-64.904036,-2.935592,1
5823,-64.913066,-2.900717,1
5824,-64.924019,-2.877844,4
5825,-64.928071,-2.865808,4
5826,-64.928794,-2.867456,4
5827,-64.928127,-2.870977,4
5828,-64.926732,-2.872372,4
5829,-64.935529,-2.859531,4
5830,-64.945769,-2.856036,4
5831,-64.911699,-2.908048,1
5832,-64.907271,-2.913136,1
5833,-64.874011,-2.93717,1
5834,-64.889965,-2.92523,1
5835,-64.900459,-2.915878,1
5836,-64.904722,-2.915258,1
5837,-64.908626,-2.911308,1
5838,-64.909327,-2.909683,1
5839,-64.909681,-2.908264,1
5840,-64.900526,-2.908407,1
5841,-64.888507,-2.911034,1
5842,-64.887313,-2.909121,1
5843,-64.8957,-2.908749,1
5844,-64.905163,-2.909486,1
5845,-64.907811,-2.912843,1
5846,-64.908453,-2.909894,1
5847,-64.895812,-2.924559,1
5848,-64.893272,-2.92139,1
5849,-64.889394,-2.921194,1
5850,-64.899231,-2.916838,1
5851,-64.9073,-2.904715,1
5852,-64.915043,-2.894122,1
5853,-64.919553,-2.886478,4
5854,-64.926029,-2.86831,4
5855,-64.92552,-2.867974,4
5856,-64.924837,-2.865816,4
5857,-64.908138,-2.909917,1
5858,-64.909936,-2.909174,1
5859,-64.913262,-2.926079,1
5860,-64.91387,-2.945897,1
5861,-64.914715,-2.948024,1
5862,-64.89772,-2.966969,3
5863,-64.856978,-2.987803,3
5864,-64.855384,-2.989324,3
5865,-64.874971,-2.96077,3
5866,-64.892357,-2.934084,1
5867,-64.910829,-2.907239,1
5868,-64.909631,-2.909602,1
5869,-64.908236,-2.914778,1
5870,-64.907065,-2.919817,1
5871,-64.905528,-2.924549,1
5872,-64.90391,-2.929966,1
5873,-64.888983,-2.925243,1
5874,-64.878416,-2.927157,1
5875,-64.866869,-2.929715,1
5876,-64.85266,-2.934248,1
5877,-64.84055,-2.938804,1
5878,-64.845002,-2.93728,1
5879,-64.835124,-2.972827,3
5880,-64.865573,-2.979521,3
5881,-64.864424,-2.980001,3
5882,-64.901964,-2.89427,1
5883,-64.911437,-2.878598,1
5884,-64.918815,-2.876148,4
5885,-64.912616,-2.879227,1
5886,-64.913406,-2.879153,1
5887,-64.902705,-2.895218,1
5888,-64.892141,-2.912617,1
5889,-64.896265,-2.910105,1
5890,-64.843684,-2.92246,1
5891,-64.837372,-2.974774,3
5892,-64.862494,-2.97643,3
5893,-64.862191,-2.976313,3
5894,-64.881052,-2.950184,3
5895,-64.854806,-2.920787,1
5896,-64.899706,-2.917295,1
5897,-64.904465,-2.883386,1
5898,-64.905022,-2.885442,1
5899,-64.910503,-2.886179,1
5900,-64.91762,-2.883724,4
5901,-64.92056,-2.885353,4
5902,-64.915811,-2.886448,4
5903,-64.905394,-2.892404,1
5904,-64.902959,-2.893247,1
5905,-64.905365,-2.893582,1
5906,-64.904482,-2.893556,1
5907,-64.932873,-2.849585,4
5908,-64.914482,-2.878207,1
5909,-64.908733,-2.899564,1
5910,-64.911217,-2.899467,1
5911,-64.911516,-2.896568,1
5912,-64.91044,-2.895703,1
5913,-64.910236,-2.895897,1
5914,-64.911079,-2.893451,1
5915,-64.912019,-2.890992,1
5916,-64.911737,-2.889015,1
5917,-64.905132,-2.885827,1
5918,-64.906115,-2.881081,1
5919,-64.905007,-2.883896,1
5920,-64.891122,-2.888485,1
5921,-64.89638,-2.883372,1
5922,-64.900695,-2.879107,1
5923,-64.897798,-2.901266,1
5924,-64.89757,-2.901624,1
5925,-64.909973,-2.896784,1
5926,-64.8934,-2.881648,1
5927,-64.913095,-2.874248,1
5928,-64.898261,-2.829171,4
5929,-64.903078,-2.830914,4
5930,-64.898878,-2.855878,4
5931,-64.895036,-2.882277,1
5932,-64.897405,-2.881382,1
5933,-64.837195,-2.928776,1
5934,-64.847492,-2.927246,1
5935,-64.898842,-2.900858,1
5936,-64.898306,-2.895843,1
5937,-64.916834,-2.864617,4
5938,-64.896694,-2.80796,4
5939,-64.916125,-2.854077,4
5940,-64.934444,-2.854791,4
5941,-64.932272,-2.840356,4
5942,-64.904475,-2.807386,4
5943,-64.907196,-2.847366,4
5944,-64.894958,-2.802183,4
5945,-64.936988,-2.755535,4
5946,-64.986688,-2.805102,7
5947,-64.986286,-2.81542,7
5948,-64.951251,-2.852372,4
5949,-64.93763,-2.855766,4
5950,-64.932921,-2.85729,4
5951,-64.921589,-2.860231,4
5952,-64.909028,-2.85084,4
5953,-64.907537,-2.842901,4
5954,-64.90363,-2.839314,4
5955,-64.901964,-2.839994,4
5956,-64.889432,-2.811882,4
5957,-64.914537,-2.857857,4
5958,-64.89623,-2.895011,1
5959,-64.918201,-2.860574,4
5960,-64.930846,-2.856788,4
5961,-64.922853,-2.849007,4
5962,-64.902235,-2.832875,4
5963,-64.894599,-2.805671,4
5964,-64.899734,-2.821691,4
5965,-64.905146,-2.832447,4
5966,-64.904268,-2.835656,4
5967,-64.933194,-2.847733,4
5968,-64.902851,-2.82533,4
5969,-64.902978,-2.832314,4
5970,-64.901852,-2.843947,4
5971,-64.915218,-2.855001,4
5972,-64.899354,-2.829474,4
5973,-64.895897,-2.820359,4
5974,-64.899541,-2.787046,4
5975,-64.901709,-2.81768,4
5976,-64.902665,-2.844262,4
5977,-64.902683,-2.818889,4
5978,-64.897987,-2.787692,4
5979,-64.92417,-2.793549,4
5980,-64.933331,-2.835897,4
5981,-64.903126,-2.838728,4
5982,-64.903005,-2.818472,4
5983,-64.914783,-2.857643,4
5984,-64.931733,-2.883512,4
5985,-64.933328,-2.852109,4
5986,-64.861263,-3.027435,0
5987,-64.860742,-3.0323,0
5988,-64.863866,-3.007102,0
5989,-64.867924,-3.007966,3
5990,-64.87295,-3.00888,3
5991,-64.877549,-3.009775,3
5992,-64.86024,-2.986088,3
5993,-64.839603,-3.025675,0
5994,-64.836594,-3.032366,0
5995,-64.835652,-3.031788,0
5996,-64.861164,-3.010606,0
5997,-64.8575,-3.014928,0
5998,-64.840637,-3.030102,0
5999,-64.843778,-3.027683,0
6000,-64.84621,-3.025464,0
6001,-64.849765,-3.023601,0
6002,-64.853622,-3.022132,0
6003,-64.854161,-3.02266,0
6004,-64.844627,-3.043441,0
6005,-64.837174,-3.049865,0
6006,-64.839333,-3.030895,0
6007,-64.830571,-3.05808,6
6008,-64.829065,-3.054732,0
6009,-64.830845,-3.051082,0
6010,-64.831332,-3.050351,0
6011,-64.828477,-3.047436,0
6012,-64.829899,-3.047495,0
6013,-64.831513,-3.047146,0
6014,-64.829471,-3.043741,0
6015,-64.827464,-3.035453,0
6016,-64.827714,-3.035203,0
6017,-64.831982,-3.038951,0
6018,-64.837554,-3.039619,0
6019,-64.832896,-3.038473,0
6020,-64.828203,-3.037443,0
6021,-64.831648,-3.039569,0
6022,-64.827539,-3.04178,0
6023,-64.838067,-3.052667,0
6024,-64.832808,-3.056709,6
6025,-64.829957,-3.053417,0
6026,-64.830956,-3.050142,0
6027,-64.84243,-3.034721,0
6028,-64.854054,-3.019139,0
6029,-64.850967,-3.022228,0
6030,-64.841007,-3.0299,0
6031,-64.825194,-3.044888,0
6032,-64.822492,-3.037202,0
6033,-64.821586,-3.039645,0
6034,-64.814216,-3.042662,0
6035,-64.80698,-3.035467,0
6036,-64.814261,-3.033476,0
6037,-64.817391,-3.039585,0
6038,-64.815985,-3.047109,0
6039,-64.81782,-3.047156,0
6040,-64.817704,-3.046736,0
6041,-64.823516,-3.050454,0
6042,-64.827908,-3.041871,0
6043,-64.817476,-3.046343,0
6044,-64.811564,-3.036662,0
6045,-64.813911,-3.037317,0
6046,-64.821704,-3.033031,0
6047,-64.829455,-3.025039,0
6048,-64.816158,-3.032897,0
6049,-64.817344,-3.02829,0
6050,-64.819572,-3.024164,0
6051,-64.807364,-3.035271,0
6052,-64.807183,-3.036923,0
6053,-64.806947,-3.038727,0
6054,-64.807526,-3.039204,0
6055,-64.807438,-3.039017,0
6056,-64.827103,-3.030162,0
6057,-64.828392,-3.034719,0
6058,-64.8295,-3.039121,0
6059,-64.827083,-3.036702,0
6060,-64.815934,-3.03255,0
6061,-64.830597,-3.030601,0
6062,-64.845752,-3.029227,0
6063,-64.821969,-3.033349,0
6064,-64.821065,-3.037087,0
6065,-64.820798,-3.03711,0
6066,-64.826049,-3.035247,0
6067,-64.820848,-3.037309,0
6068,-64.820828,-3.037152,0
6069,-64.825171,-3.042106,0
6070,-64.833781,-3.04597,0
6071,-64.833262,-3.04899,0
6072,-64.827734,-3.041791,0
6073,-64.837521,-3.035477,0
6074,-64.833339,-3.03506,0
6075,-64.833855,-3.035427,0
6076,-64.838184,-3.035641,0
6077,-64.829609,-3.036166,0
6078,-64.828405,-3.02883,0
6079,-64.825939,-3.040678,0
6080,-64.838339,-3.049339,0
6081,-64.852892,-3.025741,0
6082,-64.846335,-3.003866,0
6083,-64.840623,-2.992473,0
6084,-64.828435,-2.973768,3
6085,-64.832031,-2.982695,3
6086,-64.836626,-2.984102,0
6087,-64.836072,-2.980947,3
6088,-64.837351,-2.980373,3
6089,-64.836303,-2.979564,3
6090,-64.914496,-2.984747,2
6091,-64.914608,-2.984864,2
6092,-64.867487,-3.043015,0
6093,-64.867471,-3.042245,0
6094,-64.866658,-3.039938,0
6095,-64.865004,-3.039952,0
6096,-64.857863,-3.050601,0
6097,-64.86779,-3.046215,0
6098,-64.867593,-3.047021,0
6099,-64.868107,-3.046706,0
6100,-64.867827,-3.046893,0
6101,-64.867785,-3.046801,0
6102,-64.866715,-3.045201,0
6103,-64.866766,-3.045371,0
6104,-64.865881,-3.045297,0
6105,-64.864915,-3.04067,0
6106,-64.866547,-3.039757,0
6107,-64.868245,-3.038268,0
6108,-64.869616,-3.036847,0
6109,-64.869353,-3.036707,0
6110,-64.867843,-3.04168,0
6111,-64.867942,-3.041843,0
6112,-64.868388,-3.041855,0
6113,-64.863769,-3.0476,0
6114,-64.859198,-3.052956,0
6115,-64.855294,-3.055811,0
6116,-64.8565,-3.054457,0
6117,-64.857102,-3.055446,0
6118,-64.858538,-3.057964,0
6119,-64.858131,-3.057902,0
6120,-64.856674,-3.059311,0
6121,-64.854887,-3.060192,0
6122,-64.853344,-3.060732,0
6123,-64.853303,-3.060626,0
6124,-64.849173,-3.063688,0
6125,-64.844644,-3.066665,6
6126,-64.852541,-3.064855,0
6127,-64.85739,-3.073002,0
6128,-64.853294,-3.064592,0
6129,-64.838262,-3.072002,6
6130,-64.844764,-3.064084,6
6131,-64.844828,-3.063793,6
6132,-64.844766,-3.064231,6
6133,-64.845007,-3.063806,6
6134,-64.845389,-3.065997,6
6135,-64.845534,-3.067939,0
6136,-64.845804,-3.069902,0
6137,-64.846094,-3.071693,0
6138,-64.846114,-3.071343,0
6139,-64.845891,-3.071033,0
6140,-64.838406,-3.068276,6
6141,-64.836381,-3.075851,6
6142,-64.835318,-3.076737,6
6143,-64.842998,-3.070836,0
6144,-64.842773,-3.070948,0
6145,-64.844765,-3.076411,0
6146,-64.846795,-3.073221,0
6147,-64.848984,-3.069863,0
6148,-64.848652,-3.06909,0
6149,-64.842708,-3.059143,6
6150,-64.839616,-3.061675,6
6151,-64.839335,-3.06338,6
6152,-64.839382,-3.064896,6
6153,-64.839345,-3.064701,6
6154,-64.840139,-3.064678,6
6155,-64.839826,-3.06487,6
6156,-64.839995,-3.064815,6
6157,-64.844793,-3.070157,0
6158,-64.845795,-3.071122,0
6159,-64.841887,-3.075125,6
6160,-64.842141,-3.075265,6
6161,-64.842327,-3.075449,6
6162,-64.841573,-3.08774,0
6163,-64.841675,-3.08792,0
6164,-64.841447,-3.087886,0
6165,-64.841795,-3.088447,0
6166,-64.841884,-3.089262,0
6167,-64.842084,-3.089794,0
6168,-64.841289,-3.095567,6
6169,-64.84345,-3.094284,0
6170,-64.845852,-3.093264,0
6171,-64.848164,-3.091761,0
6172,-64.848269,-3.091552,0
6173,-64.848001,-3.091656,0
6174,-64.847056,-3.092348,0
6175,-64.846423,-3.09556,0
6176,-64.846641,-3.095865,0
6177,-64.846438,-3.09593,0
6178,-64.840408,-3.095677,6
6179,-64.840497,-3.095619,6
6180,-64.842665,-3.094132,0
6181,-64.842135,-3.094508,0
6182,-64.842463,-3.094558,0
6183,-64.842332,-3.094418,0
6184,-64.842295,-3.095117,0
6185,-64.848342,-3.075861,0
6186,-64.848469,-3.076265,0
6187,-64.853752,-3.069141,0
6188,-64.862936,-3.064817,0
6189,-64.861719,-3.064806,0
6190,-64.861937,-3.063325,0
6191,-64.861947,-3.063222,0
6192,-64.862195,-3.063071,0
6193,-64.862423,-3.062679,0
6194,-64.864632,-3.061174,0
6195,-64.852254,-3.0595,0
6196,-64.858293,-3.045549,0
6197,-64.864598,-3.050861,0
6198,-64.860925,-3.057028,0
6199,-64.856717,-3.061224,0
6200,-64.852698,-3.065253,0
6201,-64.852801,-3.065204,0
6202,-64.838983,-3.069518,6
6203,-64.841222,-3.065115,6
6204,-64.843659,-3.060874,6
6205,-64.850877,-3.066157,0
6206,-64.850724,-3.065991,0
6207,-64.849649,-3.082193,0
6208,-64.855926,-3.081879,0
6209,-64.863173,-3.081263,0
6210,-64.863047,-3.080927,0
6211,-64.866113,-3.073575,0
6212,-64.862778,-3.071406,0
6213,-64.859013,-3.059504,0
6214,-64.856919,-3.058882,0
6215,-64.854752,-3.058857,0
6216,-64.8547,-3.059005,0
6217,-64.853856,-3.058373,0
6218,-64.856568,-3.053915,0
6219,-64.861552,-3.047084,0
6220,-64.861885,-3.046537,0
6221,-64.871536,-3.041744,0
6222,-64.872213,-3.04466,0
6223,-64.871957,-3.044559,0
6224,-64.878238,-3.044135,0
6225,-64.875791,-3.041105,0
6226,-64.876177,-3.041826,0
6227,-64.882163,-3.045288,0
6228,-64.882898,-3.044802,0
6229,-64.883566,-3.049223,2
6230,-64.883942,-3.050081,2
6231,-64.883665,-3.050016,2
6232,-64.883893,-3.049926,2
6233,-64.881926,-3.051188,2
6234,-64.882246,-3.051297,2
6235,-64.872097,-3.04834,0
6236,-64.872131,-3.048118,0
6237,-64.871683,-3.048099,0
6238,-64.878123,-3.052381,0
6239,-64.869567,-3.054986,0
6240,-64.861118,-3.05278,0
6241,-64.872607,-3.044635,0
6242,-64.8789,-3.043734,0
6243,-64.874146,-3.041161,0
6244,-64.864692,-3.052282,0
6245,-64.863127,-3.056235,0
6246,-64.860835,-3.059793,0
6247,-64.860636,-3.0594,0
6248,-64.865119,-3.060083,0
6249,-64.862989,-3.0515,0
6250,-64.862915,-3.051466,0
6251,-64.862797,-3.051362,0
6252,-64.86299,-3.051422,0
6253,-64.86291,-3.051379,0
6254,-64.86324,-3.051229,0
6255,-64.861401,-3.046482,0
6256,-64.861544,-3.046749,0
6257,-64.868539,-3.053369,0
6258,-64.868213,-3.05325,0
6259,-64.86897,-3.053711,0
6260,-64.869173,-3.053448,0
6261,-64.868914,-3.053663,0
6262,-64.874198,-3.047073,0
6263,-64.873937,-3.047073,0
6264,-64.874198,-3.047471,0
6265,-64.873835,-3.047838,0
6266,-64.874184,-3.047369,0
6267,-64.874169,-3.04761,0
6268,-64.876569,-3.049567,0
6269,-64.876241,-3.049491,0
6270,-64.876051,-3.055351,0
6271,-64.870511,-3.061456,0
6272,-64.871248,-3.056008,0
6273,-64.87184,-3.055857,0
6274,-64.874215,-3.05636,0
6275,-64.876575,-3.056769,0
6276,-64.879157,-3.056907,0
6277,-64.87944,-3.056715,0
6278,-64.888254,-3.054487,2
6279,-64.888439,-3.054712,2
6280,-64.891683,-3.050874,2
6281,-64.89189,-3.050739,2
6282,-64.890865,-3.050725,2
6283,-64.889514,-3.050652,2
6284,-64.883033,-3.046364,2
6285,-64.896074,-3.045227,2
6286,-64.896796,-3.047474,2
6287,-64.89757,-3.050243,2
6288,-64.895653,-3.055724,2
6289,-64.888555,-3.058295,0
6290,-64.880291,-3.060842,0
6291,-64.880202,-3.060934,0
6292,-64.878644,-3.05775,0
6293,-64.877321,-3.057444,0
6294,-64.87596,-3.056795,0
6295,-64.874579,-3.056261,0
6296,-64.876375,-3.05486,0
6297,-64.863888,-3.055945,0
6298,-64.870209,-3.059767,0
6299,-64.865776,-3.056268,0
6300,-64.861526,-3.053133,0
6301,-64.857451,-3.049816,0
6302,-64.857659,-3.049695,0
6303,-64.858081,-3.051011,0
6304,-64.85886,-3.051279,0
6305,-64.859426,-3.051703,0
6306,-64.864166,-3.053571,0
6307,-64.867294,-3.042932,0
6308,-64.86081,-3.046554,0
6309,-64.859897,-3.050895,0
6310,-64.859027,-3.055527,0
6311,-64.867863,-3.059131,0
6312,-64.867417,-3.058181,0
6313,-64.867688,-3.058471,0
6314,-64.856069,-3.046459,0
6315,-64.863615,-3.039931,0
6316,-64.86661,-3.042064,0
6317,-64.867367,-3.040658,0
6318,-64.87326,-3.03749,0
6319,-64.879281,-3.033763,0
6320,-64.880824,-3.039241,0
6321,-64.878795,-3.038741,0
6322,-64.88575,-3.03662,0
6323,-64.88946,-3.03096,2
6324,-64.888696,-3.033727,2
6325,-64.889192,-3.033762,2
6326,-64.886866,-3.03834,0
6327,-64.887102,-3.041155,0
6328,-64.888958,-3.051851,2
6329,-64.889244,-3.051647,2
6330,-64.893546,-3.051946,2
6331,-64.897368,-3.052371,2
6332,-64.897462,-3.052374,2
6333,-64.897342,-3.052561,2
6334,-64.897239,-3.051978,2
6335,-64.893188,-3.051372,2
6336,-64.893182,-3.051541,2
6337,-64.893493,-3.051382,2
6338,-64.893578,-3.050882,2
6339,-64.893191,-3.051043,2
6340,-64.89202,-3.053499,2
6341,-64.887025,-3.055978,0
6342,-64.892767,-3.053431,2
6343,-64.892841,-3.053259,2
6344,-64.893154,-3.053802,2
6345,-64.903411,-3.050145,2
6346,-64.892792,-3.047762,2
6347,-64.891925,-3.053677,2
6348,-64.891633,-3.053924,2
6349,-64.892405,-3.056759,2
6350,-64.878128,-3.059974,0
6351,-64.87683,-3.061926,0
6352,-64.875408,-3.063829,0
6353,-64.874144,-3.066153,0
6354,-64.872756,-3.068042,0
6355,-64.871526,-3.070014,0
6356,-64.87053,-3.07181,0
6357,-64.869567,-3.073661,0
6358,-64.868257,-3.075338,0
6359,-64.866451,-3.077553,0
6360,-64.866589,-3.077457,0
6361,-64.866712,-3.077898,0
6362,-64.865546,-3.080502,0
6363,-64.872878,-3.086642,0
6364,-64.872153,-3.081938,0
6365,-64.871298,-3.07713,0
6366,-64.870888,-3.072048,0
6367,-64.871182,-3.072065,0
6368,-64.872878,-3.07075,0
6369,-64.874878,-3.069712,0
6370,-64.876882,-3.0687,0
6371,-64.877257,-3.068891,0
6372,-64.879031,-3.066785,0
6373,-64.873509,-3.079574,0
6374,-64.871863,-3.077165,0
6375,-64.888385,-3.060209,0
6376,-64.88149,-3.059438,0
6377,-64.874665,-3.058694,0
6378,-64.867984,-3.058048,0
6379,-64.867741,-3.058454,0
6380,-64.854036,-3.068245,0
6381,-64.856981,-3.047026,0
6382,-64.858787,-3.072937,0
6383,-64.852227,-3.073492,0
6384,-64.852148,-3.06708,0
6385,-64.853585,-3.063928,0
6386,-64.855371,-3.060961,0
6387,-64.857288,-3.057899,0
6388,-64.859139,-3.055046,0
6389,-64.858828,-3.05404,0
6390,-64.857846,-3.062944,0
6391,-64.854344,-3.065834,0
6392,-64.853501,-3.06604,0
6393,-64.853551,-3.066181,0
6394,-64.853713,-3.066312,0
6395,-64.853726,-3.066205,0
6396,-64.85377,-3.065954,0
6397,-64.853488,-3.066246,0
6398,-64.848407,-3.06686,0
6399,-64.847546,-3.067408,0
6400,-64.846925,-3.068105,0
6401,-64.847026,-3.068271,0
6402,-64.842741,-3.070152,0
6403,-64.837919,-3.070837,6
6404,-64.840065,-3.057002,6
6405,-64.842543,-3.062524,6
6406,-64.844721,-3.067926,0
6407,-64.847249,-3.073113,0
6408,-64.849849,-3.07858,0
6409,-64.849798,-3.07836,0
6410,-64.851872,-3.081959,0
6411,-64.851411,-3.081574,0
6412,-64.84899,-3.077472,0
6413,-64.849725,-3.077371,0
6414,-64.853608,-3.075343,0
6415,-64.852347,-3.059919,0
6416,-64.85341,-3.059762,0
6417,-64.854605,-3.059915,0
6418,-64.854844,-3.059722,0
6419,-64.840579,-3.056606,6
6420,-64.833023,-3.065565,6
6421,-64.836502,-3.077718,6
6422,-64.82813,-3.092285,6
6423,-64.827517,-3.092823,6
6424,-64.82925,-3.089724,6
6425,-64.831068,-3.086254,6
6426,-64.832838,-3.083146,6
6427,-64.834483,-3.080048,6
6428,-64.836644,-3.07707,6
6429,-64.838749,-3.073875,6
6430,-64.840634,-3.070547,6
6431,-64.842478,-3.067122,6
6432,-64.844587,-3.063879,6
6433,-64.842326,-3.071075,0
6434,-64.832871,-3.098524,6
6435,-64.832734,-3.09813,6
6436,-64.832748,-3.09775,6
6437,-64.833084,-3.091112,6
6438,-64.84197,-3.085332,0
6439,-64.845441,-3.083143,0
6440,-64.845283,-3.083301,0
6441,-64.845991,-3.081757,0
6442,-64.846843,-3.0802,0
6443,-64.847696,-3.078856,0
6444,-64.848885,-3.077718,0
6445,-64.849394,-3.073715,0
6446,-64.84727,-3.072232,0
6447,-64.847648,-3.072579,0
6448,-64.846536,-3.072613,0
6449,-64.846161,-3.064701,0
6450,-64.844716,-3.063612,6
6451,-64.844259,-3.063381,6
6452,-64.851564,-3.072339,0
6453,-64.858771,-3.076376,0
6454,-64.858263,-3.076329,0
6455,-64.86231,-3.07456,0
6456,-64.863192,-3.073344,0
6457,-64.865042,-3.066684,0
6458,-64.864857,-3.066536,0
6459,-64.860302,-3.056368,0
6460,-64.858304,-3.053866,0
6461,-64.85771,-3.053522,0
6462,-64.857199,-3.053275,0
6463,-64.855651,-3.049167,0
6464,-64.853423,-3.065908,0
6465,-64.853798,-3.06587,0
6466,-64.854015,-3.065431,0
6467,-64.855651,-3.058261,0
6468,-64.843587,-3.045026,0
6469,-64.845012,-3.046477,0
6470,-64.846076,-3.048179,0
6471,-64.847311,-3.049917,0
6472,-64.848555,-3.051282,0
6473,-64.848566,-3.051258,0
6474,-64.847304,-3.050555,0
6475,-64.847475,-3.051583,0
6476,-64.847575,-3.052675,0
6477,-64.847804,-3.052913,0
6478,-64.847973,-3.050205,0
6479,-64.847603,-3.049958,0
6480,-64.847238,-3.050534,0
6481,-64.842609,-3.052608,0
6482,-64.843914,-3.051426,0
6483,-64.845409,-3.050301,0
6484,-64.845977,-3.055515,0
6485,-64.845438,-3.059031,6
6486,-64.845834,-3.059152,6
6487,-64.845808,-3.059428,6
6488,-64.844014,-3.049571,0
6489,-64.844457,-3.049777,0
6490,-64.845252,-3.038677,0
6491,-64.847605,-3.05163,0
6492,-64.856412,-3.058361,0
6493,-64.85645,-3.057957,0
6494,-64.858663,-3.068487,0
6495,-64.865244,-3.065684,0
6496,-64.865846,-3.065651,0
6497,-64.867763,-3.066222,0
6498,-64.869799,-3.066492,0
6499,-64.871892,-3.067136,0
6500,-64.868046,-3.059181,0
6501,-64.866639,-3.060585,0
6502,-64.865507,-3.061693,0
6503,-64.864079,-3.0627,0
6504,-64.86447,-3.062461,0
6505,-64.85913,-3.067735,0
6506,-64.85884,-3.067634,0
6507,-64.851705,-3.084015,0
6508,-64.857323,-3.088875,0
6509,-64.858528,-3.088551,0
6510,-64.85948,-3.08387,0
6511,-64.848846,-3.078628,0
6512,-64.849045,-3.078511,0
6513,-64.847491,-3.077618,0
6514,-64.849138,-3.068971,0
6515,-64.856932,-3.08556,0
6516,-64.857299,-3.088684,0
6517,-64.85677,-3.088771,0
6518,-64.857179,-3.089041,0
6519,-64.85675,-3.088788,0
6520,-64.863581,-3.088341,0
6521,-64.862521,-3.091058,0
6522,-64.861646,-3.093946,0
6523,-64.861441,-3.09393,0
6524,-64.853718,-3.095563,0
6525,-64.854569,-3.094471,0
6526,-64.855052,-3.094788,0
6527,-64.849583,-3.094984,0
6528,-64.844233,-3.095248,0
6529,-64.83869,-3.095622,6
6530,-64.833287,-3.096322,6
6531,-64.832832,-3.096384,6
6532,-64.833666,-3.097199,6
6533,-64.833095,-3.097186,6
6534,-64.827186,-3.103204,6
6535,-64.831406,-3.097948,6
6536,-64.83578,-3.092728,6
6537,-64.83808,-3.099594,6
6538,-64.838105,-3.09941,6
6539,-64.838399,-3.100717,6
6540,-64.83683,-3.099519,6
6541,-64.835852,-3.098601,6
6542,-64.83451,-3.097628,6
6543,-64.833239,-3.096678,6
6544,-64.831735,-3.095514,6
6545,-64.830572,-3.094387,6
6546,-64.830123,-3.094461,6
6547,-64.828347,-3.092856,6
6548,-64.827968,-3.093458,6
6549,-64.827529,-3.094107,6
6550,-64.827381,-3.094407,6
6551,-64.827134,-3.095051,6
6552,-64.827056,-3.095026,6
6553,-64.824793,-3.088851,6
6554,-64.83045,-3.093303,6
6555,-64.830506,-3.103893,6
6556,-64.830326,-3.103654,6
6557,-64.831013,-3.103057,6
6558,-64.831931,-3.102104,6
6559,-64.832525,-3.101136,6
6560,-64.832231,-3.101405,6
6561,-64.832339,-3.101466,6
6562,-64.832382,-3.101378,6
6563,-64.831332,-3.10228,6
6564,-64.830972,-3.101909,6
6565,-64.836495,-3.102137,6
6566,-64.83646,-3.101708,6
6567,-64.843661,-3.10181,6
6568,-64.843675,-3.102104,6
6569,-64.851367,-3.099124,0
6570,-64.850446,-3.096877,0
6571,-64.849945,-3.096547,0
6572,-64.848863,-3.096083,0
6573,-64.847528,-3.095672,0
6574,-64.846171,-3.095254,0
6575,-64.845066,-3.094735,0
6576,-64.843685,-3.094521,0
6577,-64.842298,-3.094374,0
6578,-64.840567,-3.093977,0
6579,-64.841121,-3.093819,0
6580,-64.837168,-3.104112,6
6581,-64.837469,-3.103971,6
6582,-64.837846,-3.103791,6
6583,-64.837839,-3.092429,6
6584,-64.842394,-3.088677,0
6585,-64.846993,-3.085095,0
6586,-64.846864,-3.085433,0
6587,-64.839396,-3.089514,6
6588,-64.842457,-3.085553,0
6589,-64.832836,-3.083047,6
6590,-64.832939,-3.083247,6
6591,-64.844439,-3.080511,0
6592,-64.852463,-3.08227,0
6593,-64.854376,-3.081942,0
6594,-64.854609,-3.075404,0
6595,-64.856938,-3.08196,0
6596,-64.849443,-3.079557,0
6597,-64.847197,-3.077851,0
6598,-64.844559,-3.080325,0
6599,-64.851604,-3.075376,0
6600,-64.858625,-3.070052,0
6601,-64.841075,-3.073445,6
6602,-64.837732,-3.067937,6
6603,-64.848587,-3.081451,0
6604,-64.847316,-3.077828,0
6605,-64.836404,-3.092535,6
6606,-64.840016,-3.094374,6
6607,-64.827215,-3.091382,6
6608,-64.827054,-3.091233,6
6609,-64.827105,-3.084843,6
6610,-64.824734,-3.080766,6
6611,-64.824706,-3.073969,6
6612,-64.827023,-3.074987,6
6613,-64.827079,-3.07561,6
6614,-64.829521,-3.077896,6
6615,-64.825623,-3.07184,6
6616,-64.82187,-3.079654,6
6617,-64.822709,-3.079087,6
6618,-64.825241,-3.076481,6
6619,-64.827204,-3.078321,6
6620,-64.833797,-3.084558,6
6621,-64.841218,-3.091295,0
6622,-64.835728,-3.096434,6
6623,-64.837814,-3.096234,6
6624,-64.837716,-3.096422,6
6625,-64.834915,-3.09851,6
6626,-64.8422,-3.092384,0
6627,-64.848732,-3.087518,0
6628,-64.855501,-3.082317,0
6629,-64.861693,-3.077254,0
6630,-64.869095,-3.07027,0
6631,-64.8717,-3.06828,0
6632,-64.869478,-3.070015,0
6633,-64.869736,-3.069579,0
6634,-64.870124,-3.069327,0
6635,-64.870782,-3.069046,0
6636,-64.87164,-3.068727,0
6637,-64.868885,-3.07214,0
6638,-64.873846,-3.078316,0
6639,-64.873009,-3.07016,0
6640,-64.875662,-3.070366,0
6641,-64.871633,-3.071783,0
6642,-64.865906,-3.073293,0
6643,-64.869536,-3.071536,0
6644,-64.869118,-3.071297,0
6645,-64.867888,-3.051558,0
6646,-64.86944,-3.052598,0
6647,-64.869703,-3.052671,0
6648,-64.870061,-3.050346,0
6649,-64.864875,-3.045763,0
6650,-64.865294,-3.045813,0
6651,-64.86435,-3.04166,0
6652,-64.871248,-3.043641,0
6653,-64.879325,-3.041549,0
6654,-64.869026,-3.039717,0
6655,-64.86918,-3.050131,0
6656,-64.861164,-3.05254,0
6657,-64.860591,-3.052475,0
6658,-64.855059,-3.050532,0
6659,-64.85924,-3.048818,0
6660,-64.863988,-3.04767,0
6661,-64.863033,-3.056173,0
6662,-64.862323,-3.058181,0
6663,-64.85869,-3.065808,0
6664,-64.841808,-3.07819,6
6665,-64.845731,-3.079983,0
6666,-64.836303,-3.092729,6
6667,-64.836256,-3.091462,6
6668,-64.838741,-3.089589,6
6669,-64.824278,-3.080952,6
6670,-64.824195,-3.081079,6
6671,-64.82138,-3.078729,6
6672,-64.820437,-3.073186,6
6673,-64.828348,-3.083222,6
6674,-64.822386,-3.081781,6
6675,-64.821558,-3.081662,6
6676,-64.818707,-3.081022,6
6677,-64.831463,-3.075903,6
6678,-64.838221,-3.073329,6
6679,-64.833511,-3.075754,6
6680,-64.833865,-3.072366,6
6681,-64.840185,-3.062901,6
6682,-64.839181,-3.068964,6
6683,-64.838197,-3.066565,6
6684,-64.835731,-3.066822,6
6685,-64.836272,-3.068691,6
6686,-64.835429,-3.071311,6
6687,-64.84254,-3.074478,6
6688,-64.831077,-3.071557,6
6689,-64.830882,-3.073601,6
6690,-64.832714,-3.078042,6
6691,-64.832471,-3.080027,6
6692,-64.848027,-3.080202,0
6693,-64.841334,-3.086722,0
6694,-64.830848,-3.090851,6
6695,-64.839158,-3.090001,6
6696,-64.839301,-3.086147,0
6697,-64.839078,-3.079769,6
6698,-64.839338,-3.080196,6
6699,-64.841567,-3.078295,6
6700,-64.870649,-3.086551,0
6701,-64.873771,-3.082433,0
6702,-64.887101,-3.064174,0
6703,-64.886584,-3.063862,0
6704,-64.881602,-3.05819,0
6705,-64.884993,-3.058921,0
6706,-64.887307,-3.059697,0
6707,-64.879269,-3.064121,0
6708,-64.87713,-3.06473,0
6709,-64.879544,-3.06939,0
6710,-64.882283,-3.067648,0
6711,-64.884899,-3.065996,0
6712,-64.886735,-3.063592,0
6713,-64.886692,-3.063749,0
6714,-64.874776,-3.062262,0
6715,-64.880147,-3.064149,0
6716,-64.880477,-3.071068,0
6717,-64.880616,-3.071656,0
6718,-64.881185,-3.071285,0
6719,-64.881136,-3.071636,0
6720,-64.87924,-3.087119,0
6721,-64.878927,-3.087346,0
6722,-64.878463,-3.081777,0
6723,-64.877728,-3.078047,0
6724,-64.87796,-3.078073,0
6725,-64.879989,-3.074105,0
6726,-64.885948,-3.070485,0
6727,-64.888364,-3.067131,0
6728,-64.890071,-3.068969,0
6729,-64.89123,-3.068657,0
6730,-64.899857,-3.066465,0
6731,-64.903648,-3.065154,0
6732,-64.903108,-3.065346,0
6733,-64.903589,-3.065424,0
6734,-64.902068,-3.065891,0
6735,-64.900479,-3.07184,0
6736,-64.898688,-3.077728,0
6737,-64.900959,-3.074549,0
6738,-64.893286,-3.079146,0
6739,-64.893353,-3.079292,0
6740,-64.893771,-3.079086,0
6741,-64.893341,-3.078857,0
6742,-64.892774,-3.079486,0
6743,-64.891546,-3.08443,0
6744,-64.890817,-3.089492,0
6745,-64.891034,-3.089714,0
6746,-64.892721,-3.08292,0
6747,-64.891119,-3.086927,0
6748,-64.890968,-3.08645,0
6749,-64.888054,-3.083509,0
6750,-64.888362,-3.080046,0
6751,-64.875836,-3.084162,0
6752,-64.868406,-3.072599,0
6753,-64.869189,-3.071328,0
6754,-64.870322,-3.066361,0
6755,-64.863146,-3.070213,0
6756,-64.867978,-3.075905,0
6757,-64.870161,-3.078366,0
6758,-64.875381,-3.086367,0
6759,-64.855833,-3.09893,0
6760,-64.858519,-3.09697,0
6761,-64.861408,-3.095202,0
6762,-64.864395,-3.093363,0
6763,-64.867407,-3.091679,0
6764,-64.86634,-3.092215,0
6765,-64.862075,-3.086988,0
6766,-64.862084,-3.086881,0
6767,-64.860046,-3.076,0
6768,-64.860992,-3.067622,0
6769,-64.860538,-3.067448,0
6770,-64.860523,-3.067176,0
6771,-64.860745,-3.067232,0
6772,-64.860363,-3.067073,0
6773,-64.86073,-3.06733,0
6774,-64.86584,-3.066238,0
6775,-64.880005,-3.063448,0
6776,-64.881242,-3.070647,0
6777,-64.880163,-3.063727,0
6778,-64.880227,-3.063637,0
6779,-64.880109,-3.063618,0
6780,-64.881597,-3.064097,0
6781,-64.882603,-3.062848,0
6782,-64.882678,-3.062932,0
6783,-64.881672,-3.067934,0
6784,-64.880863,-3.073328,0
6785,-64.880434,-3.078776,0
6786,-64.880922,-3.066562,0
6787,-64.884158,-3.063358,0
6788,-64.883723,-3.06016,0
6789,-64.883984,-3.063058,0
6790,-64.884356,-3.067799,0
6791,-64.881827,-3.065581,0
6792,-64.884123,-3.065143,0
6793,-64.885092,-3.06512,0
6794,-64.886112,-3.065334,0
6795,-64.884241,-3.067682,0
6796,-64.883461,-3.068001,0
6797,-64.879997,-3.08768,0
6798,-64.880464,-3.087892,0
6799,-64.875231,-3.083425,0
6800,-64.870525,-3.078912,0
6801,-64.855633,-3.075351,0
6802,-64.857372,-3.068208,0
6803,-64.858816,-3.0605,0
6804,-64.852257,-3.055059,0
6805,-64.852335,-3.054996,0
6806,-64.852788,-3.054962,0
6807,-64.85107,-3.053469,0
6808,-64.851174,-3.056069,0
6809,-64.850896,-3.058333,0
6810,-64.851531,-3.056887,0
6811,-64.85192,-3.055311,0
6812,-64.851957,-3.053565,0
6813,-64.852156,-3.051883,0
6814,-64.850838,-3.055069,0
6815,-64.8514,-3.055377,0
6816,-64.851504,-3.054748,0
6817,-64.851256,-3.054603,0
6818,-64.851371,-3.055137,0
6819,-64.852811,-3.051787,0
6820,-64.85438,-3.062251,0
6821,-64.844806,-3.063843,6
6822,-64.844998,-3.063818,6
6823,-64.846932,-3.065179,0
6824,-64.846918,-3.065192,0
6825,-64.849188,-3.064213,0
6826,-64.851452,-3.063148,0
6827,-64.854314,-3.062372,0
6828,-64.857287,-3.061594,0
6829,-64.857024,-3.06206,0
6830,-64.855214,-3.058553,0
6831,-64.859584,-3.052027,0
6832,-64.857335,-3.0462,0
6833,-64.857937,-3.046043,0
6834,-64.857943,-3.04645,0
6835,-64.875892,-3.039591,0
6836,-64.866464,-3.047995,0
6837,-64.867097,-3.060868,0
6838,-64.85353,-3.054054,0
6839,-64.853525,-3.054014,0
6840,-64.853538,-3.054166,0
6841,-64.853753,-3.053892,0
6842,-64.853465,-3.066638,0
6843,-64.854008,-3.066686,0
6844,-64.850616,-3.067303,0
6845,-64.843643,-3.072731,0
6846,-64.845392,-3.074884,0
6847,-64.836988,-3.068024,6
6848,-64.843624,-3.069542,0
6849,-64.843164,-3.069217,0
6850,-64.841444,-3.066936,6
6851,-64.839737,-3.065038,6
6852,-64.839184,-3.065128,6
6853,-64.839457,-3.065225,6
6854,-64.841201,-3.057669,6
6855,-64.852174,-3.072259,0
6856,-64.85813,-3.078035,0
6857,-64.857967,-3.078291,0
6858,-64.858095,-3.07816,0
6859,-64.858302,-3.079441,0
6860,-64.863888,-3.090709,0
6861,-64.860096,-3.089305,0
6862,-64.859739,-3.089433,0
6863,-64.860029,-3.08953,0
6864,-64.860279,-3.089399,0
6865,-64.861262,-3.09066,0
6866,-64.869863,-3.093773,0
6867,-64.866406,-3.091462,0
6868,-64.866588,-3.091195,0
6869,-64.849749,-3.082746,0
6870,-64.847737,-3.079416,0
6871,-64.847935,-3.079388,0
6872,-64.848091,-3.079212,0
6873,-64.85175,-3.07865,0
6874,-64.845685,-3.071888,0
6875,-64.832546,-3.064901,6
6876,-64.832071,-3.064864,6
6877,-64.832502,-3.064936,6
6878,-64.832361,-3.064906,6
6879,-64.83236,-3.065488,6
6880,-64.832255,-3.064855,6
6881,-64.832102,-3.065017,6
6882,-64.833061,-3.064917,6
6883,-64.832322,-3.064888,6
6884,-64.831976,-3.065307,6
6885,-64.832162,-3.065512,6
6886,-64.831804,-3.066532,6
6887,-64.82923,-3.068036,6
6888,-64.826814,-3.069103,6
6889,-64.824,-3.070032,6
6890,-64.836307,-3.061434,6
6891,-64.837835,-3.061239,6
6892,-64.84462,-3.06488,6
6893,-64.84026,-3.063682,6
6894,-64.838784,-3.064735,6
6895,-64.841132,-3.072088,6
6896,-64.841517,-3.074372,6
6897,-64.841944,-3.074682,6
6898,-64.842164,-3.074864,6
6899,-64.842056,-3.075044,6
6900,-64.841804,-3.075451,6
6901,-64.841723,-3.075259,6
6902,-64.841677,-3.075564,6
6903,-64.841363,-3.075135,6
6904,-64.842007,-3.07522,6
6905,-64.841948,-3.079351,6
6906,-64.842116,-3.0791,6
6907,-64.842747,-3.100422,6
6908,-64.836197,-3.09907,6
6909,-64.843076,-3.085389,0
6910,-64.860172,-3.062367,0
6911,-64.858265,-3.062089,0
6912,-64.860567,-3.064137,0
6913,-64.852148,-3.058424,0
6914,-64.866922,-3.046446,0
6915,-64.866856,-3.047213,0
6916,-64.867239,-3.050733,0
6917,-64.868204,-3.050907,0
6918,-64.869232,-3.050555,0
6919,-64.869699,-3.050241,0
6920,-64.870652,-3.049927,0
6921,-64.871381,-3.049669,0
6922,-64.870925,-3.044832,0
6923,-64.871289,-3.044645,0
6924,-64.873033,-3.045238,0
6925,-64.872773,-3.042169,0
6926,-64.874119,-3.042275,0
6927,-64.875883,-3.043912,0
6928,-64.875696,-3.043603,0
6929,-64.875877,-3.043973,0
6930,-64.875016,-3.043301,0
6931,-64.875311,-3.043593,0
6932,-64.875614,-3.043872,0
6933,-64.8757,-3.043886,0
6934,-64.875352,-3.043433,0
6935,-64.875133,-3.04338,0
6936,-64.875351,-3.04359,0
6937,-64.876957,-3.042908,0
6938,-64.876562,-3.043305,0
6939,-64.876141,-3.043558,0
6940,-64.875752,-3.04385,0
6941,-64.874985,-3.043447,0
6942,-64.874841,-3.042072,0
6943,-64.874748,-3.040815,0
6944,-64.882371,-3.04624,2
6945,-64.885716,-3.050891,2
6946,-64.889149,-3.055566,2
6947,-64.888981,-3.055566,2
6948,-64.893867,-3.053096,2
6949,-64.900939,-3.047969,2
6950,-64.907872,-3.042679,2
6951,-64.90783,-3.04288,2
6952,-64.90782,-3.042913,2
6953,-64.90733,-3.040932,2
6954,-64.906845,-3.038907,2
6955,-64.906588,-3.036404,2
6956,-64.904428,-3.035532,2
6957,-64.903885,-3.035219,2
6958,-64.903407,-3.034903,2
6959,-64.896653,-3.035108,2
6960,-64.892886,-3.043398,2
6961,-64.872454,-3.047368,0
6962,-64.872066,-3.047273,0
6963,-64.871774,-3.047113,0
6964,-64.871666,-3.047526,0
6965,-64.867533,-3.04469,0
6966,-64.867194,-3.045027,0
6967,-64.858731,-3.053969,0
6968,-64.861849,-3.058725,0
6969,-64.861519,-3.058266,0
6970,-64.870018,-3.058214,0
6971,-64.876079,-3.053005,0
6972,-64.877613,-3.053234,0
6973,-64.87814,-3.052798,0
6974,-64.878027,-3.052658,0
6975,-64.872926,-3.046361,0
6976,-64.872808,-3.046613,0
6977,-64.873121,-3.04663,0
6978,-64.873143,-3.046795,0
6979,-64.873108,-3.046786,0
6980,-64.873305,-3.046681,0
6981,-64.873264,-3.046771,0
6982,-64.877562,-3.049996,0
6983,-64.881496,-3.050878,2
6984,-64.881696,-3.051097,2
6985,-64.881913,-3.050885,2
6986,-64.882026,-3.051357,2
6987,-64.883699,-3.054366,2
6988,-64.883251,-3.054262,2
6989,-64.887819,-3.054092,2
6990,-64.896979,-3.050729,2
6991,-64.895396,-3.05085,2
6992,-64.892581,-3.053142,2
6993,-64.892992,-3.052174,2
6994,-64.893272,-3.051707,2
6995,-64.893144,-3.052295,2
6996,-64.893116,-3.054578,2
6997,-64.910143,-3.047471,2
6998,-64.904724,-3.053844,2
6999,-64.90428,-3.053525,2
7000,-64.90444,-3.053466,2
7001,-64.900728,-3.052166,2
7002,-64.900866,-3.048819,2
7003,-64.900673,-3.048811,2
7004,-64.897092,-3.043342,2
7005,-64.895202,-3.04378,2
7006,-64.895243,-3.043661,2
7007,-64.895552,-3.043531,2
7008,-64.895515,-3.043272,2
7009,-64.883383,-3.042833,0
7010,-64.880138,-3.051196,2
7011,-64.877539,-3.049882,0
7012,-64.877845,-3.04986,0
7013,-64.877512,-3.050306,0
7014,-64.877731,-3.050694,0
7015,-64.877586,-3.050323,0
7016,-64.87777,-3.050259,0
7017,-64.874888,-3.052298,0
7018,-64.879332,-3.054306,0
7019,-64.879193,-3.05433,0
7020,-64.883176,-3.053601,2
7021,-64.883504,-3.053176,2
7022,-64.883096,-3.053349,2
7023,-64.883159,-3.053412,2
7024,-64.875756,-3.059842,0
7025,-64.869217,-3.059046,0
7026,-64.869009,-3.056929,0
7027,-64.868466,-3.054685,0
7028,-64.876874,-3.044291,0
7029,-64.88396,-3.039788,0
7030,-64.884266,-3.039543,0
7031,-64.873304,-3.044022,0
7032,-64.872958,-3.043801,0
7033,-64.871067,-3.04144,0
7034,-64.870999,-3.041365,0
7035,-64.870704,-3.03374,0
7036,-64.882785,-3.029426,0
7037,-64.875041,-3.033378,0
7038,-64.876782,-3.040208,0
7039,-64.878297,-3.041255,0
7040,-64.887265,-3.038418,0
7041,-64.896244,-3.035439,2
7042,-64.891045,-3.032722,2
7043,-64.891389,-3.032959,2
7044,-64.890889,-3.032977,2
7045,-64.889464,-3.035128,2
7046,-64.888383,-3.037038,2
7047,-64.888645,-3.036537,2
7048,-64.884148,-3.036314,0
7049,-64.886924,-3.039091,0
7050,-64.885245,-3.048313,2
7051,-64.888621,-3.048242,2
7052,-64.895842,-3.040548,2
7053,-64.895978,-3.040175,2
7054,-64.896166,-3.039746,2
7055,-64.896095,-3.039214,2
7056,-64.896179,-3.038469,2
7057,-64.904587,-3.045065,2
7058,-64.901185,-3.048174,2
7059,-64.894976,-3.022781,2
7060,-64.895387,-3.022601,2
7061,-64.895752,-3.022369,2
7062,-64.896215,-3.022517,2
7063,-64.894663,-3.022237,2
7064,-64.89718,-3.039886,2
7065,-64.891109,-3.036121,2
7066,-64.891375,-3.035921,2
7067,-64.893635,-3.029225,2
7068,-64.895319,-3.022302,2
7069,-64.890271,-3.02951,2
7070,-64.890282,-3.029412,2
7071,-64.890469,-3.029298,2
7072,-64.890687,-3.029205,2
7073,-64.890751,-3.029334,2
7074,-64.890708,-3.029279,2
7075,-64.886217,-3.033235,2
7076,-64.886046,-3.033601,2
7077,-64.885945,-3.034157,0
7078,-64.885715,-3.03472,0
7079,-64.885524,-3.03523,0
7080,-64.885198,-3.035958,0
7081,-64.884748,-3.036788,0
7082,-64.884462,-3.037106,0
7083,-64.884289,-3.037621,0
7084,-64.884029,-3.038303,0
7085,-64.883628,-3.038682,0
7086,-64.883335,-3.039237,0
7087,-64.882819,-3.03981,0
7088,-64.882753,-3.040487,0
7089,-64.882283,-3.041064,0
7090,-64.881937,-3.041795,0
7091,-64.881779,-3.042483,0
7092,-64.881554,-3.042682,0
7093,-64.881246,-3.043015,0
7094,-64.880807,-3.043528,0
7095,-64.880588,-3.043914,0
7096,-64.880318,-3.044402,0
7097,-64.880149,-3.044792,0
7098,-64.879832,-3.045266,0
7099,-64.879582,-3.045596,0
7100,-64.879293,-3.046239,0
7101,-64.879203,-3.04664,0
7102,-64.878927,-3.047218,2
7103,-64.878357,-3.047612,0
7104,-64.878035,-3.047802,0
7105,-64.877616,-3.048438,0
7106,-64.877356,-3.048822,0
7107,-64.877245,-3.049102,0
7108,-64.876886,-3.049415,0
7109,-64.876789,-3.049908,0
7110,-64.876308,-3.050412,0
7111,-64.875847,-3.051033,0
7112,-64.875486,-3.051474,0
7113,-64.87507,-3.051874,0
7114,-64.874872,-3.052355,0
7115,-64.874664,-3.052958,0
7116,-64.874463,-3.053265,0
7117,-64.874324,-3.053707,0
7118,-64.87404,-3.05395,0
7119,-64.873792,-3.054348,0
7120,-64.873539,-3.054591,0
7121,-64.873285,-3.055066,0
7122,-64.872915,-3.055632,0
7123,-64.872587,-3.056057,0
7124,-64.872421,-3.056298,0
7125,-64.872123,-3.0565,0
7126,-64.872037,-3.057074,0
7127,-64.871787,-3.057225,0
7128,-64.871397,-3.057686,0
7129,-64.870884,-3.058083,0
7130,-64.870729,-3.058372,0
7131,-64.870477,-3.058698,0
7132,-64.870219,-3.058955,0
7133,-64.869761,-3.059373,0
7134,-64.869632,-3.059466,0
7135,-64.869434,-3.059989,0
7136,-64.869122,-3.060311,0
7137,-64.868842,-3.060638,0
7138,-64.868364,-3.061002,0
7139,-64.868003,-3.061199,0
7140,-64.867901,-3.061718,0
7141,-64.867638,-3.062114,0
7142,-64.867039,-3.062497,0
7143,-64.866274,-3.062885,0
7144,-64.866053,-3.063253,0
7145,-64.865973,-3.063684,0
7146,-64.865507,-3.063794,0
7147,-64.865195,-3.064133,0
7148,-64.864705,-3.064681,0
7149,-64.864254,-3.064917,0
7150,-64.863977,-3.06503,0
7151,-64.863763,-3.065538,0
7152,-64.863327,-3.065764,0
7153,-64.863227,-3.066168,0
7154,-64.862917,-3.066505,0
7155,-64.862567,-3.066763,0
7156,-64.862248,-3.067203,0
7157,-64.868321,-3.068295,0
7158,-64.869945,-3.068909,0
7159,-64.87157,-3.06904,0
7160,-64.87163,-3.069252,0
7161,-64.871566,-3.068993,0
7162,-64.871719,-3.069059,0
7163,-64.871729,-3.069041,0
7164,-64.871386,-3.068936,0
7165,-64.87106,-3.068805,0
7166,-64.87086,-3.069056,0
7167,-64.871017,-3.068969,0
7168,-64.871582,-3.069698,0
7169,-64.871656,-3.070114,0
7170,-64.871641,-3.070065,0
7171,-64.871346,-3.070063,0
7172,-64.871535,-3.07009,0
7173,-64.871329,-3.070464,0
7174,-64.872918,-3.069464,0
7175,-64.87444,-3.068242,0
7176,-64.874817,-3.068496,0
7177,-64.877763,-3.068477,0
7178,-64.875836,-3.080366,0
7179,-64.875488,-3.081029,0
7180,-64.875702,-3.080167,0
7181,-64.871182,-3.077449,0
7182,-64.871163,-3.077507,0
7183,-64.870911,-3.077501,0
7184,-64.870928,-3.077754,0
7185,-64.871216,-3.077525,0
7186,-64.870854,-3.077507,0
7187,-64.871109,-3.077694,0
7188,-64.870678,-3.077571,0
7189,-64.8711,-3.077386,0
7190,-64.871484,-3.077501,0
7191,-64.871344,-3.077615,0
7192,-64.871098,-3.077545,0
7193,-64.870609,-3.077298,0
7194,-64.870966,-3.077211,0
7195,-64.871147,-3.076307,0
7196,-64.871759,-3.075106,0
7197,-64.87218,-3.073943,0
7198,-64.872644,-3.07288,0
7199,-64.873188,-3.071977,0
7200,-64.873867,-3.070955,0
7201,-64.867743,-3.068566,0
7202,-64.864202,-3.072002,0
7203,-64.864116,-3.072026,0
7204,-64.864228,-3.072122,0
7205,-64.863971,-3.072238,0
7206,-64.864084,-3.072033,0
7207,-64.864298,-3.071791,0
7208,-64.864516,-3.071898,0
7209,-64.867073,-3.05624,0
7210,-64.867466,-3.056474,0
7211,-64.890029,-3.047353,2
7212,-64.88999,-3.047535,2
7213,-64.904823,-3.043613,2
7214,-64.90439,-3.043574,2
7215,-64.898037,-3.040048,2
7216,-64.90226,-3.04136,2
7217,-64.898882,-3.0469,2
7218,-64.895654,-3.052722,2
7219,-64.895802,-3.053037,2
7220,-64.882986,-3.058341,0
7221,-64.870045,-3.063467,0
7222,-64.870437,-3.063066,0
7223,-64.891228,-3.05232,2
7224,-64.892909,-3.052628,2
7225,-64.893897,-3.053026,2
7226,-64.895588,-3.053552,2
7227,-64.895614,-3.052805,2
7228,-64.89534,-3.05338,2
7229,-64.858668,-3.052189,0
7230,-64.857004,-3.04751,0
7231,-64.856824,-3.050401,0
7232,-64.85673,-3.053255,0
7233,-64.856749,-3.056311,0
7234,-64.856975,-3.0595,0
7235,-64.857101,-3.059116,0
7236,-64.857256,-3.059348,0
7237,-64.858649,-3.063008,0
7238,-64.874849,-3.064126,0
7239,-64.877661,-3.081907,0
7240,-64.877595,-3.082593,0
7241,-64.877638,-3.082664,0
7242,-64.878646,-3.088727,0
7243,-64.864581,-3.068527,0
7244,-64.868873,-3.075395,0
7245,-64.873448,-3.081991,0
7246,-64.878254,-3.08873,0
7247,-64.877166,-3.081146,0
7248,-64.871476,-3.079648,0
7249,-64.871565,-3.080075,0
7250,-64.871702,-3.079989,0
7251,-64.864094,-3.072548,0
7252,-64.86525,-3.070367,0
7253,-64.866567,-3.068217,0
7254,-64.867943,-3.06625,0
7255,-64.869688,-3.064056,0
7256,-64.869326,-3.064946,0
7257,-64.868902,-3.050811,0
7258,-64.887595,-3.02671,2
7259,-64.886959,-3.026725,2
7260,-64.887572,-3.026195,2
7261,-64.881996,-3.028581,0
7262,-64.883779,-3.046771,2
7263,-64.871526,-3.044759,0
7264,-64.869023,-3.049789,0
7265,-64.866305,-3.041568,0
7266,-64.866136,-3.041843,0
7267,-64.86593,-3.039841,0
7268,-64.865688,-3.040007,0
7269,-64.858502,-3.048037,0
7270,-64.851588,-3.055784,0
7271,-64.844852,-3.063489,6
7272,-64.837959,-3.070786,6
7273,-64.837371,-3.070215,6
7274,-64.836865,-3.068698,6
7275,-64.836723,-3.067046,6
7276,-64.836324,-3.065296,6
7277,-64.836086,-3.063607,6
7278,-64.839555,-3.063882,6
7279,-64.825595,-3.068765,6
7280,-64.826102,-3.075246,6
7281,-64.828715,-3.071033,6
7282,-64.828467,-3.071166,6
7283,-64.838393,-3.07045,6
7284,-64.848383,-3.069596,0
7285,-64.858509,-3.068669,0
7286,-64.868835,-3.068117,0
7287,-64.879219,-3.067998,0
7288,-64.879525,-3.066319,0
7289,-64.877857,-3.079959,0
7290,-64.892439,-3.069818,0
7291,-64.90734,-3.059756,2
7292,-64.90667,-3.059979,2
7293,-64.892201,-3.067721,0
7294,-64.886866,-3.082702,0
7295,-64.871123,-3.049561,0
7296,-64.885141,-3.047254,2
7297,-64.887635,-3.048951,2
7298,-64.890799,-3.051133,2
7299,-64.891211,-3.051288,2
7300,-64.89375,-3.039637,2
7301,-64.893174,-3.039389,2
7302,-64.891007,-3.046973,2
7303,-64.888783,-3.054674,2
7304,-64.883385,-3.062517,0
7305,-64.883709,-3.055577,0
7306,-64.893779,-3.039675,2
7307,-64.893745,-3.039486,2
7308,-64.893602,-3.039866,2
7309,-64.893503,-3.039664,2
7310,-64.886171,-3.037269,0
7311,-64.888264,-3.053514,2
7312,-64.889786,-3.050103,2
7313,-64.891129,-3.046871,2
7314,-64.892957,-3.043728,2
7315,-64.894682,-3.040406,2
7316,-64.894894,-3.040482,2
7317,-64.894356,-3.040439,2
7318,-64.894925,-3.040414,2
7319,-64.887706,-3.036646,2
7320,-64.896879,-3.026454,2
7321,-64.897119,-3.026449,2
7322,-64.896282,-3.024771,2
7323,-64.896083,-3.02476,2
7324,-64.896112,-3.024297,2
7325,-64.895954,-3.024357,2
7326,-64.891372,-3.036317,2
7327,-64.874911,-3.04376,0
7328,-64.87059,-3.038804,0
7329,-64.86891,-3.03886,0
7330,-64.867173,-3.039184,0
7331,-64.865799,-3.039178,0
7332,-64.864489,-3.039711,0
7333,-64.862962,-3.039858,0
7334,-64.861577,-3.040326,0
7335,-64.863723,-3.039308,0
7336,-64.864688,-3.038369,0
7337,-64.867088,-3.035763,0
7338,-64.874807,-3.049409,0
7339,-64.873566,-3.048303,0
7340,-64.873439,-3.049044,0
7341,-64.869365,-3.059507,0
7342,-64.868811,-3.059308,0
7343,-64.869063,-3.059077,0
7344,-64.86923,-3.059574,0
7345,-64.867505,-3.064548,0
7346,-64.869396,-3.06899,0
7347,-64.871287,-3.073237,0
7348,-64.872965,-3.077417,0
7349,-64.87458,-3.081267,0
7350,-64.87611,-3.08528,0
7351,-64.876305,-3.084763,0
7352,-64.879864,-3.089799,0
7353,-64.8764,-3.091265,0
7354,-64.876243,-3.091203,0
7355,-64.875926,-3.090431,0
7356,-64.876068,-3.090488,0
7357,-64.875795,-3.090405,0
7358,-64.870637,-3.074857,0
7359,-64.861281,-3.066673,0
7360,-64.861202,-3.066526,0
7361,-64.83769,-3.071628,6
7362,-64.837647,-3.071369,6
7363,-64.839753,-3.075198,6
7364,-64.8503,-3.081021,0
7365,-64.861171,-3.087048,0
7366,-64.861506,-3.086889,0
7367,-64.861665,-3.087279,0
7368,-64.864716,-3.076185,0
7369,-64.864928,-3.076152,0
7370,-64.866365,-3.069067,0
7371,-64.866262,-3.069087,0
7372,-64.865968,-3.069021,0
7373,-64.877692,-3.048921,0
7374,-64.878066,-3.049706,0
7375,-64.879478,-3.054537,0
7376,-64.882425,-3.060209,0
7377,-64.882835,-3.060174,0
7378,-64.881813,-3.059493,0
7379,-64.885501,-3.049596,2
7380,-64.886258,-3.051478,2
7381,-64.887526,-3.051765,2
7382,-64.88201,-3.046118,2
7383,-64.887128,-3.037344,2
7384,-64.887575,-3.03722,2
7385,-64.88779,-3.037093,2
7386,-64.888292,-3.037022,2
7387,-64.888537,-3.0372,2
7388,-64.889004,-3.036894,2
7389,-64.889556,-3.036592,2
7390,-64.889898,-3.036287,2
7391,-64.890297,-3.036348,2
7392,-64.890807,-3.036433,2
7393,-64.891054,-3.036228,2
7394,-64.891244,-3.036245,2
7395,-64.891204,-3.036219,2
7396,-64.891231,-3.035892,2
7397,-64.891615,-3.035572,2
7398,-64.892059,-3.035496,2
7399,-64.892258,-3.035468,2
7400,-64.8924,-3.035613,2
7401,-64.892581,-3.035412,2
7402,-64.892858,-3.035369,2
7403,-64.893019,-3.035353,2
7404,-64.893153,-3.035295,2
7405,-64.893258,-3.035225,2
7406,-64.893403,-3.035085,2
7407,-64.893626,-3.034914,2
7408,-64.893844,-3.03484,2
7409,-64.894076,-3.034787,2
7410,-64.894028,-3.034986,2
7411,-64.894175,-3.034831,2
7412,-64.894433,-3.034677,2
7413,-64.894855,-3.034485,2
7414,-64.894939,-3.03451,2
7415,-64.895107,-3.034276,2
7416,-64.895278,-3.034029,2
7417,-64.895516,-3.033615,2
7418,-64.895559,-3.033511,2
7419,-64.89582,-3.033414,2
7420,-64.895977,-3.033142,2
7421,-64.896054,-3.032991,2
7422,-64.896543,-3.032891,2
7423,-64.896743,-3.032751,2
7424,-64.896892,-3.032679,2
7425,-64.89735,-3.032565,2
7426,-64.897508,-3.032398,2
7427,-64.897858,-3.03221,2
7428,-64.897857,-3.031834,2
7429,-64.89815,-3.031771,2
7430,-64.898564,-3.031583,2
7431,-64.898642,-3.031177,2
7432,-64.89874,-3.031085,2
7433,-64.898954,-3.030979,2
7434,-64.899102,-3.030698,2
7435,-64.899467,-3.030582,2
7436,-64.899616,-3.030543,2
7437,-64.899618,-3.030566,2
7438,-64.89987,-3.030329,2
7439,-64.900157,-3.029767,2
7440,-64.900451,-3.029586,2
7441,-64.900766,-3.028997,2
7442,-64.901003,-3.028706,2
7443,-64.901134,-3.028653,2
7444,-64.901553,-3.028221,2
7445,-64.90159,-3.028153,2
7446,-64.902089,-3.027755,2
7447,-64.902157,-3.027493,2
7448,-64.902466,-3.027703,2
7449,-64.902268,-3.027555,2
7450,-64.904644,-3.026146,2
7451,-64.907064,-3.024638,2
7452,-64.907071,-3.024847,2
7453,-64.913459,-3.02717,2
7454,-64.91317,-3.027489,2
7455,-64.904998,-3.028936,2
7456,-64.883676,-3.044795,2
7457,-64.88354,-3.041846,0
7458,-64.883348,-3.041724,0
7459,-64.88308,-3.041637,0
7460,-64.887405,-3.03936,0
7461,-64.89483,-3.022357,2
7462,-64.891346,-3.028332,2
7463,-64.883878,-3.037045,0
7464,-64.877566,-3.033891,0
7465,-64.878742,-3.029711,0
7466,-64.866142,-3.037037,0
7467,-64.865609,-3.04037,0
7468,-64.865297,-3.043895,0
7469,-64.865091,-3.047078,0
7470,-64.867577,-3.048543,0
7471,-64.866839,-3.048723,0
7472,-64.867639,-3.04878,0
7473,-64.871421,-3.056088,0
7474,-64.87159,-3.056242,0
7475,-64.857095,-3.053892,0
7476,-64.850873,-3.05804,0
7477,-64.850798,-3.058329,0
7478,-64.845594,-3.042948,0
7479,-64.85128,-3.042358,0
7480,-64.851397,-3.037544,0
7481,-64.850914,-3.0374,0
7482,-64.851082,-3.037567,0
7483,-64.850045,-3.036101,0
7484,-64.850973,-3.04222,0
7485,-64.851656,-3.041306,0
7486,-64.852051,-3.043095,0
7487,-64.852495,-3.044749,0
7488,-64.852677,-3.046573,0
7489,-64.853077,-3.048286,0
7490,-64.853345,-3.050006,0
7491,-64.853734,-3.051649,0
7492,-64.853915,-3.051727,0
7493,-64.85448,-3.051747,0
7494,-64.856333,-3.051862,0
7495,-64.86252,-3.04907,0
7496,-64.864425,-3.047769,0
7497,-64.866462,-3.046551,0
7498,-64.86843,-3.045039,0
7499,-64.870629,-3.043641,0
7500,-64.872962,-3.04237,0
7501,-64.875287,-3.040883,0
7502,-64.877581,-3.039478,0
7503,-64.879793,-3.038324,0
7504,-64.882106,-3.036855,0
7505,-64.88451,-3.035741,0
7506,-64.875863,-3.033289,0
7507,-64.873359,-3.034708,0
7508,-64.870943,-3.036104,0
7509,-64.871394,-3.036086,0
7510,-64.871371,-3.036239,0
7511,-64.871993,-3.037165,0
7512,-64.874772,-3.043153,0
7513,-64.874819,-3.04294,0
7514,-64.874786,-3.040962,0
7515,-64.869343,-3.047628,0
7516,-64.870152,-3.047612,0
7517,-64.870549,-3.04769,0
7518,-64.870928,-3.047774,0
7519,-64.874148,-3.049413,0
7520,-64.875245,-3.050243,0
