1,-64.877105,-3.038135
2,-64.876807,-3.038255
3,-64.877153,-3.03809
4,-64.877072,-3.03821
5,-64.885507,-3.033158
6,-64.887686,-3.031688
7,-64.887788,-3.031543
8,-64.888473,-3.031137
9,-64.888699,-3.031063
10,-64.888955,-3.03231
11,-64.886187,-3.033822
12,-64.886215,-3.033063
13,-64.879131,-3.038117
14,-64.858988,-3.055827
15,-64.860149,-3.061158
16,-64.856348,-3.065276
17,-64.856865,-3.065576
18,-64.858464,-3.063364
19,-64.858319,-3.061604
20,-64.85287,-3.053182
21,-64.852853,-3.053228
22,-64.852804,-3.053295
23,-64.854644,-3.051432
24,-64.845433,-3.041538
25,-64.845734,-3.04091
26,-64.846087,-3.040576
27,-64.84413,-3.031678
28,-64.832733,-3.056607
29,-64.832657,-3.056687
30,-64.848737,-3.022774
31,-64.867467,-2.982191
32,-64.867225,-2.982062
33,-64.867833,-2.982134
34,-64.841446,-2.967679
35,-64.841179,-2.97884
36,-64.841174,-2.978939
37,-64.850137,-2.986542
38,-64.82001,-3.026823
39,-64.793374,-3.070651
40,-64.788907,-3.075709
41,-64.788864,-3.075769
42,-64.800494,-3.070019
43,-64.800122,-3.077272
44,-64.800801,-3.077138
45,-64.801697,-3.079345
46,-64.800423,-3.085492
47,-64.793741,-3.096356
48,-64.79386,-3.107163
49,-64.794894,-3.105254
50,-64.78957,-3.094597
51,-64.796758,-3.086742
52,-64.796756,-3.086584
53,-64.803615,-3.096635
54,-64.803457,-3.098497
55,-64.80283,-3.115164
56,-64.801826,-3.110866
57,-64.801627,-3.110523
58,-64.801564,-3.110046
59,-64.806337,-3.097308
60,-64.831866,-3.098838
61,-64.833393,-3.103597
62,-64.84539,-3.096214
63,-64.857759,-3.088129
64,-64.856116,-3.088172
65,-64.865837,-3.090578
66,-64.859979,-3.082253
67,-64.862329,-3.071715
68,-64.862281,-3.071849
69,-64.866634,-3.080211
70,-64.866634,-3.093862
71,-64.865546,-3.094265
72,-64.86557,-3.094415
73,-64.8655,-3.094052
74,-64.865386,-3.094105
75,-64.855249,-3.097182
76,-64.852852,-3.095017
77,-64.855251,-3.092935
78,-64.842296,-3.096182
79,-64.821983,-3.094637
80,-64.824996,-3.09954
81,-64.825025,-3.099351
82,-64.808302,-3.08494
83,-64.808277,-3.084781
84,-64.809093,-3.081388
85,-64.811703,-3.072262
86,-64.808869,-3.075243
87,-64.808729,-3.075272
88,-64.807435,-3.078063
89,-64.808378,-3.075947
90,-64.808414,-3.075809
91,-64.807176,-3.078031
92,-64.807179,-3.078019
93,-64.806998,-3.078289
94,-64.807231,-3.077781
95,-64.807336,-3.077746
96,-64.808431,-3.075679
97,-64.808336,-3.075541
98,-64.80736,-3.077742
99,-64.80718,-3.077818
100,-64.808442,-3.075496
101,-64.807593,-3.077902
102,-64.808151,-3.076128
103,-64.808377,-3.075626
104,-64.808895,-3.07526
105,-64.807283,-3.077609
106,-64.802478,-3.073036
107,-64.793052,-3.078095
108,-64.791711,-3.083604
109,-64.788267,-3.090155
110,-64.783974,-3.099092
111,-64.784014,-3.09907
112,-64.784149,-3.099117
113,-64.789089,-3.100055
114,-64.788877,-3.099905
115,-64.790261,-3.092808
116,-64.783949,-3.090476
117,-64.789562,-3.074051
118,-64.795727,-3.065478
119,-64.811569,-3.037831
120,-64.841961,-3.028398
121,-64.855123,-2.989565
122,-64.846483,-2.982523
123,-64.833818,-2.977842
124,-64.833806,-2.977754
125,-64.837177,-2.99225
126,-64.837569,-2.999746
127,-64.834909,-2.981649
128,-64.833409,-2.979756
129,-64.833453,-2.979476
130,-64.82895,-2.979175
131,-64.830896,-2.987867
132,-64.832618,-2.990272
133,-64.83543,-2.988845
134,-64.835626,-2.989117
135,-64.839154,-2.987759
136,-64.830711,-2.980263
137,-64.83033,-2.979813
138,-64.829903,-2.980113
139,-64.830565,-2.980178
140,-64.830683,-2.979983
141,-64.831508,-2.981403
142,-64.831469,-2.98125
143,-64.831694,-2.981096
144,-64.832182,-2.995299
145,-64.832751,-3.000265
146,-64.832899,-2.999695
147,-64.832962,-2.999766
148,-64.843281,-2.99708
149,-64.840703,-2.990427
150,-64.836129,-2.981546
151,-64.835853,-2.980421
152,-64.835789,-2.97903
153,-64.840737,-3.02246
154,-64.825374,-3.037745
155,-64.825191,-3.037738
156,-64.816822,-3.05414
157,-64.816832,-3.054384
158,-64.816597,-3.054742
159,-64.816934,-3.054207
160,-64.814839,-3.067242
161,-64.814436,-3.067088
162,-64.80395,-3.064296
163,-64.781814,-3.09382
164,-64.781815,-3.093753
165,-64.781977,-3.093704
166,-64.784392,-3.098594
167,-64.784323,-3.098518
168,-64.78406,-3.099108
169,-64.784627,-3.101672
170,-64.784676,-3.101623
171,-64.786217,-3.097904
172,-64.786139,-3.097685
173,-64.79195,-3.101194
174,-64.791808,-3.101317
175,-64.791784,-3.101349
176,-64.788819,-3.109455
177,-64.789422,-3.108549
178,-64.789612,-3.108886
179,-64.789511,-3.108593
180,-64.795966,-3.102338
181,-64.791898,-3.101287
182,-64.791882,-3.101343
183,-64.79184,-3.101323
184,-64.787651,-3.102481
185,-64.784237,-3.101498
186,-64.784276,-3.101584
187,-64.784654,-3.101589
188,-64.782909,-3.10531
189,-64.775409,-3.106239
190,-64.772518,-3.102278
191,-64.7725,-3.102276
192,-64.766054,-3.084755
193,-64.766138,-3.084701
194,-64.767714,-3.083347
195,-64.767873,-3.08881
196,-64.768297,-3.088032
197,-64.768369,-3.088113
198,-64.768225,-3.088361
199,-64.767787,-3.088559
200,-64.767707,-3.088535
201,-64.767696,-3.088663
202,-64.767773,-3.088551
203,-64.768075,-3.088427
204,-64.777398,-3.081962
205,-64.788474,-3.079859
206,-64.788477,-3.079875
207,-64.797435,-3.071331
208,-64.797388,-3.07135
209,-64.79744,-3.071274
210,-64.797395,-3.071341
211,-64.812004,-3.067784
212,-64.812073,-3.067777
213,-64.812075,-3.06779
214,-64.818339,-3.06406
215,-64.818422,-3.064113
216,-64.81845,-3.064086
217,-64.818449,-3.06409
218,-64.82776,-3.058455
219,-64.834464,-3.044894
220,-64.83446,-3.044913
221,-64.8344,-3.044884
222,-64.82658,-3.035155
223,-64.821003,-3.034257
224,-64.820644,-3.033345
225,-64.820534,-3.03329
226,-64.828411,-3.029608
227,-64.828748,-3.029407
228,-64.828735,-3.029459
229,-64.82962,-3.019867
230,-64.819681,-3.02386
231,-64.819722,-3.023823
232,-64.819688,-3.023834
233,-64.824979,-3.015062
234,-64.838584,-3.011707
235,-64.838468,-3.011717
236,-64.838444,-3.011745
237,-64.841705,-3.012366
238,-64.838981,-3.015018
239,-64.839088,-3.015013
240,-64.8481,-3.012691
241,-64.848802,-3.012308
242,-64.848712,-3.01232
243,-64.84882,-3.012353
244,-64.855331,-3.009256
245,-64.861683,-2.997942
246,-64.862987,-2.998435
247,-64.859102,-2.989624
248,-64.850866,-2.992039
249,-64.850868,-2.99201
250,-64.850826,-2.99198
251,-64.843928,-3.020274
252,-64.843999,-3.020206
253,-64.843873,-3.020248
254,-64.81452,-3.033815
255,-64.814477,-3.033701
256,-64.814852,-3.033961
257,-64.81536,-3.033509
258,-64.815614,-3.032854
259,-64.815191,-3.03301
260,-64.81513,-3.033114
261,-64.80715,-3.033995
262,-64.806562,-3.043914
263,-64.806805,-3.043978
264,-64.806554,-3.053243
265,-64.807523,-3.057029
266,-64.811711,-3.066815
267,-64.811644,-3.066935
268,-64.808716,-3.077084
269,-64.809086,-3.076874
270,-64.820034,-3.074023
271,-64.819948,-3.073925
272,-64.824845,-3.072416
273,-64.824827,-3.072492
274,-64.824277,-3.074185
275,-64.824312,-3.074138
276,-64.834574,-3.070323
277,-64.837847,-3.071476
278,-64.837774,-3.071442
279,-64.839735,-3.078115
280,-64.835337,-3.079169
281,-64.835356,-3.079151
282,-64.835566,-3.079112
283,-64.833739,-3.078977
284,-64.832742,-3.079346
285,-64.827323,-3.079302
286,-64.827252,-3.079222
287,-64.826725,-3.083399
288,-64.826765,-3.08346
289,-64.826779,-3.083472
290,-64.822981,-3.086851
291,-64.81731,-3.090345
292,-64.812097,-3.098417
293,-64.812059,-3.098327
294,-64.812052,-3.098374
295,-64.811202,-3.100443
296,-64.811213,-3.10046
297,-64.814563,-3.10307
298,-64.815782,-3.104841
299,-64.815715,-3.104942
300,-64.817326,-3.10691
301,-64.816859,-3.106891
302,-64.816793,-3.106875
303,-64.816919,-3.10644
304,-64.816353,-3.105966
305,-64.816363,-3.105927
306,-64.816443,-3.105961
307,-64.819492,-3.104854
308,-64.81749,-3.104949
309,-64.816618,-3.104988
310,-64.816415,-3.10503
311,-64.81525,-3.102401
312,-64.815215,-3.10231
313,-64.815243,-3.102389
314,-64.815223,-3.10234
315,-64.815204,-3.102212
316,-64.815249,-3.102319
317,-64.814384,-3.105068
318,-64.814421,-3.105092
319,-64.810392,-3.101396
320,-64.810788,-3.101088
321,-64.810951,-3.101059
322,-64.810979,-3.101162
323,-64.812742,-3.099237
324,-64.814533,-3.100323
325,-64.814615,-3.100326
326,-64.814553,-3.100338
327,-64.815268,-3.09093
328,-64.815097,-3.092755
329,-64.815042,-3.092716
330,-64.815008,-3.09262
331,-64.801983,-3.089114
332,-64.802682,-3.089315
333,-64.793185,-3.088282
334,-64.794047,-3.088433
335,-64.794018,-3.08844
336,-64.79364,-3.088404
337,-64.793652,-3.088408
338,-64.79364,-3.088446
339,-64.791942,-3.101392
340,-64.791725,-3.101341
341,-64.791972,-3.10308
342,-64.79196,-3.103094
343,-64.787778,-3.107685
344,-64.77972,-3.110542
345,-64.779679,-3.110581
346,-64.779498,-3.110488
347,-64.779719,-3.110504
348,-64.77956,-3.109894
349,-64.779606,-3.109884
350,-64.779551,-3.109937
351,-64.779498,-3.109913
352,-64.779588,-3.10984
353,-64.784069,-3.101486
354,-64.784154,-3.101489
355,-64.784099,-3.101506
356,-64.784062,-3.101465
357,-64.784044,-3.101389
358,-64.784089,-3.101452
359,-64.788366,-3.089991
360,-64.790731,-3.080629
361,-64.789968,-3.078502
362,-64.789869,-3.078544
363,-64.789877,-3.073711
364,-64.792988,-3.076033
365,-64.793011,-3.07601
366,-64.805031,-3.067774
367,-64.81219,-3.067831
368,-64.812181,-3.067804
369,-64.812148,-3.067768
370,-64.816168,-3.067378
371,-64.819621,-3.06332
372,-64.816869,-3.054197
373,-64.817025,-3.054192
374,-64.824906,-3.053334
375,-64.825031,-3.053295
376,-64.825203,-3.050495
377,-64.832833,-3.049329
378,-64.840149,-3.039355
379,-64.840155,-3.039392
380,-64.840168,-3.039371
381,-64.840096,-3.039645
382,-64.840144,-3.039338
383,-64.840135,-3.039228
384,-64.838233,-3.035928
385,-64.830163,-3.028597
386,-64.828628,-3.02937
387,-64.82862,-3.029421
388,-64.829989,-3.029104
389,-64.840509,-3.022385
390,-64.840531,-3.022336
391,-64.840455,-3.022447
392,-64.845616,-3.019472
393,-64.846579,-3.018218
394,-64.845467,-3.013924
395,-64.845313,-3.01418
396,-64.878238,-3.018595
397,-64.878244,-3.018386
398,-64.878389,-3.018378
399,-64.883486,-3.013524
400,-64.884091,-3.017006
401,-64.884229,-3.016539
402,-64.884202,-3.016556
403,-64.893604,-3.005482
404,-64.891211,-3.004856
405,-64.886327,-3.012705
406,-64.886423,-3.01277
407,-64.886418,-3.012784
408,-64.886478,-3.012759
409,-64.886537,-3.0128
410,-64.883984,-3.017031
411,-64.884065,-3.017009
412,-64.884069,-3.017023
413,-64.884119,-3.017024
414,-64.886343,-3.024091
415,-64.874864,-3.028401
416,-64.874439,-3.03268
417,-64.874358,-3.032648
418,-64.870874,-3.035148
419,-64.870765,-3.035518
420,-64.869198,-3.036298
421,-64.8691,-3.036275
422,-64.857577,-3.032233
423,-64.853637,-3.027183
424,-64.853425,-3.027274
425,-64.853036,-3.026919
426,-64.851899,-3.026175
427,-64.851988,-3.026218
428,-64.838247,-3.035864
429,-64.838239,-3.035868
430,-64.840768,-3.039327
431,-64.840754,-3.039385
432,-64.84116,-3.039567
433,-64.84078,-3.039373
434,-64.845674,-3.04006
435,-64.851429,-3.039018
436,-64.851511,-3.039075
437,-64.85155,-3.03905
438,-64.851451,-3.038996
439,-64.859035,-3.032096
440,-64.866134,-3.027479
441,-64.86607,-3.027408
442,-64.869145,-3.035061
443,-64.876153,-3.028041
444,-64.876276,-3.028101
445,-64.882855,-3.019395
446,-64.881278,-3.023664
447,-64.869399,-3.030051
448,-64.869494,-3.030065
449,-64.866056,-3.027414
450,-64.866043,-3.027582
451,-64.866088,-3.027398
452,-64.866107,-3.0274
453,-64.866053,-3.027375
454,-64.864461,-3.025889
455,-64.852653,-3.026355
456,-64.852766,-3.026107
457,-64.852486,-3.026127
458,-64.851319,-3.026525
459,-64.837988,-3.030945
460,-64.837833,-3.031221
461,-64.827622,-3.034741
462,-64.827392,-3.036098
463,-64.827218,-3.041065
464,-64.827212,-3.040885
465,-64.827354,-3.040747
466,-64.849259,-3.023222
467,-64.845419,-3.013946
468,-64.845324,-3.013943
469,-64.847048,-2.996051
470,-64.844513,-2.989852
471,-64.856607,-2.998411
472,-64.870154,-2.99047
473,-64.870208,-2.990458
474,-64.876099,-2.993254
475,-64.874921,-3.00117
476,-64.874945,-3.00125
477,-64.874965,-3.001269
478,-64.877659,-3.006179
479,-64.883547,-3.013637
480,-64.880544,-3.016767
481,-64.880626,-3.016745
482,-64.880621,-3.01673
483,-64.858052,-3.019636
484,-64.855434,-3.004498
485,-64.855517,-3.004551
486,-64.855599,-3.00442
487,-64.857248,-2.994874
488,-64.857151,-2.994834
489,-64.854327,-2.987887
490,-64.841298,-2.979564
491,-64.846707,-3.002686
492,-64.841719,-3.014238
493,-64.866395,-3.023531
494,-64.866349,-3.023597
495,-64.865992,-3.027341
496,-64.866076,-3.027408
497,-64.865012,-3.02752
498,-64.866058,-3.027419
499,-64.878306,-3.021796
500,-64.888041,-3.001347
501,-64.842723,-2.980117
502,-64.842772,-2.98064
503,-64.842827,-2.980746
504,-64.842481,-2.980589
505,-64.842479,-2.980554
506,-64.840955,-2.97944
507,-64.840971,-2.979384
508,-64.841063,-2.97956
509,-64.84094,-2.979388
510,-64.841056,-2.979473
511,-64.84094,-2.979545
512,-64.841138,-2.979021
513,-64.841127,-2.979062
514,-64.84165,-2.979054
515,-64.843197,-3.017124
516,-64.839476,-3.016162
517,-64.839526,-3.016272
518,-64.839392,-3.016151
519,-64.839628,-3.016045
520,-64.839561,-3.016169
521,-64.839147,-3.016112
522,-64.839583,-3.01604
523,-64.839512,-3.016133
524,-64.839511,-3.016229
525,-64.839554,-3.016206
526,-64.839488,-3.016223
527,-64.845915,-3.007536
528,-64.865456,-2.991269
529,-64.888229,-2.968303
530,-64.909375,-2.973195
531,-64.909539,-2.973102
532,-64.907275,-2.975486
533,-64.909828,-2.971511
534,-64.904504,-2.938404
535,-64.897669,-2.958839
536,-64.88202,-2.970459
537,-64.868063,-2.996698
538,-64.848641,-3.030671
539,-64.848796,-3.030873
540,-64.854879,-3.017743
541,-64.867262,-2.974943
542,-64.86733,-2.974848
543,-64.867545,-2.975172
544,-64.867337,-2.975415
545,-64.869615,-2.974845
546,-64.870898,-2.974622
547,-64.882269,-2.970119
548,-64.91278,-2.966595
549,-64.912078,-2.965716
550,-64.912047,-2.965764
551,-64.912084,-2.965696
552,-64.912122,-2.96601
553,-64.903769,-2.967844
554,-64.912101,-2.966263
555,-64.909436,-2.967919
556,-64.87327,-2.973788
557,-64.873222,-2.973516
558,-64.873839,-2.974575
559,-64.873321,-2.974528
560,-64.872508,-2.974367
561,-64.871941,-2.975322
562,-64.871472,-2.975519
563,-64.870782,-2.975126
564,-64.869929,-2.975754
565,-64.866466,-2.982084
566,-64.867179,-2.988392
567,-64.867998,-2.990898
568,-64.871436,-2.991412
569,-64.869352,-2.989626
570,-64.868195,-2.986459
571,-64.911005,-2.962197
572,-64.912386,-2.948268
573,-64.904798,-2.946827
574,-64.875722,-2.955219
575,-64.859132,-2.962816
576,-64.857426,-2.96258
577,-64.837381,-3.000253
578,-64.83738,-2.999827
579,-64.849283,-2.977455
580,-64.871961,-2.966151
581,-64.873262,-2.963853
582,-64.827706,-2.999852
583,-64.833001,-2.992409
584,-64.865335,-3.009008
585,-64.866468,-3.00959
586,-64.869886,-3.011621
587,-64.879697,-3.010268
588,-64.877247,-3.016939
589,-64.877306,-3.025395
590,-64.868845,-3.027482
591,-64.868314,-3.02576
592,-64.867907,-3.025472
593,-64.823512,-3.073456
594,-64.817153,-3.035029
595,-64.846433,-3.025011
596,-64.846883,-2.982237
597,-64.905164,-2.948935
598,-64.883198,-2.968003
599,-64.884436,-2.971519
600,-64.884187,-2.971338
601,-64.892831,-2.991085
602,-64.856403,-3.006442
603,-64.856486,-3.006276
604,-64.856326,-3.006403
605,-64.852057,-2.986624
606,-64.836006,-3.019185
607,-64.834898,-3.01838
608,-64.823612,-3.0225
609,-64.816281,-3.026334
610,-64.833532,-3.020991
611,-64.836025,-3.018934
612,-64.844118,-2.961272
613,-64.852843,-2.956797
614,-64.876149,-2.996027
615,-64.852424,-3.022103
616,-64.85156,-3.023436
617,-64.856809,-3.029863
618,-64.862165,-3.024026
619,-64.867418,-2.997293
620,-64.861025,-2.97098
621,-64.840232,-2.992567
622,-64.842043,-3.008688
623,-64.837919,-3.01819
624,-64.839811,-3.016423
625,-64.845698,-3.00402
626,-64.845653,-3.00402
627,-64.84571,-3.003879
628,-64.841565,-2.989827
629,-64.86456,-2.972758
630,-64.875028,-2.971743
631,-64.890034,-2.988522
632,-64.88756,-2.996308
633,-64.889919,-3.007251
634,-64.896099,-2.98409
635,-64.897186,-2.982188
636,-64.897396,-2.980872
637,-64.880104,-2.999052
638,-64.87562,-3.000828
639,-64.875991,-3.000525
640,-64.875759,-3.000942
641,-64.875894,-3.000733
642,-64.875797,-3.000894
643,-64.867328,-2.986961
644,-64.88935,-2.986194
645,-64.886867,-2.990961
646,-64.886011,-2.989316
647,-64.881592,-2.969667
648,-64.876546,-2.971545
649,-64.874432,-2.975189
650,-64.877212,-2.976782
651,-64.881036,-2.971277
652,-64.868664,-2.988121
653,-64.881526,-2.983284
654,-64.88155,-2.983176
655,-64.885626,-2.990242
656,-64.882753,-2.995123
657,-64.882736,-2.995025
658,-64.882592,-2.994823
659,-64.882679,-2.995032
660,-64.882534,-2.994965
661,-64.883009,-2.994973
662,-64.881017,-3.002777
663,-64.881083,-3.003807
664,-64.873354,-3.013155
665,-64.87356,-3.015519
666,-64.864824,-3.021499
667,-64.862277,-3.023879
668,-64.862245,-3.023791
669,-64.852282,-3.020657
670,-64.852775,-2.98617
671,-64.856581,-2.99321
672,-64.856489,-2.993628
673,-64.853368,-2.984787
674,-64.848644,-2.982541
675,-64.846539,-2.977779
676,-64.850669,-2.975696
677,-64.854984,-2.974882
678,-64.866885,-2.993033
679,-64.866277,-3.000824
680,-64.867646,-3.001888
681,-64.866898,-3.002728
682,-64.865994,-3.001814
683,-64.866644,-2.998657
684,-64.867042,-2.996815
685,-64.867224,-2.997295
686,-64.867219,-2.99751
687,-64.866575,-2.996996
688,-64.894139,-2.984785
689,-64.894228,-2.984745
690,-64.894814,-2.984457
691,-64.882337,-2.996843
692,-64.88522,-2.999183
693,-64.885555,-2.999091
694,-64.884893,-2.998808
695,-64.890589,-3.002134
696,-64.890752,-3.002059
697,-64.889529,-3.004187
698,-64.869576,-3.01264
699,-64.833564,-3.018403
700,-64.826424,-3.021841
701,-64.823783,-3.018556
702,-64.829268,-3.015655
703,-64.836221,-3.003907
704,-64.836895,-3.003964
705,-64.839084,-3.00047
706,-64.839111,-3.000522
707,-64.838599,-2.999171
708,-64.837029,-2.999862
709,-64.837019,-2.997371
710,-64.856091,-2.987122
711,-64.857089,-3.006238
712,-64.856901,-3.006091
713,-64.856928,-3.006151
714,-64.86255,-3.010844
715,-64.866579,-3.024891
716,-64.885747,-3.012812
717,-64.885705,-3.012202
718,-64.886579,-3.011429
719,-64.89113,-3.002926
720,-64.886826,-2.994021
721,-64.899606,-2.984973
722,-64.907192,-2.984853
723,-64.908465,-2.983695
724,-64.88788,-2.963438
725,-64.865701,-2.95809
726,-64.878848,-2.957314
727,-64.86819,-2.970673
728,-64.871448,-2.972361
729,-64.875662,-2.976517
730,-64.879564,-2.999149
731,-64.876744,-3.009367
732,-64.876759,-3.009335
733,-64.884604,-3.019826
734,-64.874201,-3.026373
735,-64.871341,-3.025409
736,-64.864693,-3.032076
737,-64.85431,-3.029226
738,-64.854456,-3.029174
739,-64.85171,-3.02316
740,-64.850052,-3.024821
741,-64.847375,-3.028573
742,-64.843079,-3.03505
743,-64.836559,-3.046848
744,-64.837992,-3.049361
745,-64.837759,-3.049149
746,-64.849806,-3.039034
747,-64.850398,-3.03753
748,-64.851712,-3.027625
749,-64.848962,-3.010265
750,-64.857881,-2.994099
751,-64.855233,-3.007671
752,-64.83485,-3.017696
753,-64.817316,-3.005169
754,-64.827208,-2.990077
755,-64.827864,-2.999605
756,-64.834765,-2.988745
757,-64.862171,-3.002457
758,-64.860128,-3.002333
759,-64.878756,-3.008226
760,-64.888654,-3.009124
761,-64.890127,-3.007769
762,-64.889671,-3.007916
763,-64.874911,-3.0132
764,-64.874769,-3.013456
765,-64.874858,-3.013469
766,-64.874894,-3.013333
767,-64.874662,-3.013567
768,-64.880084,-3.014653
769,-64.880099,-3.014661
770,-64.849345,-2.980633
771,-64.854443,-2.974497
772,-64.847273,-2.964333
773,-64.847084,-2.96442
774,-64.844041,-2.967179
775,-64.845347,-2.999598
776,-64.845149,-3.000042
777,-64.845641,-3.004291
778,-64.857947,-2.995872
779,-64.857558,-2.995906
780,-64.857621,-2.995996
781,-64.862944,-2.996266
782,-64.854984,-3.011673
783,-64.824298,-3.021037
784,-64.817551,-3.020342
785,-64.817798,-3.020173
786,-64.838616,-3.000434
787,-64.838634,-2.99968
788,-64.837109,-2.997248
789,-64.827787,-3.035078
790,-64.839424,-3.019907
791,-64.88499,-3.009929
792,-64.885248,-3.009837
793,-64.877603,-2.992831
794,-64.853264,-2.99674
795,-64.84421,-3.014362
796,-64.844276,-3.014629
797,-64.824639,-3.0272
798,-64.84317,-3.020319
799,-64.843577,-3.020247
800,-64.843445,-3.020566
801,-64.843609,-3.020675
802,-64.838534,-3.011432
803,-64.851652,-3.015277
804,-64.857243,-3.009835
805,-64.841114,-2.980423
806,-64.827223,-2.99056
807,-64.827115,-2.990583
808,-64.827546,-2.989931
809,-64.825493,-2.989882
810,-64.838513,-3.019625
811,-64.837944,-3.018033
812,-64.843264,-3.016716
813,-64.846393,-3.017301
814,-64.849806,-3.012855
815,-64.85135,-3.036561
816,-64.851184,-3.036617
817,-64.850703,-3.036748
818,-64.849298,-3.030961
819,-64.849976,-3.03075
820,-64.849082,-3.030772
821,-64.838166,-3.044969
822,-64.838201,-3.045201
823,-64.837571,-3.045452
824,-64.839149,-3.044796
825,-64.837532,-3.047895
826,-64.837296,-3.047658
827,-64.847593,-3.029075
828,-64.847588,-3.029185
829,-64.856707,-3.010175
830,-64.854549,-2.990659
831,-64.850168,-2.99112
832,-64.825979,-2.987999
833,-64.827577,-2.988854
834,-64.829973,-2.987724
835,-64.834641,-2.960023
836,-64.844184,-2.961425
837,-64.845357,-2.966824
838,-64.854404,-2.981987
839,-64.854443,-2.982516
840,-64.854296,-2.98264
841,-64.81033,-3.063032
842,-64.810589,-3.063393
843,-64.821332,-3.057207
844,-64.82835,-3.044886
845,-64.858409,-3.025448
846,-64.858313,-3.024945
847,-64.866888,-3.025464
848,-64.856367,-3.007417
849,-64.856182,-3.007458
850,-64.845422,-2.978267
851,-64.845397,-2.978243
852,-64.845162,-2.978333
853,-64.845099,-2.978273
854,-64.840405,-2.97659
855,-64.835993,-2.973098
856,-64.814959,-3.017936
857,-64.816479,-3.017521
858,-64.820666,-3.016729
859,-64.821358,-3.017189
860,-64.835086,-2.985724
861,-64.835543,-2.9855
862,-64.83883,-2.986376
863,-64.873803,-2.990101
864,-64.874351,-3.027342
865,-64.874359,-3.026223
866,-64.868306,-3.025805
867,-64.859803,-3.023439
868,-64.859835,-3.02373
869,-64.866776,-2.982716
870,-64.868121,-2.982424
871,-64.867947,-2.983545
872,-64.885642,-2.988783
873,-64.874776,-2.99711
874,-64.820856,-3.023511
875,-64.831751,-3.019295
876,-64.831573,-2.969286
877,-64.847466,-2.955628
878,-64.848126,-2.958758
879,-64.848122,-2.958678
880,-64.848208,-2.958804
881,-64.847718,-2.96654
882,-64.845195,-2.969289
883,-64.848115,-2.978735
884,-64.84646,-2.992495
885,-64.845764,-2.977599
886,-64.845782,-2.977539
887,-64.862391,-2.997411
888,-64.886818,-3.016714
889,-64.886901,-3.01659
890,-64.885946,-3.00753
891,-64.857841,-3.006946
892,-64.877746,-3.010677
893,-64.870442,-3.012251
894,-64.874024,-3.01669
895,-64.873891,-3.016745
896,-64.844053,-3.036113
897,-64.843856,-3.052796
898,-64.843349,-3.052741
899,-64.843011,-3.062762
900,-64.819833,-3.067123
901,-64.836291,-3.048155
902,-64.843697,-3.034538
903,-64.843661,-3.034568
904,-64.836479,-3.021229
905,-64.825307,-3.016007
906,-64.825109,-3.016234
907,-64.837911,-2.988243
908,-64.843959,-2.976844
909,-64.829091,-3.009774
910,-64.817971,-3.01909
911,-64.831074,-3.017388
912,-64.853773,-3.004693
913,-64.854904,-3.002413
914,-64.857806,-2.995693
915,-64.86457,-2.996906
916,-64.865419,-2.995329
917,-64.86142,-2.965633
918,-64.873001,-2.987308
919,-64.844743,-3.035519
920,-64.840324,-3.033678
921,-64.840088,-3.0337
922,-64.840566,-3.033347
923,-64.844398,-3.041171
924,-64.832511,-3.031068
925,-64.85002,-3.083768
926,-64.849935,-3.084712
927,-64.849935,-3.083339
928,-64.840236,-3.078704
929,-64.838347,-3.073726
930,-64.838433,-3.073726
931,-64.838347,-3.073726
932,-64.776206,-3.103852
933,-64.776292,-3.103766
934,-64.776292,-3.103766
935,-64.775519,-3.10617
936,-64.775262,-3.10617
937,-64.775434,-3.106256
938,-64.775262,-3.106256
939,-64.782987,-3.100762
940,-64.782987,-3.100762
941,-64.783072,-3.100762
942,-64.782901,-3.100762
943,-64.782987,-3.100762
944,-64.782987,-3.100677
945,-64.782987,-3.100677
946,-64.782214,-3.101106
947,-64.782214,-3.101192
948,-64.782214,-3.101192
949,-64.782214,-3.101277
950,-64.773202,-3.101449
951,-64.773116,-3.101707
952,-64.773288,-3.101449
953,-64.773202,-3.101449
954,-64.773288,-3.101621
955,-64.773202,-3.101449
956,-64.77303,-3.101621
957,-64.773116,-3.101535
958,-64.787793,-3.107715
959,-64.791055,-3.104882
960,-64.791055,-3.104968
961,-64.825301,-3.037076
962,-64.825387,-3.037248
963,-64.825301,-3.037162
964,-64.825387,-3.037076
965,-64.826589,-3.040595
966,-64.826589,-3.040681
967,-64.826503,-3.040681
968,-64.826589,-3.040595
969,-64.826674,-3.040509
970,-64.82676,-3.040767
971,-64.826503,-3.040595
972,-64.826674,-3.039308
973,-64.826674,-3.039308
974,-64.828734,-3.029437
975,-64.834313,-3.026776
976,-64.834399,-3.026776
977,-64.838519,-3.024201
978,-64.827361,-3.034329
979,-64.811482,-3.035531
980,-64.820666,-3.033471
981,-64.820409,-3.033385
982,-64.82058,-3.033385
983,-64.821095,-3.03184
984,-64.828563,-3.029437
985,-64.828649,-3.029437
986,-64.849162,-3.012357
987,-64.840751,-3.039393
988,-64.834313,-3.0442
989,-64.832768,-3.049264
990,-64.832854,-3.049264
991,-64.832854,-3.04935
992,-64.824357,-3.05759
993,-64.822383,-3.058877
994,-64.818263,-3.064456
995,-64.817662,-3.064971
996,-64.850535,-3.036904
997,-64.851737,-3.035188
998,-64.851737,-3.035188
999,-64.851823,-3.035274
1000,-64.851823,-3.035188
1001,-64.851136,-3.034844
1002,-64.851136,-3.032269
1003,-64.851308,-3.029008
1004,-64.851394,-3.029094
1005,-64.843583,-3.020768
1006,-64.843583,-3.020768
1007,-64.843669,-3.020768
1008,-64.823928,-3.040938
1009,-64.824014,-3.040938
1010,-64.808221,-3.067718
1011,-64.808307,-3.067632
1012,-64.811225,-3.068061
1013,-64.811311,-3.068061
1014,-64.816031,-3.087201
1015,-64.816031,-3.087115
1016,-64.816203,-3.086944
1017,-64.813113,-3.090892
1018,-64.813113,-3.090892
1019,-64.813113,-3.09072
1020,-64.813113,-3.090892
1021,-64.867343,-2.990311
1022,-64.874896,-2.973538
1023,-64.874792,-2.973263
1024,-64.876214,-2.971646
1025,-64.876219,-2.971767
1026,-64.876444,-2.965519
1027,-64.876595,-2.965414
1028,-64.876716,-2.965406
1029,-64.87755,-2.965341
1030,-64.881205,-2.943427
1031,-64.884216,-2.938403
1032,-64.899035,-2.935386
1033,-64.899555,-2.934865
1034,-64.899054,-2.937277
1035,-64.875898,-2.94735
1036,-64.876511,-2.931759
1037,-64.879434,-2.930106
1038,-64.881379,-2.925513
1039,-64.876444,-2.924277
1040,-64.848562,-2.936457
1041,-64.848501,-2.936412
1042,-64.842644,-2.960429
1043,-64.852007,-3.010269
1044,-64.841867,-2.97594
1045,-64.870469,-2.967278
1046,-64.881845,-2.950059
1047,-64.88237,-2.950173
1048,-64.885219,-2.947785
1049,-64.882323,-2.933597
1050,-64.878521,-2.933181
1051,-64.914671,-2.936698
1052,-64.911231,-2.946828
1053,-64.909858,-2.950328
1054,-64.903204,-2.948186
1055,-64.856334,-2.931155
1056,-64.856196,-2.931101
1057,-64.854865,-2.931418
1058,-64.853274,-2.931815
1059,-64.852449,-2.931915
1060,-64.852617,-2.925036
1061,-64.910173,-2.935881
1062,-64.872555,-2.973896
1063,-64.866688,-2.976021
1064,-64.837502,-2.958561
1065,-64.839378,-2.967741
1066,-64.865118,-2.964145
1067,-64.873395,-2.963955
1068,-64.833496,-2.968131
1069,-64.838003,-2.957375
1070,-64.848858,-2.952405
1071,-64.861249,-2.939906
1072,-64.886873,-2.920571
1073,-64.878966,-2.915772
1074,-64.890522,-2.90715
1075,-64.890443,-2.907375
1076,-64.890345,-2.907236
1077,-64.890369,-2.907149
1078,-64.893986,-2.904361
1079,-64.893766,-2.903764
1080,-64.911024,-2.917132
1081,-64.909068,-2.938919
1082,-64.911232,-2.946763
1083,-64.894836,-2.962915
1084,-64.87547,-2.972948
1085,-64.890758,-2.94054
1086,-64.878284,-2.931195
1087,-64.877587,-2.931694
1088,-64.871851,-2.916572
1089,-64.892817,-2.905954
1090,-64.899561,-2.898542
1091,-64.905118,-2.88524
1092,-64.917209,-2.883107
1093,-64.898988,-2.899282
1094,-64.891993,-2.906705
1095,-64.888321,-2.922822
1096,-64.888279,-2.922813
1097,-64.887394,-2.923505
1098,-64.899895,-2.917315
1099,-64.908924,-2.910582
1100,-64.909007,-2.90983
1101,-64.902709,-2.936652
1102,-64.898391,-2.931791
1103,-64.913177,-2.902384
1104,-64.922505,-2.880874
1105,-64.929914,-2.868546
1106,-64.929886,-2.868606
1107,-64.934202,-2.861417
1108,-64.928691,-2.868233
1109,-64.926459,-2.871929
1110,-64.921697,-2.869082
1111,-64.920657,-2.869041
1112,-64.921017,-2.870035
1113,-64.921491,-2.879309
1114,-64.933066,-2.862076
1115,-64.944175,-2.856696
1116,-64.909303,-2.907942
1117,-64.905103,-2.913961
1118,-64.872712,-2.938627
1119,-64.872479,-2.938535
1120,-64.900935,-2.91708
1121,-64.903044,-2.91553
1122,-64.909135,-2.910604
1123,-64.889573,-2.911771
1124,-64.887642,-2.907749
1125,-64.90661,-2.91216
1126,-64.906004,-2.913459
1127,-64.89492,-2.925352
1128,-64.889259,-2.92176
1129,-64.899739,-2.91786
1130,-64.916719,-2.886071
1131,-64.925538,-2.866919
1132,-64.926239,-2.867972
1133,-64.925144,-2.867913
1134,-64.908882,-2.910627
1135,-64.908827,-2.910628
1136,-64.913295,-2.948327
1137,-64.896685,-2.967121
1138,-64.855258,-2.989723
1139,-64.909888,-2.907937
1140,-64.900665,-2.931686
1141,-64.890368,-2.927161
1142,-64.840865,-2.938502
1143,-64.846195,-2.965789
1144,-64.8341,-2.97388
1145,-64.863086,-2.98105
1146,-64.887389,-2.968448
1147,-64.907613,-2.935588
1148,-64.898019,-2.928186
1149,-64.897584,-2.928344
1150,-64.890323,-2.927627
1151,-64.884385,-2.914366
1152,-64.90237,-2.895155
1153,-64.910474,-2.87769
1154,-64.917876,-2.874322
1155,-64.912075,-2.879584
1156,-64.893928,-2.910656
1157,-64.842366,-2.925977
1158,-64.835339,-2.947543
1159,-64.835837,-2.973838
1160,-64.860254,-2.976163
1161,-64.880732,-2.950835
1162,-64.836215,-2.941649
1163,-64.853485,-2.923634
1164,-64.875503,-2.914308
1165,-64.901251,-2.916761
1166,-64.90556,-2.8851
1167,-64.916648,-2.885901
1168,-64.903296,-2.893159
1169,-64.903285,-2.893508
1170,-64.914857,-2.86333
1171,-64.918367,-2.861281
1172,-64.932228,-2.848976
1173,-64.932173,-2.849043
1174,-64.914084,-2.877421
1175,-64.91248,-2.87856
1176,-64.910112,-2.900102
1177,-64.910992,-2.890679
1178,-64.904933,-2.888926
1179,-64.907676,-2.881629
1180,-64.895774,-2.881963
1181,-64.905581,-2.883294
1182,-64.90541,-2.883284
1183,-64.905524,-2.88321
1184,-64.905671,-2.884567
1185,-64.892486,-2.891427
1186,-64.901091,-2.877883
1187,-64.907795,-2.875921
1188,-64.916726,-2.886202
1189,-64.899735,-2.898876
1190,-64.891725,-2.900479
1191,-64.896308,-2.90231
1192,-64.897155,-2.901483
1193,-64.907784,-2.875193
1194,-64.896016,-2.881736
1195,-64.89584,-2.881777
1196,-64.889201,-2.889578
1197,-64.897195,-2.901587
1198,-64.897167,-2.901427
1199,-64.89707,-2.901365
1200,-64.909687,-2.897024
1201,-64.895259,-2.882481
1202,-64.895157,-2.882439
1203,-64.912149,-2.874835
1204,-64.911819,-2.874921
1205,-64.912037,-2.874843
1206,-64.9042,-2.845831
1207,-64.903901,-2.845368
1208,-64.907418,-2.84082
1209,-64.896221,-2.82974
1210,-64.8968,-2.830647
1211,-64.903638,-2.831851
1212,-64.895731,-2.881945
1213,-64.835824,-2.930721
1214,-64.835564,-2.931128
1215,-64.846383,-2.928449
1216,-64.897099,-2.901283
1217,-64.897213,-2.901488
1218,-64.910952,-2.886693
1219,-64.898933,-2.898956
1220,-64.899037,-2.899027
1221,-64.909378,-2.878783
1222,-64.919347,-2.863615
1223,-64.919131,-2.863641
1224,-64.8967,-2.830692
1225,-64.896681,-2.830583
1226,-64.897022,-2.8305
1227,-64.890861,-2.82291
1228,-64.896561,-2.808214
1229,-64.896497,-2.808201
1230,-64.896414,-2.808344
1231,-64.90731,-2.840852
1232,-64.907411,-2.840779
1233,-64.907361,-2.840921
1234,-64.906945,-2.838904
1235,-64.90937,-2.847264
1236,-64.915196,-2.853485
1237,-64.916034,-2.853681
1238,-64.917094,-2.858563
1239,-64.917548,-2.858086
1240,-64.915913,-2.853883
1241,-64.915952,-2.853998
1242,-64.935006,-2.855788
1243,-64.934483,-2.855452
1244,-64.934634,-2.855278
1245,-64.955395,-2.851284
1246,-64.955416,-2.851187
1247,-64.955328,-2.851178
1248,-64.969735,-2.848197
1249,-64.978203,-2.844628
1250,-64.978178,-2.844618
1251,-64.977157,-2.842616
1252,-64.954703,-2.842294
1253,-64.95494,-2.843472
1254,-64.954245,-2.845455
1255,-64.954378,-2.845396
1256,-64.954739,-2.841211
1257,-64.954713,-2.841192
1258,-64.955209,-2.840467
1259,-64.95535,-2.840481
1260,-64.946847,-2.850081
1261,-64.944452,-2.848839
1262,-64.944575,-2.84879
1263,-64.944455,-2.848738
1264,-64.943859,-2.851121
1265,-64.943816,-2.851034
1266,-64.939023,-2.849129
1267,-64.932642,-2.841114
1268,-64.929376,-2.803519
1269,-64.929402,-2.80348
1270,-64.929422,-2.803496
1271,-64.924924,-2.802664
1272,-64.903205,-2.809699
1273,-64.903195,-2.809511
1274,-64.903281,-2.809595
1275,-64.90176,-2.839833
1276,-64.916468,-2.853634
1277,-64.916852,-2.844443
1278,-64.916634,-2.844647
1279,-64.91773,-2.863214
1280,-64.917706,-2.85806
1281,-64.91766,-2.85806
1282,-64.921476,-2.858972
1283,-64.912433,-2.857051
1284,-64.912489,-2.857166
1285,-64.912508,-2.857138
1286,-64.905711,-2.848448
1287,-64.896721,-2.830625
1288,-64.903572,-2.831809
1289,-64.896729,-2.830632
1290,-64.899263,-2.822665
1291,-64.899271,-2.822584
1292,-64.899272,-2.822667
1293,-64.900903,-2.810421
1294,-64.894871,-2.80375
1295,-64.9158,-2.797111
1296,-64.932184,-2.773651
1297,-64.937715,-2.756128
1298,-64.937846,-2.756139
1299,-64.937842,-2.756153
1300,-64.988753,-2.805175
1301,-64.984414,-2.813962
1302,-64.951004,-2.852083
1303,-64.950975,-2.852078
1304,-64.935966,-2.854529
1305,-64.933488,-2.856201
1306,-64.933514,-2.856315
1307,-64.933459,-2.856281
1308,-64.930042,-2.858173
1309,-64.930619,-2.857859
1310,-64.930695,-2.857898
1311,-64.912495,-2.857142
1312,-64.912593,-2.857037
1313,-64.912444,-2.857067
1314,-64.913465,-2.859245
1315,-64.920354,-2.861515
1316,-64.921219,-2.861332
1317,-64.921218,-2.861226
1318,-64.908027,-2.851055
1319,-64.91504,-2.853436
1320,-64.90813,-2.845753
1321,-64.908225,-2.845698
1322,-64.908415,-2.843712
1323,-64.908177,-2.843543
1324,-64.901904,-2.839782
1325,-64.901781,-2.839809
1326,-64.903585,-2.832961
1327,-64.903582,-2.832896
1328,-64.903527,-2.833018
1329,-64.893114,-2.823494
1330,-64.889827,-2.810385
1331,-64.890245,-2.81211
1332,-64.890258,-2.812182
1333,-64.89732,-2.796162
1334,-64.897162,-2.796273
1335,-64.904671,-2.803547
1336,-64.9049,-2.81816
1337,-64.905734,-2.842166
1338,-64.913407,-2.847313
1339,-64.913252,-2.84714
1340,-64.908501,-2.848616
1341,-64.911071,-2.856141
1342,-64.915109,-2.85348
1343,-64.915215,-2.853447
1344,-64.913401,-2.859388
1345,-64.9135,-2.859418
1346,-64.913492,-2.859441
1347,-64.913464,-2.859448
1348,-64.913419,-2.859434
1349,-64.913517,-2.859455
1350,-64.913614,-2.859719
1351,-64.913536,-2.859728
1352,-64.905305,-2.881844
1353,-64.91031,-2.882079
1354,-64.902009,-2.889032
1355,-64.891613,-2.896373
1356,-64.897281,-2.901316
1357,-64.896835,-2.895477
1358,-64.896902,-2.895553
1359,-64.906084,-2.874598
1360,-64.91315,-2.859216
1361,-64.913638,-2.859438
1362,-64.91344,-2.859434
1363,-64.913478,-2.85943
1364,-64.913482,-2.859371
1365,-64.913467,-2.85946
1366,-64.91981,-2.863532
1367,-64.919935,-2.863525
1368,-64.918426,-2.861308
1369,-64.930673,-2.857835
1370,-64.931004,-2.857731
1371,-64.930851,-2.858026
1372,-64.93682,-2.854024
1373,-64.939075,-2.854626
1374,-64.939011,-2.854701
1375,-64.939129,-2.854678
1376,-64.930417,-2.853462
1377,-64.923256,-2.848782
1378,-64.923245,-2.848785
1379,-64.923213,-2.848902
1380,-64.903591,-2.832999
1381,-64.90362,-2.833035
1382,-64.895803,-2.832938
1383,-64.901922,-2.839862
1384,-64.904443,-2.835166
1385,-64.904475,-2.835104
1386,-64.902912,-2.813955
1387,-64.902894,-2.813928
1388,-64.902929,-2.813833
1389,-64.902754,-2.813966
1390,-64.895102,-2.806626
1391,-64.899217,-2.822652
1392,-64.899193,-2.822667
1393,-64.901369,-2.830908
1394,-64.903578,-2.832836
1395,-64.903598,-2.832894
1396,-64.903429,-2.832891
1397,-64.90191,-2.839963
1398,-64.903616,-2.832624
1399,-64.903683,-2.832828
1400,-64.905829,-2.83715
1401,-64.9058,-2.837163
1402,-64.905779,-2.837209
1403,-64.913673,-2.852675
1404,-64.913717,-2.852745
1405,-64.923264,-2.848811
1406,-64.9121,-2.852345
1407,-64.934947,-2.855801
1408,-64.93223,-2.848835
1409,-64.932236,-2.849189
1410,-64.902151,-2.826886
1411,-64.902151,-2.826902
1412,-64.902233,-2.826859
1413,-64.902173,-2.826872
1414,-64.902255,-2.826872
1415,-64.90218,-2.82692
1416,-64.9023,-2.826781
1417,-64.902128,-2.826914
1418,-64.902317,-2.826842
1419,-64.902149,-2.826849
1420,-64.901613,-2.828772
1421,-64.901803,-2.829334
1422,-64.898974,-2.832927
1423,-64.899177,-2.832996
1424,-64.903685,-2.832643
1425,-64.903102,-2.82035
1426,-64.902839,-2.820413
1427,-64.896206,-2.829686
1428,-64.89672,-2.830623
1429,-64.903688,-2.831912
1430,-64.903498,-2.83197
1431,-64.902807,-2.842886
1432,-64.90212,-2.840076
1433,-64.902035,-2.840134
1434,-64.901961,-2.839962
1435,-64.901906,-2.840017
1436,-64.916502,-2.853639
1437,-64.916679,-2.853629
1438,-64.914149,-2.854889
1439,-64.90536,-2.83587
1440,-64.905208,-2.836011
1441,-64.898753,-2.831096
1442,-64.897943,-2.830225
1443,-64.898005,-2.830229
1444,-64.898298,-2.830243
1445,-64.88918,-2.820186
1446,-64.896156,-2.820171
1447,-64.896269,-2.820478
1448,-64.898824,-2.788381
1449,-64.898866,-2.788349
1450,-64.904999,-2.804328
1451,-64.903577,-2.80885
1452,-64.903537,-2.809055
1453,-64.903769,-2.808987
1454,-64.902693,-2.82043
1455,-64.901869,-2.820513
1456,-64.901952,-2.820719
1457,-64.902401,-2.820135
1458,-64.902015,-2.840087
1459,-64.905515,-2.837099
1460,-64.90582,-2.837281
1461,-64.903086,-2.844329
1462,-64.902082,-2.840026
1463,-64.905304,-2.836099
1464,-64.905224,-2.836291
1465,-64.905048,-2.836331
1466,-64.906819,-2.824309
1467,-64.906641,-2.824245
1468,-64.902696,-2.824564
1469,-64.902896,-2.820351
1470,-64.902736,-2.82041
1471,-64.902812,-2.820433
1472,-64.896701,-2.830492
1473,-64.899223,-2.822637
1474,-64.899174,-2.822714
1475,-64.898954,-2.822463
1476,-64.898892,-2.822391
1477,-64.896212,-2.820191
1478,-64.896507,-2.808235
1479,-64.889672,-2.807668
1480,-64.883271,-2.794801
1481,-64.898902,-2.788312
1482,-64.898767,-2.788284
1483,-64.923548,-2.794328
1484,-64.923436,-2.794317
1485,-64.923416,-2.794717
1486,-64.933002,-2.827973
1487,-64.933016,-2.827985
1488,-64.939506,-2.821373
1489,-64.93831,-2.830263
1490,-64.931296,-2.83702
1491,-64.931395,-2.837135
1492,-64.931428,-2.837121
1493,-64.916493,-2.853664
1494,-64.913833,-2.852648
1495,-64.915144,-2.853451
1496,-64.905981,-2.846636
1497,-64.90182,-2.840055
1498,-64.902031,-2.83992
1499,-64.901873,-2.839908
1500,-64.896182,-2.820145
1501,-64.896195,-2.820179
1502,-64.896138,-2.820156
1503,-64.89623,-2.820108
1504,-64.896144,-2.820135
1505,-64.902932,-2.820326
1506,-64.902706,-2.82054
1507,-64.901923,-2.839991
1508,-64.915283,-2.853366
1509,-64.916487,-2.84581
1510,-64.914577,-2.861898
1511,-64.919734,-2.863402
1512,-64.918042,-2.854117
1513,-64.917935,-2.854007
1514,-64.917914,-2.854098
1515,-64.913466,-2.85944
1516,-64.916378,-2.854131
1517,-64.913196,-2.861747
1518,-64.91065,-2.880496
1519,-64.910684,-2.880429
1520,-64.930286,-2.884835
1521,-64.930666,-2.857777
1522,-64.931512,-2.854306
1523,-64.931576,-2.854269
1524,-64.912441,-2.857116
1525,-64.912391,-2.857182
1526,-64.912208,-2.857255
1527,-64.912462,-2.857079
1528,-64.912433,-2.857061
1529,-64.908602,-2.852716
1530,-64.909371,-2.853582
1531,-64.908662,-2.852753
1532,-64.908773,-2.852715
1533,-64.908676,-2.852751
1534,-64.90849,-2.852755
1535,-64.908878,-2.852821
1536,-64.837489,-3.059821
1537,-64.837403,-3.060679
1538,-64.837403,-3.060594
1539,-64.837403,-3.060679
1540,-64.837232,-3.060594
1541,-64.837403,-3.060679
1542,-64.837317,-3.060594
1543,-64.837317,-3.060594
1544,-64.875083,-3.068233
1545,-64.860663,-3.095956
1546,-64.860148,-3.096042
1547,-64.890704,-3.044887
1548,-64.890704,-3.04523
1549,-64.891047,-3.04523
1550,-64.890704,-3.04523
1551,-64.890876,-3.046346
1552,-64.857316,-3.096213
1553,-64.855342,-3.096557
1554,-64.861436,-3.060851
1555,-64.861436,-3.060937
1556,-64.861264,-3.060937
1557,-64.856801,-3.057761
1558,-64.855943,-3.048663
1559,-64.857059,-3.04832
1560,-64.857059,-3.081965
1561,-64.89491,-3.076386
1562,-64.893622,-3.076987
1563,-64.893365,-3.078189
1564,-64.893365,-3.078189
1565,-64.893451,-3.078275
1566,-64.836888,-3.083425
1567,-64.842896,-3.081365
1568,-64.843669,-3.081536
1569,-64.834485,-3.092437
1570,-64.845815,-3.0866
1571,-64.848733,-3.086514
1572,-64.85148,-3.084025
1573,-64.85148,-3.084197
1574,-64.85148,-3.084111
1575,-64.851651,-3.084197
1576,-64.851394,-3.084111
1577,-64.893279,-3.062739
1578,-64.893193,-3.062739
1579,-64.893107,-3.062739
1580,-64.893107,-3.062654
1581,-64.880834,-3.032784
1582,-64.881263,-3.03184
1583,-64.881263,-3.03287
1584,-64.886756,-3.0339
1585,-64.850707,-3.052096
1586,-64.850707,-3.052182
1587,-64.852853,-3.050723
1588,-64.897313,-3.045487
1589,-64.899201,-3.048234
1590,-64.899116,-3.04832
1591,-64.899201,-3.04832
1592,-64.898858,-3.048406
1593,-64.896798,-3.049436
1594,-64.896884,-3.049264
1595,-64.88461,-3.043342
1596,-64.884696,-3.043342
1597,-64.853468,-3.044054
1598,-64.852683,-3.045567
1599,-64.856106,-3.033768
1600,-64.859735,-3.025085
1601,-64.85914,-3.016248
1602,-64.85466,-3.025348
1603,-64.859234,-3.024933
1604,-64.861635,-3.036594
1605,-64.861821,-3.036643
1606,-64.865674,-2.980746
1607,-64.861865,-2.979917
1608,-64.861877,-2.980122
1609,-64.861845,-2.980093
1610,-64.863861,-3.000954
1611,-64.852189,-3.009342
1612,-64.855408,-3.0056
1613,-64.854589,-3.006078
1614,-64.859657,-3.009636
1615,-64.859205,-3.027451
1616,-64.861155,-3.027812
1617,-64.858431,-3.030903
1618,-64.858576,-3.030891
1619,-64.86119,-3.033016
1620,-64.866154,-3.001089
1621,-64.866404,-3.001169
1622,-64.864685,-3.007337
1623,-64.864786,-3.0073
1624,-64.864679,-3.007394
1625,-64.876955,-3.010221
1626,-64.86844,-2.994817
1627,-64.868343,-2.99111
1628,-64.860317,-2.986001
1629,-64.840258,-3.026027
1630,-64.836149,-3.030972
1631,-64.836252,-3.031058
1632,-64.836522,-3.032097
1633,-64.836498,-3.031951
1634,-64.861253,-3.010182
1635,-64.857853,-3.015194
1636,-64.857954,-3.01505
1637,-64.857981,-3.014974
1638,-64.840733,-3.030574
1639,-64.854333,-3.022348
1640,-64.844966,-3.043412
1641,-64.845104,-3.043249
1642,-64.845044,-3.043373
1643,-64.845361,-3.045468
1644,-64.842059,-3.049516
1645,-64.837506,-3.050033
1646,-64.840005,-3.031118
1647,-64.831096,-3.058494
1648,-64.822083,-3.064181
1649,-64.826521,-3.057189
1650,-64.829448,-3.054797
1651,-64.831353,-3.051102
1652,-64.831401,-3.051012
1653,-64.829191,-3.050076
1654,-64.829109,-3.049328
1655,-64.829134,-3.047454
1656,-64.83162,-3.048118
1657,-64.831623,-3.048524
1658,-64.829821,-3.043456
1659,-64.827849,-3.035758
1660,-64.832055,-3.039559
1661,-64.829344,-3.046187
1662,-64.829437,-3.046148
1663,-64.837882,-3.039132
1664,-64.83775,-3.039194
1665,-64.83777,-3.039258
1666,-64.828712,-3.037578
1667,-64.831733,-3.039891
1668,-64.828105,-3.041556
1669,-64.831435,-3.042608
1670,-64.838864,-3.042466
1671,-64.832968,-3.056696
1672,-64.832917,-3.056889
1673,-64.834731,-3.058811
1674,-64.839482,-3.053145
1675,-64.835179,-3.05855
1676,-64.837296,-3.054243
1677,-64.838798,-3.05305
1678,-64.832866,-3.056778
1679,-64.829796,-3.053134
1680,-64.831338,-3.05013
1681,-64.853919,-3.019045
1682,-64.850703,-3.02216
1683,-64.84088,-3.02983
1684,-64.821509,-3.037003
1685,-64.822703,-3.042537
1686,-64.822782,-3.042553
1687,-64.822628,-3.042566
1688,-64.820453,-3.038285
1689,-64.821385,-3.038371
1690,-64.827995,-3.040264
1691,-64.82579,-3.044937
1692,-64.823779,-3.035113
1693,-64.822961,-3.037362
1694,-64.820358,-3.040792
1695,-64.822678,-3.041624
1696,-64.822653,-3.039899
1697,-64.814705,-3.042736
1698,-64.808332,-3.037725
1699,-64.807354,-3.03572
1700,-64.814902,-3.033786
1701,-64.817807,-3.039639
1702,-64.816429,-3.047229
1703,-64.817886,-3.047025
1704,-64.81797,-3.047088
1705,-64.823955,-3.050989
1706,-64.828114,-3.047187
1707,-64.828092,-3.041615
1708,-64.818242,-3.047016
1709,-64.818021,-3.047018
1710,-64.818008,-3.047026
1711,-64.818757,-3.044851
1712,-64.818977,-3.043793
1713,-64.809924,-3.043251
1714,-64.80995,-3.043194
1715,-64.80998,-3.043073
1716,-64.809955,-3.042988
1717,-64.811862,-3.036817
1718,-64.811878,-3.036743
1719,-64.818394,-3.041695
1720,-64.818382,-3.041614
1721,-64.818471,-3.04164
1722,-64.819099,-3.038117
1723,-64.814391,-3.037548
1724,-64.813987,-3.037117
1725,-64.814866,-3.037086
1726,-64.828497,-3.030008
1727,-64.835572,-3.029601
1728,-64.83568,-3.029657
1729,-64.835931,-3.027792
1730,-64.835603,-3.030698
1731,-64.829933,-3.035413
1732,-64.827192,-3.040871
1733,-64.827838,-3.039301
1734,-64.826435,-3.03592
1735,-64.822028,-3.03301
1736,-64.822002,-3.032945
1737,-64.82198,-3.03301
1738,-64.822459,-3.033214
1739,-64.82209,-3.033047
1740,-64.822026,-3.033102
1741,-64.822012,-3.033016
1742,-64.824432,-3.023044
1743,-64.825666,-3.023362
1744,-64.830264,-3.024687
1745,-64.831884,-3.031393
1746,-64.822105,-3.033153
1747,-64.822062,-3.033098
1748,-64.816365,-3.032775
1749,-64.819653,-3.023871
1750,-64.819715,-3.023808
1751,-64.819683,-3.023864
1752,-64.819788,-3.023738
1753,-64.811643,-3.027119
1754,-64.807567,-3.03579
1755,-64.807748,-3.03907
1756,-64.807323,-3.039347
1757,-64.819042,-3.037709
1758,-64.819384,-3.037757
1759,-64.822052,-3.032913
1760,-64.822131,-3.032968
1761,-64.821004,-3.0322
1762,-64.821028,-3.032303
1763,-64.820912,-3.032659
1764,-64.827343,-3.030214
1765,-64.830001,-3.039421
1766,-64.827449,-3.03715
1767,-64.821983,-3.033075
1768,-64.816461,-3.032765
1769,-64.816338,-3.03279
1770,-64.845566,-3.029288
1771,-64.845475,-3.029184
1772,-64.845527,-3.029394
1773,-64.845615,-3.029287
1774,-64.845442,-3.029332
1775,-64.845586,-3.02932
1776,-64.845597,-3.029284
1777,-64.841747,-3.023634
1778,-64.840528,-3.023825
1779,-64.834332,-3.026729
1780,-64.834162,-3.026678
1781,-64.831343,-3.027804
1782,-64.822034,-3.033097
1783,-64.82204,-3.033027
1784,-64.8223,-3.032844
1785,-64.822213,-3.032852
1786,-64.821994,-3.033132
1787,-64.821917,-3.033078
1788,-64.821354,-3.037052
1789,-64.82122,-3.037259
1790,-64.821116,-3.037151
1791,-64.821081,-3.034294
1792,-64.821124,-3.036864
1793,-64.820748,-3.037534
1794,-64.823842,-3.040909
1795,-64.823939,-3.040911
1796,-64.823913,-3.04085
1797,-64.823797,-3.040919
1798,-64.823888,-3.040956
1799,-64.823867,-3.04089
1800,-64.823945,-3.04094
1801,-64.823858,-3.040969
1802,-64.82521,-3.048318
1803,-64.827571,-3.050716
1804,-64.826972,-3.05183
1805,-64.826847,-3.051903
1806,-64.831219,-3.050058
1807,-64.83148,-3.050197
1808,-64.829617,-3.054462
1809,-64.829602,-3.054242
1810,-64.82957,-3.054251
1811,-64.829607,-3.054351
1812,-64.828226,-3.047148
1813,-64.828183,-3.047148
1814,-64.828313,-3.047159
1815,-64.826633,-3.035355
1816,-64.821154,-3.037301
1817,-64.825353,-3.042502
1818,-64.826959,-3.042695
1819,-64.826062,-3.042025
1820,-64.826074,-3.042024
1821,-64.826085,-3.042021
1822,-64.826057,-3.042017
1823,-64.826444,-3.042456
1824,-64.82666,-3.042389
1825,-64.826881,-3.042413
1826,-64.826135,-3.042048
1827,-64.826202,-3.042019
1828,-64.826101,-3.042084
1829,-64.826011,-3.042019
1830,-64.832366,-3.045581
1831,-64.832907,-3.046136
1832,-64.832766,-3.044968
1833,-64.832779,-3.044873
1834,-64.834688,-3.045898
1835,-64.834274,-3.046103
1836,-64.834306,-3.046122
1837,-64.834209,-3.046136
1838,-64.83421,-3.046131
1839,-64.833943,-3.043842
1840,-64.833944,-3.04388
1841,-64.829916,-3.039379
1842,-64.826096,-3.042063
1843,-64.826083,-3.042066
1844,-64.826075,-3.042062
1845,-64.82599,-3.042118
1846,-64.826121,-3.042054
1847,-64.826114,-3.042039
1848,-64.826087,-3.042013
1849,-64.828578,-3.046494
1850,-64.828067,-3.047241
1851,-64.828013,-3.047118
1852,-64.828113,-3.047105
1853,-64.832846,-3.049282
1854,-64.826124,-3.042038
1855,-64.826074,-3.042038
1856,-64.823945,-3.050981
1857,-64.823959,-3.050979
1858,-64.824093,-3.050976
1859,-64.824079,-3.051029
1860,-64.827984,-3.058534
1861,-64.827548,-3.058236
1862,-64.827365,-3.058253
1863,-64.827572,-3.058233
1864,-64.82687,-3.051863
1865,-64.826853,-3.051792
1866,-64.826888,-3.051864
1867,-64.826929,-3.051948
1868,-64.82806,-3.047023
1869,-64.826082,-3.042027
1870,-64.826012,-3.041989
1871,-64.826058,-3.042033
1872,-64.827927,-3.041503
1873,-64.828119,-3.0414
1874,-64.827998,-3.04142
1875,-64.828085,-3.041489
1876,-64.827925,-3.041479
1877,-64.82811,-3.04152
1878,-64.831105,-3.039003
1879,-64.837542,-3.035866
1880,-64.840163,-3.0393
1881,-64.840793,-3.039406
1882,-64.842985,-3.041593
1883,-64.849218,-3.040178
1884,-64.849142,-3.040215
1885,-64.851429,-3.038961
1886,-64.85009,-3.037288
1887,-64.850235,-3.037513
1888,-64.850195,-3.037522
1889,-64.850193,-3.037584
1890,-64.834179,-3.035486
1891,-64.851484,-3.039038
1892,-64.851492,-3.039055
1893,-64.851385,-3.039117
1894,-64.851413,-3.039007
1895,-64.851442,-3.039034
1896,-64.851321,-3.039117
1897,-64.851594,-3.03922
1898,-64.851056,-3.036654
1899,-64.851058,-3.036685
1900,-64.851028,-3.036659
1901,-64.85121,-3.036759
1902,-64.83429,-3.035257
1903,-64.834227,-3.035308
1904,-64.851087,-3.036592
1905,-64.851002,-3.036682
1906,-64.845598,-3.029216
1907,-64.834855,-3.033552
1908,-64.834869,-3.033224
1909,-64.835054,-3.03355
1910,-64.837602,-3.035827
1911,-64.837495,-3.035936
1912,-64.83822,-3.035882
1913,-64.838189,-3.035858
1914,-64.838252,-3.035823
1915,-64.833925,-3.038288
1916,-64.833818,-3.038259
1917,-64.833793,-3.038278
1918,-64.83384,-3.038139
1919,-64.834839,-3.033259
1920,-64.834997,-3.033317
1921,-64.834992,-3.03349
1922,-64.837456,-3.035875
1923,-64.840033,-3.038261
1924,-64.840005,-3.038189
1925,-64.840137,-3.039299
1926,-64.840025,-3.039338
1927,-64.840012,-3.039354
1928,-64.839981,-3.039264
1929,-64.840152,-3.039331
1930,-64.840121,-3.03931
1931,-64.833581,-3.035279
1932,-64.826652,-3.035384
1933,-64.826691,-3.035408
1934,-64.826861,-3.035241
1935,-64.829914,-3.039401
1936,-64.829665,-3.036511
1937,-64.837462,-3.035603
1938,-64.828991,-3.028917
1939,-64.829004,-3.028895
1940,-64.822171,-3.032755
1941,-64.822222,-3.032759
1942,-64.82232,-3.032697
1943,-64.822141,-3.032824
1944,-64.822333,-3.032817
1945,-64.8189,-3.036788
1946,-64.826725,-3.035312
1947,-64.826718,-3.035379
1948,-64.826553,-3.035528
1949,-64.826695,-3.035428
1950,-64.82667,-3.03541
1951,-64.826726,-3.035409
1952,-64.826597,-3.041206
1953,-64.838231,-3.035841
1954,-64.838222,-3.035769
1955,-64.838285,-3.035832
1956,-64.838282,-3.035843
1957,-64.838193,-3.035848
1958,-64.838222,-3.035909
1959,-64.838248,-3.035928
1960,-64.837358,-3.035835
1961,-64.837317,-3.03573
1962,-64.83739,-3.03565
1963,-64.837383,-3.035627
1964,-64.837509,-3.035742
1965,-64.834622,-3.049311
1966,-64.834592,-3.048617
1967,-64.834591,-3.048736
1968,-64.838971,-3.050064
1969,-64.839146,-3.050116
1970,-64.839026,-3.05002
1971,-64.83924,-3.050081
1972,-64.839026,-3.050081
1973,-64.838572,-3.050013
1974,-64.839082,-3.050166
1975,-64.839045,-3.049973
1976,-64.839087,-3.050085
1977,-64.839058,-3.05007
1978,-64.839038,-3.050075
1979,-64.839043,-3.050067
1980,-64.839058,-3.050102
1981,-64.838977,-3.050158
1982,-64.839532,-3.049067
1983,-64.839815,-3.04448
1984,-64.83981,-3.044386
1985,-64.839853,-3.044414
1986,-64.84463,-3.046274
1987,-64.844579,-3.046363
1988,-64.844623,-3.046258
1989,-64.844591,-3.046391
1990,-64.845859,-3.049167
1991,-64.845937,-3.049121
1992,-64.845699,-3.049216
1993,-64.84582,-3.048997
1994,-64.846487,-3.049828
1995,-64.846439,-3.050039
1996,-64.846384,-3.049939
1997,-64.847025,-3.049628
1998,-64.849268,-3.044028
1999,-64.850225,-3.037681
2000,-64.850197,-3.037551
2001,-64.850176,-3.03753
2002,-64.850213,-3.037507
2003,-64.850269,-3.037537
2004,-64.850292,-3.03758
2005,-64.851166,-3.037799
2006,-64.851151,-3.0323
2007,-64.851124,-3.032267
2008,-64.850376,-3.032654
2009,-64.85138,-3.030622
2010,-64.851321,-3.028993
2011,-64.851364,-3.029126
2012,-64.851193,-3.029135
2013,-64.852111,-3.026452
2014,-64.852993,-3.025786
2015,-64.853045,-3.025819
2016,-64.852901,-3.025894
2017,-64.853376,-3.027947
2018,-64.853483,-3.028001
2019,-64.85344,-3.027981
2020,-64.856472,-3.028156
2021,-64.857202,-3.028531
2022,-64.856696,-3.028296
2023,-64.856553,-3.028247
2024,-64.856275,-3.028065
2025,-64.856819,-3.026424
2026,-64.856865,-3.026576
2027,-64.856759,-3.026547
2028,-64.856856,-3.02642
2029,-64.856697,-3.026546
2030,-64.853228,-3.028006
2031,-64.853405,-3.027932
2032,-64.853854,-3.028153
2033,-64.853436,-3.027894
2034,-64.853471,-3.027946
2035,-64.853366,-3.027989
2036,-64.853232,-3.021964
2037,-64.84907,-3.016753
2038,-64.849024,-3.016683
2039,-64.849115,-3.016606
2040,-64.848141,-3.012811
2041,-64.848216,-3.01278
2042,-64.848196,-3.012782
2043,-64.844681,-3.008359
2044,-64.843135,-3.006817
2045,-64.843288,-3.006827
2046,-64.846457,-3.003503
2047,-64.84665,-3.003698
2048,-64.841564,-2.991969
2049,-64.841475,-2.992141
2050,-64.827645,-2.972927
2051,-64.828584,-2.973825
2052,-64.827984,-2.974565
2053,-64.832614,-2.982221
2054,-64.837466,-2.985449
2055,-64.837296,-2.9851
2056,-64.837234,-2.985086
2057,-64.837258,-2.985015
2058,-64.836484,-2.984216
2059,-64.83659,-2.984184
2060,-64.836452,-2.981421
2061,-64.837583,-2.980334
2062,-64.837546,-2.98021
2063,-64.836896,-2.979457
2064,-64.832355,-2.96677
2065,-64.829429,-2.95917
2066,-64.829803,-2.958728
2067,-64.821343,-2.955567
2068,-64.821387,-2.955416
2069,-64.816809,-2.959659
2070,-64.816943,-2.969706
2071,-64.816812,-2.970531
2072,-64.819116,-2.961932
2073,-64.819007,-2.960253
2074,-64.819039,-2.958974
2075,-64.819789,-2.953273
2076,-64.828413,-2.937454
2077,-64.825088,-2.941629
2078,-64.824946,-2.941527
2079,-64.821806,-2.942955
2080,-64.823479,-2.941483
2081,-64.82337,-2.94151
2082,-64.825013,-2.941473
2083,-64.823139,-2.941528
2084,-64.823334,-2.941454
2085,-64.914479,-2.984805
2086,-64.870706,-3.02978
2087,-64.870105,-3.03021
2088,-64.870019,-3.030381
2089,-64.870019,-3.030982
2090,-64.863667,-3.032012
2091,-64.86341,-3.03184
2092,-64.863753,-3.032012
2093,-64.882722,-2.994418
2094,-64.882722,-2.994418
2095,-64.882722,-2.994418
2096,-64.88255,-2.994332
2097,-64.882636,-2.994332
2098,-64.882722,-2.994246
2099,-64.837918,-3.035274
2100,-64.855514,-3.018365
2101,-64.873023,-3.01785
2102,-64.880576,-3.001542
2103,-64.880748,-3.001542
2104,-64.880919,-3.001285
2105,-64.896111,-3.002315
2106,-64.892678,-3.009353
2107,-64.872766,-3.030124
2108,-64.879546,-3.034244
2109,-64.877143,-3.03493
2110,-64.86547,-3.033214
2111,-64.892507,-3.002057
2112,-64.891992,-3.004117
2113,-64.891648,-3.003774
2114,-64.888215,-3.01064
2115,-64.892077,-3.004117
2116,-64.891562,-3.005147
2117,-64.889588,-3.007121
2118,-64.892249,-2.999911
2119,-64.892592,-3.005404
2120,-64.876885,-2.97399
2121,-64.875855,-2.974162
2122,-64.876027,-2.974763
2123,-64.877572,-2.974505
2124,-64.8768,-2.973905
2125,-64.867787,-2.991757
2126,-64.905982,-2.970386
2127,-64.905725,-2.970729
2128,-64.914222,-2.979827
2129,-64.915423,-2.972274
2130,-64.915423,-2.972274
2131,-64.915338,-2.972188
2132,-64.901261,-2.94395
2133,-64.89594,-2.954335
2134,-64.89491,-2.954936
2135,-64.894996,-2.954936
2136,-64.889245,-2.959914
2137,-64.874053,-2.965665
2138,-64.871478,-2.96515
2139,-64.894052,-2.991672
2140,-64.894052,-2.991672
2141,-64.899459,-2.991328
2142,-64.907956,-2.986093
2143,-64.90787,-2.986178
2144,-64.90787,-2.986093
2145,-64.910617,-2.98223
2146,-64.88976,-2.922406
2147,-64.889674,-2.92232
2148,-64.88976,-2.922492
2149,-64.88255,-2.926183
2150,-64.882636,-2.926097
2151,-64.88255,-2.926183
2152,-64.882636,-2.926097
2153,-64.852853,-2.924981
2154,-64.875598,-2.923865
2155,-64.875684,-2.923865
2156,-64.875598,-2.923865
2157,-64.874568,-2.923179
2158,-64.87371,-2.923694
2159,-64.873881,-2.923608
2160,-64.872079,-2.923779
2161,-64.865813,-2.924037
2162,-64.865899,-2.924123
2163,-64.865813,-2.924123
2164,-64.865813,-2.924123
2165,-64.867702,-2.92335
2166,-64.867616,-2.923865
2167,-64.867702,-2.923694
2168,-64.867787,-2.923694
2169,-64.871821,-2.92541
2170,-64.871736,-2.925324
2171,-64.871821,-2.92541
2172,-64.873881,-2.923522
2173,-64.873881,-2.923779
2174,-64.873881,-2.923694
2175,-64.874396,-2.918286
2176,-64.876113,-2.917342
2177,-64.878173,-2.919488
2178,-64.877915,-2.919831
2179,-64.87783,-2.919745
2180,-64.877915,-2.919831
2181,-64.878087,-2.919745
2182,-64.879804,-2.919316
2183,-64.890018,-2.908072
2184,-64.890103,-2.907987
2185,-64.889073,-2.909532
2186,-64.889245,-2.909703
2187,-64.886413,-2.908244
2188,-64.886413,-2.908158
2189,-64.886584,-2.908244
2190,-64.886584,-2.908244
2191,-64.886584,-2.908244
2192,-64.885554,-2.908587
2193,-64.885898,-2.911334
2194,-64.886498,-2.908244
2195,-64.886498,-2.908244
2196,-64.886498,-2.90833
2197,-64.886498,-2.908244
2198,-64.886498,-2.908244
2199,-64.886413,-2.90833
2200,-64.885812,-2.908845
2201,-64.886584,-2.90833
2202,-64.886498,-2.908502
2203,-64.88667,-2.908072
2204,-64.886069,-2.908845
2205,-64.886413,-2.909789
2206,-64.886498,-2.908416
2207,-64.886413,-2.908158
2208,-64.882379,-2.910733
2209,-64.883151,-2.914166
2210,-64.883237,-2.914081
2211,-64.884953,-2.911935
2212,-64.889159,-2.910562
2213,-64.898772,-2.902236
2214,-64.898772,-2.90215
2215,-64.898858,-2.902236
2216,-64.901261,-2.899489
2217,-64.90315,-2.897687
2218,-64.905295,-2.891679
2219,-64.909759,-2.883267
2220,-64.909673,-2.883353
2221,-64.909673,-2.883267
2222,-64.908643,-2.879748
2223,-64.907441,-2.880092
2224,-64.904523,-2.884812
2225,-64.898171,-2.886014
2226,-64.90684,-2.875886
2227,-64.906754,-2.875886
2228,-64.90684,-2.875886
2229,-64.906754,-2.875886
2230,-64.906754,-2.875886
2231,-64.90684,-2.8758
2232,-64.906583,-2.8758
2233,-64.897742,-2.901378
2234,-64.897141,-2.90112
2235,-64.894481,-2.901292
2236,-64.891906,-2.898374
2237,-64.897313,-2.901292
2238,-64.896798,-2.900519
2239,-64.893966,-2.901807
2240,-64.893193,-2.903867
2241,-64.893279,-2.903867
2242,-64.893193,-2.903867
2243,-64.889245,-2.904983
2244,-64.887614,-2.903781
2245,-64.889159,-2.906785
2246,-64.889073,-2.906871
2247,-64.889159,-2.906785
2248,-64.887013,-2.908072
2249,-64.886413,-2.908244
2250,-64.886498,-2.908244
2251,-64.886498,-2.908416
2252,-64.883151,-2.907557
2253,-64.885468,-2.906785
2254,-64.885383,-2.906785
2255,-64.916368,-2.883782
2256,-64.895768,-2.894769
2257,-64.895682,-2.894769
2258,-64.895682,-2.894769
2259,-64.891992,-2.898374
2260,-64.896626,-2.901978
2261,-64.895682,-2.901292
2262,-64.895768,-2.901635
2263,-64.885297,-2.906785
2264,-64.885468,-2.906785
2265,-64.884095,-2.9073
2266,-64.885383,-2.906785
2267,-64.885383,-2.906871
2268,-64.891391,-2.913823
2269,-64.891219,-2.913995
2270,-64.890189,-2.911077
2271,-64.884696,-2.907987
2272,-64.912505,-2.879663
2273,-64.912248,-2.879148
2274,-64.912505,-2.879491
2275,-64.912162,-2.880864
2276,-64.915681,-2.890906
2277,-64.915509,-2.890649
2278,-64.904523,-2.899232
2279,-64.902291,-2.894683
2280,-64.906068,-2.902837
2281,-64.90624,-2.902837
2282,-64.906154,-2.902837
2283,-64.90375,-2.907987
2284,-64.899459,-2.905841
2285,-64.899545,-2.905154
2286,-64.971728,-2.926955
2287,-64.971213,-2.925839
2288,-64.970784,-2.926011
2289,-64.971385,-2.924981
2290,-64.968553,-2.91923
2291,-64.968123,-2.915711
2292,-64.953704,-2.939572
2293,-64.94761,-2.926183
2294,-64.947782,-2.926097
2295,-64.947782,-2.926097
2296,-64.947867,-2.926097
2297,-64.947867,-2.926097
2298,-64.948039,-2.926183
2299,-64.947953,-2.926183
2300,-64.947009,-2.92541
2301,-64.947009,-2.92541
2302,-64.945722,-2.926526
2303,-64.943919,-2.927556
2304,-64.871478,-2.933822
2305,-64.905381,-2.933393
2306,-64.905896,-2.933993
2307,-64.913192,-2.936997
2308,-64.913106,-2.936912
2309,-64.931302,-2.937169
2310,-64.93113,-2.937427
2311,-64.9507,-2.927728
2312,-64.949327,-2.928243
2313,-64.957051,-2.94704
2314,-64.965634,-2.932363
2315,-64.963489,-2.929959
2316,-64.950442,-2.941804
2317,-64.943919,-2.962575
2318,-64.945378,-2.960429
2319,-64.945378,-2.960172
2320,-64.945292,-2.960944
2321,-64.941516,-2.954249
2322,-64.941773,-2.947383
2323,-64.9301,-2.954936
2324,-64.935079,-2.953219
2325,-64.929671,-2.953477
2326,-64.939198,-2.947726
2327,-64.941173,-2.946181
2328,-64.942803,-2.962403
2329,-64.946837,-2.955194
2330,-64.946923,-2.955022
2331,-64.935679,-2.946525
2332,-64.930701,-2.934937
2333,-64.925551,-2.936225
2334,-64.92641,-2.936654
2335,-64.926152,-2.937512
2336,-64.925981,-2.937427
2337,-64.926324,-2.937427
2338,-64.925551,-2.937598
2339,-64.927182,-2.943778
2340,-64.927182,-2.943692
2341,-64.937396,-2.943435
2342,-64.938941,-2.94292
2343,-64.96778,-2.921119
2344,-64.951386,-2.926869
2345,-64.944606,-2.93777
2346,-64.954906,-2.943864
2347,-64.957309,-2.942147
2348,-64.946494,-2.952704
2349,-64.937053,-2.939487
2350,-64.937568,-2.939916
2351,-64.938083,-2.939916
2352,-64.934134,-2.946868
2353,-64.934306,-2.94704
2354,-64.931817,-2.95013
2355,-64.943662,-2.958283
2356,-64.946237,-2.96206
2357,-64.946237,-2.96206
2358,-64.95585,-2.959571
2359,-64.955935,-2.959399
2360,-64.956021,-2.956052
2361,-64.953532,-2.957253
2362,-64.950185,-2.961202
2363,-64.936881,-2.952704
2364,-64.931302,-2.951417
2365,-64.932246,-2.938199
2366,-64.932246,-2.938199
2367,-64.932332,-2.938027
2368,-64.938083,-2.940259
2369,-64.938083,-2.940516
2370,-64.937997,-2.939916
2371,-64.938083,-2.940602
2372,-64.938083,-2.940345
2373,-64.938083,-2.940602
2374,-64.937997,-2.940774
2375,-64.937997,-2.940688
2376,-64.920487,-2.970729
2377,-64.908299,-2.969699
2378,-64.935164,-2.946181
2379,-64.940658,-2.944293
2380,-64.85651,-3.054789
2381,-64.856474,-3.054621
2382,-64.856501,-3.054712
2383,-64.848559,-3.098325
2384,-64.839915,-3.095733
2385,-64.840445,-3.095384
2386,-64.863942,-3.087384
2387,-64.854758,-3.094704
2388,-64.854421,-3.096707
2389,-64.841983,-3.101138
2390,-64.839652,-3.102381
2391,-64.840162,-3.100862
2392,-64.833299,-3.105252
2393,-64.83207,-3.10636
2394,-64.832314,-3.105902
2395,-64.83227,-3.105024
2396,-64.843204,-3.101071
2397,-64.84466,-3.100081
2398,-64.845559,-3.09975
2399,-64.846762,-3.098878
2400,-64.847084,-3.098939
2401,-64.856586,-3.055036
2402,-64.856596,-3.054835
2403,-64.857171,-3.056365
2404,-64.856591,-3.056179
2405,-64.856961,-3.055907
2406,-64.852301,-3.071733
2407,-64.856728,-3.055978
2408,-64.856695,-3.056002
2409,-64.856651,-3.055849
2410,-64.856173,-3.055766
2411,-64.852054,-3.057444
2412,-64.856036,-3.055742
2413,-64.855875,-3.055499
2414,-64.856034,-3.055772
2415,-64.856102,-3.059191
2416,-64.854048,-3.060257
2417,-64.856161,-3.059363
2418,-64.855902,-3.059081
2419,-64.855962,-3.059156
2420,-64.855827,-3.059254
2421,-64.855943,-3.059014
2422,-64.844892,-3.065959
2423,-64.855763,-3.059538
2424,-64.84504,-3.064897
2425,-64.855917,-3.059037
2426,-64.856136,-3.059082
2427,-64.855914,-3.059043
2428,-64.855997,-3.059268
2429,-64.855337,-3.061877
2430,-64.851727,-3.073604
2431,-64.851712,-3.073574
2432,-64.841771,-3.07751
2433,-64.851646,-3.073627
2434,-64.86736,-3.06732
2435,-64.866097,-3.078066
2436,-64.851726,-3.073542
2437,-64.834206,-3.079336
2438,-64.834066,-3.079384
2439,-64.850478,-3.073828
2440,-64.850499,-3.074225
2441,-64.85069,-3.073979
2442,-64.850874,-3.074321
2443,-64.851548,-3.073932
2444,-64.850671,-3.073904
2445,-64.83363,-3.081644
2446,-64.833389,-3.081558
2447,-64.846597,-3.08946
2448,-64.846603,-3.089484
2449,-64.846714,-3.08948
2450,-64.847171,-3.091955
2451,-64.846533,-3.089391
2452,-64.819099,-3.07899
2453,-64.823809,-3.082812
2454,-64.82366,-3.08267
2455,-64.846561,-3.089333
2456,-64.846609,-3.089512
2457,-64.844373,-3.091358
2458,-64.841272,-3.094145
2459,-64.841333,-3.093801
2460,-64.841141,-3.093805
2461,-64.841153,-3.093734
2462,-64.842744,-3.093709
2463,-64.84297,-3.093736
2464,-64.842779,-3.093724
2465,-64.842947,-3.093874
2466,-64.83232,-3.082256
2467,-64.832183,-3.082186
2468,-64.842536,-3.093111
2469,-64.837684,-3.090122
2470,-64.840301,-3.091979
2471,-64.840297,-3.092014
2472,-64.840321,-3.091907
2473,-64.841045,-3.092454
2474,-64.839421,-3.096124
2475,-64.839083,-3.096132
2476,-64.839319,-3.096188
2477,-64.839199,-3.096185
2478,-64.843161,-3.102921
2479,-64.839482,-3.096555
2480,-64.839302,-3.096192
2481,-64.839269,-3.096238
2482,-64.839279,-3.096318
2483,-64.822076,-3.103889
2484,-64.839245,-3.096093
2485,-64.839263,-3.096173
2486,-64.839136,-3.096115
2487,-64.839119,-3.096306
2488,-64.839195,-3.096185
2489,-64.839319,-3.096236
2490,-64.839035,-3.096177
2491,-64.839224,-3.096003
2492,-64.839217,-3.0963
2493,-64.845129,-3.096749
2494,-64.859076,-3.09771
2495,-64.858357,-3.096565
2496,-64.856211,-3.099238
2497,-64.845056,-3.096792
2498,-64.844976,-3.096782
2499,-64.845491,-3.097407
2500,-64.852676,-3.099436
2501,-64.841536,-3.104409
2502,-64.84185,-3.104299
2503,-64.842137,-3.10432
2504,-64.84222,-3.104584
2505,-64.842266,-3.104345
2506,-64.842309,-3.104659
2507,-64.842008,-3.104378
2508,-64.842144,-3.104337
2509,-64.84374,-3.105203
2510,-64.843889,-3.105009
2511,-64.842269,-3.104748
2512,-64.842163,-3.104445
2513,-64.842194,-3.10454
2514,-64.842375,-3.10482
2515,-64.841965,-3.104495
2516,-64.848831,-3.103155
2517,-64.848698,-3.102852
2518,-64.84879,-3.102991
2519,-64.84867,-3.102904
2520,-64.848786,-3.102804
2521,-64.848475,-3.103021
2522,-64.846179,-3.103575
2523,-64.846332,-3.103473
2524,-64.846437,-3.103448
2525,-64.846403,-3.103355
2526,-64.845084,-3.104668
2527,-64.846069,-3.103511
2528,-64.84647,-3.103867
2529,-64.837267,-3.104946
2530,-64.846794,-3.103972
2531,-64.846626,-3.103987
2532,-64.846623,-3.10395
2533,-64.832688,-3.107428
2534,-64.80866,-3.11394
2535,-64.84667,-3.104281
2536,-64.8467,-3.104352
2537,-64.846697,-3.103996
2538,-64.846751,-3.104035
2539,-64.846735,-3.104058
2540,-64.846724,-3.103995
2541,-64.846903,-3.1041
2542,-64.846777,-3.104184
2543,-64.845808,-3.100449
2544,-64.845873,-3.100349
2545,-64.845858,-3.1003
2546,-64.846641,-3.102037
2547,-64.847417,-3.101766
2548,-64.846641,-3.101914
2549,-64.846786,-3.102151
2550,-64.84661,-3.102192
2551,-64.84801,-3.083691
2552,-64.859105,-3.094908
2553,-64.860784,-3.094521
2554,-64.871981,-3.09048
2555,-64.866235,-3.085202
2556,-64.846988,-3.102164
2557,-64.846774,-3.102049
2558,-64.838347,-3.095565
2559,-64.834353,-3.095464
2560,-64.834277,-3.095368
2561,-64.837725,-3.100181
2562,-64.834446,-3.096607
2563,-64.834423,-3.096565
2564,-64.8343,-3.096683
2565,-64.834731,-3.096614
2566,-64.834458,-3.09641
2567,-64.838436,-3.097412
2568,-64.838698,-3.097147
2569,-64.838953,-3.096425
2570,-64.839086,-3.096554
2571,-64.839038,-3.096651
2572,-64.839045,-3.096506
2573,-64.838979,-3.096633
2574,-64.839559,-3.094741
2575,-64.818074,-3.091792
2576,-64.828484,-3.098482
2577,-64.839636,-3.094878
2578,-64.839503,-3.094797
2579,-64.839755,-3.094957
2580,-64.839594,-3.094925
2581,-64.828356,-3.091365
2582,-64.842317,-3.093928
2583,-64.842285,-3.093661
2584,-64.841594,-3.093946
2585,-64.83608,-3.076002
2586,-64.841651,-3.081232
2587,-64.842131,-3.093342
2588,-64.841229,-3.093429
2589,-64.82491,-3.090859
2590,-64.82347,-3.084929
2591,-64.818629,-3.08082
2592,-64.822315,-3.079308
2593,-64.82399,-3.085072
2594,-64.811017,-3.099865
2595,-64.823272,-3.085022
2596,-64.839815,-3.079247
2597,-64.839935,-3.078867
2598,-64.823908,-3.084409
2599,-64.823955,-3.084434
2600,-64.823775,-3.084512
2601,-64.823534,-3.084525
2602,-64.823634,-3.084311
2603,-64.822029,-3.075955
2604,-64.821953,-3.085353
2605,-64.821925,-3.085989
2606,-64.821889,-3.085413
2607,-64.821833,-3.086136
2608,-64.823018,-3.086154
2609,-64.822896,-3.104785
2610,-64.824154,-3.104429
2611,-64.85486,-3.092017
2612,-64.858408,-3.093723
2613,-64.858242,-3.093758
2614,-64.859354,-3.092124
2615,-64.859254,-3.092771
2616,-64.860542,-3.08818
2617,-64.86144,-3.086806
2618,-64.861734,-3.08687
2619,-64.861157,-3.08801
2620,-64.857804,-3.090892
2621,-64.857831,-3.090672
2622,-64.857738,-3.090842
2623,-64.864436,-3.095683
2624,-64.854597,-3.09442
2625,-64.85292,-3.096302
2626,-64.865217,-3.093575
2627,-64.855225,-3.09456
2628,-64.855596,-3.094226
2629,-64.85439,-3.092644
2630,-64.854258,-3.09485
2631,-64.845166,-3.09307
2632,-64.845416,-3.092972
2633,-64.845384,-3.093185
2634,-64.845411,-3.092923
2635,-64.845186,-3.093082
2636,-64.840689,-3.096482
2637,-64.840274,-3.096889
2638,-64.846936,-3.088041
2639,-64.846525,-3.090748
2640,-64.846557,-3.090481
2641,-64.84651,-3.090577
2642,-64.847811,-3.088032
2643,-64.847946,-3.08993
2644,-64.846597,-3.090774
2645,-64.846634,-3.090866
2646,-64.8464,-3.090725
2647,-64.846739,-3.091006
2648,-64.850762,-3.091441
2649,-64.860118,-3.094864
2650,-64.858067,-3.089347
2651,-64.857402,-3.089443
2652,-64.857289,-3.089584
2653,-64.854618,-3.090419
2654,-64.85922,-3.09111
2655,-64.852187,-3.095664
2656,-64.852522,-3.095611
2657,-64.852285,-3.095768
2658,-64.852344,-3.095457
2659,-64.852513,-3.095486
2660,-64.848775,-3.094696
2661,-64.848238,-3.094522
2662,-64.848528,-3.094525
2663,-64.848096,-3.094785
2664,-64.841518,-3.099595
2665,-64.841394,-3.099575
2666,-64.841445,-3.099537
2667,-64.831209,-3.101738
2668,-64.832589,-3.102217
2669,-64.83749,-3.096833
2670,-64.809044,-3.109999
2671,-64.806565,-3.109867
2672,-64.808611,-3.109663
2673,-64.808725,-3.109666
2674,-64.841237,-3.092381
2675,-64.84271,-3.094456
2676,-64.84382,-3.094843
2677,-64.842799,-3.090078
2678,-64.842279,-3.09354
2679,-64.843673,-3.09217
2680,-64.844795,-3.091617
2681,-64.843745,-3.088653
2682,-64.846309,-3.090626
2683,-64.845802,-3.09079
2684,-64.846417,-3.09068
2685,-64.845925,-3.090626
2686,-64.845726,-3.090892
2687,-64.853698,-3.091949
2688,-64.851358,-3.086731
2689,-64.850877,-3.087068
2690,-64.850999,-3.087282
2691,-64.861964,-3.086446
2692,-64.861206,-3.087235
2693,-64.856487,-3.085792
2694,-64.857677,-3.08674
2695,-64.859147,-3.085295
2696,-64.870532,-3.083667
2697,-64.871557,-3.08438
2698,-64.870448,-3.084171
2699,-64.871576,-3.083952
2700,-64.870806,-3.08479
2701,-64.870922,-3.072094
2702,-64.871313,-3.084011
2703,-64.871037,-3.08465
2704,-64.871485,-3.084289
2705,-64.87149,-3.084458
2706,-64.871352,-3.084588
2707,-64.871103,-3.084249
2708,-64.871276,-3.084788
2709,-64.87862,-3.090324
2710,-64.871282,-3.084689
2711,-64.871371,-3.084495
2712,-64.873532,-3.085286
2713,-64.871297,-3.084694
2714,-64.841972,-3.098755
2715,-64.856245,-3.091888
2716,-64.855938,-3.09115
2717,-64.849684,-3.073862
2718,-64.846004,-3.083907
2719,-64.857124,-3.091476
2720,-64.857024,-3.091067
2721,-64.842142,-3.084437
2722,-64.846264,-3.082891
2723,-64.847703,-3.082871
2724,-64.847522,-3.094407
2725,-64.847483,-3.094467
2726,-64.846081,-3.094931
2727,-64.844201,-3.098395
2728,-64.845608,-3.094196
2729,-64.845611,-3.094626
2730,-64.82478,-3.095319
2731,-64.826576,-3.093911
2732,-64.831422,-3.102019
2733,-64.831347,-3.102163
2734,-64.8038,-3.116226
2735,-64.804248,-3.116205
2736,-64.807997,-3.12177
2737,-64.807798,-3.121909
2738,-64.805181,-3.111967
2739,-64.805046,-3.112076
2740,-64.805694,-3.093206
2741,-64.804433,-3.093518
2742,-64.804754,-3.093482
2743,-64.804916,-3.095341
2744,-64.803829,-3.109301
2745,-64.812423,-3.113005
2746,-64.816568,-3.114964
2747,-64.82089,-3.116849
2748,-64.822067,-3.117238
2749,-64.820484,-3.11654
2750,-64.821057,-3.114738
2751,-64.821837,-3.11476
2752,-64.818337,-3.121918
2753,-64.819404,-3.11861
2754,-64.821276,-3.114736
2755,-64.822845,-3.113238
2756,-64.823712,-3.112546
2757,-64.821533,-3.116374
2758,-64.820969,-3.115653
2759,-64.836945,-3.101977
2760,-64.83677,-3.102017
2761,-64.839915,-3.093308
2762,-64.858345,-3.088117
2763,-64.870337,-3.093244
2764,-64.869973,-3.093031
2765,-64.857012,-3.090429
2766,-64.857111,-3.090417
2767,-64.857187,-3.090514
2768,-64.857086,-3.091019
2769,-64.856214,-3.091335
2770,-64.855048,-3.091333
2771,-64.857055,-3.090795
2772,-64.856913,-3.091072
2773,-64.85612,-3.091333
2774,-64.85621,-3.091107
2775,-64.85709,-3.090791
2776,-64.85563,-3.093168
2777,-64.868929,-3.094117
2778,-64.84485,-3.090781
2779,-64.842947,-3.087709
2780,-64.843477,-3.08805
2781,-64.844888,-3.090767
2782,-64.844906,-3.090788
2783,-64.845094,-3.090691
2784,-64.844777,-3.090628
2785,-64.844971,-3.090838
2786,-64.84235,-3.092137
2787,-64.842256,-3.092223
2788,-64.842342,-3.092145
2789,-64.842391,-3.09231
2790,-64.843307,-3.099738
2791,-64.841734,-3.099277
2792,-64.839828,-3.095386
2793,-64.83959,-3.09534
2794,-64.849923,-3.095238
2795,-64.84697,-3.098021
2796,-64.845149,-3.099134
2797,-64.846495,-3.09708
2798,-64.846588,-3.096354
2799,-64.846759,-3.096836
2800,-64.846658,-3.096875
2801,-64.845284,-3.09798
2802,-64.845411,-3.097483
2803,-64.854466,-3.09349
2804,-64.853939,-3.093775
2805,-64.845453,-3.097983
2806,-64.845391,-3.097799
2807,-64.845778,-3.097634
2808,-64.845913,-3.097361
2809,-64.845472,-3.09757
2810,-64.842469,-3.093712
2811,-64.84266,-3.093727
2812,-64.842616,-3.093656
2813,-64.841287,-3.091304
2814,-64.83246,-3.094835
2815,-64.83246,-3.094779
2816,-64.832457,-3.094685
2817,-64.835367,-3.095424
2818,-64.837829,-3.096065
2819,-64.837916,-3.095899
2820,-64.837458,-3.096045
2821,-64.846258,-3.096887
2822,-64.866076,-3.08973
2823,-64.865571,-3.095386
2824,-64.840634,-3.102851
2825,-64.840127,-3.101548
2826,-64.844103,-3.099187
2827,-64.866507,-3.095449
2828,-64.867664,-3.094343
2829,-64.868871,-3.092004
2830,-64.869188,-3.090394
2831,-64.869636,-3.09066
2832,-64.869162,-3.09041
2833,-64.866843,-3.087261
2834,-64.857491,-3.084648
2835,-64.858964,-3.086242
2836,-64.858922,-3.086231
2837,-64.861079,-3.086323
2838,-64.86376,-3.08799
2839,-64.866615,-3.089227
2840,-64.869354,-3.090349
2841,-64.869229,-3.090438
2842,-64.866568,-3.086243
2843,-64.870821,-3.084463
2844,-64.870691,-3.084611
2845,-64.868285,-3.07306
2846,-64.865117,-3.072201
2847,-64.864808,-3.072398
2848,-64.865224,-3.071699
2849,-64.863757,-3.071078
2850,-64.866621,-3.086108
2851,-64.866351,-3.095537
2852,-64.863243,-3.09484
2853,-64.862972,-3.094892
2854,-64.862765,-3.093533
2855,-64.864923,-3.093394
2856,-64.865175,-3.09369
2857,-64.87219,-3.091801
2858,-64.870921,-3.091115
2859,-64.862954,-3.0966
2860,-64.861361,-3.097527
2861,-64.864463,-3.092206
2862,-64.864603,-3.092383
2863,-64.869563,-3.090191
2864,-64.873593,-3.090807
2865,-64.875398,-3.090558
2866,-64.877502,-3.084583
2867,-64.876727,-3.082103
2868,-64.871049,-3.087777
2869,-64.867218,-3.090581
2870,-64.869664,-3.090255
2871,-64.869272,-3.090832
2872,-64.858238,-3.079694
2873,-64.85664,-3.081365
2874,-64.855876,-3.08179
2875,-64.853465,-3.074593
2876,-64.856634,-3.077272
2877,-64.857665,-3.077886
2878,-64.857964,-3.077977
2879,-64.857619,-3.077906
2880,-64.857749,-3.077903
2881,-64.841739,-3.077756
2882,-64.842121,-3.077699
2883,-64.842307,-3.077592
2884,-64.843642,-3.074836
2885,-64.842835,-3.074485
2886,-64.836465,-3.066745
2887,-64.838476,-3.06473
2888,-64.838311,-3.062967
2889,-64.838264,-3.063031
2890,-64.839803,-3.062739
2891,-64.840443,-3.061303
2892,-64.839644,-3.060411
2893,-64.839588,-3.060332
2894,-64.841245,-3.060752
2895,-64.8416,-3.061097
2896,-64.841258,-3.061038
2897,-64.841286,-3.061123
2898,-64.841254,-3.061165
2899,-64.844773,-3.073927
2900,-64.844575,-3.073968
2901,-64.844891,-3.07398
2902,-64.833974,-3.084313
2903,-64.831943,-3.083225
2904,-64.831297,-3.082957
2905,-64.831279,-3.083212
2906,-64.831436,-3.082848
2907,-64.826886,-3.083136
2908,-64.825765,-3.087158
2909,-64.825781,-3.087066
2910,-64.825757,-3.087212
2911,-64.825755,-3.087381
2912,-64.823108,-3.083459
2913,-64.823261,-3.083545
2914,-64.823195,-3.083586
2915,-64.822941,-3.08363
2916,-64.824323,-3.080751
2917,-64.824316,-3.081403
2918,-64.824411,-3.081472
2919,-64.825016,-3.080907
2920,-64.824533,-3.081332
2921,-64.824414,-3.081389
2922,-64.822394,-3.079729
2923,-64.822113,-3.079761
2924,-64.822226,-3.079683
2925,-64.819917,-3.079254
2926,-64.820366,-3.079042
2927,-64.820045,-3.078333
2928,-64.820007,-3.078385
2929,-64.819959,-3.078395
2930,-64.819982,-3.078192
2931,-64.820691,-3.081028
2932,-64.821517,-3.081654
2933,-64.821451,-3.081653
2934,-64.827826,-3.080225
2935,-64.827278,-3.076054
2936,-64.824047,-3.074257
2937,-64.824023,-3.074381
2938,-64.824456,-3.072955
2939,-64.821641,-3.073027
2940,-64.818884,-3.075411
2941,-64.819541,-3.078601
2942,-64.819407,-3.07854
2943,-64.819462,-3.078542
2944,-64.827439,-3.088338
2945,-64.827825,-3.101792
2946,-64.828184,-3.102528
2947,-64.822389,-3.100766
2948,-64.822255,-3.100693
2949,-64.822447,-3.100699
2950,-64.813355,-3.095057
2951,-64.813413,-3.095269
2952,-64.813736,-3.095444
2953,-64.8135,-3.095279
2954,-64.813512,-3.095187
2955,-64.827361,-3.108229
2956,-64.827485,-3.108993
2957,-64.828277,-3.109149
2958,-64.836812,-3.103245
2959,-64.836748,-3.103338
2960,-64.834379,-3.105131
2961,-64.830233,-3.107614
2962,-64.823573,-3.110601
2963,-64.824433,-3.110151
2964,-64.822346,-3.114353
2965,-64.818781,-3.118127
2966,-64.828525,-3.109141
2967,-64.828403,-3.108781
2968,-64.828662,-3.108916
2969,-64.830079,-3.107087
2970,-64.836992,-3.103709
2971,-64.837277,-3.104189
2972,-64.839726,-3.102889
2973,-64.838131,-3.104765
2974,-64.853881,-3.093835
2975,-64.846781,-3.096933
2976,-64.846242,-3.097803
2977,-64.847025,-3.096471
2978,-64.84829,-3.096363
2979,-64.858784,-3.091694
2980,-64.857728,-3.093866
2981,-64.85654,-3.093095
2982,-64.854966,-3.089773
2983,-64.842898,-3.098644
2984,-64.846999,-3.095288
2985,-64.847458,-3.095112
2986,-64.84778,-3.095009
2987,-64.851766,-3.09156
2988,-64.85916,-3.088211
2989,-64.863059,-3.085179
2990,-64.862728,-3.085794
2991,-64.862337,-3.090251
2992,-64.861985,-3.092288
2993,-64.862003,-3.092266
2994,-64.863372,-3.092082
2995,-64.870777,-3.092844
2996,-64.853849,-3.089512
2997,-64.853628,-3.089737
2998,-64.853786,-3.089512
2999,-64.853964,-3.089545
3000,-64.853715,-3.08976
3001,-64.836559,-3.100565
3002,-64.852249,-3.090507
3003,-64.852776,-3.090038
3004,-64.84864,-3.091716
3005,-64.849223,-3.094401
3006,-64.84702,-3.09526
3007,-64.846258,-3.094218
3008,-64.844715,-3.095487
3009,-64.844718,-3.095593
3010,-64.846628,-3.095713
3011,-64.848013,-3.092445
3012,-64.84778,-3.091651
3013,-64.847588,-3.091909
3014,-64.847498,-3.09187
3015,-64.859322,-3.078381
3016,-64.859286,-3.078665
3017,-64.858906,-3.077936
3018,-64.859083,-3.077741
3019,-64.856349,-3.07775
3020,-64.857698,-3.076849
3021,-64.855189,-3.076367
3022,-64.856208,-3.075165
3023,-64.853609,-3.068236
3024,-64.854141,-3.067799
3025,-64.854248,-3.067889
3026,-64.860258,-3.056912
3027,-64.859771,-3.055882
3028,-64.859585,-3.055898
3029,-64.86061,-3.056502
3030,-64.862181,-3.059595
3031,-64.863574,-3.064502
3032,-64.863421,-3.065207
3033,-64.860377,-3.068891
3034,-64.859219,-3.072009
3035,-64.861651,-3.079171
3036,-64.862637,-3.080735
3037,-64.839791,-3.076668
3038,-64.837616,-3.089643
3039,-64.837601,-3.089521
3040,-64.837633,-3.089612
3041,-64.83884,-3.09137
3042,-64.838631,-3.091352
3043,-64.834814,-3.083432
3044,-64.835124,-3.082869
3045,-64.83486,-3.083335
3046,-64.835169,-3.083407
3047,-64.833101,-3.082733
3048,-64.832212,-3.081638
3049,-64.832729,-3.081954
3050,-64.831831,-3.080117
3051,-64.831767,-3.07945
3052,-64.831795,-3.080226
3053,-64.831779,-3.079831
3054,-64.831621,-3.073582
3055,-64.831714,-3.073427
3056,-64.831599,-3.073652
3057,-64.831783,-3.07347
3058,-64.83173,-3.073323
3059,-64.831651,-3.07342
3060,-64.831172,-3.073193
3061,-64.828084,-3.073431
3062,-64.830808,-3.07327
3063,-64.815167,-3.076491
3064,-64.813646,-3.087816
3065,-64.813722,-3.087644
3066,-64.818883,-3.090903
3067,-64.818832,-3.091049
3068,-64.832512,-3.092246
3069,-64.847526,-3.079877
3070,-64.850335,-3.078459
3071,-64.850001,-3.078204
3072,-64.858231,-3.047427
3073,-64.850768,-3.065656
3074,-64.853145,-3.067253
3075,-64.845585,-3.069867
3076,-64.836489,-3.058726
3077,-64.842987,-3.064544
3078,-64.841908,-3.062824
3079,-64.842131,-3.072226
3080,-64.855132,-3.048624
3081,-64.855168,-3.048789
3082,-64.851631,-3.049838
3083,-64.851683,-3.072234
3084,-64.852066,-3.072052
3085,-64.851939,-3.078716
3086,-64.852053,-3.086776
3087,-64.85712,-3.089091
3088,-64.85756,-3.089115
3089,-64.869146,-3.082423
3090,-64.864596,-3.076188
3091,-64.865727,-3.068502
3092,-64.885503,-3.058876
3093,-64.880621,-3.059446
3094,-64.874448,-3.036678
3095,-64.868033,-3.054761
3096,-64.87372,-3.07694
3097,-64.883034,-3.026808
3098,-64.884338,-3.027201
3099,-64.868271,-3.059955
3100,-64.865061,-3.061856
3101,-64.864539,-3.059502
3102,-64.864756,-3.059065
3103,-64.867356,-3.045733
3104,-64.867726,-3.049677
3105,-64.86677,-3.047685
3106,-64.866738,-3.047327
3107,-64.865369,-3.060287
3108,-64.866724,-3.065621
3109,-64.862829,-3.069635
3110,-64.862555,-3.069682
3111,-64.862018,-3.069283
3112,-64.862185,-3.072682
3113,-64.877151,-3.086849
3114,-64.87752,-3.086895
3115,-64.867228,-3.0763
3116,-64.87767,-3.078089
3117,-64.877696,-3.077896
3118,-64.877102,-3.075209
3119,-64.879556,-3.079202
3120,-64.874493,-3.088914
3121,-64.875621,-3.09041
3122,-64.875209,-3.090333
3123,-64.852722,-3.097061
3124,-64.852392,-3.09672
3125,-64.856544,-3.095316
3126,-64.853192,-3.090972
3127,-64.853104,-3.09127
3128,-64.853679,-3.09033
3129,-64.826181,-3.108382
3130,-64.853717,-3.096704
3131,-64.835683,-3.10306
3132,-64.829369,-3.097416
3133,-64.817779,-3.094536
3134,-64.814665,-3.079874
3135,-64.814471,-3.074395
3136,-64.80312,-3.093745
3137,-64.811116,-3.089319
3138,-64.816648,-3.072992
3139,-64.840722,-3.063716
3140,-64.840651,-3.06405
3141,-64.847253,-3.064861
3142,-64.864378,-3.070959
3143,-64.865947,-3.072403
3144,-64.865976,-3.072612
3145,-64.866828,-3.076375
3146,-64.866942,-3.076771
3147,-64.867124,-3.076661
3148,-64.86481,-3.071907
3149,-64.864728,-3.071925
3150,-64.866683,-3.076562
3151,-64.864777,-3.071973
3152,-64.867548,-3.077224
3153,-64.881932,-3.069494
3154,-64.87864,-3.065824
3155,-64.89209,-3.060049
3156,-64.890947,-3.058973
3157,-64.84063,-3.07484
3158,-64.844205,-3.061674
3159,-64.844046,-3.061791
3160,-64.839788,-3.05972
3161,-64.838912,-3.060264
3162,-64.838929,-3.060334
3163,-64.852288,-3.050582
3164,-64.914492,-2.984694
3165,-64.914393,-2.984782
3166,-64.914429,-2.984764
3167,-64.914457,-2.984743
3168,-64.914398,-2.98477
3169,-64.914415,-2.984724
3170,-64.914481,-2.984671
3171,-64.914587,-2.984635
3172,-64.914527,-2.98459
3173,-64.914506,-2.984673
3174,-64.914467,-2.984642
3175,-64.914618,-2.984603
3176,-64.914497,-2.984709
3177,-64.914441,-2.984768
3178,-64.9145,-2.984677
3179,-64.914491,-2.98474
3180,-64.914442,-2.984835
3181,-64.91445,-2.984755
3182,-64.914472,-2.984738
3183,-64.914431,-2.984706
3184,-64.914503,-2.984643
3185,-64.914375,-2.98484
3186,-64.91448,-2.98468
3187,-64.914462,-2.984705
3188,-64.914518,-2.98459
3189,-64.914494,-2.984705
3190,-64.914477,-2.984616
3191,-64.914494,-2.984712
3192,-64.914364,-2.984767
3193,-64.91448,-2.984707
3194,-64.914476,-2.984691
3195,-64.914469,-2.984672
3196,-64.914501,-2.984645
3197,-64.914425,-2.984697
3198,-64.914413,-2.984725
3199,-64.914386,-2.984746
3200,-64.914312,-2.984743
3201,-64.867561,-3.042991
3202,-64.867486,-3.042981
3203,-64.866643,-3.039881
3204,-64.86554,-3.039672
3205,-64.865328,-3.039155
3206,-64.865201,-3.040464
3207,-64.86352,-3.046094
3208,-64.86365,-3.046087
3209,-64.8636,-3.046046
3210,-64.862023,-3.050914
3211,-64.859414,-3.051799
3212,-64.858727,-3.051297
3213,-64.858728,-3.050746
3214,-64.859717,-3.049629
3215,-64.863357,-3.057866
3216,-64.868913,-3.05621
3217,-64.86757,-3.049822
3218,-64.868038,-3.04652
3219,-64.867769,-3.046859
3220,-64.868012,-3.046798
3221,-64.867815,-3.046655
3222,-64.867854,-3.046569
3223,-64.867901,-3.0466
3224,-64.86801,-3.046486
3225,-64.86803,-3.046549
3226,-64.868004,-3.046582
3227,-64.867957,-3.046508
3228,-64.867976,-3.046567
3229,-64.867944,-3.046589
3230,-64.867915,-3.046532
3231,-64.867877,-3.046659
3232,-64.867847,-3.046582
3233,-64.867885,-3.046447
3234,-64.867924,-3.04651
3235,-64.868012,-3.04646
3236,-64.867954,-3.046591
3237,-64.867923,-3.046697
3238,-64.867842,-3.046556
3239,-64.867978,-3.046882
3240,-64.867927,-3.04683
3241,-64.867922,-3.046546
3242,-64.867906,-3.046448
3243,-64.867856,-3.046489
3244,-64.865808,-3.0451
3245,-64.86805,-3.046467
3246,-64.867933,-3.046445
3247,-64.867839,-3.046538
3248,-64.867885,-3.046506
3249,-64.866393,-3.045196
3250,-64.866524,-3.045169
3251,-64.866498,-3.045239
3252,-64.866653,-3.045164
3253,-64.866624,-3.04522
3254,-64.865317,-3.045148
3255,-64.86534,-3.045259
3256,-64.865365,-3.045161
3257,-64.865222,-3.045138
3258,-64.864694,-3.040725
3259,-64.864743,-3.040751
3260,-64.866628,-3.039959
3261,-64.866536,-3.0399
3262,-64.866557,-3.039934
3263,-64.869377,-3.036828
3264,-64.869654,-3.036608
3265,-64.869684,-3.036682
3266,-64.869704,-3.036606
3267,-64.869579,-3.036731
3268,-64.868269,-3.041454
3269,-64.868105,-3.041594
3270,-64.859147,-3.052664
3271,-64.855461,-3.055702
3272,-64.85552,-3.055808
3273,-64.855459,-3.055874
3274,-64.856255,-3.054821
3275,-64.857219,-3.055472
3276,-64.858201,-3.057985
3277,-64.853051,-3.060482
3278,-64.853103,-3.060524
3279,-64.853112,-3.060539
3280,-64.853607,-3.060618
3281,-64.853655,-3.060702
3282,-64.853524,-3.060595
3283,-64.844675,-3.066743
3284,-64.84188,-3.061076
3285,-64.849559,-3.065024
3286,-64.852756,-3.064666
3287,-64.852832,-3.064753
3288,-64.852643,-3.06477
3289,-64.852867,-3.064555
3290,-64.852795,-3.064623
3291,-64.853977,-3.064554
3292,-64.860699,-3.063985
3293,-64.857656,-3.072887
3294,-64.852828,-3.064536
3295,-64.852692,-3.064714
3296,-64.852788,-3.064578
3297,-64.852702,-3.064711
3298,-64.849516,-3.066468
3299,-64.849167,-3.067039
3300,-64.846286,-3.071544
3301,-64.838411,-3.072325
3302,-64.845038,-3.063831
3303,-64.845026,-3.063882
3304,-64.845044,-3.063944
3305,-64.845046,-3.063856
3306,-64.845052,-3.063844
3307,-64.845072,-3.063811
3308,-64.845931,-3.071284
3309,-64.845814,-3.071005
3310,-64.845879,-3.07124
3311,-64.846063,-3.071335
3312,-64.845911,-3.071369
3313,-64.845871,-3.071242
3314,-64.844488,-3.071109
3315,-64.844421,-3.071042
3316,-64.838526,-3.067848
3317,-64.836157,-3.075887
3318,-64.83519,-3.076778
3319,-64.835299,-3.076725
3320,-64.837159,-3.076808
3321,-64.836434,-3.076047
3322,-64.836261,-3.076033
3323,-64.836325,-3.076146
3324,-64.836394,-3.076064
3325,-64.836426,-3.076129
3326,-64.836346,-3.076138
3327,-64.83639,-3.076135
3328,-64.837318,-3.074708
3329,-64.842801,-3.070778
3330,-64.842841,-3.070762
3331,-64.842897,-3.070775
3332,-64.842912,-3.070739
3333,-64.842933,-3.070821
3334,-64.842819,-3.070694
3335,-64.842788,-3.070906
3336,-64.847071,-3.068184
3337,-64.847032,-3.068306
3338,-64.846372,-3.066058
3339,-64.846892,-3.065739
3340,-64.841398,-3.069705
3341,-64.836305,-3.07618
3342,-64.840044,-3.076079
3343,-64.844609,-3.076356
3344,-64.848728,-3.069445
3345,-64.842567,-3.05925
3346,-64.842553,-3.059352
3347,-64.842529,-3.05923
3348,-64.842524,-3.059312
3349,-64.842548,-3.059228
3350,-64.842584,-3.059249
3351,-64.839708,-3.061962
3352,-64.839293,-3.064728
3353,-64.839731,-3.0647
3354,-64.839688,-3.06464
3355,-64.839668,-3.06449
3356,-64.839745,-3.061907
3357,-64.844906,-3.069923
3358,-64.844609,-3.069597
3359,-64.845331,-3.07035
3360,-64.845165,-3.070078
3361,-64.844911,-3.070038
3362,-64.845677,-3.071135
3363,-64.845902,-3.071155
3364,-64.846116,-3.071255
3365,-64.846558,-3.071428
3366,-64.846596,-3.07133
3367,-64.847291,-3.074287
3368,-64.842156,-3.074782
3369,-64.844718,-3.076873
3370,-64.841832,-3.075357
3371,-64.842143,-3.075248
3372,-64.842147,-3.075185
3373,-64.841823,-3.075315
3374,-64.842189,-3.075368
3375,-64.842043,-3.075329
3376,-64.841854,-3.08791
3377,-64.841856,-3.08793
3378,-64.841809,-3.087684
3379,-64.841552,-3.087779
3380,-64.841919,-3.087888
3381,-64.841952,-3.087841
3382,-64.841817,-3.087971
3383,-64.841652,-3.087784
3384,-64.84174,-3.087904
3385,-64.841637,-3.087926
3386,-64.842154,-3.089848
3387,-64.842262,-3.089741
3388,-64.842254,-3.089875
3389,-64.842243,-3.089863
3390,-64.842211,-3.08984
3391,-64.841335,-3.095303
3392,-64.848071,-3.09138
3393,-64.848007,-3.091456
3394,-64.847916,-3.091415
3395,-64.848135,-3.09133
3396,-64.846982,-3.092093
3397,-64.847127,-3.095303
3398,-64.847686,-3.095616
3399,-64.847975,-3.095642
3400,-64.847338,-3.095633
3401,-64.846487,-3.09571
3402,-64.846464,-3.09573
3403,-64.846388,-3.095744
3404,-64.846571,-3.095725
3405,-64.846549,-3.095769
3406,-64.840531,-3.095592
3407,-64.842266,-3.094675
3408,-64.84231,-3.094609
3409,-64.848177,-3.075926
3410,-64.853714,-3.069186
3411,-64.862914,-3.064641
3412,-64.862694,-3.063996
3413,-64.862544,-3.063984
3414,-64.862622,-3.06405
3415,-64.862698,-3.064015
3416,-64.861501,-3.065086
3417,-64.86156,-3.065001
3418,-64.862023,-3.063277
3419,-64.862731,-3.062815
3420,-64.864796,-3.060939
3421,-64.864529,-3.060988
3422,-64.864626,-3.06112
3423,-64.873517,-3.06022
3424,-64.858725,-3.058142
3425,-64.855125,-3.05887
3426,-64.85237,-3.059404
3427,-64.858151,-3.045547
3428,-64.864747,-3.049446
3429,-64.864552,-3.04944
3430,-64.864728,-3.049367
3431,-64.864894,-3.050786
3432,-64.860999,-3.057211
3433,-64.852688,-3.065248
3434,-64.843941,-3.066938
3435,-64.845183,-3.067928
3436,-64.845333,-3.068015
3437,-64.84494,-3.067972
3438,-64.844448,-3.066971
3439,-64.841404,-3.064727
3440,-64.839019,-3.069289
3441,-64.843659,-3.060813
3442,-64.845134,-3.063547
3443,-64.850764,-3.066211
3444,-64.850824,-3.06607
3445,-64.85069,-3.066138
3446,-64.850742,-3.066068
3447,-64.850741,-3.066118
3448,-64.857867,-3.077273
3449,-64.849663,-3.082473
3450,-64.863361,-3.081108
3451,-64.866086,-3.073816
3452,-64.866058,-3.073783
3453,-64.86311,-3.071477
3454,-64.863044,-3.071472
3455,-64.8594,-3.065446
3456,-64.859055,-3.059613
3457,-64.854753,-3.05894
3458,-64.854325,-3.058984
3459,-64.85417,-3.058398
3460,-64.856818,-3.053958
3461,-64.861571,-3.046812
3462,-64.861664,-3.046774
3463,-64.861666,-3.046761
3464,-64.861584,-3.046833
3465,-64.861564,-3.046679
3466,-64.861604,-3.046715
3467,-64.861695,-3.046753
3468,-64.865194,-3.045076
3469,-64.870578,-3.040481
3470,-64.871347,-3.041483
3471,-64.872166,-3.044598
3472,-64.875891,-3.044236
3473,-64.875937,-3.04421
3474,-64.876031,-3.044342
3475,-64.876001,-3.044312
3476,-64.876029,-3.044325
3477,-64.875967,-3.04428
3478,-64.878013,-3.04417
3479,-64.878138,-3.034321
3480,-64.873657,-3.034747
3481,-64.875256,-3.040345
3482,-64.875966,-3.041374
3483,-64.875985,-3.041399
3484,-64.875833,-3.04139
3485,-64.875996,-3.041336
3486,-64.876066,-3.041433
3487,-64.875905,-3.041541
3488,-64.878237,-3.040619
3489,-64.878795,-3.041649
3490,-64.882451,-3.045042
3491,-64.882945,-3.045074
3492,-64.882907,-3.044992
3493,-64.882999,-3.045083
3494,-64.882998,-3.045109
3495,-64.882993,-3.045047
3496,-64.883005,-3.045034
3497,-64.882178,-3.044195
3498,-64.883842,-3.044618
3499,-64.883879,-3.044593
3500,-64.887543,-3.048266
3501,-64.888223,-3.054735
3502,-64.883832,-3.049625
3503,-64.883874,-3.049696
3504,-64.88385,-3.049698
3505,-64.883923,-3.049693
3506,-64.883935,-3.049711
3507,-64.881934,-3.051093
3508,-64.881928,-3.051089
3509,-64.881846,-3.050618
3510,-64.882033,-3.051109
3511,-64.882019,-3.051138
3512,-64.881973,-3.051234
3513,-64.881995,-3.051183
3514,-64.882003,-3.051214
3515,-64.882018,-3.05111
3516,-64.881992,-3.051113
3517,-64.881988,-3.051145
3518,-64.876203,-3.052446
3519,-64.876205,-3.052216
3520,-64.876273,-3.052358
3521,-64.875355,-3.050831
3522,-64.871979,-3.048482
3523,-64.871959,-3.048307
3524,-64.869681,-3.053441
3525,-64.86952,-3.055618
3526,-64.867859,-3.05864
3527,-64.878583,-3.054715
3528,-64.878133,-3.052448
3529,-64.878309,-3.052434
3530,-64.878171,-3.052437
3531,-64.878202,-3.052366
3532,-64.874523,-3.051913
3533,-64.869736,-3.05505
3534,-64.86435,-3.053955
3535,-64.861354,-3.05288
3536,-64.872772,-3.044789
3537,-64.877883,-3.044951
3538,-64.877882,-3.044888
3539,-64.877875,-3.044736
3540,-64.877881,-3.04488
3541,-64.877893,-3.044907
3542,-64.878789,-3.045034
3543,-64.878826,-3.043993
3544,-64.87762,-3.041409
3545,-64.87409,-3.041234
3546,-64.863477,-3.050815
3547,-64.863348,-3.050611
3548,-64.863437,-3.050774
3549,-64.863724,-3.051094
3550,-64.864653,-3.052222
3551,-64.864738,-3.052211
3552,-64.864653,-3.052209
3553,-64.863073,-3.056257
3554,-64.850391,-3.059857
3555,-64.857738,-3.057395
3556,-64.857926,-3.057314
3557,-64.857916,-3.057304
3558,-64.860737,-3.059566
3559,-64.860868,-3.059586
3560,-64.860842,-3.059547
3561,-64.860839,-3.059552
3562,-64.865177,-3.060582
3563,-64.862256,-3.051868
3564,-64.862948,-3.051332
3565,-64.862879,-3.051297
3566,-64.862709,-3.051436
3567,-64.862981,-3.051344
3568,-64.862899,-3.051297
3569,-64.86296,-3.051337
3570,-64.862988,-3.051312
3571,-64.862765,-3.051116
3572,-64.862748,-3.05124
3573,-64.862823,-3.051105
3574,-64.862963,-3.051139
3575,-64.86293,-3.051035
3576,-64.861523,-3.046465
3577,-64.861594,-3.046373
3578,-64.868285,-3.053132
3579,-64.868507,-3.052069
3580,-64.86883,-3.053477
3581,-64.868765,-3.053373
3582,-64.868981,-3.053405
3583,-64.868973,-3.053429
3584,-64.868914,-3.053597
3585,-64.87416,-3.047009
3586,-64.873859,-3.047357
3587,-64.873922,-3.047436
3588,-64.873889,-3.047407
3589,-64.873978,-3.047392
3590,-64.87386,-3.047457
3591,-64.873923,-3.047404
3592,-64.873944,-3.047349
3593,-64.873909,-3.047338
3594,-64.87388,-3.047371
3595,-64.875033,-3.049232
3596,-64.874969,-3.049152
3597,-64.875037,-3.049146
3598,-64.875056,-3.049161
3599,-64.875208,-3.049124
3600,-64.875019,-3.049085
3601,-64.875098,-3.049162
3602,-64.876266,-3.049226
3603,-64.876098,-3.049279
3604,-64.876304,-3.049243
3605,-64.876323,-3.048976
3606,-64.876288,-3.049244
3607,-64.876057,-3.049316
3608,-64.876144,-3.049295
3609,-64.876217,-3.049334
3610,-64.876283,-3.049249
3611,-64.876273,-3.049273
3612,-64.877748,-3.051047
3613,-64.877789,-3.051192
3614,-64.877715,-3.051084
3615,-64.877733,-3.051118
3616,-64.875759,-3.055385
3617,-64.871886,-3.060672
3618,-64.871926,-3.060701
3619,-64.87077,-3.06125
3620,-64.871502,-3.056079
3621,-64.871595,-3.055968
3622,-64.879085,-3.056825
3623,-64.879081,-3.056856
3624,-64.879105,-3.056825
3625,-64.879061,-3.056874
3626,-64.887585,-3.055016
3627,-64.888491,-3.054593
3628,-64.888429,-3.054709
3629,-64.892191,-3.05093
3630,-64.892012,-3.050775
3631,-64.891938,-3.050956
3632,-64.892016,-3.050864
3633,-64.889864,-3.051077
3634,-64.890054,-3.043841
3635,-64.887007,-3.040454
3636,-64.883103,-3.046167
3637,-64.891886,-3.046577
3638,-64.89193,-3.046611
3639,-64.891878,-3.046484
3640,-64.89183,-3.046455
3641,-64.896303,-3.045237
3642,-64.897559,-3.050333
3643,-64.893993,-3.054158
3644,-64.888501,-3.054795
3645,-64.887324,-3.052319
3646,-64.882313,-3.054226
3647,-64.885976,-3.057309
3648,-64.895758,-3.056054
3649,-64.888592,-3.058417
3650,-64.888201,-3.058821
3651,-64.880123,-3.060907
3652,-64.879898,-3.060954
3653,-64.880046,-3.06081
3654,-64.880029,-3.061059
3655,-64.879977,-3.061074
3656,-64.875613,-3.060009
3657,-64.882393,-3.058305
3658,-64.885632,-3.058523
3659,-64.886751,-3.058827
3660,-64.886657,-3.058759
3661,-64.886652,-3.058768
3662,-64.886571,-3.05856
3663,-64.885665,-3.058108
3664,-64.879284,-3.057834
3665,-64.87477,-3.056249
3666,-64.874728,-3.052178
3667,-64.875524,-3.052709
3668,-64.875502,-3.052694
3669,-64.87557,-3.052679
3670,-64.8762,-3.054729
3671,-64.876166,-3.054825
3672,-64.876153,-3.054696
3673,-64.869971,-3.059993
3674,-64.863446,-3.056089
3675,-64.863795,-3.056132
3676,-64.864244,-3.059599
3677,-64.864492,-3.061355
3678,-64.870106,-3.059966
3679,-64.857618,-3.049865
3680,-64.858778,-3.051374
3681,-64.858282,-3.05126
3682,-64.858251,-3.051211
3683,-64.859392,-3.051791
3684,-64.859463,-3.051803
3685,-64.864253,-3.053465
3686,-64.867468,-3.042749
3687,-64.868671,-3.04471
3688,-64.861408,-3.046526
3689,-64.861275,-3.046806
3690,-64.861283,-3.04665
3691,-64.861173,-3.046612
3692,-64.861021,-3.046686
3693,-64.860813,-3.046517
3694,-64.859081,-3.055709
3695,-64.862447,-3.056998
3696,-64.864492,-3.057277
3697,-64.867496,-3.057813
3698,-64.867935,-3.058948
3699,-64.868031,-3.058962
3700,-64.867756,-3.058609
3701,-64.856634,-3.047778
3702,-64.855831,-3.046246
3703,-64.863669,-3.040033
3704,-64.866942,-3.041056
3705,-64.866741,-3.040744
3706,-64.866845,-3.040926
3707,-64.867151,-3.041821
3708,-64.867334,-3.040345
3709,-64.867244,-3.040514
3710,-64.879715,-3.033674
3711,-64.881334,-3.041804
3712,-64.88148,-3.039492
3713,-64.881397,-3.039024
3714,-64.881494,-3.03944
3715,-64.881191,-3.039526
3716,-64.881351,-3.039111
3717,-64.881535,-3.039367
3718,-64.878784,-3.038661
3719,-64.885979,-3.036614
3720,-64.888716,-3.030007
3721,-64.889489,-3.031142
3722,-64.889673,-3.031081
3723,-64.889685,-3.031197
3724,-64.889131,-3.033745
3725,-64.889151,-3.034023
3726,-64.889195,-3.033913
3727,-64.886914,-3.038265
3728,-64.886958,-3.038519
3729,-64.886861,-3.038534
3730,-64.886971,-3.038554
3731,-64.886897,-3.038189
3732,-64.886881,-3.038244
3733,-64.886777,-3.038462
3734,-64.887335,-3.041013
3735,-64.885785,-3.042466
3736,-64.886762,-3.040979
3737,-64.888953,-3.051845
3738,-64.889078,-3.051855
3739,-64.88909,-3.051817
3740,-64.889112,-3.051825
3741,-64.888757,-3.052373
3742,-64.888893,-3.05241
3743,-64.888891,-3.052341
3744,-64.892208,-3.053982
3745,-64.884315,-3.052433
3746,-64.887286,-3.048759
3747,-64.893046,-3.051548
3748,-64.89312,-3.05138
3749,-64.893269,-3.051641
3750,-64.893425,-3.051754
3751,-64.893541,-3.051781
3752,-64.897409,-3.05247
3753,-64.897373,-3.052444
3754,-64.897347,-3.052397
3755,-64.893013,-3.051536
3756,-64.893009,-3.051476
3757,-64.893123,-3.051509
3758,-64.893209,-3.051429
3759,-64.893657,-3.050848
3760,-64.892127,-3.053709
3761,-64.888408,-3.05568
3762,-64.886503,-3.055996
3763,-64.886998,-3.055852
3764,-64.892787,-3.053283
3765,-64.89279,-3.053185
3766,-64.89276,-3.053259
3767,-64.892775,-3.053287
3768,-64.893183,-3.053852
3769,-64.903266,-3.050323
3770,-64.893185,-3.047175
3771,-64.893102,-3.048521
3772,-64.893059,-3.048259
3773,-64.892881,-3.048122
3774,-64.891773,-3.053547
3775,-64.892619,-3.056542
3776,-64.879837,-3.059702
3777,-64.878424,-3.060021
3778,-64.878316,-3.060069
3779,-64.866636,-3.077824
3780,-64.866637,-3.077729
3781,-64.86666,-3.077656
3782,-64.866674,-3.077658
3783,-64.866718,-3.077931
3784,-64.865456,-3.080283
3785,-64.865245,-3.080129
3786,-64.865212,-3.080269
3787,-64.876374,-3.090887
3788,-64.876485,-3.090801
3789,-64.876415,-3.090876
3790,-64.872967,-3.086362
3791,-64.871131,-3.071981
3792,-64.877285,-3.068914
3793,-64.879302,-3.066971
3794,-64.873759,-3.079765
3795,-64.873456,-3.079795
3796,-64.873404,-3.079865
3797,-64.873435,-3.079937
3798,-64.87339,-3.079796
3799,-64.873565,-3.079913
3800,-64.871777,-3.077216
3801,-64.873932,-3.062845
3802,-64.888358,-3.060037
3803,-64.867952,-3.058538
3804,-64.857094,-3.063023
3805,-64.85705,-3.063074
3806,-64.853775,-3.068515
3807,-64.853867,-3.068472
3808,-64.852092,-3.056904
3809,-64.856779,-3.047339
3810,-64.869587,-3.052598
3811,-64.869578,-3.052514
3812,-64.870187,-3.051655
3813,-64.87087,-3.056121
3814,-64.859057,-3.073201
3815,-64.852186,-3.073869
3816,-64.852329,-3.067276
3817,-64.852036,-3.06741
3818,-64.852133,-3.067313
3819,-64.859248,-3.054819
3820,-64.859273,-3.054707
3821,-64.857854,-3.062932
3822,-64.854456,-3.065922
3823,-64.854472,-3.065974
3824,-64.854559,-3.066063
3825,-64.854493,-3.066029
3826,-64.853403,-3.066157
3827,-64.853722,-3.066033
3828,-64.848461,-3.066194
3829,-64.848454,-3.066071
3830,-64.848417,-3.066258
3831,-64.848181,-3.066665
3832,-64.846929,-3.068282
3833,-64.846969,-3.068227
3834,-64.846959,-3.068341
3835,-64.84271,-3.070728
3836,-64.842652,-3.071319
3837,-64.842206,-3.071491
3838,-64.838009,-3.070857
3839,-64.838094,-3.070821
3840,-64.838013,-3.070895
3841,-64.838045,-3.070922
3842,-64.838018,-3.070843
3843,-64.841217,-3.056776
3844,-64.840951,-3.05686
3845,-64.840744,-3.056922
3846,-64.839673,-3.056884
3847,-64.839861,-3.056798
3848,-64.850146,-3.078552
3849,-64.851245,-3.081985
3850,-64.85111,-3.081791
3851,-64.851421,-3.081833
3852,-64.851344,-3.081865
3853,-64.849277,-3.077564
3854,-64.850825,-3.090214
3855,-64.84577,-3.090027
3856,-64.849073,-3.080686
3857,-64.85039,-3.079054
3858,-64.85334,-3.075306
3859,-64.852408,-3.060179
3860,-64.852507,-3.060154
3861,-64.854656,-3.059811
3862,-64.840959,-3.056858
3863,-64.831863,-3.065606
3864,-64.832682,-3.065973
3865,-64.83693,-3.07828
3866,-64.836916,-3.078204
3867,-64.827787,-3.092981
3868,-64.844523,-3.063628
3869,-64.842881,-3.07106
3870,-64.849737,-3.089902
3871,-64.841553,-3.094639
3872,-64.839183,-3.096204
3873,-64.839008,-3.09615
3874,-64.836528,-3.097776
3875,-64.833134,-3.098203
3876,-64.833207,-3.098276
3877,-64.83287,-3.098389
3878,-64.832478,-3.097739
3879,-64.833142,-3.091262
3880,-64.841703,-3.085287
3881,-64.841878,-3.085367
3882,-64.841086,-3.082671
3883,-64.845434,-3.0831
3884,-64.845459,-3.083205
3885,-64.848826,-3.077717
3886,-64.849455,-3.073966
3887,-64.849264,-3.073965
3888,-64.847344,-3.07239
3889,-64.847182,-3.07242
3890,-64.852232,-3.072287
3891,-64.854317,-3.069647
3892,-64.854828,-3.064306
3893,-64.857022,-3.058728
3894,-64.85199,-3.057889
3895,-64.851094,-3.059063
3896,-64.846334,-3.064762
3897,-64.844642,-3.063839
3898,-64.844524,-3.063602
3899,-64.837904,-3.063676
3900,-64.839517,-3.066019
3901,-64.849564,-3.071677
3902,-64.851566,-3.072754
3903,-64.851555,-3.072882
3904,-64.858429,-3.076539
3905,-64.858621,-3.076484
3906,-64.858621,-3.076569
3907,-64.860514,-3.075265
3908,-64.862344,-3.074573
3909,-64.863431,-3.073466
3910,-64.864824,-3.066273
3911,-64.864624,-3.066386
3912,-64.864734,-3.066465
3913,-64.868889,-3.064515
3914,-64.861751,-3.058999
3915,-64.859949,-3.056266
3916,-64.859853,-3.056233
3917,-64.859778,-3.05607
3918,-64.85963,-3.056184
3919,-64.85801,-3.053847
3920,-64.857677,-3.0534
3921,-64.859608,-3.056175
3922,-64.856143,-3.052869
3923,-64.85704,-3.050075
3924,-64.855667,-3.049396
3925,-64.855708,-3.049319
3926,-64.855688,-3.049425
3927,-64.855681,-3.049222
3928,-64.854151,-3.06714
3929,-64.853341,-3.065967
3930,-64.853427,-3.065949
3931,-64.853759,-3.06554
3932,-64.85397,-3.065358
3933,-64.856326,-3.060528
3934,-64.856412,-3.060434
3935,-64.857232,-3.060871
3936,-64.856212,-3.058166
3937,-64.855859,-3.058119
3938,-64.843383,-3.045016
3939,-64.848507,-3.051171
3940,-64.848085,-3.048291
3941,-64.847557,-3.05052
3942,-64.847598,-3.052665
3943,-64.847563,-3.050121
3944,-64.852761,-3.051103
3945,-64.85178,-3.05088
3946,-64.847356,-3.050327
3947,-64.842855,-3.053861
3948,-64.842499,-3.052191
3949,-64.845543,-3.050623
3950,-64.846009,-3.055772
3951,-64.844986,-3.054409
3952,-64.845489,-3.059099
3953,-64.845578,-3.059086
3954,-64.845539,-3.059112
3955,-64.845468,-3.059091
3956,-64.845561,-3.058919
3957,-64.845761,-3.059541
3958,-64.844352,-3.049655
3959,-64.84562,-3.03866
3960,-64.845455,-3.038385
3961,-64.84713,-3.051538
3962,-64.847491,-3.05172
3963,-64.856717,-3.057975
3964,-64.856655,-3.058111
3965,-64.858873,-3.068463
3966,-64.865552,-3.065926
3967,-64.865633,-3.066091
3968,-64.865478,-3.065879
3969,-64.865532,-3.066033
3970,-64.865993,-3.06568
3971,-64.866021,-3.065806
3972,-64.872273,-3.067154
3973,-64.874446,-3.062175
3974,-64.871037,-3.057771
3975,-64.865585,-3.053557
3976,-64.865193,-3.053532
3977,-64.865623,-3.053188
3978,-64.865511,-3.053047
3979,-64.865484,-3.053106
3980,-64.865587,-3.053143
3981,-64.867835,-3.058583
3982,-64.868189,-3.059169
3983,-64.864387,-3.062688
3984,-64.864321,-3.062445
3985,-64.858963,-3.067825
3986,-64.856953,-3.078545
3987,-64.853422,-3.080042
3988,-64.851536,-3.083979
3989,-64.857568,-3.088822
3990,-64.858263,-3.088828
3991,-64.859516,-3.083892
3992,-64.848861,-3.078578
3993,-64.848549,-3.07844
3994,-64.847646,-3.07798
3995,-64.847579,-3.078054
3996,-64.847591,-3.077906
3997,-64.847566,-3.070518
3998,-64.847563,-3.070362
3999,-64.847673,-3.070393
4000,-64.847845,-3.070421
4001,-64.847815,-3.070341
4002,-64.848485,-3.069978
4003,-64.848384,-3.069942
4004,-64.848455,-3.069983
4005,-64.848352,-3.069952
4006,-64.848436,-3.069926
4007,-64.848445,-3.069992
4008,-64.848461,-3.070027
4009,-64.848447,-3.070019
4010,-64.848375,-3.069913
4011,-64.848413,-3.069999
4012,-64.848398,-3.069915
4013,-64.848444,-3.069929
4014,-64.848396,-3.070009
4015,-64.848437,-3.069958
4016,-64.849021,-3.068915
4017,-64.856472,-3.085692
4018,-64.856942,-3.08872
4019,-64.857034,-3.088666
4020,-64.856935,-3.088938
4021,-64.857148,-3.088357
4022,-64.863618,-3.088337
4023,-64.861641,-3.093877
4024,-64.861825,-3.093891
4025,-64.854232,-3.095579
4026,-64.854594,-3.094606
4027,-64.833094,-3.096286
4028,-64.833559,-3.097119
4029,-64.833001,-3.097376
4030,-64.832973,-3.097308
4031,-64.828813,-3.094044
4032,-64.82738,-3.103243
4033,-64.835647,-3.092919
4034,-64.835642,-3.092944
4035,-64.835672,-3.092881
4036,-64.835614,-3.09293
4037,-64.836485,-3.093111
4038,-64.838103,-3.09522
4039,-64.837715,-3.095996
4040,-64.837912,-3.096421
4041,-64.837852,-3.096079
4042,-64.838346,-3.099894
4043,-64.838146,-3.099619
4044,-64.837963,-3.100474
4045,-64.838344,-3.100806
4046,-64.838353,-3.100907
4047,-64.838492,-3.100806
4048,-64.830472,-3.094283
4049,-64.830261,-3.093936
4050,-64.830358,-3.094134
4051,-64.830522,-3.093833
4052,-64.830594,-3.094321
4053,-64.828197,-3.092749
4054,-64.827045,-3.09512
4055,-64.826908,-3.095174
4056,-64.827049,-3.095037
4057,-64.82603,-3.095527
4058,-64.825355,-3.091284
4059,-64.825554,-3.0891
4060,-64.825032,-3.08833
4061,-64.82485,-3.088509
4062,-64.824692,-3.088573
4063,-64.830287,-3.093457
4064,-64.830191,-3.103623
4065,-64.832186,-3.101175
4066,-64.832181,-3.101416
4067,-64.831233,-3.102188
4068,-64.836638,-3.101934
4069,-64.836566,-3.101919
4070,-64.843795,-3.101922
4071,-64.851518,-3.098912
4072,-64.850188,-3.096585
4073,-64.840843,-3.093659
4074,-64.840884,-3.093712
4075,-64.840826,-3.093681
4076,-64.836364,-3.104384
4077,-64.836888,-3.104077
4078,-64.83777,-3.103818
4079,-64.837858,-3.103663
4080,-64.840329,-3.09652
4081,-64.837692,-3.092254
4082,-64.847078,-3.085082
4083,-64.846643,-3.08546
4084,-64.846776,-3.085427
4085,-64.846737,-3.08535
4086,-64.84016,-3.086812
4087,-64.838643,-3.08867
4088,-64.839306,-3.08955
4089,-64.839252,-3.089564
4090,-64.839429,-3.089458
4091,-64.842422,-3.084925
4092,-64.8424,-3.084906
4093,-64.842637,-3.08511
4094,-64.842616,-3.084868
4095,-64.842473,-3.084993
4096,-64.842513,-3.084998
4097,-64.842515,-3.085131
4098,-64.832872,-3.083072
4099,-64.832964,-3.08299
4100,-64.840006,-3.080573
4101,-64.839801,-3.080506
4102,-64.839835,-3.080588
4103,-64.839907,-3.080501
4104,-64.839979,-3.080532
4105,-64.839892,-3.08061
4106,-64.841694,-3.077802
4107,-64.841522,-3.078112
4108,-64.844462,-3.080363
4109,-64.844423,-3.080433
4110,-64.844511,-3.080428
4111,-64.846327,-3.084034
4112,-64.846329,-3.084028
4113,-64.852594,-3.082175
4114,-64.853083,-3.081966
4115,-64.852692,-3.082202
4116,-64.85422,-3.082019
4117,-64.854344,-3.081913
4118,-64.854275,-3.081964
4119,-64.854289,-3.081865
4120,-64.854831,-3.075322
4121,-64.853569,-3.08223
4122,-64.853427,-3.082114
4123,-64.856953,-3.082131
4124,-64.849226,-3.079854
4125,-64.847526,-3.077839
4126,-64.844489,-3.080328
4127,-64.859023,-3.069872
4128,-64.859036,-3.069885
4129,-64.859075,-3.069822
4130,-64.859083,-3.069958
4131,-64.859153,-3.069883
4132,-64.856979,-3.06727
4133,-64.856941,-3.067235
4134,-64.851737,-3.071138
4135,-64.842691,-3.07445
4136,-64.842693,-3.074509
4137,-64.842709,-3.074572
4138,-64.842754,-3.074521
4139,-64.842743,-3.074502
4140,-64.842751,-3.074508
4141,-64.842801,-3.074541
4142,-64.842806,-3.074419
4143,-64.842736,-3.074504
4144,-64.841131,-3.073319
4145,-64.837549,-3.067916
4146,-64.837436,-3.068238
4147,-64.837392,-3.068137
4148,-64.839835,-3.068604
4149,-64.840026,-3.070649
4150,-64.840005,-3.070674
4151,-64.839962,-3.070713
4152,-64.839961,-3.070714
4153,-64.839969,-3.070648
4154,-64.840038,-3.070672
4155,-64.84218,-3.077664
4156,-64.842288,-3.077618
4157,-64.841288,-3.077242
4158,-64.845572,-3.078418
4159,-64.848759,-3.081687
4160,-64.84883,-3.081661
4161,-64.847615,-3.077982
4162,-64.847568,-3.07799
4163,-64.847751,-3.077964
4164,-64.847606,-3.077914
4165,-64.847517,-3.077838
4166,-64.840912,-3.09058
4167,-64.836818,-3.092027
4168,-64.836194,-3.091522
4169,-64.836376,-3.09156
4170,-64.836404,-3.091563
4171,-64.836605,-3.093002
4172,-64.836669,-3.092891
4173,-64.836713,-3.092907
4174,-64.836722,-3.092915
4175,-64.836807,-3.09298
4176,-64.836747,-3.092743
4177,-64.836603,-3.09278
4178,-64.839855,-3.093506
4179,-64.839891,-3.093442
4180,-64.839772,-3.093392
4181,-64.840105,-3.093331
4182,-64.839921,-3.09357
4183,-64.839842,-3.093425
4184,-64.839846,-3.093473
4185,-64.840043,-3.09354
4186,-64.839856,-3.093572
4187,-64.840054,-3.093912
4188,-64.827024,-3.091396
4189,-64.82707,-3.091138
4190,-64.825052,-3.091916
4191,-64.824956,-3.091974
4192,-64.824891,-3.091917
4193,-64.824854,-3.091879
4194,-64.825088,-3.091892
4195,-64.824943,-3.091883
4196,-64.825154,-3.088592
4197,-64.825675,-3.087878
4198,-64.826949,-3.084838
4199,-64.826748,-3.084901
4200,-64.826907,-3.084876
4201,-64.826503,-3.084828
4202,-64.826858,-3.084924
4203,-64.826883,-3.084682
4204,-64.826942,-3.084816
4205,-64.824034,-3.085627
4206,-64.824044,-3.085638
4207,-64.822983,-3.083555
4208,-64.824732,-3.080498
4209,-64.824575,-3.080495
4210,-64.824683,-3.080496
4211,-64.824712,-3.08052
4212,-64.822691,-3.079289
4213,-64.822731,-3.079398
4214,-64.822603,-3.0793
4215,-64.822815,-3.079347
4216,-64.822831,-3.079362
4217,-64.822701,-3.079648
4218,-64.822754,-3.080444
4219,-64.825555,-3.088245
4220,-64.825191,-3.088338
4221,-64.824052,-3.080898
4222,-64.824047,-3.080895
4223,-64.824014,-3.081087
4224,-64.822867,-3.079365
4225,-64.822808,-3.079411
4226,-64.822774,-3.079351
4227,-64.822971,-3.079272
4228,-64.822797,-3.079326
4229,-64.822773,-3.079369
4230,-64.822894,-3.079388
4231,-64.824987,-3.075595
4232,-64.825081,-3.075475
4233,-64.824865,-3.075234
4234,-64.824629,-3.073628
4235,-64.823773,-3.073024
4236,-64.82391,-3.073413
4237,-64.824611,-3.073658
4238,-64.824565,-3.073556
4239,-64.824664,-3.073725
4240,-64.824601,-3.073778
4241,-64.824673,-3.073707
4242,-64.824577,-3.073625
4243,-64.824639,-3.073665
4244,-64.824605,-3.073531
4245,-64.824629,-3.073547
4246,-64.824476,-3.073709
4247,-64.824718,-3.073673
4248,-64.824557,-3.07361
4249,-64.824577,-3.073582
4250,-64.824544,-3.073599
4251,-64.824631,-3.073581
4252,-64.82451,-3.073758
4253,-64.827041,-3.072816
4254,-64.827097,-3.072786
4255,-64.828366,-3.073371
4256,-64.828345,-3.073379
4257,-64.828319,-3.073384
4258,-64.826899,-3.073755
4259,-64.827209,-3.074851
4260,-64.827261,-3.074958
4261,-64.827354,-3.074911
4262,-64.827291,-3.074916
4263,-64.827172,-3.0749
4264,-64.82741,-3.075945
4265,-64.827276,-3.079212
4266,-64.827248,-3.079187
4267,-64.827162,-3.07924
4268,-64.827275,-3.079258
4269,-64.829893,-3.07752
4270,-64.82998,-3.077529
4271,-64.829987,-3.077466
4272,-64.829993,-3.077472
4273,-64.83003,-3.077314
4274,-64.82996,-3.077479
4275,-64.829346,-3.077715
4276,-64.825471,-3.071558
4277,-64.825383,-3.071622
4278,-64.824977,-3.072192
4279,-64.824732,-3.072545
4280,-64.824827,-3.072671
4281,-64.824741,-3.07252
4282,-64.824603,-3.072558
4283,-64.824768,-3.072446
4284,-64.824828,-3.072478
4285,-64.824839,-3.072478
4286,-64.820945,-3.074689
4287,-64.820047,-3.077098
4288,-64.821058,-3.076706
4289,-64.822131,-3.080233
4290,-64.82183,-3.079815
4291,-64.82204,-3.079218
4292,-64.822327,-3.079272
4293,-64.82188,-3.079727
4294,-64.821702,-3.07971
4295,-64.823896,-3.08152
4296,-64.823943,-3.081559
4297,-64.823893,-3.081493
4298,-64.821801,-3.082098
4299,-64.821433,-3.081641
4300,-64.821397,-3.081634
4301,-64.821148,-3.081637
4302,-64.821393,-3.081731
4303,-64.821367,-3.081707
4304,-64.821454,-3.081718
4305,-64.821363,-3.081653
4306,-64.821439,-3.081623
4307,-64.821444,-3.081659
4308,-64.82153,-3.081624
4309,-64.818553,-3.079552
4310,-64.818558,-3.079614
4311,-64.818575,-3.079603
4312,-64.818554,-3.079479
4313,-64.81847,-3.079404
4314,-64.819452,-3.078519
4315,-64.819945,-3.078862
4316,-64.819996,-3.078848
4317,-64.819975,-3.078856
4318,-64.820026,-3.078878
4319,-64.820059,-3.078893
4320,-64.820044,-3.078819
4321,-64.81998,-3.07887
4322,-64.82222,-3.078947
4323,-64.82242,-3.079036
4324,-64.822346,-3.079071
4325,-64.822379,-3.079074
4326,-64.822442,-3.079008
4327,-64.822376,-3.079057
4328,-64.822404,-3.07875
4329,-64.822304,-3.078924
4330,-64.822384,-3.078971
4331,-64.822424,-3.07895
4332,-64.825256,-3.076731
4333,-64.824054,-3.079735
4334,-64.823905,-3.08093
4335,-64.825148,-3.07667
4336,-64.827142,-3.078197
4337,-64.827013,-3.077151
4338,-64.827099,-3.077237
4339,-64.82713,-3.077141
4340,-64.827082,-3.077172
4341,-64.827155,-3.077262
4342,-64.831024,-3.081397
4343,-64.831297,-3.082612
4344,-64.831243,-3.082617
4345,-64.831244,-3.082649
4346,-64.833181,-3.080221
4347,-64.833278,-3.080039
4348,-64.833271,-3.080131
4349,-64.833048,-3.080082
4350,-64.833132,-3.080137
4351,-64.833219,-3.080104
4352,-64.833186,-3.08009
4353,-64.83501,-3.081465
4354,-64.834969,-3.08146
4355,-64.835012,-3.081519
4356,-64.835306,-3.081621
4357,-64.835038,-3.081651
4358,-64.835035,-3.081552
4359,-64.833134,-3.083166
4360,-64.833064,-3.083063
4361,-64.833143,-3.083146
4362,-64.833272,-3.0834
4363,-64.833044,-3.083158
4364,-64.833141,-3.083188
4365,-64.833187,-3.083299
4366,-64.833174,-3.083247
4367,-64.834544,-3.083846
4368,-64.834376,-3.08386
4369,-64.834073,-3.084231
4370,-64.841236,-3.091156
4371,-64.841172,-3.091253
4372,-64.841193,-3.091229
4373,-64.841159,-3.091168
4374,-64.8412,-3.091165
4375,-64.841125,-3.091156
4376,-64.841157,-3.091165
4377,-64.841278,-3.091161
4378,-64.835741,-3.096304
4379,-64.835786,-3.096289
4380,-64.835741,-3.096293
4381,-64.83575,-3.096302
4382,-64.835866,-3.096262
4383,-64.837544,-3.095708
4384,-64.837724,-3.095982
4385,-64.837687,-3.096042
4386,-64.837632,-3.096113
4387,-64.837641,-3.095953
4388,-64.837653,-3.095951
4389,-64.837469,-3.095927
4390,-64.837675,-3.096021
4391,-64.837632,-3.096071
4392,-64.837632,-3.09602
4393,-64.837719,-3.096034
4394,-64.837676,-3.095998
4395,-64.837651,-3.096062
4396,-64.839243,-3.095553
4397,-64.839153,-3.095547
4398,-64.840489,-3.096569
4399,-64.839065,-3.097251
4400,-64.839158,-3.097211
4401,-64.838637,-3.097468
4402,-64.834148,-3.098839
4403,-64.834132,-3.099019
4404,-64.835046,-3.098596
4405,-64.835009,-3.098599
4406,-64.834986,-3.098608
4407,-64.835096,-3.098617
4408,-64.835267,-3.098678
4409,-64.835005,-3.098568
4410,-64.837316,-3.092749
4411,-64.837316,-3.092833
4412,-64.837397,-3.092757
4413,-64.837427,-3.092686
4414,-64.837791,-3.092232
4415,-64.83776,-3.092282
4416,-64.837766,-3.092222
4417,-64.837799,-3.092256
4418,-64.837867,-3.092262
4419,-64.837909,-3.091888
4420,-64.837725,-3.092043
4421,-64.841466,-3.093297
4422,-64.842385,-3.092211
4423,-64.842533,-3.092486
4424,-64.842302,-3.092205
4425,-64.842398,-3.092181
4426,-64.848649,-3.088425
4427,-64.849435,-3.088693
4428,-64.850314,-3.086718
4429,-64.850289,-3.086704
4430,-64.850272,-3.086643
4431,-64.850472,-3.086825
4432,-64.850206,-3.086744
4433,-64.85032,-3.086775
4434,-64.850332,-3.086851
4435,-64.848417,-3.087435
4436,-64.848671,-3.087273
4437,-64.84751,-3.08778
4438,-64.848551,-3.087529
4439,-64.84864,-3.087372
4440,-64.848626,-3.087492
4441,-64.848585,-3.087447
4442,-64.848683,-3.087429
4443,-64.861796,-3.077265
4444,-64.869262,-3.069971
4445,-64.869184,-3.070045
4446,-64.869125,-3.070041
4447,-64.871903,-3.068372
4448,-64.871925,-3.068214
4449,-64.871875,-3.068112
4450,-64.869094,-3.067895
4451,-64.868607,-3.068694
4452,-64.868664,-3.069387
4453,-64.869651,-3.070353
4454,-64.871628,-3.068591
4455,-64.869077,-3.071819
4456,-64.869006,-3.071972
4457,-64.869019,-3.072012
4458,-64.868898,-3.071886
4459,-64.868962,-3.071933
4460,-64.868916,-3.072105
4461,-64.868969,-3.071984
4462,-64.868939,-3.071973
4463,-64.868901,-3.071981
4464,-64.868958,-3.071967
4465,-64.868826,-3.071908
4466,-64.868808,-3.07193
4467,-64.871172,-3.073126
4468,-64.872547,-3.078629
4469,-64.873414,-3.08012
4470,-64.873975,-3.078355
4471,-64.874012,-3.078356
4472,-64.873889,-3.078321
4473,-64.87385,-3.078219
4474,-64.873892,-3.078054
4475,-64.873887,-3.078225
4476,-64.87366,-3.078391
4477,-64.874033,-3.078388
4478,-64.873946,-3.078185
4479,-64.873914,-3.078228
4480,-64.874007,-3.078113
4481,-64.873912,-3.078221
4482,-64.868552,-3.072407
4483,-64.873928,-3.078213
4484,-64.873859,-3.078387
4485,-64.872731,-3.070107
4486,-64.872547,-3.070106
4487,-64.872652,-3.070142
4488,-64.872696,-3.07017
4489,-64.872692,-3.070213
4490,-64.872833,-3.070168
4491,-64.872799,-3.070194
4492,-64.872742,-3.070173
4493,-64.872834,-3.070156
4494,-64.872753,-3.070152
4495,-64.872992,-3.070137
4496,-64.872399,-3.069982
4497,-64.872697,-3.07
4498,-64.873083,-3.070266
4499,-64.872738,-3.070164
4500,-64.872849,-3.070138
4501,-64.872784,-3.070165
4502,-64.872846,-3.070133
4503,-64.873094,-3.0702
4504,-64.875517,-3.069732
4505,-64.875599,-3.069954
4506,-64.875354,-3.069997
4507,-64.875455,-3.069952
4508,-64.875532,-3.070016
4509,-64.871717,-3.071847
4510,-64.871656,-3.071858
4511,-64.87142,-3.072997
4512,-64.867523,-3.072347
4513,-64.865652,-3.073018
4514,-64.865631,-3.072914
4515,-64.865649,-3.07293
4516,-64.869257,-3.071275
4517,-64.869303,-3.071257
4518,-64.869191,-3.071374
4519,-64.869169,-3.071327
4520,-64.869146,-3.071343
4521,-64.869336,-3.07136
4522,-64.862854,-3.060853
4523,-64.86033,-3.058368
4524,-64.860445,-3.058308
4525,-64.860393,-3.058391
4526,-64.860412,-3.058391
4527,-64.860502,-3.058353
4528,-64.860421,-3.05839
4529,-64.860339,-3.058328
4530,-64.860408,-3.058322
4531,-64.860413,-3.058359
4532,-64.862939,-3.056067
4533,-64.868341,-3.052844
4534,-64.86798,-3.053246
4535,-64.867459,-3.051744
4536,-64.867505,-3.05174
4537,-64.867458,-3.051707
4538,-64.867453,-3.051795
4539,-64.867633,-3.051774
4540,-64.867668,-3.051772
4541,-64.867603,-3.051672
4542,-64.867733,-3.051596
4543,-64.868194,-3.049557
4544,-64.871312,-3.052404
4545,-64.869593,-3.052583
4546,-64.869431,-3.052583
4547,-64.869403,-3.052537
4548,-64.869445,-3.052525
4549,-64.86927,-3.052908
4550,-64.869445,-3.052592
4551,-64.869433,-3.052611
4552,-64.86946,-3.052593
4553,-64.86961,-3.052718
4554,-64.86985,-3.050391
4555,-64.870111,-3.050606
4556,-64.870073,-3.05069
4557,-64.867952,-3.049445
4558,-64.867888,-3.049356
4559,-64.867857,-3.049539
4560,-64.867978,-3.049392
4561,-64.867798,-3.049492
4562,-64.867859,-3.049471
4563,-64.867829,-3.049401
4564,-64.867843,-3.049367
4565,-64.864268,-3.047803
4566,-64.864799,-3.045499
4567,-64.86501,-3.04577
4568,-64.865075,-3.045801
4569,-64.86511,-3.04589
4570,-64.865163,-3.045741
4571,-64.865086,-3.045845
4572,-64.865063,-3.045794
4573,-64.865114,-3.045878
4574,-64.866608,-3.045198
4575,-64.867312,-3.045606
4576,-64.867284,-3.045635
4577,-64.86722,-3.04566
4578,-64.867158,-3.045665
4579,-64.867124,-3.045545
4580,-64.865988,-3.044747
4581,-64.86636,-3.044467
4582,-64.864344,-3.041539
4583,-64.864506,-3.041464
4584,-64.864425,-3.041482
4585,-64.864507,-3.041493
4586,-64.864349,-3.04151
4587,-64.867424,-3.039315
4588,-64.871313,-3.043387
4589,-64.871396,-3.043263
4590,-64.871316,-3.043366
4591,-64.870382,-3.043166
4592,-64.87131,-3.043361
4593,-64.871589,-3.043439
4594,-64.871275,-3.043346
4595,-64.871468,-3.043372
4596,-64.871352,-3.043479
4597,-64.877355,-3.042918
4598,-64.879255,-3.041651
4599,-64.879183,-3.041536
4600,-64.879148,-3.041616
4601,-64.869253,-3.03628
4602,-64.869707,-3.038009
4603,-64.869551,-3.038205
4604,-64.869737,-3.038035
4605,-64.869755,-3.037964
4606,-64.869713,-3.037988
4607,-64.869792,-3.037908
4608,-64.868788,-3.040079
4609,-64.868533,-3.039991
4610,-64.868777,-3.039998
4611,-64.866053,-3.044737
4612,-64.86602,-3.044661
4613,-64.865621,-3.045582
4614,-64.866182,-3.044799
4615,-64.866037,-3.044837
4616,-64.866077,-3.044756
4617,-64.865945,-3.044641
4618,-64.866059,-3.044732
4619,-64.868895,-3.045735
4620,-64.866402,-3.041173
4621,-64.860612,-3.041765
4622,-64.860545,-3.041779
4623,-64.860503,-3.041787
4624,-64.860483,-3.041883
4625,-64.860538,-3.041824
4626,-64.860388,-3.041919
4627,-64.860565,-3.04189
4628,-64.860606,-3.041817
4629,-64.86072,-3.041869
4630,-64.860523,-3.041906
4631,-64.860535,-3.041876
4632,-64.861188,-3.04482
4633,-64.862785,-3.048005
4634,-64.862487,-3.04792
4635,-64.862528,-3.047957
4636,-64.862582,-3.048011
4637,-64.862619,-3.048015
4638,-64.862576,-3.047965
4639,-64.862532,-3.047982
4640,-64.862553,-3.047942
4641,-64.86254,-3.047863
4642,-64.867644,-3.052434
4643,-64.867668,-3.052442
4644,-64.867741,-3.052435
4645,-64.867648,-3.052357
4646,-64.867504,-3.052275
4647,-64.869377,-3.054004
4648,-64.87153,-3.058273
4649,-64.871581,-3.05834
4650,-64.873747,-3.056919
4651,-64.873816,-3.056924
4652,-64.873765,-3.056855
4653,-64.877158,-3.054116
4654,-64.877116,-3.053909
4655,-64.877121,-3.053928
4656,-64.869211,-3.050092
4657,-64.869152,-3.050095
4658,-64.869203,-3.050079
4659,-64.869194,-3.050049
4660,-64.869187,-3.050081
4661,-64.861009,-3.052479
4662,-64.860917,-3.052407
4663,-64.860968,-3.05247
4664,-64.86094,-3.052433
4665,-64.86123,-3.055994
4666,-64.859638,-3.052258
4667,-64.859359,-3.052195
4668,-64.859235,-3.052178
4669,-64.856507,-3.052499
4670,-64.85651,-3.052476
4671,-64.856609,-3.052464
4672,-64.856701,-3.052452
4673,-64.856447,-3.052411
4674,-64.85608,-3.052517
4675,-64.8558,-3.052712
4676,-64.855829,-3.052715
4677,-64.855848,-3.052852
4678,-64.855875,-3.052717
4679,-64.855894,-3.052773
4680,-64.854949,-3.050245
4681,-64.85469,-3.050304
4682,-64.857265,-3.049414
4683,-64.857304,-3.049512
4684,-64.857349,-3.049517
4685,-64.857424,-3.049489
4686,-64.857263,-3.049479
4687,-64.857458,-3.049442
4688,-64.857285,-3.049481
4689,-64.85735,-3.049553
4690,-64.857355,-3.04952
4691,-64.857384,-3.049507
4692,-64.859326,-3.048848
4693,-64.859383,-3.048671
4694,-64.859437,-3.04857
4695,-64.859385,-3.048629
4696,-64.859399,-3.048673
4697,-64.859408,-3.048706
4698,-64.859371,-3.048653
4699,-64.863792,-3.047016
4700,-64.86369,-3.047237
4701,-64.863664,-3.047255
4702,-64.862851,-3.056046
4703,-64.862817,-3.056025
4704,-64.862818,-3.05606
4705,-64.86288,-3.056039
4706,-64.862799,-3.056066
4707,-64.862921,-3.056052
4708,-64.862732,-3.055897
4709,-64.862937,-3.056006
4710,-64.860434,-3.05837
4711,-64.860329,-3.058417
4712,-64.860447,-3.058307
4713,-64.860347,-3.058401
4714,-64.8604,-3.058315
4715,-64.86027,-3.058368
4716,-64.860452,-3.05834
4717,-64.860153,-3.058368
4718,-64.860396,-3.058377
4719,-64.860477,-3.058396
4720,-64.860479,-3.058404
4721,-64.860485,-3.058432
4722,-64.860364,-3.058202
4723,-64.860481,-3.058262
4724,-64.862033,-3.057982
4725,-64.862085,-3.058047
4726,-64.862094,-3.058132
4727,-64.862059,-3.057993
4728,-64.862108,-3.057919
4729,-64.862105,-3.058013
4730,-64.862121,-3.058009
4731,-64.862111,-3.058042
4732,-64.862117,-3.057884
4733,-64.864501,-3.057272
4734,-64.864488,-3.057307
4735,-64.86443,-3.05725
4736,-64.864352,-3.057464
4737,-64.86424,-3.057281
4738,-64.864201,-3.057397
4739,-64.864485,-3.057206
4740,-64.864419,-3.057278
4741,-64.864383,-3.057316
4742,-64.864423,-3.057287
4743,-64.864452,-3.057169
4744,-64.864323,-3.057247
4745,-64.864196,-3.057188
4746,-64.864435,-3.057345
4747,-64.864279,-3.058324
4748,-64.864532,-3.059005
4749,-64.864439,-3.059007
4750,-64.864467,-3.059047
4751,-64.864556,-3.058982
4752,-64.864481,-3.059066
4753,-64.864469,-3.059103
4754,-64.859751,-3.063718
4755,-64.859743,-3.063876
4756,-64.859859,-3.063624
4757,-64.859657,-3.064193
4758,-64.859721,-3.063876
4759,-64.858371,-3.065192
4760,-64.858363,-3.065133
4761,-64.858403,-3.065212
4762,-64.858605,-3.065464
4763,-64.858598,-3.065391
4764,-64.858554,-3.065471
4765,-64.858624,-3.065369
4766,-64.858635,-3.065532
4767,-64.858603,-3.065348
4768,-64.858595,-3.06541
4769,-64.8579,-3.067301
4770,-64.857939,-3.067321
4771,-64.857895,-3.067351
4772,-64.857351,-3.067368
4773,-64.857369,-3.06746
4774,-64.857319,-3.067485
4775,-64.857329,-3.067382
4776,-64.857411,-3.067415
4777,-64.853069,-3.073075
4778,-64.852898,-3.073106
4779,-64.852921,-3.07307
4780,-64.852931,-3.073163
4781,-64.849586,-3.070128
4782,-64.848339,-3.069995
4783,-64.84839,-3.069962
4784,-64.848375,-3.06996
4785,-64.848252,-3.069965
4786,-64.848366,-3.070078
4787,-64.848467,-3.069943
4788,-64.848404,-3.069862
4789,-64.848331,-3.06998
4790,-64.848411,-3.069972
4791,-64.845167,-3.074781
4792,-64.841486,-3.078025
4793,-64.841577,-3.07823
4794,-64.852933,-3.075882
4795,-64.852601,-3.075802
4796,-64.853618,-3.075082
4797,-64.853589,-3.07578
4798,-64.853706,-3.075798
4799,-64.850668,-3.078473
4800,-64.850694,-3.07847
4801,-64.85074,-3.078434
4802,-64.84599,-3.079863
4803,-64.846124,-3.079786
4804,-64.845959,-3.079828
4805,-64.845986,-3.079891
4806,-64.845949,-3.07995
4807,-64.845908,-3.079899
4808,-64.845927,-3.07988
4809,-64.846049,-3.079803
4810,-64.845871,-3.08002
4811,-64.845913,-3.079929
4812,-64.840365,-3.093331
4813,-64.840297,-3.093358
4814,-64.84034,-3.093341
4815,-64.84034,-3.093237
4816,-64.836785,-3.093105
4817,-64.836762,-3.092834
4818,-64.836654,-3.092821
4819,-64.836718,-3.092858
4820,-64.836819,-3.092794
4821,-64.836703,-3.092871
4822,-64.836711,-3.09297
4823,-64.836756,-3.092882
4824,-64.827067,-3.093843
4825,-64.828062,-3.091091
4826,-64.828206,-3.09108
4827,-64.828073,-3.09097
4828,-64.82809,-3.091004
4829,-64.832303,-3.09352
4830,-64.832126,-3.093499
4831,-64.832202,-3.093619
4832,-64.832365,-3.093559
4833,-64.832297,-3.093588
4834,-64.836212,-3.091419
4835,-64.836243,-3.091527
4836,-64.836158,-3.091519
4837,-64.836259,-3.091579
4838,-64.836209,-3.091531
4839,-64.836232,-3.091524
4840,-64.835056,-3.086483
4841,-64.835195,-3.086417
4842,-64.835117,-3.086447
4843,-64.835135,-3.086333
4844,-64.835073,-3.086447
4845,-64.835717,-3.086524
4846,-64.838526,-3.08911
4847,-64.833652,-3.082111
4848,-64.83355,-3.082079
4849,-64.833707,-3.082087
4850,-64.834385,-3.081801
4851,-64.834424,-3.081806
4852,-64.834332,-3.081761
4853,-64.83445,-3.081781
4854,-64.834432,-3.08167
4855,-64.834307,-3.081599
4856,-64.832465,-3.07984
4857,-64.832338,-3.079827
4858,-64.829548,-3.079432
4859,-64.829562,-3.079476
4860,-64.829577,-3.079489
4861,-64.828866,-3.078656
4862,-64.828978,-3.07863
4863,-64.829133,-3.078688
4864,-64.82906,-3.078626
4865,-64.829133,-3.078646
4866,-64.829108,-3.078658
4867,-64.829175,-3.078646
4868,-64.829068,-3.078668
4869,-64.824048,-3.080946
4870,-64.824094,-3.080929
4871,-64.823743,-3.081015
4872,-64.82399,-3.080965
4873,-64.824756,-3.080424
4874,-64.824096,-3.080806
4875,-64.823987,-3.081022
4876,-64.823998,-3.080862
4877,-64.824038,-3.080848
4878,-64.823993,-3.080986
4879,-64.824065,-3.080998
4880,-64.824134,-3.08094
4881,-64.82403,-3.08094
4882,-64.823998,-3.080888
4883,-64.820999,-3.078673
4884,-64.82088,-3.078645
4885,-64.821043,-3.078745
4886,-64.821214,-3.078871
4887,-64.820986,-3.078657
4888,-64.821077,-3.078732
4889,-64.821016,-3.078614
4890,-64.820515,-3.077823
4891,-64.820565,-3.073072
4892,-64.829582,-3.079516
4893,-64.828505,-3.08348
4894,-64.828479,-3.083377
4895,-64.828419,-3.08331
4896,-64.828509,-3.083355
4897,-64.828404,-3.083474
4898,-64.828442,-3.083338
4899,-64.82828,-3.083272
4900,-64.825413,-3.088791
4901,-64.824234,-3.088844
4902,-64.824209,-3.088844
4903,-64.822021,-3.088399
4904,-64.819933,-3.090011
4905,-64.819748,-3.089613
4906,-64.819744,-3.089801
4907,-64.819678,-3.089965
4908,-64.81992,-3.089414
4909,-64.819663,-3.089824
4910,-64.819744,-3.089757
4911,-64.820267,-3.086936
4912,-64.82121,-3.086594
4913,-64.821214,-3.086553
4914,-64.821156,-3.086594
4915,-64.821158,-3.086616
4916,-64.821131,-3.086585
4917,-64.821135,-3.086555
4918,-64.821087,-3.086596
4919,-64.821079,-3.086497
4920,-64.821177,-3.086534
4921,-64.821099,-3.086561
4922,-64.821243,-3.086535
4923,-64.821077,-3.084063
4924,-64.821702,-3.081629
4925,-64.821635,-3.081193
4926,-64.821495,-3.081675
4927,-64.82146,-3.081694
4928,-64.821348,-3.081647
4929,-64.821496,-3.081687
4930,-64.821425,-3.081708
4931,-64.821407,-3.081687
4932,-64.821416,-3.081647
4933,-64.821431,-3.081734
4934,-64.821489,-3.08171
4935,-64.821897,-3.08167
4936,-64.821655,-3.081523
4937,-64.817112,-3.080348
4938,-64.816886,-3.079451
4939,-64.817641,-3.081438
4940,-64.818562,-3.080873
4941,-64.818557,-3.080935
4942,-64.818582,-3.080877
4943,-64.818566,-3.080938
4944,-64.818611,-3.080942
4945,-64.818627,-3.080911
4946,-64.818351,-3.083946
4947,-64.818325,-3.083913
4948,-64.818351,-3.083944
4949,-64.81829,-3.084002
4950,-64.818414,-3.083955
4951,-64.818321,-3.083965
4952,-64.818322,-3.084018
4953,-64.818363,-3.084045
4954,-64.818375,-3.083965
4955,-64.818361,-3.08385
4956,-64.821503,-3.081599
4957,-64.827398,-3.079558
4958,-64.827572,-3.079492
4959,-64.82774,-3.07949
4960,-64.827712,-3.079444
4961,-64.83137,-3.075613
4962,-64.831354,-3.075516
4963,-64.83148,-3.075533
4964,-64.83146,-3.075475
4965,-64.831413,-3.075509
4966,-64.831336,-3.075541
4967,-64.8315,-3.075566
4968,-64.833942,-3.072291
4969,-64.833845,-3.072408
4970,-64.834479,-3.072658
4971,-64.838096,-3.073195
4972,-64.837765,-3.073053
4973,-64.838191,-3.073287
4974,-64.838086,-3.073221
4975,-64.838314,-3.07326
4976,-64.83802,-3.073136
4977,-64.838281,-3.073243
4978,-64.838061,-3.073135
4979,-64.839794,-3.080546
4980,-64.839799,-3.080586
4981,-64.839902,-3.080639
4982,-64.839883,-3.080598
4983,-64.835879,-3.083512
4984,-64.835778,-3.083621
4985,-64.835883,-3.08366
4986,-64.835851,-3.083666
4987,-64.835845,-3.083604
4988,-64.835817,-3.0836
4989,-64.835873,-3.083636
4990,-64.832565,-3.081905
4991,-64.832517,-3.081732
4992,-64.832068,-3.082339
4993,-64.831361,-3.082648
4994,-64.831326,-3.082641
4995,-64.831988,-3.083397
4996,-64.8319,-3.083449
4997,-64.831973,-3.083411
4998,-64.831977,-3.083439
4999,-64.83196,-3.083415
5000,-64.83194,-3.083404
5001,-64.832005,-3.083398
5002,-64.831922,-3.08347
5003,-64.831755,-3.077348
5004,-64.833344,-3.075618
5005,-64.833867,-3.072265
5006,-64.833891,-3.072377
5007,-64.833887,-3.071708
5008,-64.833827,-3.072304
5009,-64.8339,-3.07229
5010,-64.833903,-3.072279
5011,-64.833908,-3.072214
5012,-64.837995,-3.06369
5013,-64.837864,-3.063569
5014,-64.838891,-3.062174
5015,-64.839674,-3.061855
5016,-64.839766,-3.061904
5017,-64.839326,-3.062629
5018,-64.839503,-3.062779
5019,-64.839403,-3.062737
5020,-64.839237,-3.062701
5021,-64.83941,-3.062755
5022,-64.839271,-3.062773
5023,-64.840297,-3.063123
5024,-64.840239,-3.062974
5025,-64.840236,-3.06301
5026,-64.838824,-3.067936
5027,-64.838834,-3.067882
5028,-64.838834,-3.06791
5029,-64.838726,-3.067652
5030,-64.837426,-3.067999
5031,-64.837618,-3.068141
5032,-64.837614,-3.068207
5033,-64.837413,-3.068114
5034,-64.837434,-3.068112
5035,-64.837641,-3.067775
5036,-64.837406,-3.06811
5037,-64.837318,-3.067971
5038,-64.837406,-3.068009
5039,-64.837629,-3.06814
5040,-64.838864,-3.067519
5041,-64.839447,-3.068619
5042,-64.839383,-3.068671
5043,-64.839288,-3.068705
5044,-64.83939,-3.068623
5045,-64.839317,-3.068637
5046,-64.840218,-3.071527
5047,-64.840139,-3.071543
5048,-64.840039,-3.071563
5049,-64.840146,-3.071527
5050,-64.840087,-3.07153
5051,-64.840136,-3.071468
5052,-64.840066,-3.071607
5053,-64.840134,-3.071499
5054,-64.840052,-3.071649
5055,-64.840096,-3.071609
5056,-64.840043,-3.071559
5057,-64.840102,-3.071515
5058,-64.840071,-3.071737
5059,-64.840126,-3.071574
5060,-64.840033,-3.071585
5061,-64.839996,-3.071562
5062,-64.84012,-3.071571
5063,-64.840078,-3.071514
5064,-64.840049,-3.071456
5065,-64.840095,-3.071627
5066,-64.839859,-3.071837
5067,-64.840035,-3.07155
5068,-64.840063,-3.071604
5069,-64.84004,-3.071565
5070,-64.839971,-3.071528
5071,-64.84003,-3.071532
5072,-64.840154,-3.071636
5073,-64.840099,-3.071575
5074,-64.840011,-3.071475
5075,-64.840088,-3.071599
5076,-64.84009,-3.07162
5077,-64.84012,-3.071656
5078,-64.84005,-3.071524
5079,-64.839569,-3.070704
5080,-64.839686,-3.070769
5081,-64.839573,-3.070992
5082,-64.839621,-3.070538
5083,-64.839668,-3.070771
5084,-64.839527,-3.070817
5085,-64.839336,-3.070834
5086,-64.839601,-3.070784
5087,-64.839586,-3.070794
5088,-64.837626,-3.066935
5089,-64.837669,-3.066984
5090,-64.8378,-3.066915
5091,-64.837652,-3.066902
5092,-64.837786,-3.066899
5093,-64.837671,-3.066864
5094,-64.837487,-3.066825
5095,-64.837784,-3.066944
5096,-64.837931,-3.066773
5097,-64.837764,-3.066859
5098,-64.83761,-3.066874
5099,-64.837783,-3.066884
5100,-64.838109,-3.066615
5101,-64.838065,-3.066586
5102,-64.838081,-3.066525
5103,-64.838057,-3.066581
5104,-64.838237,-3.066464
5105,-64.838125,-3.066564
5106,-64.838166,-3.066601
5107,-64.838226,-3.062975
5108,-64.838194,-3.062991
5109,-64.838079,-3.062836
5110,-64.83573,-3.066404
5111,-64.835512,-3.066487
5112,-64.835408,-3.066567
5113,-64.835359,-3.066386
5114,-64.835458,-3.066634
5115,-64.835407,-3.066567
5116,-64.835692,-3.06676
5117,-64.835612,-3.066647
5118,-64.835476,-3.066596
5119,-64.835723,-3.066578
5120,-64.835577,-3.066566
5121,-64.835602,-3.066598
5122,-64.836005,-3.068834
5123,-64.835965,-3.068902
5124,-64.836075,-3.068762
5125,-64.836309,-3.06878
5126,-64.836264,-3.068812
5127,-64.836356,-3.068752
5128,-64.836261,-3.068708
5129,-64.836282,-3.068709
5130,-64.836178,-3.068756
5131,-64.836512,-3.069067
5132,-64.835486,-3.071439
5133,-64.835316,-3.07143
5134,-64.835469,-3.07146
5135,-64.835524,-3.071475
5136,-64.835432,-3.071412
5137,-64.835466,-3.071458
5138,-64.835476,-3.071405
5139,-64.839219,-3.073827
5140,-64.841777,-3.0762
5141,-64.841741,-3.076216
5142,-64.841744,-3.076186
5143,-64.842655,-3.074553
5144,-64.84273,-3.074516
5145,-64.84171,-3.071105
5146,-64.84075,-3.069246
5147,-64.840822,-3.069266
5148,-64.840894,-3.069301
5149,-64.840766,-3.069253
5150,-64.837984,-3.069086
5151,-64.837469,-3.068133
5152,-64.837366,-3.068035
5153,-64.837463,-3.068196
5154,-64.834756,-3.066171
5155,-64.835016,-3.066112
5156,-64.834941,-3.066123
5157,-64.83486,-3.066055
5158,-64.834922,-3.06602
5159,-64.834919,-3.066042
5160,-64.834894,-3.066113
5161,-64.834882,-3.06624
5162,-64.834523,-3.066748
5163,-64.834502,-3.066798
5164,-64.83446,-3.066852
5165,-64.831163,-3.071268
5166,-64.831051,-3.071201
5167,-64.831475,-3.072213
5168,-64.831389,-3.072187
5169,-64.831392,-3.072188
5170,-64.831886,-3.072083
5171,-64.8308,-3.07334
5172,-64.830932,-3.073324
5173,-64.830782,-3.073497
5174,-64.830889,-3.07336
5175,-64.829654,-3.075236
5176,-64.83149,-3.075512
5177,-64.83259,-3.077601
5178,-64.832605,-3.077765
5179,-64.83254,-3.077677
5180,-64.832831,-3.077803
5181,-64.832741,-3.077697
5182,-64.832625,-3.077576
5183,-64.8327,-3.077471
5184,-64.831651,-3.077359
5185,-64.831882,-3.077341
5186,-64.831782,-3.077312
5187,-64.832568,-3.079957
5188,-64.832454,-3.079845
5189,-64.832205,-3.07974
5190,-64.832468,-3.079897
5191,-64.832457,-3.07984
5192,-64.832477,-3.079851
5193,-64.8324,-3.079719
5194,-64.832526,-3.079824
5195,-64.847955,-3.080172
5196,-64.847946,-3.08004
5197,-64.847773,-3.080055
5198,-64.845652,-3.084445
5199,-64.841629,-3.087107
5200,-64.841397,-3.087033
5201,-64.841625,-3.087112
5202,-64.841549,-3.08711
5203,-64.841722,-3.087064
5204,-64.841747,-3.087017
5205,-64.841751,-3.087016
5206,-64.841829,-3.087045
5207,-64.84173,-3.087083
5208,-64.842699,-3.088894
5209,-64.84244,-3.08827
5210,-64.84264,-3.088864
5211,-64.844067,-3.089453
5212,-64.842658,-3.088867
5213,-64.842697,-3.088885
5214,-64.84258,-3.088879
5215,-64.842625,-3.088734
5216,-64.842599,-3.088928
5217,-64.842598,-3.088821
5218,-64.842301,-3.088283
5219,-64.842217,-3.088215
5220,-64.835629,-3.092861
5221,-64.832535,-3.091429
5222,-64.83253,-3.091537
5223,-64.832084,-3.089471
5224,-64.830965,-3.091048
5225,-64.830849,-3.091017
5226,-64.83088,-3.09101
5227,-64.830846,-3.09094
5228,-64.830879,-3.091001
5229,-64.830811,-3.09097
5230,-64.83081,-3.090841
5231,-64.830825,-3.09097
5232,-64.830885,-3.090967
5233,-64.830834,-3.091066
5234,-64.830733,-3.091006
5235,-64.830819,-3.090865
5236,-64.830829,-3.090939
5237,-64.830877,-3.090972
5238,-64.833125,-3.089595
5239,-64.833102,-3.089573
5240,-64.833105,-3.089509
5241,-64.83315,-3.089512
5242,-64.83325,-3.089508
5243,-64.839159,-3.089654
5244,-64.839596,-3.085926
5245,-64.839598,-3.083938
5246,-64.839533,-3.083826
5247,-64.839332,-3.084018
5248,-64.839514,-3.083835
5249,-64.838572,-3.082586
5250,-64.836697,-3.082042
5251,-64.839104,-3.079768
5252,-64.839124,-3.079723
5253,-64.839097,-3.079756
5254,-64.839306,-3.079516
5255,-64.839195,-3.079704
5256,-64.838854,-3.080145
5257,-64.838834,-3.080132
5258,-64.83884,-3.080127
5259,-64.838807,-3.080045
5260,-64.838827,-3.08011
5261,-64.838958,-3.080178
5262,-64.838797,-3.080235
5263,-64.838882,-3.080144
5264,-64.838866,-3.079998
5265,-64.838808,-3.080132
5266,-64.83887,-3.080214
5267,-64.838826,-3.080196
5268,-64.838852,-3.080109
5269,-64.838844,-3.080135
5270,-64.838936,-3.080204
5271,-64.838751,-3.080143
5272,-64.838834,-3.080109
5273,-64.838862,-3.080178
5274,-64.838882,-3.080064
5275,-64.841483,-3.077964
5276,-64.841539,-3.078043
5277,-64.841668,-3.078066
5278,-64.841732,-3.077949
5279,-64.841532,-3.07795
5280,-64.841584,-3.077982
5281,-64.841598,-3.077937
5282,-64.841591,-3.077992
5283,-64.843121,-3.078616
5284,-64.843111,-3.078688
5285,-64.849545,-3.078979
5286,-64.849587,-3.079055
5287,-64.849589,-3.079067
5288,-64.849542,-3.079028
5289,-64.84953,-3.079038
5290,-64.849599,-3.079045
5291,-64.849585,-3.079033
5292,-64.849619,-3.079052
5293,-64.849541,-3.079011
5294,-64.849767,-3.078977
5295,-64.85532,-3.081632
5296,-64.857888,-3.082109
5297,-64.867175,-3.08555
5298,-64.867229,-3.085666
5299,-64.867095,-3.085696
5300,-64.867158,-3.085664
5301,-64.86712,-3.085932
5302,-64.867374,-3.087033
5303,-64.867502,-3.087027
5304,-64.870839,-3.08622
5305,-64.87064,-3.086319
5306,-64.870815,-3.086157
5307,-64.87076,-3.086213
5308,-64.870738,-3.08621
5309,-64.870838,-3.08619
5310,-64.871539,-3.085865
5311,-64.87143,-3.085983
5312,-64.871457,-3.085844
5313,-64.871535,-3.085918
5314,-64.871308,-3.085929
5315,-64.871415,-3.085915
5316,-64.871566,-3.083909
5317,-64.87255,-3.084331
5318,-64.872654,-3.084346
5319,-64.872629,-3.084239
5320,-64.872814,-3.084288
5321,-64.873006,-3.084519
5322,-64.872928,-3.084429
5323,-64.872799,-3.084845
5324,-64.874679,-3.083043
5325,-64.87466,-3.083048
5326,-64.8747,-3.082977
5327,-64.874694,-3.08306
5328,-64.873731,-3.08244
5329,-64.873477,-3.082313
5330,-64.87351,-3.082359
5331,-64.873719,-3.082571
5332,-64.872913,-3.070165
5333,-64.872771,-3.069582
5334,-64.872752,-3.069564
5335,-64.872692,-3.06957
5336,-64.872742,-3.069592
5337,-64.871958,-3.070087
5338,-64.872786,-3.069603
5339,-64.873979,-3.066558
5340,-64.874051,-3.066445
5341,-64.885764,-3.062786
5342,-64.887135,-3.064407
5343,-64.887144,-3.06416
5344,-64.887037,-3.06398
5345,-64.880438,-3.060058
5346,-64.880377,-3.059829
5347,-64.880393,-3.060063
5348,-64.88038,-3.060044
5349,-64.880327,-3.060302
5350,-64.881722,-3.0582
5351,-64.885123,-3.058906
5352,-64.885074,-3.058845
5353,-64.885027,-3.058845
5354,-64.885027,-3.058962
5355,-64.885135,-3.058859
5356,-64.885021,-3.05895
5357,-64.885093,-3.058893
5358,-64.885115,-3.058857
5359,-64.88494,-3.058883
5360,-64.884417,-3.060006
5361,-64.884473,-3.059925
5362,-64.884238,-3.059968
5363,-64.884475,-3.059958
5364,-64.883607,-3.059062
5365,-64.887159,-3.059805
5366,-64.886997,-3.059808
5367,-64.887052,-3.059867
5368,-64.887076,-3.059861
5369,-64.887162,-3.05999
5370,-64.886888,-3.059815
5371,-64.887213,-3.059927
5372,-64.887163,-3.059855
5373,-64.887246,-3.059939
5374,-64.887127,-3.059846
5375,-64.887057,-3.059857
5376,-64.887152,-3.059819
5377,-64.887038,-3.060032
5378,-64.887072,-3.059835
5379,-64.887204,-3.059594
5380,-64.8873,-3.059893
5381,-64.887095,-3.059913
5382,-64.887168,-3.059874
5383,-64.879391,-3.064031
5384,-64.877503,-3.064387
5385,-64.879545,-3.069314
5386,-64.879275,-3.069431
5387,-64.884911,-3.066056
5388,-64.886355,-3.06439
5389,-64.886229,-3.06447
5390,-64.886361,-3.064455
5391,-64.886315,-3.064598
5392,-64.886351,-3.064431
5393,-64.886279,-3.0645
5394,-64.886346,-3.064395
5395,-64.886427,-3.064413
5396,-64.886444,-3.064368
5397,-64.886718,-3.063591
5398,-64.886681,-3.063667
5399,-64.874765,-3.062147
5400,-64.874501,-3.060416
5401,-64.874494,-3.060475
5402,-64.874419,-3.060479
5403,-64.874497,-3.060471
5404,-64.874309,-3.060513
5405,-64.874519,-3.060481
5406,-64.874433,-3.060439
5407,-64.874305,-3.060415
5408,-64.874504,-3.060485
5409,-64.874432,-3.06052
5410,-64.874403,-3.060409
5411,-64.874488,-3.060445
5412,-64.874399,-3.06066
5413,-64.874438,-3.060477
5414,-64.874441,-3.060567
5415,-64.874489,-3.060416
5416,-64.874536,-3.060546
5417,-64.874085,-3.060718
5418,-64.874497,-3.059903
5419,-64.874244,-3.059802
5420,-64.874291,-3.059819
5421,-64.874301,-3.059765
5422,-64.877094,-3.061353
5423,-64.876984,-3.061503
5424,-64.877222,-3.061264
5425,-64.877003,-3.061219
5426,-64.877068,-3.061222
5427,-64.877401,-3.06122
5428,-64.877613,-3.061625
5429,-64.877506,-3.061439
5430,-64.878907,-3.063069
5431,-64.878903,-3.062978
5432,-64.878597,-3.063045
5433,-64.87888,-3.063126
5434,-64.879861,-3.062906
5435,-64.879555,-3.063884
5436,-64.880077,-3.063727
5437,-64.880816,-3.070797
5438,-64.880725,-3.070776
5439,-64.880946,-3.070873
5440,-64.88083,-3.070685
5441,-64.880791,-3.07162
5442,-64.881165,-3.07153
5443,-64.876861,-3.0822
5444,-64.876577,-3.082266
5445,-64.879218,-3.087204
5446,-64.879338,-3.087147
5447,-64.878493,-3.088175
5448,-64.879132,-3.086977
5449,-64.879163,-3.086973
5450,-64.8791,-3.087194
5451,-64.878641,-3.086467
5452,-64.878548,-3.081588
5453,-64.880838,-3.07376
5454,-64.880733,-3.073715
5455,-64.880113,-3.078785
5456,-64.877877,-3.07789
5457,-64.877614,-3.077912
5458,-64.877933,-3.077832
5459,-64.877844,-3.0778
5460,-64.878004,-3.077696
5461,-64.877708,-3.077885
5462,-64.877423,-3.075589
5463,-64.879902,-3.074465
5464,-64.885997,-3.069828
5465,-64.885903,-3.070376
5466,-64.885913,-3.070953
5467,-64.886128,-3.070987
5468,-64.886024,-3.070873
5469,-64.88922,-3.073132
5470,-64.889301,-3.073209
5471,-64.889184,-3.073299
5472,-64.889188,-3.073264
5473,-64.888803,-3.073318
5474,-64.88929,-3.073215
5475,-64.889952,-3.073652
5476,-64.889513,-3.073317
5477,-64.891531,-3.069146
5478,-64.891496,-3.069041
5479,-64.891486,-3.069055
5480,-64.89154,-3.069084
5481,-64.891545,-3.069031
5482,-64.891534,-3.069085
5483,-64.891497,-3.069085
5484,-64.891553,-3.069042
5485,-64.891536,-3.069088
5486,-64.891645,-3.069101
5487,-64.888682,-3.06687
5488,-64.888685,-3.066979
5489,-64.888625,-3.066881
5490,-64.888616,-3.066796
5491,-64.888595,-3.06685
5492,-64.889738,-3.068939
5493,-64.889702,-3.068712
5494,-64.891131,-3.068442
5495,-64.899846,-3.066416
5496,-64.903668,-3.06528
5497,-64.903593,-3.065301
5498,-64.903585,-3.065271
5499,-64.903662,-3.065406
5500,-64.90204,-3.065854
5501,-64.901931,-3.065796
5502,-64.90212,-3.065909
5503,-64.90211,-3.065875
5504,-64.898609,-3.077358
5505,-64.899249,-3.076322
5506,-64.89797,-3.077756
5507,-64.898752,-3.077083
5508,-64.900665,-3.07458
5509,-64.897732,-3.079277
5510,-64.897832,-3.079385
5511,-64.898737,-3.077124
5512,-64.898628,-3.077338
5513,-64.893584,-3.079287
5514,-64.893463,-3.079391
5515,-64.893382,-3.079167
5516,-64.89344,-3.079125
5517,-64.893034,-3.079619
5518,-64.890836,-3.089299
5519,-64.890909,-3.089615
5520,-64.890778,-3.089807
5521,-64.891412,-3.086768
5522,-64.891916,-3.084231
5523,-64.891981,-3.08397
5524,-64.892201,-3.08401
5525,-64.892384,-3.082595
5526,-64.891343,-3.086743
5527,-64.891327,-3.086569
5528,-64.891317,-3.086691
5529,-64.891285,-3.086759
5530,-64.89133,-3.086656
5531,-64.891324,-3.08678
5532,-64.887918,-3.083539
5533,-64.888313,-3.079892
5534,-64.888237,-3.079903
5535,-64.888286,-3.079869
5536,-64.877548,-3.081116
5537,-64.877815,-3.084557
5538,-64.877798,-3.084599
5539,-64.877829,-3.084438
5540,-64.877773,-3.084403
5541,-64.877503,-3.084844
5542,-64.875623,-3.08408
5543,-64.868278,-3.072868
5544,-64.873328,-3.07426
5545,-64.869122,-3.072042
5546,-64.86855,-3.072563
5547,-64.869423,-3.07152
5548,-64.86956,-3.07142
5549,-64.869385,-3.071256
5550,-64.86957,-3.071262
5551,-64.870047,-3.06655
5552,-64.86436,-3.068958
5553,-64.863159,-3.07029
5554,-64.86313,-3.070262
5555,-64.863018,-3.074075
5556,-64.862822,-3.074131
5557,-64.862935,-3.074165
5558,-64.862771,-3.074248
5559,-64.863211,-3.072751
5560,-64.863109,-3.072736
5561,-64.864544,-3.071537
5562,-64.868111,-3.075718
5563,-64.870537,-3.07847
5564,-64.870138,-3.078328
5565,-64.875616,-3.086601
5566,-64.873648,-3.08772
5567,-64.873283,-3.08795
5568,-64.873077,-3.087282
5569,-64.869112,-3.086456
5570,-64.857055,-3.087801
5571,-64.844319,-3.096082
5572,-64.846504,-3.100152
5573,-64.855772,-3.099331
5574,-64.867319,-3.091444
5575,-64.867234,-3.091389
5576,-64.86737,-3.091371
5577,-64.866637,-3.092357
5578,-64.862217,-3.08715
5579,-64.864677,-3.083322
5580,-64.859783,-3.076008
5581,-64.85965,-3.07599
5582,-64.858489,-3.075682
5583,-64.859386,-3.073834
5584,-64.859133,-3.073444
5585,-64.859672,-3.068665
5586,-64.860717,-3.067119
5587,-64.860431,-3.067137
5588,-64.860615,-3.067154
5589,-64.860934,-3.067394
5590,-64.860433,-3.067439
5591,-64.860523,-3.067366
5592,-64.860482,-3.067214
5593,-64.860801,-3.067179
5594,-64.860473,-3.067284
5595,-64.860509,-3.067315
5596,-64.860566,-3.067154
5597,-64.864661,-3.06615
5598,-64.865498,-3.06632
5599,-64.865015,-3.066313
5600,-64.864823,-3.066221
5601,-64.865301,-3.066461
5602,-64.865484,-3.066453
5603,-64.869359,-3.065171
5604,-64.880129,-3.063436
5605,-64.882543,-3.06813
5606,-64.881067,-3.070757
5607,-64.879331,-3.06787
5608,-64.879109,-3.067833
5609,-64.886719,-3.063587
5610,-64.886759,-3.063665
5611,-64.886672,-3.063738
5612,-64.881786,-3.063409
5613,-64.870656,-3.070537
5614,-64.867739,-3.075293
5615,-64.867629,-3.073458
5616,-64.871623,-3.066718
5617,-64.880478,-3.063735
5618,-64.880061,-3.063626
5619,-64.880381,-3.063727
5620,-64.880375,-3.06373
5621,-64.881499,-3.064208
5622,-64.882632,-3.063479
5623,-64.882801,-3.063496
5624,-64.880776,-3.07921
5625,-64.880345,-3.079488
5626,-64.880189,-3.079251
5627,-64.87999,-3.079152
5628,-64.880392,-3.085652
5629,-64.873041,-3.075045
5630,-64.872957,-3.074985
5631,-64.873046,-3.075143
5632,-64.880192,-3.067591
5633,-64.881105,-3.066363
5634,-64.881052,-3.066547
5635,-64.881007,-3.066484
5636,-64.880925,-3.06657
5637,-64.884677,-3.063507
5638,-64.883769,-3.060334
5639,-64.883809,-3.060329
5640,-64.883768,-3.060261
5641,-64.883719,-3.060232
5642,-64.884348,-3.063018
5643,-64.884324,-3.063054
5644,-64.884141,-3.063078
5645,-64.884405,-3.063044
5646,-64.881127,-3.065684
5647,-64.881022,-3.065596
5648,-64.881929,-3.066904
5649,-64.88416,-3.067696
5650,-64.88413,-3.067579
5651,-64.884124,-3.067613
5652,-64.887478,-3.065278
5653,-64.887853,-3.065128
5654,-64.887519,-3.065165
5655,-64.887592,-3.065204
5656,-64.887676,-3.065208
5657,-64.883646,-3.065249
5658,-64.882062,-3.065339
5659,-64.883907,-3.065365
5660,-64.883842,-3.06533
5661,-64.885952,-3.064888
5662,-64.885949,-3.064951
5663,-64.884641,-3.06724
5664,-64.884514,-3.067338
5665,-64.884465,-3.067223
5666,-64.884639,-3.067244
5667,-64.884517,-3.067373
5668,-64.884327,-3.067264
5669,-64.884309,-3.067322
5670,-64.884327,-3.067255
5671,-64.884413,-3.067099
5672,-64.883514,-3.067857
5673,-64.878849,-3.082213
5674,-64.879002,-3.082304
5675,-64.878892,-3.082264
5676,-64.878446,-3.082734
5677,-64.880114,-3.087691
5678,-64.880224,-3.087962
5679,-64.870704,-3.078697
5680,-64.870526,-3.078783
5681,-64.870822,-3.078577
5682,-64.870609,-3.078762
5683,-64.870454,-3.078878
5684,-64.86829,-3.072097
5685,-64.86727,-3.069845
5686,-64.860988,-3.07797
5687,-64.857344,-3.075966
5688,-64.85554,-3.075412
5689,-64.859122,-3.060684
5690,-64.859128,-3.060617
5691,-64.859175,-3.060634
5692,-64.858616,-3.061041
5693,-64.855681,-3.053327
5694,-64.852583,-3.055233
5695,-64.85265,-3.055156
5696,-64.852548,-3.055379
5697,-64.852466,-3.055214
5698,-64.8506,-3.053559
5699,-64.850649,-3.053577
5700,-64.850784,-3.053411
5701,-64.850863,-3.053542
5702,-64.859769,-3.050212
5703,-64.858275,-3.057539
5704,-64.851065,-3.059608
5705,-64.852145,-3.057306
5706,-64.85126,-3.056243
5707,-64.851321,-3.05631
5708,-64.850937,-3.058351
5709,-64.852269,-3.051977
5710,-64.851253,-3.055064
5711,-64.851448,-3.055221
5712,-64.851139,-3.054774
5713,-64.851157,-3.054787
5714,-64.851275,-3.055141
5715,-64.851438,-3.055214
5716,-64.851173,-3.055276
5717,-64.851255,-3.055256
5718,-64.851307,-3.055077
5719,-64.851004,-3.05486
5720,-64.851156,-3.054843
5721,-64.850974,-3.054759
5722,-64.850982,-3.054782
5723,-64.851037,-3.05476
5724,-64.851232,-3.055161
5725,-64.851342,-3.055078
5726,-64.851355,-3.055041
5727,-64.851382,-3.05513
5728,-64.851501,-3.054875
5729,-64.851282,-3.055121
5730,-64.852702,-3.051895
5731,-64.852645,-3.051804
5732,-64.851147,-3.054798
5733,-64.851271,-3.054951
5734,-64.851351,-3.055138
5735,-64.85122,-3.054774
5736,-64.852126,-3.056636
5737,-64.85212,-3.056733
5738,-64.852101,-3.056726
5739,-64.854468,-3.061971
5740,-64.852105,-3.066439
5741,-64.847548,-3.065496
5742,-64.844536,-3.064408
5743,-64.844652,-3.064298
5744,-64.844511,-3.064004
5745,-64.844713,-3.064006
5746,-64.847025,-3.06529
5747,-64.857291,-3.061784
5748,-64.85728,-3.061819
5749,-64.857209,-3.061965
5750,-64.857214,-3.060095
5751,-64.855157,-3.058567
5752,-64.859384,-3.051847
5753,-64.859395,-3.051793
5754,-64.857861,-3.046416
5755,-64.857925,-3.046415
5756,-64.857827,-3.046229
5757,-64.858308,-3.046489
5758,-64.875862,-3.039561
5759,-64.864625,-3.043889
5760,-64.866667,-3.048111
5761,-64.867347,-3.060752
5762,-64.867423,-3.060557
5763,-64.867368,-3.06087
5764,-64.858511,-3.055057
5765,-64.858521,-3.055092
5766,-64.857717,-3.051988
5767,-64.854126,-3.051562
5768,-64.853742,-3.054093
5769,-64.853728,-3.054012
5770,-64.85377,-3.054182
5771,-64.853753,-3.054068
5772,-64.853777,-3.066571
5773,-64.850479,-3.067291
5774,-64.852455,-3.073309
5775,-64.843574,-3.072218
5776,-64.843664,-3.07238
5777,-64.84361,-3.072578
5778,-64.842713,-3.072789
5779,-64.843819,-3.076699
5780,-64.843649,-3.077056
5781,-64.84424,-3.075938
5782,-64.845343,-3.075074
5783,-64.850539,-3.07512
5784,-64.847716,-3.065542
5785,-64.835361,-3.060256
5786,-64.835075,-3.061645
5787,-64.835521,-3.061147
5788,-64.835558,-3.061708
5789,-64.837206,-3.061599
5790,-64.837347,-3.061683
5791,-64.837154,-3.061678
5792,-64.83637,-3.06173
5793,-64.83614,-3.062676
5794,-64.837215,-3.068396
5795,-64.843547,-3.069364
5796,-64.839541,-3.065271
5797,-64.84238,-3.060463
5798,-64.840854,-3.060128
5799,-64.840731,-3.059676
5800,-64.839488,-3.058125
5801,-64.839541,-3.057996
5802,-64.839622,-3.065213
5803,-64.840569,-3.05771
5804,-64.840553,-3.057622
5805,-64.840599,-3.057635
5806,-64.840679,-3.057539
5807,-64.840408,-3.057701
5808,-64.840815,-3.057569
5809,-64.840858,-3.057684
5810,-64.849278,-3.06667
5811,-64.852234,-3.072264
5812,-64.857951,-3.078131
5813,-64.857783,-3.078037
5814,-64.857815,-3.07805
5815,-64.857974,-3.078132
5816,-64.858131,-3.078042
5817,-64.858122,-3.079404
5818,-64.864077,-3.090845
5819,-64.860152,-3.089273
5820,-64.860003,-3.089363
5821,-64.860163,-3.08954
5822,-64.861464,-3.090854
5823,-64.873284,-3.093989
5824,-64.87299,-3.093765
5825,-64.87301,-3.093229
5826,-64.873155,-3.093763
5827,-64.869821,-3.093539
5828,-64.86683,-3.091518
5829,-64.866769,-3.091417
5830,-64.86653,-3.091135
5831,-64.854904,-3.084877
5832,-64.850085,-3.082683
5833,-64.847833,-3.079378
5834,-64.847961,-3.079336
5835,-64.850232,-3.079347
5836,-64.85174,-3.07833
5837,-64.851662,-3.078219
5838,-64.845486,-3.071814
5839,-64.832406,-3.064789
5840,-64.832253,-3.064957
5841,-64.832156,-3.065063
5842,-64.832382,-3.064821
5843,-64.832402,-3.064939
5844,-64.832372,-3.06495
5845,-64.832437,-3.064972
5846,-64.832346,-3.06489
5847,-64.832331,-3.065055
5848,-64.832264,-3.065127
5849,-64.832213,-3.065022
5850,-64.832185,-3.065034
5851,-64.832162,-3.065031
5852,-64.832341,-3.065087
5853,-64.832443,-3.065081
5854,-64.832246,-3.06511
5855,-64.832344,-3.065104
5856,-64.832438,-3.065054
5857,-64.832313,-3.065039
5858,-64.832421,-3.064945
5859,-64.832327,-3.064978
5860,-64.832296,-3.064893
5861,-64.832211,-3.06503
5862,-64.832218,-3.06509
5863,-64.832061,-3.065036
5864,-64.832432,-3.064995
5865,-64.83191,-3.065005
5866,-64.832266,-3.065065
5867,-64.832226,-3.065312
5868,-64.834072,-3.064842
5869,-64.835895,-3.063274
5870,-64.835876,-3.063407
5871,-64.836034,-3.063323
5872,-64.835481,-3.063075
5873,-64.8353,-3.063139
5874,-64.83535,-3.063082
5875,-64.834993,-3.065065
5876,-64.833853,-3.065651
5877,-64.831887,-3.066276
5878,-64.826826,-3.069079
5879,-64.82482,-3.070841
5880,-64.82496,-3.070393
5881,-64.823557,-3.069992
5882,-64.823687,-3.070013
5883,-64.832111,-3.064807
5884,-64.832571,-3.064159
5885,-64.836256,-3.061465
5886,-64.837684,-3.061857
5887,-64.837661,-3.062085
5888,-64.837858,-3.062011
5889,-64.838137,-3.06114
5890,-64.844695,-3.064844
5891,-64.840439,-3.063955
5892,-64.838646,-3.064743
5893,-64.839635,-3.072684
5894,-64.840977,-3.072091
5895,-64.840979,-3.072149
5896,-64.840989,-3.072049
5897,-64.841203,-3.07213
5898,-64.840864,-3.072244
5899,-64.841388,-3.074444
5900,-64.842078,-3.075165
5901,-64.841667,-3.075341
5902,-64.841843,-3.075261
5903,-64.841864,-3.075303
5904,-64.841905,-3.0753
5905,-64.841744,-3.075293
5906,-64.841669,-3.075291
5907,-64.842042,-3.075131
5908,-64.841934,-3.079215
5909,-64.84203,-3.079232
5910,-64.84223,-3.07884
5911,-64.842215,-3.079164
5912,-64.842076,-3.079191
5913,-64.842776,-3.087302
5914,-64.845944,-3.09547
5915,-64.842878,-3.100434
5916,-64.842827,-3.100517
5917,-64.834227,-3.107002
5918,-64.834327,-3.099403
5919,-64.836148,-3.099252
5920,-64.836363,-3.099332
5921,-64.836564,-3.099259
5922,-64.836287,-3.099224
5923,-64.835964,-3.098365
5924,-64.836717,-3.093023
5925,-64.843056,-3.085359
5926,-64.8602,-3.062695
5927,-64.859242,-3.061879
5928,-64.859302,-3.061736
5929,-64.858712,-3.061892
5930,-64.860987,-3.055474
5931,-64.860956,-3.055533
5932,-64.86352,-3.057577
5933,-64.864306,-3.059289
5934,-64.860716,-3.064301
5935,-64.852048,-3.058781
5936,-64.852154,-3.057134
5937,-64.858642,-3.052347
5938,-64.859147,-3.051916
5939,-64.859261,-3.051734
5940,-64.859174,-3.051884
5941,-64.863701,-3.048019
5942,-64.866946,-3.046669
5943,-64.878198,-3.043868
5944,-64.876455,-3.034787
5945,-64.873197,-3.038266
5946,-64.867517,-3.047084
5947,-64.867045,-3.051007
5948,-64.867324,-3.051105
5949,-64.871905,-3.049733
5950,-64.875502,-3.048877
5951,-64.870328,-3.045746
5952,-64.871129,-3.044966
5953,-64.871142,-3.045108
5954,-64.871165,-3.044969
5955,-64.871208,-3.044984
5956,-64.870875,-3.044918
5957,-64.871055,-3.044878
5958,-64.871011,-3.044929
5959,-64.866709,-3.046521
5960,-64.871058,-3.04487
5961,-64.873075,-3.045037
5962,-64.870118,-3.042565
5963,-64.870054,-3.042513
5964,-64.872849,-3.042218
5965,-64.872858,-3.042324
5966,-64.872909,-3.04222
5967,-64.873512,-3.041946
5968,-64.875634,-3.043951
5969,-64.875689,-3.043916
5970,-64.875674,-3.043849
5971,-64.873886,-3.042397
5972,-64.875704,-3.043646
5973,-64.875685,-3.043593
5974,-64.875698,-3.043608
5975,-64.875677,-3.043587
5976,-64.875715,-3.043621
5977,-64.875779,-3.043662
5978,-64.875766,-3.043593
5979,-64.875781,-3.043728
5980,-64.875692,-3.043579
5981,-64.875816,-3.043668
5982,-64.87507,-3.043163
5983,-64.875801,-3.043634
5984,-64.875706,-3.043673
5985,-64.875675,-3.043689
5986,-64.875649,-3.043628
5987,-64.875163,-3.043185
5988,-64.875204,-3.043244
5989,-64.87695,-3.042872
5990,-64.875663,-3.044086
5991,-64.875049,-3.043154
5992,-64.874762,-3.041105
5993,-64.874388,-3.041061
5994,-64.874734,-3.041088
5995,-64.874686,-3.041093
5996,-64.874632,-3.041047
5997,-64.874507,-3.040628
5998,-64.881608,-3.04322
5999,-64.882849,-3.046137
6000,-64.889049,-3.055576
6001,-64.888392,-3.0569
6002,-64.888642,-3.056924
6003,-64.888493,-3.056904
6004,-64.889144,-3.057209
6005,-64.893729,-3.053097
6006,-64.907721,-3.042762
6007,-64.907832,-3.042845
6008,-64.907858,-3.04269
6009,-64.907857,-3.042798
6010,-64.907698,-3.042811
6011,-64.906835,-3.03644
6012,-64.904209,-3.035372
6013,-64.903517,-3.034822
6014,-64.896025,-3.036268
6015,-64.895304,-3.029968
6016,-64.892329,-3.031806
6017,-64.891533,-3.032445
6018,-64.893791,-3.034121
6019,-64.893817,-3.036742
6020,-64.894406,-3.036931
6021,-64.894299,-3.037002
6022,-64.896556,-3.034946
6023,-64.892805,-3.043277
6024,-64.892675,-3.043273
6025,-64.892686,-3.043253
6026,-64.89156,-3.046138
6027,-64.891648,-3.046175
6028,-64.887262,-3.046938
6029,-64.882654,-3.050303
6030,-64.877234,-3.050764
6031,-64.877279,-3.050833
6032,-64.873478,-3.049142
6033,-64.87088,-3.048988
6034,-64.872198,-3.047113
6035,-64.872043,-3.04719
6036,-64.872019,-3.047234
6037,-64.87213,-3.047288
6038,-64.872032,-3.047258
6039,-64.871996,-3.047285
6040,-64.872045,-3.047265
6041,-64.871731,-3.047322
6042,-64.871721,-3.047376
6043,-64.871751,-3.047283
6044,-64.871739,-3.047323
6045,-64.872015,-3.047275
6046,-64.871895,-3.046855
6047,-64.871969,-3.047178
6048,-64.872058,-3.047165
6049,-64.872035,-3.04729
6050,-64.872185,-3.047157
6051,-64.872153,-3.047157
6052,-64.871747,-3.047353
6053,-64.872027,-3.047285
6054,-64.871691,-3.047294
6055,-64.871712,-3.047629
6056,-64.871709,-3.047697
6057,-64.871685,-3.047682
6058,-64.871804,-3.047362
6059,-64.872018,-3.047247
6060,-64.867748,-3.044076
6061,-64.86715,-3.044538
6062,-64.867103,-3.044565
6063,-64.867217,-3.044628
6064,-64.867259,-3.04468
6065,-64.867196,-3.044586
6066,-64.86743,-3.044695
6067,-64.867626,-3.044479
6068,-64.867114,-3.044251
6069,-64.866615,-3.043976
6070,-64.859591,-3.051501
6071,-64.858584,-3.054303
6072,-64.861632,-3.0586
6073,-64.864252,-3.057802
6074,-64.864353,-3.057873
6075,-64.864421,-3.0579
6076,-64.864389,-3.057906
6077,-64.867325,-3.057296
6078,-64.870587,-3.058916
6079,-64.870241,-3.058321
6080,-64.870197,-3.058093
6081,-64.872185,-3.050939
6082,-64.872155,-3.050879
6083,-64.872125,-3.050917
6084,-64.872086,-3.051093
6085,-64.872107,-3.050997
6086,-64.871641,-3.05077
6087,-64.871398,-3.05059
6088,-64.870367,-3.050837
6089,-64.87081,-3.052649
6090,-64.875308,-3.053173
6091,-64.875806,-3.052864
6092,-64.876295,-3.052393
6093,-64.87631,-3.052715
6094,-64.877728,-3.052922
6095,-64.877732,-3.052881
6096,-64.878155,-3.052714
6097,-64.878068,-3.052591
6098,-64.87825,-3.050195
6099,-64.87305,-3.046381
6100,-64.872953,-3.046518
6101,-64.872966,-3.046512
6102,-64.873024,-3.046424
6103,-64.873046,-3.046356
6104,-64.872934,-3.046546
6105,-64.873008,-3.046504
6106,-64.873025,-3.046444
6107,-64.872995,-3.046528
6108,-64.872934,-3.046615
6109,-64.873036,-3.046598
6110,-64.872991,-3.046688
6111,-64.873057,-3.046616
6112,-64.873078,-3.046364
6113,-64.873043,-3.046333
6114,-64.87314,-3.046582
6115,-64.873156,-3.046557
6116,-64.87316,-3.0466
6117,-64.872901,-3.04669
6118,-64.872995,-3.046423
6119,-64.872965,-3.046579
6120,-64.87295,-3.046658
6121,-64.872882,-3.046676
6122,-64.87309,-3.046695
6123,-64.873302,-3.046443
6124,-64.873084,-3.046576
6125,-64.87309,-3.046394
6126,-64.873153,-3.046558
6127,-64.873084,-3.046595
6128,-64.873141,-3.046804
6129,-64.873162,-3.046593
6130,-64.873171,-3.046589
6131,-64.873216,-3.046586
6132,-64.873005,-3.04661
6133,-64.877522,-3.049925
6134,-64.877401,-3.049642
6135,-64.877347,-3.049681
6136,-64.877391,-3.04962
6137,-64.877424,-3.049785
6138,-64.879148,-3.050921
6139,-64.881649,-3.050953
6140,-64.881662,-3.050894
6141,-64.881614,-3.050938
6142,-64.881572,-3.051227
6143,-64.88132,-3.050723
6144,-64.881245,-3.05063
6145,-64.881634,-3.050937
6146,-64.881741,-3.050888
6147,-64.881787,-3.051125
6148,-64.881558,-3.050942
6149,-64.881739,-3.051149
6150,-64.881734,-3.051185
6151,-64.881614,-3.050915
6152,-64.881516,-3.050821
6153,-64.881642,-3.051006
6154,-64.881642,-3.051176
6155,-64.881557,-3.051122
6156,-64.88179,-3.051139
6157,-64.881663,-3.051191
6158,-64.881587,-3.051192
6159,-64.882833,-3.053348
6160,-64.883393,-3.054164
6161,-64.883169,-3.054042
6162,-64.883388,-3.054042
6163,-64.883189,-3.054074
6164,-64.883298,-3.054009
6165,-64.883367,-3.053874
6166,-64.883346,-3.053994
6167,-64.883485,-3.054089
6168,-64.883359,-3.054064
6169,-64.883339,-3.054214
6170,-64.887712,-3.053892
6171,-64.896898,-3.050595
6172,-64.897019,-3.050563
6173,-64.896936,-3.050685
6174,-64.896922,-3.05031
6175,-64.89549,-3.05047
6176,-64.892542,-3.052654
6177,-64.892552,-3.052778
6178,-64.893079,-3.051902
6179,-64.892141,-3.053965
6180,-64.892197,-3.053994
6181,-64.892196,-3.053924
6182,-64.892838,-3.053848
6183,-64.892309,-3.053905
6184,-64.893085,-3.054497
6185,-64.909056,-3.047466
6186,-64.910172,-3.047301
6187,-64.910141,-3.047339
6188,-64.904489,-3.053557
6189,-64.904533,-3.053419
6190,-64.904539,-3.05339
6191,-64.900649,-3.051794
6192,-64.900753,-3.048942
6193,-64.90079,-3.049003
6194,-64.900809,-3.049023
6195,-64.900804,-3.048988
6196,-64.900857,-3.049059
6197,-64.900798,-3.048987
6198,-64.900807,-3.048999
6199,-64.900888,-3.048968
6200,-64.90077,-3.048921
6201,-64.903098,-3.046195
6202,-64.897166,-3.043169
6203,-64.895161,-3.043505
6204,-64.895212,-3.043457
6205,-64.895183,-3.043464
6206,-64.89525,-3.043444
6207,-64.89551,-3.043323
6208,-64.883459,-3.042917
6209,-64.880369,-3.051254
6210,-64.879436,-3.049959
6211,-64.877888,-3.049716
6212,-64.877971,-3.050368
6213,-64.877953,-3.050309
6214,-64.87789,-3.050308
6215,-64.877541,-3.049212
6216,-64.87761,-3.049558
6217,-64.877574,-3.050207
6218,-64.877724,-3.050295
6219,-64.877895,-3.050228
6220,-64.877547,-3.050149
6221,-64.877968,-3.050185
6222,-64.878005,-3.050078
6223,-64.877175,-3.050649
6224,-64.87691,-3.052282
6225,-64.875345,-3.052324
6226,-64.874898,-3.052334
6227,-64.874821,-3.052251
6228,-64.874796,-3.052285
6229,-64.874807,-3.052303
6230,-64.874809,-3.052266
6231,-64.874852,-3.052233
6232,-64.874825,-3.052253
6233,-64.874834,-3.052228
6234,-64.874906,-3.052229
6235,-64.874859,-3.052216
6236,-64.874123,-3.051755
6237,-64.8726,-3.046139
6238,-64.876448,-3.05419
6239,-64.875623,-3.054984
6240,-64.875945,-3.056001
6241,-64.875984,-3.055929
6242,-64.876351,-3.056191
6243,-64.876617,-3.0562
6244,-64.87646,-3.056245
6245,-64.87631,-3.056037
6246,-64.874814,-3.052757
6247,-64.879378,-3.054466
6248,-64.879445,-3.054215
6249,-64.879514,-3.054216
6250,-64.879433,-3.05426
6251,-64.879064,-3.055241
6252,-64.879008,-3.055241
6253,-64.879069,-3.055204
6254,-64.879109,-3.054662
6255,-64.879538,-3.05423
6256,-64.87954,-3.054209
6257,-64.879438,-3.054128
6258,-64.879455,-3.05423
6259,-64.883285,-3.053309
6260,-64.883201,-3.053467
6261,-64.883348,-3.053309
6262,-64.883334,-3.053288
6263,-64.875422,-3.05472
6264,-64.8731,-3.055356
6265,-64.875586,-3.059817
6266,-64.868993,-3.059351
6267,-64.868549,-3.054653
6268,-64.868586,-3.054869
6269,-64.868584,-3.05476
6270,-64.86853,-3.05479
6271,-64.872614,-3.05057
6272,-64.870969,-3.048931
6273,-64.872379,-3.044255
6274,-64.87699,-3.044392
6275,-64.884568,-3.039819
6276,-64.884281,-3.039785
6277,-64.88449,-3.039849
6278,-64.884389,-3.039876
6279,-64.884704,-3.039791
6280,-64.884493,-3.039839
6281,-64.884584,-3.039806
6282,-64.884414,-3.039899
6283,-64.88447,-3.039793
6284,-64.873086,-3.044106
6285,-64.871237,-3.041482
6286,-64.871244,-3.041417
6287,-64.87127,-3.041567
6288,-64.870943,-3.041874
6289,-64.868545,-3.040442
6290,-64.870661,-3.033926
6291,-64.882793,-3.029262
6292,-64.882786,-3.029325
6293,-64.882747,-3.029302
6294,-64.882739,-3.029417
6295,-64.875792,-3.033341
6296,-64.876316,-3.040271
6297,-64.878278,-3.040906
6298,-64.878267,-3.041007
6299,-64.896087,-3.035404
6300,-64.891659,-3.03276
6301,-64.891264,-3.03357
6302,-64.891102,-3.033268
6303,-64.891131,-3.032957
6304,-64.890957,-3.032908
6305,-64.888157,-3.036721
6306,-64.888247,-3.036713
6307,-64.888363,-3.036782
6308,-64.888345,-3.036775
6309,-64.888379,-3.036737
6310,-64.888237,-3.036927
6311,-64.888369,-3.036746
6312,-64.883896,-3.036181
6313,-64.887737,-3.035412
6314,-64.886614,-3.037043
6315,-64.88661,-3.039276
6316,-64.886706,-3.039163
6317,-64.886576,-3.039204
6318,-64.886674,-3.039122
6319,-64.886685,-3.039239
6320,-64.886453,-3.039275
6321,-64.886405,-3.038992
6322,-64.886646,-3.042151
6323,-64.883854,-3.043089
6324,-64.883375,-3.043398
6325,-64.885446,-3.048228
6326,-64.888802,-3.048574
6327,-64.888848,-3.048521
6328,-64.888825,-3.048623
6329,-64.888714,-3.048591
6330,-64.888925,-3.048601
6331,-64.892763,-3.047212
6332,-64.895846,-3.040476
6333,-64.89682,-3.038555
6334,-64.896778,-3.038446
6335,-64.896885,-3.03843
6336,-64.896875,-3.038468
6337,-64.896824,-3.038408
6338,-64.896833,-3.038422
6339,-64.896915,-3.037571
6340,-64.903099,-3.035017
6341,-64.904802,-3.045216
6342,-64.903316,-3.05141
6343,-64.903385,-3.051564
6344,-64.903283,-3.051515
6345,-64.903351,-3.051464
6346,-64.903308,-3.051543
6347,-64.903377,-3.051603
6348,-64.900925,-3.047938
6349,-64.898968,-3.034812
6350,-64.902752,-3.024482
6351,-64.8951,-3.022681
6352,-64.896404,-3.022426
6353,-64.895163,-3.022043
6354,-64.901771,-3.044313
6355,-64.89784,-3.049385
6356,-64.8974,-3.040345
6357,-64.891192,-3.036283
6358,-64.891345,-3.036282
6359,-64.895254,-3.022169
6360,-64.895275,-3.022119
6361,-64.89519,-3.022102
6362,-64.895235,-3.022005
6363,-64.89528,-3.022801
6364,-64.895281,-3.022693
6365,-64.895301,-3.022925
6366,-64.890756,-3.029158
6367,-64.890802,-3.029281
6368,-64.89082,-3.029349
6369,-64.886385,-3.033213
6370,-64.862254,-3.067252
6371,-64.86831,-3.068217
6372,-64.871485,-3.068923
6373,-64.871409,-3.069078
6374,-64.871558,-3.068931
6375,-64.871392,-3.068933
6376,-64.871889,-3.068589
6377,-64.871771,-3.068666
6378,-64.871818,-3.068698
6379,-64.871549,-3.068976
6380,-64.871406,-3.068968
6381,-64.871789,-3.069336
6382,-64.871365,-3.069343
6383,-64.871339,-3.069263
6384,-64.871398,-3.070102
6385,-64.874572,-3.068401
6386,-64.874638,-3.068304
6387,-64.876479,-3.066478
6388,-64.877662,-3.068417
6389,-64.875416,-3.080123
6390,-64.875691,-3.080376
6391,-64.87532,-3.081158
6392,-64.875386,-3.081148
6393,-64.875429,-3.081125
6394,-64.875456,-3.081069
6395,-64.875428,-3.080171
6396,-64.871026,-3.077351
6397,-64.870978,-3.077448
6398,-64.870945,-3.077395
6399,-64.870942,-3.077442
6400,-64.870979,-3.077379
6401,-64.870921,-3.07739
6402,-64.870983,-3.077477
6403,-64.870802,-3.077442
6404,-64.871045,-3.077432
6405,-64.870975,-3.077415
6406,-64.871035,-3.077367
6407,-64.871024,-3.077317
6408,-64.87102,-3.077376
6409,-64.870455,-3.077081
6410,-64.870591,-3.077091
6411,-64.871138,-3.077333
6412,-64.871015,-3.077419
6413,-64.870935,-3.077442
6414,-64.870835,-3.077403
6415,-64.871078,-3.077503
6416,-64.870404,-3.077045
6417,-64.870376,-3.077062
6418,-64.870595,-3.077006
6419,-64.870473,-3.077086
6420,-64.874321,-3.070708
6421,-64.876596,-3.066575
6422,-64.877071,-3.066314
6423,-64.8768,-3.065893
6424,-64.86797,-3.068269
6425,-64.864202,-3.072053
6426,-64.864166,-3.071975
6427,-64.864379,-3.072088
6428,-64.864332,-3.071942
6429,-64.867126,-3.056439
6430,-64.890989,-3.052769
6431,-64.890343,-3.04759
6432,-64.890424,-3.047329
6433,-64.904789,-3.043653
6434,-64.904883,-3.04365
6435,-64.904899,-3.043413
6436,-64.904826,-3.043606
6437,-64.904715,-3.043645
6438,-64.898058,-3.040614
6439,-64.898082,-3.040468
6440,-64.900857,-3.041406
6441,-64.901031,-3.041261
6442,-64.902226,-3.041607
6443,-64.902298,-3.041376
6444,-64.895751,-3.052973
6445,-64.8703,-3.063495
6446,-64.87008,-3.06353
6447,-64.870416,-3.063382
6448,-64.870268,-3.063376
6449,-64.891114,-3.052656
6450,-64.895656,-3.053194
6451,-64.895515,-3.053202
6452,-64.89589,-3.053111
6453,-64.895668,-3.053509
6454,-64.895104,-3.053708
6455,-64.895198,-3.053686
6456,-64.892088,-3.053717
6457,-64.8858,-3.052536
6458,-64.879999,-3.050376
6459,-64.865481,-3.052955
6460,-64.858918,-3.052113
6461,-64.858431,-3.052307
6462,-64.858551,-3.051238
6463,-64.858409,-3.051161
6464,-64.858364,-3.05123
6465,-64.858288,-3.051188
6466,-64.85699,-3.047585
6467,-64.857187,-3.059549
6468,-64.857367,-3.059596
6469,-64.857226,-3.059656
6470,-64.857133,-3.059341
6471,-64.857208,-3.059428
6472,-64.85729,-3.059574
6473,-64.857365,-3.05951
6474,-64.858658,-3.062982
6475,-64.858564,-3.062734
6476,-64.858671,-3.062836
6477,-64.858575,-3.062867
6478,-64.858592,-3.062883
6479,-64.858846,-3.063005
6480,-64.858506,-3.062653
6481,-64.858563,-3.062759
6482,-64.860236,-3.068859
6483,-64.874696,-3.064569
6484,-64.877823,-3.08203
6485,-64.877899,-3.082731
6486,-64.877943,-3.082906
6487,-64.878619,-3.088843
6488,-64.864878,-3.068753
6489,-64.878342,-3.088838
6490,-64.877179,-3.084648
6491,-64.876981,-3.084801
6492,-64.876954,-3.084817
6493,-64.876981,-3.08477
6494,-64.876962,-3.084718
6495,-64.876948,-3.084651
6496,-64.87616,-3.084258
6497,-64.874685,-3.081738
6498,-64.88095,-3.081392
6499,-64.877483,-3.081002
6500,-64.87153,-3.079661
6501,-64.871365,-3.079669
6502,-64.871212,-3.079838
6503,-64.871511,-3.079728
6504,-64.863561,-3.078467
6505,-64.86373,-3.0784
6506,-64.864068,-3.072741
6507,-64.86953,-3.064772
6508,-64.869386,-3.064765
6509,-64.869734,-3.064666
6510,-64.869392,-3.064775
6511,-64.872217,-3.061506
6512,-64.868889,-3.050501
6513,-64.87905,-3.030353
6514,-64.887618,-3.027049
6515,-64.887085,-3.026874
6516,-64.887218,-3.026926
6517,-64.887368,-3.026319
6518,-64.887743,-3.026149
6519,-64.882007,-3.02851
6520,-64.884271,-3.046672
6521,-64.880021,-3.04458
6522,-64.871724,-3.044628
6523,-64.870549,-3.044812
6524,-64.870467,-3.044852
6525,-64.870534,-3.04483
6526,-64.869794,-3.044219
6527,-64.869614,-3.044218
6528,-64.866499,-3.042047
6529,-64.869383,-3.049901
6530,-64.866715,-3.042059
6531,-64.866518,-3.042104
6532,-64.866184,-3.040016
6533,-64.866222,-3.04006
6534,-64.866056,-3.040038
6535,-64.866161,-3.040042
6536,-64.837977,-3.070574
6537,-64.837523,-3.070466
6538,-64.837648,-3.070513
6539,-64.837422,-3.070487
6540,-64.837462,-3.070415
6541,-64.837545,-3.070412
6542,-64.836544,-3.063503
6543,-64.839243,-3.063782
6544,-64.839186,-3.063709
6545,-64.839099,-3.063748
6546,-64.839134,-3.06369
6547,-64.839121,-3.063701
6548,-64.839183,-3.063707
6549,-64.839431,-3.063665
6550,-64.825793,-3.069239
6551,-64.82602,-3.075453
6552,-64.828893,-3.071197
6553,-64.828901,-3.071309
6554,-64.828871,-3.071231
6555,-64.828776,-3.071198
6556,-64.828904,-3.071136
6557,-64.879462,-3.068187
6558,-64.87982,-3.065912
6559,-64.879563,-3.06602
6560,-64.879681,-3.066065
6561,-64.879597,-3.066067
6562,-64.880503,-3.070893
6563,-64.878133,-3.080046
6564,-64.907205,-3.060183
6565,-64.89279,-3.06786
6566,-64.89297,-3.067939
6567,-64.89275,-3.067847
6568,-64.891476,-3.070414
6569,-64.887318,-3.082982
6570,-64.871154,-3.049496
6571,-64.885492,-3.048206
6572,-64.891318,-3.051377
6573,-64.893998,-3.03952
6574,-64.888842,-3.054903
6575,-64.888813,-3.054925
6576,-64.883969,-3.062502
6577,-64.884232,-3.055934
6578,-64.893691,-3.039838
6579,-64.893647,-3.039714
6580,-64.893553,-3.039687
6581,-64.893611,-3.039668
6582,-64.886586,-3.037484
6583,-64.884887,-3.037816
6584,-64.885139,-3.036889
6585,-64.885875,-3.037039
6586,-64.88517,-3.036772
6587,-64.885152,-3.036867
6588,-64.884681,-3.035502
6589,-64.883127,-3.043226
6590,-64.8884,-3.053596
6591,-64.8948,-3.040468
6592,-64.894805,-3.040566
6593,-64.894693,-3.040565
6594,-64.894763,-3.040541
6595,-64.894922,-3.040497
6596,-64.894735,-3.040605
6597,-64.895294,-3.040667
6598,-64.888461,-3.037523
6599,-64.888516,-3.037722
6600,-64.888581,-3.037368
6601,-64.888481,-3.037468
6602,-64.888479,-3.0374
6603,-64.888544,-3.03748
6604,-64.888045,-3.037809
6605,-64.887408,-3.03674
6606,-64.897205,-3.026347
6607,-64.897143,-3.026379
6608,-64.895854,-3.024682
6609,-64.895976,-3.024694
6610,-64.895937,-3.024572
6611,-64.895872,-3.024637
6612,-64.891223,-3.036382
6613,-64.874941,-3.043946
6614,-64.870532,-3.038461
6615,-64.870255,-3.038622
6616,-64.87045,-3.038541
6617,-64.869931,-3.038632
6618,-64.870594,-3.038573
6619,-64.870661,-3.03865
6620,-64.86206,-3.040269
6621,-64.862019,-3.040409
6622,-64.863618,-3.039176
6623,-64.863628,-3.039195
6624,-64.864586,-3.038476
6625,-64.866795,-3.035724
6626,-64.871098,-3.048224
6627,-64.871085,-3.048305
6628,-64.872838,-3.048808
6629,-64.873564,-3.048889
6630,-64.873645,-3.048815
6631,-64.875041,-3.049255
6632,-64.875016,-3.049108
6633,-64.875019,-3.049105
6634,-64.874962,-3.048865
6635,-64.874989,-3.049161
6636,-64.875058,-3.049136
6637,-64.875008,-3.049131
6638,-64.875018,-3.049172
6639,-64.874964,-3.049279
6640,-64.875022,-3.04927
6641,-64.874958,-3.049294
6642,-64.874945,-3.04933
6643,-64.875086,-3.049193
6644,-64.875038,-3.049213
6645,-64.875012,-3.049208
6646,-64.875081,-3.04913
6647,-64.875068,-3.049165
6648,-64.875071,-3.049101
6649,-64.875117,-3.049187
6650,-64.875003,-3.049213
6651,-64.875001,-3.049153
6652,-64.873434,-3.047936
6653,-64.873407,-3.047917
6654,-64.873455,-3.048008
6655,-64.873237,-3.047998
6656,-64.873349,-3.048512
6657,-64.869048,-3.059197
6658,-64.8692,-3.058819
6659,-64.869303,-3.058737
6660,-64.869309,-3.058873
6661,-64.869225,-3.059104
6662,-64.869271,-3.058658
6663,-64.869311,-3.05873
6664,-64.869175,-3.058876
6665,-64.869188,-3.05974
6666,-64.867962,-3.064118
6667,-64.868051,-3.06428
6668,-64.867939,-3.064383
6669,-64.867889,-3.064061
6670,-64.867317,-3.064287
6671,-64.876391,-3.084846
6672,-64.879995,-3.089564
6673,-64.876552,-3.091082
6674,-64.876458,-3.090858
6675,-64.876467,-3.09082
6676,-64.876404,-3.091009
6677,-64.87602,-3.090823
6678,-64.876356,-3.091019
6679,-64.876375,-3.091182
6680,-64.875785,-3.090634
6681,-64.875714,-3.090319
6682,-64.875607,-3.090334
6683,-64.870495,-3.074853
6684,-64.870558,-3.074862
6685,-64.870592,-3.07474
6686,-64.861144,-3.066661
6687,-64.837882,-3.071603
6688,-64.837798,-3.071601
6689,-64.83792,-3.071617
6690,-64.837902,-3.07172
6691,-64.837679,-3.071321
6692,-64.838483,-3.07165
6693,-64.840553,-3.070771
6694,-64.840247,-3.075495
6695,-64.861328,-3.087219
6696,-64.86151,-3.087264
6697,-64.861636,-3.087279
6698,-64.861426,-3.087247
6699,-64.861585,-3.087284
6700,-64.864803,-3.07629
6701,-64.866304,-3.069094
6702,-64.866079,-3.068921
6703,-64.877776,-3.048973
6704,-64.878224,-3.049806
6705,-64.878747,-3.050619
6706,-64.878697,-3.050782
6707,-64.879546,-3.054522
6708,-64.882293,-3.060158
6709,-64.882401,-3.059835
6710,-64.882206,-3.060286
6711,-64.882332,-3.060105
6712,-64.882391,-3.060114
6713,-64.882134,-3.059954
6714,-64.885262,-3.04939
6715,-64.886638,-3.051524
6716,-64.887561,-3.051667
6717,-64.887664,-3.051676
6718,-64.885614,-3.049116
6719,-64.885216,-3.049101
6720,-64.885029,-3.048734
6721,-64.882303,-3.045925
6722,-64.886856,-3.037234
6723,-64.90228,-3.027407
6724,-64.902256,-3.027332
6725,-64.90717,-3.02458
6726,-64.913328,-3.027343
6727,-64.904815,-3.028476
6728,-64.904855,-3.028513
6729,-64.90469,-3.028623
6730,-64.904866,-3.028601
6731,-64.904559,-3.028627
6732,-64.904778,-3.028772
6733,-64.883454,-3.044655
6734,-64.882844,-3.041994
6735,-64.883251,-3.041994
6736,-64.883499,-3.041921
6737,-64.883493,-3.041936
6738,-64.883209,-3.041965
6739,-64.883192,-3.041914
6740,-64.883241,-3.04194
6741,-64.883172,-3.041967
6742,-64.883307,-3.041871
6743,-64.886894,-3.039172
6744,-64.886915,-3.039126
6745,-64.887062,-3.039306
6746,-64.887019,-3.03928
6747,-64.887076,-3.039216
6748,-64.887098,-3.039194
6749,-64.895108,-3.022617
6750,-64.891606,-3.02795
6751,-64.884086,-3.037197
6752,-64.877475,-3.033943
6753,-64.877256,-3.033765
6754,-64.877241,-3.033739
6755,-64.87941,-3.029619
6756,-64.878873,-3.029814
6757,-64.867263,-3.037322
6758,-64.866203,-3.037254
6759,-64.864957,-3.046884
6760,-64.864753,-3.047544
6761,-64.864986,-3.047469
6762,-64.864789,-3.047597
6763,-64.864695,-3.047586
6764,-64.867511,-3.048706
6765,-64.867288,-3.048556
6766,-64.867298,-3.048663
6767,-64.86712,-3.048628
6768,-64.867586,-3.048658
6769,-64.871423,-3.055851
6770,-64.871391,-3.055775
6771,-64.871486,-3.05584
6772,-64.871424,-3.055796
6773,-64.87153,-3.056138
6774,-64.857187,-3.054045
6775,-64.850841,-3.058212
6776,-64.846043,-3.05033
6777,-64.845351,-3.043079
6778,-64.846988,-3.041892
6779,-64.851154,-3.042331
6780,-64.851548,-3.037294
6781,-64.850749,-3.037286
6782,-64.850978,-3.037445
6783,-64.84976,-3.036285
6784,-64.851247,-3.042182
6785,-64.851181,-3.040818
6786,-64.851908,-3.041329
6787,-64.851878,-3.041305
6788,-64.853688,-3.051548
6789,-64.854376,-3.051395
6790,-64.856358,-3.051788
6791,-64.857455,-3.050092
6792,-64.857973,-3.049277
6793,-64.858077,-3.049414
6794,-64.858244,-3.048937
6795,-64.858196,-3.049011
6796,-64.858255,-3.048978
6797,-64.857973,-3.049312
6798,-64.858266,-3.049341
6799,-64.858772,-3.04798
6800,-64.861937,-3.047786
6801,-64.862547,-3.048894
6802,-64.884638,-3.035537
6803,-64.875538,-3.033481
6804,-64.87563,-3.033261
6805,-64.871301,-3.036187
6806,-64.871324,-3.036001
6807,-64.871361,-3.036046
6808,-64.871421,-3.036076
6809,-64.871879,-3.037018
6810,-64.871874,-3.03731
6811,-64.874721,-3.042954
6812,-64.874908,-3.041849
6813,-64.874858,-3.041168
6814,-64.874883,-3.041212
6815,-64.879025,-3.04497
6816,-64.879009,-3.041254
6817,-64.876727,-3.040036
6818,-64.869456,-3.047588
6819,-64.870457,-3.047671
6820,-64.868784,-3.047196
6821,-64.869152,-3.047545
6822,-64.868939,-3.047616
6823,-64.869333,-3.047756
6824,-64.869268,-3.047722
6825,-64.869973,-3.047721
6826,-64.87049,-3.047657
6827,-64.870428,-3.047658
6828,-64.870409,-3.047685
6829,-64.870433,-3.047685
6830,-64.870374,-3.047857
6831,-64.870234,-3.047941
6832,-64.870028,-3.047829
6833,-64.870131,-3.047903
6834,-64.870338,-3.047674
6835,-64.870809,-3.047762
6836,-64.870823,-3.047707
6837,-64.870765,-3.047763
6838,-64.874099,-3.049437
6839,-64.874139,-3.047233
6840,-64.874398,-3.046976
6841,-64.874261,-3.048614
6842,-64.875219,-3.049984
6843,-64.883097,-3.053292
6844,-64.88319,-3.053312
6845,-64.882975,-3.053341
6846,-64.883147,-3.053216
6847,-64.883082,-3.053112
6848,-64.889402,-3.051819
6849,-64.891931,-3.046507
6850,-64.891977,-3.046484
6851,-64.891887,-3.046449
6852,-64.88801,-3.046865
6853,-64.884888,-3.047685
6854,-64.880325,-3.05037
6855,-64.880798,-3.052273
6856,-64.881434,-3.052912
6857,-64.881386,-3.052888
6858,-64.853711,-3.054585
6859,-64.853797,-3.0545
6860,-64.853711,-3.0545
6861,-64.853797,-3.0545
6862,-64.854226,-3.054414
6863,-64.854226,-3.054414
6864,-64.854484,-3.054585
6865,-64.858432,-3.016477
6866,-64.841437,-3.044972
6867,-64.842038,-3.041368
6868,-64.842124,-3.041282
6869,-64.853797,-3.073125
6870,-64.853282,-3.072352
6871,-64.853282,-3.072267
6872,-64.830709,-3.067546
6873,-64.869332,-3.053813
6874,-64.869332,-3.053727
6875,-64.869246,-3.053813
6876,-64.930959,-2.995448
6877,-64.931045,-2.995448
6878,-64.93628,-2.992444
6879,-64.937568,-2.993817
6880,-64.937482,-2.993731
6881,-64.945893,-2.99974
6882,-64.924006,-2.982144
6883,-64.923835,-2.982144
6884,-64.905725,-2.980342
6885,-64.899459,-2.985492
6886,-64.899373,-2.985492
6887,-64.899373,-2.985406
6888,-64.877658,-3.021197
6889,-64.877658,-3.021283
6890,-64.877744,-3.021369
6891,-64.881949,-3.024888
6892,-64.851394,-3.036733
6893,-64.844956,-3.042655
6894,-64.81895,-3.072438
6895,-64.822726,-3.079391
6896,-64.823499,-3.079562
6897,-64.823499,-3.079476
6898,-64.823413,-3.079562
6899,-64.828906,-3.078618
