id_centroid,id_animal,timestamp,latitude_animal,longitude_animal
5,99,11/21/14 02:00,-2.984694,-64.914492
5,99,11/21/14 04:00,-2.984782,-64.914393
5,99,11/21/14 06:00,-2.984764,-64.914429
5,99,11/21/14 08:00,-2.984743,-64.914457
5,99,11/21/14 10:00,-2.98477,-64.914398
5,99,11/21/14 12:00,-2.984724,-64.914415
5,99,11/21/14 14:00,-2.984671,-64.914481
5,99,11/21/14 16:00,-2.984635,-64.914587
5,99,11/21/14 18:00,-2.98459,-64.914527
5,99,11/21/14 20:00,-2.984673,-64.914506
5,99,11/21/14 22:00,-2.984642,-64.914467
5,99,11/22/14 00:01,-2.984603,-64.914618
5,99,11/22/14 02:00,-2.984709,-64.914497
5,99,11/22/14 04:00,-2.984768,-64.914441
5,99,11/22/14 06:00,-2.984677,-64.9145
5,99,11/22/14 08:01,-2.98474,-64.914491
5,99,11/22/14 10:00,-2.984835,-64.914442
5,99,11/22/14 12:00,-2.984755,-64.91445
5,99,11/22/14 14:00,-2.984738,-64.914472
5,99,11/22/14 16:00,-2.984706,-64.914431
5,99,11/22/14 18:01,-2.984643,-64.914503
5,99,11/22/14 20:00,-2.98484,-64.914375
5,99,11/22/14 22:00,-2.98468,-64.91448
5,99,11/23/14 00:00,-2.984705,-64.914462
5,99,11/23/14 02:00,-2.98459,-64.914518
5,99,11/23/14 04:00,-2.984705,-64.914494
5,99,11/23/14 06:01,-2.984616,-64.914477
5,99,11/23/14 08:00,-2.984712,-64.914494
5,99,11/23/14 10:00,-2.984767,-64.914364
5,99,11/23/14 12:00,-2.984707,-64.91448
5,99,11/23/14 14:00,-2.984691,-64.914476
5,99,11/23/14 16:00,-2.984672,-64.914469
5,99,11/23/14 18:00,-2.984645,-64.914501
5,99,11/23/14 22:00,-2.984697,-64.914425
5,99,11/24/14 00:01,-2.984725,-64.914413
5,99,11/24/14 02:01,-2.984746,-64.914386
5,99,11/24/14 04:01,-2.984743,-64.914312
4,99,11/24/14 10:01,-3.042991,-64.867561
4,99,11/24/14 12:01,-3.042981,-64.867486
4,99,11/24/14 18:02,-3.039881,-64.866643
4,99,11/24/14 20:01,-3.039672,-64.86554
4,99,11/24/14 22:01,-3.039155,-64.865328
4,99,11/25/14 00:01,-3.040464,-64.865201
4,99,11/25/14 04:01,-3.046094,-64.86352
4,99,11/25/14 06:01,-3.046087,-64.86365
4,99,11/25/14 08:00,-3.046046,-64.8636
8,99,11/25/14 10:01,-3.050914,-64.862023
8,99,11/25/14 12:00,-3.051799,-64.859414
8,99,11/25/14 14:01,-3.051297,-64.858727
8,99,11/25/14 18:01,-3.050746,-64.858728
8,99,11/25/14 20:02,-3.049629,-64.859717
8,99,11/25/14 22:01,-3.057866,-64.863357
4,99,11/26/14 00:02,-3.05621,-64.868913
4,99,11/26/14 02:00,-3.049822,-64.86757
4,99,11/26/14 04:00,-3.04652,-64.868038
4,99,11/26/14 06:00,-3.046859,-64.867769
4,99,11/26/14 08:00,-3.046798,-64.868012
4,99,11/26/14 10:00,-3.046655,-64.867815
4,99,11/26/14 12:00,-3.046569,-64.867854
4,99,11/26/14 14:01,-3.0466,-64.867901
4,99,11/26/14 16:02,-3.046486,-64.86801
4,99,11/26/14 18:00,-3.046549,-64.86803
4,99,11/26/14 20:01,-3.046582,-64.868004
4,99,11/26/14 22:00,-3.046508,-64.867957
4,99,11/27/14 00:02,-3.046567,-64.867976
4,99,11/27/14 02:00,-3.046589,-64.867944
4,99,11/27/14 06:02,-3.046532,-64.867915
4,99,11/27/14 08:00,-3.046659,-64.867877
4,99,11/27/14 10:01,-3.046582,-64.867847
4,99,11/27/14 12:00,-3.046447,-64.867885
4,99,11/27/14 14:02,-3.04651,-64.867924
4,99,11/27/14 16:00,-3.04646,-64.868012
4,99,11/27/14 18:01,-3.046591,-64.867954
4,99,11/27/14 20:01,-3.046697,-64.867923
4,99,11/28/14 00:02,-3.046556,-64.867842
4,99,11/28/14 04:00,-3.046882,-64.867978
4,99,11/28/14 06:00,-3.04683,-64.867927
4,99,11/28/14 08:00,-3.046546,-64.867922
4,99,11/28/14 10:00,-3.046448,-64.867906
4,99,11/28/14 14:02,-3.046489,-64.867856
4,99,11/28/14 16:01,-3.0451,-64.865808
4,99,11/28/14 18:01,-3.046467,-64.86805
4,99,11/28/14 20:02,-3.046445,-64.867933
4,99,11/28/14 22:02,-3.046538,-64.867839
4,99,11/29/14 02:00,-3.046506,-64.867885
4,99,11/29/14 04:01,-3.045196,-64.866393
4,99,11/29/14 06:02,-3.045169,-64.866524
4,99,11/29/14 10:00,-3.045239,-64.866498
4,99,11/29/14 12:00,-3.045164,-64.866653
4,99,11/29/14 14:01,-3.04522,-64.866624
4,99,11/29/14 20:01,-3.045148,-64.865317
4,99,11/29/14 22:02,-3.045259,-64.86534
4,99,11/30/14 00:02,-3.045161,-64.865365
4,99,11/30/14 02:02,-3.045138,-64.865222
4,99,11/30/14 04:01,-3.040725,-64.864694
4,99,11/30/14 06:01,-3.040751,-64.864743
4,99,11/30/14 10:00,-3.039959,-64.866628
4,99,11/30/14 12:00,-3.0399,-64.866536
4,99,11/30/14 14:01,-3.039934,-64.866557
4,99,11/30/14 22:02,-3.036828,-64.869377
4,99,12/01/14 00:01,-3.036608,-64.869654
4,99,12/01/14 04:01,-3.036682,-64.869684
4,99,12/01/14 06:01,-3.036606,-64.869704
4,99,12/01/14 08:01,-3.036731,-64.869579
4,99,12/01/14 10:01,-3.041454,-64.868269
4,99,12/01/14 16:02,-3.041594,-64.868105
8,99,12/02/14 00:00,-3.052664,-64.859147
8,99,12/02/14 02:01,-3.055702,-64.855461
8,99,12/02/14 04:01,-3.055808,-64.85552
8,99,12/02/14 06:01,-3.055874,-64.855459
8,99,12/02/14 10:00,-3.054821,-64.856255
8,99,12/02/14 14:01,-3.055472,-64.857219
8,99,12/02/14 20:01,-3.057985,-64.858201
8,99,12/03/14 06:01,-3.060482,-64.853051
8,99,12/03/14 08:02,-3.060524,-64.853103
8,99,12/03/14 10:01,-3.060539,-64.853112
8,99,12/03/14 12:01,-3.060618,-64.853607
8,99,12/03/14 14:01,-3.060702,-64.853655
8,99,12/03/14 16:01,-3.060595,-64.853524
1,99,12/04/14 00:01,-3.066743,-64.844675
1,99,12/04/14 02:02,-3.061076,-64.84188
1,99,12/04/14 04:00,-3.065024,-64.849559
8,99,12/04/14 06:01,-3.064666,-64.852756
8,99,12/04/14 08:01,-3.064753,-64.852832
8,99,12/04/14 10:01,-3.06477,-64.852643
8,99,12/04/14 12:03,-3.064555,-64.852867
8,99,12/04/14 14:01,-3.064623,-64.852795
8,99,12/04/14 18:00,-3.064554,-64.853977
8,99,12/04/14 20:02,-3.063985,-64.860699
7,99,12/04/14 22:02,-3.072887,-64.857656
8,99,12/05/14 04:01,-3.064536,-64.852828
8,99,12/05/14 06:02,-3.064714,-64.852692
8,99,12/05/14 08:01,-3.064578,-64.852788
8,99,12/05/14 10:01,-3.064711,-64.852702
1,99,12/05/14 12:01,-3.066468,-64.849516
1,99,12/05/14 14:01,-3.067039,-64.849167
1,99,12/05/14 16:01,-3.071544,-64.846286
1,99,12/05/14 18:02,-3.072325,-64.838411
1,99,12/06/14 00:02,-3.063831,-64.845038
1,99,12/06/14 02:02,-3.063882,-64.845026
1,99,12/06/14 04:02,-3.063944,-64.845044
1,99,12/06/14 08:02,-3.063856,-64.845046
1,99,12/06/14 10:02,-3.063844,-64.845052
1,99,12/06/14 14:00,-3.063811,-64.845072
1,99,12/07/14 02:01,-3.071284,-64.845931
1,99,12/07/14 06:02,-3.071005,-64.845814
1,99,12/07/14 10:00,-3.07124,-64.845879
1,99,12/07/14 12:01,-3.071335,-64.846063
1,99,12/07/14 14:01,-3.071369,-64.845911
1,99,12/07/14 16:01,-3.071242,-64.845871
1,99,12/07/14 18:02,-3.071109,-64.844488
1,99,12/07/14 20:02,-3.071042,-64.844421
1,99,12/07/14 22:00,-3.067848,-64.838526
1,99,12/08/14 04:00,-3.075887,-64.836157
1,99,12/08/14 06:01,-3.076778,-64.83519
1,99,12/08/14 08:01,-3.076725,-64.835299
1,99,12/08/14 12:00,-3.076808,-64.837159
1,99,12/08/14 14:00,-3.076047,-64.836434
1,99,12/08/14 16:01,-3.076033,-64.836261
1,99,12/08/14 18:01,-3.076146,-64.836325
1,99,12/08/14 20:01,-3.076064,-64.836394
1,99,12/08/14 22:00,-3.076129,-64.836426
1,99,12/09/14 00:01,-3.076138,-64.836346
1,99,12/09/14 02:02,-3.076135,-64.83639
1,99,12/09/14 04:00,-3.074708,-64.837318
1,99,12/09/14 06:01,-3.070778,-64.842801
1,99,12/09/14 08:01,-3.070762,-64.842841
1,99,12/09/14 10:03,-3.070775,-64.842897
1,99,12/09/14 12:01,-3.070739,-64.842912
1,99,12/09/14 16:01,-3.070821,-64.842933
1,99,12/09/14 18:01,-3.070694,-64.842819
1,99,12/09/14 20:01,-3.070906,-64.842788
1,99,12/10/14 00:00,-3.068184,-64.847071
1,99,12/10/14 02:02,-3.068306,-64.847032
1,99,12/10/14 04:02,-3.066058,-64.846372
1,99,12/10/14 06:00,-3.065739,-64.846892
1,99,12/10/14 08:00,-3.069705,-64.841398
1,99,12/10/14 10:00,-3.07618,-64.836305
1,99,12/10/14 12:00,-3.076079,-64.840044
1,99,12/10/14 14:00,-3.076356,-64.844609
1,99,12/10/14 22:01,-3.069445,-64.848728
1,99,12/11/14 04:00,-3.05925,-64.842567
1,99,12/11/14 06:01,-3.059352,-64.842553
1,99,12/11/14 08:01,-3.05923,-64.842529
1,99,12/11/14 10:01,-3.059312,-64.842524
1,99,12/11/14 12:00,-3.059228,-64.842548
1,99,12/11/14 14:00,-3.059249,-64.842584
1,99,12/11/14 16:02,-3.061962,-64.839708
1,99,12/12/14 00:02,-3.064728,-64.839293
1,99,12/12/14 06:02,-3.0647,-64.839731
1,99,12/12/14 12:00,-3.06464,-64.839688
1,99,12/12/14 14:01,-3.06449,-64.839668
1,99,12/12/14 16:01,-3.061907,-64.839745
1,99,12/12/14 18:02,-3.069923,-64.844906
1,99,12/12/14 20:01,-3.069597,-64.844609
1,99,12/12/14 22:01,-3.07035,-64.845331
1,99,12/13/14 00:01,-3.070078,-64.845165
1,99,12/13/14 02:02,-3.070038,-64.844911
1,99,12/13/14 06:01,-3.071135,-64.845677
1,99,12/13/14 08:01,-3.071155,-64.845902
1,99,12/13/14 12:01,-3.071255,-64.846116
1,99,12/13/14 14:00,-3.071428,-64.846558
1,99,12/13/14 16:01,-3.07133,-64.846596
1,99,12/13/14 18:01,-3.074287,-64.847291
1,99,12/13/14 20:02,-3.074782,-64.842156
1,99,12/13/14 22:02,-3.076873,-64.844718
1,99,12/14/14 00:00,-3.075357,-64.841832
1,99,12/14/14 04:01,-3.075248,-64.842143
1,99,12/14/14 10:00,-3.075185,-64.842147
1,99,12/14/14 12:01,-3.075315,-64.841823
1,99,12/14/14 14:02,-3.075368,-64.842189
1,99,12/14/14 16:00,-3.075329,-64.842043
6,99,12/15/14 00:01,-3.08791,-64.841854
6,99,12/15/14 02:01,-3.08793,-64.841856
6,99,12/15/14 04:01,-3.087684,-64.841809
6,99,12/15/14 08:02,-3.087779,-64.841552
6,99,12/15/14 10:02,-3.087888,-64.841919
6,99,12/15/14 12:01,-3.087841,-64.841952
6,99,12/15/14 14:01,-3.087971,-64.841817
6,99,12/15/14 16:02,-3.087784,-64.841652
6,99,12/15/14 18:02,-3.087904,-64.84174
6,99,12/16/14 00:01,-3.087926,-64.841637
6,99,12/16/14 08:00,-3.089848,-64.842154
6,99,12/16/14 10:00,-3.089741,-64.842262
6,99,12/16/14 12:00,-3.089875,-64.842254
6,99,12/16/14 14:00,-3.089863,-64.842243
6,99,12/16/14 16:02,-3.08984,-64.842211
6,99,12/16/14 18:01,-3.095303,-64.841335
6,99,12/17/14 04:01,-3.09138,-64.848071
6,99,12/17/14 06:01,-3.091456,-64.848007
6,99,12/17/14 08:01,-3.091415,-64.847916
6,99,12/17/14 12:01,-3.09133,-64.848135
6,99,12/17/14 18:02,-3.092093,-64.846982
6,99,12/17/14 20:01,-3.095303,-64.847127
6,99,12/17/14 22:03,-3.095616,-64.847686
6,99,12/18/14 00:01,-3.095642,-64.847975
6,99,12/18/14 02:01,-3.095633,-64.847338
6,99,12/18/14 04:00,-3.09571,-64.846487
6,99,12/18/14 08:00,-3.09573,-64.846464
6,99,12/18/14 10:00,-3.095744,-64.846388
6,99,12/18/14 14:01,-3.095725,-64.846571
6,99,12/18/14 16:01,-3.095769,-64.846549
6,99,12/18/14 22:00,-3.095592,-64.840531
6,99,12/19/14 04:00,-3.094675,-64.842266
6,99,12/19/14 12:00,-3.094609,-64.84231
1,99,12/19/14 18:01,-3.075926,-64.848177
1,99,12/19/14 22:01,-3.069186,-64.853714
8,99,12/20/14 04:02,-3.064641,-64.862914
8,99,12/20/14 06:02,-3.063996,-64.862694
8,99,12/20/14 08:00,-3.063984,-64.862544
8,99,12/20/14 10:00,-3.06405,-64.862622
8,99,12/20/14 12:01,-3.064015,-64.862698
8,99,12/20/14 14:02,-3.065086,-64.861501
8,99,12/20/14 16:02,-3.065001,-64.86156
8,99,12/20/14 22:01,-3.063277,-64.862023
8,99,12/21/14 06:00,-3.062815,-64.862731
8,99,12/21/14 08:01,-3.060939,-64.864796
8,99,12/21/14 10:00,-3.060988,-64.864529
8,99,12/21/14 12:02,-3.06112,-64.864626
2,99,12/21/14 16:02,-3.06022,-64.873517
8,99,12/21/14 18:02,-3.058142,-64.858725
8,99,12/21/14 20:00,-3.05887,-64.855125
8,99,12/21/14 22:02,-3.059404,-64.85237
8,99,12/22/14 02:01,-3.045547,-64.858151
4,99,12/22/14 06:00,-3.049446,-64.864747
4,99,12/22/14 08:00,-3.04944,-64.864552
4,99,12/22/14 10:01,-3.049367,-64.864728
4,99,12/22/14 12:00,-3.050786,-64.864894
8,99,12/22/14 16:02,-3.057211,-64.860999
8,99,12/23/14 00:01,-3.065248,-64.852688
1,99,12/23/14 04:02,-3.066938,-64.843941
1,99,12/23/14 06:02,-3.067928,-64.845183
1,99,12/23/14 08:00,-3.068015,-64.845333
1,99,12/23/14 10:01,-3.067972,-64.84494
1,99,12/23/14 14:01,-3.066971,-64.844448
1,99,12/23/14 16:01,-3.064727,-64.841404
1,99,12/23/14 18:01,-3.069289,-64.839019
1,99,12/24/14 02:01,-3.060813,-64.843659
1,99,12/24/14 04:01,-3.063547,-64.845134
1,99,12/24/14 06:03,-3.066211,-64.850764
1,99,12/24/14 10:00,-3.06607,-64.850824
1,99,12/24/14 12:01,-3.066138,-64.85069
1,99,12/24/14 14:02,-3.066068,-64.850742
1,99,12/24/14 16:03,-3.066118,-64.850741
7,99,12/24/14 20:02,-3.077273,-64.857867
1,99,12/24/14 22:01,-3.082473,-64.849663
7,99,12/25/14 06:02,-3.081108,-64.863361
7,99,12/25/14 12:01,-3.073816,-64.866086
7,99,12/25/14 14:01,-3.073783,-64.866058
7,99,12/25/14 16:02,-3.071477,-64.86311
7,99,12/25/14 18:01,-3.071472,-64.863044
8,99,12/25/14 22:02,-3.065446,-64.8594
8,99,12/26/14 00:01,-3.059613,-64.859055
8,99,12/26/14 08:00,-3.05894,-64.854753
8,99,12/26/14 12:02,-3.058984,-64.854325
8,99,12/26/14 14:00,-3.058398,-64.85417
8,99,12/26/14 18:00,-3.053958,-64.856818
4,99,12/26/14 22:02,-3.046812,-64.861571
4,99,12/27/14 00:02,-3.046774,-64.861664
4,99,12/27/14 02:02,-3.046761,-64.861666
4,99,12/27/14 06:02,-3.046833,-64.861584
4,99,12/27/14 08:01,-3.046679,-64.861564
4,99,12/27/14 10:02,-3.046715,-64.861604
4,99,12/27/14 12:01,-3.046753,-64.861695
4,99,12/27/14 16:02,-3.045076,-64.865194
4,99,12/27/14 18:02,-3.040481,-64.870578
4,99,12/27/14 20:02,-3.041483,-64.871347
4,99,12/28/14 02:01,-3.044598,-64.872166
4,99,12/28/14 06:01,-3.044236,-64.875891
4,99,12/28/14 08:00,-3.04421,-64.875937
4,99,12/28/14 10:00,-3.044342,-64.876031
4,99,12/28/14 12:00,-3.044312,-64.876001
4,99,12/28/14 14:00,-3.044325,-64.876029
4,99,12/28/14 16:00,-3.04428,-64.875967
4,99,12/28/14 18:01,-3.04417,-64.878013
4,99,12/28/14 22:01,-3.034321,-64.878138
4,99,12/29/14 00:01,-3.034747,-64.873657
4,99,12/29/14 02:02,-3.040345,-64.875256
4,99,12/29/14 04:02,-3.041374,-64.875966
4,99,12/29/14 06:00,-3.041399,-64.875985
4,99,12/29/14 10:00,-3.04139,-64.875833
4,99,12/29/14 12:01,-3.041336,-64.875996
4,99,12/29/14 14:00,-3.041433,-64.876066
4,99,12/29/14 16:01,-3.041541,-64.875905
4,99,12/29/14 20:01,-3.040619,-64.878237
4,99,12/29/14 22:00,-3.041649,-64.878795
3,99,12/30/14 00:00,-3.045042,-64.882451
3,99,12/30/14 06:00,-3.045074,-64.882945
3,99,12/30/14 08:00,-3.044992,-64.882907
3,99,12/30/14 10:01,-3.045083,-64.882999
3,99,12/30/14 12:00,-3.045109,-64.882998
3,99,12/30/14 14:01,-3.045047,-64.882993
3,99,12/30/14 16:00,-3.045034,-64.883005
3,99,12/30/14 18:01,-3.044195,-64.882178
3,99,12/30/14 20:01,-3.044618,-64.883842
3,99,12/30/14 22:00,-3.044593,-64.883879
3,99,12/31/14 00:00,-3.048266,-64.887543
2,99,12/31/14 02:01,-3.054735,-64.888223
2,99,12/31/14 04:01,-3.049625,-64.883832
2,99,12/31/14 08:01,-3.049696,-64.883874
2,99,12/31/14 10:00,-3.049698,-64.88385
2,99,12/31/14 12:01,-3.049693,-64.883923
2,99,12/31/14 20:01,-3.049711,-64.883935
2,99,12/31/14 22:02,-3.051093,-64.881934
2,99,01/01/15 02:00,-3.051089,-64.881928
2,99,01/01/15 04:01,-3.050618,-64.881846
2,99,01/01/15 06:01,-3.051109,-64.882033
2,99,01/01/15 08:00,-3.051138,-64.882019
2,99,01/01/15 10:01,-3.051234,-64.881973
2,99,01/01/15 12:00,-3.051183,-64.881995
2,99,01/01/15 14:00,-3.051214,-64.882003
2,99,01/01/15 16:02,-3.05111,-64.882018
2,99,01/01/15 18:00,-3.051113,-64.881992
2,99,01/01/15 20:01,-3.051145,-64.881988
4,99,01/02/15 00:01,-3.052446,-64.876203
4,99,01/02/15 02:00,-3.052216,-64.876205
4,99,01/02/15 04:00,-3.052358,-64.876273
4,99,01/02/15 06:01,-3.050831,-64.875355
4,99,01/02/15 08:01,-3.048482,-64.871979
4,99,01/02/15 16:00,-3.048307,-64.871959
4,99,01/02/15 18:02,-3.053441,-64.869681
4,99,01/02/15 20:01,-3.055618,-64.86952
8,99,01/02/15 22:03,-3.05864,-64.867859
2,99,01/03/15 00:02,-3.054715,-64.878583
4,99,01/03/15 02:00,-3.052448,-64.878133
4,99,01/03/15 04:00,-3.052434,-64.878309
4,99,01/03/15 06:00,-3.052437,-64.878171
4,99,01/03/15 08:00,-3.052366,-64.878202
4,99,01/03/15 12:01,-3.051913,-64.874523
4,99,01/03/15 14:01,-3.05505,-64.869736
8,99,01/03/15 18:00,-3.053955,-64.86435
8,99,01/03/15 20:00,-3.05288,-64.861354
4,99,01/04/15 02:02,-3.044789,-64.872772
4,99,01/04/15 04:00,-3.044951,-64.877883
4,99,01/04/15 06:00,-3.044888,-64.877882
4,99,01/04/15 08:01,-3.044736,-64.877875
4,99,01/04/15 10:00,-3.04488,-64.877881
4,99,01/04/15 12:01,-3.044907,-64.877893
4,99,01/04/15 14:01,-3.045034,-64.878789
4,99,01/04/15 16:00,-3.043993,-64.878826
4,99,01/04/15 20:01,-3.041409,-64.87762
4,99,01/04/15 22:02,-3.041234,-64.87409
8,99,01/05/15 02:01,-3.050815,-64.863477
8,99,01/05/15 04:01,-3.050611,-64.863348
8,99,01/05/15 06:00,-3.050774,-64.863437
8,99,01/05/15 08:01,-3.051094,-64.863724
8,99,01/05/15 10:00,-3.052222,-64.864653
8,99,01/05/15 12:00,-3.052211,-64.864738
8,99,01/05/15 14:02,-3.052209,-64.864653
8,99,01/05/15 18:01,-3.056257,-64.863073
8,99,01/05/15 22:02,-3.059857,-64.850391
8,99,01/06/15 00:01,-3.057395,-64.857738
8,99,01/06/15 02:00,-3.057314,-64.857926
8,99,01/06/15 04:02,-3.057304,-64.857916
8,99,01/06/15 06:01,-3.059566,-64.860737
8,99,01/06/15 08:00,-3.059586,-64.860868
8,99,01/06/15 12:01,-3.059547,-64.860842
8,99,01/06/15 14:01,-3.059552,-64.860839
8,99,01/06/15 18:02,-3.060582,-64.865177
8,99,01/06/15 22:01,-3.051868,-64.862256
8,99,01/07/15 00:02,-3.051332,-64.862948
8,99,01/07/15 02:02,-3.051297,-64.862879
8,99,01/07/15 04:00,-3.051436,-64.862709
8,99,01/07/15 06:01,-3.051344,-64.862981
8,99,01/07/15 08:01,-3.051297,-64.862899
8,99,01/07/15 10:01,-3.051337,-64.86296
8,99,01/07/15 14:01,-3.051312,-64.862988
8,99,01/07/15 20:01,-3.051116,-64.862765
8,99,01/07/15 22:00,-3.05124,-64.862748
8,99,01/08/15 00:02,-3.051105,-64.862823
8,99,01/08/15 06:02,-3.051139,-64.862963
8,99,01/08/15 10:02,-3.051035,-64.86293
4,99,01/08/15 12:02,-3.046465,-64.861523
4,99,01/08/15 16:02,-3.046373,-64.861594
4,99,01/08/15 22:01,-3.053132,-64.868285
4,99,01/09/15 02:01,-3.052069,-64.868507
4,99,01/09/15 04:02,-3.053477,-64.86883
4,99,01/09/15 10:00,-3.053373,-64.868765
4,99,01/09/15 12:01,-3.053405,-64.868981
4,99,01/09/15 14:00,-3.053429,-64.868973
4,99,01/09/15 16:00,-3.053597,-64.868914
4,99,01/09/15 22:02,-3.047009,-64.87416
4,99,01/10/15 00:01,-3.047357,-64.873859
4,99,01/10/15 06:01,-3.047436,-64.873922
4,99,01/10/15 08:01,-3.047407,-64.873889
4,99,01/10/15 10:02,-3.047392,-64.873978
4,99,01/10/15 12:00,-3.047457,-64.87386
4,99,01/10/15 14:00,-3.047404,-64.873923
4,99,01/10/15 20:01,-3.047349,-64.873944
4,99,01/10/15 22:01,-3.047338,-64.873909
4,99,01/11/15 00:02,-3.047371,-64.87388
4,99,01/11/15 04:02,-3.049232,-64.875033
4,99,01/11/15 06:00,-3.049152,-64.874969
4,99,01/11/15 08:00,-3.049146,-64.875037
4,99,01/11/15 10:00,-3.049161,-64.875056
4,99,01/11/15 12:00,-3.049124,-64.875208
4,99,01/11/15 14:01,-3.049085,-64.875019
4,99,01/11/15 16:01,-3.049162,-64.875098
4,99,01/11/15 18:00,-3.049226,-64.876266
4,99,01/11/15 20:00,-3.049279,-64.876098
4,99,01/12/15 00:01,-3.049243,-64.876304
4,99,01/12/15 02:01,-3.048976,-64.876323
4,99,01/12/15 06:00,-3.049244,-64.876288
4,99,01/12/15 08:01,-3.049316,-64.876057
4,99,01/12/15 10:00,-3.049295,-64.876144
4,99,01/12/15 12:00,-3.049334,-64.876217
4,99,01/12/15 14:00,-3.049249,-64.876283
4,99,01/12/15 16:01,-3.049273,-64.876273
4,99,01/12/15 20:02,-3.051047,-64.877748
4,99,01/12/15 22:01,-3.051192,-64.877789
4,99,01/13/15 00:03,-3.051084,-64.877715
4,99,01/13/15 02:02,-3.051118,-64.877733
4,99,01/13/15 04:01,-3.055385,-64.875759
2,99,01/13/15 08:01,-3.060672,-64.871886
2,99,01/13/15 10:01,-3.060701,-64.871926
8,99,01/13/15 12:01,-3.06125,-64.87077
4,99,01/13/15 18:01,-3.056079,-64.871502
4,99,01/13/15 20:00,-3.055968,-64.871595
2,99,01/14/15 06:00,-3.056825,-64.879085
2,99,01/14/15 08:01,-3.056856,-64.879081
2,99,01/14/15 12:01,-3.056825,-64.879105
2,99,01/14/15 14:02,-3.056874,-64.879061
2,99,01/14/15 16:01,-3.055016,-64.887585
2,99,01/14/15 18:02,-3.054593,-64.888491
2,99,01/14/15 22:01,-3.054709,-64.888429
3,99,01/15/15 02:01,-3.05093,-64.892191
3,99,01/15/15 06:01,-3.050775,-64.892012
3,99,01/15/15 08:01,-3.050956,-64.891938
3,99,01/15/15 10:01,-3.050864,-64.892016
2,99,01/15/15 18:02,-3.051077,-64.889864
3,99,01/15/15 20:02,-3.043841,-64.890054
3,99,01/15/15 22:01,-3.040454,-64.887007
3,99,01/16/15 00:02,-3.046167,-64.883103
3,99,01/16/15 04:02,-3.046577,-64.891886
3,99,01/16/15 06:00,-3.046611,-64.89193
3,99,01/16/15 08:00,-3.046484,-64.891878
3,99,01/16/15 10:01,-3.046455,-64.89183
3,99,01/16/15 12:02,-3.045237,-64.896303
3,99,01/16/15 20:02,-3.050333,-64.897559
2,99,01/16/15 22:01,-3.054158,-64.893993
2,99,01/17/15 00:02,-3.054795,-64.888501
2,99,01/17/15 02:02,-3.052319,-64.887324
2,99,01/17/15 04:02,-3.054226,-64.882313
2,99,01/17/15 06:01,-3.057309,-64.885976
2,99,01/17/15 08:02,-3.056054,-64.895758
2,99,01/17/15 14:01,-3.058417,-64.888592
2,99,01/17/15 16:01,-3.058821,-64.888201
2,99,01/17/15 18:00,-3.060907,-64.880123
2,99,01/17/15 20:02,-3.060954,-64.879898
2,99,01/17/15 22:01,-3.06081,-64.880046
2,99,01/18/15 02:01,-3.061059,-64.880029
2,99,01/18/15 06:02,-3.061074,-64.879977
2,99,01/18/15 08:02,-3.060009,-64.875613
2,99,01/18/15 10:02,-3.058305,-64.882393
2,99,01/18/15 12:01,-3.058523,-64.885632
2,99,01/18/15 14:02,-3.058827,-64.886751
2,99,01/18/15 16:02,-3.058759,-64.886657
2,99,01/18/15 18:00,-3.058768,-64.886652
2,99,01/18/15 20:01,-3.05856,-64.886571
2,99,01/18/15 22:03,-3.058108,-64.885665
2,99,01/19/15 00:02,-3.057834,-64.879284
4,99,01/19/15 10:01,-3.056249,-64.87477
4,99,01/19/15 12:00,-3.052178,-64.874728
4,99,01/19/15 14:00,-3.052709,-64.875524
4,99,01/19/15 16:00,-3.052694,-64.875502
4,99,01/19/15 18:01,-3.052679,-64.87557
4,99,01/19/15 20:00,-3.054729,-64.8762
4,99,01/19/15 22:00,-3.054825,-64.876166
4,99,01/20/15 00:00,-3.054696,-64.876153
8,99,01/20/15 04:01,-3.059993,-64.869971
8,99,01/20/15 06:01,-3.056089,-64.863446
8,99,01/20/15 08:02,-3.056132,-64.863795
8,99,01/20/15 12:01,-3.059599,-64.864244
8,99,01/20/15 14:01,-3.061355,-64.864492
8,99,01/20/15 16:01,-3.059966,-64.870106
8,99,01/21/15 02:02,-3.049865,-64.857618
8,99,01/21/15 06:01,-3.051374,-64.858778
8,99,01/21/15 08:00,-3.05126,-64.858282
8,99,01/21/15 10:01,-3.051211,-64.858251
8,99,01/21/15 18:00,-3.051791,-64.859392
8,99,01/21/15 20:00,-3.051803,-64.859463
8,99,01/21/15 22:02,-3.053465,-64.864253
4,99,01/22/15 04:01,-3.042749,-64.867468
4,99,01/22/15 06:02,-3.04471,-64.868671
4,99,01/22/15 08:01,-3.046526,-64.861408
4,99,01/22/15 10:00,-3.046806,-64.861275
4,99,01/22/15 12:01,-3.04665,-64.861283
4,99,01/22/15 14:01,-3.046612,-64.861173
4,99,01/22/15 16:00,-3.046686,-64.861021
4,99,01/22/15 18:01,-3.046517,-64.860813
8,99,01/23/15 02:01,-3.055709,-64.859081
8,99,01/23/15 04:02,-3.056998,-64.862447
8,99,01/23/15 06:01,-3.057277,-64.864492
8,99,01/23/15 08:01,-3.057813,-64.867496
8,99,01/23/15 10:01,-3.058948,-64.867935
8,99,01/23/15 12:02,-3.058962,-64.868031
8,99,01/23/15 18:00,-3.058609,-64.867756
8,99,01/23/15 22:01,-3.047778,-64.856634
8,99,01/24/15 00:00,-3.046246,-64.855831
4,99,01/24/15 06:02,-3.040033,-64.863669
4,99,01/24/15 08:01,-3.041056,-64.866942
4,99,01/24/15 10:01,-3.040744,-64.866741
4,99,01/24/15 12:01,-3.040926,-64.866845
4,99,01/24/15 14:01,-3.041821,-64.867151
4,99,01/24/15 18:00,-3.040345,-64.867334
4,99,01/24/15 20:00,-3.040514,-64.867244
3,99,01/25/15 04:01,-3.033674,-64.879715
3,99,01/25/15 06:01,-3.041804,-64.881334
3,99,01/25/15 08:00,-3.039492,-64.88148
3,99,01/25/15 10:01,-3.039024,-64.881397
3,99,01/25/15 12:01,-3.03944,-64.881494
3,99,01/25/15 14:01,-3.039526,-64.881191
3,99,01/25/15 18:01,-3.039111,-64.881351
3,99,01/25/15 20:02,-3.039367,-64.881535
4,99,01/25/15 22:02,-3.038661,-64.878784
3,99,01/26/15 04:01,-3.036614,-64.885979
3,99,01/26/15 06:02,-3.030007,-64.888716
3,99,01/26/15 08:01,-3.031142,-64.889489
3,99,01/26/15 12:02,-3.031081,-64.889673
3,99,01/26/15 14:02,-3.031197,-64.889685
3,99,01/26/15 16:02,-3.033745,-64.889131
3,99,01/26/15 20:00,-3.034023,-64.889151
3,99,01/26/15 22:01,-3.033913,-64.889195
3,99,01/27/15 04:02,-3.038265,-64.886914
3,99,01/27/15 06:01,-3.038519,-64.886958
3,99,01/27/15 08:00,-3.038534,-64.886861
3,99,01/27/15 10:00,-3.038554,-64.886971
3,99,01/27/15 12:02,-3.038189,-64.886897
3,99,01/27/15 14:00,-3.038244,-64.886881
3,99,01/27/15 16:02,-3.038462,-64.886777
3,99,01/27/15 18:02,-3.041013,-64.887335
3,99,01/27/15 20:02,-3.042466,-64.885785
3,99,01/27/15 22:00,-3.040979,-64.886762
2,99,01/28/15 04:01,-3.051845,-64.888953
2,99,01/28/15 06:01,-3.051855,-64.889078
2,99,01/28/15 10:01,-3.051817,-64.88909
2,99,01/28/15 12:01,-3.051825,-64.889112
2,99,01/28/15 14:01,-3.052373,-64.888757
2,99,01/28/15 16:00,-3.05241,-64.888893
2,99,01/28/15 18:00,-3.052341,-64.888891
2,99,01/28/15 20:01,-3.053982,-64.892208
2,99,01/28/15 22:01,-3.052433,-64.884315
3,99,01/29/15 00:00,-3.048759,-64.887286
3,99,01/29/15 02:02,-3.051548,-64.893046
3,99,01/29/15 04:01,-3.05138,-64.89312
3,99,01/29/15 06:01,-3.051641,-64.893269
3,99,01/29/15 08:00,-3.051754,-64.893425
3,99,01/29/15 10:01,-3.051781,-64.893541
3,99,01/29/15 16:01,-3.05247,-64.897409
3,99,01/29/15 20:02,-3.052444,-64.897373
3,99,01/30/15 00:00,-3.052397,-64.897347
3,99,01/30/15 04:01,-3.051536,-64.893013
3,99,01/30/15 06:01,-3.051476,-64.893009
3,99,01/30/15 08:00,-3.051509,-64.893123
3,99,01/30/15 12:01,-3.051429,-64.893209
3,99,01/30/15 20:02,-3.050848,-64.893657
2,99,01/31/15 02:00,-3.053709,-64.892127
2,99,01/31/15 04:02,-3.05568,-64.888408
2,99,01/31/15 06:01,-3.055996,-64.886503
2,99,01/31/15 08:01,-3.055852,-64.886998
2,99,01/31/15 12:01,-3.053283,-64.892787
2,99,01/31/15 14:02,-3.053185,-64.89279
2,99,01/31/15 16:00,-3.053259,-64.89276
2,99,01/31/15 22:00,-3.053287,-64.892775
2,99,02/01/15 00:02,-3.053852,-64.893183
3,99,02/01/15 04:03,-3.050323,-64.903266
3,99,02/01/15 08:01,-3.047175,-64.893185
3,99,02/01/15 10:00,-3.048521,-64.893102
3,99,02/01/15 12:00,-3.048259,-64.893059
3,99,02/01/15 14:01,-3.048122,-64.892881
2,99,02/01/15 20:01,-3.053547,-64.891773
2,99,02/02/15 00:02,-3.056542,-64.892619
2,99,02/02/15 04:02,-3.059702,-64.879837
2,99,02/02/15 06:00,-3.060021,-64.878424
2,99,02/02/15 08:00,-3.060069,-64.878316
7,99,02/03/15 06:01,-3.077824,-64.866636
7,99,02/03/15 08:01,-3.077729,-64.866637
7,99,02/03/15 10:01,-3.077656,-64.86666
7,99,02/03/15 12:00,-3.077658,-64.866674
7,99,02/03/15 16:03,-3.077931,-64.866718
7,99,02/03/15 20:00,-3.080283,-64.865456
7,99,02/04/15 00:01,-3.080129,-64.865245
7,99,02/04/15 02:00,-3.080269,-64.865212
7,99,02/04/15 04:00,-3.090887,-64.876374
7,99,02/04/15 06:00,-3.090801,-64.876485
7,99,02/04/15 08:02,-3.090876,-64.876415
7,99,02/04/15 10:02,-3.086362,-64.872967
7,99,02/04/15 20:01,-3.071981,-64.871131
2,99,02/05/15 06:02,-3.068914,-64.877285
2,99,02/05/15 10:02,-3.066971,-64.879302
7,99,02/05/15 16:02,-3.079765,-64.873759
7,99,02/05/15 18:00,-3.079795,-64.873456
7,99,02/05/15 20:01,-3.079865,-64.873404
7,99,02/05/15 22:01,-3.079937,-64.873435
7,99,02/06/15 00:00,-3.079796,-64.87339
7,99,02/06/15 02:00,-3.079913,-64.873565
7,99,02/06/15 04:02,-3.077216,-64.871777
2,99,02/06/15 08:02,-3.062845,-64.873932
2,99,02/06/15 10:02,-3.060037,-64.888358
8,99,02/06/15 20:00,-3.058538,-64.867952
8,99,02/07/15 00:00,-3.063023,-64.857094
8,99,02/07/15 02:00,-3.063074,-64.85705
8,99,02/07/15 04:02,-3.068515,-64.853775
8,99,02/07/15 06:01,-3.068472,-64.853867
8,99,02/07/15 10:03,-3.056904,-64.852092
8,99,02/07/15 12:01,-3.047339,-64.856779
4,99,02/07/15 16:01,-3.052598,-64.869587
4,99,02/07/15 18:00,-3.052514,-64.869578
4,99,02/07/15 20:01,-3.051655,-64.870187
4,99,02/07/15 22:01,-3.056121,-64.87087
7,99,02/08/15 00:00,-3.073201,-64.859057
1,99,02/08/15 04:00,-3.073869,-64.852186
1,99,02/08/15 08:01,-3.067276,-64.852329
1,99,02/08/15 10:01,-3.06741,-64.852036
1,99,02/08/15 12:00,-3.067313,-64.852133
8,99,02/09/15 00:01,-3.054819,-64.859248
8,99,02/09/15 02:02,-3.054707,-64.859273
8,99,02/09/15 08:01,-3.062932,-64.857854
8,99,02/09/15 10:00,-3.065922,-64.854456
8,99,02/09/15 14:01,-3.065974,-64.854472
8,99,02/09/15 16:00,-3.066063,-64.854559
8,99,02/09/15 18:00,-3.066029,-64.854493
8,99,02/09/15 20:00,-3.066157,-64.853403
8,99,02/10/15 08:02,-3.066033,-64.853722
1,99,02/10/15 12:02,-3.066194,-64.848461
1,99,02/10/15 14:01,-3.066071,-64.848454
1,99,02/10/15 16:01,-3.066258,-64.848417
1,99,02/10/15 18:02,-3.066665,-64.848181
1,99,02/11/15 02:01,-3.068282,-64.846929
1,99,02/11/15 04:00,-3.068227,-64.846969
1,99,02/11/15 06:00,-3.068341,-64.846959
1,99,02/11/15 12:01,-3.070728,-64.84271
1,99,02/11/15 14:01,-3.071319,-64.842652
1,99,02/11/15 16:01,-3.071491,-64.842206
1,99,02/11/15 18:01,-3.070857,-64.838009
1,99,02/11/15 20:01,-3.070821,-64.838094
1,99,02/11/15 22:01,-3.070895,-64.838013
1,99,02/12/15 00:01,-3.070922,-64.838045
1,99,02/12/15 02:01,-3.070843,-64.838018
1,99,02/12/15 06:00,-3.056776,-64.841217
1,99,02/12/15 08:01,-3.05686,-64.840951
1,99,02/12/15 10:00,-3.056922,-64.840744
1,99,02/12/15 12:01,-3.056884,-64.839673
1,99,02/12/15 14:01,-3.056798,-64.839861
1,99,02/13/15 02:02,-3.078552,-64.850146
1,99,02/13/15 06:01,-3.081985,-64.851245
1,99,02/13/15 08:01,-3.081791,-64.85111
1,99,02/13/15 10:00,-3.081833,-64.851421
1,99,02/13/15 14:00,-3.081865,-64.851344
1,99,02/13/15 20:00,-3.077564,-64.849277
6,99,02/14/15 00:02,-3.090214,-64.850825
6,99,02/14/15 02:01,-3.090027,-64.84577
1,99,02/14/15 04:01,-3.080686,-64.849073
1,99,02/14/15 06:02,-3.079054,-64.85039
1,99,02/14/15 08:01,-3.075306,-64.85334
8,99,02/14/15 12:01,-3.060179,-64.852408
8,99,02/14/15 14:01,-3.060154,-64.852507
8,99,02/14/15 22:02,-3.059811,-64.854656
1,99,02/15/15 02:01,-3.056858,-64.840959
1,99,02/15/15 06:01,-3.065606,-64.831863
1,99,02/15/15 08:03,-3.065973,-64.832682
6,99,02/15/15 12:00,-3.07828,-64.83693
6,99,02/15/15 14:01,-3.078204,-64.836916
6,99,02/15/15 20:02,-3.092981,-64.827787
1,99,02/16/15 18:02,-3.063628,-64.844523
1,99,02/16/15 20:01,-3.07106,-64.842881
6,99,02/17/15 00:01,-3.089902,-64.849737
6,99,02/17/15 02:01,-3.094639,-64.841553
6,99,02/17/15 04:01,-3.096204,-64.839183
6,99,02/17/15 06:01,-3.09615,-64.839008
6,99,02/17/15 08:02,-3.097776,-64.836528
6,99,02/17/15 10:00,-3.098203,-64.833134
6,99,02/17/15 12:00,-3.098276,-64.833207
6,99,02/17/15 14:01,-3.098389,-64.83287
6,99,02/17/15 22:01,-3.097739,-64.832478
6,99,02/18/15 00:03,-3.091262,-64.833142
6,99,02/18/15 06:01,-3.085287,-64.841703
6,99,02/18/15 08:01,-3.085367,-64.841878
6,99,02/18/15 10:00,-3.082671,-64.841086
6,99,02/18/15 12:01,-3.0831,-64.845434
6,99,02/18/15 16:00,-3.083205,-64.845459
1,99,02/19/15 04:01,-3.077717,-64.848826
1,99,02/19/15 06:00,-3.073966,-64.849455
1,99,02/19/15 08:02,-3.073965,-64.849264
1,99,02/19/15 14:01,-3.07239,-64.847344
1,99,02/19/15 20:02,-3.07242,-64.847182
1,99,02/19/15 22:01,-3.072287,-64.852232
1,99,02/20/15 00:01,-3.069647,-64.854317
8,99,02/20/15 02:00,-3.064306,-64.854828
8,99,02/20/15 04:02,-3.058728,-64.857022
8,99,02/20/15 06:01,-3.057889,-64.85199
8,99,02/20/15 08:02,-3.059063,-64.851094
1,99,02/20/15 10:02,-3.064762,-64.846334
1,99,02/20/15 14:01,-3.063839,-64.844642
1,99,02/20/15 18:00,-3.063602,-64.844524
1,99,02/20/15 22:02,-3.063676,-64.837904
1,99,02/21/15 00:01,-3.066019,-64.839517
1,99,02/21/15 02:01,-3.071677,-64.849564
1,99,02/21/15 04:01,-3.072754,-64.851566
1,99,02/21/15 06:01,-3.072882,-64.851555
7,99,02/21/15 12:02,-3.076539,-64.858429
7,99,02/21/15 16:01,-3.076484,-64.858621
7,99,02/21/15 18:01,-3.076569,-64.858621
7,99,02/21/15 20:01,-3.075265,-64.860514
7,99,02/21/15 22:02,-3.074573,-64.862344
7,99,02/22/15 02:02,-3.073466,-64.863431
8,99,02/22/15 08:01,-3.066273,-64.864824
8,99,02/22/15 10:01,-3.066386,-64.864624
8,99,02/22/15 12:01,-3.066465,-64.864734
8,99,02/22/15 16:01,-3.064515,-64.868889
8,99,02/22/15 18:02,-3.058999,-64.861751
8,99,02/22/15 20:02,-3.056266,-64.859949
8,99,02/23/15 00:02,-3.056233,-64.859853
8,99,02/23/15 02:01,-3.05607,-64.859778
8,99,02/23/15 04:00,-3.056184,-64.85963
8,99,02/23/15 06:02,-3.053847,-64.85801
8,99,02/23/15 14:01,-3.0534,-64.857677
8,99,02/23/15 16:02,-3.056175,-64.859608
8,99,02/23/15 18:01,-3.052869,-64.856143
8,99,02/23/15 20:02,-3.050075,-64.85704
8,99,02/23/15 22:00,-3.049396,-64.855667
8,99,02/24/15 00:00,-3.049319,-64.855708
8,99,02/24/15 02:00,-3.049425,-64.855688
8,99,02/24/15 04:00,-3.049222,-64.855681
8,99,02/24/15 08:02,-3.06714,-64.854151
8,99,02/24/15 10:01,-3.065967,-64.853341
8,99,02/24/15 16:00,-3.065949,-64.853427
8,99,02/24/15 18:01,-3.06554,-64.853759
8,99,02/24/15 20:01,-3.065358,-64.85397
8,99,02/25/15 00:01,-3.060528,-64.856326
8,99,02/25/15 02:00,-3.060434,-64.856412
8,99,02/25/15 04:01,-3.060871,-64.857232
8,99,02/25/15 06:01,-3.058166,-64.856212
8,99,02/25/15 08:01,-3.058119,-64.855859
8,99,02/25/15 12:02,-3.045016,-64.843383
8,99,02/26/15 00:02,-3.051171,-64.848507
8,99,02/26/15 04:01,-3.048291,-64.848085
8,99,02/26/15 06:01,-3.05052,-64.847557
8,99,02/26/15 14:02,-3.052665,-64.847598
8,99,02/26/15 20:02,-3.050121,-64.847563
8,99,02/27/15 00:01,-3.051103,-64.852761
8,99,02/27/15 02:00,-3.05088,-64.85178
8,99,02/27/15 04:00,-3.050327,-64.847356
8,99,02/27/15 08:01,-3.053861,-64.842855
8,99,02/27/15 10:01,-3.052191,-64.842499
8,99,02/27/15 18:00,-3.050623,-64.845543
8,99,02/27/15 20:03,-3.055772,-64.846009
8,99,02/28/15 00:01,-3.054409,-64.844986
1,99,02/28/15 02:02,-3.059099,-64.845489
1,99,02/28/15 04:00,-3.059086,-64.845578
1,99,02/28/15 08:00,-3.059112,-64.845539
1,99,02/28/15 10:01,-3.059091,-64.845468
1,99,02/28/15 12:02,-3.058919,-64.845561
1,99,02/28/15 16:01,-3.059541,-64.845761
8,99,02/28/15 22:00,-3.049655,-64.844352
8,99,03/01/15 02:01,-3.03866,-64.84562
8,99,03/01/15 04:01,-3.038385,-64.845455
8,99,03/01/15 08:00,-3.051538,-64.84713
8,99,03/01/15 10:02,-3.05172,-64.847491
8,99,03/01/15 16:01,-3.057975,-64.856717
8,99,03/01/15 18:00,-3.058111,-64.856655
8,99,03/01/15 22:01,-3.068463,-64.858873
8,99,03/02/15 02:00,-3.065926,-64.865552
8,99,03/02/15 04:01,-3.066091,-64.865633
8,99,03/02/15 06:01,-3.065879,-64.865478
8,99,03/02/15 10:01,-3.066033,-64.865532
8,99,03/02/15 12:01,-3.06568,-64.865993
8,99,03/02/15 14:01,-3.065806,-64.866021
7,99,03/03/15 00:01,-3.067154,-64.872273
2,99,03/03/15 02:00,-3.062175,-64.874446
4,99,03/03/15 04:01,-3.057771,-64.871037
8,99,03/03/15 06:02,-3.053557,-64.865585
8,99,03/03/15 08:01,-3.053532,-64.865193
8,99,03/03/15 10:01,-3.053188,-64.865623
8,99,03/03/15 12:01,-3.053047,-64.865511
8,99,03/03/15 14:02,-3.053106,-64.865484
8,99,03/03/15 16:01,-3.053143,-64.865587
8,99,03/03/15 18:00,-3.058583,-64.867835
8,99,03/03/15 20:00,-3.059169,-64.868189
8,99,03/04/15 06:01,-3.062688,-64.864387
8,99,03/04/15 08:00,-3.062445,-64.864321
8,99,03/04/15 14:01,-3.067825,-64.858963
7,99,03/04/15 18:00,-3.078545,-64.856953
1,99,03/04/15 20:01,-3.080042,-64.853422
1,99,03/04/15 22:01,-3.083979,-64.851536
7,99,03/05/15 04:02,-3.088822,-64.857568
7,99,03/05/15 06:00,-3.088828,-64.858263
7,99,03/05/15 10:01,-3.083892,-64.859516
1,99,03/05/15 16:01,-3.078578,-64.848861
1,99,03/05/15 18:00,-3.07844,-64.848549
1,99,03/05/15 22:02,-3.07798,-64.847646
1,99,03/06/15 00:00,-3.078054,-64.847579
1,99,03/06/15 02:01,-3.077906,-64.847591
1,99,03/06/15 06:01,-3.070518,-64.847566
1,99,03/06/15 08:00,-3.070362,-64.847563
1,99,03/06/15 10:02,-3.070393,-64.847673
1,99,03/06/15 12:01,-3.070421,-64.847845
1,99,03/06/15 14:01,-3.070341,-64.847815
1,99,03/06/15 16:00,-3.069978,-64.848485
1,99,03/06/15 18:01,-3.069942,-64.848384
1,99,03/06/15 20:02,-3.069983,-64.848455
1,99,03/06/15 22:01,-3.069952,-64.848352
1,99,03/07/15 00:00,-3.069926,-64.848436
1,99,03/07/15 02:01,-3.069992,-64.848445
1,99,03/07/15 04:00,-3.070027,-64.848461
1,99,03/07/15 06:01,-3.070019,-64.848447
1,99,03/07/15 08:00,-3.069913,-64.848375
1,99,03/07/15 10:00,-3.069999,-64.848413
1,99,03/07/15 12:00,-3.069915,-64.848398
1,99,03/07/15 14:01,-3.069929,-64.848444
1,99,03/07/15 16:00,-3.070009,-64.848396
1,99,03/07/15 18:00,-3.069958,-64.848437
1,99,03/07/15 20:00,-3.068915,-64.849021
7,99,03/08/15 00:00,-3.085692,-64.856472
7,99,03/08/15 06:01,-3.08872,-64.856942
7,99,03/08/15 08:02,-3.088666,-64.857034
7,99,03/08/15 14:02,-3.088938,-64.856935
7,99,03/08/15 18:02,-3.088357,-64.857148
7,99,03/08/15 20:01,-3.088337,-64.863618
7,99,03/09/15 04:01,-3.093877,-64.861641
7,99,03/09/15 06:01,-3.093891,-64.861825
7,99,03/09/15 10:01,-3.095579,-64.854232
7,99,03/09/15 16:02,-3.094606,-64.854594
6,99,03/10/15 04:02,-3.096286,-64.833094
6,99,03/10/15 10:00,-3.097119,-64.833559
6,99,03/10/15 12:01,-3.097376,-64.833001
6,99,03/10/15 14:01,-3.097308,-64.832973
6,99,03/10/15 18:02,-3.094044,-64.828813
6,99,03/10/15 20:02,-3.103243,-64.82738
6,99,03/11/15 04:01,-3.092919,-64.835647
6,99,03/11/15 06:00,-3.092944,-64.835642
6,99,03/11/15 08:00,-3.092881,-64.835672
6,99,03/11/15 10:00,-3.09293,-64.835614
6,99,03/11/15 12:00,-3.093111,-64.836485
6,99,03/11/15 14:01,-3.09522,-64.838103
6,99,03/11/15 16:00,-3.095996,-64.837715
6,99,03/11/15 18:00,-3.096421,-64.837912
6,99,03/11/15 20:00,-3.096079,-64.837852
6,99,03/11/15 22:02,-3.099894,-64.838346
6,99,03/12/15 02:03,-3.099619,-64.838146
6,99,03/12/15 06:00,-3.100474,-64.837963
6,99,03/12/15 08:02,-3.100806,-64.838344
6,99,03/12/15 10:02,-3.100907,-64.838353
6,99,03/12/15 12:01,-3.100806,-64.838492
6,99,03/13/15 04:01,-3.094283,-64.830472
6,99,03/13/15 06:01,-3.093936,-64.830261
6,99,03/13/15 08:02,-3.094134,-64.830358
6,99,03/13/15 12:02,-3.093833,-64.830522
6,99,03/13/15 14:01,-3.094321,-64.830594
6,99,03/13/15 16:00,-3.092749,-64.828197
6,99,03/14/15 04:01,-3.09512,-64.827045
6,99,03/14/15 06:00,-3.095174,-64.826908
6,99,03/14/15 08:00,-3.095037,-64.827049
6,99,03/14/15 12:01,-3.095527,-64.82603
6,99,03/14/15 14:01,-3.091284,-64.825355
6,99,03/14/15 16:01,-3.0891,-64.825554
6,99,03/14/15 18:00,-3.08833,-64.825032
6,99,03/14/15 20:00,-3.088509,-64.82485
6,99,03/14/15 22:01,-3.088573,-64.824692
6,99,03/15/15 02:03,-3.093457,-64.830287
6,99,03/15/15 08:02,-3.103623,-64.830191
6,99,03/15/15 18:02,-3.101175,-64.832186
6,99,03/16/15 00:01,-3.101416,-64.832181
6,99,03/16/15 06:00,-3.102188,-64.831233
6,99,03/16/15 10:00,-3.101934,-64.836638
6,99,03/16/15 14:01,-3.101919,-64.836566
6,99,03/16/15 20:02,-3.101922,-64.843795
6,99,03/17/15 00:01,-3.098912,-64.851518
6,99,03/17/15 06:02,-3.096585,-64.850188
6,99,03/18/15 00:00,-3.093659,-64.840843
6,99,03/18/15 02:00,-3.093712,-64.840884
6,99,03/18/15 04:00,-3.093681,-64.840826
6,99,03/18/15 08:01,-3.104384,-64.836364
6,99,03/18/15 10:01,-3.104077,-64.836888
6,99,03/18/15 14:00,-3.103818,-64.83777
6,99,03/18/15 18:03,-3.103663,-64.837858
6,99,03/18/15 22:01,-3.09652,-64.840329
6,99,03/19/15 00:01,-3.092254,-64.837692
6,99,03/19/15 08:01,-3.085082,-64.847078
6,99,03/19/15 10:01,-3.08546,-64.846643
6,99,03/19/15 12:01,-3.085427,-64.846776
6,99,03/19/15 14:01,-3.08535,-64.846737
6,99,03/19/15 18:00,-3.086812,-64.84016
6,99,03/19/15 20:00,-3.08867,-64.838643
6,99,03/19/15 22:00,-3.08955,-64.839306
6,99,03/20/15 00:00,-3.089564,-64.839252
6,99,03/20/15 02:01,-3.089458,-64.839429
6,99,03/20/15 06:00,-3.084925,-64.842422
6,99,03/20/15 08:01,-3.084906,-64.8424
6,99,03/20/15 10:00,-3.08511,-64.842637
6,99,03/20/15 12:00,-3.084868,-64.842616
6,99,03/20/15 14:00,-3.084993,-64.842473
6,99,03/20/15 16:01,-3.084998,-64.842513
6,99,03/20/15 18:01,-3.085131,-64.842515
6,99,03/21/15 00:00,-3.083072,-64.832872
6,99,03/21/15 02:01,-3.08299,-64.832964
6,99,03/21/15 06:01,-3.080573,-64.840006
6,99,03/21/15 08:00,-3.080506,-64.839801
6,99,03/21/15 10:00,-3.080588,-64.839835
6,99,03/21/15 12:01,-3.080501,-64.839907
6,99,03/21/15 14:00,-3.080532,-64.839979
6,99,03/21/15 16:01,-3.08061,-64.839892
1,99,03/21/15 18:01,-3.077802,-64.841694
1,99,03/21/15 20:01,-3.078112,-64.841522
1,99,03/21/15 22:02,-3.080363,-64.844462
1,99,03/22/15 00:00,-3.080433,-64.844423
1,99,03/22/15 02:01,-3.080428,-64.844511
6,99,03/22/15 06:00,-3.084034,-64.846327
6,99,03/22/15 08:00,-3.084028,-64.846329
1,99,03/22/15 10:02,-3.082175,-64.852594
1,99,03/22/15 14:02,-3.081966,-64.853083
1,99,03/22/15 16:02,-3.082202,-64.852692
7,99,03/22/15 18:00,-3.082019,-64.85422
7,99,03/22/15 20:01,-3.081913,-64.854344
7,99,03/22/15 22:00,-3.081964,-64.854275
7,99,03/23/15 00:01,-3.081865,-64.854289
1,99,03/23/15 04:02,-3.075322,-64.854831
1,99,03/23/15 08:02,-3.08223,-64.853569
1,99,03/23/15 10:02,-3.082114,-64.853427
7,99,03/23/15 12:01,-3.082131,-64.856953
1,99,03/23/15 18:00,-3.079854,-64.849226
1,99,03/23/15 20:01,-3.077839,-64.847526
1,99,03/24/15 00:00,-3.080328,-64.844489
8,99,03/24/15 08:02,-3.069872,-64.859023
8,99,03/24/15 10:01,-3.069885,-64.859036
8,99,03/24/15 12:02,-3.069822,-64.859075
8,99,03/24/15 14:00,-3.069958,-64.859083
8,99,03/24/15 16:01,-3.069883,-64.859153
8,99,03/24/15 18:00,-3.06727,-64.856979
8,99,03/24/15 20:01,-3.067235,-64.856941
1,99,03/24/15 22:00,-3.071138,-64.851737
1,99,03/25/15 00:01,-3.07445,-64.842691
1,99,03/25/15 02:01,-3.074509,-64.842693
1,99,03/25/15 04:00,-3.074572,-64.842709
1,99,03/25/15 06:00,-3.074521,-64.842754
1,99,03/25/15 08:00,-3.074502,-64.842743
1,99,03/25/15 10:00,-3.074508,-64.842751
1,99,03/25/15 12:00,-3.074541,-64.842801
1,99,03/25/15 14:00,-3.074419,-64.842806
1,99,03/25/15 16:00,-3.074504,-64.842736
1,99,03/25/15 18:01,-3.073319,-64.841131
1,99,03/26/15 00:01,-3.067916,-64.837549
1,99,03/26/15 02:00,-3.068238,-64.837436
1,99,03/26/15 04:00,-3.068137,-64.837392
1,99,03/26/15 06:01,-3.068604,-64.839835
1,99,03/26/15 08:01,-3.070649,-64.840026
1,99,03/26/15 10:00,-3.070674,-64.840005
1,99,03/26/15 12:01,-3.070713,-64.839962
1,99,03/26/15 14:01,-3.070714,-64.839961
1,99,03/26/15 16:00,-3.070648,-64.839969
1,99,03/26/15 18:00,-3.070672,-64.840038
1,99,03/26/15 20:01,-3.077664,-64.84218
1,99,03/26/15 22:01,-3.077618,-64.842288
1,99,03/27/15 00:01,-3.077242,-64.841288
1,99,03/27/15 02:02,-3.078418,-64.845572
1,99,03/27/15 04:00,-3.081687,-64.848759
1,99,03/27/15 06:00,-3.081661,-64.84883
1,99,03/27/15 10:00,-3.077982,-64.847615
1,99,03/27/15 12:00,-3.07799,-64.847568
1,99,03/27/15 14:00,-3.077964,-64.847751
1,99,03/27/15 16:00,-3.077914,-64.847606
1,99,03/27/15 20:00,-3.077838,-64.847517
6,99,03/27/15 22:00,-3.09058,-64.840912
6,99,03/28/15 00:03,-3.092027,-64.836818
6,99,03/28/15 02:00,-3.091522,-64.836194
6,99,03/28/15 04:01,-3.09156,-64.836376
6,99,03/28/15 06:01,-3.091563,-64.836404
6,99,03/28/15 08:00,-3.093002,-64.836605
6,99,03/28/15 10:00,-3.092891,-64.836669
6,99,03/28/15 12:00,-3.092907,-64.836713
6,99,03/28/15 14:00,-3.092915,-64.836722
6,99,03/28/15 16:01,-3.09298,-64.836807
6,99,03/28/15 18:00,-3.092743,-64.836747
6,99,03/28/15 20:01,-3.09278,-64.836603
6,99,03/29/15 00:00,-3.093506,-64.839855
6,99,03/29/15 02:01,-3.093442,-64.839891
6,99,03/29/15 04:00,-3.093392,-64.839772
6,99,03/29/15 06:00,-3.093331,-64.840105
6,99,03/29/15 08:00,-3.09357,-64.839921
6,99,03/29/15 10:01,-3.093425,-64.839842
6,99,03/29/15 12:00,-3.093473,-64.839846
6,99,03/29/15 14:01,-3.09354,-64.840043
6,99,03/29/15 16:00,-3.093572,-64.839856
6,99,03/29/15 18:00,-3.093912,-64.840054
6,99,03/30/15 00:01,-3.091396,-64.827024
6,99,03/30/15 02:00,-3.091138,-64.82707
6,99,03/30/15 06:01,-3.091916,-64.825052
6,99,03/30/15 08:01,-3.091974,-64.824956
6,99,03/30/15 10:00,-3.091917,-64.824891
6,99,03/30/15 12:00,-3.091879,-64.824854
6,99,03/30/15 14:01,-3.091892,-64.825088
6,99,03/30/15 16:00,-3.091883,-64.824943
6,99,03/30/15 18:01,-3.088592,-64.825154
6,99,03/30/15 20:01,-3.087878,-64.825675
6,99,03/30/15 22:01,-3.084838,-64.826949
6,99,03/31/15 00:00,-3.084901,-64.826748
6,99,03/31/15 02:00,-3.084876,-64.826907
6,99,03/31/15 04:00,-3.084828,-64.826503
6,99,03/31/15 06:00,-3.084924,-64.826858
6,99,03/31/15 08:01,-3.084682,-64.826883
6,99,03/31/15 10:00,-3.084816,-64.826942
6,99,03/31/15 14:00,-3.085627,-64.824034
6,99,03/31/15 16:00,-3.085638,-64.824044
6,99,03/31/15 18:00,-3.083555,-64.822983
6,99,03/31/15 20:01,-3.080498,-64.824732
6,99,03/31/15 22:01,-3.080495,-64.824575
6,99,04/01/15 02:00,-3.080496,-64.824683
6,99,04/01/15 04:00,-3.08052,-64.824712
6,99,04/01/15 06:01,-3.079289,-64.822691
6,99,04/01/15 08:00,-3.079398,-64.822731
6,99,04/01/15 10:01,-3.0793,-64.822603
6,99,04/01/15 12:00,-3.079347,-64.822815
6,99,04/01/15 14:00,-3.079362,-64.822831
6,99,04/01/15 16:00,-3.079648,-64.822701
6,99,04/01/15 18:01,-3.080444,-64.822754
6,99,04/01/15 20:02,-3.088245,-64.825555
6,99,04/01/15 22:02,-3.088338,-64.825191
6,99,04/02/15 00:01,-3.080898,-64.824052
6,99,04/02/15 02:01,-3.080895,-64.824047
6,99,04/02/15 04:01,-3.081087,-64.824014
6,99,04/02/15 06:01,-3.079365,-64.822867
6,99,04/02/15 08:00,-3.079411,-64.822808
6,99,04/02/15 10:00,-3.079351,-64.822774
6,99,04/02/15 12:01,-3.079272,-64.822971
6,99,04/02/15 14:00,-3.079326,-64.822797
6,99,04/02/15 16:00,-3.079369,-64.822773
6,99,04/02/15 18:00,-3.079388,-64.822894
6,99,04/02/15 20:01,-3.075595,-64.824987
6,99,04/02/15 22:00,-3.075475,-64.825081
6,99,04/03/15 00:01,-3.075234,-64.824865
6,99,04/03/15 02:01,-3.073628,-64.824629
6,99,04/03/15 04:01,-3.073024,-64.823773
6,99,04/03/15 06:01,-3.073413,-64.82391
6,99,04/03/15 08:01,-3.073658,-64.824611
6,99,04/03/15 10:00,-3.073556,-64.824565
6,99,04/03/15 12:01,-3.073725,-64.824664
6,99,04/03/15 14:02,-3.073778,-64.824601
6,99,04/03/15 16:00,-3.073707,-64.824673
6,99,04/03/15 18:01,-3.073625,-64.824577
6,99,04/03/15 20:00,-3.073665,-64.824639
6,99,04/04/15 00:01,-3.073531,-64.824605
6,99,04/04/15 02:00,-3.073547,-64.824629
6,99,04/04/15 04:00,-3.073709,-64.824476
6,99,04/04/15 06:01,-3.073673,-64.824718
6,99,04/04/15 08:00,-3.07361,-64.824557
6,99,04/04/15 10:00,-3.073582,-64.824577
6,99,04/04/15 12:02,-3.073599,-64.824544
6,99,04/04/15 14:01,-3.073581,-64.824631
6,99,04/04/15 16:00,-3.073758,-64.82451
6,99,04/04/15 18:01,-3.072816,-64.827041
6,99,04/04/15 20:00,-3.072786,-64.827097
6,99,04/04/15 22:00,-3.073371,-64.828366
6,99,04/05/15 00:00,-3.073379,-64.828345
6,99,04/05/15 02:00,-3.073384,-64.828319
6,99,04/05/15 04:00,-3.073755,-64.826899
6,99,04/05/15 06:01,-3.074851,-64.827209
6,99,04/05/15 08:00,-3.074958,-64.827261
6,99,04/05/15 10:01,-3.074911,-64.827354
6,99,04/05/15 12:00,-3.074916,-64.827291
6,99,04/05/15 14:01,-3.0749,-64.827172
6,99,04/05/15 18:00,-3.075945,-64.82741
6,99,04/05/15 22:00,-3.079212,-64.827276
6,99,04/06/15 00:00,-3.079187,-64.827248
6,99,04/06/15 02:00,-3.07924,-64.827162
6,99,04/06/15 04:01,-3.079258,-64.827275
6,99,04/06/15 06:00,-3.07752,-64.829893
6,99,04/06/15 08:00,-3.077529,-64.82998
6,99,04/06/15 10:00,-3.077466,-64.829987
6,99,04/06/15 12:00,-3.077472,-64.829993
6,99,04/06/15 14:00,-3.077314,-64.83003
6,99,04/06/15 16:00,-3.077479,-64.82996
6,99,04/06/15 18:00,-3.077715,-64.829346
6,99,04/06/15 22:02,-3.071558,-64.825471
6,99,04/07/15 02:01,-3.071622,-64.825383
6,99,04/07/15 04:01,-3.072192,-64.824977
6,99,04/07/15 06:00,-3.072545,-64.824732
6,99,04/07/15 08:01,-3.072671,-64.824827
6,99,04/07/15 10:01,-3.07252,-64.824741
6,99,04/07/15 12:01,-3.072558,-64.824603
6,99,04/07/15 14:00,-3.072446,-64.824768
6,99,04/07/15 16:00,-3.072478,-64.824828
6,99,04/07/15 18:00,-3.072478,-64.824839
6,99,04/07/15 20:01,-3.074689,-64.820945
6,99,04/07/15 22:00,-3.077098,-64.820047
6,99,04/08/15 00:01,-3.076706,-64.821058
6,99,04/08/15 02:00,-3.080233,-64.822131
6,99,04/08/15 04:01,-3.079815,-64.82183
6,99,04/08/15 08:00,-3.079218,-64.82204
6,99,04/08/15 10:00,-3.079272,-64.822327
6,99,04/08/15 12:00,-3.079727,-64.82188
6,99,04/08/15 14:01,-3.07971,-64.821702
6,99,04/08/15 16:00,-3.08152,-64.823896
6,99,04/08/15 18:00,-3.081559,-64.823943
6,99,04/08/15 20:00,-3.081493,-64.823893
6,99,04/08/15 22:00,-3.082098,-64.821801
6,99,04/09/15 00:00,-3.081641,-64.821433
6,99,04/09/15 02:00,-3.081634,-64.821397
6,99,04/09/15 04:00,-3.081637,-64.821148
6,99,04/09/15 06:00,-3.081731,-64.821393
6,99,04/09/15 08:00,-3.081707,-64.821367
6,99,04/09/15 10:01,-3.081718,-64.821454
6,99,04/09/15 12:00,-3.081653,-64.821363
6,99,04/09/15 14:00,-3.081623,-64.821439
6,99,04/09/15 16:00,-3.081659,-64.821444
6,99,04/09/15 18:01,-3.081624,-64.82153
6,99,04/09/15 20:00,-3.079552,-64.818553
6,99,04/09/15 22:00,-3.079614,-64.818558
6,99,04/10/15 00:00,-3.079603,-64.818575
6,99,04/10/15 02:01,-3.079479,-64.818554
6,99,04/10/15 04:00,-3.079404,-64.81847
6,99,04/10/15 06:01,-3.078519,-64.819452
6,99,04/10/15 08:01,-3.078862,-64.819945
6,99,04/10/15 10:01,-3.078848,-64.819996
6,99,04/10/15 12:00,-3.078856,-64.819975
6,99,04/10/15 14:00,-3.078878,-64.820026
6,99,04/10/15 16:02,-3.078893,-64.820059
6,99,04/10/15 18:01,-3.078819,-64.820044
6,99,04/10/15 20:00,-3.07887,-64.81998
6,99,04/10/15 22:00,-3.078947,-64.82222
6,99,04/11/15 00:01,-3.079036,-64.82242
6,99,04/11/15 02:00,-3.079071,-64.822346
6,99,04/11/15 04:00,-3.079074,-64.822379
6,99,04/11/15 06:00,-3.079008,-64.822442
6,99,04/11/15 08:00,-3.079057,-64.822376
6,99,04/11/15 10:00,-3.07875,-64.822404
6,99,04/11/15 12:00,-3.078924,-64.822304
6,99,04/11/15 14:00,-3.078971,-64.822384
6,99,04/11/15 16:01,-3.07895,-64.822424
6,99,04/11/15 20:01,-3.076731,-64.825256
6,99,04/11/15 22:01,-3.079735,-64.824054
6,99,04/12/15 00:00,-3.08093,-64.823905
6,99,04/12/15 02:01,-3.07667,-64.825148
6,99,04/12/15 06:01,-3.078197,-64.827142
6,99,04/12/15 10:00,-3.077151,-64.827013
6,99,04/12/15 12:00,-3.077237,-64.827099
6,99,04/12/15 14:00,-3.077141,-64.82713
6,99,04/12/15 16:01,-3.077172,-64.827082
6,99,04/12/15 18:01,-3.077262,-64.827155
6,99,04/12/15 20:01,-3.081397,-64.831024
6,99,04/12/15 22:00,-3.082612,-64.831297
6,99,04/13/15 00:01,-3.082617,-64.831243
6,99,04/13/15 02:00,-3.082649,-64.831244
6,99,04/13/15 04:01,-3.080221,-64.833181
6,99,04/13/15 06:00,-3.080039,-64.833278
6,99,04/13/15 08:00,-3.080131,-64.833271
6,99,04/13/15 10:00,-3.080082,-64.833048
6,99,04/13/15 12:01,-3.080137,-64.833132
6,99,04/13/15 14:01,-3.080104,-64.833219
6,99,04/13/15 16:02,-3.08009,-64.833186
6,99,04/13/15 18:02,-3.081465,-64.83501
6,99,04/13/15 20:00,-3.08146,-64.834969
6,99,04/13/15 22:00,-3.081519,-64.835012
6,99,04/14/15 00:00,-3.081621,-64.835306
6,99,04/14/15 02:00,-3.081651,-64.835038
6,99,04/14/15 04:00,-3.081552,-64.835035
6,99,04/14/15 06:01,-3.083166,-64.833134
6,99,04/14/15 08:01,-3.083063,-64.833064
6,99,04/14/15 10:02,-3.083146,-64.833143
6,99,04/14/15 12:01,-3.0834,-64.833272
6,99,04/14/15 14:02,-3.083158,-64.833044
6,99,04/14/15 16:00,-3.083188,-64.833141
6,99,04/14/15 18:01,-3.083299,-64.833187
6,99,04/14/15 20:00,-3.083247,-64.833174
6,99,04/14/15 22:00,-3.083846,-64.834544
6,99,04/15/15 00:00,-3.08386,-64.834376
6,99,04/15/15 02:02,-3.084231,-64.834073
6,99,04/15/15 06:01,-3.091156,-64.841236
6,99,04/15/15 08:00,-3.091253,-64.841172
6,99,04/15/15 10:00,-3.091229,-64.841193
6,99,04/15/15 12:00,-3.091168,-64.841159
6,99,04/15/15 14:00,-3.091165,-64.8412
6,99,04/15/15 16:00,-3.091156,-64.841125
6,99,04/15/15 18:00,-3.091165,-64.841157
6,99,04/15/15 20:00,-3.091161,-64.841278
6,99,04/16/15 02:01,-3.096304,-64.835741
6,99,04/16/15 04:00,-3.096289,-64.835786
6,99,04/16/15 06:02,-3.096293,-64.835741
6,99,04/16/15 08:00,-3.096302,-64.83575
6,99,04/16/15 10:01,-3.096262,-64.835866
6,99,04/16/15 12:01,-3.095708,-64.837544
6,99,04/16/15 14:00,-3.095982,-64.837724
6,99,04/16/15 18:01,-3.096042,-64.837687
6,99,04/16/15 20:01,-3.096113,-64.837632
6,99,04/17/15 00:01,-3.095953,-64.837641
6,99,04/17/15 02:00,-3.095951,-64.837653
6,99,04/17/15 04:01,-3.095927,-64.837469
6,99,04/17/15 06:01,-3.096021,-64.837675
6,99,04/17/15 08:00,-3.096071,-64.837632
6,99,04/17/15 10:00,-3.09602,-64.837632
6,99,04/17/15 12:01,-3.096034,-64.837719
6,99,04/17/15 14:01,-3.095998,-64.837676
6,99,04/17/15 16:01,-3.096062,-64.837651
6,99,04/17/15 18:00,-3.095553,-64.839243
6,99,04/17/15 20:00,-3.095547,-64.839153
6,99,04/17/15 22:01,-3.096569,-64.840489
6,99,04/18/15 00:01,-3.097251,-64.839065
6,99,04/18/15 02:00,-3.097211,-64.839158
6,99,04/18/15 04:01,-3.097468,-64.838637
6,99,04/18/15 06:00,-3.098839,-64.834148
6,99,04/18/15 08:00,-3.099019,-64.834132
6,99,04/18/15 10:01,-3.098596,-64.835046
6,99,04/18/15 12:00,-3.098599,-64.835009
6,99,04/18/15 14:00,-3.098608,-64.834986
6,99,04/18/15 16:00,-3.098617,-64.835096
6,99,04/18/15 18:01,-3.098678,-64.835267
6,99,04/18/15 20:00,-3.098568,-64.835005
6,99,04/19/15 00:00,-3.092749,-64.837316
6,99,04/19/15 02:01,-3.092833,-64.837316
6,99,04/19/15 04:01,-3.092757,-64.837397
6,99,04/19/15 06:01,-3.092686,-64.837427
6,99,04/19/15 08:01,-3.092232,-64.837791
6,99,04/19/15 10:00,-3.092282,-64.83776
6,99,04/19/15 12:01,-3.092222,-64.837766
6,99,04/19/15 14:01,-3.092256,-64.837799
6,99,04/19/15 16:01,-3.092262,-64.837867
6,99,04/19/15 18:00,-3.091888,-64.837909
6,99,04/19/15 20:01,-3.092043,-64.837725
6,99,04/19/15 22:00,-3.093297,-64.841466
6,99,04/20/15 00:00,-3.092211,-64.842385
6,99,04/20/15 02:01,-3.092486,-64.842533
6,99,04/20/15 04:01,-3.092205,-64.842302
6,99,04/20/15 06:00,-3.092181,-64.842398
6,99,04/20/15 10:00,-3.088425,-64.848649
6,99,04/20/15 12:00,-3.088693,-64.849435
6,99,04/20/15 14:00,-3.086718,-64.850314
6,99,04/20/15 16:01,-3.086704,-64.850289
6,99,04/20/15 18:01,-3.086643,-64.850272
6,99,04/20/15 20:02,-3.086825,-64.850472
6,99,04/20/15 22:01,-3.086744,-64.850206
6,99,04/21/15 00:00,-3.086775,-64.85032
6,99,04/21/15 02:00,-3.086851,-64.850332
6,99,04/21/15 04:00,-3.087435,-64.848417
6,99,04/21/15 06:00,-3.087273,-64.848671
6,99,04/21/15 08:01,-3.08778,-64.84751
6,99,04/21/15 10:00,-3.087529,-64.848551
6,99,04/21/15 12:03,-3.087372,-64.84864
6,99,04/21/15 14:00,-3.087492,-64.848626
6,99,04/21/15 16:01,-3.087447,-64.848585
6,99,04/21/15 18:00,-3.087429,-64.848683
7,99,04/22/15 02:00,-3.077265,-64.861796
7,99,04/22/15 04:01,-3.069971,-64.869262
7,99,04/22/15 06:00,-3.070045,-64.869184
7,99,04/22/15 08:00,-3.070041,-64.869125
7,99,04/22/15 12:02,-3.068372,-64.871903
7,99,04/22/15 14:02,-3.068214,-64.871925
7,99,04/22/15 18:02,-3.068112,-64.871875
7,99,04/22/15 20:00,-3.067895,-64.869094
7,99,04/22/15 22:00,-3.068694,-64.868607
7,99,04/23/15 00:02,-3.069387,-64.868664
7,99,04/23/15 02:01,-3.070353,-64.869651
7,99,04/23/15 14:01,-3.068591,-64.871628
7,99,04/23/15 16:02,-3.071819,-64.869077
7,99,04/23/15 18:01,-3.071972,-64.869006
7,99,04/23/15 20:02,-3.072012,-64.869019
7,99,04/24/15 00:00,-3.071886,-64.868898
7,99,04/24/15 02:01,-3.071933,-64.868962
7,99,04/24/15 04:01,-3.072105,-64.868916
7,99,04/24/15 06:01,-3.071984,-64.868969
7,99,04/24/15 08:01,-3.071973,-64.868939
7,99,04/24/15 10:01,-3.071981,-64.868901
7,99,04/24/15 12:00,-3.071967,-64.868958
7,99,04/24/15 14:00,-3.071908,-64.868826
7,99,04/24/15 16:02,-3.07193,-64.868808
7,99,04/24/15 18:01,-3.073126,-64.871172
7,99,04/24/15 20:00,-3.078629,-64.872547
7,99,04/24/15 22:01,-3.08012,-64.873414
7,99,04/25/15 00:01,-3.078355,-64.873975
7,99,04/25/15 02:00,-3.078356,-64.874012
7,99,04/25/15 06:01,-3.078321,-64.873889
7,99,04/25/15 08:00,-3.078219,-64.87385
7,99,04/25/15 10:01,-3.078054,-64.873892
7,99,04/25/15 12:02,-3.078225,-64.873887
7,99,04/25/15 14:00,-3.078391,-64.87366
7,99,04/25/15 16:00,-3.078388,-64.874033
7,99,04/25/15 18:00,-3.078185,-64.873946
7,99,04/25/15 20:01,-3.078228,-64.873914
7,99,04/25/15 22:01,-3.078113,-64.874007
7,99,04/26/15 00:00,-3.078221,-64.873912
7,99,04/26/15 02:02,-3.072407,-64.868552
7,99,04/26/15 04:00,-3.078213,-64.873928
7,99,04/26/15 06:00,-3.078387,-64.873859
7,99,04/26/15 08:02,-3.070107,-64.872731
7,99,04/26/15 10:01,-3.070106,-64.872547
7,99,04/26/15 12:00,-3.070142,-64.872652
7,99,04/26/15 14:00,-3.07017,-64.872696
7,99,04/26/15 16:00,-3.070213,-64.872692
7,99,04/26/15 18:00,-3.070168,-64.872833
7,99,04/26/15 20:00,-3.070194,-64.872799
7,99,04/26/15 22:00,-3.070173,-64.872742
7,99,04/27/15 00:00,-3.070156,-64.872834
7,99,04/27/15 02:00,-3.070152,-64.872753
7,99,04/27/15 04:01,-3.070137,-64.872992
7,99,04/27/15 06:01,-3.069982,-64.872399
7,99,04/27/15 08:01,-3.07,-64.872697
7,99,04/27/15 10:00,-3.070266,-64.873083
7,99,04/27/15 12:02,-3.070164,-64.872738
7,99,04/27/15 14:00,-3.070138,-64.872849
7,99,04/27/15 16:00,-3.070165,-64.872784
7,99,04/27/15 18:01,-3.070133,-64.872846
7,99,04/27/15 20:01,-3.0702,-64.873094
7,99,04/28/15 00:01,-3.069732,-64.875517
7,99,04/28/15 02:00,-3.069954,-64.875599
7,99,04/28/15 04:01,-3.069997,-64.875354
7,99,04/28/15 06:00,-3.069952,-64.875455
7,99,04/28/15 08:01,-3.070016,-64.875532
7,99,04/28/15 14:01,-3.071847,-64.871717
7,99,04/28/15 16:00,-3.071858,-64.871656
7,99,04/28/15 18:01,-3.072997,-64.87142
7,99,04/28/15 20:01,-3.072347,-64.867523
7,99,04/28/15 22:00,-3.073018,-64.865652
7,99,04/29/15 00:00,-3.072914,-64.865631
7,99,04/29/15 02:00,-3.07293,-64.865649
7,99,04/29/15 06:03,-3.071275,-64.869257
7,99,04/29/15 08:02,-3.071257,-64.869303
7,99,04/29/15 10:01,-3.071374,-64.869191
7,99,04/29/15 12:01,-3.071327,-64.869169
7,99,04/29/15 14:00,-3.071343,-64.869146
7,99,04/29/15 18:02,-3.07136,-64.869336
8,99,04/29/15 22:02,-3.060853,-64.862854
8,99,04/30/15 00:00,-3.058368,-64.86033
8,99,04/30/15 02:00,-3.058308,-64.860445
8,99,04/30/15 04:00,-3.058391,-64.860393
8,99,04/30/15 06:01,-3.058391,-64.860412
8,99,04/30/15 08:01,-3.058353,-64.860502
8,99,04/30/15 10:00,-3.05839,-64.860421
8,99,04/30/15 12:01,-3.058328,-64.860339
8,99,04/30/15 14:00,-3.058322,-64.860408
8,99,04/30/15 16:00,-3.058359,-64.860413
8,99,04/30/15 18:02,-3.056067,-64.862939
4,99,04/30/15 20:01,-3.052844,-64.868341
4,99,04/30/15 22:00,-3.053246,-64.86798
4,99,05/01/15 00:00,-3.051744,-64.867459
4,99,05/01/15 02:00,-3.05174,-64.867505
4,99,05/01/15 04:00,-3.051707,-64.867458
4,99,05/01/15 06:01,-3.051795,-64.867453
4,99,05/01/15 08:00,-3.051774,-64.867633
4,99,05/01/15 12:00,-3.051772,-64.867668
4,99,05/01/15 14:00,-3.051672,-64.867603
4,99,05/01/15 16:01,-3.051596,-64.867733
4,99,05/01/15 18:02,-3.049557,-64.868194
4,99,05/01/15 20:01,-3.052404,-64.871312
4,99,05/01/15 22:00,-3.052583,-64.869593
4,99,05/02/15 00:01,-3.052583,-64.869431
4,99,05/02/15 02:00,-3.052537,-64.869403
4,99,05/02/15 04:00,-3.052525,-64.869445
4,99,05/02/15 06:01,-3.052908,-64.86927
4,99,05/02/15 08:00,-3.052592,-64.869445
4,99,05/02/15 10:00,-3.052611,-64.869433
4,99,05/02/15 14:00,-3.052593,-64.86946
4,99,05/02/15 16:00,-3.052718,-64.86961
4,99,05/02/15 20:01,-3.050391,-64.86985
4,99,05/02/15 22:01,-3.050606,-64.870111
4,99,05/03/15 02:00,-3.05069,-64.870073
4,99,05/03/15 04:01,-3.049445,-64.867952
4,99,05/03/15 06:00,-3.049356,-64.867888
4,99,05/03/15 08:01,-3.049539,-64.867857
4,99,05/03/15 10:01,-3.049392,-64.867978
4,99,05/03/15 12:01,-3.049492,-64.867798
4,99,05/03/15 14:00,-3.049471,-64.867859
4,99,05/03/15 16:00,-3.049401,-64.867829
4,99,05/03/15 18:00,-3.049367,-64.867843
4,99,05/03/15 20:01,-3.047803,-64.864268
4,99,05/03/15 22:01,-3.045499,-64.864799
4,99,05/04/15 04:01,-3.04577,-64.86501
4,99,05/04/15 06:01,-3.045801,-64.865075
4,99,05/04/15 08:00,-3.04589,-64.86511
4,99,05/04/15 10:00,-3.045741,-64.865163
4,99,05/04/15 12:00,-3.045845,-64.865086
4,99,05/04/15 14:00,-3.045794,-64.865063
4,99,05/04/15 16:00,-3.045878,-64.865114
4,99,05/04/15 18:01,-3.045198,-64.866608
4,99,05/04/15 20:00,-3.045606,-64.867312
4,99,05/04/15 22:03,-3.045635,-64.867284
4,99,05/05/15 00:00,-3.04566,-64.86722
4,99,05/05/15 02:01,-3.045665,-64.867158
4,99,05/05/15 04:00,-3.045545,-64.867124
4,99,05/05/15 06:00,-3.044747,-64.865988
4,99,05/05/15 08:01,-3.044467,-64.86636
4,99,05/05/15 10:00,-3.041539,-64.864344
4,99,05/05/15 12:00,-3.041464,-64.864506
4,99,05/05/15 14:00,-3.041482,-64.864425
4,99,05/05/15 16:01,-3.041493,-64.864507
4,99,05/05/15 18:00,-3.04151,-64.864349
4,99,05/05/15 22:01,-3.039315,-64.867424
4,99,05/06/15 00:01,-3.043387,-64.871313
4,99,05/06/15 02:00,-3.043263,-64.871396
4,99,05/06/15 04:00,-3.043366,-64.871316
4,99,05/06/15 08:00,-3.043166,-64.870382
4,99,05/06/15 10:00,-3.043361,-64.87131
4,99,05/06/15 12:01,-3.043439,-64.871589
4,99,05/06/15 14:00,-3.043346,-64.871275
4,99,05/06/15 16:02,-3.043372,-64.871468
4,99,05/06/15 18:01,-3.043479,-64.871352
4,99,05/06/15 20:02,-3.042918,-64.877355
4,99,05/06/15 22:00,-3.041651,-64.879255
4,99,05/07/15 00:00,-3.041536,-64.879183
4,99,05/07/15 02:00,-3.041616,-64.879148
4,99,05/07/15 06:00,-3.03628,-64.869253
4,99,05/07/15 08:01,-3.038009,-64.869707
4,99,05/07/15 10:01,-3.038205,-64.869551
4,99,05/07/15 12:00,-3.038035,-64.869737
4,99,05/07/15 14:00,-3.037964,-64.869755
4,99,05/07/15 16:00,-3.037988,-64.869713
4,99,05/07/15 18:01,-3.037908,-64.869792
4,99,05/07/15 20:00,-3.040079,-64.868788
4,99,05/07/15 22:01,-3.039991,-64.868533
4,99,05/08/15 00:00,-3.039998,-64.868777
4,99,05/08/15 04:00,-3.044737,-64.866053
4,99,05/08/15 06:01,-3.044661,-64.86602
4,99,05/08/15 08:01,-3.045582,-64.865621
4,99,05/08/15 10:00,-3.044799,-64.866182
4,99,05/08/15 12:01,-3.044837,-64.866037
4,99,05/08/15 14:01,-3.044756,-64.866077
4,99,05/08/15 16:01,-3.044641,-64.865945
4,99,05/08/15 18:01,-3.044732,-64.866059
4,99,05/08/15 20:00,-3.045735,-64.868895
4,99,05/08/15 22:00,-3.041173,-64.866402
4,99,05/09/15 00:01,-3.041765,-64.860612
4,99,05/09/15 02:00,-3.041779,-64.860545
4,99,05/09/15 04:00,-3.041787,-64.860503
4,99,05/09/15 06:00,-3.041883,-64.860483
4,99,05/09/15 08:02,-3.041824,-64.860538
4,99,05/09/15 10:02,-3.041919,-64.860388
4,99,05/09/15 12:00,-3.04189,-64.860565
4,99,05/09/15 14:00,-3.041817,-64.860606
4,99,05/09/15 16:00,-3.041869,-64.86072
4,99,05/09/15 18:01,-3.041906,-64.860523
4,99,05/09/15 20:00,-3.041876,-64.860535
4,99,05/09/15 22:01,-3.04482,-64.861188
4,99,05/10/15 00:01,-3.048005,-64.862785
4,99,05/10/15 02:00,-3.04792,-64.862487
4,99,05/10/15 04:01,-3.047957,-64.862528
4,99,05/10/15 06:01,-3.048011,-64.862582
4,99,05/10/15 08:01,-3.048015,-64.862619
4,99,05/10/15 10:00,-3.047965,-64.862576
4,99,05/10/15 12:00,-3.047982,-64.862532
4,99,05/10/15 14:01,-3.047942,-64.862553
4,99,05/10/15 16:00,-3.047863,-64.86254
4,99,05/10/15 18:01,-3.052434,-64.867644
4,99,05/10/15 20:00,-3.052442,-64.867668
4,99,05/10/15 22:00,-3.052435,-64.867741
4,99,05/11/15 00:00,-3.052357,-64.867648
4,99,05/11/15 02:01,-3.052275,-64.867504
4,99,05/11/15 04:00,-3.054004,-64.869377
4,99,05/11/15 06:01,-3.058273,-64.87153
4,99,05/11/15 08:01,-3.05834,-64.871581
4,99,05/11/15 10:01,-3.056919,-64.873747
4,99,05/11/15 12:00,-3.056924,-64.873816
4,99,05/11/15 14:00,-3.056855,-64.873765
4,99,05/11/15 16:01,-3.054116,-64.877158
4,99,05/11/15 18:01,-3.053909,-64.877116
4,99,05/11/15 20:00,-3.053928,-64.877121
4,99,05/11/15 22:00,-3.050092,-64.869211
4,99,05/12/15 00:00,-3.050095,-64.869152
4,99,05/12/15 02:00,-3.050079,-64.869203
4,99,05/12/15 04:00,-3.050049,-64.869194
4,99,05/12/15 06:00,-3.050081,-64.869187
8,99,05/12/15 12:00,-3.052479,-64.861009
8,99,05/12/15 14:00,-3.052407,-64.860917
8,99,05/12/15 18:00,-3.05247,-64.860968
8,99,05/12/15 20:01,-3.052433,-64.86094
8,99,05/12/15 22:00,-3.055994,-64.86123
8,99,05/13/15 00:00,-3.052258,-64.859638
8,99,05/13/15 02:01,-3.052195,-64.859359
8,99,05/13/15 04:01,-3.052178,-64.859235
8,99,05/13/15 06:00,-3.052499,-64.856507
8,99,05/13/15 08:00,-3.052476,-64.85651
8,99,05/13/15 10:00,-3.052464,-64.856609
8,99,05/13/15 12:00,-3.052452,-64.856701
8,99,05/13/15 14:01,-3.052411,-64.856447
8,99,05/13/15 16:01,-3.052517,-64.85608
8,99,05/13/15 18:01,-3.052712,-64.8558
8,99,05/13/15 20:00,-3.052715,-64.855829
8,99,05/13/15 22:00,-3.052852,-64.855848
8,99,05/14/15 00:00,-3.052717,-64.855875
8,99,05/14/15 02:00,-3.052773,-64.855894
8,99,05/14/15 04:00,-3.050245,-64.854949
8,99,05/14/15 06:00,-3.050304,-64.85469
8,99,05/14/15 10:01,-3.049414,-64.857265
8,99,05/14/15 12:00,-3.049512,-64.857304
8,99,05/14/15 14:02,-3.049517,-64.857349
8,99,05/14/15 16:01,-3.049489,-64.857424
8,99,05/14/15 18:00,-3.049479,-64.857263
8,99,05/14/15 20:00,-3.049442,-64.857458
8,99,05/14/15 22:00,-3.049481,-64.857285
8,99,05/15/15 00:01,-3.049553,-64.85735
8,99,05/15/15 02:01,-3.04952,-64.857355
8,99,05/15/15 04:00,-3.049507,-64.857384
8,99,05/15/15 06:00,-3.048848,-64.859326
8,99,05/15/15 08:01,-3.048671,-64.859383
8,99,05/15/15 10:00,-3.04857,-64.859437
8,99,05/15/15 12:00,-3.048629,-64.859385
8,99,05/15/15 14:01,-3.048673,-64.859399
8,99,05/15/15 16:00,-3.048706,-64.859408
8,99,05/15/15 18:01,-3.048653,-64.859371
4,99,05/15/15 22:01,-3.047016,-64.863792
4,99,05/16/15 00:00,-3.047237,-64.86369
4,99,05/16/15 02:00,-3.047255,-64.863664
8,99,05/16/15 06:00,-3.056046,-64.862851
8,99,05/16/15 08:00,-3.056025,-64.862817
8,99,05/16/15 10:00,-3.05606,-64.862818
8,99,05/16/15 12:00,-3.056039,-64.86288
8,99,05/16/15 14:00,-3.056066,-64.862799
8,99,05/16/15 16:00,-3.056052,-64.862921
8,99,05/16/15 18:00,-3.055897,-64.862732
8,99,05/16/15 20:01,-3.056006,-64.862937
8,99,05/17/15 00:00,-3.05837,-64.860434
8,99,05/17/15 02:00,-3.058417,-64.860329
8,99,05/17/15 04:00,-3.058307,-64.860447
8,99,05/17/15 06:00,-3.058401,-64.860347
8,99,05/17/15 08:00,-3.058315,-64.8604
8,99,05/17/15 10:00,-3.058368,-64.86027
8,99,05/17/15 12:00,-3.05834,-64.860452
8,99,05/17/15 14:01,-3.058368,-64.860153
8,99,05/17/15 16:00,-3.058377,-64.860396
8,99,05/17/15 18:00,-3.058396,-64.860477
8,99,05/17/15 20:01,-3.058404,-64.860479
8,99,05/17/15 22:01,-3.058432,-64.860485
8,99,05/18/15 00:00,-3.058202,-64.860364
8,99,05/18/15 02:00,-3.058262,-64.860481
8,99,05/18/15 04:01,-3.057982,-64.862033
8,99,05/18/15 06:01,-3.058047,-64.862085
8,99,05/18/15 08:01,-3.058132,-64.862094
8,99,05/18/15 10:00,-3.057993,-64.862059
8,99,05/18/15 12:01,-3.057919,-64.862108
8,99,05/18/15 14:00,-3.058013,-64.862105
8,99,05/18/15 16:00,-3.058009,-64.862121
8,99,05/18/15 18:02,-3.058042,-64.862111
8,99,05/18/15 20:00,-3.057884,-64.862117
8,99,05/19/15 00:00,-3.057272,-64.864501
8,99,05/19/15 02:00,-3.057307,-64.864488
8,99,05/19/15 04:00,-3.05725,-64.86443
8,99,05/19/15 06:00,-3.057464,-64.864352
8,99,05/19/15 08:02,-3.057281,-64.86424
8,99,05/19/15 10:01,-3.057397,-64.864201
8,99,05/19/15 12:02,-3.057206,-64.864485
8,99,05/19/15 14:01,-3.057278,-64.864419
8,99,05/19/15 16:01,-3.057316,-64.864383
8,99,05/19/15 18:00,-3.057287,-64.864423
8,99,05/19/15 20:00,-3.057169,-64.864452
8,99,05/19/15 22:00,-3.057247,-64.864323
8,99,05/20/15 00:00,-3.057188,-64.864196
8,99,05/20/15 02:00,-3.057345,-64.864435
8,99,05/20/15 04:00,-3.058324,-64.864279
8,99,05/20/15 06:00,-3.059005,-64.864532
8,99,05/20/15 08:00,-3.059007,-64.864439
8,99,05/20/15 10:00,-3.059047,-64.864467
8,99,05/20/15 12:00,-3.058982,-64.864556
8,99,05/20/15 14:00,-3.059066,-64.864481
8,99,05/20/15 16:01,-3.059103,-64.864469
8,99,05/20/15 18:00,-3.063718,-64.859751
8,99,05/20/15 20:00,-3.063876,-64.859743
8,99,05/20/15 22:00,-3.063624,-64.859859
8,99,05/21/15 00:00,-3.064193,-64.859657
8,99,05/21/15 02:00,-3.063876,-64.859721
8,99,05/21/15 04:00,-3.065192,-64.858371
8,99,05/21/15 06:00,-3.065133,-64.858363
8,99,05/21/15 08:00,-3.065212,-64.858403
8,99,05/21/15 10:01,-3.065464,-64.858605
8,99,05/21/15 12:00,-3.065391,-64.858598
8,99,05/21/15 14:00,-3.065471,-64.858554
8,99,05/21/15 16:00,-3.065369,-64.858624
8,99,05/21/15 18:01,-3.065532,-64.858635
8,99,05/21/15 20:00,-3.065348,-64.858603
8,99,05/21/15 22:00,-3.06541,-64.858595
8,99,05/22/15 02:01,-3.067301,-64.8579
8,99,05/22/15 04:01,-3.067321,-64.857939
8,99,05/22/15 06:00,-3.067351,-64.857895
8,99,05/22/15 08:02,-3.067368,-64.857351
8,99,05/22/15 10:00,-3.06746,-64.857369
8,99,05/22/15 12:00,-3.067485,-64.857319
8,99,05/22/15 14:00,-3.067382,-64.857329
8,99,05/22/15 16:01,-3.067415,-64.857411
1,99,05/22/15 18:00,-3.073075,-64.853069
1,99,05/22/15 20:00,-3.073106,-64.852898
1,99,05/22/15 22:01,-3.07307,-64.852921
1,99,05/23/15 00:00,-3.073163,-64.852931
1,99,05/23/15 02:00,-3.070128,-64.849586
1,99,05/23/15 04:01,-3.069995,-64.848339
1,99,05/23/15 06:01,-3.069962,-64.84839
1,99,05/23/15 08:00,-3.06996,-64.848375
1,99,05/23/15 10:01,-3.069965,-64.848252
1,99,05/23/15 12:00,-3.070078,-64.848366
1,99,05/23/15 14:00,-3.069943,-64.848467
1,99,05/23/15 16:00,-3.069862,-64.848404
1,99,05/23/15 18:01,-3.06998,-64.848331
1,99,05/23/15 20:01,-3.069972,-64.848411
1,99,05/23/15 22:02,-3.074781,-64.845167
1,99,05/24/15 00:01,-3.078025,-64.841486
1,99,05/24/15 02:01,-3.07823,-64.841577
1,99,05/24/15 06:00,-3.075882,-64.852933
1,99,05/24/15 08:00,-3.075802,-64.852601
1,99,05/24/15 10:01,-3.075082,-64.853618
1,99,05/24/15 12:01,-3.07578,-64.853589
1,99,05/24/15 14:02,-3.075798,-64.853706
1,99,05/24/15 16:02,-3.078473,-64.850668
1,99,05/24/15 18:00,-3.07847,-64.850694
1,99,05/24/15 20:01,-3.078434,-64.85074
1,99,05/24/15 22:01,-3.079863,-64.84599
1,99,05/25/15 00:03,-3.079786,-64.846124
1,99,05/25/15 02:00,-3.079828,-64.845959
1,99,05/25/15 04:02,-3.079891,-64.845986
1,99,05/25/15 06:00,-3.07995,-64.845949
1,99,05/25/15 08:01,-3.079899,-64.845908
1,99,05/25/15 10:01,-3.07988,-64.845927
1,99,05/25/15 12:01,-3.079803,-64.846049
1,99,05/25/15 14:01,-3.08002,-64.845871
1,99,05/25/15 16:00,-3.079929,-64.845913
6,99,05/25/15 20:01,-3.093331,-64.840365
6,99,05/25/15 22:00,-3.093358,-64.840297
6,99,05/26/15 00:00,-3.093341,-64.84034
6,99,05/26/15 02:00,-3.093237,-64.84034
6,99,05/26/15 04:01,-3.093105,-64.836785
6,99,05/26/15 06:00,-3.092834,-64.836762
6,99,05/26/15 08:00,-3.092821,-64.836654
6,99,05/26/15 10:00,-3.092858,-64.836718
6,99,05/26/15 12:01,-3.092794,-64.836819
6,99,05/26/15 14:00,-3.092871,-64.836703
6,99,05/26/15 16:00,-3.09297,-64.836711
6,99,05/26/15 18:00,-3.092882,-64.836756
6,99,05/26/15 22:01,-3.093843,-64.827067
6,99,05/27/15 00:00,-3.091091,-64.828062
6,99,05/27/15 02:00,-3.09108,-64.828206
6,99,05/27/15 04:00,-3.09097,-64.828073
6,99,05/27/15 06:00,-3.091004,-64.82809
6,99,05/27/15 08:02,-3.09352,-64.832303
6,99,05/27/15 10:00,-3.093499,-64.832126
6,99,05/27/15 12:01,-3.093619,-64.832202
6,99,05/27/15 14:01,-3.093559,-64.832365
6,99,05/27/15 16:00,-3.093588,-64.832297
6,99,05/27/15 18:00,-3.091419,-64.836212
6,99,05/27/15 20:01,-3.091527,-64.836243
6,99,05/27/15 22:00,-3.091519,-64.836158
6,99,05/28/15 00:00,-3.091579,-64.836259
6,99,05/28/15 02:01,-3.091531,-64.836209
6,99,05/28/15 04:01,-3.091524,-64.836232
6,99,05/28/15 08:00,-3.086483,-64.835056
6,99,05/28/15 10:00,-3.086417,-64.835195
6,99,05/28/15 12:00,-3.086447,-64.835117
6,99,05/28/15 14:01,-3.086333,-64.835135
6,99,05/28/15 16:00,-3.086447,-64.835073
6,99,05/28/15 18:01,-3.086524,-64.835717
6,99,05/28/15 20:01,-3.08911,-64.838526
6,99,05/29/15 00:01,-3.082111,-64.833652
6,99,05/29/15 02:00,-3.082079,-64.83355
6,99,05/29/15 04:01,-3.082087,-64.833707
6,99,05/29/15 06:01,-3.081801,-64.834385
6,99,05/29/15 08:00,-3.081806,-64.834424
6,99,05/29/15 10:00,-3.081761,-64.834332
6,99,05/29/15 12:00,-3.081781,-64.83445
6,99,05/29/15 14:01,-3.08167,-64.834432
6,99,05/29/15 16:00,-3.081599,-64.834307
6,99,05/29/15 18:01,-3.07984,-64.832465
6,99,05/29/15 20:00,-3.079827,-64.832338
6,99,05/29/15 22:01,-3.079432,-64.829548
6,99,05/30/15 00:00,-3.079476,-64.829562
6,99,05/30/15 02:00,-3.079489,-64.829577
6,99,05/30/15 04:00,-3.078656,-64.828866
6,99,05/30/15 06:01,-3.07863,-64.828978
6,99,05/30/15 08:00,-3.078688,-64.829133
6,99,05/30/15 10:00,-3.078626,-64.82906
6,99,05/30/15 12:00,-3.078646,-64.829133
6,99,05/30/15 14:00,-3.078658,-64.829108
6,99,05/30/15 16:00,-3.078646,-64.829175
6,99,05/30/15 18:00,-3.078668,-64.829068
6,99,05/30/15 20:02,-3.080946,-64.824048
6,99,05/30/15 22:01,-3.080929,-64.824094
6,99,05/31/15 00:01,-3.081015,-64.823743
6,99,05/31/15 02:00,-3.080965,-64.82399
6,99,05/31/15 04:00,-3.080424,-64.824756
6,99,05/31/15 06:00,-3.080806,-64.824096
6,99,05/31/15 08:01,-3.081022,-64.823987
6,99,05/31/15 10:02,-3.080862,-64.823998
6,99,05/31/15 12:02,-3.080848,-64.824038
6,99,05/31/15 16:01,-3.080986,-64.823993
6,99,05/31/15 18:00,-3.080998,-64.824065
6,99,05/31/15 20:01,-3.08094,-64.824134
6,99,05/31/15 22:01,-3.08094,-64.82403
6,99,06/01/15 00:00,-3.080888,-64.823998
6,99,06/01/15 04:00,-3.078673,-64.820999
6,99,06/01/15 06:00,-3.078645,-64.82088
6,99,06/01/15 08:00,-3.078745,-64.821043
6,99,06/01/15 10:00,-3.078871,-64.821214
6,99,06/01/15 12:00,-3.078657,-64.820986
6,99,06/01/15 14:01,-3.078732,-64.821077
6,99,06/01/15 16:01,-3.078614,-64.821016
6,99,06/01/15 20:00,-3.077823,-64.820515
6,99,06/01/15 22:01,-3.073072,-64.820565
6,99,06/02/15 02:02,-3.079516,-64.829582
6,99,06/02/15 04:01,-3.08348,-64.828505
6,99,06/02/15 06:00,-3.083377,-64.828479
6,99,06/02/15 08:00,-3.08331,-64.828419
6,99,06/02/15 10:00,-3.083355,-64.828509
6,99,06/02/15 12:00,-3.083474,-64.828404
6,99,06/02/15 14:00,-3.083338,-64.828442
6,99,06/02/15 16:00,-3.083272,-64.82828
6,99,06/02/15 20:00,-3.088791,-64.825413
6,99,06/02/15 22:00,-3.088844,-64.824234
6,99,06/03/15 00:00,-3.088844,-64.824209
6,99,06/03/15 02:01,-3.088399,-64.822021
6,99,06/03/15 04:00,-3.090011,-64.819933
6,99,06/03/15 06:00,-3.089613,-64.819748
6,99,06/03/15 08:01,-3.089801,-64.819744
6,99,06/03/15 10:01,-3.089965,-64.819678
6,99,06/03/15 12:00,-3.089414,-64.81992
6,99,06/03/15 14:02,-3.089824,-64.819663
6,99,06/03/15 16:01,-3.089757,-64.819744
6,99,06/03/15 18:01,-3.086936,-64.820267
6,99,06/03/15 20:00,-3.086594,-64.82121
6,99,06/03/15 22:01,-3.086553,-64.821214
6,99,06/04/15 00:01,-3.086594,-64.821156
6,99,06/04/15 02:00,-3.086616,-64.821158
6,99,06/04/15 04:01,-3.086585,-64.821131
6,99,06/04/15 06:01,-3.086555,-64.821135
6,99,06/04/15 08:01,-3.086596,-64.821087
6,99,06/04/15 10:02,-3.086497,-64.821079
6,99,06/04/15 12:00,-3.086534,-64.821177
6,99,06/04/15 14:00,-3.086561,-64.821099
6,99,06/04/15 16:00,-3.086535,-64.821243
6,99,06/04/15 18:01,-3.084063,-64.821077
6,99,06/04/15 20:01,-3.081629,-64.821702
6,99,06/04/15 22:00,-3.081193,-64.821635
6,99,06/05/15 00:01,-3.081675,-64.821495
6,99,06/05/15 02:00,-3.081694,-64.82146
6,99,06/05/15 04:00,-3.081647,-64.821348
6,99,06/05/15 06:00,-3.081687,-64.821496
6,99,06/05/15 08:00,-3.081708,-64.821425
6,99,06/05/15 10:00,-3.081687,-64.821407
6,99,06/05/15 12:00,-3.081647,-64.821416
6,99,06/05/15 14:00,-3.081734,-64.821431
6,99,06/05/15 16:01,-3.08171,-64.821489
6,99,06/05/15 18:02,-3.08167,-64.821897
6,99,06/05/15 22:00,-3.081523,-64.821655
6,99,06/06/15 02:01,-3.080348,-64.817112
6,99,06/06/15 04:00,-3.079451,-64.816886
6,99,06/06/15 06:01,-3.081438,-64.817641
6,99,06/06/15 08:00,-3.080873,-64.818562
6,99,06/06/15 10:00,-3.080935,-64.818557
6,99,06/06/15 12:00,-3.080877,-64.818582
6,99,06/06/15 14:00,-3.080938,-64.818566
6,99,06/06/15 16:00,-3.080942,-64.818611
6,99,06/06/15 18:00,-3.080911,-64.818627
6,99,06/06/15 22:00,-3.083946,-64.818351
6,99,06/07/15 00:00,-3.083913,-64.818325
6,99,06/07/15 02:00,-3.083944,-64.818351
6,99,06/07/15 04:00,-3.084002,-64.81829
6,99,06/07/15 06:00,-3.083955,-64.818414
6,99,06/07/15 08:00,-3.083965,-64.818321
6,99,06/07/15 10:00,-3.084018,-64.818322
6,99,06/07/15 12:00,-3.084045,-64.818363
6,99,06/07/15 14:01,-3.083965,-64.818375
6,99,06/07/15 16:02,-3.08385,-64.818361
6,99,06/07/15 18:01,-3.081599,-64.821503
6,99,06/07/15 20:01,-3.079558,-64.827398
6,99,06/07/15 22:00,-3.079492,-64.827572
6,99,06/08/15 00:01,-3.07949,-64.82774
6,99,06/08/15 02:01,-3.079444,-64.827712
6,99,06/08/15 04:01,-3.075613,-64.83137
6,99,06/08/15 06:01,-3.075516,-64.831354
6,99,06/08/15 08:00,-3.075533,-64.83148
6,99,06/08/15 10:01,-3.075475,-64.83146
6,99,06/08/15 12:00,-3.075509,-64.831413
6,99,06/08/15 14:00,-3.075541,-64.831336
6,99,06/08/15 16:01,-3.075566,-64.8315
1,99,06/08/15 20:00,-3.072291,-64.833942
1,99,06/08/15 22:00,-3.072408,-64.833845
1,99,06/09/15 00:00,-3.072658,-64.834479
1,99,06/09/15 02:01,-3.073195,-64.838096
1,99,06/09/15 04:03,-3.073053,-64.837765
1,99,06/09/15 06:00,-3.073287,-64.838191
1,99,06/09/15 08:00,-3.073221,-64.838086
1,99,06/09/15 10:00,-3.07326,-64.838314
1,99,06/09/15 12:02,-3.073136,-64.83802
1,99,06/09/15 14:00,-3.073243,-64.838281
1,99,06/09/15 16:00,-3.073135,-64.838061
6,99,06/09/15 20:00,-3.080546,-64.839794
6,99,06/09/15 22:00,-3.080586,-64.839799
6,99,06/10/15 00:00,-3.080639,-64.839902
6,99,06/10/15 02:02,-3.080598,-64.839883
6,99,06/10/15 04:01,-3.083512,-64.835879
6,99,06/10/15 06:00,-3.083621,-64.835778
6,99,06/10/15 08:00,-3.08366,-64.835883
6,99,06/10/15 10:00,-3.083666,-64.835851
6,99,06/10/15 12:00,-3.083604,-64.835845
6,99,06/10/15 14:00,-3.0836,-64.835817
6,99,06/10/15 16:00,-3.083636,-64.835873
6,99,06/10/15 18:02,-3.081905,-64.832565
6,99,06/10/15 20:01,-3.081732,-64.832517
6,99,06/10/15 22:00,-3.082339,-64.832068
6,99,06/11/15 00:00,-3.082648,-64.831361
6,99,06/11/15 02:01,-3.082641,-64.831326
6,99,06/11/15 04:01,-3.083397,-64.831988
6,99,06/11/15 06:00,-3.083449,-64.8319
6,99,06/11/15 08:02,-3.083411,-64.831973
6,99,06/11/15 10:01,-3.083439,-64.831977
6,99,06/11/15 12:00,-3.083415,-64.83196
6,99,06/11/15 14:02,-3.083404,-64.83194
6,99,06/11/15 16:01,-3.083398,-64.832005
6,99,06/11/15 18:00,-3.08347,-64.831922
6,99,06/11/15 20:02,-3.077348,-64.831755
1,99,06/11/15 22:00,-3.075618,-64.833344
1,99,06/12/15 02:00,-3.072265,-64.833867
1,99,06/12/15 04:00,-3.072377,-64.833891
1,99,06/12/15 06:02,-3.071708,-64.833887
1,99,06/12/15 08:00,-3.072304,-64.833827
1,99,06/12/15 10:00,-3.07229,-64.8339
1,99,06/12/15 12:00,-3.072279,-64.833903
1,99,06/12/15 14:00,-3.072214,-64.833908
1,99,06/12/15 18:01,-3.06369,-64.837995
1,99,06/12/15 20:02,-3.063569,-64.837864
1,99,06/12/15 22:02,-3.062174,-64.838891
1,99,06/13/15 00:00,-3.061855,-64.839674
1,99,06/13/15 02:01,-3.061904,-64.839766
1,99,06/13/15 04:02,-3.062629,-64.839326
1,99,06/13/15 06:00,-3.062779,-64.839503
1,99,06/13/15 08:00,-3.062737,-64.839403
1,99,06/13/15 10:01,-3.062701,-64.839237
1,99,06/13/15 12:00,-3.062755,-64.83941
1,99,06/13/15 14:01,-3.062773,-64.839271
1,99,06/13/15 16:01,-3.063123,-64.840297
1,99,06/13/15 18:00,-3.062974,-64.840239
1,99,06/13/15 20:01,-3.06301,-64.840236
1,99,06/14/15 00:01,-3.067936,-64.838824
1,99,06/14/15 02:00,-3.067882,-64.838834
1,99,06/14/15 04:00,-3.06791,-64.838834
1,99,06/14/15 06:01,-3.067652,-64.838726
1,99,06/14/15 08:00,-3.067999,-64.837426
1,99,06/14/15 10:01,-3.068141,-64.837618
1,99,06/14/15 12:02,-3.068207,-64.837614
1,99,06/14/15 14:00,-3.068114,-64.837413
1,99,06/14/15 16:01,-3.068112,-64.837434
1,99,06/14/15 18:00,-3.067775,-64.837641
1,99,06/14/15 20:00,-3.06811,-64.837406
1,99,06/14/15 22:01,-3.067971,-64.837318
1,99,06/15/15 00:00,-3.068009,-64.837406
1,99,06/15/15 02:01,-3.06814,-64.837629
1,99,06/15/15 04:01,-3.067519,-64.838864
1,99,06/15/15 06:01,-3.068619,-64.839447
1,99,06/15/15 08:00,-3.068671,-64.839383
1,99,06/15/15 10:00,-3.068705,-64.839288
1,99,06/15/15 12:01,-3.068623,-64.83939
1,99,06/15/15 14:01,-3.068637,-64.839317
1,99,06/15/15 18:02,-3.071527,-64.840218
1,99,06/15/15 20:01,-3.071543,-64.840139
1,99,06/15/15 22:00,-3.071563,-64.840039
1,99,06/16/15 00:00,-3.071527,-64.840146
1,99,06/16/15 02:01,-3.07153,-64.840087
1,99,06/16/15 04:01,-3.071468,-64.840136
1,99,06/16/15 06:00,-3.071607,-64.840066
1,99,06/16/15 08:00,-3.071499,-64.840134
1,99,06/16/15 10:00,-3.071649,-64.840052
1,99,06/16/15 12:01,-3.071609,-64.840096
1,99,06/16/15 14:00,-3.071559,-64.840043
1,99,06/16/15 16:00,-3.071515,-64.840102
1,99,06/16/15 18:00,-3.071737,-64.840071
1,99,06/16/15 20:00,-3.071574,-64.840126
1,99,06/16/15 22:00,-3.071585,-64.840033
1,99,06/17/15 00:01,-3.071562,-64.839996
1,99,06/17/15 02:00,-3.071571,-64.84012
1,99,06/17/15 04:00,-3.071514,-64.840078
1,99,06/17/15 06:00,-3.071456,-64.840049
1,99,06/17/15 08:00,-3.071627,-64.840095
1,99,06/17/15 10:02,-3.071837,-64.839859
1,99,06/17/15 12:01,-3.07155,-64.840035
1,99,06/17/15 14:01,-3.071604,-64.840063
1,99,06/17/15 16:00,-3.071565,-64.84004
1,99,06/17/15 18:00,-3.071528,-64.839971
1,99,06/17/15 20:01,-3.071532,-64.84003
1,99,06/17/15 22:01,-3.071636,-64.840154
1,99,06/18/15 00:02,-3.071575,-64.840099
1,99,06/18/15 02:00,-3.071475,-64.840011
1,99,06/18/15 04:01,-3.071599,-64.840088
1,99,06/18/15 06:01,-3.07162,-64.84009
1,99,06/18/15 08:01,-3.071656,-64.84012
1,99,06/18/15 10:00,-3.071524,-64.84005
1,99,06/18/15 12:01,-3.070704,-64.839569
1,99,06/18/15 14:00,-3.070769,-64.839686
1,99,06/18/15 16:00,-3.070992,-64.839573
1,99,06/18/15 18:00,-3.070538,-64.839621
1,99,06/18/15 20:00,-3.070771,-64.839668
1,99,06/18/15 22:00,-3.070817,-64.839527
1,99,06/19/15 00:00,-3.070834,-64.839336
1,99,06/19/15 02:01,-3.070784,-64.839601
1,99,06/19/15 04:00,-3.070794,-64.839586
1,99,06/19/15 06:01,-3.066935,-64.837626
1,99,06/19/15 08:00,-3.066984,-64.837669
1,99,06/19/15 10:01,-3.066915,-64.8378
1,99,06/19/15 12:01,-3.066902,-64.837652
1,99,06/19/15 14:01,-3.066899,-64.837786
1,99,06/19/15 16:00,-3.066864,-64.837671
1,99,06/19/15 18:01,-3.066825,-64.837487
1,99,06/19/15 20:00,-3.066944,-64.837784
1,99,06/19/15 22:00,-3.066773,-64.837931
1,99,06/20/15 00:00,-3.066859,-64.837764
1,99,06/20/15 02:00,-3.066874,-64.83761
1,99,06/20/15 04:00,-3.066884,-64.837783
1,99,06/20/15 06:00,-3.066615,-64.838109
1,99,06/20/15 08:01,-3.066586,-64.838065
1,99,06/20/15 10:00,-3.066525,-64.838081
1,99,06/20/15 14:01,-3.066581,-64.838057
1,99,06/20/15 16:00,-3.066464,-64.838237
1,99,06/20/15 18:01,-3.066564,-64.838125
1,99,06/20/15 20:01,-3.066601,-64.838166
1,99,06/20/15 22:01,-3.062975,-64.838226
1,99,06/21/15 00:02,-3.062991,-64.838194
1,99,06/21/15 02:00,-3.062836,-64.838079
1,99,06/21/15 04:00,-3.066404,-64.83573
1,99,06/21/15 06:00,-3.066487,-64.835512
1,99,06/21/15 08:00,-3.066567,-64.835408
1,99,06/21/15 10:02,-3.066386,-64.835359
1,99,06/21/15 12:00,-3.066634,-64.835458
1,99,06/21/15 14:00,-3.066567,-64.835407
1,99,06/21/15 16:01,-3.06676,-64.835692
1,99,06/21/15 18:00,-3.066647,-64.835612
1,99,06/21/15 20:00,-3.066596,-64.835476
1,99,06/21/15 22:00,-3.066578,-64.835723
1,99,06/22/15 00:00,-3.066566,-64.835577
1,99,06/22/15 02:00,-3.066598,-64.835602
1,99,06/22/15 06:00,-3.068834,-64.836005
1,99,06/22/15 08:00,-3.068902,-64.835965
1,99,06/22/15 10:01,-3.068762,-64.836075
1,99,06/22/15 14:00,-3.06878,-64.836309
1,99,06/22/15 16:01,-3.068812,-64.836264
1,99,06/22/15 18:00,-3.068752,-64.836356
1,99,06/22/15 20:01,-3.068708,-64.836261
1,99,06/22/15 22:00,-3.068709,-64.836282
1,99,06/23/15 00:00,-3.068756,-64.836178
1,99,06/23/15 02:00,-3.069067,-64.836512
1,99,06/23/15 04:01,-3.071439,-64.835486
1,99,06/23/15 06:00,-3.07143,-64.835316
1,99,06/23/15 08:01,-3.07146,-64.835469
1,99,06/23/15 10:00,-3.071475,-64.835524
1,99,06/23/15 12:00,-3.071412,-64.835432
1,99,06/23/15 16:00,-3.071458,-64.835466
1,99,06/23/15 18:00,-3.071405,-64.835476
1,99,06/23/15 20:00,-3.073827,-64.839219
1,99,06/23/15 22:00,-3.0762,-64.841777
1,99,06/24/15 00:00,-3.076216,-64.841741
1,99,06/24/15 02:00,-3.076186,-64.841744
1,99,06/24/15 04:00,-3.074553,-64.842655
1,99,06/24/15 06:00,-3.074516,-64.84273
1,99,06/24/15 10:01,-3.071105,-64.84171
1,99,06/24/15 12:00,-3.069246,-64.84075
1,99,06/24/15 14:00,-3.069266,-64.840822
1,99,06/24/15 16:00,-3.069301,-64.840894
1,99,06/24/15 18:00,-3.069253,-64.840766
1,99,06/24/15 20:01,-3.069086,-64.837984
1,99,06/24/15 22:01,-3.068133,-64.837469
1,99,06/25/15 00:00,-3.068035,-64.837366
1,99,06/25/15 02:00,-3.068196,-64.837463
1,99,06/25/15 04:00,-3.066171,-64.834756
1,99,06/25/15 06:00,-3.066112,-64.835016
1,99,06/25/15 08:00,-3.066123,-64.834941
1,99,06/25/15 10:00,-3.066055,-64.83486
1,99,06/25/15 12:00,-3.06602,-64.834922
1,99,06/25/15 14:00,-3.066042,-64.834919
1,99,06/25/15 16:00,-3.066113,-64.834894
1,99,06/25/15 18:00,-3.06624,-64.834882
1,99,06/25/15 20:00,-3.066748,-64.834523
1,99,06/25/15 22:00,-3.066798,-64.834502
1,99,06/26/15 00:00,-3.066852,-64.83446
1,99,06/26/15 02:00,-3.071268,-64.831163
1,99,06/26/15 04:00,-3.071201,-64.831051
1,99,06/26/15 08:02,-3.072213,-64.831475
1,99,06/26/15 10:00,-3.072187,-64.831389
1,99,06/26/15 12:00,-3.072188,-64.831392
1,99,06/26/15 14:01,-3.072083,-64.831886
1,99,06/26/15 16:00,-3.07334,-64.8308
1,99,06/26/15 18:00,-3.073324,-64.830932
1,99,06/26/15 20:00,-3.073497,-64.830782
1,99,06/26/15 22:00,-3.07336,-64.830889
6,99,06/27/15 02:01,-3.075236,-64.829654
6,99,06/27/15 04:01,-3.075512,-64.83149
6,99,06/27/15 06:00,-3.077601,-64.83259
6,99,06/27/15 08:02,-3.077765,-64.832605
6,99,06/27/15 10:01,-3.077677,-64.83254
6,99,06/27/15 12:00,-3.077803,-64.832831
6,99,06/27/15 14:01,-3.077697,-64.832741
6,99,06/27/15 18:00,-3.077576,-64.832625
6,99,06/27/15 20:00,-3.077471,-64.8327
6,99,06/27/15 22:00,-3.077359,-64.831651
6,99,06/28/15 00:01,-3.077341,-64.831882
6,99,06/28/15 02:01,-3.077312,-64.831782
6,99,06/28/15 04:02,-3.079957,-64.832568
6,99,06/28/15 06:00,-3.079845,-64.832454
6,99,06/28/15 08:00,-3.07974,-64.832205
6,99,06/28/15 10:01,-3.079897,-64.832468
6,99,06/28/15 12:01,-3.07984,-64.832457
6,99,06/28/15 14:00,-3.079851,-64.832477
6,99,06/28/15 16:00,-3.079719,-64.8324
6,99,06/28/15 18:00,-3.079824,-64.832526
1,99,06/29/15 00:00,-3.080172,-64.847955
1,99,06/29/15 02:00,-3.08004,-64.847946
1,99,06/29/15 04:02,-3.080055,-64.847773
6,99,06/29/15 06:01,-3.084445,-64.845652
6,99,06/29/15 08:01,-3.087107,-64.841629
6,99,06/29/15 10:00,-3.087033,-64.841397
6,99,06/29/15 14:01,-3.087112,-64.841625
6,99,06/29/15 16:01,-3.08711,-64.841549
6,99,06/29/15 18:02,-3.087064,-64.841722
6,99,06/29/15 20:00,-3.087017,-64.841747
6,99,06/29/15 22:00,-3.087016,-64.841751
6,99,06/30/15 00:00,-3.087045,-64.841829
6,99,06/30/15 02:00,-3.087083,-64.84173
6,99,06/30/15 04:02,-3.088894,-64.842699
6,99,06/30/15 06:01,-3.08827,-64.84244
6,99,06/30/15 08:00,-3.088864,-64.84264
6,99,06/30/15 10:01,-3.089453,-64.844067
6,99,06/30/15 12:01,-3.088867,-64.842658
6,99,06/30/15 14:01,-3.088885,-64.842697
6,99,06/30/15 16:00,-3.088879,-64.84258
6,99,06/30/15 18:00,-3.088734,-64.842625
6,99,06/30/15 20:01,-3.088928,-64.842599
6,99,06/30/15 22:00,-3.088821,-64.842598
6,99,07/01/15 00:01,-3.088283,-64.842301
6,99,07/01/15 02:00,-3.088215,-64.842217
6,99,07/01/15 04:01,-3.092861,-64.835629
6,99,07/01/15 06:00,-3.091429,-64.832535
6,99,07/01/15 08:00,-3.091537,-64.83253
6,99,07/01/15 10:02,-3.089471,-64.832084
6,99,07/01/15 12:01,-3.091048,-64.830965
6,99,07/01/15 14:00,-3.091017,-64.830849
6,99,07/01/15 16:00,-3.09101,-64.83088
6,99,07/01/15 18:00,-3.09094,-64.830846
6,99,07/01/15 20:00,-3.091001,-64.830879
6,99,07/01/15 22:00,-3.09097,-64.830811
6,99,07/02/15 00:00,-3.090841,-64.83081
6,99,07/02/15 02:00,-3.09097,-64.830825
6,99,07/02/15 04:00,-3.090967,-64.830885
6,99,07/02/15 06:00,-3.091066,-64.830834
6,99,07/02/15 08:01,-3.091006,-64.830733
6,99,07/02/15 10:00,-3.090865,-64.830819
6,99,07/02/15 12:01,-3.090939,-64.830829
6,99,07/02/15 14:01,-3.090972,-64.830877
6,99,07/02/15 18:00,-3.089595,-64.833125
6,99,07/02/15 20:00,-3.089573,-64.833102
6,99,07/02/15 22:00,-3.089509,-64.833105
6,99,07/03/15 00:00,-3.089512,-64.83315
6,99,07/03/15 02:01,-3.089508,-64.83325
6,99,07/03/15 04:00,-3.089654,-64.839159
6,99,07/03/15 08:02,-3.085926,-64.839596
6,99,07/03/15 12:00,-3.083938,-64.839598
6,99,07/03/15 14:00,-3.083826,-64.839533
6,99,07/03/15 16:00,-3.084018,-64.839332
6,99,07/03/15 18:00,-3.083835,-64.839514
6,99,07/03/15 20:00,-3.082586,-64.838572
6,99,07/03/15 22:01,-3.082042,-64.836697
6,99,07/04/15 00:01,-3.079768,-64.839104
6,99,07/04/15 02:00,-3.079723,-64.839124
6,99,07/04/15 06:02,-3.079756,-64.839097
6,99,07/04/15 08:00,-3.079516,-64.839306
6,99,07/04/15 10:00,-3.079704,-64.839195
6,99,07/04/15 14:01,-3.080145,-64.838854
6,99,07/04/15 16:01,-3.080132,-64.838834
6,99,07/04/15 18:02,-3.080127,-64.83884
6,99,07/04/15 20:00,-3.080045,-64.838807
6,99,07/04/15 22:01,-3.08011,-64.838827
6,99,07/05/15 00:01,-3.080178,-64.838958
6,99,07/05/15 02:00,-3.080235,-64.838797
6,99,07/05/15 04:01,-3.080144,-64.838882
6,99,07/05/15 06:01,-3.079998,-64.838866
6,99,07/05/15 08:01,-3.080132,-64.838808
6,99,07/05/15 10:00,-3.080214,-64.83887
6,99,07/05/15 12:00,-3.080196,-64.838826
6,99,07/05/15 14:02,-3.080109,-64.838852
6,99,07/05/15 16:00,-3.080135,-64.838844
6,99,07/05/15 18:00,-3.080204,-64.838936
6,99,07/05/15 20:01,-3.080143,-64.838751
6,99,07/05/15 22:00,-3.080109,-64.838834
6,99,07/06/15 00:00,-3.080178,-64.838862
6,99,07/06/15 02:00,-3.080064,-64.838882
1,99,07/06/15 04:01,-3.077964,-64.841483
1,99,07/06/15 06:00,-3.078043,-64.841539
1,99,07/06/15 08:00,-3.078066,-64.841668
1,99,07/06/15 10:02,-3.077949,-64.841732
1,99,07/06/15 12:01,-3.07795,-64.841532
1,99,07/06/15 14:00,-3.077982,-64.841584
1,99,07/06/15 16:01,-3.077937,-64.841598
1,99,07/06/15 18:00,-3.077992,-64.841591
1,99,07/06/15 22:00,-3.078616,-64.843121
1,99,07/07/15 00:00,-3.078688,-64.843111
1,99,07/07/15 02:01,-3.078979,-64.849545
1,99,07/07/15 04:00,-3.079055,-64.849587
1,99,07/07/15 06:00,-3.079067,-64.849589
1,99,07/07/15 08:00,-3.079028,-64.849542
1,99,07/07/15 10:00,-3.079038,-64.84953
1,99,07/07/15 12:00,-3.079045,-64.849599
1,99,07/07/15 14:01,-3.079033,-64.849585
1,99,07/07/15 16:00,-3.079052,-64.849619
1,99,07/07/15 18:00,-3.079011,-64.849541
1,99,07/07/15 20:00,-3.078977,-64.849767
7,99,07/07/15 22:01,-3.081632,-64.85532
7,99,07/08/15 00:01,-3.082109,-64.857888
7,99,07/08/15 02:01,-3.08555,-64.867175
7,99,07/08/15 04:01,-3.085666,-64.867229
7,99,07/08/15 06:00,-3.085696,-64.867095
7,99,07/08/15 08:00,-3.085664,-64.867158
7,99,07/08/15 10:02,-3.085932,-64.86712
7,99,07/08/15 12:00,-3.087033,-64.867374
7,99,07/08/15 14:01,-3.087027,-64.867502
7,99,07/08/15 16:02,-3.08622,-64.870839
7,99,07/08/15 18:00,-3.086319,-64.87064
7,99,07/08/15 20:00,-3.086157,-64.870815
7,99,07/08/15 22:00,-3.086213,-64.87076
7,99,07/09/15 00:00,-3.08621,-64.870738
7,99,07/09/15 02:01,-3.08619,-64.870838
7,99,07/09/15 06:02,-3.085865,-64.871539
7,99,07/09/15 08:01,-3.085983,-64.87143
7,99,07/09/15 10:00,-3.085844,-64.871457
7,99,07/09/15 12:00,-3.085918,-64.871535
7,99,07/09/15 14:00,-3.085929,-64.871308
7,99,07/09/15 16:01,-3.085915,-64.871415
7,99,07/09/15 18:00,-3.083909,-64.871566
7,99,07/09/15 20:00,-3.084331,-64.87255
7,99,07/09/15 22:00,-3.084346,-64.872654
7,99,07/10/15 00:01,-3.084239,-64.872629
7,99,07/10/15 02:00,-3.084288,-64.872814
7,99,07/10/15 04:00,-3.084519,-64.873006
7,99,07/10/15 06:00,-3.084429,-64.872928
7,99,07/10/15 08:01,-3.084845,-64.872799
7,99,07/10/15 10:02,-3.083043,-64.874679
7,99,07/10/15 12:00,-3.083048,-64.87466
7,99,07/10/15 14:00,-3.082977,-64.8747
7,99,07/10/15 16:00,-3.08306,-64.874694
7,99,07/10/15 18:00,-3.08244,-64.873731
7,99,07/10/15 20:00,-3.082313,-64.873477
7,99,07/10/15 22:00,-3.082359,-64.87351
7,99,07/11/15 00:01,-3.082571,-64.873719
7,99,07/11/15 04:00,-3.070165,-64.872913
7,99,07/11/15 06:01,-3.069582,-64.872771
7,99,07/11/15 08:01,-3.069564,-64.872752
7,99,07/11/15 10:00,-3.06957,-64.872692
7,99,07/11/15 12:00,-3.069592,-64.872742
7,99,07/11/15 14:01,-3.070087,-64.871958
7,99,07/11/15 16:00,-3.069603,-64.872786
2,99,07/11/15 18:02,-3.066558,-64.873979
2,99,07/11/15 20:01,-3.066445,-64.874051
2,99,07/11/15 22:00,-3.062786,-64.885764
2,99,07/12/15 00:01,-3.064407,-64.887135
2,99,07/12/15 02:00,-3.06416,-64.887144
2,99,07/12/15 06:00,-3.06398,-64.887037
2,99,07/12/15 10:01,-3.060058,-64.880438
2,99,07/12/15 12:00,-3.059829,-64.880377
2,99,07/12/15 14:00,-3.060063,-64.880393
2,99,07/12/15 16:01,-3.060044,-64.88038
2,99,07/12/15 18:00,-3.060302,-64.880327
2,99,07/12/15 20:01,-3.0582,-64.881722
2,99,07/13/15 00:00,-3.058906,-64.885123
2,99,07/13/15 02:00,-3.058845,-64.885074
2,99,07/13/15 04:00,-3.058845,-64.885027
2,99,07/13/15 08:00,-3.058962,-64.885027
2,99,07/13/15 10:00,-3.058859,-64.885135
2,99,07/13/15 12:00,-3.05895,-64.885021
2,99,07/13/15 14:00,-3.058893,-64.885093
2,99,07/13/15 16:01,-3.058857,-64.885115
2,99,07/13/15 18:00,-3.058883,-64.88494
2,99,07/13/15 20:00,-3.060006,-64.884417
2,99,07/13/15 22:02,-3.059925,-64.884473
2,99,07/14/15 00:01,-3.059968,-64.884238
2,99,07/14/15 02:00,-3.059958,-64.884475
2,99,07/14/15 04:00,-3.059062,-64.883607
2,99,07/14/15 06:01,-3.059805,-64.887159
2,99,07/14/15 08:00,-3.059808,-64.886997
2,99,07/14/15 10:00,-3.059867,-64.887052
2,99,07/14/15 12:00,-3.059861,-64.887076
2,99,07/14/15 14:00,-3.05999,-64.887162
2,99,07/14/15 16:01,-3.059815,-64.886888
2,99,07/14/15 18:00,-3.059927,-64.887213
2,99,07/14/15 20:00,-3.059855,-64.887163
2,99,07/14/15 22:00,-3.059939,-64.887246
2,99,07/15/15 00:00,-3.059846,-64.887127
2,99,07/15/15 02:00,-3.059857,-64.887057
2,99,07/15/15 04:01,-3.059819,-64.887152
2,99,07/15/15 06:01,-3.060032,-64.887038
2,99,07/15/15 08:01,-3.059835,-64.887072
2,99,07/15/15 10:01,-3.059594,-64.887204
2,99,07/15/15 14:00,-3.059893,-64.8873
2,99,07/15/15 16:01,-3.059913,-64.887095
2,99,07/15/15 18:01,-3.059874,-64.887168
2,99,07/15/15 20:00,-3.064031,-64.879391
2,99,07/16/15 02:00,-3.064387,-64.877503
2,99,07/16/15 04:01,-3.069314,-64.879545
2,99,07/16/15 06:01,-3.069431,-64.879275
2,99,07/16/15 14:00,-3.066056,-64.884911
2,99,07/16/15 16:01,-3.06439,-64.886355
2,99,07/16/15 18:00,-3.06447,-64.886229
2,99,07/16/15 20:00,-3.064455,-64.886361
2,99,07/16/15 22:00,-3.064598,-64.886315
2,99,07/17/15 00:00,-3.064431,-64.886351
2,99,07/17/15 02:00,-3.0645,-64.886279
2,99,07/17/15 04:00,-3.064395,-64.886346
2,99,07/17/15 06:00,-3.064413,-64.886427
2,99,07/17/15 08:00,-3.064368,-64.886444
2,99,07/17/15 10:02,-3.063591,-64.886718
2,99,07/17/15 14:02,-3.063667,-64.886681
2,99,07/17/15 18:00,-3.062147,-64.874765
2,99,07/17/15 22:00,-3.060416,-64.874501
2,99,07/18/15 00:01,-3.060475,-64.874494
2,99,07/18/15 02:00,-3.060479,-64.874419
2,99,07/18/15 04:00,-3.060471,-64.874497
2,99,07/18/15 06:00,-3.060513,-64.874309
2,99,07/18/15 08:00,-3.060481,-64.874519
2,99,07/18/15 10:01,-3.060439,-64.874433
2,99,07/18/15 12:01,-3.060415,-64.874305
2,99,07/18/15 14:00,-3.060485,-64.874504
2,99,07/18/15 16:00,-3.06052,-64.874432
2,99,07/18/15 18:00,-3.060409,-64.874403
2,99,07/18/15 20:01,-3.060445,-64.874488
2,99,07/18/15 22:01,-3.06066,-64.874399
2,99,07/19/15 00:01,-3.060477,-64.874438
2,99,07/19/15 02:00,-3.060567,-64.874441
2,99,07/19/15 04:00,-3.060416,-64.874489
2,99,07/19/15 06:00,-3.060546,-64.874536
2,99,07/19/15 08:00,-3.060718,-64.874085
2,99,07/19/15 10:01,-3.059903,-64.874497
2,99,07/19/15 12:00,-3.059802,-64.874244
2,99,07/19/15 14:01,-3.059819,-64.874291
2,99,07/19/15 16:00,-3.059765,-64.874301
2,99,07/19/15 18:00,-3.061353,-64.877094
2,99,07/19/15 20:00,-3.061503,-64.876984
2,99,07/19/15 22:00,-3.061264,-64.877222
2,99,07/20/15 00:00,-3.061219,-64.877003
2,99,07/20/15 02:00,-3.061222,-64.877068
2,99,07/20/15 04:01,-3.06122,-64.877401
2,99,07/20/15 06:00,-3.061625,-64.877613
2,99,07/20/15 08:02,-3.061439,-64.877506
2,99,07/20/15 10:02,-3.063069,-64.878907
2,99,07/20/15 12:02,-3.062978,-64.878903
2,99,07/20/15 14:00,-3.063045,-64.878597
2,99,07/20/15 16:01,-3.063126,-64.87888
2,99,07/20/15 18:02,-3.062906,-64.879861
2,99,07/20/15 20:01,-3.063884,-64.879555
2,99,07/20/15 22:00,-3.063727,-64.880077
2,99,07/21/15 02:00,-3.070797,-64.880816
2,99,07/21/15 04:00,-3.070776,-64.880725
2,99,07/21/15 06:00,-3.070873,-64.880946
2,99,07/21/15 08:00,-3.070685,-64.88083
2,99,07/21/15 12:01,-3.07162,-64.880791
2,99,07/21/15 18:01,-3.07153,-64.881165
7,99,07/21/15 22:00,-3.0822,-64.876861
7,99,07/22/15 00:00,-3.082266,-64.876577
7,99,07/22/15 02:00,-3.087204,-64.879218
7,99,07/22/15 04:00,-3.087147,-64.879338
7,99,07/22/15 06:01,-3.088175,-64.878493
7,99,07/22/15 08:01,-3.086977,-64.879132
7,99,07/22/15 10:01,-3.086973,-64.879163
7,99,07/22/15 16:01,-3.087194,-64.8791
7,99,07/22/15 18:00,-3.086467,-64.878641
7,99,07/22/15 20:02,-3.081588,-64.878548
7,99,07/23/15 00:02,-3.07376,-64.880838
7,99,07/23/15 02:00,-3.073715,-64.880733
7,99,07/23/15 04:01,-3.078785,-64.880113
7,99,07/23/15 06:02,-3.07789,-64.877877
7,99,07/23/15 08:02,-3.077912,-64.877614
7,99,07/23/15 12:01,-3.077832,-64.877933
7,99,07/23/15 14:02,-3.0778,-64.877844
7,99,07/23/15 18:00,-3.077696,-64.878004
7,99,07/23/15 20:01,-3.077885,-64.877708
7,99,07/23/15 22:02,-3.075589,-64.877423
7,99,07/24/15 00:02,-3.074465,-64.879902
2,99,07/24/15 04:02,-3.069828,-64.885997
2,99,07/24/15 06:01,-3.070376,-64.885903
2,99,07/24/15 10:02,-3.070953,-64.885913
2,99,07/24/15 12:01,-3.070987,-64.886128
2,99,07/24/15 14:02,-3.070873,-64.886024
2,99,07/24/15 16:01,-3.073132,-64.88922
2,99,07/24/15 18:01,-3.073209,-64.889301
2,99,07/24/15 20:00,-3.073299,-64.889184
2,99,07/24/15 22:00,-3.073264,-64.889188
2,99,07/25/15 00:00,-3.073318,-64.888803
2,99,07/25/15 02:00,-3.073215,-64.88929
2,99,07/25/15 04:02,-3.073652,-64.889952
2,99,07/25/15 06:01,-3.073317,-64.889513
2,99,07/25/15 08:00,-3.069146,-64.891531
2,99,07/25/15 10:01,-3.069041,-64.891496
2,99,07/25/15 12:00,-3.069055,-64.891486
2,99,07/25/15 14:00,-3.069084,-64.89154
2,99,07/25/15 16:00,-3.069031,-64.891545
2,99,07/25/15 18:00,-3.069085,-64.891534
2,99,07/25/15 20:00,-3.069085,-64.891497
2,99,07/25/15 22:00,-3.069042,-64.891553
2,99,07/26/15 00:01,-3.069088,-64.891536
2,99,07/26/15 02:00,-3.069101,-64.891645
2,99,07/26/15 04:00,-3.06687,-64.888682
2,99,07/26/15 06:00,-3.066979,-64.888685
2,99,07/26/15 08:00,-3.066881,-64.888625
2,99,07/26/15 10:01,-3.066796,-64.888616
2,99,07/26/15 12:00,-3.06685,-64.888595
2,99,07/26/15 18:00,-3.068939,-64.889738
2,99,07/26/15 20:00,-3.068712,-64.889702
2,99,07/26/15 22:02,-3.068442,-64.891131
2,99,07/27/15 02:01,-3.066416,-64.899846
2,99,07/27/15 08:00,-3.06528,-64.903668
2,99,07/27/15 10:01,-3.065301,-64.903593
2,99,07/27/15 12:02,-3.065271,-64.903585
2,99,07/27/15 18:02,-3.065406,-64.903662
2,99,07/27/15 20:00,-3.065854,-64.90204
2,99,07/27/15 22:01,-3.065796,-64.901931
2,99,07/28/15 00:01,-3.065909,-64.90212
2,99,07/28/15 02:01,-3.065875,-64.90211
2,99,07/28/15 10:01,-3.077358,-64.898609
2,99,07/28/15 12:01,-3.076322,-64.899249
2,99,07/28/15 14:02,-3.077756,-64.89797
2,99,07/28/15 16:02,-3.077083,-64.898752
2,99,07/28/15 18:01,-3.07458,-64.900665
2,99,07/28/15 22:01,-3.079277,-64.897732
2,99,07/29/15 00:01,-3.079385,-64.897832
2,99,07/29/15 02:01,-3.077124,-64.898737
2,99,07/29/15 04:01,-3.077338,-64.898628
2,99,07/29/15 06:01,-3.079287,-64.893584
2,99,07/29/15 08:01,-3.079391,-64.893463
2,99,07/29/15 12:01,-3.079167,-64.893382
2,99,07/29/15 18:00,-3.079125,-64.89344
2,99,07/29/15 22:00,-3.079619,-64.893034
7,99,07/30/15 06:00,-3.089299,-64.890836
7,99,07/30/15 08:01,-3.089615,-64.890909
7,99,07/30/15 12:01,-3.089807,-64.890778
7,99,07/30/15 14:02,-3.086768,-64.891412
7,99,07/30/15 16:02,-3.084231,-64.891916
7,99,07/30/15 18:00,-3.08397,-64.891981
7,99,07/30/15 20:00,-3.08401,-64.892201
7,99,07/30/15 22:01,-3.082595,-64.892384
7,99,07/31/15 04:00,-3.086743,-64.891343
7,99,07/31/15 06:00,-3.086569,-64.891327
7,99,07/31/15 08:00,-3.086691,-64.891317
7,99,07/31/15 10:00,-3.086759,-64.891285
7,99,07/31/15 12:00,-3.086656,-64.89133
7,99,07/31/15 14:00,-3.08678,-64.891324
7,99,07/31/15 20:01,-3.083539,-64.887918
7,99,07/31/15 22:00,-3.079892,-64.888313
7,99,08/01/15 00:00,-3.079903,-64.888237
7,99,08/01/15 02:00,-3.079869,-64.888286
7,99,08/01/15 06:01,-3.081116,-64.877548
7,99,08/01/15 08:00,-3.084557,-64.877815
7,99,08/01/15 10:02,-3.084599,-64.877798
7,99,08/01/15 12:01,-3.084438,-64.877829
7,99,08/01/15 14:01,-3.084403,-64.877773
7,99,08/01/15 16:02,-3.084844,-64.877503
7,99,08/01/15 18:01,-3.08408,-64.875623
7,99,08/01/15 22:03,-3.072868,-64.868278
7,99,08/02/15 00:01,-3.07426,-64.873328
7,99,08/02/15 02:00,-3.072042,-64.869122
7,99,08/02/15 04:02,-3.072563,-64.86855
7,99,08/02/15 08:01,-3.07152,-64.869423
7,99,08/02/15 10:01,-3.07142,-64.86956
7,99,08/02/15 14:01,-3.071256,-64.869385
7,99,08/02/15 16:00,-3.071262,-64.86957
7,99,08/02/15 18:02,-3.06655,-64.870047
7,99,08/02/15 22:00,-3.068958,-64.86436
7,99,08/03/15 00:00,-3.07029,-64.863159
7,99,08/03/15 02:01,-3.070262,-64.86313
7,99,08/03/15 06:01,-3.074075,-64.863018
7,99,08/03/15 08:01,-3.074131,-64.862822
7,99,08/03/15 10:01,-3.074165,-64.862935
7,99,08/03/15 12:02,-3.074248,-64.862771
7,99,08/03/15 14:01,-3.072751,-64.863211
7,99,08/03/15 16:01,-3.072736,-64.863109
7,99,08/03/15 18:01,-3.071537,-64.864544
7,99,08/03/15 20:01,-3.075718,-64.868111
7,99,08/04/15 00:01,-3.07847,-64.870537
7,99,08/04/15 02:01,-3.078328,-64.870138
7,99,08/04/15 08:02,-3.086601,-64.875616
7,99,08/04/15 10:02,-3.08772,-64.873648
7,99,08/04/15 12:02,-3.08795,-64.873283
7,99,08/04/15 14:01,-3.087282,-64.873077
7,99,08/04/15 16:00,-3.086456,-64.869112
7,99,08/04/15 18:01,-3.087801,-64.857055
6,99,08/04/15 20:00,-3.096082,-64.844319
6,99,08/04/15 22:02,-3.100152,-64.846504
7,99,08/05/15 00:00,-3.099331,-64.855772
7,99,08/05/15 12:01,-3.091444,-64.867319
7,99,08/05/15 14:01,-3.091389,-64.867234
7,99,08/05/15 16:01,-3.091371,-64.86737
7,99,08/05/15 18:02,-3.092357,-64.866637
7,99,08/06/15 00:00,-3.08715,-64.862217
7,99,08/06/15 04:01,-3.083322,-64.864677
7,99,08/06/15 06:01,-3.076008,-64.859783
7,99,08/06/15 10:01,-3.07599,-64.85965
7,99,08/06/15 12:02,-3.075682,-64.858489
7,99,08/06/15 14:00,-3.073834,-64.859386
7,99,08/06/15 16:00,-3.073444,-64.859133
8,99,08/06/15 18:02,-3.068665,-64.859672
8,99,08/06/15 20:01,-3.067119,-64.860717
8,99,08/06/15 22:01,-3.067137,-64.860431
8,99,08/07/15 00:01,-3.067154,-64.860615
8,99,08/07/15 02:01,-3.067394,-64.860934
8,99,08/07/15 06:02,-3.067439,-64.860433
8,99,08/07/15 10:02,-3.067366,-64.860523
8,99,08/07/15 12:02,-3.067214,-64.860482
8,99,08/07/15 16:01,-3.067179,-64.860801
8,99,08/07/15 22:00,-3.067284,-64.860473
8,99,08/08/15 00:01,-3.067315,-64.860509
8,99,08/08/15 02:01,-3.067154,-64.860566
8,99,08/08/15 06:01,-3.06615,-64.864661
8,99,08/08/15 08:02,-3.06632,-64.865498
8,99,08/08/15 12:01,-3.066313,-64.865015
8,99,08/08/15 14:01,-3.066221,-64.864823
8,99,08/08/15 16:01,-3.066461,-64.865301
8,99,08/08/15 18:00,-3.066453,-64.865484
8,99,08/08/15 20:00,-3.065171,-64.869359
2,99,08/08/15 22:00,-3.063436,-64.880129
2,99,08/09/15 02:01,-3.06813,-64.882543
2,99,08/09/15 04:01,-3.070757,-64.881067
2,99,08/09/15 08:01,-3.06787,-64.879331
2,99,08/09/15 10:01,-3.067833,-64.879109
2,99,08/09/15 12:01,-3.063587,-64.886719
2,99,08/09/15 14:00,-3.063665,-64.886759
2,99,08/09/15 16:00,-3.063738,-64.886672
2,99,08/09/15 18:01,-3.063409,-64.881786
7,99,08/09/15 20:01,-3.070537,-64.870656
7,99,08/09/15 22:02,-3.075293,-64.867739
7,99,08/10/15 00:02,-3.073458,-64.867629
7,99,08/10/15 02:01,-3.066718,-64.871623
2,99,08/10/15 04:01,-3.063735,-64.880478
2,99,08/10/15 06:00,-3.063626,-64.880061
2,99,08/10/15 12:01,-3.063727,-64.880381
2,99,08/10/15 16:01,-3.06373,-64.880375
2,99,08/10/15 18:01,-3.064208,-64.881499
2,99,08/10/15 22:01,-3.063479,-64.882632
2,99,08/11/15 02:00,-3.063496,-64.882801
7,99,08/11/15 12:00,-3.07921,-64.880776
7,99,08/11/15 14:01,-3.079488,-64.880345
7,99,08/11/15 16:00,-3.079251,-64.880189
7,99,08/11/15 18:01,-3.079152,-64.87999
7,99,08/11/15 20:02,-3.085652,-64.880392
7,99,08/11/15 22:02,-3.075045,-64.873041
7,99,08/12/15 00:00,-3.074985,-64.872957
7,99,08/12/15 02:00,-3.075143,-64.873046
2,99,08/12/15 04:02,-3.067591,-64.880192
2,99,08/12/15 06:02,-3.066363,-64.881105
2,99,08/12/15 08:01,-3.066547,-64.881052
2,99,08/12/15 10:01,-3.066484,-64.881007
2,99,08/12/15 12:02,-3.06657,-64.880925
2,99,08/12/15 16:00,-3.063507,-64.884677
2,99,08/12/15 20:00,-3.060334,-64.883769
2,99,08/12/15 22:01,-3.060329,-64.883809
2,99,08/13/15 00:00,-3.060261,-64.883768
2,99,08/13/15 02:00,-3.060232,-64.883719
2,99,08/13/15 08:01,-3.063018,-64.884348
2,99,08/13/15 10:01,-3.063054,-64.884324
2,99,08/13/15 12:01,-3.063078,-64.884141
2,99,08/13/15 14:00,-3.063044,-64.884405
2,99,08/13/15 16:02,-3.065684,-64.881127
2,99,08/13/15 18:01,-3.065596,-64.881022
2,99,08/13/15 20:02,-3.066904,-64.881929
2,99,08/13/15 22:01,-3.067696,-64.88416
2,99,08/14/15 00:00,-3.067579,-64.88413
2,99,08/14/15 02:00,-3.067613,-64.884124
2,99,08/14/15 06:02,-3.065278,-64.887478
2,99,08/14/15 08:01,-3.065128,-64.887853
2,99,08/14/15 10:00,-3.065165,-64.887519
2,99,08/14/15 12:01,-3.065204,-64.887592
2,99,08/14/15 14:01,-3.065208,-64.887676
2,99,08/14/15 16:02,-3.065249,-64.883646
2,99,08/14/15 18:01,-3.065339,-64.882062
2,99,08/14/15 22:01,-3.065365,-64.883907
2,99,08/15/15 00:00,-3.06533,-64.883842
2,99,08/15/15 08:02,-3.064888,-64.885952
2,99,08/15/15 10:01,-3.064951,-64.885949
2,99,08/15/15 12:02,-3.06724,-64.884641
2,99,08/15/15 14:02,-3.067338,-64.884514
2,99,08/15/15 16:02,-3.067223,-64.884465
2,99,08/15/15 18:02,-3.067244,-64.884639
2,99,08/15/15 20:01,-3.067373,-64.884517
2,99,08/15/15 22:00,-3.067264,-64.884327
2,99,08/16/15 00:01,-3.067322,-64.884309
2,99,08/16/15 04:02,-3.067255,-64.884327
2,99,08/16/15 06:02,-3.067099,-64.884413
2,99,08/16/15 08:01,-3.067857,-64.883514
7,99,08/16/15 12:01,-3.082213,-64.878849
7,99,08/16/15 14:01,-3.082304,-64.879002
7,99,08/16/15 16:02,-3.082264,-64.878892
7,99,08/16/15 18:02,-3.082734,-64.878446
7,99,08/16/15 20:02,-3.087691,-64.880114
7,99,08/17/15 00:00,-3.087962,-64.880224
7,99,08/17/15 08:00,-3.078697,-64.870704
7,99,08/17/15 10:01,-3.078783,-64.870526
7,99,08/17/15 12:01,-3.078577,-64.870822
7,99,08/17/15 14:01,-3.078762,-64.870609
7,99,08/17/15 16:01,-3.078878,-64.870454
7,99,08/17/15 18:01,-3.072097,-64.86829
7,99,08/17/15 20:01,-3.069845,-64.86727
7,99,08/17/15 22:01,-3.07797,-64.860988
7,99,08/18/15 00:00,-3.075966,-64.857344
1,99,08/18/15 02:01,-3.075412,-64.85554
8,99,08/18/15 10:01,-3.060684,-64.859122
8,99,08/18/15 12:01,-3.060617,-64.859128
8,99,08/18/15 14:01,-3.060634,-64.859175
8,99,08/18/15 16:01,-3.061041,-64.858616
8,99,08/18/15 18:02,-3.053327,-64.855681
8,99,08/18/15 20:01,-3.055233,-64.852583
8,99,08/18/15 22:00,-3.055156,-64.85265
8,99,08/19/15 00:03,-3.055379,-64.852548
8,99,08/19/15 06:01,-3.055214,-64.852466
8,99,08/19/15 10:01,-3.053559,-64.8506
8,99,08/19/15 12:02,-3.053577,-64.850649
8,99,08/19/15 14:01,-3.053411,-64.850784
8,99,08/19/15 16:00,-3.053542,-64.850863
8,99,08/19/15 20:01,-3.050212,-64.859769
8,99,08/19/15 22:02,-3.057539,-64.858275
8,99,08/20/15 00:01,-3.059608,-64.851065
8,99,08/20/15 02:01,-3.057306,-64.852145
8,99,08/20/15 04:01,-3.056243,-64.85126
8,99,08/20/15 06:01,-3.05631,-64.851321
8,99,08/20/15 10:02,-3.058351,-64.850937
8,99,08/20/15 22:00,-3.051977,-64.852269
8,99,08/21/15 00:02,-3.055064,-64.851253
8,99,08/21/15 04:00,-3.055221,-64.851448
8,99,08/21/15 10:01,-3.054774,-64.851139
8,99,08/21/15 12:02,-3.054787,-64.851157
8,99,08/21/15 16:00,-3.055141,-64.851275
8,99,08/21/15 18:01,-3.055214,-64.851438
8,99,08/21/15 20:01,-3.055276,-64.851173
8,99,08/21/15 22:01,-3.055256,-64.851255
8,99,08/22/15 02:01,-3.055077,-64.851307
8,99,08/22/15 04:01,-3.05486,-64.851004
8,99,08/22/15 06:01,-3.054843,-64.851156
8,99,08/22/15 08:01,-3.054759,-64.850974
8,99,08/22/15 12:01,-3.054782,-64.850982
8,99,08/22/15 14:00,-3.05476,-64.851037
8,99,08/22/15 16:02,-3.055161,-64.851232
8,99,08/22/15 18:01,-3.055078,-64.851342
8,99,08/22/15 20:00,-3.055041,-64.851355
8,99,08/22/15 22:01,-3.05513,-64.851382
8,99,08/23/15 00:01,-3.054875,-64.851501
8,99,08/23/15 02:02,-3.055121,-64.851282
8,99,08/23/15 04:00,-3.051895,-64.852702
8,99,08/23/15 06:01,-3.051804,-64.852645
8,99,08/23/15 10:00,-3.054798,-64.851147
8,99,08/23/15 12:00,-3.054951,-64.851271
8,99,08/23/15 14:02,-3.055138,-64.851351
8,99,08/23/15 16:01,-3.054774,-64.85122
8,99,08/23/15 18:00,-3.056636,-64.852126
8,99,08/23/15 20:01,-3.056733,-64.85212
8,99,08/23/15 22:01,-3.056726,-64.852101
8,99,08/24/15 00:02,-3.061971,-64.854468
8,99,08/24/15 04:01,-3.066439,-64.852105
1,99,08/24/15 06:02,-3.065496,-64.847548
1,99,08/24/15 08:01,-3.064408,-64.844536
1,99,08/24/15 10:02,-3.064298,-64.844652
1,99,08/24/15 12:02,-3.064004,-64.844511
1,99,08/24/15 16:00,-3.064006,-64.844713
1,99,08/24/15 22:02,-3.06529,-64.847025
8,99,08/25/15 10:01,-3.061784,-64.857291
8,99,08/25/15 12:00,-3.061819,-64.85728
8,99,08/25/15 16:00,-3.061965,-64.857209
8,99,08/25/15 18:01,-3.060095,-64.857214
8,99,08/25/15 20:00,-3.058567,-64.855157
8,99,08/26/15 00:00,-3.051847,-64.859384
8,99,08/26/15 02:01,-3.051793,-64.859395
8,99,08/26/15 08:01,-3.046416,-64.857861
8,99,08/26/15 10:00,-3.046415,-64.857925
8,99,08/26/15 14:01,-3.046229,-64.857827
8,99,08/26/15 16:01,-3.046489,-64.858308
4,99,08/26/15 22:00,-3.039561,-64.875862
4,99,08/27/15 00:01,-3.043889,-64.864625
4,99,08/27/15 02:01,-3.048111,-64.866667
8,99,08/27/15 06:00,-3.060752,-64.867347
8,99,08/27/15 08:01,-3.060557,-64.867423
8,99,08/27/15 10:00,-3.06087,-64.867368
8,99,08/27/15 14:00,-3.055057,-64.858511
8,99,08/27/15 16:00,-3.055092,-64.858521
8,99,08/27/15 18:02,-3.051988,-64.857717
8,99,08/27/15 20:02,-3.051562,-64.854126
8,99,08/27/15 22:01,-3.054093,-64.853742
8,99,08/28/15 00:01,-3.054012,-64.853728
8,99,08/28/15 04:02,-3.054182,-64.85377
8,99,08/28/15 10:02,-3.054068,-64.853753
8,99,08/28/15 16:02,-3.066571,-64.853777
1,99,08/28/15 20:02,-3.067291,-64.850479
1,99,08/29/15 00:01,-3.073309,-64.852455
1,99,08/29/15 02:01,-3.072218,-64.843574
1,99,08/29/15 04:01,-3.07238,-64.843664
1,99,08/29/15 06:01,-3.072578,-64.84361
1,99,08/29/15 10:01,-3.072789,-64.842713
1,99,08/29/15 12:00,-3.076699,-64.843819
1,99,08/29/15 14:01,-3.077056,-64.843649
1,99,08/29/15 16:00,-3.075938,-64.84424
1,99,08/29/15 18:01,-3.075074,-64.845343
1,99,08/29/15 22:02,-3.07512,-64.850539
1,99,08/30/15 00:01,-3.065542,-64.847716
1,99,08/30/15 02:01,-3.060256,-64.835361
1,99,08/30/15 04:00,-3.061645,-64.835075
1,99,08/30/15 06:01,-3.061147,-64.835521
1,99,08/30/15 08:01,-3.061708,-64.835558
1,99,08/30/15 10:02,-3.061599,-64.837206
1,99,08/30/15 12:01,-3.061683,-64.837347
1,99,08/30/15 14:02,-3.061678,-64.837154
1,99,08/30/15 16:00,-3.06173,-64.83637
1,99,08/30/15 18:00,-3.062676,-64.83614
1,99,08/30/15 20:02,-3.068396,-64.837215
1,99,08/31/15 02:01,-3.069364,-64.843547
1,99,08/31/15 10:01,-3.065271,-64.839541
1,99,08/31/15 14:01,-3.060463,-64.84238
1,99,08/31/15 16:01,-3.060128,-64.840854
1,99,08/31/15 18:02,-3.059676,-64.840731
1,99,08/31/15 20:00,-3.058125,-64.839488
1,99,08/31/15 22:01,-3.057996,-64.839541
1,99,09/01/15 00:00,-3.065213,-64.839622
1,99,09/01/15 04:01,-3.05771,-64.840569
1,99,09/01/15 06:01,-3.057622,-64.840553
1,99,09/01/15 08:01,-3.057635,-64.840599
1,99,09/01/15 10:02,-3.057539,-64.840679
1,99,09/01/15 12:01,-3.057701,-64.840408
1,99,09/01/15 14:00,-3.057569,-64.840815
1,99,09/01/15 16:00,-3.057684,-64.840858
1,99,09/01/15 20:02,-3.06667,-64.849278
1,99,09/01/15 22:02,-3.072264,-64.852234
7,99,09/02/15 02:00,-3.078131,-64.857951
7,99,09/02/15 10:01,-3.078037,-64.857783
7,99,09/02/15 12:02,-3.07805,-64.857815
7,99,09/02/15 14:02,-3.078132,-64.857974
7,99,09/02/15 16:00,-3.078042,-64.858131
7,99,09/02/15 18:02,-3.079404,-64.858122
7,99,09/02/15 22:01,-3.090845,-64.864077
7,99,09/03/15 04:02,-3.089273,-64.860152
7,99,09/03/15 06:02,-3.089363,-64.860003
7,99,09/03/15 14:01,-3.08954,-64.860163
7,99,09/03/15 16:01,-3.090854,-64.861464
7,99,09/03/15 20:01,-3.093989,-64.873284
7,99,09/03/15 22:01,-3.093765,-64.87299
7,99,09/04/15 00:01,-3.093229,-64.87301
7,99,09/04/15 02:02,-3.093763,-64.873155
7,99,09/04/15 04:02,-3.093539,-64.869821
7,99,09/04/15 10:01,-3.091518,-64.86683
7,99,09/04/15 12:01,-3.091417,-64.866769
7,99,09/04/15 14:01,-3.091135,-64.86653
7,99,09/04/15 18:02,-3.084877,-64.854904
1,99,09/04/15 20:01,-3.082683,-64.850085
1,99,09/05/15 02:02,-3.079378,-64.847833
1,99,09/05/15 06:02,-3.079336,-64.847961
1,99,09/05/15 10:01,-3.079347,-64.850232
1,99,09/05/15 12:01,-3.07833,-64.85174
1,99,09/05/15 14:01,-3.078219,-64.851662
1,99,09/05/15 18:01,-3.071814,-64.845486
1,99,09/05/15 22:01,-3.064789,-64.832406
1,99,09/06/15 02:02,-3.064957,-64.832253
1,99,09/06/15 04:02,-3.065063,-64.832156
1,99,09/06/15 08:01,-3.064821,-64.832382
1,99,09/06/15 10:01,-3.064939,-64.832402
1,99,09/06/15 14:01,-3.06495,-64.832372
1,99,09/06/15 18:02,-3.064972,-64.832437
1,99,09/06/15 20:01,-3.06489,-64.832346
1,99,09/06/15 22:00,-3.065055,-64.832331
1,99,09/07/15 02:02,-3.065127,-64.832264
1,99,09/07/15 04:00,-3.065022,-64.832213
1,99,09/07/15 10:01,-3.065034,-64.832185
1,99,09/07/15 12:02,-3.065031,-64.832162
1,99,09/07/15 14:00,-3.065087,-64.832341
1,99,09/07/15 16:01,-3.065081,-64.832443
1,99,09/07/15 18:00,-3.06511,-64.832246
1,99,09/07/15 20:02,-3.065104,-64.832344
1,99,09/07/15 22:01,-3.065054,-64.832438
1,99,09/08/15 02:02,-3.065039,-64.832313
1,99,09/08/15 04:01,-3.064945,-64.832421
1,99,09/08/15 08:01,-3.064978,-64.832327
1,99,09/08/15 10:00,-3.064893,-64.832296
1,99,09/08/15 12:02,-3.06503,-64.832211
1,99,09/08/15 14:02,-3.06509,-64.832218
1,99,09/08/15 16:01,-3.065036,-64.832061
1,99,09/08/15 18:01,-3.064995,-64.832432
1,99,09/08/15 20:01,-3.065005,-64.83191
1,99,09/09/15 00:03,-3.065065,-64.832266
1,99,09/09/15 02:02,-3.065312,-64.832226
1,99,09/09/15 06:00,-3.064842,-64.834072
1,99,09/09/15 08:00,-3.063274,-64.835895
1,99,09/09/15 10:01,-3.063407,-64.835876
1,99,09/09/15 12:01,-3.063323,-64.836034
1,99,09/09/15 14:00,-3.063075,-64.835481
1,99,09/09/15 16:00,-3.063139,-64.8353
1,99,09/09/15 18:01,-3.063082,-64.83535
1,99,09/09/15 20:00,-3.065065,-64.834993
1,99,09/09/15 22:01,-3.065651,-64.833853
1,99,09/10/15 00:03,-3.066276,-64.831887
1,99,09/10/15 08:01,-3.069079,-64.826826
1,99,09/10/15 10:01,-3.070841,-64.82482
1,99,09/10/15 12:02,-3.070393,-64.82496
1,99,09/10/15 14:01,-3.069992,-64.823557
1,99,09/10/15 16:00,-3.070013,-64.823687
1,99,09/10/15 20:01,-3.064807,-64.832111
1,99,09/10/15 22:00,-3.064159,-64.832571
1,99,09/11/15 00:00,-3.061465,-64.836256
1,99,09/11/15 04:01,-3.061857,-64.837684
1,99,09/11/15 06:01,-3.062085,-64.837661
1,99,09/11/15 08:00,-3.062011,-64.837858
1,99,09/11/15 10:00,-3.06114,-64.838137
1,99,09/11/15 14:01,-3.064844,-64.844695
1,99,09/11/15 18:00,-3.063955,-64.840439
1,99,09/11/15 22:00,-3.064743,-64.838646
1,99,09/12/15 02:00,-3.072684,-64.839635
1,99,09/12/15 04:01,-3.072091,-64.840977
1,99,09/12/15 08:02,-3.072149,-64.840979
1,99,09/12/15 10:00,-3.072049,-64.840989
1,99,09/12/15 12:01,-3.07213,-64.841203
1,99,09/12/15 14:01,-3.072244,-64.840864
1,99,09/12/15 16:01,-3.074444,-64.841388
1,99,09/13/15 02:02,-3.075165,-64.842078
1,99,09/13/15 04:02,-3.075341,-64.841667
1,99,09/13/15 10:01,-3.075261,-64.841843
1,99,09/13/15 12:01,-3.075303,-64.841864
1,99,09/13/15 14:00,-3.0753,-64.841905
1,99,09/13/15 16:00,-3.075293,-64.841744
1,99,09/13/15 22:02,-3.075291,-64.841669
1,99,09/14/15 00:00,-3.075131,-64.842042
1,99,09/14/15 04:01,-3.079215,-64.841934
1,99,09/14/15 06:02,-3.079232,-64.84203
1,99,09/14/15 10:01,-3.07884,-64.84223
1,99,09/14/15 12:01,-3.079164,-64.842215
1,99,09/14/15 14:00,-3.079191,-64.842076
6,99,09/14/15 18:02,-3.087302,-64.842776
6,99,09/14/15 20:00,-3.09547,-64.845944
6,99,09/14/15 22:01,-3.100434,-64.842878
6,99,09/15/15 00:01,-3.100517,-64.842827
6,99,09/15/15 04:01,-3.107002,-64.834227
6,99,09/15/15 06:01,-3.099403,-64.834327
6,99,09/15/15 08:02,-3.099252,-64.836148
6,99,09/15/15 10:01,-3.099332,-64.836363
6,99,09/15/15 14:01,-3.099259,-64.836564
6,99,09/15/15 16:00,-3.099224,-64.836287
6,99,09/15/15 18:02,-3.098365,-64.835964
6,99,09/15/15 20:01,-3.093023,-64.836717
6,99,09/15/15 22:02,-3.085359,-64.843056
8,99,09/16/15 04:01,-3.062695,-64.8602
8,99,09/16/15 06:00,-3.061879,-64.859242
8,99,09/16/15 08:02,-3.061736,-64.859302
8,99,09/16/15 10:01,-3.061892,-64.858712
8,99,09/16/15 14:01,-3.055474,-64.860987
8,99,09/16/15 16:01,-3.055533,-64.860956
8,99,09/16/15 18:00,-3.057577,-64.86352
8,99,09/16/15 20:01,-3.059289,-64.864306
8,99,09/16/15 22:00,-3.064301,-64.860716
8,99,09/17/15 04:02,-3.058781,-64.852048
8,99,09/17/15 06:01,-3.057134,-64.852154
8,99,09/17/15 08:00,-3.052347,-64.858642
8,99,09/17/15 10:01,-3.051916,-64.859147
8,99,09/17/15 12:01,-3.051734,-64.859261
8,99,09/17/15 14:01,-3.051884,-64.859174
4,99,09/17/15 16:01,-3.048019,-64.863701
4,99,09/17/15 18:02,-3.046669,-64.866946
4,99,09/17/15 22:01,-3.043868,-64.878198
4,99,09/18/15 00:01,-3.034787,-64.876455
4,99,09/18/15 02:02,-3.038266,-64.873197
4,99,09/18/15 04:01,-3.047084,-64.867517
4,99,09/18/15 08:01,-3.051007,-64.867045
4,99,09/18/15 10:01,-3.051105,-64.867324
4,99,09/19/15 00:00,-3.049733,-64.871905
4,99,09/19/15 02:01,-3.048877,-64.875502
4,99,09/19/15 04:01,-3.045746,-64.870328
4,99,09/19/15 06:00,-3.044966,-64.871129
4,99,09/19/15 08:01,-3.045108,-64.871142
4,99,09/19/15 10:01,-3.044969,-64.871165
4,99,09/19/15 12:02,-3.044984,-64.871208
4,99,09/19/15 16:00,-3.044918,-64.870875
4,99,09/19/15 18:00,-3.044878,-64.871055
4,99,09/19/15 20:01,-3.044929,-64.871011
4,99,09/20/15 00:02,-3.046521,-64.866709
4,99,09/20/15 02:02,-3.04487,-64.871058
4,99,09/20/15 04:00,-3.045037,-64.873075
4,99,09/20/15 08:00,-3.042565,-64.870118
4,99,09/20/15 10:02,-3.042513,-64.870054
4,99,09/20/15 12:02,-3.042218,-64.872849
4,99,09/20/15 14:00,-3.042324,-64.872858
4,99,09/20/15 16:00,-3.04222,-64.872909
4,99,09/20/15 20:01,-3.041946,-64.873512
4,99,09/20/15 22:00,-3.043951,-64.875634
4,99,09/21/15 00:01,-3.043916,-64.875689
4,99,09/21/15 02:01,-3.043849,-64.875674
4,99,09/21/15 04:01,-3.042397,-64.873886
4,99,09/21/15 08:01,-3.043646,-64.875704
4,99,09/21/15 10:00,-3.043593,-64.875685
4,99,09/21/15 12:01,-3.043608,-64.875698
4,99,09/21/15 14:00,-3.043587,-64.875677
4,99,09/21/15 16:02,-3.043621,-64.875715
4,99,09/21/15 18:02,-3.043662,-64.875779
4,99,09/21/15 20:01,-3.043593,-64.875766
4,99,09/21/15 22:01,-3.043728,-64.875781
4,99,09/22/15 02:00,-3.043579,-64.875692
4,99,09/22/15 08:01,-3.043668,-64.875816
4,99,09/22/15 10:00,-3.043163,-64.87507
4,99,09/22/15 18:01,-3.043634,-64.875801
4,99,09/22/15 20:01,-3.043673,-64.875706
4,99,09/22/15 22:00,-3.043689,-64.875675
4,99,09/23/15 00:01,-3.043628,-64.875649
4,99,09/23/15 06:02,-3.043185,-64.875163
4,99,09/23/15 10:01,-3.043244,-64.875204
4,99,09/23/15 14:01,-3.042872,-64.87695
4,99,09/24/15 00:01,-3.044086,-64.875663
4,99,09/24/15 02:02,-3.043154,-64.875049
4,99,09/24/15 10:00,-3.041105,-64.874762
4,99,09/24/15 12:01,-3.041061,-64.874388
4,99,09/24/15 14:01,-3.041088,-64.874734
4,99,09/24/15 16:01,-3.041093,-64.874686
4,99,09/24/15 18:01,-3.041047,-64.874632
4,99,09/24/15 20:00,-3.040628,-64.874507
3,99,09/24/15 22:00,-3.04322,-64.881608
3,99,09/25/15 00:00,-3.046137,-64.882849
2,99,09/25/15 08:01,-3.055576,-64.889049
2,99,09/25/15 12:00,-3.0569,-64.888392
2,99,09/25/15 14:00,-3.056924,-64.888642
2,99,09/25/15 16:00,-3.056904,-64.888493
2,99,09/25/15 18:01,-3.057209,-64.889144
2,99,09/25/15 20:00,-3.053097,-64.893729
3,99,09/26/15 04:01,-3.042762,-64.907721
3,99,09/26/15 06:01,-3.042845,-64.907832
3,99,09/26/15 08:01,-3.04269,-64.907858
3,99,09/26/15 12:01,-3.042798,-64.907857
3,99,09/26/15 14:01,-3.042811,-64.907698
3,99,09/27/15 00:01,-3.03644,-64.906835
3,99,09/27/15 02:00,-3.035372,-64.904209
3,99,09/27/15 10:03,-3.034822,-64.903517
3,99,09/27/15 12:00,-3.036268,-64.896025
3,99,09/27/15 14:01,-3.029968,-64.895304
3,99,09/27/15 16:00,-3.031806,-64.892329
3,99,09/27/15 18:00,-3.032445,-64.891533
3,99,09/27/15 20:01,-3.034121,-64.893791
3,99,09/27/15 22:01,-3.036742,-64.893817
3,99,09/28/15 00:00,-3.036931,-64.894406
3,99,09/28/15 02:02,-3.037002,-64.894299
3,99,09/28/15 04:00,-3.034946,-64.896556
3,99,09/28/15 10:01,-3.043277,-64.892805
3,99,09/28/15 12:02,-3.043273,-64.892675
3,99,09/28/15 14:00,-3.043253,-64.892686
3,99,09/28/15 16:00,-3.046138,-64.89156
3,99,09/28/15 18:00,-3.046175,-64.891648
3,99,09/28/15 20:01,-3.046938,-64.887262
2,99,09/28/15 22:00,-3.050303,-64.882654
4,99,09/29/15 00:01,-3.050764,-64.877234
4,99,09/29/15 02:02,-3.050833,-64.877279
4,99,09/29/15 04:00,-3.049142,-64.873478
4,99,09/29/15 06:00,-3.048988,-64.87088
4,99,09/29/15 08:01,-3.047113,-64.872198
4,99,09/29/15 12:00,-3.04719,-64.872043
4,99,09/29/15 14:01,-3.047234,-64.872019
4,99,09/29/15 18:00,-3.047288,-64.87213
4,99,09/29/15 20:00,-3.047258,-64.872032
4,99,09/29/15 22:00,-3.047285,-64.871996
4,99,09/30/15 02:01,-3.047265,-64.872045
4,99,09/30/15 04:00,-3.047322,-64.871731
4,99,09/30/15 06:00,-3.047376,-64.871721
4,99,09/30/15 08:00,-3.047283,-64.871751
4,99,09/30/15 10:00,-3.047323,-64.871739
4,99,09/30/15 12:01,-3.047275,-64.872015
4,99,09/30/15 14:00,-3.046855,-64.871895
4,99,09/30/15 16:02,-3.047178,-64.871969
4,99,09/30/15 18:00,-3.047165,-64.872058
4,99,09/30/15 20:00,-3.04729,-64.872035
4,99,09/30/15 22:01,-3.047157,-64.872185
4,99,10/01/15 00:01,-3.047157,-64.872153
4,99,10/01/15 02:01,-3.047353,-64.871747
4,99,10/01/15 04:02,-3.047285,-64.872027
4,99,10/01/15 06:01,-3.047294,-64.871691
4,99,10/01/15 10:01,-3.047629,-64.871712
4,99,10/01/15 12:01,-3.047697,-64.871709
4,99,10/01/15 14:00,-3.047682,-64.871685
4,99,10/01/15 16:00,-3.047362,-64.871804
4,99,10/01/15 18:01,-3.047247,-64.872018
4,99,10/01/15 20:03,-3.044076,-64.867748
4,99,10/01/15 22:00,-3.044538,-64.86715
4,99,10/02/15 00:00,-3.044565,-64.867103
4,99,10/02/15 02:00,-3.044628,-64.867217
4,99,10/02/15 04:01,-3.04468,-64.867259
4,99,10/02/15 08:01,-3.044586,-64.867196
4,99,10/02/15 12:02,-3.044695,-64.86743
4,99,10/02/15 14:01,-3.044479,-64.867626
4,99,10/02/15 16:01,-3.044251,-64.867114
4,99,10/02/15 18:00,-3.043976,-64.866615
8,99,10/02/15 20:01,-3.051501,-64.859591
8,99,10/02/15 22:01,-3.054303,-64.858584
8,99,10/03/15 04:02,-3.0586,-64.861632
8,99,10/03/15 08:01,-3.057802,-64.864252
8,99,10/03/15 10:01,-3.057873,-64.864353
8,99,10/03/15 12:00,-3.0579,-64.864421
8,99,10/03/15 14:00,-3.057906,-64.864389
8,99,10/03/15 16:02,-3.057296,-64.867325
8,99,10/03/15 18:01,-3.058916,-64.870587
8,99,10/03/15 20:01,-3.058321,-64.870241
8,99,10/03/15 22:02,-3.058093,-64.870197
4,99,10/04/15 02:02,-3.050939,-64.872185
4,99,10/04/15 04:02,-3.050879,-64.872155
4,99,10/04/15 06:03,-3.050917,-64.872125
4,99,10/04/15 08:00,-3.051093,-64.872086
4,99,10/04/15 10:01,-3.050997,-64.872107
4,99,10/04/15 12:00,-3.05077,-64.871641
4,99,10/04/15 14:02,-3.05059,-64.871398
4,99,10/04/15 16:00,-3.050837,-64.870367
4,99,10/04/15 18:01,-3.052649,-64.87081
4,99,10/04/15 20:02,-3.053173,-64.875308
4,99,10/04/15 22:00,-3.052864,-64.875806
4,99,10/05/15 00:01,-3.052393,-64.876295
4,99,10/05/15 02:00,-3.052715,-64.87631
4,99,10/05/15 08:01,-3.052922,-64.877728
4,99,10/05/15 10:00,-3.052881,-64.877732
4,99,10/05/15 12:02,-3.052714,-64.878155
4,99,10/05/15 18:01,-3.052591,-64.878068
4,99,10/05/15 20:02,-3.050195,-64.87825
4,99,10/05/15 22:00,-3.046381,-64.87305
4,99,10/06/15 00:01,-3.046518,-64.872953
4,99,10/06/15 06:02,-3.046512,-64.872966
4,99,10/06/15 08:00,-3.046424,-64.873024
4,99,10/06/15 10:01,-3.046356,-64.873046
4,99,10/06/15 12:00,-3.046546,-64.872934
4,99,10/06/15 14:02,-3.046504,-64.873008
4,99,10/06/15 16:01,-3.046444,-64.873025
4,99,10/06/15 20:01,-3.046528,-64.872995
4,99,10/06/15 22:02,-3.046615,-64.872934
4,99,10/07/15 00:01,-3.046598,-64.873036
4,99,10/07/15 02:00,-3.046688,-64.872991
4,99,10/07/15 06:01,-3.046616,-64.873057
4,99,10/07/15 08:00,-3.046364,-64.873078
4,99,10/07/15 10:01,-3.046333,-64.873043
4,99,10/07/15 12:00,-3.046582,-64.87314
4,99,10/07/15 14:00,-3.046557,-64.873156
4,99,10/07/15 16:02,-3.0466,-64.87316
4,99,10/07/15 18:02,-3.04669,-64.872901
4,99,10/07/15 20:01,-3.046423,-64.872995
4,99,10/07/15 22:02,-3.046579,-64.872965
4,99,10/08/15 02:00,-3.046658,-64.87295
4,99,10/08/15 04:01,-3.046676,-64.872882
4,99,10/08/15 06:01,-3.046695,-64.87309
4,99,10/08/15 08:01,-3.046443,-64.873302
4,99,10/08/15 10:00,-3.046576,-64.873084
4,99,10/08/15 14:00,-3.046394,-64.87309
4,99,10/08/15 16:00,-3.046558,-64.873153
4,99,10/08/15 18:01,-3.046595,-64.873084
4,99,10/08/15 20:01,-3.046804,-64.873141
4,99,10/09/15 00:02,-3.046593,-64.873162
4,99,10/09/15 02:02,-3.046589,-64.873171
4,99,10/09/15 04:01,-3.046586,-64.873216
4,99,10/09/15 06:01,-3.04661,-64.873005
4,99,10/09/15 08:00,-3.049925,-64.877522
4,99,10/09/15 12:01,-3.049642,-64.877401
4,99,10/09/15 14:00,-3.049681,-64.877347
4,99,10/09/15 16:00,-3.04962,-64.877391
4,99,10/09/15 18:00,-3.049785,-64.877424
4,99,10/09/15 20:02,-3.050921,-64.879148
2,99,10/09/15 22:02,-3.050953,-64.881649
2,99,10/10/15 00:00,-3.050894,-64.881662
2,99,10/10/15 02:00,-3.050938,-64.881614
2,99,10/10/15 08:01,-3.051227,-64.881572
2,99,10/10/15 10:00,-3.050723,-64.88132
2,99,10/10/15 12:01,-3.05063,-64.881245
2,99,10/10/15 14:01,-3.050937,-64.881634
2,99,10/10/15 18:00,-3.050888,-64.881741
2,99,10/10/15 20:00,-3.051125,-64.881787
2,99,10/10/15 22:00,-3.050942,-64.881558
2,99,10/11/15 00:00,-3.051149,-64.881739
2,99,10/11/15 02:02,-3.051185,-64.881734
2,99,10/11/15 04:01,-3.050915,-64.881614
2,99,10/11/15 06:02,-3.050821,-64.881516
2,99,10/11/15 08:01,-3.051006,-64.881642
2,99,10/11/15 12:01,-3.051176,-64.881642
2,99,10/11/15 14:00,-3.051122,-64.881557
2,99,10/11/15 16:00,-3.051139,-64.88179
2,99,10/11/15 18:01,-3.051191,-64.881663
2,99,10/11/15 20:02,-3.051192,-64.881587
2,99,10/11/15 22:02,-3.053348,-64.882833
2,99,10/12/15 00:01,-3.054164,-64.883393
2,99,10/12/15 06:03,-3.054042,-64.883169
2,99,10/12/15 08:01,-3.054042,-64.883388
2,99,10/12/15 10:01,-3.054074,-64.883189
2,99,10/12/15 12:01,-3.054009,-64.883298
2,99,10/12/15 14:01,-3.053874,-64.883367
2,99,10/12/15 16:01,-3.053994,-64.883346
2,99,10/12/15 18:02,-3.054089,-64.883485
2,99,10/12/15 20:00,-3.054064,-64.883359
2,99,10/12/15 22:00,-3.054214,-64.883339
2,99,10/13/15 00:00,-3.053892,-64.887712
3,99,10/13/15 06:01,-3.050595,-64.896898
3,99,10/13/15 08:01,-3.050563,-64.897019
3,99,10/13/15 10:02,-3.050685,-64.896936
3,99,10/13/15 12:01,-3.05031,-64.896922
3,99,10/13/15 14:02,-3.05047,-64.89549
2,99,10/13/15 18:01,-3.052654,-64.892542
2,99,10/13/15 20:01,-3.052778,-64.892552
3,99,10/14/15 04:03,-3.051902,-64.893079
2,99,10/14/15 08:00,-3.053965,-64.892141
2,99,10/14/15 10:02,-3.053994,-64.892197
2,99,10/14/15 12:00,-3.053924,-64.892196
2,99,10/14/15 14:01,-3.053848,-64.892838
2,99,10/14/15 16:00,-3.053905,-64.892309
2,99,10/14/15 18:02,-3.054497,-64.893085
3,99,10/14/15 22:01,-3.047466,-64.909056
3,99,10/15/15 00:01,-3.047301,-64.910172
3,99,10/15/15 02:02,-3.047339,-64.910141
3,99,10/15/15 08:02,-3.053557,-64.904489
3,99,10/15/15 12:01,-3.053419,-64.904533
3,99,10/15/15 14:01,-3.05339,-64.904539
3,99,10/15/15 20:01,-3.051794,-64.900649
3,99,10/15/15 22:00,-3.048942,-64.900753
3,99,10/16/15 02:00,-3.049003,-64.90079
3,99,10/16/15 04:01,-3.049023,-64.900809
3,99,10/16/15 08:00,-3.048988,-64.900804
3,99,10/16/15 10:01,-3.049059,-64.900857
3,99,10/16/15 12:00,-3.048987,-64.900798
3,99,10/16/15 14:00,-3.048999,-64.900807
3,99,10/16/15 16:00,-3.048968,-64.900888
3,99,10/16/15 18:01,-3.048921,-64.90077
3,99,10/16/15 20:01,-3.046195,-64.903098
3,99,10/16/15 22:00,-3.043169,-64.897166
3,99,10/17/15 02:01,-3.043505,-64.895161
3,99,10/17/15 08:00,-3.043457,-64.895212
3,99,10/17/15 12:00,-3.043464,-64.895183
3,99,10/17/15 14:00,-3.043444,-64.89525
3,99,10/17/15 16:00,-3.043323,-64.89551
3,99,10/17/15 20:00,-3.042917,-64.883459
2,99,10/18/15 00:01,-3.051254,-64.880369
4,99,10/18/15 04:02,-3.049959,-64.879436
4,99,10/18/15 06:01,-3.049716,-64.877888
4,99,10/18/15 10:01,-3.050368,-64.877971
4,99,10/18/15 12:00,-3.050309,-64.877953
4,99,10/18/15 14:01,-3.050308,-64.87789
4,99,10/18/15 16:00,-3.049212,-64.877541
4,99,10/18/15 18:01,-3.049558,-64.87761
4,99,10/18/15 22:00,-3.050207,-64.877574
4,99,10/19/15 04:01,-3.050295,-64.877724
4,99,10/19/15 06:02,-3.050228,-64.877895
4,99,10/19/15 08:01,-3.050149,-64.877547
4,99,10/19/15 14:00,-3.050185,-64.877968
4,99,10/19/15 16:01,-3.050078,-64.878005
4,99,10/19/15 18:02,-3.050649,-64.877175
4,99,10/19/15 20:01,-3.052282,-64.87691
4,99,10/19/15 22:00,-3.052324,-64.875345
4,99,10/20/15 00:01,-3.052334,-64.874898
4,99,10/20/15 02:01,-3.052251,-64.874821
4,99,10/20/15 04:01,-3.052285,-64.874796
4,99,10/20/15 06:01,-3.052303,-64.874807
4,99,10/20/15 08:00,-3.052266,-64.874809
4,99,10/20/15 10:00,-3.052233,-64.874852
4,99,10/20/15 12:00,-3.052253,-64.874825
4,99,10/20/15 14:00,-3.052228,-64.874834
4,99,10/20/15 16:00,-3.052229,-64.874906
4,99,10/20/15 20:00,-3.052216,-64.874859
4,99,10/20/15 22:02,-3.051755,-64.874123
4,99,10/21/15 00:01,-3.046139,-64.8726
4,99,10/21/15 02:01,-3.05419,-64.876448
4,99,10/21/15 04:01,-3.054984,-64.875623
2,99,10/21/15 06:01,-3.056001,-64.875945
2,99,10/21/15 08:01,-3.055929,-64.875984
2,99,10/21/15 10:01,-3.056191,-64.876351
2,99,10/21/15 12:01,-3.0562,-64.876617
2,99,10/21/15 14:01,-3.056245,-64.87646
2,99,10/21/15 16:02,-3.056037,-64.87631
4,99,10/21/15 18:00,-3.052757,-64.874814
2,99,10/21/15 20:02,-3.054466,-64.879378
2,99,10/21/15 22:00,-3.054215,-64.879445
2,99,10/22/15 00:00,-3.054216,-64.879514
2,99,10/22/15 02:00,-3.05426,-64.879433
2,99,10/22/15 06:00,-3.055241,-64.879064
2,99,10/22/15 08:00,-3.055241,-64.879008
2,99,10/22/15 10:02,-3.055204,-64.879069
2,99,10/22/15 12:02,-3.054662,-64.879109
2,99,10/22/15 14:00,-3.05423,-64.879538
2,99,10/22/15 16:01,-3.054209,-64.87954
2,99,10/22/15 18:00,-3.054128,-64.879438
2,99,10/22/15 20:00,-3.05423,-64.879455
2,99,10/23/15 02:01,-3.053309,-64.883285
2,99,10/23/15 10:01,-3.053467,-64.883201
2,99,10/23/15 12:02,-3.053309,-64.883348
2,99,10/23/15 14:01,-3.053288,-64.883334
4,99,10/23/15 16:02,-3.05472,-64.875422
4,99,10/23/15 18:00,-3.055356,-64.8731
2,99,10/23/15 20:01,-3.059817,-64.875586
8,99,10/24/15 00:02,-3.059351,-64.868993
4,99,10/24/15 08:02,-3.054653,-64.868549
4,99,10/24/15 10:01,-3.054869,-64.868586
4,99,10/24/15 12:02,-3.05476,-64.868584
4,99,10/24/15 14:01,-3.05479,-64.86853
4,99,10/24/15 16:00,-3.05057,-64.872614
4,99,10/24/15 18:00,-3.048931,-64.870969
4,99,10/24/15 20:01,-3.044255,-64.872379
4,99,10/24/15 22:01,-3.044392,-64.87699
3,99,10/25/15 02:02,-3.039819,-64.884568
3,99,10/25/15 04:01,-3.039785,-64.884281
3,99,10/25/15 08:01,-3.039849,-64.88449
3,99,10/25/15 10:01,-3.039876,-64.884389
3,99,10/25/15 12:01,-3.039791,-64.884704
3,99,10/25/15 14:01,-3.039839,-64.884493
3,99,10/25/15 16:01,-3.039806,-64.884584
3,99,10/25/15 18:01,-3.039899,-64.884414
3,99,10/25/15 20:00,-3.039793,-64.88447
4,99,10/26/15 02:00,-3.044106,-64.873086
4,99,10/26/15 06:01,-3.041482,-64.871237
4,99,10/26/15 08:01,-3.041417,-64.871244
4,99,10/26/15 14:00,-3.041567,-64.87127
4,99,10/26/15 16:01,-3.041874,-64.870943
4,99,10/26/15 18:01,-3.040442,-64.868545
4,99,10/26/15 20:01,-3.033926,-64.870661
3,99,10/27/15 00:01,-3.029262,-64.882793
3,99,10/27/15 02:01,-3.029325,-64.882786
3,99,10/27/15 06:02,-3.029302,-64.882747
3,99,10/27/15 08:03,-3.029417,-64.882739
4,99,10/27/15 10:01,-3.033341,-64.875792
4,99,10/27/15 16:00,-3.040271,-64.876316
4,99,10/27/15 18:01,-3.040906,-64.878278
4,99,10/27/15 20:00,-3.041007,-64.878267
3,99,10/28/15 04:01,-3.035404,-64.896087
3,99,10/28/15 06:01,-3.03276,-64.891659
3,99,10/28/15 08:01,-3.03357,-64.891264
3,99,10/28/15 10:01,-3.033268,-64.891102
3,99,10/28/15 16:01,-3.032957,-64.891131
3,99,10/28/15 18:01,-3.032908,-64.890957
3,99,10/29/15 02:01,-3.036721,-64.888157
3,99,10/29/15 04:01,-3.036713,-64.888247
3,99,10/29/15 06:00,-3.036782,-64.888363
3,99,10/29/15 08:02,-3.036775,-64.888345
3,99,10/29/15 10:01,-3.036737,-64.888379
3,99,10/29/15 12:00,-3.036927,-64.888237
3,99,10/29/15 14:00,-3.036746,-64.888369
3,99,10/29/15 18:01,-3.036181,-64.883896
3,99,10/29/15 22:01,-3.035412,-64.887737
3,99,10/30/15 00:01,-3.037043,-64.886614
3,99,10/30/15 02:01,-3.039276,-64.88661
3,99,10/30/15 04:00,-3.039163,-64.886706
3,99,10/30/15 06:01,-3.039204,-64.886576
3,99,10/30/15 08:01,-3.039122,-64.886674
3,99,10/30/15 10:00,-3.039239,-64.886685
3,99,10/30/15 14:02,-3.039275,-64.886453
3,99,10/30/15 16:02,-3.038992,-64.886405
3,99,10/30/15 18:01,-3.042151,-64.886646
3,99,10/30/15 20:01,-3.043089,-64.883854
3,99,10/30/15 22:02,-3.043398,-64.883375
3,99,10/31/15 00:00,-3.048228,-64.885446
3,99,10/31/15 06:00,-3.048574,-64.888802
3,99,10/31/15 08:01,-3.048521,-64.888848
3,99,10/31/15 10:02,-3.048623,-64.888825
3,99,10/31/15 12:01,-3.048591,-64.888714
3,99,10/31/15 14:00,-3.048601,-64.888925
3,99,10/31/15 16:00,-3.047212,-64.892763
3,99,10/31/15 18:02,-3.040476,-64.895846
3,99,11/01/15 06:02,-3.038555,-64.89682
3,99,11/01/15 08:02,-3.038446,-64.896778
3,99,11/01/15 10:02,-3.03843,-64.896885
3,99,11/01/15 12:01,-3.038468,-64.896875
3,99,11/01/15 14:02,-3.038408,-64.896824
3,99,11/01/15 16:01,-3.038422,-64.896833
3,99,11/01/15 18:02,-3.037571,-64.896915
3,99,11/01/15 20:01,-3.035017,-64.903099
3,99,11/01/15 22:02,-3.045216,-64.904802
3,99,11/02/15 02:01,-3.05141,-64.903316
3,99,11/02/15 04:00,-3.051564,-64.903385
3,99,11/02/15 06:01,-3.051515,-64.903283
3,99,11/02/15 08:00,-3.051464,-64.903351
3,99,11/02/15 10:00,-3.051543,-64.903308
3,99,11/02/15 12:00,-3.051603,-64.903377
3,99,11/02/15 14:00,-3.047938,-64.900925
3,99,11/02/15 18:02,-3.034812,-64.898968
3,99,11/02/15 20:01,-3.024482,-64.902752
3,99,11/02/15 22:02,-3.022681,-64.8951
3,99,11/03/15 08:01,-3.022426,-64.896404
3,99,11/03/15 10:01,-3.022043,-64.895163
3,99,11/03/15 14:01,-3.044313,-64.901771
3,99,11/03/15 16:01,-3.049385,-64.89784
3,99,11/03/15 18:01,-3.040345,-64.8974
3,99,11/04/15 00:00,-3.036283,-64.891192
3,99,11/04/15 02:01,-3.036282,-64.891345
3,99,11/04/15 10:01,-3.022169,-64.895254
3,99,11/04/15 12:01,-3.022119,-64.895275
3,99,11/04/15 14:00,-3.022102,-64.89519
3,99,11/04/15 16:01,-3.022005,-64.895235
3,99,11/04/15 18:01,-3.022801,-64.89528
3,99,11/04/15 20:00,-3.022693,-64.895281
3,99,11/04/15 22:01,-3.022925,-64.895301
3,99,11/05/15 00:00,-3.029158,-64.890756
3,99,11/05/15 14:02,-3.029281,-64.890802
3,99,11/05/15 16:02,-3.029349,-64.89082
3,99,11/05/15 18:01,-3.033213,-64.886385
8,99,11/12/15 16:00,-3.067252,-64.862254
7,99,11/12/15 18:01,-3.068217,-64.86831
7,99,11/13/15 02:02,-3.068923,-64.871485
7,99,11/13/15 04:01,-3.069078,-64.871409
7,99,11/13/15 06:02,-3.068931,-64.871558
7,99,11/13/15 12:01,-3.068933,-64.871392
7,99,11/13/15 14:01,-3.068589,-64.871889
7,99,11/13/15 16:01,-3.068666,-64.871771
7,99,11/13/15 18:01,-3.068698,-64.871818
7,99,11/13/15 20:01,-3.068976,-64.871549
7,99,11/14/15 10:01,-3.068968,-64.871406
7,99,11/14/15 12:01,-3.069336,-64.871789
7,99,11/14/15 14:01,-3.069343,-64.871365
7,99,11/14/15 16:00,-3.069263,-64.871339
7,99,11/15/15 04:01,-3.070102,-64.871398
7,99,11/15/15 12:00,-3.068401,-64.874572
7,99,11/15/15 14:01,-3.068304,-64.874638
2,99,11/15/15 18:00,-3.066478,-64.876479
2,99,11/15/15 20:02,-3.068417,-64.877662
7,99,11/16/15 00:02,-3.080123,-64.875416
7,99,11/16/15 02:02,-3.080376,-64.875691
7,99,11/16/15 08:01,-3.081158,-64.87532
7,99,11/16/15 10:00,-3.081148,-64.875386
7,99,11/16/15 12:01,-3.081125,-64.875429
7,99,11/16/15 14:01,-3.081069,-64.875456
7,99,11/16/15 16:02,-3.080171,-64.875428
7,99,11/16/15 22:02,-3.077351,-64.871026
7,99,11/17/15 00:02,-3.077448,-64.870978
7,99,11/17/15 02:02,-3.077395,-64.870945
7,99,11/17/15 06:02,-3.077442,-64.870942
7,99,11/17/15 12:01,-3.077379,-64.870979
7,99,11/17/15 14:01,-3.07739,-64.870921
7,99,11/17/15 16:02,-3.077477,-64.870983
7,99,11/17/15 18:02,-3.077442,-64.870802
7,99,11/17/15 20:02,-3.077432,-64.871045
7,99,11/18/15 02:02,-3.077415,-64.870975
7,99,11/18/15 08:02,-3.077367,-64.871035
7,99,11/18/15 10:01,-3.077317,-64.871024
7,99,11/18/15 12:00,-3.077376,-64.87102
7,99,11/18/15 14:01,-3.077081,-64.870455
7,99,11/18/15 16:01,-3.077091,-64.870591
7,99,11/18/15 18:02,-3.077333,-64.871138
7,99,11/18/15 20:02,-3.077419,-64.871015
7,99,11/18/15 22:01,-3.077442,-64.870935
7,99,11/19/15 00:01,-3.077403,-64.870835
7,99,11/19/15 10:01,-3.077503,-64.871078
7,99,11/19/15 12:00,-3.077045,-64.870404
7,99,11/19/15 14:01,-3.077062,-64.870376
7,99,11/19/15 18:01,-3.077006,-64.870595
7,99,11/19/15 20:01,-3.077086,-64.870473
7,99,11/20/15 12:02,-3.070708,-64.874321
2,99,11/20/15 14:00,-3.066575,-64.876596
2,99,11/20/15 16:00,-3.066314,-64.877071
2,99,11/20/15 18:01,-3.065893,-64.8768
7,99,11/20/15 20:01,-3.068269,-64.86797
7,99,11/21/15 00:02,-3.072053,-64.864202
7,99,11/21/15 04:01,-3.071975,-64.864166
7,99,11/21/15 16:00,-3.072088,-64.864379
7,99,11/21/15 18:01,-3.071942,-64.864332
8,99,11/22/15 00:02,-3.056439,-64.867126
2,99,11/22/15 04:02,-3.052769,-64.890989
3,99,11/22/15 06:02,-3.04759,-64.890343
3,99,11/22/15 10:01,-3.047329,-64.890424
3,99,11/22/15 14:02,-3.043653,-64.904789
3,99,11/22/15 16:01,-3.04365,-64.904883
3,99,11/22/15 20:01,-3.043413,-64.904899
3,99,11/22/15 22:01,-3.043606,-64.904826
3,99,11/23/15 00:02,-3.043645,-64.904715
3,99,11/23/15 04:00,-3.040614,-64.898058
3,99,11/23/15 06:02,-3.040468,-64.898082
3,99,11/23/15 10:01,-3.041406,-64.900857
3,99,11/23/15 12:02,-3.041261,-64.901031
3,99,11/23/15 14:01,-3.041607,-64.902226
3,99,11/23/15 16:01,-3.041376,-64.902298
3,99,11/24/15 00:02,-3.052973,-64.895751
8,99,11/24/15 08:01,-3.063495,-64.8703
8,99,11/24/15 10:00,-3.06353,-64.87008
8,99,11/24/15 12:01,-3.063382,-64.870416
8,99,11/24/15 14:01,-3.063376,-64.870268
2,99,11/24/15 18:02,-3.052656,-64.891114
2,99,11/25/15 04:02,-3.053194,-64.895656
2,99,11/25/15 08:02,-3.053202,-64.895515
3,99,11/25/15 10:02,-3.053111,-64.89589
2,99,11/25/15 12:02,-3.053509,-64.895668
2,99,11/25/15 14:01,-3.053708,-64.895104
2,99,11/25/15 16:00,-3.053686,-64.895198
2,99,11/25/15 20:01,-3.053717,-64.892088
2,99,11/25/15 22:01,-3.052536,-64.8858
4,99,11/26/15 00:01,-3.050376,-64.879999
8,99,11/26/15 02:01,-3.052955,-64.865481
8,99,11/26/15 04:01,-3.052113,-64.858918
8,99,11/26/15 08:01,-3.052307,-64.858431
8,99,11/26/15 10:01,-3.051238,-64.858551
8,99,11/26/15 12:00,-3.051161,-64.858409
8,99,11/26/15 14:00,-3.05123,-64.858364
8,99,11/26/15 16:00,-3.051188,-64.858288
8,99,11/26/15 18:02,-3.047585,-64.85699
8,99,11/27/15 06:02,-3.059549,-64.857187
8,99,11/27/15 08:01,-3.059596,-64.857367
8,99,11/27/15 10:02,-3.059656,-64.857226
8,99,11/27/15 12:00,-3.059341,-64.857133
8,99,11/27/15 14:01,-3.059428,-64.857208
8,99,11/27/15 18:01,-3.059574,-64.85729
8,99,11/27/15 20:01,-3.05951,-64.857365
8,99,11/28/15 00:00,-3.062982,-64.858658
8,99,11/28/15 04:00,-3.062734,-64.858564
8,99,11/28/15 06:01,-3.062836,-64.858671
8,99,11/28/15 08:01,-3.062867,-64.858575
8,99,11/28/15 10:01,-3.062883,-64.858592
8,99,11/28/15 12:00,-3.063005,-64.858846
8,99,11/28/15 14:01,-3.062653,-64.858506
8,99,11/28/15 16:01,-3.062759,-64.858563
8,99,11/28/15 18:01,-3.068859,-64.860236
2,99,11/28/15 20:02,-3.064569,-64.874696
7,99,11/29/15 02:02,-3.08203,-64.877823
7,99,11/29/15 04:01,-3.082731,-64.877899
7,99,11/29/15 10:01,-3.082906,-64.877943
7,99,11/29/15 12:02,-3.088843,-64.878619
7,99,11/29/15 16:02,-3.068753,-64.864878
7,99,11/30/15 02:02,-3.088838,-64.878342
7,99,11/30/15 04:01,-3.084648,-64.877179
7,99,11/30/15 06:01,-3.084801,-64.876981
7,99,11/30/15 08:01,-3.084817,-64.876954
7,99,11/30/15 10:01,-3.08477,-64.876981
7,99,11/30/15 12:01,-3.084718,-64.876962
7,99,11/30/15 14:01,-3.084651,-64.876948
7,99,11/30/15 16:01,-3.084258,-64.87616
7,99,11/30/15 18:00,-3.081738,-64.874685
7,99,11/30/15 20:01,-3.081392,-64.88095
7,99,11/30/15 22:01,-3.081002,-64.877483
7,99,12/01/15 04:03,-3.079661,-64.87153
7,99,12/01/15 08:02,-3.079669,-64.871365
7,99,12/01/15 10:01,-3.079838,-64.871212
7,99,12/01/15 12:01,-3.079728,-64.871511
7,99,12/01/15 16:01,-3.078467,-64.863561
7,99,12/01/15 18:02,-3.0784,-64.86373
7,99,12/01/15 20:01,-3.072741,-64.864068
8,99,12/02/15 08:01,-3.064772,-64.86953
8,99,12/02/15 10:00,-3.064765,-64.869386
8,99,12/02/15 14:02,-3.064666,-64.869734
8,99,12/02/15 16:03,-3.064775,-64.869392
2,99,12/02/15 18:02,-3.061506,-64.872217
4,99,12/02/15 20:02,-3.050501,-64.868889
3,99,12/03/15 00:01,-3.030353,-64.87905
3,99,12/03/15 02:01,-3.027049,-64.887618
3,99,12/03/15 06:01,-3.026874,-64.887085
3,99,12/03/15 08:01,-3.026926,-64.887218
3,99,12/03/15 12:01,-3.026319,-64.887368
3,99,12/03/15 14:00,-3.026149,-64.887743
3,99,12/03/15 18:01,-3.02851,-64.882007
3,99,12/04/15 00:01,-3.046672,-64.884271
4,99,12/04/15 02:02,-3.04458,-64.880021
4,99,12/04/15 04:01,-3.044628,-64.871724
4,99,12/04/15 08:01,-3.044812,-64.870549
4,99,12/04/15 10:00,-3.044852,-64.870467
4,99,12/04/15 12:00,-3.04483,-64.870534
4,99,12/04/15 14:01,-3.044219,-64.869794
4,99,12/04/15 16:01,-3.044218,-64.869614
4,99,12/04/15 18:02,-3.042047,-64.866499
4,99,12/04/15 20:01,-3.049901,-64.869383
4,99,12/05/15 00:02,-3.042059,-64.866715
4,99,12/05/15 04:02,-3.042104,-64.866518
4,99,12/05/15 08:01,-3.040016,-64.866184
4,99,12/05/15 10:01,-3.04006,-64.866222
4,99,12/05/15 14:01,-3.040038,-64.866056
4,99,12/05/15 16:01,-3.040042,-64.866161
1,99,12/06/15 04:00,-3.070574,-64.837977
1,99,12/06/15 06:01,-3.070466,-64.837523
1,99,12/06/15 08:01,-3.070513,-64.837648
1,99,12/06/15 10:00,-3.070487,-64.837422
1,99,12/06/15 12:01,-3.070415,-64.837462
1,99,12/06/15 14:01,-3.070412,-64.837545
1,99,12/07/15 02:02,-3.063503,-64.836544
1,99,12/07/15 04:02,-3.063782,-64.839243
1,99,12/07/15 06:02,-3.063709,-64.839186
1,99,12/07/15 08:00,-3.063748,-64.839099
1,99,12/07/15 10:00,-3.06369,-64.839134
1,99,12/07/15 12:00,-3.063701,-64.839121
1,99,12/07/15 14:01,-3.063707,-64.839183
1,99,12/07/15 16:01,-3.063665,-64.839431
1,99,12/07/15 20:01,-3.069239,-64.825793
6,99,12/08/15 02:01,-3.075453,-64.82602
1,99,12/08/15 04:00,-3.071197,-64.828893
1,99,12/08/15 08:01,-3.071309,-64.828901
1,99,12/08/15 10:00,-3.071231,-64.828871
1,99,12/08/15 12:02,-3.071198,-64.828776
1,99,12/08/15 14:01,-3.071136,-64.828904
2,99,12/09/15 04:02,-3.068187,-64.879462
2,99,12/09/15 06:01,-3.065912,-64.87982
2,99,12/09/15 08:02,-3.06602,-64.879563
2,99,12/09/15 12:01,-3.066065,-64.879681
2,99,12/09/15 14:01,-3.066067,-64.879597
2,99,12/09/15 16:01,-3.070893,-64.880503
7,99,12/09/15 18:01,-3.080046,-64.878133
2,99,12/10/15 02:02,-3.060183,-64.907205
2,99,12/10/15 08:01,-3.06786,-64.89279
2,99,12/10/15 10:00,-3.067939,-64.89297
2,99,12/10/15 12:01,-3.067847,-64.89275
2,99,12/10/15 14:02,-3.070414,-64.891476
7,99,12/10/15 16:02,-3.082982,-64.887318
4,99,12/10/15 22:01,-3.049496,-64.871154
3,99,12/11/15 00:01,-3.048206,-64.885492
3,99,12/11/15 08:01,-3.051377,-64.891318
3,99,12/11/15 14:00,-3.03952,-64.893998
2,99,12/11/15 22:00,-3.054903,-64.888842
2,99,12/12/15 00:01,-3.054925,-64.888813
2,99,12/12/15 02:02,-3.062502,-64.883969
2,99,12/12/15 06:02,-3.055934,-64.884232
3,99,12/12/15 10:01,-3.039838,-64.893691
3,99,12/12/15 16:01,-3.039714,-64.893647
3,99,12/12/15 18:01,-3.039687,-64.893553
3,99,12/12/15 22:00,-3.039668,-64.893611
3,99,12/13/15 02:00,-3.037484,-64.886586
3,99,12/13/15 06:01,-3.037816,-64.884887
3,99,12/13/15 08:00,-3.036889,-64.885139
3,99,12/13/15 10:02,-3.037039,-64.885875
3,99,12/13/15 12:01,-3.036772,-64.88517
3,99,12/13/15 14:00,-3.036867,-64.885152
3,99,12/13/15 16:00,-3.035502,-64.884681
3,99,12/13/15 18:00,-3.043226,-64.883127
2,99,12/13/15 20:02,-3.053596,-64.8884
3,99,12/14/15 08:00,-3.040468,-64.8948
3,99,12/14/15 10:00,-3.040566,-64.894805
3,99,12/14/15 12:00,-3.040565,-64.894693
3,99,12/14/15 14:00,-3.040541,-64.894763
3,99,12/14/15 16:01,-3.040497,-64.894922
3,99,12/14/15 20:01,-3.040605,-64.894735
3,99,12/15/15 00:01,-3.040667,-64.895294
3,99,12/15/15 04:00,-3.037523,-64.888461
3,99,12/15/15 06:00,-3.037722,-64.888516
3,99,12/15/15 08:00,-3.037368,-64.888581
3,99,12/15/15 10:00,-3.037468,-64.888481
3,99,12/15/15 12:02,-3.0374,-64.888479
3,99,12/15/15 14:00,-3.03748,-64.888544
3,99,12/15/15 16:01,-3.037809,-64.888045
3,99,12/15/15 18:01,-3.03674,-64.887408
3,99,12/16/15 00:02,-3.026347,-64.897205
3,99,12/16/15 02:02,-3.026379,-64.897143
3,99,12/16/15 06:00,-3.024682,-64.895854
3,99,12/16/15 08:00,-3.024694,-64.895976
3,99,12/16/15 14:00,-3.024572,-64.895937
3,99,12/16/15 18:00,-3.024637,-64.895872
3,99,12/16/15 22:01,-3.036382,-64.891223
4,99,12/17/15 02:02,-3.043946,-64.874941
4,99,12/17/15 06:02,-3.038461,-64.870532
4,99,12/17/15 08:01,-3.038622,-64.870255
4,99,12/17/15 10:00,-3.038541,-64.87045
4,99,12/17/15 12:02,-3.038632,-64.869931
4,99,12/17/15 14:00,-3.038573,-64.870594
4,99,12/17/15 16:02,-3.03865,-64.870661
4,99,12/18/15 08:02,-3.040269,-64.86206
4,99,12/18/15 10:00,-3.040409,-64.862019
4,99,12/18/15 12:00,-3.039176,-64.863618
4,99,12/18/15 16:01,-3.039195,-64.863628
4,99,12/18/15 18:01,-3.038476,-64.864586
4,99,12/18/15 22:01,-3.035724,-64.866795
4,99,12/19/15 02:01,-3.048224,-64.871098
4,99,12/19/15 04:02,-3.048305,-64.871085
4,99,12/19/15 06:01,-3.048808,-64.872838
4,99,12/19/15 08:00,-3.048889,-64.873564
4,99,12/19/15 10:00,-3.048815,-64.873645
4,99,12/19/15 12:00,-3.049255,-64.875041
4,99,12/19/15 14:00,-3.049108,-64.875016
4,99,12/19/15 16:00,-3.049105,-64.875019
4,99,12/19/15 18:00,-3.048865,-64.874962
4,99,12/19/15 20:02,-3.049161,-64.874989
4,99,12/19/15 22:00,-3.049136,-64.875058
4,99,12/20/15 00:02,-3.049131,-64.875008
4,99,12/20/15 02:00,-3.049172,-64.875018
4,99,12/20/15 04:00,-3.049279,-64.874964
4,99,12/20/15 06:00,-3.04927,-64.875022
4,99,12/20/15 08:00,-3.049294,-64.874958
4,99,12/20/15 10:00,-3.04933,-64.874945
4,99,12/20/15 12:01,-3.049193,-64.875086
4,99,12/20/15 14:00,-3.049213,-64.875038
4,99,12/20/15 16:01,-3.049208,-64.875012
4,99,12/20/15 18:01,-3.04913,-64.875081
4,99,12/20/15 20:01,-3.049165,-64.875068
4,99,12/20/15 22:00,-3.049101,-64.875071
4,99,12/21/15 00:00,-3.049187,-64.875117
4,99,12/21/15 02:02,-3.049213,-64.875003
4,99,12/21/15 04:02,-3.049153,-64.875001
4,99,12/21/15 08:00,-3.047936,-64.873434
4,99,12/21/15 10:01,-3.047917,-64.873407
4,99,12/21/15 12:01,-3.048008,-64.873455
4,99,12/21/15 16:02,-3.047998,-64.873237
4,99,12/21/15 18:02,-3.048512,-64.873349
8,99,12/22/15 00:02,-3.059197,-64.869048
8,99,12/22/15 04:00,-3.058819,-64.8692
8,99,12/22/15 06:01,-3.058737,-64.869303
8,99,12/22/15 08:01,-3.058873,-64.869309
8,99,12/22/15 12:01,-3.059104,-64.869225
8,99,12/22/15 14:00,-3.058658,-64.869271
8,99,12/22/15 16:00,-3.05873,-64.869311
8,99,12/22/15 18:00,-3.058876,-64.869175
8,99,12/22/15 20:01,-3.05974,-64.869188
8,99,12/23/15 00:01,-3.064118,-64.867962
8,99,12/23/15 02:01,-3.06428,-64.868051
8,99,12/23/15 04:01,-3.064383,-64.867939
8,99,12/23/15 06:01,-3.064061,-64.867889
8,99,12/23/15 08:01,-3.064287,-64.867317
7,99,12/23/15 22:01,-3.084846,-64.876391
7,99,12/24/15 02:02,-3.089564,-64.879995
7,99,12/24/15 06:01,-3.091082,-64.876552
7,99,12/24/15 08:01,-3.090858,-64.876458
7,99,12/24/15 10:01,-3.09082,-64.876467
7,99,12/24/15 12:00,-3.091009,-64.876404
7,99,12/24/15 16:01,-3.090823,-64.87602
7,99,12/24/15 18:01,-3.091019,-64.876356
7,99,12/24/15 20:01,-3.091182,-64.876375
7,99,12/25/15 02:01,-3.090634,-64.875785
7,99,12/25/15 06:01,-3.090319,-64.875714
7,99,12/25/15 08:00,-3.090334,-64.875607
7,99,12/25/15 12:01,-3.074853,-64.870495
7,99,12/25/15 14:01,-3.074862,-64.870558
7,99,12/25/15 16:01,-3.07474,-64.870592
8,99,12/25/15 22:02,-3.066661,-64.861144
1,99,12/26/15 04:00,-3.071603,-64.837882
1,99,12/26/15 08:00,-3.071601,-64.837798
1,99,12/26/15 10:01,-3.071617,-64.83792
1,99,12/26/15 12:01,-3.07172,-64.837902
1,99,12/26/15 14:00,-3.071321,-64.837679
1,99,12/26/15 16:02,-3.07165,-64.838483
1,99,12/26/15 18:01,-3.070771,-64.840553
1,99,12/26/15 20:02,-3.075495,-64.840247
7,99,12/27/15 04:03,-3.087219,-64.861328
7,99,12/27/15 06:01,-3.087264,-64.86151
7,99,12/27/15 10:00,-3.087279,-64.861636
7,99,12/27/15 12:02,-3.087247,-64.861426
7,99,12/27/15 14:02,-3.087284,-64.861585
7,99,12/27/15 20:01,-3.07629,-64.864803
7,99,12/28/15 02:02,-3.069094,-64.866304
7,99,12/28/15 06:01,-3.068921,-64.866079
4,99,12/28/15 12:01,-3.048973,-64.877776
4,99,12/28/15 14:02,-3.049806,-64.878224
4,99,12/28/15 18:01,-3.050619,-64.878747
4,99,12/28/15 20:01,-3.050782,-64.878697
2,99,12/28/15 22:01,-3.054522,-64.879546
2,99,12/29/15 04:01,-3.060158,-64.882293
2,99,12/29/15 06:02,-3.059835,-64.882401
2,99,12/29/15 08:02,-3.060286,-64.882206
2,99,12/29/15 10:00,-3.060105,-64.882332
2,99,12/29/15 14:01,-3.060114,-64.882391
2,99,12/29/15 16:02,-3.059954,-64.882134
2,99,12/29/15 22:01,-3.04939,-64.885262
2,99,12/30/15 00:00,-3.051524,-64.886638
2,99,12/30/15 04:02,-3.051667,-64.887561
2,99,12/30/15 08:01,-3.051676,-64.887664
3,99,12/30/15 10:02,-3.049116,-64.885614
3,99,12/30/15 12:01,-3.049101,-64.885216
3,99,12/30/15 14:01,-3.048734,-64.885029
4,99,12/30/15 16:01,-3.045925,-64.882303
3,99,12/30/15 20:02,-3.037234,-64.886856
3,99,01/05/16 08:01,-3.027407,-64.90228
3,99,01/05/16 12:01,-3.027332,-64.902256
3,99,01/05/16 20:01,-3.02458,-64.90717
3,99,01/06/16 02:01,-3.027343,-64.913328
3,99,01/06/16 06:01,-3.028476,-64.904815
3,99,01/06/16 08:00,-3.028513,-64.904855
3,99,01/06/16 10:01,-3.028623,-64.90469
3,99,01/06/16 12:00,-3.028601,-64.904866
3,99,01/06/16 14:01,-3.028627,-64.904559
3,99,01/06/16 16:00,-3.028772,-64.904778
3,99,01/06/16 22:01,-3.044655,-64.883454
3,99,01/07/16 00:00,-3.041994,-64.882844
3,99,01/07/16 02:02,-3.041994,-64.883251
3,99,01/07/16 08:01,-3.041921,-64.883499
3,99,01/07/16 10:01,-3.041936,-64.883493
3,99,01/07/16 12:00,-3.041965,-64.883209
3,99,01/07/16 14:02,-3.041914,-64.883192
3,99,01/07/16 16:01,-3.04194,-64.883241
3,99,01/07/16 18:01,-3.041967,-64.883172
3,99,01/07/16 20:02,-3.041871,-64.883307
3,99,01/08/16 00:02,-3.039172,-64.886894
3,99,01/08/16 02:02,-3.039126,-64.886915
3,99,01/08/16 04:01,-3.039306,-64.887062
3,99,01/08/16 06:00,-3.03928,-64.887019
3,99,01/08/16 08:01,-3.039216,-64.887076
3,99,01/08/16 10:01,-3.039194,-64.887098
3,99,01/08/16 16:01,-3.022617,-64.895108
3,99,01/08/16 18:01,-3.02795,-64.891606
3,99,01/09/16 00:03,-3.037197,-64.884086
4,99,01/09/16 02:02,-3.033943,-64.877475
4,99,01/09/16 04:01,-3.033765,-64.877256
4,99,01/09/16 08:00,-3.033739,-64.877241
3,99,01/09/16 10:01,-3.029619,-64.87941
3,99,01/09/16 12:02,-3.029814,-64.878873
4,99,01/09/16 16:00,-3.037322,-64.867263
4,99,01/09/16 18:01,-3.037254,-64.866203
4,99,01/10/16 04:02,-3.046884,-64.864957
4,99,01/10/16 06:01,-3.047544,-64.864753
4,99,01/10/16 08:00,-3.047469,-64.864986
4,99,01/10/16 10:01,-3.047597,-64.864789
4,99,01/10/16 12:01,-3.047586,-64.864695
4,99,01/10/16 14:01,-3.048706,-64.867511
4,99,01/10/16 20:02,-3.048556,-64.867288
4,99,01/10/16 22:02,-3.048663,-64.867298
4,99,01/11/16 00:02,-3.048628,-64.86712
4,99,01/11/16 02:01,-3.048658,-64.867586
4,99,01/11/16 08:00,-3.055851,-64.871423
4,99,01/11/16 10:01,-3.055775,-64.871391
4,99,01/11/16 12:01,-3.05584,-64.871486
4,99,01/11/16 14:01,-3.055796,-64.871424
4,99,01/11/16 16:01,-3.056138,-64.87153
8,99,01/11/16 20:01,-3.054045,-64.857187
8,99,01/12/16 02:01,-3.058212,-64.850841
8,99,01/12/16 06:01,-3.05033,-64.846043
8,99,01/12/16 08:00,-3.043079,-64.845351
8,99,01/12/16 12:02,-3.041892,-64.846988
8,99,01/12/16 14:01,-3.042331,-64.851154
8,99,01/12/16 18:03,-3.037294,-64.851548
8,99,01/13/16 00:02,-3.037286,-64.850749
8,99,01/13/16 02:00,-3.037445,-64.850978
8,99,01/13/16 06:01,-3.036285,-64.84976
8,99,01/13/16 12:00,-3.042182,-64.851247
8,99,01/13/16 14:01,-3.040818,-64.851181
8,99,01/13/16 16:02,-3.041329,-64.851908
8,99,01/13/16 18:01,-3.041305,-64.851878
8,99,01/14/16 10:01,-3.051548,-64.853688
8,99,01/14/16 14:01,-3.051395,-64.854376
8,99,01/14/16 18:00,-3.051788,-64.856358
8,99,01/14/16 22:02,-3.050092,-64.857455
8,99,01/15/16 00:02,-3.049277,-64.857973
8,99,01/15/16 02:01,-3.049414,-64.858077
8,99,01/15/16 04:02,-3.048937,-64.858244
8,99,01/15/16 06:01,-3.049011,-64.858196
8,99,01/15/16 08:00,-3.048978,-64.858255
8,99,01/15/16 10:01,-3.049312,-64.857973
8,99,01/15/16 12:01,-3.049341,-64.858266
8,99,01/15/16 14:01,-3.04798,-64.858772
4,99,01/15/16 16:01,-3.047786,-64.861937
4,99,01/15/16 18:02,-3.048894,-64.862547
3,99,01/16/16 18:01,-3.035537,-64.884638
4,99,01/16/16 20:01,-3.033481,-64.875538
4,99,01/16/16 22:02,-3.033261,-64.87563
4,99,01/17/16 06:00,-3.036187,-64.871301
4,99,01/17/16 10:00,-3.036001,-64.871324
4,99,01/17/16 12:01,-3.036046,-64.871361
4,99,01/17/16 14:01,-3.036076,-64.871421
4,99,01/17/16 18:01,-3.037018,-64.871879
4,99,01/17/16 20:02,-3.03731,-64.871874
4,99,01/18/16 02:00,-3.042954,-64.874721
4,99,01/18/16 06:01,-3.041849,-64.874908
4,99,01/18/16 08:00,-3.041168,-64.874858
4,99,01/18/16 12:00,-3.041212,-64.874883
4,99,01/18/16 14:01,-3.04497,-64.879025
4,99,01/18/16 16:01,-3.041254,-64.879009
4,99,01/18/16 18:02,-3.040036,-64.876727
4,99,01/18/16 20:02,-3.047588,-64.869456
4,99,01/19/16 04:01,-3.047671,-64.870457
4,99,01/19/16 06:00,-3.047196,-64.868784
4,99,01/19/16 08:01,-3.047545,-64.869152
4,99,01/19/16 10:01,-3.047616,-64.868939
4,99,01/19/16 12:01,-3.047756,-64.869333
4,99,01/19/16 14:02,-3.047722,-64.869268
4,99,01/19/16 16:01,-3.047721,-64.869973
4,99,01/19/16 18:01,-3.047657,-64.87049
4,99,01/19/16 20:02,-3.047658,-64.870428
4,99,01/19/16 22:01,-3.047685,-64.870409
4,99,01/20/16 00:01,-3.047685,-64.870433
4,99,01/20/16 02:01,-3.047857,-64.870374
4,99,01/20/16 04:01,-3.047941,-64.870234
4,99,01/20/16 06:00,-3.047829,-64.870028
4,99,01/20/16 08:01,-3.047903,-64.870131
4,99,01/20/16 10:01,-3.047674,-64.870338
4,99,01/20/16 12:01,-3.047762,-64.870809
4,99,01/20/16 16:01,-3.047707,-64.870823
4,99,01/20/16 18:02,-3.047763,-64.870765
4,99,01/20/16 20:00,-3.049437,-64.874099
4,99,01/21/16 00:02,-3.047233,-64.874139
4,99,01/21/16 02:02,-3.046976,-64.874398
4,99,01/21/16 04:00,-3.048614,-64.874261
4,99,01/21/16 06:01,-3.049984,-64.875219
2,99,01/21/16 10:00,-3.053292,-64.883097
2,99,01/21/16 12:01,-3.053312,-64.88319
2,99,01/21/16 14:01,-3.053341,-64.882975
2,99,01/21/16 16:01,-3.053216,-64.883147
2,99,01/21/16 18:02,-3.053112,-64.883082
2,99,01/22/16 00:01,-3.051819,-64.889402
3,99,01/22/16 02:00,-3.046507,-64.891931
3,99,01/22/16 04:00,-3.046484,-64.891977
3,99,01/22/16 06:00,-3.046449,-64.891887
3,99,01/22/16 10:00,-3.046865,-64.88801
3,99,01/22/16 12:00,-3.047685,-64.884888
4,99,01/22/16 14:02,-3.05037,-64.880325
2,99,01/22/16 16:01,-3.052273,-64.880798
2,99,01/22/16 22:00,-3.052912,-64.881434
2,99,01/23/16 00:02,-3.052888,-64.881386
