id_centroid,id_animal,timestamp,latitude_animal,longitude_animal
4,93,03/14/14 04:00,-3.038135,-64.877105
4,93,03/14/14 10:02,-3.038255,-64.876807
4,93,03/14/14 16:00,-3.03809,-64.877153
4,93,03/14/14 22:00,-3.03821,-64.877072
1,93,03/15/14 10:01,-3.033158,-64.885507
1,93,03/15/14 22:00,-3.031688,-64.887686
1,93,03/16/14 04:00,-3.031543,-64.887788
1,93,03/16/14 10:00,-3.031137,-64.888473
1,93,03/16/14 22:00,-3.031063,-64.888699
1,93,03/17/14 04:00,-3.03231,-64.888955
1,93,03/17/14 10:01,-3.033822,-64.886187
1,93,03/17/14 22:00,-3.033063,-64.886215
4,93,03/18/14 04:02,-3.038117,-64.879131
4,93,03/18/14 10:01,-3.055827,-64.858988
4,93,03/18/14 16:01,-3.061158,-64.860149
4,93,03/19/14 10:00,-3.065276,-64.856348
4,93,03/20/14 04:00,-3.065576,-64.856865
4,93,03/20/14 10:00,-3.063364,-64.858464
4,93,03/20/14 16:01,-3.061604,-64.858319
4,93,03/21/14 10:01,-3.053182,-64.85287
4,93,03/21/14 16:01,-3.053228,-64.852853
4,93,03/21/14 22:01,-3.053295,-64.852804
4,93,03/22/14 04:00,-3.051432,-64.854644
4,93,03/22/14 10:01,-3.041538,-64.845433
4,93,03/22/14 16:01,-3.04091,-64.845734
4,93,03/22/14 22:02,-3.040576,-64.846087
4,93,03/23/14 04:00,-3.031678,-64.84413
3,93,03/23/14 16:00,-3.056607,-64.832733
3,93,03/23/14 22:01,-3.056687,-64.832657
4,93,03/25/14 04:01,-3.022774,-64.848737
5,93,03/25/14 10:00,-2.982191,-64.867467
5,93,03/25/14 16:00,-2.982062,-64.867225
5,93,03/25/14 22:01,-2.982134,-64.867833
5,93,03/26/14 10:00,-2.967679,-64.841446
5,93,03/26/14 16:01,-2.97884,-64.841179
5,93,03/26/14 22:01,-2.978939,-64.841174
5,93,03/27/14 04:03,-2.986542,-64.850137
4,93,03/27/14 16:01,-3.026823,-64.82001
3,93,03/28/14 10:00,-3.070651,-64.793374
3,93,03/28/14 16:01,-3.075709,-64.788907
3,93,03/28/14 22:00,-3.075769,-64.788864
3,93,03/29/14 04:03,-3.070019,-64.800494
3,93,03/29/14 10:02,-3.077272,-64.800122
3,93,03/29/14 16:03,-3.077138,-64.800801
3,93,03/29/14 22:01,-3.079345,-64.801697
3,93,03/30/14 04:02,-3.085492,-64.800423
3,93,03/31/14 04:00,-3.096356,-64.793741
3,93,03/31/14 10:01,-3.107163,-64.79386
3,93,03/31/14 22:00,-3.105254,-64.794894
3,93,04/01/14 04:01,-3.094597,-64.78957
3,93,04/01/14 10:02,-3.086742,-64.796758
3,93,04/01/14 16:02,-3.086584,-64.796756
3,93,04/02/14 10:01,-3.096635,-64.803615
3,93,04/02/14 16:01,-3.098497,-64.803457
3,93,04/03/14 04:03,-3.115164,-64.80283
3,93,04/03/14 10:02,-3.110866,-64.801826
3,93,04/03/14 16:01,-3.110523,-64.801627
3,93,04/03/14 22:01,-3.110046,-64.801564
3,93,04/04/14 10:00,-3.097308,-64.806337
3,93,04/04/14 16:01,-3.098838,-64.831866
3,93,04/05/14 04:01,-3.103597,-64.833393
3,93,04/05/14 10:01,-3.096214,-64.84539
3,93,04/05/14 16:02,-3.088129,-64.857759
3,93,04/05/14 22:03,-3.088172,-64.856116
3,93,04/06/14 10:02,-3.090578,-64.865837
3,93,04/06/14 22:01,-3.082253,-64.859979
4,93,04/07/14 10:01,-3.071715,-64.862329
4,93,04/07/14 16:00,-3.071849,-64.862281
4,93,04/08/14 04:02,-3.080211,-64.866634
3,93,04/08/14 22:01,-3.093862,-64.866634
3,93,04/09/14 04:02,-3.094265,-64.865546
3,93,04/09/14 10:01,-3.094415,-64.86557
3,93,04/09/14 16:02,-3.094052,-64.8655
3,93,04/09/14 22:02,-3.094105,-64.865386
3,93,04/10/14 04:00,-3.097182,-64.855249
3,93,04/10/14 10:00,-3.095017,-64.852852
3,93,04/10/14 22:01,-3.092935,-64.855251
3,93,04/11/14 04:01,-3.096182,-64.842296
3,93,04/11/14 10:01,-3.094637,-64.821983
3,93,04/11/14 16:02,-3.09954,-64.824996
3,93,04/11/14 22:02,-3.099351,-64.825025
3,93,04/12/14 16:01,-3.08494,-64.808302
3,93,04/12/14 22:01,-3.084781,-64.808277
3,93,04/13/14 04:00,-3.081388,-64.809093
3,93,04/13/14 10:00,-3.072262,-64.811703
3,93,04/13/14 16:01,-3.075243,-64.808869
3,93,04/13/14 22:00,-3.075272,-64.808729
3,93,04/14/14 10:01,-3.078063,-64.807435
3,93,04/14/14 16:02,-3.075947,-64.808378
3,93,04/14/14 22:01,-3.075809,-64.808414
3,93,04/15/14 04:00,-3.078031,-64.807176
3,93,04/15/14 10:00,-3.078019,-64.807179
3,93,04/16/14 10:01,-3.078289,-64.806998
3,93,04/17/14 04:00,-3.077781,-64.807231
3,93,04/17/14 10:01,-3.077746,-64.807336
3,93,04/17/14 16:02,-3.075679,-64.808431
3,93,04/17/14 22:02,-3.075541,-64.808336
3,93,04/18/14 04:01,-3.077742,-64.80736
3,93,04/18/14 10:02,-3.077818,-64.80718
3,93,04/18/14 22:02,-3.075496,-64.808442
3,93,04/19/14 04:00,-3.077902,-64.807593
3,93,04/19/14 10:02,-3.076128,-64.808151
3,93,04/19/14 22:01,-3.075626,-64.808377
3,93,04/20/14 04:00,-3.07526,-64.808895
3,93,04/20/14 10:01,-3.077609,-64.807283
3,93,04/20/14 16:01,-3.073036,-64.802478
3,93,04/21/14 10:01,-3.078095,-64.793052
3,93,04/21/14 22:00,-3.083604,-64.791711
3,93,04/22/14 04:01,-3.090155,-64.788267
3,93,04/22/14 10:01,-3.099092,-64.783974
3,93,04/22/14 16:00,-3.09907,-64.784014
3,93,04/22/14 22:01,-3.099117,-64.784149
3,93,04/23/14 04:00,-3.100055,-64.789089
3,93,04/23/14 10:00,-3.099905,-64.788877
3,93,04/23/14 22:02,-3.092808,-64.790261
3,93,04/24/14 04:02,-3.090476,-64.783949
3,93,04/24/14 10:00,-3.074051,-64.789562
3,93,04/24/14 22:00,-3.065478,-64.795727
4,93,04/25/14 10:01,-3.037831,-64.811569
4,93,04/26/14 04:03,-3.028398,-64.841961
5,93,04/26/14 10:01,-2.989565,-64.855123
5,93,04/26/14 16:00,-2.982523,-64.846483
5,93,04/27/14 10:02,-2.977842,-64.833818
5,93,04/27/14 22:02,-2.977754,-64.833806
5,93,04/28/14 10:02,-2.99225,-64.837177
5,93,04/30/14 04:01,-2.999746,-64.837569
5,93,04/30/14 10:02,-2.981649,-64.834909
5,93,04/30/14 16:01,-2.979756,-64.833409
5,93,04/30/14 22:00,-2.979476,-64.833453
5,93,05/01/14 04:01,-2.979175,-64.82895
5,93,05/01/14 22:01,-2.987867,-64.830896
5,93,05/02/14 04:00,-2.990272,-64.832618
5,93,05/02/14 10:02,-2.988845,-64.83543
5,93,05/02/14 16:01,-2.989117,-64.835626
5,93,05/03/14 04:00,-2.987759,-64.839154
5,93,05/03/14 16:01,-2.980263,-64.830711
5,93,05/03/14 22:01,-2.979813,-64.83033
5,93,05/04/14 04:01,-2.980113,-64.829903
5,93,05/04/14 10:00,-2.980178,-64.830565
5,93,05/04/14 22:03,-2.979983,-64.830683
5,93,05/05/14 10:02,-2.981403,-64.831508
5,93,05/05/14 16:02,-2.98125,-64.831469
5,93,05/05/14 22:00,-2.981096,-64.831694
5,93,05/06/14 04:01,-2.995299,-64.832182
5,93,05/06/14 10:00,-3.000265,-64.832751
5,93,05/06/14 16:00,-2.999695,-64.832899
5,93,05/06/14 22:00,-2.999766,-64.832962
5,93,05/07/14 22:02,-2.99708,-64.843281
5,93,05/08/14 04:00,-2.990427,-64.840703
5,93,05/08/14 10:01,-2.981546,-64.836129
5,93,05/08/14 16:00,-2.980421,-64.835853
5,93,05/08/14 22:00,-2.97903,-64.835789
4,93,05/09/14 10:00,-3.02246,-64.840737
4,93,05/09/14 16:00,-3.037745,-64.825374
4,93,05/09/14 22:00,-3.037738,-64.825191
3,93,05/10/14 04:00,-3.05414,-64.816822
3,93,05/10/14 10:00,-3.054384,-64.816832
3,93,05/10/14 16:00,-3.054742,-64.816597
3,93,05/10/14 22:00,-3.054207,-64.816934
3,93,05/11/14 10:01,-3.067242,-64.814839
3,93,05/11/14 16:00,-3.067088,-64.814436
3,93,05/12/14 04:01,-3.064296,-64.80395
3,93,05/12/14 10:02,-3.09382,-64.781814
3,93,05/12/14 22:00,-3.093753,-64.781815
3,93,05/13/14 04:00,-3.093704,-64.781977
3,93,05/13/14 16:00,-3.098594,-64.784392
3,93,05/13/14 22:00,-3.098518,-64.784323
3,93,05/14/14 04:01,-3.099108,-64.78406
3,93,05/14/14 10:00,-3.101672,-64.784627
3,93,05/14/14 16:00,-3.101623,-64.784676
3,93,05/14/14 22:00,-3.097904,-64.786217
3,93,05/15/14 04:00,-3.097685,-64.786139
3,93,05/15/14 10:01,-3.101194,-64.79195
3,93,05/15/14 16:00,-3.101317,-64.791808
3,93,05/15/14 22:01,-3.101349,-64.791784
3,93,05/16/14 04:01,-3.109455,-64.788819
3,93,05/16/14 10:00,-3.108549,-64.789422
3,93,05/16/14 16:00,-3.108886,-64.789612
3,93,05/16/14 22:00,-3.108593,-64.789511
3,93,05/17/14 04:02,-3.102338,-64.795966
3,93,05/17/14 10:00,-3.101287,-64.791898
3,93,05/17/14 16:00,-3.101343,-64.791882
3,93,05/17/14 22:00,-3.101323,-64.79184
3,93,05/18/14 04:00,-3.102481,-64.787651
3,93,05/18/14 10:00,-3.101498,-64.784237
3,93,05/18/14 16:00,-3.101584,-64.784276
3,93,05/18/14 22:01,-3.101589,-64.784654
3,93,05/19/14 04:01,-3.10531,-64.782909
3,93,05/19/14 10:00,-3.106239,-64.775409
3,93,05/19/14 16:00,-3.102278,-64.772518
3,93,05/19/14 22:01,-3.102276,-64.7725
3,93,05/20/14 10:00,-3.084755,-64.766054
3,93,05/20/14 16:00,-3.084701,-64.766138
3,93,05/20/14 22:00,-3.083347,-64.767714
3,93,05/21/14 04:00,-3.08881,-64.767873
3,93,05/21/14 10:00,-3.088032,-64.768297
3,93,05/21/14 16:01,-3.088113,-64.768369
3,93,05/21/14 22:01,-3.088361,-64.768225
3,93,05/22/14 04:00,-3.088559,-64.767787
3,93,05/22/14 10:01,-3.088535,-64.767707
3,93,05/22/14 16:00,-3.088663,-64.767696
3,93,05/22/14 22:00,-3.088551,-64.767773
3,93,05/23/14 04:01,-3.088427,-64.768075
3,93,05/23/14 10:00,-3.081962,-64.777398
3,93,05/23/14 16:00,-3.079859,-64.788474
3,93,05/23/14 22:00,-3.079875,-64.788477
3,93,05/24/14 04:00,-3.071331,-64.797435
3,93,05/24/14 10:00,-3.07135,-64.797388
3,93,05/24/14 16:00,-3.071274,-64.79744
3,93,05/24/14 22:00,-3.071341,-64.797395
3,93,05/25/14 10:00,-3.067784,-64.812004
3,93,05/25/14 16:00,-3.067777,-64.812073
3,93,05/25/14 22:00,-3.06779,-64.812075
3,93,05/26/14 04:00,-3.06406,-64.818339
3,93,05/26/14 10:00,-3.064113,-64.818422
3,93,05/26/14 16:00,-3.064086,-64.81845
3,93,05/26/14 22:00,-3.06409,-64.818449
3,93,05/27/14 04:00,-3.058455,-64.82776
3,93,05/27/14 10:00,-3.044894,-64.834464
3,93,05/27/14 16:00,-3.044913,-64.83446
3,93,05/27/14 22:00,-3.044884,-64.8344
4,93,05/28/14 04:01,-3.035155,-64.82658
4,93,05/28/14 10:00,-3.034257,-64.821003
4,93,05/28/14 16:00,-3.033345,-64.820644
4,93,05/28/14 22:00,-3.03329,-64.820534
4,93,05/29/14 10:01,-3.029608,-64.828411
4,93,05/29/14 16:00,-3.029407,-64.828748
4,93,05/29/14 22:00,-3.029459,-64.828735
4,93,05/30/14 04:00,-3.019867,-64.82962
4,93,05/30/14 10:00,-3.02386,-64.819681
4,93,05/30/14 16:00,-3.023823,-64.819722
4,93,05/30/14 22:00,-3.023834,-64.819688
4,93,05/31/14 04:03,-3.015062,-64.824979
4,93,05/31/14 10:00,-3.011707,-64.838584
4,93,05/31/14 16:00,-3.011717,-64.838468
4,93,05/31/14 22:00,-3.011745,-64.838444
4,93,06/01/14 04:01,-3.012366,-64.841705
4,93,06/01/14 16:00,-3.015018,-64.838981
4,93,06/01/14 22:00,-3.015013,-64.839088
4,93,06/02/14 04:00,-3.012691,-64.8481
4,93,06/02/14 10:00,-3.012308,-64.848802
4,93,06/02/14 16:00,-3.01232,-64.848712
4,93,06/02/14 22:00,-3.012353,-64.84882
5,93,06/03/14 04:00,-3.009256,-64.855331
5,93,06/03/14 10:00,-2.997942,-64.861683
5,93,06/03/14 16:00,-2.998435,-64.862987
5,93,06/03/14 22:00,-2.989624,-64.859102
5,93,06/04/14 10:00,-2.992039,-64.850866
5,93,06/04/14 16:00,-2.99201,-64.850868
5,93,06/04/14 22:00,-2.99198,-64.850826
4,93,06/05/14 10:00,-3.020274,-64.843928
4,93,06/05/14 16:00,-3.020206,-64.843999
4,93,06/05/14 22:00,-3.020248,-64.843873
4,93,06/06/14 10:00,-3.033815,-64.81452
4,93,06/06/14 16:00,-3.033701,-64.814477
4,93,06/06/14 22:00,-3.033961,-64.814852
4,93,06/07/14 04:01,-3.033509,-64.81536
4,93,06/07/14 10:00,-3.032854,-64.815614
4,93,06/07/14 16:01,-3.03301,-64.815191
4,93,06/07/14 22:00,-3.033114,-64.81513
4,93,06/08/14 04:01,-3.033995,-64.80715
4,93,06/08/14 16:00,-3.043914,-64.806562
4,93,06/08/14 22:00,-3.043978,-64.806805
3,93,06/09/14 04:00,-3.053243,-64.806554
3,93,06/09/14 10:00,-3.057029,-64.807523
3,93,06/09/14 16:01,-3.066815,-64.811711
3,93,06/09/14 22:00,-3.066935,-64.811644
3,93,06/10/14 04:00,-3.077084,-64.808716
3,93,06/10/14 10:01,-3.076874,-64.809086
3,93,06/10/14 16:00,-3.074023,-64.820034
3,93,06/10/14 22:00,-3.073925,-64.819948
3,93,06/11/14 04:00,-3.072416,-64.824845
3,93,06/11/14 10:00,-3.072492,-64.824827
3,93,06/11/14 16:01,-3.074185,-64.824277
3,93,06/11/14 22:02,-3.074138,-64.824312
3,93,06/12/14 10:00,-3.070323,-64.834574
3,93,06/12/14 16:00,-3.071476,-64.837847
3,93,06/12/14 22:00,-3.071442,-64.837774
3,93,06/13/14 04:00,-3.078115,-64.839735
3,93,06/13/14 10:01,-3.079169,-64.835337
3,93,06/13/14 16:00,-3.079151,-64.835356
3,93,06/13/14 22:00,-3.079112,-64.835566
3,93,06/14/14 04:00,-3.078977,-64.833739
3,93,06/14/14 10:00,-3.079346,-64.832742
3,93,06/14/14 16:00,-3.079302,-64.827323
3,93,06/14/14 22:00,-3.079222,-64.827252
3,93,06/15/14 04:00,-3.083399,-64.826725
3,93,06/15/14 10:00,-3.08346,-64.826765
3,93,06/15/14 16:00,-3.083472,-64.826779
3,93,06/15/14 22:00,-3.086851,-64.822981
3,93,06/16/14 04:01,-3.090345,-64.81731
3,93,06/16/14 10:00,-3.098417,-64.812097
3,93,06/16/14 16:00,-3.098327,-64.812059
3,93,06/16/14 22:00,-3.098374,-64.812052
3,93,06/17/14 04:00,-3.100443,-64.811202
3,93,06/17/14 10:01,-3.10046,-64.811213
3,93,06/17/14 16:00,-3.10307,-64.814563
3,93,06/17/14 22:00,-3.104841,-64.815782
3,93,06/18/14 04:00,-3.104942,-64.815715
3,93,06/18/14 10:00,-3.10691,-64.817326
3,93,06/18/14 16:00,-3.106891,-64.816859
3,93,06/18/14 22:00,-3.106875,-64.816793
3,93,06/19/14 04:00,-3.10644,-64.816919
3,93,06/19/14 10:00,-3.105966,-64.816353
3,93,06/19/14 16:00,-3.105927,-64.816363
3,93,06/19/14 22:00,-3.105961,-64.816443
3,93,06/20/14 04:03,-3.104854,-64.819492
3,93,06/20/14 10:00,-3.104949,-64.81749
3,93,06/20/14 16:00,-3.104988,-64.816618
3,93,06/20/14 22:00,-3.10503,-64.816415
3,93,06/21/14 04:00,-3.102401,-64.81525
3,93,06/21/14 10:00,-3.10231,-64.815215
3,93,06/21/14 16:00,-3.102389,-64.815243
3,93,06/21/14 22:00,-3.10234,-64.815223
3,93,06/22/14 04:00,-3.102212,-64.815204
3,93,06/22/14 10:00,-3.102319,-64.815249
3,93,06/22/14 16:00,-3.105068,-64.814384
3,93,06/22/14 22:00,-3.105092,-64.814421
3,93,06/23/14 04:00,-3.101396,-64.810392
3,93,06/23/14 10:00,-3.101088,-64.810788
3,93,06/23/14 16:00,-3.101059,-64.810951
3,93,06/23/14 22:00,-3.101162,-64.810979
3,93,06/24/14 04:00,-3.099237,-64.812742
3,93,06/24/14 10:00,-3.100323,-64.814533
3,93,06/24/14 16:01,-3.100326,-64.814615
3,93,06/24/14 22:00,-3.100338,-64.814553
3,93,06/25/14 04:01,-3.09093,-64.815268
3,93,06/25/14 10:00,-3.092755,-64.815097
3,93,06/25/14 16:00,-3.092716,-64.815042
3,93,06/25/14 22:02,-3.09262,-64.815008
3,93,06/26/14 04:02,-3.089114,-64.801983
3,93,06/26/14 10:01,-3.089315,-64.802682
3,93,06/26/14 16:00,-3.088282,-64.793185
3,93,06/26/14 22:00,-3.088433,-64.794047
3,93,06/27/14 04:01,-3.08844,-64.794018
3,93,06/27/14 10:00,-3.088404,-64.79364
3,93,06/27/14 16:00,-3.088408,-64.793652
3,93,06/27/14 22:00,-3.088446,-64.79364
3,93,06/28/14 04:01,-3.101392,-64.791942
3,93,06/28/14 10:02,-3.101341,-64.791725
3,93,06/28/14 16:00,-3.10308,-64.791972
3,93,06/28/14 22:00,-3.103094,-64.79196
3,93,06/29/14 04:00,-3.107685,-64.787778
3,93,06/29/14 10:01,-3.110542,-64.77972
3,93,06/29/14 16:00,-3.110581,-64.779679
3,93,06/29/14 22:00,-3.110488,-64.779498
3,93,06/30/14 04:02,-3.110504,-64.779719
3,93,06/30/14 10:00,-3.109894,-64.77956
3,93,06/30/14 16:00,-3.109884,-64.779606
3,93,06/30/14 22:00,-3.109937,-64.779551
3,93,07/01/14 04:00,-3.109913,-64.779498
3,93,07/01/14 10:00,-3.10984,-64.779588
3,93,07/01/14 16:00,-3.101486,-64.784069
3,93,07/01/14 22:00,-3.101489,-64.784154
3,93,07/02/14 04:00,-3.101506,-64.784099
3,93,07/02/14 10:00,-3.101465,-64.784062
3,93,07/02/14 16:00,-3.101389,-64.784044
3,93,07/02/14 22:00,-3.101452,-64.784089
3,93,07/03/14 04:01,-3.089991,-64.788366
3,93,07/03/14 10:00,-3.080629,-64.790731
3,93,07/03/14 16:01,-3.078502,-64.789968
3,93,07/03/14 22:01,-3.078544,-64.789869
3,93,07/04/14 04:01,-3.073711,-64.789877
3,93,07/04/14 10:00,-3.076033,-64.792988
3,93,07/04/14 22:00,-3.07601,-64.793011
3,93,07/05/14 04:00,-3.067774,-64.805031
3,93,07/05/14 10:00,-3.067831,-64.81219
3,93,07/05/14 16:00,-3.067804,-64.812181
3,93,07/05/14 22:00,-3.067768,-64.812148
3,93,07/06/14 04:00,-3.067378,-64.816168
3,93,07/06/14 10:00,-3.06332,-64.819621
3,93,07/06/14 16:00,-3.054197,-64.816869
3,93,07/06/14 22:01,-3.054192,-64.817025
3,93,07/07/14 10:00,-3.053334,-64.824906
3,93,07/07/14 16:01,-3.053295,-64.825031
3,93,07/07/14 22:00,-3.050495,-64.825203
3,93,07/08/14 10:00,-3.049329,-64.832833
3,93,07/08/14 16:00,-3.039355,-64.840149
3,93,07/08/14 22:00,-3.039392,-64.840155
3,93,07/09/14 04:00,-3.039371,-64.840168
3,93,07/09/14 10:00,-3.039645,-64.840096
3,93,07/09/14 16:00,-3.039338,-64.840144
3,93,07/09/14 22:00,-3.039228,-64.840135
3,93,07/10/14 04:03,-3.035928,-64.838233
4,93,07/10/14 10:01,-3.028597,-64.830163
4,93,07/10/14 16:00,-3.02937,-64.828628
4,93,07/10/14 22:00,-3.029421,-64.82862
4,93,07/11/14 04:00,-3.029104,-64.829989
4,93,07/11/14 10:00,-3.022385,-64.840509
4,93,07/11/14 16:00,-3.022336,-64.840531
4,93,07/11/14 22:00,-3.022447,-64.840455
4,93,07/12/14 04:00,-3.019472,-64.845616
4,93,07/12/14 10:00,-3.018218,-64.846579
4,93,07/12/14 16:01,-3.013924,-64.845467
4,93,07/12/14 22:01,-3.01418,-64.845313
5,93,07/13/14 10:01,-3.018595,-64.878238
5,93,07/13/14 16:00,-3.018386,-64.878244
5,93,07/13/14 22:00,-3.018378,-64.878389
5,93,07/14/14 04:02,-3.013524,-64.883486
5,93,07/14/14 10:00,-3.017006,-64.884091
5,93,07/14/14 16:00,-3.016539,-64.884229
5,93,07/14/14 22:00,-3.016556,-64.884202
5,93,07/15/14 10:00,-3.005482,-64.893604
5,93,07/15/14 16:00,-3.004856,-64.891211
5,93,07/15/14 22:01,-3.012705,-64.886327
5,93,07/16/14 04:00,-3.01277,-64.886423
5,93,07/16/14 10:00,-3.012784,-64.886418
5,93,07/16/14 16:00,-3.012759,-64.886478
5,93,07/16/14 22:00,-3.0128,-64.886537
5,93,07/17/14 04:00,-3.017031,-64.883984
5,93,07/17/14 10:00,-3.017009,-64.884065
5,93,07/17/14 16:00,-3.017023,-64.884069
5,93,07/17/14 22:00,-3.017024,-64.884119
1,93,07/18/14 04:02,-3.024091,-64.886343
4,93,07/18/14 10:01,-3.028401,-64.874864
4,93,07/18/14 16:00,-3.03268,-64.874439
4,93,07/18/14 22:00,-3.032648,-64.874358
4,93,07/19/14 04:01,-3.035148,-64.870874
4,93,07/19/14 10:01,-3.035518,-64.870765
4,93,07/19/14 16:00,-3.036298,-64.869198
4,93,07/19/14 22:00,-3.036275,-64.8691
4,93,07/20/14 04:01,-3.032233,-64.857577
4,93,07/20/14 10:00,-3.027183,-64.853637
4,93,07/20/14 16:00,-3.027274,-64.853425
4,93,07/20/14 22:00,-3.026919,-64.853036
4,93,07/21/14 04:00,-3.026175,-64.851899
4,93,07/21/14 10:00,-3.026218,-64.851988
3,93,07/21/14 16:01,-3.035864,-64.838247
3,93,07/21/14 22:00,-3.035868,-64.838239
3,93,07/22/14 04:01,-3.039327,-64.840768
3,93,07/22/14 10:00,-3.039385,-64.840754
3,93,07/22/14 16:00,-3.039567,-64.84116
3,93,07/22/14 22:00,-3.039373,-64.84078
4,93,07/23/14 04:02,-3.04006,-64.845674
4,93,07/23/14 10:01,-3.039018,-64.851429
4,93,07/23/14 16:00,-3.039075,-64.851511
4,93,07/23/14 22:01,-3.03905,-64.85155
4,93,07/24/14 04:01,-3.038996,-64.851451
4,93,07/24/14 10:00,-3.032096,-64.859035
4,93,07/24/14 16:01,-3.027479,-64.866134
4,93,07/24/14 22:00,-3.027408,-64.86607
4,93,07/25/14 04:00,-3.035061,-64.869145
4,93,07/25/14 10:00,-3.028041,-64.876153
4,93,07/25/14 16:00,-3.028101,-64.876276
5,93,07/25/14 22:00,-3.019395,-64.882855
5,93,07/26/14 04:00,-3.023664,-64.881278
4,93,07/26/14 10:00,-3.030051,-64.869399
4,93,07/26/14 16:00,-3.030065,-64.869494
4,93,07/26/14 22:00,-3.027414,-64.866056
4,93,07/27/14 04:00,-3.027582,-64.866043
4,93,07/27/14 10:02,-3.027398,-64.866088
4,93,07/27/14 16:00,-3.0274,-64.866107
4,93,07/27/14 22:00,-3.027375,-64.866053
4,93,07/28/14 04:02,-3.025889,-64.864461
4,93,07/28/14 10:00,-3.026355,-64.852653
4,93,07/28/14 16:00,-3.026107,-64.852766
4,93,07/28/14 22:00,-3.026127,-64.852486
4,93,07/29/14 10:00,-3.026525,-64.851319
4,93,07/29/14 16:01,-3.030945,-64.837988
4,93,07/29/14 22:01,-3.031221,-64.837833
4,93,07/30/14 04:03,-3.034741,-64.827622
4,93,07/30/14 10:00,-3.036098,-64.827392
4,93,07/31/14 10:01,-3.041065,-64.827218
4,93,07/31/14 16:01,-3.040885,-64.827212
4,93,07/31/14 22:00,-3.040747,-64.827354
4,93,08/01/14 10:01,-3.023222,-64.849259
4,93,08/01/14 16:00,-3.013946,-64.845419
4,93,08/01/14 22:00,-3.013943,-64.845324
5,93,08/02/14 10:00,-2.996051,-64.847048
5,93,08/02/14 16:00,-2.989852,-64.844513
5,93,08/03/14 04:02,-2.998411,-64.856607
5,93,08/03/14 10:00,-2.99047,-64.870154
5,93,08/03/14 16:00,-2.990458,-64.870208
5,93,08/03/14 22:00,-2.993254,-64.876099
5,93,08/04/14 04:00,-3.00117,-64.874921
5,93,08/04/14 10:00,-3.00125,-64.874945
5,93,08/04/14 16:00,-3.001269,-64.874965
5,93,08/04/14 22:00,-3.006179,-64.877659
5,93,08/05/14 04:01,-3.013637,-64.883547
5,93,08/05/14 10:00,-3.016767,-64.880544
5,93,08/05/14 16:00,-3.016745,-64.880626
5,93,08/05/14 22:00,-3.01673,-64.880621
4,93,08/06/14 10:00,-3.019636,-64.858052
5,93,08/06/14 22:01,-3.004498,-64.855434
5,93,08/07/14 04:01,-3.004551,-64.855517
5,93,08/07/14 10:00,-3.00442,-64.855599
5,93,08/08/14 04:00,-2.994874,-64.857248
5,93,08/08/14 10:01,-2.994834,-64.857151
5,93,08/08/14 16:01,-2.987887,-64.854327
5,93,08/08/14 22:01,-2.979564,-64.841298
4,93,08/09/14 10:02,-3.002686,-64.846707
4,93,08/09/14 16:01,-3.014238,-64.841719
4,93,08/10/14 10:00,-3.023531,-64.866395
4,93,08/10/14 16:00,-3.023597,-64.866349
4,93,08/10/14 22:00,-3.027341,-64.865992
4,93,08/11/14 04:00,-3.027408,-64.866076
4,93,08/11/14 10:00,-3.02752,-64.865012
4,93,08/11/14 16:00,-3.027419,-64.866058
5,93,08/11/14 22:02,-3.021796,-64.878306
5,93,08/12/14 04:01,-3.001347,-64.888041
5,93,08/12/14 16:02,-2.980117,-64.842723
5,93,08/12/14 22:01,-2.98064,-64.842772
5,93,08/13/14 04:01,-2.980746,-64.842827
5,93,08/13/14 10:01,-2.980589,-64.842481
5,93,08/13/14 16:01,-2.980554,-64.842479
5,93,08/13/14 22:00,-2.97944,-64.840955
5,93,08/14/14 04:00,-2.979384,-64.840971
5,93,08/14/14 10:01,-2.97956,-64.841063
5,93,08/14/14 16:00,-2.979388,-64.84094
5,93,08/14/14 22:01,-2.979473,-64.841056
5,93,08/15/14 04:00,-2.979545,-64.84094
5,93,08/15/14 10:00,-2.979021,-64.841138
5,93,08/15/14 16:00,-2.979062,-64.841127
5,93,08/15/14 22:00,-2.979054,-64.84165
4,93,08/16/14 04:01,-3.017124,-64.843197
4,93,08/16/14 22:01,-3.016162,-64.839476
4,93,08/17/14 04:01,-3.016272,-64.839526
4,93,08/17/14 10:01,-3.016151,-64.839392
4,93,08/17/14 16:01,-3.016045,-64.839628
4,93,08/17/14 22:01,-3.016169,-64.839561
4,93,08/18/14 04:01,-3.016112,-64.839147
4,93,08/18/14 10:02,-3.01604,-64.839583
4,93,08/18/14 16:01,-3.016133,-64.839512
4,93,08/18/14 22:00,-3.016229,-64.839511
4,93,08/19/14 04:01,-3.016206,-64.839554
4,93,08/19/14 10:02,-3.016223,-64.839488
4,93,08/19/14 22:01,-3.007536,-64.845915
5,93,08/20/14 10:01,-2.991269,-64.865456
2,93,08/20/14 22:01,-2.968303,-64.888229
2,93,08/21/14 16:01,-2.973195,-64.909375
2,93,08/21/14 22:01,-2.973102,-64.909539
2,93,08/22/14 04:03,-2.975486,-64.907275
2,93,08/23/14 04:03,-2.971511,-64.909828
2,93,08/24/14 22:00,-2.938404,-64.904504
2,93,08/25/14 04:02,-2.958839,-64.897669
2,93,08/25/14 22:01,-2.970459,-64.88202
5,93,08/26/14 10:00,-2.996698,-64.868063
4,93,08/27/14 16:01,-3.030671,-64.848641
4,93,08/27/14 22:01,-3.030873,-64.848796
4,93,08/28/14 04:01,-3.017743,-64.854879
2,93,08/28/14 10:00,-2.974943,-64.867262
2,93,08/28/14 16:01,-2.974848,-64.86733
2,93,08/28/14 22:01,-2.975172,-64.867545
2,93,08/29/14 04:00,-2.975415,-64.867337
2,93,08/29/14 10:00,-2.974845,-64.869615
2,93,08/29/14 16:02,-2.974622,-64.870898
2,93,08/29/14 22:00,-2.970119,-64.882269
2,93,08/30/14 10:01,-2.966595,-64.91278
2,93,08/30/14 16:00,-2.965716,-64.912078
2,93,08/30/14 22:00,-2.965764,-64.912047
2,93,08/31/14 16:00,-2.965696,-64.912084
2,93,08/31/14 22:01,-2.96601,-64.912122
2,93,09/01/14 10:00,-2.967844,-64.903769
2,93,09/02/14 04:00,-2.966263,-64.912101
2,93,09/02/14 10:02,-2.967919,-64.909436
2,93,09/02/14 16:00,-2.973788,-64.87327
2,93,09/02/14 22:01,-2.973516,-64.873222
2,93,09/03/14 04:01,-2.974575,-64.873839
2,93,09/03/14 10:01,-2.974528,-64.873321
2,93,09/03/14 16:01,-2.974367,-64.872508
2,93,09/03/14 22:00,-2.975322,-64.871941
2,93,09/04/14 04:01,-2.975519,-64.871472
2,93,09/04/14 10:00,-2.975126,-64.870782
2,93,09/04/14 16:01,-2.975754,-64.869929
5,93,09/04/14 22:00,-2.982084,-64.866466
5,93,09/05/14 04:01,-2.988392,-64.867179
5,93,09/05/14 10:02,-2.990898,-64.867998
5,93,09/05/14 16:00,-2.991412,-64.871436
5,93,09/05/14 22:00,-2.989626,-64.869352
5,93,09/06/14 04:00,-2.986459,-64.868195
2,93,09/06/14 10:00,-2.962197,-64.911005
2,93,09/06/14 22:00,-2.948268,-64.912386
2,93,09/07/14 04:02,-2.946827,-64.904798
2,93,09/07/14 10:03,-2.955219,-64.875722
2,93,09/07/14 16:00,-2.962816,-64.859132
2,93,09/07/14 22:00,-2.96258,-64.857426
5,93,09/08/14 16:02,-3.000253,-64.837381
5,93,09/08/14 22:03,-2.999827,-64.83738
5,93,09/09/14 16:00,-2.977455,-64.849283
2,93,09/10/14 04:02,-2.966151,-64.871961
2,93,09/10/14 22:01,-2.963853,-64.873262
5,93,09/11/14 10:01,-2.999852,-64.827706
5,93,09/11/14 16:00,-2.992409,-64.833001
5,93,09/12/14 10:01,-3.009008,-64.865335
5,93,09/12/14 16:00,-3.00959,-64.866468
5,93,09/12/14 22:00,-3.011621,-64.869886
5,93,09/13/14 04:01,-3.010268,-64.879697
5,93,09/13/14 16:02,-3.016939,-64.877247
4,93,09/14/14 04:01,-3.025395,-64.877306
4,93,09/14/14 10:00,-3.027482,-64.868845
4,93,09/14/14 22:00,-3.02576,-64.868314
4,93,09/15/14 04:00,-3.025472,-64.867907
3,93,09/16/14 16:00,-3.073456,-64.823512
4,93,09/17/14 10:00,-3.035029,-64.817153
4,93,09/18/14 04:02,-3.025011,-64.846433
5,93,09/18/14 16:02,-2.982237,-64.846883
2,93,09/19/14 22:01,-2.948935,-64.905164
2,93,09/20/14 04:01,-2.968003,-64.883198
2,93,09/20/14 10:00,-2.971519,-64.884436
2,93,09/20/14 16:00,-2.971338,-64.884187
5,93,09/20/14 22:00,-2.991085,-64.892831
5,93,09/21/14 10:01,-3.006442,-64.856403
5,93,09/21/14 22:01,-3.006276,-64.856486
5,93,09/22/14 04:00,-3.006403,-64.856326
5,93,09/22/14 16:03,-2.986624,-64.852057
4,93,09/23/14 10:02,-3.019185,-64.836006
4,93,09/23/14 16:00,-3.01838,-64.834898
4,93,09/23/14 22:00,-3.0225,-64.823612
4,93,09/24/14 10:02,-3.026334,-64.816281
4,93,09/24/14 16:00,-3.020991,-64.833532
4,93,09/24/14 22:00,-3.018934,-64.836025
5,93,09/25/14 04:03,-2.961272,-64.844118
5,93,09/25/14 10:01,-2.956797,-64.852843
5,93,09/25/14 16:01,-2.996027,-64.876149
4,93,09/26/14 16:00,-3.022103,-64.852424
4,93,09/26/14 22:00,-3.023436,-64.85156
4,93,09/27/14 04:00,-3.029863,-64.856809
4,93,09/27/14 16:00,-3.024026,-64.862165
5,93,09/27/14 22:01,-2.997293,-64.867418
5,93,09/28/14 04:00,-2.97098,-64.861025
5,93,09/28/14 10:00,-2.992567,-64.840232
4,93,09/28/14 16:00,-3.008688,-64.842043
4,93,09/29/14 10:02,-3.01819,-64.837919
4,93,09/29/14 16:00,-3.016423,-64.839811
4,93,09/30/14 04:02,-3.00402,-64.845698
4,93,09/30/14 10:02,-3.00402,-64.845653
4,93,09/30/14 16:01,-3.003879,-64.84571
5,93,09/30/14 22:03,-2.989827,-64.841565
5,93,10/01/14 10:01,-2.972758,-64.86456
2,93,10/01/14 16:00,-2.971743,-64.875028
5,93,10/02/14 04:01,-2.988522,-64.890034
5,93,10/02/14 10:00,-2.996308,-64.88756
5,93,10/02/14 22:00,-3.007251,-64.889919
5,93,10/03/14 10:00,-2.98409,-64.896099
5,93,10/03/14 16:00,-2.982188,-64.897186
5,93,10/03/14 22:01,-2.980872,-64.897396
5,93,10/04/14 10:00,-2.999052,-64.880104
5,93,10/04/14 16:01,-3.000828,-64.87562
5,93,10/04/14 22:00,-3.000525,-64.875991
5,93,10/05/14 04:02,-3.000942,-64.875759
5,93,10/05/14 10:00,-3.000733,-64.875894
5,93,10/05/14 16:00,-3.000894,-64.875797
5,93,10/05/14 22:03,-2.986961,-64.867328
5,93,10/06/14 04:00,-2.986194,-64.88935
5,93,10/06/14 10:01,-2.990961,-64.886867
5,93,10/06/14 16:01,-2.989316,-64.886011
2,93,10/07/14 10:03,-2.969667,-64.881592
2,93,10/07/14 16:00,-2.971545,-64.876546
2,93,10/08/14 10:01,-2.975189,-64.874432
2,93,10/08/14 16:03,-2.976782,-64.877212
2,93,10/08/14 22:01,-2.971277,-64.881036
5,93,10/09/14 04:02,-2.988121,-64.868664
5,93,10/09/14 10:01,-2.983284,-64.881526
5,93,10/09/14 16:00,-2.983176,-64.88155
5,93,10/09/14 22:01,-2.990242,-64.885626
5,93,10/10/14 10:01,-2.995123,-64.882753
5,93,10/10/14 16:00,-2.995025,-64.882736
5,93,10/10/14 22:01,-2.994823,-64.882592
5,93,10/11/14 04:02,-2.995032,-64.882679
5,93,10/11/14 10:01,-2.994965,-64.882534
5,93,10/11/14 16:01,-2.994973,-64.883009
5,93,10/12/14 04:01,-3.002777,-64.881017
5,93,10/12/14 10:01,-3.003807,-64.881083
5,93,10/12/14 16:00,-3.013155,-64.873354
5,93,10/12/14 22:00,-3.015519,-64.87356
4,93,10/13/14 04:01,-3.021499,-64.864824
4,93,10/13/14 10:00,-3.023879,-64.862277
4,93,10/13/14 16:00,-3.023791,-64.862245
4,93,10/13/14 22:01,-3.020657,-64.852282
5,93,10/14/14 16:00,-2.98617,-64.852775
5,93,10/14/14 22:01,-2.99321,-64.856581
5,93,10/15/14 04:01,-2.993628,-64.856489
5,93,10/15/14 10:00,-2.984787,-64.853368
5,93,10/15/14 16:01,-2.982541,-64.848644
5,93,10/16/14 04:01,-2.977779,-64.846539
5,93,10/16/14 10:00,-2.975696,-64.850669
5,93,10/16/14 16:00,-2.974882,-64.854984
5,93,10/17/14 10:00,-2.993033,-64.866885
5,93,10/17/14 16:00,-3.000824,-64.866277
5,93,10/17/14 22:00,-3.001888,-64.867646
5,93,10/18/14 04:02,-3.002728,-64.866898
5,93,10/18/14 10:02,-3.001814,-64.865994
5,93,10/18/14 16:00,-2.998657,-64.866644
5,93,10/18/14 22:00,-2.996815,-64.867042
5,93,10/19/14 04:00,-2.997295,-64.867224
5,93,10/19/14 10:02,-2.99751,-64.867219
5,93,10/19/14 16:00,-2.996996,-64.866575
5,93,10/20/14 04:00,-2.984785,-64.894139
5,93,10/20/14 10:00,-2.984745,-64.894228
5,93,10/20/14 16:00,-2.984457,-64.894814
5,93,10/21/14 04:02,-2.996843,-64.882337
5,93,10/21/14 10:01,-2.999183,-64.88522
5,93,10/21/14 16:00,-2.999091,-64.885555
5,93,10/21/14 22:00,-2.998808,-64.884893
5,93,10/22/14 04:00,-3.002134,-64.890589
5,93,10/22/14 10:00,-3.002059,-64.890752
5,93,10/22/14 16:00,-3.004187,-64.889529
5,93,10/22/14 22:01,-3.01264,-64.869576
4,93,10/23/14 10:00,-3.018403,-64.833564
4,93,10/23/14 16:00,-3.021841,-64.826424
4,93,10/23/14 22:01,-3.018556,-64.823783
4,93,10/24/14 04:01,-3.015655,-64.829268
5,93,10/24/14 16:00,-3.003907,-64.836221
5,93,10/24/14 22:01,-3.003964,-64.836895
5,93,10/25/14 10:00,-3.00047,-64.839084
5,93,10/25/14 16:00,-3.000522,-64.839111
5,93,10/26/14 04:01,-2.999171,-64.838599
5,93,10/26/14 10:01,-2.999862,-64.837029
5,93,10/26/14 16:00,-2.997371,-64.837019
5,93,10/27/14 04:00,-2.987122,-64.856091
5,93,10/27/14 10:00,-3.006238,-64.857089
5,93,10/27/14 16:00,-3.006091,-64.856901
5,93,10/28/14 04:01,-3.006151,-64.856928
5,93,10/28/14 16:01,-3.010844,-64.86255
4,93,10/28/14 22:02,-3.024891,-64.866579
5,93,10/29/14 04:01,-3.012812,-64.885747
5,93,10/29/14 10:01,-3.012202,-64.885705
5,93,10/29/14 16:00,-3.011429,-64.886579
5,93,10/29/14 22:01,-3.002926,-64.89113
5,93,10/30/14 16:00,-2.994021,-64.886826
5,93,10/30/14 22:01,-2.984973,-64.899606
2,93,10/31/14 04:00,-2.984853,-64.907192
2,93,10/31/14 10:00,-2.983695,-64.908465
2,93,10/31/14 16:00,-2.963438,-64.88788
2,93,10/31/14 22:01,-2.95809,-64.865701
2,93,11/01/14 04:00,-2.957314,-64.878848
2,93,11/01/14 10:00,-2.970673,-64.86819
2,93,11/01/14 16:00,-2.972361,-64.871448
2,93,11/01/14 22:01,-2.976517,-64.875662
5,93,11/02/14 04:00,-2.999149,-64.879564
5,93,11/02/14 10:00,-3.009367,-64.876744
5,93,11/02/14 16:00,-3.009335,-64.876759
5,93,11/02/14 22:00,-3.019826,-64.884604
4,93,11/03/14 04:03,-3.026373,-64.874201
4,93,11/03/14 16:01,-3.025409,-64.871341
4,93,11/03/14 22:01,-3.032076,-64.864693
4,93,11/04/14 04:01,-3.029226,-64.85431
4,93,11/04/14 10:03,-3.029174,-64.854456
4,93,11/04/14 16:01,-3.02316,-64.85171
4,93,11/04/14 22:03,-3.024821,-64.850052
4,93,11/05/14 04:01,-3.028573,-64.847375
4,93,11/05/14 16:01,-3.03505,-64.843079
3,93,11/05/14 22:01,-3.046848,-64.836559
3,93,11/06/14 04:01,-3.049361,-64.837992
3,93,11/06/14 16:01,-3.049149,-64.837759
4,93,11/07/14 04:01,-3.039034,-64.849806
4,93,11/07/14 10:01,-3.03753,-64.850398
4,93,11/07/14 16:01,-3.027625,-64.851712
4,93,11/07/14 22:01,-3.010265,-64.848962
5,93,11/08/14 04:01,-2.994099,-64.857881
5,93,11/08/14 16:01,-3.007671,-64.855233
4,93,11/08/14 22:00,-3.017696,-64.83485
4,93,11/09/14 10:01,-3.005169,-64.817316
5,93,11/09/14 16:00,-2.990077,-64.827208
5,93,11/09/14 22:00,-2.999605,-64.827864
5,93,11/10/14 10:02,-2.988745,-64.834765
5,93,11/11/14 04:01,-3.002457,-64.862171
5,93,11/11/14 10:00,-3.002333,-64.860128
5,93,11/11/14 16:01,-3.008226,-64.878756
5,93,11/11/14 22:00,-3.009124,-64.888654
5,93,11/12/14 04:00,-3.007769,-64.890127
5,93,11/12/14 16:00,-3.007916,-64.889671
5,93,11/12/14 22:00,-3.0132,-64.874911
5,93,11/13/14 04:01,-3.013456,-64.874769
5,93,11/13/14 10:00,-3.013469,-64.874858
5,93,11/13/14 16:00,-3.013333,-64.874894
5,93,11/13/14 22:01,-3.013567,-64.874662
5,93,11/14/14 04:00,-3.014653,-64.880084
5,93,11/14/14 10:02,-3.014661,-64.880099
5,93,11/14/14 16:00,-2.980633,-64.849345
5,93,11/14/14 22:01,-2.974497,-64.854443
5,93,11/15/14 04:00,-2.964333,-64.847273
5,93,11/15/14 10:00,-2.96442,-64.847084
5,93,11/15/14 16:00,-2.967179,-64.844041
5,93,11/16/14 04:02,-2.999598,-64.845347
5,93,11/16/14 10:01,-3.000042,-64.845149
4,93,11/16/14 16:00,-3.004291,-64.845641
5,93,11/16/14 22:02,-2.995872,-64.857947
5,93,11/17/14 04:02,-2.995906,-64.857558
5,93,11/17/14 10:02,-2.995996,-64.857621
5,93,11/17/14 16:01,-2.996266,-64.862944
5,93,11/17/14 22:02,-3.011673,-64.854984
4,93,11/18/14 04:02,-3.021037,-64.824298
4,93,11/18/14 10:00,-3.020342,-64.817551
4,93,11/18/14 16:01,-3.020173,-64.817798
5,93,11/19/14 04:01,-3.000434,-64.838616
5,93,11/19/14 10:00,-2.99968,-64.838634
5,93,11/19/14 16:00,-2.997248,-64.837109
4,93,11/20/14 04:00,-3.035078,-64.827787
4,93,11/20/14 10:00,-3.019907,-64.839424
5,93,11/21/14 04:00,-3.009929,-64.88499
5,93,11/21/14 10:01,-3.009837,-64.885248
5,93,11/21/14 16:00,-2.992831,-64.877603
5,93,11/21/14 22:01,-2.99674,-64.853264
4,93,11/22/14 04:01,-3.014362,-64.84421
4,93,11/22/14 10:00,-3.014629,-64.844276
4,93,11/23/14 04:00,-3.0272,-64.824639
4,93,11/23/14 10:01,-3.020319,-64.84317
4,93,11/23/14 16:01,-3.020247,-64.843577
4,93,11/24/14 04:02,-3.020566,-64.843445
4,93,11/24/14 10:00,-3.020675,-64.843609
4,93,11/24/14 16:01,-3.011432,-64.838534
4,93,11/25/14 04:02,-3.015277,-64.851652
5,93,11/25/14 10:00,-3.009835,-64.857243
5,93,11/25/14 22:01,-2.980423,-64.841114
5,93,11/26/14 04:01,-2.99056,-64.827223
5,93,11/26/14 10:00,-2.990583,-64.827115
5,93,11/26/14 16:01,-2.989931,-64.827546
5,93,11/26/14 22:01,-2.989882,-64.825493
4,93,11/27/14 10:01,-3.019625,-64.838513
4,93,11/27/14 22:03,-3.018033,-64.837944
4,93,11/28/14 04:01,-3.016716,-64.843264
4,93,11/28/14 10:01,-3.017301,-64.846393
4,93,11/28/14 16:00,-3.012855,-64.849806
4,93,11/29/14 04:01,-3.036561,-64.85135
4,93,11/29/14 10:00,-3.036617,-64.851184
4,93,11/29/14 16:00,-3.036748,-64.850703
4,93,11/30/14 04:01,-3.030961,-64.849298
4,93,11/30/14 10:01,-3.03075,-64.849976
4,93,11/30/14 16:01,-3.030772,-64.849082
3,93,11/30/14 22:02,-3.044969,-64.838166
3,93,12/01/14 10:00,-3.045201,-64.838201
3,93,12/01/14 16:03,-3.045452,-64.837571
3,93,12/01/14 22:01,-3.044796,-64.839149
3,93,12/02/14 04:01,-3.047895,-64.837532
3,93,12/02/14 10:00,-3.047658,-64.837296
4,93,12/03/14 10:00,-3.029075,-64.847593
4,93,12/03/14 16:00,-3.029185,-64.847588
5,93,12/03/14 22:01,-3.010175,-64.856707
5,93,12/04/14 04:02,-2.990659,-64.854549
5,93,12/04/14 10:00,-2.99112,-64.850168
5,93,12/05/14 04:01,-2.987999,-64.825979
5,93,12/05/14 10:00,-2.988854,-64.827577
5,93,12/05/14 16:00,-2.987724,-64.829973
5,93,12/05/14 22:02,-2.960023,-64.834641
5,93,12/06/14 04:01,-2.961425,-64.844184
5,93,12/06/14 16:01,-2.966824,-64.845357
5,93,12/07/14 04:01,-2.981987,-64.854404
5,93,12/07/14 10:00,-2.982516,-64.854443
5,93,12/07/14 16:00,-2.98264,-64.854296
3,93,12/08/14 10:02,-3.063032,-64.81033
3,93,12/08/14 16:01,-3.063393,-64.810589
3,93,12/08/14 22:01,-3.057207,-64.821332
3,93,12/09/14 22:01,-3.044886,-64.82835
4,93,12/10/14 10:00,-3.025448,-64.858409
4,93,12/10/14 16:01,-3.024945,-64.858313
4,93,12/10/14 22:00,-3.025464,-64.866888
5,93,12/12/14 04:01,-3.007417,-64.856367
5,93,12/12/14 10:00,-3.007458,-64.856182
5,93,12/12/14 22:01,-2.978267,-64.845422
5,93,12/13/14 04:01,-2.978243,-64.845397
5,93,12/13/14 10:01,-2.978333,-64.845162
5,93,12/13/14 16:01,-2.978273,-64.845099
5,93,12/13/14 22:01,-2.97659,-64.840405
5,93,12/14/14 04:01,-2.973098,-64.835993
4,93,12/15/14 04:00,-3.017936,-64.814959
4,93,12/15/14 10:00,-3.017521,-64.816479
4,93,12/16/14 04:02,-3.016729,-64.820666
4,93,12/16/14 16:01,-3.017189,-64.821358
5,93,12/17/14 04:01,-2.985724,-64.835086
5,93,12/17/14 10:00,-2.9855,-64.835543
5,93,12/17/14 16:00,-2.986376,-64.83883
5,93,12/18/14 10:01,-2.990101,-64.873803
4,93,12/19/14 10:00,-3.027342,-64.874351
4,93,12/19/14 16:00,-3.026223,-64.874359
4,93,12/19/14 22:01,-3.025805,-64.868306
4,93,12/20/14 10:02,-3.023439,-64.859803
4,93,12/20/14 16:00,-3.02373,-64.859835
5,93,12/21/14 04:01,-2.982716,-64.866776
5,93,12/21/14 10:01,-2.982424,-64.868121
5,93,12/21/14 16:01,-2.983545,-64.867947
5,93,12/22/14 04:00,-2.988783,-64.885642
5,93,12/22/14 16:00,-2.99711,-64.874776
4,93,12/23/14 10:01,-3.023511,-64.820856
4,93,12/23/14 16:00,-3.019295,-64.831751
5,93,12/24/14 10:00,-2.969286,-64.831573
5,93,12/24/14 16:01,-2.955628,-64.847466
5,93,12/25/14 04:02,-2.958758,-64.848126
5,93,12/25/14 10:01,-2.958678,-64.848122
5,93,12/25/14 16:02,-2.958804,-64.848208
5,93,12/25/14 22:00,-2.96654,-64.847718
5,93,12/26/14 04:02,-2.969289,-64.845195
5,93,12/26/14 10:02,-2.978735,-64.848115
5,93,12/26/14 16:01,-2.992495,-64.84646
5,93,12/27/14 10:00,-2.977599,-64.845764
5,93,12/27/14 16:01,-2.977539,-64.845782
5,93,12/27/14 22:02,-2.997411,-64.862391
5,93,12/28/14 04:02,-3.016714,-64.886818
5,93,12/28/14 10:00,-3.01659,-64.886901
5,93,12/28/14 16:00,-3.00753,-64.885946
5,93,12/29/14 04:02,-3.006946,-64.857841
5,93,12/29/14 16:01,-3.010677,-64.877746
5,93,12/29/14 22:01,-3.012251,-64.870442
5,93,12/30/14 10:00,-3.01669,-64.874024
5,93,12/30/14 16:00,-3.016745,-64.873891
4,93,12/30/14 22:00,-3.036113,-64.844053
4,93,12/31/14 04:01,-3.052796,-64.843856
4,93,12/31/14 10:01,-3.052741,-64.843349
3,93,12/31/14 22:00,-3.062762,-64.843011
3,93,01/01/15 10:00,-3.067123,-64.819833
3,93,01/01/15 22:00,-3.048155,-64.836291
4,93,01/02/15 04:00,-3.034538,-64.843697
4,93,01/02/15 10:00,-3.034568,-64.843661
4,93,01/03/15 10:00,-3.021229,-64.836479
4,93,01/03/15 22:00,-3.016007,-64.825307
4,93,01/04/15 04:01,-3.016234,-64.825109
5,93,01/04/15 22:02,-2.988243,-64.837911
5,93,01/05/15 10:00,-2.976844,-64.843959
4,93,01/05/15 22:01,-3.009774,-64.829091
4,93,01/06/15 10:00,-3.01909,-64.817971
4,93,01/06/15 16:00,-3.017388,-64.831074
5,93,01/07/15 10:01,-3.004693,-64.853773
5,93,01/07/15 22:02,-3.002413,-64.854904
5,93,01/08/15 10:00,-2.995693,-64.857806
5,93,01/09/15 10:00,-2.996906,-64.86457
5,93,01/09/15 16:01,-2.995329,-64.865419
2,93,01/10/15 04:02,-2.965633,-64.86142
5,93,01/10/15 10:00,-2.987308,-64.873001
4,93,01/11/15 10:01,-3.035519,-64.844743
4,93,01/11/15 22:02,-3.033678,-64.840324
4,93,01/12/15 04:02,-3.0337,-64.840088
4,93,01/12/15 10:01,-3.033347,-64.840566
4,93,01/12/15 16:02,-3.041171,-64.844398
4,93,02/18/15 04:02,-3.031068,-64.832511
3,93,04/04/15 10:01,-3.083768,-64.85002
3,93,04/04/15 16:01,-3.084712,-64.849935
3,93,04/04/15 22:02,-3.083339,-64.849935
3,93,04/05/15 04:01,-3.078704,-64.840236
3,93,04/05/15 10:00,-3.073726,-64.838347
3,93,04/05/15 16:00,-3.073726,-64.838433
3,93,04/05/15 22:01,-3.073726,-64.838347
3,93,04/27/15 10:00,-3.103852,-64.776206
3,93,04/27/15 16:00,-3.103766,-64.776292
3,93,04/27/15 22:00,-3.103766,-64.776292
3,93,04/28/15 04:00,-3.10617,-64.775519
3,93,04/28/15 10:01,-3.10617,-64.775262
3,93,04/28/15 16:01,-3.106256,-64.775434
3,93,04/28/15 22:01,-3.106256,-64.775262
3,93,05/03/15 10:00,-3.100762,-64.782987
3,93,05/03/15 16:00,-3.100762,-64.782987
3,93,05/03/15 22:00,-3.100762,-64.783072
3,93,05/04/15 04:00,-3.100762,-64.782901
3,93,05/04/15 10:00,-3.100762,-64.782987
3,93,05/04/15 16:00,-3.100677,-64.782987
3,93,05/04/15 22:00,-3.100677,-64.782987
3,93,05/05/15 04:01,-3.101106,-64.782214
3,93,05/05/15 10:00,-3.101192,-64.782214
3,93,05/05/15 16:00,-3.101192,-64.782214
3,93,05/05/15 22:00,-3.101277,-64.782214
3,93,05/12/15 04:02,-3.101449,-64.773202
3,93,05/12/15 10:01,-3.101707,-64.773116
3,93,05/12/15 16:00,-3.101449,-64.773288
3,93,05/12/15 22:00,-3.101449,-64.773202
3,93,05/13/15 04:01,-3.101621,-64.773288
3,93,05/13/15 10:00,-3.101449,-64.773202
3,93,05/13/15 16:00,-3.101621,-64.77303
3,93,05/13/15 22:00,-3.101535,-64.773116
3,93,05/17/15 10:00,-3.107715,-64.787793
3,93,05/17/15 16:00,-3.104882,-64.791055
3,93,05/17/15 22:00,-3.104968,-64.791055
4,93,06/01/15 22:00,-3.037076,-64.825301
4,93,06/02/15 04:01,-3.037248,-64.825387
4,93,06/02/15 10:02,-3.037162,-64.825301
4,93,06/02/15 16:00,-3.037076,-64.825387
4,93,06/02/15 22:00,-3.040595,-64.826589
4,93,06/03/15 04:00,-3.040681,-64.826589
4,93,06/03/15 10:01,-3.040681,-64.826503
4,93,06/03/15 16:00,-3.040595,-64.826589
4,93,06/03/15 22:00,-3.040509,-64.826674
4,93,06/04/15 04:01,-3.040767,-64.82676
4,93,06/04/15 10:00,-3.040595,-64.826503
4,93,06/04/15 16:00,-3.039308,-64.826674
4,93,06/04/15 22:00,-3.039308,-64.826674
4,93,06/05/15 04:01,-3.029437,-64.828734
4,93,06/05/15 16:00,-3.026776,-64.834313
4,93,06/05/15 22:00,-3.026776,-64.834399
4,93,06/06/15 04:00,-3.024201,-64.838519
4,93,06/06/15 10:01,-3.034329,-64.827361
4,93,06/10/15 04:01,-3.035531,-64.811482
4,93,06/10/15 10:01,-3.033471,-64.820666
4,93,06/10/15 16:00,-3.033385,-64.820409
4,93,06/10/15 22:00,-3.033385,-64.82058
4,93,06/11/15 04:01,-3.03184,-64.821095
4,93,06/11/15 10:00,-3.029437,-64.828563
4,93,06/11/15 16:00,-3.029437,-64.828649
4,93,06/14/15 22:00,-3.012357,-64.849162
3,93,06/21/15 22:00,-3.039393,-64.840751
3,93,06/22/15 04:01,-3.0442,-64.834313
3,93,06/22/15 10:00,-3.049264,-64.832768
3,93,06/22/15 16:00,-3.049264,-64.832854
3,93,06/22/15 22:00,-3.04935,-64.832854
3,93,06/23/15 10:01,-3.05759,-64.824357
3,93,06/23/15 16:02,-3.058877,-64.822383
3,93,06/24/15 10:01,-3.064456,-64.818263
3,93,06/24/15 16:00,-3.064971,-64.817662
4,93,07/12/15 22:01,-3.036904,-64.850535
4,93,07/13/15 04:01,-3.035188,-64.851737
4,93,07/13/15 10:00,-3.035188,-64.851737
4,93,07/13/15 16:00,-3.035274,-64.851823
4,93,07/13/15 22:00,-3.035188,-64.851823
4,93,07/14/15 04:02,-3.034844,-64.851136
4,93,07/14/15 10:00,-3.032269,-64.851136
4,93,07/14/15 16:00,-3.029008,-64.851308
4,93,07/14/15 22:00,-3.029094,-64.851394
4,93,07/15/15 10:00,-3.020768,-64.843583
4,93,07/15/15 16:01,-3.020768,-64.843583
4,93,07/15/15 22:00,-3.020768,-64.843669
4,93,07/24/15 16:00,-3.040938,-64.823928
4,93,07/24/15 22:00,-3.040938,-64.824014
3,93,07/28/15 04:00,-3.067718,-64.808221
3,93,07/28/15 10:01,-3.067632,-64.808307
3,93,07/28/15 16:00,-3.068061,-64.811225
3,93,07/28/15 22:01,-3.068061,-64.811311
3,93,07/31/15 10:00,-3.087201,-64.816031
3,93,07/31/15 16:00,-3.087115,-64.816031
3,93,07/31/15 22:00,-3.086944,-64.816203
3,93,08/01/15 04:00,-3.090892,-64.813113
3,93,08/01/15 10:00,-3.090892,-64.813113
3,93,08/01/15 16:01,-3.09072,-64.813113
3,93,08/01/15 22:00,-3.090892,-64.813113
5,94,01/22/15 17:31,-2.990311,-64.867343
2,94,01/24/15 10:01,-2.973538,-64.874896
2,94,01/24/15 16:02,-2.973263,-64.874792
2,94,01/24/15 22:01,-2.971646,-64.876214
2,94,01/25/15 04:00,-2.971767,-64.876219
2,94,01/25/15 10:01,-2.965519,-64.876444
2,94,01/25/15 16:02,-2.965414,-64.876595
2,94,01/25/15 22:01,-2.965406,-64.876716
2,94,01/26/15 04:01,-2.965341,-64.87755
2,94,01/26/15 16:00,-2.943427,-64.881205
2,94,01/27/15 04:01,-2.938403,-64.884216
2,94,01/27/15 10:00,-2.935386,-64.899035
2,94,01/27/15 16:02,-2.934865,-64.899555
2,94,01/27/15 22:01,-2.937277,-64.899054
2,94,01/28/15 16:02,-2.94735,-64.875898
2,94,01/28/15 22:00,-2.931759,-64.876511
2,94,01/29/15 04:01,-2.930106,-64.879434
2,94,01/29/15 16:02,-2.925513,-64.881379
2,94,01/29/15 22:01,-2.924277,-64.876444
5,94,01/30/15 10:00,-2.936457,-64.848562
5,94,01/30/15 16:01,-2.936412,-64.848501
5,94,01/30/15 22:01,-2.960429,-64.842644
5,94,01/31/15 10:01,-3.010269,-64.852007
5,94,02/01/15 04:02,-2.97594,-64.841867
2,94,02/01/15 16:01,-2.967278,-64.870469
2,94,02/02/15 16:02,-2.950059,-64.881845
2,94,02/02/15 22:01,-2.950173,-64.88237
2,94,02/03/15 04:01,-2.947785,-64.885219
2,94,02/03/15 10:02,-2.933597,-64.882323
2,94,02/03/15 16:02,-2.933181,-64.878521
2,94,02/04/15 10:01,-2.936698,-64.914671
2,94,02/04/15 16:00,-2.946828,-64.911231
2,94,02/04/15 22:01,-2.950328,-64.909858
2,94,02/05/15 04:01,-2.948186,-64.903204
5,94,02/06/15 10:01,-2.931155,-64.856334
5,94,02/06/15 16:01,-2.931101,-64.856196
5,94,02/06/15 22:00,-2.931418,-64.854865
5,94,02/07/15 10:01,-2.931815,-64.853274
5,94,02/07/15 16:02,-2.931915,-64.852449
5,94,02/07/15 22:01,-2.925036,-64.852617
2,94,02/08/15 10:01,-2.935881,-64.910173
2,94,02/09/15 10:01,-2.973896,-64.872555
2,94,02/09/15 16:02,-2.976021,-64.866688
5,94,02/10/15 10:02,-2.958561,-64.837502
5,94,02/10/15 16:02,-2.967741,-64.839378
2,94,02/11/15 10:00,-2.964145,-64.865118
2,94,02/11/15 22:01,-2.963955,-64.873395
5,94,02/13/15 04:02,-2.968131,-64.833496
5,94,02/13/15 10:01,-2.957375,-64.838003
5,94,02/13/15 16:01,-2.952405,-64.848858
2,94,02/14/15 04:02,-2.939906,-64.861249
2,94,02/14/15 10:00,-2.920571,-64.886873
2,94,02/15/15 04:01,-2.915772,-64.878966
2,94,02/15/15 10:01,-2.90715,-64.890522
2,94,02/15/15 16:02,-2.907375,-64.890443
2,94,02/15/15 22:01,-2.907236,-64.890345
2,94,02/16/15 04:01,-2.907149,-64.890369
2,94,02/16/15 10:01,-2.904361,-64.893986
2,94,02/16/15 22:01,-2.903764,-64.893766
2,94,02/17/15 10:01,-2.917132,-64.911024
2,94,02/18/15 10:01,-2.938919,-64.909068
2,94,02/18/15 16:01,-2.946763,-64.911232
2,94,02/18/15 22:01,-2.962915,-64.894836
2,94,02/19/15 22:02,-2.972948,-64.87547
2,94,02/20/15 10:02,-2.94054,-64.890758
2,94,02/20/15 22:02,-2.931195,-64.878284
2,94,02/21/15 04:01,-2.931694,-64.877587
2,94,02/22/15 10:00,-2.916572,-64.871851
2,94,02/22/15 16:00,-2.905954,-64.892817
2,94,02/22/15 22:01,-2.898542,-64.899561
2,94,02/23/15 04:02,-2.88524,-64.905118
2,94,02/24/15 04:01,-2.883107,-64.917209
2,94,02/24/15 16:02,-2.899282,-64.898988
2,94,02/25/15 10:00,-2.906705,-64.891993
2,94,02/25/15 16:00,-2.922822,-64.888321
2,94,02/25/15 22:02,-2.922813,-64.888279
2,94,02/26/15 04:01,-2.923505,-64.887394
2,94,02/26/15 10:01,-2.917315,-64.899895
2,94,02/26/15 16:02,-2.910582,-64.908924
2,94,02/27/15 04:01,-2.90983,-64.909007
2,94,02/28/15 16:02,-2.936652,-64.902709
2,94,03/01/15 04:02,-2.931791,-64.898391
2,94,03/01/15 10:02,-2.902384,-64.913177
2,94,03/02/15 04:01,-2.880874,-64.922505
2,94,03/02/15 10:02,-2.868546,-64.929914
2,94,03/02/15 16:02,-2.868606,-64.929886
8,94,03/02/15 22:02,-2.861417,-64.934202
2,94,03/03/15 04:02,-2.868233,-64.928691
2,94,03/04/15 04:01,-2.871929,-64.926459
2,94,03/04/15 16:00,-2.869082,-64.921697
2,94,03/04/15 22:01,-2.869041,-64.920657
2,94,03/05/15 04:01,-2.870035,-64.921017
2,94,03/05/15 10:02,-2.879309,-64.921491
8,94,03/05/15 16:02,-2.862076,-64.933066
8,94,03/06/15 04:01,-2.856696,-64.944175
2,94,03/06/15 22:01,-2.907942,-64.909303
2,94,03/07/15 04:02,-2.913961,-64.905103
2,94,03/07/15 16:01,-2.938627,-64.872712
2,94,03/07/15 22:02,-2.938535,-64.872479
2,94,03/08/15 22:02,-2.91708,-64.900935
2,94,03/09/15 04:01,-2.91553,-64.903044
2,94,03/10/15 04:02,-2.910604,-64.909135
2,94,03/11/15 04:02,-2.911771,-64.889573
2,94,03/11/15 10:02,-2.907749,-64.887642
2,94,03/12/15 10:00,-2.91216,-64.90661
2,94,03/13/15 04:02,-2.913459,-64.906004
2,94,03/13/15 10:02,-2.925352,-64.89492
2,94,03/14/15 10:01,-2.92176,-64.889259
2,94,03/14/15 16:01,-2.91786,-64.899739
2,94,03/15/15 22:02,-2.886071,-64.916719
2,94,03/16/15 04:01,-2.866919,-64.925538
2,94,03/16/15 10:02,-2.867972,-64.926239
2,94,03/17/15 04:02,-2.867913,-64.925144
2,94,03/17/15 16:03,-2.910627,-64.908882
2,94,03/18/15 04:02,-2.910628,-64.908827
2,94,03/19/15 04:01,-2.948327,-64.913295
2,94,03/19/15 16:02,-2.967121,-64.896685
5,94,03/20/15 10:01,-2.989723,-64.855258
2,94,03/21/15 16:02,-2.907937,-64.909888
2,94,03/23/15 04:01,-2.931686,-64.900665
2,94,03/23/15 10:01,-2.927161,-64.890368
5,94,03/24/15 22:02,-2.938502,-64.840865
5,94,03/25/15 10:00,-2.965789,-64.846195
5,94,03/25/15 16:02,-2.97388,-64.8341
5,94,03/26/15 10:01,-2.98105,-64.863086
2,94,03/26/15 22:02,-2.968448,-64.887389
2,94,03/27/15 04:00,-2.935588,-64.907613
2,94,03/27/15 10:01,-2.928186,-64.898019
2,94,03/27/15 16:01,-2.928344,-64.897584
2,94,03/27/15 22:01,-2.927627,-64.890323
2,94,03/28/15 04:00,-2.914366,-64.884385
2,94,03/28/15 10:03,-2.895155,-64.90237
2,94,03/29/15 04:02,-2.87769,-64.910474
2,94,03/29/15 10:00,-2.874322,-64.917876
2,94,03/30/15 04:02,-2.879584,-64.912075
2,94,03/31/15 04:01,-2.910656,-64.893928
5,94,03/31/15 22:02,-2.925977,-64.842366
5,94,04/01/15 04:00,-2.947543,-64.835339
5,94,04/01/15 10:03,-2.973838,-64.835837
5,94,04/02/15 04:03,-2.976163,-64.860254
2,94,04/02/15 16:02,-2.950835,-64.880732
5,94,04/03/15 04:01,-2.941649,-64.836215
5,94,04/03/15 10:00,-2.923634,-64.853485
2,94,04/03/15 22:00,-2.914308,-64.875503
2,94,04/04/15 04:02,-2.916761,-64.901251
2,94,04/04/15 22:01,-2.8851,-64.90556
2,94,04/05/15 22:02,-2.885901,-64.916648
2,94,04/06/15 22:03,-2.893159,-64.903296
2,94,04/07/15 22:02,-2.893508,-64.903285
8,94,04/09/15 04:01,-2.86333,-64.914857
8,94,04/09/15 10:01,-2.861281,-64.918367
8,94,04/09/15 16:01,-2.848976,-64.932228
8,94,04/09/15 22:02,-2.849043,-64.932173
2,94,04/10/15 10:00,-2.877421,-64.914084
2,94,04/10/15 16:01,-2.87856,-64.91248
2,94,04/11/15 10:01,-2.900102,-64.910112
2,94,04/13/15 04:00,-2.890679,-64.910992
2,94,04/13/15 16:02,-2.888926,-64.904933
2,94,04/14/15 04:00,-2.881629,-64.907676
2,94,04/14/15 16:01,-2.881963,-64.895774
2,94,04/14/15 22:03,-2.883294,-64.905581
2,94,04/15/15 04:00,-2.883284,-64.90541
2,94,04/15/15 10:02,-2.88321,-64.905524
2,94,04/15/15 16:02,-2.884567,-64.905671
2,94,04/16/15 04:01,-2.891427,-64.892486
2,94,04/17/15 04:02,-2.877883,-64.901091
2,94,04/17/15 10:00,-2.875921,-64.907795
2,94,04/17/15 16:01,-2.886202,-64.916726
2,94,04/17/15 22:01,-2.898876,-64.899735
2,94,04/18/15 04:01,-2.900479,-64.891725
2,94,04/18/15 10:02,-2.90231,-64.896308
2,94,04/18/15 22:01,-2.901483,-64.897155
2,94,04/19/15 10:00,-2.875193,-64.907784
2,94,04/19/15 16:01,-2.881736,-64.896016
2,94,04/19/15 22:01,-2.881777,-64.89584
2,94,04/20/15 04:02,-2.889578,-64.889201
2,94,04/20/15 10:02,-2.901587,-64.897195
2,94,04/20/15 16:02,-2.901427,-64.897167
2,94,04/20/15 22:00,-2.901365,-64.89707
2,94,04/21/15 04:00,-2.897024,-64.909687
2,94,04/21/15 16:02,-2.882481,-64.895259
2,94,04/21/15 22:01,-2.882439,-64.895157
2,94,04/22/15 10:02,-2.874835,-64.912149
2,94,04/22/15 16:01,-2.874921,-64.911819
2,94,04/22/15 22:01,-2.874843,-64.912037
8,94,04/23/15 10:00,-2.845831,-64.9042
8,94,04/23/15 16:01,-2.845368,-64.903901
8,94,04/23/15 22:00,-2.84082,-64.907418
8,94,04/24/15 04:01,-2.82974,-64.896221
8,94,04/24/15 10:00,-2.830647,-64.8968
8,94,04/24/15 22:01,-2.831851,-64.903638
2,94,04/25/15 22:01,-2.881945,-64.895731
5,94,04/26/15 16:02,-2.930721,-64.835824
5,94,04/26/15 22:02,-2.931128,-64.835564
5,94,04/27/15 04:00,-2.928449,-64.846383
2,94,04/27/15 16:00,-2.901283,-64.897099
2,94,04/27/15 22:01,-2.901488,-64.897213
2,94,04/28/15 10:01,-2.886693,-64.910952
2,94,04/28/15 16:00,-2.898956,-64.898933
2,94,04/28/15 22:00,-2.899027,-64.899037
2,94,04/29/15 10:01,-2.878783,-64.909378
8,94,04/29/15 16:01,-2.863615,-64.919347
8,94,04/29/15 22:01,-2.863641,-64.919131
8,94,04/30/15 10:00,-2.830692,-64.8967
8,94,04/30/15 16:00,-2.830583,-64.896681
8,94,04/30/15 22:00,-2.8305,-64.897022
8,94,05/01/15 04:01,-2.82291,-64.890861
8,94,05/01/15 10:01,-2.808214,-64.896561
8,94,05/01/15 16:01,-2.808201,-64.896497
8,94,05/01/15 22:00,-2.808344,-64.896414
8,94,05/02/15 10:00,-2.840852,-64.90731
8,94,05/02/15 16:01,-2.840779,-64.907411
8,94,05/02/15 22:01,-2.840921,-64.907361
8,94,05/03/15 04:00,-2.838904,-64.906945
8,94,05/03/15 10:00,-2.847264,-64.90937
8,94,05/03/15 16:01,-2.853485,-64.915196
8,94,05/03/15 22:01,-2.853681,-64.916034
8,94,05/04/15 04:00,-2.858563,-64.917094
8,94,05/04/15 10:01,-2.858086,-64.917548
8,94,05/04/15 16:00,-2.853883,-64.915913
8,94,05/04/15 22:02,-2.853998,-64.915952
8,94,05/05/15 10:01,-2.855788,-64.935006
8,94,05/05/15 16:01,-2.855452,-64.934483
8,94,05/05/15 22:01,-2.855278,-64.934634
8,94,05/06/15 10:00,-2.851284,-64.955395
8,94,05/06/15 16:00,-2.851187,-64.955416
8,94,05/06/15 22:00,-2.851178,-64.955328
8,94,05/07/15 04:01,-2.848197,-64.969735
8,94,05/07/15 10:00,-2.844628,-64.978203
8,94,05/07/15 16:00,-2.844618,-64.978178
8,94,05/07/15 22:00,-2.842616,-64.977157
8,94,05/08/15 04:00,-2.842294,-64.954703
8,94,05/08/15 10:00,-2.843472,-64.95494
8,94,05/08/15 16:01,-2.845455,-64.954245
8,94,05/08/15 22:02,-2.845396,-64.954378
8,94,05/09/15 04:02,-2.841211,-64.954739
8,94,05/09/15 10:01,-2.841192,-64.954713
8,94,05/09/15 16:00,-2.840467,-64.955209
8,94,05/09/15 22:00,-2.840481,-64.95535
8,94,05/10/15 04:01,-2.850081,-64.946847
8,94,05/10/15 10:01,-2.848839,-64.944452
8,94,05/10/15 16:01,-2.84879,-64.944575
8,94,05/10/15 22:01,-2.848738,-64.944455
8,94,05/11/15 04:01,-2.851121,-64.943859
8,94,05/11/15 10:00,-2.851034,-64.943816
8,94,05/11/15 16:01,-2.849129,-64.939023
8,94,05/11/15 22:01,-2.841114,-64.932642
8,94,05/12/15 10:01,-2.803519,-64.929376
8,94,05/12/15 16:00,-2.80348,-64.929402
8,94,05/12/15 22:00,-2.803496,-64.929422
8,94,05/13/15 04:01,-2.802664,-64.924924
8,94,05/13/15 10:01,-2.809699,-64.903205
8,94,05/13/15 16:01,-2.809511,-64.903195
8,94,05/13/15 22:02,-2.809595,-64.903281
8,94,05/14/15 10:00,-2.839833,-64.90176
8,94,05/14/15 16:00,-2.853634,-64.916468
8,94,05/14/15 22:00,-2.844443,-64.916852
8,94,05/15/15 04:00,-2.844647,-64.916634
8,94,05/15/15 10:00,-2.863214,-64.91773
8,94,05/15/15 16:00,-2.85806,-64.917706
8,94,05/15/15 22:00,-2.85806,-64.91766
8,94,05/16/15 04:01,-2.858972,-64.921476
8,94,05/16/15 10:00,-2.857051,-64.912433
8,94,05/16/15 16:00,-2.857166,-64.912489
8,94,05/16/15 22:01,-2.857138,-64.912508
8,94,05/17/15 04:00,-2.848448,-64.905711
8,94,05/17/15 16:01,-2.830625,-64.896721
8,94,05/17/15 22:00,-2.831809,-64.903572
8,94,05/18/15 04:02,-2.830632,-64.896729
8,94,05/18/15 10:00,-2.822665,-64.899263
8,94,05/18/15 16:00,-2.822584,-64.899271
8,94,05/18/15 22:00,-2.822667,-64.899272
8,94,05/19/15 04:01,-2.810421,-64.900903
8,94,05/19/15 10:01,-2.80375,-64.894871
8,94,05/19/15 22:01,-2.797111,-64.9158
8,94,05/20/15 04:00,-2.773651,-64.932184
8,94,05/20/15 10:00,-2.756128,-64.937715
8,94,05/20/15 16:01,-2.756139,-64.937846
8,94,05/20/15 22:00,-2.756153,-64.937842
8,94,05/21/15 16:01,-2.805175,-64.988753
8,94,05/21/15 22:00,-2.813962,-64.984414
8,94,05/22/15 16:02,-2.852083,-64.951004
8,94,05/22/15 22:00,-2.852078,-64.950975
8,94,05/23/15 04:00,-2.854529,-64.935966
8,94,05/23/15 16:00,-2.856201,-64.933488
8,94,05/23/15 22:00,-2.856315,-64.933514
8,94,05/24/15 04:00,-2.856281,-64.933459
8,94,05/24/15 10:00,-2.858173,-64.930042
8,94,05/24/15 16:01,-2.857859,-64.930619
8,94,05/24/15 22:00,-2.857898,-64.930695
8,94,05/25/15 10:00,-2.857142,-64.912495
8,94,05/25/15 16:01,-2.857037,-64.912593
8,94,05/25/15 22:01,-2.857067,-64.912444
8,94,05/26/15 04:01,-2.859245,-64.913465
8,94,05/26/15 10:01,-2.861515,-64.920354
8,94,05/26/15 16:00,-2.861332,-64.921219
8,94,05/26/15 22:01,-2.861226,-64.921218
8,94,05/27/15 10:00,-2.851055,-64.908027
8,94,05/27/15 22:00,-2.853436,-64.91504
8,94,05/28/15 04:01,-2.845753,-64.90813
8,94,05/28/15 10:00,-2.845698,-64.908225
8,94,05/28/15 16:00,-2.843712,-64.908415
8,94,05/28/15 22:00,-2.843543,-64.908177
8,94,05/29/15 16:00,-2.839782,-64.901904
8,94,05/29/15 22:01,-2.839809,-64.901781
8,94,05/30/15 10:01,-2.832961,-64.903585
8,94,05/30/15 16:01,-2.832896,-64.903582
8,94,05/30/15 22:01,-2.833018,-64.903527
8,94,05/31/15 04:02,-2.823494,-64.893114
8,94,05/31/15 10:00,-2.810385,-64.889827
8,94,05/31/15 16:00,-2.81211,-64.890245
8,94,05/31/15 22:01,-2.812182,-64.890258
8,94,06/01/15 10:01,-2.796162,-64.89732
8,94,06/01/15 16:01,-2.796273,-64.897162
8,94,06/01/15 22:00,-2.803547,-64.904671
8,94,06/02/15 04:02,-2.81816,-64.9049
8,94,06/02/15 10:00,-2.842166,-64.905734
8,94,06/02/15 16:02,-2.847313,-64.913407
8,94,06/02/15 22:00,-2.84714,-64.913252
8,94,06/03/15 04:01,-2.848616,-64.908501
8,94,06/03/15 10:01,-2.856141,-64.911071
8,94,06/03/15 16:00,-2.85348,-64.915109
8,94,06/03/15 22:00,-2.853447,-64.915215
8,94,06/04/15 04:00,-2.859388,-64.913401
8,94,06/04/15 10:00,-2.859418,-64.9135
8,94,06/04/15 16:01,-2.859441,-64.913492
8,94,06/04/15 22:01,-2.859448,-64.913464
8,94,06/05/15 04:01,-2.859434,-64.913419
8,94,06/05/15 10:00,-2.859455,-64.913517
8,94,06/05/15 16:00,-2.859719,-64.913614
8,94,06/05/15 22:00,-2.859728,-64.913536
2,94,06/06/15 10:00,-2.881844,-64.905305
2,94,06/06/15 16:01,-2.882079,-64.91031
2,94,06/06/15 22:00,-2.889032,-64.902009
2,94,06/07/15 04:01,-2.896373,-64.891613
2,94,06/07/15 10:01,-2.901316,-64.897281
2,94,06/07/15 16:00,-2.895477,-64.896835
2,94,06/07/15 22:00,-2.895553,-64.896902
2,94,06/08/15 10:00,-2.874598,-64.906084
8,94,06/08/15 16:00,-2.859216,-64.91315
8,94,06/08/15 22:00,-2.859438,-64.913638
8,94,06/09/15 04:01,-2.859434,-64.91344
8,94,06/09/15 10:00,-2.85943,-64.913478
8,94,06/09/15 16:00,-2.859371,-64.913482
8,94,06/09/15 22:00,-2.85946,-64.913467
8,94,06/10/15 04:01,-2.863532,-64.91981
8,94,06/10/15 10:01,-2.863525,-64.919935
8,94,06/10/15 16:00,-2.861308,-64.918426
8,94,06/11/15 10:00,-2.857835,-64.930673
8,94,06/11/15 16:01,-2.857731,-64.931004
8,94,06/11/15 22:00,-2.858026,-64.930851
8,94,06/12/15 04:00,-2.854024,-64.93682
8,94,06/12/15 10:01,-2.854626,-64.939075
8,94,06/12/15 16:01,-2.854701,-64.939011
8,94,06/12/15 22:00,-2.854678,-64.939129
8,94,06/13/15 04:00,-2.853462,-64.930417
8,94,06/13/15 10:01,-2.848782,-64.923256
8,94,06/13/15 16:00,-2.848785,-64.923245
8,94,06/13/15 22:00,-2.848902,-64.923213
8,94,06/14/15 16:00,-2.832999,-64.903591
8,94,06/14/15 22:00,-2.833035,-64.90362
8,94,06/15/15 04:01,-2.832938,-64.895803
8,94,06/15/15 10:00,-2.839862,-64.901922
8,94,06/15/15 16:00,-2.835166,-64.904443
8,94,06/15/15 22:00,-2.835104,-64.904475
8,94,06/16/15 04:02,-2.813955,-64.902912
8,94,06/16/15 10:01,-2.813928,-64.902894
8,94,06/16/15 16:01,-2.813833,-64.902929
8,94,06/16/15 22:00,-2.813966,-64.902754
8,94,06/17/15 04:01,-2.806626,-64.895102
8,94,06/17/15 16:00,-2.822652,-64.899217
8,94,06/17/15 22:00,-2.822667,-64.899193
8,94,06/18/15 10:00,-2.830908,-64.901369
8,94,06/18/15 16:00,-2.832836,-64.903578
8,94,06/18/15 22:00,-2.832894,-64.903598
8,94,06/19/15 04:00,-2.832891,-64.903429
8,94,06/19/15 10:00,-2.839963,-64.90191
8,94,06/19/15 16:00,-2.832624,-64.903616
8,94,06/19/15 22:00,-2.832828,-64.903683
8,94,06/20/15 10:00,-2.83715,-64.905829
8,94,06/20/15 16:00,-2.837163,-64.9058
8,94,06/20/15 22:00,-2.837209,-64.905779
8,94,06/21/15 10:00,-2.852675,-64.913673
8,94,06/21/15 16:00,-2.852745,-64.913717
8,94,06/21/15 22:00,-2.848811,-64.923264
8,94,06/22/15 04:00,-2.852345,-64.9121
8,94,06/22/15 10:00,-2.855801,-64.934947
8,94,06/22/15 16:00,-2.848835,-64.93223
8,94,06/22/15 22:00,-2.849189,-64.932236
8,94,06/23/15 16:01,-2.826886,-64.902151
8,94,06/23/15 22:01,-2.826902,-64.902151
8,94,06/24/15 04:00,-2.826859,-64.902233
8,94,06/24/15 10:01,-2.826872,-64.902173
8,94,06/24/15 16:01,-2.826872,-64.902255
8,94,06/24/15 22:00,-2.82692,-64.90218
8,94,06/25/15 04:00,-2.826781,-64.9023
8,94,06/25/15 10:01,-2.826914,-64.902128
8,94,06/25/15 16:00,-2.826842,-64.902317
8,94,06/25/15 22:00,-2.826849,-64.902149
8,94,06/26/15 04:00,-2.828772,-64.901613
8,94,06/26/15 10:01,-2.829334,-64.901803
8,94,06/26/15 16:00,-2.832927,-64.898974
8,94,06/26/15 22:01,-2.832996,-64.899177
8,94,06/27/15 04:00,-2.832643,-64.903685
8,94,06/27/15 16:00,-2.82035,-64.903102
8,94,06/27/15 22:00,-2.820413,-64.902839
8,94,06/28/15 04:01,-2.829686,-64.896206
8,94,06/28/15 10:01,-2.830623,-64.89672
8,94,06/28/15 16:00,-2.831912,-64.903688
8,94,06/28/15 22:00,-2.83197,-64.903498
8,94,06/29/15 04:01,-2.842886,-64.902807
8,94,06/29/15 16:01,-2.840076,-64.90212
8,94,06/29/15 22:00,-2.840134,-64.902035
8,94,06/30/15 04:00,-2.839962,-64.901961
8,94,06/30/15 10:00,-2.840017,-64.901906
8,94,06/30/15 16:00,-2.853639,-64.916502
8,94,06/30/15 22:00,-2.853629,-64.916679
8,94,07/01/15 04:02,-2.854889,-64.914149
8,94,07/01/15 16:00,-2.83587,-64.90536
8,94,07/01/15 22:00,-2.836011,-64.905208
8,94,07/02/15 04:00,-2.831096,-64.898753
8,94,07/02/15 10:01,-2.830225,-64.897943
8,94,07/02/15 16:02,-2.830229,-64.898005
8,94,07/02/15 22:01,-2.830243,-64.898298
8,94,07/03/15 10:01,-2.820186,-64.88918
8,94,07/03/15 16:00,-2.820171,-64.896156
8,94,07/03/15 22:01,-2.820478,-64.896269
8,94,07/04/15 16:01,-2.788381,-64.898824
8,94,07/04/15 22:00,-2.788349,-64.898866
8,94,07/05/15 04:00,-2.804328,-64.904999
8,94,07/05/15 10:00,-2.80885,-64.903577
8,94,07/05/15 16:00,-2.809055,-64.903537
8,94,07/05/15 22:00,-2.808987,-64.903769
8,94,07/06/15 04:00,-2.82043,-64.902693
8,94,07/06/15 10:00,-2.820513,-64.901869
8,94,07/06/15 16:01,-2.820719,-64.901952
8,94,07/06/15 22:00,-2.820135,-64.902401
8,94,07/07/15 10:00,-2.840087,-64.902015
8,94,07/07/15 16:00,-2.837099,-64.905515
8,94,07/07/15 22:00,-2.837281,-64.90582
8,94,07/08/15 04:01,-2.844329,-64.903086
8,94,07/08/15 16:00,-2.840026,-64.902082
8,94,07/08/15 22:01,-2.836099,-64.905304
8,94,07/09/15 04:02,-2.836291,-64.905224
8,94,07/09/15 10:00,-2.836331,-64.905048
8,94,07/09/15 16:00,-2.824309,-64.906819
8,94,07/09/15 22:01,-2.824245,-64.906641
8,94,07/10/15 04:00,-2.824564,-64.902696
8,94,07/10/15 10:00,-2.820351,-64.902896
8,94,07/10/15 16:00,-2.82041,-64.902736
8,94,07/10/15 22:00,-2.820433,-64.902812
8,94,07/11/15 10:00,-2.830492,-64.896701
8,94,07/11/15 16:00,-2.822637,-64.899223
8,94,07/11/15 22:00,-2.822714,-64.899174
8,94,07/12/15 04:02,-2.822463,-64.898954
8,94,07/12/15 10:00,-2.822391,-64.898892
8,94,07/12/15 16:01,-2.820191,-64.896212
8,94,07/12/15 22:00,-2.808235,-64.896507
8,94,07/13/15 04:02,-2.807668,-64.889672
8,94,07/13/15 10:01,-2.794801,-64.883271
8,94,07/13/15 16:00,-2.788312,-64.898902
8,94,07/13/15 22:00,-2.788284,-64.898767
8,94,07/14/15 10:00,-2.794328,-64.923548
8,94,07/14/15 16:01,-2.794317,-64.923436
8,94,07/14/15 22:00,-2.794717,-64.923416
8,94,07/15/15 10:01,-2.827973,-64.933002
8,94,07/15/15 16:00,-2.827985,-64.933016
8,94,07/15/15 22:00,-2.821373,-64.939506
8,94,07/16/15 04:01,-2.830263,-64.93831
8,94,07/16/15 10:00,-2.83702,-64.931296
8,94,07/16/15 16:00,-2.837135,-64.931395
8,94,07/16/15 22:00,-2.837121,-64.931428
8,94,07/17/15 10:00,-2.853664,-64.916493
8,94,07/17/15 16:00,-2.852648,-64.913833
8,94,07/17/15 22:00,-2.853451,-64.915144
8,94,07/18/15 04:01,-2.846636,-64.905981
8,94,07/18/15 10:01,-2.840055,-64.90182
8,94,07/18/15 16:01,-2.83992,-64.902031
8,94,07/18/15 22:00,-2.839908,-64.901873
8,94,07/19/15 10:01,-2.820145,-64.896182
8,94,07/19/15 16:00,-2.820179,-64.896195
8,94,07/19/15 22:01,-2.820156,-64.896138
8,94,07/20/15 04:01,-2.820108,-64.89623
8,94,07/20/15 10:01,-2.820135,-64.896144
8,94,07/20/15 16:00,-2.820326,-64.902932
8,94,07/20/15 22:00,-2.82054,-64.902706
8,94,07/21/15 10:01,-2.839991,-64.901923
8,94,07/21/15 16:01,-2.853366,-64.915283
8,94,07/21/15 22:00,-2.84581,-64.916487
8,94,07/22/15 04:01,-2.861898,-64.914577
8,94,07/22/15 10:01,-2.863402,-64.919734
8,94,07/22/15 16:00,-2.854117,-64.918042
8,94,07/22/15 22:01,-2.854007,-64.917935
8,94,07/23/15 04:00,-2.854098,-64.917914
8,94,07/23/15 10:00,-2.85944,-64.913466
8,94,07/23/15 22:01,-2.854131,-64.916378
8,94,07/24/15 04:00,-2.861747,-64.913196
2,94,07/24/15 10:01,-2.880496,-64.91065
2,94,07/24/15 16:00,-2.880429,-64.910684
2,94,07/24/15 22:01,-2.884835,-64.930286
8,94,07/25/15 10:00,-2.857777,-64.930666
8,94,07/25/15 16:00,-2.854306,-64.931512
8,94,07/25/15 22:00,-2.854269,-64.931576
8,94,07/26/15 10:00,-2.857116,-64.912441
8,94,07/26/15 16:00,-2.857182,-64.912391
8,94,07/26/15 22:00,-2.857255,-64.912208
8,94,07/27/15 04:01,-2.857079,-64.912462
8,94,07/27/15 10:01,-2.857061,-64.912433
8,94,07/27/15 22:02,-2.852716,-64.908602
8,94,07/28/15 10:02,-2.853582,-64.909371
8,94,07/28/15 16:02,-2.852753,-64.908662
8,94,07/29/15 10:02,-2.852715,-64.908773
8,94,07/30/15 10:02,-2.852751,-64.908676
8,94,07/30/15 16:02,-2.852755,-64.90849
8,94,07/31/15 10:02,-2.852821,-64.908878
3,95,01/21/15 00:01,-3.059821,-64.837489
3,95,01/21/15 02:01,-3.060679,-64.837403
3,95,01/21/15 04:00,-3.060594,-64.837403
3,95,01/21/15 06:01,-3.060679,-64.837403
3,95,01/21/15 08:00,-3.060594,-64.837232
3,95,01/21/15 10:01,-3.060679,-64.837403
3,95,01/21/15 12:01,-3.060594,-64.837317
3,95,01/21/15 14:01,-3.060594,-64.837317
1,95,01/25/15 14:01,-3.068233,-64.875083
3,95,02/20/15 18:01,-3.095956,-64.860663
3,95,02/20/15 20:02,-3.096042,-64.860148
1,95,02/24/15 06:02,-3.044887,-64.890704
1,95,02/24/15 08:01,-3.04523,-64.890704
1,95,02/24/15 12:00,-3.04523,-64.891047
1,95,02/24/15 18:02,-3.04523,-64.890704
1,95,02/24/15 20:01,-3.046346,-64.890876
3,95,03/04/15 20:01,-3.096213,-64.857316
3,95,03/04/15 22:01,-3.096557,-64.855342
4,95,03/09/15 16:00,-3.060851,-64.861436
4,95,03/09/15 18:02,-3.060937,-64.861436
4,95,03/09/15 20:00,-3.060937,-64.861264
4,95,03/09/15 22:00,-3.057761,-64.856801
4,95,03/10/15 00:01,-3.048663,-64.855943
4,95,03/10/15 02:00,-3.04832,-64.857059
3,95,03/29/15 00:02,-3.081965,-64.857059
1,95,04/17/15 14:01,-3.076386,-64.89491
1,95,04/17/15 16:02,-3.076987,-64.893622
1,95,04/17/15 18:00,-3.078189,-64.893365
1,95,04/17/15 20:01,-3.078189,-64.893365
1,95,04/17/15 22:01,-3.078275,-64.893451
3,95,04/25/15 08:00,-3.083425,-64.836888
3,95,04/25/15 10:00,-3.081365,-64.842896
3,95,04/25/15 12:00,-3.081536,-64.843669
3,95,05/17/15 16:01,-3.092437,-64.834485
3,95,05/19/15 08:01,-3.0866,-64.845815
3,95,05/19/15 10:01,-3.086514,-64.848733
3,95,05/19/15 12:02,-3.084025,-64.85148
3,95,05/19/15 14:01,-3.084197,-64.85148
3,95,05/19/15 16:00,-3.084111,-64.85148
3,95,05/19/15 18:00,-3.084197,-64.851651
3,95,05/19/15 20:00,-3.084111,-64.851394
1,95,05/23/15 18:00,-3.062739,-64.893279
1,95,05/23/15 20:01,-3.062739,-64.893193
1,95,05/23/15 22:01,-3.062739,-64.893107
1,95,05/24/15 00:00,-3.062654,-64.893107
1,95,08/14/15 12:01,-3.032784,-64.880834
1,95,08/14/15 16:00,-3.03184,-64.881263
1,95,08/15/15 02:00,-3.03287,-64.881263
1,95,08/15/15 06:01,-3.0339,-64.886756
4,95,08/15/15 12:01,-3.052096,-64.850707
4,95,08/15/15 14:01,-3.052182,-64.850707
4,95,08/15/15 16:00,-3.050723,-64.852853
1,95,09/26/15 04:00,-3.045487,-64.897313
1,95,09/26/15 06:00,-3.048234,-64.899201
1,95,09/26/15 08:00,-3.04832,-64.899116
1,95,09/26/15 10:00,-3.04832,-64.899201
1,95,09/26/15 12:01,-3.048406,-64.898858
1,95,09/26/15 14:00,-3.049436,-64.896798
1,95,09/26/15 16:02,-3.049264,-64.896884
1,95,09/28/15 22:01,-3.043342,-64.88461
1,95,09/29/15 00:03,-3.043342,-64.884696
4,96,02/17/15 22:01,-3.044054,-64.853468
4,96,02/18/15 04:01,-3.045567,-64.852683
4,96,02/18/15 10:01,-3.033768,-64.856106
4,96,02/18/15 16:02,-3.025085,-64.859735
4,96,02/18/15 22:03,-3.016248,-64.85914
4,96,02/19/15 04:02,-3.025348,-64.85466
4,96,02/19/15 16:01,-3.024933,-64.859234
4,96,02/20/15 04:02,-3.036594,-64.861635
4,96,02/20/15 10:01,-3.036643,-64.861821
5,96,02/21/15 04:01,-2.980746,-64.865674
5,96,02/21/15 22:02,-2.979917,-64.861865
5,96,02/22/15 04:02,-2.980122,-64.861877
5,96,02/22/15 10:02,-2.980093,-64.861845
5,96,02/23/15 04:01,-3.000954,-64.863861
5,96,02/23/15 10:01,-3.009342,-64.852189
5,96,02/23/15 16:02,-3.0056,-64.855408
5,96,02/23/15 22:02,-3.006078,-64.854589
5,96,02/24/15 04:01,-3.009636,-64.859657
4,96,02/24/15 10:02,-3.027451,-64.859205
4,96,02/24/15 16:00,-3.027812,-64.861155
4,96,02/25/15 04:00,-3.030903,-64.858431
4,96,02/25/15 10:01,-3.030891,-64.858576
4,96,02/25/15 16:01,-3.033016,-64.86119
5,96,02/26/15 04:01,-3.001089,-64.866154
5,96,02/26/15 10:00,-3.001169,-64.866404
5,96,02/26/15 16:01,-3.007337,-64.864685
5,96,02/26/15 22:02,-3.0073,-64.864786
5,96,02/27/15 04:01,-3.007394,-64.864679
5,96,02/28/15 10:01,-3.010221,-64.876955
5,96,02/28/15 16:01,-2.994817,-64.86844
5,96,02/28/15 22:01,-2.99111,-64.868343
5,96,03/01/15 04:02,-2.986001,-64.860317
4,96,03/01/15 16:02,-3.026027,-64.840258
4,96,03/02/15 04:00,-3.030972,-64.836149
4,96,03/02/15 10:02,-3.031058,-64.836252
4,96,03/02/15 16:02,-3.032097,-64.836522
4,96,03/03/15 04:00,-3.031951,-64.836498
5,96,03/03/15 16:01,-3.010182,-64.861253
4,96,03/04/15 04:01,-3.015194,-64.857853
4,96,03/04/15 10:01,-3.01505,-64.857954
4,96,03/04/15 16:01,-3.014974,-64.857981
4,96,03/05/15 04:01,-3.030574,-64.840733
4,96,03/06/15 16:01,-3.022348,-64.854333
4,96,03/07/15 10:02,-3.043412,-64.844966
4,96,03/07/15 16:00,-3.043249,-64.845104
4,96,03/07/15 22:01,-3.043373,-64.845044
4,96,03/08/15 04:01,-3.045468,-64.845361
3,96,03/08/15 10:01,-3.049516,-64.842059
3,96,03/08/15 16:01,-3.050033,-64.837506
4,96,03/09/15 04:01,-3.031118,-64.840005
3,96,03/09/15 16:01,-3.058494,-64.831096
3,96,03/10/15 04:01,-3.064181,-64.822083
3,96,03/10/15 10:01,-3.057189,-64.826521
3,96,03/10/15 16:00,-3.054797,-64.829448
3,96,03/11/15 10:02,-3.051102,-64.831353
3,96,03/11/15 16:01,-3.051012,-64.831401
3,96,03/12/15 04:01,-3.050076,-64.829191
3,96,03/12/15 10:01,-3.049328,-64.829109
3,96,03/12/15 16:01,-3.047454,-64.829134
3,96,03/13/15 16:02,-3.048118,-64.83162
3,96,03/13/15 22:02,-3.048524,-64.831623
3,96,03/14/15 04:01,-3.043456,-64.829821
4,96,03/14/15 22:00,-3.035758,-64.827849
4,96,03/15/15 10:00,-3.039559,-64.832055
3,96,03/15/15 22:01,-3.046187,-64.829344
3,96,03/16/15 04:01,-3.046148,-64.829437
3,96,03/16/15 10:01,-3.039132,-64.837882
3,96,03/16/15 16:01,-3.039194,-64.83775
3,96,03/16/15 22:02,-3.039258,-64.83777
4,96,03/17/15 22:02,-3.037578,-64.828712
4,96,03/18/15 04:00,-3.039891,-64.831733
4,96,03/18/15 16:02,-3.041556,-64.828105
4,96,03/19/15 04:00,-3.042608,-64.831435
3,96,03/19/15 10:02,-3.042466,-64.838864
3,96,03/19/15 16:02,-3.056696,-64.832968
3,96,03/19/15 22:01,-3.056889,-64.832917
3,96,03/20/15 04:01,-3.058811,-64.834731
3,96,03/20/15 10:01,-3.053145,-64.839482
3,96,03/20/15 16:01,-3.05855,-64.835179
3,96,03/20/15 22:02,-3.054243,-64.837296
3,96,03/21/15 04:01,-3.05305,-64.838798
3,96,03/21/15 22:00,-3.056778,-64.832866
3,96,03/22/15 04:01,-3.053134,-64.829796
3,96,03/22/15 16:00,-3.05013,-64.831338
4,96,03/23/15 16:02,-3.019045,-64.853919
4,96,03/23/15 22:02,-3.02216,-64.850703
4,96,03/24/15 10:00,-3.02983,-64.84088
4,96,03/24/15 22:01,-3.037003,-64.821509
4,96,03/25/15 04:01,-3.042537,-64.822703
4,96,03/25/15 10:02,-3.042553,-64.822782
4,96,03/25/15 16:01,-3.042566,-64.822628
4,96,03/25/15 22:01,-3.038285,-64.820453
4,96,03/26/15 04:01,-3.038371,-64.821385
4,96,03/26/15 10:01,-3.040264,-64.827995
4,96,03/26/15 16:02,-3.044937,-64.82579
4,96,03/27/15 04:01,-3.035113,-64.823779
4,96,03/27/15 10:02,-3.037362,-64.822961
4,96,03/27/15 22:01,-3.040792,-64.820358
4,96,03/28/15 04:01,-3.041624,-64.822678
4,96,03/28/15 10:01,-3.039899,-64.822653
3,96,03/29/15 04:00,-3.042736,-64.814705
4,96,03/29/15 10:03,-3.037725,-64.808332
4,96,03/29/15 16:01,-3.03572,-64.807354
4,96,03/30/15 04:00,-3.033786,-64.814902
4,96,03/30/15 16:01,-3.039639,-64.817807
3,96,03/31/15 04:00,-3.047229,-64.816429
3,96,03/31/15 22:01,-3.047025,-64.817886
3,96,04/01/15 04:00,-3.047088,-64.81797
3,96,04/01/15 16:01,-3.050989,-64.823955
3,96,04/02/15 04:00,-3.047187,-64.828114
4,96,04/02/15 10:01,-3.041615,-64.828092
3,96,04/03/15 04:00,-3.047016,-64.818242
3,96,04/03/15 10:00,-3.047018,-64.818021
3,96,04/03/15 16:00,-3.047026,-64.818008
3,96,04/03/15 22:02,-3.044851,-64.818757
3,96,04/04/15 04:02,-3.043793,-64.818977
4,96,04/04/15 10:01,-3.043251,-64.809924
4,96,04/04/15 16:01,-3.043194,-64.80995
4,96,04/04/15 22:03,-3.043073,-64.80998
4,96,04/05/15 04:01,-3.042988,-64.809955
4,96,04/05/15 10:01,-3.036817,-64.811862
4,96,04/05/15 16:00,-3.036743,-64.811878
4,96,04/06/15 04:01,-3.041695,-64.818394
4,96,04/06/15 10:01,-3.041614,-64.818382
4,96,04/06/15 16:01,-3.04164,-64.818471
4,96,04/06/15 22:02,-3.038117,-64.819099
4,96,04/07/15 04:01,-3.037548,-64.814391
4,96,04/07/15 16:01,-3.037117,-64.813987
4,96,04/07/15 22:03,-3.037086,-64.814866
4,96,04/08/15 04:00,-3.030008,-64.828497
4,96,04/08/15 10:01,-3.029601,-64.835572
4,96,04/08/15 16:00,-3.029657,-64.83568
4,96,04/08/15 22:01,-3.027792,-64.835931
4,96,04/09/15 04:02,-3.030698,-64.835603
4,96,04/09/15 10:02,-3.035413,-64.829933
4,96,04/09/15 16:01,-3.040871,-64.827192
4,96,04/09/15 22:02,-3.039301,-64.827838
4,96,04/10/15 04:00,-3.03592,-64.826435
4,96,04/10/15 10:00,-3.03301,-64.822028
4,96,04/10/15 16:00,-3.032945,-64.822002
4,96,04/10/15 22:01,-3.03301,-64.82198
4,96,04/11/15 04:00,-3.033214,-64.822459
4,96,04/11/15 10:00,-3.033047,-64.82209
4,96,04/11/15 16:00,-3.033102,-64.822026
4,96,04/11/15 22:01,-3.033016,-64.822012
4,96,04/12/15 10:01,-3.023044,-64.824432
4,96,04/12/15 16:00,-3.023362,-64.825666
4,96,04/12/15 22:01,-3.024687,-64.830264
4,96,04/13/15 10:02,-3.031393,-64.831884
4,96,04/13/15 16:00,-3.033153,-64.822105
4,96,04/13/15 22:00,-3.033098,-64.822062
4,96,04/14/15 04:00,-3.032775,-64.816365
4,96,04/15/15 04:01,-3.023871,-64.819653
4,96,04/15/15 10:01,-3.023808,-64.819715
4,96,04/15/15 16:02,-3.023864,-64.819683
4,96,04/15/15 22:03,-3.023738,-64.819788
4,96,04/16/15 04:01,-3.027119,-64.811643
4,96,04/16/15 10:01,-3.03579,-64.807567
4,96,04/17/15 10:01,-3.03907,-64.807748
4,96,04/17/15 22:00,-3.039347,-64.807323
4,96,04/18/15 10:01,-3.037709,-64.819042
4,96,04/18/15 16:00,-3.037757,-64.819384
4,96,04/18/15 22:01,-3.032913,-64.822052
4,96,04/19/15 04:00,-3.032968,-64.822131
4,96,04/19/15 10:00,-3.0322,-64.821004
4,96,04/19/15 16:01,-3.032303,-64.821028
4,96,04/19/15 22:01,-3.032659,-64.820912
4,96,04/20/15 04:02,-3.030214,-64.827343
4,96,04/21/15 04:00,-3.039421,-64.830001
4,96,04/21/15 10:02,-3.03715,-64.827449
4,96,04/21/15 22:00,-3.033075,-64.821983
4,96,04/22/15 04:00,-3.032765,-64.816461
4,96,04/22/15 10:00,-3.03279,-64.816338
4,96,04/23/15 10:00,-3.029288,-64.845566
4,96,04/23/15 16:01,-3.029184,-64.845475
4,96,04/23/15 22:01,-3.029394,-64.845527
4,96,04/24/15 04:02,-3.029287,-64.845615
4,96,04/24/15 10:00,-3.029332,-64.845442
4,96,04/24/15 16:00,-3.02932,-64.845586
4,96,04/24/15 22:00,-3.029284,-64.845597
4,96,04/25/15 04:01,-3.023634,-64.841747
4,96,04/25/15 10:01,-3.023825,-64.840528
4,96,04/25/15 16:00,-3.026729,-64.834332
4,96,04/25/15 22:01,-3.026678,-64.834162
4,96,04/26/15 04:01,-3.027804,-64.831343
4,96,04/26/15 10:00,-3.033097,-64.822034
4,96,04/26/15 16:00,-3.033027,-64.82204
4,96,04/26/15 22:00,-3.032844,-64.8223
4,96,04/27/15 04:00,-3.032852,-64.822213
4,96,04/27/15 10:00,-3.033132,-64.821994
4,96,04/27/15 16:01,-3.033078,-64.821917
4,96,04/28/15 10:01,-3.037052,-64.821354
4,96,04/28/15 16:00,-3.037259,-64.82122
4,96,04/28/15 22:01,-3.037151,-64.821116
4,96,04/29/15 04:00,-3.034294,-64.821081
4,96,04/29/15 10:02,-3.036864,-64.821124
4,96,04/29/15 22:01,-3.037534,-64.820748
4,96,04/30/15 04:00,-3.040909,-64.823842
4,96,04/30/15 10:01,-3.040911,-64.823939
4,96,04/30/15 16:00,-3.04085,-64.823913
4,96,04/30/15 22:01,-3.040919,-64.823797
4,96,05/01/15 04:01,-3.040956,-64.823888
4,96,05/01/15 10:01,-3.04089,-64.823867
4,96,05/01/15 16:00,-3.04094,-64.823945
4,96,05/01/15 22:00,-3.040969,-64.823858
3,96,05/02/15 04:00,-3.048318,-64.82521
3,96,05/02/15 10:00,-3.050716,-64.827571
3,96,05/02/15 16:00,-3.05183,-64.826972
3,96,05/02/15 22:00,-3.051903,-64.826847
3,96,05/03/15 04:01,-3.050058,-64.831219
3,96,05/03/15 10:01,-3.050197,-64.83148
3,96,05/03/15 16:01,-3.054462,-64.829617
3,96,05/03/15 22:02,-3.054242,-64.829602
3,96,05/04/15 04:01,-3.054251,-64.82957
3,96,05/04/15 10:00,-3.054351,-64.829607
3,96,05/04/15 16:00,-3.047148,-64.828226
3,96,05/04/15 22:00,-3.047148,-64.828183
3,96,05/05/15 04:01,-3.047159,-64.828313
4,96,05/05/15 10:01,-3.035355,-64.826633
4,96,05/06/15 04:02,-3.037301,-64.821154
4,96,05/06/15 22:00,-3.042502,-64.825353
4,96,05/07/15 04:01,-3.042695,-64.826959
4,96,05/07/15 10:01,-3.042025,-64.826062
4,96,05/07/15 16:00,-3.042024,-64.826074
4,96,05/07/15 22:00,-3.042021,-64.826085
4,96,05/08/15 04:00,-3.042017,-64.826057
4,96,05/08/15 10:00,-3.042456,-64.826444
4,96,05/08/15 16:01,-3.042389,-64.82666
4,96,05/08/15 22:00,-3.042413,-64.826881
4,96,05/09/15 04:00,-3.042048,-64.826135
4,96,05/09/15 10:00,-3.042019,-64.826202
4,96,05/09/15 16:00,-3.042084,-64.826101
4,96,05/09/15 22:00,-3.042019,-64.826011
3,96,05/10/15 04:01,-3.045581,-64.832366
3,96,05/10/15 10:01,-3.046136,-64.832907
3,96,05/10/15 16:00,-3.044968,-64.832766
3,96,05/10/15 22:01,-3.044873,-64.832779
3,96,05/11/15 04:01,-3.045898,-64.834688
3,96,05/11/15 10:00,-3.046103,-64.834274
3,96,05/11/15 16:00,-3.046122,-64.834306
3,96,05/11/15 22:00,-3.046136,-64.834209
3,96,05/12/15 04:00,-3.046131,-64.83421
3,96,05/12/15 16:00,-3.043842,-64.833943
3,96,05/12/15 22:02,-3.04388,-64.833944
4,96,05/13/15 04:01,-3.039379,-64.829916
4,96,05/13/15 10:00,-3.042063,-64.826096
4,96,05/13/15 16:02,-3.042066,-64.826083
4,96,05/13/15 22:00,-3.042062,-64.826075
4,96,05/14/15 04:00,-3.042118,-64.82599
4,96,05/14/15 10:00,-3.042054,-64.826121
4,96,05/14/15 16:00,-3.042039,-64.826114
4,96,05/14/15 22:00,-3.042013,-64.826087
3,96,05/15/15 04:01,-3.046494,-64.828578
3,96,05/15/15 10:01,-3.047241,-64.828067
3,96,05/15/15 16:01,-3.047118,-64.828013
3,96,05/15/15 22:00,-3.047105,-64.828113
3,96,05/16/15 04:00,-3.049282,-64.832846
4,96,05/16/15 16:00,-3.042038,-64.826124
4,96,05/16/15 22:00,-3.042038,-64.826074
3,96,05/17/15 04:00,-3.050981,-64.823945
3,96,05/17/15 10:01,-3.050979,-64.823959
3,96,05/17/15 16:01,-3.050976,-64.824093
3,96,05/17/15 22:00,-3.051029,-64.824079
3,96,05/18/15 04:01,-3.058534,-64.827984
3,96,05/18/15 10:02,-3.058236,-64.827548
3,96,05/18/15 16:00,-3.058253,-64.827365
3,96,05/18/15 22:00,-3.058233,-64.827572
3,96,05/19/15 04:00,-3.051863,-64.82687
3,96,05/19/15 10:02,-3.051792,-64.826853
3,96,05/19/15 16:00,-3.051864,-64.826888
3,96,05/19/15 22:00,-3.051948,-64.826929
3,96,05/20/15 04:00,-3.047023,-64.82806
4,96,05/20/15 10:01,-3.042027,-64.826082
4,96,05/20/15 16:01,-3.041989,-64.826012
4,96,05/20/15 22:01,-3.042033,-64.826058
4,96,05/21/15 04:01,-3.041503,-64.827927
4,96,05/21/15 10:01,-3.0414,-64.828119
4,96,05/21/15 16:00,-3.04142,-64.827998
4,96,05/21/15 22:00,-3.041489,-64.828085
4,96,05/22/15 04:00,-3.041479,-64.827925
4,96,05/22/15 10:00,-3.04152,-64.82811
4,96,05/22/15 22:00,-3.039003,-64.831105
3,96,05/23/15 04:00,-3.035866,-64.837542
3,96,05/23/15 16:01,-3.0393,-64.840163
3,96,05/23/15 22:00,-3.039406,-64.840793
3,96,05/24/15 04:00,-3.041593,-64.842985
4,96,05/24/15 10:00,-3.040178,-64.849218
4,96,05/24/15 16:01,-3.040215,-64.849142
4,96,05/24/15 22:01,-3.038961,-64.851429
4,96,05/25/15 04:01,-3.037288,-64.85009
4,96,05/25/15 10:00,-3.037513,-64.850235
4,96,05/25/15 16:00,-3.037522,-64.850195
4,96,05/25/15 22:01,-3.037584,-64.850193
4,96,05/26/15 04:02,-3.035486,-64.834179
4,96,05/26/15 16:00,-3.039038,-64.851484
4,96,05/26/15 22:00,-3.039055,-64.851492
4,96,05/27/15 04:00,-3.039117,-64.851385
4,96,05/27/15 10:00,-3.039007,-64.851413
4,96,05/27/15 16:00,-3.039034,-64.851442
4,96,05/27/15 22:01,-3.039117,-64.851321
4,96,05/28/15 04:00,-3.03922,-64.851594
4,96,05/28/15 10:01,-3.036654,-64.851056
4,96,05/28/15 16:00,-3.036685,-64.851058
4,96,05/28/15 22:00,-3.036659,-64.851028
4,96,05/29/15 04:01,-3.036759,-64.85121
4,96,05/29/15 10:00,-3.035257,-64.83429
4,96,05/29/15 16:01,-3.035308,-64.834227
4,96,05/30/15 04:01,-3.036592,-64.851087
4,96,05/30/15 10:00,-3.036682,-64.851002
4,96,05/30/15 16:01,-3.029216,-64.845598
4,96,05/30/15 22:00,-3.033552,-64.834855
4,96,05/31/15 04:01,-3.033224,-64.834869
4,96,05/31/15 10:00,-3.03355,-64.835054
3,96,05/31/15 16:01,-3.035827,-64.837602
3,96,05/31/15 22:00,-3.035936,-64.837495
3,96,06/01/15 04:00,-3.035882,-64.83822
3,96,06/01/15 16:02,-3.035858,-64.838189
3,96,06/01/15 22:00,-3.035823,-64.838252
4,96,06/02/15 04:01,-3.038288,-64.833925
4,96,06/02/15 10:00,-3.038259,-64.833818
4,96,06/02/15 16:01,-3.038278,-64.833793
4,96,06/02/15 22:01,-3.038139,-64.83384
4,96,06/03/15 04:00,-3.033259,-64.834839
4,96,06/03/15 10:01,-3.033317,-64.834997
4,96,06/03/15 16:01,-3.03349,-64.834992
3,96,06/03/15 22:00,-3.035875,-64.837456
3,96,06/04/15 04:01,-3.038261,-64.840033
3,96,06/04/15 10:00,-3.038189,-64.840005
3,96,06/04/15 16:01,-3.039299,-64.840137
3,96,06/04/15 22:00,-3.039338,-64.840025
3,96,06/05/15 04:01,-3.039354,-64.840012
3,96,06/05/15 10:01,-3.039264,-64.839981
3,96,06/05/15 16:01,-3.039331,-64.840152
3,96,06/05/15 22:01,-3.03931,-64.840121
4,96,06/06/15 04:00,-3.035279,-64.833581
4,96,06/06/15 10:01,-3.035384,-64.826652
4,96,06/06/15 16:01,-3.035408,-64.826691
4,96,06/06/15 22:00,-3.035241,-64.826861
4,96,06/07/15 04:00,-3.039401,-64.829914
4,96,06/07/15 10:00,-3.036511,-64.829665
3,96,06/07/15 22:01,-3.035603,-64.837462
4,96,06/08/15 04:00,-3.028917,-64.828991
4,96,06/08/15 10:02,-3.028895,-64.829004
4,96,06/08/15 22:00,-3.032755,-64.822171
4,96,06/09/15 04:01,-3.032759,-64.822222
4,96,06/09/15 10:00,-3.032697,-64.82232
4,96,06/09/15 16:00,-3.032824,-64.822141
4,96,06/09/15 22:00,-3.032817,-64.822333
4,96,06/10/15 04:02,-3.036788,-64.8189
4,96,06/10/15 10:02,-3.035312,-64.826725
4,96,06/10/15 16:00,-3.035379,-64.826718
4,96,06/10/15 22:01,-3.035528,-64.826553
4,96,06/11/15 04:00,-3.035428,-64.826695
4,96,06/11/15 10:00,-3.03541,-64.82667
4,96,06/11/15 16:00,-3.035409,-64.826726
4,96,06/11/15 22:00,-3.041206,-64.826597
3,96,06/12/15 10:00,-3.035841,-64.838231
3,96,06/12/15 16:00,-3.035769,-64.838222
3,96,06/12/15 22:00,-3.035832,-64.838285
3,96,06/13/15 04:00,-3.035843,-64.838282
3,96,06/13/15 10:00,-3.035848,-64.838193
3,96,06/13/15 16:02,-3.035909,-64.838222
3,96,06/13/15 22:00,-3.035928,-64.838248
3,96,06/14/15 04:01,-3.035835,-64.837358
3,96,06/14/15 10:01,-3.03573,-64.837317
3,96,06/14/15 16:01,-3.03565,-64.83739
3,96,06/14/15 22:00,-3.035627,-64.837383
3,96,06/15/15 04:00,-3.035742,-64.837509
3,96,06/15/15 10:02,-3.049311,-64.834622
3,96,06/15/15 16:01,-3.048617,-64.834592
3,96,06/15/15 22:00,-3.048736,-64.834591
3,96,06/16/15 04:03,-3.050064,-64.838971
3,96,06/16/15 10:00,-3.050116,-64.839146
3,96,06/16/15 16:02,-3.05002,-64.839026
3,96,06/16/15 22:00,-3.050081,-64.83924
3,96,06/17/15 04:01,-3.050081,-64.839026
3,96,06/17/15 10:00,-3.050013,-64.838572
3,96,06/17/15 22:00,-3.050166,-64.839082
3,96,06/18/15 04:01,-3.049973,-64.839045
3,96,06/18/15 16:00,-3.050085,-64.839087
3,96,06/18/15 22:00,-3.05007,-64.839058
3,96,06/19/15 04:00,-3.050075,-64.839038
3,96,06/19/15 10:00,-3.050067,-64.839043
3,96,06/19/15 16:00,-3.050102,-64.839058
3,96,06/19/15 22:00,-3.050158,-64.838977
3,96,06/20/15 04:00,-3.049067,-64.839532
3,96,06/20/15 16:00,-3.04448,-64.839815
3,96,06/20/15 22:00,-3.044386,-64.83981
3,96,06/21/15 04:00,-3.044414,-64.839853
4,96,06/21/15 10:00,-3.046274,-64.84463
4,96,06/21/15 16:00,-3.046363,-64.844579
4,96,06/21/15 22:00,-3.046258,-64.844623
4,96,06/22/15 04:00,-3.046391,-64.844591
4,96,06/22/15 10:02,-3.049167,-64.845859
4,96,06/22/15 16:00,-3.049121,-64.845937
4,96,06/22/15 22:01,-3.049216,-64.845699
4,96,06/23/15 04:00,-3.048997,-64.84582
4,96,06/23/15 10:00,-3.049828,-64.846487
4,96,06/23/15 16:01,-3.050039,-64.846439
4,96,06/23/15 22:00,-3.049939,-64.846384
4,96,06/24/15 04:01,-3.049628,-64.847025
4,96,06/24/15 10:00,-3.044028,-64.849268
4,96,06/24/15 16:00,-3.037681,-64.850225
4,96,06/24/15 22:00,-3.037551,-64.850197
4,96,06/25/15 04:00,-3.03753,-64.850176
4,96,06/25/15 10:00,-3.037507,-64.850213
4,96,06/25/15 16:00,-3.037537,-64.850269
4,96,06/25/15 22:00,-3.03758,-64.850292
4,96,06/26/15 04:02,-3.037799,-64.851166
4,96,06/26/15 10:01,-3.0323,-64.851151
4,96,06/26/15 16:01,-3.032267,-64.851124
4,96,06/26/15 22:01,-3.032654,-64.850376
4,96,06/27/15 04:02,-3.030622,-64.85138
4,96,06/27/15 10:00,-3.028993,-64.851321
4,96,06/27/15 16:01,-3.029126,-64.851364
4,96,06/27/15 22:01,-3.029135,-64.851193
4,96,06/28/15 04:00,-3.026452,-64.852111
4,96,06/28/15 10:01,-3.025786,-64.852993
4,96,06/28/15 16:01,-3.025819,-64.853045
4,96,06/28/15 22:00,-3.025894,-64.852901
4,96,06/29/15 10:00,-3.027947,-64.853376
4,96,06/29/15 16:00,-3.028001,-64.853483
4,96,06/29/15 22:00,-3.027981,-64.85344
4,96,06/30/15 04:01,-3.028156,-64.856472
4,96,06/30/15 10:01,-3.028531,-64.857202
4,96,06/30/15 16:00,-3.028296,-64.856696
4,96,06/30/15 22:00,-3.028247,-64.856553
4,96,07/01/15 04:01,-3.028065,-64.856275
4,96,07/01/15 10:01,-3.026424,-64.856819
4,96,07/01/15 16:00,-3.026576,-64.856865
4,96,07/01/15 22:01,-3.026547,-64.856759
4,96,07/02/15 04:01,-3.02642,-64.856856
4,96,07/02/15 10:00,-3.026546,-64.856697
4,96,07/02/15 16:00,-3.028006,-64.853228
4,96,07/02/15 22:00,-3.027932,-64.853405
4,96,07/03/15 04:01,-3.028153,-64.853854
4,96,07/03/15 10:01,-3.027894,-64.853436
4,96,07/03/15 16:00,-3.027946,-64.853471
4,96,07/03/15 22:00,-3.027989,-64.853366
4,96,07/04/15 04:01,-3.021964,-64.853232
4,96,07/04/15 10:01,-3.016753,-64.84907
4,96,07/04/15 16:01,-3.016683,-64.849024
4,96,07/04/15 22:00,-3.016606,-64.849115
4,96,07/05/15 04:00,-3.012811,-64.848141
4,96,07/05/15 10:00,-3.01278,-64.848216
4,96,07/05/15 16:00,-3.012782,-64.848196
4,96,07/05/15 22:01,-3.008359,-64.844681
4,96,07/06/15 04:00,-3.006817,-64.843135
4,96,07/06/15 10:00,-3.006827,-64.843288
4,96,07/06/15 16:00,-3.003503,-64.846457
4,96,07/06/15 22:00,-3.003698,-64.84665
5,96,07/07/15 10:00,-2.991969,-64.841564
5,96,07/07/15 16:02,-2.992141,-64.841475
5,96,07/08/15 04:00,-2.972927,-64.827645
5,96,07/08/15 10:02,-2.973825,-64.828584
5,96,07/08/15 22:01,-2.974565,-64.827984
5,96,07/09/15 04:02,-2.982221,-64.832614
5,96,07/09/15 16:00,-2.985449,-64.837466
5,96,07/09/15 22:02,-2.9851,-64.837296
5,96,07/10/15 04:01,-2.985086,-64.837234
5,96,07/10/15 10:01,-2.985015,-64.837258
5,96,07/10/15 16:02,-2.984216,-64.836484
5,96,07/10/15 22:02,-2.984184,-64.83659
5,96,07/11/15 10:02,-2.981421,-64.836452
5,96,07/12/15 04:02,-2.980334,-64.837583
5,96,07/12/15 10:02,-2.98021,-64.837546
5,96,07/12/15 16:01,-2.979457,-64.836896
5,96,07/13/15 04:01,-2.96677,-64.832355
5,96,07/13/15 10:01,-2.95917,-64.829429
5,96,07/13/15 16:00,-2.958728,-64.829803
5,96,07/14/15 04:01,-2.955567,-64.821343
5,96,07/14/15 10:00,-2.955416,-64.821387
5,96,07/14/15 16:01,-2.959659,-64.816809
5,96,07/14/15 22:01,-2.969706,-64.816943
5,96,07/15/15 04:00,-2.970531,-64.816812
5,96,07/15/15 10:01,-2.961932,-64.819116
5,96,07/15/15 16:00,-2.960253,-64.819007
5,96,07/16/15 04:00,-2.958974,-64.819039
5,96,07/16/15 10:01,-2.953273,-64.819789
5,96,07/16/15 22:01,-2.937454,-64.828413
5,96,07/17/15 04:01,-2.941629,-64.825088
5,96,07/17/15 10:01,-2.941527,-64.824946
5,96,07/17/15 16:01,-2.942955,-64.821806
5,96,07/17/15 22:02,-2.941483,-64.823479
5,96,07/18/15 04:00,-2.94151,-64.82337
5,96,07/18/15 10:01,-2.941473,-64.825013
5,96,07/18/15 22:01,-2.941528,-64.823139
5,96,07/19/15 04:00,-2.941454,-64.823334
2,97,10/21/14 16:16,-2.984805,-64.914479
4,97,10/21/14 17:16,-3.02978,-64.870706
4,97,10/21/14 22:03,-3.03021,-64.870105
4,97,10/22/14 04:02,-3.030381,-64.870019
4,97,10/22/14 10:00,-3.030982,-64.870019
4,97,10/22/14 22:01,-3.032012,-64.863667
4,97,10/23/14 10:02,-3.03184,-64.86341
4,97,10/23/14 16:00,-3.032012,-64.863753
5,97,10/31/14 10:00,-2.994418,-64.882722
5,97,10/31/14 16:00,-2.994418,-64.882722
5,97,10/31/14 22:00,-2.994418,-64.882722
5,97,11/01/14 04:00,-2.994332,-64.88255
5,97,11/01/14 10:00,-2.994332,-64.882636
5,97,11/01/14 16:00,-2.994246,-64.882722
3,97,11/09/14 22:01,-3.035274,-64.837918
4,97,11/10/14 04:00,-3.018365,-64.855514
5,97,11/10/14 16:00,-3.01785,-64.873023
5,97,11/11/14 04:02,-3.001542,-64.880576
5,97,11/11/14 10:00,-3.001542,-64.880748
5,97,11/11/14 16:00,-3.001285,-64.880919
5,97,11/26/14 10:00,-3.002315,-64.896111
5,97,11/26/14 16:00,-3.009353,-64.892678
4,97,11/27/14 04:01,-3.030124,-64.872766
4,97,11/27/14 10:00,-3.034244,-64.879546
4,97,11/27/14 16:01,-3.03493,-64.877143
4,97,11/28/14 04:00,-3.033214,-64.86547
5,97,11/30/14 10:01,-3.002057,-64.892507
5,97,11/30/14 16:01,-3.004117,-64.891992
5,97,11/30/14 22:02,-3.003774,-64.891648
5,97,12/01/14 04:01,-3.01064,-64.888215
5,97,12/01/14 10:00,-3.004117,-64.892077
5,97,12/01/14 16:01,-3.005147,-64.891562
5,97,12/03/14 22:00,-3.007121,-64.889588
5,97,12/07/14 16:01,-2.999911,-64.892249
5,97,12/07/14 22:02,-3.005404,-64.892592
2,97,02/10/15 16:01,-2.97399,-64.876885
2,97,02/10/15 22:03,-2.974162,-64.875855
2,97,02/11/15 04:02,-2.974763,-64.876027
2,97,02/11/15 10:02,-2.974505,-64.877572
2,97,02/11/15 16:01,-2.973905,-64.8768
5,97,02/11/15 22:01,-2.991757,-64.867787
2,97,04/21/15 16:01,-2.970386,-64.905982
2,97,04/21/15 22:01,-2.970729,-64.905725
2,97,04/22/15 04:02,-2.979827,-64.914222
2,97,04/22/15 10:01,-2.972274,-64.915423
2,97,04/22/15 16:00,-2.972274,-64.915423
2,97,04/22/15 22:00,-2.972188,-64.915338
2,97,05/02/15 04:00,-2.94395,-64.901261
2,97,05/02/15 10:01,-2.954335,-64.89594
2,97,05/02/15 16:00,-2.954936,-64.89491
2,97,05/02/15 22:00,-2.954936,-64.894996
2,97,05/03/15 04:00,-2.959914,-64.889245
2,97,05/03/15 10:00,-2.965665,-64.874053
2,97,05/03/15 16:00,-2.96515,-64.871478
5,97,05/19/15 16:00,-2.991672,-64.894052
5,97,05/19/15 22:00,-2.991672,-64.894052
5,97,05/20/15 04:01,-2.991328,-64.899459
2,97,05/20/15 10:00,-2.986093,-64.907956
2,97,05/20/15 16:00,-2.986178,-64.90787
2,97,05/20/15 22:00,-2.986093,-64.90787
2,97,05/21/15 04:01,-2.98223,-64.910617
2,97,05/23/15 10:00,-2.922406,-64.88976
2,97,05/23/15 16:00,-2.92232,-64.889674
2,97,05/23/15 22:00,-2.922492,-64.88976
2,97,05/24/15 10:01,-2.926183,-64.88255
2,97,05/24/15 16:00,-2.926097,-64.882636
2,97,05/24/15 22:00,-2.926183,-64.88255
2,97,05/25/15 04:00,-2.926097,-64.882636
5,97,05/28/15 22:00,-2.924981,-64.852853
2,97,06/04/15 10:00,-2.923865,-64.875598
2,97,06/04/15 16:00,-2.923865,-64.875684
2,97,06/04/15 22:00,-2.923865,-64.875598
2,97,06/05/15 10:00,-2.923179,-64.874568
2,97,06/05/15 16:01,-2.923694,-64.87371
2,97,06/05/15 22:00,-2.923608,-64.873881
2,97,06/06/15 04:01,-2.923779,-64.872079
2,97,06/06/15 10:01,-2.924037,-64.865813
2,97,06/06/15 16:00,-2.924123,-64.865899
2,97,06/06/15 22:00,-2.924123,-64.865813
2,97,06/07/15 04:00,-2.924123,-64.865813
2,97,06/07/15 10:00,-2.92335,-64.867702
2,97,06/07/15 16:01,-2.923865,-64.867616
2,97,06/07/15 22:00,-2.923694,-64.867702
2,97,06/08/15 04:01,-2.923694,-64.867787
2,97,06/08/15 16:00,-2.92541,-64.871821
2,97,06/08/15 22:00,-2.925324,-64.871736
2,97,06/09/15 04:00,-2.92541,-64.871821
2,97,06/09/15 10:00,-2.923522,-64.873881
2,97,06/09/15 16:01,-2.923779,-64.873881
2,97,06/09/15 22:00,-2.923694,-64.873881
2,97,06/10/15 04:01,-2.918286,-64.874396
2,97,06/10/15 10:00,-2.917342,-64.876113
2,97,06/10/15 16:00,-2.919488,-64.878173
2,97,06/10/15 22:01,-2.919831,-64.877915
2,97,06/11/15 04:00,-2.919745,-64.87783
2,97,06/11/15 10:00,-2.919831,-64.877915
2,97,06/11/15 16:00,-2.919745,-64.878087
2,97,06/11/15 22:00,-2.919316,-64.879804
2,97,06/18/15 22:00,-2.908072,-64.890018
2,97,06/19/15 04:00,-2.907987,-64.890103
2,97,06/19/15 10:01,-2.909532,-64.889073
2,97,06/19/15 16:00,-2.909703,-64.889245
2,97,06/19/15 22:00,-2.908244,-64.886413
2,97,06/20/15 04:00,-2.908158,-64.886413
2,97,06/20/15 10:00,-2.908244,-64.886584
2,97,06/20/15 16:00,-2.908244,-64.886584
2,97,06/20/15 22:00,-2.908244,-64.886584
2,97,06/21/15 04:00,-2.908587,-64.885554
2,97,06/21/15 10:01,-2.911334,-64.885898
2,97,06/21/15 16:00,-2.908244,-64.886498
2,97,06/21/15 22:00,-2.908244,-64.886498
2,97,06/22/15 04:00,-2.90833,-64.886498
2,97,06/22/15 10:00,-2.908244,-64.886498
2,97,06/22/15 16:00,-2.908244,-64.886498
2,97,06/22/15 22:00,-2.90833,-64.886413
2,97,06/23/15 04:00,-2.908845,-64.885812
2,97,06/23/15 10:00,-2.90833,-64.886584
2,97,06/23/15 16:00,-2.908502,-64.886498
2,97,06/23/15 22:00,-2.908072,-64.88667
2,97,06/24/15 04:00,-2.908845,-64.886069
2,97,06/24/15 10:01,-2.909789,-64.886413
2,97,06/24/15 16:00,-2.908416,-64.886498
2,97,06/24/15 22:00,-2.908158,-64.886413
2,97,06/25/15 04:00,-2.910733,-64.882379
2,97,06/25/15 10:00,-2.914166,-64.883151
2,97,06/25/15 16:00,-2.914081,-64.883237
2,97,06/25/15 22:00,-2.911935,-64.884953
2,97,06/26/15 04:00,-2.910562,-64.889159
2,97,06/26/15 10:00,-2.902236,-64.898772
2,97,06/26/15 16:00,-2.90215,-64.898772
2,97,06/26/15 22:00,-2.902236,-64.898858
2,97,06/27/15 04:00,-2.899489,-64.901261
2,97,06/27/15 10:00,-2.897687,-64.90315
2,97,06/27/15 16:00,-2.891679,-64.905295
2,97,06/29/15 16:00,-2.883267,-64.909759
2,97,06/29/15 22:00,-2.883353,-64.909673
2,97,06/30/15 04:01,-2.883267,-64.909673
2,97,06/30/15 10:00,-2.879748,-64.908643
2,97,06/30/15 16:00,-2.880092,-64.907441
2,97,06/30/15 22:01,-2.884812,-64.904523
2,97,07/01/15 04:00,-2.886014,-64.898171
2,97,07/05/15 10:00,-2.875886,-64.90684
2,97,07/05/15 16:00,-2.875886,-64.906754
2,97,07/05/15 22:00,-2.875886,-64.90684
2,97,07/06/15 04:00,-2.875886,-64.906754
2,97,07/06/15 10:01,-2.875886,-64.906754
2,97,07/06/15 16:00,-2.8758,-64.90684
2,97,07/06/15 22:00,-2.8758,-64.906583
2,97,07/08/15 16:01,-2.901378,-64.897742
2,97,07/08/15 22:00,-2.90112,-64.897141
2,97,07/09/15 04:00,-2.901292,-64.894481
2,97,07/09/15 10:00,-2.898374,-64.891906
2,97,07/09/15 16:01,-2.901292,-64.897313
2,97,07/09/15 22:00,-2.900519,-64.896798
2,97,07/10/15 04:02,-2.901807,-64.893966
2,97,07/10/15 10:00,-2.903867,-64.893193
2,97,07/10/15 16:01,-2.903867,-64.893279
2,97,07/10/15 22:00,-2.903867,-64.893193
2,97,07/11/15 04:00,-2.904983,-64.889245
2,97,07/11/15 10:00,-2.903781,-64.887614
2,97,07/11/15 16:00,-2.906785,-64.889159
2,97,07/11/15 22:00,-2.906871,-64.889073
2,97,07/12/15 04:00,-2.906785,-64.889159
2,97,07/12/15 10:00,-2.908072,-64.887013
2,97,07/12/15 16:01,-2.908244,-64.886413
2,97,07/12/15 22:00,-2.908244,-64.886498
2,97,07/13/15 04:00,-2.908416,-64.886498
2,97,07/13/15 10:00,-2.907557,-64.883151
2,97,07/13/15 16:00,-2.906785,-64.885468
2,97,07/13/15 22:00,-2.906785,-64.885383
2,97,07/19/15 16:00,-2.883782,-64.916368
2,97,07/23/15 10:00,-2.894769,-64.895768
2,97,07/23/15 16:00,-2.894769,-64.895682
2,97,07/23/15 22:00,-2.894769,-64.895682
2,97,07/24/15 10:00,-2.898374,-64.891992
2,97,07/24/15 16:01,-2.901978,-64.896626
2,97,07/24/15 22:00,-2.901292,-64.895682
2,97,07/25/15 04:00,-2.901635,-64.895768
2,97,07/27/15 10:00,-2.906785,-64.885297
2,97,07/27/15 16:00,-2.906785,-64.885468
2,97,07/27/15 22:01,-2.9073,-64.884095
2,97,07/29/15 22:00,-2.906785,-64.885383
2,97,07/30/15 04:00,-2.906871,-64.885383
2,97,07/30/15 16:01,-2.913823,-64.891391
2,97,07/30/15 22:00,-2.913995,-64.891219
2,97,07/31/15 04:00,-2.911077,-64.890189
2,97,07/31/15 10:01,-2.907987,-64.884696
2,97,08/05/15 10:00,-2.879663,-64.912505
2,97,08/05/15 16:03,-2.879148,-64.912248
2,97,08/05/15 22:00,-2.879491,-64.912505
2,97,08/06/15 04:01,-2.880864,-64.912162
2,97,08/06/15 10:01,-2.890906,-64.915681
2,97,08/06/15 16:01,-2.890649,-64.915509
2,97,08/08/15 16:00,-2.899232,-64.904523
2,97,08/08/15 22:00,-2.894683,-64.902291
2,97,08/15/15 16:00,-2.902837,-64.906068
2,97,08/15/15 22:00,-2.902837,-64.90624
2,97,08/16/15 04:00,-2.902837,-64.906154
2,97,08/16/15 10:00,-2.907987,-64.90375
2,97,08/16/15 16:02,-2.905841,-64.899459
2,97,08/16/15 22:01,-2.905154,-64.899545
7,97,08/26/15 10:02,-2.926955,-64.971728
7,97,08/26/15 16:01,-2.925839,-64.971213
7,97,08/26/15 22:02,-2.926011,-64.970784
7,97,08/27/15 04:00,-2.924981,-64.971385
7,97,08/27/15 10:01,-2.91923,-64.968553
7,97,08/27/15 16:01,-2.915711,-64.968123
7,97,09/04/15 10:03,-2.939572,-64.953704
7,97,09/04/15 16:00,-2.926183,-64.94761
7,97,09/04/15 22:00,-2.926097,-64.947782
7,97,09/05/15 10:02,-2.926097,-64.947782
7,97,09/05/15 16:00,-2.926097,-64.947867
7,97,09/05/15 22:01,-2.926097,-64.947867
7,97,09/06/15 04:01,-2.926183,-64.948039
7,97,09/06/15 10:00,-2.926183,-64.947953
7,97,09/06/15 16:02,-2.92541,-64.947009
7,97,09/06/15 22:00,-2.92541,-64.947009
7,97,09/07/15 04:00,-2.926526,-64.945722
7,97,09/07/15 10:03,-2.927556,-64.943919
2,97,09/12/15 16:02,-2.933822,-64.871478
2,97,09/13/15 04:01,-2.933393,-64.905381
2,97,09/13/15 10:01,-2.933993,-64.905896
2,97,09/13/15 16:00,-2.936997,-64.913192
2,97,09/13/15 22:01,-2.936912,-64.913106
7,97,09/17/15 16:00,-2.937169,-64.931302
7,97,09/17/15 22:02,-2.937427,-64.93113
7,97,09/19/15 04:00,-2.927728,-64.9507
7,97,09/19/15 10:01,-2.928243,-64.949327
7,97,09/19/15 22:00,-2.94704,-64.957051
7,97,09/20/15 04:02,-2.932363,-64.965634
7,97,09/20/15 10:00,-2.929959,-64.963489
7,97,09/20/15 16:00,-2.941804,-64.950442
7,97,09/21/15 04:03,-2.962575,-64.943919
7,97,09/21/15 10:02,-2.960429,-64.945378
7,97,09/21/15 16:01,-2.960172,-64.945378
7,97,09/22/15 04:02,-2.960944,-64.945292
7,97,09/22/15 10:01,-2.954249,-64.941516
7,97,09/22/15 22:00,-2.947383,-64.941773
7,97,09/24/15 22:01,-2.954936,-64.9301
7,97,09/25/15 04:03,-2.953219,-64.935079
7,97,09/25/15 22:01,-2.953477,-64.929671
7,97,09/29/15 16:00,-2.947726,-64.939198
7,97,09/29/15 22:01,-2.946181,-64.941173
7,97,09/30/15 04:00,-2.962403,-64.942803
7,97,09/30/15 16:00,-2.955194,-64.946837
7,97,09/30/15 22:01,-2.955022,-64.946923
7,97,10/01/15 04:01,-2.946525,-64.935679
7,97,10/01/15 10:01,-2.934937,-64.930701
2,97,10/01/15 16:00,-2.936225,-64.925551
2,97,10/01/15 22:00,-2.936654,-64.92641
2,97,10/02/15 04:00,-2.937512,-64.926152
2,97,10/02/15 10:01,-2.937427,-64.925981
2,97,10/02/15 16:02,-2.937427,-64.926324
2,97,10/02/15 22:01,-2.937598,-64.925551
2,97,10/03/15 04:01,-2.943778,-64.927182
2,97,10/03/15 10:00,-2.943692,-64.927182
7,97,10/03/15 16:00,-2.943435,-64.937396
7,97,10/03/15 22:01,-2.94292,-64.938941
7,97,10/06/15 16:00,-2.921119,-64.96778
7,97,10/07/15 10:02,-2.926869,-64.951386
7,97,10/07/15 16:03,-2.93777,-64.944606
7,97,10/07/15 22:02,-2.943864,-64.954906
7,97,10/08/15 22:01,-2.942147,-64.957309
7,97,10/09/15 04:02,-2.952704,-64.946494
7,97,10/11/15 04:03,-2.939487,-64.937053
7,97,10/11/15 10:02,-2.939916,-64.937568
7,97,10/11/15 22:02,-2.939916,-64.938083
7,97,10/12/15 04:00,-2.946868,-64.934134
7,97,10/12/15 10:03,-2.94704,-64.934306
7,97,10/12/15 16:00,-2.95013,-64.931817
7,97,10/22/15 10:01,-2.958283,-64.943662
7,97,10/22/15 16:01,-2.96206,-64.946237
7,97,10/22/15 22:02,-2.96206,-64.946237
7,97,10/23/15 10:00,-2.959571,-64.95585
7,97,10/23/15 16:02,-2.959399,-64.955935
7,97,10/23/15 22:00,-2.956052,-64.956021
7,97,10/24/15 04:01,-2.957253,-64.953532
7,97,10/27/15 22:00,-2.961202,-64.950185
7,97,10/28/15 10:01,-2.952704,-64.936881
7,97,10/28/15 22:02,-2.951417,-64.931302
7,97,10/29/15 10:00,-2.938199,-64.932246
7,97,10/29/15 16:01,-2.938199,-64.932246
7,97,10/29/15 22:00,-2.938027,-64.932332
7,97,10/30/15 04:02,-2.940259,-64.938083
7,97,10/30/15 10:02,-2.940516,-64.938083
7,97,10/30/15 16:01,-2.939916,-64.937997
7,97,10/31/15 10:00,-2.940602,-64.938083
7,97,10/31/15 16:02,-2.940345,-64.938083
7,97,11/01/15 04:00,-2.940602,-64.938083
7,97,11/01/15 10:01,-2.940774,-64.937997
7,97,11/01/15 22:02,-2.940688,-64.937997
2,97,11/07/15 22:00,-2.970729,-64.920487
2,97,11/08/15 04:03,-2.969699,-64.908299
7,97,11/08/15 10:00,-2.946181,-64.935164
7,97,11/08/15 16:00,-2.944293,-64.940658
4,98,12/11/14 13:01,-3.054789,-64.85651
4,98,12/11/14 18:00,-3.054621,-64.856474
4,98,12/13/14 10:01,-3.054712,-64.856501
3,98,12/14/14 01:01,-3.098325,-64.848559
3,98,12/14/14 06:01,-3.095733,-64.839915
3,98,12/14/14 11:02,-3.095384,-64.840445
3,98,12/16/14 03:02,-3.087384,-64.863942
3,98,12/16/14 13:01,-3.094704,-64.854758
3,98,12/18/14 10:01,-3.096707,-64.854421
3,98,12/18/14 20:02,-3.101138,-64.841983
3,98,12/19/14 01:00,-3.102381,-64.839652
3,98,12/19/14 11:01,-3.100862,-64.840162
3,98,12/20/14 02:02,-3.105252,-64.833299
3,98,12/20/14 07:01,-3.10636,-64.83207
3,98,12/20/14 12:01,-3.105902,-64.832314
3,98,12/20/14 17:00,-3.105024,-64.83227
3,98,12/21/14 03:01,-3.101071,-64.843204
3,98,12/21/14 08:01,-3.100081,-64.84466
3,98,12/21/14 13:01,-3.09975,-64.845559
3,98,12/21/14 18:01,-3.098878,-64.846762
3,98,12/21/14 23:02,-3.098939,-64.847084
4,98,12/25/14 07:03,-3.055036,-64.856586
4,98,12/25/14 22:01,-3.054835,-64.856596
4,98,12/26/14 08:01,-3.056365,-64.857171
4,98,12/27/14 09:01,-3.056179,-64.856591
4,98,12/27/14 14:01,-3.055907,-64.856961
3,98,12/28/14 00:02,-3.071733,-64.852301
4,98,12/28/14 05:01,-3.055978,-64.856728
4,98,12/28/14 10:00,-3.056002,-64.856695
4,98,12/28/14 15:01,-3.055849,-64.856651
4,98,12/28/14 20:02,-3.055766,-64.856173
4,98,12/29/14 06:01,-3.057444,-64.852054
4,98,12/30/14 02:02,-3.055742,-64.856036
4,98,12/30/14 07:01,-3.055499,-64.855875
4,98,12/30/14 17:01,-3.055772,-64.856034
4,98,12/30/14 22:02,-3.059191,-64.856102
4,98,12/31/14 13:01,-3.060257,-64.854048
4,98,12/31/14 18:02,-3.059363,-64.856161
4,98,01/01/15 09:01,-3.059081,-64.855902
4,98,01/01/15 14:02,-3.059156,-64.855962
4,98,01/01/15 19:02,-3.059254,-64.855827
4,98,01/02/15 00:02,-3.059014,-64.855943
3,98,01/02/15 10:01,-3.065959,-64.844892
4,98,01/03/15 16:02,-3.059538,-64.855763
3,98,01/04/15 07:01,-3.064897,-64.84504
4,98,01/04/15 12:02,-3.059037,-64.855917
4,98,01/05/15 03:01,-3.059082,-64.856136
4,98,01/05/15 08:02,-3.059043,-64.855914
4,98,01/05/15 13:01,-3.059268,-64.855997
4,98,01/05/15 18:02,-3.061877,-64.855337
3,98,01/07/15 05:01,-3.073604,-64.851727
3,98,01/07/15 15:02,-3.073574,-64.851712
3,98,01/08/15 11:01,-3.07751,-64.841771
3,98,01/08/15 16:02,-3.073627,-64.851646
4,98,01/09/15 02:02,-3.06732,-64.86736
4,98,01/09/15 07:01,-3.078066,-64.866097
3,98,01/10/15 13:02,-3.073542,-64.851726
3,98,01/10/15 18:02,-3.079336,-64.834206
3,98,01/10/15 23:02,-3.079384,-64.834066
3,98,01/12/15 00:02,-3.073828,-64.850478
3,98,01/12/15 10:01,-3.074225,-64.850499
3,98,01/13/15 01:01,-3.073979,-64.85069
3,98,01/13/15 06:01,-3.074321,-64.850874
3,98,01/13/15 11:00,-3.073932,-64.851548
3,98,01/14/15 07:01,-3.073904,-64.850671
3,98,01/15/15 08:01,-3.081644,-64.83363
3,98,01/15/15 13:01,-3.081558,-64.833389
3,98,01/15/15 18:01,-3.08946,-64.846597
3,98,01/16/15 04:01,-3.089484,-64.846603
3,98,01/16/15 09:02,-3.08948,-64.846714
3,98,01/16/15 14:02,-3.091955,-64.847171
3,98,01/17/15 15:01,-3.089391,-64.846533
3,98,01/18/15 01:01,-3.07899,-64.819099
3,98,01/18/15 06:01,-3.082812,-64.823809
3,98,01/18/15 11:01,-3.08267,-64.82366
3,98,01/19/15 02:01,-3.089333,-64.846561
3,98,01/19/15 07:00,-3.089512,-64.846609
3,98,01/19/15 17:01,-3.091358,-64.844373
3,98,01/20/15 08:01,-3.094145,-64.841272
3,98,01/20/15 13:02,-3.093801,-64.841333
3,98,01/20/15 23:02,-3.093805,-64.841141
3,98,01/22/15 10:02,-3.093734,-64.841153
3,98,01/23/15 01:01,-3.093709,-64.842744
3,98,01/23/15 11:01,-3.093736,-64.84297
3,98,01/23/15 16:01,-3.093724,-64.842779
3,98,01/23/15 21:02,-3.093874,-64.842947
3,98,01/24/15 02:01,-3.082256,-64.83232
3,98,01/24/15 07:01,-3.082186,-64.832183
3,98,01/24/15 22:01,-3.093111,-64.842536
3,98,01/25/15 03:02,-3.090122,-64.837684
3,98,01/25/15 08:00,-3.091979,-64.840301
3,98,01/25/15 18:00,-3.092014,-64.840297
3,98,01/25/15 23:01,-3.091907,-64.840321
3,98,01/26/15 09:00,-3.092454,-64.841045
3,98,01/26/15 19:01,-3.096124,-64.839421
3,98,01/27/15 00:01,-3.096132,-64.839083
3,98,01/27/15 05:01,-3.096188,-64.839319
3,98,01/27/15 20:01,-3.096185,-64.839199
3,98,01/28/15 01:01,-3.102921,-64.843161
3,98,01/28/15 06:01,-3.096555,-64.839482
3,98,01/28/15 21:01,-3.096192,-64.839302
3,98,01/29/15 07:00,-3.096238,-64.839269
3,98,01/29/15 12:00,-3.096318,-64.839279
3,98,01/29/15 22:02,-3.103889,-64.822076
3,98,01/30/15 03:00,-3.096093,-64.839245
3,98,01/30/15 23:00,-3.096173,-64.839263
3,98,01/31/15 09:00,-3.096115,-64.839136
3,98,02/01/15 00:01,-3.096306,-64.839119
3,98,02/01/15 05:01,-3.096185,-64.839195
3,98,02/01/15 15:00,-3.096236,-64.839319
3,98,02/02/15 01:02,-3.096177,-64.839035
3,98,02/02/15 06:01,-3.096003,-64.839224
3,98,02/02/15 16:00,-3.0963,-64.839217
3,98,02/02/15 21:01,-3.096749,-64.845129
3,98,02/03/15 02:01,-3.09771,-64.859076
3,98,02/03/15 12:02,-3.096565,-64.858357
3,98,02/03/15 17:01,-3.099238,-64.856211
3,98,02/03/15 22:01,-3.096792,-64.845056
3,98,02/04/15 03:00,-3.096782,-64.844976
3,98,02/04/15 08:01,-3.097407,-64.845491
3,98,02/04/15 13:01,-3.099436,-64.852676
3,98,02/04/15 23:03,-3.104409,-64.841536
3,98,02/05/15 09:01,-3.104299,-64.84185
3,98,02/05/15 14:01,-3.10432,-64.842137
3,98,02/05/15 19:01,-3.104584,-64.84222
3,98,02/06/15 05:01,-3.104345,-64.842266
3,98,02/06/15 10:01,-3.104659,-64.842309
3,98,02/06/15 15:00,-3.104378,-64.842008
3,98,02/06/15 20:01,-3.104337,-64.842144
3,98,02/07/15 01:01,-3.105203,-64.84374
3,98,02/07/15 06:02,-3.105009,-64.843889
3,98,02/07/15 16:00,-3.104748,-64.842269
3,98,02/07/15 21:00,-3.104445,-64.842163
3,98,02/08/15 02:01,-3.10454,-64.842194
3,98,02/08/15 07:00,-3.10482,-64.842375
3,98,02/08/15 12:01,-3.104495,-64.841965
3,98,02/09/15 03:01,-3.103155,-64.848831
3,98,02/09/15 08:01,-3.102852,-64.848698
3,98,02/09/15 13:00,-3.102991,-64.84879
3,98,02/10/15 04:01,-3.102904,-64.84867
3,98,02/10/15 14:01,-3.102804,-64.848786
3,98,02/10/15 19:01,-3.103021,-64.848475
3,98,02/11/15 00:02,-3.103575,-64.846179
3,98,02/11/15 05:00,-3.103473,-64.846332
3,98,02/11/15 10:01,-3.103448,-64.846437
3,98,02/11/15 15:00,-3.103355,-64.846403
3,98,02/12/15 01:01,-3.104668,-64.845084
3,98,02/12/15 06:02,-3.103511,-64.846069
3,98,02/12/15 11:00,-3.103867,-64.84647
3,98,02/12/15 21:01,-3.104946,-64.837267
3,98,02/13/15 02:02,-3.103972,-64.846794
3,98,02/13/15 12:00,-3.103987,-64.846626
3,98,02/13/15 17:00,-3.10395,-64.846623
3,98,02/13/15 22:02,-3.107428,-64.832688
3,98,02/14/15 13:01,-3.11394,-64.80866
3,98,02/14/15 23:00,-3.104281,-64.84667
3,98,02/15/15 04:00,-3.104352,-64.8467
3,98,02/15/15 09:00,-3.103996,-64.846697
3,98,02/15/15 19:00,-3.104035,-64.846751
3,98,02/16/15 05:00,-3.104058,-64.846735
3,98,02/16/15 10:00,-3.103995,-64.846724
3,98,02/16/15 15:01,-3.1041,-64.846903
3,98,02/16/15 20:01,-3.104184,-64.846777
3,98,02/18/15 02:03,-3.100449,-64.845808
3,98,02/18/15 17:01,-3.100349,-64.845873
3,98,02/18/15 22:02,-3.1003,-64.845858
3,98,02/19/15 03:00,-3.102037,-64.846641
3,98,02/19/15 08:01,-3.101766,-64.847417
3,98,02/19/15 13:02,-3.101914,-64.846641
3,98,02/19/15 23:01,-3.102151,-64.846786
3,98,02/20/15 04:00,-3.102192,-64.84661
3,98,02/20/15 09:00,-3.083691,-64.84801
3,98,02/21/15 00:02,-3.094908,-64.859105
3,98,02/21/15 05:01,-3.094521,-64.860784
3,98,02/21/15 10:02,-3.09048,-64.871981
3,98,02/21/15 15:01,-3.085202,-64.866235
3,98,02/22/15 06:01,-3.102164,-64.846988
3,98,02/22/15 11:00,-3.102049,-64.846774
3,98,02/23/15 07:01,-3.095565,-64.838347
3,98,02/23/15 12:02,-3.095464,-64.834353
3,98,02/23/15 17:01,-3.095368,-64.834277
3,98,02/24/15 08:00,-3.100181,-64.837725
3,98,02/24/15 18:01,-3.096607,-64.834446
3,98,02/24/15 23:01,-3.096565,-64.834423
3,98,02/25/15 04:01,-3.096683,-64.8343
3,98,02/25/15 09:01,-3.096614,-64.834731
3,98,02/26/15 00:01,-3.09641,-64.834458
3,98,02/26/15 05:01,-3.097412,-64.838436
3,98,02/26/15 10:02,-3.097147,-64.838698
3,98,02/26/15 15:02,-3.096425,-64.838953
3,98,02/26/15 20:01,-3.096554,-64.839086
3,98,02/27/15 16:02,-3.096651,-64.839038
3,98,02/27/15 21:01,-3.096506,-64.839045
3,98,02/28/15 12:01,-3.096633,-64.838979
3,98,02/28/15 17:01,-3.094741,-64.839559
3,98,02/28/15 22:01,-3.091792,-64.818074
3,98,03/01/15 08:02,-3.098482,-64.828484
3,98,03/01/15 18:01,-3.094878,-64.839636
3,98,03/01/15 23:01,-3.094797,-64.839503
3,98,03/02/15 09:01,-3.094957,-64.839755
3,98,03/02/15 19:01,-3.094925,-64.839594
3,98,03/03/15 10:02,-3.091365,-64.828356
3,98,03/03/15 15:02,-3.093928,-64.842317
3,98,03/04/15 06:01,-3.093661,-64.842285
3,98,03/04/15 11:02,-3.093946,-64.841594
3,98,03/04/15 21:02,-3.076002,-64.83608
3,98,03/05/15 07:01,-3.081232,-64.841651
3,98,03/05/15 12:02,-3.093342,-64.842131
3,98,03/05/15 17:00,-3.093429,-64.841229
3,98,03/06/15 23:01,-3.090859,-64.82491
3,98,03/07/15 09:02,-3.084929,-64.82347
3,98,03/07/15 14:02,-3.08082,-64.818629
3,98,03/07/15 19:01,-3.079308,-64.822315
3,98,03/08/15 05:01,-3.085072,-64.82399
3,98,03/08/15 20:01,-3.099865,-64.811017
3,98,03/09/15 01:01,-3.085022,-64.823272
3,98,03/10/15 07:01,-3.079247,-64.839815
3,98,03/10/15 12:02,-3.078867,-64.839935
3,98,03/10/15 17:02,-3.084409,-64.823908
3,98,03/10/15 22:01,-3.084434,-64.823955
3,98,03/11/15 03:01,-3.084512,-64.823775
3,98,03/12/15 04:01,-3.084525,-64.823534
3,98,03/12/15 09:01,-3.084311,-64.823634
3,98,03/12/15 19:01,-3.075955,-64.822029
3,98,03/13/15 05:01,-3.085353,-64.821953
3,98,03/13/15 10:01,-3.085989,-64.821925
3,98,03/13/15 15:01,-3.085413,-64.821889
3,98,03/13/15 20:01,-3.086136,-64.821833
3,98,03/14/15 06:01,-3.086154,-64.823018
3,98,03/16/15 08:01,-3.104785,-64.822896
3,98,03/16/15 13:01,-3.104429,-64.824154
3,98,03/17/15 04:01,-3.092017,-64.85486
3,98,03/17/15 09:01,-3.093723,-64.858408
3,98,03/17/15 14:02,-3.093758,-64.858242
3,98,03/17/15 19:01,-3.092124,-64.859354
3,98,03/18/15 10:03,-3.092771,-64.859254
3,98,03/19/15 01:01,-3.08818,-64.860542
3,98,03/19/15 06:01,-3.086806,-64.86144
3,98,03/19/15 11:00,-3.08687,-64.861734
3,98,03/19/15 21:01,-3.08801,-64.861157
3,98,03/20/15 02:01,-3.090892,-64.857804
3,98,03/20/15 07:02,-3.090672,-64.857831
3,98,03/20/15 17:01,-3.090842,-64.857738
3,98,03/20/15 22:01,-3.095683,-64.864436
3,98,03/23/15 05:02,-3.09442,-64.854597
3,98,03/23/15 20:00,-3.096302,-64.85292
3,98,03/24/15 01:01,-3.093575,-64.865217
3,98,03/24/15 06:01,-3.09456,-64.855225
3,98,03/24/15 11:01,-3.094226,-64.855596
3,98,03/24/15 21:01,-3.092644,-64.85439
3,98,03/25/15 07:01,-3.09485,-64.854258
3,98,03/25/15 22:01,-3.09307,-64.845166
3,98,03/26/15 18:01,-3.092972,-64.845416
3,98,03/27/15 04:01,-3.093185,-64.845384
3,98,03/27/15 09:01,-3.092923,-64.845411
3,98,03/27/15 19:01,-3.093082,-64.845186
3,98,03/28/15 15:01,-3.096482,-64.840689
3,98,03/28/15 20:02,-3.096889,-64.840274
3,98,03/29/15 11:01,-3.088041,-64.846936
3,98,03/30/15 02:02,-3.090748,-64.846525
3,98,03/30/15 12:01,-3.090481,-64.846557
3,98,03/30/15 17:01,-3.090577,-64.84651
3,98,03/31/15 03:01,-3.088032,-64.847811
3,98,03/31/15 08:01,-3.08993,-64.847946
3,98,03/31/15 13:01,-3.090774,-64.846597
3,98,03/31/15 18:01,-3.090866,-64.846634
3,98,03/31/15 23:01,-3.090725,-64.8464
3,98,04/01/15 04:01,-3.091006,-64.846739
3,98,04/01/15 19:01,-3.091441,-64.850762
3,98,04/02/15 10:01,-3.094864,-64.860118
3,98,04/03/15 06:01,-3.089347,-64.858067
3,98,04/03/15 11:01,-3.089443,-64.857402
3,98,04/03/15 16:01,-3.089584,-64.857289
3,98,04/04/15 07:01,-3.090419,-64.854618
3,98,04/04/15 17:01,-3.09111,-64.85922
3,98,04/05/15 03:01,-3.095664,-64.852187
3,98,04/05/15 08:02,-3.095611,-64.852522
3,98,04/05/15 13:01,-3.095768,-64.852285
3,98,04/05/15 18:01,-3.095457,-64.852344
3,98,04/05/15 23:01,-3.095486,-64.852513
3,98,04/06/15 04:01,-3.094696,-64.848775
3,98,04/06/15 09:00,-3.094522,-64.848238
3,98,04/06/15 19:02,-3.094525,-64.848528
3,98,04/07/15 00:02,-3.094785,-64.848096
3,98,04/07/15 05:01,-3.099595,-64.841518
3,98,04/07/15 20:02,-3.099575,-64.841394
3,98,04/08/15 01:01,-3.099537,-64.841445
3,98,04/08/15 06:01,-3.101738,-64.831209
3,98,04/08/15 11:01,-3.102217,-64.832589
3,98,04/08/15 21:01,-3.096833,-64.83749
3,98,04/10/15 03:02,-3.109999,-64.809044
3,98,04/10/15 18:01,-3.109867,-64.806565
3,98,04/10/15 23:01,-3.109663,-64.808611
3,98,04/11/15 04:01,-3.109666,-64.808725
3,98,04/11/15 19:00,-3.092381,-64.841237
3,98,04/12/15 00:01,-3.094456,-64.84271
3,98,04/12/15 05:01,-3.094843,-64.84382
3,98,04/12/15 15:02,-3.090078,-64.842799
3,98,04/13/15 21:01,-3.09354,-64.842279
3,98,04/14/15 02:02,-3.09217,-64.843673
3,98,04/14/15 07:02,-3.091617,-64.844795
3,98,04/14/15 12:01,-3.088653,-64.843745
3,98,04/14/15 17:00,-3.090626,-64.846309
3,98,04/14/15 22:01,-3.09079,-64.845802
3,98,04/15/15 08:01,-3.09068,-64.846417
3,98,04/15/15 18:02,-3.090626,-64.845925
3,98,04/15/15 23:01,-3.090892,-64.845726
3,98,04/17/15 10:02,-3.091949,-64.853698
3,98,04/17/15 15:01,-3.086731,-64.851358
3,98,04/17/15 20:02,-3.087068,-64.850877
3,98,04/18/15 01:01,-3.087282,-64.850999
3,98,04/18/15 16:01,-3.086446,-64.861964
3,98,04/19/15 02:02,-3.087235,-64.861206
3,98,04/19/15 07:00,-3.085792,-64.856487
3,98,04/19/15 12:03,-3.08674,-64.857677
3,98,04/19/15 17:01,-3.085295,-64.859147
3,98,04/20/15 03:01,-3.083667,-64.870532
3,98,04/20/15 08:01,-3.08438,-64.871557
3,98,04/20/15 18:02,-3.084171,-64.870448
3,98,04/20/15 23:01,-3.083952,-64.871576
3,98,04/21/15 09:01,-3.08479,-64.870806
1,98,04/21/15 14:01,-3.072094,-64.870922
3,98,04/21/15 19:01,-3.084011,-64.871313
3,98,04/22/15 00:02,-3.08465,-64.871037
3,98,04/22/15 05:01,-3.084289,-64.871485
3,98,04/22/15 10:01,-3.084458,-64.87149
3,98,04/22/15 15:01,-3.084588,-64.871352
3,98,04/22/15 20:01,-3.084249,-64.871103
3,98,04/23/15 01:00,-3.084788,-64.871276
3,98,04/23/15 11:02,-3.090324,-64.87862
3,98,04/23/15 16:02,-3.084689,-64.871282
3,98,04/23/15 21:01,-3.084495,-64.871371
3,98,04/24/15 02:01,-3.085286,-64.873532
3,98,04/24/15 12:01,-3.084694,-64.871297
3,98,04/25/15 08:01,-3.098755,-64.841972
3,98,04/26/15 04:00,-3.091888,-64.856245
3,98,04/26/15 09:00,-3.09115,-64.855938
3,98,04/27/15 00:02,-3.073862,-64.849684
3,98,04/27/15 10:02,-3.083907,-64.846004
3,98,04/27/15 20:02,-3.091476,-64.857124
3,98,04/28/15 01:01,-3.091067,-64.857024
3,98,04/28/15 16:00,-3.084437,-64.842142
3,98,04/29/15 07:01,-3.082891,-64.846264
3,98,04/29/15 12:02,-3.082871,-64.847703
3,98,04/30/15 03:01,-3.094407,-64.847522
3,98,04/30/15 08:02,-3.094467,-64.847483
3,98,04/30/15 13:01,-3.094931,-64.846081
3,98,04/30/15 18:01,-3.098395,-64.844201
3,98,05/01/15 04:01,-3.094196,-64.845608
3,98,05/01/15 19:01,-3.094626,-64.845611
3,98,05/02/15 10:01,-3.095319,-64.82478
3,98,05/02/15 20:01,-3.093911,-64.826576
3,98,05/03/15 16:02,-3.102019,-64.831422
3,98,05/03/15 21:00,-3.102163,-64.831347
3,98,05/04/15 12:01,-3.116226,-64.8038
3,98,05/04/15 22:02,-3.116205,-64.804248
3,98,05/05/15 08:02,-3.12177,-64.807997
3,98,05/05/15 13:02,-3.121909,-64.807798
3,98,05/05/15 18:02,-3.111967,-64.805181
3,98,05/05/15 23:01,-3.112076,-64.805046
3,98,05/06/15 04:01,-3.093206,-64.805694
3,98,05/06/15 09:01,-3.093518,-64.804433
3,98,05/06/15 14:01,-3.093482,-64.804754
3,98,05/07/15 00:01,-3.095341,-64.804916
3,98,05/07/15 10:02,-3.109301,-64.803829
3,98,05/08/15 01:00,-3.113005,-64.812423
3,98,05/09/15 02:01,-3.114964,-64.816568
3,98,05/11/15 04:02,-3.116849,-64.82089
3,98,05/12/15 05:02,-3.117238,-64.822067
3,98,05/12/15 10:01,-3.11654,-64.820484
3,98,05/12/15 15:01,-3.114738,-64.821057
3,98,05/13/15 01:02,-3.11476,-64.821837
3,98,05/13/15 06:01,-3.121918,-64.818337
3,98,05/13/15 16:03,-3.11861,-64.819404
3,98,05/13/15 21:02,-3.114736,-64.821276
3,98,05/14/15 02:01,-3.113238,-64.822845
3,98,05/14/15 22:01,-3.112546,-64.823712
3,98,05/15/15 08:00,-3.116374,-64.821533
3,98,05/16/15 14:02,-3.115653,-64.820969
3,98,05/17/15 00:02,-3.101977,-64.836945
3,98,05/17/15 10:01,-3.102017,-64.83677
3,98,05/17/15 15:00,-3.093308,-64.839915
3,98,05/18/15 01:01,-3.088117,-64.858345
3,98,05/18/15 21:01,-3.093244,-64.870337
3,98,05/19/15 02:01,-3.093031,-64.869973
3,98,05/19/15 12:01,-3.090429,-64.857012
3,98,05/19/15 17:00,-3.090417,-64.857111
3,98,05/19/15 22:01,-3.090514,-64.857187
3,98,05/20/15 08:01,-3.091019,-64.857086
3,98,05/20/15 13:01,-3.091335,-64.856214
3,98,05/20/15 18:01,-3.091333,-64.855048
3,98,05/20/15 23:00,-3.090795,-64.857055
3,98,05/21/15 04:03,-3.091072,-64.856913
3,98,05/21/15 09:01,-3.091333,-64.85612
3,98,05/21/15 14:01,-3.091107,-64.85621
3,98,05/21/15 19:00,-3.090791,-64.85709
3,98,05/22/15 05:02,-3.093168,-64.85563
3,98,05/23/15 21:03,-3.094117,-64.868929
3,98,05/24/15 02:01,-3.090781,-64.84485
3,98,05/24/15 12:01,-3.087709,-64.842947
3,98,05/24/15 22:01,-3.08805,-64.843477
3,98,05/25/15 08:01,-3.090767,-64.844888
3,98,05/25/15 13:00,-3.090788,-64.844906
3,98,05/25/15 18:01,-3.090691,-64.845094
3,98,05/25/15 23:00,-3.090628,-64.844777
3,98,05/26/15 04:00,-3.090838,-64.844971
3,98,05/26/15 09:01,-3.092137,-64.84235
3,98,05/26/15 14:02,-3.092223,-64.842256
3,98,05/26/15 19:00,-3.092145,-64.842342
3,98,05/27/15 00:00,-3.09231,-64.842391
3,98,05/27/15 05:01,-3.099738,-64.843307
3,98,05/27/15 15:00,-3.099277,-64.841734
3,98,05/27/15 20:00,-3.095386,-64.839828
3,98,05/28/15 01:00,-3.09534,-64.83959
3,98,05/28/15 11:00,-3.095238,-64.849923
3,98,05/29/15 07:02,-3.098021,-64.84697
3,98,05/29/15 12:02,-3.099134,-64.845149
3,98,05/29/15 17:02,-3.09708,-64.846495
3,98,05/30/15 03:01,-3.096354,-64.846588
3,98,05/30/15 13:02,-3.096836,-64.846759
3,98,05/30/15 18:02,-3.096875,-64.846658
3,98,05/30/15 23:01,-3.09798,-64.845284
3,98,05/31/15 04:01,-3.097483,-64.845411
3,98,05/31/15 09:01,-3.09349,-64.854466
3,98,05/31/15 14:02,-3.093775,-64.853939
3,98,06/01/15 00:02,-3.097983,-64.845453
3,98,06/01/15 20:01,-3.097799,-64.845391
3,98,06/02/15 01:01,-3.097634,-64.845778
3,98,06/02/15 16:01,-3.097361,-64.845913
3,98,06/02/15 21:01,-3.09757,-64.845472
3,98,06/03/15 07:02,-3.093712,-64.842469
3,98,06/03/15 12:01,-3.093727,-64.84266
3,98,06/03/15 17:00,-3.093656,-64.842616
3,98,06/03/15 22:01,-3.091304,-64.841287
3,98,06/04/15 08:01,-3.094835,-64.83246
3,98,06/04/15 13:02,-3.094779,-64.83246
3,98,06/04/15 18:01,-3.094685,-64.832457
3,98,06/04/15 23:00,-3.095424,-64.835367
3,98,06/05/15 04:00,-3.096065,-64.837829
3,98,06/05/15 09:00,-3.095899,-64.837916
3,98,06/05/15 14:00,-3.096045,-64.837458
3,98,06/06/15 00:01,-3.096887,-64.846258
3,98,06/06/15 05:00,-3.08973,-64.866076
3,98,06/06/15 20:00,-3.095386,-64.865571
3,98,06/07/15 01:01,-3.102851,-64.840634
3,98,06/07/15 11:01,-3.101548,-64.840127
3,98,06/07/15 16:01,-3.099187,-64.844103
3,98,06/08/15 07:02,-3.095449,-64.866507
3,98,06/08/15 12:01,-3.094343,-64.867664
3,98,06/09/15 03:02,-3.092004,-64.868871
3,98,06/09/15 18:02,-3.090394,-64.869188
3,98,06/09/15 23:01,-3.09066,-64.869636
3,98,06/10/15 04:01,-3.09041,-64.869162
3,98,06/10/15 19:01,-3.087261,-64.866843
3,98,06/11/15 05:01,-3.084648,-64.857491
3,98,06/11/15 10:02,-3.086242,-64.858964
3,98,06/11/15 15:01,-3.086231,-64.858922
3,98,06/11/15 20:02,-3.086323,-64.861079
3,98,06/12/15 01:02,-3.08799,-64.86376
3,98,06/12/15 06:02,-3.089227,-64.866615
3,98,06/12/15 11:01,-3.090349,-64.869354
3,98,06/12/15 16:02,-3.090438,-64.869229
3,98,06/12/15 21:03,-3.086243,-64.866568
3,98,06/13/15 02:01,-3.084463,-64.870821
3,98,06/13/15 07:01,-3.084611,-64.870691
1,98,06/13/15 22:01,-3.07306,-64.868285
4,98,06/14/15 03:00,-3.072201,-64.865117
4,98,06/14/15 08:02,-3.072398,-64.864808
4,98,06/14/15 13:01,-3.071699,-64.865224
4,98,06/14/15 18:01,-3.071078,-64.863757
3,98,06/15/15 14:01,-3.086108,-64.866621
3,98,06/16/15 00:01,-3.095537,-64.866351
3,98,06/16/15 05:01,-3.09484,-64.863243
3,98,06/16/15 10:02,-3.094892,-64.862972
3,98,06/16/15 15:01,-3.093533,-64.862765
3,98,06/16/15 20:02,-3.093394,-64.864923
3,98,06/17/15 01:01,-3.09369,-64.865175
3,98,06/17/15 11:01,-3.091801,-64.87219
3,98,06/17/15 16:02,-3.091115,-64.870921
3,98,06/18/15 12:00,-3.0966,-64.862954
3,98,06/18/15 17:01,-3.097527,-64.861361
3,98,06/18/15 22:01,-3.092206,-64.864463
3,98,06/19/15 03:00,-3.092383,-64.864603
3,98,06/19/15 13:01,-3.090191,-64.869563
3,98,06/19/15 18:01,-3.090807,-64.873593
3,98,06/19/15 23:01,-3.090558,-64.875398
3,98,06/20/15 04:01,-3.084583,-64.877502
1,98,06/20/15 19:00,-3.082103,-64.876727
3,98,06/21/15 00:00,-3.087777,-64.871049
3,98,06/21/15 05:01,-3.090581,-64.867218
3,98,06/21/15 15:01,-3.090255,-64.869664
3,98,06/21/15 20:01,-3.090832,-64.869272
3,98,06/22/15 01:00,-3.079694,-64.858238
3,98,06/22/15 06:02,-3.081365,-64.85664
3,98,06/22/15 11:01,-3.08179,-64.855876
3,98,06/23/15 02:01,-3.074593,-64.853465
3,98,06/23/15 12:01,-3.077272,-64.856634
3,98,06/23/15 17:00,-3.077886,-64.857665
3,98,06/23/15 22:01,-3.077977,-64.857964
3,98,06/24/15 03:01,-3.077906,-64.857619
3,98,06/24/15 08:02,-3.077903,-64.857749
3,98,06/24/15 23:00,-3.077756,-64.841739
3,98,06/25/15 04:01,-3.077699,-64.842121
3,98,06/25/15 09:00,-3.077592,-64.842307
3,98,06/25/15 14:00,-3.074836,-64.843642
3,98,06/25/15 19:01,-3.074485,-64.842835
3,98,06/26/15 00:01,-3.066745,-64.836465
3,98,06/26/15 05:02,-3.06473,-64.838476
3,98,06/26/15 10:01,-3.062967,-64.838311
3,98,06/26/15 15:01,-3.063031,-64.838264
3,98,06/26/15 20:01,-3.062739,-64.839803
3,98,06/27/15 01:00,-3.061303,-64.840443
3,98,06/27/15 11:01,-3.060411,-64.839644
3,98,06/27/15 16:01,-3.060332,-64.839588
3,98,06/27/15 21:02,-3.060752,-64.841245
3,98,06/28/15 02:01,-3.061097,-64.8416
3,98,06/28/15 07:00,-3.061038,-64.841258
3,98,06/28/15 12:00,-3.061123,-64.841286
3,98,06/28/15 17:01,-3.061165,-64.841254
3,98,06/29/15 03:00,-3.073927,-64.844773
3,98,06/29/15 08:01,-3.073968,-64.844575
3,98,06/29/15 13:01,-3.07398,-64.844891
3,98,06/29/15 23:02,-3.084313,-64.833974
3,98,06/30/15 04:02,-3.083225,-64.831943
3,98,06/30/15 09:01,-3.082957,-64.831297
3,98,06/30/15 14:00,-3.083212,-64.831279
3,98,07/01/15 00:01,-3.082848,-64.831436
3,98,07/01/15 10:03,-3.083136,-64.826886
3,98,07/02/15 06:01,-3.087158,-64.825765
3,98,07/02/15 11:01,-3.087066,-64.825781
3,98,07/02/15 16:01,-3.087212,-64.825757
3,98,07/02/15 21:01,-3.087381,-64.825755
3,98,07/03/15 02:03,-3.083459,-64.823108
3,98,07/03/15 07:00,-3.083545,-64.823261
3,98,07/03/15 12:00,-3.083586,-64.823195
3,98,07/03/15 17:00,-3.08363,-64.822941
3,98,07/03/15 22:02,-3.080751,-64.824323
3,98,07/04/15 03:00,-3.081403,-64.824316
3,98,07/04/15 08:01,-3.081472,-64.824411
3,98,07/04/15 13:00,-3.080907,-64.825016
3,98,07/04/15 18:01,-3.081332,-64.824533
3,98,07/04/15 23:00,-3.081389,-64.824414
3,98,07/05/15 04:01,-3.079729,-64.822394
3,98,07/05/15 09:00,-3.079761,-64.822113
3,98,07/05/15 14:01,-3.079683,-64.822226
3,98,07/05/15 19:01,-3.079254,-64.819917
3,98,07/06/15 00:01,-3.079042,-64.820366
3,98,07/06/15 10:01,-3.078333,-64.820045
3,98,07/06/15 15:00,-3.078385,-64.820007
3,98,07/06/15 20:01,-3.078395,-64.819959
3,98,07/07/15 01:00,-3.078192,-64.819982
3,98,07/07/15 06:01,-3.081028,-64.820691
3,98,07/07/15 11:00,-3.081654,-64.821517
3,98,07/07/15 16:00,-3.081653,-64.821451
3,98,07/07/15 21:00,-3.080225,-64.827826
3,98,07/08/15 02:02,-3.076054,-64.827278
3,98,07/08/15 07:01,-3.074257,-64.824047
3,98,07/08/15 12:00,-3.074381,-64.824023
3,98,07/08/15 17:01,-3.072955,-64.824456
3,98,07/08/15 22:02,-3.073027,-64.821641
3,98,07/09/15 03:02,-3.075411,-64.818884
3,98,07/09/15 08:01,-3.078601,-64.819541
3,98,07/09/15 13:01,-3.07854,-64.819407
3,98,07/09/15 18:01,-3.078542,-64.819462
3,98,07/09/15 23:00,-3.088338,-64.827439
3,98,07/10/15 19:01,-3.101792,-64.827825
3,98,07/11/15 00:00,-3.102528,-64.828184
3,98,07/11/15 05:00,-3.100766,-64.822389
3,98,07/11/15 10:01,-3.100693,-64.822255
3,98,07/11/15 15:01,-3.100699,-64.822447
3,98,07/12/15 01:02,-3.095057,-64.813355
3,98,07/12/15 06:01,-3.095269,-64.813413
3,98,07/12/15 11:00,-3.095444,-64.813736
3,98,07/12/15 16:01,-3.095279,-64.8135
3,98,07/12/15 21:01,-3.095187,-64.813512
3,98,07/13/15 07:03,-3.108229,-64.827361
3,98,07/13/15 12:01,-3.108993,-64.827485
3,98,07/13/15 17:00,-3.109149,-64.828277
3,98,07/14/15 03:01,-3.103245,-64.836812
3,98,07/14/15 08:01,-3.103338,-64.836748
3,98,07/14/15 13:00,-3.105131,-64.834379
3,98,07/15/15 04:01,-3.107614,-64.830233
3,98,07/16/15 05:02,-3.110601,-64.823573
3,98,07/16/15 10:00,-3.110151,-64.824433
3,98,07/16/15 15:02,-3.114353,-64.822346
3,98,07/16/15 20:01,-3.118127,-64.818781
3,98,07/17/15 01:01,-3.109141,-64.828525
3,98,07/17/15 06:01,-3.108781,-64.828403
3,98,07/17/15 11:00,-3.108916,-64.828662
3,98,07/17/15 16:01,-3.107087,-64.830079
3,98,07/18/15 22:01,-3.103709,-64.836992
3,98,07/19/15 03:01,-3.104189,-64.837277
3,98,07/19/15 13:01,-3.102889,-64.839726
3,98,07/19/15 18:02,-3.104765,-64.838131
3,98,07/21/15 10:00,-3.093835,-64.853881
3,98,07/21/15 15:02,-3.096933,-64.846781
3,98,07/21/15 20:01,-3.097803,-64.846242
3,98,07/22/15 01:01,-3.096471,-64.847025
3,98,07/22/15 11:00,-3.096363,-64.84829
3,98,07/23/15 22:01,-3.091694,-64.858784
3,98,07/24/15 03:02,-3.093866,-64.857728
3,98,07/24/15 08:02,-3.093095,-64.85654
3,98,07/25/15 04:01,-3.089773,-64.854966
3,98,07/25/15 19:01,-3.098644,-64.842898
3,98,07/26/15 05:01,-3.095288,-64.846999
3,98,07/26/15 10:01,-3.095112,-64.847458
3,98,07/26/15 15:00,-3.095009,-64.84778
3,98,07/27/15 01:02,-3.09156,-64.851766
3,98,07/27/15 06:01,-3.088211,-64.85916
3,98,07/28/15 07:00,-3.085179,-64.863059
3,98,07/28/15 12:02,-3.085794,-64.862728
3,98,07/28/15 22:02,-3.090251,-64.862337
3,98,07/29/15 08:01,-3.092288,-64.861985
3,98,07/29/15 13:01,-3.092266,-64.862003
3,98,07/29/15 18:01,-3.092082,-64.863372
3,98,07/29/15 23:02,-3.092844,-64.870777
3,98,07/31/15 00:01,-3.089512,-64.853849
3,98,07/31/15 05:02,-3.089737,-64.853628
3,98,07/31/15 10:02,-3.089512,-64.853786
3,98,07/31/15 15:01,-3.089545,-64.853964
3,98,07/31/15 20:02,-3.08976,-64.853715
3,98,08/01/15 06:01,-3.100565,-64.836559
3,98,08/01/15 16:02,-3.090507,-64.852249
3,98,08/01/15 21:01,-3.090038,-64.852776
3,98,08/02/15 12:02,-3.091716,-64.84864
3,98,08/03/15 08:02,-3.094401,-64.849223
3,98,08/03/15 13:01,-3.09526,-64.84702
3,98,08/03/15 23:01,-3.094218,-64.846258
3,98,08/04/15 04:03,-3.095487,-64.844715
3,98,08/04/15 14:01,-3.095593,-64.844718
3,98,08/05/15 05:02,-3.095713,-64.846628
3,98,08/06/15 01:01,-3.092445,-64.848013
3,98,08/06/15 11:02,-3.091651,-64.84778
3,98,08/06/15 16:02,-3.091909,-64.847588
3,98,08/06/15 21:02,-3.09187,-64.847498
3,98,08/08/15 18:01,-3.078381,-64.859322
3,98,08/08/15 23:02,-3.078665,-64.859286
3,98,08/09/15 09:00,-3.077936,-64.858906
3,98,08/09/15 14:01,-3.077741,-64.859083
3,98,08/09/15 19:02,-3.07775,-64.856349
3,98,08/10/15 00:01,-3.076849,-64.857698
3,98,08/10/15 20:01,-3.076367,-64.855189
3,98,08/11/15 01:02,-3.075165,-64.856208
3,98,08/13/15 03:02,-3.068236,-64.853609
3,98,08/14/15 04:01,-3.067799,-64.854141
3,98,08/14/15 09:01,-3.067889,-64.854248
4,98,08/15/15 15:02,-3.056912,-64.860258
4,98,08/15/15 20:02,-3.055882,-64.859771
4,98,08/16/15 01:01,-3.055898,-64.859585
4,98,08/16/15 16:01,-3.056502,-64.86061
4,98,08/16/15 21:01,-3.059595,-64.862181
4,98,08/17/15 07:01,-3.064502,-64.863574
4,98,08/17/15 12:02,-3.065207,-64.863421
4,98,08/17/15 17:01,-3.068891,-64.860377
4,98,08/17/15 22:02,-3.072009,-64.859219
3,98,08/18/15 18:01,-3.079171,-64.861651
4,98,08/18/15 23:01,-3.080735,-64.862637
3,98,08/20/15 00:01,-3.076668,-64.839791
3,98,08/20/15 15:01,-3.089643,-64.837616
3,98,08/21/15 06:02,-3.089521,-64.837601
3,98,08/21/15 11:01,-3.089612,-64.837633
3,98,08/22/15 02:01,-3.09137,-64.83884
3,98,08/22/15 17:01,-3.091352,-64.838631
3,98,08/23/15 13:02,-3.083432,-64.834814
3,98,08/23/15 23:01,-3.082869,-64.835124
3,98,08/24/15 09:02,-3.083335,-64.83486
3,98,08/24/15 19:01,-3.083407,-64.835169
3,98,08/25/15 20:01,-3.082733,-64.833101
3,98,08/26/15 01:00,-3.081638,-64.832212
3,98,08/26/15 11:02,-3.081954,-64.832729
3,98,08/27/15 17:01,-3.080117,-64.831831
3,98,08/27/15 22:01,-3.07945,-64.831767
3,98,08/28/15 03:01,-3.080226,-64.831795
3,98,08/28/15 13:01,-3.079831,-64.831779
3,98,08/28/15 23:01,-3.073582,-64.831621
3,98,08/29/15 04:02,-3.073427,-64.831714
3,98,08/29/15 09:01,-3.073652,-64.831599
3,98,08/29/15 14:02,-3.07347,-64.831783
3,98,08/29/15 19:00,-3.073323,-64.83173
3,98,08/30/15 00:02,-3.07342,-64.831651
3,98,08/30/15 05:02,-3.073193,-64.831172
3,98,08/30/15 15:01,-3.073431,-64.828084
3,98,08/30/15 20:01,-3.07327,-64.830808
3,98,09/01/15 02:01,-3.076491,-64.815167
3,98,09/01/15 07:02,-3.087816,-64.813646
3,98,09/01/15 12:02,-3.087644,-64.813722
3,98,09/03/15 19:01,-3.090903,-64.818883
3,98,09/04/15 00:02,-3.091049,-64.818832
3,98,09/04/15 20:02,-3.092246,-64.832512
3,98,09/05/15 01:01,-3.079877,-64.847526
3,98,09/05/15 06:02,-3.078459,-64.850335
3,98,09/05/15 11:01,-3.078204,-64.850001
4,98,09/05/15 21:01,-3.047427,-64.858231
3,98,09/06/15 07:01,-3.065656,-64.850768
3,98,09/06/15 12:02,-3.067253,-64.853145
3,98,09/06/15 22:03,-3.069867,-64.845585
3,98,09/07/15 03:01,-3.058726,-64.836489
3,98,09/07/15 18:01,-3.064544,-64.842987
3,98,09/08/15 09:02,-3.062824,-64.841908
3,98,09/09/15 15:02,-3.072226,-64.842131
4,98,09/10/15 21:02,-3.048624,-64.855132
4,98,09/12/15 08:01,-3.048789,-64.855168
4,98,09/13/15 09:01,-3.049838,-64.851631
3,98,09/13/15 14:02,-3.072234,-64.851683
3,98,09/13/15 19:01,-3.072052,-64.852066
3,98,09/14/15 15:01,-3.078716,-64.851939
3,98,09/14/15 20:01,-3.086776,-64.852053
3,98,09/15/15 11:01,-3.089091,-64.85712
3,98,09/15/15 16:01,-3.089115,-64.85756
3,98,09/16/15 12:01,-3.082423,-64.869146
4,98,09/17/15 18:01,-3.076188,-64.864596
4,98,09/17/15 23:02,-3.068502,-64.865727
1,98,09/19/15 00:02,-3.058876,-64.885503
1,98,09/19/15 05:01,-3.059446,-64.880621
4,98,09/20/15 01:02,-3.036678,-64.874448
4,98,09/20/15 11:01,-3.054761,-64.868033
3,98,09/20/15 21:01,-3.07694,-64.87372
1,98,09/22/15 03:01,-3.026808,-64.883034
1,98,09/22/15 08:02,-3.027201,-64.884338
4,98,09/22/15 18:01,-3.059955,-64.868271
4,98,09/24/15 00:01,-3.061856,-64.865061
4,98,09/24/15 05:01,-3.059502,-64.864539
4,98,09/24/15 15:00,-3.059065,-64.864756
4,98,09/24/15 20:02,-3.045733,-64.867356
4,98,09/25/15 01:01,-3.049677,-64.867726
4,98,09/25/15 06:01,-3.047685,-64.86677
4,98,09/25/15 11:01,-3.047327,-64.866738
4,98,09/25/15 21:01,-3.060287,-64.865369
4,98,09/27/15 18:02,-3.065621,-64.866724
4,98,09/27/15 23:01,-3.069635,-64.862829
4,98,09/28/15 09:03,-3.069682,-64.862555
4,98,09/29/15 15:02,-3.069283,-64.862018
4,98,09/29/15 20:02,-3.072682,-64.862185
3,98,09/30/15 06:01,-3.086849,-64.877151
3,98,09/30/15 11:01,-3.086895,-64.87752
4,98,10/01/15 12:01,-3.0763,-64.867228
1,98,10/01/15 22:02,-3.078089,-64.87767
1,98,10/02/15 03:00,-3.077896,-64.877696
1,98,10/03/15 14:02,-3.075209,-64.877102
1,98,10/04/15 05:01,-3.079202,-64.879556
3,98,10/04/15 20:01,-3.088914,-64.874493
3,98,10/05/15 01:00,-3.09041,-64.875621
3,98,10/05/15 11:01,-3.090333,-64.875209
3,98,10/06/15 07:01,-3.097061,-64.852722
3,98,10/06/15 12:01,-3.09672,-64.852392
3,98,10/06/15 22:03,-3.095316,-64.856544
3,98,10/07/15 03:01,-3.090972,-64.853192
3,98,10/07/15 08:02,-3.09127,-64.853104
3,98,10/07/15 13:02,-3.09033,-64.853679
3,98,10/08/15 04:01,-3.108382,-64.826181
3,98,10/08/15 19:01,-3.096704,-64.853717
3,98,10/09/15 20:02,-3.10306,-64.835683
3,98,10/11/15 17:02,-3.097416,-64.829369
3,98,10/12/15 03:00,-3.094536,-64.817779
3,98,10/12/15 13:01,-3.079874,-64.814665
3,98,10/12/15 23:01,-3.074395,-64.814471
3,98,10/13/15 09:01,-3.093745,-64.80312
3,98,10/13/15 14:01,-3.089319,-64.811116
3,98,10/14/15 05:01,-3.072992,-64.816648
3,98,10/14/15 10:02,-3.063716,-64.840722
3,98,10/14/15 15:01,-3.06405,-64.840651
3,98,10/14/15 20:01,-3.064861,-64.847253
4,98,10/16/15 12:01,-3.070959,-64.864378
4,98,10/17/15 03:00,-3.072403,-64.865947
4,98,10/17/15 08:02,-3.072612,-64.865976
4,98,10/17/15 23:01,-3.076375,-64.866828
4,98,10/18/15 04:01,-3.076771,-64.866942
4,98,10/18/15 09:00,-3.076661,-64.867124
4,98,10/18/15 19:02,-3.071907,-64.86481
4,98,10/19/15 00:01,-3.071925,-64.864728
4,98,10/19/15 10:02,-3.076562,-64.866683
4,98,10/19/15 15:00,-3.071973,-64.864777
4,98,10/20/15 11:00,-3.077224,-64.867548
1,98,10/21/15 07:03,-3.069494,-64.881932
1,98,10/21/15 17:01,-3.065824,-64.87864
1,98,10/22/15 18:02,-3.060049,-64.89209
1,98,10/23/15 14:02,-3.058973,-64.890947
3,98,10/24/15 20:01,-3.07484,-64.84063
3,98,10/27/15 08:02,-3.061674,-64.844205
3,98,10/27/15 13:01,-3.061791,-64.844046
3,98,10/27/15 18:01,-3.05972,-64.839788
3,98,10/28/15 09:01,-3.060264,-64.838912
3,98,10/28/15 14:01,-3.060334,-64.838929
4,98,11/09/15 11:02,-3.050582,-64.852288
2,99,11/21/14 02:00,-2.984694,-64.914492
2,99,11/21/14 04:00,-2.984782,-64.914393
2,99,11/21/14 06:00,-2.984764,-64.914429
2,99,11/21/14 08:00,-2.984743,-64.914457
2,99,11/21/14 10:00,-2.98477,-64.914398
2,99,11/21/14 12:00,-2.984724,-64.914415
2,99,11/21/14 14:00,-2.984671,-64.914481
2,99,11/21/14 16:00,-2.984635,-64.914587
2,99,11/21/14 18:00,-2.98459,-64.914527
2,99,11/21/14 20:00,-2.984673,-64.914506
2,99,11/21/14 22:00,-2.984642,-64.914467
2,99,11/22/14 00:01,-2.984603,-64.914618
2,99,11/22/14 02:00,-2.984709,-64.914497
2,99,11/22/14 04:00,-2.984768,-64.914441
2,99,11/22/14 06:00,-2.984677,-64.9145
2,99,11/22/14 08:01,-2.98474,-64.914491
2,99,11/22/14 10:00,-2.984835,-64.914442
2,99,11/22/14 12:00,-2.984755,-64.91445
2,99,11/22/14 14:00,-2.984738,-64.914472
2,99,11/22/14 16:00,-2.984706,-64.914431
2,99,11/22/14 18:01,-2.984643,-64.914503
2,99,11/22/14 20:00,-2.98484,-64.914375
2,99,11/22/14 22:00,-2.98468,-64.91448
2,99,11/23/14 00:00,-2.984705,-64.914462
2,99,11/23/14 02:00,-2.98459,-64.914518
2,99,11/23/14 04:00,-2.984705,-64.914494
2,99,11/23/14 06:01,-2.984616,-64.914477
2,99,11/23/14 08:00,-2.984712,-64.914494
2,99,11/23/14 10:00,-2.984767,-64.914364
2,99,11/23/14 12:00,-2.984707,-64.91448
2,99,11/23/14 14:00,-2.984691,-64.914476
2,99,11/23/14 16:00,-2.984672,-64.914469
2,99,11/23/14 18:00,-2.984645,-64.914501
2,99,11/23/14 22:00,-2.984697,-64.914425
2,99,11/24/14 00:01,-2.984725,-64.914413
2,99,11/24/14 02:01,-2.984746,-64.914386
2,99,11/24/14 04:01,-2.984743,-64.914312
4,99,11/24/14 10:01,-3.042991,-64.867561
4,99,11/24/14 12:01,-3.042981,-64.867486
4,99,11/24/14 18:02,-3.039881,-64.866643
4,99,11/24/14 20:01,-3.039672,-64.86554
4,99,11/24/14 22:01,-3.039155,-64.865328
4,99,11/25/14 00:01,-3.040464,-64.865201
4,99,11/25/14 04:01,-3.046094,-64.86352
4,99,11/25/14 06:01,-3.046087,-64.86365
4,99,11/25/14 08:00,-3.046046,-64.8636
4,99,11/25/14 10:01,-3.050914,-64.862023
4,99,11/25/14 12:00,-3.051799,-64.859414
4,99,11/25/14 14:01,-3.051297,-64.858727
4,99,11/25/14 18:01,-3.050746,-64.858728
4,99,11/25/14 20:02,-3.049629,-64.859717
4,99,11/25/14 22:01,-3.057866,-64.863357
4,99,11/26/14 00:02,-3.05621,-64.868913
4,99,11/26/14 02:00,-3.049822,-64.86757
4,99,11/26/14 04:00,-3.04652,-64.868038
4,99,11/26/14 06:00,-3.046859,-64.867769
4,99,11/26/14 08:00,-3.046798,-64.868012
4,99,11/26/14 10:00,-3.046655,-64.867815
4,99,11/26/14 12:00,-3.046569,-64.867854
4,99,11/26/14 14:01,-3.0466,-64.867901
4,99,11/26/14 16:02,-3.046486,-64.86801
4,99,11/26/14 18:00,-3.046549,-64.86803
4,99,11/26/14 20:01,-3.046582,-64.868004
4,99,11/26/14 22:00,-3.046508,-64.867957
4,99,11/27/14 00:02,-3.046567,-64.867976
4,99,11/27/14 02:00,-3.046589,-64.867944
4,99,11/27/14 06:02,-3.046532,-64.867915
4,99,11/27/14 08:00,-3.046659,-64.867877
4,99,11/27/14 10:01,-3.046582,-64.867847
4,99,11/27/14 12:00,-3.046447,-64.867885
4,99,11/27/14 14:02,-3.04651,-64.867924
4,99,11/27/14 16:00,-3.04646,-64.868012
4,99,11/27/14 18:01,-3.046591,-64.867954
4,99,11/27/14 20:01,-3.046697,-64.867923
4,99,11/28/14 00:02,-3.046556,-64.867842
4,99,11/28/14 04:00,-3.046882,-64.867978
4,99,11/28/14 06:00,-3.04683,-64.867927
4,99,11/28/14 08:00,-3.046546,-64.867922
4,99,11/28/14 10:00,-3.046448,-64.867906
4,99,11/28/14 14:02,-3.046489,-64.867856
4,99,11/28/14 16:01,-3.0451,-64.865808
4,99,11/28/14 18:01,-3.046467,-64.86805
4,99,11/28/14 20:02,-3.046445,-64.867933
4,99,11/28/14 22:02,-3.046538,-64.867839
4,99,11/29/14 02:00,-3.046506,-64.867885
4,99,11/29/14 04:01,-3.045196,-64.866393
4,99,11/29/14 06:02,-3.045169,-64.866524
4,99,11/29/14 10:00,-3.045239,-64.866498
4,99,11/29/14 12:00,-3.045164,-64.866653
4,99,11/29/14 14:01,-3.04522,-64.866624
4,99,11/29/14 20:01,-3.045148,-64.865317
4,99,11/29/14 22:02,-3.045259,-64.86534
4,99,11/30/14 00:02,-3.045161,-64.865365
4,99,11/30/14 02:02,-3.045138,-64.865222
4,99,11/30/14 04:01,-3.040725,-64.864694
4,99,11/30/14 06:01,-3.040751,-64.864743
4,99,11/30/14 10:00,-3.039959,-64.866628
4,99,11/30/14 12:00,-3.0399,-64.866536
4,99,11/30/14 14:01,-3.039934,-64.866557
4,99,11/30/14 22:02,-3.036828,-64.869377
4,99,12/01/14 00:01,-3.036608,-64.869654
4,99,12/01/14 04:01,-3.036682,-64.869684
4,99,12/01/14 06:01,-3.036606,-64.869704
4,99,12/01/14 08:01,-3.036731,-64.869579
4,99,12/01/14 10:01,-3.041454,-64.868269
4,99,12/01/14 16:02,-3.041594,-64.868105
4,99,12/02/14 00:00,-3.052664,-64.859147
4,99,12/02/14 02:01,-3.055702,-64.855461
4,99,12/02/14 04:01,-3.055808,-64.85552
4,99,12/02/14 06:01,-3.055874,-64.855459
4,99,12/02/14 10:00,-3.054821,-64.856255
4,99,12/02/14 14:01,-3.055472,-64.857219
4,99,12/02/14 20:01,-3.057985,-64.858201
4,99,12/03/14 06:01,-3.060482,-64.853051
4,99,12/03/14 08:02,-3.060524,-64.853103
4,99,12/03/14 10:01,-3.060539,-64.853112
4,99,12/03/14 12:01,-3.060618,-64.853607
4,99,12/03/14 14:01,-3.060702,-64.853655
4,99,12/03/14 16:01,-3.060595,-64.853524
3,99,12/04/14 00:01,-3.066743,-64.844675
3,99,12/04/14 02:02,-3.061076,-64.84188
3,99,12/04/14 04:00,-3.065024,-64.849559
3,99,12/04/14 06:01,-3.064666,-64.852756
3,99,12/04/14 08:01,-3.064753,-64.852832
3,99,12/04/14 10:01,-3.06477,-64.852643
3,99,12/04/14 12:03,-3.064555,-64.852867
3,99,12/04/14 14:01,-3.064623,-64.852795
3,99,12/04/14 18:00,-3.064554,-64.853977
4,99,12/04/14 20:02,-3.063985,-64.860699
4,99,12/04/14 22:02,-3.072887,-64.857656
3,99,12/05/14 04:01,-3.064536,-64.852828
3,99,12/05/14 06:02,-3.064714,-64.852692
3,99,12/05/14 08:01,-3.064578,-64.852788
3,99,12/05/14 10:01,-3.064711,-64.852702
3,99,12/05/14 12:01,-3.066468,-64.849516
3,99,12/05/14 14:01,-3.067039,-64.849167
3,99,12/05/14 16:01,-3.071544,-64.846286
3,99,12/05/14 18:02,-3.072325,-64.838411
3,99,12/06/14 00:02,-3.063831,-64.845038
3,99,12/06/14 02:02,-3.063882,-64.845026
3,99,12/06/14 04:02,-3.063944,-64.845044
3,99,12/06/14 08:02,-3.063856,-64.845046
3,99,12/06/14 10:02,-3.063844,-64.845052
3,99,12/06/14 14:00,-3.063811,-64.845072
3,99,12/07/14 02:01,-3.071284,-64.845931
3,99,12/07/14 06:02,-3.071005,-64.845814
3,99,12/07/14 10:00,-3.07124,-64.845879
3,99,12/07/14 12:01,-3.071335,-64.846063
3,99,12/07/14 14:01,-3.071369,-64.845911
3,99,12/07/14 16:01,-3.071242,-64.845871
3,99,12/07/14 18:02,-3.071109,-64.844488
3,99,12/07/14 20:02,-3.071042,-64.844421
3,99,12/07/14 22:00,-3.067848,-64.838526
3,99,12/08/14 04:00,-3.075887,-64.836157
3,99,12/08/14 06:01,-3.076778,-64.83519
3,99,12/08/14 08:01,-3.076725,-64.835299
3,99,12/08/14 12:00,-3.076808,-64.837159
3,99,12/08/14 14:00,-3.076047,-64.836434
3,99,12/08/14 16:01,-3.076033,-64.836261
3,99,12/08/14 18:01,-3.076146,-64.836325
3,99,12/08/14 20:01,-3.076064,-64.836394
3,99,12/08/14 22:00,-3.076129,-64.836426
3,99,12/09/14 00:01,-3.076138,-64.836346
3,99,12/09/14 02:02,-3.076135,-64.83639
3,99,12/09/14 04:00,-3.074708,-64.837318
3,99,12/09/14 06:01,-3.070778,-64.842801
3,99,12/09/14 08:01,-3.070762,-64.842841
3,99,12/09/14 10:03,-3.070775,-64.842897
3,99,12/09/14 12:01,-3.070739,-64.842912
3,99,12/09/14 16:01,-3.070821,-64.842933
3,99,12/09/14 18:01,-3.070694,-64.842819
3,99,12/09/14 20:01,-3.070906,-64.842788
3,99,12/10/14 00:00,-3.068184,-64.847071
3,99,12/10/14 02:02,-3.068306,-64.847032
3,99,12/10/14 04:02,-3.066058,-64.846372
3,99,12/10/14 06:00,-3.065739,-64.846892
3,99,12/10/14 08:00,-3.069705,-64.841398
3,99,12/10/14 10:00,-3.07618,-64.836305
3,99,12/10/14 12:00,-3.076079,-64.840044
3,99,12/10/14 14:00,-3.076356,-64.844609
3,99,12/10/14 22:01,-3.069445,-64.848728
3,99,12/11/14 04:00,-3.05925,-64.842567
3,99,12/11/14 06:01,-3.059352,-64.842553
3,99,12/11/14 08:01,-3.05923,-64.842529
3,99,12/11/14 10:01,-3.059312,-64.842524
3,99,12/11/14 12:00,-3.059228,-64.842548
3,99,12/11/14 14:00,-3.059249,-64.842584
3,99,12/11/14 16:02,-3.061962,-64.839708
3,99,12/12/14 00:02,-3.064728,-64.839293
3,99,12/12/14 06:02,-3.0647,-64.839731
3,99,12/12/14 12:00,-3.06464,-64.839688
3,99,12/12/14 14:01,-3.06449,-64.839668
3,99,12/12/14 16:01,-3.061907,-64.839745
3,99,12/12/14 18:02,-3.069923,-64.844906
3,99,12/12/14 20:01,-3.069597,-64.844609
3,99,12/12/14 22:01,-3.07035,-64.845331
3,99,12/13/14 00:01,-3.070078,-64.845165
3,99,12/13/14 02:02,-3.070038,-64.844911
3,99,12/13/14 06:01,-3.071135,-64.845677
3,99,12/13/14 08:01,-3.071155,-64.845902
3,99,12/13/14 12:01,-3.071255,-64.846116
3,99,12/13/14 14:00,-3.071428,-64.846558
3,99,12/13/14 16:01,-3.07133,-64.846596
3,99,12/13/14 18:01,-3.074287,-64.847291
3,99,12/13/14 20:02,-3.074782,-64.842156
3,99,12/13/14 22:02,-3.076873,-64.844718
3,99,12/14/14 00:00,-3.075357,-64.841832
3,99,12/14/14 04:01,-3.075248,-64.842143
3,99,12/14/14 10:00,-3.075185,-64.842147
3,99,12/14/14 12:01,-3.075315,-64.841823
3,99,12/14/14 14:02,-3.075368,-64.842189
3,99,12/14/14 16:00,-3.075329,-64.842043
3,99,12/15/14 00:01,-3.08791,-64.841854
3,99,12/15/14 02:01,-3.08793,-64.841856
3,99,12/15/14 04:01,-3.087684,-64.841809
3,99,12/15/14 08:02,-3.087779,-64.841552
3,99,12/15/14 10:02,-3.087888,-64.841919
3,99,12/15/14 12:01,-3.087841,-64.841952
3,99,12/15/14 14:01,-3.087971,-64.841817
3,99,12/15/14 16:02,-3.087784,-64.841652
3,99,12/15/14 18:02,-3.087904,-64.84174
3,99,12/16/14 00:01,-3.087926,-64.841637
3,99,12/16/14 08:00,-3.089848,-64.842154
3,99,12/16/14 10:00,-3.089741,-64.842262
3,99,12/16/14 12:00,-3.089875,-64.842254
3,99,12/16/14 14:00,-3.089863,-64.842243
3,99,12/16/14 16:02,-3.08984,-64.842211
3,99,12/16/14 18:01,-3.095303,-64.841335
3,99,12/17/14 04:01,-3.09138,-64.848071
3,99,12/17/14 06:01,-3.091456,-64.848007
3,99,12/17/14 08:01,-3.091415,-64.847916
3,99,12/17/14 12:01,-3.09133,-64.848135
3,99,12/17/14 18:02,-3.092093,-64.846982
3,99,12/17/14 20:01,-3.095303,-64.847127
3,99,12/17/14 22:03,-3.095616,-64.847686
3,99,12/18/14 00:01,-3.095642,-64.847975
3,99,12/18/14 02:01,-3.095633,-64.847338
3,99,12/18/14 04:00,-3.09571,-64.846487
3,99,12/18/14 08:00,-3.09573,-64.846464
3,99,12/18/14 10:00,-3.095744,-64.846388
3,99,12/18/14 14:01,-3.095725,-64.846571
3,99,12/18/14 16:01,-3.095769,-64.846549
3,99,12/18/14 22:00,-3.095592,-64.840531
3,99,12/19/14 04:00,-3.094675,-64.842266
3,99,12/19/14 12:00,-3.094609,-64.84231
3,99,12/19/14 18:01,-3.075926,-64.848177
3,99,12/19/14 22:01,-3.069186,-64.853714
4,99,12/20/14 04:02,-3.064641,-64.862914
4,99,12/20/14 06:02,-3.063996,-64.862694
4,99,12/20/14 08:00,-3.063984,-64.862544
4,99,12/20/14 10:00,-3.06405,-64.862622
4,99,12/20/14 12:01,-3.064015,-64.862698
4,99,12/20/14 14:02,-3.065086,-64.861501
4,99,12/20/14 16:02,-3.065001,-64.86156
4,99,12/20/14 22:01,-3.063277,-64.862023
4,99,12/21/14 06:00,-3.062815,-64.862731
4,99,12/21/14 08:01,-3.060939,-64.864796
4,99,12/21/14 10:00,-3.060988,-64.864529
4,99,12/21/14 12:02,-3.06112,-64.864626
4,99,12/21/14 16:02,-3.06022,-64.873517
4,99,12/21/14 18:02,-3.058142,-64.858725
4,99,12/21/14 20:00,-3.05887,-64.855125
4,99,12/21/14 22:02,-3.059404,-64.85237
4,99,12/22/14 02:01,-3.045547,-64.858151
4,99,12/22/14 06:00,-3.049446,-64.864747
4,99,12/22/14 08:00,-3.04944,-64.864552
4,99,12/22/14 10:01,-3.049367,-64.864728
4,99,12/22/14 12:00,-3.050786,-64.864894
4,99,12/22/14 16:02,-3.057211,-64.860999
3,99,12/23/14 00:01,-3.065248,-64.852688
3,99,12/23/14 04:02,-3.066938,-64.843941
3,99,12/23/14 06:02,-3.067928,-64.845183
3,99,12/23/14 08:00,-3.068015,-64.845333
3,99,12/23/14 10:01,-3.067972,-64.84494
3,99,12/23/14 14:01,-3.066971,-64.844448
3,99,12/23/14 16:01,-3.064727,-64.841404
3,99,12/23/14 18:01,-3.069289,-64.839019
3,99,12/24/14 02:01,-3.060813,-64.843659
3,99,12/24/14 04:01,-3.063547,-64.845134
3,99,12/24/14 06:03,-3.066211,-64.850764
3,99,12/24/14 10:00,-3.06607,-64.850824
3,99,12/24/14 12:01,-3.066138,-64.85069
3,99,12/24/14 14:02,-3.066068,-64.850742
3,99,12/24/14 16:03,-3.066118,-64.850741
3,99,12/24/14 20:02,-3.077273,-64.857867
3,99,12/24/14 22:01,-3.082473,-64.849663
4,99,12/25/14 06:02,-3.081108,-64.863361
4,99,12/25/14 12:01,-3.073816,-64.866086
4,99,12/25/14 14:01,-3.073783,-64.866058
4,99,12/25/14 16:02,-3.071477,-64.86311
4,99,12/25/14 18:01,-3.071472,-64.863044
4,99,12/25/14 22:02,-3.065446,-64.8594
4,99,12/26/14 00:01,-3.059613,-64.859055
4,99,12/26/14 08:00,-3.05894,-64.854753
4,99,12/26/14 12:02,-3.058984,-64.854325
4,99,12/26/14 14:00,-3.058398,-64.85417
4,99,12/26/14 18:00,-3.053958,-64.856818
4,99,12/26/14 22:02,-3.046812,-64.861571
4,99,12/27/14 00:02,-3.046774,-64.861664
4,99,12/27/14 02:02,-3.046761,-64.861666
4,99,12/27/14 06:02,-3.046833,-64.861584
4,99,12/27/14 08:01,-3.046679,-64.861564
4,99,12/27/14 10:02,-3.046715,-64.861604
4,99,12/27/14 12:01,-3.046753,-64.861695
4,99,12/27/14 16:02,-3.045076,-64.865194
4,99,12/27/14 18:02,-3.040481,-64.870578
4,99,12/27/14 20:02,-3.041483,-64.871347
1,99,12/28/14 02:01,-3.044598,-64.872166
1,99,12/28/14 06:01,-3.044236,-64.875891
1,99,12/28/14 08:00,-3.04421,-64.875937
1,99,12/28/14 10:00,-3.044342,-64.876031
1,99,12/28/14 12:00,-3.044312,-64.876001
1,99,12/28/14 14:00,-3.044325,-64.876029
1,99,12/28/14 16:00,-3.04428,-64.875967
1,99,12/28/14 18:01,-3.04417,-64.878013
4,99,12/28/14 22:01,-3.034321,-64.878138
4,99,12/29/14 00:01,-3.034747,-64.873657
1,99,12/29/14 02:02,-3.040345,-64.875256
1,99,12/29/14 04:02,-3.041374,-64.875966
1,99,12/29/14 06:00,-3.041399,-64.875985
1,99,12/29/14 10:00,-3.04139,-64.875833
1,99,12/29/14 12:01,-3.041336,-64.875996
1,99,12/29/14 14:00,-3.041433,-64.876066
1,99,12/29/14 16:01,-3.041541,-64.875905
1,99,12/29/14 20:01,-3.040619,-64.878237
1,99,12/29/14 22:00,-3.041649,-64.878795
1,99,12/30/14 00:00,-3.045042,-64.882451
1,99,12/30/14 06:00,-3.045074,-64.882945
1,99,12/30/14 08:00,-3.044992,-64.882907
1,99,12/30/14 10:01,-3.045083,-64.882999
1,99,12/30/14 12:00,-3.045109,-64.882998
1,99,12/30/14 14:01,-3.045047,-64.882993
1,99,12/30/14 16:00,-3.045034,-64.883005
1,99,12/30/14 18:01,-3.044195,-64.882178
1,99,12/30/14 20:01,-3.044618,-64.883842
1,99,12/30/14 22:00,-3.044593,-64.883879
1,99,12/31/14 00:00,-3.048266,-64.887543
1,99,12/31/14 02:01,-3.054735,-64.888223
1,99,12/31/14 04:01,-3.049625,-64.883832
1,99,12/31/14 08:01,-3.049696,-64.883874
1,99,12/31/14 10:00,-3.049698,-64.88385
1,99,12/31/14 12:01,-3.049693,-64.883923
1,99,12/31/14 20:01,-3.049711,-64.883935
1,99,12/31/14 22:02,-3.051093,-64.881934
1,99,01/01/15 02:00,-3.051089,-64.881928
1,99,01/01/15 04:01,-3.050618,-64.881846
1,99,01/01/15 06:01,-3.051109,-64.882033
1,99,01/01/15 08:00,-3.051138,-64.882019
1,99,01/01/15 10:01,-3.051234,-64.881973
1,99,01/01/15 12:00,-3.051183,-64.881995
1,99,01/01/15 14:00,-3.051214,-64.882003
1,99,01/01/15 16:02,-3.05111,-64.882018
1,99,01/01/15 18:00,-3.051113,-64.881992
1,99,01/01/15 20:01,-3.051145,-64.881988
1,99,01/02/15 00:01,-3.052446,-64.876203
1,99,01/02/15 02:00,-3.052216,-64.876205
1,99,01/02/15 04:00,-3.052358,-64.876273
1,99,01/02/15 06:01,-3.050831,-64.875355
1,99,01/02/15 08:01,-3.048482,-64.871979
1,99,01/02/15 16:00,-3.048307,-64.871959
4,99,01/02/15 18:02,-3.053441,-64.869681
4,99,01/02/15 20:01,-3.055618,-64.86952
4,99,01/02/15 22:03,-3.05864,-64.867859
1,99,01/03/15 00:02,-3.054715,-64.878583
1,99,01/03/15 02:00,-3.052448,-64.878133
1,99,01/03/15 04:00,-3.052434,-64.878309
1,99,01/03/15 06:00,-3.052437,-64.878171
1,99,01/03/15 08:00,-3.052366,-64.878202
1,99,01/03/15 12:01,-3.051913,-64.874523
4,99,01/03/15 14:01,-3.05505,-64.869736
4,99,01/03/15 18:00,-3.053955,-64.86435
4,99,01/03/15 20:00,-3.05288,-64.861354
1,99,01/04/15 02:02,-3.044789,-64.872772
1,99,01/04/15 04:00,-3.044951,-64.877883
1,99,01/04/15 06:00,-3.044888,-64.877882
1,99,01/04/15 08:01,-3.044736,-64.877875
1,99,01/04/15 10:00,-3.04488,-64.877881
1,99,01/04/15 12:01,-3.044907,-64.877893
1,99,01/04/15 14:01,-3.045034,-64.878789
1,99,01/04/15 16:00,-3.043993,-64.878826
1,99,01/04/15 20:01,-3.041409,-64.87762
1,99,01/04/15 22:02,-3.041234,-64.87409
4,99,01/05/15 02:01,-3.050815,-64.863477
4,99,01/05/15 04:01,-3.050611,-64.863348
4,99,01/05/15 06:00,-3.050774,-64.863437
4,99,01/05/15 08:01,-3.051094,-64.863724
4,99,01/05/15 10:00,-3.052222,-64.864653
4,99,01/05/15 12:00,-3.052211,-64.864738
4,99,01/05/15 14:02,-3.052209,-64.864653
4,99,01/05/15 18:01,-3.056257,-64.863073
4,99,01/05/15 22:02,-3.059857,-64.850391
4,99,01/06/15 00:01,-3.057395,-64.857738
4,99,01/06/15 02:00,-3.057314,-64.857926
4,99,01/06/15 04:02,-3.057304,-64.857916
4,99,01/06/15 06:01,-3.059566,-64.860737
4,99,01/06/15 08:00,-3.059586,-64.860868
4,99,01/06/15 12:01,-3.059547,-64.860842
4,99,01/06/15 14:01,-3.059552,-64.860839
4,99,01/06/15 18:02,-3.060582,-64.865177
4,99,01/06/15 22:01,-3.051868,-64.862256
4,99,01/07/15 00:02,-3.051332,-64.862948
4,99,01/07/15 02:02,-3.051297,-64.862879
4,99,01/07/15 04:00,-3.051436,-64.862709
4,99,01/07/15 06:01,-3.051344,-64.862981
4,99,01/07/15 08:01,-3.051297,-64.862899
4,99,01/07/15 10:01,-3.051337,-64.86296
4,99,01/07/15 14:01,-3.051312,-64.862988
4,99,01/07/15 20:01,-3.051116,-64.862765
4,99,01/07/15 22:00,-3.05124,-64.862748
4,99,01/08/15 00:02,-3.051105,-64.862823
4,99,01/08/15 06:02,-3.051139,-64.862963
4,99,01/08/15 10:02,-3.051035,-64.86293
4,99,01/08/15 12:02,-3.046465,-64.861523
4,99,01/08/15 16:02,-3.046373,-64.861594
4,99,01/08/15 22:01,-3.053132,-64.868285
4,99,01/09/15 02:01,-3.052069,-64.868507
4,99,01/09/15 04:02,-3.053477,-64.86883
4,99,01/09/15 10:00,-3.053373,-64.868765
4,99,01/09/15 12:01,-3.053405,-64.868981
4,99,01/09/15 14:00,-3.053429,-64.868973
4,99,01/09/15 16:00,-3.053597,-64.868914
1,99,01/09/15 22:02,-3.047009,-64.87416
1,99,01/10/15 00:01,-3.047357,-64.873859
1,99,01/10/15 06:01,-3.047436,-64.873922
1,99,01/10/15 08:01,-3.047407,-64.873889
1,99,01/10/15 10:02,-3.047392,-64.873978
1,99,01/10/15 12:00,-3.047457,-64.87386
1,99,01/10/15 14:00,-3.047404,-64.873923
1,99,01/10/15 20:01,-3.047349,-64.873944
1,99,01/10/15 22:01,-3.047338,-64.873909
1,99,01/11/15 00:02,-3.047371,-64.87388
1,99,01/11/15 04:02,-3.049232,-64.875033
1,99,01/11/15 06:00,-3.049152,-64.874969
1,99,01/11/15 08:00,-3.049146,-64.875037
1,99,01/11/15 10:00,-3.049161,-64.875056
1,99,01/11/15 12:00,-3.049124,-64.875208
1,99,01/11/15 14:01,-3.049085,-64.875019
1,99,01/11/15 16:01,-3.049162,-64.875098
1,99,01/11/15 18:00,-3.049226,-64.876266
1,99,01/11/15 20:00,-3.049279,-64.876098
1,99,01/12/15 00:01,-3.049243,-64.876304
1,99,01/12/15 02:01,-3.048976,-64.876323
1,99,01/12/15 06:00,-3.049244,-64.876288
1,99,01/12/15 08:01,-3.049316,-64.876057
1,99,01/12/15 10:00,-3.049295,-64.876144
1,99,01/12/15 12:00,-3.049334,-64.876217
1,99,01/12/15 14:00,-3.049249,-64.876283
1,99,01/12/15 16:01,-3.049273,-64.876273
1,99,01/12/15 20:02,-3.051047,-64.877748
1,99,01/12/15 22:01,-3.051192,-64.877789
1,99,01/13/15 00:03,-3.051084,-64.877715
1,99,01/13/15 02:02,-3.051118,-64.877733
1,99,01/13/15 04:01,-3.055385,-64.875759
4,99,01/13/15 08:01,-3.060672,-64.871886
4,99,01/13/15 10:01,-3.060701,-64.871926
4,99,01/13/15 12:01,-3.06125,-64.87077
4,99,01/13/15 18:01,-3.056079,-64.871502
4,99,01/13/15 20:00,-3.055968,-64.871595
1,99,01/14/15 06:00,-3.056825,-64.879085
1,99,01/14/15 08:01,-3.056856,-64.879081
1,99,01/14/15 12:01,-3.056825,-64.879105
1,99,01/14/15 14:02,-3.056874,-64.879061
1,99,01/14/15 16:01,-3.055016,-64.887585
1,99,01/14/15 18:02,-3.054593,-64.888491
1,99,01/14/15 22:01,-3.054709,-64.888429
1,99,01/15/15 02:01,-3.05093,-64.892191
1,99,01/15/15 06:01,-3.050775,-64.892012
1,99,01/15/15 08:01,-3.050956,-64.891938
1,99,01/15/15 10:01,-3.050864,-64.892016
1,99,01/15/15 18:02,-3.051077,-64.889864
1,99,01/15/15 20:02,-3.043841,-64.890054
1,99,01/15/15 22:01,-3.040454,-64.887007
1,99,01/16/15 00:02,-3.046167,-64.883103
1,99,01/16/15 04:02,-3.046577,-64.891886
1,99,01/16/15 06:00,-3.046611,-64.89193
1,99,01/16/15 08:00,-3.046484,-64.891878
1,99,01/16/15 10:01,-3.046455,-64.89183
1,99,01/16/15 12:02,-3.045237,-64.896303
1,99,01/16/15 20:02,-3.050333,-64.897559
1,99,01/16/15 22:01,-3.054158,-64.893993
1,99,01/17/15 00:02,-3.054795,-64.888501
1,99,01/17/15 02:02,-3.052319,-64.887324
1,99,01/17/15 04:02,-3.054226,-64.882313
1,99,01/17/15 06:01,-3.057309,-64.885976
1,99,01/17/15 08:02,-3.056054,-64.895758
1,99,01/17/15 14:01,-3.058417,-64.888592
1,99,01/17/15 16:01,-3.058821,-64.888201
1,99,01/17/15 18:00,-3.060907,-64.880123
1,99,01/17/15 20:02,-3.060954,-64.879898
1,99,01/17/15 22:01,-3.06081,-64.880046
1,99,01/18/15 02:01,-3.061059,-64.880029
1,99,01/18/15 06:02,-3.061074,-64.879977
4,99,01/18/15 08:02,-3.060009,-64.875613
1,99,01/18/15 10:02,-3.058305,-64.882393
1,99,01/18/15 12:01,-3.058523,-64.885632
1,99,01/18/15 14:02,-3.058827,-64.886751
1,99,01/18/15 16:02,-3.058759,-64.886657
1,99,01/18/15 18:00,-3.058768,-64.886652
1,99,01/18/15 20:01,-3.05856,-64.886571
1,99,01/18/15 22:03,-3.058108,-64.885665
1,99,01/19/15 00:02,-3.057834,-64.879284
4,99,01/19/15 10:01,-3.056249,-64.87477
1,99,01/19/15 12:00,-3.052178,-64.874728
1,99,01/19/15 14:00,-3.052709,-64.875524
1,99,01/19/15 16:00,-3.052694,-64.875502
1,99,01/19/15 18:01,-3.052679,-64.87557
1,99,01/19/15 20:00,-3.054729,-64.8762
1,99,01/19/15 22:00,-3.054825,-64.876166
1,99,01/20/15 00:00,-3.054696,-64.876153
4,99,01/20/15 04:01,-3.059993,-64.869971
4,99,01/20/15 06:01,-3.056089,-64.863446
4,99,01/20/15 08:02,-3.056132,-64.863795
4,99,01/20/15 12:01,-3.059599,-64.864244
4,99,01/20/15 14:01,-3.061355,-64.864492
4,99,01/20/15 16:01,-3.059966,-64.870106
4,99,01/21/15 02:02,-3.049865,-64.857618
4,99,01/21/15 06:01,-3.051374,-64.858778
4,99,01/21/15 08:00,-3.05126,-64.858282
4,99,01/21/15 10:01,-3.051211,-64.858251
4,99,01/21/15 18:00,-3.051791,-64.859392
4,99,01/21/15 20:00,-3.051803,-64.859463
4,99,01/21/15 22:02,-3.053465,-64.864253
4,99,01/22/15 04:01,-3.042749,-64.867468
4,99,01/22/15 06:02,-3.04471,-64.868671
4,99,01/22/15 08:01,-3.046526,-64.861408
4,99,01/22/15 10:00,-3.046806,-64.861275
4,99,01/22/15 12:01,-3.04665,-64.861283
4,99,01/22/15 14:01,-3.046612,-64.861173
4,99,01/22/15 16:00,-3.046686,-64.861021
4,99,01/22/15 18:01,-3.046517,-64.860813
4,99,01/23/15 02:01,-3.055709,-64.859081
4,99,01/23/15 04:02,-3.056998,-64.862447
4,99,01/23/15 06:01,-3.057277,-64.864492
4,99,01/23/15 08:01,-3.057813,-64.867496
4,99,01/23/15 10:01,-3.058948,-64.867935
4,99,01/23/15 12:02,-3.058962,-64.868031
4,99,01/23/15 18:00,-3.058609,-64.867756
4,99,01/23/15 22:01,-3.047778,-64.856634
4,99,01/24/15 00:00,-3.046246,-64.855831
4,99,01/24/15 06:02,-3.040033,-64.863669
4,99,01/24/15 08:01,-3.041056,-64.866942
4,99,01/24/15 10:01,-3.040744,-64.866741
4,99,01/24/15 12:01,-3.040926,-64.866845
4,99,01/24/15 14:01,-3.041821,-64.867151
4,99,01/24/15 18:00,-3.040345,-64.867334
4,99,01/24/15 20:00,-3.040514,-64.867244
4,99,01/25/15 04:01,-3.033674,-64.879715
1,99,01/25/15 06:01,-3.041804,-64.881334
1,99,01/25/15 08:00,-3.039492,-64.88148
1,99,01/25/15 10:01,-3.039024,-64.881397
1,99,01/25/15 12:01,-3.03944,-64.881494
1,99,01/25/15 14:01,-3.039526,-64.881191
1,99,01/25/15 18:01,-3.039111,-64.881351
1,99,01/25/15 20:02,-3.039367,-64.881535
4,99,01/25/15 22:02,-3.038661,-64.878784
1,99,01/26/15 04:01,-3.036614,-64.885979
1,99,01/26/15 06:02,-3.030007,-64.888716
1,99,01/26/15 08:01,-3.031142,-64.889489
1,99,01/26/15 12:02,-3.031081,-64.889673
1,99,01/26/15 14:02,-3.031197,-64.889685
1,99,01/26/15 16:02,-3.033745,-64.889131
1,99,01/26/15 20:00,-3.034023,-64.889151
1,99,01/26/15 22:01,-3.033913,-64.889195
1,99,01/27/15 04:02,-3.038265,-64.886914
1,99,01/27/15 06:01,-3.038519,-64.886958
1,99,01/27/15 08:00,-3.038534,-64.886861
1,99,01/27/15 10:00,-3.038554,-64.886971
1,99,01/27/15 12:02,-3.038189,-64.886897
1,99,01/27/15 14:00,-3.038244,-64.886881
1,99,01/27/15 16:02,-3.038462,-64.886777
1,99,01/27/15 18:02,-3.041013,-64.887335
1,99,01/27/15 20:02,-3.042466,-64.885785
1,99,01/27/15 22:00,-3.040979,-64.886762
1,99,01/28/15 04:01,-3.051845,-64.888953
1,99,01/28/15 06:01,-3.051855,-64.889078
1,99,01/28/15 10:01,-3.051817,-64.88909
1,99,01/28/15 12:01,-3.051825,-64.889112
1,99,01/28/15 14:01,-3.052373,-64.888757
1,99,01/28/15 16:00,-3.05241,-64.888893
1,99,01/28/15 18:00,-3.052341,-64.888891
1,99,01/28/15 20:01,-3.053982,-64.892208
1,99,01/28/15 22:01,-3.052433,-64.884315
1,99,01/29/15 00:00,-3.048759,-64.887286
1,99,01/29/15 02:02,-3.051548,-64.893046
1,99,01/29/15 04:01,-3.05138,-64.89312
1,99,01/29/15 06:01,-3.051641,-64.893269
1,99,01/29/15 08:00,-3.051754,-64.893425
1,99,01/29/15 10:01,-3.051781,-64.893541
1,99,01/29/15 16:01,-3.05247,-64.897409
1,99,01/29/15 20:02,-3.052444,-64.897373
1,99,01/30/15 00:00,-3.052397,-64.897347
1,99,01/30/15 04:01,-3.051536,-64.893013
1,99,01/30/15 06:01,-3.051476,-64.893009
1,99,01/30/15 08:00,-3.051509,-64.893123
1,99,01/30/15 12:01,-3.051429,-64.893209
1,99,01/30/15 20:02,-3.050848,-64.893657
1,99,01/31/15 02:00,-3.053709,-64.892127
1,99,01/31/15 04:02,-3.05568,-64.888408
1,99,01/31/15 06:01,-3.055996,-64.886503
1,99,01/31/15 08:01,-3.055852,-64.886998
1,99,01/31/15 12:01,-3.053283,-64.892787
1,99,01/31/15 14:02,-3.053185,-64.89279
1,99,01/31/15 16:00,-3.053259,-64.89276
1,99,01/31/15 22:00,-3.053287,-64.892775
1,99,02/01/15 00:02,-3.053852,-64.893183
1,99,02/01/15 04:03,-3.050323,-64.903266
1,99,02/01/15 08:01,-3.047175,-64.893185
1,99,02/01/15 10:00,-3.048521,-64.893102
1,99,02/01/15 12:00,-3.048259,-64.893059
1,99,02/01/15 14:01,-3.048122,-64.892881
1,99,02/01/15 20:01,-3.053547,-64.891773
1,99,02/02/15 00:02,-3.056542,-64.892619
1,99,02/02/15 04:02,-3.059702,-64.879837
1,99,02/02/15 06:00,-3.060021,-64.878424
1,99,02/02/15 08:00,-3.060069,-64.878316
4,99,02/03/15 06:01,-3.077824,-64.866636
4,99,02/03/15 08:01,-3.077729,-64.866637
4,99,02/03/15 10:01,-3.077656,-64.86666
4,99,02/03/15 12:00,-3.077658,-64.866674
4,99,02/03/15 16:03,-3.077931,-64.866718
4,99,02/03/15 20:00,-3.080283,-64.865456
4,99,02/04/15 00:01,-3.080129,-64.865245
4,99,02/04/15 02:00,-3.080269,-64.865212
3,99,02/04/15 04:00,-3.090887,-64.876374
3,99,02/04/15 06:00,-3.090801,-64.876485
3,99,02/04/15 08:02,-3.090876,-64.876415
3,99,02/04/15 10:02,-3.086362,-64.872967
1,99,02/04/15 20:01,-3.071981,-64.871131
1,99,02/05/15 06:02,-3.068914,-64.877285
1,99,02/05/15 10:02,-3.066971,-64.879302
3,99,02/05/15 16:02,-3.079765,-64.873759
3,99,02/05/15 18:00,-3.079795,-64.873456
3,99,02/05/15 20:01,-3.079865,-64.873404
3,99,02/05/15 22:01,-3.079937,-64.873435
3,99,02/06/15 00:00,-3.079796,-64.87339
3,99,02/06/15 02:00,-3.079913,-64.873565
3,99,02/06/15 04:02,-3.077216,-64.871777
4,99,02/06/15 08:02,-3.062845,-64.873932
1,99,02/06/15 10:02,-3.060037,-64.888358
4,99,02/06/15 20:00,-3.058538,-64.867952
4,99,02/07/15 00:00,-3.063023,-64.857094
4,99,02/07/15 02:00,-3.063074,-64.85705
3,99,02/07/15 04:02,-3.068515,-64.853775
3,99,02/07/15 06:01,-3.068472,-64.853867
4,99,02/07/15 10:03,-3.056904,-64.852092
4,99,02/07/15 12:01,-3.047339,-64.856779
4,99,02/07/15 16:01,-3.052598,-64.869587
4,99,02/07/15 18:00,-3.052514,-64.869578
4,99,02/07/15 20:01,-3.051655,-64.870187
4,99,02/07/15 22:01,-3.056121,-64.87087
4,99,02/08/15 00:00,-3.073201,-64.859057
3,99,02/08/15 04:00,-3.073869,-64.852186
3,99,02/08/15 08:01,-3.067276,-64.852329
3,99,02/08/15 10:01,-3.06741,-64.852036
3,99,02/08/15 12:00,-3.067313,-64.852133
4,99,02/09/15 00:01,-3.054819,-64.859248
4,99,02/09/15 02:02,-3.054707,-64.859273
4,99,02/09/15 08:01,-3.062932,-64.857854
3,99,02/09/15 10:00,-3.065922,-64.854456
3,99,02/09/15 14:01,-3.065974,-64.854472
3,99,02/09/15 16:00,-3.066063,-64.854559
3,99,02/09/15 18:00,-3.066029,-64.854493
3,99,02/09/15 20:00,-3.066157,-64.853403
3,99,02/10/15 08:02,-3.066033,-64.853722
3,99,02/10/15 12:02,-3.066194,-64.848461
3,99,02/10/15 14:01,-3.066071,-64.848454
3,99,02/10/15 16:01,-3.066258,-64.848417
3,99,02/10/15 18:02,-3.066665,-64.848181
3,99,02/11/15 02:01,-3.068282,-64.846929
3,99,02/11/15 04:00,-3.068227,-64.846969
3,99,02/11/15 06:00,-3.068341,-64.846959
3,99,02/11/15 12:01,-3.070728,-64.84271
3,99,02/11/15 14:01,-3.071319,-64.842652
3,99,02/11/15 16:01,-3.071491,-64.842206
3,99,02/11/15 18:01,-3.070857,-64.838009
3,99,02/11/15 20:01,-3.070821,-64.838094
3,99,02/11/15 22:01,-3.070895,-64.838013
3,99,02/12/15 00:01,-3.070922,-64.838045
3,99,02/12/15 02:01,-3.070843,-64.838018
3,99,02/12/15 06:00,-3.056776,-64.841217
3,99,02/12/15 08:01,-3.05686,-64.840951
3,99,02/12/15 10:00,-3.056922,-64.840744
3,99,02/12/15 12:01,-3.056884,-64.839673
3,99,02/12/15 14:01,-3.056798,-64.839861
3,99,02/13/15 02:02,-3.078552,-64.850146
3,99,02/13/15 06:01,-3.081985,-64.851245
3,99,02/13/15 08:01,-3.081791,-64.85111
3,99,02/13/15 10:00,-3.081833,-64.851421
3,99,02/13/15 14:00,-3.081865,-64.851344
3,99,02/13/15 20:00,-3.077564,-64.849277
3,99,02/14/15 00:02,-3.090214,-64.850825
3,99,02/14/15 02:01,-3.090027,-64.84577
3,99,02/14/15 04:01,-3.080686,-64.849073
3,99,02/14/15 06:02,-3.079054,-64.85039
3,99,02/14/15 08:01,-3.075306,-64.85334
4,99,02/14/15 12:01,-3.060179,-64.852408
4,99,02/14/15 14:01,-3.060154,-64.852507
4,99,02/14/15 22:02,-3.059811,-64.854656
3,99,02/15/15 02:01,-3.056858,-64.840959
3,99,02/15/15 06:01,-3.065606,-64.831863
3,99,02/15/15 08:03,-3.065973,-64.832682
3,99,02/15/15 12:00,-3.07828,-64.83693
3,99,02/15/15 14:01,-3.078204,-64.836916
3,99,02/15/15 20:02,-3.092981,-64.827787
3,99,02/16/15 18:02,-3.063628,-64.844523
3,99,02/16/15 20:01,-3.07106,-64.842881
3,99,02/17/15 00:01,-3.089902,-64.849737
3,99,02/17/15 02:01,-3.094639,-64.841553
3,99,02/17/15 04:01,-3.096204,-64.839183
3,99,02/17/15 06:01,-3.09615,-64.839008
3,99,02/17/15 08:02,-3.097776,-64.836528
3,99,02/17/15 10:00,-3.098203,-64.833134
3,99,02/17/15 12:00,-3.098276,-64.833207
3,99,02/17/15 14:01,-3.098389,-64.83287
3,99,02/17/15 22:01,-3.097739,-64.832478
3,99,02/18/15 00:03,-3.091262,-64.833142
3,99,02/18/15 06:01,-3.085287,-64.841703
3,99,02/18/15 08:01,-3.085367,-64.841878
3,99,02/18/15 10:00,-3.082671,-64.841086
3,99,02/18/15 12:01,-3.0831,-64.845434
3,99,02/18/15 16:00,-3.083205,-64.845459
3,99,02/19/15 04:01,-3.077717,-64.848826
3,99,02/19/15 06:00,-3.073966,-64.849455
3,99,02/19/15 08:02,-3.073965,-64.849264
3,99,02/19/15 14:01,-3.07239,-64.847344
3,99,02/19/15 20:02,-3.07242,-64.847182
3,99,02/19/15 22:01,-3.072287,-64.852232
3,99,02/20/15 00:01,-3.069647,-64.854317
4,99,02/20/15 02:00,-3.064306,-64.854828
4,99,02/20/15 04:02,-3.058728,-64.857022
4,99,02/20/15 06:01,-3.057889,-64.85199
4,99,02/20/15 08:02,-3.059063,-64.851094
3,99,02/20/15 10:02,-3.064762,-64.846334
3,99,02/20/15 14:01,-3.063839,-64.844642
3,99,02/20/15 18:00,-3.063602,-64.844524
3,99,02/20/15 22:02,-3.063676,-64.837904
3,99,02/21/15 00:01,-3.066019,-64.839517
3,99,02/21/15 02:01,-3.071677,-64.849564
3,99,02/21/15 04:01,-3.072754,-64.851566
3,99,02/21/15 06:01,-3.072882,-64.851555
3,99,02/21/15 12:02,-3.076539,-64.858429
3,99,02/21/15 16:01,-3.076484,-64.858621
3,99,02/21/15 18:01,-3.076569,-64.858621
3,99,02/21/15 20:01,-3.075265,-64.860514
4,99,02/21/15 22:02,-3.074573,-64.862344
4,99,02/22/15 02:02,-3.073466,-64.863431
4,99,02/22/15 08:01,-3.066273,-64.864824
4,99,02/22/15 10:01,-3.066386,-64.864624
4,99,02/22/15 12:01,-3.066465,-64.864734
4,99,02/22/15 16:01,-3.064515,-64.868889
4,99,02/22/15 18:02,-3.058999,-64.861751
4,99,02/22/15 20:02,-3.056266,-64.859949
4,99,02/23/15 00:02,-3.056233,-64.859853
4,99,02/23/15 02:01,-3.05607,-64.859778
4,99,02/23/15 04:00,-3.056184,-64.85963
4,99,02/23/15 06:02,-3.053847,-64.85801
4,99,02/23/15 14:01,-3.0534,-64.857677
4,99,02/23/15 16:02,-3.056175,-64.859608
4,99,02/23/15 18:01,-3.052869,-64.856143
4,99,02/23/15 20:02,-3.050075,-64.85704
4,99,02/23/15 22:00,-3.049396,-64.855667
4,99,02/24/15 00:00,-3.049319,-64.855708
4,99,02/24/15 02:00,-3.049425,-64.855688
4,99,02/24/15 04:00,-3.049222,-64.855681
3,99,02/24/15 08:02,-3.06714,-64.854151
3,99,02/24/15 10:01,-3.065967,-64.853341
3,99,02/24/15 16:00,-3.065949,-64.853427
3,99,02/24/15 18:01,-3.06554,-64.853759
3,99,02/24/15 20:01,-3.065358,-64.85397
4,99,02/25/15 00:01,-3.060528,-64.856326
4,99,02/25/15 02:00,-3.060434,-64.856412
4,99,02/25/15 04:01,-3.060871,-64.857232
4,99,02/25/15 06:01,-3.058166,-64.856212
4,99,02/25/15 08:01,-3.058119,-64.855859
3,99,02/25/15 12:02,-3.045016,-64.843383
4,99,02/26/15 00:02,-3.051171,-64.848507
4,99,02/26/15 04:01,-3.048291,-64.848085
4,99,02/26/15 06:01,-3.05052,-64.847557
4,99,02/26/15 14:02,-3.052665,-64.847598
4,99,02/26/15 20:02,-3.050121,-64.847563
4,99,02/27/15 00:01,-3.051103,-64.852761
4,99,02/27/15 02:00,-3.05088,-64.85178
4,99,02/27/15 04:00,-3.050327,-64.847356
3,99,02/27/15 08:01,-3.053861,-64.842855
3,99,02/27/15 10:01,-3.052191,-64.842499
4,99,02/27/15 18:00,-3.050623,-64.845543
4,99,02/27/15 20:03,-3.055772,-64.846009
4,99,02/28/15 00:01,-3.054409,-64.844986
3,99,02/28/15 02:02,-3.059099,-64.845489
3,99,02/28/15 04:00,-3.059086,-64.845578
3,99,02/28/15 08:00,-3.059112,-64.845539
3,99,02/28/15 10:01,-3.059091,-64.845468
3,99,02/28/15 12:02,-3.058919,-64.845561
3,99,02/28/15 16:01,-3.059541,-64.845761
4,99,02/28/15 22:00,-3.049655,-64.844352
4,99,03/01/15 02:01,-3.03866,-64.84562
4,99,03/01/15 04:01,-3.038385,-64.845455
4,99,03/01/15 08:00,-3.051538,-64.84713
4,99,03/01/15 10:02,-3.05172,-64.847491
4,99,03/01/15 16:01,-3.057975,-64.856717
4,99,03/01/15 18:00,-3.058111,-64.856655
4,99,03/01/15 22:01,-3.068463,-64.858873
4,99,03/02/15 02:00,-3.065926,-64.865552
4,99,03/02/15 04:01,-3.066091,-64.865633
4,99,03/02/15 06:01,-3.065879,-64.865478
4,99,03/02/15 10:01,-3.066033,-64.865532
4,99,03/02/15 12:01,-3.06568,-64.865993
4,99,03/02/15 14:01,-3.065806,-64.866021
1,99,03/03/15 00:01,-3.067154,-64.872273
4,99,03/03/15 02:00,-3.062175,-64.874446
4,99,03/03/15 04:01,-3.057771,-64.871037
4,99,03/03/15 06:02,-3.053557,-64.865585
4,99,03/03/15 08:01,-3.053532,-64.865193
4,99,03/03/15 10:01,-3.053188,-64.865623
4,99,03/03/15 12:01,-3.053047,-64.865511
4,99,03/03/15 14:02,-3.053106,-64.865484
4,99,03/03/15 16:01,-3.053143,-64.865587
4,99,03/03/15 18:00,-3.058583,-64.867835
4,99,03/03/15 20:00,-3.059169,-64.868189
4,99,03/04/15 06:01,-3.062688,-64.864387
4,99,03/04/15 08:00,-3.062445,-64.864321
4,99,03/04/15 14:01,-3.067825,-64.858963
3,99,03/04/15 18:00,-3.078545,-64.856953
3,99,03/04/15 20:01,-3.080042,-64.853422
3,99,03/04/15 22:01,-3.083979,-64.851536
3,99,03/05/15 04:02,-3.088822,-64.857568
3,99,03/05/15 06:00,-3.088828,-64.858263
3,99,03/05/15 10:01,-3.083892,-64.859516
3,99,03/05/15 16:01,-3.078578,-64.848861
3,99,03/05/15 18:00,-3.07844,-64.848549
3,99,03/05/15 22:02,-3.07798,-64.847646
3,99,03/06/15 00:00,-3.078054,-64.847579
3,99,03/06/15 02:01,-3.077906,-64.847591
3,99,03/06/15 06:01,-3.070518,-64.847566
3,99,03/06/15 08:00,-3.070362,-64.847563
3,99,03/06/15 10:02,-3.070393,-64.847673
3,99,03/06/15 12:01,-3.070421,-64.847845
3,99,03/06/15 14:01,-3.070341,-64.847815
3,99,03/06/15 16:00,-3.069978,-64.848485
3,99,03/06/15 18:01,-3.069942,-64.848384
3,99,03/06/15 20:02,-3.069983,-64.848455
3,99,03/06/15 22:01,-3.069952,-64.848352
3,99,03/07/15 00:00,-3.069926,-64.848436
3,99,03/07/15 02:01,-3.069992,-64.848445
3,99,03/07/15 04:00,-3.070027,-64.848461
3,99,03/07/15 06:01,-3.070019,-64.848447
3,99,03/07/15 08:00,-3.069913,-64.848375
3,99,03/07/15 10:00,-3.069999,-64.848413
3,99,03/07/15 12:00,-3.069915,-64.848398
3,99,03/07/15 14:01,-3.069929,-64.848444
3,99,03/07/15 16:00,-3.070009,-64.848396
3,99,03/07/15 18:00,-3.069958,-64.848437
3,99,03/07/15 20:00,-3.068915,-64.849021
3,99,03/08/15 00:00,-3.085692,-64.856472
3,99,03/08/15 06:01,-3.08872,-64.856942
3,99,03/08/15 08:02,-3.088666,-64.857034
3,99,03/08/15 14:02,-3.088938,-64.856935
3,99,03/08/15 18:02,-3.088357,-64.857148
3,99,03/08/15 20:01,-3.088337,-64.863618
3,99,03/09/15 04:01,-3.093877,-64.861641
3,99,03/09/15 06:01,-3.093891,-64.861825
3,99,03/09/15 10:01,-3.095579,-64.854232
3,99,03/09/15 16:02,-3.094606,-64.854594
3,99,03/10/15 04:02,-3.096286,-64.833094
3,99,03/10/15 10:00,-3.097119,-64.833559
3,99,03/10/15 12:01,-3.097376,-64.833001
3,99,03/10/15 14:01,-3.097308,-64.832973
3,99,03/10/15 18:02,-3.094044,-64.828813
3,99,03/10/15 20:02,-3.103243,-64.82738
3,99,03/11/15 04:01,-3.092919,-64.835647
3,99,03/11/15 06:00,-3.092944,-64.835642
3,99,03/11/15 08:00,-3.092881,-64.835672
3,99,03/11/15 10:00,-3.09293,-64.835614
3,99,03/11/15 12:00,-3.093111,-64.836485
3,99,03/11/15 14:01,-3.09522,-64.838103
3,99,03/11/15 16:00,-3.095996,-64.837715
3,99,03/11/15 18:00,-3.096421,-64.837912
3,99,03/11/15 20:00,-3.096079,-64.837852
3,99,03/11/15 22:02,-3.099894,-64.838346
3,99,03/12/15 02:03,-3.099619,-64.838146
3,99,03/12/15 06:00,-3.100474,-64.837963
3,99,03/12/15 08:02,-3.100806,-64.838344
3,99,03/12/15 10:02,-3.100907,-64.838353
3,99,03/12/15 12:01,-3.100806,-64.838492
3,99,03/13/15 04:01,-3.094283,-64.830472
3,99,03/13/15 06:01,-3.093936,-64.830261
3,99,03/13/15 08:02,-3.094134,-64.830358
3,99,03/13/15 12:02,-3.093833,-64.830522
3,99,03/13/15 14:01,-3.094321,-64.830594
3,99,03/13/15 16:00,-3.092749,-64.828197
3,99,03/14/15 04:01,-3.09512,-64.827045
3,99,03/14/15 06:00,-3.095174,-64.826908
3,99,03/14/15 08:00,-3.095037,-64.827049
3,99,03/14/15 12:01,-3.095527,-64.82603
3,99,03/14/15 14:01,-3.091284,-64.825355
3,99,03/14/15 16:01,-3.0891,-64.825554
3,99,03/14/15 18:00,-3.08833,-64.825032
3,99,03/14/15 20:00,-3.088509,-64.82485
3,99,03/14/15 22:01,-3.088573,-64.824692
3,99,03/15/15 02:03,-3.093457,-64.830287
3,99,03/15/15 08:02,-3.103623,-64.830191
3,99,03/15/15 18:02,-3.101175,-64.832186
3,99,03/16/15 00:01,-3.101416,-64.832181
3,99,03/16/15 06:00,-3.102188,-64.831233
3,99,03/16/15 10:00,-3.101934,-64.836638
3,99,03/16/15 14:01,-3.101919,-64.836566
3,99,03/16/15 20:02,-3.101922,-64.843795
3,99,03/17/15 00:01,-3.098912,-64.851518
3,99,03/17/15 06:02,-3.096585,-64.850188
3,99,03/18/15 00:00,-3.093659,-64.840843
3,99,03/18/15 02:00,-3.093712,-64.840884
3,99,03/18/15 04:00,-3.093681,-64.840826
3,99,03/18/15 08:01,-3.104384,-64.836364
3,99,03/18/15 10:01,-3.104077,-64.836888
3,99,03/18/15 14:00,-3.103818,-64.83777
3,99,03/18/15 18:03,-3.103663,-64.837858
3,99,03/18/15 22:01,-3.09652,-64.840329
3,99,03/19/15 00:01,-3.092254,-64.837692
3,99,03/19/15 08:01,-3.085082,-64.847078
3,99,03/19/15 10:01,-3.08546,-64.846643
3,99,03/19/15 12:01,-3.085427,-64.846776
3,99,03/19/15 14:01,-3.08535,-64.846737
3,99,03/19/15 18:00,-3.086812,-64.84016
3,99,03/19/15 20:00,-3.08867,-64.838643
3,99,03/19/15 22:00,-3.08955,-64.839306
3,99,03/20/15 00:00,-3.089564,-64.839252
3,99,03/20/15 02:01,-3.089458,-64.839429
3,99,03/20/15 06:00,-3.084925,-64.842422
3,99,03/20/15 08:01,-3.084906,-64.8424
3,99,03/20/15 10:00,-3.08511,-64.842637
3,99,03/20/15 12:00,-3.084868,-64.842616
3,99,03/20/15 14:00,-3.084993,-64.842473
3,99,03/20/15 16:01,-3.084998,-64.842513
3,99,03/20/15 18:01,-3.085131,-64.842515
3,99,03/21/15 00:00,-3.083072,-64.832872
3,99,03/21/15 02:01,-3.08299,-64.832964
3,99,03/21/15 06:01,-3.080573,-64.840006
3,99,03/21/15 08:00,-3.080506,-64.839801
3,99,03/21/15 10:00,-3.080588,-64.839835
3,99,03/21/15 12:01,-3.080501,-64.839907
3,99,03/21/15 14:00,-3.080532,-64.839979
3,99,03/21/15 16:01,-3.08061,-64.839892
3,99,03/21/15 18:01,-3.077802,-64.841694
3,99,03/21/15 20:01,-3.078112,-64.841522
3,99,03/21/15 22:02,-3.080363,-64.844462
3,99,03/22/15 00:00,-3.080433,-64.844423
3,99,03/22/15 02:01,-3.080428,-64.844511
3,99,03/22/15 06:00,-3.084034,-64.846327
3,99,03/22/15 08:00,-3.084028,-64.846329
3,99,03/22/15 10:02,-3.082175,-64.852594
3,99,03/22/15 14:02,-3.081966,-64.853083
3,99,03/22/15 16:02,-3.082202,-64.852692
3,99,03/22/15 18:00,-3.082019,-64.85422
3,99,03/22/15 20:01,-3.081913,-64.854344
3,99,03/22/15 22:00,-3.081964,-64.854275
3,99,03/23/15 00:01,-3.081865,-64.854289
3,99,03/23/15 04:02,-3.075322,-64.854831
3,99,03/23/15 08:02,-3.08223,-64.853569
3,99,03/23/15 10:02,-3.082114,-64.853427
3,99,03/23/15 12:01,-3.082131,-64.856953
3,99,03/23/15 18:00,-3.079854,-64.849226
3,99,03/23/15 20:01,-3.077839,-64.847526
3,99,03/24/15 00:00,-3.080328,-64.844489
4,99,03/24/15 08:02,-3.069872,-64.859023
4,99,03/24/15 10:01,-3.069885,-64.859036
4,99,03/24/15 12:02,-3.069822,-64.859075
4,99,03/24/15 14:00,-3.069958,-64.859083
4,99,03/24/15 16:01,-3.069883,-64.859153
4,99,03/24/15 18:00,-3.06727,-64.856979
4,99,03/24/15 20:01,-3.067235,-64.856941
3,99,03/24/15 22:00,-3.071138,-64.851737
3,99,03/25/15 00:01,-3.07445,-64.842691
3,99,03/25/15 02:01,-3.074509,-64.842693
3,99,03/25/15 04:00,-3.074572,-64.842709
3,99,03/25/15 06:00,-3.074521,-64.842754
3,99,03/25/15 08:00,-3.074502,-64.842743
3,99,03/25/15 10:00,-3.074508,-64.842751
3,99,03/25/15 12:00,-3.074541,-64.842801
3,99,03/25/15 14:00,-3.074419,-64.842806
3,99,03/25/15 16:00,-3.074504,-64.842736
3,99,03/25/15 18:01,-3.073319,-64.841131
3,99,03/26/15 00:01,-3.067916,-64.837549
3,99,03/26/15 02:00,-3.068238,-64.837436
3,99,03/26/15 04:00,-3.068137,-64.837392
3,99,03/26/15 06:01,-3.068604,-64.839835
3,99,03/26/15 08:01,-3.070649,-64.840026
3,99,03/26/15 10:00,-3.070674,-64.840005
3,99,03/26/15 12:01,-3.070713,-64.839962
3,99,03/26/15 14:01,-3.070714,-64.839961
3,99,03/26/15 16:00,-3.070648,-64.839969
3,99,03/26/15 18:00,-3.070672,-64.840038
3,99,03/26/15 20:01,-3.077664,-64.84218
3,99,03/26/15 22:01,-3.077618,-64.842288
3,99,03/27/15 00:01,-3.077242,-64.841288
3,99,03/27/15 02:02,-3.078418,-64.845572
3,99,03/27/15 04:00,-3.081687,-64.848759
3,99,03/27/15 06:00,-3.081661,-64.84883
3,99,03/27/15 10:00,-3.077982,-64.847615
3,99,03/27/15 12:00,-3.07799,-64.847568
3,99,03/27/15 14:00,-3.077964,-64.847751
3,99,03/27/15 16:00,-3.077914,-64.847606
3,99,03/27/15 20:00,-3.077838,-64.847517
3,99,03/27/15 22:00,-3.09058,-64.840912
3,99,03/28/15 00:03,-3.092027,-64.836818
3,99,03/28/15 02:00,-3.091522,-64.836194
3,99,03/28/15 04:01,-3.09156,-64.836376
3,99,03/28/15 06:01,-3.091563,-64.836404
3,99,03/28/15 08:00,-3.093002,-64.836605
3,99,03/28/15 10:00,-3.092891,-64.836669
3,99,03/28/15 12:00,-3.092907,-64.836713
3,99,03/28/15 14:00,-3.092915,-64.836722
3,99,03/28/15 16:01,-3.09298,-64.836807
3,99,03/28/15 18:00,-3.092743,-64.836747
3,99,03/28/15 20:01,-3.09278,-64.836603
3,99,03/29/15 00:00,-3.093506,-64.839855
3,99,03/29/15 02:01,-3.093442,-64.839891
3,99,03/29/15 04:00,-3.093392,-64.839772
3,99,03/29/15 06:00,-3.093331,-64.840105
3,99,03/29/15 08:00,-3.09357,-64.839921
3,99,03/29/15 10:01,-3.093425,-64.839842
3,99,03/29/15 12:00,-3.093473,-64.839846
3,99,03/29/15 14:01,-3.09354,-64.840043
3,99,03/29/15 16:00,-3.093572,-64.839856
3,99,03/29/15 18:00,-3.093912,-64.840054
3,99,03/30/15 00:01,-3.091396,-64.827024
3,99,03/30/15 02:00,-3.091138,-64.82707
3,99,03/30/15 06:01,-3.091916,-64.825052
3,99,03/30/15 08:01,-3.091974,-64.824956
3,99,03/30/15 10:00,-3.091917,-64.824891
3,99,03/30/15 12:00,-3.091879,-64.824854
3,99,03/30/15 14:01,-3.091892,-64.825088
3,99,03/30/15 16:00,-3.091883,-64.824943
3,99,03/30/15 18:01,-3.088592,-64.825154
3,99,03/30/15 20:01,-3.087878,-64.825675
3,99,03/30/15 22:01,-3.084838,-64.826949
3,99,03/31/15 00:00,-3.084901,-64.826748
3,99,03/31/15 02:00,-3.084876,-64.826907
3,99,03/31/15 04:00,-3.084828,-64.826503
3,99,03/31/15 06:00,-3.084924,-64.826858
3,99,03/31/15 08:01,-3.084682,-64.826883
3,99,03/31/15 10:00,-3.084816,-64.826942
3,99,03/31/15 14:00,-3.085627,-64.824034
3,99,03/31/15 16:00,-3.085638,-64.824044
3,99,03/31/15 18:00,-3.083555,-64.822983
3,99,03/31/15 20:01,-3.080498,-64.824732
3,99,03/31/15 22:01,-3.080495,-64.824575
3,99,04/01/15 02:00,-3.080496,-64.824683
3,99,04/01/15 04:00,-3.08052,-64.824712
3,99,04/01/15 06:01,-3.079289,-64.822691
3,99,04/01/15 08:00,-3.079398,-64.822731
3,99,04/01/15 10:01,-3.0793,-64.822603
3,99,04/01/15 12:00,-3.079347,-64.822815
3,99,04/01/15 14:00,-3.079362,-64.822831
3,99,04/01/15 16:00,-3.079648,-64.822701
3,99,04/01/15 18:01,-3.080444,-64.822754
3,99,04/01/15 20:02,-3.088245,-64.825555
3,99,04/01/15 22:02,-3.088338,-64.825191
3,99,04/02/15 00:01,-3.080898,-64.824052
3,99,04/02/15 02:01,-3.080895,-64.824047
3,99,04/02/15 04:01,-3.081087,-64.824014
3,99,04/02/15 06:01,-3.079365,-64.822867
3,99,04/02/15 08:00,-3.079411,-64.822808
3,99,04/02/15 10:00,-3.079351,-64.822774
3,99,04/02/15 12:01,-3.079272,-64.822971
3,99,04/02/15 14:00,-3.079326,-64.822797
3,99,04/02/15 16:00,-3.079369,-64.822773
3,99,04/02/15 18:00,-3.079388,-64.822894
3,99,04/02/15 20:01,-3.075595,-64.824987
3,99,04/02/15 22:00,-3.075475,-64.825081
3,99,04/03/15 00:01,-3.075234,-64.824865
3,99,04/03/15 02:01,-3.073628,-64.824629
3,99,04/03/15 04:01,-3.073024,-64.823773
3,99,04/03/15 06:01,-3.073413,-64.82391
3,99,04/03/15 08:01,-3.073658,-64.824611
3,99,04/03/15 10:00,-3.073556,-64.824565
3,99,04/03/15 12:01,-3.073725,-64.824664
3,99,04/03/15 14:02,-3.073778,-64.824601
3,99,04/03/15 16:00,-3.073707,-64.824673
3,99,04/03/15 18:01,-3.073625,-64.824577
3,99,04/03/15 20:00,-3.073665,-64.824639
3,99,04/04/15 00:01,-3.073531,-64.824605
3,99,04/04/15 02:00,-3.073547,-64.824629
3,99,04/04/15 04:00,-3.073709,-64.824476
3,99,04/04/15 06:01,-3.073673,-64.824718
3,99,04/04/15 08:00,-3.07361,-64.824557
3,99,04/04/15 10:00,-3.073582,-64.824577
3,99,04/04/15 12:02,-3.073599,-64.824544
3,99,04/04/15 14:01,-3.073581,-64.824631
3,99,04/04/15 16:00,-3.073758,-64.82451
3,99,04/04/15 18:01,-3.072816,-64.827041
3,99,04/04/15 20:00,-3.072786,-64.827097
3,99,04/04/15 22:00,-3.073371,-64.828366
3,99,04/05/15 00:00,-3.073379,-64.828345
3,99,04/05/15 02:00,-3.073384,-64.828319
3,99,04/05/15 04:00,-3.073755,-64.826899
3,99,04/05/15 06:01,-3.074851,-64.827209
3,99,04/05/15 08:00,-3.074958,-64.827261
3,99,04/05/15 10:01,-3.074911,-64.827354
3,99,04/05/15 12:00,-3.074916,-64.827291
3,99,04/05/15 14:01,-3.0749,-64.827172
3,99,04/05/15 18:00,-3.075945,-64.82741
3,99,04/05/15 22:00,-3.079212,-64.827276
3,99,04/06/15 00:00,-3.079187,-64.827248
3,99,04/06/15 02:00,-3.07924,-64.827162
3,99,04/06/15 04:01,-3.079258,-64.827275
3,99,04/06/15 06:00,-3.07752,-64.829893
3,99,04/06/15 08:00,-3.077529,-64.82998
3,99,04/06/15 10:00,-3.077466,-64.829987
3,99,04/06/15 12:00,-3.077472,-64.829993
3,99,04/06/15 14:00,-3.077314,-64.83003
3,99,04/06/15 16:00,-3.077479,-64.82996
3,99,04/06/15 18:00,-3.077715,-64.829346
3,99,04/06/15 22:02,-3.071558,-64.825471
3,99,04/07/15 02:01,-3.071622,-64.825383
3,99,04/07/15 04:01,-3.072192,-64.824977
3,99,04/07/15 06:00,-3.072545,-64.824732
3,99,04/07/15 08:01,-3.072671,-64.824827
3,99,04/07/15 10:01,-3.07252,-64.824741
3,99,04/07/15 12:01,-3.072558,-64.824603
3,99,04/07/15 14:00,-3.072446,-64.824768
3,99,04/07/15 16:00,-3.072478,-64.824828
3,99,04/07/15 18:00,-3.072478,-64.824839
3,99,04/07/15 20:01,-3.074689,-64.820945
3,99,04/07/15 22:00,-3.077098,-64.820047
3,99,04/08/15 00:01,-3.076706,-64.821058
3,99,04/08/15 02:00,-3.080233,-64.822131
3,99,04/08/15 04:01,-3.079815,-64.82183
3,99,04/08/15 08:00,-3.079218,-64.82204
3,99,04/08/15 10:00,-3.079272,-64.822327
3,99,04/08/15 12:00,-3.079727,-64.82188
3,99,04/08/15 14:01,-3.07971,-64.821702
3,99,04/08/15 16:00,-3.08152,-64.823896
3,99,04/08/15 18:00,-3.081559,-64.823943
3,99,04/08/15 20:00,-3.081493,-64.823893
3,99,04/08/15 22:00,-3.082098,-64.821801
3,99,04/09/15 00:00,-3.081641,-64.821433
3,99,04/09/15 02:00,-3.081634,-64.821397
3,99,04/09/15 04:00,-3.081637,-64.821148
3,99,04/09/15 06:00,-3.081731,-64.821393
3,99,04/09/15 08:00,-3.081707,-64.821367
3,99,04/09/15 10:01,-3.081718,-64.821454
3,99,04/09/15 12:00,-3.081653,-64.821363
3,99,04/09/15 14:00,-3.081623,-64.821439
3,99,04/09/15 16:00,-3.081659,-64.821444
3,99,04/09/15 18:01,-3.081624,-64.82153
3,99,04/09/15 20:00,-3.079552,-64.818553
3,99,04/09/15 22:00,-3.079614,-64.818558
3,99,04/10/15 00:00,-3.079603,-64.818575
3,99,04/10/15 02:01,-3.079479,-64.818554
3,99,04/10/15 04:00,-3.079404,-64.81847
3,99,04/10/15 06:01,-3.078519,-64.819452
3,99,04/10/15 08:01,-3.078862,-64.819945
3,99,04/10/15 10:01,-3.078848,-64.819996
3,99,04/10/15 12:00,-3.078856,-64.819975
3,99,04/10/15 14:00,-3.078878,-64.820026
3,99,04/10/15 16:02,-3.078893,-64.820059
3,99,04/10/15 18:01,-3.078819,-64.820044
3,99,04/10/15 20:00,-3.07887,-64.81998
3,99,04/10/15 22:00,-3.078947,-64.82222
3,99,04/11/15 00:01,-3.079036,-64.82242
3,99,04/11/15 02:00,-3.079071,-64.822346
3,99,04/11/15 04:00,-3.079074,-64.822379
3,99,04/11/15 06:00,-3.079008,-64.822442
3,99,04/11/15 08:00,-3.079057,-64.822376
3,99,04/11/15 10:00,-3.07875,-64.822404
3,99,04/11/15 12:00,-3.078924,-64.822304
3,99,04/11/15 14:00,-3.078971,-64.822384
3,99,04/11/15 16:01,-3.07895,-64.822424
3,99,04/11/15 20:01,-3.076731,-64.825256
3,99,04/11/15 22:01,-3.079735,-64.824054
3,99,04/12/15 00:00,-3.08093,-64.823905
3,99,04/12/15 02:01,-3.07667,-64.825148
3,99,04/12/15 06:01,-3.078197,-64.827142
3,99,04/12/15 10:00,-3.077151,-64.827013
3,99,04/12/15 12:00,-3.077237,-64.827099
3,99,04/12/15 14:00,-3.077141,-64.82713
3,99,04/12/15 16:01,-3.077172,-64.827082
3,99,04/12/15 18:01,-3.077262,-64.827155
3,99,04/12/15 20:01,-3.081397,-64.831024
3,99,04/12/15 22:00,-3.082612,-64.831297
3,99,04/13/15 00:01,-3.082617,-64.831243
3,99,04/13/15 02:00,-3.082649,-64.831244
3,99,04/13/15 04:01,-3.080221,-64.833181
3,99,04/13/15 06:00,-3.080039,-64.833278
3,99,04/13/15 08:00,-3.080131,-64.833271
3,99,04/13/15 10:00,-3.080082,-64.833048
3,99,04/13/15 12:01,-3.080137,-64.833132
3,99,04/13/15 14:01,-3.080104,-64.833219
3,99,04/13/15 16:02,-3.08009,-64.833186
3,99,04/13/15 18:02,-3.081465,-64.83501
3,99,04/13/15 20:00,-3.08146,-64.834969
3,99,04/13/15 22:00,-3.081519,-64.835012
3,99,04/14/15 00:00,-3.081621,-64.835306
3,99,04/14/15 02:00,-3.081651,-64.835038
3,99,04/14/15 04:00,-3.081552,-64.835035
3,99,04/14/15 06:01,-3.083166,-64.833134
3,99,04/14/15 08:01,-3.083063,-64.833064
3,99,04/14/15 10:02,-3.083146,-64.833143
3,99,04/14/15 12:01,-3.0834,-64.833272
3,99,04/14/15 14:02,-3.083158,-64.833044
3,99,04/14/15 16:00,-3.083188,-64.833141
3,99,04/14/15 18:01,-3.083299,-64.833187
3,99,04/14/15 20:00,-3.083247,-64.833174
3,99,04/14/15 22:00,-3.083846,-64.834544
3,99,04/15/15 00:00,-3.08386,-64.834376
3,99,04/15/15 02:02,-3.084231,-64.834073
3,99,04/15/15 06:01,-3.091156,-64.841236
3,99,04/15/15 08:00,-3.091253,-64.841172
3,99,04/15/15 10:00,-3.091229,-64.841193
3,99,04/15/15 12:00,-3.091168,-64.841159
3,99,04/15/15 14:00,-3.091165,-64.8412
3,99,04/15/15 16:00,-3.091156,-64.841125
3,99,04/15/15 18:00,-3.091165,-64.841157
3,99,04/15/15 20:00,-3.091161,-64.841278
3,99,04/16/15 02:01,-3.096304,-64.835741
3,99,04/16/15 04:00,-3.096289,-64.835786
3,99,04/16/15 06:02,-3.096293,-64.835741
3,99,04/16/15 08:00,-3.096302,-64.83575
3,99,04/16/15 10:01,-3.096262,-64.835866
3,99,04/16/15 12:01,-3.095708,-64.837544
3,99,04/16/15 14:00,-3.095982,-64.837724
3,99,04/16/15 18:01,-3.096042,-64.837687
3,99,04/16/15 20:01,-3.096113,-64.837632
3,99,04/17/15 00:01,-3.095953,-64.837641
3,99,04/17/15 02:00,-3.095951,-64.837653
3,99,04/17/15 04:01,-3.095927,-64.837469
3,99,04/17/15 06:01,-3.096021,-64.837675
3,99,04/17/15 08:00,-3.096071,-64.837632
3,99,04/17/15 10:00,-3.09602,-64.837632
3,99,04/17/15 12:01,-3.096034,-64.837719
3,99,04/17/15 14:01,-3.095998,-64.837676
3,99,04/17/15 16:01,-3.096062,-64.837651
3,99,04/17/15 18:00,-3.095553,-64.839243
3,99,04/17/15 20:00,-3.095547,-64.839153
3,99,04/17/15 22:01,-3.096569,-64.840489
3,99,04/18/15 00:01,-3.097251,-64.839065
3,99,04/18/15 02:00,-3.097211,-64.839158
3,99,04/18/15 04:01,-3.097468,-64.838637
3,99,04/18/15 06:00,-3.098839,-64.834148
3,99,04/18/15 08:00,-3.099019,-64.834132
3,99,04/18/15 10:01,-3.098596,-64.835046
3,99,04/18/15 12:00,-3.098599,-64.835009
3,99,04/18/15 14:00,-3.098608,-64.834986
3,99,04/18/15 16:00,-3.098617,-64.835096
3,99,04/18/15 18:01,-3.098678,-64.835267
3,99,04/18/15 20:00,-3.098568,-64.835005
3,99,04/19/15 00:00,-3.092749,-64.837316
3,99,04/19/15 02:01,-3.092833,-64.837316
3,99,04/19/15 04:01,-3.092757,-64.837397
3,99,04/19/15 06:01,-3.092686,-64.837427
3,99,04/19/15 08:01,-3.092232,-64.837791
3,99,04/19/15 10:00,-3.092282,-64.83776
3,99,04/19/15 12:01,-3.092222,-64.837766
3,99,04/19/15 14:01,-3.092256,-64.837799
3,99,04/19/15 16:01,-3.092262,-64.837867
3,99,04/19/15 18:00,-3.091888,-64.837909
3,99,04/19/15 20:01,-3.092043,-64.837725
3,99,04/19/15 22:00,-3.093297,-64.841466
3,99,04/20/15 00:00,-3.092211,-64.842385
3,99,04/20/15 02:01,-3.092486,-64.842533
3,99,04/20/15 04:01,-3.092205,-64.842302
3,99,04/20/15 06:00,-3.092181,-64.842398
3,99,04/20/15 10:00,-3.088425,-64.848649
3,99,04/20/15 12:00,-3.088693,-64.849435
3,99,04/20/15 14:00,-3.086718,-64.850314
3,99,04/20/15 16:01,-3.086704,-64.850289
3,99,04/20/15 18:01,-3.086643,-64.850272
3,99,04/20/15 20:02,-3.086825,-64.850472
3,99,04/20/15 22:01,-3.086744,-64.850206
3,99,04/21/15 00:00,-3.086775,-64.85032
3,99,04/21/15 02:00,-3.086851,-64.850332
3,99,04/21/15 04:00,-3.087435,-64.848417
3,99,04/21/15 06:00,-3.087273,-64.848671
3,99,04/21/15 08:01,-3.08778,-64.84751
3,99,04/21/15 10:00,-3.087529,-64.848551
3,99,04/21/15 12:03,-3.087372,-64.84864
3,99,04/21/15 14:00,-3.087492,-64.848626
3,99,04/21/15 16:01,-3.087447,-64.848585
3,99,04/21/15 18:00,-3.087429,-64.848683
3,99,04/22/15 02:00,-3.077265,-64.861796
1,99,04/22/15 04:01,-3.069971,-64.869262
1,99,04/22/15 06:00,-3.070045,-64.869184
1,99,04/22/15 08:00,-3.070041,-64.869125
1,99,04/22/15 12:02,-3.068372,-64.871903
1,99,04/22/15 14:02,-3.068214,-64.871925
1,99,04/22/15 18:02,-3.068112,-64.871875
1,99,04/22/15 20:00,-3.067895,-64.869094
1,99,04/22/15 22:00,-3.068694,-64.868607
1,99,04/23/15 00:02,-3.069387,-64.868664
1,99,04/23/15 02:01,-3.070353,-64.869651
1,99,04/23/15 14:01,-3.068591,-64.871628
1,99,04/23/15 16:02,-3.071819,-64.869077
1,99,04/23/15 18:01,-3.071972,-64.869006
1,99,04/23/15 20:02,-3.072012,-64.869019
1,99,04/24/15 00:00,-3.071886,-64.868898
1,99,04/24/15 02:01,-3.071933,-64.868962
1,99,04/24/15 04:01,-3.072105,-64.868916
1,99,04/24/15 06:01,-3.071984,-64.868969
1,99,04/24/15 08:01,-3.071973,-64.868939
1,99,04/24/15 10:01,-3.071981,-64.868901
1,99,04/24/15 12:00,-3.071967,-64.868958
1,99,04/24/15 14:00,-3.071908,-64.868826
1,99,04/24/15 16:02,-3.07193,-64.868808
1,99,04/24/15 18:01,-3.073126,-64.871172
3,99,04/24/15 20:00,-3.078629,-64.872547
3,99,04/24/15 22:01,-3.08012,-64.873414
3,99,04/25/15 00:01,-3.078355,-64.873975
3,99,04/25/15 02:00,-3.078356,-64.874012
3,99,04/25/15 06:01,-3.078321,-64.873889
3,99,04/25/15 08:00,-3.078219,-64.87385
3,99,04/25/15 10:01,-3.078054,-64.873892
3,99,04/25/15 12:02,-3.078225,-64.873887
3,99,04/25/15 14:00,-3.078391,-64.87366
3,99,04/25/15 16:00,-3.078388,-64.874033
3,99,04/25/15 18:00,-3.078185,-64.873946
3,99,04/25/15 20:01,-3.078228,-64.873914
3,99,04/25/15 22:01,-3.078113,-64.874007
3,99,04/26/15 00:00,-3.078221,-64.873912
1,99,04/26/15 02:02,-3.072407,-64.868552
3,99,04/26/15 04:00,-3.078213,-64.873928
3,99,04/26/15 06:00,-3.078387,-64.873859
1,99,04/26/15 08:02,-3.070107,-64.872731
1,99,04/26/15 10:01,-3.070106,-64.872547
1,99,04/26/15 12:00,-3.070142,-64.872652
1,99,04/26/15 14:00,-3.07017,-64.872696
1,99,04/26/15 16:00,-3.070213,-64.872692
1,99,04/26/15 18:00,-3.070168,-64.872833
1,99,04/26/15 20:00,-3.070194,-64.872799
1,99,04/26/15 22:00,-3.070173,-64.872742
1,99,04/27/15 00:00,-3.070156,-64.872834
1,99,04/27/15 02:00,-3.070152,-64.872753
1,99,04/27/15 04:01,-3.070137,-64.872992
1,99,04/27/15 06:01,-3.069982,-64.872399
1,99,04/27/15 08:01,-3.07,-64.872697
1,99,04/27/15 10:00,-3.070266,-64.873083
1,99,04/27/15 12:02,-3.070164,-64.872738
1,99,04/27/15 14:00,-3.070138,-64.872849
1,99,04/27/15 16:00,-3.070165,-64.872784
1,99,04/27/15 18:01,-3.070133,-64.872846
1,99,04/27/15 20:01,-3.0702,-64.873094
1,99,04/28/15 00:01,-3.069732,-64.875517
1,99,04/28/15 02:00,-3.069954,-64.875599
1,99,04/28/15 04:01,-3.069997,-64.875354
1,99,04/28/15 06:00,-3.069952,-64.875455
1,99,04/28/15 08:01,-3.070016,-64.875532
1,99,04/28/15 14:01,-3.071847,-64.871717
1,99,04/28/15 16:00,-3.071858,-64.871656
1,99,04/28/15 18:01,-3.072997,-64.87142
1,99,04/28/15 20:01,-3.072347,-64.867523
4,99,04/28/15 22:00,-3.073018,-64.865652
4,99,04/29/15 00:00,-3.072914,-64.865631
4,99,04/29/15 02:00,-3.07293,-64.865649
1,99,04/29/15 06:03,-3.071275,-64.869257
1,99,04/29/15 08:02,-3.071257,-64.869303
1,99,04/29/15 10:01,-3.071374,-64.869191
1,99,04/29/15 12:01,-3.071327,-64.869169
1,99,04/29/15 14:00,-3.071343,-64.869146
1,99,04/29/15 18:02,-3.07136,-64.869336
4,99,04/29/15 22:02,-3.060853,-64.862854
4,99,04/30/15 00:00,-3.058368,-64.86033
4,99,04/30/15 02:00,-3.058308,-64.860445
4,99,04/30/15 04:00,-3.058391,-64.860393
4,99,04/30/15 06:01,-3.058391,-64.860412
4,99,04/30/15 08:01,-3.058353,-64.860502
4,99,04/30/15 10:00,-3.05839,-64.860421
4,99,04/30/15 12:01,-3.058328,-64.860339
4,99,04/30/15 14:00,-3.058322,-64.860408
4,99,04/30/15 16:00,-3.058359,-64.860413
4,99,04/30/15 18:02,-3.056067,-64.862939
4,99,04/30/15 20:01,-3.052844,-64.868341
4,99,04/30/15 22:00,-3.053246,-64.86798
4,99,05/01/15 00:00,-3.051744,-64.867459
4,99,05/01/15 02:00,-3.05174,-64.867505
4,99,05/01/15 04:00,-3.051707,-64.867458
4,99,05/01/15 06:01,-3.051795,-64.867453
4,99,05/01/15 08:00,-3.051774,-64.867633
4,99,05/01/15 12:00,-3.051772,-64.867668
4,99,05/01/15 14:00,-3.051672,-64.867603
4,99,05/01/15 16:01,-3.051596,-64.867733
4,99,05/01/15 18:02,-3.049557,-64.868194
4,99,05/01/15 20:01,-3.052404,-64.871312
4,99,05/01/15 22:00,-3.052583,-64.869593
4,99,05/02/15 00:01,-3.052583,-64.869431
4,99,05/02/15 02:00,-3.052537,-64.869403
4,99,05/02/15 04:00,-3.052525,-64.869445
4,99,05/02/15 06:01,-3.052908,-64.86927
4,99,05/02/15 08:00,-3.052592,-64.869445
4,99,05/02/15 10:00,-3.052611,-64.869433
4,99,05/02/15 14:00,-3.052593,-64.86946
4,99,05/02/15 16:00,-3.052718,-64.86961
4,99,05/02/15 20:01,-3.050391,-64.86985
4,99,05/02/15 22:01,-3.050606,-64.870111
4,99,05/03/15 02:00,-3.05069,-64.870073
4,99,05/03/15 04:01,-3.049445,-64.867952
4,99,05/03/15 06:00,-3.049356,-64.867888
4,99,05/03/15 08:01,-3.049539,-64.867857
4,99,05/03/15 10:01,-3.049392,-64.867978
4,99,05/03/15 12:01,-3.049492,-64.867798
4,99,05/03/15 14:00,-3.049471,-64.867859
4,99,05/03/15 16:00,-3.049401,-64.867829
4,99,05/03/15 18:00,-3.049367,-64.867843
4,99,05/03/15 20:01,-3.047803,-64.864268
4,99,05/03/15 22:01,-3.045499,-64.864799
4,99,05/04/15 04:01,-3.04577,-64.86501
4,99,05/04/15 06:01,-3.045801,-64.865075
4,99,05/04/15 08:00,-3.04589,-64.86511
4,99,05/04/15 10:00,-3.045741,-64.865163
4,99,05/04/15 12:00,-3.045845,-64.865086
4,99,05/04/15 14:00,-3.045794,-64.865063
4,99,05/04/15 16:00,-3.045878,-64.865114
4,99,05/04/15 18:01,-3.045198,-64.866608
4,99,05/04/15 20:00,-3.045606,-64.867312
4,99,05/04/15 22:03,-3.045635,-64.867284
4,99,05/05/15 00:00,-3.04566,-64.86722
4,99,05/05/15 02:01,-3.045665,-64.867158
4,99,05/05/15 04:00,-3.045545,-64.867124
4,99,05/05/15 06:00,-3.044747,-64.865988
4,99,05/05/15 08:01,-3.044467,-64.86636
4,99,05/05/15 10:00,-3.041539,-64.864344
4,99,05/05/15 12:00,-3.041464,-64.864506
4,99,05/05/15 14:00,-3.041482,-64.864425
4,99,05/05/15 16:01,-3.041493,-64.864507
4,99,05/05/15 18:00,-3.04151,-64.864349
4,99,05/05/15 22:01,-3.039315,-64.867424
1,99,05/06/15 00:01,-3.043387,-64.871313
1,99,05/06/15 02:00,-3.043263,-64.871396
1,99,05/06/15 04:00,-3.043366,-64.871316
1,99,05/06/15 08:00,-3.043166,-64.870382
1,99,05/06/15 10:00,-3.043361,-64.87131
1,99,05/06/15 12:01,-3.043439,-64.871589
1,99,05/06/15 14:00,-3.043346,-64.871275
1,99,05/06/15 16:02,-3.043372,-64.871468
1,99,05/06/15 18:01,-3.043479,-64.871352
1,99,05/06/15 20:02,-3.042918,-64.877355
1,99,05/06/15 22:00,-3.041651,-64.879255
1,99,05/07/15 00:00,-3.041536,-64.879183
1,99,05/07/15 02:00,-3.041616,-64.879148
4,99,05/07/15 06:00,-3.03628,-64.869253
4,99,05/07/15 08:01,-3.038009,-64.869707
4,99,05/07/15 10:01,-3.038205,-64.869551
4,99,05/07/15 12:00,-3.038035,-64.869737
4,99,05/07/15 14:00,-3.037964,-64.869755
4,99,05/07/15 16:00,-3.037988,-64.869713
4,99,05/07/15 18:01,-3.037908,-64.869792
4,99,05/07/15 20:00,-3.040079,-64.868788
4,99,05/07/15 22:01,-3.039991,-64.868533
4,99,05/08/15 00:00,-3.039998,-64.868777
4,99,05/08/15 04:00,-3.044737,-64.866053
4,99,05/08/15 06:01,-3.044661,-64.86602
4,99,05/08/15 08:01,-3.045582,-64.865621
4,99,05/08/15 10:00,-3.044799,-64.866182
4,99,05/08/15 12:01,-3.044837,-64.866037
4,99,05/08/15 14:01,-3.044756,-64.866077
4,99,05/08/15 16:01,-3.044641,-64.865945
4,99,05/08/15 18:01,-3.044732,-64.866059
4,99,05/08/15 20:00,-3.045735,-64.868895
4,99,05/08/15 22:00,-3.041173,-64.866402
4,99,05/09/15 00:01,-3.041765,-64.860612
4,99,05/09/15 02:00,-3.041779,-64.860545
4,99,05/09/15 04:00,-3.041787,-64.860503
4,99,05/09/15 06:00,-3.041883,-64.860483
4,99,05/09/15 08:02,-3.041824,-64.860538
4,99,05/09/15 10:02,-3.041919,-64.860388
4,99,05/09/15 12:00,-3.04189,-64.860565
4,99,05/09/15 14:00,-3.041817,-64.860606
4,99,05/09/15 16:00,-3.041869,-64.86072
4,99,05/09/15 18:01,-3.041906,-64.860523
4,99,05/09/15 20:00,-3.041876,-64.860535
4,99,05/09/15 22:01,-3.04482,-64.861188
4,99,05/10/15 00:01,-3.048005,-64.862785
4,99,05/10/15 02:00,-3.04792,-64.862487
4,99,05/10/15 04:01,-3.047957,-64.862528
4,99,05/10/15 06:01,-3.048011,-64.862582
4,99,05/10/15 08:01,-3.048015,-64.862619
4,99,05/10/15 10:00,-3.047965,-64.862576
4,99,05/10/15 12:00,-3.047982,-64.862532
4,99,05/10/15 14:01,-3.047942,-64.862553
4,99,05/10/15 16:00,-3.047863,-64.86254
4,99,05/10/15 18:01,-3.052434,-64.867644
4,99,05/10/15 20:00,-3.052442,-64.867668
4,99,05/10/15 22:00,-3.052435,-64.867741
4,99,05/11/15 00:00,-3.052357,-64.867648
4,99,05/11/15 02:01,-3.052275,-64.867504
4,99,05/11/15 04:00,-3.054004,-64.869377
4,99,05/11/15 06:01,-3.058273,-64.87153
4,99,05/11/15 08:01,-3.05834,-64.871581
4,99,05/11/15 10:01,-3.056919,-64.873747
4,99,05/11/15 12:00,-3.056924,-64.873816
4,99,05/11/15 14:00,-3.056855,-64.873765
1,99,05/11/15 16:01,-3.054116,-64.877158
1,99,05/11/15 18:01,-3.053909,-64.877116
1,99,05/11/15 20:00,-3.053928,-64.877121
4,99,05/11/15 22:00,-3.050092,-64.869211
4,99,05/12/15 00:00,-3.050095,-64.869152
4,99,05/12/15 02:00,-3.050079,-64.869203
4,99,05/12/15 04:00,-3.050049,-64.869194
4,99,05/12/15 06:00,-3.050081,-64.869187
4,99,05/12/15 12:00,-3.052479,-64.861009
4,99,05/12/15 14:00,-3.052407,-64.860917
4,99,05/12/15 18:00,-3.05247,-64.860968
4,99,05/12/15 20:01,-3.052433,-64.86094
4,99,05/12/15 22:00,-3.055994,-64.86123
4,99,05/13/15 00:00,-3.052258,-64.859638
4,99,05/13/15 02:01,-3.052195,-64.859359
4,99,05/13/15 04:01,-3.052178,-64.859235
4,99,05/13/15 06:00,-3.052499,-64.856507
4,99,05/13/15 08:00,-3.052476,-64.85651
4,99,05/13/15 10:00,-3.052464,-64.856609
4,99,05/13/15 12:00,-3.052452,-64.856701
4,99,05/13/15 14:01,-3.052411,-64.856447
4,99,05/13/15 16:01,-3.052517,-64.85608
4,99,05/13/15 18:01,-3.052712,-64.8558
4,99,05/13/15 20:00,-3.052715,-64.855829
4,99,05/13/15 22:00,-3.052852,-64.855848
4,99,05/14/15 00:00,-3.052717,-64.855875
4,99,05/14/15 02:00,-3.052773,-64.855894
4,99,05/14/15 04:00,-3.050245,-64.854949
4,99,05/14/15 06:00,-3.050304,-64.85469
4,99,05/14/15 10:01,-3.049414,-64.857265
4,99,05/14/15 12:00,-3.049512,-64.857304
4,99,05/14/15 14:02,-3.049517,-64.857349
4,99,05/14/15 16:01,-3.049489,-64.857424
4,99,05/14/15 18:00,-3.049479,-64.857263
4,99,05/14/15 20:00,-3.049442,-64.857458
4,99,05/14/15 22:00,-3.049481,-64.857285
4,99,05/15/15 00:01,-3.049553,-64.85735
4,99,05/15/15 02:01,-3.04952,-64.857355
4,99,05/15/15 04:00,-3.049507,-64.857384
4,99,05/15/15 06:00,-3.048848,-64.859326
4,99,05/15/15 08:01,-3.048671,-64.859383
4,99,05/15/15 10:00,-3.04857,-64.859437
4,99,05/15/15 12:00,-3.048629,-64.859385
4,99,05/15/15 14:01,-3.048673,-64.859399
4,99,05/15/15 16:00,-3.048706,-64.859408
4,99,05/15/15 18:01,-3.048653,-64.859371
4,99,05/15/15 22:01,-3.047016,-64.863792
4,99,05/16/15 00:00,-3.047237,-64.86369
4,99,05/16/15 02:00,-3.047255,-64.863664
4,99,05/16/15 06:00,-3.056046,-64.862851
4,99,05/16/15 08:00,-3.056025,-64.862817
4,99,05/16/15 10:00,-3.05606,-64.862818
4,99,05/16/15 12:00,-3.056039,-64.86288
4,99,05/16/15 14:00,-3.056066,-64.862799
4,99,05/16/15 16:00,-3.056052,-64.862921
4,99,05/16/15 18:00,-3.055897,-64.862732
4,99,05/16/15 20:01,-3.056006,-64.862937
4,99,05/17/15 00:00,-3.05837,-64.860434
4,99,05/17/15 02:00,-3.058417,-64.860329
4,99,05/17/15 04:00,-3.058307,-64.860447
4,99,05/17/15 06:00,-3.058401,-64.860347
4,99,05/17/15 08:00,-3.058315,-64.8604
4,99,05/17/15 10:00,-3.058368,-64.86027
4,99,05/17/15 12:00,-3.05834,-64.860452
4,99,05/17/15 14:01,-3.058368,-64.860153
4,99,05/17/15 16:00,-3.058377,-64.860396
4,99,05/17/15 18:00,-3.058396,-64.860477
4,99,05/17/15 20:01,-3.058404,-64.860479
4,99,05/17/15 22:01,-3.058432,-64.860485
4,99,05/18/15 00:00,-3.058202,-64.860364
4,99,05/18/15 02:00,-3.058262,-64.860481
4,99,05/18/15 04:01,-3.057982,-64.862033
4,99,05/18/15 06:01,-3.058047,-64.862085
4,99,05/18/15 08:01,-3.058132,-64.862094
4,99,05/18/15 10:00,-3.057993,-64.862059
4,99,05/18/15 12:01,-3.057919,-64.862108
4,99,05/18/15 14:00,-3.058013,-64.862105
4,99,05/18/15 16:00,-3.058009,-64.862121
4,99,05/18/15 18:02,-3.058042,-64.862111
4,99,05/18/15 20:00,-3.057884,-64.862117
4,99,05/19/15 00:00,-3.057272,-64.864501
4,99,05/19/15 02:00,-3.057307,-64.864488
4,99,05/19/15 04:00,-3.05725,-64.86443
4,99,05/19/15 06:00,-3.057464,-64.864352
4,99,05/19/15 08:02,-3.057281,-64.86424
4,99,05/19/15 10:01,-3.057397,-64.864201
4,99,05/19/15 12:02,-3.057206,-64.864485
4,99,05/19/15 14:01,-3.057278,-64.864419
4,99,05/19/15 16:01,-3.057316,-64.864383
4,99,05/19/15 18:00,-3.057287,-64.864423
4,99,05/19/15 20:00,-3.057169,-64.864452
4,99,05/19/15 22:00,-3.057247,-64.864323
4,99,05/20/15 00:00,-3.057188,-64.864196
4,99,05/20/15 02:00,-3.057345,-64.864435
4,99,05/20/15 04:00,-3.058324,-64.864279
4,99,05/20/15 06:00,-3.059005,-64.864532
4,99,05/20/15 08:00,-3.059007,-64.864439
4,99,05/20/15 10:00,-3.059047,-64.864467
4,99,05/20/15 12:00,-3.058982,-64.864556
4,99,05/20/15 14:00,-3.059066,-64.864481
4,99,05/20/15 16:01,-3.059103,-64.864469
4,99,05/20/15 18:00,-3.063718,-64.859751
4,99,05/20/15 20:00,-3.063876,-64.859743
4,99,05/20/15 22:00,-3.063624,-64.859859
4,99,05/21/15 00:00,-3.064193,-64.859657
4,99,05/21/15 02:00,-3.063876,-64.859721
4,99,05/21/15 04:00,-3.065192,-64.858371
4,99,05/21/15 06:00,-3.065133,-64.858363
4,99,05/21/15 08:00,-3.065212,-64.858403
4,99,05/21/15 10:01,-3.065464,-64.858605
4,99,05/21/15 12:00,-3.065391,-64.858598
4,99,05/21/15 14:00,-3.065471,-64.858554
4,99,05/21/15 16:00,-3.065369,-64.858624
4,99,05/21/15 18:01,-3.065532,-64.858635
4,99,05/21/15 20:00,-3.065348,-64.858603
4,99,05/21/15 22:00,-3.06541,-64.858595
4,99,05/22/15 02:01,-3.067301,-64.8579
4,99,05/22/15 04:01,-3.067321,-64.857939
4,99,05/22/15 06:00,-3.067351,-64.857895
4,99,05/22/15 08:02,-3.067368,-64.857351
4,99,05/22/15 10:00,-3.06746,-64.857369
4,99,05/22/15 12:00,-3.067485,-64.857319
4,99,05/22/15 14:00,-3.067382,-64.857329
4,99,05/22/15 16:01,-3.067415,-64.857411
3,99,05/22/15 18:00,-3.073075,-64.853069
3,99,05/22/15 20:00,-3.073106,-64.852898
3,99,05/22/15 22:01,-3.07307,-64.852921
3,99,05/23/15 00:00,-3.073163,-64.852931
3,99,05/23/15 02:00,-3.070128,-64.849586
3,99,05/23/15 04:01,-3.069995,-64.848339
3,99,05/23/15 06:01,-3.069962,-64.84839
3,99,05/23/15 08:00,-3.06996,-64.848375
3,99,05/23/15 10:01,-3.069965,-64.848252
3,99,05/23/15 12:00,-3.070078,-64.848366
3,99,05/23/15 14:00,-3.069943,-64.848467
3,99,05/23/15 16:00,-3.069862,-64.848404
3,99,05/23/15 18:01,-3.06998,-64.848331
3,99,05/23/15 20:01,-3.069972,-64.848411
3,99,05/23/15 22:02,-3.074781,-64.845167
3,99,05/24/15 00:01,-3.078025,-64.841486
3,99,05/24/15 02:01,-3.07823,-64.841577
3,99,05/24/15 06:00,-3.075882,-64.852933
3,99,05/24/15 08:00,-3.075802,-64.852601
3,99,05/24/15 10:01,-3.075082,-64.853618
3,99,05/24/15 12:01,-3.07578,-64.853589
3,99,05/24/15 14:02,-3.075798,-64.853706
3,99,05/24/15 16:02,-3.078473,-64.850668
3,99,05/24/15 18:00,-3.07847,-64.850694
3,99,05/24/15 20:01,-3.078434,-64.85074
3,99,05/24/15 22:01,-3.079863,-64.84599
3,99,05/25/15 00:03,-3.079786,-64.846124
3,99,05/25/15 02:00,-3.079828,-64.845959
3,99,05/25/15 04:02,-3.079891,-64.845986
3,99,05/25/15 06:00,-3.07995,-64.845949
3,99,05/25/15 08:01,-3.079899,-64.845908
3,99,05/25/15 10:01,-3.07988,-64.845927
3,99,05/25/15 12:01,-3.079803,-64.846049
3,99,05/25/15 14:01,-3.08002,-64.845871
3,99,05/25/15 16:00,-3.079929,-64.845913
3,99,05/25/15 20:01,-3.093331,-64.840365
3,99,05/25/15 22:00,-3.093358,-64.840297
3,99,05/26/15 00:00,-3.093341,-64.84034
3,99,05/26/15 02:00,-3.093237,-64.84034
3,99,05/26/15 04:01,-3.093105,-64.836785
3,99,05/26/15 06:00,-3.092834,-64.836762
3,99,05/26/15 08:00,-3.092821,-64.836654
3,99,05/26/15 10:00,-3.092858,-64.836718
3,99,05/26/15 12:01,-3.092794,-64.836819
3,99,05/26/15 14:00,-3.092871,-64.836703
3,99,05/26/15 16:00,-3.09297,-64.836711
3,99,05/26/15 18:00,-3.092882,-64.836756
3,99,05/26/15 22:01,-3.093843,-64.827067
3,99,05/27/15 00:00,-3.091091,-64.828062
3,99,05/27/15 02:00,-3.09108,-64.828206
3,99,05/27/15 04:00,-3.09097,-64.828073
3,99,05/27/15 06:00,-3.091004,-64.82809
3,99,05/27/15 08:02,-3.09352,-64.832303
3,99,05/27/15 10:00,-3.093499,-64.832126
3,99,05/27/15 12:01,-3.093619,-64.832202
3,99,05/27/15 14:01,-3.093559,-64.832365
3,99,05/27/15 16:00,-3.093588,-64.832297
3,99,05/27/15 18:00,-3.091419,-64.836212
3,99,05/27/15 20:01,-3.091527,-64.836243
3,99,05/27/15 22:00,-3.091519,-64.836158
3,99,05/28/15 00:00,-3.091579,-64.836259
3,99,05/28/15 02:01,-3.091531,-64.836209
3,99,05/28/15 04:01,-3.091524,-64.836232
3,99,05/28/15 08:00,-3.086483,-64.835056
3,99,05/28/15 10:00,-3.086417,-64.835195
3,99,05/28/15 12:00,-3.086447,-64.835117
3,99,05/28/15 14:01,-3.086333,-64.835135
3,99,05/28/15 16:00,-3.086447,-64.835073
3,99,05/28/15 18:01,-3.086524,-64.835717
3,99,05/28/15 20:01,-3.08911,-64.838526
3,99,05/29/15 00:01,-3.082111,-64.833652
3,99,05/29/15 02:00,-3.082079,-64.83355
3,99,05/29/15 04:01,-3.082087,-64.833707
3,99,05/29/15 06:01,-3.081801,-64.834385
3,99,05/29/15 08:00,-3.081806,-64.834424
3,99,05/29/15 10:00,-3.081761,-64.834332
3,99,05/29/15 12:00,-3.081781,-64.83445
3,99,05/29/15 14:01,-3.08167,-64.834432
3,99,05/29/15 16:00,-3.081599,-64.834307
3,99,05/29/15 18:01,-3.07984,-64.832465
3,99,05/29/15 20:00,-3.079827,-64.832338
3,99,05/29/15 22:01,-3.079432,-64.829548
3,99,05/30/15 00:00,-3.079476,-64.829562
3,99,05/30/15 02:00,-3.079489,-64.829577
3,99,05/30/15 04:00,-3.078656,-64.828866
3,99,05/30/15 06:01,-3.07863,-64.828978
3,99,05/30/15 08:00,-3.078688,-64.829133
3,99,05/30/15 10:00,-3.078626,-64.82906
3,99,05/30/15 12:00,-3.078646,-64.829133
3,99,05/30/15 14:00,-3.078658,-64.829108
3,99,05/30/15 16:00,-3.078646,-64.829175
3,99,05/30/15 18:00,-3.078668,-64.829068
3,99,05/30/15 20:02,-3.080946,-64.824048
3,99,05/30/15 22:01,-3.080929,-64.824094
3,99,05/31/15 00:01,-3.081015,-64.823743
3,99,05/31/15 02:00,-3.080965,-64.82399
3,99,05/31/15 04:00,-3.080424,-64.824756
3,99,05/31/15 06:00,-3.080806,-64.824096
3,99,05/31/15 08:01,-3.081022,-64.823987
3,99,05/31/15 10:02,-3.080862,-64.823998
3,99,05/31/15 12:02,-3.080848,-64.824038
3,99,05/31/15 16:01,-3.080986,-64.823993
3,99,05/31/15 18:00,-3.080998,-64.824065
3,99,05/31/15 20:01,-3.08094,-64.824134
3,99,05/31/15 22:01,-3.08094,-64.82403
3,99,06/01/15 00:00,-3.080888,-64.823998
3,99,06/01/15 04:00,-3.078673,-64.820999
3,99,06/01/15 06:00,-3.078645,-64.82088
3,99,06/01/15 08:00,-3.078745,-64.821043
3,99,06/01/15 10:00,-3.078871,-64.821214
3,99,06/01/15 12:00,-3.078657,-64.820986
3,99,06/01/15 14:01,-3.078732,-64.821077
3,99,06/01/15 16:01,-3.078614,-64.821016
3,99,06/01/15 20:00,-3.077823,-64.820515
3,99,06/01/15 22:01,-3.073072,-64.820565
3,99,06/02/15 02:02,-3.079516,-64.829582
3,99,06/02/15 04:01,-3.08348,-64.828505
3,99,06/02/15 06:00,-3.083377,-64.828479
3,99,06/02/15 08:00,-3.08331,-64.828419
3,99,06/02/15 10:00,-3.083355,-64.828509
3,99,06/02/15 12:00,-3.083474,-64.828404
3,99,06/02/15 14:00,-3.083338,-64.828442
3,99,06/02/15 16:00,-3.083272,-64.82828
3,99,06/02/15 20:00,-3.088791,-64.825413
3,99,06/02/15 22:00,-3.088844,-64.824234
3,99,06/03/15 00:00,-3.088844,-64.824209
3,99,06/03/15 02:01,-3.088399,-64.822021
3,99,06/03/15 04:00,-3.090011,-64.819933
3,99,06/03/15 06:00,-3.089613,-64.819748
3,99,06/03/15 08:01,-3.089801,-64.819744
3,99,06/03/15 10:01,-3.089965,-64.819678
3,99,06/03/15 12:00,-3.089414,-64.81992
3,99,06/03/15 14:02,-3.089824,-64.819663
3,99,06/03/15 16:01,-3.089757,-64.819744
3,99,06/03/15 18:01,-3.086936,-64.820267
3,99,06/03/15 20:00,-3.086594,-64.82121
3,99,06/03/15 22:01,-3.086553,-64.821214
3,99,06/04/15 00:01,-3.086594,-64.821156
3,99,06/04/15 02:00,-3.086616,-64.821158
3,99,06/04/15 04:01,-3.086585,-64.821131
3,99,06/04/15 06:01,-3.086555,-64.821135
3,99,06/04/15 08:01,-3.086596,-64.821087
3,99,06/04/15 10:02,-3.086497,-64.821079
3,99,06/04/15 12:00,-3.086534,-64.821177
3,99,06/04/15 14:00,-3.086561,-64.821099
3,99,06/04/15 16:00,-3.086535,-64.821243
3,99,06/04/15 18:01,-3.084063,-64.821077
3,99,06/04/15 20:01,-3.081629,-64.821702
3,99,06/04/15 22:00,-3.081193,-64.821635
3,99,06/05/15 00:01,-3.081675,-64.821495
3,99,06/05/15 02:00,-3.081694,-64.82146
3,99,06/05/15 04:00,-3.081647,-64.821348
3,99,06/05/15 06:00,-3.081687,-64.821496
3,99,06/05/15 08:00,-3.081708,-64.821425
3,99,06/05/15 10:00,-3.081687,-64.821407
3,99,06/05/15 12:00,-3.081647,-64.821416
3,99,06/05/15 14:00,-3.081734,-64.821431
3,99,06/05/15 16:01,-3.08171,-64.821489
3,99,06/05/15 18:02,-3.08167,-64.821897
3,99,06/05/15 22:00,-3.081523,-64.821655
3,99,06/06/15 02:01,-3.080348,-64.817112
3,99,06/06/15 04:00,-3.079451,-64.816886
3,99,06/06/15 06:01,-3.081438,-64.817641
3,99,06/06/15 08:00,-3.080873,-64.818562
3,99,06/06/15 10:00,-3.080935,-64.818557
3,99,06/06/15 12:00,-3.080877,-64.818582
3,99,06/06/15 14:00,-3.080938,-64.818566
3,99,06/06/15 16:00,-3.080942,-64.818611
3,99,06/06/15 18:00,-3.080911,-64.818627
3,99,06/06/15 22:00,-3.083946,-64.818351
3,99,06/07/15 00:00,-3.083913,-64.818325
3,99,06/07/15 02:00,-3.083944,-64.818351
3,99,06/07/15 04:00,-3.084002,-64.81829
3,99,06/07/15 06:00,-3.083955,-64.818414
3,99,06/07/15 08:00,-3.083965,-64.818321
3,99,06/07/15 10:00,-3.084018,-64.818322
3,99,06/07/15 12:00,-3.084045,-64.818363
3,99,06/07/15 14:01,-3.083965,-64.818375
3,99,06/07/15 16:02,-3.08385,-64.818361
3,99,06/07/15 18:01,-3.081599,-64.821503
3,99,06/07/15 20:01,-3.079558,-64.827398
3,99,06/07/15 22:00,-3.079492,-64.827572
3,99,06/08/15 00:01,-3.07949,-64.82774
3,99,06/08/15 02:01,-3.079444,-64.827712
3,99,06/08/15 04:01,-3.075613,-64.83137
3,99,06/08/15 06:01,-3.075516,-64.831354
3,99,06/08/15 08:00,-3.075533,-64.83148
3,99,06/08/15 10:01,-3.075475,-64.83146
3,99,06/08/15 12:00,-3.075509,-64.831413
3,99,06/08/15 14:00,-3.075541,-64.831336
3,99,06/08/15 16:01,-3.075566,-64.8315
3,99,06/08/15 20:00,-3.072291,-64.833942
3,99,06/08/15 22:00,-3.072408,-64.833845
3,99,06/09/15 00:00,-3.072658,-64.834479
3,99,06/09/15 02:01,-3.073195,-64.838096
3,99,06/09/15 04:03,-3.073053,-64.837765
3,99,06/09/15 06:00,-3.073287,-64.838191
3,99,06/09/15 08:00,-3.073221,-64.838086
3,99,06/09/15 10:00,-3.07326,-64.838314
3,99,06/09/15 12:02,-3.073136,-64.83802
3,99,06/09/15 14:00,-3.073243,-64.838281
3,99,06/09/15 16:00,-3.073135,-64.838061
3,99,06/09/15 20:00,-3.080546,-64.839794
3,99,06/09/15 22:00,-3.080586,-64.839799
3,99,06/10/15 00:00,-3.080639,-64.839902
3,99,06/10/15 02:02,-3.080598,-64.839883
3,99,06/10/15 04:01,-3.083512,-64.835879
3,99,06/10/15 06:00,-3.083621,-64.835778
3,99,06/10/15 08:00,-3.08366,-64.835883
3,99,06/10/15 10:00,-3.083666,-64.835851
3,99,06/10/15 12:00,-3.083604,-64.835845
3,99,06/10/15 14:00,-3.0836,-64.835817
3,99,06/10/15 16:00,-3.083636,-64.835873
3,99,06/10/15 18:02,-3.081905,-64.832565
3,99,06/10/15 20:01,-3.081732,-64.832517
3,99,06/10/15 22:00,-3.082339,-64.832068
3,99,06/11/15 00:00,-3.082648,-64.831361
3,99,06/11/15 02:01,-3.082641,-64.831326
3,99,06/11/15 04:01,-3.083397,-64.831988
3,99,06/11/15 06:00,-3.083449,-64.8319
3,99,06/11/15 08:02,-3.083411,-64.831973
3,99,06/11/15 10:01,-3.083439,-64.831977
3,99,06/11/15 12:00,-3.083415,-64.83196
3,99,06/11/15 14:02,-3.083404,-64.83194
3,99,06/11/15 16:01,-3.083398,-64.832005
3,99,06/11/15 18:00,-3.08347,-64.831922
3,99,06/11/15 20:02,-3.077348,-64.831755
3,99,06/11/15 22:00,-3.075618,-64.833344
3,99,06/12/15 02:00,-3.072265,-64.833867
3,99,06/12/15 04:00,-3.072377,-64.833891
3,99,06/12/15 06:02,-3.071708,-64.833887
3,99,06/12/15 08:00,-3.072304,-64.833827
3,99,06/12/15 10:00,-3.07229,-64.8339
3,99,06/12/15 12:00,-3.072279,-64.833903
3,99,06/12/15 14:00,-3.072214,-64.833908
3,99,06/12/15 18:01,-3.06369,-64.837995
3,99,06/12/15 20:02,-3.063569,-64.837864
3,99,06/12/15 22:02,-3.062174,-64.838891
3,99,06/13/15 00:00,-3.061855,-64.839674
3,99,06/13/15 02:01,-3.061904,-64.839766
3,99,06/13/15 04:02,-3.062629,-64.839326
3,99,06/13/15 06:00,-3.062779,-64.839503
3,99,06/13/15 08:00,-3.062737,-64.839403
3,99,06/13/15 10:01,-3.062701,-64.839237
3,99,06/13/15 12:00,-3.062755,-64.83941
3,99,06/13/15 14:01,-3.062773,-64.839271
3,99,06/13/15 16:01,-3.063123,-64.840297
3,99,06/13/15 18:00,-3.062974,-64.840239
3,99,06/13/15 20:01,-3.06301,-64.840236
3,99,06/14/15 00:01,-3.067936,-64.838824
3,99,06/14/15 02:00,-3.067882,-64.838834
3,99,06/14/15 04:00,-3.06791,-64.838834
3,99,06/14/15 06:01,-3.067652,-64.838726
3,99,06/14/15 08:00,-3.067999,-64.837426
3,99,06/14/15 10:01,-3.068141,-64.837618
3,99,06/14/15 12:02,-3.068207,-64.837614
3,99,06/14/15 14:00,-3.068114,-64.837413
3,99,06/14/15 16:01,-3.068112,-64.837434
3,99,06/14/15 18:00,-3.067775,-64.837641
3,99,06/14/15 20:00,-3.06811,-64.837406
3,99,06/14/15 22:01,-3.067971,-64.837318
3,99,06/15/15 00:00,-3.068009,-64.837406
3,99,06/15/15 02:01,-3.06814,-64.837629
3,99,06/15/15 04:01,-3.067519,-64.838864
3,99,06/15/15 06:01,-3.068619,-64.839447
3,99,06/15/15 08:00,-3.068671,-64.839383
3,99,06/15/15 10:00,-3.068705,-64.839288
3,99,06/15/15 12:01,-3.068623,-64.83939
3,99,06/15/15 14:01,-3.068637,-64.839317
3,99,06/15/15 18:02,-3.071527,-64.840218
3,99,06/15/15 20:01,-3.071543,-64.840139
3,99,06/15/15 22:00,-3.071563,-64.840039
3,99,06/16/15 00:00,-3.071527,-64.840146
3,99,06/16/15 02:01,-3.07153,-64.840087
3,99,06/16/15 04:01,-3.071468,-64.840136
3,99,06/16/15 06:00,-3.071607,-64.840066
3,99,06/16/15 08:00,-3.071499,-64.840134
3,99,06/16/15 10:00,-3.071649,-64.840052
3,99,06/16/15 12:01,-3.071609,-64.840096
3,99,06/16/15 14:00,-3.071559,-64.840043
3,99,06/16/15 16:00,-3.071515,-64.840102
3,99,06/16/15 18:00,-3.071737,-64.840071
3,99,06/16/15 20:00,-3.071574,-64.840126
3,99,06/16/15 22:00,-3.071585,-64.840033
3,99,06/17/15 00:01,-3.071562,-64.839996
3,99,06/17/15 02:00,-3.071571,-64.84012
3,99,06/17/15 04:00,-3.071514,-64.840078
3,99,06/17/15 06:00,-3.071456,-64.840049
3,99,06/17/15 08:00,-3.071627,-64.840095
3,99,06/17/15 10:02,-3.071837,-64.839859
3,99,06/17/15 12:01,-3.07155,-64.840035
3,99,06/17/15 14:01,-3.071604,-64.840063
3,99,06/17/15 16:00,-3.071565,-64.84004
3,99,06/17/15 18:00,-3.071528,-64.839971
3,99,06/17/15 20:01,-3.071532,-64.84003
3,99,06/17/15 22:01,-3.071636,-64.840154
3,99,06/18/15 00:02,-3.071575,-64.840099
3,99,06/18/15 02:00,-3.071475,-64.840011
3,99,06/18/15 04:01,-3.071599,-64.840088
3,99,06/18/15 06:01,-3.07162,-64.84009
3,99,06/18/15 08:01,-3.071656,-64.84012
3,99,06/18/15 10:00,-3.071524,-64.84005
3,99,06/18/15 12:01,-3.070704,-64.839569
3,99,06/18/15 14:00,-3.070769,-64.839686
3,99,06/18/15 16:00,-3.070992,-64.839573
3,99,06/18/15 18:00,-3.070538,-64.839621
3,99,06/18/15 20:00,-3.070771,-64.839668
3,99,06/18/15 22:00,-3.070817,-64.839527
3,99,06/19/15 00:00,-3.070834,-64.839336
3,99,06/19/15 02:01,-3.070784,-64.839601
3,99,06/19/15 04:00,-3.070794,-64.839586
3,99,06/19/15 06:01,-3.066935,-64.837626
3,99,06/19/15 08:00,-3.066984,-64.837669
3,99,06/19/15 10:01,-3.066915,-64.8378
3,99,06/19/15 12:01,-3.066902,-64.837652
3,99,06/19/15 14:01,-3.066899,-64.837786
3,99,06/19/15 16:00,-3.066864,-64.837671
3,99,06/19/15 18:01,-3.066825,-64.837487
3,99,06/19/15 20:00,-3.066944,-64.837784
3,99,06/19/15 22:00,-3.066773,-64.837931
3,99,06/20/15 00:00,-3.066859,-64.837764
3,99,06/20/15 02:00,-3.066874,-64.83761
3,99,06/20/15 04:00,-3.066884,-64.837783
3,99,06/20/15 06:00,-3.066615,-64.838109
3,99,06/20/15 08:01,-3.066586,-64.838065
3,99,06/20/15 10:00,-3.066525,-64.838081
3,99,06/20/15 14:01,-3.066581,-64.838057
3,99,06/20/15 16:00,-3.066464,-64.838237
3,99,06/20/15 18:01,-3.066564,-64.838125
3,99,06/20/15 20:01,-3.066601,-64.838166
3,99,06/20/15 22:01,-3.062975,-64.838226
3,99,06/21/15 00:02,-3.062991,-64.838194
3,99,06/21/15 02:00,-3.062836,-64.838079
3,99,06/21/15 04:00,-3.066404,-64.83573
3,99,06/21/15 06:00,-3.066487,-64.835512
3,99,06/21/15 08:00,-3.066567,-64.835408
3,99,06/21/15 10:02,-3.066386,-64.835359
3,99,06/21/15 12:00,-3.066634,-64.835458
3,99,06/21/15 14:00,-3.066567,-64.835407
3,99,06/21/15 16:01,-3.06676,-64.835692
3,99,06/21/15 18:00,-3.066647,-64.835612
3,99,06/21/15 20:00,-3.066596,-64.835476
3,99,06/21/15 22:00,-3.066578,-64.835723
3,99,06/22/15 00:00,-3.066566,-64.835577
3,99,06/22/15 02:00,-3.066598,-64.835602
3,99,06/22/15 06:00,-3.068834,-64.836005
3,99,06/22/15 08:00,-3.068902,-64.835965
3,99,06/22/15 10:01,-3.068762,-64.836075
3,99,06/22/15 14:00,-3.06878,-64.836309
3,99,06/22/15 16:01,-3.068812,-64.836264
3,99,06/22/15 18:00,-3.068752,-64.836356
3,99,06/22/15 20:01,-3.068708,-64.836261
3,99,06/22/15 22:00,-3.068709,-64.836282
3,99,06/23/15 00:00,-3.068756,-64.836178
3,99,06/23/15 02:00,-3.069067,-64.836512
3,99,06/23/15 04:01,-3.071439,-64.835486
3,99,06/23/15 06:00,-3.07143,-64.835316
3,99,06/23/15 08:01,-3.07146,-64.835469
3,99,06/23/15 10:00,-3.071475,-64.835524
3,99,06/23/15 12:00,-3.071412,-64.835432
3,99,06/23/15 16:00,-3.071458,-64.835466
3,99,06/23/15 18:00,-3.071405,-64.835476
3,99,06/23/15 20:00,-3.073827,-64.839219
3,99,06/23/15 22:00,-3.0762,-64.841777
3,99,06/24/15 00:00,-3.076216,-64.841741
3,99,06/24/15 02:00,-3.076186,-64.841744
3,99,06/24/15 04:00,-3.074553,-64.842655
3,99,06/24/15 06:00,-3.074516,-64.84273
3,99,06/24/15 10:01,-3.071105,-64.84171
3,99,06/24/15 12:00,-3.069246,-64.84075
3,99,06/24/15 14:00,-3.069266,-64.840822
3,99,06/24/15 16:00,-3.069301,-64.840894
3,99,06/24/15 18:00,-3.069253,-64.840766
3,99,06/24/15 20:01,-3.069086,-64.837984
3,99,06/24/15 22:01,-3.068133,-64.837469
3,99,06/25/15 00:00,-3.068035,-64.837366
3,99,06/25/15 02:00,-3.068196,-64.837463
3,99,06/25/15 04:00,-3.066171,-64.834756
3,99,06/25/15 06:00,-3.066112,-64.835016
3,99,06/25/15 08:00,-3.066123,-64.834941
3,99,06/25/15 10:00,-3.066055,-64.83486
3,99,06/25/15 12:00,-3.06602,-64.834922
3,99,06/25/15 14:00,-3.066042,-64.834919
3,99,06/25/15 16:00,-3.066113,-64.834894
3,99,06/25/15 18:00,-3.06624,-64.834882
3,99,06/25/15 20:00,-3.066748,-64.834523
3,99,06/25/15 22:00,-3.066798,-64.834502
3,99,06/26/15 00:00,-3.066852,-64.83446
3,99,06/26/15 02:00,-3.071268,-64.831163
3,99,06/26/15 04:00,-3.071201,-64.831051
3,99,06/26/15 08:02,-3.072213,-64.831475
3,99,06/26/15 10:00,-3.072187,-64.831389
3,99,06/26/15 12:00,-3.072188,-64.831392
3,99,06/26/15 14:01,-3.072083,-64.831886
3,99,06/26/15 16:00,-3.07334,-64.8308
3,99,06/26/15 18:00,-3.073324,-64.830932
3,99,06/26/15 20:00,-3.073497,-64.830782
3,99,06/26/15 22:00,-3.07336,-64.830889
3,99,06/27/15 02:01,-3.075236,-64.829654
3,99,06/27/15 04:01,-3.075512,-64.83149
3,99,06/27/15 06:00,-3.077601,-64.83259
3,99,06/27/15 08:02,-3.077765,-64.832605
3,99,06/27/15 10:01,-3.077677,-64.83254
3,99,06/27/15 12:00,-3.077803,-64.832831
3,99,06/27/15 14:01,-3.077697,-64.832741
3,99,06/27/15 18:00,-3.077576,-64.832625
3,99,06/27/15 20:00,-3.077471,-64.8327
3,99,06/27/15 22:00,-3.077359,-64.831651
3,99,06/28/15 00:01,-3.077341,-64.831882
3,99,06/28/15 02:01,-3.077312,-64.831782
3,99,06/28/15 04:02,-3.079957,-64.832568
3,99,06/28/15 06:00,-3.079845,-64.832454
3,99,06/28/15 08:00,-3.07974,-64.832205
3,99,06/28/15 10:01,-3.079897,-64.832468
3,99,06/28/15 12:01,-3.07984,-64.832457
3,99,06/28/15 14:00,-3.079851,-64.832477
3,99,06/28/15 16:00,-3.079719,-64.8324
3,99,06/28/15 18:00,-3.079824,-64.832526
3,99,06/29/15 00:00,-3.080172,-64.847955
3,99,06/29/15 02:00,-3.08004,-64.847946
3,99,06/29/15 04:02,-3.080055,-64.847773
3,99,06/29/15 06:01,-3.084445,-64.845652
3,99,06/29/15 08:01,-3.087107,-64.841629
3,99,06/29/15 10:00,-3.087033,-64.841397
3,99,06/29/15 14:01,-3.087112,-64.841625
3,99,06/29/15 16:01,-3.08711,-64.841549
3,99,06/29/15 18:02,-3.087064,-64.841722
3,99,06/29/15 20:00,-3.087017,-64.841747
3,99,06/29/15 22:00,-3.087016,-64.841751
3,99,06/30/15 00:00,-3.087045,-64.841829
3,99,06/30/15 02:00,-3.087083,-64.84173
3,99,06/30/15 04:02,-3.088894,-64.842699
3,99,06/30/15 06:01,-3.08827,-64.84244
3,99,06/30/15 08:00,-3.088864,-64.84264
3,99,06/30/15 10:01,-3.089453,-64.844067
3,99,06/30/15 12:01,-3.088867,-64.842658
3,99,06/30/15 14:01,-3.088885,-64.842697
3,99,06/30/15 16:00,-3.088879,-64.84258
3,99,06/30/15 18:00,-3.088734,-64.842625
3,99,06/30/15 20:01,-3.088928,-64.842599
3,99,06/30/15 22:00,-3.088821,-64.842598
3,99,07/01/15 00:01,-3.088283,-64.842301
3,99,07/01/15 02:00,-3.088215,-64.842217
3,99,07/01/15 04:01,-3.092861,-64.835629
3,99,07/01/15 06:00,-3.091429,-64.832535
3,99,07/01/15 08:00,-3.091537,-64.83253
3,99,07/01/15 10:02,-3.089471,-64.832084
3,99,07/01/15 12:01,-3.091048,-64.830965
3,99,07/01/15 14:00,-3.091017,-64.830849
3,99,07/01/15 16:00,-3.09101,-64.83088
3,99,07/01/15 18:00,-3.09094,-64.830846
3,99,07/01/15 20:00,-3.091001,-64.830879
3,99,07/01/15 22:00,-3.09097,-64.830811
3,99,07/02/15 00:00,-3.090841,-64.83081
3,99,07/02/15 02:00,-3.09097,-64.830825
3,99,07/02/15 04:00,-3.090967,-64.830885
3,99,07/02/15 06:00,-3.091066,-64.830834
3,99,07/02/15 08:01,-3.091006,-64.830733
3,99,07/02/15 10:00,-3.090865,-64.830819
3,99,07/02/15 12:01,-3.090939,-64.830829
3,99,07/02/15 14:01,-3.090972,-64.830877
3,99,07/02/15 18:00,-3.089595,-64.833125
3,99,07/02/15 20:00,-3.089573,-64.833102
3,99,07/02/15 22:00,-3.089509,-64.833105
3,99,07/03/15 00:00,-3.089512,-64.83315
3,99,07/03/15 02:01,-3.089508,-64.83325
3,99,07/03/15 04:00,-3.089654,-64.839159
3,99,07/03/15 08:02,-3.085926,-64.839596
3,99,07/03/15 12:00,-3.083938,-64.839598
3,99,07/03/15 14:00,-3.083826,-64.839533
3,99,07/03/15 16:00,-3.084018,-64.839332
3,99,07/03/15 18:00,-3.083835,-64.839514
3,99,07/03/15 20:00,-3.082586,-64.838572
3,99,07/03/15 22:01,-3.082042,-64.836697
3,99,07/04/15 00:01,-3.079768,-64.839104
3,99,07/04/15 02:00,-3.079723,-64.839124
3,99,07/04/15 06:02,-3.079756,-64.839097
3,99,07/04/15 08:00,-3.079516,-64.839306
3,99,07/04/15 10:00,-3.079704,-64.839195
3,99,07/04/15 14:01,-3.080145,-64.838854
3,99,07/04/15 16:01,-3.080132,-64.838834
3,99,07/04/15 18:02,-3.080127,-64.83884
3,99,07/04/15 20:00,-3.080045,-64.838807
3,99,07/04/15 22:01,-3.08011,-64.838827
3,99,07/05/15 00:01,-3.080178,-64.838958
3,99,07/05/15 02:00,-3.080235,-64.838797
3,99,07/05/15 04:01,-3.080144,-64.838882
3,99,07/05/15 06:01,-3.079998,-64.838866
3,99,07/05/15 08:01,-3.080132,-64.838808
3,99,07/05/15 10:00,-3.080214,-64.83887
3,99,07/05/15 12:00,-3.080196,-64.838826
3,99,07/05/15 14:02,-3.080109,-64.838852
3,99,07/05/15 16:00,-3.080135,-64.838844
3,99,07/05/15 18:00,-3.080204,-64.838936
3,99,07/05/15 20:01,-3.080143,-64.838751
3,99,07/05/15 22:00,-3.080109,-64.838834
3,99,07/06/15 00:00,-3.080178,-64.838862
3,99,07/06/15 02:00,-3.080064,-64.838882
3,99,07/06/15 04:01,-3.077964,-64.841483
3,99,07/06/15 06:00,-3.078043,-64.841539
3,99,07/06/15 08:00,-3.078066,-64.841668
3,99,07/06/15 10:02,-3.077949,-64.841732
3,99,07/06/15 12:01,-3.07795,-64.841532
3,99,07/06/15 14:00,-3.077982,-64.841584
3,99,07/06/15 16:01,-3.077937,-64.841598
3,99,07/06/15 18:00,-3.077992,-64.841591
3,99,07/06/15 22:00,-3.078616,-64.843121
3,99,07/07/15 00:00,-3.078688,-64.843111
3,99,07/07/15 02:01,-3.078979,-64.849545
3,99,07/07/15 04:00,-3.079055,-64.849587
3,99,07/07/15 06:00,-3.079067,-64.849589
3,99,07/07/15 08:00,-3.079028,-64.849542
3,99,07/07/15 10:00,-3.079038,-64.84953
3,99,07/07/15 12:00,-3.079045,-64.849599
3,99,07/07/15 14:01,-3.079033,-64.849585
3,99,07/07/15 16:00,-3.079052,-64.849619
3,99,07/07/15 18:00,-3.079011,-64.849541
3,99,07/07/15 20:00,-3.078977,-64.849767
3,99,07/07/15 22:01,-3.081632,-64.85532
3,99,07/08/15 00:01,-3.082109,-64.857888
3,99,07/08/15 02:01,-3.08555,-64.867175
3,99,07/08/15 04:01,-3.085666,-64.867229
3,99,07/08/15 06:00,-3.085696,-64.867095
3,99,07/08/15 08:00,-3.085664,-64.867158
3,99,07/08/15 10:02,-3.085932,-64.86712
3,99,07/08/15 12:00,-3.087033,-64.867374
3,99,07/08/15 14:01,-3.087027,-64.867502
3,99,07/08/15 16:02,-3.08622,-64.870839
3,99,07/08/15 18:00,-3.086319,-64.87064
3,99,07/08/15 20:00,-3.086157,-64.870815
3,99,07/08/15 22:00,-3.086213,-64.87076
3,99,07/09/15 00:00,-3.08621,-64.870738
3,99,07/09/15 02:01,-3.08619,-64.870838
3,99,07/09/15 06:02,-3.085865,-64.871539
3,99,07/09/15 08:01,-3.085983,-64.87143
3,99,07/09/15 10:00,-3.085844,-64.871457
3,99,07/09/15 12:00,-3.085918,-64.871535
3,99,07/09/15 14:00,-3.085929,-64.871308
3,99,07/09/15 16:01,-3.085915,-64.871415
3,99,07/09/15 18:00,-3.083909,-64.871566
3,99,07/09/15 20:00,-3.084331,-64.87255
3,99,07/09/15 22:00,-3.084346,-64.872654
3,99,07/10/15 00:01,-3.084239,-64.872629
3,99,07/10/15 02:00,-3.084288,-64.872814
3,99,07/10/15 04:00,-3.084519,-64.873006
3,99,07/10/15 06:00,-3.084429,-64.872928
3,99,07/10/15 08:01,-3.084845,-64.872799
3,99,07/10/15 10:02,-3.083043,-64.874679
3,99,07/10/15 12:00,-3.083048,-64.87466
3,99,07/10/15 14:00,-3.082977,-64.8747
3,99,07/10/15 16:00,-3.08306,-64.874694
3,99,07/10/15 18:00,-3.08244,-64.873731
3,99,07/10/15 20:00,-3.082313,-64.873477
3,99,07/10/15 22:00,-3.082359,-64.87351
3,99,07/11/15 00:01,-3.082571,-64.873719
1,99,07/11/15 04:00,-3.070165,-64.872913
1,99,07/11/15 06:01,-3.069582,-64.872771
1,99,07/11/15 08:01,-3.069564,-64.872752
1,99,07/11/15 10:00,-3.06957,-64.872692
1,99,07/11/15 12:00,-3.069592,-64.872742
1,99,07/11/15 14:01,-3.070087,-64.871958
1,99,07/11/15 16:00,-3.069603,-64.872786
1,99,07/11/15 18:02,-3.066558,-64.873979
1,99,07/11/15 20:01,-3.066445,-64.874051
1,99,07/11/15 22:00,-3.062786,-64.885764
1,99,07/12/15 00:01,-3.064407,-64.887135
1,99,07/12/15 02:00,-3.06416,-64.887144
1,99,07/12/15 06:00,-3.06398,-64.887037
1,99,07/12/15 10:01,-3.060058,-64.880438
1,99,07/12/15 12:00,-3.059829,-64.880377
1,99,07/12/15 14:00,-3.060063,-64.880393
1,99,07/12/15 16:01,-3.060044,-64.88038
1,99,07/12/15 18:00,-3.060302,-64.880327
1,99,07/12/15 20:01,-3.0582,-64.881722
1,99,07/13/15 00:00,-3.058906,-64.885123
1,99,07/13/15 02:00,-3.058845,-64.885074
1,99,07/13/15 04:00,-3.058845,-64.885027
1,99,07/13/15 08:00,-3.058962,-64.885027
1,99,07/13/15 10:00,-3.058859,-64.885135
1,99,07/13/15 12:00,-3.05895,-64.885021
1,99,07/13/15 14:00,-3.058893,-64.885093
1,99,07/13/15 16:01,-3.058857,-64.885115
1,99,07/13/15 18:00,-3.058883,-64.88494
1,99,07/13/15 20:00,-3.060006,-64.884417
1,99,07/13/15 22:02,-3.059925,-64.884473
1,99,07/14/15 00:01,-3.059968,-64.884238
1,99,07/14/15 02:00,-3.059958,-64.884475
1,99,07/14/15 04:00,-3.059062,-64.883607
1,99,07/14/15 06:01,-3.059805,-64.887159
1,99,07/14/15 08:00,-3.059808,-64.886997
1,99,07/14/15 10:00,-3.059867,-64.887052
1,99,07/14/15 12:00,-3.059861,-64.887076
1,99,07/14/15 14:00,-3.05999,-64.887162
1,99,07/14/15 16:01,-3.059815,-64.886888
1,99,07/14/15 18:00,-3.059927,-64.887213
1,99,07/14/15 20:00,-3.059855,-64.887163
1,99,07/14/15 22:00,-3.059939,-64.887246
1,99,07/15/15 00:00,-3.059846,-64.887127
1,99,07/15/15 02:00,-3.059857,-64.887057
1,99,07/15/15 04:01,-3.059819,-64.887152
1,99,07/15/15 06:01,-3.060032,-64.887038
1,99,07/15/15 08:01,-3.059835,-64.887072
1,99,07/15/15 10:01,-3.059594,-64.887204
1,99,07/15/15 14:00,-3.059893,-64.8873
1,99,07/15/15 16:01,-3.059913,-64.887095
1,99,07/15/15 18:01,-3.059874,-64.887168
1,99,07/15/15 20:00,-3.064031,-64.879391
1,99,07/16/15 02:00,-3.064387,-64.877503
1,99,07/16/15 04:01,-3.069314,-64.879545
1,99,07/16/15 06:01,-3.069431,-64.879275
1,99,07/16/15 14:00,-3.066056,-64.884911
1,99,07/16/15 16:01,-3.06439,-64.886355
1,99,07/16/15 18:00,-3.06447,-64.886229
1,99,07/16/15 20:00,-3.064455,-64.886361
1,99,07/16/15 22:00,-3.064598,-64.886315
1,99,07/17/15 00:00,-3.064431,-64.886351
1,99,07/17/15 02:00,-3.0645,-64.886279
1,99,07/17/15 04:00,-3.064395,-64.886346
1,99,07/17/15 06:00,-3.064413,-64.886427
1,99,07/17/15 08:00,-3.064368,-64.886444
1,99,07/17/15 10:02,-3.063591,-64.886718
1,99,07/17/15 14:02,-3.063667,-64.886681
4,99,07/17/15 18:00,-3.062147,-64.874765
4,99,07/17/15 22:00,-3.060416,-64.874501
4,99,07/18/15 00:01,-3.060475,-64.874494
4,99,07/18/15 02:00,-3.060479,-64.874419
4,99,07/18/15 04:00,-3.060471,-64.874497
4,99,07/18/15 06:00,-3.060513,-64.874309
4,99,07/18/15 08:00,-3.060481,-64.874519
4,99,07/18/15 10:01,-3.060439,-64.874433
4,99,07/18/15 12:01,-3.060415,-64.874305
4,99,07/18/15 14:00,-3.060485,-64.874504
4,99,07/18/15 16:00,-3.06052,-64.874432
4,99,07/18/15 18:00,-3.060409,-64.874403
4,99,07/18/15 20:01,-3.060445,-64.874488
4,99,07/18/15 22:01,-3.06066,-64.874399
4,99,07/19/15 00:01,-3.060477,-64.874438
4,99,07/19/15 02:00,-3.060567,-64.874441
4,99,07/19/15 04:00,-3.060416,-64.874489
4,99,07/19/15 06:00,-3.060546,-64.874536
4,99,07/19/15 08:00,-3.060718,-64.874085
4,99,07/19/15 10:01,-3.059903,-64.874497
4,99,07/19/15 12:00,-3.059802,-64.874244
4,99,07/19/15 14:01,-3.059819,-64.874291
4,99,07/19/15 16:00,-3.059765,-64.874301
1,99,07/19/15 18:00,-3.061353,-64.877094
1,99,07/19/15 20:00,-3.061503,-64.876984
1,99,07/19/15 22:00,-3.061264,-64.877222
1,99,07/20/15 00:00,-3.061219,-64.877003
1,99,07/20/15 02:00,-3.061222,-64.877068
1,99,07/20/15 04:01,-3.06122,-64.877401
1,99,07/20/15 06:00,-3.061625,-64.877613
1,99,07/20/15 08:02,-3.061439,-64.877506
1,99,07/20/15 10:02,-3.063069,-64.878907
1,99,07/20/15 12:02,-3.062978,-64.878903
1,99,07/20/15 14:00,-3.063045,-64.878597
1,99,07/20/15 16:01,-3.063126,-64.87888
1,99,07/20/15 18:02,-3.062906,-64.879861
1,99,07/20/15 20:01,-3.063884,-64.879555
1,99,07/20/15 22:00,-3.063727,-64.880077
1,99,07/21/15 02:00,-3.070797,-64.880816
1,99,07/21/15 04:00,-3.070776,-64.880725
1,99,07/21/15 06:00,-3.070873,-64.880946
1,99,07/21/15 08:00,-3.070685,-64.88083
1,99,07/21/15 12:01,-3.07162,-64.880791
1,99,07/21/15 18:01,-3.07153,-64.881165
1,99,07/21/15 22:00,-3.0822,-64.876861
1,99,07/22/15 00:00,-3.082266,-64.876577
3,99,07/22/15 02:00,-3.087204,-64.879218
3,99,07/22/15 04:00,-3.087147,-64.879338
3,99,07/22/15 06:01,-3.088175,-64.878493
3,99,07/22/15 08:01,-3.086977,-64.879132
3,99,07/22/15 10:01,-3.086973,-64.879163
3,99,07/22/15 16:01,-3.087194,-64.8791
3,99,07/22/15 18:00,-3.086467,-64.878641
1,99,07/22/15 20:02,-3.081588,-64.878548
1,99,07/23/15 00:02,-3.07376,-64.880838
1,99,07/23/15 02:00,-3.073715,-64.880733
1,99,07/23/15 04:01,-3.078785,-64.880113
1,99,07/23/15 06:02,-3.07789,-64.877877
1,99,07/23/15 08:02,-3.077912,-64.877614
1,99,07/23/15 12:01,-3.077832,-64.877933
1,99,07/23/15 14:02,-3.0778,-64.877844
1,99,07/23/15 18:00,-3.077696,-64.878004
1,99,07/23/15 20:01,-3.077885,-64.877708
1,99,07/23/15 22:02,-3.075589,-64.877423
1,99,07/24/15 00:02,-3.074465,-64.879902
1,99,07/24/15 04:02,-3.069828,-64.885997
1,99,07/24/15 06:01,-3.070376,-64.885903
1,99,07/24/15 10:02,-3.070953,-64.885913
1,99,07/24/15 12:01,-3.070987,-64.886128
1,99,07/24/15 14:02,-3.070873,-64.886024
1,99,07/24/15 16:01,-3.073132,-64.88922
1,99,07/24/15 18:01,-3.073209,-64.889301
1,99,07/24/15 20:00,-3.073299,-64.889184
1,99,07/24/15 22:00,-3.073264,-64.889188
1,99,07/25/15 00:00,-3.073318,-64.888803
1,99,07/25/15 02:00,-3.073215,-64.88929
1,99,07/25/15 04:02,-3.073652,-64.889952
1,99,07/25/15 06:01,-3.073317,-64.889513
1,99,07/25/15 08:00,-3.069146,-64.891531
1,99,07/25/15 10:01,-3.069041,-64.891496
1,99,07/25/15 12:00,-3.069055,-64.891486
1,99,07/25/15 14:00,-3.069084,-64.89154
1,99,07/25/15 16:00,-3.069031,-64.891545
1,99,07/25/15 18:00,-3.069085,-64.891534
1,99,07/25/15 20:00,-3.069085,-64.891497
1,99,07/25/15 22:00,-3.069042,-64.891553
1,99,07/26/15 00:01,-3.069088,-64.891536
1,99,07/26/15 02:00,-3.069101,-64.891645
1,99,07/26/15 04:00,-3.06687,-64.888682
1,99,07/26/15 06:00,-3.066979,-64.888685
1,99,07/26/15 08:00,-3.066881,-64.888625
1,99,07/26/15 10:01,-3.066796,-64.888616
1,99,07/26/15 12:00,-3.06685,-64.888595
1,99,07/26/15 18:00,-3.068939,-64.889738
1,99,07/26/15 20:00,-3.068712,-64.889702
1,99,07/26/15 22:02,-3.068442,-64.891131
1,99,07/27/15 02:01,-3.066416,-64.899846
1,99,07/27/15 08:00,-3.06528,-64.903668
1,99,07/27/15 10:01,-3.065301,-64.903593
1,99,07/27/15 12:02,-3.065271,-64.903585
1,99,07/27/15 18:02,-3.065406,-64.903662
1,99,07/27/15 20:00,-3.065854,-64.90204
1,99,07/27/15 22:01,-3.065796,-64.901931
1,99,07/28/15 00:01,-3.065909,-64.90212
1,99,07/28/15 02:01,-3.065875,-64.90211
1,99,07/28/15 10:01,-3.077358,-64.898609
1,99,07/28/15 12:01,-3.076322,-64.899249
1,99,07/28/15 14:02,-3.077756,-64.89797
1,99,07/28/15 16:02,-3.077083,-64.898752
1,99,07/28/15 18:01,-3.07458,-64.900665
1,99,07/28/15 22:01,-3.079277,-64.897732
1,99,07/29/15 00:01,-3.079385,-64.897832
1,99,07/29/15 02:01,-3.077124,-64.898737
1,99,07/29/15 04:01,-3.077338,-64.898628
1,99,07/29/15 06:01,-3.079287,-64.893584
1,99,07/29/15 08:01,-3.079391,-64.893463
1,99,07/29/15 12:01,-3.079167,-64.893382
1,99,07/29/15 18:00,-3.079125,-64.89344
1,99,07/29/15 22:00,-3.079619,-64.893034
1,99,07/30/15 06:00,-3.089299,-64.890836
1,99,07/30/15 08:01,-3.089615,-64.890909
1,99,07/30/15 12:01,-3.089807,-64.890778
1,99,07/30/15 14:02,-3.086768,-64.891412
1,99,07/30/15 16:02,-3.084231,-64.891916
1,99,07/30/15 18:00,-3.08397,-64.891981
1,99,07/30/15 20:00,-3.08401,-64.892201
1,99,07/30/15 22:01,-3.082595,-64.892384
1,99,07/31/15 04:00,-3.086743,-64.891343
1,99,07/31/15 06:00,-3.086569,-64.891327
1,99,07/31/15 08:00,-3.086691,-64.891317
1,99,07/31/15 10:00,-3.086759,-64.891285
1,99,07/31/15 12:00,-3.086656,-64.89133
1,99,07/31/15 14:00,-3.08678,-64.891324
1,99,07/31/15 20:01,-3.083539,-64.887918
1,99,07/31/15 22:00,-3.079892,-64.888313
1,99,08/01/15 00:00,-3.079903,-64.888237
1,99,08/01/15 02:00,-3.079869,-64.888286
1,99,08/01/15 06:01,-3.081116,-64.877548
3,99,08/01/15 08:00,-3.084557,-64.877815
3,99,08/01/15 10:02,-3.084599,-64.877798
3,99,08/01/15 12:01,-3.084438,-64.877829
3,99,08/01/15 14:01,-3.084403,-64.877773
3,99,08/01/15 16:02,-3.084844,-64.877503
3,99,08/01/15 18:01,-3.08408,-64.875623
1,99,08/01/15 22:03,-3.072868,-64.868278
3,99,08/02/15 00:01,-3.07426,-64.873328
1,99,08/02/15 02:00,-3.072042,-64.869122
1,99,08/02/15 04:02,-3.072563,-64.86855
1,99,08/02/15 08:01,-3.07152,-64.869423
1,99,08/02/15 10:01,-3.07142,-64.86956
1,99,08/02/15 14:01,-3.071256,-64.869385
1,99,08/02/15 16:00,-3.071262,-64.86957
1,99,08/02/15 18:02,-3.06655,-64.870047
4,99,08/02/15 22:00,-3.068958,-64.86436
4,99,08/03/15 00:00,-3.07029,-64.863159
4,99,08/03/15 02:01,-3.070262,-64.86313
4,99,08/03/15 06:01,-3.074075,-64.863018
4,99,08/03/15 08:01,-3.074131,-64.862822
4,99,08/03/15 10:01,-3.074165,-64.862935
4,99,08/03/15 12:02,-3.074248,-64.862771
4,99,08/03/15 14:01,-3.072751,-64.863211
4,99,08/03/15 16:01,-3.072736,-64.863109
4,99,08/03/15 18:01,-3.071537,-64.864544
4,99,08/03/15 20:01,-3.075718,-64.868111
3,99,08/04/15 00:01,-3.07847,-64.870537
3,99,08/04/15 02:01,-3.078328,-64.870138
3,99,08/04/15 08:02,-3.086601,-64.875616
3,99,08/04/15 10:02,-3.08772,-64.873648
3,99,08/04/15 12:02,-3.08795,-64.873283
3,99,08/04/15 14:01,-3.087282,-64.873077
3,99,08/04/15 16:00,-3.086456,-64.869112
3,99,08/04/15 18:01,-3.087801,-64.857055
3,99,08/04/15 20:00,-3.096082,-64.844319
3,99,08/04/15 22:02,-3.100152,-64.846504
3,99,08/05/15 00:00,-3.099331,-64.855772
3,99,08/05/15 12:01,-3.091444,-64.867319
3,99,08/05/15 14:01,-3.091389,-64.867234
3,99,08/05/15 16:01,-3.091371,-64.86737
3,99,08/05/15 18:02,-3.092357,-64.866637
3,99,08/06/15 00:00,-3.08715,-64.862217
3,99,08/06/15 04:01,-3.083322,-64.864677
3,99,08/06/15 06:01,-3.076008,-64.859783
3,99,08/06/15 10:01,-3.07599,-64.85965
3,99,08/06/15 12:02,-3.075682,-64.858489
3,99,08/06/15 14:00,-3.073834,-64.859386
3,99,08/06/15 16:00,-3.073444,-64.859133
4,99,08/06/15 18:02,-3.068665,-64.859672
4,99,08/06/15 20:01,-3.067119,-64.860717
4,99,08/06/15 22:01,-3.067137,-64.860431
4,99,08/07/15 00:01,-3.067154,-64.860615
4,99,08/07/15 02:01,-3.067394,-64.860934
4,99,08/07/15 06:02,-3.067439,-64.860433
4,99,08/07/15 10:02,-3.067366,-64.860523
4,99,08/07/15 12:02,-3.067214,-64.860482
4,99,08/07/15 16:01,-3.067179,-64.860801
4,99,08/07/15 22:00,-3.067284,-64.860473
4,99,08/08/15 00:01,-3.067315,-64.860509
4,99,08/08/15 02:01,-3.067154,-64.860566
4,99,08/08/15 06:01,-3.06615,-64.864661
4,99,08/08/15 08:02,-3.06632,-64.865498
4,99,08/08/15 12:01,-3.066313,-64.865015
4,99,08/08/15 14:01,-3.066221,-64.864823
4,99,08/08/15 16:01,-3.066461,-64.865301
4,99,08/08/15 18:00,-3.066453,-64.865484
4,99,08/08/15 20:00,-3.065171,-64.869359
1,99,08/08/15 22:00,-3.063436,-64.880129
1,99,08/09/15 02:01,-3.06813,-64.882543
1,99,08/09/15 04:01,-3.070757,-64.881067
1,99,08/09/15 08:01,-3.06787,-64.879331
1,99,08/09/15 10:01,-3.067833,-64.879109
1,99,08/09/15 12:01,-3.063587,-64.886719
1,99,08/09/15 14:00,-3.063665,-64.886759
1,99,08/09/15 16:00,-3.063738,-64.886672
1,99,08/09/15 18:01,-3.063409,-64.881786
1,99,08/09/15 20:01,-3.070537,-64.870656
4,99,08/09/15 22:02,-3.075293,-64.867739
4,99,08/10/15 00:02,-3.073458,-64.867629
1,99,08/10/15 02:01,-3.066718,-64.871623
1,99,08/10/15 04:01,-3.063735,-64.880478
1,99,08/10/15 06:00,-3.063626,-64.880061
1,99,08/10/15 12:01,-3.063727,-64.880381
1,99,08/10/15 16:01,-3.06373,-64.880375
1,99,08/10/15 18:01,-3.064208,-64.881499
1,99,08/10/15 22:01,-3.063479,-64.882632
1,99,08/11/15 02:00,-3.063496,-64.882801
1,99,08/11/15 12:00,-3.07921,-64.880776
1,99,08/11/15 14:01,-3.079488,-64.880345
1,99,08/11/15 16:00,-3.079251,-64.880189
1,99,08/11/15 18:01,-3.079152,-64.87999
3,99,08/11/15 20:02,-3.085652,-64.880392
3,99,08/11/15 22:02,-3.075045,-64.873041
3,99,08/12/15 00:00,-3.074985,-64.872957
3,99,08/12/15 02:00,-3.075143,-64.873046
1,99,08/12/15 04:02,-3.067591,-64.880192
1,99,08/12/15 06:02,-3.066363,-64.881105
1,99,08/12/15 08:01,-3.066547,-64.881052
1,99,08/12/15 10:01,-3.066484,-64.881007
1,99,08/12/15 12:02,-3.06657,-64.880925
1,99,08/12/15 16:00,-3.063507,-64.884677
1,99,08/12/15 20:00,-3.060334,-64.883769
1,99,08/12/15 22:01,-3.060329,-64.883809
1,99,08/13/15 00:00,-3.060261,-64.883768
1,99,08/13/15 02:00,-3.060232,-64.883719
1,99,08/13/15 08:01,-3.063018,-64.884348
1,99,08/13/15 10:01,-3.063054,-64.884324
1,99,08/13/15 12:01,-3.063078,-64.884141
1,99,08/13/15 14:00,-3.063044,-64.884405
1,99,08/13/15 16:02,-3.065684,-64.881127
1,99,08/13/15 18:01,-3.065596,-64.881022
1,99,08/13/15 20:02,-3.066904,-64.881929
1,99,08/13/15 22:01,-3.067696,-64.88416
1,99,08/14/15 00:00,-3.067579,-64.88413
1,99,08/14/15 02:00,-3.067613,-64.884124
1,99,08/14/15 06:02,-3.065278,-64.887478
1,99,08/14/15 08:01,-3.065128,-64.887853
1,99,08/14/15 10:00,-3.065165,-64.887519
1,99,08/14/15 12:01,-3.065204,-64.887592
1,99,08/14/15 14:01,-3.065208,-64.887676
1,99,08/14/15 16:02,-3.065249,-64.883646
1,99,08/14/15 18:01,-3.065339,-64.882062
1,99,08/14/15 22:01,-3.065365,-64.883907
1,99,08/15/15 00:00,-3.06533,-64.883842
1,99,08/15/15 08:02,-3.064888,-64.885952
1,99,08/15/15 10:01,-3.064951,-64.885949
1,99,08/15/15 12:02,-3.06724,-64.884641
1,99,08/15/15 14:02,-3.067338,-64.884514
1,99,08/15/15 16:02,-3.067223,-64.884465
1,99,08/15/15 18:02,-3.067244,-64.884639
1,99,08/15/15 20:01,-3.067373,-64.884517
1,99,08/15/15 22:00,-3.067264,-64.884327
1,99,08/16/15 00:01,-3.067322,-64.884309
1,99,08/16/15 04:02,-3.067255,-64.884327
1,99,08/16/15 06:02,-3.067099,-64.884413
1,99,08/16/15 08:01,-3.067857,-64.883514
1,99,08/16/15 12:01,-3.082213,-64.878849
1,99,08/16/15 14:01,-3.082304,-64.879002
1,99,08/16/15 16:02,-3.082264,-64.878892
1,99,08/16/15 18:02,-3.082734,-64.878446
3,99,08/16/15 20:02,-3.087691,-64.880114
3,99,08/17/15 00:00,-3.087962,-64.880224
3,99,08/17/15 08:00,-3.078697,-64.870704
3,99,08/17/15 10:01,-3.078783,-64.870526
3,99,08/17/15 12:01,-3.078577,-64.870822
3,99,08/17/15 14:01,-3.078762,-64.870609
3,99,08/17/15 16:01,-3.078878,-64.870454
1,99,08/17/15 18:01,-3.072097,-64.86829
4,99,08/17/15 20:01,-3.069845,-64.86727
3,99,08/17/15 22:01,-3.07797,-64.860988
3,99,08/18/15 00:00,-3.075966,-64.857344
3,99,08/18/15 02:01,-3.075412,-64.85554
4,99,08/18/15 10:01,-3.060684,-64.859122
4,99,08/18/15 12:01,-3.060617,-64.859128
4,99,08/18/15 14:01,-3.060634,-64.859175
4,99,08/18/15 16:01,-3.061041,-64.858616
4,99,08/18/15 18:02,-3.053327,-64.855681
4,99,08/18/15 20:01,-3.055233,-64.852583
4,99,08/18/15 22:00,-3.055156,-64.85265
4,99,08/19/15 00:03,-3.055379,-64.852548
4,99,08/19/15 06:01,-3.055214,-64.852466
4,99,08/19/15 10:01,-3.053559,-64.8506
4,99,08/19/15 12:02,-3.053577,-64.850649
4,99,08/19/15 14:01,-3.053411,-64.850784
4,99,08/19/15 16:00,-3.053542,-64.850863
4,99,08/19/15 20:01,-3.050212,-64.859769
4,99,08/19/15 22:02,-3.057539,-64.858275
4,99,08/20/15 00:01,-3.059608,-64.851065
4,99,08/20/15 02:01,-3.057306,-64.852145
4,99,08/20/15 04:01,-3.056243,-64.85126
4,99,08/20/15 06:01,-3.05631,-64.851321
4,99,08/20/15 10:02,-3.058351,-64.850937
4,99,08/20/15 22:00,-3.051977,-64.852269
4,99,08/21/15 00:02,-3.055064,-64.851253
4,99,08/21/15 04:00,-3.055221,-64.851448
4,99,08/21/15 10:01,-3.054774,-64.851139
4,99,08/21/15 12:02,-3.054787,-64.851157
4,99,08/21/15 16:00,-3.055141,-64.851275
4,99,08/21/15 18:01,-3.055214,-64.851438
4,99,08/21/15 20:01,-3.055276,-64.851173
4,99,08/21/15 22:01,-3.055256,-64.851255
4,99,08/22/15 02:01,-3.055077,-64.851307
4,99,08/22/15 04:01,-3.05486,-64.851004
4,99,08/22/15 06:01,-3.054843,-64.851156
4,99,08/22/15 08:01,-3.054759,-64.850974
4,99,08/22/15 12:01,-3.054782,-64.850982
4,99,08/22/15 14:00,-3.05476,-64.851037
4,99,08/22/15 16:02,-3.055161,-64.851232
4,99,08/22/15 18:01,-3.055078,-64.851342
4,99,08/22/15 20:00,-3.055041,-64.851355
4,99,08/22/15 22:01,-3.05513,-64.851382
4,99,08/23/15 00:01,-3.054875,-64.851501
4,99,08/23/15 02:02,-3.055121,-64.851282
4,99,08/23/15 04:00,-3.051895,-64.852702
4,99,08/23/15 06:01,-3.051804,-64.852645
4,99,08/23/15 10:00,-3.054798,-64.851147
4,99,08/23/15 12:00,-3.054951,-64.851271
4,99,08/23/15 14:02,-3.055138,-64.851351
4,99,08/23/15 16:01,-3.054774,-64.85122
4,99,08/23/15 18:00,-3.056636,-64.852126
4,99,08/23/15 20:01,-3.056733,-64.85212
4,99,08/23/15 22:01,-3.056726,-64.852101
4,99,08/24/15 00:02,-3.061971,-64.854468
3,99,08/24/15 04:01,-3.066439,-64.852105
3,99,08/24/15 06:02,-3.065496,-64.847548
3,99,08/24/15 08:01,-3.064408,-64.844536
3,99,08/24/15 10:02,-3.064298,-64.844652
3,99,08/24/15 12:02,-3.064004,-64.844511
3,99,08/24/15 16:00,-3.064006,-64.844713
3,99,08/24/15 22:02,-3.06529,-64.847025
4,99,08/25/15 10:01,-3.061784,-64.857291
4,99,08/25/15 12:00,-3.061819,-64.85728
4,99,08/25/15 16:00,-3.061965,-64.857209
4,99,08/25/15 18:01,-3.060095,-64.857214
4,99,08/25/15 20:00,-3.058567,-64.855157
4,99,08/26/15 00:00,-3.051847,-64.859384
4,99,08/26/15 02:01,-3.051793,-64.859395
4,99,08/26/15 08:01,-3.046416,-64.857861
4,99,08/26/15 10:00,-3.046415,-64.857925
4,99,08/26/15 14:01,-3.046229,-64.857827
4,99,08/26/15 16:01,-3.046489,-64.858308
1,99,08/26/15 22:00,-3.039561,-64.875862
4,99,08/27/15 00:01,-3.043889,-64.864625
4,99,08/27/15 02:01,-3.048111,-64.866667
4,99,08/27/15 06:00,-3.060752,-64.867347
4,99,08/27/15 08:01,-3.060557,-64.867423
4,99,08/27/15 10:00,-3.06087,-64.867368
4,99,08/27/15 14:00,-3.055057,-64.858511
4,99,08/27/15 16:00,-3.055092,-64.858521
4,99,08/27/15 18:02,-3.051988,-64.857717
4,99,08/27/15 20:02,-3.051562,-64.854126
4,99,08/27/15 22:01,-3.054093,-64.853742
4,99,08/28/15 00:01,-3.054012,-64.853728
4,99,08/28/15 04:02,-3.054182,-64.85377
4,99,08/28/15 10:02,-3.054068,-64.853753
3,99,08/28/15 16:02,-3.066571,-64.853777
3,99,08/28/15 20:02,-3.067291,-64.850479
3,99,08/29/15 00:01,-3.073309,-64.852455
3,99,08/29/15 02:01,-3.072218,-64.843574
3,99,08/29/15 04:01,-3.07238,-64.843664
3,99,08/29/15 06:01,-3.072578,-64.84361
3,99,08/29/15 10:01,-3.072789,-64.842713
3,99,08/29/15 12:00,-3.076699,-64.843819
3,99,08/29/15 14:01,-3.077056,-64.843649
3,99,08/29/15 16:00,-3.075938,-64.84424
3,99,08/29/15 18:01,-3.075074,-64.845343
3,99,08/29/15 22:02,-3.07512,-64.850539
3,99,08/30/15 00:01,-3.065542,-64.847716
3,99,08/30/15 02:01,-3.060256,-64.835361
3,99,08/30/15 04:00,-3.061645,-64.835075
3,99,08/30/15 06:01,-3.061147,-64.835521
3,99,08/30/15 08:01,-3.061708,-64.835558
3,99,08/30/15 10:02,-3.061599,-64.837206
3,99,08/30/15 12:01,-3.061683,-64.837347
3,99,08/30/15 14:02,-3.061678,-64.837154
3,99,08/30/15 16:00,-3.06173,-64.83637
3,99,08/30/15 18:00,-3.062676,-64.83614
3,99,08/30/15 20:02,-3.068396,-64.837215
3,99,08/31/15 02:01,-3.069364,-64.843547
3,99,08/31/15 10:01,-3.065271,-64.839541
3,99,08/31/15 14:01,-3.060463,-64.84238
3,99,08/31/15 16:01,-3.060128,-64.840854
3,99,08/31/15 18:02,-3.059676,-64.840731
3,99,08/31/15 20:00,-3.058125,-64.839488
3,99,08/31/15 22:01,-3.057996,-64.839541
3,99,09/01/15 00:00,-3.065213,-64.839622
3,99,09/01/15 04:01,-3.05771,-64.840569
3,99,09/01/15 06:01,-3.057622,-64.840553
3,99,09/01/15 08:01,-3.057635,-64.840599
3,99,09/01/15 10:02,-3.057539,-64.840679
3,99,09/01/15 12:01,-3.057701,-64.840408
3,99,09/01/15 14:00,-3.057569,-64.840815
3,99,09/01/15 16:00,-3.057684,-64.840858
3,99,09/01/15 20:02,-3.06667,-64.849278
3,99,09/01/15 22:02,-3.072264,-64.852234
3,99,09/02/15 02:00,-3.078131,-64.857951
3,99,09/02/15 10:01,-3.078037,-64.857783
3,99,09/02/15 12:02,-3.07805,-64.857815
3,99,09/02/15 14:02,-3.078132,-64.857974
3,99,09/02/15 16:00,-3.078042,-64.858131
3,99,09/02/15 18:02,-3.079404,-64.858122
3,99,09/02/15 22:01,-3.090845,-64.864077
3,99,09/03/15 04:02,-3.089273,-64.860152
3,99,09/03/15 06:02,-3.089363,-64.860003
3,99,09/03/15 14:01,-3.08954,-64.860163
3,99,09/03/15 16:01,-3.090854,-64.861464
3,99,09/03/15 20:01,-3.093989,-64.873284
3,99,09/03/15 22:01,-3.093765,-64.87299
3,99,09/04/15 00:01,-3.093229,-64.87301
3,99,09/04/15 02:02,-3.093763,-64.873155
3,99,09/04/15 04:02,-3.093539,-64.869821
3,99,09/04/15 10:01,-3.091518,-64.86683
3,99,09/04/15 12:01,-3.091417,-64.866769
3,99,09/04/15 14:01,-3.091135,-64.86653
3,99,09/04/15 18:02,-3.084877,-64.854904
3,99,09/04/15 20:01,-3.082683,-64.850085
3,99,09/05/15 02:02,-3.079378,-64.847833
3,99,09/05/15 06:02,-3.079336,-64.847961
3,99,09/05/15 10:01,-3.079347,-64.850232
3,99,09/05/15 12:01,-3.07833,-64.85174
3,99,09/05/15 14:01,-3.078219,-64.851662
3,99,09/05/15 18:01,-3.071814,-64.845486
3,99,09/05/15 22:01,-3.064789,-64.832406
3,99,09/06/15 02:02,-3.064957,-64.832253
3,99,09/06/15 04:02,-3.065063,-64.832156
3,99,09/06/15 08:01,-3.064821,-64.832382
3,99,09/06/15 10:01,-3.064939,-64.832402
3,99,09/06/15 14:01,-3.06495,-64.832372
3,99,09/06/15 18:02,-3.064972,-64.832437
3,99,09/06/15 20:01,-3.06489,-64.832346
3,99,09/06/15 22:00,-3.065055,-64.832331
3,99,09/07/15 02:02,-3.065127,-64.832264
3,99,09/07/15 04:00,-3.065022,-64.832213
3,99,09/07/15 10:01,-3.065034,-64.832185
3,99,09/07/15 12:02,-3.065031,-64.832162
3,99,09/07/15 14:00,-3.065087,-64.832341
3,99,09/07/15 16:01,-3.065081,-64.832443
3,99,09/07/15 18:00,-3.06511,-64.832246
3,99,09/07/15 20:02,-3.065104,-64.832344
3,99,09/07/15 22:01,-3.065054,-64.832438
3,99,09/08/15 02:02,-3.065039,-64.832313
3,99,09/08/15 04:01,-3.064945,-64.832421
3,99,09/08/15 08:01,-3.064978,-64.832327
3,99,09/08/15 10:00,-3.064893,-64.832296
3,99,09/08/15 12:02,-3.06503,-64.832211
3,99,09/08/15 14:02,-3.06509,-64.832218
3,99,09/08/15 16:01,-3.065036,-64.832061
3,99,09/08/15 18:01,-3.064995,-64.832432
3,99,09/08/15 20:01,-3.065005,-64.83191
3,99,09/09/15 00:03,-3.065065,-64.832266
3,99,09/09/15 02:02,-3.065312,-64.832226
3,99,09/09/15 06:00,-3.064842,-64.834072
3,99,09/09/15 08:00,-3.063274,-64.835895
3,99,09/09/15 10:01,-3.063407,-64.835876
3,99,09/09/15 12:01,-3.063323,-64.836034
3,99,09/09/15 14:00,-3.063075,-64.835481
3,99,09/09/15 16:00,-3.063139,-64.8353
3,99,09/09/15 18:01,-3.063082,-64.83535
3,99,09/09/15 20:00,-3.065065,-64.834993
3,99,09/09/15 22:01,-3.065651,-64.833853
3,99,09/10/15 00:03,-3.066276,-64.831887
3,99,09/10/15 08:01,-3.069079,-64.826826
3,99,09/10/15 10:01,-3.070841,-64.82482
3,99,09/10/15 12:02,-3.070393,-64.82496
3,99,09/10/15 14:01,-3.069992,-64.823557
3,99,09/10/15 16:00,-3.070013,-64.823687
3,99,09/10/15 20:01,-3.064807,-64.832111
3,99,09/10/15 22:00,-3.064159,-64.832571
3,99,09/11/15 00:00,-3.061465,-64.836256
3,99,09/11/15 04:01,-3.061857,-64.837684
3,99,09/11/15 06:01,-3.062085,-64.837661
3,99,09/11/15 08:00,-3.062011,-64.837858
3,99,09/11/15 10:00,-3.06114,-64.838137
3,99,09/11/15 14:01,-3.064844,-64.844695
3,99,09/11/15 18:00,-3.063955,-64.840439
3,99,09/11/15 22:00,-3.064743,-64.838646
3,99,09/12/15 02:00,-3.072684,-64.839635
3,99,09/12/15 04:01,-3.072091,-64.840977
3,99,09/12/15 08:02,-3.072149,-64.840979
3,99,09/12/15 10:00,-3.072049,-64.840989
3,99,09/12/15 12:01,-3.07213,-64.841203
3,99,09/12/15 14:01,-3.072244,-64.840864
3,99,09/12/15 16:01,-3.074444,-64.841388
3,99,09/13/15 02:02,-3.075165,-64.842078
3,99,09/13/15 04:02,-3.075341,-64.841667
3,99,09/13/15 10:01,-3.075261,-64.841843
3,99,09/13/15 12:01,-3.075303,-64.841864
3,99,09/13/15 14:00,-3.0753,-64.841905
3,99,09/13/15 16:00,-3.075293,-64.841744
3,99,09/13/15 22:02,-3.075291,-64.841669
3,99,09/14/15 00:00,-3.075131,-64.842042
3,99,09/14/15 04:01,-3.079215,-64.841934
3,99,09/14/15 06:02,-3.079232,-64.84203
3,99,09/14/15 10:01,-3.07884,-64.84223
3,99,09/14/15 12:01,-3.079164,-64.842215
3,99,09/14/15 14:00,-3.079191,-64.842076
3,99,09/14/15 18:02,-3.087302,-64.842776
3,99,09/14/15 20:00,-3.09547,-64.845944
3,99,09/14/15 22:01,-3.100434,-64.842878
3,99,09/15/15 00:01,-3.100517,-64.842827
3,99,09/15/15 04:01,-3.107002,-64.834227
3,99,09/15/15 06:01,-3.099403,-64.834327
3,99,09/15/15 08:02,-3.099252,-64.836148
3,99,09/15/15 10:01,-3.099332,-64.836363
3,99,09/15/15 14:01,-3.099259,-64.836564
3,99,09/15/15 16:00,-3.099224,-64.836287
3,99,09/15/15 18:02,-3.098365,-64.835964
3,99,09/15/15 20:01,-3.093023,-64.836717
3,99,09/15/15 22:02,-3.085359,-64.843056
4,99,09/16/15 04:01,-3.062695,-64.8602
4,99,09/16/15 06:00,-3.061879,-64.859242
4,99,09/16/15 08:02,-3.061736,-64.859302
4,99,09/16/15 10:01,-3.061892,-64.858712
4,99,09/16/15 14:01,-3.055474,-64.860987
4,99,09/16/15 16:01,-3.055533,-64.860956
4,99,09/16/15 18:00,-3.057577,-64.86352
4,99,09/16/15 20:01,-3.059289,-64.864306
4,99,09/16/15 22:00,-3.064301,-64.860716
4,99,09/17/15 04:02,-3.058781,-64.852048
4,99,09/17/15 06:01,-3.057134,-64.852154
4,99,09/17/15 08:00,-3.052347,-64.858642
4,99,09/17/15 10:01,-3.051916,-64.859147
4,99,09/17/15 12:01,-3.051734,-64.859261
4,99,09/17/15 14:01,-3.051884,-64.859174
4,99,09/17/15 16:01,-3.048019,-64.863701
4,99,09/17/15 18:02,-3.046669,-64.866946
1,99,09/17/15 22:01,-3.043868,-64.878198
4,99,09/18/15 00:01,-3.034787,-64.876455
4,99,09/18/15 02:02,-3.038266,-64.873197
4,99,09/18/15 04:01,-3.047084,-64.867517
4,99,09/18/15 08:01,-3.051007,-64.867045
4,99,09/18/15 10:01,-3.051105,-64.867324
1,99,09/19/15 00:00,-3.049733,-64.871905
1,99,09/19/15 02:01,-3.048877,-64.875502
1,99,09/19/15 04:01,-3.045746,-64.870328
1,99,09/19/15 06:00,-3.044966,-64.871129
1,99,09/19/15 08:01,-3.045108,-64.871142
1,99,09/19/15 10:01,-3.044969,-64.871165
1,99,09/19/15 12:02,-3.044984,-64.871208
1,99,09/19/15 16:00,-3.044918,-64.870875
1,99,09/19/15 18:00,-3.044878,-64.871055
1,99,09/19/15 20:01,-3.044929,-64.871011
4,99,09/20/15 00:02,-3.046521,-64.866709
1,99,09/20/15 02:02,-3.04487,-64.871058
1,99,09/20/15 04:00,-3.045037,-64.873075
4,99,09/20/15 08:00,-3.042565,-64.870118
4,99,09/20/15 10:02,-3.042513,-64.870054
1,99,09/20/15 12:02,-3.042218,-64.872849
1,99,09/20/15 14:00,-3.042324,-64.872858
1,99,09/20/15 16:00,-3.04222,-64.872909
1,99,09/20/15 20:01,-3.041946,-64.873512
1,99,09/20/15 22:00,-3.043951,-64.875634
1,99,09/21/15 00:01,-3.043916,-64.875689
1,99,09/21/15 02:01,-3.043849,-64.875674
1,99,09/21/15 04:01,-3.042397,-64.873886
1,99,09/21/15 08:01,-3.043646,-64.875704
1,99,09/21/15 10:00,-3.043593,-64.875685
1,99,09/21/15 12:01,-3.043608,-64.875698
1,99,09/21/15 14:00,-3.043587,-64.875677
1,99,09/21/15 16:02,-3.043621,-64.875715
1,99,09/21/15 18:02,-3.043662,-64.875779
1,99,09/21/15 20:01,-3.043593,-64.875766
1,99,09/21/15 22:01,-3.043728,-64.875781
1,99,09/22/15 02:00,-3.043579,-64.875692
1,99,09/22/15 08:01,-3.043668,-64.875816
1,99,09/22/15 10:00,-3.043163,-64.87507
1,99,09/22/15 18:01,-3.043634,-64.875801
1,99,09/22/15 20:01,-3.043673,-64.875706
1,99,09/22/15 22:00,-3.043689,-64.875675
1,99,09/23/15 00:01,-3.043628,-64.875649
1,99,09/23/15 06:02,-3.043185,-64.875163
1,99,09/23/15 10:01,-3.043244,-64.875204
1,99,09/23/15 14:01,-3.042872,-64.87695
1,99,09/24/15 00:01,-3.044086,-64.875663
1,99,09/24/15 02:02,-3.043154,-64.875049
1,99,09/24/15 10:00,-3.041105,-64.874762
1,99,09/24/15 12:01,-3.041061,-64.874388
1,99,09/24/15 14:01,-3.041088,-64.874734
1,99,09/24/15 16:01,-3.041093,-64.874686
1,99,09/24/15 18:01,-3.041047,-64.874632
1,99,09/24/15 20:00,-3.040628,-64.874507
1,99,09/24/15 22:00,-3.04322,-64.881608
1,99,09/25/15 00:00,-3.046137,-64.882849
1,99,09/25/15 08:01,-3.055576,-64.889049
1,99,09/25/15 12:00,-3.0569,-64.888392
1,99,09/25/15 14:00,-3.056924,-64.888642
1,99,09/25/15 16:00,-3.056904,-64.888493
1,99,09/25/15 18:01,-3.057209,-64.889144
1,99,09/25/15 20:00,-3.053097,-64.893729
1,99,09/26/15 04:01,-3.042762,-64.907721
1,99,09/26/15 06:01,-3.042845,-64.907832
1,99,09/26/15 08:01,-3.04269,-64.907858
1,99,09/26/15 12:01,-3.042798,-64.907857
1,99,09/26/15 14:01,-3.042811,-64.907698
1,99,09/27/15 00:01,-3.03644,-64.906835
1,99,09/27/15 02:00,-3.035372,-64.904209
1,99,09/27/15 10:03,-3.034822,-64.903517
1,99,09/27/15 12:00,-3.036268,-64.896025
1,99,09/27/15 14:01,-3.029968,-64.895304
1,99,09/27/15 16:00,-3.031806,-64.892329
1,99,09/27/15 18:00,-3.032445,-64.891533
1,99,09/27/15 20:01,-3.034121,-64.893791
1,99,09/27/15 22:01,-3.036742,-64.893817
1,99,09/28/15 00:00,-3.036931,-64.894406
1,99,09/28/15 02:02,-3.037002,-64.894299
1,99,09/28/15 04:00,-3.034946,-64.896556
1,99,09/28/15 10:01,-3.043277,-64.892805
1,99,09/28/15 12:02,-3.043273,-64.892675
1,99,09/28/15 14:00,-3.043253,-64.892686
1,99,09/28/15 16:00,-3.046138,-64.89156
1,99,09/28/15 18:00,-3.046175,-64.891648
1,99,09/28/15 20:01,-3.046938,-64.887262
1,99,09/28/15 22:00,-3.050303,-64.882654
1,99,09/29/15 00:01,-3.050764,-64.877234
1,99,09/29/15 02:02,-3.050833,-64.877279
1,99,09/29/15 04:00,-3.049142,-64.873478
1,99,09/29/15 06:00,-3.048988,-64.87088
1,99,09/29/15 08:01,-3.047113,-64.872198
1,99,09/29/15 12:00,-3.04719,-64.872043
1,99,09/29/15 14:01,-3.047234,-64.872019
1,99,09/29/15 18:00,-3.047288,-64.87213
1,99,09/29/15 20:00,-3.047258,-64.872032
1,99,09/29/15 22:00,-3.047285,-64.871996
1,99,09/30/15 02:01,-3.047265,-64.872045
1,99,09/30/15 04:00,-3.047322,-64.871731
1,99,09/30/15 06:00,-3.047376,-64.871721
1,99,09/30/15 08:00,-3.047283,-64.871751
1,99,09/30/15 10:00,-3.047323,-64.871739
1,99,09/30/15 12:01,-3.047275,-64.872015
1,99,09/30/15 14:00,-3.046855,-64.871895
1,99,09/30/15 16:02,-3.047178,-64.871969
1,99,09/30/15 18:00,-3.047165,-64.872058
1,99,09/30/15 20:00,-3.04729,-64.872035
1,99,09/30/15 22:01,-3.047157,-64.872185
1,99,10/01/15 00:01,-3.047157,-64.872153
1,99,10/01/15 02:01,-3.047353,-64.871747
1,99,10/01/15 04:02,-3.047285,-64.872027
1,99,10/01/15 06:01,-3.047294,-64.871691
1,99,10/01/15 10:01,-3.047629,-64.871712
1,99,10/01/15 12:01,-3.047697,-64.871709
1,99,10/01/15 14:00,-3.047682,-64.871685
1,99,10/01/15 16:00,-3.047362,-64.871804
1,99,10/01/15 18:01,-3.047247,-64.872018
4,99,10/01/15 20:03,-3.044076,-64.867748
4,99,10/01/15 22:00,-3.044538,-64.86715
4,99,10/02/15 00:00,-3.044565,-64.867103
4,99,10/02/15 02:00,-3.044628,-64.867217
4,99,10/02/15 04:01,-3.04468,-64.867259
4,99,10/02/15 08:01,-3.044586,-64.867196
4,99,10/02/15 12:02,-3.044695,-64.86743
4,99,10/02/15 14:01,-3.044479,-64.867626
4,99,10/02/15 16:01,-3.044251,-64.867114
4,99,10/02/15 18:00,-3.043976,-64.866615
4,99,10/02/15 20:01,-3.051501,-64.859591
4,99,10/02/15 22:01,-3.054303,-64.858584
4,99,10/03/15 04:02,-3.0586,-64.861632
4,99,10/03/15 08:01,-3.057802,-64.864252
4,99,10/03/15 10:01,-3.057873,-64.864353
4,99,10/03/15 12:00,-3.0579,-64.864421
4,99,10/03/15 14:00,-3.057906,-64.864389
4,99,10/03/15 16:02,-3.057296,-64.867325
4,99,10/03/15 18:01,-3.058916,-64.870587
4,99,10/03/15 20:01,-3.058321,-64.870241
4,99,10/03/15 22:02,-3.058093,-64.870197
1,99,10/04/15 02:02,-3.050939,-64.872185
1,99,10/04/15 04:02,-3.050879,-64.872155
1,99,10/04/15 06:03,-3.050917,-64.872125
1,99,10/04/15 08:00,-3.051093,-64.872086
1,99,10/04/15 10:01,-3.050997,-64.872107
4,99,10/04/15 12:00,-3.05077,-64.871641
4,99,10/04/15 14:02,-3.05059,-64.871398
4,99,10/04/15 16:00,-3.050837,-64.870367
4,99,10/04/15 18:01,-3.052649,-64.87081
1,99,10/04/15 20:02,-3.053173,-64.875308
1,99,10/04/15 22:00,-3.052864,-64.875806
1,99,10/05/15 00:01,-3.052393,-64.876295
1,99,10/05/15 02:00,-3.052715,-64.87631
1,99,10/05/15 08:01,-3.052922,-64.877728
1,99,10/05/15 10:00,-3.052881,-64.877732
1,99,10/05/15 12:02,-3.052714,-64.878155
1,99,10/05/15 18:01,-3.052591,-64.878068
1,99,10/05/15 20:02,-3.050195,-64.87825
1,99,10/05/15 22:00,-3.046381,-64.87305
1,99,10/06/15 00:01,-3.046518,-64.872953
1,99,10/06/15 06:02,-3.046512,-64.872966
1,99,10/06/15 08:00,-3.046424,-64.873024
1,99,10/06/15 10:01,-3.046356,-64.873046
1,99,10/06/15 12:00,-3.046546,-64.872934
1,99,10/06/15 14:02,-3.046504,-64.873008
1,99,10/06/15 16:01,-3.046444,-64.873025
1,99,10/06/15 20:01,-3.046528,-64.872995
1,99,10/06/15 22:02,-3.046615,-64.872934
1,99,10/07/15 00:01,-3.046598,-64.873036
1,99,10/07/15 02:00,-3.046688,-64.872991
1,99,10/07/15 06:01,-3.046616,-64.873057
1,99,10/07/15 08:00,-3.046364,-64.873078
1,99,10/07/15 10:01,-3.046333,-64.873043
1,99,10/07/15 12:00,-3.046582,-64.87314
1,99,10/07/15 14:00,-3.046557,-64.873156
1,99,10/07/15 16:02,-3.0466,-64.87316
1,99,10/07/15 18:02,-3.04669,-64.872901
1,99,10/07/15 20:01,-3.046423,-64.872995
1,99,10/07/15 22:02,-3.046579,-64.872965
1,99,10/08/15 02:00,-3.046658,-64.87295
1,99,10/08/15 04:01,-3.046676,-64.872882
1,99,10/08/15 06:01,-3.046695,-64.87309
1,99,10/08/15 08:01,-3.046443,-64.873302
1,99,10/08/15 10:00,-3.046576,-64.873084
1,99,10/08/15 14:00,-3.046394,-64.87309
1,99,10/08/15 16:00,-3.046558,-64.873153
1,99,10/08/15 18:01,-3.046595,-64.873084
1,99,10/08/15 20:01,-3.046804,-64.873141
1,99,10/09/15 00:02,-3.046593,-64.873162
1,99,10/09/15 02:02,-3.046589,-64.873171
1,99,10/09/15 04:01,-3.046586,-64.873216
1,99,10/09/15 06:01,-3.04661,-64.873005
1,99,10/09/15 08:00,-3.049925,-64.877522
1,99,10/09/15 12:01,-3.049642,-64.877401
1,99,10/09/15 14:00,-3.049681,-64.877347
1,99,10/09/15 16:00,-3.04962,-64.877391
1,99,10/09/15 18:00,-3.049785,-64.877424
1,99,10/09/15 20:02,-3.050921,-64.879148
1,99,10/09/15 22:02,-3.050953,-64.881649
1,99,10/10/15 00:00,-3.050894,-64.881662
1,99,10/10/15 02:00,-3.050938,-64.881614
1,99,10/10/15 08:01,-3.051227,-64.881572
1,99,10/10/15 10:00,-3.050723,-64.88132
1,99,10/10/15 12:01,-3.05063,-64.881245
1,99,10/10/15 14:01,-3.050937,-64.881634
1,99,10/10/15 18:00,-3.050888,-64.881741
1,99,10/10/15 20:00,-3.051125,-64.881787
1,99,10/10/15 22:00,-3.050942,-64.881558
1,99,10/11/15 00:00,-3.051149,-64.881739
1,99,10/11/15 02:02,-3.051185,-64.881734
1,99,10/11/15 04:01,-3.050915,-64.881614
1,99,10/11/15 06:02,-3.050821,-64.881516
1,99,10/11/15 08:01,-3.051006,-64.881642
1,99,10/11/15 12:01,-3.051176,-64.881642
1,99,10/11/15 14:00,-3.051122,-64.881557
1,99,10/11/15 16:00,-3.051139,-64.88179
1,99,10/11/15 18:01,-3.051191,-64.881663
1,99,10/11/15 20:02,-3.051192,-64.881587
1,99,10/11/15 22:02,-3.053348,-64.882833
1,99,10/12/15 00:01,-3.054164,-64.883393
1,99,10/12/15 06:03,-3.054042,-64.883169
1,99,10/12/15 08:01,-3.054042,-64.883388
1,99,10/12/15 10:01,-3.054074,-64.883189
1,99,10/12/15 12:01,-3.054009,-64.883298
1,99,10/12/15 14:01,-3.053874,-64.883367
1,99,10/12/15 16:01,-3.053994,-64.883346
1,99,10/12/15 18:02,-3.054089,-64.883485
1,99,10/12/15 20:00,-3.054064,-64.883359
1,99,10/12/15 22:00,-3.054214,-64.883339
1,99,10/13/15 00:00,-3.053892,-64.887712
1,99,10/13/15 06:01,-3.050595,-64.896898
1,99,10/13/15 08:01,-3.050563,-64.897019
1,99,10/13/15 10:02,-3.050685,-64.896936
1,99,10/13/15 12:01,-3.05031,-64.896922
1,99,10/13/15 14:02,-3.05047,-64.89549
1,99,10/13/15 18:01,-3.052654,-64.892542
1,99,10/13/15 20:01,-3.052778,-64.892552
1,99,10/14/15 04:03,-3.051902,-64.893079
1,99,10/14/15 08:00,-3.053965,-64.892141
1,99,10/14/15 10:02,-3.053994,-64.892197
1,99,10/14/15 12:00,-3.053924,-64.892196
1,99,10/14/15 14:01,-3.053848,-64.892838
1,99,10/14/15 16:00,-3.053905,-64.892309
1,99,10/14/15 18:02,-3.054497,-64.893085
1,99,10/14/15 22:01,-3.047466,-64.909056
1,99,10/15/15 00:01,-3.047301,-64.910172
1,99,10/15/15 02:02,-3.047339,-64.910141
1,99,10/15/15 08:02,-3.053557,-64.904489
1,99,10/15/15 12:01,-3.053419,-64.904533
1,99,10/15/15 14:01,-3.05339,-64.904539
1,99,10/15/15 20:01,-3.051794,-64.900649
1,99,10/15/15 22:00,-3.048942,-64.900753
1,99,10/16/15 02:00,-3.049003,-64.90079
1,99,10/16/15 04:01,-3.049023,-64.900809
1,99,10/16/15 08:00,-3.048988,-64.900804
1,99,10/16/15 10:01,-3.049059,-64.900857
1,99,10/16/15 12:00,-3.048987,-64.900798
1,99,10/16/15 14:00,-3.048999,-64.900807
1,99,10/16/15 16:00,-3.048968,-64.900888
1,99,10/16/15 18:01,-3.048921,-64.90077
1,99,10/16/15 20:01,-3.046195,-64.903098
1,99,10/16/15 22:00,-3.043169,-64.897166
1,99,10/17/15 02:01,-3.043505,-64.895161
1,99,10/17/15 08:00,-3.043457,-64.895212
1,99,10/17/15 12:00,-3.043464,-64.895183
1,99,10/17/15 14:00,-3.043444,-64.89525
1,99,10/17/15 16:00,-3.043323,-64.89551
1,99,10/17/15 20:00,-3.042917,-64.883459
1,99,10/18/15 00:01,-3.051254,-64.880369
1,99,10/18/15 04:02,-3.049959,-64.879436
1,99,10/18/15 06:01,-3.049716,-64.877888
1,99,10/18/15 10:01,-3.050368,-64.877971
1,99,10/18/15 12:00,-3.050309,-64.877953
1,99,10/18/15 14:01,-3.050308,-64.87789
1,99,10/18/15 16:00,-3.049212,-64.877541
1,99,10/18/15 18:01,-3.049558,-64.87761
1,99,10/18/15 22:00,-3.050207,-64.877574
1,99,10/19/15 04:01,-3.050295,-64.877724
1,99,10/19/15 06:02,-3.050228,-64.877895
1,99,10/19/15 08:01,-3.050149,-64.877547
1,99,10/19/15 14:00,-3.050185,-64.877968
1,99,10/19/15 16:01,-3.050078,-64.878005
1,99,10/19/15 18:02,-3.050649,-64.877175
1,99,10/19/15 20:01,-3.052282,-64.87691
1,99,10/19/15 22:00,-3.052324,-64.875345
1,99,10/20/15 00:01,-3.052334,-64.874898
1,99,10/20/15 02:01,-3.052251,-64.874821
1,99,10/20/15 04:01,-3.052285,-64.874796
1,99,10/20/15 06:01,-3.052303,-64.874807
1,99,10/20/15 08:00,-3.052266,-64.874809
1,99,10/20/15 10:00,-3.052233,-64.874852
1,99,10/20/15 12:00,-3.052253,-64.874825
1,99,10/20/15 14:00,-3.052228,-64.874834
1,99,10/20/15 16:00,-3.052229,-64.874906
1,99,10/20/15 20:00,-3.052216,-64.874859
1,99,10/20/15 22:02,-3.051755,-64.874123
1,99,10/21/15 00:01,-3.046139,-64.8726
1,99,10/21/15 02:01,-3.05419,-64.876448
1,99,10/21/15 04:01,-3.054984,-64.875623
1,99,10/21/15 06:01,-3.056001,-64.875945
1,99,10/21/15 08:01,-3.055929,-64.875984
1,99,10/21/15 10:01,-3.056191,-64.876351
1,99,10/21/15 12:01,-3.0562,-64.876617
1,99,10/21/15 14:01,-3.056245,-64.87646
1,99,10/21/15 16:02,-3.056037,-64.87631
1,99,10/21/15 18:00,-3.052757,-64.874814
1,99,10/21/15 20:02,-3.054466,-64.879378
1,99,10/21/15 22:00,-3.054215,-64.879445
1,99,10/22/15 00:00,-3.054216,-64.879514
1,99,10/22/15 02:00,-3.05426,-64.879433
1,99,10/22/15 06:00,-3.055241,-64.879064
1,99,10/22/15 08:00,-3.055241,-64.879008
1,99,10/22/15 10:02,-3.055204,-64.879069
1,99,10/22/15 12:02,-3.054662,-64.879109
1,99,10/22/15 14:00,-3.05423,-64.879538
1,99,10/22/15 16:01,-3.054209,-64.87954
1,99,10/22/15 18:00,-3.054128,-64.879438
1,99,10/22/15 20:00,-3.05423,-64.879455
1,99,10/23/15 02:01,-3.053309,-64.883285
1,99,10/23/15 10:01,-3.053467,-64.883201
1,99,10/23/15 12:02,-3.053309,-64.883348
1,99,10/23/15 14:01,-3.053288,-64.883334
1,99,10/23/15 16:02,-3.05472,-64.875422
4,99,10/23/15 18:00,-3.055356,-64.8731
4,99,10/23/15 20:01,-3.059817,-64.875586
4,99,10/24/15 00:02,-3.059351,-64.868993
4,99,10/24/15 08:02,-3.054653,-64.868549
4,99,10/24/15 10:01,-3.054869,-64.868586
4,99,10/24/15 12:02,-3.05476,-64.868584
4,99,10/24/15 14:01,-3.05479,-64.86853
1,99,10/24/15 16:00,-3.05057,-64.872614
1,99,10/24/15 18:00,-3.048931,-64.870969
1,99,10/24/15 20:01,-3.044255,-64.872379
1,99,10/24/15 22:01,-3.044392,-64.87699
1,99,10/25/15 02:02,-3.039819,-64.884568
1,99,10/25/15 04:01,-3.039785,-64.884281
1,99,10/25/15 08:01,-3.039849,-64.88449
1,99,10/25/15 10:01,-3.039876,-64.884389
1,99,10/25/15 12:01,-3.039791,-64.884704
1,99,10/25/15 14:01,-3.039839,-64.884493
1,99,10/25/15 16:01,-3.039806,-64.884584
1,99,10/25/15 18:01,-3.039899,-64.884414
1,99,10/25/15 20:00,-3.039793,-64.88447
1,99,10/26/15 02:00,-3.044106,-64.873086
4,99,10/26/15 06:01,-3.041482,-64.871237
4,99,10/26/15 08:01,-3.041417,-64.871244
4,99,10/26/15 14:00,-3.041567,-64.87127
4,99,10/26/15 16:01,-3.041874,-64.870943
4,99,10/26/15 18:01,-3.040442,-64.868545
4,99,10/26/15 20:01,-3.033926,-64.870661
1,99,10/27/15 00:01,-3.029262,-64.882793
1,99,10/27/15 02:01,-3.029325,-64.882786
1,99,10/27/15 06:02,-3.029302,-64.882747
1,99,10/27/15 08:03,-3.029417,-64.882739
4,99,10/27/15 10:01,-3.033341,-64.875792
1,99,10/27/15 16:00,-3.040271,-64.876316
1,99,10/27/15 18:01,-3.040906,-64.878278
1,99,10/27/15 20:00,-3.041007,-64.878267
1,99,10/28/15 04:01,-3.035404,-64.896087
1,99,10/28/15 06:01,-3.03276,-64.891659
1,99,10/28/15 08:01,-3.03357,-64.891264
1,99,10/28/15 10:01,-3.033268,-64.891102
1,99,10/28/15 16:01,-3.032957,-64.891131
1,99,10/28/15 18:01,-3.032908,-64.890957
1,99,10/29/15 02:01,-3.036721,-64.888157
1,99,10/29/15 04:01,-3.036713,-64.888247
1,99,10/29/15 06:00,-3.036782,-64.888363
1,99,10/29/15 08:02,-3.036775,-64.888345
1,99,10/29/15 10:01,-3.036737,-64.888379
1,99,10/29/15 12:00,-3.036927,-64.888237
1,99,10/29/15 14:00,-3.036746,-64.888369
1,99,10/29/15 18:01,-3.036181,-64.883896
1,99,10/29/15 22:01,-3.035412,-64.887737
1,99,10/30/15 00:01,-3.037043,-64.886614
1,99,10/30/15 02:01,-3.039276,-64.88661
1,99,10/30/15 04:00,-3.039163,-64.886706
1,99,10/30/15 06:01,-3.039204,-64.886576
1,99,10/30/15 08:01,-3.039122,-64.886674
1,99,10/30/15 10:00,-3.039239,-64.886685
1,99,10/30/15 14:02,-3.039275,-64.886453
1,99,10/30/15 16:02,-3.038992,-64.886405
1,99,10/30/15 18:01,-3.042151,-64.886646
1,99,10/30/15 20:01,-3.043089,-64.883854
1,99,10/30/15 22:02,-3.043398,-64.883375
1,99,10/31/15 00:00,-3.048228,-64.885446
1,99,10/31/15 06:00,-3.048574,-64.888802
1,99,10/31/15 08:01,-3.048521,-64.888848
1,99,10/31/15 10:02,-3.048623,-64.888825
1,99,10/31/15 12:01,-3.048591,-64.888714
1,99,10/31/15 14:00,-3.048601,-64.888925
1,99,10/31/15 16:00,-3.047212,-64.892763
1,99,10/31/15 18:02,-3.040476,-64.895846
1,99,11/01/15 06:02,-3.038555,-64.89682
1,99,11/01/15 08:02,-3.038446,-64.896778
1,99,11/01/15 10:02,-3.03843,-64.896885
1,99,11/01/15 12:01,-3.038468,-64.896875
1,99,11/01/15 14:02,-3.038408,-64.896824
1,99,11/01/15 16:01,-3.038422,-64.896833
1,99,11/01/15 18:02,-3.037571,-64.896915
1,99,11/01/15 20:01,-3.035017,-64.903099
1,99,11/01/15 22:02,-3.045216,-64.904802
1,99,11/02/15 02:01,-3.05141,-64.903316
1,99,11/02/15 04:00,-3.051564,-64.903385
1,99,11/02/15 06:01,-3.051515,-64.903283
1,99,11/02/15 08:00,-3.051464,-64.903351
1,99,11/02/15 10:00,-3.051543,-64.903308
1,99,11/02/15 12:00,-3.051603,-64.903377
1,99,11/02/15 14:00,-3.047938,-64.900925
1,99,11/02/15 18:02,-3.034812,-64.898968
1,99,11/02/15 20:01,-3.024482,-64.902752
1,99,11/02/15 22:02,-3.022681,-64.8951
1,99,11/03/15 08:01,-3.022426,-64.896404
1,99,11/03/15 10:01,-3.022043,-64.895163
1,99,11/03/15 14:01,-3.044313,-64.901771
1,99,11/03/15 16:01,-3.049385,-64.89784
1,99,11/03/15 18:01,-3.040345,-64.8974
1,99,11/04/15 00:00,-3.036283,-64.891192
1,99,11/04/15 02:01,-3.036282,-64.891345
1,99,11/04/15 10:01,-3.022169,-64.895254
1,99,11/04/15 12:01,-3.022119,-64.895275
1,99,11/04/15 14:00,-3.022102,-64.89519
1,99,11/04/15 16:01,-3.022005,-64.895235
1,99,11/04/15 18:01,-3.022801,-64.89528
1,99,11/04/15 20:00,-3.022693,-64.895281
1,99,11/04/15 22:01,-3.022925,-64.895301
1,99,11/05/15 00:00,-3.029158,-64.890756
1,99,11/05/15 14:02,-3.029281,-64.890802
1,99,11/05/15 16:02,-3.029349,-64.89082
1,99,11/05/15 18:01,-3.033213,-64.886385
4,99,11/12/15 16:00,-3.067252,-64.862254
1,99,11/12/15 18:01,-3.068217,-64.86831
1,99,11/13/15 02:02,-3.068923,-64.871485
1,99,11/13/15 04:01,-3.069078,-64.871409
1,99,11/13/15 06:02,-3.068931,-64.871558
1,99,11/13/15 12:01,-3.068933,-64.871392
1,99,11/13/15 14:01,-3.068589,-64.871889
1,99,11/13/15 16:01,-3.068666,-64.871771
1,99,11/13/15 18:01,-3.068698,-64.871818
1,99,11/13/15 20:01,-3.068976,-64.871549
1,99,11/14/15 10:01,-3.068968,-64.871406
1,99,11/14/15 12:01,-3.069336,-64.871789
1,99,11/14/15 14:01,-3.069343,-64.871365
1,99,11/14/15 16:00,-3.069263,-64.871339
1,99,11/15/15 04:01,-3.070102,-64.871398
1,99,11/15/15 12:00,-3.068401,-64.874572
1,99,11/15/15 14:01,-3.068304,-64.874638
1,99,11/15/15 18:00,-3.066478,-64.876479
1,99,11/15/15 20:02,-3.068417,-64.877662
1,99,11/16/15 00:02,-3.080123,-64.875416
1,99,11/16/15 02:02,-3.080376,-64.875691
1,99,11/16/15 08:01,-3.081158,-64.87532
1,99,11/16/15 10:00,-3.081148,-64.875386
1,99,11/16/15 12:01,-3.081125,-64.875429
1,99,11/16/15 14:01,-3.081069,-64.875456
1,99,11/16/15 16:02,-3.080171,-64.875428
3,99,11/16/15 22:02,-3.077351,-64.871026
3,99,11/17/15 00:02,-3.077448,-64.870978
3,99,11/17/15 02:02,-3.077395,-64.870945
3,99,11/17/15 06:02,-3.077442,-64.870942
3,99,11/17/15 12:01,-3.077379,-64.870979
3,99,11/17/15 14:01,-3.07739,-64.870921
3,99,11/17/15 16:02,-3.077477,-64.870983
3,99,11/17/15 18:02,-3.077442,-64.870802
3,99,11/17/15 20:02,-3.077432,-64.871045
3,99,11/18/15 02:02,-3.077415,-64.870975
3,99,11/18/15 08:02,-3.077367,-64.871035
3,99,11/18/15 10:01,-3.077317,-64.871024
3,99,11/18/15 12:00,-3.077376,-64.87102
3,99,11/18/15 14:01,-3.077081,-64.870455
3,99,11/18/15 16:01,-3.077091,-64.870591
3,99,11/18/15 18:02,-3.077333,-64.871138
3,99,11/18/15 20:02,-3.077419,-64.871015
3,99,11/18/15 22:01,-3.077442,-64.870935
3,99,11/19/15 00:01,-3.077403,-64.870835
3,99,11/19/15 10:01,-3.077503,-64.871078
3,99,11/19/15 12:00,-3.077045,-64.870404
3,99,11/19/15 14:01,-3.077062,-64.870376
3,99,11/19/15 18:01,-3.077006,-64.870595
3,99,11/19/15 20:01,-3.077086,-64.870473
1,99,11/20/15 12:02,-3.070708,-64.874321
1,99,11/20/15 14:00,-3.066575,-64.876596
1,99,11/20/15 16:00,-3.066314,-64.877071
1,99,11/20/15 18:01,-3.065893,-64.8768
4,99,11/20/15 20:01,-3.068269,-64.86797
4,99,11/21/15 00:02,-3.072053,-64.864202
4,99,11/21/15 04:01,-3.071975,-64.864166
4,99,11/21/15 16:00,-3.072088,-64.864379
4,99,11/21/15 18:01,-3.071942,-64.864332
4,99,11/22/15 00:02,-3.056439,-64.867126
1,99,11/22/15 04:02,-3.052769,-64.890989
1,99,11/22/15 06:02,-3.04759,-64.890343
1,99,11/22/15 10:01,-3.047329,-64.890424
1,99,11/22/15 14:02,-3.043653,-64.904789
1,99,11/22/15 16:01,-3.04365,-64.904883
1,99,11/22/15 20:01,-3.043413,-64.904899
1,99,11/22/15 22:01,-3.043606,-64.904826
1,99,11/23/15 00:02,-3.043645,-64.904715
1,99,11/23/15 04:00,-3.040614,-64.898058
1,99,11/23/15 06:02,-3.040468,-64.898082
1,99,11/23/15 10:01,-3.041406,-64.900857
1,99,11/23/15 12:02,-3.041261,-64.901031
1,99,11/23/15 14:01,-3.041607,-64.902226
1,99,11/23/15 16:01,-3.041376,-64.902298
1,99,11/24/15 00:02,-3.052973,-64.895751
4,99,11/24/15 08:01,-3.063495,-64.8703
4,99,11/24/15 10:00,-3.06353,-64.87008
4,99,11/24/15 12:01,-3.063382,-64.870416
4,99,11/24/15 14:01,-3.063376,-64.870268
1,99,11/24/15 18:02,-3.052656,-64.891114
1,99,11/25/15 04:02,-3.053194,-64.895656
1,99,11/25/15 08:02,-3.053202,-64.895515
1,99,11/25/15 10:02,-3.053111,-64.89589
1,99,11/25/15 12:02,-3.053509,-64.895668
1,99,11/25/15 14:01,-3.053708,-64.895104
1,99,11/25/15 16:00,-3.053686,-64.895198
1,99,11/25/15 20:01,-3.053717,-64.892088
1,99,11/25/15 22:01,-3.052536,-64.8858
1,99,11/26/15 00:01,-3.050376,-64.879999
4,99,11/26/15 02:01,-3.052955,-64.865481
4,99,11/26/15 04:01,-3.052113,-64.858918
4,99,11/26/15 08:01,-3.052307,-64.858431
4,99,11/26/15 10:01,-3.051238,-64.858551
4,99,11/26/15 12:00,-3.051161,-64.858409
4,99,11/26/15 14:00,-3.05123,-64.858364
4,99,11/26/15 16:00,-3.051188,-64.858288
4,99,11/26/15 18:02,-3.047585,-64.85699
4,99,11/27/15 06:02,-3.059549,-64.857187
4,99,11/27/15 08:01,-3.059596,-64.857367
4,99,11/27/15 10:02,-3.059656,-64.857226
4,99,11/27/15 12:00,-3.059341,-64.857133
4,99,11/27/15 14:01,-3.059428,-64.857208
4,99,11/27/15 18:01,-3.059574,-64.85729
4,99,11/27/15 20:01,-3.05951,-64.857365
4,99,11/28/15 00:00,-3.062982,-64.858658
4,99,11/28/15 04:00,-3.062734,-64.858564
4,99,11/28/15 06:01,-3.062836,-64.858671
4,99,11/28/15 08:01,-3.062867,-64.858575
4,99,11/28/15 10:01,-3.062883,-64.858592
4,99,11/28/15 12:00,-3.063005,-64.858846
4,99,11/28/15 14:01,-3.062653,-64.858506
4,99,11/28/15 16:01,-3.062759,-64.858563
4,99,11/28/15 18:01,-3.068859,-64.860236
1,99,11/28/15 20:02,-3.064569,-64.874696
1,99,11/29/15 02:02,-3.08203,-64.877823
1,99,11/29/15 04:01,-3.082731,-64.877899
1,99,11/29/15 10:01,-3.082906,-64.877943
3,99,11/29/15 12:02,-3.088843,-64.878619
4,99,11/29/15 16:02,-3.068753,-64.864878
3,99,11/30/15 02:02,-3.088838,-64.878342
3,99,11/30/15 04:01,-3.084648,-64.877179
3,99,11/30/15 06:01,-3.084801,-64.876981
3,99,11/30/15 08:01,-3.084817,-64.876954
3,99,11/30/15 10:01,-3.08477,-64.876981
3,99,11/30/15 12:01,-3.084718,-64.876962
3,99,11/30/15 14:01,-3.084651,-64.876948
3,99,11/30/15 16:01,-3.084258,-64.87616
3,99,11/30/15 18:00,-3.081738,-64.874685
1,99,11/30/15 20:01,-3.081392,-64.88095
1,99,11/30/15 22:01,-3.081002,-64.877483
3,99,12/01/15 04:03,-3.079661,-64.87153
3,99,12/01/15 08:02,-3.079669,-64.871365
3,99,12/01/15 10:01,-3.079838,-64.871212
3,99,12/01/15 12:01,-3.079728,-64.871511
4,99,12/01/15 16:01,-3.078467,-64.863561
4,99,12/01/15 18:02,-3.0784,-64.86373
4,99,12/01/15 20:01,-3.072741,-64.864068
4,99,12/02/15 08:01,-3.064772,-64.86953
4,99,12/02/15 10:00,-3.064765,-64.869386
4,99,12/02/15 14:02,-3.064666,-64.869734
4,99,12/02/15 16:03,-3.064775,-64.869392
4,99,12/02/15 18:02,-3.061506,-64.872217
4,99,12/02/15 20:02,-3.050501,-64.868889
1,99,12/03/15 00:01,-3.030353,-64.87905
1,99,12/03/15 02:01,-3.027049,-64.887618
1,99,12/03/15 06:01,-3.026874,-64.887085
1,99,12/03/15 08:01,-3.026926,-64.887218
1,99,12/03/15 12:01,-3.026319,-64.887368
1,99,12/03/15 14:00,-3.026149,-64.887743
1,99,12/03/15 18:01,-3.02851,-64.882007
1,99,12/04/15 00:01,-3.046672,-64.884271
1,99,12/04/15 02:02,-3.04458,-64.880021
1,99,12/04/15 04:01,-3.044628,-64.871724
1,99,12/04/15 08:01,-3.044812,-64.870549
1,99,12/04/15 10:00,-3.044852,-64.870467
1,99,12/04/15 12:00,-3.04483,-64.870534
1,99,12/04/15 14:01,-3.044219,-64.869794
1,99,12/04/15 16:01,-3.044218,-64.869614
4,99,12/04/15 18:02,-3.042047,-64.866499
4,99,12/04/15 20:01,-3.049901,-64.869383
4,99,12/05/15 00:02,-3.042059,-64.866715
4,99,12/05/15 04:02,-3.042104,-64.866518
4,99,12/05/15 08:01,-3.040016,-64.866184
4,99,12/05/15 10:01,-3.04006,-64.866222
4,99,12/05/15 14:01,-3.040038,-64.866056
4,99,12/05/15 16:01,-3.040042,-64.866161
3,99,12/06/15 04:00,-3.070574,-64.837977
3,99,12/06/15 06:01,-3.070466,-64.837523
3,99,12/06/15 08:01,-3.070513,-64.837648
3,99,12/06/15 10:00,-3.070487,-64.837422
3,99,12/06/15 12:01,-3.070415,-64.837462
3,99,12/06/15 14:01,-3.070412,-64.837545
3,99,12/07/15 02:02,-3.063503,-64.836544
3,99,12/07/15 04:02,-3.063782,-64.839243
3,99,12/07/15 06:02,-3.063709,-64.839186
3,99,12/07/15 08:00,-3.063748,-64.839099
3,99,12/07/15 10:00,-3.06369,-64.839134
3,99,12/07/15 12:00,-3.063701,-64.839121
3,99,12/07/15 14:01,-3.063707,-64.839183
3,99,12/07/15 16:01,-3.063665,-64.839431
3,99,12/07/15 20:01,-3.069239,-64.825793
3,99,12/08/15 02:01,-3.075453,-64.82602
3,99,12/08/15 04:00,-3.071197,-64.828893
3,99,12/08/15 08:01,-3.071309,-64.828901
3,99,12/08/15 10:00,-3.071231,-64.828871
3,99,12/08/15 12:02,-3.071198,-64.828776
3,99,12/08/15 14:01,-3.071136,-64.828904
1,99,12/09/15 04:02,-3.068187,-64.879462
1,99,12/09/15 06:01,-3.065912,-64.87982
1,99,12/09/15 08:02,-3.06602,-64.879563
1,99,12/09/15 12:01,-3.066065,-64.879681
1,99,12/09/15 14:01,-3.066067,-64.879597
1,99,12/09/15 16:01,-3.070893,-64.880503
1,99,12/09/15 18:01,-3.080046,-64.878133
1,99,12/10/15 02:02,-3.060183,-64.907205
1,99,12/10/15 08:01,-3.06786,-64.89279
1,99,12/10/15 10:00,-3.067939,-64.89297
1,99,12/10/15 12:01,-3.067847,-64.89275
1,99,12/10/15 14:02,-3.070414,-64.891476
1,99,12/10/15 16:02,-3.082982,-64.887318
1,99,12/10/15 22:01,-3.049496,-64.871154
1,99,12/11/15 00:01,-3.048206,-64.885492
1,99,12/11/15 08:01,-3.051377,-64.891318
1,99,12/11/15 14:00,-3.03952,-64.893998
1,99,12/11/15 22:00,-3.054903,-64.888842
1,99,12/12/15 00:01,-3.054925,-64.888813
1,99,12/12/15 02:02,-3.062502,-64.883969
1,99,12/12/15 06:02,-3.055934,-64.884232
1,99,12/12/15 10:01,-3.039838,-64.893691
1,99,12/12/15 16:01,-3.039714,-64.893647
1,99,12/12/15 18:01,-3.039687,-64.893553
1,99,12/12/15 22:00,-3.039668,-64.893611
1,99,12/13/15 02:00,-3.037484,-64.886586
1,99,12/13/15 06:01,-3.037816,-64.884887
1,99,12/13/15 08:00,-3.036889,-64.885139
1,99,12/13/15 10:02,-3.037039,-64.885875
1,99,12/13/15 12:01,-3.036772,-64.88517
1,99,12/13/15 14:00,-3.036867,-64.885152
1,99,12/13/15 16:00,-3.035502,-64.884681
1,99,12/13/15 18:00,-3.043226,-64.883127
1,99,12/13/15 20:02,-3.053596,-64.8884
1,99,12/14/15 08:00,-3.040468,-64.8948
1,99,12/14/15 10:00,-3.040566,-64.894805
1,99,12/14/15 12:00,-3.040565,-64.894693
1,99,12/14/15 14:00,-3.040541,-64.894763
1,99,12/14/15 16:01,-3.040497,-64.894922
1,99,12/14/15 20:01,-3.040605,-64.894735
1,99,12/15/15 00:01,-3.040667,-64.895294
1,99,12/15/15 04:00,-3.037523,-64.888461
1,99,12/15/15 06:00,-3.037722,-64.888516
1,99,12/15/15 08:00,-3.037368,-64.888581
1,99,12/15/15 10:00,-3.037468,-64.888481
1,99,12/15/15 12:02,-3.0374,-64.888479
1,99,12/15/15 14:00,-3.03748,-64.888544
1,99,12/15/15 16:01,-3.037809,-64.888045
1,99,12/15/15 18:01,-3.03674,-64.887408
1,99,12/16/15 00:02,-3.026347,-64.897205
1,99,12/16/15 02:02,-3.026379,-64.897143
1,99,12/16/15 06:00,-3.024682,-64.895854
1,99,12/16/15 08:00,-3.024694,-64.895976
1,99,12/16/15 14:00,-3.024572,-64.895937
1,99,12/16/15 18:00,-3.024637,-64.895872
1,99,12/16/15 22:01,-3.036382,-64.891223
1,99,12/17/15 02:02,-3.043946,-64.874941
4,99,12/17/15 06:02,-3.038461,-64.870532
4,99,12/17/15 08:01,-3.038622,-64.870255
4,99,12/17/15 10:00,-3.038541,-64.87045
4,99,12/17/15 12:02,-3.038632,-64.869931
4,99,12/17/15 14:00,-3.038573,-64.870594
4,99,12/17/15 16:02,-3.03865,-64.870661
4,99,12/18/15 08:02,-3.040269,-64.86206
4,99,12/18/15 10:00,-3.040409,-64.862019
4,99,12/18/15 12:00,-3.039176,-64.863618
4,99,12/18/15 16:01,-3.039195,-64.863628
4,99,12/18/15 18:01,-3.038476,-64.864586
4,99,12/18/15 22:01,-3.035724,-64.866795
1,99,12/19/15 02:01,-3.048224,-64.871098
1,99,12/19/15 04:02,-3.048305,-64.871085
1,99,12/19/15 06:01,-3.048808,-64.872838
1,99,12/19/15 08:00,-3.048889,-64.873564
1,99,12/19/15 10:00,-3.048815,-64.873645
1,99,12/19/15 12:00,-3.049255,-64.875041
1,99,12/19/15 14:00,-3.049108,-64.875016
1,99,12/19/15 16:00,-3.049105,-64.875019
1,99,12/19/15 18:00,-3.048865,-64.874962
1,99,12/19/15 20:02,-3.049161,-64.874989
1,99,12/19/15 22:00,-3.049136,-64.875058
1,99,12/20/15 00:02,-3.049131,-64.875008
1,99,12/20/15 02:00,-3.049172,-64.875018
1,99,12/20/15 04:00,-3.049279,-64.874964
1,99,12/20/15 06:00,-3.04927,-64.875022
1,99,12/20/15 08:00,-3.049294,-64.874958
1,99,12/20/15 10:00,-3.04933,-64.874945
1,99,12/20/15 12:01,-3.049193,-64.875086
1,99,12/20/15 14:00,-3.049213,-64.875038
1,99,12/20/15 16:01,-3.049208,-64.875012
1,99,12/20/15 18:01,-3.04913,-64.875081
1,99,12/20/15 20:01,-3.049165,-64.875068
1,99,12/20/15 22:00,-3.049101,-64.875071
1,99,12/21/15 00:00,-3.049187,-64.875117
1,99,12/21/15 02:02,-3.049213,-64.875003
1,99,12/21/15 04:02,-3.049153,-64.875001
1,99,12/21/15 08:00,-3.047936,-64.873434
1,99,12/21/15 10:01,-3.047917,-64.873407
1,99,12/21/15 12:01,-3.048008,-64.873455
1,99,12/21/15 16:02,-3.047998,-64.873237
1,99,12/21/15 18:02,-3.048512,-64.873349
4,99,12/22/15 00:02,-3.059197,-64.869048
4,99,12/22/15 04:00,-3.058819,-64.8692
4,99,12/22/15 06:01,-3.058737,-64.869303
4,99,12/22/15 08:01,-3.058873,-64.869309
4,99,12/22/15 12:01,-3.059104,-64.869225
4,99,12/22/15 14:00,-3.058658,-64.869271
4,99,12/22/15 16:00,-3.05873,-64.869311
4,99,12/22/15 18:00,-3.058876,-64.869175
4,99,12/22/15 20:01,-3.05974,-64.869188
4,99,12/23/15 00:01,-3.064118,-64.867962
4,99,12/23/15 02:01,-3.06428,-64.868051
4,99,12/23/15 04:01,-3.064383,-64.867939
4,99,12/23/15 06:01,-3.064061,-64.867889
4,99,12/23/15 08:01,-3.064287,-64.867317
3,99,12/23/15 22:01,-3.084846,-64.876391
3,99,12/24/15 02:02,-3.089564,-64.879995
3,99,12/24/15 06:01,-3.091082,-64.876552
3,99,12/24/15 08:01,-3.090858,-64.876458
3,99,12/24/15 10:01,-3.09082,-64.876467
3,99,12/24/15 12:00,-3.091009,-64.876404
3,99,12/24/15 16:01,-3.090823,-64.87602
3,99,12/24/15 18:01,-3.091019,-64.876356
3,99,12/24/15 20:01,-3.091182,-64.876375
3,99,12/25/15 02:01,-3.090634,-64.875785
3,99,12/25/15 06:01,-3.090319,-64.875714
3,99,12/25/15 08:00,-3.090334,-64.875607
3,99,12/25/15 12:01,-3.074853,-64.870495
3,99,12/25/15 14:01,-3.074862,-64.870558
1,99,12/25/15 16:01,-3.07474,-64.870592
4,99,12/25/15 22:02,-3.066661,-64.861144
3,99,12/26/15 04:00,-3.071603,-64.837882
3,99,12/26/15 08:00,-3.071601,-64.837798
3,99,12/26/15 10:01,-3.071617,-64.83792
3,99,12/26/15 12:01,-3.07172,-64.837902
3,99,12/26/15 14:00,-3.071321,-64.837679
3,99,12/26/15 16:02,-3.07165,-64.838483
3,99,12/26/15 18:01,-3.070771,-64.840553
3,99,12/26/15 20:02,-3.075495,-64.840247
3,99,12/27/15 04:03,-3.087219,-64.861328
3,99,12/27/15 06:01,-3.087264,-64.86151
3,99,12/27/15 10:00,-3.087279,-64.861636
3,99,12/27/15 12:02,-3.087247,-64.861426
3,99,12/27/15 14:02,-3.087284,-64.861585
4,99,12/27/15 20:01,-3.07629,-64.864803
4,99,12/28/15 02:02,-3.069094,-64.866304
4,99,12/28/15 06:01,-3.068921,-64.866079
1,99,12/28/15 12:01,-3.048973,-64.877776
1,99,12/28/15 14:02,-3.049806,-64.878224
1,99,12/28/15 18:01,-3.050619,-64.878747
1,99,12/28/15 20:01,-3.050782,-64.878697
1,99,12/28/15 22:01,-3.054522,-64.879546
1,99,12/29/15 04:01,-3.060158,-64.882293
1,99,12/29/15 06:02,-3.059835,-64.882401
1,99,12/29/15 08:02,-3.060286,-64.882206
1,99,12/29/15 10:00,-3.060105,-64.882332
1,99,12/29/15 14:01,-3.060114,-64.882391
1,99,12/29/15 16:02,-3.059954,-64.882134
1,99,12/29/15 22:01,-3.04939,-64.885262
1,99,12/30/15 00:00,-3.051524,-64.886638
1,99,12/30/15 04:02,-3.051667,-64.887561
1,99,12/30/15 08:01,-3.051676,-64.887664
1,99,12/30/15 10:02,-3.049116,-64.885614
1,99,12/30/15 12:01,-3.049101,-64.885216
1,99,12/30/15 14:01,-3.048734,-64.885029
1,99,12/30/15 16:01,-3.045925,-64.882303
1,99,12/30/15 20:02,-3.037234,-64.886856
1,99,01/05/16 08:01,-3.027407,-64.90228
1,99,01/05/16 12:01,-3.027332,-64.902256
1,99,01/05/16 20:01,-3.02458,-64.90717
1,99,01/06/16 02:01,-3.027343,-64.913328
1,99,01/06/16 06:01,-3.028476,-64.904815
1,99,01/06/16 08:00,-3.028513,-64.904855
1,99,01/06/16 10:01,-3.028623,-64.90469
1,99,01/06/16 12:00,-3.028601,-64.904866
1,99,01/06/16 14:01,-3.028627,-64.904559
1,99,01/06/16 16:00,-3.028772,-64.904778
1,99,01/06/16 22:01,-3.044655,-64.883454
1,99,01/07/16 00:00,-3.041994,-64.882844
1,99,01/07/16 02:02,-3.041994,-64.883251
1,99,01/07/16 08:01,-3.041921,-64.883499
1,99,01/07/16 10:01,-3.041936,-64.883493
1,99,01/07/16 12:00,-3.041965,-64.883209
1,99,01/07/16 14:02,-3.041914,-64.883192
1,99,01/07/16 16:01,-3.04194,-64.883241
1,99,01/07/16 18:01,-3.041967,-64.883172
1,99,01/07/16 20:02,-3.041871,-64.883307
1,99,01/08/16 00:02,-3.039172,-64.886894
1,99,01/08/16 02:02,-3.039126,-64.886915
1,99,01/08/16 04:01,-3.039306,-64.887062
1,99,01/08/16 06:00,-3.03928,-64.887019
1,99,01/08/16 08:01,-3.039216,-64.887076
1,99,01/08/16 10:01,-3.039194,-64.887098
1,99,01/08/16 16:01,-3.022617,-64.895108
1,99,01/08/16 18:01,-3.02795,-64.891606
1,99,01/09/16 00:03,-3.037197,-64.884086
4,99,01/09/16 02:02,-3.033943,-64.877475
4,99,01/09/16 04:01,-3.033765,-64.877256
4,99,01/09/16 08:00,-3.033739,-64.877241
1,99,01/09/16 10:01,-3.029619,-64.87941
1,99,01/09/16 12:02,-3.029814,-64.878873
4,99,01/09/16 16:00,-3.037322,-64.867263
4,99,01/09/16 18:01,-3.037254,-64.866203
4,99,01/10/16 04:02,-3.046884,-64.864957
4,99,01/10/16 06:01,-3.047544,-64.864753
4,99,01/10/16 08:00,-3.047469,-64.864986
4,99,01/10/16 10:01,-3.047597,-64.864789
4,99,01/10/16 12:01,-3.047586,-64.864695
4,99,01/10/16 14:01,-3.048706,-64.867511
4,99,01/10/16 20:02,-3.048556,-64.867288
4,99,01/10/16 22:02,-3.048663,-64.867298
4,99,01/11/16 00:02,-3.048628,-64.86712
4,99,01/11/16 02:01,-3.048658,-64.867586
4,99,01/11/16 08:00,-3.055851,-64.871423
4,99,01/11/16 10:01,-3.055775,-64.871391
4,99,01/11/16 12:01,-3.05584,-64.871486
4,99,01/11/16 14:01,-3.055796,-64.871424
4,99,01/11/16 16:01,-3.056138,-64.87153
4,99,01/11/16 20:01,-3.054045,-64.857187
4,99,01/12/16 02:01,-3.058212,-64.850841
4,99,01/12/16 06:01,-3.05033,-64.846043
4,99,01/12/16 08:00,-3.043079,-64.845351
4,99,01/12/16 12:02,-3.041892,-64.846988
4,99,01/12/16 14:01,-3.042331,-64.851154
4,99,01/12/16 18:03,-3.037294,-64.851548
4,99,01/13/16 00:02,-3.037286,-64.850749
4,99,01/13/16 02:00,-3.037445,-64.850978
4,99,01/13/16 06:01,-3.036285,-64.84976
4,99,01/13/16 12:00,-3.042182,-64.851247
4,99,01/13/16 14:01,-3.040818,-64.851181
4,99,01/13/16 16:02,-3.041329,-64.851908
4,99,01/13/16 18:01,-3.041305,-64.851878
4,99,01/14/16 10:01,-3.051548,-64.853688
4,99,01/14/16 14:01,-3.051395,-64.854376
4,99,01/14/16 18:00,-3.051788,-64.856358
4,99,01/14/16 22:02,-3.050092,-64.857455
4,99,01/15/16 00:02,-3.049277,-64.857973
4,99,01/15/16 02:01,-3.049414,-64.858077
4,99,01/15/16 04:02,-3.048937,-64.858244
4,99,01/15/16 06:01,-3.049011,-64.858196
4,99,01/15/16 08:00,-3.048978,-64.858255
4,99,01/15/16 10:01,-3.049312,-64.857973
4,99,01/15/16 12:01,-3.049341,-64.858266
4,99,01/15/16 14:01,-3.04798,-64.858772
4,99,01/15/16 16:01,-3.047786,-64.861937
4,99,01/15/16 18:02,-3.048894,-64.862547
1,99,01/16/16 18:01,-3.035537,-64.884638
4,99,01/16/16 20:01,-3.033481,-64.875538
4,99,01/16/16 22:02,-3.033261,-64.87563
4,99,01/17/16 06:00,-3.036187,-64.871301
4,99,01/17/16 10:00,-3.036001,-64.871324
4,99,01/17/16 12:01,-3.036046,-64.871361
4,99,01/17/16 14:01,-3.036076,-64.871421
4,99,01/17/16 18:01,-3.037018,-64.871879
4,99,01/17/16 20:02,-3.03731,-64.871874
1,99,01/18/16 02:00,-3.042954,-64.874721
1,99,01/18/16 06:01,-3.041849,-64.874908
1,99,01/18/16 08:00,-3.041168,-64.874858
1,99,01/18/16 12:00,-3.041212,-64.874883
1,99,01/18/16 14:01,-3.04497,-64.879025
1,99,01/18/16 16:01,-3.041254,-64.879009
1,99,01/18/16 18:02,-3.040036,-64.876727
4,99,01/18/16 20:02,-3.047588,-64.869456
1,99,01/19/16 04:01,-3.047671,-64.870457
4,99,01/19/16 06:00,-3.047196,-64.868784
4,99,01/19/16 08:01,-3.047545,-64.869152
4,99,01/19/16 10:01,-3.047616,-64.868939
4,99,01/19/16 12:01,-3.047756,-64.869333
4,99,01/19/16 14:02,-3.047722,-64.869268
1,99,01/19/16 16:01,-3.047721,-64.869973
1,99,01/19/16 18:01,-3.047657,-64.87049
1,99,01/19/16 20:02,-3.047658,-64.870428
1,99,01/19/16 22:01,-3.047685,-64.870409
1,99,01/20/16 00:01,-3.047685,-64.870433
1,99,01/20/16 02:01,-3.047857,-64.870374
1,99,01/20/16 04:01,-3.047941,-64.870234
1,99,01/20/16 06:00,-3.047829,-64.870028
1,99,01/20/16 08:01,-3.047903,-64.870131
1,99,01/20/16 10:01,-3.047674,-64.870338
1,99,01/20/16 12:01,-3.047762,-64.870809
1,99,01/20/16 16:01,-3.047707,-64.870823
1,99,01/20/16 18:02,-3.047763,-64.870765
1,99,01/20/16 20:00,-3.049437,-64.874099
1,99,01/21/16 00:02,-3.047233,-64.874139
1,99,01/21/16 02:02,-3.046976,-64.874398
1,99,01/21/16 04:00,-3.048614,-64.874261
1,99,01/21/16 06:01,-3.049984,-64.875219
1,99,01/21/16 10:00,-3.053292,-64.883097
1,99,01/21/16 12:01,-3.053312,-64.88319
1,99,01/21/16 14:01,-3.053341,-64.882975
1,99,01/21/16 16:01,-3.053216,-64.883147
1,99,01/21/16 18:02,-3.053112,-64.883082
1,99,01/22/16 00:01,-3.051819,-64.889402
1,99,01/22/16 02:00,-3.046507,-64.891931
1,99,01/22/16 04:00,-3.046484,-64.891977
1,99,01/22/16 06:00,-3.046449,-64.891887
1,99,01/22/16 10:00,-3.046865,-64.88801
1,99,01/22/16 12:00,-3.047685,-64.884888
1,99,01/22/16 14:02,-3.05037,-64.880325
1,99,01/22/16 16:01,-3.052273,-64.880798
1,99,01/22/16 22:00,-3.052912,-64.881434
1,99,01/23/16 00:02,-3.052888,-64.881386
4,100,01/17/15 22:01,-3.054585,-64.853711
4,100,01/18/15 04:00,-3.0545,-64.853797
4,100,01/18/15 10:01,-3.0545,-64.853711
4,100,01/18/15 16:02,-3.0545,-64.853797
4,100,01/18/15 22:02,-3.054414,-64.854226
4,100,01/19/15 04:01,-3.054414,-64.854226
4,100,01/19/15 10:00,-3.054585,-64.854484
4,100,01/29/15 22:02,-3.016477,-64.858432
3,100,02/02/15 04:03,-3.044972,-64.841437
3,100,02/02/15 10:02,-3.041368,-64.842038
3,100,02/02/15 16:00,-3.041282,-64.842124
3,100,02/15/15 22:00,-3.073125,-64.853797
3,100,02/16/15 04:01,-3.072352,-64.853282
3,100,02/16/15 10:01,-3.072267,-64.853282
3,100,02/17/15 04:00,-3.067546,-64.830709
4,100,03/10/15 10:00,-3.053813,-64.869332
4,100,03/10/15 16:01,-3.053727,-64.869332
4,100,03/10/15 22:02,-3.053813,-64.869246
1,100,05/12/15 16:00,-2.995448,-64.930959
1,100,05/12/15 22:00,-2.995448,-64.931045
1,100,05/13/15 04:01,-2.992444,-64.93628
1,100,05/13/15 10:00,-2.993817,-64.937568
1,100,05/13/15 16:00,-2.993731,-64.937482
1,100,05/13/15 22:02,-2.99974,-64.945893
1,100,05/24/15 10:00,-2.982144,-64.924006
1,100,05/24/15 16:00,-2.982144,-64.923835
2,100,05/24/15 22:00,-2.980342,-64.905725
5,100,05/25/15 04:00,-2.985492,-64.899459
5,100,05/25/15 10:01,-2.985492,-64.899373
5,100,05/25/15 16:00,-2.985406,-64.899373
5,100,06/02/15 04:00,-3.021197,-64.877658
5,100,06/02/15 10:00,-3.021283,-64.877658
5,100,06/02/15 16:00,-3.021369,-64.877744
1,100,06/02/15 22:00,-3.024888,-64.881949
4,100,06/30/15 16:00,-3.036733,-64.851394
4,100,06/30/15 22:00,-3.042655,-64.844956
3,100,07/25/15 16:01,-3.072438,-64.81895
3,100,07/25/15 22:01,-3.079391,-64.822726
3,100,07/26/15 04:01,-3.079562,-64.823499
3,100,07/26/15 10:01,-3.079476,-64.823499
3,100,07/26/15 16:01,-3.079562,-64.823413
3,100,07/26/15 22:00,-3.078618,-64.828906
3,98,12/16/14 05:25,-3.087344,-64.863883
3,98,12/16/14 15:27,-3.094379,-64.855441
3,98,12/16/14 20:28,-3.094358,-64.85511
3,98,12/17/14 01:29,-3.094029,-64.854502
3,98,12/17/14 06:30,-3.094209,-64.854026
3,98,12/17/14 11:31,-3.094711,-64.853691
3,98,12/17/14 16:32,-3.094934,-64.853475
3,98,12/17/14 21:33,-3.09552,-64.853669
3,98,12/18/14 02:34,-3.096032,-64.854122
3,98,12/18/14 12:36,-3.096959,-64.853863
3,98,12/19/14 03:39,-3.101087,-64.83954
3,98,12/19/14 13:41,-3.099921,-64.839803
3,98,12/19/14 18:42,-3.104874,-64.833764
3,98,12/20/14 19:47,-3.104884,-64.832685
3,98,12/22/14 01:53,-3.098937,-64.847374
3,98,12/22/14 06:54,-3.094455,-64.847602
3,98,12/22/14 11:55,-3.090176,-64.849287
3,98,12/22/14 16:56,-3.086721,-64.849357
3,98,12/22/14 21:57,-3.083096,-64.850309
3,98,12/23/14 02:58,-3.079573,-64.850994
3,98,12/23/14 07:59,-3.076278,-64.852082
3,98,12/23/14 13:00,-3.073585,-64.852251
3,98,12/23/14 18:01,-3.070224,-64.852118
3,98,12/23/14 23:02,-3.067413,-64.85264
3,98,12/24/14 04:03,-3.064857,-64.852915
3,98,12/24/14 09:04,-3.062496,-64.853326
4,98,12/24/14 14:05,-3.059924,-64.854235
4,98,12/24/14 19:06,-3.05749,-64.85508
4,98,12/25/14 00:07,-3.054942,-64.855552
4,98,12/25/14 10:09,-3.054807,-64.856241
4,98,12/25/14 15:10,-3.053824,-64.857453
4,98,12/26/14 01:12,-3.054305,-64.85564
4,98,12/26/14 11:14,-3.055705,-64.857178
4,98,12/26/14 16:15,-3.055311,-64.857154
4,98,12/26/14 21:16,-3.05489,-64.857624
4,98,12/27/14 02:17,-3.055805,-64.856857
4,98,12/27/14 17:20,-3.056197,-64.857375
4,98,12/28/14 23:26,-3.05563,-64.855639
4,98,12/29/14 09:28,-3.05741,-64.851957
4,98,12/29/14 14:29,-3.056245,-64.85306
4,98,12/29/14 19:30,-3.05563,-64.854917
4,98,12/30/14 10:33,-3.055014,-64.856042
4,98,12/31/14 01:36,-3.057966,-64.856471
4,98,12/31/14 06:37,-3.060227,-64.853891
4,98,12/31/14 21:40,-3.058955,-64.855671
4,98,01/01/15 02:41,-3.058982,-64.856682
4,98,01/02/15 03:46,-3.058685,-64.85531
3,98,01/02/15 13:48,-3.065219,-64.846048
3,98,01/02/15 18:49,-3.062766,-64.848335
4,98,01/02/15 23:50,-3.061207,-64.850776
4,98,01/03/15 04:51,-3.06017,-64.852587
4,98,01/03/15 09:52,-3.059766,-64.855477
4,98,01/03/15 19:54,-3.059628,-64.854452
3,98,01/04/15 00:55,-3.064698,-64.8459
4,98,01/04/15 15:58,-3.059231,-64.855834
4,98,01/04/15 20:59,-3.058727,-64.856305
4,98,01/05/15 22:04,-3.061507,-64.855489
4,98,01/06/15 03:05,-3.063596,-64.854552
3,98,01/06/15 08:06,-3.065532,-64.85364
3,98,01/06/15 13:07,-3.067905,-64.85297
3,98,01/06/15 18:08,-3.070588,-64.852506
3,98,01/06/15 23:09,-3.073262,-64.852196
3,98,01/07/15 09:11,-3.072822,-64.851298
3,98,01/07/15 19:13,-3.072935,-64.851474
3,98,01/08/15 00:14,-3.075117,-64.845878
3,98,01/08/15 05:15,-3.077538,-64.841587
3,98,01/08/15 20:18,-3.072887,-64.851529
4,98,01/09/15 11:21,-3.077624,-64.865818
3,98,01/09/15 16:22,-3.0762,-64.861723
3,98,01/09/15 21:23,-3.074655,-64.857946
3,98,01/10/15 02:24,-3.073431,-64.854256
3,98,01/10/15 07:25,-3.072997,-64.85108
3,98,01/11/15 03:29,-3.079193,-64.834335
3,98,01/11/15 08:30,-3.076546,-64.838916
3,98,01/11/15 13:31,-3.074518,-64.843284
3,98,01/11/15 18:32,-3.073269,-64.850083
3,98,01/12/15 04:34,-3.073988,-64.849699
3,98,01/12/15 14:36,-3.073512,-64.851812
3,98,01/12/15 19:37,-3.073004,-64.849906
3,98,01/13/15 15:41,-3.073198,-64.851828
3,98,01/13/15 20:42,-3.073188,-64.85041
3,98,01/14/15 01:43,-3.074214,-64.849717
3,98,01/14/15 11:45,-3.074055,-64.850565
3,98,01/14/15 16:46,-3.076026,-64.844764
3,98,01/14/15 21:47,-3.078289,-64.839346
3,98,01/15/15 02:48,-3.081153,-64.833291
3,98,01/15/15 22:52,-3.089643,-64.845545
3,98,01/16/15 18:56,-3.091543,-64.846985
3,98,01/16/15 23:57,-3.090363,-64.846406
3,98,01/17/15 04:58,-3.089335,-64.846266
3,98,01/17/15 09:59,-3.089086,-64.845786
3,98,01/18/15 11:04,-3.083488,-64.822979
3,98,01/18/15 16:05,-3.089174,-64.846676
3,98,01/19/15 07:08,-3.089374,-64.845877
3,98,01/19/15 17:10,-3.091106,-64.843915
3,98,01/19/15 22:11,-3.093485,-64.840645
3,98,01/20/15 13:14,-3.092962,-64.841294
3,98,01/20/15 23:16,-3.093353,-64.840723
3,98,01/21/15 04:17,-3.09289,-64.841328
3,98,01/21/15 09:18,-3.092053,-64.842437
3,98,01/21/15 14:19,-3.09202,-64.841846
3,98,01/21/15 19:20,-3.092248,-64.841105
3,98,01/22/15 00:21,-3.092866,-64.841209
3,98,01/22/15 10:23,-3.093731,-64.841128
3,98,01/22/15 15:24,-3.093643,-64.843153
3,98,01/23/15 01:26,-3.093014,-64.841785
3,98,01/24/15 07:32,-3.08199,-64.832022
3,98,01/24/15 12:33,-3.093187,-64.842164
3,98,01/25/15 08:37,-3.091975,-64.838964
3,98,01/25/15 23:40,-3.092058,-64.839979
3,98,01/26/15 09:42,-3.092438,-64.840404
3,98,01/27/15 05:46,-3.096245,-64.838596
3,98,01/27/15 10:47,-3.096463,-64.839894
3,98,01/28/15 06:51,-3.096686,-64.83844
3,98,01/28/15 11:52,-3.096351,-64.838809
3,98,01/28/15 21:54,-3.096016,-64.838918
3,98,01/29/15 12:57,-3.095808,-64.83928
3,98,01/30/15 04:00,-3.096075,-64.838874
3,98,01/30/15 09:01,-3.095274,-64.838214
3,98,01/30/15 14:02,-3.095764,-64.838667
3,98,01/31/15 00:04,-3.09588,-64.83942
3,98,01/31/15 10:06,-3.096249,-64.838467
3,98,01/31/15 15:07,-3.095919,-64.839385
3,98,02/01/15 06:10,-3.095931,-64.838897
3,98,02/01/15 16:12,-3.095452,-64.839626
3,98,02/02/15 07:15,-3.095967,-64.839124
3,98,02/03/15 03:19,-3.097911,-64.857912
3,98,02/04/15 14:26,-3.098716,-64.85251
3,98,02/05/15 00:28,-3.103441,-64.842036
3,98,02/05/15 20:32,-3.104261,-64.842527
3,98,02/07/15 07:39,-3.104536,-64.844553
3,98,02/08/15 13:45,-3.103994,-64.841902
3,98,02/08/15 18:46,-3.103159,-64.848776
3,98,02/09/15 14:50,-3.102563,-64.847991
3,98,02/09/15 19:51,-3.102565,-64.848051
3,98,02/10/15 05:53,-3.103008,-64.848619
3,98,02/11/15 17:00,-3.10301,-64.846596
3,98,02/12/15 13:04,-3.103481,-64.846746
3,98,02/13/15 04:07,-3.103099,-64.847006
3,98,02/14/15 00:11,-3.106341,-64.832857
3,98,02/14/15 05:12,-3.112516,-64.80924
3,98,02/14/15 15:14,-3.113334,-64.808345
3,98,02/15/15 11:18,-3.103753,-64.847276
3,98,02/15/15 21:20,-3.103821,-64.846474
3,98,02/16/15 22:25,-3.103673,-64.847477
3,98,02/17/15 03:26,-3.102409,-64.846584
3,98,02/17/15 08:27,-3.101375,-64.846541
3,98,02/17/15 13:28,-3.10008,-64.845655
3,98,02/17/15 18:29,-3.09919,-64.845205
3,98,02/18/15 04:31,-3.100406,-64.845117
3,98,02/18/15 09:32,-3.100862,-64.844528
3,98,02/19/15 15:38,-3.102147,-64.847206
3,98,02/20/15 11:42,-3.084303,-64.848134
3,98,02/20/15 16:43,-3.094632,-64.857888
3,98,02/21/15 17:48,-3.084929,-64.866592
3,98,02/21/15 22:49,-3.101918,-64.847362
3,98,02/22/15 13:52,-3.101654,-64.846336
3,98,02/22/15 18:53,-3.098416,-64.842224
3,98,02/22/15 23:54,-3.096105,-64.838732
3,98,02/23/15 19:58,-3.09454,-64.83472
3,98,02/24/15 00:59,-3.099965,-64.836929
3,98,02/24/15 11:01,-3.100162,-64.8379
3,98,02/25/15 12:06,-3.095893,-64.83431
3,98,02/25/15 17:07,-3.095746,-64.834252
3,98,02/26/15 23:13,-3.096422,-64.838903
3,98,02/27/15 04:14,-3.095744,-64.838569
3,98,02/27/15 09:15,-3.095815,-64.838696
3,98,02/28/15 00:18,-3.096365,-64.838031
3,98,02/28/15 05:19,-3.096177,-64.838266
3,98,03/01/15 01:23,-3.091146,-64.818409
3,98,03/01/15 11:25,-3.09846,-64.827978
3,98,03/02/15 02:28,-3.094384,-64.839593
3,98,03/02/15 12:30,-3.095088,-64.839098
3,98,03/02/15 22:32,-3.094148,-64.839818
3,98,03/03/15 03:33,-3.091056,-64.828747
3,98,03/03/15 18:36,-3.094563,-64.8425
3,98,03/03/15 23:37,-3.092768,-64.842185
3,98,03/04/15 14:40,-3.093405,-64.841085
3,98,03/05/15 00:42,-3.075779,-64.836002
3,98,03/05/15 20:46,-3.092829,-64.841458
3,98,03/06/15 01:47,-3.091388,-64.83685
3,98,03/06/15 06:48,-3.091038,-64.832832
3,98,03/06/15 11:49,-3.090372,-64.829168
3,98,03/06/15 16:50,-3.090832,-64.825449
3,98,03/07/15 02:52,-3.090066,-64.824095
3,98,03/07/15 22:56,-3.079672,-64.82158
3,98,03/08/15 08:58,-3.084536,-64.823624
3,98,03/08/15 13:59,-3.099229,-64.811581
3,98,03/09/15 05:02,-3.08452,-64.822542
3,98,03/09/15 10:03,-3.082583,-64.827372
3,98,03/09/15 15:04,-3.081251,-64.831332
3,98,03/09/15 20:05,-3.079701,-64.836234
3,98,03/10/15 01:06,-3.078385,-64.839996
3,98,03/11/15 07:12,-3.083725,-64.823397
3,98,03/11/15 12:13,-3.083409,-64.823871
3,98,03/11/15 17:14,-3.083678,-64.823198
3,98,03/11/15 22:15,-3.084191,-64.823116
3,98,03/12/15 13:18,-3.083627,-64.824478
3,98,03/12/15 23:20,-3.075096,-64.820956
3,98,03/14/15 00:25,-3.085965,-64.822105
3,98,03/14/15 10:27,-3.086036,-64.822688
3,98,03/14/15 15:28,-3.087384,-64.821376
3,98,03/14/15 20:29,-3.088626,-64.821749
3,98,03/15/15 01:30,-3.091118,-64.821851
3,98,03/15/15 06:31,-3.093042,-64.821942
3,98,03/15/15 11:32,-3.096056,-64.822492
3,98,03/15/15 16:33,-3.099013,-64.822541
3,98,03/15/15 21:34,-3.101384,-64.8221
3,98,03/16/15 02:35,-3.104416,-64.822624
3,98,03/16/15 17:38,-3.1039,-64.823878
3,98,03/16/15 22:39,-3.091661,-64.853871
3,98,03/17/15 23:44,-3.091821,-64.85909
3,98,03/18/15 04:45,-3.091907,-64.858117
3,98,03/18/15 14:47,-3.092447,-64.859464
3,98,03/18/15 19:48,-3.087692,-64.860475
3,98,03/19/15 15:52,-3.086257,-64.861924
3,98,03/20/15 11:56,-3.090643,-64.857819
3,98,03/21/15 02:59,-3.095215,-64.864468
3,98,03/21/15 08:00,-3.094554,-64.862231
3,98,03/21/15 13:01,-3.094131,-64.860674
3,98,03/21/15 18:02,-3.093595,-64.859213
3,98,03/21/15 23:03,-3.093849,-64.858211
3,98,03/22/15 04:04,-3.094221,-64.857229
3,98,03/22/15 09:05,-3.094129,-64.855479
3,98,03/22/15 14:06,-3.094205,-64.854935
3,98,03/22/15 19:07,-3.094597,-64.854084
3,98,03/23/15 05:09,-3.094009,-64.854635
3,98,03/23/15 10:10,-3.096139,-64.85215
3,98,03/24/15 11:15,-3.09383,-64.855379
3,98,03/24/15 21:17,-3.092204,-64.853674
3,98,03/25/15 07:19,-3.095473,-64.854351
3,98,03/25/15 12:20,-3.092107,-64.844793
3,98,03/25/15 22:22,-3.092229,-64.845337
3,98,03/26/15 03:23,-3.092174,-64.845535
3,98,03/26/15 08:24,-3.092923,-64.845745
3,98,03/26/15 18:26,-3.092008,-64.844125
3,98,03/27/15 09:29,-3.092267,-64.845936
3,98,03/27/15 19:31,-3.092534,-64.845216
3,98,03/28/15 00:32,-3.093791,-64.842637
3,98,03/28/15 05:33,-3.095896,-64.840234
3,98,03/28/15 20:36,-3.096537,-64.839663
3,98,03/29/15 01:37,-3.08745,-64.846763
3,98,03/29/15 11:39,-3.088076,-64.846856
3,98,03/29/15 16:40,-3.089855,-64.84582
3,98,03/30/15 02:42,-3.090334,-64.84549
3,98,03/30/15 17:45,-3.090452,-64.846663
3,98,04/01/15 04:52,-3.091049,-64.845871
3,98,04/01/15 09:53,-3.091511,-64.85018
3,98,04/01/15 19:55,-3.090555,-64.850744
3,98,04/02/15 00:56,-3.09448,-64.859892
3,98,04/02/15 10:58,-3.094202,-64.859794
3,98,04/02/15 15:59,-3.091439,-64.858201
3,98,04/02/15 21:00,-3.089459,-64.857759
3,98,04/03/15 17:04,-3.088878,-64.857187
3,98,04/03/15 22:05,-3.089538,-64.854526
3,98,04/04/15 08:07,-3.090127,-64.853632
3,98,04/04/15 18:09,-3.091125,-64.859082
3,98,04/06/15 10:17,-3.093584,-64.84857
3,98,04/07/15 06:21,-3.098865,-64.841491
3,98,04/07/15 11:22,-3.099155,-64.841501
3,98,04/08/15 12:27,-3.101589,-64.83221
3,98,04/08/15 22:29,-3.096959,-64.838083
3,98,04/09/15 03:30,-3.099414,-64.830282
3,98,04/09/15 08:31,-3.10252,-64.822979
3,98,04/09/15 13:32,-3.105601,-64.815382
3,98,04/09/15 18:33,-3.10959,-64.808691
3,98,04/10/15 04:35,-3.109484,-64.8095
3,98,04/10/15 09:36,-3.109915,-64.806421
3,98,04/11/15 05:40,-3.109319,-64.808305
3,98,04/11/15 10:41,-3.091316,-64.841043
3,98,04/12/15 06:45,-3.09469,-64.844342
3,98,04/12/15 16:47,-3.089405,-64.842774
3,98,04/12/15 21:48,-3.089702,-64.842437
3,98,04/13/15 02:49,-3.090284,-64.842963
3,98,04/13/15 07:50,-3.091857,-64.842564
3,98,04/13/15 12:51,-3.093126,-64.841968
3,98,04/14/15 23:58,-3.090961,-64.844241
3,98,04/15/15 10:00,-3.090605,-64.845769
3,98,04/16/15 01:03,-3.09031,-64.846
3,98,04/16/15 06:04,-3.090386,-64.846753
3,98,04/16/15 11:05,-3.089808,-64.847938
3,98,04/16/15 16:06,-3.090118,-64.848945
3,98,04/16/15 21:07,-3.090837,-64.851216
3,98,04/17/15 02:08,-3.091462,-64.85336
3,98,04/18/15 03:13,-3.087025,-64.850922
3,98,04/18/15 08:14,-3.085948,-64.861424
3,98,04/18/15 18:16,-3.085715,-64.861869
3,98,04/19/15 19:21,-3.085427,-64.859414
3,98,04/20/15 10:24,-3.084562,-64.871677
3,98,04/21/15 01:27,-3.083367,-64.871851
3,98,04/23/15 03:37,-3.083858,-64.87046
3,98,04/24/15 04:42,-3.084832,-64.873723
3,98,04/24/15 14:44,-3.083859,-64.870196
3,98,04/24/15 19:45,-3.090911,-64.856224
3,98,04/25/15 00:46,-3.098485,-64.842155
3,98,04/25/15 10:48,-3.098145,-64.841603
3,98,04/25/15 15:49,-3.094934,-64.848338
3,98,04/25/15 20:50,-3.09173,-64.855248
3,98,04/26/15 11:53,-3.091024,-64.855443
3,98,04/26/15 16:54,-3.073553,-64.849105
3,98,04/27/15 02:56,-3.073385,-64.849815
3,98,04/27/15 12:58,-3.082941,-64.845782
3,98,04/28/15 04:01,-3.089916,-64.857512
3,98,04/28/15 09:02,-3.083798,-64.841461
3,98,04/28/15 19:04,-3.08484,-64.842134
3,98,04/29/15 00:05,-3.082707,-64.845555
3,98,04/29/15 15:08,-3.082149,-64.847599
3,98,04/29/15 20:09,-3.094916,-64.847344
3,98,04/30/15 21:14,-3.098043,-64.844654
3,98,05/01/15 07:16,-3.094096,-64.845476
3,98,05/01/15 12:17,-3.094773,-64.845055
3,98,05/01/15 22:19,-3.094174,-64.84623
3,98,05/02/15 03:20,-3.094296,-64.825424
3,98,05/02/15 13:22,-3.095246,-64.825419
3,98,05/02/15 23:24,-3.093668,-64.826398
3,98,05/03/15 04:25,-3.097632,-64.82908
3,98,05/03/15 09:26,-3.102045,-64.83136
3,98,05/04/15 00:29,-3.102374,-64.832012
3,98,05/04/15 05:30,-3.115864,-64.80372
3,98,05/04/15 15:32,-3.115706,-64.803982
3,98,05/05/15 01:34,-3.115918,-64.802668
3,98,05/06/15 17:42,-3.093084,-64.804173
3,98,05/07/15 03:44,-3.095002,-64.804144
3,98,05/07/15 13:46,-3.108799,-64.80373
3,98,05/07/15 18:47,-3.112355,-64.811717
3,98,05/08/15 04:49,-3.111944,-64.813129
3,98,05/08/15 09:50,-3.111901,-64.814334
3,98,05/08/15 14:51,-3.112324,-64.814809
3,98,05/08/15 19:52,-3.113829,-64.816087
3,98,05/09/15 05:54,-3.114905,-64.816234
3,98,05/09/15 10:55,-3.114775,-64.816014
3,98,05/09/15 15:56,-3.114814,-64.816501
3,98,05/09/15 20:57,-3.114737,-64.817102
3,98,05/10/15 01:58,-3.114718,-64.81797
3,98,05/10/15 06:59,-3.115168,-64.818631
3,98,05/10/15 12:00,-3.115312,-64.818836
3,98,05/10/15 17:01,-3.11583,-64.819506
3,98,05/10/15 22:02,-3.11616,-64.819705
3,98,05/11/15 08:04,-3.116634,-64.82085
3,98,05/11/15 13:05,-3.116343,-64.820283
3,98,05/11/15 18:06,-3.115989,-64.820497
3,98,05/11/15 23:07,-3.117266,-64.821454
3,98,05/12/15 19:11,-3.114271,-64.820858
3,98,05/13/15 10:14,-3.121461,-64.81797
3,98,05/14/15 06:18,-3.112832,-64.822883
3,98,05/14/15 11:19,-3.112314,-64.823597
3,98,05/14/15 16:20,-3.112112,-64.824083
3,98,05/15/15 02:22,-3.112173,-64.823782
3,98,05/15/15 12:24,-3.115914,-64.820823
3,98,05/15/15 17:25,-3.115355,-64.820537
3,98,05/15/15 22:26,-3.114724,-64.819914
3,98,05/16/15 03:27,-3.114468,-64.820659
3,98,05/16/15 08:28,-3.114819,-64.821197
3,98,05/16/15 18:30,-3.114961,-64.82044
3,98,05/17/15 04:32,-3.102264,-64.835701
3,98,05/17/15 19:35,-3.09362,-64.839588
3,98,05/18/15 05:37,-3.087774,-64.857994
3,98,05/18/15 10:38,-3.089658,-64.864424
3,98,05/18/15 15:39,-3.092951,-64.870289
3,98,05/19/15 06:42,-3.092114,-64.86973
3,98,05/20/15 02:46,-3.091133,-64.857087
3,98,05/21/15 23:55,-3.091195,-64.856777
3,98,05/22/15 09:57,-3.092615,-64.85541
3,98,05/22/15 14:58,-3.092728,-64.857345
3,98,05/22/15 19:59,-3.092434,-64.860047
3,98,05/23/15 01:00,-3.093316,-64.861606
3,98,05/23/15 06:01,-3.093999,-64.864157
3,98,05/23/15 11:02,-3.094402,-64.867657
3,98,05/24/15 02:05,-3.089617,-64.845413
3,98,05/24/15 12:07,-3.087206,-64.841916
3,98,05/24/15 22:09,-3.087368,-64.843053
3,98,05/27/15 05:20,-3.098658,-64.843044
3,98,05/28/15 01:24,-3.094395,-64.839631
3,98,05/28/15 11:26,-3.095099,-64.849757
3,98,05/28/15 16:27,-3.096168,-64.847689
3,98,05/28/15 21:28,-3.098384,-64.846649
3,98,05/29/15 17:32,-3.096681,-64.84553
3,98,05/30/15 03:34,-3.095393,-64.847344
3,98,05/31/15 14:41,-3.093461,-64.853984
3,98,06/01/15 00:43,-3.09737,-64.845708
3,98,06/01/15 05:44,-3.09684,-64.845137
3,98,06/01/15 10:45,-3.097529,-64.845134
3,98,06/02/15 01:48,-3.097128,-64.845363
3,98,06/02/15 06:49,-3.096467,-64.845407
3,98,06/02/15 21:52,-3.096692,-64.845142
3,98,06/03/15 22:57,-3.090931,-64.841493
3,98,06/05/15 15:05,-3.095744,-64.837422
3,98,06/06/15 06:08,-3.089609,-64.86482
3,98,06/06/15 11:09,-3.095091,-64.866026
3,98,06/07/15 02:12,-3.10179,-64.841235
3,98,06/07/15 17:15,-3.098166,-64.843699
3,98,06/07/15 22:16,-3.094758,-64.866313
3,98,06/08/15 13:19,-3.094284,-64.866227
3,98,06/08/15 18:20,-3.091906,-64.867146
3,98,06/09/15 04:22,-3.091284,-64.8691
3,98,06/09/15 09:23,-3.090226,-64.868654
3,98,06/10/15 05:27,-3.089935,-64.868876
3,98,06/10/15 10:28,-3.087514,-64.86635
3,98,06/10/15 20:30,-3.087765,-64.866402
3,98,06/13/15 08:42,-3.083826,-64.870272
1,98,06/13/15 13:43,-3.072305,-64.868678
4,98,06/14/15 19:49,-3.070719,-64.863558
4,98,06/15/15 00:50,-3.077658,-64.865271
3,98,06/15/15 05:51,-3.085771,-64.867502
3,98,06/15/15 15:53,-3.08675,-64.866658
3,98,06/17/15 03:00,-3.093764,-64.86456
3,98,06/17/15 18:03,-3.089973,-64.870649
3,98,06/17/15 23:04,-3.092569,-64.866431
3,98,06/18/15 04:05,-3.096236,-64.862514
3,98,06/19/15 05:10,-3.091627,-64.864096
3,98,06/20/15 06:15,-3.083925,-64.877224
1,98,06/20/15 11:16,-3.0822,-64.876266
3,98,06/21/15 07:20,-3.090179,-64.866846
3,98,06/22/15 13:26,-3.081385,-64.855564
3,98,06/22/15 18:27,-3.073959,-64.853498
3,98,06/23/15 04:29,-3.07446,-64.853665
3,98,06/24/15 10:35,-3.077398,-64.857147
3,98,06/24/15 15:36,-3.077202,-64.841351
3,98,06/27/15 03:48,-3.060866,-64.840611
3,98,06/28/15 19:56,-3.06067,-64.841317
3,98,06/29/15 16:00,-3.073619,-64.845251
3,98,06/30/15 17:05,-3.082839,-64.830842
3,98,07/01/15 03:07,-3.082529,-64.831048
3,98,07/01/15 13:09,-3.082425,-64.827017
3,98,07/01/15 18:10,-3.08383,-64.825786
3,98,07/01/15 23:11,-3.086557,-64.825787
3,98,07/06/15 03:31,-3.077712,-64.81915
3,98,07/10/15 02:50,-3.088533,-64.827255
3,98,07/10/15 07:51,-3.094183,-64.827521
3,98,07/10/15 12:52,-3.101182,-64.827647
3,98,07/11/15 18:58,-3.100623,-64.821868
3,98,07/13/15 01:04,-3.095243,-64.814809
3,98,07/13/15 21:08,-3.107914,-64.828355
3,98,07/14/15 17:12,-3.104115,-64.833558
3,98,07/14/15 22:13,-3.107324,-64.83015
3,98,07/15/15 08:15,-3.106312,-64.830064
3,98,07/15/15 13:16,-3.107195,-64.827886
3,98,07/15/15 18:17,-3.108357,-64.825624
3,98,07/15/15 23:18,-3.109732,-64.823582
3,98,07/17/15 20:27,-3.106622,-64.829038
3,98,07/18/15 01:28,-3.10558,-64.830646
3,98,07/18/15 06:29,-3.104442,-64.83263
3,98,07/18/15 11:30,-3.103736,-64.834133
3,98,07/18/15 16:31,-3.103065,-64.836886
3,98,07/19/15 07:34,-3.104123,-64.837038
3,98,07/19/15 22:37,-3.104094,-64.837154
3,98,07/20/15 03:38,-3.102235,-64.840065
3,98,07/20/15 08:39,-3.099847,-64.84248
3,98,07/20/15 13:40,-3.097584,-64.845107
3,98,07/20/15 18:41,-3.095562,-64.847966
3,98,07/20/15 23:42,-3.09388,-64.850458
3,98,07/21/15 04:43,-3.092876,-64.853226
3,98,07/22/15 05:48,-3.096348,-64.846798
3,98,07/22/15 15:50,-3.096384,-64.84823
3,98,07/22/15 20:51,-3.094782,-64.849866
3,98,07/23/15 01:52,-3.093687,-64.851172
3,98,07/23/15 06:53,-3.092926,-64.853622
3,98,07/23/15 11:54,-3.09194,-64.856191
3,98,07/23/15 16:55,-3.091676,-64.858137
3,98,07/24/15 12:59,-3.093036,-64.855816
3,98,07/24/15 18:00,-3.08989,-64.853539
3,98,07/25/15 04:02,-3.089122,-64.854737
3,98,07/25/15 09:03,-3.098152,-64.842336
3,98,07/25/15 19:05,-3.098341,-64.842804
3,98,07/26/15 15:09,-3.094644,-64.8464
3,98,07/27/15 06:12,-3.087731,-64.858973
3,98,07/27/15 11:13,-3.087149,-64.859659
3,98,07/27/15 16:14,-3.086161,-64.861649
3,98,07/27/15 21:15,-3.085381,-64.863005
3,98,07/28/15 12:18,-3.085039,-64.862692
3,98,07/28/15 22:20,-3.089634,-64.86119
3,98,07/29/15 23:25,-3.092604,-64.869681
3,98,07/30/15 04:26,-3.090915,-64.863597
3,98,07/30/15 09:27,-3.089711,-64.858105
3,98,07/30/15 14:28,-3.089273,-64.853713
3,98,07/31/15 20:34,-3.090256,-64.853673
3,98,08/01/15 06:36,-3.099674,-64.836113
3,98,08/01/15 21:39,-3.089198,-64.852365
3,98,08/02/15 02:40,-3.091779,-64.848015
3,98,08/02/15 12:42,-3.091001,-64.848686
3,98,08/02/15 17:43,-3.091607,-64.848916
3,98,08/02/15 22:44,-3.093779,-64.848816
3,98,08/03/15 13:47,-3.094157,-64.846985
3,98,08/04/15 04:50,-3.09436,-64.84484
3,98,08/04/15 14:52,-3.096168,-64.844513
3,98,08/04/15 19:53,-3.094895,-64.846363
3,98,08/05/15 05:55,-3.095691,-64.846639
3,98,08/05/15 10:56,-3.094035,-64.847356
3,98,08/05/15 15:57,-3.091954,-64.84823
3,98,08/06/15 01:59,-3.091711,-64.84686
3,98,08/06/15 22:03,-3.091276,-64.847664
3,98,08/07/15 03:04,-3.088077,-64.848902
3,98,08/07/15 08:05,-3.085647,-64.851017
3,98,08/07/15 13:06,-3.083384,-64.852686
3,98,08/07/15 18:07,-3.082112,-64.854715
3,98,08/07/15 23:08,-3.080442,-64.85538
3,98,08/08/15 04:09,-3.079064,-64.856542
3,98,08/08/15 09:10,-3.077778,-64.858147
3,98,08/09/15 00:13,-3.078377,-64.859986
3,98,08/10/15 01:18,-3.076946,-64.857768
3,98,08/10/15 06:19,-3.075811,-64.856088
3,98,08/10/15 11:20,-3.075972,-64.855466
3,98,08/11/15 02:23,-3.074949,-64.855761
3,98,08/11/15 07:24,-3.072923,-64.855556
3,98,08/11/15 12:25,-3.071201,-64.855208
3,98,08/11/15 17:26,-3.069876,-64.854857
3,98,08/11/15 22:27,-3.069054,-64.854334
3,98,08/12/15 03:28,-3.068362,-64.853727
3,98,08/12/15 08:29,-3.067935,-64.852634
3,98,08/12/15 13:30,-3.067765,-64.852711
3,98,08/12/15 18:31,-3.068283,-64.852742
3,98,08/13/15 04:33,-3.068186,-64.853726
3,98,08/13/15 09:34,-3.067563,-64.853269
3,98,08/13/15 14:35,-3.067227,-64.853625
3,98,08/13/15 19:36,-3.067543,-64.854655
3,98,08/14/15 10:39,-3.067479,-64.853499
3,98,08/14/15 15:40,-3.064171,-64.854343
4,98,08/14/15 20:41,-3.061341,-64.856101
4,98,08/15/15 01:42,-3.058744,-64.857486
4,98,08/15/15 06:43,-3.056604,-64.859112
4,98,08/16/15 02:47,-3.055544,-64.859705
4,98,08/16/15 07:48,-3.056663,-64.860959
4,98,08/16/15 22:51,-3.058731,-64.861098
4,98,08/17/15 23:56,-3.071983,-64.859715
3,98,08/18/15 04:57,-3.074713,-64.860136
3,98,08/18/15 09:58,-3.078431,-64.861269
3,98,08/19/15 01:01,-3.080278,-64.861853
3,98,08/19/15 06:02,-3.078893,-64.852709
3,98,08/19/15 11:03,-3.07705,-64.845861
3,98,08/19/15 16:04,-3.076108,-64.839412
3,98,08/20/15 02:06,-3.076471,-64.839872
3,98,08/20/15 07:07,-3.089497,-64.837378
3,98,08/20/15 17:09,-3.089214,-64.837307
3,98,08/20/15 22:10,-3.089355,-64.836848
3,98,08/21/15 13:13,-3.089272,-64.838021
3,98,08/21/15 18:14,-3.091189,-64.837973
3,98,08/22/15 04:16,-3.091133,-64.837836
3,98,08/22/15 09:17,-3.091024,-64.838273
3,98,08/22/15 19:19,-3.091,-64.838269
3,98,08/23/15 00:20,-3.086688,-64.835922
3,98,08/23/15 05:21,-3.082982,-64.834484
3,98,08/23/15 15:23,-3.082724,-64.834344
3,98,08/24/15 01:25,-3.082747,-64.835047
3,98,08/24/15 11:27,-3.082537,-64.833849
3,98,08/24/15 21:29,-3.083006,-64.835124
3,98,08/25/15 02:30,-3.081513,-64.833833
3,98,08/25/15 07:31,-3.081487,-64.833184
3,98,08/25/15 12:32,-3.082145,-64.832582
3,98,08/26/15 03:35,-3.081218,-64.832048
3,98,08/26/15 13:37,-3.081551,-64.832345
3,98,08/26/15 18:38,-3.080313,-64.831246
3,98,08/26/15 23:39,-3.079814,-64.831082
3,98,08/27/15 04:40,-3.079909,-64.830793
3,98,08/27/15 09:41,-3.079761,-64.831104
3,98,08/28/15 05:45,-3.079746,-64.830543
3,98,08/28/15 15:47,-3.078879,-64.831202
3,98,08/30/15 07:55,-3.073252,-64.831059
3,98,08/30/15 22:58,-3.073272,-64.830465
3,98,08/31/15 03:59,-3.073544,-64.826297
3,98,08/31/15 09:00,-3.073932,-64.822197
3,98,08/31/15 14:01,-3.07486,-64.818517
3,98,08/31/15 19:02,-3.076323,-64.814625
3,98,09/01/15 15:06,-3.087537,-64.813941
3,98,09/01/15 20:07,-3.087276,-64.814145
3,98,09/02/15 01:08,-3.087938,-64.814386
3,98,09/02/15 06:09,-3.087487,-64.814767
3,98,09/02/15 11:10,-3.087814,-64.815385
3,98,09/02/15 16:11,-3.087979,-64.815762
3,98,09/02/15 21:12,-3.088146,-64.816551
3,98,09/03/15 02:13,-3.089359,-64.816638
3,98,09/03/15 07:14,-3.089748,-64.818435
3,98,09/03/15 12:15,-3.090178,-64.819134
3,98,09/04/15 03:18,-3.090364,-64.818559
3,98,09/04/15 08:19,-3.090922,-64.825926
3,98,09/04/15 13:20,-3.090977,-64.832326
3,98,09/05/15 14:25,-3.077409,-64.849979
4,98,09/06/15 00:27,-3.04772,-64.858321
3,98,09/06/15 15:30,-3.066749,-64.852913
3,98,09/07/15 06:33,-3.058718,-64.836882
3,98,09/07/15 11:34,-3.064462,-64.842583
3,98,09/07/15 21:36,-3.063797,-64.843613
3,98,09/08/15 02:37,-3.062276,-64.84216
3,98,09/08/15 12:39,-3.062269,-64.842258
3,98,09/08/15 17:40,-3.064353,-64.84211
3,98,09/08/15 22:41,-3.066673,-64.841652
3,98,09/09/15 03:42,-3.069537,-64.841627
3,98,09/09/15 08:43,-3.072038,-64.84222
3,98,09/09/15 18:45,-3.071093,-64.841344
3,98,09/09/15 23:46,-3.065073,-64.844114
3,98,09/10/15 04:47,-3.058892,-64.847842
4,98,09/10/15 09:48,-3.053263,-64.85173
4,98,09/10/15 14:49,-3.047446,-64.85489
4,98,09/11/15 00:51,-3.048283,-64.854717
4,98,09/11/15 05:52,-3.048606,-64.854834
4,98,09/11/15 10:53,-3.047969,-64.855137
4,98,09/11/15 15:54,-3.047738,-64.85471
4,98,09/11/15 20:55,-3.048221,-64.854664
4,98,09/12/15 01:56,-3.048476,-64.854452
4,98,09/12/15 11:58,-3.048294,-64.854885
4,98,09/12/15 16:59,-3.048204,-64.853522
4,98,09/12/15 22:00,-3.048483,-64.851929
4,98,09/13/15 03:01,-3.049954,-64.850869
3,98,09/13/15 23:05,-3.071526,-64.851716
3,98,09/14/15 04:06,-3.074609,-64.851602
3,98,09/14/15 09:07,-3.078553,-64.851656
3,98,09/15/15 00:10,-3.085921,-64.85117
3,98,09/15/15 05:11,-3.088839,-64.856942
3,98,09/15/15 20:14,-3.088995,-64.858823
3,98,09/16/15 01:15,-3.084956,-64.865654
3,98,09/16/15 06:16,-3.081521,-64.870573
3,98,09/16/15 16:18,-3.081652,-64.869892
4,98,09/16/15 21:19,-3.079786,-64.868236
4,98,09/17/15 02:20,-3.078644,-64.866486
4,98,09/17/15 07:21,-3.07657,-64.864664
4,98,09/17/15 12:22,-3.075552,-64.864028
4,98,09/18/15 03:25,-3.06781,-64.865226
4,98,09/18/15 08:26,-3.064221,-64.872725
1,98,09/18/15 13:27,-3.060831,-64.880518
1,98,09/18/15 18:28,-3.058349,-64.886822
1,98,09/19/15 09:31,-3.058903,-64.881431
1,98,09/19/15 14:32,-3.047311,-64.877012
4,98,09/19/15 19:33,-3.036589,-64.873658
4,98,09/20/15 05:35,-3.036377,-64.874176
4,98,09/20/15 15:37,-3.054442,-64.86767
3,98,09/21/15 01:39,-3.076276,-64.87277
4,98,09/21/15 06:40,-3.063669,-64.874596
1,98,09/21/15 11:41,-3.051058,-64.876924
4,98,09/21/15 16:42,-3.038606,-64.880456
1,98,09/21/15 21:43,-3.026389,-64.882542
1,98,09/22/15 12:46,-3.027426,-64.883287
4,98,09/22/15 22:48,-3.059355,-64.86846
4,98,09/23/15 03:49,-3.059213,-64.868786
4,98,09/23/15 08:50,-3.059601,-64.868206
4,98,09/23/15 13:51,-3.06037,-64.866492
4,98,09/23/15 18:52,-3.061554,-64.86497
4,98,09/24/15 09:55,-3.059563,-64.863493
4,98,09/25/15 21:02,-3.059316,-64.866162
4,98,09/26/15 02:03,-3.059411,-64.86699
4,98,09/26/15 07:04,-3.059546,-64.866701
4,98,09/26/15 12:05,-3.060099,-64.866528
4,98,09/26/15 17:06,-3.060612,-64.866582
4,98,09/26/15 22:07,-3.061601,-64.866206
4,98,09/27/15 03:08,-3.063251,-64.866182
4,98,09/27/15 08:09,-3.065083,-64.866507
4,98,09/27/15 23:12,-3.069729,-64.862152
4,98,09/28/15 09:14,-3.069585,-64.863337
4,98,09/28/15 14:15,-3.069863,-64.86298
4,98,09/28/15 19:16,-3.069169,-64.861931
4,98,09/29/15 00:17,-3.069183,-64.86167
4,98,09/29/15 05:18,-3.069296,-64.861749
4,98,09/29/15 20:21,-3.072446,-64.861327
3,98,09/30/15 11:24,-3.086319,-64.877163
3,98,09/30/15 16:25,-3.08216,-64.873086
3,98,09/30/15 21:26,-3.079089,-64.870283
4,98,10/01/15 02:27,-3.076019,-64.867762
4,98,10/01/15 12:29,-3.076474,-64.867181
1,98,10/02/15 03:32,-3.077836,-64.877358
1,98,10/02/15 08:33,-3.076739,-64.877607
1,98,10/02/15 13:34,-3.075729,-64.876984
1,98,10/02/15 18:35,-3.074877,-64.877384
1,98,10/02/15 23:36,-3.07468,-64.876924
1,98,10/03/15 04:37,-3.074935,-64.876768
1,98,10/03/15 14:39,-3.074597,-64.876343
1,98,10/03/15 19:40,-3.078484,-64.879653
1,98,10/04/15 05:42,-3.078605,-64.878534
3,98,10/04/15 10:43,-3.088504,-64.874528
3,98,10/05/15 01:46,-3.090482,-64.87562
3,98,10/05/15 11:48,-3.090007,-64.874404
3,98,10/05/15 16:49,-3.092801,-64.863578
3,98,10/05/15 21:50,-3.096476,-64.852132
3,98,10/06/15 12:53,-3.096276,-64.851407
3,98,10/07/15 13:58,-3.089657,-64.853574
3,98,10/07/15 18:59,-3.107882,-64.825762
3,98,10/08/15 05:01,-3.10728,-64.826217
3,98,10/08/15 10:02,-3.095907,-64.852965
3,98,10/08/15 20:04,-3.095747,-64.853256
3,98,10/09/15 01:05,-3.097816,-64.848094
3,98,10/09/15 06:06,-3.100115,-64.842417
3,98,10/09/15 11:07,-3.103389,-64.835707
3,98,10/09/15 21:09,-3.102904,-64.83502
3,98,10/10/15 02:10,-3.101017,-64.834051
3,98,10/10/15 07:11,-3.099725,-64.833327
3,98,10/10/15 12:12,-3.098592,-64.832606
3,98,10/10/15 17:13,-3.097482,-64.831355
3,98,10/10/15 22:14,-3.096911,-64.830537
3,98,10/11/15 03:15,-3.09676,-64.83012
3,98,10/11/15 08:16,-3.096589,-64.829425
3,98,10/11/15 18:18,-3.09763,-64.828961
3,98,10/12/15 04:20,-3.093675,-64.817464
3,98,10/12/15 14:22,-3.079704,-64.814912
3,98,10/13/15 00:24,-3.074404,-64.814167
3,98,10/13/15 15:27,-3.088924,-64.810693
3,98,10/13/15 20:28,-3.072114,-64.816475
3,98,10/14/15 21:33,-3.06487,-64.845973
3,98,10/15/15 02:34,-3.065059,-64.84972
3,98,10/15/15 07:35,-3.066437,-64.852906
3,98,10/15/15 12:36,-3.067162,-64.855516
4,98,10/15/15 17:37,-3.068029,-64.858014
4,98,10/15/15 22:38,-3.069267,-64.861117
4,98,10/16/15 03:39,-3.070996,-64.864237
4,98,10/16/15 13:41,-3.070748,-64.864837
4,98,10/16/15 18:42,-3.071609,-64.866363
4,98,10/17/15 09:45,-3.072198,-64.865386
4,98,10/17/15 14:46,-3.076012,-64.867039
4,98,10/18/15 10:50,-3.076855,-64.86703
4,98,10/19/15 01:53,-3.071806,-64.864813
4,98,10/19/15 16:56,-3.071589,-64.864546
4,98,10/19/15 21:57,-3.073763,-64.865781
4,98,10/20/15 02:58,-3.076858,-64.867307
4,98,10/20/15 13:00,-3.077077,-64.866941
1,98,10/20/15 18:01,-3.072691,-64.87341
1,98,10/20/15 23:02,-3.069443,-64.881994
1,98,10/21/15 09:04,-3.068866,-64.881592
1,98,10/21/15 19:06,-3.06575,-64.878804
1,98,10/22/15 00:07,-3.063622,-64.882986
1,98,10/22/15 05:08,-3.061753,-64.887094
1,98,10/22/15 10:09,-3.059839,-64.891982
1,98,10/22/15 20:11,-3.060173,-64.892324
1,98,10/23/15 01:12,-3.059655,-64.891427
1,98,10/23/15 06:13,-3.059123,-64.891049
1,98,10/23/15 16:15,-3.058716,-64.889766
1,98,10/23/15 21:16,-3.061647,-64.877149
4,98,10/24/15 02:17,-3.06499,-64.86518
3,98,10/24/15 07:18,-3.069394,-64.852705
3,98,10/24/15 12:19,-3.074317,-64.839877
3,98,10/24/15 22:21,-3.074376,-64.840599
3,98,10/25/15 03:22,-3.072136,-64.841067
3,98,10/25/15 08:23,-3.07027,-64.841106
3,98,10/25/15 13:24,-3.068254,-64.841482
3,98,10/25/15 18:25,-3.066967,-64.841722
3,98,10/25/15 23:26,-3.065805,-64.841376
3,98,10/26/15 04:27,-3.064685,-64.841394
3,98,10/26/15 09:28,-3.06375,-64.841811
3,98,10/26/15 14:29,-3.063034,-64.842558
3,98,10/26/15 19:30,-3.062357,-64.842873
3,98,10/27/15 00:31,-3.062068,-64.843958
3,98,10/27/15 20:35,-3.058968,-64.839557
3,98,10/28/15 01:36,-3.059711,-64.83839
4,93,03/19/14 12:00,-3.064424,-64.856876
4,93,03/19/14 18:00,-3.064985,-64.85691
4,93,03/20/14 18:00,-3.06143,-64.85834
4,93,03/21/14 00:00,-3.053476,-64.852678
4,93,03/23/14 06:00,-3.032081,-64.844552
3,93,03/24/14 00:00,-3.055776,-64.832516
3,93,03/24/14 06:00,-3.044591,-64.837956
4,93,03/24/14 12:00,-3.033451,-64.842986
4,93,03/24/14 18:00,-3.023175,-64.848668
5,93,03/26/14 00:00,-2.982938,-64.867132
5,93,03/27/14 06:00,-2.985694,-64.850475
4,93,03/27/14 18:00,-3.026156,-64.820372
3,93,03/28/14 00:00,-3.071087,-64.793044
3,93,03/30/14 06:00,-3.085453,-64.799917
3,93,03/30/14 12:00,-3.08944,-64.795937
3,93,03/30/14 18:00,-3.095712,-64.793639
3,93,03/31/14 12:00,-3.106513,-64.79439
3,93,04/01/14 18:00,-3.086675,-64.797346
3,93,04/02/14 00:00,-3.096682,-64.804689
3,93,04/02/14 18:00,-3.098103,-64.805015
3,93,04/04/14 00:00,-3.110401,-64.801698
3,93,04/04/14 18:00,-3.097322,-64.831024
3,93,04/06/14 00:00,-3.088201,-64.857564
3,93,04/06/14 12:00,-3.089452,-64.86635
3,93,04/07/14 00:00,-3.081752,-64.859998
4,93,04/07/14 18:00,-3.072296,-64.86193
4,93,04/08/14 06:00,-3.079864,-64.865033
3,93,04/08/14 12:00,-3.09445,-64.866464
3,93,04/10/14 12:00,-3.094791,-64.853875
3,93,04/12/14 00:00,-3.099339,-64.824849
3,93,04/12/14 06:00,-3.084628,-64.808045
3,93,04/14/14 00:00,-3.075976,-64.809166
3,93,04/15/14 12:00,-3.078644,-64.806042
3,93,04/15/14 18:00,-3.079004,-64.807622
3,93,04/16/14 00:00,-3.078696,-64.807496
3,93,04/16/14 12:00,-3.078906,-64.80759
3,93,04/16/14 18:00,-3.077519,-64.807861
3,93,04/18/14 12:00,-3.076852,-64.807125
3,93,04/19/14 12:00,-3.075674,-64.809215
3,93,04/21/14 12:00,-3.076862,-64.792642
3,93,04/23/14 12:00,-3.098899,-64.789389
3,93,04/24/14 12:00,-3.073624,-64.789072
3,93,04/25/14 00:00,-3.0642,-64.795565
4,93,04/25/14 12:00,-3.037588,-64.811685
4,93,04/25/14 18:00,-3.027436,-64.841236
5,93,04/26/14 18:00,-2.984279,-64.846806
5,93,04/27/14 00:00,-2.976799,-64.834397
5,93,04/27/14 12:00,-2.978456,-64.834259
5,93,04/28/14 00:00,-2.976821,-64.833993
5,93,04/28/14 12:00,-2.99322,-64.837394
5,93,04/28/14 18:00,-2.993134,-64.837338
5,93,04/29/14 00:00,-2.99395,-64.838283
5,93,04/29/14 06:00,-2.995088,-64.839266
5,93,04/29/14 12:00,-2.996621,-64.838812
5,93,04/29/14 18:00,-2.998276,-64.838357
5,93,05/02/14 18:00,-2.990226,-64.835348
5,93,05/03/14 06:00,-2.987818,-64.838922
5,93,05/04/14 12:00,-2.980331,-64.830772
5,93,05/05/14 00:00,-2.979732,-64.831248
5,93,05/07/14 00:00,-3.000006,-64.832832
5,93,05/07/14 06:00,-2.99871,-64.837857
5,93,05/07/14 12:00,-2.998807,-64.843191
5,93,05/09/14 00:00,-2.977838,-64.836826
3,93,05/11/14 00:00,-3.054994,-64.817113
3,93,05/11/14 18:00,-3.06666,-64.813923
3,93,05/12/14 12:00,-3.093853,-64.781436
3,93,05/13/14 06:00,-3.09389,-64.782098
3,93,05/20/14 00:00,-3.102349,-64.772297
3,93,05/25/14 00:00,-3.070098,-64.797386
4,93,05/29/14 00:00,-3.031636,-64.820737
4,93,06/01/14 06:00,-3.013253,-64.841382
5,93,06/04/14 00:00,-2.989416,-64.858414
5,93,06/05/14 00:00,-2.992208,-64.851285
4,93,06/06/14 00:00,-3.019452,-64.843123
4,93,06/08/14 06:00,-3.032518,-64.807402
3,93,06/12/14 00:00,-3.073472,-64.824583
3,93,07/07/14 00:00,-3.054217,-64.817168
3,93,07/08/14 00:00,-3.050149,-64.826459
4,93,07/13/14 00:00,-3.014229,-64.845839
5,93,07/15/14 00:00,-3.016577,-64.884954
4,93,07/29/14 00:00,-3.026254,-64.852713
4,93,07/30/14 12:00,-3.034768,-64.827923
4,93,07/30/14 18:00,-3.037498,-64.82703
4,93,07/31/14 00:00,-3.041059,-64.82658
4,93,08/01/14 00:00,-3.040459,-64.826655
4,93,08/02/14 00:00,-3.014326,-64.846319
5,93,08/02/14 18:00,-2.988633,-64.846423
5,93,08/06/14 00:00,-3.016493,-64.881104
4,93,08/06/14 12:00,-3.017698,-64.857507
5,93,08/07/14 12:00,-3.004329,-64.856529
5,93,08/07/14 18:00,-2.993821,-64.857836
5,93,08/09/14 00:00,-2.979645,-64.840959
4,93,08/09/14 18:00,-3.013615,-64.841966
4,93,08/10/14 00:00,-3.022018,-64.867516
5,93,08/12/14 06:00,-2.999777,-64.888911
4,93,08/16/14 06:00,-3.017573,-64.844359
4,93,08/16/14 12:00,-3.015567,-64.839579
4,93,08/19/14 12:00,-3.016097,-64.839059
4,93,08/20/14 00:00,-3.006807,-64.846011
5,93,08/20/14 12:00,-2.990201,-64.865297
2,93,08/21/14 00:00,-2.96711,-64.88868
2,93,08/21/14 06:00,-2.97265,-64.908477
2,93,08/22/14 06:00,-2.974875,-64.907482
2,93,08/22/14 12:00,-2.97195,-64.909403
2,93,08/22/14 18:00,-2.970981,-64.910234
2,93,08/23/14 06:00,-2.9712,-64.910987
2,93,08/23/14 12:00,-2.963692,-64.909648
2,93,08/23/14 18:00,-2.956317,-64.908956
2,93,08/24/14 00:00,-2.949777,-64.908495
2,93,08/24/14 06:00,-2.944717,-64.906614
2,93,08/24/14 12:00,-2.939376,-64.904551
2,93,08/25/14 06:00,-2.95888,-64.897608
2,93,08/25/14 12:00,-2.970568,-64.881415
2,93,08/26/14 00:00,-2.969686,-64.882022
5,93,08/26/14 12:00,-2.996516,-64.867848
5,93,08/26/14 18:00,-3.007653,-64.861126
4,93,08/27/14 00:00,-3.01901,-64.854972
4,93,08/27/14 06:00,-3.029833,-64.848313
2,93,08/30/14 00:00,-2.97013,-64.881728
2,93,08/31/14 00:00,-2.966039,-64.911841
2,93,08/31/14 06:00,-2.965865,-64.913032
2,93,09/01/14 00:00,-2.963565,-64.911669
2,93,09/01/14 12:00,-2.968707,-64.902834
2,93,09/01/14 18:00,-2.966495,-64.911637
2,93,09/06/14 12:00,-2.962726,-64.910398
2,93,09/08/14 00:00,-2.961638,-64.857585
5,93,09/08/14 06:00,-2.999074,-64.836846
5,93,09/09/14 00:00,-2.999598,-64.835904
5,93,09/09/14 06:00,-2.978201,-64.849597
5,93,09/09/14 18:00,-2.977511,-64.84878
2,93,09/10/14 06:00,-2.965569,-64.872106
2,93,09/10/14 12:00,-2.962977,-64.872503
2,93,09/11/14 00:00,-2.96459,-64.874157
5,93,09/11/14 18:00,-2.991679,-64.833686
5,93,09/12/14 00:00,-3.008235,-64.865255
5,93,09/13/14 06:00,-3.008899,-64.87887
5,93,09/13/14 18:00,-3.015958,-64.878204
4,93,09/14/14 12:00,-3.02734,-64.868928
4,93,09/15/14 06:00,-3.02498,-64.867621
4,93,09/15/14 12:00,-3.03656,-64.857137
4,93,09/15/14 18:00,-3.049096,-64.846185
3,93,09/16/14 00:00,-3.061333,-64.834254
3,93,09/16/14 06:00,-3.073546,-64.8235
3,93,09/16/14 18:00,-3.073386,-64.823408
4,93,09/17/14 00:00,-3.034959,-64.816322
4,93,09/17/14 12:00,-3.033728,-64.817317
4,93,09/17/14 18:00,-3.024201,-64.846498
4,93,09/18/14 06:00,-3.024383,-64.846442
5,93,09/18/14 18:00,-2.982388,-64.84736
2,93,09/19/14 00:00,-2.969969,-64.866437
2,93,09/19/14 06:00,-2.960413,-64.885406
2,93,09/19/14 12:00,-2.949209,-64.904972
5,93,09/21/14 00:00,-2.990169,-64.892148
5,93,09/21/14 12:00,-3.007006,-64.856788
5,93,09/22/14 06:00,-3.003707,-64.855889
5,93,09/22/14 18:00,-2.98702,-64.851692
4,93,09/23/14 00:00,-3.018016,-64.835756
4,93,09/24/14 00:00,-3.023524,-64.823371
5,93,09/25/14 18:00,-2.996863,-64.874955
5,93,09/26/14 00:00,-3.009298,-64.862994
4,93,09/26/14 06:00,-3.021821,-64.852084
4,93,09/27/14 06:00,-3.029666,-64.856488
4,93,09/28/14 18:00,-3.007804,-64.842098
4,93,09/29/14 00:00,-3.0183,-64.838535
4,93,09/29/14 18:00,-3.015616,-64.840704
5,93,10/01/14 00:00,-2.990218,-64.841822
2,93,10/01/14 18:00,-2.970063,-64.874344
5,93,10/02/14 12:00,-2.995335,-64.887953
5,93,10/03/14 00:00,-3.005591,-64.890935
5,93,10/04/14 00:00,-2.981229,-64.897727
5,93,10/06/14 18:00,-2.989096,-64.886487
2,93,10/07/14 00:00,-2.969022,-64.881263
2,93,10/07/14 18:00,-2.971895,-64.876774
2,93,10/08/14 00:00,-2.975547,-64.87399
5,93,10/10/14 00:00,-2.990986,-64.885778
5,93,10/11/14 18:00,-2.995233,-64.883692
4,93,10/14/14 00:00,-3.019985,-64.852092
5,93,10/14/14 06:00,-2.98463,-64.853038
5,93,10/15/14 18:00,-2.98266,-64.848555
5,93,10/16/14 18:00,-2.973986,-64.855847
5,93,10/17/14 00:00,-2.99272,-64.866945
5,93,10/19/14 18:00,-2.995544,-64.866779
5,93,10/20/14 18:00,-2.984806,-64.894506
5,93,10/23/14 00:00,-3.011314,-64.870897
4,93,10/24/14 06:00,-3.01579,-64.829513
5,93,10/25/14 00:00,-3.003341,-64.836762
5,93,10/25/14 18:00,-3.000188,-64.840434
5,93,10/26/14 18:00,-2.995848,-64.836705
5,93,10/27/14 18:00,-3.006324,-64.858264
5,93,10/28/14 06:00,-3.005773,-64.857015
5,93,10/30/14 00:00,-3.002269,-64.891107
5,93,10/30/14 06:00,-2.993982,-64.886247
4,93,11/03/14 06:00,-3.025532,-64.874114
4,93,11/05/14 06:00,-3.027562,-64.847199
3,93,11/06/14 06:00,-3.047118,-64.837843
3,93,11/06/14 18:00,-3.049004,-64.837674
5,93,11/08/14 06:00,-2.993624,-64.858793
4,93,11/09/14 00:00,-3.017986,-64.83535
5,93,11/10/14 00:00,-2.999466,-64.827922
5,93,11/10/14 12:00,-2.988522,-64.833785
5,93,11/10/14 18:00,-3.002025,-64.861203
5,93,11/12/14 06:00,-3.007356,-64.889944
5,93,11/15/14 18:00,-2.967345,-64.843992
4,93,11/18/14 18:00,-3.018703,-64.818109
5,93,11/19/14 18:00,-2.997137,-64.836832
4,93,11/20/14 12:00,-3.019012,-64.839533
5,93,11/20/14 18:00,-3.010392,-64.885211
4,93,11/22/14 12:00,-3.014916,-64.844958
4,93,11/22/14 18:00,-3.027529,-64.824752
4,93,11/23/14 18:00,-3.019932,-64.842183
4,93,11/24/14 18:00,-3.011954,-64.83813
4,93,11/25/14 12:00,-3.011346,-64.85795
5,93,11/27/14 00:00,-2.990448,-64.825681
4,93,11/27/14 12:00,-3.018595,-64.838217
4,93,11/28/14 18:00,-3.011989,-64.850243
4,93,11/29/14 18:00,-3.037133,-64.850964
3,93,12/01/14 00:00,-3.044225,-64.8368
3,93,12/02/14 12:00,-3.045957,-64.83689
3,93,12/02/14 18:00,-3.038828,-64.842048
4,93,12/03/14 00:00,-3.02944,-64.847846
5,93,12/04/14 12:00,-2.991258,-64.85059
5,93,12/04/14 18:00,-2.986803,-64.826348
5,93,12/06/14 06:00,-2.962922,-64.844044
5,93,12/06/14 18:00,-2.967406,-64.8454
5,93,12/07/14 18:00,-2.982328,-64.853999
3,93,12/08/14 00:00,-3.063973,-64.810708
3,93,12/09/14 00:00,-3.056539,-64.822108
3,93,12/09/14 06:00,-3.050848,-64.824713
3,93,12/09/14 12:00,-3.045574,-64.827427
3,93,12/10/14 00:00,-3.044989,-64.828358
4,93,12/11/14 00:00,-3.025922,-64.867149
4,93,12/11/14 06:00,-3.018655,-64.863651
5,93,12/11/14 12:00,-3.012081,-64.860369
5,93,12/11/14 18:00,-3.005608,-64.856208
5,93,12/12/14 12:00,-3.007032,-64.855685
5,93,12/14/14 06:00,-2.972279,-64.835837
5,93,12/14/14 12:00,-2.995334,-64.825584
4,93,12/14/14 18:00,-3.017738,-64.81524
4,93,12/15/14 12:00,-3.017964,-64.816159
4,93,12/15/14 18:00,-3.015886,-64.821579
4,93,12/16/14 06:00,-3.015257,-64.8212
4,93,12/16/14 18:00,-3.017265,-64.822149
5,93,12/17/14 18:00,-2.986435,-64.839417
5,93,12/18/14 00:00,-2.989459,-64.873678
5,93,12/18/14 12:00,-2.990797,-64.87434
5,93,12/18/14 18:00,-3.008799,-64.874837
4,93,12/19/14 00:00,-3.027815,-64.874739
4,93,12/20/14 00:00,-3.024011,-64.868518
4,93,12/20/14 18:00,-3.023783,-64.859922
5,93,12/21/14 18:00,-2.983798,-64.867867
5,93,12/22/14 06:00,-2.988223,-64.885937
5,93,12/22/14 18:00,-2.996564,-64.874734
4,93,12/23/14 00:00,-3.023869,-64.821394
4,93,12/23/14 18:00,-3.018605,-64.831522
5,93,12/24/14 00:00,-2.967211,-64.831865
5,93,12/24/14 18:00,-2.955862,-64.847549
5,93,12/26/14 18:00,-2.992177,-64.847072
5,93,12/27/14 00:00,-2.978019,-64.845599
5,93,12/28/14 18:00,-3.006209,-64.885645
5,93,12/29/14 06:00,-3.00674,-64.856321
5,93,12/30/14 00:00,-3.011056,-64.870785
4,93,12/31/14 12:00,-3.054177,-64.843629
3,93,01/01/15 00:00,-3.060526,-64.843661
3,93,01/01/15 12:00,-3.066567,-64.818754
4,93,01/02/15 12:00,-3.034346,-64.843809
4,93,01/02/15 18:00,-3.026817,-64.839705
4,93,01/03/15 00:00,-3.019671,-64.836787
4,93,01/03/15 12:00,-3.020893,-64.83827
4,93,01/04/15 06:00,-3.015208,-64.824883
5,93,01/04/15 12:00,-2.987502,-64.837685
5,93,01/05/15 00:00,-2.988895,-64.836929
5,93,01/05/15 12:00,-2.976802,-64.844329
4,93,01/06/15 00:00,-3.008247,-64.828904
4,93,01/06/15 18:00,-3.017971,-64.83205
5,93,01/07/15 00:00,-3.00506,-64.853568
5,93,01/07/15 12:00,-3.003046,-64.854338
5,93,01/08/15 00:00,-3.002078,-64.853908
5,93,01/08/15 12:00,-2.996764,-64.857074
5,93,01/08/15 18:00,-2.99622,-64.860482
5,93,01/09/15 00:00,-2.998586,-64.86452
5,93,01/09/15 18:00,-2.995082,-64.866119
5,93,01/10/15 12:00,-2.986025,-64.873343
5,93,01/10/15 18:00,-3.010046,-64.859472
4,93,01/11/15 00:00,-3.034764,-64.8449
4,93,01/11/15 12:00,-3.035161,-64.843312
4,93,01/12/15 18:00,-3.041543,-64.84428
4,93,01/13/15 00:00,-3.040757,-64.84489
4,93,01/13/15 06:00,-3.039199,-64.844399
4,93,01/13/15 12:00,-3.038831,-64.844663
4,93,01/13/15 18:00,-3.038779,-64.84511
4,93,01/14/15 00:00,-3.038788,-64.845603
4,93,01/14/15 06:00,-3.039299,-64.845088
4,93,01/14/15 12:00,-3.039533,-64.84514
4,93,01/14/15 18:00,-3.040249,-64.846131
4,93,01/15/15 00:00,-3.040264,-64.845769
4,93,01/15/15 06:00,-3.040853,-64.845249
4,93,01/15/15 12:00,-3.040155,-64.845461
4,93,01/15/15 18:00,-3.040606,-64.84679
4,93,01/16/15 00:00,-3.041434,-64.846828
4,93,01/16/15 06:00,-3.041435,-64.846266
4,93,01/16/15 12:00,-3.039875,-64.845525
4,93,01/16/15 18:00,-3.039167,-64.846622
4,93,01/17/15 00:00,-3.038592,-64.846881
4,93,01/17/15 06:00,-3.037525,-64.846591
4,93,01/17/15 12:00,-3.03736,-64.845821
4,93,01/17/15 18:00,-3.035495,-64.845458
4,93,01/18/15 00:00,-3.035067,-64.845205
4,93,01/18/15 06:00,-3.034659,-64.844796
4,93,01/18/15 12:00,-3.035109,-64.84517
4,93,01/18/15 18:00,-3.034671,-64.84429
4,93,01/19/15 00:00,-3.034231,-64.843752
4,93,01/19/15 06:00,-3.03416,-64.843788
4,93,01/19/15 12:00,-3.034107,-64.843862
4,93,01/19/15 18:00,-3.032435,-64.844094
4,93,01/20/15 00:00,-3.032841,-64.843763
4,93,01/20/15 06:00,-3.032793,-64.84398
4,93,01/20/15 12:00,-3.032079,-64.843662
4,93,01/20/15 18:00,-3.031913,-64.844474
4,93,01/21/15 00:00,-3.030278,-64.844268
4,93,01/21/15 06:00,-3.03086,-64.844594
4,93,01/21/15 12:00,-3.029529,-64.844112
4,93,01/21/15 18:00,-3.030051,-64.844941
4,93,01/22/15 00:00,-3.03014,-64.844737
4,93,01/22/15 06:00,-3.029378,-64.845441
4,93,01/22/15 12:00,-3.029844,-64.846401
4,93,01/22/15 18:00,-3.030066,-64.846786
4,93,01/23/15 00:00,-3.029169,-64.847315
4,93,01/23/15 06:00,-3.029062,-64.846871
4,93,01/23/15 12:00,-3.02836,-64.84716
4,93,01/23/15 18:00,-3.029712,-64.847618
4,93,01/24/15 00:00,-3.029476,-64.847425
4,93,01/24/15 06:00,-3.029549,-64.847459
4,93,01/24/15 12:00,-3.02866,-64.847005
4,93,01/24/15 18:00,-3.028714,-64.847224
4,93,01/25/15 00:00,-3.029043,-64.84712
4,93,01/25/15 06:00,-3.028909,-64.847335
4,93,01/25/15 12:00,-3.028274,-64.846899
4,93,01/25/15 18:00,-3.028703,-64.845486
4,93,01/26/15 00:00,-3.029011,-64.845348
4,93,01/26/15 06:00,-3.029163,-64.844765
4,93,01/26/15 12:00,-3.02905,-64.844218
4,93,01/26/15 18:00,-3.02927,-64.844716
4,93,01/27/15 00:00,-3.028624,-64.844651
4,93,01/27/15 06:00,-3.028233,-64.844303
4,93,01/27/15 12:00,-3.027988,-64.843416
4,93,01/27/15 18:00,-3.028147,-64.843455
4,93,01/28/15 00:00,-3.027561,-64.843424
4,93,01/28/15 06:00,-3.027489,-64.842776
4,93,01/28/15 12:00,-3.027533,-64.842008
4,93,01/28/15 18:00,-3.028037,-64.841659
4,93,01/29/15 00:00,-3.027766,-64.841649
4,93,01/29/15 06:00,-3.027495,-64.841547
4,93,01/29/15 12:00,-3.026996,-64.841575
4,93,01/29/15 18:00,-3.027283,-64.841963
4,93,01/30/15 00:00,-3.027736,-64.841462
4,93,01/30/15 06:00,-3.027883,-64.841306
4,93,01/30/15 12:00,-3.027936,-64.841808
4,93,01/30/15 18:00,-3.028078,-64.842125
4,93,01/31/15 00:00,-3.027097,-64.842199
4,93,01/31/15 06:00,-3.027547,-64.842231
4,93,01/31/15 12:00,-3.027037,-64.842803
4,93,01/31/15 18:00,-3.026662,-64.842911
4,93,02/01/15 00:00,-3.026837,-64.8427
4,93,02/01/15 06:00,-3.026091,-64.843551
4,93,02/01/15 12:00,-3.026118,-64.843601
4,93,02/01/15 18:00,-3.025547,-64.843949
4,93,02/02/15 00:00,-3.025636,-64.84407
4,93,02/02/15 06:00,-3.026151,-64.843941
4,93,02/02/15 12:00,-3.02616,-64.843322
4,93,02/02/15 18:00,-3.026188,-64.84359
4,93,02/03/15 00:00,-3.026555,-64.843782
4,93,02/03/15 06:00,-3.025704,-64.844008
4,93,02/03/15 12:00,-3.025214,-64.843819
4,93,02/03/15 18:00,-3.026017,-64.843753
4,93,02/04/15 00:00,-3.026392,-64.843526
4,93,02/04/15 06:00,-3.027198,-64.842686
4,93,02/04/15 12:00,-3.026994,-64.842744
4,93,02/04/15 18:00,-3.026229,-64.841946
4,93,02/05/15 00:00,-3.02587,-64.841938
4,93,02/05/15 06:00,-3.026255,-64.840954
4,93,02/05/15 12:00,-3.026566,-64.840572
4,93,02/05/15 18:00,-3.02575,-64.840947
4,93,02/06/15 00:00,-3.025248,-64.840435
4,93,02/06/15 06:00,-3.024467,-64.840728
4,93,02/06/15 12:00,-3.024688,-64.83976
4,93,02/06/15 18:00,-3.024233,-64.839181
4,93,02/07/15 00:00,-3.023275,-64.838936
4,93,02/07/15 06:00,-3.022317,-64.838083
4,93,02/07/15 12:00,-3.022247,-64.837933
4,93,02/07/15 18:00,-3.021839,-64.83603
4,93,02/08/15 00:00,-3.022142,-64.835566
4,93,02/08/15 06:00,-3.022297,-64.836279
4,93,02/08/15 12:00,-3.020833,-64.836562
4,93,02/08/15 18:00,-3.021433,-64.836624
4,93,02/09/15 00:00,-3.022592,-64.837101
4,93,02/09/15 06:00,-3.022309,-64.837046
4,93,02/09/15 12:00,-3.022034,-64.836883
4,93,02/09/15 18:00,-3.021633,-64.837332
4,93,02/10/15 00:00,-3.022148,-64.837983
4,93,02/10/15 06:00,-3.023555,-64.837282
4,93,02/10/15 12:00,-3.023914,-64.837113
4,93,02/10/15 18:00,-3.023356,-64.836646
4,93,02/11/15 00:00,-3.023917,-64.837416
4,93,02/11/15 06:00,-3.024108,-64.837319
4,93,02/11/15 12:00,-3.024466,-64.836594
4,93,02/11/15 18:00,-3.02394,-64.835853
4,93,02/12/15 00:00,-3.024598,-64.835698
4,93,02/12/15 06:00,-3.02504,-64.83514
4,93,02/12/15 12:00,-3.025423,-64.833967
4,93,02/12/15 18:00,-3.025922,-64.83451
4,93,02/13/15 00:00,-3.026895,-64.833613
4,93,02/13/15 06:00,-3.026163,-64.833492
4,93,02/13/15 12:00,-3.026461,-64.834334
4,93,02/13/15 18:00,-3.026541,-64.83427
4,93,02/14/15 00:00,-3.026625,-64.834824
4,93,02/14/15 06:00,-3.028159,-64.83473
4,93,02/14/15 12:00,-3.026917,-64.834064
4,93,02/14/15 18:00,-3.027447,-64.833036
4,93,02/15/15 00:00,-3.028819,-64.833559
4,93,02/15/15 06:00,-3.02838,-64.832659
4,93,02/15/15 12:00,-3.029067,-64.831958
4,93,02/15/15 18:00,-3.030158,-64.831653
4,93,02/16/15 00:00,-3.030427,-64.831631
4,93,02/16/15 06:00,-3.032103,-64.832215
4,93,02/16/15 12:00,-3.031317,-64.832808
4,93,02/16/15 18:00,-3.031976,-64.832287
4,93,02/17/15 00:00,-3.031006,-64.832551
4,93,02/17/15 06:00,-3.030938,-64.832073
4,93,02/17/15 12:00,-3.030976,-64.832078
4,93,02/17/15 18:00,-3.030574,-64.832185
4,93,02/18/15 06:00,-3.030846,-64.832426
4,93,02/18/15 12:00,-3.029709,-64.832933
4,93,02/18/15 18:00,-3.029004,-64.833174
4,93,02/19/15 00:00,-3.028713,-64.832933
4,93,02/19/15 06:00,-3.028826,-64.833668
4,93,02/19/15 12:00,-3.028438,-64.833328
4,93,02/19/15 18:00,-3.028093,-64.833508
4,93,02/20/15 00:00,-3.026604,-64.833369
4,93,02/20/15 06:00,-3.026101,-64.833746
4,93,02/20/15 12:00,-3.026469,-64.832617
4,93,02/20/15 18:00,-3.026597,-64.832934
4,93,02/21/15 00:00,-3.02605,-64.833838
4,93,02/21/15 06:00,-3.025376,-64.833762
4,93,02/21/15 12:00,-3.025902,-64.834059
4,93,02/21/15 18:00,-3.026262,-64.833703
4,93,02/22/15 00:00,-3.0261,-64.834021
4,93,02/22/15 06:00,-3.025527,-64.834383
4,93,02/22/15 12:00,-3.025569,-64.834531
4,93,02/22/15 18:00,-3.026074,-64.835039
4,93,02/23/15 00:00,-3.026686,-64.834798
4,93,02/23/15 06:00,-3.027133,-64.833532
4,93,02/23/15 12:00,-3.02715,-64.834059
4,93,02/23/15 18:00,-3.026784,-64.834822
4,93,02/24/15 00:00,-3.026863,-64.834539
4,93,02/24/15 06:00,-3.02717,-64.834796
4,93,02/24/15 12:00,-3.026487,-64.834051
4,93,02/24/15 18:00,-3.026855,-64.834776
4,93,02/25/15 00:00,-3.026703,-64.834995
4,93,02/25/15 06:00,-3.026685,-64.835171
4,93,02/25/15 12:00,-3.026717,-64.835142
4,93,02/25/15 18:00,-3.026618,-64.835521
4,93,02/26/15 00:00,-3.026776,-64.835849
4,93,02/26/15 06:00,-3.027868,-64.835026
4,93,02/26/15 12:00,-3.027674,-64.83496
4,93,02/26/15 18:00,-3.027371,-64.834861
4,93,02/27/15 00:00,-3.027232,-64.836216
4,93,02/27/15 06:00,-3.025874,-64.835979
4,93,02/27/15 12:00,-3.026475,-64.836426
4,93,02/27/15 18:00,-3.026138,-64.835911
4,93,02/28/15 00:00,-3.027445,-64.834876
4,93,02/28/15 06:00,-3.027626,-64.835039
4,93,02/28/15 12:00,-3.028451,-64.834308
4,93,02/28/15 18:00,-3.028991,-64.834085
4,93,03/01/15 00:00,-3.029458,-64.835145
4,93,03/01/15 06:00,-3.030624,-64.83539
4,93,03/01/15 12:00,-3.029681,-64.835658
4,93,03/01/15 18:00,-3.029492,-64.835412
4,93,03/02/15 00:00,-3.029664,-64.835546
4,93,03/02/15 06:00,-3.029856,-64.835373
4,93,03/02/15 12:00,-3.031472,-64.835012
4,93,03/02/15 18:00,-3.032268,-64.835039
4,93,03/03/15 00:00,-3.031724,-64.835043
4,93,03/03/15 06:00,-3.031054,-64.834438
4,93,03/03/15 12:00,-3.031702,-64.834218
4,93,03/03/15 18:00,-3.031867,-64.834285
4,93,03/04/15 00:00,-3.03146,-64.835467
4,93,03/04/15 06:00,-3.031135,-64.835029
4,93,03/04/15 12:00,-3.031341,-64.835898
4,93,03/04/15 18:00,-3.031824,-64.836651
4,93,03/05/15 00:00,-3.033414,-64.835879
4,93,03/05/15 06:00,-3.033635,-64.836038
4,93,03/05/15 12:00,-3.034161,-64.836595
4,93,03/05/15 18:00,-3.034558,-64.836872
4,93,03/06/15 00:00,-3.034236,-64.837851
4,93,03/06/15 06:00,-3.034574,-64.837788
3,93,03/06/15 12:00,-3.035213,-64.837645
3,93,03/06/15 18:00,-3.035328,-64.838754
3,93,03/07/15 00:00,-3.035015,-64.839337
3,93,03/07/15 06:00,-3.03607,-64.839858
3,93,03/07/15 12:00,-3.035977,-64.839215
3,93,03/07/15 18:00,-3.036361,-64.839263
3,93,03/08/15 00:00,-3.036057,-64.838583
3,93,03/08/15 06:00,-3.036163,-64.838476
3,93,03/08/15 12:00,-3.036296,-64.838204
3,93,03/08/15 18:00,-3.036482,-64.837218
3,93,03/09/15 00:00,-3.037556,-64.837992
3,93,03/09/15 06:00,-3.037825,-64.837716
3,93,03/09/15 12:00,-3.038427,-64.838062
3,93,03/09/15 18:00,-3.038345,-64.838098
3,93,03/10/15 00:00,-3.039467,-64.837295
3,93,03/10/15 06:00,-3.038862,-64.837147
3,93,03/10/15 12:00,-3.038699,-64.837015
3,93,03/10/15 18:00,-3.039285,-64.836845
3,93,03/11/15 00:00,-3.039147,-64.837358
3,93,03/11/15 06:00,-3.040362,-64.837555
3,93,03/11/15 12:00,-3.040803,-64.837683
3,93,03/11/15 18:00,-3.040902,-64.837847
3,93,03/12/15 00:00,-3.041081,-64.836957
3,93,03/12/15 06:00,-3.041452,-64.837829
3,93,03/12/15 12:00,-3.042021,-64.837959
3,93,03/12/15 18:00,-3.041501,-64.838644
3,93,03/13/15 00:00,-3.042594,-64.838624
3,93,03/13/15 06:00,-3.042541,-64.838417
3,93,03/13/15 12:00,-3.042638,-64.839124
3,93,03/13/15 18:00,-3.043782,-64.839138
3,93,03/14/15 00:00,-3.044392,-64.838925
3,93,03/14/15 06:00,-3.044934,-64.839656
3,93,03/14/15 12:00,-3.045914,-64.839078
3,93,03/14/15 18:00,-3.046582,-64.838229
3,93,03/15/15 00:00,-3.047468,-64.837654
3,93,03/15/15 06:00,-3.047792,-64.837436
3,93,03/15/15 12:00,-3.047952,-64.838095
3,93,03/15/15 18:00,-3.048559,-64.837923
3,93,03/16/15 00:00,-3.048794,-64.838474
3,93,03/16/15 06:00,-3.049956,-64.838662
3,93,03/16/15 12:00,-3.050791,-64.838207
3,93,03/16/15 18:00,-3.050555,-64.838658
3,93,03/17/15 00:00,-3.051166,-64.838451
3,93,03/17/15 06:00,-3.051512,-64.83897
3,93,03/17/15 12:00,-3.051285,-64.838914
3,93,03/17/15 18:00,-3.051883,-64.839625
3,93,03/18/15 00:00,-3.051531,-64.8395
3,93,03/18/15 06:00,-3.052121,-64.838727
3,93,03/18/15 12:00,-3.052261,-64.839303
3,93,03/18/15 18:00,-3.052426,-64.839279
3,93,03/19/15 00:00,-3.05333,-64.83976
3,93,03/19/15 06:00,-3.053404,-64.840699
3,93,03/19/15 12:00,-3.053705,-64.840134
3,93,03/19/15 18:00,-3.054412,-64.840635
3,93,03/20/15 00:00,-3.055247,-64.840804
3,93,03/20/15 06:00,-3.056567,-64.840773
3,93,03/20/15 12:00,-3.055867,-64.84127
3,93,03/20/15 18:00,-3.056572,-64.841428
3,93,03/21/15 00:00,-3.057063,-64.842116
3,93,03/21/15 06:00,-3.05791,-64.841807
3,93,03/21/15 12:00,-3.057923,-64.842443
3,93,03/21/15 18:00,-3.057567,-64.842137
3,93,03/22/15 00:00,-3.057336,-64.84235
3,93,03/22/15 06:00,-3.057531,-64.842479
3,93,03/22/15 12:00,-3.057622,-64.842879
3,93,03/22/15 18:00,-3.057719,-64.843423
3,93,03/23/15 00:00,-3.058096,-64.843671
3,93,03/23/15 06:00,-3.058389,-64.842871
3,93,03/23/15 12:00,-3.058913,-64.843163
3,93,03/23/15 18:00,-3.059363,-64.84384
3,93,03/24/15 00:00,-3.059745,-64.843673
3,93,03/24/15 06:00,-3.059248,-64.844114
3,93,03/24/15 12:00,-3.059565,-64.843392
3,93,03/24/15 18:00,-3.059606,-64.843734
3,93,03/25/15 00:00,-3.060185,-64.843883
3,93,03/25/15 06:00,-3.06051,-64.843543
3,93,03/25/15 12:00,-3.060711,-64.843664
3,93,03/25/15 18:00,-3.061173,-64.843086
3,93,03/26/15 00:00,-3.06164,-64.843833
3,93,03/26/15 06:00,-3.062521,-64.844152
3,93,03/26/15 12:00,-3.063739,-64.843731
3,93,03/26/15 18:00,-3.063526,-64.84403
3,93,03/27/15 00:00,-3.064945,-64.843937
3,93,03/27/15 06:00,-3.065223,-64.844512
3,93,03/27/15 12:00,-3.066125,-64.844339
3,93,03/27/15 18:00,-3.066868,-64.844756
3,93,03/28/15 00:00,-3.067243,-64.845685
3,93,03/28/15 06:00,-3.068739,-64.846039
3,93,03/28/15 12:00,-3.069546,-64.845822
3,93,03/28/15 18:00,-3.070565,-64.845649
3,93,03/29/15 00:00,-3.070481,-64.845818
3,93,03/29/15 06:00,-3.07021,-64.845674
3,93,03/29/15 12:00,-3.071559,-64.845601
3,93,03/29/15 18:00,-3.072572,-64.846111
3,93,03/30/15 00:00,-3.07471,-64.845789
3,93,03/30/15 06:00,-3.074741,-64.845199
3,93,03/30/15 12:00,-3.075622,-64.845926
3,93,03/30/15 18:00,-3.075975,-64.846128
3,93,03/31/15 00:00,-3.075727,-64.846934
3,93,03/31/15 06:00,-3.076259,-64.847727
3,93,03/31/15 12:00,-3.078074,-64.847443
3,93,03/31/15 18:00,-3.077109,-64.847553
3,93,04/01/15 00:00,-3.077773,-64.848162
3,93,04/01/15 06:00,-3.078204,-64.849223
3,93,04/01/15 12:00,-3.078627,-64.848342
3,93,04/01/15 18:00,-3.079372,-64.849302
3,93,04/02/15 00:00,-3.0806,-64.84959
3,93,04/02/15 06:00,-3.081504,-64.849153
3,93,04/02/15 12:00,-3.082198,-64.8491
3,93,04/02/15 18:00,-3.081809,-64.849276
3,93,04/03/15 00:00,-3.082827,-64.849525
3,93,04/03/15 06:00,-3.08237,-64.850219
3,93,04/03/15 12:00,-3.082478,-64.849753
3,93,04/03/15 18:00,-3.082442,-64.851448
3,93,04/04/15 00:00,-3.083437,-64.851103
3,93,04/06/15 00:00,-3.074142,-64.838612
3,93,04/06/15 06:00,-3.076076,-64.83824
3,93,04/06/15 12:00,-3.074645,-64.837616
3,93,04/06/15 18:00,-3.074607,-64.837169
3,93,04/07/15 00:00,-3.075461,-64.835631
3,93,04/07/15 06:00,-3.075071,-64.835431
3,93,04/07/15 12:00,-3.074487,-64.833744
3,93,04/07/15 18:00,-3.07433,-64.832986
3,93,04/08/15 00:00,-3.074192,-64.831983
3,93,04/08/15 06:00,-3.074423,-64.831319
3,93,04/08/15 12:00,-3.074672,-64.830565
3,93,04/08/15 18:00,-3.074168,-64.829647
3,93,04/09/15 00:00,-3.073595,-64.828541
3,93,04/09/15 06:00,-3.072894,-64.828356
3,93,04/09/15 12:00,-3.072184,-64.827889
3,93,04/09/15 18:00,-3.071906,-64.827412
3,93,04/10/15 00:00,-3.071172,-64.82615
3,93,04/10/15 06:00,-3.072431,-64.824328
3,93,04/10/15 12:00,-3.072783,-64.823854
3,93,04/10/15 18:00,-3.072341,-64.82307
3,93,04/11/15 00:00,-3.072376,-64.822595
3,93,04/11/15 06:00,-3.071532,-64.821948
3,93,04/11/15 12:00,-3.071447,-64.82096
3,93,04/11/15 18:00,-3.071349,-64.81977
3,93,04/12/15 00:00,-3.071387,-64.819197
3,93,04/12/15 06:00,-3.071309,-64.818773
3,93,04/12/15 12:00,-3.071016,-64.817494
3,93,04/12/15 18:00,-3.069071,-64.816911
3,93,04/13/15 00:00,-3.068974,-64.816187
3,93,04/13/15 06:00,-3.069509,-64.815157
3,93,04/13/15 12:00,-3.070163,-64.814419
3,93,04/13/15 18:00,-3.069916,-64.814894
3,93,04/14/15 00:00,-3.07069,-64.814312
3,93,04/14/15 06:00,-3.071345,-64.813698
3,93,04/14/15 12:00,-3.072332,-64.812826
3,93,04/14/15 18:00,-3.071968,-64.812331
3,93,04/15/15 00:00,-3.072095,-64.811668
3,93,04/15/15 06:00,-3.072276,-64.810878
3,93,04/15/15 12:00,-3.072342,-64.809559
3,93,04/15/15 18:00,-3.073065,-64.809644
3,93,04/16/15 00:00,-3.073183,-64.809351
3,93,04/16/15 06:00,-3.072654,-64.808853
3,93,04/16/15 12:00,-3.073058,-64.808076
3,93,04/16/15 18:00,-3.073044,-64.807812
3,93,04/17/15 00:00,-3.073716,-64.806593
3,93,04/17/15 06:00,-3.075366,-64.805551
3,93,04/17/15 12:00,-3.074929,-64.804667
3,93,04/17/15 18:00,-3.075308,-64.803826
3,93,04/18/15 00:00,-3.075955,-64.802879
3,93,04/18/15 06:00,-3.076463,-64.801963
3,93,04/18/15 12:00,-3.075938,-64.801703
3,93,04/18/15 18:00,-3.075421,-64.801092
3,93,04/19/15 00:00,-3.076542,-64.800138
3,93,04/19/15 06:00,-3.076963,-64.799514
3,93,04/19/15 12:00,-3.077546,-64.798873
3,93,04/19/15 18:00,-3.078275,-64.797609
3,93,04/20/15 00:00,-3.078211,-64.796789
3,93,04/20/15 06:00,-3.078565,-64.795645
3,93,04/20/15 12:00,-3.078715,-64.795736
3,93,04/20/15 18:00,-3.079584,-64.795199
3,93,04/21/15 00:00,-3.080542,-64.794159
3,93,04/21/15 06:00,-3.080872,-64.793688
3,93,04/21/15 12:00,-3.082033,-64.792692
3,93,04/21/15 18:00,-3.083631,-64.792023
3,93,04/22/15 00:00,-3.084101,-64.791525
3,93,04/22/15 06:00,-3.08461,-64.789786
3,93,04/22/15 12:00,-3.085341,-64.789057
3,93,04/22/15 18:00,-3.086954,-64.787899
3,93,04/23/15 00:00,-3.087803,-64.788084
3,93,04/23/15 06:00,-3.0883,-64.787472
3,93,04/23/15 12:00,-3.089435,-64.786385
3,93,04/23/15 18:00,-3.089834,-64.786609
3,93,04/24/15 00:00,-3.091321,-64.785819
3,93,04/24/15 06:00,-3.092421,-64.78498
3,93,04/24/15 12:00,-3.094356,-64.784993
3,93,04/24/15 18:00,-3.095284,-64.783899
3,93,04/25/15 00:00,-3.095921,-64.782527
3,93,04/25/15 06:00,-3.097936,-64.780672
3,93,04/25/15 12:00,-3.098907,-64.779886
3,93,04/25/15 18:00,-3.099146,-64.779442
3,93,04/26/15 00:00,-3.10124,-64.777773
3,93,04/26/15 06:00,-3.101026,-64.776537
3,93,04/26/15 12:00,-3.101371,-64.776514
3,93,04/26/15 18:00,-3.102149,-64.776763
3,93,04/27/15 00:00,-3.103405,-64.775375
3,93,04/29/15 00:00,-3.104637,-64.775819
3,93,04/29/15 06:00,-3.102882,-64.775847
3,93,04/29/15 12:00,-3.101242,-64.776333
3,93,04/29/15 18:00,-3.100986,-64.777764
3,93,04/30/15 00:00,-3.101283,-64.778308
3,93,04/30/15 06:00,-3.099693,-64.779009
3,93,04/30/15 12:00,-3.099525,-64.778612
3,93,04/30/15 18:00,-3.099228,-64.778389
3,93,05/01/15 00:00,-3.098783,-64.778749
3,93,05/01/15 06:00,-3.098687,-64.779048
3,93,05/01/15 12:00,-3.099165,-64.780169
3,93,05/01/15 18:00,-3.099825,-64.780358
3,93,05/02/15 00:00,-3.099586,-64.780106
3,93,05/02/15 06:00,-3.098524,-64.780411
3,93,05/02/15 12:00,-3.099245,-64.781155
3,93,05/02/15 18:00,-3.099027,-64.782177
3,93,05/03/15 00:00,-3.099471,-64.782776
3,93,05/06/15 00:00,-3.099925,-64.782543
3,93,05/06/15 06:00,-3.099451,-64.781443
3,93,05/06/15 12:00,-3.097638,-64.780153
3,93,05/06/15 18:00,-3.098063,-64.779492
3,93,05/07/15 00:00,-3.098761,-64.779098
3,93,05/07/15 06:00,-3.097331,-64.779083
3,93,05/07/15 12:00,-3.097412,-64.777647
3,93,05/07/15 18:00,-3.096867,-64.777686
3,93,05/08/15 00:00,-3.096825,-64.777276
3,93,05/08/15 06:00,-3.097577,-64.776767
3,93,05/08/15 12:00,-3.097519,-64.776925
3,93,05/08/15 18:00,-3.096857,-64.776236
3,93,05/09/15 00:00,-3.0966,-64.77605
3,93,05/09/15 06:00,-3.097188,-64.775793
3,93,05/09/15 12:00,-3.09796,-64.775583
3,93,05/09/15 18:00,-3.097108,-64.775229
3,93,05/10/15 00:00,-3.097028,-64.774693
3,93,05/10/15 06:00,-3.09727,-64.775063
3,93,05/10/15 12:00,-3.098017,-64.774237
3,93,05/10/15 18:00,-3.098364,-64.774029
3,93,05/11/15 00:00,-3.097901,-64.773969
3,93,05/11/15 06:00,-3.099024,-64.774281
3,93,05/11/15 12:00,-3.099145,-64.773888
3,93,05/11/15 18:00,-3.10034,-64.774031
3,93,05/14/15 00:00,-3.100048,-64.772922
3,93,05/14/15 06:00,-3.099766,-64.772977
3,93,05/14/15 12:00,-3.099507,-64.773688
3,93,05/14/15 18:00,-3.099066,-64.774946
3,93,05/15/15 00:00,-3.100656,-64.776359
3,93,05/15/15 06:00,-3.102229,-64.778045
3,93,05/15/15 12:00,-3.102594,-64.780125
3,93,05/15/15 18:00,-3.103118,-64.781068
3,93,05/16/15 00:00,-3.103947,-64.782587
3,93,05/16/15 06:00,-3.104217,-64.78422
3,93,05/16/15 12:00,-3.105799,-64.784979
3,93,05/16/15 18:00,-3.106758,-64.786233
3,93,05/17/15 00:00,-3.106964,-64.787558
3,93,05/18/15 00:00,-3.10423,-64.792074
3,93,05/18/15 06:00,-3.10328,-64.792753
3,93,05/18/15 12:00,-3.101145,-64.793611
3,93,05/18/15 18:00,-3.099732,-64.794339
3,93,05/19/15 00:00,-3.097972,-64.794081
3,93,05/19/15 06:00,-3.095868,-64.795211
3,93,05/19/15 12:00,-3.09313,-64.796794
3,93,05/19/15 18:00,-3.092635,-64.797836
3,93,05/20/15 00:00,-3.091561,-64.798127
3,93,05/20/15 06:00,-3.090921,-64.799138
3,93,05/20/15 12:00,-3.087617,-64.800183
3,93,05/20/15 18:00,-3.086335,-64.801074
3,93,05/21/15 00:00,-3.084642,-64.80155
3,93,05/21/15 06:00,-3.083661,-64.802451
3,93,05/21/15 12:00,-3.083005,-64.80333
3,93,05/21/15 18:00,-3.081557,-64.803903
3,93,05/22/15 00:00,-3.080982,-64.804261
3,93,05/22/15 06:00,-3.079182,-64.80523
3,93,05/22/15 12:00,-3.078156,-64.805509
3,93,05/22/15 18:00,-3.077741,-64.805522
3,93,05/23/15 00:00,-3.075535,-64.80654
3,93,05/23/15 06:00,-3.073537,-64.806651
3,93,05/23/15 12:00,-3.07179,-64.807375
3,93,05/23/15 18:00,-3.070506,-64.808272
3,93,05/24/15 00:00,-3.069444,-64.808493
3,93,05/24/15 06:00,-3.067865,-64.80941
3,93,05/24/15 12:00,-3.066694,-64.809817
3,93,05/24/15 18:00,-3.065392,-64.810379
3,93,05/25/15 00:00,-3.064139,-64.811082
3,93,05/25/15 06:00,-3.063366,-64.811184
3,93,05/25/15 12:00,-3.061164,-64.8122
3,93,05/25/15 18:00,-3.060793,-64.813016
3,93,05/26/15 00:00,-3.058688,-64.813519
3,93,05/26/15 06:00,-3.056921,-64.81404
3,93,05/26/15 12:00,-3.056539,-64.813899
3,93,05/26/15 18:00,-3.054396,-64.813751
3,93,05/27/15 00:00,-3.053681,-64.813498
3,93,05/27/15 06:00,-3.052357,-64.814156
3,93,05/27/15 12:00,-3.051118,-64.814912
3,93,05/27/15 18:00,-3.05112,-64.815593
3,93,05/28/15 00:00,-3.049483,-64.816962
3,93,05/28/15 06:00,-3.0489,-64.81726
3,93,05/28/15 12:00,-3.047985,-64.817521
3,93,05/28/15 18:00,-3.047303,-64.818431
3,93,05/29/15 00:00,-3.046925,-64.819029
3,93,05/29/15 06:00,-3.045209,-64.819333
3,93,05/29/15 12:00,-3.044313,-64.81993
3,93,05/29/15 18:00,-3.044464,-64.820957
3,93,05/30/15 00:00,-3.044165,-64.821272
4,93,05/30/15 06:00,-3.04347,-64.82154
4,93,05/30/15 12:00,-3.04226,-64.822337
4,93,05/30/15 18:00,-3.041814,-64.8227
4,93,05/31/15 00:00,-3.04247,-64.823541
4,93,05/31/15 06:00,-3.042237,-64.824154
4,93,05/31/15 12:00,-3.041705,-64.824192
4,93,05/31/15 18:00,-3.040009,-64.82445
4,93,06/01/15 00:00,-3.038385,-64.824462
4,93,06/01/15 06:00,-3.038636,-64.825705
4,93,06/01/15 12:00,-3.037828,-64.825777
4,93,06/05/15 06:00,-3.027942,-64.828056
4,93,06/06/15 12:00,-3.033239,-64.827234
4,93,06/06/15 18:00,-3.03133,-64.82613
4,93,06/07/15 00:00,-3.032756,-64.824376
4,93,06/07/15 06:00,-3.031521,-64.824113
4,93,06/07/15 12:00,-3.032292,-64.8224
4,93,06/07/15 18:00,-3.031243,-64.821393
4,93,06/08/15 00:00,-3.031237,-64.820505
4,93,06/08/15 06:00,-3.031721,-64.818559
4,93,06/08/15 12:00,-3.031605,-64.817467
4,93,06/08/15 18:00,-3.032693,-64.817279
4,93,06/09/15 00:00,-3.032365,-64.815915
4,93,06/09/15 06:00,-3.032553,-64.814175
4,93,06/09/15 12:00,-3.0338,-64.812526
4,93,06/09/15 18:00,-3.034884,-64.81173
4,93,06/11/15 18:00,-3.02904,-64.829194
4,93,06/12/15 00:00,-3.026938,-64.831278
4,93,06/12/15 06:00,-3.025119,-64.833318
4,93,06/12/15 12:00,-3.02283,-64.835548
4,93,06/12/15 18:00,-3.022188,-64.836874
4,93,06/13/15 00:00,-3.02011,-64.838647
4,93,06/13/15 06:00,-3.017633,-64.839707
4,93,06/13/15 12:00,-3.016768,-64.841722
4,93,06/13/15 18:00,-3.015628,-64.84363
4,93,06/14/15 00:00,-3.01432,-64.845512
4,93,06/14/15 06:00,-3.012295,-64.847464
4,93,06/14/15 12:00,-3.011372,-64.849471
4,93,06/15/15 00:00,-3.010527,-64.849308
4,93,06/15/15 06:00,-3.010674,-64.85033
4,93,06/15/15 12:00,-3.011158,-64.849599
4,93,06/15/15 18:00,-3.013572,-64.849986
4,93,06/16/15 00:00,-3.014615,-64.848686
4,93,06/16/15 06:00,-3.014331,-64.84877
4,93,06/16/15 12:00,-3.01478,-64.84837
4,93,06/16/15 18:00,-3.016262,-64.847756
4,93,06/17/15 00:00,-3.015897,-64.847674
4,93,06/17/15 06:00,-3.016565,-64.847276
4,93,06/17/15 12:00,-3.018136,-64.846985
4,93,06/17/15 18:00,-3.018134,-64.846874
4,93,06/18/15 00:00,-3.019804,-64.846024
4,93,06/18/15 06:00,-3.020274,-64.845615
4,93,06/18/15 12:00,-3.021591,-64.845615
4,93,06/18/15 18:00,-3.021783,-64.846029
4,93,06/19/15 00:00,-3.023529,-64.845756
4,93,06/19/15 06:00,-3.025082,-64.845513
4,93,06/19/15 12:00,-3.026222,-64.845364
4,93,06/19/15 18:00,-3.027516,-64.845224
4,93,06/20/15 00:00,-3.028273,-64.844435
4,93,06/20/15 06:00,-3.0293,-64.843797
4,93,06/20/15 12:00,-3.032055,-64.843538
4,93,06/20/15 18:00,-3.033866,-64.843601
4,93,06/21/15 00:00,-3.036661,-64.8425
3,93,06/21/15 06:00,-3.038742,-64.842014
3,93,06/21/15 12:00,-3.039936,-64.840868
3,93,06/23/15 00:00,-3.049444,-64.833048
3,93,06/23/15 18:00,-3.058387,-64.821817
3,93,06/24/15 00:00,-3.064677,-64.81986
3,93,06/24/15 18:00,-3.063198,-64.817191
3,93,06/25/15 00:00,-3.063063,-64.818262
3,93,06/25/15 06:00,-3.062298,-64.818123
3,93,06/25/15 12:00,-3.06109,-64.818606
3,93,06/25/15 18:00,-3.061257,-64.819528
3,93,06/26/15 00:00,-3.060613,-64.820343
3,93,06/26/15 06:00,-3.059972,-64.821487
3,93,06/26/15 12:00,-3.059038,-64.82144
3,93,06/26/15 18:00,-3.058646,-64.823232
3,93,06/27/15 00:00,-3.058059,-64.823463
3,93,06/27/15 06:00,-3.056174,-64.823766
3,93,06/27/15 12:00,-3.055733,-64.823859
3,93,06/27/15 18:00,-3.055414,-64.824805
3,93,06/28/15 00:00,-3.054422,-64.824689
3,93,06/28/15 06:00,-3.055093,-64.824541
3,93,06/28/15 12:00,-3.054791,-64.824385
3,93,06/28/15 18:00,-3.053116,-64.824816
3,93,06/29/15 00:00,-3.052959,-64.824908
3,93,06/29/15 06:00,-3.052243,-64.82568
3,93,06/29/15 12:00,-3.05303,-64.825399
3,93,06/29/15 18:00,-3.051944,-64.825876
3,93,06/30/15 00:00,-3.051195,-64.825664
3,93,06/30/15 06:00,-3.051257,-64.826776
3,93,06/30/15 12:00,-3.049646,-64.8279
3,93,06/30/15 18:00,-3.0501,-64.828853
3,93,07/01/15 00:00,-3.05039,-64.829301
3,93,07/01/15 06:00,-3.04973,-64.829424
3,93,07/01/15 12:00,-3.049377,-64.829771
3,93,07/01/15 18:00,-3.048177,-64.830598
3,93,07/02/15 00:00,-3.0484,-64.83109
3,93,07/02/15 06:00,-3.04777,-64.832088
3,93,07/02/15 12:00,-3.046655,-64.83291
3,93,07/02/15 18:00,-3.046033,-64.833545
3,93,07/03/15 00:00,-3.044658,-64.834362
3,93,07/03/15 06:00,-3.043966,-64.834438
3,93,07/03/15 12:00,-3.043733,-64.835412
3,93,07/03/15 18:00,-3.043891,-64.836084
3,93,07/04/15 00:00,-3.043432,-64.836492
3,93,07/04/15 06:00,-3.043245,-64.837377
3,93,07/04/15 12:00,-3.043588,-64.837759
3,93,07/04/15 18:00,-3.042735,-64.838296
3,93,07/05/15 00:00,-3.042899,-64.838773
3,93,07/05/15 06:00,-3.043331,-64.83897
3,93,07/05/15 12:00,-3.042391,-64.840097
3,93,07/05/15 18:00,-3.043495,-64.84036
3,93,07/06/15 00:00,-3.043172,-64.84154
3,93,07/06/15 06:00,-3.042571,-64.842476
3,93,07/06/15 12:00,-3.043931,-64.843327
4,93,07/06/15 18:00,-3.042695,-64.84419
4,93,07/07/15 00:00,-3.042545,-64.843897
4,93,07/07/15 06:00,-3.042114,-64.843725
4,93,07/07/15 12:00,-3.042325,-64.844826
4,93,07/07/15 18:00,-3.042688,-64.844659
4,93,07/08/15 00:00,-3.041556,-64.845507
4,93,07/08/15 06:00,-3.040535,-64.845326
4,93,07/08/15 12:00,-3.039635,-64.845484
4,93,07/08/15 18:00,-3.039485,-64.84518
4,93,07/09/15 00:00,-3.039426,-64.845587
4,93,07/09/15 06:00,-3.03991,-64.846614
4,93,07/09/15 12:00,-3.040228,-64.846463
4,93,07/09/15 18:00,-3.040736,-64.846839
4,93,07/10/15 00:00,-3.040275,-64.84663
4,93,07/10/15 06:00,-3.040022,-64.846831
4,93,07/10/15 12:00,-3.039493,-64.847187
4,93,07/10/15 18:00,-3.039694,-64.847997
4,93,07/11/15 00:00,-3.03986,-64.848171
4,93,07/11/15 06:00,-3.038977,-64.849522
4,93,07/11/15 12:00,-3.038801,-64.849981
4,93,07/11/15 18:00,-3.037486,-64.850468
4,93,07/12/15 00:00,-3.03646,-64.851084
4,93,07/12/15 06:00,-3.036706,-64.851575
4,93,07/12/15 12:00,-3.036146,-64.851654
4,93,07/15/15 00:00,-3.02835,-64.852419
4,93,07/16/15 00:00,-3.021021,-64.843147
4,93,07/16/15 06:00,-3.020843,-64.843093
4,93,07/16/15 12:00,-3.021257,-64.842653
4,93,07/16/15 18:00,-3.02228,-64.842424
4,93,07/17/15 00:00,-3.023758,-64.841763
4,93,07/17/15 06:00,-3.022952,-64.841362
4,93,07/17/15 12:00,-3.022656,-64.840358
4,93,07/17/15 18:00,-3.022522,-64.839937
4,93,07/18/15 00:00,-3.021504,-64.839659
4,93,07/18/15 06:00,-3.022162,-64.838636
4,93,07/18/15 12:00,-3.02199,-64.838067
4,93,07/18/15 18:00,-3.022351,-64.83703
4,93,07/19/15 00:00,-3.021989,-64.836485
4,93,07/19/15 06:00,-3.02261,-64.835488
4,93,07/19/15 12:00,-3.023596,-64.834843
4,93,07/19/15 18:00,-3.023893,-64.834146
4,93,07/20/15 00:00,-3.024399,-64.833781
4,93,07/20/15 06:00,-3.024571,-64.833198
4,93,07/20/15 12:00,-3.025283,-64.832715
4,93,07/20/15 18:00,-3.026427,-64.831985
4,93,07/21/15 00:00,-3.027023,-64.831467
4,93,07/21/15 06:00,-3.02768,-64.830956
4,93,07/21/15 12:00,-3.028352,-64.830413
4,93,07/21/15 18:00,-3.029706,-64.830189
4,93,07/22/15 00:00,-3.031506,-64.829141
4,93,07/22/15 06:00,-3.03173,-64.828069
4,93,07/22/15 12:00,-3.032688,-64.8278
4,93,07/22/15 18:00,-3.034275,-64.826571
4,93,07/23/15 00:00,-3.035357,-64.825494
4,93,07/23/15 06:00,-3.035974,-64.825827
4,93,07/23/15 12:00,-3.037433,-64.824711
4,93,07/23/15 18:00,-3.038133,-64.82436
4,93,07/24/15 00:00,-3.040593,-64.823715
4,93,07/24/15 06:00,-3.040396,-64.823477
4,93,07/25/15 00:00,-3.040716,-64.823946
4,93,07/25/15 06:00,-3.042479,-64.82345
3,93,07/25/15 12:00,-3.04538,-64.822112
3,93,07/25/15 18:00,-3.046401,-64.82123
3,93,07/26/15 00:00,-3.049184,-64.820141
3,93,07/26/15 06:00,-3.051149,-64.818221
3,93,07/26/15 12:00,-3.053001,-64.817163
3,93,07/26/15 18:00,-3.05548,-64.815836
3,93,07/27/15 00:00,-3.057623,-64.813899
3,93,07/27/15 06:00,-3.060733,-64.812554
3,93,07/27/15 12:00,-3.063203,-64.810921
3,93,07/27/15 18:00,-3.065388,-64.808781
1,95,01/25/15 14:55,-3.067766,-64.875577
1,95,01/25/15 16:56,-3.067197,-64.876427
1,95,01/25/15 18:57,-3.0657,-64.877275
1,95,01/25/15 20:58,-3.065199,-64.878368
1,95,01/25/15 22:59,-3.064306,-64.878937
1,95,01/26/15 01:00,-3.06306,-64.879418
1,95,01/26/15 03:01,-3.06221,-64.880348
1,95,01/26/15 05:02,-3.061593,-64.880898
1,95,01/26/15 07:03,-3.061178,-64.881401
1,95,01/26/15 09:04,-3.060364,-64.881803
1,95,01/26/15 11:05,-3.059527,-64.88266
1,95,01/26/15 13:06,-3.058751,-64.883499
1,95,01/26/15 15:07,-3.058153,-64.884389
1,95,01/26/15 17:08,-3.057251,-64.884767
1,95,01/26/15 19:09,-3.057108,-64.885188
1,95,01/26/15 21:10,-3.056248,-64.885773
1,95,01/26/15 23:11,-3.055492,-64.886665
1,95,01/27/15 01:12,-3.054294,-64.887011
1,95,01/27/15 03:13,-3.053832,-64.887516
1,95,01/27/15 05:14,-3.053898,-64.887671
1,95,01/27/15 07:15,-3.053438,-64.888427
1,95,01/27/15 09:16,-3.052705,-64.888913
1,95,01/27/15 11:17,-3.051959,-64.889723
1,95,01/27/15 13:18,-3.051588,-64.890145
1,95,01/27/15 15:19,-3.051181,-64.890615
1,95,01/27/15 17:20,-3.050556,-64.891349
1,95,01/27/15 19:21,-3.050022,-64.891889
1,95,01/27/15 21:22,-3.049208,-64.892617
1,95,01/27/15 23:23,-3.048948,-64.892853
1,95,01/28/15 01:24,-3.048401,-64.892823
1,95,01/28/15 03:25,-3.04788,-64.893722
1,95,01/28/15 05:26,-3.047414,-64.893982
1,95,01/28/15 07:27,-3.046484,-64.894236
1,95,01/28/15 09:28,-3.045949,-64.894865
1,95,01/28/15 11:29,-3.045341,-64.895115
1,95,01/28/15 13:30,-3.044739,-64.895771
1,95,01/28/15 15:31,-3.044238,-64.896413
1,95,01/28/15 17:32,-3.04363,-64.89727
1,95,01/28/15 19:33,-3.043264,-64.898005
1,95,01/28/15 21:34,-3.042696,-64.898214
1,95,01/28/15 23:35,-3.042049,-64.898671
1,95,01/29/15 01:36,-3.041344,-64.899264
1,95,01/29/15 03:37,-3.040733,-64.899721
1,95,01/29/15 05:38,-3.040374,-64.899915
1,95,01/29/15 07:39,-3.039942,-64.900278
1,95,01/29/15 09:40,-3.039307,-64.900512
1,95,01/29/15 11:41,-3.038717,-64.901032
1,95,01/29/15 13:42,-3.03794,-64.901584
1,95,01/29/15 15:43,-3.037511,-64.902077
1,95,01/29/15 17:44,-3.037316,-64.902239
1,95,01/29/15 19:45,-3.03691,-64.90274
1,95,01/29/15 21:46,-3.036398,-64.903485
1,95,01/29/15 23:47,-3.035678,-64.903877
1,95,01/30/15 01:48,-3.03522,-64.904331
1,95,01/30/15 03:49,-3.034784,-64.904316
1,95,01/30/15 05:50,-3.034037,-64.905172
1,95,01/30/15 07:51,-3.033489,-64.905641
1,95,01/30/15 09:52,-3.033046,-64.906238
1,95,01/30/15 11:53,-3.032607,-64.906595
1,95,01/30/15 13:54,-3.032286,-64.90686
1,95,01/30/15 15:55,-3.031918,-64.907534
1,95,01/30/15 17:56,-3.031424,-64.908029
1,95,01/30/15 19:57,-3.030996,-64.908462
1,95,01/30/15 21:58,-3.030768,-64.908968
1,95,01/30/15 23:59,-3.0307,-64.909191
1,95,01/31/15 02:00,-3.029929,-64.909551
1,95,01/31/15 04:01,-3.029584,-64.909902
1,95,01/31/15 06:02,-3.029068,-64.910488
1,95,01/31/15 08:03,-3.02867,-64.910799
1,95,01/31/15 10:04,-3.028229,-64.91072
1,95,01/31/15 12:05,-3.027602,-64.911433
1,95,01/31/15 14:06,-3.026856,-64.912071
1,95,01/31/15 16:07,-3.026177,-64.912379
1,95,01/31/15 18:08,-3.025704,-64.912512
1,95,01/31/15 20:09,-3.025289,-64.912549
1,95,01/31/15 22:10,-3.02489,-64.913098
1,95,02/01/15 00:11,-3.024233,-64.913297
1,95,02/01/15 02:12,-3.023733,-64.91352
1,95,02/01/15 04:13,-3.023331,-64.913923
1,95,02/01/15 06:14,-3.022994,-64.913974
1,95,02/01/15 08:15,-3.022822,-64.914343
1,95,02/01/15 10:16,-3.022489,-64.914649
1,95,02/01/15 12:17,-3.021814,-64.914691
1,95,02/01/15 14:18,-3.021704,-64.914695
1,95,02/01/15 16:19,-3.021552,-64.914811
1,95,02/01/15 18:20,-3.021019,-64.915383
1,95,02/01/15 20:21,-3.020808,-64.915916
1,95,02/01/15 22:22,-3.020166,-64.916048
1,95,02/02/15 00:23,-3.019932,-64.916293
1,95,02/02/15 02:24,-3.019709,-64.916228
1,95,02/02/15 04:25,-3.019295,-64.916672
1,95,02/02/15 06:26,-3.019014,-64.91709
1,95,02/02/15 08:27,-3.018777,-64.917121
1,95,02/02/15 10:28,-3.018612,-64.917241
1,95,02/02/15 12:29,-3.018592,-64.917215
1,95,02/02/15 14:30,-3.018317,-64.917567
1,95,02/02/15 16:31,-3.018098,-64.917878
1,95,02/02/15 18:32,-3.01818,-64.918162
1,95,02/02/15 20:33,-3.018152,-64.918553
1,95,02/02/15 22:34,-3.017824,-64.918618
1,95,02/03/15 00:35,-3.01773,-64.919249
1,95,02/03/15 02:36,-3.017372,-64.919778
1,95,02/03/15 04:37,-3.016849,-64.919979
1,95,02/03/15 06:38,-3.016998,-64.920193
1,95,02/03/15 08:39,-3.016801,-64.919713
1,95,02/03/15 10:40,-3.016683,-64.919874
1,95,02/03/15 12:41,-3.016492,-64.920367
1,95,02/03/15 14:42,-3.016276,-64.920264
1,95,02/03/15 16:43,-3.015979,-64.920313
1,95,02/03/15 18:44,-3.016,-64.920266
1,95,02/03/15 20:45,-3.015816,-64.920388
1,95,02/03/15 22:46,-3.015612,-64.920742
1,95,02/04/15 00:47,-3.014977,-64.921112
1,95,02/04/15 02:48,-3.015058,-64.921256
1,95,02/04/15 04:49,-3.015376,-64.921114
1,95,02/04/15 06:50,-3.01541,-64.921248
1,95,02/04/15 08:51,-3.015487,-64.921554
1,95,02/04/15 10:52,-3.015282,-64.921812
1,95,02/04/15 12:53,-3.01522,-64.921918
1,95,02/04/15 14:54,-3.014847,-64.921742
1,95,02/04/15 16:55,-3.014646,-64.921807
1,95,02/04/15 18:56,-3.014458,-64.922225
1,95,02/04/15 20:57,-3.014333,-64.922297
1,95,02/04/15 22:58,-3.014401,-64.922294
1,95,02/05/15 00:59,-3.014311,-64.922214
1,95,02/05/15 03:00,-3.014332,-64.922986
1,95,02/05/15 05:01,-3.014036,-64.923306
1,95,02/05/15 07:02,-3.013977,-64.923071
1,95,02/05/15 09:03,-3.014132,-64.923194
1,95,02/05/15 11:04,-3.014294,-64.922655
1,95,02/05/15 13:05,-3.014013,-64.922769
1,95,02/05/15 15:06,-3.013797,-64.922893
1,95,02/05/15 17:07,-3.013541,-64.923002
1,95,02/05/15 19:08,-3.013764,-64.922984
1,95,02/05/15 21:09,-3.013757,-64.92285
1,95,02/05/15 23:10,-3.013719,-64.922992
1,95,02/06/15 01:11,-3.013596,-64.923161
1,95,02/06/15 03:12,-3.013604,-64.923163
1,95,02/06/15 05:13,-3.013621,-64.923115
1,95,02/06/15 07:14,-3.013671,-64.922664
1,95,02/06/15 09:15,-3.013717,-64.922439
1,95,02/06/15 11:16,-3.013866,-64.922315
1,95,02/06/15 13:17,-3.013689,-64.922121
1,95,02/06/15 15:18,-3.013437,-64.922112
1,95,02/06/15 17:19,-3.013516,-64.921983
1,95,02/06/15 19:20,-3.013458,-64.921964
1,95,02/06/15 21:21,-3.013378,-64.922061
1,95,02/06/15 23:22,-3.013039,-64.921784
1,95,02/07/15 01:23,-3.013319,-64.921663
1,95,02/07/15 03:24,-3.01329,-64.921195
1,95,02/07/15 05:25,-3.013771,-64.921144
1,95,02/07/15 07:26,-3.013655,-64.921136
1,95,02/07/15 09:27,-3.013075,-64.92101
1,95,02/07/15 11:28,-3.013427,-64.920964
1,95,02/07/15 13:29,-3.013572,-64.920675
1,95,02/07/15 15:30,-3.013867,-64.920516
1,95,02/07/15 17:31,-3.013908,-64.920693
1,95,02/07/15 19:32,-3.014084,-64.920674
1,95,02/07/15 21:33,-3.014139,-64.920317
1,95,02/07/15 23:34,-3.014362,-64.920162
1,95,02/08/15 01:35,-3.014223,-64.920464
1,95,02/08/15 03:36,-3.014074,-64.920733
1,95,02/08/15 05:37,-3.013813,-64.921031
1,95,02/08/15 07:38,-3.014125,-64.920889
1,95,02/08/15 09:39,-3.014212,-64.92085
1,95,02/08/15 11:40,-3.014429,-64.920595
1,95,02/08/15 13:41,-3.014344,-64.920587
1,95,02/08/15 15:42,-3.014537,-64.920479
1,95,02/08/15 17:43,-3.014721,-64.920332
1,95,02/08/15 19:44,-3.014724,-64.920055
1,95,02/08/15 21:45,-3.014865,-64.919828
1,95,02/08/15 23:46,-3.015026,-64.92015
1,95,02/09/15 01:47,-3.015028,-64.919855
1,95,02/09/15 03:48,-3.015165,-64.919455
1,95,02/09/15 05:49,-3.015498,-64.919219
1,95,02/09/15 07:50,-3.015927,-64.919103
1,95,02/09/15 09:51,-3.016055,-64.91914
1,95,02/09/15 11:52,-3.016376,-64.919161
1,95,02/09/15 13:53,-3.016374,-64.919047
1,95,02/09/15 15:54,-3.016387,-64.918686
1,95,02/09/15 17:55,-3.016727,-64.918454
1,95,02/09/15 19:56,-3.016819,-64.918637
1,95,02/09/15 21:57,-3.016975,-64.918308
1,95,02/09/15 23:58,-3.017334,-64.918121
1,95,02/10/15 01:59,-3.017693,-64.917908
1,95,02/10/15 04:00,-3.01807,-64.917708
1,95,02/10/15 06:01,-3.018368,-64.917795
1,95,02/10/15 08:02,-3.018634,-64.917646
1,95,02/10/15 10:03,-3.019217,-64.917364
1,95,02/10/15 12:04,-3.019507,-64.917047
1,95,02/10/15 14:05,-3.019875,-64.916746
1,95,02/10/15 16:06,-3.020208,-64.916783
1,95,02/10/15 18:07,-3.020286,-64.916762
1,95,02/10/15 20:08,-3.020538,-64.916423
1,95,02/10/15 22:09,-3.020947,-64.915954
1,95,02/11/15 00:10,-3.021325,-64.915817
1,95,02/11/15 02:11,-3.021626,-64.916182
1,95,02/11/15 04:12,-3.02187,-64.915664
1,95,02/11/15 06:13,-3.022399,-64.915626
1,95,02/11/15 08:14,-3.02305,-64.915283
1,95,02/11/15 10:15,-3.023419,-64.91464
1,95,02/11/15 12:16,-3.023764,-64.914481
1,95,02/11/15 14:17,-3.024102,-64.914295
1,95,02/11/15 16:18,-3.02421,-64.913772
1,95,02/11/15 18:19,-3.024172,-64.913402
1,95,02/11/15 20:20,-3.024647,-64.913125
1,95,02/11/15 22:21,-3.025215,-64.913292
1,95,02/12/15 00:22,-3.025472,-64.912842
1,95,02/12/15 02:23,-3.025949,-64.912495
1,95,02/12/15 04:24,-3.0264,-64.912085
1,95,02/12/15 06:25,-3.026619,-64.911962
1,95,02/12/15 08:26,-3.026712,-64.911999
1,95,02/12/15 10:27,-3.026905,-64.911591
1,95,02/12/15 12:28,-3.027448,-64.911543
1,95,02/12/15 14:29,-3.028189,-64.911172
1,95,02/12/15 16:30,-3.028767,-64.910712
1,95,02/12/15 18:31,-3.029112,-64.910721
1,95,02/12/15 20:32,-3.029467,-64.910468
1,95,02/12/15 22:33,-3.030137,-64.910061
1,95,02/13/15 00:34,-3.030794,-64.90969
1,95,02/13/15 02:35,-3.031353,-64.90917
1,95,02/13/15 04:36,-3.031496,-64.909234
1,95,02/13/15 06:37,-3.031987,-64.909091
1,95,02/13/15 08:38,-3.032253,-64.908816
1,95,02/13/15 10:39,-3.032543,-64.908152
1,95,02/13/15 12:40,-3.032806,-64.907496
1,95,02/13/15 14:41,-3.033176,-64.907387
1,95,02/13/15 16:42,-3.033629,-64.906738
1,95,02/13/15 18:43,-3.034276,-64.90666
1,95,02/13/15 20:44,-3.034742,-64.906183
1,95,02/13/15 22:45,-3.0353,-64.905528
1,95,02/14/15 00:46,-3.035567,-64.905437
1,95,02/14/15 02:47,-3.03609,-64.905101
1,95,02/14/15 04:48,-3.03687,-64.904864
1,95,02/14/15 06:49,-3.037738,-64.904311
1,95,02/14/15 08:50,-3.038317,-64.903672
1,95,02/14/15 10:51,-3.038729,-64.903522
1,95,02/14/15 12:52,-3.039289,-64.903096
1,95,02/14/15 14:53,-3.040127,-64.902615
1,95,02/14/15 16:54,-3.040866,-64.901995
1,95,02/14/15 18:55,-3.041408,-64.901556
1,95,02/14/15 20:56,-3.042025,-64.901353
1,95,02/14/15 22:57,-3.042909,-64.901142
1,95,02/15/15 00:58,-3.043681,-64.900763
1,95,02/15/15 02:59,-3.043906,-64.900126
1,95,02/15/15 05:00,-3.04456,-64.899534
1,95,02/15/15 07:01,-3.04525,-64.899476
1,95,02/15/15 09:02,-3.045668,-64.898892
1,95,02/15/15 11:03,-3.046616,-64.898333
1,95,02/15/15 13:04,-3.047484,-64.897704
1,95,02/15/15 15:05,-3.048068,-64.897361
1,95,02/15/15 17:06,-3.048575,-64.897124
1,95,02/15/15 19:07,-3.049058,-64.896636
1,95,02/15/15 21:08,-3.049855,-64.89627
1,95,02/15/15 23:09,-3.050517,-64.895799
1,95,02/16/15 01:10,-3.051225,-64.895027
1,95,02/16/15 03:11,-3.051838,-64.89484
1,95,02/16/15 05:12,-3.052651,-64.894559
1,95,02/16/15 07:13,-3.053716,-64.893948
1,95,02/16/15 09:14,-3.054444,-64.893073
1,95,02/16/15 11:15,-3.055318,-64.892612
1,95,02/16/15 13:16,-3.055716,-64.892116
1,95,02/16/15 15:17,-3.056448,-64.891565
1,95,02/16/15 17:18,-3.056991,-64.891135
1,95,02/16/15 19:19,-3.057707,-64.890257
1,95,02/16/15 21:20,-3.058275,-64.889674
1,95,02/16/15 23:21,-3.059143,-64.889344
1,95,02/17/15 01:22,-3.060043,-64.888913
1,95,02/17/15 03:23,-3.061182,-64.888348
1,95,02/17/15 05:24,-3.061704,-64.887439
1,95,02/17/15 07:25,-3.062597,-64.886834
1,95,02/17/15 09:26,-3.063366,-64.886591
1,95,02/17/15 11:27,-3.063912,-64.885944
1,95,02/17/15 13:28,-3.064714,-64.885367
1,95,02/17/15 15:29,-3.065461,-64.884695
1,95,02/17/15 17:30,-3.066395,-64.883709
1,95,02/17/15 19:31,-3.067166,-64.883396
1,95,02/17/15 21:32,-3.067844,-64.882763
1,95,02/17/15 23:33,-3.068499,-64.882311
1,95,02/18/15 01:34,-3.069238,-64.88165
1,95,02/18/15 03:35,-3.070292,-64.880959
1,95,02/18/15 05:36,-3.070946,-64.880604
1,95,02/18/15 07:37,-3.071911,-64.879993
1,95,02/18/15 09:38,-3.072992,-64.879271
1,95,02/18/15 11:39,-3.073615,-64.878586
1,95,02/18/15 13:40,-3.07438,-64.87794
1,95,02/18/15 15:41,-3.075439,-64.877658
1,95,02/18/15 17:42,-3.075744,-64.877152
1,95,02/18/15 19:43,-3.077204,-64.876343
1,95,02/18/15 21:44,-3.07804,-64.875521
3,95,02/18/15 23:45,-3.078968,-64.874517
3,95,02/19/15 01:46,-3.079594,-64.874514
3,95,02/19/15 03:47,-3.080032,-64.873968
3,95,02/19/15 05:48,-3.080914,-64.873459
3,95,02/19/15 07:49,-3.08191,-64.872428
3,95,02/19/15 09:50,-3.082857,-64.871866
3,95,02/19/15 11:51,-3.083386,-64.871074
3,95,02/19/15 13:52,-3.084206,-64.870408
3,95,02/19/15 15:53,-3.085105,-64.86996
3,95,02/19/15 17:54,-3.086086,-64.869323
3,95,02/19/15 19:55,-3.087081,-64.86858
3,95,02/19/15 21:56,-3.087709,-64.868174
3,95,02/19/15 23:57,-3.088688,-64.867269
3,95,02/20/15 01:58,-3.089615,-64.866732
3,95,02/20/15 03:59,-3.090666,-64.865713
3,95,02/20/15 06:00,-3.091994,-64.864657
3,95,02/20/15 08:01,-3.092393,-64.864007
3,95,02/20/15 10:02,-3.093218,-64.863221
3,95,02/20/15 12:03,-3.094535,-64.862247
3,95,02/20/15 14:04,-3.095203,-64.861331
3,95,02/20/15 20:07,-3.095618,-64.860616
3,95,02/20/15 22:08,-3.093721,-64.862186
3,95,02/21/15 00:09,-3.091318,-64.863712
3,95,02/21/15 02:10,-3.089565,-64.864993
3,95,02/21/15 04:11,-3.08752,-64.866005
3,95,02/21/15 06:12,-3.085548,-64.867601
3,95,02/21/15 08:13,-3.083507,-64.869327
3,95,02/21/15 10:14,-3.081628,-64.870561
3,95,02/21/15 12:15,-3.080233,-64.872247
3,95,02/21/15 14:16,-3.078599,-64.873309
3,95,02/21/15 16:17,-3.076864,-64.874732
1,95,02/21/15 18:18,-3.075023,-64.875971
1,95,02/21/15 20:19,-3.073452,-64.877093
1,95,02/21/15 22:20,-3.07192,-64.877936
1,95,02/22/15 00:21,-3.070515,-64.878724
1,95,02/22/15 02:22,-3.068967,-64.879976
1,95,02/22/15 04:23,-3.067567,-64.881126
1,95,02/22/15 06:24,-3.065979,-64.881925
1,95,02/22/15 08:25,-3.06458,-64.882731
1,95,02/22/15 10:26,-3.063272,-64.883308
1,95,02/22/15 12:27,-3.062069,-64.883898
1,95,02/22/15 14:28,-3.060846,-64.884901
1,95,02/22/15 16:29,-3.059658,-64.885422
1,95,02/22/15 18:30,-3.058587,-64.886055
1,95,02/22/15 20:31,-3.05753,-64.886773
1,95,02/22/15 22:32,-3.056443,-64.887422
1,95,02/23/15 00:33,-3.05534,-64.8883
1,95,02/23/15 02:34,-3.054267,-64.889015
1,95,02/23/15 04:35,-3.053277,-64.889622
1,95,02/23/15 06:36,-3.052442,-64.889673
1,95,02/23/15 08:37,-3.051457,-64.89025
1,95,02/23/15 10:38,-3.050497,-64.890867
1,95,02/23/15 12:39,-3.049573,-64.891048
1,95,02/23/15 14:40,-3.048729,-64.891713
1,95,02/23/15 16:41,-3.047773,-64.891723
1,95,02/23/15 18:42,-3.046988,-64.891909
1,95,02/23/15 20:43,-3.046267,-64.892246
1,95,02/23/15 22:44,-3.045263,-64.892355
1,95,02/24/15 00:45,-3.045227,-64.891871
1,95,02/24/15 02:46,-3.04448,-64.891565
1,95,02/24/15 08:49,-3.044929,-64.891725
1,95,02/24/15 12:51,-3.044587,-64.891571
1,95,02/24/15 14:52,-3.044701,-64.891196
1,95,02/24/15 20:55,-3.04517,-64.891612
1,95,02/24/15 22:56,-3.044828,-64.89226
1,95,02/25/15 00:57,-3.044519,-64.892763
1,95,02/25/15 02:58,-3.044243,-64.89296
1,95,02/25/15 04:59,-3.044656,-64.892723
1,95,02/25/15 07:00,-3.044329,-64.89329
1,95,02/25/15 09:01,-3.043939,-64.894062
1,95,02/25/15 11:02,-3.043445,-64.8943
1,95,02/25/15 13:03,-3.043171,-64.894845
1,95,02/25/15 15:04,-3.043213,-64.895041
1,95,02/25/15 17:05,-3.043506,-64.895343
1,95,02/25/15 19:06,-3.043538,-64.895321
1,95,02/25/15 21:07,-3.043293,-64.895218
1,95,02/25/15 23:08,-3.043639,-64.89544
1,95,02/26/15 01:09,-3.043561,-64.895417
1,95,02/26/15 03:10,-3.043564,-64.89568
1,95,02/26/15 05:11,-3.043128,-64.895816
1,95,02/26/15 07:12,-3.042888,-64.895742
1,95,02/26/15 09:13,-3.042863,-64.895856
1,95,02/26/15 11:14,-3.043058,-64.895704
1,95,02/26/15 13:15,-3.043026,-64.895994
1,95,02/26/15 15:16,-3.042954,-64.895975
1,95,02/26/15 17:17,-3.042805,-64.896001
1,95,02/26/15 19:18,-3.04245,-64.895872
1,95,02/26/15 21:19,-3.042609,-64.895536
1,95,02/26/15 23:20,-3.04224,-64.895924
1,95,02/27/15 01:21,-3.042143,-64.896202
1,95,02/27/15 03:22,-3.042231,-64.89623
1,95,02/27/15 05:23,-3.042461,-64.896218
1,95,02/27/15 07:24,-3.042767,-64.895837
1,95,02/27/15 09:25,-3.042742,-64.896235
1,95,02/27/15 11:26,-3.042966,-64.896218
1,95,02/27/15 13:27,-3.043372,-64.896115
1,95,02/27/15 15:28,-3.044163,-64.896086
1,95,02/27/15 17:29,-3.044721,-64.895769
1,95,02/27/15 19:30,-3.045162,-64.895954
1,95,02/27/15 21:31,-3.045147,-64.895938
1,95,02/27/15 23:32,-3.045095,-64.895571
1,95,02/28/15 01:33,-3.045468,-64.895337
1,95,02/28/15 03:34,-3.045679,-64.894578
1,95,02/28/15 05:35,-3.045933,-64.894609
1,95,02/28/15 07:36,-3.046344,-64.894351
1,95,02/28/15 09:37,-3.046772,-64.89404
1,95,02/28/15 11:38,-3.047352,-64.893803
1,95,02/28/15 13:39,-3.047984,-64.89336
1,95,02/28/15 15:40,-3.048305,-64.89316
1,95,02/28/15 17:41,-3.04859,-64.892676
1,95,02/28/15 19:42,-3.049225,-64.892267
1,95,02/28/15 21:43,-3.049893,-64.891869
1,95,02/28/15 23:44,-3.05062,-64.891347
1,95,03/01/15 01:45,-3.051129,-64.891014
1,95,03/01/15 03:46,-3.051799,-64.890608
1,95,03/01/15 05:47,-3.052385,-64.890026
1,95,03/01/15 07:48,-3.053196,-64.889376
1,95,03/01/15 09:49,-3.054217,-64.88861
1,95,03/01/15 11:50,-3.055024,-64.888378
1,95,03/01/15 13:51,-3.055667,-64.887933
1,95,03/01/15 15:52,-3.056684,-64.887435
1,95,03/01/15 17:53,-3.057455,-64.886851
1,95,03/01/15 19:54,-3.058504,-64.886307
1,95,03/01/15 21:55,-3.059355,-64.886172
1,95,03/01/15 23:56,-3.060438,-64.885596
1,95,03/02/15 01:57,-3.061699,-64.884802
1,95,03/02/15 03:58,-3.06248,-64.884058
1,95,03/02/15 05:59,-3.063711,-64.882858
1,95,03/02/15 08:00,-3.064652,-64.882604
1,95,03/02/15 10:01,-3.06556,-64.881978
1,95,03/02/15 12:02,-3.066594,-64.881311
1,95,03/02/15 14:03,-3.067664,-64.880674
1,95,03/02/15 16:04,-3.068439,-64.879993
1,95,03/02/15 18:05,-3.069185,-64.87943
1,95,03/02/15 20:06,-3.069797,-64.878494
1,95,03/02/15 22:07,-3.070973,-64.877926
1,95,03/03/15 00:08,-3.072205,-64.877256
1,95,03/03/15 02:09,-3.073246,-64.876098
1,95,03/03/15 04:10,-3.074472,-64.875722
3,95,03/03/15 06:11,-3.075631,-64.87494
3,95,03/03/15 08:12,-3.076621,-64.874101
3,95,03/03/15 10:13,-3.077507,-64.87327
3,95,03/03/15 12:14,-3.078503,-64.871958
3,95,03/03/15 14:15,-3.079345,-64.871592
3,95,03/03/15 16:16,-3.08032,-64.87071
3,95,03/03/15 18:17,-3.081891,-64.869839
3,95,03/03/15 20:18,-3.083231,-64.868772
3,95,03/03/15 22:19,-3.084296,-64.867571
3,95,03/04/15 00:20,-3.085389,-64.86674
3,95,03/04/15 02:21,-3.086684,-64.865827
3,95,03/04/15 04:22,-3.087863,-64.864986
3,95,03/04/15 06:23,-3.088785,-64.863571
3,95,03/04/15 08:24,-3.090209,-64.862152
3,95,03/04/15 10:25,-3.091438,-64.861616
3,95,03/04/15 12:26,-3.092914,-64.86052
3,95,03/04/15 14:27,-3.094662,-64.859294
3,95,03/04/15 16:28,-3.095865,-64.857944
3,95,03/04/15 22:31,-3.095826,-64.855962
3,95,03/05/15 00:32,-3.094722,-64.856715
3,95,03/05/15 02:33,-3.092937,-64.857739
3,95,03/05/15 04:34,-3.091733,-64.858501
3,95,03/05/15 06:35,-3.090412,-64.858996
3,95,03/05/15 08:36,-3.088807,-64.860141
3,95,03/05/15 10:37,-3.087682,-64.860821
3,95,03/05/15 12:38,-3.086175,-64.861003
3,95,03/05/15 14:39,-3.08491,-64.861603
3,95,03/05/15 16:40,-3.084134,-64.86204
3,95,03/05/15 18:41,-3.082725,-64.862828
4,95,03/05/15 20:42,-3.0817,-64.863671
4,95,03/05/15 22:43,-3.080908,-64.8644
4,95,03/06/15 00:44,-3.080171,-64.864915
4,95,03/06/15 02:45,-3.079431,-64.865034
4,95,03/06/15 04:46,-3.078183,-64.865478
4,95,03/06/15 06:47,-3.077151,-64.865859
4,95,03/06/15 08:48,-3.076017,-64.866452
4,95,03/06/15 10:49,-3.075352,-64.86679
4,95,03/06/15 12:50,-3.074725,-64.867098
4,95,03/06/15 14:51,-3.073573,-64.867646
1,95,03/06/15 16:52,-3.072782,-64.867944
1,95,03/06/15 18:53,-3.072096,-64.868271
1,95,03/06/15 20:54,-3.071236,-64.868536
1,95,03/06/15 22:55,-3.070771,-64.868541
1,95,03/07/15 00:56,-3.070021,-64.869058
1,95,03/07/15 02:57,-3.069356,-64.869402
1,95,03/07/15 04:58,-3.06873,-64.869679
1,95,03/07/15 06:59,-3.068003,-64.869909
1,95,03/07/15 09:00,-3.067605,-64.869867
1,95,03/07/15 11:01,-3.067053,-64.869933
1,95,03/07/15 13:02,-3.066495,-64.869857
4,95,03/07/15 15:03,-3.065839,-64.870118
4,95,03/07/15 17:04,-3.065442,-64.870202
4,95,03/07/15 19:05,-3.065125,-64.870116
4,95,03/07/15 21:06,-3.064697,-64.870348
4,95,03/07/15 23:07,-3.064165,-64.870401
4,95,03/08/15 01:08,-3.063702,-64.870525
4,95,03/08/15 03:09,-3.06267,-64.870461
4,95,03/08/15 05:10,-3.062247,-64.87018
4,95,03/08/15 07:11,-3.061936,-64.87026
4,95,03/08/15 09:12,-3.061661,-64.870053
4,95,03/08/15 11:13,-3.061099,-64.870133
4,95,03/08/15 13:14,-3.060804,-64.869929
4,95,03/08/15 15:15,-3.06088,-64.869279
4,95,03/08/15 17:16,-3.060843,-64.868278
4,95,03/08/15 19:17,-3.060744,-64.867262
4,95,03/08/15 21:18,-3.060678,-64.866923
4,95,03/08/15 23:19,-3.059986,-64.866216
4,95,03/09/15 01:20,-3.06023,-64.865784
4,95,03/09/15 03:21,-3.060555,-64.865094
4,95,03/09/15 05:22,-3.061021,-64.864698
4,95,03/09/15 07:23,-3.060776,-64.864622
4,95,03/09/15 09:24,-3.060498,-64.864283
4,95,03/09/15 11:25,-3.060704,-64.863225
4,95,03/09/15 13:26,-3.060646,-64.8623
4,95,03/10/15 03:33,-3.047747,-64.858194
4,95,03/10/15 05:34,-3.046907,-64.859368
4,95,03/10/15 07:35,-3.045957,-64.860202
4,95,03/10/15 09:36,-3.045579,-64.860804
4,95,03/10/15 11:37,-3.045205,-64.861328
4,95,03/10/15 13:38,-3.045006,-64.862659
4,95,03/10/15 15:39,-3.04385,-64.864422
4,95,03/10/15 17:40,-3.042518,-64.865679
4,95,03/10/15 19:41,-3.042141,-64.866345
4,95,03/10/15 21:42,-3.041997,-64.86693
4,95,03/10/15 23:43,-3.041676,-64.86777
4,95,03/11/15 01:44,-3.041233,-64.868423
4,95,03/11/15 03:45,-3.040857,-64.868916
4,95,03/11/15 05:46,-3.040636,-64.869314
4,95,03/11/15 07:47,-3.040502,-64.869264
4,95,03/11/15 09:48,-3.039632,-64.870494
4,95,03/11/15 11:49,-3.039199,-64.871241
4,95,03/11/15 13:50,-3.038742,-64.872443
4,95,03/11/15 15:51,-3.038516,-64.873225
4,95,03/11/15 17:52,-3.038155,-64.873605
4,95,03/11/15 19:53,-3.037406,-64.874408
4,95,03/11/15 21:54,-3.036836,-64.875191
4,95,03/11/15 23:55,-3.036098,-64.875743
4,95,03/12/15 01:56,-3.035989,-64.876119
4,95,03/12/15 03:57,-3.035374,-64.875952
4,95,03/12/15 05:58,-3.035261,-64.87704
4,95,03/12/15 07:59,-3.034945,-64.877828
4,95,03/12/15 10:00,-3.034243,-64.878405
4,95,03/12/15 12:01,-3.033843,-64.879109
4,95,03/12/15 14:02,-3.033627,-64.879257
1,95,03/12/15 16:03,-3.033115,-64.880016
1,95,03/12/15 18:04,-3.032838,-64.880752
1,95,03/12/15 20:05,-3.032189,-64.88094
1,95,03/12/15 22:06,-3.032051,-64.881697
1,95,03/13/15 00:07,-3.031457,-64.881902
1,95,03/13/15 02:08,-3.03081,-64.882657
1,95,03/13/15 04:09,-3.030828,-64.883339
1,95,03/13/15 06:10,-3.03004,-64.883885
1,95,03/13/15 08:11,-3.029641,-64.884302
1,95,03/13/15 10:12,-3.029328,-64.884418
1,95,03/13/15 12:13,-3.028937,-64.885031
1,95,03/13/15 14:14,-3.028647,-64.885467
1,95,03/13/15 16:15,-3.028128,-64.886012
1,95,03/13/15 18:16,-3.027972,-64.886298
1,95,03/13/15 20:17,-3.028385,-64.886462
1,95,03/13/15 22:18,-3.028158,-64.887323
1,95,03/14/15 00:19,-3.027937,-64.887816
1,95,03/14/15 02:20,-3.027291,-64.887935
1,95,03/14/15 04:21,-3.027133,-64.888222
1,95,03/14/15 06:22,-3.026535,-64.888394
1,95,03/14/15 08:23,-3.026263,-64.889209
1,95,03/14/15 10:24,-3.025992,-64.889748
1,95,03/14/15 12:25,-3.025515,-64.890185
1,95,03/14/15 14:26,-3.025407,-64.890557
1,95,03/14/15 16:27,-3.025237,-64.890538
1,95,03/14/15 18:28,-3.025015,-64.891024
1,95,03/14/15 20:29,-3.024377,-64.891438
1,95,03/14/15 22:30,-3.024171,-64.89167
1,95,03/15/15 00:31,-3.02372,-64.891971
1,95,03/15/15 02:32,-3.023227,-64.89172
1,95,03/15/15 04:33,-3.022813,-64.892264
1,95,03/15/15 06:34,-3.022657,-64.892641
1,95,03/15/15 08:35,-3.022413,-64.892715
1,95,03/15/15 10:36,-3.02238,-64.893081
1,95,03/15/15 12:37,-3.022033,-64.893243
1,95,03/15/15 14:38,-3.021785,-64.894018
1,95,03/15/15 16:39,-3.021498,-64.894571
1,95,03/15/15 18:40,-3.021272,-64.894726
1,95,03/15/15 20:41,-3.020775,-64.894964
1,95,03/15/15 22:42,-3.020588,-64.894766
1,95,03/16/15 00:43,-3.020275,-64.895117
1,95,03/16/15 02:44,-3.020052,-64.895531
1,95,03/16/15 04:45,-3.019873,-64.895771
1,95,03/16/15 06:46,-3.019676,-64.896021
1,95,03/16/15 08:47,-3.019778,-64.895707
1,95,03/16/15 10:48,-3.019658,-64.896174
1,95,03/16/15 12:49,-3.019357,-64.896083
1,95,03/16/15 14:50,-3.019255,-64.896283
1,95,03/16/15 16:51,-3.019075,-64.896487
1,95,03/16/15 18:52,-3.018771,-64.896081
1,95,03/16/15 20:53,-3.018675,-64.896333
1,95,03/16/15 22:54,-3.018543,-64.896653
1,95,03/17/15 00:55,-3.01805,-64.896876
1,95,03/17/15 02:56,-3.018184,-64.896845
1,95,03/17/15 04:57,-3.018485,-64.896579
1,95,03/17/15 06:58,-3.018386,-64.896969
1,95,03/17/15 08:59,-3.018422,-64.897181
1,95,03/17/15 11:00,-3.018242,-64.897214
1,95,03/17/15 13:01,-3.018297,-64.897236
1,95,03/17/15 15:02,-3.018408,-64.897345
1,95,03/17/15 17:03,-3.018307,-64.897665
1,95,03/17/15 19:04,-3.018241,-64.898026
1,95,03/17/15 21:05,-3.018056,-64.898007
1,95,03/17/15 23:06,-3.018068,-64.897889
1,95,03/18/15 01:07,-3.018398,-64.897833
1,95,03/18/15 03:08,-3.018275,-64.89821
1,95,03/18/15 05:09,-3.01841,-64.89862
1,95,03/18/15 07:10,-3.018331,-64.898808
1,95,03/18/15 09:11,-3.018414,-64.898651
1,95,03/18/15 11:12,-3.018862,-64.898255
1,95,03/18/15 13:13,-3.018705,-64.89843
1,95,03/18/15 15:14,-3.018783,-64.898475
1,95,03/18/15 17:15,-3.018981,-64.898266
1,95,03/18/15 19:16,-3.019085,-64.898156
1,95,03/18/15 21:17,-3.019163,-64.897946
1,95,03/18/15 23:18,-3.019334,-64.898414
1,95,03/19/15 01:19,-3.019052,-64.898218
1,95,03/19/15 03:20,-3.019208,-64.898295
1,95,03/19/15 05:21,-3.019625,-64.898139
1,95,03/19/15 07:22,-3.019814,-64.897869
1,95,03/19/15 09:23,-3.019907,-64.898358
1,95,03/19/15 11:24,-3.020086,-64.898744
1,95,03/19/15 13:25,-3.020182,-64.898701
1,95,03/19/15 15:26,-3.020523,-64.898543
1,95,03/19/15 17:27,-3.020769,-64.898539
1,95,03/19/15 19:28,-3.020678,-64.898704
1,95,03/19/15 21:29,-3.020719,-64.898458
1,95,03/19/15 23:30,-3.020926,-64.8984
1,95,03/20/15 01:31,-3.021253,-64.898001
1,95,03/20/15 03:32,-3.021435,-64.897317
1,95,03/20/15 05:33,-3.021647,-64.897452
1,95,03/20/15 07:34,-3.021831,-64.897468
1,95,03/20/15 09:35,-3.02201,-64.897271
1,95,03/20/15 11:36,-3.021985,-64.896929
1,95,03/20/15 13:37,-3.022612,-64.896534
1,95,03/20/15 15:38,-3.023118,-64.896839
1,95,03/20/15 17:39,-3.023196,-64.896976
1,95,03/20/15 19:40,-3.023653,-64.896747
1,95,03/20/15 21:41,-3.02401,-64.896456
1,95,03/20/15 23:42,-3.024591,-64.896157
1,95,03/21/15 01:43,-3.024808,-64.896339
1,95,03/21/15 03:44,-3.025164,-64.896001
1,95,03/21/15 05:45,-3.025786,-64.895937
1,95,03/21/15 07:46,-3.025894,-64.895851
1,95,03/21/15 09:47,-3.026398,-64.895193
1,95,03/21/15 11:48,-3.026552,-64.895491
1,95,03/21/15 13:49,-3.026946,-64.895542
1,95,03/21/15 15:50,-3.02728,-64.895453
1,95,03/21/15 17:51,-3.027558,-64.895133
1,95,03/21/15 19:52,-3.028,-64.894774
1,95,03/21/15 21:53,-3.028476,-64.894802
1,95,03/21/15 23:54,-3.029053,-64.894752
1,95,03/22/15 01:55,-3.029533,-64.894311
1,95,03/22/15 03:56,-3.029937,-64.894087
1,95,03/22/15 05:57,-3.030484,-64.893529
1,95,03/22/15 07:58,-3.030726,-64.893511
1,95,03/22/15 09:59,-3.031251,-64.893447
1,95,03/22/15 12:00,-3.03162,-64.893486
1,95,03/22/15 14:01,-3.031994,-64.893013
1,95,03/22/15 16:02,-3.032563,-64.892833
1,95,03/22/15 18:03,-3.03306,-64.892907
1,95,03/22/15 20:04,-3.033296,-64.892551
1,95,03/22/15 22:05,-3.033511,-64.892317
1,95,03/23/15 00:06,-3.033705,-64.892305
1,95,03/23/15 02:07,-3.03435,-64.891905
1,95,03/23/15 04:08,-3.03466,-64.891945
1,95,03/23/15 06:09,-3.035137,-64.891598
1,95,03/23/15 08:10,-3.035186,-64.891257
1,95,03/23/15 10:11,-3.035749,-64.890371
1,95,03/23/15 12:12,-3.036319,-64.889689
1,95,03/23/15 14:13,-3.036745,-64.889745
1,95,03/23/15 16:14,-3.037225,-64.889506
1,95,03/23/15 18:15,-3.037585,-64.889028
1,95,03/23/15 20:16,-3.037964,-64.888727
1,95,03/23/15 22:17,-3.038501,-64.887995
1,95,03/24/15 00:18,-3.038779,-64.887962
1,95,03/24/15 02:19,-3.039072,-64.887584
1,95,03/24/15 04:20,-3.039736,-64.887337
1,95,03/24/15 06:21,-3.0406,-64.886799
1,95,03/24/15 08:22,-3.041255,-64.886268
1,95,03/24/15 10:23,-3.041747,-64.886383
1,95,03/24/15 12:24,-3.041957,-64.886298
1,95,03/24/15 14:25,-3.042937,-64.886131
1,95,03/24/15 16:26,-3.043089,-64.885747
1,95,03/24/15 18:27,-3.043731,-64.885082
1,95,03/24/15 20:28,-3.044198,-64.885309
1,95,03/24/15 22:29,-3.044693,-64.884814
1,95,03/25/15 00:30,-3.045573,-64.884441
1,95,03/25/15 02:31,-3.046188,-64.883946
1,95,03/25/15 04:32,-3.046644,-64.883513
1,95,03/25/15 06:33,-3.047032,-64.883404
1,95,03/25/15 08:34,-3.047815,-64.882926
1,95,03/25/15 10:35,-3.048128,-64.882294
1,95,03/25/15 12:36,-3.048755,-64.881866
1,95,03/25/15 14:37,-3.049466,-64.881229
1,95,03/25/15 16:38,-3.050098,-64.881205
1,95,03/25/15 18:39,-3.050471,-64.880466
1,95,03/25/15 20:40,-3.051322,-64.879812
1,95,03/25/15 22:41,-3.052218,-64.87919
1,95,03/26/15 00:42,-3.053165,-64.878466
1,95,03/26/15 02:43,-3.053829,-64.878618
1,95,03/26/15 04:44,-3.054416,-64.878204
1,95,03/26/15 06:45,-3.055298,-64.877812
1,95,03/26/15 08:46,-3.055791,-64.877152
1,95,03/26/15 10:47,-3.056825,-64.876483
1,95,03/26/15 12:48,-3.05766,-64.876169
4,95,03/26/15 14:49,-3.058251,-64.875849
4,95,03/26/15 16:50,-3.059373,-64.875267
4,95,03/26/15 18:51,-3.060454,-64.874768
4,95,03/26/15 20:52,-3.061466,-64.873989
4,95,03/26/15 22:53,-3.062087,-64.873797
4,95,03/27/15 00:54,-3.062804,-64.872992
4,95,03/27/15 02:55,-3.063713,-64.872395
4,95,03/27/15 04:56,-3.064603,-64.87185
4,95,03/27/15 06:57,-3.065594,-64.870812
1,95,03/27/15 08:58,-3.066134,-64.870425
1,95,03/27/15 10:59,-3.066853,-64.869969
1,95,03/27/15 13:00,-3.068342,-64.869215
1,95,03/27/15 15:01,-3.068783,-64.868536
1,95,03/27/15 17:02,-3.069799,-64.867351
4,95,03/27/15 19:03,-3.070801,-64.866925
4,95,03/27/15 21:04,-3.071862,-64.866479
4,95,03/27/15 23:05,-3.072787,-64.86583
4,95,03/28/15 01:06,-3.073708,-64.864731
4,95,03/28/15 03:07,-3.074215,-64.863895
4,95,03/28/15 05:08,-3.074454,-64.863409
4,95,03/28/15 07:09,-3.075139,-64.862634
3,95,03/28/15 09:10,-3.076387,-64.862006
3,95,03/28/15 11:11,-3.077186,-64.861339
3,95,03/28/15 13:12,-3.077975,-64.860711
3,95,03/28/15 15:13,-3.078416,-64.860188
3,95,03/28/15 17:14,-3.07899,-64.859739
3,95,03/28/15 19:15,-3.080034,-64.85908
3,95,03/28/15 21:16,-3.081117,-64.85785
3,95,03/29/15 01:18,-3.081397,-64.857825
3,95,03/29/15 03:19,-3.080494,-64.859134
3,95,03/29/15 05:20,-3.079793,-64.860405
3,95,03/29/15 07:21,-3.079341,-64.861462
3,95,03/29/15 09:22,-3.07845,-64.861721
4,95,03/29/15 11:23,-3.077757,-64.862838
4,95,03/29/15 13:24,-3.077213,-64.863804
4,95,03/29/15 15:25,-3.075983,-64.864772
4,95,03/29/15 17:26,-3.074683,-64.86571
4,95,03/29/15 19:27,-3.073887,-64.866175
4,95,03/29/15 21:28,-3.073223,-64.866926
1,95,03/29/15 23:29,-3.07232,-64.867738
1,95,03/30/15 01:30,-3.071459,-64.868376
1,95,03/30/15 03:31,-3.070636,-64.869239
1,95,03/30/15 05:32,-3.069936,-64.869768
1,95,03/30/15 07:33,-3.068918,-64.870591
1,95,03/30/15 09:34,-3.068134,-64.871649
1,95,03/30/15 11:35,-3.06736,-64.872175
1,95,03/30/15 13:36,-3.066965,-64.873299
1,95,03/30/15 15:37,-3.066515,-64.873728
1,95,03/30/15 17:38,-3.065842,-64.874707
1,95,03/30/15 19:39,-3.065233,-64.875324
1,95,03/30/15 21:40,-3.064339,-64.875741
1,95,03/30/15 23:41,-3.063772,-64.876652
1,95,03/31/15 01:42,-3.063109,-64.877326
1,95,03/31/15 03:43,-3.062461,-64.878326
1,95,03/31/15 05:44,-3.062197,-64.87925
1,95,03/31/15 07:45,-3.061539,-64.879811
1,95,03/31/15 09:46,-3.060624,-64.88019
1,95,03/31/15 11:47,-3.060302,-64.880663
1,95,03/31/15 13:48,-3.059331,-64.881483
1,95,03/31/15 15:49,-3.058655,-64.882323
1,95,03/31/15 17:50,-3.058035,-64.883423
1,95,03/31/15 19:51,-3.057436,-64.884295
1,95,03/31/15 21:52,-3.056827,-64.884544
1,95,03/31/15 23:53,-3.056095,-64.885301
1,95,04/01/15 01:54,-3.055556,-64.886089
1,95,04/01/15 03:55,-3.054767,-64.886456
1,95,04/01/15 05:56,-3.054091,-64.886968
1,95,04/01/15 07:57,-3.054076,-64.887275
1,95,04/01/15 09:58,-3.053367,-64.887995
1,95,04/01/15 11:59,-3.052788,-64.889181
1,95,04/01/15 14:00,-3.052261,-64.889399
1,95,04/01/15 16:01,-3.051954,-64.890079
1,95,04/01/15 18:02,-3.051198,-64.890525
1,95,04/01/15 20:03,-3.050561,-64.891182
1,95,04/01/15 22:04,-3.049922,-64.891972
1,95,04/02/15 00:05,-3.049625,-64.89279
1,95,04/02/15 02:06,-3.049009,-64.893366
1,95,04/02/15 04:07,-3.048148,-64.893805
1,95,04/02/15 06:08,-3.047236,-64.894555
1,95,04/02/15 08:09,-3.046817,-64.895118
1,95,04/02/15 10:10,-3.046211,-64.895687
1,95,04/02/15 12:11,-3.046012,-64.896106
1,95,04/02/15 14:12,-3.045626,-64.896383
1,95,04/02/15 16:13,-3.045133,-64.897354
1,95,04/02/15 18:14,-3.044826,-64.897957
1,95,04/02/15 20:15,-3.044045,-64.89835
1,95,04/02/15 22:16,-3.043724,-64.898935
1,95,04/03/15 00:17,-3.043334,-64.899035
1,95,04/03/15 02:18,-3.042849,-64.900008
1,95,04/03/15 04:19,-3.042078,-64.900611
1,95,04/03/15 06:20,-3.041596,-64.901053
1,95,04/03/15 08:21,-3.041741,-64.90159
1,95,04/03/15 10:22,-3.041463,-64.901565
1,95,04/03/15 12:23,-3.041314,-64.902156
1,95,04/03/15 14:24,-3.040757,-64.902904
1,95,04/03/15 16:25,-3.039943,-64.903588
1,95,04/03/15 18:26,-3.039331,-64.90415
1,95,04/03/15 20:27,-3.038959,-64.904384
1,95,04/03/15 22:28,-3.038572,-64.905022
1,95,04/04/15 00:29,-3.038357,-64.905532
1,95,04/04/15 02:30,-3.038122,-64.905723
1,95,04/04/15 04:31,-3.037914,-64.906301
1,95,04/04/15 06:32,-3.037602,-64.906413
1,95,04/04/15 08:33,-3.037487,-64.906903
1,95,04/04/15 10:34,-3.037192,-64.907278
1,95,04/04/15 12:35,-3.03685,-64.907666
1,95,04/04/15 14:36,-3.036876,-64.90812
1,95,04/04/15 16:37,-3.03689,-64.908546
1,95,04/04/15 18:38,-3.036472,-64.909034
1,95,04/04/15 20:39,-3.036151,-64.909458
1,95,04/04/15 22:40,-3.035709,-64.909628
1,95,04/05/15 00:41,-3.035502,-64.910224
1,95,04/05/15 02:42,-3.035169,-64.910274
1,95,04/05/15 04:43,-3.034939,-64.910716
1,95,04/05/15 06:44,-3.034403,-64.911091
1,95,04/05/15 08:45,-3.034145,-64.911575
1,95,04/05/15 10:46,-3.033828,-64.911759
1,95,04/05/15 12:47,-3.033734,-64.91211
1,95,04/05/15 14:48,-3.033557,-64.912662
1,95,04/05/15 16:49,-3.033018,-64.912914
1,95,04/05/15 18:50,-3.032963,-64.913124
1,95,04/05/15 20:51,-3.032825,-64.913675
1,95,04/05/15 22:52,-3.032727,-64.914004
1,95,04/06/15 00:53,-3.032389,-64.914251
1,95,04/06/15 02:54,-3.032189,-64.914447
1,95,04/06/15 04:55,-3.032038,-64.91475
1,95,04/06/15 06:56,-3.031574,-64.915224
1,95,04/06/15 08:57,-3.031486,-64.915278
1,95,04/06/15 10:58,-3.031353,-64.915792
1,95,04/06/15 12:59,-3.031191,-64.916279
1,95,04/06/15 15:00,-3.031102,-64.916224
1,95,04/06/15 17:01,-3.03095,-64.916801
1,95,04/06/15 19:02,-3.030948,-64.917128
1,95,04/06/15 21:03,-3.030966,-64.917568
1,95,04/06/15 23:04,-3.030929,-64.917653
1,95,04/07/15 01:05,-3.031047,-64.917733
1,95,04/07/15 03:06,-3.030917,-64.91817
1,95,04/07/15 05:07,-3.031084,-64.918214
1,95,04/07/15 07:08,-3.030911,-64.918586
1,95,04/07/15 09:09,-3.030704,-64.918946
1,95,04/07/15 11:10,-3.030736,-64.919123
1,95,04/07/15 13:11,-3.030547,-64.919343
1,95,04/07/15 15:12,-3.030428,-64.919263
1,95,04/07/15 17:13,-3.030286,-64.919646
1,95,04/07/15 19:14,-3.030234,-64.919883
1,95,04/07/15 21:15,-3.030197,-64.919793
1,95,04/07/15 23:16,-3.030512,-64.920184
1,95,04/08/15 01:17,-3.030456,-64.920137
1,95,04/08/15 03:18,-3.030508,-64.920397
1,95,04/08/15 05:19,-3.030663,-64.920555
1,95,04/08/15 07:20,-3.030581,-64.92061
1,95,04/08/15 09:21,-3.030686,-64.920836
1,95,04/08/15 11:22,-3.030881,-64.920924
1,95,04/08/15 13:23,-3.030849,-64.921045
1,95,04/08/15 15:24,-3.03094,-64.921113
1,95,04/08/15 17:25,-3.031129,-64.921156
1,95,04/08/15 19:26,-3.03098,-64.9214
1,95,04/08/15 21:27,-3.030959,-64.921311
1,95,04/08/15 23:28,-3.031137,-64.921507
1,95,04/09/15 01:29,-3.031148,-64.921884
1,95,04/09/15 03:30,-3.031371,-64.921916
1,95,04/09/15 05:31,-3.031208,-64.922111
1,95,04/09/15 07:32,-3.031367,-64.922213
1,95,04/09/15 09:33,-3.031769,-64.922408
1,95,04/09/15 11:34,-3.031571,-64.922307
1,95,04/09/15 13:35,-3.031505,-64.922268
1,95,04/09/15 15:36,-3.03151,-64.922316
1,95,04/09/15 17:37,-3.031583,-64.921994
1,95,04/09/15 19:38,-3.032266,-64.92203
1,95,04/09/15 21:39,-3.032252,-64.922173
1,95,04/09/15 23:40,-3.032385,-64.922157
1,95,04/10/15 01:41,-3.032662,-64.922203
1,95,04/10/15 03:42,-3.032763,-64.922011
1,95,04/10/15 05:43,-3.033143,-64.922298
1,95,04/10/15 07:44,-3.033133,-64.922226
1,95,04/10/15 09:45,-3.033327,-64.922085
1,95,04/10/15 11:46,-3.033357,-64.922241
1,95,04/10/15 13:47,-3.033621,-64.921857
1,95,04/10/15 15:48,-3.033772,-64.921816
1,95,04/10/15 17:49,-3.034032,-64.921916
1,95,04/10/15 19:50,-3.034274,-64.921445
1,95,04/10/15 21:51,-3.034688,-64.921714
1,95,04/10/15 23:52,-3.03494,-64.921481
1,95,04/11/15 01:53,-3.035263,-64.921348
1,95,04/11/15 03:54,-3.035782,-64.921231
1,95,04/11/15 05:55,-3.036425,-64.920951
1,95,04/11/15 07:56,-3.036683,-64.920947
1,95,04/11/15 09:57,-3.036822,-64.920922
1,95,04/11/15 11:58,-3.037307,-64.920881
1,95,04/11/15 13:59,-3.03759,-64.920855
1,95,04/11/15 16:00,-3.037837,-64.920587
1,95,04/11/15 18:01,-3.038105,-64.920679
1,95,04/11/15 20:02,-3.038152,-64.920808
1,95,04/11/15 22:03,-3.038538,-64.920987
1,95,04/12/15 00:04,-3.039044,-64.920853
1,95,04/12/15 02:05,-3.039377,-64.920727
1,95,04/12/15 04:06,-3.039477,-64.920783
1,95,04/12/15 06:07,-3.039934,-64.920552
1,95,04/12/15 08:08,-3.040363,-64.920437
1,95,04/12/15 10:09,-3.040296,-64.919998
1,95,04/12/15 12:10,-3.040717,-64.919795
1,95,04/12/15 14:11,-3.040985,-64.919674
1,95,04/12/15 16:12,-3.041712,-64.919485
1,95,04/12/15 18:13,-3.04225,-64.919262
1,95,04/12/15 20:14,-3.042467,-64.919028
1,95,04/12/15 22:15,-3.043158,-64.918505
1,95,04/13/15 00:16,-3.043698,-64.918489
1,95,04/13/15 02:17,-3.044138,-64.918139
1,95,04/13/15 04:18,-3.045085,-64.917958
1,95,04/13/15 06:19,-3.045342,-64.917552
1,95,04/13/15 08:20,-3.04588,-64.917051
1,95,04/13/15 10:21,-3.04641,-64.916906
1,95,04/13/15 12:22,-3.046812,-64.916587
1,95,04/13/15 14:23,-3.047106,-64.916392
1,95,04/13/15 16:24,-3.047651,-64.9162
1,95,04/13/15 18:25,-3.048275,-64.915543
1,95,04/13/15 20:26,-3.048617,-64.915547
1,95,04/13/15 22:27,-3.04871,-64.915009
1,95,04/14/15 00:28,-3.049412,-64.914951
1,95,04/14/15 02:29,-3.04997,-64.914636
1,95,04/14/15 04:30,-3.050539,-64.914057
1,95,04/14/15 06:31,-3.050692,-64.91399
1,95,04/14/15 08:32,-3.051285,-64.913715
1,95,04/14/15 10:33,-3.051845,-64.913607
1,95,04/14/15 12:34,-3.052426,-64.912805
1,95,04/14/15 14:35,-3.053182,-64.912192
1,95,04/14/15 16:36,-3.053362,-64.912078
1,95,04/14/15 18:37,-3.053599,-64.911441
1,95,04/14/15 20:38,-3.054333,-64.911157
1,95,04/14/15 22:39,-3.055211,-64.910748
1,95,04/15/15 00:40,-3.055723,-64.910375
1,95,04/15/15 02:41,-3.056519,-64.910182
1,95,04/15/15 04:42,-3.05723,-64.909637
1,95,04/15/15 06:43,-3.05818,-64.90929
1,95,04/15/15 08:44,-3.058705,-64.90914
1,95,04/15/15 10:45,-3.059347,-64.908354
1,95,04/15/15 12:46,-3.05974,-64.908185
1,95,04/15/15 14:47,-3.060226,-64.907722
1,95,04/15/15 16:48,-3.061293,-64.907144
1,95,04/15/15 18:49,-3.061827,-64.906616
1,95,04/15/15 20:50,-3.062505,-64.906077
1,95,04/15/15 22:51,-3.063361,-64.906016
1,95,04/16/15 00:52,-3.064344,-64.905293
1,95,04/16/15 02:53,-3.065069,-64.904637
1,95,04/16/15 04:54,-3.065767,-64.903798
1,95,04/16/15 06:55,-3.066468,-64.903031
1,95,04/16/15 08:56,-3.067222,-64.903232
1,95,04/16/15 10:57,-3.067765,-64.90277
1,95,04/16/15 12:58,-3.068515,-64.90236
1,95,04/16/15 14:59,-3.069567,-64.901715
1,95,04/16/15 17:00,-3.070584,-64.900999
1,95,04/16/15 19:01,-3.070845,-64.900755
1,95,04/16/15 21:02,-3.071353,-64.899835
1,95,04/16/15 23:03,-3.072087,-64.899291
1,95,04/17/15 01:04,-3.072685,-64.898555
1,95,04/17/15 03:05,-3.073557,-64.897723
1,95,04/17/15 05:06,-3.073873,-64.897341
1,95,04/17/15 07:07,-3.074367,-64.897006
1,95,04/17/15 09:08,-3.075139,-64.896399
1,95,04/17/15 11:09,-3.075935,-64.89556
1,95,04/17/15 23:15,-3.07811,-64.893987
1,95,04/18/15 01:16,-3.077155,-64.894476
1,95,04/18/15 03:17,-3.076173,-64.894684
1,95,04/18/15 05:18,-3.075421,-64.894447
1,95,04/18/15 07:19,-3.07472,-64.894054
1,95,04/18/15 09:20,-3.073849,-64.894392
1,95,04/18/15 11:21,-3.073188,-64.894664
1,95,04/18/15 13:22,-3.072468,-64.894459
1,95,04/18/15 15:23,-3.071908,-64.894189
1,95,04/18/15 17:24,-3.071444,-64.893816
1,95,04/18/15 19:25,-3.070934,-64.893541
1,95,04/18/15 21:26,-3.070482,-64.893468
1,95,04/18/15 23:27,-3.069969,-64.893029
1,95,04/19/15 01:28,-3.069477,-64.892941
1,95,04/19/15 03:29,-3.06919,-64.892398
1,95,04/19/15 05:30,-3.068509,-64.892633
1,95,04/19/15 07:31,-3.06832,-64.892706
1,95,04/19/15 09:32,-3.067443,-64.892684
1,95,04/19/15 11:33,-3.067115,-64.892696
1,95,04/19/15 13:34,-3.066936,-64.892094
1,95,04/19/15 15:35,-3.066153,-64.891976
1,95,04/19/15 17:36,-3.065861,-64.891718
1,95,04/19/15 19:37,-3.06524,-64.891452
1,95,04/19/15 21:38,-3.064873,-64.891382
1,95,04/19/15 23:39,-3.064344,-64.890543
1,95,04/20/15 01:40,-3.063828,-64.890394
1,95,04/20/15 03:41,-3.063364,-64.889853
1,95,04/20/15 05:42,-3.062803,-64.889496
1,95,04/20/15 07:43,-3.062656,-64.889299
1,95,04/20/15 09:44,-3.062483,-64.888586
1,95,04/20/15 11:45,-3.062217,-64.8882
1,95,04/20/15 13:46,-3.061745,-64.887834
1,95,04/20/15 15:47,-3.061443,-64.887393
1,95,04/20/15 17:48,-3.061267,-64.887064
1,95,04/20/15 19:49,-3.061273,-64.886319
1,95,04/20/15 21:50,-3.061144,-64.885915
1,95,04/20/15 23:51,-3.060975,-64.885475
1,95,04/21/15 01:52,-3.060986,-64.884939
1,95,04/21/15 03:53,-3.060798,-64.884539
1,95,04/21/15 05:54,-3.061024,-64.883743
1,95,04/21/15 07:55,-3.061247,-64.883104
1,95,04/21/15 09:56,-3.061407,-64.882368
1,95,04/21/15 11:57,-3.061227,-64.881698
1,95,04/21/15 13:58,-3.061192,-64.881323
1,95,04/21/15 15:59,-3.061281,-64.880531
1,95,04/21/15 18:00,-3.061252,-64.880157
1,95,04/21/15 20:01,-3.061433,-64.879615
1,95,04/21/15 22:02,-3.061329,-64.879014
1,95,04/22/15 00:03,-3.061827,-64.878702
1,95,04/22/15 02:04,-3.061939,-64.877819
1,95,04/22/15 04:05,-3.062178,-64.877399
1,95,04/22/15 06:06,-3.062747,-64.876563
4,95,04/22/15 08:07,-3.063213,-64.875486
1,95,04/22/15 10:08,-3.06384,-64.874867
1,95,04/22/15 12:09,-3.064188,-64.874021
1,95,04/22/15 14:10,-3.064728,-64.873429
1,95,04/22/15 16:11,-3.064992,-64.872438
4,95,04/22/15 18:12,-3.065419,-64.871342
1,95,04/22/15 20:13,-3.06596,-64.870785
1,95,04/22/15 22:14,-3.066602,-64.869409
4,95,04/23/15 00:15,-3.067227,-64.868428
4,95,04/23/15 02:16,-3.067548,-64.867415
4,95,04/23/15 04:17,-3.067901,-64.866307
4,95,04/23/15 06:18,-3.068437,-64.865362
4,95,04/23/15 08:19,-3.06887,-64.864114
4,95,04/23/15 10:20,-3.069641,-64.863206
4,95,04/23/15 12:21,-3.070042,-64.862164
4,95,04/23/15 14:22,-3.070592,-64.860757
4,95,04/23/15 16:23,-3.071331,-64.859448
4,95,04/23/15 18:24,-3.071787,-64.858479
4,95,04/23/15 20:25,-3.072635,-64.857534
4,95,04/23/15 22:26,-3.073152,-64.856362
3,95,04/24/15 00:27,-3.073782,-64.855316
3,95,04/24/15 02:28,-3.074188,-64.854292
3,95,04/24/15 04:29,-3.074129,-64.853158
3,95,04/24/15 06:30,-3.074532,-64.851808
3,95,04/24/15 08:31,-3.075594,-64.850246
3,95,04/24/15 10:32,-3.076557,-64.848557
3,95,04/24/15 12:33,-3.076888,-64.847542
3,95,04/24/15 14:34,-3.077523,-64.84611
3,95,04/24/15 16:35,-3.07834,-64.844868
3,95,04/24/15 18:36,-3.078954,-64.843594
3,95,04/24/15 20:37,-3.079713,-64.841945
3,95,04/24/15 22:38,-3.080167,-64.840831
3,95,04/25/15 00:39,-3.081181,-64.839777
3,95,04/25/15 02:40,-3.082351,-64.838486
3,95,04/25/15 04:41,-3.083005,-64.837311
3,95,04/25/15 12:45,-3.081247,-64.844561
3,95,04/25/15 14:46,-3.080006,-64.845431
3,95,04/25/15 16:47,-3.079328,-64.846118
3,95,04/25/15 18:48,-3.078911,-64.846621
3,95,04/25/15 20:49,-3.078356,-64.84713
3,95,04/25/15 22:50,-3.077535,-64.847725
3,95,04/26/15 00:51,-3.076941,-64.84846
3,95,04/26/15 02:52,-3.07588,-64.849302
3,95,04/26/15 04:53,-3.075408,-64.85004
3,95,04/26/15 06:54,-3.075071,-64.8505
3,95,04/26/15 08:55,-3.074338,-64.851178
3,95,04/26/15 10:56,-3.073492,-64.851989
3,95,04/26/15 12:57,-3.072614,-64.852883
3,95,04/26/15 14:58,-3.072154,-64.853771
3,95,04/26/15 16:59,-3.071879,-64.854389
3,95,04/26/15 19:00,-3.071335,-64.85519
3,95,04/26/15 21:01,-3.070579,-64.85594
4,95,04/26/15 23:02,-3.069722,-64.8565
4,95,04/27/15 01:03,-3.069105,-64.856721
4,95,04/27/15 03:04,-3.068619,-64.856877
4,95,04/27/15 05:05,-3.06752,-64.85763
4,95,04/27/15 07:06,-3.066737,-64.85863
4,95,04/27/15 09:07,-3.065805,-64.859187
4,95,04/27/15 11:08,-3.065193,-64.859888
4,95,04/27/15 13:09,-3.064457,-64.859828
4,95,04/27/15 15:10,-3.063437,-64.860349
4,95,04/27/15 17:11,-3.06264,-64.86121
4,95,04/27/15 19:12,-3.061841,-64.861534
4,95,04/27/15 21:13,-3.061619,-64.861956
4,95,04/27/15 23:14,-3.060957,-64.862112
4,95,04/28/15 01:15,-3.059783,-64.862655
4,95,04/28/15 03:16,-3.059275,-64.863127
4,95,04/28/15 05:17,-3.058396,-64.863435
4,95,04/28/15 07:18,-3.058157,-64.864048
4,95,04/28/15 09:19,-3.057498,-64.864264
4,95,04/28/15 11:20,-3.05668,-64.865501
4,95,04/28/15 13:21,-3.055799,-64.865914
4,95,04/28/15 15:22,-3.05518,-64.866227
4,95,04/28/15 17:23,-3.054827,-64.866637
4,95,04/28/15 19:24,-3.054191,-64.86663
4,95,04/28/15 21:25,-3.053735,-64.867344
4,95,04/28/15 23:26,-3.053129,-64.8679
4,95,04/29/15 01:27,-3.052304,-64.86823
4,95,04/29/15 03:28,-3.051999,-64.868814
4,95,04/29/15 05:29,-3.051591,-64.869025
4,95,04/29/15 07:30,-3.051044,-64.869687
4,95,04/29/15 09:31,-3.05039,-64.870344
4,95,04/29/15 11:32,-3.049855,-64.870859
1,95,04/29/15 13:33,-3.049526,-64.871148
1,95,04/29/15 15:34,-3.049308,-64.871539
1,95,04/29/15 17:35,-3.04884,-64.872107
1,95,04/29/15 19:36,-3.048145,-64.872806
1,95,04/29/15 21:37,-3.047467,-64.873132
1,95,04/29/15 23:38,-3.046789,-64.873518
1,95,04/30/15 01:39,-3.04604,-64.873714
1,95,04/30/15 03:40,-3.045518,-64.874689
1,95,04/30/15 05:41,-3.045372,-64.875127
1,95,04/30/15 07:42,-3.04493,-64.875218
1,95,04/30/15 09:43,-3.044633,-64.875668
1,95,04/30/15 11:44,-3.044208,-64.87584
1,95,04/30/15 13:45,-3.043922,-64.875943
1,95,04/30/15 15:46,-3.043754,-64.876362
1,95,04/30/15 17:47,-3.043134,-64.876819
1,95,04/30/15 19:48,-3.042786,-64.877252
1,95,04/30/15 21:49,-3.041919,-64.877259
1,95,04/30/15 23:50,-3.040986,-64.877897
1,95,05/01/15 01:51,-3.040715,-64.878207
4,95,05/01/15 03:52,-3.040417,-64.878387
4,95,05/01/15 05:53,-3.040303,-64.878524
4,95,05/01/15 07:54,-3.040185,-64.878851
4,95,05/01/15 09:55,-3.039837,-64.879254
4,95,05/01/15 11:56,-3.03908,-64.879629
4,95,05/01/15 13:57,-3.038524,-64.879892
4,95,05/01/15 15:58,-3.037974,-64.879871
4,95,05/01/15 17:59,-3.037931,-64.880037
4,95,05/01/15 20:00,-3.037538,-64.88044
4,95,05/01/15 22:01,-3.037309,-64.881162
1,95,05/02/15 00:02,-3.037344,-64.881491
1,95,05/02/15 02:03,-3.036832,-64.881589
1,95,05/02/15 04:04,-3.03659,-64.882025
1,95,05/02/15 06:05,-3.036235,-64.882648
1,95,05/02/15 08:06,-3.036203,-64.882955
1,95,05/02/15 10:07,-3.035771,-64.883227
1,95,05/02/15 12:08,-3.035613,-64.883498
1,95,05/02/15 14:09,-3.035288,-64.883489
1,95,05/02/15 16:10,-3.034871,-64.883994
1,95,05/02/15 18:11,-3.034697,-64.884443
1,95,05/02/15 20:12,-3.034309,-64.88459
1,95,05/02/15 22:13,-3.034345,-64.884777
1,95,05/03/15 00:14,-3.03421,-64.884789
1,95,05/03/15 02:15,-3.034016,-64.885065
1,95,05/03/15 04:16,-3.033828,-64.88544
1,95,05/03/15 06:17,-3.033573,-64.88549
1,95,05/03/15 08:18,-3.033501,-64.885548
1,95,05/03/15 10:19,-3.033338,-64.885479
1,95,05/03/15 12:20,-3.0331,-64.885649
1,95,05/03/15 14:21,-3.03311,-64.885759
1,95,05/03/15 16:22,-3.032704,-64.885566
1,95,05/03/15 18:23,-3.032544,-64.885621
1,95,05/03/15 20:24,-3.032483,-64.885587
1,95,05/03/15 22:25,-3.032186,-64.885721
1,95,05/04/15 00:26,-3.03184,-64.885683
1,95,05/04/15 02:27,-3.031525,-64.885761
1,95,05/04/15 04:28,-3.031509,-64.885599
1,95,05/04/15 06:29,-3.031354,-64.885677
1,95,05/04/15 08:30,-3.031211,-64.886188
1,95,05/04/15 10:31,-3.031062,-64.88637
1,95,05/04/15 12:32,-3.030758,-64.886273
1,95,05/04/15 14:33,-3.03089,-64.886272
1,95,05/04/15 16:34,-3.03084,-64.886487
1,95,05/04/15 18:35,-3.030473,-64.886851
1,95,05/04/15 20:36,-3.030585,-64.887213
1,95,05/04/15 22:37,-3.03009,-64.887111
1,95,05/05/15 00:38,-3.030071,-64.887227
1,95,05/05/15 02:39,-3.030006,-64.887193
1,95,05/05/15 04:40,-3.029942,-64.887456
1,95,05/05/15 06:41,-3.029806,-64.887533
1,95,05/05/15 08:42,-3.029896,-64.88754
1,95,05/05/15 10:43,-3.029924,-64.88748
1,95,05/05/15 12:44,-3.029878,-64.887606
1,95,05/05/15 14:45,-3.02966,-64.887684
1,95,05/05/15 16:46,-3.029809,-64.887799
1,95,05/05/15 18:47,-3.02954,-64.887657
1,95,05/05/15 20:48,-3.029435,-64.887576
1,95,05/05/15 22:49,-3.029381,-64.887507
1,95,05/06/15 00:50,-3.029258,-64.887531
1,95,05/06/15 02:51,-3.02942,-64.887428
1,95,05/06/15 04:52,-3.029433,-64.887308
1,95,05/06/15 06:53,-3.029471,-64.886981
1,95,05/06/15 08:54,-3.029673,-64.886717
1,95,05/06/15 10:55,-3.029617,-64.887091
1,95,05/06/15 12:56,-3.02979,-64.887287
1,95,05/06/15 14:57,-3.029539,-64.887042
1,95,05/06/15 16:58,-3.029635,-64.886771
1,95,05/06/15 18:59,-3.029824,-64.886815
1,95,05/06/15 21:00,-3.029758,-64.886722
1,95,05/06/15 23:01,-3.029909,-64.886515
1,95,05/07/15 01:02,-3.030081,-64.886481
1,95,05/07/15 03:03,-3.030311,-64.886015
1,95,05/07/15 05:04,-3.030221,-64.886315
1,95,05/07/15 07:05,-3.030248,-64.886335
1,95,05/07/15 09:06,-3.03056,-64.886119
1,95,05/07/15 11:07,-3.030665,-64.885976
1,95,05/07/15 13:08,-3.031039,-64.885712
1,95,05/07/15 15:09,-3.03086,-64.88583
1,95,05/07/15 17:10,-3.030599,-64.885931
1,95,05/07/15 19:11,-3.030764,-64.886075
1,95,05/07/15 21:12,-3.031217,-64.885652
1,95,05/07/15 23:13,-3.031376,-64.885377
1,95,05/08/15 01:14,-3.031684,-64.88543
1,95,05/08/15 03:15,-3.031854,-64.885283
1,95,05/08/15 05:16,-3.032054,-64.885171
1,95,05/08/15 07:17,-3.032191,-64.88474
1,95,05/08/15 09:18,-3.03216,-64.884754
1,95,05/08/15 11:19,-3.032316,-64.884627
1,95,05/08/15 13:20,-3.032168,-64.884607
1,95,05/08/15 15:21,-3.032678,-64.88453
1,95,05/08/15 17:22,-3.032745,-64.884393
1,95,05/08/15 19:23,-3.033064,-64.884097
1,95,05/08/15 21:24,-3.033054,-64.883983
1,95,05/08/15 23:25,-3.033197,-64.883774
1,95,05/09/15 01:26,-3.033503,-64.883476
1,95,05/09/15 03:27,-3.033894,-64.883087
1,95,05/09/15 05:28,-3.034091,-64.882575
1,95,05/09/15 07:29,-3.034489,-64.882518
1,95,05/09/15 09:30,-3.034692,-64.882409
1,95,05/09/15 11:31,-3.035067,-64.881977
1,95,05/09/15 13:32,-3.035267,-64.881585
4,95,05/09/15 15:33,-3.035756,-64.881095
4,95,05/09/15 17:34,-3.035836,-64.880896
4,95,05/09/15 19:35,-3.036171,-64.880752
4,95,05/09/15 21:36,-3.036586,-64.880786
4,95,05/09/15 23:37,-3.03692,-64.88017
4,95,05/10/15 01:38,-3.037063,-64.879578
4,95,05/10/15 03:39,-3.037299,-64.8793
4,95,05/10/15 05:40,-3.03789,-64.879014
4,95,05/10/15 07:41,-3.038301,-64.878902
4,95,05/10/15 09:42,-3.038552,-64.878632
4,95,05/10/15 11:43,-3.039129,-64.878335
4,95,05/10/15 13:44,-3.039642,-64.878076
4,95,05/10/15 15:45,-3.039937,-64.878031
1,95,05/10/15 17:46,-3.040441,-64.877616
1,95,05/10/15 19:47,-3.040916,-64.877379
1,95,05/10/15 21:48,-3.041459,-64.876943
1,95,05/10/15 23:49,-3.041813,-64.876582
1,95,05/11/15 01:50,-3.042136,-64.876466
1,95,05/11/15 03:51,-3.04234,-64.876282
1,95,05/11/15 05:52,-3.042738,-64.875658
1,95,05/11/15 07:53,-3.043342,-64.875096
1,95,05/11/15 09:54,-3.043788,-64.874847
1,95,05/11/15 11:55,-3.044103,-64.874649
1,95,05/11/15 13:56,-3.044743,-64.874447
1,95,05/11/15 15:57,-3.044832,-64.873876
1,95,05/11/15 17:58,-3.045257,-64.873038
1,95,05/11/15 19:59,-3.045392,-64.872485
1,95,05/11/15 22:00,-3.045724,-64.872161
1,95,05/12/15 00:01,-3.046225,-64.871775
1,95,05/12/15 02:02,-3.046813,-64.871368
1,95,05/12/15 04:03,-3.047301,-64.870607
1,95,05/12/15 06:04,-3.047728,-64.870255
1,95,05/12/15 08:05,-3.047945,-64.869882
1,95,05/12/15 10:06,-3.048508,-64.869542
4,95,05/12/15 12:07,-3.049279,-64.869126
4,95,05/12/15 14:08,-3.049776,-64.86865
4,95,05/12/15 16:09,-3.050125,-64.868702
4,95,05/12/15 18:10,-3.050753,-64.868281
4,95,05/12/15 20:11,-3.051415,-64.868028
4,95,05/12/15 22:12,-3.05163,-64.867554
4,95,05/13/15 00:13,-3.052142,-64.867081
4,95,05/13/15 02:14,-3.052585,-64.867114
4,95,05/13/15 04:15,-3.052996,-64.866801
4,95,05/13/15 06:16,-3.05358,-64.866432
4,95,05/13/15 08:17,-3.053948,-64.865949
4,95,05/13/15 10:18,-3.054396,-64.865203
4,95,05/13/15 12:19,-3.054638,-64.864973
4,95,05/13/15 14:20,-3.055167,-64.864701
4,95,05/13/15 16:21,-3.055948,-64.863968
4,95,05/13/15 18:22,-3.05644,-64.863454
4,95,05/13/15 20:23,-3.057455,-64.862734
4,95,05/13/15 22:24,-3.057796,-64.862283
4,95,05/14/15 00:25,-3.058198,-64.861692
4,95,05/14/15 02:26,-3.058984,-64.861179
4,95,05/14/15 04:27,-3.05969,-64.860466
4,95,05/14/15 06:28,-3.060483,-64.859419
4,95,05/14/15 08:29,-3.061,-64.859198
4,95,05/14/15 10:30,-3.061326,-64.858501
4,95,05/14/15 12:31,-3.062621,-64.8578
4,95,05/14/15 14:32,-3.063295,-64.857127
4,95,05/14/15 16:33,-3.063906,-64.856601
4,95,05/14/15 18:34,-3.064263,-64.856297
4,95,05/14/15 20:35,-3.065162,-64.85583
3,95,05/14/15 22:36,-3.065985,-64.855277
3,95,05/15/15 00:37,-3.066621,-64.854918
3,95,05/15/15 02:38,-3.067656,-64.85439
3,95,05/15/15 04:39,-3.068362,-64.854129
3,95,05/15/15 06:40,-3.069202,-64.853264
3,95,05/15/15 08:41,-3.070204,-64.852679
3,95,05/15/15 10:42,-3.071132,-64.851756
3,95,05/15/15 12:43,-3.071726,-64.850853
3,95,05/15/15 14:44,-3.072422,-64.850542
3,95,05/15/15 16:45,-3.072862,-64.849958
3,95,05/15/15 18:46,-3.073654,-64.849414
3,95,05/15/15 20:47,-3.07469,-64.848727
3,95,05/15/15 22:48,-3.075734,-64.848003
3,95,05/16/15 00:49,-3.076406,-64.847775
3,95,05/16/15 02:50,-3.077364,-64.846947
3,95,05/16/15 04:51,-3.078249,-64.846324
3,95,05/16/15 06:52,-3.079237,-64.845743
3,95,05/16/15 08:53,-3.079997,-64.844893
3,95,05/16/15 10:54,-3.080463,-64.844572
3,95,05/16/15 12:55,-3.08135,-64.844013
3,95,05/16/15 14:56,-3.082116,-64.843363
3,95,05/16/15 16:57,-3.083451,-64.842516
3,95,05/16/15 18:58,-3.084389,-64.841777
3,95,05/16/15 20:59,-3.085208,-64.841404
3,95,05/16/15 23:00,-3.0859,-64.840852
3,95,05/17/15 01:01,-3.087143,-64.840357
3,95,05/17/15 03:02,-3.087921,-64.839522
3,95,05/17/15 05:03,-3.088365,-64.838349
3,95,05/17/15 07:04,-3.088925,-64.837946
3,95,05/17/15 09:05,-3.089953,-64.836888
3,95,05/17/15 11:06,-3.091029,-64.835927
3,95,05/17/15 13:07,-3.091785,-64.834676
3,95,05/17/15 17:09,-3.091881,-64.835205
3,95,05/17/15 19:10,-3.0911,-64.836612
3,95,05/17/15 21:11,-3.090199,-64.837943
3,95,05/17/15 23:12,-3.089641,-64.839053
3,95,05/18/15 01:13,-3.089248,-64.839805
3,95,05/18/15 03:14,-3.088462,-64.841177
3,95,05/18/15 05:15,-3.087608,-64.842148
3,95,05/18/15 07:16,-3.086893,-64.842818
3,95,05/18/15 09:17,-3.08624,-64.843534
3,95,05/18/15 11:18,-3.086055,-64.843589
3,95,05/18/15 13:19,-3.085428,-64.84441
3,95,05/18/15 15:20,-3.085208,-64.844897
3,95,05/18/15 17:21,-3.085024,-64.845167
3,95,05/18/15 19:22,-3.084739,-64.845271
3,95,05/18/15 21:23,-3.084944,-64.84515
3,95,05/18/15 23:24,-3.084962,-64.845522
3,95,05/19/15 01:25,-3.085111,-64.845593
3,95,05/19/15 03:26,-3.085715,-64.846109
3,95,05/19/15 05:27,-3.086039,-64.84602
3,95,05/19/15 21:35,-3.083265,-64.851901
3,95,05/19/15 23:36,-3.081639,-64.853589
3,95,05/20/15 01:37,-3.08017,-64.854833
3,95,05/20/15 03:38,-3.079251,-64.856721
3,95,05/20/15 05:39,-3.078233,-64.857984
3,95,05/20/15 07:40,-3.077058,-64.859529
3,95,05/20/15 09:41,-3.076046,-64.861164
4,95,05/20/15 11:42,-3.074587,-64.862534
4,95,05/20/15 13:43,-3.073701,-64.864092
4,95,05/20/15 15:44,-3.072975,-64.864994
4,95,05/20/15 17:45,-3.071991,-64.866365
1,95,05/20/15 19:46,-3.071142,-64.867987
1,95,05/20/15 21:47,-3.070103,-64.869404
1,95,05/20/15 23:48,-3.069522,-64.870688
1,95,05/21/15 01:49,-3.069039,-64.871357
1,95,05/21/15 03:50,-3.068506,-64.872559
1,95,05/21/15 05:51,-3.067734,-64.873999
1,95,05/21/15 07:52,-3.066801,-64.875114
1,95,05/21/15 09:53,-3.066313,-64.876319
1,95,05/21/15 11:54,-3.065644,-64.87686
1,95,05/21/15 13:55,-3.064873,-64.87788
1,95,05/21/15 15:56,-3.064287,-64.879126
1,95,05/21/15 17:57,-3.063819,-64.88012
1,95,05/21/15 19:58,-3.063707,-64.88092
1,95,05/21/15 21:59,-3.063295,-64.881525
1,95,05/22/15 00:00,-3.06288,-64.882497
1,95,05/22/15 02:01,-3.062416,-64.883634
1,95,05/22/15 04:02,-3.062064,-64.884404
1,95,05/22/15 06:03,-3.061911,-64.885114
1,95,05/22/15 08:04,-3.061929,-64.88581
1,95,05/22/15 10:05,-3.061641,-64.886517
1,95,05/22/15 12:06,-3.061432,-64.887573
1,95,05/22/15 14:07,-3.061191,-64.887914
1,95,05/22/15 16:08,-3.061129,-64.888699
1,95,05/22/15 18:09,-3.060994,-64.889008
1,95,05/22/15 20:10,-3.061188,-64.889648
1,95,05/22/15 22:11,-3.060962,-64.890564
1,95,05/23/15 00:12,-3.060722,-64.89128
1,95,05/23/15 02:13,-3.061045,-64.8918
1,95,05/23/15 04:14,-3.061143,-64.89222
1,95,05/23/15 06:15,-3.061468,-64.892397
1,95,05/23/15 08:16,-3.061097,-64.893069
1,95,05/23/15 10:17,-3.061097,-64.89362
1,95,05/23/15 12:18,-3.061691,-64.894032
1,95,05/23/15 14:19,-3.061893,-64.893991
1,95,05/24/15 00:24,-3.062301,-64.893802
1,95,05/24/15 02:25,-3.06155,-64.894704
1,95,05/24/15 04:26,-3.060655,-64.895183
1,95,05/24/15 06:27,-3.059957,-64.895882
1,95,05/24/15 08:28,-3.059288,-64.896141
1,95,05/24/15 10:29,-3.058293,-64.896841
1,95,05/24/15 12:30,-3.057182,-64.897706
1,95,05/24/15 14:31,-3.055696,-64.89863
1,95,05/24/15 16:32,-3.055101,-64.899527
1,95,05/24/15 18:33,-3.054468,-64.899933
1,95,05/24/15 20:34,-3.053832,-64.900834
1,95,05/24/15 22:35,-3.05302,-64.901637
1,95,05/25/15 00:36,-3.051775,-64.902408
1,95,05/25/15 02:37,-3.050996,-64.903325
1,95,05/25/15 04:38,-3.05039,-64.903534
1,95,05/25/15 06:39,-3.048962,-64.904704
1,95,05/25/15 08:40,-3.048179,-64.905944
1,95,05/25/15 10:41,-3.047425,-64.906377
1,95,05/25/15 12:42,-3.046511,-64.906799
1,95,05/25/15 14:43,-3.045702,-64.90717
1,95,05/25/15 16:44,-3.044763,-64.907846
1,95,05/25/15 18:45,-3.043782,-64.908841
1,95,05/25/15 20:46,-3.042452,-64.909556
1,95,05/25/15 22:47,-3.041844,-64.910126
1,95,05/26/15 00:48,-3.041328,-64.910289
1,95,05/26/15 02:49,-3.040475,-64.911028
1,95,05/26/15 04:50,-3.039084,-64.911527
1,95,05/26/15 06:51,-3.038126,-64.911817
1,95,05/26/15 08:52,-3.037578,-64.912238
1,95,05/26/15 10:53,-3.036899,-64.912777
1,95,05/26/15 12:54,-3.035834,-64.913902
1,95,05/26/15 14:55,-3.034832,-64.914912
1,95,05/26/15 16:56,-3.033783,-64.915614
1,95,05/26/15 18:57,-3.033206,-64.916104
1,95,05/26/15 20:58,-3.032383,-64.916439
1,95,05/26/15 22:59,-3.031562,-64.917522
1,95,05/27/15 01:00,-3.030899,-64.918055
1,95,05/27/15 03:01,-3.029912,-64.918724
1,95,05/27/15 05:02,-3.029231,-64.919327
1,95,05/27/15 07:03,-3.028238,-64.919451
1,95,05/27/15 09:04,-3.027502,-64.920166
1,95,05/27/15 11:05,-3.02644,-64.921164
1,95,05/27/15 13:06,-3.025449,-64.92172
1,95,05/27/15 15:07,-3.024832,-64.922312
1,95,05/27/15 17:08,-3.024105,-64.922908
1,95,05/27/15 19:09,-3.023573,-64.923742
1,95,05/27/15 21:10,-3.022954,-64.924447
1,95,05/27/15 23:11,-3.021905,-64.924898
1,95,05/28/15 01:12,-3.021085,-64.925427
1,95,05/28/15 03:13,-3.020502,-64.925439
1,95,05/28/15 05:14,-3.019674,-64.926264
1,95,05/28/15 07:15,-3.019155,-64.926985
1,95,05/28/15 09:16,-3.017957,-64.927776
1,95,05/28/15 11:17,-3.017077,-64.928692
1,95,05/28/15 13:18,-3.016388,-64.929037
1,95,05/28/15 15:19,-3.015725,-64.930216
1,95,05/28/15 17:20,-3.014778,-64.930887
1,95,05/28/15 19:21,-3.013792,-64.93175
1,95,05/28/15 21:22,-3.012877,-64.932788
1,95,05/28/15 23:23,-3.011859,-64.932795
1,95,05/29/15 01:24,-3.011252,-64.933358
1,95,05/29/15 03:25,-3.010264,-64.934256
1,95,05/29/15 05:26,-3.009484,-64.935153
1,95,05/29/15 07:27,-3.008968,-64.935984
1,95,05/29/15 09:28,-3.007874,-64.936267
1,95,05/29/15 11:29,-3.006985,-64.937193
1,95,05/29/15 13:30,-3.006286,-64.938002
1,95,05/29/15 15:31,-3.005334,-64.938348
1,95,05/29/15 17:32,-3.004993,-64.939005
1,95,05/29/15 19:33,-3.0042,-64.938835
1,95,05/29/15 21:34,-3.00319,-64.93933
1,95,05/29/15 23:35,-3.002135,-64.940118
1,95,05/30/15 01:36,-3.001113,-64.94085
1,95,05/30/15 03:37,-3.000237,-64.941296
1,95,05/30/15 05:38,-2.999364,-64.941814
1,95,05/30/15 07:39,-2.99879,-64.942506
1,95,05/30/15 09:40,-2.998062,-64.943177
1,95,05/30/15 11:41,-2.997502,-64.94391
1,95,05/30/15 13:42,-2.996724,-64.944412
1,95,05/30/15 15:43,-2.995878,-64.944953
1,95,05/30/15 17:44,-2.995002,-64.946049
1,95,05/30/15 19:45,-2.99417,-64.946738
1,95,05/30/15 21:46,-2.993323,-64.947137
1,95,05/30/15 23:47,-2.992098,-64.947938
1,95,05/31/15 01:48,-2.99149,-64.947891
1,95,05/31/15 03:49,-2.99103,-64.948528
1,95,05/31/15 05:50,-2.990576,-64.949066
1,95,05/31/15 07:51,-2.9893,-64.949251
1,95,05/31/15 09:52,-2.988515,-64.950107
1,95,05/31/15 11:53,-2.988211,-64.950545
1,95,05/31/15 13:54,-2.987519,-64.951636
1,95,05/31/15 15:55,-2.986481,-64.952692
1,95,05/31/15 17:56,-2.985927,-64.953475
1,95,05/31/15 19:57,-2.985402,-64.954269
1,95,05/31/15 21:58,-2.985027,-64.95427
1,95,05/31/15 23:59,-2.9841,-64.95489
1,95,06/01/15 02:00,-2.983081,-64.95571
1,95,06/01/15 04:01,-2.981919,-64.956145
1,95,06/01/15 06:02,-2.981378,-64.956722
1,95,06/01/15 08:03,-2.980644,-64.95686
1,95,06/01/15 10:04,-2.979732,-64.957617
1,95,06/01/15 12:05,-2.979099,-64.958077
1,95,06/01/15 14:06,-2.978399,-64.95867
1,95,06/01/15 16:07,-2.977703,-64.959073
7,95,06/01/15 18:08,-2.976942,-64.959169
7,95,06/01/15 20:09,-2.976012,-64.959997
7,95,06/01/15 22:10,-2.975131,-64.960669
7,95,06/02/15 00:11,-2.974643,-64.961247
7,95,06/02/15 02:12,-2.974322,-64.961758
7,95,06/02/15 04:13,-2.97372,-64.96186
7,95,06/02/15 06:14,-2.972924,-64.962756
7,95,06/02/15 08:15,-2.972366,-64.963635
7,95,06/02/15 10:16,-2.971885,-64.96429
7,95,06/02/15 12:17,-2.971006,-64.964874
7,95,06/02/15 14:18,-2.970449,-64.965033
7,95,06/02/15 16:19,-2.969621,-64.965651
7,95,06/02/15 18:20,-2.968754,-64.966143
7,95,06/02/15 20:21,-2.968274,-64.966542
7,95,06/02/15 22:22,-2.967469,-64.967014
7,95,06/03/15 00:23,-2.966931,-64.967258
7,95,06/03/15 02:24,-2.966358,-64.968413
7,95,06/03/15 04:25,-2.965431,-64.969171
7,95,06/03/15 06:26,-2.964537,-64.969871
7,95,06/03/15 08:27,-2.964009,-64.970049
7,95,06/03/15 10:28,-2.963267,-64.970352
7,95,06/03/15 12:29,-2.962498,-64.971291
7,95,06/03/15 14:30,-2.961907,-64.972001
7,95,06/03/15 16:31,-2.960947,-64.972527
7,95,06/03/15 18:32,-2.960449,-64.973065
7,95,06/03/15 20:33,-2.960085,-64.973166
7,95,06/03/15 22:34,-2.959079,-64.974194
7,95,06/04/15 00:35,-2.958547,-64.974823
7,95,06/04/15 02:36,-2.957882,-64.975405
7,95,06/04/15 04:37,-2.957442,-64.976079
7,95,06/04/15 06:38,-2.957155,-64.976384
7,95,06/04/15 08:39,-2.956496,-64.976861
7,95,06/04/15 10:40,-2.956009,-64.977654
7,95,06/04/15 12:41,-2.955028,-64.978245
7,95,06/04/15 14:42,-2.954553,-64.978692
7,95,06/04/15 16:43,-2.954004,-64.97904
7,95,06/04/15 18:44,-2.953197,-64.979855
7,95,06/04/15 20:45,-2.952808,-64.980476
7,95,06/04/15 22:46,-2.952063,-64.981053
7,95,06/05/15 00:47,-2.951643,-64.98153
7,95,06/05/15 02:48,-2.95097,-64.981667
7,95,06/05/15 04:49,-2.950008,-64.982524
7,95,06/05/15 06:50,-2.949432,-64.982863
7,95,06/05/15 08:51,-2.948467,-64.983287
7,95,06/05/15 10:52,-2.948029,-64.983903
7,95,06/05/15 12:53,-2.947112,-64.984029
7,95,06/05/15 14:54,-2.946726,-64.984276
7,95,06/05/15 16:55,-2.946112,-64.98473
7,95,06/05/15 18:56,-2.945425,-64.985233
7,95,06/05/15 20:57,-2.94505,-64.985395
7,95,06/05/15 22:58,-2.944327,-64.985628
7,95,06/06/15 00:59,-2.943734,-64.986346
7,95,06/06/15 03:00,-2.942934,-64.986672
7,95,06/06/15 05:01,-2.942251,-64.987089
7,95,06/06/15 07:02,-2.941863,-64.987725
7,95,06/06/15 09:03,-2.94146,-64.987963
7,95,06/06/15 11:04,-2.940899,-64.988766
7,95,06/06/15 13:05,-2.940331,-64.989293
6,95,06/06/15 15:06,-2.939703,-64.989956
6,95,06/06/15 17:07,-2.93885,-64.990499
6,95,06/06/15 19:08,-2.938105,-64.990654
6,95,06/06/15 21:09,-2.937399,-64.991355
6,95,06/06/15 23:10,-2.93678,-64.991898
6,95,06/07/15 01:11,-2.935903,-64.992159
6,95,06/07/15 03:12,-2.935362,-64.992559
6,95,06/07/15 05:13,-2.93504,-64.99284
6,95,06/07/15 07:14,-2.934566,-64.993416
6,95,06/07/15 09:15,-2.933735,-64.99406
6,95,06/07/15 11:16,-2.93331,-64.994268
6,95,06/07/15 13:17,-2.932711,-64.99487
6,95,06/07/15 15:18,-2.932152,-64.995012
6,95,06/07/15 17:19,-2.931495,-64.995644
6,95,06/07/15 19:20,-2.93091,-64.996362
6,95,06/07/15 21:21,-2.930325,-64.996958
6,95,06/07/15 23:22,-2.930029,-64.997306
6,95,06/08/15 01:23,-2.929843,-64.997441
6,95,06/08/15 03:24,-2.929493,-64.998073
6,95,06/08/15 05:25,-2.929105,-64.998533
6,95,06/08/15 07:26,-2.928411,-64.999205
6,95,06/08/15 09:27,-2.927893,-64.999616
6,95,06/08/15 11:28,-2.927665,-64.999534
6,95,06/08/15 13:29,-2.927154,-65.000004
6,95,06/08/15 15:30,-2.926559,-65.000492
6,95,06/08/15 17:31,-2.925727,-65.000945
6,95,06/08/15 19:32,-2.925152,-65.001634
6,95,06/08/15 21:33,-2.924854,-65.001796
6,95,06/08/15 23:34,-2.924164,-65.002253
6,95,06/09/15 01:35,-2.92379,-65.002558
6,95,06/09/15 03:36,-2.923062,-65.002809
6,95,06/09/15 05:37,-2.922863,-65.003224
6,95,06/09/15 07:38,-2.922784,-65.003358
6,95,06/09/15 09:39,-2.922231,-65.004302
6,95,06/09/15 11:40,-2.921707,-65.004779
6,95,06/09/15 13:41,-2.920723,-65.005105
6,95,06/09/15 15:42,-2.920212,-65.005645
6,95,06/09/15 17:43,-2.919762,-65.005837
6,95,06/09/15 19:44,-2.919183,-65.006208
6,95,06/09/15 21:45,-2.918938,-65.006848
6,95,06/09/15 23:46,-2.918149,-65.007173
6,95,06/10/15 01:47,-2.917644,-65.007713
6,95,06/10/15 03:48,-2.91729,-65.007845
6,95,06/10/15 05:49,-2.916891,-65.008421
6,95,06/10/15 07:50,-2.915897,-65.008668
6,95,06/10/15 09:51,-2.915531,-65.009099
6,95,06/10/15 11:52,-2.914907,-65.009676
6,95,06/10/15 13:53,-2.91424,-65.009822
6,95,06/10/15 15:54,-2.913817,-65.010161
6,95,06/10/15 17:55,-2.913016,-65.010456
6,95,06/10/15 19:56,-2.91261,-65.010948
6,95,06/10/15 21:57,-2.912058,-65.011374
6,95,06/10/15 23:58,-2.911606,-65.011789
6,95,06/11/15 01:59,-2.910514,-65.012311
6,95,06/11/15 04:00,-2.909839,-65.012875
6,95,06/11/15 06:01,-2.90895,-65.013413
6,95,06/11/15 08:02,-2.908594,-65.014033
6,95,06/11/15 10:03,-2.908127,-65.014121
6,95,06/11/15 12:04,-2.907507,-65.014598
6,95,06/11/15 14:05,-2.906991,-65.015037
6,95,06/11/15 16:06,-2.906484,-65.015486
6,95,06/11/15 18:07,-2.906333,-65.016053
6,95,06/11/15 20:08,-2.906118,-65.016221
6,95,06/11/15 22:09,-2.905796,-65.016727
6,95,06/12/15 00:10,-2.905187,-65.01676
6,95,06/12/15 02:11,-2.904696,-65.017034
6,95,06/12/15 04:12,-2.904319,-65.017626
6,95,06/12/15 06:13,-2.904172,-65.017569
6,95,06/12/15 08:14,-2.903468,-65.018012
6,95,06/12/15 10:15,-2.902993,-65.018364
6,95,06/12/15 12:16,-2.902819,-65.018798
6,95,06/12/15 14:17,-2.90222,-65.019373
6,95,06/12/15 16:18,-2.901535,-65.019393
6,95,06/12/15 18:19,-2.900564,-65.019962
6,95,06/12/15 20:20,-2.899731,-65.020576
6,95,06/12/15 22:21,-2.899194,-65.020988
6,95,06/13/15 00:22,-2.898776,-65.021234
6,95,06/13/15 02:23,-2.898508,-65.021232
6,95,06/13/15 04:24,-2.898091,-65.021739
6,95,06/13/15 06:25,-2.897725,-65.022185
6,95,06/13/15 08:26,-2.897099,-65.022689
6,95,06/13/15 10:27,-2.896656,-65.02323
6,95,06/13/15 12:28,-2.896299,-65.023334
6,95,06/13/15 14:29,-2.895811,-65.023699
6,95,06/13/15 16:30,-2.895601,-65.024357
6,95,06/13/15 18:31,-2.894964,-65.024736
6,95,06/13/15 20:32,-2.894363,-65.024984
6,95,06/13/15 22:33,-2.893832,-65.025468
6,95,06/14/15 00:34,-2.893382,-65.025881
6,95,06/14/15 02:35,-2.892896,-65.026365
6,95,06/14/15 04:36,-2.892468,-65.027018
6,95,06/14/15 06:37,-2.891877,-65.027565
6,95,06/14/15 08:38,-2.891565,-65.027845
6,95,06/14/15 10:39,-2.891049,-65.028319
6,95,06/14/15 12:40,-2.890255,-65.028673
6,95,06/14/15 14:41,-2.889646,-65.02899
6,95,06/14/15 16:42,-2.889236,-65.029188
6,95,06/14/15 18:43,-2.888599,-65.029407
6,95,06/14/15 20:44,-2.888023,-65.029988
6,95,06/14/15 22:45,-2.887783,-65.030321
6,95,06/15/15 00:46,-2.887346,-65.030616
6,95,06/15/15 02:47,-2.887046,-65.030984
6,95,06/15/15 04:48,-2.88694,-65.031011
6,95,06/15/15 06:49,-2.886661,-65.0315
6,95,06/15/15 08:50,-2.885993,-65.031876
6,95,06/15/15 10:51,-2.885848,-65.032515
6,95,06/15/15 12:52,-2.885674,-65.032734
6,95,06/15/15 14:53,-2.885102,-65.03261
6,95,06/15/15 16:54,-2.885054,-65.032958
6,95,06/15/15 18:55,-2.88456,-65.033516
6,95,06/15/15 20:56,-2.884084,-65.033978
6,95,06/15/15 22:57,-2.883777,-65.034309
6,95,06/16/15 00:58,-2.883246,-65.03449
6,95,06/16/15 02:59,-2.882739,-65.034757
6,95,06/16/15 05:00,-2.882351,-65.035213
6,95,06/16/15 07:01,-2.881931,-65.035637
6,95,06/16/15 09:02,-2.881762,-65.035604
6,95,06/16/15 11:03,-2.881708,-65.03568
6,95,06/16/15 13:04,-2.881573,-65.036082
6,95,06/16/15 15:05,-2.881098,-65.036458
6,95,06/16/15 17:06,-2.880571,-65.036967
6,95,06/16/15 19:07,-2.879994,-65.03713
6,95,06/16/15 21:08,-2.879695,-65.037348
6,95,06/16/15 23:09,-2.879335,-65.037943
6,95,06/17/15 01:10,-2.879195,-65.038289
6,95,06/17/15 03:11,-2.878834,-65.038483
6,95,06/17/15 05:12,-2.878356,-65.038577
6,95,06/17/15 07:13,-2.878106,-65.038419
6,95,06/17/15 09:14,-2.877886,-65.038927
6,95,06/17/15 11:15,-2.877742,-65.039035
6,95,06/17/15 13:16,-2.877762,-65.039267
6,95,06/17/15 15:17,-2.87753,-65.039651
6,95,06/17/15 17:18,-2.877312,-65.039685
6,95,06/17/15 19:19,-2.876732,-65.040006
6,95,06/17/15 21:20,-2.876715,-65.040019
6,95,06/17/15 23:21,-2.876318,-65.040479
6,95,06/18/15 01:22,-2.87581,-65.040862
6,95,06/18/15 03:23,-2.875629,-65.040983
6,95,06/18/15 05:24,-2.875517,-65.041549
6,95,06/18/15 07:25,-2.87503,-65.041829
6,95,06/18/15 09:26,-2.874646,-65.042116
6,95,06/18/15 11:27,-2.874126,-65.042278
6,95,06/18/15 13:28,-2.873727,-65.042167
6,95,06/18/15 15:29,-2.873451,-65.042698
6,95,06/18/15 17:30,-2.872977,-65.043131
6,95,06/18/15 19:31,-2.872255,-65.043428
6,95,06/18/15 21:32,-2.871957,-65.043676
6,95,06/18/15 23:33,-2.871625,-65.043908
6,95,06/19/15 01:34,-2.871223,-65.044257
6,95,06/19/15 03:35,-2.871074,-65.044576
6,95,06/19/15 05:36,-2.870544,-65.044916
6,95,06/19/15 07:37,-2.870311,-65.045047
6,95,06/19/15 09:38,-2.870204,-65.045135
6,95,06/19/15 11:39,-2.870211,-65.045525
6,95,06/19/15 13:40,-2.869902,-65.045916
6,95,06/19/15 15:41,-2.869476,-65.045896
6,95,06/19/15 17:42,-2.868943,-65.046007
6,95,06/19/15 19:43,-2.868686,-65.045851
6,95,06/19/15 21:44,-2.868204,-65.04622
6,95,06/19/15 23:45,-2.867814,-65.046122
6,95,06/20/15 01:46,-2.867595,-65.046375
6,95,06/20/15 03:47,-2.867049,-65.046198
6,95,06/20/15 05:48,-2.866912,-65.046378
6,95,06/20/15 07:49,-2.866494,-65.046783
6,95,06/20/15 09:50,-2.866212,-65.047073
6,95,06/20/15 11:51,-2.865642,-65.047239
6,95,06/20/15 13:52,-2.865289,-65.047535
6,95,06/20/15 15:53,-2.865189,-65.047278
6,95,06/20/15 17:54,-2.864868,-65.04783
6,95,06/20/15 19:55,-2.864481,-65.047843
6,95,06/20/15 21:56,-2.86416,-65.048108
6,95,06/20/15 23:57,-2.863914,-65.048267
6,95,06/21/15 01:58,-2.863607,-65.048396
6,95,06/21/15 03:59,-2.863455,-65.048923
6,95,06/21/15 06:00,-2.863291,-65.049259
6,95,06/21/15 08:01,-2.862804,-65.049644
6,95,06/21/15 10:02,-2.862652,-65.04995
6,95,06/21/15 12:03,-2.862525,-65.049903
6,95,06/21/15 14:04,-2.862235,-65.050347
6,95,06/21/15 16:05,-2.861903,-65.050491
6,95,06/21/15 18:06,-2.861685,-65.050694
6,95,06/21/15 20:07,-2.861285,-65.050879
6,95,06/21/15 22:08,-2.861333,-65.050792
6,95,06/22/15 00:09,-2.860972,-65.051078
6,95,06/22/15 02:10,-2.860582,-65.051255
6,95,06/22/15 04:11,-2.859901,-65.051144
6,95,06/22/15 06:12,-2.859908,-65.051374
6,95,06/22/15 08:13,-2.860159,-65.051401
6,95,06/22/15 10:14,-2.859914,-65.051586
6,95,06/22/15 12:15,-2.85978,-65.051456
6,95,06/22/15 14:16,-2.859418,-65.051614
6,95,06/22/15 16:17,-2.859009,-65.051824
6,95,06/22/15 18:18,-2.858483,-65.051617
6,95,06/22/15 20:19,-2.8581,-65.051976
6,95,06/22/15 22:20,-2.857879,-65.05207
6,95,06/23/15 00:21,-2.857638,-65.052329
6,95,06/23/15 02:22,-2.857405,-65.05265
6,95,06/23/15 04:23,-2.857476,-65.05268
6,95,06/23/15 06:24,-2.857121,-65.052682
6,95,06/23/15 08:25,-2.85684,-65.052892
6,95,06/23/15 10:26,-2.856425,-65.053267
6,95,06/23/15 12:27,-2.856141,-65.053476
6,95,06/23/15 14:28,-2.856221,-65.053596
6,95,06/23/15 16:29,-2.855973,-65.053713
6,95,06/23/15 18:30,-2.855531,-65.054059
6,95,06/23/15 20:31,-2.855139,-65.054258
6,95,06/23/15 22:32,-2.854914,-65.054438
6,95,06/24/15 00:33,-2.854921,-65.054695
6,95,06/24/15 02:34,-2.854798,-65.054929
6,95,06/24/15 04:35,-2.854693,-65.055117
6,95,06/24/15 06:36,-2.854173,-65.055192
6,95,06/24/15 08:37,-2.854153,-65.05528
6,95,06/24/15 10:38,-2.854077,-65.055196
6,95,06/24/15 12:39,-2.853673,-65.055456
6,95,06/24/15 14:40,-2.853298,-65.055661
6,95,06/24/15 16:41,-2.852981,-65.056167
6,95,06/24/15 18:42,-2.852488,-65.056069
6,95,06/24/15 20:43,-2.852422,-65.056105
6,95,06/24/15 22:44,-2.85186,-65.056704
6,95,06/25/15 00:45,-2.851503,-65.05691
6,95,06/25/15 02:46,-2.851258,-65.057115
6,95,06/25/15 04:47,-2.851185,-65.057154
6,95,06/25/15 06:48,-2.850935,-65.057279
6,95,06/25/15 08:49,-2.850601,-65.057321
6,95,06/25/15 10:50,-2.850361,-65.057298
6,95,06/25/15 12:51,-2.849879,-65.05756
6,95,06/25/15 14:52,-2.849857,-65.057738
6,95,06/25/15 16:53,-2.849838,-65.057497
6,95,06/25/15 18:54,-2.849762,-65.057783
6,95,06/25/15 20:55,-2.849471,-65.057829
6,95,06/25/15 22:56,-2.849092,-65.058307
6,95,06/26/15 00:57,-2.848746,-65.058391
6,95,06/26/15 02:58,-2.848614,-65.058553
6,95,06/26/15 04:59,-2.848346,-65.058714
6,95,06/26/15 07:00,-2.847911,-65.058925
6,95,06/26/15 09:01,-2.847716,-65.059141
6,95,06/26/15 11:02,-2.847537,-65.059179
6,95,06/26/15 13:03,-2.847553,-65.059044
6,95,06/26/15 15:04,-2.847241,-65.058914
6,95,06/26/15 17:05,-2.847122,-65.058933
6,95,06/26/15 19:06,-2.846597,-65.059285
6,95,06/26/15 21:07,-2.84646,-65.059525
6,95,06/26/15 23:08,-2.846119,-65.059713
6,95,06/27/15 01:09,-2.846012,-65.05986
6,95,06/27/15 03:10,-2.845756,-65.060146
6,95,06/27/15 05:11,-2.84532,-65.060413
6,95,06/27/15 07:12,-2.845121,-65.060513
6,95,06/27/15 09:13,-2.844903,-65.060479
6,95,06/27/15 11:14,-2.844538,-65.060806
6,95,06/27/15 13:15,-2.844032,-65.06099
6,95,06/27/15 15:16,-2.843386,-65.061237
6,95,06/27/15 17:17,-2.843062,-65.061085
6,95,06/27/15 19:18,-2.843066,-65.060975
6,95,06/27/15 21:19,-2.842729,-65.061232
6,95,06/27/15 23:20,-2.842573,-65.061443
6,95,06/28/15 01:21,-2.842536,-65.061463
6,95,06/28/15 03:22,-2.842888,-65.061465
6,95,06/28/15 05:23,-2.843066,-65.061451
6,95,06/28/15 07:24,-2.842829,-65.061564
6,95,06/28/15 09:25,-2.842402,-65.061647
6,95,06/28/15 11:26,-2.842229,-65.061744
6,95,06/28/15 13:27,-2.842081,-65.061845
6,95,06/28/15 15:28,-2.841998,-65.061818
6,95,06/28/15 17:29,-2.841795,-65.062097
6,95,06/28/15 19:30,-2.841653,-65.062135
6,95,06/28/15 21:31,-2.841106,-65.0625
6,95,06/28/15 23:32,-2.840803,-65.062349
6,95,06/29/15 01:33,-2.84091,-65.062331
6,95,06/29/15 03:34,-2.84067,-65.062588
6,95,06/29/15 05:35,-2.840642,-65.062577
6,95,06/29/15 07:36,-2.840049,-65.062657
6,95,06/29/15 09:37,-2.839898,-65.062816
6,95,06/29/15 11:38,-2.839998,-65.062783
6,95,06/29/15 13:39,-2.839667,-65.062804
6,95,06/29/15 15:40,-2.839507,-65.06284
6,95,06/29/15 17:41,-2.839315,-65.063152
6,95,06/29/15 19:42,-2.839291,-65.063206
6,95,06/29/15 21:43,-2.839437,-65.063065
6,95,06/29/15 23:44,-2.839273,-65.063087
6,95,06/30/15 01:45,-2.839195,-65.062995
6,95,06/30/15 03:46,-2.839317,-65.063176
6,95,06/30/15 05:47,-2.839051,-65.063251
6,95,06/30/15 07:48,-2.839118,-65.063106
6,95,06/30/15 09:49,-2.838819,-65.063262
6,95,06/30/15 11:50,-2.838829,-65.063334
6,95,06/30/15 13:51,-2.838977,-65.063493
6,95,06/30/15 15:52,-2.838932,-65.063327
6,95,06/30/15 17:53,-2.838954,-65.063221
6,95,06/30/15 19:54,-2.838703,-65.063444
6,95,06/30/15 21:55,-2.838819,-65.063393
6,95,06/30/15 23:56,-2.838445,-65.063711
6,95,07/01/15 01:57,-2.838324,-65.063803
6,95,07/01/15 03:58,-2.838093,-65.063571
6,95,07/01/15 05:59,-2.837577,-65.063448
6,95,07/01/15 08:00,-2.837532,-65.063448
6,95,07/01/15 10:01,-2.837435,-65.063643
6,95,07/01/15 12:02,-2.837497,-65.06367
6,95,07/01/15 14:03,-2.837274,-65.063355
6,95,07/01/15 16:04,-2.837355,-65.063283
6,95,07/01/15 18:05,-2.837598,-65.063088
6,95,07/01/15 20:06,-2.837541,-65.063313
6,95,07/01/15 22:07,-2.837382,-65.063017
6,95,07/02/15 00:08,-2.837322,-65.062829
6,95,07/02/15 02:09,-2.837216,-65.063084
6,95,07/02/15 04:10,-2.837228,-65.063094
6,95,07/02/15 06:11,-2.837214,-65.062921
6,95,07/02/15 08:12,-2.836881,-65.063122
6,95,07/02/15 10:13,-2.836775,-65.06307
6,95,07/02/15 12:14,-2.836792,-65.063255
6,95,07/02/15 14:15,-2.836946,-65.063328
6,95,07/02/15 16:16,-2.836718,-65.063554
6,95,07/02/15 18:17,-2.836496,-65.063835
6,95,07/02/15 20:18,-2.836506,-65.063571
6,95,07/02/15 22:19,-2.836683,-65.063518
6,95,07/03/15 00:20,-2.83676,-65.063517
6,95,07/03/15 02:21,-2.836375,-65.063583
6,95,07/03/15 04:22,-2.836834,-65.063585
6,95,07/03/15 06:23,-2.837027,-65.063496
6,95,07/03/15 08:24,-2.83676,-65.063534
6,95,07/03/15 10:25,-2.837056,-65.063492
6,95,07/03/15 12:26,-2.836636,-65.063641
6,95,07/03/15 14:27,-2.836359,-65.063705
6,95,07/03/15 16:28,-2.836372,-65.06342
6,95,07/03/15 18:29,-2.836348,-65.063696
6,95,07/03/15 20:30,-2.836462,-65.063837
6,95,07/03/15 22:31,-2.836221,-65.063778
6,95,07/04/15 00:32,-2.836265,-65.063696
6,95,07/04/15 02:33,-2.836192,-65.063482
6,95,07/04/15 04:34,-2.836065,-65.063653
6,95,07/04/15 06:35,-2.835933,-65.063328
6,95,07/04/15 08:36,-2.835537,-65.063511
6,95,07/04/15 10:37,-2.835362,-65.063234
6,95,07/04/15 12:38,-2.835422,-65.063022
6,95,07/04/15 14:39,-2.835576,-65.0628
6,95,07/04/15 16:40,-2.835589,-65.062854
6,95,07/04/15 18:41,-2.835676,-65.062824
6,95,07/04/15 20:42,-2.835936,-65.06255
6,95,07/04/15 22:43,-2.836118,-65.062594
6,95,07/05/15 00:44,-2.836304,-65.062924
6,95,07/05/15 02:45,-2.83649,-65.062967
6,95,07/05/15 04:46,-2.836276,-65.063269
6,95,07/05/15 06:47,-2.835928,-65.063304
6,95,07/05/15 08:48,-2.836148,-65.063186
6,95,07/05/15 10:49,-2.835945,-65.063221
6,95,07/05/15 12:50,-2.83607,-65.063392
6,95,07/05/15 14:51,-2.835853,-65.063538
6,95,07/05/15 16:52,-2.835697,-65.063493
6,95,07/05/15 18:53,-2.835861,-65.063168
6,95,07/05/15 20:54,-2.835839,-65.063381
6,95,07/05/15 22:55,-2.835856,-65.063351
6,95,07/06/15 00:56,-2.835988,-65.06356
6,95,07/06/15 02:57,-2.83617,-65.063653
6,95,07/06/15 04:58,-2.836449,-65.063523
6,95,07/06/15 06:59,-2.836245,-65.063623
6,95,07/06/15 09:00,-2.836213,-65.063365
6,95,07/06/15 11:01,-2.836098,-65.063586
6,95,07/06/15 13:02,-2.836179,-65.063491
6,95,07/06/15 15:03,-2.836467,-65.063233
6,95,07/06/15 17:04,-2.836497,-65.062968
6,95,07/06/15 19:05,-2.836656,-65.062988
6,95,07/06/15 21:06,-2.836396,-65.062962
6,95,07/06/15 23:07,-2.836363,-65.063221
6,95,07/07/15 01:08,-2.836411,-65.063103
6,95,07/07/15 03:09,-2.836713,-65.063338
6,95,07/07/15 05:10,-2.836969,-65.063323
6,95,07/07/15 07:11,-2.83694,-65.063445
6,95,07/07/15 09:12,-2.836928,-65.063489
6,95,07/07/15 11:13,-2.837069,-65.063427
6,95,07/07/15 13:14,-2.837184,-65.063376
6,95,07/07/15 15:15,-2.837168,-65.063068
6,95,07/07/15 17:16,-2.837071,-65.063087
6,95,07/07/15 19:17,-2.83705,-65.063164
6,95,07/07/15 21:18,-2.837159,-65.062892
6,95,07/07/15 23:19,-2.837173,-65.062946
6,95,07/08/15 01:20,-2.837139,-65.062809
6,95,07/08/15 03:21,-2.836954,-65.062776
6,95,07/08/15 05:22,-2.837485,-65.062547
6,95,07/08/15 07:23,-2.837649,-65.062168
6,95,07/08/15 09:24,-2.837664,-65.062042
6,95,07/08/15 11:25,-2.837844,-65.062091
6,95,07/08/15 13:26,-2.837911,-65.061917
6,95,07/08/15 15:27,-2.837939,-65.061823
6,95,07/08/15 17:28,-2.83809,-65.061721
6,95,07/08/15 19:29,-2.838457,-65.061556
6,95,07/08/15 21:30,-2.83864,-65.061466
6,95,07/08/15 23:31,-2.838673,-65.061419
6,95,07/09/15 01:32,-2.838753,-65.061288
6,95,07/09/15 03:33,-2.838884,-65.061189
6,95,07/09/15 05:34,-2.839315,-65.061147
6,95,07/09/15 07:35,-2.839574,-65.060832
6,95,07/09/15 09:36,-2.839674,-65.060966
6,95,07/09/15 11:37,-2.839541,-65.061014
6,95,07/09/15 13:38,-2.839827,-65.060716
6,95,07/09/15 15:39,-2.839885,-65.060622
6,95,07/09/15 17:40,-2.840041,-65.06043
6,95,07/09/15 19:41,-2.840283,-65.060643
6,95,07/09/15 21:42,-2.840266,-65.060579
6,95,07/09/15 23:43,-2.8404,-65.06033
6,95,07/10/15 01:44,-2.840562,-65.060198
6,95,07/10/15 03:45,-2.840518,-65.06028
6,95,07/10/15 05:46,-2.840212,-65.060535
6,95,07/10/15 07:47,-2.840343,-65.060433
6,95,07/10/15 09:48,-2.84073,-65.060597
6,95,07/10/15 11:49,-2.840725,-65.060345
6,95,07/10/15 13:50,-2.840743,-65.060407
6,95,07/10/15 15:51,-2.840473,-65.0604
6,95,07/10/15 17:52,-2.84069,-65.060139
6,95,07/10/15 19:53,-2.840793,-65.060022
6,95,07/10/15 21:54,-2.840685,-65.059788
6,95,07/10/15 23:55,-2.840893,-65.059557
6,95,07/11/15 01:56,-2.840831,-65.059839
6,95,07/11/15 03:57,-2.840715,-65.059756
6,95,07/11/15 05:58,-2.841005,-65.05939
6,95,07/11/15 07:59,-2.841136,-65.059143
6,95,07/11/15 10:00,-2.841401,-65.058888
6,95,07/11/15 12:01,-2.841482,-65.058856
6,95,07/11/15 14:02,-2.841619,-65.058838
6,95,07/11/15 16:03,-2.84184,-65.058629
6,95,07/11/15 18:04,-2.841785,-65.058553
6,95,07/11/15 20:05,-2.841742,-65.058193
6,95,07/11/15 22:06,-2.841624,-65.058324
6,95,07/12/15 00:07,-2.841739,-65.058233
6,95,07/12/15 02:08,-2.842025,-65.058067
6,95,07/12/15 04:09,-2.842198,-65.057864
6,95,07/12/15 06:10,-2.842372,-65.057764
6,95,07/12/15 08:11,-2.842406,-65.057683
6,95,07/12/15 10:12,-2.842509,-65.057551
6,95,07/12/15 12:13,-2.84285,-65.057045
6,95,07/12/15 14:14,-2.842989,-65.057005
6,95,07/12/15 16:15,-2.843259,-65.056811
6,95,07/12/15 18:16,-2.843227,-65.056842
6,95,07/12/15 20:17,-2.843681,-65.056706
6,95,07/12/15 22:18,-2.844107,-65.056468
6,95,07/13/15 00:19,-2.844244,-65.056281
6,95,07/13/15 02:20,-2.844293,-65.055787
6,95,07/13/15 04:21,-2.844292,-65.055694
6,95,07/13/15 06:22,-2.844343,-65.05546
6,95,07/13/15 08:23,-2.844592,-65.055131
6,95,07/13/15 10:24,-2.84458,-65.05501
6,95,07/13/15 12:25,-2.844454,-65.054768
6,95,07/13/15 14:26,-2.844432,-65.054789
6,95,07/13/15 16:27,-2.844516,-65.054466
6,95,07/13/15 18:28,-2.84485,-65.054065
6,95,07/13/15 20:29,-2.845051,-65.053979
6,95,07/13/15 22:30,-2.845222,-65.0537
6,95,07/14/15 00:31,-2.845144,-65.053704
6,95,07/14/15 02:32,-2.845156,-65.053341
6,95,07/14/15 04:33,-2.845367,-65.053018
6,95,07/14/15 06:34,-2.845524,-65.053033
6,95,07/14/15 08:35,-2.845733,-65.052855
6,95,07/14/15 10:36,-2.845738,-65.052997
6,95,07/14/15 12:37,-2.846165,-65.053047
6,95,07/14/15 14:38,-2.846183,-65.053002
6,95,07/14/15 16:39,-2.846137,-65.052984
6,95,07/14/15 18:40,-2.846291,-65.052704
6,95,07/14/15 20:41,-2.846413,-65.052822
6,95,07/14/15 22:42,-2.846563,-65.052842
6,95,07/15/15 00:43,-2.847011,-65.05222
6,95,07/15/15 02:44,-2.847471,-65.052043
6,95,07/15/15 04:45,-2.847794,-65.051551
6,95,07/15/15 06:46,-2.847897,-65.051697
6,95,07/15/15 08:47,-2.847877,-65.051406
6,95,07/15/15 10:48,-2.848257,-65.051315
6,95,07/15/15 12:49,-2.848228,-65.051175
6,95,07/15/15 14:50,-2.84835,-65.050665
6,95,07/15/15 16:51,-2.848428,-65.050558
6,95,07/15/15 18:52,-2.848787,-65.050105
6,95,07/15/15 20:53,-2.849244,-65.049886
6,95,07/15/15 22:54,-2.84957,-65.049711
6,95,07/16/15 00:55,-2.849585,-65.049588
6,95,07/16/15 02:56,-2.84981,-65.049731
6,95,07/16/15 04:57,-2.849856,-65.049361
6,95,07/16/15 06:58,-2.850255,-65.049087
6,95,07/16/15 08:59,-2.850657,-65.049051
6,95,07/16/15 11:00,-2.850794,-65.048673
6,95,07/16/15 13:01,-2.850921,-65.048842
6,95,07/16/15 15:02,-2.850885,-65.0484
6,95,07/16/15 17:03,-2.851158,-65.04806
6,95,07/16/15 19:04,-2.851121,-65.047786
6,95,07/16/15 21:05,-2.851416,-65.047459
6,95,07/16/15 23:06,-2.851388,-65.047275
6,95,07/17/15 01:07,-2.85145,-65.047049
6,95,07/17/15 03:08,-2.85199,-65.046462
6,95,07/17/15 05:09,-2.852199,-65.046141
6,95,07/17/15 07:10,-2.852533,-65.045621
6,95,07/17/15 09:11,-2.852852,-65.045656
6,95,07/17/15 11:12,-2.85312,-65.045017
6,95,07/17/15 13:13,-2.853598,-65.044623
6,95,07/17/15 15:14,-2.853807,-65.044208
6,95,07/17/15 17:15,-2.854134,-65.043954
6,95,07/17/15 19:16,-2.854367,-65.044012
6,95,07/17/15 21:17,-2.854618,-65.043951
6,95,07/17/15 23:18,-2.855015,-65.043443
6,95,07/18/15 01:19,-2.855179,-65.043194
6,95,07/18/15 03:20,-2.855631,-65.042944
6,95,07/18/15 05:21,-2.855923,-65.042744
6,95,07/18/15 07:22,-2.856357,-65.042426
6,95,07/18/15 09:23,-2.856801,-65.042105
6,95,07/18/15 11:24,-2.857244,-65.041855
6,95,07/18/15 13:25,-2.857402,-65.041612
6,95,07/18/15 15:26,-2.857898,-65.041609
6,95,07/18/15 17:27,-2.858323,-65.041135
6,95,07/18/15 19:28,-2.858728,-65.041151
6,95,07/18/15 21:29,-2.859137,-65.040958
6,95,07/18/15 23:30,-2.859418,-65.040524
6,95,07/19/15 01:31,-2.859601,-65.040394
6,95,07/19/15 03:32,-2.860304,-65.040216
6,95,07/19/15 05:33,-2.860568,-65.040015
6,95,07/19/15 07:34,-2.860748,-65.039238
6,95,07/19/15 09:35,-2.861148,-65.038602
6,95,07/19/15 11:36,-2.861369,-65.038595
6,95,07/19/15 13:37,-2.861567,-65.038311
6,95,07/19/15 15:38,-2.861838,-65.037812
6,95,07/19/15 17:39,-2.862106,-65.037312
6,95,07/19/15 19:40,-2.862747,-65.037349
6,95,07/19/15 21:41,-2.863222,-65.03714
6,95,07/19/15 23:42,-2.86326,-65.036546
6,95,07/20/15 01:43,-2.863926,-65.036111
6,95,07/20/15 03:44,-2.864328,-65.035802
6,95,07/20/15 05:45,-2.864422,-65.035294
6,95,07/20/15 07:46,-2.864687,-65.035629
6,95,07/20/15 09:47,-2.864649,-65.035415
6,95,07/20/15 11:48,-2.865329,-65.034869
6,95,07/20/15 13:49,-2.865727,-65.034916
6,95,07/20/15 15:50,-2.866072,-65.034596
6,95,07/20/15 17:51,-2.866394,-65.034774
6,95,07/20/15 19:52,-2.866838,-65.034437
6,95,07/20/15 21:53,-2.867094,-65.0341
6,95,07/20/15 23:54,-2.867383,-65.033877
6,95,07/21/15 01:55,-2.86775,-65.033489
6,95,07/21/15 03:56,-2.868026,-65.033228
6,95,07/21/15 05:57,-2.86834,-65.032913
6,95,07/21/15 07:58,-2.869239,-65.032294
6,95,07/21/15 09:59,-2.869811,-65.031896
6,95,07/21/15 12:00,-2.870444,-65.031097
6,95,07/21/15 14:01,-2.870809,-65.031211
6,95,07/21/15 16:02,-2.871268,-65.03107
6,95,07/21/15 18:03,-2.871811,-65.030707
6,95,07/21/15 20:04,-2.872041,-65.030435
6,95,07/21/15 22:05,-2.872471,-65.029976
6,95,07/22/15 00:06,-2.87314,-65.029975
6,95,07/22/15 02:07,-2.873552,-65.029397
6,95,07/22/15 04:08,-2.874304,-65.028837
6,95,07/22/15 06:09,-2.874981,-65.028381
6,95,07/22/15 08:10,-2.875294,-65.027736
6,95,07/22/15 10:11,-2.875317,-65.027594
6,95,07/22/15 12:12,-2.875889,-65.027081
6,95,07/22/15 14:13,-2.876358,-65.026551
6,95,07/22/15 16:14,-2.876684,-65.026037
6,95,07/22/15 18:15,-2.87698,-65.025572
6,95,07/22/15 20:16,-2.877324,-65.025311
6,95,07/22/15 22:17,-2.877814,-65.025159
6,95,07/23/15 00:18,-2.878217,-65.024588
6,95,07/23/15 02:19,-2.878755,-65.024145
6,95,07/23/15 04:20,-2.879132,-65.02363
6,95,07/23/15 06:21,-2.879161,-65.023332
6,95,07/23/15 08:22,-2.879464,-65.022713
6,95,07/23/15 10:23,-2.880158,-65.022207
6,95,07/23/15 12:24,-2.88058,-65.021725
6,95,07/23/15 14:25,-2.881099,-65.02111
6,95,07/23/15 16:26,-2.881625,-65.021188
6,95,07/23/15 18:27,-2.882278,-65.020602
6,95,07/23/15 20:28,-2.882713,-65.020269
6,95,07/23/15 22:29,-2.882802,-65.019973
6,95,07/24/15 00:30,-2.883236,-65.019295
6,95,07/24/15 02:31,-2.883498,-65.018882
6,95,07/24/15 04:32,-2.884115,-65.018596
6,95,07/24/15 06:33,-2.88474,-65.017763
6,95,07/24/15 08:34,-2.884508,-65.017321
6,95,07/24/15 10:35,-2.885077,-65.016948
6,95,07/24/15 12:36,-2.885566,-65.016776
6,95,07/24/15 14:37,-2.885915,-65.016475
6,95,07/24/15 16:38,-2.886366,-65.016182
6,95,07/24/15 18:39,-2.886675,-65.01561
6,95,07/24/15 20:40,-2.88725,-65.014984
6,95,07/24/15 22:41,-2.887837,-65.014876
6,95,07/25/15 00:42,-2.888464,-65.014697
6,95,07/25/15 02:43,-2.88896,-65.014241
6,95,07/25/15 04:44,-2.889577,-65.013688
6,95,07/25/15 06:45,-2.889997,-65.01308
6,95,07/25/15 08:46,-2.890105,-65.013051
6,95,07/25/15 10:47,-2.890802,-65.012418
6,95,07/25/15 12:48,-2.891315,-65.011979
6,95,07/25/15 14:49,-2.891574,-65.011544
6,95,07/25/15 16:50,-2.892121,-65.011238
6,95,07/25/15 18:51,-2.89256,-65.011317
6,95,07/25/15 20:52,-2.892942,-65.011133
6,95,07/25/15 22:53,-2.893547,-65.010497
6,95,07/26/15 00:54,-2.893988,-65.00995
6,95,07/26/15 02:55,-2.894361,-65.009351
6,95,07/26/15 04:56,-2.895023,-65.009272
6,95,07/26/15 06:57,-2.895453,-65.008525
6,95,07/26/15 08:58,-2.895989,-65.007712
6,95,07/26/15 10:59,-2.896492,-65.007183
6,95,07/26/15 13:00,-2.896815,-65.006538
6,95,07/26/15 15:01,-2.896898,-65.006427
6,95,07/26/15 17:02,-2.897206,-65.005788
6,95,07/26/15 19:03,-2.897591,-65.004952
6,95,07/26/15 21:04,-2.897819,-65.004328
6,95,07/26/15 23:05,-2.898255,-65.003912
6,95,07/27/15 01:06,-2.898476,-65.003674
6,95,07/27/15 03:07,-2.898886,-65.003411
6,95,07/27/15 05:08,-2.899215,-65.002748
6,95,07/27/15 07:09,-2.899523,-65.002356
6,95,07/27/15 09:10,-2.899992,-65.001481
6,95,07/27/15 11:11,-2.900505,-65.001152
6,95,07/27/15 13:12,-2.90069,-65.00049
6,95,07/27/15 15:13,-2.901199,-64.999949
6,95,07/27/15 17:14,-2.901747,-64.999632
6,95,07/27/15 19:15,-2.901891,-64.999049
6,95,07/27/15 21:16,-2.902373,-64.998699
6,95,07/27/15 23:17,-2.902856,-64.998544
6,95,07/28/15 01:18,-2.903521,-64.998197
6,95,07/28/15 03:19,-2.904203,-64.997888
6,95,07/28/15 05:20,-2.904618,-64.997351
6,95,07/28/15 07:21,-2.905237,-64.997244
6,95,07/28/15 09:22,-2.905599,-64.996876
6,95,07/28/15 11:23,-2.905943,-64.996644
6,95,07/28/15 13:24,-2.906561,-64.99642
6,95,07/28/15 15:25,-2.907038,-64.995815
6,95,07/28/15 17:26,-2.907238,-64.995674
6,95,07/28/15 19:27,-2.907644,-64.995067
6,95,07/28/15 21:28,-2.90796,-64.994658
6,95,07/28/15 23:29,-2.908603,-64.993907
6,95,07/29/15 01:30,-2.908992,-64.993191
6,95,07/29/15 03:31,-2.909399,-64.992974
6,95,07/29/15 05:32,-2.909856,-64.992378
6,95,07/29/15 07:33,-2.910576,-64.992311
6,95,07/29/15 09:34,-2.91116,-64.991858
6,95,07/29/15 11:35,-2.911445,-64.991315
6,95,07/29/15 13:36,-2.911691,-64.990898
6,95,07/29/15 15:37,-2.912143,-64.99039
6,95,07/29/15 17:38,-2.912934,-64.989885
6,95,07/29/15 19:39,-2.913619,-64.989528
6,95,07/29/15 21:40,-2.914313,-64.988803
6,95,07/29/15 23:41,-2.914306,-64.98873
6,95,07/30/15 01:42,-2.914628,-64.988358
6,95,07/30/15 03:43,-2.915329,-64.987965
6,95,07/30/15 05:44,-2.916225,-64.987463
6,95,07/30/15 07:45,-2.917009,-64.986644
6,95,07/30/15 09:46,-2.917271,-64.986443
6,95,07/30/15 11:47,-2.917973,-64.985837
6,95,07/30/15 13:48,-2.918461,-64.985325
6,95,07/30/15 15:49,-2.918541,-64.984752
6,95,07/30/15 17:50,-2.91881,-64.984095
6,95,07/30/15 19:51,-2.918845,-64.983941
6,95,07/30/15 21:52,-2.91934,-64.983366
6,95,07/30/15 23:53,-2.919967,-64.982955
6,95,07/31/15 01:54,-2.920383,-64.98231
6,95,07/31/15 03:55,-2.920936,-64.981618
6,95,07/31/15 05:56,-2.92162,-64.981372
6,95,07/31/15 07:57,-2.922285,-64.98099
6,95,07/31/15 09:58,-2.923012,-64.980645
6,95,07/31/15 11:59,-2.923288,-64.979936
6,95,07/31/15 14:00,-2.923834,-64.979133
6,95,07/31/15 16:01,-2.924573,-64.979009
6,95,07/31/15 18:02,-2.924947,-64.978407
6,95,07/31/15 20:03,-2.925778,-64.977843
6,95,07/31/15 22:04,-2.926355,-64.97746
6,95,08/01/15 00:05,-2.926975,-64.976804
7,95,08/01/15 02:06,-2.92742,-64.976752
7,95,08/01/15 04:07,-2.928028,-64.976223
7,95,08/01/15 06:08,-2.92882,-64.975965
7,95,08/01/15 08:09,-2.929419,-64.975444
7,95,08/01/15 10:10,-2.929921,-64.975106
7,95,08/01/15 12:11,-2.930456,-64.9749
7,95,08/01/15 14:12,-2.930841,-64.974447
7,95,08/01/15 16:13,-2.931111,-64.973935
7,95,08/01/15 18:14,-2.931773,-64.973326
7,95,08/01/15 20:15,-2.932333,-64.972591
7,95,08/01/15 22:16,-2.932669,-64.972354
7,95,08/02/15 00:17,-2.933053,-64.971702
7,95,08/02/15 02:18,-2.933449,-64.971199
7,95,08/02/15 04:19,-2.933881,-64.970484
7,95,08/02/15 06:20,-2.93438,-64.969622
7,95,08/02/15 08:21,-2.934945,-64.969521
7,95,08/02/15 10:22,-2.935576,-64.968944
7,95,08/02/15 12:23,-2.936512,-64.968502
7,95,08/02/15 14:24,-2.937063,-64.968188
7,95,08/02/15 16:25,-2.937909,-64.967189
7,95,08/02/15 18:26,-2.938518,-64.966883
7,95,08/02/15 20:27,-2.938886,-64.966146
7,95,08/02/15 22:28,-2.939652,-64.965736
7,95,08/03/15 00:29,-2.940551,-64.965131
7,95,08/03/15 02:30,-2.941275,-64.964533
7,95,08/03/15 04:31,-2.941533,-64.964261
7,95,08/03/15 06:32,-2.941781,-64.963795
7,95,08/03/15 08:33,-2.94273,-64.963332
7,95,08/03/15 10:34,-2.943362,-64.96305
7,95,08/03/15 12:35,-2.944098,-64.962595
7,95,08/03/15 14:36,-2.944618,-64.962171
7,95,08/03/15 16:37,-2.945094,-64.961628
7,95,08/03/15 18:38,-2.945496,-64.96106
7,95,08/03/15 20:39,-2.946283,-64.959923
7,95,08/03/15 22:40,-2.946721,-64.959159
7,95,08/04/15 00:41,-2.94725,-64.958796
7,95,08/04/15 02:42,-2.9479,-64.958232
7,95,08/04/15 04:43,-2.948299,-64.957796
7,95,08/04/15 06:44,-2.948737,-64.957072
7,95,08/04/15 08:45,-2.949414,-64.956623
7,95,08/04/15 10:46,-2.949964,-64.956255
7,95,08/04/15 12:47,-2.950074,-64.95563
7,95,08/04/15 14:48,-2.950519,-64.954906
7,95,08/04/15 16:49,-2.951476,-64.954241
7,95,08/04/15 18:50,-2.952261,-64.953701
7,95,08/04/15 20:51,-2.95265,-64.953874
7,95,08/04/15 22:52,-2.952966,-64.953121
7,95,08/05/15 00:53,-2.953939,-64.952881
7,95,08/05/15 02:54,-2.954502,-64.95236
7,95,08/05/15 04:55,-2.95527,-64.95133
7,95,08/05/15 06:56,-2.95575,-64.951184
7,95,08/05/15 08:57,-2.956439,-64.951032
7,95,08/05/15 10:58,-2.957325,-64.950346
7,95,08/05/15 12:59,-2.958424,-64.949625
7,95,08/05/15 15:00,-2.959256,-64.949046
7,95,08/05/15 17:01,-2.959699,-64.948999
7,95,08/05/15 19:02,-2.960165,-64.94819
7,95,08/05/15 21:03,-2.960873,-64.947565
7,95,08/05/15 23:04,-2.961506,-64.947186
7,95,08/06/15 01:05,-2.961855,-64.946338
7,95,08/06/15 03:06,-2.962407,-64.94624
7,95,08/06/15 05:07,-2.963141,-64.945624
7,95,08/06/15 07:08,-2.963964,-64.944975
7,95,08/06/15 09:09,-2.964697,-64.944284
7,95,08/06/15 11:10,-2.965408,-64.943842
1,95,08/06/15 13:11,-2.965726,-64.943235
1,95,08/06/15 15:12,-2.966528,-64.942777
1,95,08/06/15 17:13,-2.967411,-64.942431
1,95,08/06/15 19:14,-2.967993,-64.9422
1,95,08/06/15 21:15,-2.968766,-64.941339
1,95,08/06/15 23:16,-2.96923,-64.941014
1,95,08/07/15 01:17,-2.970037,-64.94046
1,95,08/07/15 03:18,-2.970935,-64.939744
1,95,08/07/15 05:19,-2.971549,-64.939049
1,95,08/07/15 07:20,-2.97229,-64.938348
1,95,08/07/15 09:21,-2.972765,-64.938097
1,95,08/07/15 11:22,-2.973517,-64.937388
1,95,08/07/15 13:23,-2.974474,-64.936897
1,95,08/07/15 15:24,-2.975484,-64.936274
1,95,08/07/15 17:25,-2.976314,-64.935585
1,95,08/07/15 19:26,-2.977049,-64.935028
1,95,08/07/15 21:27,-2.977663,-64.934588
1,95,08/07/15 23:28,-2.978627,-64.933608
1,95,08/08/15 01:29,-2.979138,-64.932793
1,95,08/08/15 03:30,-2.980204,-64.931995
1,95,08/08/15 05:31,-2.980607,-64.931486
1,95,08/08/15 07:32,-2.981322,-64.930976
1,95,08/08/15 09:33,-2.982466,-64.930595
1,95,08/08/15 11:34,-2.983169,-64.92994
1,95,08/08/15 13:35,-2.983647,-64.928913
1,95,08/08/15 15:36,-2.98407,-64.92879
1,95,08/08/15 17:37,-2.984526,-64.928352
1,95,08/08/15 19:38,-2.985275,-64.927575
1,95,08/08/15 21:39,-2.986238,-64.926511
1,95,08/08/15 23:40,-2.987149,-64.925755
1,95,08/09/15 01:41,-2.987882,-64.925363
1,95,08/09/15 03:42,-2.988581,-64.924414
1,95,08/09/15 05:43,-2.989276,-64.923731
1,95,08/09/15 07:44,-2.989962,-64.923214
1,95,08/09/15 09:45,-2.991054,-64.922528
1,95,08/09/15 11:46,-2.991872,-64.922438
1,95,08/09/15 13:47,-2.992482,-64.922124
1,95,08/09/15 15:48,-2.993537,-64.921584
1,95,08/09/15 17:49,-2.994421,-64.920785
1,95,08/09/15 19:50,-2.995419,-64.920066
1,95,08/09/15 21:51,-2.996457,-64.919461
1,95,08/09/15 23:52,-2.997329,-64.919003
1,95,08/10/15 01:53,-2.997884,-64.91844
1,95,08/10/15 03:54,-2.998459,-64.917958
1,95,08/10/15 05:55,-2.99935,-64.916986
1,95,08/10/15 07:56,-2.999862,-64.916595
1,95,08/10/15 09:57,-3.000521,-64.915894
1,95,08/10/15 11:58,-3.001186,-64.915499
1,95,08/10/15 13:59,-3.001802,-64.91456
1,95,08/10/15 16:00,-3.002383,-64.913318
1,95,08/10/15 18:01,-3.002691,-64.912859
1,95,08/10/15 20:02,-3.003429,-64.912404
1,95,08/10/15 22:03,-3.004528,-64.911782
1,95,08/11/15 00:04,-3.005267,-64.911311
1,95,08/11/15 02:05,-3.006037,-64.910403
1,95,08/11/15 04:06,-3.006934,-64.909853
1,95,08/11/15 06:07,-3.007586,-64.90899
1,95,08/11/15 08:08,-3.008457,-64.908378
1,95,08/11/15 10:09,-3.009454,-64.907584
1,95,08/11/15 12:10,-3.01064,-64.906729
1,95,08/11/15 14:11,-3.011254,-64.905956
1,95,08/11/15 16:12,-3.012092,-64.905594
1,95,08/11/15 18:13,-3.012597,-64.90483
1,95,08/11/15 20:14,-3.013111,-64.903965
1,95,08/11/15 22:15,-3.014184,-64.902999
1,95,08/12/15 00:16,-3.015013,-64.902468
1,95,08/12/15 02:17,-3.015859,-64.9019
1,95,08/12/15 04:18,-3.016748,-64.901175
1,95,08/12/15 06:19,-3.017723,-64.900544
1,95,08/12/15 08:20,-3.018662,-64.899502
1,95,08/12/15 10:21,-3.019391,-64.89898
1,95,08/12/15 12:22,-3.019885,-64.898151
1,95,08/12/15 14:23,-3.020508,-64.897514
1,95,08/12/15 16:24,-3.021417,-64.896777
1,95,08/12/15 18:25,-3.021965,-64.895544
1,95,08/12/15 20:26,-3.023036,-64.895081
1,95,08/12/15 22:27,-3.023763,-64.894289
1,95,08/13/15 00:28,-3.024387,-64.893946
1,95,08/13/15 02:29,-3.024959,-64.893033
1,95,08/13/15 04:30,-3.025475,-64.892152
1,95,08/13/15 06:31,-3.026135,-64.891682
1,95,08/13/15 08:32,-3.026609,-64.891226
1,95,08/13/15 10:33,-3.027428,-64.890636
1,95,08/13/15 12:34,-3.028347,-64.889876
1,95,08/13/15 14:35,-3.029443,-64.889272
1,95,08/13/15 16:36,-3.029348,-64.888645
1,95,08/13/15 18:37,-3.029474,-64.887927
1,95,08/13/15 20:38,-3.030295,-64.887024
1,95,08/13/15 22:39,-3.030935,-64.886252
1,95,08/14/15 00:40,-3.031662,-64.884912
1,95,08/14/15 02:41,-3.031696,-64.884489
1,95,08/14/15 04:42,-3.031701,-64.883293
1,95,08/14/15 06:43,-3.03219,-64.882199
1,95,08/14/15 08:44,-3.032432,-64.881395
1,95,08/14/15 12:46,-3.032104,-64.881241
1,95,08/14/15 16:48,-3.031294,-64.881872
1,95,08/14/15 18:49,-3.031595,-64.882383
1,95,08/14/15 20:50,-3.031942,-64.882106
1,95,08/14/15 22:51,-3.032764,-64.881732
1,95,08/15/15 02:53,-3.032866,-64.881585
1,95,08/15/15 06:55,-3.033327,-64.887591
4,95,08/15/15 08:56,-3.051991,-64.851341
4,95,08/15/15 17:00,-3.050512,-64.854136
4,95,08/15/15 19:01,-3.050029,-64.856134
4,95,08/15/15 21:02,-3.049269,-64.857822
4,95,08/15/15 23:03,-3.049763,-64.858725
4,95,08/16/15 01:04,-3.04949,-64.859229
4,95,08/16/15 03:05,-3.049369,-64.860648
4,95,08/16/15 05:06,-3.049364,-64.862006
4,95,08/16/15 07:07,-3.04841,-64.862803
4,95,08/16/15 09:08,-3.048596,-64.862852
4,95,08/16/15 11:09,-3.04808,-64.863071
4,95,08/16/15 13:10,-3.047825,-64.863743
4,95,08/16/15 15:11,-3.0475,-64.864844
4,95,08/16/15 17:12,-3.046666,-64.865843
4,95,08/16/15 19:13,-3.047221,-64.866456
4,95,08/16/15 21:14,-3.047928,-64.867346
4,95,08/16/15 23:15,-3.047734,-64.868537
1,95,08/17/15 01:16,-3.047624,-64.869762
1,95,08/17/15 03:17,-3.046622,-64.870845
1,95,08/17/15 05:18,-3.04755,-64.871432
1,95,08/17/15 07:19,-3.047679,-64.872035
1,95,08/17/15 09:20,-3.046915,-64.872972
1,95,08/17/15 11:21,-3.04637,-64.873416
1,95,08/17/15 13:22,-3.045583,-64.873777
1,95,08/17/15 15:23,-3.045127,-64.874684
1,95,08/17/15 17:24,-3.044344,-64.874959
1,95,08/17/15 19:25,-3.043112,-64.876038
1,95,08/17/15 21:26,-3.042559,-64.876881
1,95,08/17/15 23:27,-3.042119,-64.87778
1,95,08/18/15 01:28,-3.041655,-64.878524
1,95,08/18/15 03:29,-3.041158,-64.878759
1,95,08/18/15 05:30,-3.040384,-64.879578
1,95,08/18/15 07:31,-3.039793,-64.880234
1,95,08/18/15 09:32,-3.038674,-64.880863
1,95,08/18/15 11:33,-3.037611,-64.881599
1,95,08/18/15 13:34,-3.037154,-64.882105
1,95,08/18/15 15:35,-3.036301,-64.88285
1,95,08/18/15 17:36,-3.035949,-64.883591
1,95,08/18/15 19:37,-3.034978,-64.884159
1,95,08/18/15 21:38,-3.033926,-64.884674
1,95,08/18/15 23:39,-3.033115,-64.884876
1,95,08/19/15 01:40,-3.032021,-64.885586
1,95,08/19/15 03:41,-3.031494,-64.886184
1,95,08/19/15 05:42,-3.03065,-64.887004
1,95,08/19/15 07:43,-3.029857,-64.887456
1,95,08/19/15 09:44,-3.029126,-64.887874
1,95,08/19/15 11:45,-3.028159,-64.888899
1,95,08/19/15 13:46,-3.027412,-64.889918
1,95,08/19/15 15:47,-3.026507,-64.890555
1,95,08/19/15 17:48,-3.026065,-64.891189
1,95,08/19/15 19:49,-3.025507,-64.891716
1,95,08/19/15 21:50,-3.024634,-64.892737
1,95,08/19/15 23:51,-3.024141,-64.893868
1,95,08/20/15 01:52,-3.023491,-64.894463
1,95,08/20/15 03:53,-3.022348,-64.895143
1,95,08/20/15 05:54,-3.02178,-64.895569
1,95,08/20/15 07:55,-3.021063,-64.896288
1,95,08/20/15 09:56,-3.020453,-64.897042
1,95,08/20/15 11:57,-3.01989,-64.897761
1,95,08/20/15 13:58,-3.019151,-64.898332
1,95,08/20/15 15:59,-3.01842,-64.898826
1,95,08/20/15 18:00,-3.017312,-64.899591
1,95,08/20/15 20:01,-3.016759,-64.900348
1,95,08/20/15 22:02,-3.016316,-64.90129
1,95,08/21/15 00:03,-3.015786,-64.901668
1,95,08/21/15 02:04,-3.015238,-64.901838
1,95,08/21/15 04:05,-3.015046,-64.902617
1,95,08/21/15 06:06,-3.014305,-64.903087
1,95,08/21/15 08:07,-3.013688,-64.903727
1,95,08/21/15 10:08,-3.01321,-64.903941
1,95,08/21/15 12:09,-3.01251,-64.90425
1,95,08/21/15 14:10,-3.011973,-64.90508
1,95,08/21/15 16:11,-3.010834,-64.905962
1,95,08/21/15 18:12,-3.010176,-64.906694
1,95,08/21/15 20:13,-3.009534,-64.907268
1,95,08/21/15 22:14,-3.009038,-64.907892
1,95,08/22/15 00:15,-3.008427,-64.90891
1,95,08/22/15 02:16,-3.008398,-64.909872
1,95,08/22/15 04:17,-3.007696,-64.910413
1,95,08/22/15 06:18,-3.007144,-64.91075
1,95,08/22/15 08:19,-3.006557,-64.911079
1,95,08/22/15 10:20,-3.006148,-64.912168
1,95,08/22/15 12:21,-3.005617,-64.912732
1,95,08/22/15 14:22,-3.004842,-64.913233
1,95,08/22/15 16:23,-3.00453,-64.913927
1,95,08/22/15 18:24,-3.003927,-64.914221
1,95,08/22/15 20:25,-3.002952,-64.915143
1,95,08/22/15 22:26,-3.002499,-64.91598
1,95,08/23/15 00:27,-3.001924,-64.916486
1,95,08/23/15 02:28,-3.001219,-64.91707
1,95,08/23/15 04:29,-3.000818,-64.917404
1,95,08/23/15 06:30,-3.000197,-64.917945
1,95,08/23/15 08:31,-2.999148,-64.918419
1,95,08/23/15 10:32,-2.998302,-64.918637
1,95,08/23/15 12:33,-2.997986,-64.919001
1,95,08/23/15 14:34,-2.997493,-64.919564
1,95,08/23/15 16:35,-2.996748,-64.920235
1,95,08/23/15 18:36,-2.996507,-64.921031
1,95,08/23/15 20:37,-2.995792,-64.921719
1,95,08/23/15 22:38,-2.995509,-64.922176
1,95,08/24/15 00:39,-2.994831,-64.922309
1,95,08/24/15 02:40,-2.994251,-64.923005
1,95,08/24/15 04:41,-2.99389,-64.92369
1,95,08/24/15 06:42,-2.993208,-64.923917
1,95,08/24/15 08:43,-2.992885,-64.924315
1,95,08/24/15 10:44,-2.992448,-64.92454
1,95,08/24/15 12:45,-2.99173,-64.925296
1,95,08/24/15 14:46,-2.990974,-64.926021
1,95,08/24/15 16:47,-2.990288,-64.926303
1,95,08/24/15 18:48,-2.98975,-64.926657
1,95,08/24/15 20:49,-2.989324,-64.927061
1,95,08/24/15 22:50,-2.988714,-64.927836
1,95,08/25/15 00:51,-2.987959,-64.928485
1,95,08/25/15 02:52,-2.986995,-64.92886
1,95,08/25/15 04:53,-2.986388,-64.929571
1,95,08/25/15 06:54,-2.985747,-64.92956
1,95,08/25/15 08:55,-2.985007,-64.930271
1,95,08/25/15 10:56,-2.984744,-64.930669
1,95,08/25/15 12:57,-2.984338,-64.93101
1,95,08/25/15 14:58,-2.98373,-64.931343
1,95,08/25/15 16:59,-2.983363,-64.93169
1,95,08/25/15 19:00,-2.982888,-64.932435
1,95,08/25/15 21:01,-2.982104,-64.932896
1,95,08/25/15 23:02,-2.981732,-64.933215
1,95,08/26/15 01:03,-2.981084,-64.933938
1,95,08/26/15 03:04,-2.980658,-64.934383
1,95,08/26/15 05:05,-2.980031,-64.935069
1,95,08/26/15 07:06,-2.979433,-64.935704
1,95,08/26/15 09:07,-2.978929,-64.936175
1,95,08/26/15 11:08,-2.978589,-64.936449
1,95,08/26/15 13:09,-2.978127,-64.936596
1,95,08/26/15 15:10,-2.977581,-64.937212
1,95,08/26/15 17:11,-2.977073,-64.937754
1,95,08/26/15 19:12,-2.976576,-64.938292
1,95,08/26/15 21:13,-2.976101,-64.938701
1,95,08/26/15 23:14,-2.97561,-64.939139
1,95,08/27/15 01:15,-2.975105,-64.939759
1,95,08/27/15 03:16,-2.974685,-64.940135
1,95,08/27/15 05:17,-2.974363,-64.940533
1,95,08/27/15 07:18,-2.974211,-64.940814
1,95,08/27/15 09:19,-2.973796,-64.940944
1,95,08/27/15 11:20,-2.973166,-64.941482
1,95,08/27/15 13:21,-2.972732,-64.942014
1,95,08/27/15 15:22,-2.972478,-64.942548
1,95,08/27/15 17:23,-2.972108,-64.942749
1,95,08/27/15 19:24,-2.97153,-64.942776
1,95,08/27/15 21:25,-2.970922,-64.943156
1,95,08/27/15 23:26,-2.970352,-64.943719
1,95,08/28/15 01:27,-2.969817,-64.944206
1,95,08/28/15 03:28,-2.969291,-64.94443
1,95,08/28/15 05:29,-2.969275,-64.944738
1,95,08/28/15 07:30,-2.968727,-64.945214
1,95,08/28/15 09:31,-2.968394,-64.945459
1,95,08/28/15 11:32,-2.967811,-64.945667
1,95,08/28/15 13:33,-2.967487,-64.946161
1,95,08/28/15 15:34,-2.967307,-64.946557
7,95,08/28/15 17:35,-2.966503,-64.94731
7,95,08/28/15 19:36,-2.965902,-64.947417
7,95,08/28/15 21:37,-2.965275,-64.947834
7,95,08/28/15 23:38,-2.965098,-64.948169
7,95,08/29/15 01:39,-2.964722,-64.948486
7,95,08/29/15 03:40,-2.964411,-64.949061
7,95,08/29/15 05:41,-2.96419,-64.949589
7,95,08/29/15 07:42,-2.96372,-64.949961
7,95,08/29/15 09:43,-2.963839,-64.950048
7,95,08/29/15 11:44,-2.963264,-64.950391
7,95,08/29/15 13:45,-2.962902,-64.95092
7,95,08/29/15 15:46,-2.96273,-64.951416
7,95,08/29/15 17:47,-2.962422,-64.951512
7,95,08/29/15 19:48,-2.962308,-64.951714
7,95,08/29/15 21:49,-2.962069,-64.9517
7,95,08/29/15 23:50,-2.961293,-64.951873
7,95,08/30/15 01:51,-2.961262,-64.952098
7,95,08/30/15 03:52,-2.961019,-64.952285
7,95,08/30/15 05:53,-2.960818,-64.952618
7,95,08/30/15 07:54,-2.960254,-64.95275
7,95,08/30/15 09:55,-2.959591,-64.953465
7,95,08/30/15 11:56,-2.959171,-64.953892
7,95,08/30/15 13:57,-2.95874,-64.954293
7,95,08/30/15 15:58,-2.958435,-64.954208
7,95,08/30/15 17:59,-2.958126,-64.954139
7,95,08/30/15 20:00,-2.957633,-64.954418
7,95,08/30/15 22:01,-2.957114,-64.95494
7,95,08/31/15 00:02,-2.95674,-64.954897
7,95,08/31/15 02:03,-2.956534,-64.955337
7,95,08/31/15 04:04,-2.956248,-64.955541
7,95,08/31/15 06:05,-2.95599,-64.956157
7,95,08/31/15 08:06,-2.955813,-64.956762
7,95,08/31/15 10:07,-2.955475,-64.956865
7,95,08/31/15 12:08,-2.955145,-64.956841
7,95,08/31/15 14:09,-2.955144,-64.957044
7,95,08/31/15 16:10,-2.95472,-64.957362
7,95,08/31/15 18:11,-2.954759,-64.957769
7,95,08/31/15 20:12,-2.95468,-64.957853
7,95,08/31/15 22:13,-2.954581,-64.958099
7,95,09/01/15 00:14,-2.954267,-64.958184
7,95,09/01/15 02:15,-2.954248,-64.958404
7,95,09/01/15 04:16,-2.954092,-64.958629
7,95,09/01/15 06:17,-2.953954,-64.958747
7,95,09/01/15 08:18,-2.953987,-64.958707
7,95,09/01/15 10:19,-2.953787,-64.958947
7,95,09/01/15 12:20,-2.953248,-64.959411
7,95,09/01/15 14:21,-2.952726,-64.95971
7,95,09/01/15 16:22,-2.95225,-64.959757
7,95,09/01/15 18:23,-2.952222,-64.959787
7,95,09/01/15 20:24,-2.951973,-64.959916
7,95,09/01/15 22:25,-2.951837,-64.960034
7,95,09/02/15 00:26,-2.951784,-64.96028
7,95,09/02/15 02:27,-2.951507,-64.960449
7,95,09/02/15 04:28,-2.951328,-64.960502
7,95,09/02/15 06:29,-2.951034,-64.960427
7,95,09/02/15 08:30,-2.950548,-64.960489
7,95,09/02/15 10:31,-2.950691,-64.960922
7,95,09/02/15 12:32,-2.950497,-64.960879
7,95,09/02/15 14:33,-2.950519,-64.960898
7,95,09/02/15 16:34,-2.950255,-64.960967
7,95,09/02/15 18:35,-2.950267,-64.961323
7,95,09/02/15 20:36,-2.950201,-64.961584
7,95,09/02/15 22:37,-2.950085,-64.96157
7,95,09/03/15 00:38,-2.949755,-64.961593
7,95,09/03/15 02:39,-2.949805,-64.961774
7,95,09/03/15 04:40,-2.949752,-64.961754
7,95,09/03/15 06:41,-2.949562,-64.961721
7,95,09/03/15 08:42,-2.949064,-64.961745
7,95,09/03/15 10:43,-2.948851,-64.961778
7,95,09/03/15 12:44,-2.948835,-64.961856
7,95,09/03/15 14:45,-2.948629,-64.96197
7,95,09/03/15 16:46,-2.948454,-64.962092
7,95,09/03/15 18:47,-2.94832,-64.962219
7,95,09/03/15 20:48,-2.948272,-64.962336
7,95,09/03/15 22:49,-2.948705,-64.962555
7,95,09/04/15 00:50,-2.948421,-64.962518
7,95,09/04/15 02:51,-2.948361,-64.962978
7,95,09/04/15 04:52,-2.948039,-64.963106
7,95,09/04/15 06:53,-2.948165,-64.963248
7,95,09/04/15 08:54,-2.94819,-64.963515
7,95,09/04/15 10:55,-2.948014,-64.963862
7,95,09/04/15 12:56,-2.947818,-64.963984
7,95,09/04/15 14:57,-2.947983,-64.964163
7,95,09/04/15 16:58,-2.948098,-64.964101
7,95,09/04/15 18:59,-2.947895,-64.964082
7,95,09/04/15 21:00,-2.947889,-64.964333
7,95,09/04/15 23:01,-2.947569,-64.964578
7,95,09/05/15 01:02,-2.947443,-64.964189
7,95,09/05/15 03:03,-2.947547,-64.964365
7,95,09/05/15 05:04,-2.947386,-64.964474
7,95,09/05/15 07:05,-2.947288,-64.964531
7,95,09/05/15 09:06,-2.947409,-64.964773
7,95,09/05/15 11:07,-2.947464,-64.964863
7,95,09/05/15 13:08,-2.947667,-64.964793
7,95,09/05/15 15:09,-2.947607,-64.964699
7,95,09/05/15 17:10,-2.947125,-64.964945
7,95,09/05/15 19:11,-2.94726,-64.965137
7,95,09/05/15 21:12,-2.947068,-64.965336
7,95,09/05/15 23:13,-2.946866,-64.965395
7,95,09/06/15 01:14,-2.947073,-64.965407
7,95,09/06/15 03:15,-2.946991,-64.965527
7,95,09/06/15 05:16,-2.946997,-64.965751
7,95,09/06/15 07:17,-2.946943,-64.96575
7,95,09/06/15 09:18,-2.947105,-64.965647
7,95,09/06/15 11:19,-2.947078,-64.965773
7,95,09/06/15 13:20,-2.947024,-64.965733
7,95,09/06/15 15:21,-2.947117,-64.965766
7,95,09/06/15 17:22,-2.947013,-64.965609
7,95,09/06/15 19:23,-2.947146,-64.965398
7,95,09/06/15 21:24,-2.946932,-64.965446
7,95,09/06/15 23:25,-2.946808,-64.965626
7,95,09/07/15 01:26,-2.946917,-64.965509
7,95,09/07/15 03:27,-2.946819,-64.965221
7,95,09/07/15 05:28,-2.946605,-64.964824
7,95,09/07/15 07:29,-2.946729,-64.964732
7,95,09/07/15 09:30,-2.94705,-64.964894
7,95,09/07/15 11:31,-2.946753,-64.964972
7,95,09/07/15 13:32,-2.946848,-64.964834
7,95,09/07/15 15:33,-2.946683,-64.964647
7,95,09/07/15 17:34,-2.946892,-64.964461
7,95,09/07/15 19:35,-2.947061,-64.964584
7,95,09/07/15 21:36,-2.947034,-64.964873
7,95,09/07/15 23:37,-2.94692,-64.965304
7,95,09/08/15 01:38,-2.947185,-64.965148
7,95,09/08/15 03:39,-2.947712,-64.965252
7,95,09/08/15 05:40,-2.947875,-64.965551
7,95,09/08/15 07:41,-2.947617,-64.965894
7,95,09/08/15 09:42,-2.947513,-64.965475
7,95,09/08/15 11:43,-2.947779,-64.965458
7,95,09/08/15 13:44,-2.947864,-64.965487
7,95,09/08/15 15:45,-2.947843,-64.965373
7,95,09/08/15 17:46,-2.947783,-64.965252
7,95,09/08/15 19:47,-2.947655,-64.96516
7,95,09/08/15 21:48,-2.948013,-64.965357
7,95,09/08/15 23:49,-2.94832,-64.965277
7,95,09/09/15 01:50,-2.948389,-64.965357
7,95,09/09/15 03:51,-2.948339,-64.96539
7,95,09/09/15 05:52,-2.948489,-64.965512
7,95,09/09/15 07:53,-2.948467,-64.965176
7,95,09/09/15 09:54,-2.948992,-64.965179
7,95,09/09/15 11:55,-2.94882,-64.965379
7,95,09/09/15 13:56,-2.948946,-64.965349
7,95,09/09/15 15:57,-2.948883,-64.965175
7,95,09/09/15 17:58,-2.9492,-64.964997
7,95,09/09/15 19:59,-2.949539,-64.964857
7,95,09/09/15 22:00,-2.949561,-64.964964
7,95,09/10/15 00:01,-2.949659,-64.964755
7,95,09/10/15 02:02,-2.949667,-64.964535
7,95,09/10/15 04:03,-2.950145,-64.964335
7,95,09/10/15 06:04,-2.949888,-64.964364
7,95,09/10/15 08:05,-2.949933,-64.964499
7,95,09/10/15 10:06,-2.950317,-64.964439
7,95,09/10/15 12:07,-2.950833,-64.963961
7,95,09/10/15 14:08,-2.95107,-64.963785
7,95,09/10/15 16:09,-2.951169,-64.963499
7,95,09/10/15 18:10,-2.95124,-64.963336
7,95,09/10/15 20:11,-2.951587,-64.963418
7,95,09/10/15 22:12,-2.951806,-64.963156
7,95,09/11/15 00:13,-2.952177,-64.962875
7,95,09/11/15 02:14,-2.952487,-64.962945
7,95,09/11/15 04:15,-2.952453,-64.963104
7,95,09/11/15 06:16,-2.953148,-64.963161
7,95,09/11/15 08:17,-2.953379,-64.962888
7,95,09/11/15 10:18,-2.953688,-64.962716
7,95,09/11/15 12:19,-2.953615,-64.962792
7,95,09/11/15 14:20,-2.95374,-64.962797
7,95,09/11/15 16:21,-2.954174,-64.962904
7,95,09/11/15 18:22,-2.954406,-64.962779
7,95,09/11/15 20:23,-2.954911,-64.962234
7,95,09/11/15 22:24,-2.955317,-64.96241
7,95,09/12/15 00:25,-2.955721,-64.962359
7,95,09/12/15 02:26,-2.956205,-64.962215
7,95,09/12/15 04:27,-2.956488,-64.961897
7,95,09/12/15 06:28,-2.95667,-64.96155
7,95,09/12/15 08:29,-2.956687,-64.961591
7,95,09/12/15 10:30,-2.956887,-64.961419
7,95,09/12/15 12:31,-2.957104,-64.961045
7,95,09/12/15 14:32,-2.957309,-64.960539
7,95,09/12/15 16:33,-2.95741,-64.960162
7,95,09/12/15 18:34,-2.95784,-64.960381
7,95,09/12/15 20:35,-2.958033,-64.960699
7,95,09/12/15 22:36,-2.958388,-64.960653
7,95,09/13/15 00:37,-2.958768,-64.96064
7,95,09/13/15 02:38,-2.959346,-64.960589
7,95,09/13/15 04:39,-2.959779,-64.960301
7,95,09/13/15 06:40,-2.959935,-64.959994
7,95,09/13/15 08:41,-2.960462,-64.959894
7,95,09/13/15 10:42,-2.960716,-64.959705
7,95,09/13/15 12:43,-2.961016,-64.95929
7,95,09/13/15 14:44,-2.961436,-64.959172
7,95,09/13/15 16:45,-2.961509,-64.958957
7,95,09/13/15 18:46,-2.96207,-64.959071
7,95,09/13/15 20:47,-2.962312,-64.958753
7,95,09/13/15 22:48,-2.962703,-64.958457
7,95,09/14/15 00:49,-2.962864,-64.958395
7,95,09/14/15 02:50,-2.963073,-64.958367
7,95,09/14/15 04:51,-2.963591,-64.958227
7,95,09/14/15 06:52,-2.963779,-64.957921
7,95,09/14/15 08:53,-2.964182,-64.95765
7,95,09/14/15 10:54,-2.964331,-64.95772
7,95,09/14/15 12:55,-2.96464,-64.957544
7,95,09/14/15 14:56,-2.965092,-64.957585
7,95,09/14/15 16:57,-2.965319,-64.95708
7,95,09/14/15 18:58,-2.965651,-64.956739
7,95,09/14/15 20:59,-2.965812,-64.956821
7,95,09/14/15 23:00,-2.965799,-64.956884
7,95,09/15/15 01:01,-2.966171,-64.956539
7,95,09/15/15 03:02,-2.966663,-64.956127
7,95,09/15/15 05:03,-2.966881,-64.955453
7,95,09/15/15 07:04,-2.96695,-64.95539
7,95,09/15/15 09:05,-2.967068,-64.955254
7,95,09/15/15 11:06,-2.967575,-64.954978
7,95,09/15/15 13:07,-2.967851,-64.954469
7,95,09/15/15 15:08,-2.968106,-64.953963
7,95,09/15/15 17:09,-2.968295,-64.954169
7,95,09/15/15 19:10,-2.968475,-64.953921
7,95,09/15/15 21:11,-2.969309,-64.953994
7,95,09/15/15 23:12,-2.969461,-64.954
7,95,09/16/15 01:13,-2.970024,-64.953255
7,95,09/16/15 03:14,-2.970197,-64.952946
7,95,09/16/15 05:15,-2.970598,-64.952936
7,95,09/16/15 07:16,-2.971154,-64.952327
7,95,09/16/15 09:17,-2.971548,-64.952013
7,95,09/16/15 11:18,-2.97222,-64.951589
1,95,09/16/15 13:19,-2.972431,-64.951243
1,95,09/16/15 15:20,-2.972728,-64.951072
1,95,09/16/15 17:21,-2.973123,-64.951009
1,95,09/16/15 19:22,-2.973906,-64.950395
1,95,09/16/15 21:23,-2.974674,-64.949925
1,95,09/16/15 23:24,-2.975327,-64.94977
1,95,09/17/15 01:25,-2.975753,-64.949519
1,95,09/17/15 03:26,-2.976529,-64.949348
1,95,09/17/15 05:27,-2.977084,-64.948774
1,95,09/17/15 07:28,-2.977464,-64.948313
1,95,09/17/15 09:29,-2.978155,-64.948183
1,95,09/17/15 11:30,-2.978446,-64.947624
1,95,09/17/15 13:31,-2.978886,-64.947443
1,95,09/17/15 15:32,-2.979629,-64.947162
1,95,09/17/15 17:33,-2.980241,-64.946655
1,95,09/17/15 19:34,-2.980596,-64.946602
1,95,09/17/15 21:35,-2.981044,-64.946391
1,95,09/17/15 23:36,-2.981781,-64.946045
1,95,09/18/15 01:37,-2.98238,-64.945635
1,95,09/18/15 03:38,-2.983118,-64.945028
1,95,09/18/15 05:39,-2.98347,-64.944562
1,95,09/18/15 07:40,-2.98345,-64.944243
1,95,09/18/15 09:41,-2.984085,-64.944113
1,95,09/18/15 11:42,-2.984771,-64.943255
1,95,09/18/15 13:43,-2.985708,-64.942703
1,95,09/18/15 15:44,-2.985896,-64.942539
1,95,09/18/15 17:45,-2.986559,-64.942023
1,95,09/18/15 19:46,-2.987005,-64.941696
1,95,09/18/15 21:47,-2.987366,-64.941263
1,95,09/18/15 23:48,-2.987901,-64.940581
1,95,09/19/15 01:49,-2.988014,-64.940678
1,95,09/19/15 03:50,-2.988662,-64.939994
1,95,09/19/15 05:51,-2.98964,-64.939483
1,95,09/19/15 07:52,-2.990163,-64.938993
1,95,09/19/15 09:53,-2.990848,-64.938402
1,95,09/19/15 11:54,-2.991697,-64.938245
1,95,09/19/15 13:55,-2.992086,-64.937683
1,95,09/19/15 15:56,-2.992812,-64.937047
1,95,09/19/15 17:57,-2.993245,-64.936427
1,95,09/19/15 19:58,-2.993893,-64.935785
1,95,09/19/15 21:59,-2.994469,-64.935556
1,95,09/20/15 00:00,-2.995326,-64.935404
1,95,09/20/15 02:01,-2.996111,-64.934887
1,95,09/20/15 04:02,-2.996179,-64.934282
1,95,09/20/15 06:03,-2.996731,-64.93414
1,95,09/20/15 08:04,-2.996978,-64.933915
1,95,09/20/15 10:05,-2.997242,-64.933653
1,95,09/20/15 12:06,-2.998235,-64.933399
1,95,09/20/15 14:07,-2.998867,-64.932812
1,95,09/20/15 16:08,-2.999522,-64.932317
1,95,09/20/15 18:09,-3.0,-64.93213
1,95,09/20/15 20:10,-3.000785,-64.931606
1,95,09/20/15 22:11,-3.001935,-64.931403
1,95,09/21/15 00:12,-3.002593,-64.930661
1,95,09/21/15 02:13,-3.003314,-64.930239
1,95,09/21/15 04:14,-3.003784,-64.929607
1,95,09/21/15 06:15,-3.004346,-64.929067
1,95,09/21/15 08:16,-3.005233,-64.928548
1,95,09/21/15 10:17,-3.00597,-64.928172
1,95,09/21/15 12:18,-3.006696,-64.927396
1,95,09/21/15 14:19,-3.00714,-64.927367
1,95,09/21/15 16:20,-3.007712,-64.926718
1,95,09/21/15 18:21,-3.008268,-64.926278
1,95,09/21/15 20:22,-3.00874,-64.925557
1,95,09/21/15 22:23,-3.009382,-64.924971
1,95,09/22/15 00:24,-3.009861,-64.924713
1,95,09/22/15 02:25,-3.010674,-64.92458
1,95,09/22/15 04:26,-3.011623,-64.924092
1,95,09/22/15 06:27,-3.012527,-64.923134
1,95,09/22/15 08:28,-3.013309,-64.922533
1,95,09/22/15 10:29,-3.013778,-64.922451
1,95,09/22/15 12:30,-3.014454,-64.922182
1,95,09/22/15 14:31,-3.01535,-64.921998
1,95,09/22/15 16:32,-3.016205,-64.921357
1,95,09/22/15 18:33,-3.016955,-64.92069
1,95,09/22/15 20:34,-3.01731,-64.920442
1,95,09/22/15 22:35,-3.017742,-64.919851
1,95,09/23/15 00:36,-3.018615,-64.9195
1,95,09/23/15 02:37,-3.019347,-64.918575
1,95,09/23/15 04:38,-3.01991,-64.917648
1,95,09/23/15 06:39,-3.020999,-64.917233
1,95,09/23/15 08:40,-3.0217,-64.916716
1,95,09/23/15 10:41,-3.022323,-64.916276
1,95,09/23/15 12:42,-3.022932,-64.915579
1,95,09/23/15 14:43,-3.023788,-64.91465
1,95,09/23/15 16:44,-3.024425,-64.914149
1,95,09/23/15 18:45,-3.024916,-64.913617
1,95,09/23/15 20:46,-3.025607,-64.912815
1,95,09/23/15 22:47,-3.026522,-64.912297
1,95,09/24/15 00:48,-3.027306,-64.91185
1,95,09/24/15 02:49,-3.027704,-64.911249
1,95,09/24/15 04:50,-3.028078,-64.910813
1,95,09/24/15 06:51,-3.028644,-64.910176
1,95,09/24/15 08:52,-3.029523,-64.909563
1,95,09/24/15 10:53,-3.030155,-64.909023
1,95,09/24/15 12:54,-3.030534,-64.908504
1,95,09/24/15 14:55,-3.030931,-64.907919
1,95,09/24/15 16:56,-3.032135,-64.907421
1,95,09/24/15 18:57,-3.032648,-64.906921
1,95,09/24/15 20:58,-3.033869,-64.906078
1,95,09/24/15 22:59,-3.03449,-64.905572
1,95,09/25/15 01:00,-3.034875,-64.904954
1,95,09/25/15 03:01,-3.035531,-64.904485
1,95,09/25/15 05:02,-3.036433,-64.903457
1,95,09/25/15 07:03,-3.037538,-64.902644
1,95,09/25/15 09:04,-3.037952,-64.902239
1,95,09/25/15 11:05,-3.038832,-64.901444
1,95,09/25/15 13:06,-3.039801,-64.900896
1,95,09/25/15 15:07,-3.040738,-64.900172
1,95,09/25/15 17:08,-3.041783,-64.89943
1,95,09/25/15 19:09,-3.042486,-64.899304
1,95,09/25/15 21:10,-3.043189,-64.898993
1,95,09/25/15 23:11,-3.044139,-64.898594
1,95,09/26/15 01:12,-3.045283,-64.89762
5,97,11/01/14 18:00,-2.994135,-64.882682
5,97,11/02/14 00:00,-2.995866,-64.880501
5,97,11/02/14 06:00,-2.99731,-64.878865
5,97,11/02/14 12:00,-2.999204,-64.876889
5,97,11/02/14 18:00,-3.000977,-64.875329
5,97,11/03/14 00:00,-3.002239,-64.873541
5,97,11/03/14 06:00,-3.004332,-64.871806
5,97,11/03/14 12:00,-3.005999,-64.870423
5,97,11/03/14 18:00,-3.007862,-64.868473
5,97,11/04/14 00:00,-3.009311,-64.866945
5,97,11/04/14 06:00,-3.011016,-64.865108
5,97,11/04/14 12:00,-3.012458,-64.86301
5,97,11/04/14 18:00,-3.013482,-64.861673
4,97,11/05/14 00:00,-3.015034,-64.86016
4,97,11/05/14 06:00,-3.016821,-64.858393
4,97,11/05/14 12:00,-3.018366,-64.857076
4,97,11/05/14 18:00,-3.019649,-64.855216
4,97,11/06/14 00:00,-3.021012,-64.854077
4,97,11/06/14 06:00,-3.022489,-64.852259
4,97,11/06/14 12:00,-3.024274,-64.850912
4,97,11/06/14 18:00,-3.025218,-64.849434
4,97,11/07/14 00:00,-3.02636,-64.848133
4,97,11/07/14 06:00,-3.027803,-64.846758
4,97,11/07/14 12:00,-3.028512,-64.845739
4,97,11/07/14 18:00,-3.029934,-64.84471
4,97,11/08/14 00:00,-3.031286,-64.843425
4,97,11/08/14 06:00,-3.032648,-64.842114
4,97,11/08/14 12:00,-3.033252,-64.841194
4,97,11/08/14 18:00,-3.034443,-64.840195
3,97,11/09/14 00:00,-3.034755,-64.839179
3,97,11/09/14 06:00,-3.03531,-64.837901
3,97,11/09/14 12:00,-3.03595,-64.836568
4,97,11/10/14 06:00,-3.018215,-64.855889
5,97,11/10/14 18:00,-3.018185,-64.872584
5,97,11/11/14 18:00,-3.00203,-64.880074
5,97,11/12/14 00:00,-3.002545,-64.88002
5,97,11/12/14 06:00,-3.002797,-64.879291
5,97,11/12/14 12:00,-3.003281,-64.879389
5,97,11/12/14 18:00,-3.003747,-64.878563
5,97,11/13/14 00:00,-3.004489,-64.878464
5,97,11/13/14 06:00,-3.004306,-64.878464
5,97,11/13/14 12:00,-3.004984,-64.878556
5,97,11/13/14 18:00,-3.004619,-64.877646
5,97,11/14/14 00:00,-3.005455,-64.87721
5,97,11/14/14 06:00,-3.005691,-64.877144
5,97,11/14/14 12:00,-3.006403,-64.877519
5,97,11/14/14 18:00,-3.005946,-64.87776
5,97,11/15/14 00:00,-3.005907,-64.877752
5,97,11/15/14 06:00,-3.006205,-64.87807
5,97,11/15/14 12:00,-3.00619,-64.878551
5,97,11/15/14 18:00,-3.00653,-64.878269
5,97,11/16/14 00:00,-3.006336,-64.878283
5,97,11/16/14 06:00,-3.00658,-64.878388
5,97,11/16/14 12:00,-3.006714,-64.87796
5,97,11/16/14 18:00,-3.007048,-64.878222
5,97,11/17/14 00:00,-3.007453,-64.878331
5,97,11/17/14 06:00,-3.007243,-64.878724
5,97,11/17/14 12:00,-3.007381,-64.878951
5,97,11/17/14 18:00,-3.007418,-64.879109
5,97,11/18/14 00:00,-3.007547,-64.879427
5,97,11/18/14 06:00,-3.007505,-64.879675
5,97,11/18/14 12:00,-3.007626,-64.879835
5,97,11/18/14 18:00,-3.007589,-64.879779
5,97,11/19/14 00:00,-3.007756,-64.880271
5,97,11/19/14 06:00,-3.007555,-64.880614
5,97,11/19/14 12:00,-3.007991,-64.88042
5,97,11/19/14 18:00,-3.007938,-64.881451
5,97,11/20/14 00:00,-3.00801,-64.881538
5,97,11/20/14 06:00,-3.008122,-64.881749
5,97,11/20/14 12:00,-3.007724,-64.881713
5,97,11/20/14 18:00,-3.007599,-64.882059
5,97,11/21/14 00:00,-3.007522,-64.882395
5,97,11/21/14 06:00,-3.007733,-64.882347
5,97,11/21/14 12:00,-3.007784,-64.883264
5,97,11/21/14 18:00,-3.007898,-64.883973
5,97,11/22/14 00:00,-3.007886,-64.88417
5,97,11/22/14 06:00,-3.007865,-64.884787
5,97,11/22/14 12:00,-3.007161,-64.88501
5,97,11/22/14 18:00,-3.006882,-64.885934
5,97,11/23/14 00:00,-3.00644,-64.886611
5,97,11/23/14 06:00,-3.006514,-64.88693
5,97,11/23/14 12:00,-3.006181,-64.887652
5,97,11/23/14 18:00,-3.005732,-64.88831
5,97,11/24/14 00:00,-3.005232,-64.889552
5,97,11/24/14 06:00,-3.005445,-64.890489
5,97,11/24/14 12:00,-3.004693,-64.891396
5,97,11/24/14 18:00,-3.004285,-64.891849
5,97,11/25/14 00:00,-3.003956,-64.893112
5,97,11/25/14 06:00,-3.003426,-64.893631
5,97,11/25/14 12:00,-3.002961,-64.894418
5,97,11/25/14 18:00,-3.002627,-64.895589
5,97,11/26/14 00:00,-3.002341,-64.896189
5,97,11/26/14 18:00,-3.009465,-64.891952
4,97,11/27/14 18:00,-3.035309,-64.877256
4,97,11/28/14 06:00,-3.034125,-64.865158
4,97,11/28/14 12:00,-3.029871,-64.868319
4,97,11/28/14 18:00,-3.025144,-64.871887
5,97,11/29/14 00:00,-3.020903,-64.875578
5,97,11/29/14 06:00,-3.016246,-64.879412
5,97,11/29/14 12:00,-3.011557,-64.883548
5,97,11/29/14 18:00,-3.006681,-64.887394
5,97,11/30/14 00:00,-3.002009,-64.891887
5,97,12/01/14 18:00,-3.0054,-64.89091
5,97,12/02/14 00:00,-3.005673,-64.889858
5,97,12/02/14 06:00,-3.006298,-64.889291
5,97,12/02/14 12:00,-3.006209,-64.889225
5,97,12/02/14 18:00,-3.006496,-64.88886
5,97,12/03/14 00:00,-3.00684,-64.888834
5,97,12/03/14 06:00,-3.007178,-64.889037
5,97,12/03/14 12:00,-3.007272,-64.88967
5,97,12/04/14 00:00,-3.007218,-64.889322
5,97,12/04/14 06:00,-3.006274,-64.889336
5,97,12/04/14 12:00,-3.005742,-64.889083
5,97,12/04/14 18:00,-3.005523,-64.889512
5,97,12/05/14 00:00,-3.005415,-64.889547
5,97,12/05/14 06:00,-3.004625,-64.889952
5,97,12/05/14 12:00,-3.00427,-64.890238
5,97,12/05/14 18:00,-3.003883,-64.890229
5,97,12/06/14 00:00,-3.003553,-64.890773
5,97,12/06/14 06:00,-3.00279,-64.890869
5,97,12/06/14 12:00,-3.002205,-64.891202
5,97,12/06/14 18:00,-3.00147,-64.891144
5,97,12/07/14 00:00,-3.001404,-64.891397
5,97,12/07/14 06:00,-3.000774,-64.89245
5,97,12/08/14 00:00,-3.00599,-64.892407
5,97,12/08/14 06:00,-3.005974,-64.891804
5,97,12/08/14 12:00,-3.006173,-64.891852
5,97,12/08/14 18:00,-3.006903,-64.891056
5,97,12/09/14 00:00,-3.007086,-64.890577
5,97,12/09/14 06:00,-3.00736,-64.890576
5,97,12/09/14 12:00,-3.00773,-64.890203
5,97,12/09/14 18:00,-3.007751,-64.889919
5,97,12/10/14 00:00,-3.008382,-64.888899
5,97,12/10/14 06:00,-3.008877,-64.888362
5,97,12/10/14 12:00,-3.009423,-64.887681
5,97,12/10/14 18:00,-3.009386,-64.887133
5,97,12/11/14 00:00,-3.008847,-64.886616
5,97,12/11/14 06:00,-3.009159,-64.885963
5,97,12/11/14 12:00,-3.009555,-64.886036
5,97,12/11/14 18:00,-3.009599,-64.885895
5,97,12/12/14 00:00,-3.010094,-64.885437
5,97,12/12/14 06:00,-3.009582,-64.88552
5,97,12/12/14 12:00,-3.010087,-64.884899
5,97,12/12/14 18:00,-3.00987,-64.884679
5,97,12/13/14 00:00,-3.009473,-64.884462
5,97,12/13/14 06:00,-3.00991,-64.884499
5,97,12/13/14 12:00,-3.009937,-64.884318
5,97,12/13/14 18:00,-3.010159,-64.88372
5,97,12/14/14 00:00,-3.010653,-64.883452
5,97,12/14/14 06:00,-3.010519,-64.88362
5,97,12/14/14 12:00,-3.010519,-64.882856
5,97,12/14/14 18:00,-3.010453,-64.882496
5,97,12/15/14 00:00,-3.010775,-64.882034
5,97,12/15/14 06:00,-3.011123,-64.881674
5,97,12/15/14 12:00,-3.011621,-64.881576
5,97,12/15/14 18:00,-3.011496,-64.881348
5,97,12/16/14 00:00,-3.011257,-64.881225
5,97,12/16/14 06:00,-3.011681,-64.881209
5,97,12/16/14 12:00,-3.011871,-64.88075
5,97,12/16/14 18:00,-3.011906,-64.880613
5,97,12/17/14 00:00,-3.012287,-64.880406
5,97,12/17/14 06:00,-3.012287,-64.880316
5,97,12/17/14 12:00,-3.012678,-64.879541
5,97,12/17/14 18:00,-3.012899,-64.879285
5,97,12/18/14 00:00,-3.013311,-64.879585
5,97,12/18/14 06:00,-3.013641,-64.878854
5,97,12/18/14 12:00,-3.013985,-64.878845
5,97,12/18/14 18:00,-3.014216,-64.878565
5,97,12/19/14 00:00,-3.014296,-64.878428
5,97,12/19/14 06:00,-3.014271,-64.879048
5,97,12/19/14 12:00,-3.014559,-64.878754
5,97,12/19/14 18:00,-3.014781,-64.878638
5,97,12/20/14 00:00,-3.014947,-64.878544
5,97,12/20/14 06:00,-3.014818,-64.878692
5,97,12/20/14 12:00,-3.015078,-64.878602
5,97,12/20/14 18:00,-3.015258,-64.878487
5,97,12/21/14 00:00,-3.015525,-64.878359
5,97,12/21/14 06:00,-3.016005,-64.878187
5,97,12/21/14 12:00,-3.016182,-64.878104
5,97,12/21/14 18:00,-3.015816,-64.878146
5,97,12/22/14 00:00,-3.015876,-64.877962
5,97,12/22/14 06:00,-3.015588,-64.878333
5,97,12/22/14 12:00,-3.015614,-64.877999
5,97,12/22/14 18:00,-3.016131,-64.877852
5,97,12/23/14 00:00,-3.016424,-64.877509
5,97,12/23/14 06:00,-3.016258,-64.877213
5,97,12/23/14 12:00,-3.016519,-64.877281
5,97,12/23/14 18:00,-3.016713,-64.876836
5,97,12/24/14 00:00,-3.016988,-64.876656
5,97,12/24/14 06:00,-3.017197,-64.876228
5,97,12/24/14 12:00,-3.017284,-64.875713
5,97,12/24/14 18:00,-3.016746,-64.87576
5,97,12/25/14 00:00,-3.016923,-64.875592
5,97,12/25/14 06:00,-3.016992,-64.875961
5,97,12/25/14 12:00,-3.016938,-64.876003
5,97,12/25/14 18:00,-3.017034,-64.875815
5,97,12/26/14 00:00,-3.016906,-64.875594
5,97,12/26/14 06:00,-3.016745,-64.875397
5,97,12/26/14 12:00,-3.016844,-64.874961
5,97,12/26/14 18:00,-3.016612,-64.874825
5,97,12/27/14 00:00,-3.016923,-64.874436
5,97,12/27/14 06:00,-3.016585,-64.874553
5,97,12/27/14 12:00,-3.017025,-64.874525
5,97,12/27/14 18:00,-3.01706,-64.874709
5,97,12/28/14 00:00,-3.017074,-64.874862
5,97,12/28/14 06:00,-3.016969,-64.874532
5,97,12/28/14 12:00,-3.016569,-64.874457
5,97,12/28/14 18:00,-3.016633,-64.874031
5,97,12/29/14 00:00,-3.016255,-64.873791
5,97,12/29/14 06:00,-3.015928,-64.873809
5,97,12/29/14 12:00,-3.015558,-64.87394
5,97,12/29/14 18:00,-3.015058,-64.873931
5,97,12/30/14 00:00,-3.015175,-64.873862
5,97,12/30/14 06:00,-3.015332,-64.874001
5,97,12/30/14 12:00,-3.015697,-64.873704
5,97,12/30/14 18:00,-3.016394,-64.873627
5,97,12/31/14 00:00,-3.016201,-64.873935
5,97,12/31/14 06:00,-3.016382,-64.873756
5,97,12/31/14 12:00,-3.016562,-64.873278
5,97,12/31/14 18:00,-3.016763,-64.873178
5,97,01/01/15 00:00,-3.016581,-64.873327
5,97,01/01/15 06:00,-3.016411,-64.87333
5,97,01/01/15 12:00,-3.016604,-64.873347
5,97,01/01/15 18:00,-3.01637,-64.872828
5,97,01/02/15 00:00,-3.0161,-64.872785
5,97,01/02/15 06:00,-3.015992,-64.871883
5,97,01/02/15 12:00,-3.015644,-64.871896
5,97,01/02/15 18:00,-3.015553,-64.871496
5,97,01/03/15 00:00,-3.015178,-64.871439
5,97,01/03/15 06:00,-3.015157,-64.871456
5,97,01/03/15 12:00,-3.015109,-64.871313
5,97,01/03/15 18:00,-3.014575,-64.871342
5,97,01/04/15 00:00,-3.014294,-64.870819
5,97,01/04/15 06:00,-3.014304,-64.870333
5,97,01/04/15 12:00,-3.014353,-64.870042
5,97,01/04/15 18:00,-3.014401,-64.869384
5,97,01/05/15 00:00,-3.014214,-64.869539
5,97,01/05/15 06:00,-3.014019,-64.869406
5,97,01/05/15 12:00,-3.013729,-64.869208
5,97,01/05/15 18:00,-3.013437,-64.868813
5,97,01/06/15 00:00,-3.013378,-64.868571
5,97,01/06/15 06:00,-3.01316,-64.868464
5,97,01/06/15 12:00,-3.013122,-64.868342
5,97,01/06/15 18:00,-3.013314,-64.868586
5,97,01/07/15 00:00,-3.013499,-64.868413
5,97,01/07/15 06:00,-3.01349,-64.868103
5,97,01/07/15 12:00,-3.013497,-64.868683
5,97,01/07/15 18:00,-3.01317,-64.868904
5,97,01/08/15 00:00,-3.013012,-64.869014
5,97,01/08/15 06:00,-3.012743,-64.86873
5,97,01/08/15 12:00,-3.01245,-64.868469
5,97,01/08/15 18:00,-3.012191,-64.868973
5,97,01/09/15 00:00,-3.011922,-64.868586
5,97,01/09/15 06:00,-3.011993,-64.868366
5,97,01/09/15 12:00,-3.011713,-64.868305
5,97,01/09/15 18:00,-3.011924,-64.868023
5,97,01/10/15 00:00,-3.011664,-64.867974
5,97,01/10/15 06:00,-3.011548,-64.867769
5,97,01/10/15 12:00,-3.011321,-64.86814
5,97,01/10/15 18:00,-3.011154,-64.868197
5,97,01/11/15 00:00,-3.011084,-64.868144
5,97,01/11/15 06:00,-3.010877,-64.868046
5,97,01/11/15 12:00,-3.011063,-64.868181
5,97,01/11/15 18:00,-3.010949,-64.868272
5,97,01/12/15 00:00,-3.011125,-64.868673
5,97,01/12/15 06:00,-3.011293,-64.868892
5,97,01/12/15 12:00,-3.010906,-64.869094
5,97,01/12/15 18:00,-3.010822,-64.868716
5,97,01/13/15 00:00,-3.010463,-64.868401
5,97,01/13/15 06:00,-3.010308,-64.868618
5,97,01/13/15 12:00,-3.010744,-64.868352
5,97,01/13/15 18:00,-3.010261,-64.868548
5,97,01/14/15 00:00,-3.010026,-64.86854
5,97,01/14/15 06:00,-3.009665,-64.86873
5,97,01/14/15 12:00,-3.009432,-64.868826
5,97,01/14/15 18:00,-3.009304,-64.868554
5,97,01/15/15 00:00,-3.0094,-64.869186
5,97,01/15/15 06:00,-3.009083,-64.868892
5,97,01/15/15 12:00,-3.009084,-64.869042
5,97,01/15/15 18:00,-3.008931,-64.868976
5,97,01/16/15 00:00,-3.009145,-64.868916
5,97,01/16/15 06:00,-3.008264,-64.868983
5,97,01/16/15 12:00,-3.007769,-64.86891
5,97,01/16/15 18:00,-3.0075,-64.868603
5,97,01/17/15 00:00,-3.006747,-64.868465
5,97,01/17/15 06:00,-3.006589,-64.868317
5,97,01/17/15 12:00,-3.006167,-64.868639
5,97,01/17/15 18:00,-3.005979,-64.868565
5,97,01/18/15 00:00,-3.006025,-64.868485
5,97,01/18/15 06:00,-3.00547,-64.8685
5,97,01/18/15 12:00,-3.005653,-64.868411
5,97,01/18/15 18:00,-3.005604,-64.86854
5,97,01/19/15 00:00,-3.005264,-64.868574
5,97,01/19/15 06:00,-3.005003,-64.868449
5,97,01/19/15 12:00,-3.004914,-64.868267
5,97,01/19/15 18:00,-3.005156,-64.868011
5,97,01/20/15 00:00,-3.004952,-64.867856
5,97,01/20/15 06:00,-3.004475,-64.867403
5,97,01/20/15 12:00,-3.004044,-64.867323
5,97,01/20/15 18:00,-3.004074,-64.867056
5,97,01/21/15 00:00,-3.004282,-64.866497
5,97,01/21/15 06:00,-3.003694,-64.866104
5,97,01/21/15 12:00,-3.003514,-64.865969
5,97,01/21/15 18:00,-3.003279,-64.866053
5,97,01/22/15 00:00,-3.003066,-64.866082
5,97,01/22/15 06:00,-3.002815,-64.865656
5,97,01/22/15 12:00,-3.002654,-64.865574
5,97,01/22/15 18:00,-3.002346,-64.865637
5,97,01/23/15 00:00,-3.001813,-64.865489
5,97,01/23/15 06:00,-3.001533,-64.865968
5,97,01/23/15 12:00,-3.001077,-64.865815
5,97,01/23/15 18:00,-3.000754,-64.866212
5,97,01/24/15 00:00,-3.000685,-64.86619
5,97,01/24/15 06:00,-3.000344,-64.866195
5,97,01/24/15 12:00,-2.999882,-64.866386
5,97,01/24/15 18:00,-2.999682,-64.866224
5,97,01/25/15 00:00,-2.999687,-64.866645
5,97,01/25/15 06:00,-2.999783,-64.866666
5,97,01/25/15 12:00,-2.999725,-64.866396
5,97,01/25/15 18:00,-2.999207,-64.866587
5,97,01/26/15 00:00,-2.999258,-64.866088
5,97,01/26/15 06:00,-2.998195,-64.866232
5,97,01/26/15 12:00,-2.998387,-64.8662
5,97,01/26/15 18:00,-2.998035,-64.86599
5,97,01/27/15 00:00,-2.997312,-64.865931
5,97,01/27/15 06:00,-2.997619,-64.86585
5,97,01/27/15 12:00,-2.9973,-64.865784
5,97,01/27/15 18:00,-2.997151,-64.865626
5,97,01/28/15 00:00,-2.996869,-64.865548
5,97,01/28/15 06:00,-2.996446,-64.865801
5,97,01/28/15 12:00,-2.996191,-64.865789
5,97,01/28/15 18:00,-2.995672,-64.866228
5,97,01/29/15 00:00,-2.995638,-64.866762
5,97,01/29/15 06:00,-2.995634,-64.8664
5,97,01/29/15 12:00,-2.995231,-64.866287
5,97,01/29/15 18:00,-2.99517,-64.866499
5,97,01/30/15 00:00,-2.994828,-64.866749
5,97,01/30/15 06:00,-2.994868,-64.866651
5,97,01/30/15 12:00,-2.994937,-64.866601
5,97,01/30/15 18:00,-2.994695,-64.867021
5,97,01/31/15 00:00,-2.994444,-64.866857
5,97,01/31/15 06:00,-2.993716,-64.867167
5,97,01/31/15 12:00,-2.993882,-64.867585
5,97,01/31/15 18:00,-2.993294,-64.867537
5,97,02/01/15 00:00,-2.992585,-64.867632
5,97,02/01/15 06:00,-2.9924,-64.867675
5,97,02/01/15 12:00,-2.991929,-64.867855
5,97,02/01/15 18:00,-2.992043,-64.868158
5,97,02/02/15 00:00,-2.991594,-64.86845
5,97,02/02/15 06:00,-2.991128,-64.868687
5,97,02/02/15 12:00,-2.991327,-64.868777
5,97,02/02/15 18:00,-2.990693,-64.868782
5,97,02/03/15 00:00,-2.99002,-64.868964
5,97,02/03/15 06:00,-2.989088,-64.869187
5,97,02/03/15 12:00,-2.988616,-64.868877
5,97,02/03/15 18:00,-2.988633,-64.868661
5,97,02/04/15 00:00,-2.988478,-64.868848
5,97,02/04/15 06:00,-2.987819,-64.868556
5,97,02/04/15 12:00,-2.987305,-64.868386
5,97,02/04/15 18:00,-2.987025,-64.868563
5,97,02/05/15 00:00,-2.98635,-64.868664
5,97,02/05/15 06:00,-2.986159,-64.868697
5,97,02/05/15 12:00,-2.985543,-64.868815
5,97,02/05/15 18:00,-2.985336,-64.869077
5,97,02/06/15 00:00,-2.98485,-64.869616
5,97,02/06/15 06:00,-2.984114,-64.870109
5,97,02/06/15 12:00,-2.98403,-64.870279
5,97,02/06/15 18:00,-2.983285,-64.871307
5,97,02/07/15 00:00,-2.982873,-64.871534
5,97,02/07/15 06:00,-2.9827,-64.871602
5,97,02/07/15 12:00,-2.981816,-64.872118
5,97,02/07/15 18:00,-2.981122,-64.872271
5,97,02/08/15 00:00,-2.980965,-64.872569
5,97,02/08/15 06:00,-2.980134,-64.87301
5,97,02/08/15 12:00,-2.980016,-64.873616
5,97,02/08/15 18:00,-2.979145,-64.874196
2,97,02/09/15 00:00,-2.978182,-64.874664
2,97,02/09/15 06:00,-2.976809,-64.874999
2,97,02/09/15 12:00,-2.975975,-64.8754
2,97,02/09/15 18:00,-2.97575,-64.87565
2,97,02/10/15 00:00,-2.974672,-64.876218
2,97,02/10/15 06:00,-2.97414,-64.876191
5,97,02/12/15 00:00,-2.992196,-64.868103
5,97,02/12/15 06:00,-2.992229,-64.868257
5,97,02/12/15 12:00,-2.992694,-64.867847
5,97,02/12/15 18:00,-2.99333,-64.8673
5,97,02/13/15 00:00,-2.993676,-64.867053
5,97,02/13/15 06:00,-2.994122,-64.866732
5,97,02/13/15 12:00,-2.99392,-64.866938
5,97,02/13/15 18:00,-2.994166,-64.866585
5,97,02/14/15 00:00,-2.994108,-64.865967
5,97,02/14/15 06:00,-2.994581,-64.865629
5,97,02/14/15 12:00,-2.994606,-64.865495
5,97,02/14/15 18:00,-2.994696,-64.86518
5,97,02/15/15 00:00,-2.994885,-64.865267
5,97,02/15/15 06:00,-2.995354,-64.86544
5,97,02/15/15 12:00,-2.995519,-64.864705
5,97,02/15/15 18:00,-2.995553,-64.864511
5,97,02/16/15 00:00,-2.995571,-64.864031
5,97,02/16/15 06:00,-2.995988,-64.863084
5,97,02/16/15 12:00,-2.996279,-64.863157
5,97,02/16/15 18:00,-2.996936,-64.862772
5,97,02/17/15 00:00,-2.997019,-64.863024
5,97,02/17/15 06:00,-2.997209,-64.862132
5,97,02/17/15 12:00,-2.997138,-64.861854
5,97,02/17/15 18:00,-2.997699,-64.861936
5,97,02/18/15 00:00,-2.997875,-64.862134
5,97,02/18/15 06:00,-2.997576,-64.862099
5,97,02/18/15 12:00,-2.997713,-64.86234
5,97,02/18/15 18:00,-2.997544,-64.862324
5,97,02/19/15 00:00,-2.997832,-64.861916
5,97,02/19/15 06:00,-2.997859,-64.861907
5,97,02/19/15 12:00,-2.997765,-64.861818
5,97,02/19/15 18:00,-2.997993,-64.861788
5,97,02/20/15 00:00,-2.997934,-64.861676
5,97,02/20/15 06:00,-2.998051,-64.861539
5,97,02/20/15 12:00,-2.998492,-64.861303
5,97,02/20/15 18:00,-2.999012,-64.861286
5,97,02/21/15 00:00,-2.999133,-64.861137
5,97,02/21/15 06:00,-2.999065,-64.861394
5,97,02/21/15 12:00,-2.999227,-64.861121
5,97,02/21/15 18:00,-2.999336,-64.861239
5,97,02/22/15 00:00,-2.999493,-64.861558
5,97,02/22/15 06:00,-2.999651,-64.861746
5,97,02/22/15 12:00,-2.999511,-64.861984
5,97,02/22/15 18:00,-2.999953,-64.861941
5,97,02/23/15 00:00,-3.000058,-64.862227
5,97,02/23/15 06:00,-3.000204,-64.862425
5,97,02/23/15 12:00,-3.000433,-64.862001
5,97,02/23/15 18:00,-3.000295,-64.86236
5,97,02/24/15 00:00,-3.000504,-64.862288
5,97,02/24/15 06:00,-3.000305,-64.862358
5,97,02/24/15 12:00,-3.000543,-64.862205
5,97,02/24/15 18:00,-3.000173,-64.862327
5,97,02/25/15 00:00,-3.000142,-64.862498
5,97,02/25/15 06:00,-3.000452,-64.862096
5,97,02/25/15 12:00,-3.000605,-64.861878
5,97,02/25/15 18:00,-3.000804,-64.861807
5,97,02/26/15 00:00,-3.000607,-64.861619
5,97,02/26/15 06:00,-3.000346,-64.861455
5,97,02/26/15 12:00,-3.00066,-64.861293
5,97,02/26/15 18:00,-3.000978,-64.861161
5,97,02/27/15 00:00,-3.001335,-64.861594
5,97,02/27/15 06:00,-3.001268,-64.861126
5,97,02/27/15 12:00,-3.000874,-64.861479
5,97,02/27/15 18:00,-3.000886,-64.861548
5,97,02/28/15 00:00,-3.001779,-64.861569
5,97,02/28/15 06:00,-3.002018,-64.861378
5,97,02/28/15 12:00,-3.002508,-64.861803
5,97,02/28/15 18:00,-3.002652,-64.861871
5,97,03/01/15 00:00,-3.002957,-64.861824
5,97,03/01/15 06:00,-3.002895,-64.861589
5,97,03/01/15 12:00,-3.003161,-64.861371
5,97,03/01/15 18:00,-3.002917,-64.861362
5,97,03/02/15 00:00,-3.003177,-64.861407
5,97,03/02/15 06:00,-3.003307,-64.861682
5,97,03/02/15 12:00,-3.003452,-64.861266
5,97,03/02/15 18:00,-3.003535,-64.861106
5,97,03/03/15 00:00,-3.0036,-64.861178
5,97,03/03/15 06:00,-3.003438,-64.861781
5,97,03/03/15 12:00,-3.003496,-64.861497
5,97,03/03/15 18:00,-3.003553,-64.86127
5,97,03/04/15 00:00,-3.003569,-64.861299
5,97,03/04/15 06:00,-3.00329,-64.861572
5,97,03/04/15 12:00,-3.00313,-64.861987
5,97,03/04/15 18:00,-3.003435,-64.86182
5,97,03/05/15 00:00,-3.003831,-64.861854
5,97,03/05/15 06:00,-3.003448,-64.862103
5,97,03/05/15 12:00,-3.003123,-64.861893
5,97,03/05/15 18:00,-3.003195,-64.861579
5,97,03/06/15 00:00,-3.003608,-64.861653
5,97,03/06/15 06:00,-3.004004,-64.861804
5,97,03/06/15 12:00,-3.003928,-64.861729
5,97,03/06/15 18:00,-3.004055,-64.861701
5,97,03/07/15 00:00,-3.003791,-64.861592
5,97,03/07/15 06:00,-3.003923,-64.861702
5,97,03/07/15 12:00,-3.003702,-64.862424
5,97,03/07/15 18:00,-3.003399,-64.862744
5,97,03/08/15 00:00,-3.003552,-64.862236
5,97,03/08/15 06:00,-3.00356,-64.862659
5,97,03/08/15 12:00,-3.003465,-64.862449
5,97,03/08/15 18:00,-3.004117,-64.862361
5,97,03/09/15 00:00,-3.003835,-64.862434
5,97,03/09/15 06:00,-3.003288,-64.862652
5,97,03/09/15 12:00,-3.002959,-64.862806
5,97,03/09/15 18:00,-3.003231,-64.86302
5,97,03/10/15 00:00,-3.003205,-64.863047
5,97,03/10/15 06:00,-3.003505,-64.863479
5,97,03/10/15 12:00,-3.003669,-64.863293
5,97,03/10/15 18:00,-3.003283,-64.863125
5,97,03/11/15 00:00,-3.003531,-64.863052
5,97,03/11/15 06:00,-3.003447,-64.863328
5,97,03/11/15 12:00,-3.003269,-64.863066
5,97,03/11/15 18:00,-3.003271,-64.863239
5,97,03/12/15 00:00,-3.003393,-64.863463
5,97,03/12/15 06:00,-3.003174,-64.863373
5,97,03/12/15 12:00,-3.00332,-64.863452
5,97,03/12/15 18:00,-3.003279,-64.863643
5,97,03/13/15 00:00,-3.003452,-64.863463
5,97,03/13/15 06:00,-3.003318,-64.863646
5,97,03/13/15 12:00,-3.003476,-64.863746
5,97,03/13/15 18:00,-3.003903,-64.863961
5,97,03/14/15 00:00,-3.00354,-64.864008
5,97,03/14/15 06:00,-3.003243,-64.864304
5,97,03/14/15 12:00,-3.003007,-64.864246
5,97,03/14/15 18:00,-3.002825,-64.864103
5,97,03/15/15 00:00,-3.002809,-64.863935
5,97,03/15/15 06:00,-3.002695,-64.864061
5,97,03/15/15 12:00,-3.002389,-64.864168
5,97,03/15/15 18:00,-3.002577,-64.864448
5,97,03/16/15 00:00,-3.002827,-64.864803
5,97,03/16/15 06:00,-3.003013,-64.865197
5,97,03/16/15 12:00,-3.003364,-64.865244
5,97,03/16/15 18:00,-3.003077,-64.865094
5,97,03/17/15 00:00,-3.003167,-64.864848
5,97,03/17/15 06:00,-3.003016,-64.865038
5,97,03/17/15 12:00,-3.003095,-64.865232
5,97,03/17/15 18:00,-3.003201,-64.864996
5,97,03/18/15 00:00,-3.003048,-64.864937
5,97,03/18/15 06:00,-3.00296,-64.865289
5,97,03/18/15 12:00,-3.002886,-64.865213
5,97,03/18/15 18:00,-3.002751,-64.865443
5,97,03/19/15 00:00,-3.002709,-64.865539
5,97,03/19/15 06:00,-3.002524,-64.865526
5,97,03/19/15 12:00,-3.002407,-64.866022
5,97,03/19/15 18:00,-3.00246,-64.866403
5,97,03/20/15 00:00,-3.002322,-64.866777
5,97,03/20/15 06:00,-3.002303,-64.86677
5,97,03/20/15 12:00,-3.002242,-64.866945
5,97,03/20/15 18:00,-3.002058,-64.8667
5,97,03/21/15 00:00,-3.002291,-64.867093
5,97,03/21/15 06:00,-3.002313,-64.867594
5,97,03/21/15 12:00,-3.002282,-64.867917
5,97,03/21/15 18:00,-3.002262,-64.868101
5,97,03/22/15 00:00,-3.00196,-64.868323
5,97,03/22/15 06:00,-3.001678,-64.86829
5,97,03/22/15 12:00,-3.001625,-64.868556
5,97,03/22/15 18:00,-3.001361,-64.86903
5,97,03/23/15 00:00,-3.00079,-64.868853
5,97,03/23/15 06:00,-3.000789,-64.868878
5,97,03/23/15 12:00,-3.000731,-64.869048
5,97,03/23/15 18:00,-3.000587,-64.869225
5,97,03/24/15 00:00,-3.000076,-64.869061
5,97,03/24/15 06:00,-2.999878,-64.869295
5,97,03/24/15 12:00,-2.99958,-64.869591
5,97,03/24/15 18:00,-2.99949,-64.869668
5,97,03/25/15 00:00,-2.999313,-64.869673
5,97,03/25/15 06:00,-2.999426,-64.86971
5,97,03/25/15 12:00,-2.99947,-64.870138
5,97,03/25/15 18:00,-2.99906,-64.870289
5,97,03/26/15 00:00,-2.998968,-64.870545
5,97,03/26/15 06:00,-2.998255,-64.870895
5,97,03/26/15 12:00,-2.99789,-64.871284
5,97,03/26/15 18:00,-2.997434,-64.87142
5,97,03/27/15 00:00,-2.997183,-64.871103
5,97,03/27/15 06:00,-2.997156,-64.871359
5,97,03/27/15 12:00,-2.997509,-64.871849
5,97,03/27/15 18:00,-2.997597,-64.872247
5,97,03/28/15 00:00,-2.997592,-64.872249
5,97,03/28/15 06:00,-2.997307,-64.872401
5,97,03/28/15 12:00,-2.997256,-64.873179
5,97,03/28/15 18:00,-2.997346,-64.873556
5,97,03/29/15 00:00,-2.996938,-64.873729
5,97,03/29/15 06:00,-2.996751,-64.873901
5,97,03/29/15 12:00,-2.99705,-64.874291
5,97,03/29/15 18:00,-2.997101,-64.874177
5,97,03/30/15 00:00,-2.996675,-64.874343
5,97,03/30/15 06:00,-2.996777,-64.87462
5,97,03/30/15 12:00,-2.995989,-64.874985
5,97,03/30/15 18:00,-2.995897,-64.874761
5,97,03/31/15 00:00,-2.99625,-64.875033
5,97,03/31/15 06:00,-2.995942,-64.875153
5,97,03/31/15 12:00,-2.995715,-64.875375
5,97,03/31/15 18:00,-2.995527,-64.875666
5,97,04/01/15 00:00,-2.995246,-64.876013
5,97,04/01/15 06:00,-2.994674,-64.876375
5,97,04/01/15 12:00,-2.994403,-64.87676
5,97,04/01/15 18:00,-2.994093,-64.8773
5,97,04/02/15 00:00,-2.993867,-64.877532
5,97,04/02/15 06:00,-2.993898,-64.87801
5,97,04/02/15 12:00,-2.993742,-64.878051
5,97,04/02/15 18:00,-2.993698,-64.878497
5,97,04/03/15 00:00,-2.993147,-64.878912
5,97,04/03/15 06:00,-2.993396,-64.879344
5,97,04/03/15 12:00,-2.993591,-64.879649
5,97,04/03/15 18:00,-2.993631,-64.880107
5,97,04/04/15 00:00,-2.993193,-64.880477
5,97,04/04/15 06:00,-2.993019,-64.880472
5,97,04/04/15 12:00,-2.992497,-64.880905
5,97,04/04/15 18:00,-2.992703,-64.88099
5,97,04/05/15 00:00,-2.992296,-64.881278
5,97,04/05/15 06:00,-2.99169,-64.881172
5,97,04/05/15 12:00,-2.990969,-64.881618
5,97,04/05/15 18:00,-2.990717,-64.882134
5,97,04/06/15 00:00,-2.990454,-64.882613
5,97,04/06/15 06:00,-2.989929,-64.882931
5,97,04/06/15 12:00,-2.989242,-64.882976
5,97,04/06/15 18:00,-2.988923,-64.883665
5,97,04/07/15 00:00,-2.988429,-64.884088
5,97,04/07/15 06:00,-2.988146,-64.884176
5,97,04/07/15 12:00,-2.987906,-64.884346
5,97,04/07/15 18:00,-2.987828,-64.884466
5,97,04/08/15 00:00,-2.987618,-64.884956
5,97,04/08/15 06:00,-2.986948,-64.885296
5,97,04/08/15 12:00,-2.986648,-64.88566
5,97,04/08/15 18:00,-2.986131,-64.885592
5,97,04/09/15 00:00,-2.985843,-64.8859
5,97,04/09/15 06:00,-2.985873,-64.886186
5,97,04/09/15 12:00,-2.985523,-64.886548
5,97,04/09/15 18:00,-2.985213,-64.887033
5,97,04/10/15 00:00,-2.984946,-64.887377
5,97,04/10/15 06:00,-2.985151,-64.887496
5,97,04/10/15 12:00,-2.984846,-64.887343
5,97,04/10/15 18:00,-2.984137,-64.887951
5,97,04/11/15 00:00,-2.984138,-64.887902
5,97,04/11/15 06:00,-2.983794,-64.888355
5,97,04/11/15 12:00,-2.983415,-64.888951
5,97,04/11/15 18:00,-2.983657,-64.888792
5,97,04/12/15 00:00,-2.983099,-64.889312
5,97,04/12/15 06:00,-2.982836,-64.889544
5,97,04/12/15 12:00,-2.982609,-64.890015
5,97,04/12/15 18:00,-2.982451,-64.890311
5,97,04/13/15 00:00,-2.981745,-64.890744
5,97,04/13/15 06:00,-2.981434,-64.891073
5,97,04/13/15 12:00,-2.981529,-64.890921
5,97,04/13/15 18:00,-2.981754,-64.89092
5,97,04/14/15 00:00,-2.981647,-64.891377
5,97,04/14/15 06:00,-2.980944,-64.891669
5,97,04/14/15 12:00,-2.980385,-64.892049
5,97,04/14/15 18:00,-2.980569,-64.891947
5,97,04/15/15 00:00,-2.980359,-64.892398
5,97,04/15/15 06:00,-2.979756,-64.89273
5,97,04/15/15 12:00,-2.979132,-64.892713
5,97,04/15/15 18:00,-2.978516,-64.893272
5,97,04/16/15 00:00,-2.978446,-64.893572
5,97,04/16/15 06:00,-2.977726,-64.894056
5,97,04/16/15 12:00,-2.977076,-64.894832
5,97,04/16/15 18:00,-2.976933,-64.895575
2,97,04/17/15 00:00,-2.976414,-64.895977
2,97,04/17/15 06:00,-2.976079,-64.896926
2,97,04/17/15 12:00,-2.976362,-64.897251
2,97,04/17/15 18:00,-2.975793,-64.89755
2,97,04/18/15 00:00,-2.975358,-64.89813
2,97,04/18/15 06:00,-2.975083,-64.898308
2,97,04/18/15 12:00,-2.974912,-64.899026
2,97,04/18/15 18:00,-2.974513,-64.899906
2,97,04/19/15 00:00,-2.97399,-64.900738
2,97,04/19/15 06:00,-2.973486,-64.900949
2,97,04/19/15 12:00,-2.972933,-64.901507
2,97,04/19/15 18:00,-2.972481,-64.902133
2,97,04/20/15 00:00,-2.972371,-64.902765
2,97,04/20/15 06:00,-2.972036,-64.903597
2,97,04/20/15 12:00,-2.971433,-64.904406
2,97,04/20/15 18:00,-2.971075,-64.904789
2,97,04/21/15 00:00,-2.971047,-64.905453
2,97,04/21/15 06:00,-2.970731,-64.905916
2,97,04/23/15 00:00,-2.97283,-64.915826
2,97,04/23/15 06:00,-2.971691,-64.914996
2,97,04/23/15 12:00,-2.971251,-64.914321
2,97,04/23/15 18:00,-2.970942,-64.91364
2,97,04/24/15 00:00,-2.970478,-64.912741
2,97,04/24/15 06:00,-2.969549,-64.911659
2,97,04/24/15 12:00,-2.969009,-64.910448
2,97,04/24/15 18:00,-2.967704,-64.909695
2,97,04/25/15 00:00,-2.967411,-64.908544
2,97,04/25/15 06:00,-2.966997,-64.907674
2,97,04/25/15 12:00,-2.966514,-64.907232
2,97,04/25/15 18:00,-2.965984,-64.906577
2,97,04/26/15 00:00,-2.965034,-64.906029
2,97,04/26/15 06:00,-2.964788,-64.905293
2,97,04/26/15 12:00,-2.964605,-64.904305
2,97,04/26/15 18:00,-2.963617,-64.903622
2,97,04/27/15 00:00,-2.963186,-64.903166
2,97,04/27/15 06:00,-2.962289,-64.902957
2,97,04/27/15 12:00,-2.961742,-64.902605
2,97,04/27/15 18:00,-2.960535,-64.902188
2,97,04/28/15 00:00,-2.96003,-64.902166
2,97,04/28/15 06:00,-2.958695,-64.901852
2,97,04/28/15 12:00,-2.957667,-64.901633
2,97,04/28/15 18:00,-2.956641,-64.901434
2,97,04/29/15 00:00,-2.955442,-64.901894
2,97,04/29/15 06:00,-2.954551,-64.90167
2,97,04/29/15 12:00,-2.953568,-64.901655
2,97,04/29/15 18:00,-2.952672,-64.901442
2,97,04/30/15 00:00,-2.952041,-64.901055
2,97,04/30/15 06:00,-2.950918,-64.900946
2,97,04/30/15 12:00,-2.950004,-64.900968
2,97,04/30/15 18:00,-2.948385,-64.900628
2,97,05/01/15 00:00,-2.947609,-64.900585
2,97,05/01/15 06:00,-2.946424,-64.900649
2,97,05/01/15 12:00,-2.945055,-64.901254
2,97,05/01/15 18:00,-2.944321,-64.901354
2,97,05/03/15 18:00,-2.965269,-64.872117
2,97,05/04/15 00:00,-2.966519,-64.872434
2,97,05/04/15 06:00,-2.967345,-64.872725
2,97,05/04/15 12:00,-2.968251,-64.872267
2,97,05/04/15 18:00,-2.96912,-64.871926
2,97,05/05/15 00:00,-2.969659,-64.872638
2,97,05/05/15 06:00,-2.970205,-64.872636
2,97,05/05/15 12:00,-2.971191,-64.873152
2,97,05/05/15 18:00,-2.972273,-64.872807
2,97,05/06/15 00:00,-2.973603,-64.873045
2,97,05/06/15 06:00,-2.974249,-64.873638
2,97,05/06/15 12:00,-2.97463,-64.873999
2,97,05/06/15 18:00,-2.97544,-64.873506
2,97,05/07/15 00:00,-2.976608,-64.873322
2,97,05/07/15 06:00,-2.97646,-64.873079
2,97,05/07/15 12:00,-2.977085,-64.873356
2,97,05/07/15 18:00,-2.977927,-64.873154
2,97,05/08/15 00:00,-2.978772,-64.87277
5,97,05/08/15 06:00,-2.979334,-64.873178
5,97,05/08/15 12:00,-2.980183,-64.873421
5,97,05/08/15 18:00,-2.981042,-64.873943
5,97,05/09/15 00:00,-2.981841,-64.873499
5,97,05/09/15 06:00,-2.982775,-64.873368
5,97,05/09/15 12:00,-2.98316,-64.873518
5,97,05/09/15 18:00,-2.984321,-64.874038
5,97,05/10/15 00:00,-2.985051,-64.874495
5,97,05/10/15 06:00,-2.98564,-64.8743
5,97,05/10/15 12:00,-2.985992,-64.874682
5,97,05/10/15 18:00,-2.986262,-64.874827
5,97,05/11/15 00:00,-2.986645,-64.874748
5,97,05/11/15 06:00,-2.987117,-64.874841
5,97,05/11/15 12:00,-2.988058,-64.875114
5,97,05/11/15 18:00,-2.988253,-64.875646
5,97,05/12/15 00:00,-2.988519,-64.87592
5,97,05/12/15 06:00,-2.989206,-64.876403
5,97,05/12/15 12:00,-2.989602,-64.87668
5,97,05/12/15 18:00,-2.990432,-64.877103
5,97,05/13/15 00:00,-2.990361,-64.877786
5,97,05/13/15 06:00,-2.990759,-64.878051
5,97,05/13/15 12:00,-2.990822,-64.878214
5,97,05/13/15 18:00,-2.991184,-64.878861
5,97,05/14/15 00:00,-2.991731,-64.878504
5,97,05/14/15 06:00,-2.991939,-64.879126
5,97,05/14/15 12:00,-2.992392,-64.879588
5,97,05/14/15 18:00,-2.992447,-64.879876
5,97,05/15/15 00:00,-2.992915,-64.880571
5,97,05/15/15 06:00,-2.993369,-64.881118
5,97,05/15/15 12:00,-2.993528,-64.881662
5,97,05/15/15 18:00,-2.993553,-64.882667
5,97,05/16/15 00:00,-2.993716,-64.883372
5,97,05/16/15 06:00,-2.993908,-64.88408
5,97,05/16/15 12:00,-2.993485,-64.884427
5,97,05/16/15 18:00,-2.993409,-64.885165
5,97,05/17/15 00:00,-2.993374,-64.885846
5,97,05/17/15 06:00,-2.9936,-64.887118
5,97,05/17/15 12:00,-2.993206,-64.887722
5,97,05/17/15 18:00,-2.993632,-64.888959
5,97,05/18/15 00:00,-2.993189,-64.889949
5,97,05/18/15 06:00,-2.993203,-64.890632
5,97,05/18/15 12:00,-2.992481,-64.891551
5,97,05/18/15 18:00,-2.991961,-64.892167
5,97,05/19/15 00:00,-2.992314,-64.892844
5,97,05/19/15 06:00,-2.992276,-64.894001
2,97,05/21/15 06:00,-2.982632,-64.910311
2,97,05/21/15 12:00,-2.974118,-64.907556
2,97,05/21/15 18:00,-2.965281,-64.904571
2,97,05/22/15 00:00,-2.956729,-64.901556
2,97,05/22/15 06:00,-2.947588,-64.898372
2,97,05/22/15 12:00,-2.938909,-64.895577
2,97,05/22/15 18:00,-2.930494,-64.892838
2,97,05/23/15 00:00,-2.922205,-64.890452
2,97,05/24/15 00:00,-2.922937,-64.889779
2,97,05/25/15 06:00,-2.925814,-64.882579
2,97,05/25/15 12:00,-2.925989,-64.880299
2,97,05/25/15 18:00,-2.926429,-64.877233
2,97,05/26/15 00:00,-2.926439,-64.874868
2,97,05/26/15 06:00,-2.927103,-64.872486
2,97,05/26/15 12:00,-2.92717,-64.86986
2,97,05/26/15 18:00,-2.92685,-64.867604
2,97,05/27/15 00:00,-2.926996,-64.865166
2,97,05/27/15 06:00,-2.926828,-64.863435
5,97,05/27/15 12:00,-2.926517,-64.86136
5,97,05/27/15 18:00,-2.925829,-64.859127
5,97,05/28/15 00:00,-2.925263,-64.857059
5,97,05/28/15 06:00,-2.925011,-64.854646
5,97,05/28/15 12:00,-2.924932,-64.853139
5,97,05/29/15 00:00,-2.924856,-64.85297
5,97,05/29/15 06:00,-2.925367,-64.853562
5,97,05/29/15 12:00,-2.925359,-64.854462
5,97,05/29/15 18:00,-2.926031,-64.855353
5,97,05/30/15 00:00,-2.926154,-64.856403
5,97,05/30/15 06:00,-2.926443,-64.856741
5,97,05/30/15 12:00,-2.926078,-64.857652
5,97,05/30/15 18:00,-2.925652,-64.858603
5,97,05/31/15 00:00,-2.925739,-64.859851
5,97,05/31/15 06:00,-2.925415,-64.860777
5,97,05/31/15 12:00,-2.925518,-64.8614
5,97,05/31/15 18:00,-2.925809,-64.861989
2,97,06/01/15 00:00,-2.925403,-64.86277
2,97,06/01/15 06:00,-2.925564,-64.863591
2,97,06/01/15 12:00,-2.925203,-64.864456
2,97,06/01/15 18:00,-2.925308,-64.865264
2,97,06/02/15 00:00,-2.925255,-64.866338
2,97,06/02/15 06:00,-2.924962,-64.867289
2,97,06/02/15 12:00,-2.924699,-64.868464
2,97,06/02/15 18:00,-2.924932,-64.869588
2,97,06/03/15 00:00,-2.924816,-64.870882
2,97,06/03/15 06:00,-2.924676,-64.871715
2,97,06/03/15 12:00,-2.924901,-64.873058
2,97,06/03/15 18:00,-2.9247,-64.874028
2,97,06/04/15 00:00,-2.92442,-64.875399
2,97,06/05/15 00:00,-2.923754,-64.875208
2,97,06/08/15 06:00,-2.924198,-64.867712
2,97,06/12/15 00:00,-2.918924,-64.879609
2,97,06/12/15 06:00,-2.918677,-64.879312
2,97,06/12/15 12:00,-2.917991,-64.87904
2,97,06/12/15 18:00,-2.91789,-64.878813
2,97,06/13/15 00:00,-2.918218,-64.878841
2,97,06/13/15 06:00,-2.917687,-64.879114
2,97,06/13/15 12:00,-2.917122,-64.879502
2,97,06/13/15 18:00,-2.916389,-64.88006
2,97,06/14/15 00:00,-2.916039,-64.88023
2,97,06/14/15 06:00,-2.915849,-64.880444
2,97,06/14/15 12:00,-2.915572,-64.88107
2,97,06/14/15 18:00,-2.914932,-64.881262
2,97,06/15/15 00:00,-2.914343,-64.88179
2,97,06/15/15 06:00,-2.914003,-64.882083
2,97,06/15/15 12:00,-2.913602,-64.883057
2,97,06/15/15 18:00,-2.913551,-64.883448
2,97,06/16/15 00:00,-2.913218,-64.883626
2,97,06/16/15 06:00,-2.912907,-64.884144
2,97,06/16/15 12:00,-2.912116,-64.88433
2,97,06/16/15 18:00,-2.911503,-64.885072
2,97,06/17/15 00:00,-2.911317,-64.885631
2,97,06/17/15 06:00,-2.910698,-64.886077
2,97,06/17/15 12:00,-2.910209,-64.887365
2,97,06/17/15 18:00,-2.910164,-64.887949
2,97,06/18/15 00:00,-2.909326,-64.88843
2,97,06/18/15 06:00,-2.908702,-64.888964
2,97,06/18/15 12:00,-2.908186,-64.88944
2,97,06/27/15 18:00,-2.891993,-64.904857
2,97,06/28/15 00:00,-2.890914,-64.905253
2,97,06/28/15 06:00,-2.889551,-64.906087
2,97,06/28/15 12:00,-2.887778,-64.907021
2,97,06/28/15 18:00,-2.886615,-64.908346
2,97,06/29/15 00:00,-2.885186,-64.909069
2,97,06/29/15 06:00,-2.883256,-64.91008
2,97,07/01/15 06:00,-2.886247,-64.898234
2,97,07/01/15 12:00,-2.886486,-64.898873
2,97,07/01/15 18:00,-2.886326,-64.898664
2,97,07/02/15 00:00,-2.886266,-64.898476
2,97,07/02/15 06:00,-2.886217,-64.898899
2,97,07/02/15 12:00,-2.885628,-64.899153
2,97,07/02/15 18:00,-2.884523,-64.899489
2,97,07/03/15 00:00,-2.883862,-64.899958
2,97,07/03/15 06:00,-2.882927,-64.900665
2,97,07/03/15 12:00,-2.881887,-64.900857
2,97,07/03/15 18:00,-2.881101,-64.901829
2,97,07/04/15 00:00,-2.880271,-64.902458
2,97,07/04/15 06:00,-2.879304,-64.903154
2,97,07/04/15 12:00,-2.878281,-64.904359
2,97,07/04/15 18:00,-2.877592,-64.905256
2,97,07/05/15 00:00,-2.876219,-64.906497
2,97,07/07/15 00:00,-2.876098,-64.906729
2,97,07/07/15 06:00,-2.881606,-64.905223
2,97,07/07/15 12:00,-2.886635,-64.903417
2,97,07/07/15 18:00,-2.891882,-64.901494
2,97,07/08/15 00:00,-2.896749,-64.899845
2,97,07/08/15 06:00,-2.901279,-64.89786
2,97,07/14/15 00:00,-2.907071,-64.885516
2,97,07/14/15 06:00,-2.905869,-64.886705
2,97,07/14/15 12:00,-2.905383,-64.888166
2,97,07/14/15 18:00,-2.904599,-64.889251
2,97,07/15/15 00:00,-2.903671,-64.89033
2,97,07/15/15 06:00,-2.902857,-64.89186
2,97,07/15/15 12:00,-2.902318,-64.893181
2,97,07/15/15 18:00,-2.900886,-64.89469
2,97,07/16/15 00:00,-2.899924,-64.895818
2,97,07/16/15 06:00,-2.898782,-64.897001
2,97,07/16/15 12:00,-2.897849,-64.898606
2,97,07/16/15 18:00,-2.89662,-64.900102
2,97,07/17/15 00:00,-2.895506,-64.901509
2,97,07/17/15 06:00,-2.893999,-64.903207
2,97,07/17/15 12:00,-2.893131,-64.904641
2,97,07/17/15 18:00,-2.892099,-64.905981
2,97,07/18/15 00:00,-2.890674,-64.907561
2,97,07/18/15 06:00,-2.889182,-64.909075
2,97,07/18/15 12:00,-2.888006,-64.910862
2,97,07/18/15 18:00,-2.8862,-64.912332
2,97,07/19/15 00:00,-2.884776,-64.913777
2,97,07/19/15 06:00,-2.883937,-64.915452
2,97,07/19/15 18:00,-2.884296,-64.916086
2,97,07/20/15 00:00,-2.885286,-64.914062
2,97,07/20/15 06:00,-2.88612,-64.912674
2,97,07/20/15 12:00,-2.887199,-64.910218
2,97,07/20/15 18:00,-2.88805,-64.908911
2,97,07/21/15 00:00,-2.889053,-64.907043
2,97,07/21/15 06:00,-2.889884,-64.905545
2,97,07/21/15 12:00,-2.890752,-64.904135
2,97,07/21/15 18:00,-2.891514,-64.902279
2,97,07/22/15 00:00,-2.892274,-64.900644
2,97,07/22/15 06:00,-2.892659,-64.899148
2,97,07/22/15 12:00,-2.893832,-64.89792
2,97,07/22/15 18:00,-2.894369,-64.89683
2,97,07/23/15 00:00,-2.894783,-64.89529
2,97,07/24/15 00:00,-2.894524,-64.895517
2,97,07/25/15 06:00,-2.902016,-64.895665
2,97,07/25/15 12:00,-2.90301,-64.89392
2,97,07/25/15 18:00,-2.903882,-64.892733
2,97,07/26/15 00:00,-2.904856,-64.890879
2,97,07/26/15 06:00,-2.905597,-64.889276
2,97,07/26/15 12:00,-2.906054,-64.887789
2,97,07/26/15 18:00,-2.90649,-64.886437
2,97,07/27/15 00:00,-2.907147,-64.885196
2,97,07/28/15 00:00,-2.907701,-64.883531
2,97,07/28/15 06:00,-2.908309,-64.883013
2,97,07/28/15 12:00,-2.908246,-64.883596
2,97,07/28/15 18:00,-2.907743,-64.883506
2,97,07/29/15 00:00,-2.907518,-64.883776
2,97,07/29/15 06:00,-2.907108,-64.884338
2,97,07/29/15 12:00,-2.906953,-64.885077
2,97,07/30/15 06:00,-2.906975,-64.88531
2,97,07/31/15 12:00,-2.908516,-64.884232
2,97,07/31/15 18:00,-2.907443,-64.88541
2,97,08/01/15 00:00,-2.905927,-64.886934
2,97,08/01/15 06:00,-2.904431,-64.887974
2,97,08/01/15 12:00,-2.902882,-64.889113
2,97,08/01/15 18:00,-2.901558,-64.891207
2,97,08/02/15 00:00,-2.900076,-64.892388
2,97,08/02/15 06:00,-2.898057,-64.893889
2,97,08/02/15 12:00,-2.896516,-64.895089
2,97,08/02/15 18:00,-2.895064,-64.896274
2,97,08/03/15 00:00,-2.893385,-64.897816
2,97,08/03/15 06:00,-2.891476,-64.899614
2,97,08/03/15 12:00,-2.890249,-64.901284
2,97,08/03/15 18:00,-2.888494,-64.902695
2,97,08/04/15 00:00,-2.887131,-64.90471
2,97,08/04/15 06:00,-2.88542,-64.906447
2,97,08/04/15 12:00,-2.883468,-64.908428
2,97,08/04/15 18:00,-2.88178,-64.910496
2,97,08/05/15 00:00,-2.879731,-64.912617
2,97,08/06/15 18:00,-2.890926,-64.915086
2,97,08/07/15 00:00,-2.89222,-64.912969
2,97,08/07/15 06:00,-2.893564,-64.910322
2,97,08/07/15 12:00,-2.895388,-64.908057
2,97,08/07/15 18:00,-2.896935,-64.906786
2,97,08/08/15 00:00,-2.898098,-64.904865
2,97,08/08/15 06:00,-2.899252,-64.9035
2,97,08/09/15 00:00,-2.894872,-64.902219
2,97,08/09/15 06:00,-2.895348,-64.901991
2,97,08/09/15 12:00,-2.895609,-64.901728
2,97,08/09/15 18:00,-2.895818,-64.901767
2,97,08/10/15 00:00,-2.895899,-64.901444
2,97,08/10/15 06:00,-2.896008,-64.901219
2,97,08/10/15 12:00,-2.896323,-64.901402
2,97,08/10/15 18:00,-2.896842,-64.901545
2,97,08/11/15 00:00,-2.897429,-64.901238
2,97,08/11/15 06:00,-2.898048,-64.901092
2,97,08/11/15 12:00,-2.89847,-64.901141
2,97,08/11/15 18:00,-2.898439,-64.901435
2,97,08/12/15 00:00,-2.898842,-64.901702
2,97,08/12/15 06:00,-2.899104,-64.901628
2,97,08/12/15 12:00,-2.899563,-64.901658
2,97,08/12/15 18:00,-2.900278,-64.90209
2,97,08/13/15 00:00,-2.90065,-64.902529
2,97,08/13/15 06:00,-2.900792,-64.903142
2,97,08/13/15 12:00,-2.901121,-64.903318
2,97,08/13/15 18:00,-2.901461,-64.903549
2,97,08/14/15 00:00,-2.901606,-64.904215
2,97,08/14/15 06:00,-2.902086,-64.904492
2,97,08/14/15 12:00,-2.902255,-64.904833
2,97,08/14/15 18:00,-2.90212,-64.90515
2,97,08/15/15 00:00,-2.902898,-64.905359
2,97,08/15/15 06:00,-2.902717,-64.905729
2,97,08/17/15 00:00,-2.90539,-64.899112
2,97,08/17/15 06:00,-2.906877,-64.900633
2,97,08/17/15 12:00,-2.907233,-64.902395
2,97,08/17/15 18:00,-2.907959,-64.90361
2,97,08/18/15 00:00,-2.908664,-64.905344
2,97,08/18/15 06:00,-2.909497,-64.906798
2,97,08/18/15 12:00,-2.910256,-64.908782
2,97,08/18/15 18:00,-2.911263,-64.910302
2,97,08/19/15 00:00,-2.912074,-64.911942
2,97,08/19/15 06:00,-2.912727,-64.913784
2,97,08/19/15 12:00,-2.913591,-64.91531
2,97,08/19/15 18:00,-2.914471,-64.917545
2,97,08/20/15 00:00,-2.914967,-64.919753
2,97,08/20/15 06:00,-2.915698,-64.921758
2,97,08/20/15 12:00,-2.91636,-64.92324
2,97,08/20/15 18:00,-2.917533,-64.9249
2,97,08/21/15 00:00,-2.918558,-64.926717
2,97,08/21/15 06:00,-2.919126,-64.928603
2,97,08/21/15 12:00,-2.919747,-64.930379
7,97,08/21/15 18:00,-2.920211,-64.93273
7,97,08/22/15 00:00,-2.921253,-64.935067
7,97,08/22/15 06:00,-2.921835,-64.936908
7,97,08/22/15 12:00,-2.922145,-64.939123
7,97,08/22/15 18:00,-2.922707,-64.941143
7,97,08/23/15 00:00,-2.923237,-64.94333
7,97,08/23/15 06:00,-2.923654,-64.94556
7,97,08/23/15 12:00,-2.923999,-64.947834
7,97,08/23/15 18:00,-2.924046,-64.950449
7,97,08/24/15 00:00,-2.92484,-64.95264
7,97,08/24/15 06:00,-2.924572,-64.954853
7,97,08/24/15 12:00,-2.925172,-64.957083
7,97,08/24/15 18:00,-2.925771,-64.959422
7,97,08/25/15 00:00,-2.92554,-64.961979
7,97,08/25/15 06:00,-2.925538,-64.9647
7,97,08/25/15 12:00,-2.925981,-64.967026
7,97,08/25/15 18:00,-2.926129,-64.968721
7,97,08/26/15 00:00,-2.926749,-64.971471
7,97,08/27/15 18:00,-2.916272,-64.968391
7,97,08/28/15 00:00,-2.916876,-64.967453
7,97,08/28/15 06:00,-2.917765,-64.966168
7,97,08/28/15 12:00,-2.918877,-64.965612
7,97,08/28/15 18:00,-2.920354,-64.964523
7,97,08/29/15 00:00,-2.921166,-64.963578
7,97,08/29/15 06:00,-2.921951,-64.96256
7,97,08/29/15 12:00,-2.922943,-64.961698
7,97,08/29/15 18:00,-2.924243,-64.960642
7,97,08/30/15 00:00,-2.924846,-64.960396
7,97,08/30/15 06:00,-2.9255,-64.959705
7,97,08/30/15 12:00,-2.926822,-64.959122
7,97,08/30/15 18:00,-2.927744,-64.958292
7,97,08/31/15 00:00,-2.928426,-64.95769
7,97,08/31/15 06:00,-2.929026,-64.957222
7,97,08/31/15 12:00,-2.929845,-64.956714
7,97,08/31/15 18:00,-2.930484,-64.956268
7,97,09/01/15 00:00,-2.931569,-64.956232
7,97,09/01/15 06:00,-2.93268,-64.955517
7,97,09/01/15 12:00,-2.933065,-64.955037
7,97,09/01/15 18:00,-2.933751,-64.954539
7,97,09/02/15 00:00,-2.934436,-64.953981
7,97,09/02/15 06:00,-2.93516,-64.953641
7,97,09/02/15 12:00,-2.935882,-64.953653
7,97,09/02/15 18:00,-2.936941,-64.953324
7,97,09/03/15 00:00,-2.937225,-64.953359
7,97,09/03/15 06:00,-2.937473,-64.95292
7,97,09/03/15 12:00,-2.938149,-64.953098
7,97,09/03/15 18:00,-2.938898,-64.953015
7,97,09/04/15 00:00,-2.93951,-64.953178
7,97,09/05/15 00:00,-2.926693,-64.947411
7,97,09/07/15 12:00,-2.928335,-64.943739
7,97,09/07/15 18:00,-2.929111,-64.939596
7,97,09/08/15 00:00,-2.929449,-64.934902
7,97,09/08/15 06:00,-2.930208,-64.930829
2,97,09/08/15 12:00,-2.930455,-64.926627
2,97,09/08/15 18:00,-2.931404,-64.922941
2,97,09/09/15 00:00,-2.931591,-64.91882
2,97,09/09/15 06:00,-2.932012,-64.914626
2,97,09/09/15 12:00,-2.932538,-64.911185
2,97,09/09/15 18:00,-2.932584,-64.907785
2,97,09/10/15 00:00,-2.932741,-64.904424
2,97,09/10/15 06:00,-2.932956,-64.900787
2,97,09/10/15 12:00,-2.933092,-64.897145
2,97,09/10/15 18:00,-2.932986,-64.893376
2,97,09/11/15 00:00,-2.93345,-64.889289
2,97,09/11/15 06:00,-2.934129,-64.885383
2,97,09/11/15 12:00,-2.933967,-64.881553
2,97,09/11/15 18:00,-2.933984,-64.877966
2,97,09/12/15 00:00,-2.933961,-64.874454
2,97,09/12/15 06:00,-2.934014,-64.871319
2,97,09/12/15 18:00,-2.933914,-64.871263
2,97,09/14/15 00:00,-2.937081,-64.913213
2,97,09/14/15 06:00,-2.936983,-64.914045
2,97,09/14/15 12:00,-2.937565,-64.91486
2,97,09/14/15 18:00,-2.93803,-64.915896
2,97,09/15/15 00:00,-2.938228,-64.916583
2,97,09/15/15 06:00,-2.938514,-64.918089
2,97,09/15/15 12:00,-2.938914,-64.919383
2,97,09/15/15 18:00,-2.938819,-64.920642
2,97,09/16/15 00:00,-2.938714,-64.921688
2,97,09/16/15 06:00,-2.938852,-64.923187
2,97,09/16/15 12:00,-2.938697,-64.925237
2,97,09/16/15 18:00,-2.938438,-64.926932
7,97,09/17/15 00:00,-2.937116,-64.928995
7,97,09/17/15 06:00,-2.937513,-64.931026
7,97,09/18/15 00:00,-2.937293,-64.930652
7,97,09/18/15 06:00,-2.934823,-64.936256
7,97,09/18/15 12:00,-2.93168,-64.942194
7,97,09/18/15 18:00,-2.928824,-64.949339
7,97,09/19/15 12:00,-2.928356,-64.949467
7,97,09/20/15 18:00,-2.94293,-64.948986
7,97,09/21/15 18:00,-2.960946,-64.944302
7,97,09/22/15 12:00,-2.954736,-64.94185
7,97,09/23/15 00:00,-2.947653,-64.941478
7,97,09/23/15 06:00,-2.948745,-64.938924
7,97,09/23/15 12:00,-2.950179,-64.936744
7,97,09/23/15 18:00,-2.951388,-64.934737
7,97,09/24/15 00:00,-2.952492,-64.932905
7,97,09/24/15 06:00,-2.953957,-64.931044
7,97,09/24/15 12:00,-2.955178,-64.929864
7,97,09/25/15 06:00,-2.953813,-64.934767
7,97,09/25/15 12:00,-2.953776,-64.929
7,97,09/26/15 00:00,-2.953843,-64.929104
7,97,09/26/15 06:00,-2.95395,-64.929153
7,97,09/26/15 12:00,-2.953367,-64.929434
7,97,09/26/15 18:00,-2.953377,-64.929739
7,97,09/27/15 00:00,-2.95342,-64.930172
7,97,09/27/15 06:00,-2.953274,-64.930977
7,97,09/27/15 12:00,-2.952642,-64.931623
7,97,09/27/15 18:00,-2.952185,-64.932295
7,97,09/28/15 00:00,-2.951949,-64.932965
7,97,09/28/15 06:00,-2.951098,-64.933769
7,97,09/28/15 12:00,-2.950103,-64.935109
7,97,09/28/15 18:00,-2.949759,-64.935777
7,97,09/29/15 00:00,-2.948379,-64.937808
7,97,09/29/15 06:00,-2.947967,-64.939005
7,97,09/30/15 06:00,-2.962703,-64.942666
7,97,10/04/15 00:00,-2.942852,-64.937678
7,97,10/04/15 06:00,-2.940552,-64.940559
7,97,10/04/15 12:00,-2.93849,-64.942485
7,97,10/04/15 18:00,-2.936131,-64.945408
7,97,10/05/15 00:00,-2.933303,-64.948616
7,97,10/05/15 06:00,-2.931194,-64.952109
7,97,10/05/15 12:00,-2.928503,-64.955787
7,97,10/05/15 18:00,-2.925993,-64.959569
7,97,10/06/15 00:00,-2.923835,-64.963721
7,97,10/06/15 06:00,-2.920747,-64.967344
7,97,10/06/15 18:00,-2.920965,-64.96718
7,97,10/07/15 00:00,-2.927236,-64.951366
7,97,10/08/15 00:00,-2.944203,-64.954617
7,97,10/08/15 06:00,-2.943425,-64.955713
7,97,10/08/15 12:00,-2.942244,-64.957881
7,97,10/09/15 06:00,-2.953584,-64.94602
7,97,10/09/15 12:00,-2.951754,-64.944056
7,97,10/09/15 18:00,-2.949762,-64.941748
7,97,10/10/15 00:00,-2.947466,-64.940545
7,97,10/10/15 06:00,-2.944888,-64.939201
7,97,10/10/15 12:00,-2.942337,-64.938067
7,97,10/10/15 18:00,-2.9392,-64.937086
7,97,10/11/15 12:00,-2.939991,-64.937364
7,97,10/12/15 18:00,-2.950316,-64.931237
7,97,10/13/15 00:00,-2.95078,-64.931691
7,97,10/13/15 06:00,-2.951096,-64.931644
7,97,10/13/15 12:00,-2.951797,-64.93155
7,97,10/13/15 18:00,-2.95302,-64.931553
7,97,10/14/15 00:00,-2.953999,-64.931859
7,97,10/14/15 06:00,-2.954694,-64.93193
7,97,10/14/15 12:00,-2.954985,-64.932398
7,97,10/14/15 18:00,-2.955209,-64.932673
7,97,10/15/15 00:00,-2.956109,-64.932726
7,97,10/15/15 06:00,-2.956147,-64.932826
7,97,10/15/15 12:00,-2.956908,-64.933015
7,97,10/15/15 18:00,-2.957372,-64.933098
7,97,10/16/15 00:00,-2.957581,-64.932986
7,97,10/16/15 06:00,-2.958027,-64.933436
7,97,10/16/15 12:00,-2.958376,-64.933808
7,97,10/16/15 18:00,-2.958741,-64.933867
7,97,10/17/15 00:00,-2.959062,-64.934149
7,97,10/17/15 06:00,-2.959681,-64.934164
7,97,10/17/15 12:00,-2.960275,-64.934273
7,97,10/17/15 18:00,-2.960253,-64.934582
7,97,10/18/15 00:00,-2.960914,-64.934827
7,97,10/18/15 06:00,-2.960705,-64.934882
7,97,10/18/15 12:00,-2.960843,-64.935414
7,97,10/18/15 18:00,-2.960978,-64.935472
7,97,10/19/15 00:00,-2.960747,-64.936066
7,97,10/19/15 06:00,-2.961187,-64.93671
7,97,10/19/15 12:00,-2.961152,-64.937275
7,97,10/19/15 18:00,-2.960896,-64.937747
7,97,10/20/15 00:00,-2.960757,-64.937979
7,97,10/20/15 06:00,-2.96068,-64.938386
7,97,10/20/15 12:00,-2.960769,-64.93893
7,97,10/20/15 18:00,-2.959995,-64.939448
7,97,10/21/15 00:00,-2.959438,-64.940358
7,97,10/21/15 06:00,-2.959603,-64.940851
7,97,10/21/15 12:00,-2.95901,-64.941846
7,97,10/21/15 18:00,-2.958618,-64.942675
7,97,10/22/15 00:00,-2.95841,-64.94349
7,97,10/23/15 00:00,-2.962886,-64.946437
7,97,10/24/15 06:00,-2.957875,-64.953676
7,97,10/24/15 12:00,-2.958318,-64.952503
7,97,10/24/15 18:00,-2.959305,-64.951959
7,97,10/25/15 00:00,-2.96011,-64.950965
7,97,10/25/15 06:00,-2.960466,-64.950493
7,97,10/25/15 12:00,-2.961019,-64.950785
7,97,10/25/15 18:00,-2.961331,-64.950353
7,97,10/26/15 00:00,-2.961654,-64.950081
7,97,10/26/15 06:00,-2.961639,-64.949823
7,97,10/26/15 12:00,-2.961621,-64.949639
7,97,10/26/15 18:00,-2.96185,-64.949437
7,97,10/27/15 00:00,-2.962011,-64.949466
7,97,10/27/15 06:00,-2.961905,-64.949576
7,97,10/27/15 12:00,-2.961437,-64.949749
7,97,10/28/15 00:00,-2.96173,-64.949885
7,97,10/28/15 12:00,-2.95337,-64.936594
7,97,10/29/15 00:00,-2.95206,-64.93162
7,97,10/30/15 18:00,-2.93984,-64.938036
7,97,10/31/15 00:00,-2.940957,-64.938099
7,97,10/31/15 18:00,-2.940293,-64.938596
7,97,11/01/15 12:00,-2.941129,-64.937657
2,94,01/28/15 00:00,-2.937072,-64.899842
2,94,01/28/15 06:00,-2.947785,-64.876343
2,94,01/29/15 06:00,-2.928712,-64.878633
2,94,01/30/15 00:00,-2.924885,-64.87505
5,94,01/31/15 00:00,-2.958729,-64.844202
5,94,01/31/15 12:00,-3.009822,-64.854579
5,94,01/31/15 18:00,-2.974509,-64.843904
5,94,02/01/15 06:00,-2.97516,-64.842295
2,94,02/01/15 18:00,-2.965934,-64.872038
2,94,02/02/15 00:00,-2.955899,-64.876786
2,94,02/02/15 06:00,-2.948252,-64.881552
2,94,02/03/15 18:00,-2.92945,-64.878897
2,94,02/04/15 00:00,-2.933872,-64.913503
2,94,02/05/15 06:00,-2.947138,-64.906302
2,94,02/05/15 12:00,-2.940778,-64.890151
2,94,02/05/15 18:00,-2.935037,-64.87193
5,94,02/06/15 00:00,-2.930437,-64.854375
5,94,02/07/15 00:00,-2.929987,-64.854587
5,94,02/08/15 00:00,-2.924998,-64.853686
2,94,02/08/15 12:00,-2.93495,-64.913651
2,94,02/08/15 18:00,-2.953561,-64.894303
2,94,02/09/15 00:00,-2.974408,-64.872964
2,94,02/09/15 18:00,-2.974841,-64.866034
5,94,02/10/15 00:00,-2.956971,-64.837716
5,94,02/10/15 18:00,-2.967503,-64.840234
2,94,02/11/15 00:00,-2.963074,-64.865454
2,94,02/11/15 12:00,-2.964186,-64.864969
2,94,02/12/15 00:00,-2.964064,-64.875226
2,94,02/12/15 06:00,-2.961849,-64.863533
5,94,02/12/15 12:00,-2.964759,-64.849205
5,94,02/12/15 18:00,-2.969258,-64.833509
5,94,02/13/15 18:00,-2.951728,-64.84923
2,94,02/14/15 12:00,-2.92017,-64.886454
2,94,02/14/15 18:00,-2.916016,-64.879474
2,94,02/16/15 12:00,-2.90243,-64.893952
2,94,02/17/15 00:00,-2.904194,-64.892472
2,94,02/17/15 12:00,-2.916168,-64.913806
2,94,02/17/15 18:00,-2.926804,-64.911921
2,94,02/18/15 00:00,-2.938746,-64.909921
2,94,02/19/15 00:00,-2.964468,-64.895838
2,94,02/19/15 06:00,-2.966209,-64.887778
2,94,02/19/15 12:00,-2.971952,-64.875318
2,94,02/20/15 00:00,-2.973533,-64.8747
2,94,02/20/15 12:00,-2.939325,-64.890933
2,94,02/21/15 06:00,-2.929838,-64.878774
2,94,02/21/15 12:00,-2.922612,-64.87806
2,94,02/21/15 18:00,-2.918675,-64.876106
2,94,02/22/15 00:00,-2.917018,-64.872589
2,94,02/23/15 06:00,-2.885676,-64.903747
2,94,02/23/15 12:00,-2.883703,-64.91116
2,94,02/23/15 18:00,-2.882588,-64.918126
2,94,02/24/15 06:00,-2.88184,-64.91796
2,94,02/24/15 18:00,-2.897543,-64.900175
2,94,02/25/15 00:00,-2.906784,-64.892462
2,94,02/26/15 18:00,-2.911045,-64.912589
2,94,02/27/15 06:00,-2.908491,-64.910368
2,94,02/27/15 12:00,-2.911987,-64.912362
2,94,02/27/15 18:00,-2.919774,-64.909984
2,94,02/28/15 00:00,-2.927061,-64.907377
2,94,02/28/15 06:00,-2.936939,-64.904412
2,94,02/28/15 18:00,-2.935592,-64.904036
2,94,03/01/15 12:00,-2.900717,-64.913066
2,94,03/01/15 18:00,-2.877844,-64.924019
2,94,03/03/15 06:00,-2.865808,-64.928071
2,94,03/03/15 12:00,-2.867456,-64.928794
2,94,03/03/15 18:00,-2.870977,-64.928127
2,94,03/04/15 06:00,-2.872372,-64.926732
8,94,03/05/15 18:00,-2.859531,-64.935529
8,94,03/06/15 06:00,-2.856036,-64.945769
2,94,03/06/15 12:00,-2.908048,-64.911699
2,94,03/07/15 06:00,-2.913136,-64.907271
2,94,03/08/15 00:00,-2.93717,-64.874011
2,94,03/08/15 06:00,-2.92523,-64.889965
2,94,03/08/15 12:00,-2.915878,-64.900459
2,94,03/09/15 06:00,-2.915258,-64.904722
2,94,03/09/15 12:00,-2.911308,-64.908626
2,94,03/09/15 18:00,-2.909683,-64.909327
2,94,03/10/15 06:00,-2.908264,-64.909681
2,94,03/10/15 12:00,-2.908407,-64.900526
2,94,03/10/15 18:00,-2.911034,-64.888507
2,94,03/11/15 12:00,-2.909121,-64.887313
2,94,03/11/15 18:00,-2.908749,-64.8957
2,94,03/12/15 00:00,-2.909486,-64.905163
2,94,03/12/15 12:00,-2.912843,-64.907811
2,94,03/12/15 18:00,-2.909894,-64.908453
2,94,03/13/15 12:00,-2.924559,-64.895812
2,94,03/13/15 18:00,-2.92139,-64.893272
2,94,03/14/15 00:00,-2.921194,-64.889394
2,94,03/14/15 18:00,-2.916838,-64.899231
2,94,03/15/15 00:00,-2.904715,-64.9073
2,94,03/15/15 06:00,-2.894122,-64.915043
2,94,03/15/15 12:00,-2.886478,-64.919553
2,94,03/16/15 12:00,-2.86831,-64.926029
2,94,03/16/15 18:00,-2.867974,-64.92552
2,94,03/17/15 06:00,-2.865816,-64.924837
2,94,03/17/15 18:00,-2.909917,-64.908138
2,94,03/18/15 06:00,-2.909174,-64.909936
2,94,03/18/15 12:00,-2.926079,-64.913262
2,94,03/18/15 18:00,-2.945897,-64.91387
2,94,03/19/15 06:00,-2.948024,-64.914715
2,94,03/19/15 18:00,-2.966969,-64.89772
5,94,03/20/15 00:00,-2.987803,-64.856978
5,94,03/20/15 12:00,-2.989324,-64.855384
2,94,03/20/15 18:00,-2.96077,-64.874971
2,94,03/21/15 00:00,-2.934084,-64.892357
2,94,03/21/15 06:00,-2.907239,-64.910829
2,94,03/21/15 18:00,-2.909602,-64.909631
2,94,03/22/15 00:00,-2.914778,-64.908236
2,94,03/22/15 06:00,-2.919817,-64.907065
2,94,03/22/15 12:00,-2.924549,-64.905528
2,94,03/22/15 18:00,-2.929966,-64.90391
2,94,03/23/15 12:00,-2.925243,-64.888983
2,94,03/23/15 18:00,-2.927157,-64.878416
2,94,03/24/15 00:00,-2.929715,-64.866869
5,94,03/24/15 06:00,-2.934248,-64.85266
5,94,03/24/15 12:00,-2.938804,-64.84055
5,94,03/25/15 00:00,-2.93728,-64.845002
5,94,03/25/15 18:00,-2.972827,-64.835124
5,94,03/26/15 00:00,-2.979521,-64.865573
5,94,03/26/15 12:00,-2.980001,-64.864424
2,94,03/28/15 12:00,-2.89427,-64.901964
2,94,03/28/15 18:00,-2.878598,-64.911437
2,94,03/29/15 12:00,-2.876148,-64.918815
2,94,03/29/15 18:00,-2.879227,-64.912616
2,94,03/30/15 06:00,-2.879153,-64.913406
2,94,03/30/15 12:00,-2.895218,-64.902705
2,94,03/30/15 18:00,-2.912617,-64.892141
2,94,03/31/15 06:00,-2.910105,-64.896265
5,94,03/31/15 12:00,-2.92246,-64.843684
5,94,04/01/15 12:00,-2.974774,-64.837372
5,94,04/01/15 18:00,-2.97643,-64.862494
5,94,04/02/15 06:00,-2.976313,-64.862191
2,94,04/02/15 18:00,-2.950184,-64.881052
5,94,04/03/15 12:00,-2.920787,-64.854806
2,94,04/04/15 06:00,-2.917295,-64.899706
2,94,04/04/15 12:00,-2.883386,-64.904465
2,94,04/05/15 00:00,-2.885442,-64.905022
2,94,04/05/15 06:00,-2.886179,-64.910503
2,94,04/05/15 12:00,-2.883724,-64.91762
2,94,04/06/15 00:00,-2.885353,-64.92056
2,94,04/06/15 06:00,-2.886448,-64.915811
2,94,04/06/15 12:00,-2.892404,-64.905394
2,94,04/07/15 00:00,-2.893247,-64.902959
2,94,04/07/15 06:00,-2.893582,-64.905365
2,94,04/07/15 12:00,-2.893556,-64.904482
8,94,04/10/15 00:00,-2.849585,-64.932873
2,94,04/10/15 18:00,-2.878207,-64.914482
2,94,04/11/15 00:00,-2.899564,-64.908733
2,94,04/11/15 12:00,-2.899467,-64.911217
2,94,04/11/15 18:00,-2.896568,-64.911516
2,94,04/12/15 00:00,-2.895703,-64.91044
2,94,04/12/15 06:00,-2.895897,-64.910236
2,94,04/12/15 12:00,-2.893451,-64.911079
2,94,04/12/15 18:00,-2.890992,-64.912019
2,94,04/13/15 06:00,-2.889015,-64.911737
2,94,04/13/15 18:00,-2.885827,-64.905132
2,94,04/14/15 06:00,-2.881081,-64.906115
2,94,04/15/15 18:00,-2.883896,-64.905007
2,94,04/16/15 06:00,-2.888485,-64.891122
2,94,04/16/15 12:00,-2.883372,-64.89638
2,94,04/16/15 18:00,-2.879107,-64.900695
2,94,04/18/15 12:00,-2.901266,-64.897798
2,94,04/19/15 00:00,-2.901624,-64.89757
2,94,04/21/15 06:00,-2.896784,-64.909973
2,94,04/22/15 00:00,-2.881648,-64.8934
2,94,04/23/15 00:00,-2.874248,-64.913095
8,94,04/24/15 12:00,-2.829171,-64.898261
8,94,04/25/15 00:00,-2.830914,-64.903078
8,94,04/25/15 06:00,-2.855878,-64.898878
2,94,04/25/15 12:00,-2.882277,-64.895036
2,94,04/26/15 00:00,-2.881382,-64.897405
5,94,04/26/15 06:00,-2.928776,-64.837195
5,94,04/27/15 06:00,-2.927246,-64.847492
2,94,04/28/15 00:00,-2.900858,-64.898842
2,94,04/29/15 00:00,-2.895843,-64.898306
8,94,04/30/15 00:00,-2.864617,-64.916834
8,94,05/02/15 00:00,-2.80796,-64.896694
8,94,05/05/15 00:00,-2.854077,-64.916125
8,94,05/06/15 00:00,-2.854791,-64.934444
8,94,05/12/15 00:00,-2.840356,-64.932272
8,94,05/14/15 00:00,-2.807386,-64.904475
8,94,05/17/15 06:00,-2.847366,-64.907196
8,94,05/19/15 12:00,-2.802183,-64.894958
8,94,05/21/15 00:00,-2.755535,-64.936988
8,94,05/21/15 06:00,-2.805102,-64.986688
8,94,05/22/15 00:00,-2.81542,-64.986286
8,94,05/22/15 06:00,-2.852372,-64.951251
8,94,05/23/15 06:00,-2.855766,-64.93763
8,94,05/25/15 00:00,-2.85729,-64.932921
8,94,05/27/15 00:00,-2.860231,-64.921589
8,94,05/27/15 12:00,-2.85084,-64.909028
8,94,05/29/15 00:00,-2.842901,-64.907537
8,94,05/29/15 06:00,-2.839314,-64.90363
8,94,05/30/15 00:00,-2.839994,-64.901964
8,94,06/01/15 00:00,-2.811882,-64.889432
8,94,06/06/15 00:00,-2.857857,-64.914537
2,94,06/08/15 00:00,-2.895011,-64.89623
8,94,06/10/15 18:00,-2.860574,-64.918201
8,94,06/11/15 00:00,-2.856788,-64.930846
8,94,06/14/15 00:00,-2.849007,-64.922853
8,94,06/14/15 06:00,-2.832875,-64.902235
8,94,06/17/15 06:00,-2.805671,-64.894599
8,94,06/18/15 00:00,-2.821691,-64.899734
8,94,06/20/15 00:00,-2.832447,-64.905146
8,94,06/21/15 00:00,-2.835656,-64.904268
8,94,06/23/15 00:00,-2.847733,-64.933194
8,94,06/23/15 06:00,-2.82533,-64.902851
8,94,06/27/15 06:00,-2.832314,-64.902978
8,94,06/29/15 06:00,-2.843947,-64.901852
8,94,07/01/15 06:00,-2.855001,-64.915218
8,94,07/03/15 00:00,-2.829474,-64.899354
8,94,07/04/15 00:00,-2.820359,-64.895897
8,94,07/04/15 06:00,-2.787046,-64.899541
8,94,07/07/15 00:00,-2.81768,-64.901709
8,94,07/08/15 06:00,-2.844262,-64.902665
8,94,07/11/15 00:00,-2.818889,-64.902683
8,94,07/14/15 00:00,-2.787692,-64.897987
8,94,07/15/15 00:00,-2.793549,-64.92417
8,94,07/17/15 00:00,-2.835897,-64.933331
8,94,07/19/15 00:00,-2.838728,-64.903126
8,94,07/21/15 00:00,-2.818472,-64.903005
8,94,07/23/15 12:00,-2.857643,-64.914783
2,94,07/25/15 00:00,-2.883512,-64.931733
8,94,07/26/15 00:00,-2.852109,-64.933328
4,96,02/24/15 18:00,-3.027435,-64.861263
4,96,02/25/15 18:00,-3.0323,-64.860742
5,96,02/27/15 06:00,-3.007102,-64.863866
5,96,02/27/15 12:00,-3.007966,-64.867924
5,96,02/27/15 18:00,-3.00888,-64.87295
5,96,02/28/15 00:00,-3.009775,-64.877549
5,96,03/01/15 06:00,-2.986088,-64.86024
4,96,03/01/15 18:00,-3.025675,-64.839603
4,96,03/02/15 18:00,-3.032366,-64.836594
4,96,03/03/15 06:00,-3.031788,-64.835652
5,96,03/03/15 18:00,-3.010606,-64.861164
4,96,03/04/15 18:00,-3.014928,-64.8575
4,96,03/05/15 06:00,-3.030102,-64.840637
4,96,03/05/15 12:00,-3.027683,-64.843778
4,96,03/05/15 18:00,-3.025464,-64.84621
4,96,03/06/15 00:00,-3.023601,-64.849765
4,96,03/06/15 06:00,-3.022132,-64.853622
4,96,03/06/15 18:00,-3.02266,-64.854161
4,96,03/07/15 00:00,-3.043441,-64.844627
3,96,03/08/15 18:00,-3.049865,-64.837174
4,96,03/09/15 06:00,-3.030895,-64.839333
3,96,03/09/15 18:00,-3.05808,-64.830571
3,96,03/10/15 18:00,-3.054732,-64.829065
3,96,03/11/15 00:00,-3.051082,-64.830845
3,96,03/11/15 18:00,-3.050351,-64.831332
3,96,03/12/15 18:00,-3.047436,-64.828477
3,96,03/13/15 00:00,-3.047495,-64.829899
3,96,03/13/15 06:00,-3.047146,-64.831513
3,96,03/14/15 06:00,-3.043741,-64.829471
4,96,03/14/15 12:00,-3.035453,-64.827464
4,96,03/15/15 00:00,-3.035203,-64.827714
4,96,03/15/15 12:00,-3.038951,-64.831982
3,96,03/17/15 00:00,-3.039619,-64.837554
4,96,03/17/15 06:00,-3.038473,-64.832896
4,96,03/17/15 12:00,-3.037443,-64.828203
4,96,03/18/15 06:00,-3.039569,-64.831648
4,96,03/18/15 18:00,-3.04178,-64.827539
3,96,03/21/15 06:00,-3.052667,-64.838067
3,96,03/21/15 12:00,-3.056709,-64.832808
3,96,03/22/15 06:00,-3.053417,-64.829957
3,96,03/22/15 18:00,-3.050142,-64.830956
4,96,03/23/15 00:00,-3.034721,-64.84243
4,96,03/23/15 06:00,-3.019139,-64.854054
4,96,03/24/15 00:00,-3.022228,-64.850967
4,96,03/24/15 12:00,-3.0299,-64.841007
4,96,03/26/15 18:00,-3.044888,-64.825194
4,96,03/27/15 12:00,-3.037202,-64.822492
4,96,03/28/15 12:00,-3.039645,-64.821586
4,96,03/28/15 18:00,-3.042662,-64.814216
4,96,03/29/15 18:00,-3.035467,-64.80698
4,96,03/30/15 06:00,-3.033476,-64.814261
4,96,03/30/15 18:00,-3.039585,-64.817391
3,96,03/31/15 06:00,-3.047109,-64.815985
3,96,03/31/15 12:00,-3.047156,-64.81782
3,96,04/01/15 06:00,-3.046736,-64.817704
3,96,04/01/15 18:00,-3.050454,-64.823516
4,96,04/02/15 12:00,-3.041871,-64.827908
3,96,04/02/15 18:00,-3.046343,-64.817476
4,96,04/05/15 18:00,-3.036662,-64.811564
4,96,04/07/15 06:00,-3.037317,-64.813911
4,96,04/12/15 00:00,-3.033031,-64.821704
4,96,04/13/15 00:00,-3.025039,-64.829455
4,96,04/14/15 06:00,-3.032897,-64.816158
4,96,04/14/15 12:00,-3.02829,-64.817344
4,96,04/14/15 18:00,-3.024164,-64.819572
4,96,04/16/15 12:00,-3.035271,-64.807364
4,96,04/16/15 18:00,-3.036923,-64.807183
4,96,04/17/15 00:00,-3.038727,-64.806947
4,96,04/17/15 12:00,-3.039204,-64.807526
4,96,04/18/15 00:00,-3.039017,-64.807438
4,96,04/20/15 06:00,-3.030162,-64.827103
4,96,04/20/15 12:00,-3.034719,-64.828392
4,96,04/20/15 18:00,-3.039121,-64.8295
4,96,04/21/15 12:00,-3.036702,-64.827083
4,96,04/22/15 12:00,-3.03255,-64.815934
4,96,04/22/15 18:00,-3.030601,-64.830597
4,96,04/23/15 00:00,-3.029227,-64.845752
4,96,04/27/15 18:00,-3.033349,-64.821969
4,96,04/28/15 00:00,-3.037087,-64.821065
4,96,04/29/15 12:00,-3.03711,-64.820798
4,96,05/05/15 12:00,-3.035247,-64.826049
4,96,05/05/15 18:00,-3.037309,-64.820848
4,96,05/06/15 06:00,-3.037152,-64.820828
4,96,05/06/15 12:00,-3.042106,-64.825171
3,96,05/12/15 06:00,-3.04597,-64.833781
3,96,05/16/15 06:00,-3.04899,-64.833262
4,96,05/22/15 12:00,-3.041791,-64.827734
3,96,05/23/15 06:00,-3.035477,-64.837521
4,96,05/26/15 06:00,-3.03506,-64.833339
4,96,05/29/15 18:00,-3.035427,-64.833855
3,96,06/01/15 06:00,-3.035641,-64.838184
4,96,06/07/15 12:00,-3.036166,-64.829609
4,96,06/08/15 12:00,-3.02883,-64.828405
4,96,06/12/15 00:00,-3.040678,-64.825939
3,96,06/18/15 06:00,-3.049339,-64.838339
4,96,06/29/15 00:00,-3.025741,-64.852892
4,96,07/07/15 00:00,-3.003866,-64.846335
5,96,07/07/15 18:00,-2.992473,-64.840623
5,96,07/08/15 12:00,-2.973768,-64.828435
5,96,07/09/15 06:00,-2.982695,-64.832031
5,96,07/11/15 00:00,-2.984102,-64.836626
5,96,07/11/15 12:00,-2.980947,-64.836072
5,96,07/11/15 18:00,-2.980373,-64.837351
5,96,07/12/15 18:00,-2.979564,-64.836303
2,99,11/23/14 20:00,-2.984747,-64.914496
2,99,11/24/14 06:00,-2.984864,-64.914608
4,99,11/24/14 08:00,-3.043015,-64.867487
4,99,11/24/14 14:00,-3.042245,-64.867471
4,99,11/24/14 16:00,-3.039938,-64.866658
4,99,11/25/14 02:00,-3.039952,-64.865004
4,99,11/25/14 16:00,-3.050601,-64.857863
4,99,11/27/14 04:00,-3.046215,-64.86779
4,99,11/27/14 22:00,-3.047021,-64.867593
4,99,11/28/14 02:00,-3.046706,-64.868107
4,99,11/28/14 12:00,-3.046893,-64.867827
4,99,11/29/14 00:00,-3.046801,-64.867785
4,99,11/29/14 08:00,-3.045201,-64.866715
4,99,11/29/14 16:00,-3.045371,-64.866766
4,99,11/29/14 18:00,-3.045297,-64.865881
4,99,11/30/14 08:00,-3.04067,-64.864915
4,99,11/30/14 16:00,-3.039757,-64.866547
4,99,11/30/14 18:00,-3.038268,-64.868245
4,99,11/30/14 20:00,-3.036847,-64.869616
4,99,12/01/14 02:00,-3.036707,-64.869353
4,99,12/01/14 12:00,-3.04168,-64.867843
4,99,12/01/14 14:00,-3.041843,-64.867942
4,99,12/01/14 18:00,-3.041855,-64.868388
4,99,12/01/14 20:00,-3.0476,-64.863769
4,99,12/01/14 22:00,-3.052956,-64.859198
4,99,12/02/14 08:00,-3.055811,-64.855294
4,99,12/02/14 12:00,-3.054457,-64.8565
4,99,12/02/14 16:00,-3.055446,-64.857102
4,99,12/02/14 18:00,-3.057964,-64.858538
4,99,12/02/14 22:00,-3.057902,-64.858131
4,99,12/03/14 00:00,-3.059311,-64.856674
4,99,12/03/14 02:00,-3.060192,-64.854887
4,99,12/03/14 04:00,-3.060732,-64.853344
4,99,12/03/14 18:00,-3.060626,-64.853303
3,99,12/03/14 20:00,-3.063688,-64.849173
3,99,12/03/14 22:00,-3.066665,-64.844644
3,99,12/04/14 16:00,-3.064855,-64.852541
4,99,12/05/14 00:00,-3.073002,-64.85739
3,99,12/05/14 02:00,-3.064592,-64.853294
3,99,12/05/14 20:00,-3.072002,-64.838262
3,99,12/05/14 22:00,-3.064084,-64.844764
3,99,12/06/14 06:00,-3.063793,-64.844828
3,99,12/06/14 12:00,-3.064231,-64.844766
3,99,12/06/14 16:00,-3.063806,-64.845007
3,99,12/06/14 18:00,-3.065997,-64.845389
3,99,12/06/14 20:00,-3.067939,-64.845534
3,99,12/06/14 22:00,-3.069902,-64.845804
3,99,12/07/14 00:00,-3.071693,-64.846094
3,99,12/07/14 04:00,-3.071343,-64.846114
3,99,12/07/14 08:00,-3.071033,-64.845891
3,99,12/08/14 00:00,-3.068276,-64.838406
3,99,12/08/14 02:00,-3.075851,-64.836381
3,99,12/08/14 10:00,-3.076737,-64.835318
3,99,12/09/14 14:00,-3.070836,-64.842998
3,99,12/09/14 22:00,-3.070948,-64.842773
3,99,12/10/14 16:00,-3.076411,-64.844765
3,99,12/10/14 18:00,-3.073221,-64.846795
3,99,12/10/14 20:00,-3.069863,-64.848984
3,99,12/11/14 00:00,-3.06909,-64.848652
3,99,12/11/14 02:00,-3.059143,-64.842708
3,99,12/11/14 18:00,-3.061675,-64.839616
3,99,12/11/14 20:00,-3.06338,-64.839335
3,99,12/11/14 22:00,-3.064896,-64.839382
3,99,12/12/14 02:00,-3.064701,-64.839345
3,99,12/12/14 04:00,-3.064678,-64.840139
3,99,12/12/14 08:00,-3.06487,-64.839826
3,99,12/12/14 10:00,-3.064815,-64.839995
3,99,12/13/14 04:00,-3.070157,-64.844793
3,99,12/13/14 10:00,-3.071122,-64.845795
3,99,12/14/14 02:00,-3.075125,-64.841887
3,99,12/14/14 06:00,-3.075265,-64.842141
3,99,12/14/14 08:00,-3.075449,-64.842327
3,99,12/15/14 06:00,-3.08774,-64.841573
3,99,12/15/14 20:00,-3.08792,-64.841675
3,99,12/15/14 22:00,-3.087886,-64.841447
3,99,12/16/14 02:00,-3.088447,-64.841795
3,99,12/16/14 04:00,-3.089262,-64.841884
3,99,12/16/14 06:00,-3.089794,-64.842084
3,99,12/16/14 20:00,-3.095567,-64.841289
3,99,12/16/14 22:00,-3.094284,-64.84345
3,99,12/17/14 00:00,-3.093264,-64.845852
3,99,12/17/14 02:00,-3.091761,-64.848164
3,99,12/17/14 10:00,-3.091552,-64.848269
3,99,12/17/14 14:00,-3.091656,-64.848001
3,99,12/17/14 16:00,-3.092348,-64.847056
3,99,12/18/14 06:00,-3.09556,-64.846423
3,99,12/18/14 12:00,-3.095865,-64.846641
3,99,12/18/14 18:00,-3.09593,-64.846438
3,99,12/18/14 20:00,-3.095677,-64.840408
3,99,12/19/14 00:00,-3.095619,-64.840497
3,99,12/19/14 02:00,-3.094132,-64.842665
3,99,12/19/14 06:00,-3.094508,-64.842135
3,99,12/19/14 08:00,-3.094558,-64.842463
3,99,12/19/14 10:00,-3.094418,-64.842332
3,99,12/19/14 14:00,-3.095117,-64.842295
3,99,12/19/14 16:00,-3.075861,-64.848342
3,99,12/19/14 20:00,-3.076265,-64.848469
3,99,12/20/14 00:00,-3.069141,-64.853752
4,99,12/20/14 02:00,-3.064817,-64.862936
4,99,12/20/14 18:00,-3.064806,-64.861719
4,99,12/20/14 20:00,-3.063325,-64.861937
4,99,12/21/14 00:00,-3.063222,-64.861947
4,99,12/21/14 02:00,-3.063071,-64.862195
4,99,12/21/14 04:00,-3.062679,-64.862423
4,99,12/21/14 14:00,-3.061174,-64.864632
4,99,12/22/14 00:00,-3.0595,-64.852254
4,99,12/22/14 04:00,-3.045549,-64.858293
4,99,12/22/14 14:00,-3.050861,-64.864598
4,99,12/22/14 18:00,-3.057028,-64.860925
4,99,12/22/14 20:00,-3.061224,-64.856717
3,99,12/22/14 22:00,-3.065253,-64.852698
3,99,12/23/14 02:00,-3.065204,-64.852801
3,99,12/23/14 20:00,-3.069518,-64.838983
3,99,12/23/14 22:00,-3.065115,-64.841222
3,99,12/24/14 00:00,-3.060874,-64.843659
3,99,12/24/14 08:00,-3.066157,-64.850877
3,99,12/24/14 18:00,-3.065991,-64.850724
3,99,12/25/14 00:00,-3.082193,-64.849649
3,99,12/25/14 02:00,-3.081879,-64.855926
4,99,12/25/14 04:00,-3.081263,-64.863173
4,99,12/25/14 08:00,-3.080927,-64.863047
4,99,12/25/14 10:00,-3.073575,-64.866113
4,99,12/25/14 20:00,-3.071406,-64.862778
4,99,12/26/14 02:00,-3.059504,-64.859013
4,99,12/26/14 04:00,-3.058882,-64.856919
4,99,12/26/14 06:00,-3.058857,-64.854752
4,99,12/26/14 10:00,-3.059005,-64.8547
4,99,12/26/14 16:00,-3.058373,-64.853856
4,99,12/26/14 20:00,-3.053915,-64.856568
4,99,12/27/14 04:00,-3.047084,-64.861552
4,99,12/27/14 14:00,-3.046537,-64.861885
4,99,12/27/14 22:00,-3.041744,-64.871536
1,99,12/28/14 00:00,-3.04466,-64.872213
1,99,12/28/14 04:00,-3.044559,-64.871957
1,99,12/28/14 20:00,-3.044135,-64.878238
1,99,12/29/14 08:00,-3.041105,-64.875791
1,99,12/29/14 18:00,-3.041826,-64.876177
1,99,12/30/14 02:00,-3.045288,-64.882163
1,99,12/30/14 04:00,-3.044802,-64.882898
1,99,12/31/14 06:00,-3.049223,-64.883566
1,99,12/31/14 14:00,-3.050081,-64.883942
1,99,12/31/14 16:00,-3.050016,-64.883665
1,99,12/31/14 18:00,-3.049926,-64.883893
1,99,01/01/15 00:00,-3.051188,-64.881926
1,99,01/01/15 22:00,-3.051297,-64.882246
1,99,01/02/15 10:00,-3.04834,-64.872097
1,99,01/02/15 12:00,-3.048118,-64.872131
1,99,01/02/15 14:00,-3.048099,-64.871683
1,99,01/03/15 10:00,-3.052381,-64.878123
4,99,01/03/15 16:00,-3.054986,-64.869567
4,99,01/03/15 22:00,-3.05278,-64.861118
1,99,01/04/15 00:00,-3.044635,-64.872607
1,99,01/04/15 18:00,-3.043734,-64.8789
1,99,01/05/15 00:00,-3.041161,-64.874146
4,99,01/05/15 16:00,-3.052282,-64.864692
4,99,01/05/15 20:00,-3.056235,-64.863127
4,99,01/06/15 10:00,-3.059793,-64.860835
4,99,01/06/15 16:00,-3.0594,-64.860636
4,99,01/06/15 20:00,-3.060083,-64.865119
4,99,01/07/15 12:00,-3.0515,-64.862989
4,99,01/07/15 16:00,-3.051466,-64.862915
4,99,01/07/15 18:00,-3.051362,-64.862797
4,99,01/08/15 02:00,-3.051422,-64.86299
4,99,01/08/15 04:00,-3.051379,-64.86291
4,99,01/08/15 08:00,-3.051229,-64.86324
4,99,01/08/15 14:00,-3.046482,-64.861401
4,99,01/08/15 18:00,-3.046749,-64.861544
4,99,01/08/15 20:00,-3.053369,-64.868539
4,99,01/09/15 00:00,-3.05325,-64.868213
4,99,01/09/15 06:00,-3.053711,-64.86897
4,99,01/09/15 08:00,-3.053448,-64.869173
4,99,01/09/15 18:00,-3.053663,-64.868914
1,99,01/09/15 20:00,-3.047073,-64.874198
1,99,01/10/15 02:00,-3.047073,-64.873937
1,99,01/10/15 04:00,-3.047471,-64.874198
1,99,01/10/15 16:00,-3.047838,-64.873835
1,99,01/10/15 18:00,-3.047369,-64.874184
1,99,01/11/15 02:00,-3.04761,-64.874169
1,99,01/11/15 22:00,-3.049567,-64.876569
1,99,01/12/15 18:00,-3.049491,-64.876241
1,99,01/13/15 06:00,-3.055351,-64.876051
4,99,01/13/15 14:00,-3.061456,-64.870511
4,99,01/13/15 16:00,-3.056008,-64.871248
4,99,01/13/15 22:00,-3.055857,-64.87184
4,99,01/14/15 00:00,-3.05636,-64.874215
1,99,01/14/15 02:00,-3.056769,-64.876575
1,99,01/14/15 04:00,-3.056907,-64.879157
1,99,01/14/15 10:00,-3.056715,-64.87944
1,99,01/14/15 20:00,-3.054487,-64.888254
1,99,01/15/15 00:00,-3.054712,-64.888439
1,99,01/15/15 04:00,-3.050874,-64.891683
1,99,01/15/15 12:00,-3.050739,-64.89189
1,99,01/15/15 14:00,-3.050725,-64.890865
1,99,01/15/15 16:00,-3.050652,-64.889514
1,99,01/16/15 02:00,-3.046364,-64.883033
1,99,01/16/15 14:00,-3.045227,-64.896074
1,99,01/16/15 16:00,-3.047474,-64.896796
1,99,01/16/15 18:00,-3.050243,-64.89757
1,99,01/17/15 10:00,-3.055724,-64.895653
1,99,01/17/15 12:00,-3.058295,-64.888555
1,99,01/18/15 00:00,-3.060842,-64.880291
1,99,01/18/15 04:00,-3.060934,-64.880202
1,99,01/19/15 02:00,-3.05775,-64.878644
1,99,01/19/15 04:00,-3.057444,-64.877321
1,99,01/19/15 06:00,-3.056795,-64.87596
4,99,01/19/15 08:00,-3.056261,-64.874579
1,99,01/20/15 02:00,-3.05486,-64.876375
4,99,01/20/15 10:00,-3.055945,-64.863888
4,99,01/20/15 18:00,-3.059767,-64.870209
4,99,01/20/15 20:00,-3.056268,-64.865776
4,99,01/20/15 22:00,-3.053133,-64.861526
4,99,01/21/15 00:00,-3.049816,-64.857451
4,99,01/21/15 04:00,-3.049695,-64.857659
4,99,01/21/15 12:00,-3.051011,-64.858081
4,99,01/21/15 14:00,-3.051279,-64.85886
4,99,01/21/15 16:00,-3.051703,-64.859426
4,99,01/22/15 00:00,-3.053571,-64.864166
4,99,01/22/15 02:00,-3.042932,-64.867294
4,99,01/22/15 20:00,-3.046554,-64.86081
4,99,01/22/15 22:00,-3.050895,-64.859897
4,99,01/23/15 00:00,-3.055527,-64.859027
4,99,01/23/15 14:00,-3.059131,-64.867863
4,99,01/23/15 16:00,-3.058181,-64.867417
4,99,01/23/15 20:00,-3.058471,-64.867688
4,99,01/24/15 02:00,-3.046459,-64.856069
4,99,01/24/15 04:00,-3.039931,-64.863615
4,99,01/24/15 16:00,-3.042064,-64.86661
4,99,01/24/15 22:00,-3.040658,-64.867367
4,99,01/25/15 00:00,-3.03749,-64.87326
4,99,01/25/15 02:00,-3.033763,-64.879281
1,99,01/25/15 16:00,-3.039241,-64.880824
4,99,01/26/15 00:00,-3.038741,-64.878795
1,99,01/26/15 02:00,-3.03662,-64.88575
1,99,01/26/15 10:00,-3.03096,-64.88946
1,99,01/26/15 18:00,-3.033727,-64.888696
1,99,01/27/15 00:00,-3.033762,-64.889192
1,99,01/27/15 02:00,-3.03834,-64.886866
1,99,01/28/15 00:00,-3.041155,-64.887102
1,99,01/28/15 02:00,-3.051851,-64.888958
1,99,01/28/15 08:00,-3.051647,-64.889244
1,99,01/29/15 12:00,-3.051946,-64.893546
1,99,01/29/15 14:00,-3.052371,-64.897368
1,99,01/29/15 18:00,-3.052374,-64.897462
1,99,01/29/15 22:00,-3.052561,-64.897342
1,99,01/30/15 02:00,-3.051978,-64.897239
1,99,01/30/15 10:00,-3.051372,-64.893188
1,99,01/30/15 14:00,-3.051541,-64.893182
1,99,01/30/15 16:00,-3.051382,-64.893493
1,99,01/30/15 18:00,-3.050882,-64.893578
1,99,01/30/15 22:00,-3.051043,-64.893191
1,99,01/31/15 00:00,-3.053499,-64.89202
1,99,01/31/15 10:00,-3.055978,-64.887025
1,99,01/31/15 18:00,-3.053431,-64.892767
1,99,01/31/15 20:00,-3.053259,-64.892841
1,99,02/01/15 02:00,-3.053802,-64.893154
1,99,02/01/15 06:00,-3.050145,-64.903411
1,99,02/01/15 16:00,-3.047762,-64.892792
1,99,02/01/15 18:00,-3.053677,-64.891925
1,99,02/01/15 22:00,-3.053924,-64.891633
1,99,02/02/15 02:00,-3.056759,-64.892405
1,99,02/02/15 10:00,-3.059974,-64.878128
1,99,02/02/15 12:00,-3.061926,-64.87683
1,99,02/02/15 14:00,-3.063829,-64.875408
1,99,02/02/15 16:00,-3.066153,-64.874144
1,99,02/02/15 18:00,-3.068042,-64.872756
1,99,02/02/15 20:00,-3.070014,-64.871526
1,99,02/02/15 22:00,-3.07181,-64.87053
1,99,02/03/15 00:00,-3.073661,-64.869567
4,99,02/03/15 02:00,-3.075338,-64.868257
4,99,02/03/15 04:00,-3.077553,-64.866451
4,99,02/03/15 14:00,-3.077457,-64.866589
4,99,02/03/15 18:00,-3.077898,-64.866712
4,99,02/03/15 22:00,-3.080502,-64.865546
3,99,02/04/15 12:00,-3.086642,-64.872878
3,99,02/04/15 14:00,-3.081938,-64.872153
3,99,02/04/15 16:00,-3.07713,-64.871298
1,99,02/04/15 18:00,-3.072048,-64.870888
1,99,02/04/15 22:00,-3.072065,-64.871182
1,99,02/05/15 00:00,-3.07075,-64.872878
1,99,02/05/15 02:00,-3.069712,-64.874878
1,99,02/05/15 04:00,-3.0687,-64.876882
1,99,02/05/15 08:00,-3.068891,-64.877257
1,99,02/05/15 12:00,-3.066785,-64.879031
3,99,02/05/15 14:00,-3.079574,-64.873509
3,99,02/06/15 06:00,-3.077165,-64.871863
1,99,02/06/15 12:00,-3.060209,-64.888385
1,99,02/06/15 14:00,-3.059438,-64.88149
4,99,02/06/15 16:00,-3.058694,-64.874665
4,99,02/06/15 18:00,-3.058048,-64.867984
4,99,02/06/15 22:00,-3.058454,-64.867741
3,99,02/07/15 08:00,-3.068245,-64.854036
4,99,02/07/15 14:00,-3.047026,-64.856981
4,99,02/08/15 02:00,-3.072937,-64.858787
3,99,02/08/15 06:00,-3.073492,-64.852227
3,99,02/08/15 14:00,-3.06708,-64.852148
3,99,02/08/15 16:00,-3.063928,-64.853585
4,99,02/08/15 18:00,-3.060961,-64.855371
4,99,02/08/15 20:00,-3.057899,-64.857288
4,99,02/08/15 22:00,-3.055046,-64.859139
4,99,02/09/15 04:00,-3.05404,-64.858828
4,99,02/09/15 06:00,-3.062944,-64.857846
3,99,02/09/15 12:00,-3.065834,-64.854344
3,99,02/09/15 22:00,-3.06604,-64.853501
3,99,02/10/15 00:00,-3.066181,-64.853551
3,99,02/10/15 02:00,-3.066312,-64.853713
3,99,02/10/15 04:00,-3.066205,-64.853726
3,99,02/10/15 06:00,-3.065954,-64.85377
3,99,02/10/15 10:00,-3.066246,-64.853488
3,99,02/10/15 20:00,-3.06686,-64.848407
3,99,02/10/15 22:00,-3.067408,-64.847546
3,99,02/11/15 00:00,-3.068105,-64.846925
3,99,02/11/15 08:00,-3.068271,-64.847026
3,99,02/11/15 10:00,-3.070152,-64.842741
3,99,02/12/15 04:00,-3.070837,-64.837919
3,99,02/12/15 16:00,-3.057002,-64.840065
3,99,02/12/15 18:00,-3.062524,-64.842543
3,99,02/12/15 20:00,-3.067926,-64.844721
3,99,02/12/15 22:00,-3.073113,-64.847249
3,99,02/13/15 00:00,-3.07858,-64.849849
3,99,02/13/15 04:00,-3.07836,-64.849798
3,99,02/13/15 12:00,-3.081959,-64.851872
3,99,02/13/15 16:00,-3.081574,-64.851411
3,99,02/13/15 18:00,-3.077472,-64.84899
3,99,02/13/15 22:00,-3.077371,-64.849725
3,99,02/14/15 10:00,-3.075343,-64.853608
4,99,02/14/15 16:00,-3.059919,-64.852347
4,99,02/14/15 18:00,-3.059762,-64.85341
4,99,02/14/15 20:00,-3.059915,-64.854605
4,99,02/15/15 00:00,-3.059722,-64.854844
3,99,02/15/15 04:00,-3.056606,-64.840579
3,99,02/15/15 10:00,-3.065565,-64.833023
3,99,02/15/15 16:00,-3.077718,-64.836502
3,99,02/15/15 18:00,-3.092285,-64.82813
3,99,02/15/15 22:00,-3.092823,-64.827517
3,99,02/16/15 00:00,-3.089724,-64.82925
3,99,02/16/15 02:00,-3.086254,-64.831068
3,99,02/16/15 04:00,-3.083146,-64.832838
3,99,02/16/15 06:00,-3.080048,-64.834483
3,99,02/16/15 08:00,-3.07707,-64.836644
3,99,02/16/15 10:00,-3.073875,-64.838749
3,99,02/16/15 12:00,-3.070547,-64.840634
3,99,02/16/15 14:00,-3.067122,-64.842478
3,99,02/16/15 16:00,-3.063879,-64.844587
3,99,02/16/15 22:00,-3.071075,-64.842326
3,99,02/17/15 16:00,-3.098524,-64.832871
3,99,02/17/15 18:00,-3.09813,-64.832734
3,99,02/17/15 20:00,-3.09775,-64.832748
3,99,02/18/15 02:00,-3.091112,-64.833084
3,99,02/18/15 04:00,-3.085332,-64.84197
3,99,02/18/15 14:00,-3.083143,-64.845441
3,99,02/18/15 18:00,-3.083301,-64.845283
3,99,02/18/15 20:00,-3.081757,-64.845991
3,99,02/18/15 22:00,-3.0802,-64.846843
3,99,02/19/15 00:00,-3.078856,-64.847696
3,99,02/19/15 02:00,-3.077718,-64.848885
3,99,02/19/15 10:00,-3.073715,-64.849394
3,99,02/19/15 12:00,-3.072232,-64.84727
3,99,02/19/15 16:00,-3.072579,-64.847648
3,99,02/19/15 18:00,-3.072613,-64.846536
3,99,02/20/15 12:00,-3.064701,-64.846161
3,99,02/20/15 16:00,-3.063612,-64.844716
3,99,02/20/15 20:00,-3.063381,-64.844259
3,99,02/21/15 08:00,-3.072339,-64.851564
3,99,02/21/15 10:00,-3.076376,-64.858771
3,99,02/21/15 14:00,-3.076329,-64.858263
4,99,02/22/15 00:00,-3.07456,-64.86231
4,99,02/22/15 04:00,-3.073344,-64.863192
4,99,02/22/15 06:00,-3.066684,-64.865042
4,99,02/22/15 14:00,-3.066536,-64.864857
4,99,02/22/15 22:00,-3.056368,-64.860302
4,99,02/23/15 08:00,-3.053866,-64.858304
4,99,02/23/15 10:00,-3.053522,-64.85771
4,99,02/23/15 12:00,-3.053275,-64.857199
4,99,02/24/15 06:00,-3.049167,-64.855651
3,99,02/24/15 12:00,-3.065908,-64.853423
3,99,02/24/15 14:00,-3.06587,-64.853798
3,99,02/24/15 22:00,-3.065431,-64.854015
4,99,02/25/15 10:00,-3.058261,-64.855651
3,99,02/25/15 14:00,-3.045026,-64.843587
4,99,02/25/15 16:00,-3.046477,-64.845012
4,99,02/25/15 18:00,-3.048179,-64.846076
4,99,02/25/15 20:00,-3.049917,-64.847311
4,99,02/25/15 22:00,-3.051282,-64.848555
4,99,02/26/15 02:00,-3.051258,-64.848566
4,99,02/26/15 08:00,-3.050555,-64.847304
4,99,02/26/15 10:00,-3.051583,-64.847475
4,99,02/26/15 12:00,-3.052675,-64.847575
4,99,02/26/15 16:00,-3.052913,-64.847804
4,99,02/26/15 18:00,-3.050205,-64.847973
4,99,02/26/15 22:00,-3.049958,-64.847603
4,99,02/27/15 06:00,-3.050534,-64.847238
3,99,02/27/15 12:00,-3.052608,-64.842609
4,99,02/27/15 14:00,-3.051426,-64.843914
4,99,02/27/15 16:00,-3.050301,-64.845409
4,99,02/27/15 22:00,-3.055515,-64.845977
3,99,02/28/15 06:00,-3.059031,-64.845438
3,99,02/28/15 14:00,-3.059152,-64.845834
3,99,02/28/15 18:00,-3.059428,-64.845808
4,99,02/28/15 20:00,-3.049571,-64.844014
4,99,03/01/15 00:00,-3.049777,-64.844457
4,99,03/01/15 06:00,-3.038677,-64.845252
4,99,03/01/15 12:00,-3.05163,-64.847605
4,99,03/01/15 14:00,-3.058361,-64.856412
4,99,03/01/15 20:00,-3.057957,-64.85645
4,99,03/02/15 00:00,-3.068487,-64.858663
4,99,03/02/15 08:00,-3.065684,-64.865244
4,99,03/02/15 16:00,-3.065651,-64.865846
4,99,03/02/15 18:00,-3.066222,-64.867763
1,99,03/02/15 20:00,-3.066492,-64.869799
1,99,03/02/15 22:00,-3.067136,-64.871892
4,99,03/03/15 22:00,-3.059181,-64.868046
4,99,03/04/15 00:00,-3.060585,-64.866639
4,99,03/04/15 02:00,-3.061693,-64.865507
4,99,03/04/15 04:00,-3.0627,-64.864079
4,99,03/04/15 10:00,-3.062461,-64.86447
4,99,03/04/15 12:00,-3.067735,-64.85913
4,99,03/04/15 16:00,-3.067634,-64.85884
3,99,03/05/15 00:00,-3.084015,-64.851705
3,99,03/05/15 02:00,-3.088875,-64.857323
3,99,03/05/15 08:00,-3.088551,-64.858528
3,99,03/05/15 12:00,-3.08387,-64.85948
3,99,03/05/15 14:00,-3.078628,-64.848846
3,99,03/05/15 20:00,-3.078511,-64.849045
3,99,03/06/15 04:00,-3.077618,-64.847491
3,99,03/07/15 22:00,-3.068971,-64.849138
3,99,03/08/15 02:00,-3.08556,-64.856932
3,99,03/08/15 04:00,-3.088684,-64.857299
3,99,03/08/15 10:00,-3.088771,-64.85677
3,99,03/08/15 12:00,-3.089041,-64.857179
3,99,03/08/15 16:00,-3.088788,-64.85675
3,99,03/08/15 22:00,-3.088341,-64.863581
3,99,03/09/15 00:00,-3.091058,-64.862521
3,99,03/09/15 02:00,-3.093946,-64.861646
3,99,03/09/15 08:00,-3.09393,-64.861441
3,99,03/09/15 12:00,-3.095563,-64.853718
3,99,03/09/15 14:00,-3.094471,-64.854569
3,99,03/09/15 18:00,-3.094788,-64.855052
3,99,03/09/15 20:00,-3.094984,-64.849583
3,99,03/09/15 22:00,-3.095248,-64.844233
3,99,03/10/15 00:00,-3.095622,-64.83869
3,99,03/10/15 02:00,-3.096322,-64.833287
3,99,03/10/15 06:00,-3.096384,-64.832832
3,99,03/10/15 08:00,-3.097199,-64.833666
3,99,03/10/15 16:00,-3.097186,-64.833095
3,99,03/10/15 22:00,-3.103204,-64.827186
3,99,03/11/15 00:00,-3.097948,-64.831406
3,99,03/11/15 02:00,-3.092728,-64.83578
3,99,03/12/15 00:00,-3.099594,-64.83808
3,99,03/12/15 04:00,-3.09941,-64.838105
3,99,03/12/15 14:00,-3.100717,-64.838399
3,99,03/12/15 16:00,-3.099519,-64.83683
3,99,03/12/15 18:00,-3.098601,-64.835852
3,99,03/12/15 20:00,-3.097628,-64.83451
3,99,03/12/15 22:00,-3.096678,-64.833239
3,99,03/13/15 00:00,-3.095514,-64.831735
3,99,03/13/15 02:00,-3.094387,-64.830572
3,99,03/13/15 10:00,-3.094461,-64.830123
3,99,03/13/15 18:00,-3.092856,-64.828347
3,99,03/13/15 20:00,-3.093458,-64.827968
3,99,03/13/15 22:00,-3.094107,-64.827529
3,99,03/14/15 00:00,-3.094407,-64.827381
3,99,03/14/15 02:00,-3.095051,-64.827134
3,99,03/14/15 10:00,-3.095026,-64.827056
3,99,03/15/15 00:00,-3.088851,-64.824793
3,99,03/15/15 04:00,-3.093303,-64.83045
3,99,03/15/15 06:00,-3.103893,-64.830506
3,99,03/15/15 10:00,-3.103654,-64.830326
3,99,03/15/15 12:00,-3.103057,-64.831013
3,99,03/15/15 14:00,-3.102104,-64.831931
3,99,03/15/15 16:00,-3.101136,-64.832525
3,99,03/15/15 20:00,-3.101405,-64.832231
3,99,03/15/15 22:00,-3.101466,-64.832339
3,99,03/16/15 02:00,-3.101378,-64.832382
3,99,03/16/15 04:00,-3.10228,-64.831332
3,99,03/16/15 08:00,-3.101909,-64.830972
3,99,03/16/15 12:00,-3.102137,-64.836495
3,99,03/16/15 16:00,-3.101708,-64.83646
3,99,03/16/15 18:00,-3.10181,-64.843661
3,99,03/16/15 22:00,-3.102104,-64.843675
3,99,03/17/15 02:00,-3.099124,-64.851367
3,99,03/17/15 04:00,-3.096877,-64.850446
3,99,03/17/15 08:00,-3.096547,-64.849945
3,99,03/17/15 10:00,-3.096083,-64.848863
3,99,03/17/15 12:00,-3.095672,-64.847528
3,99,03/17/15 14:00,-3.095254,-64.846171
3,99,03/17/15 16:00,-3.094735,-64.845066
3,99,03/17/15 18:00,-3.094521,-64.843685
3,99,03/17/15 20:00,-3.094374,-64.842298
3,99,03/17/15 22:00,-3.093977,-64.840567
3,99,03/18/15 06:00,-3.093819,-64.841121
3,99,03/18/15 12:00,-3.104112,-64.837168
3,99,03/18/15 16:00,-3.103971,-64.837469
3,99,03/18/15 20:00,-3.103791,-64.837846
3,99,03/19/15 02:00,-3.092429,-64.837839
3,99,03/19/15 04:00,-3.088677,-64.842394
3,99,03/19/15 06:00,-3.085095,-64.846993
3,99,03/19/15 16:00,-3.085433,-64.846864
3,99,03/20/15 04:00,-3.089514,-64.839396
3,99,03/20/15 20:00,-3.085553,-64.842457
3,99,03/20/15 22:00,-3.083047,-64.832836
3,99,03/21/15 04:00,-3.083247,-64.832939
3,99,03/22/15 04:00,-3.080511,-64.844439
3,99,03/22/15 12:00,-3.08227,-64.852463
3,99,03/23/15 02:00,-3.081942,-64.854376
3,99,03/23/15 06:00,-3.075404,-64.854609
3,99,03/23/15 14:00,-3.08196,-64.856938
3,99,03/23/15 16:00,-3.079557,-64.849443
3,99,03/23/15 22:00,-3.077851,-64.847197
3,99,03/24/15 02:00,-3.080325,-64.844559
3,99,03/24/15 04:00,-3.075376,-64.851604
4,99,03/24/15 06:00,-3.070052,-64.858625
3,99,03/25/15 20:00,-3.073445,-64.841075
3,99,03/25/15 22:00,-3.067937,-64.837732
3,99,03/27/15 08:00,-3.081451,-64.848587
3,99,03/27/15 18:00,-3.077828,-64.847316
3,99,03/28/15 22:00,-3.092535,-64.836404
3,99,03/29/15 20:00,-3.094374,-64.840016
3,99,03/29/15 22:00,-3.091382,-64.827215
3,99,03/30/15 04:00,-3.091233,-64.827054
3,99,03/31/15 12:00,-3.084843,-64.827105
3,99,04/01/15 00:00,-3.080766,-64.824734
3,99,04/03/15 22:00,-3.073969,-64.824706
3,99,04/05/15 16:00,-3.074987,-64.827023
3,99,04/05/15 20:00,-3.07561,-64.827079
3,99,04/06/15 20:00,-3.077896,-64.829521
3,99,04/07/15 00:00,-3.07184,-64.825623
3,99,04/08/15 06:00,-3.079654,-64.82187
3,99,04/11/15 18:00,-3.079087,-64.822709
3,99,04/12/15 04:00,-3.076481,-64.825241
3,99,04/12/15 08:00,-3.078321,-64.827204
3,99,04/15/15 04:00,-3.084558,-64.833797
3,99,04/15/15 22:00,-3.091295,-64.841218
3,99,04/16/15 00:00,-3.096434,-64.835728
3,99,04/16/15 16:00,-3.096234,-64.837814
3,99,04/16/15 22:00,-3.096422,-64.837716
3,99,04/18/15 22:00,-3.09851,-64.834915
3,99,04/20/15 08:00,-3.092384,-64.8422
3,99,04/21/15 20:00,-3.087518,-64.848732
3,99,04/21/15 22:00,-3.082317,-64.855501
3,99,04/22/15 00:00,-3.077254,-64.861693
1,99,04/22/15 10:00,-3.07027,-64.869095
1,99,04/22/15 16:00,-3.06828,-64.8717
1,99,04/23/15 04:00,-3.070015,-64.869478
1,99,04/23/15 06:00,-3.069579,-64.869736
1,99,04/23/15 08:00,-3.069327,-64.870124
1,99,04/23/15 10:00,-3.069046,-64.870782
1,99,04/23/15 12:00,-3.068727,-64.87164
1,99,04/23/15 22:00,-3.07214,-64.868885
3,99,04/25/15 04:00,-3.078316,-64.873846
1,99,04/27/15 22:00,-3.07016,-64.873009
1,99,04/28/15 10:00,-3.070366,-64.875662
1,99,04/28/15 12:00,-3.071783,-64.871633
4,99,04/29/15 04:00,-3.073293,-64.865906
1,99,04/29/15 16:00,-3.071536,-64.869536
1,99,04/29/15 20:00,-3.071297,-64.869118
4,99,05/01/15 10:00,-3.051558,-64.867888
4,99,05/02/15 12:00,-3.052598,-64.86944
4,99,05/02/15 18:00,-3.052671,-64.869703
4,99,05/03/15 00:00,-3.050346,-64.870061
4,99,05/04/15 00:00,-3.045763,-64.864875
4,99,05/04/15 02:00,-3.045813,-64.865294
4,99,05/05/15 20:00,-3.04166,-64.86435
1,99,05/06/15 06:00,-3.043641,-64.871248
1,99,05/07/15 04:00,-3.041549,-64.879325
4,99,05/08/15 02:00,-3.039717,-64.869026
4,99,05/12/15 08:00,-3.050131,-64.86918
4,99,05/12/15 10:00,-3.05254,-64.861164
4,99,05/12/15 16:00,-3.052475,-64.860591
4,99,05/14/15 08:00,-3.050532,-64.855059
4,99,05/15/15 20:00,-3.048818,-64.85924
4,99,05/16/15 04:00,-3.04767,-64.863988
4,99,05/16/15 22:00,-3.056173,-64.863033
4,99,05/18/15 22:00,-3.058181,-64.862323
4,99,05/22/15 00:00,-3.065808,-64.85869
3,99,05/24/15 04:00,-3.07819,-64.841808
3,99,05/25/15 18:00,-3.079983,-64.845731
3,99,05/26/15 20:00,-3.092729,-64.836303
3,99,05/28/15 06:00,-3.091462,-64.836256
3,99,05/28/15 22:00,-3.089589,-64.838741
3,99,05/31/15 14:00,-3.080952,-64.824278
3,99,06/01/15 02:00,-3.081079,-64.824195
3,99,06/01/15 18:00,-3.078729,-64.82138
3,99,06/02/15 00:00,-3.073186,-64.820437
3,99,06/02/15 18:00,-3.083222,-64.828348
3,99,06/05/15 20:00,-3.081781,-64.822386
3,99,06/06/15 00:00,-3.081662,-64.821558
3,99,06/06/15 20:00,-3.081022,-64.818707
3,99,06/08/15 18:00,-3.075903,-64.831463
3,99,06/09/15 18:00,-3.073329,-64.838221
3,99,06/12/15 00:00,-3.075754,-64.833511
3,99,06/12/15 16:00,-3.072366,-64.833865
3,99,06/13/15 22:00,-3.062901,-64.840185
3,99,06/15/15 16:00,-3.068964,-64.839181
3,99,06/20/15 12:00,-3.066565,-64.838197
3,99,06/22/15 04:00,-3.066822,-64.835731
3,99,06/22/15 12:00,-3.068691,-64.836272
3,99,06/23/15 14:00,-3.071311,-64.835429
3,99,06/24/15 08:00,-3.074478,-64.84254
3,99,06/26/15 06:00,-3.071557,-64.831077
3,99,06/27/15 00:00,-3.073601,-64.830882
3,99,06/27/15 16:00,-3.078042,-64.832714
3,99,06/28/15 20:00,-3.080027,-64.832471
3,99,06/28/15 22:00,-3.080202,-64.848027
3,99,06/29/15 12:00,-3.086722,-64.841334
3,99,07/02/15 16:00,-3.090851,-64.830848
3,99,07/03/15 06:00,-3.090001,-64.839158
3,99,07/03/15 10:00,-3.086147,-64.839301
3,99,07/04/15 04:00,-3.079769,-64.839078
3,99,07/04/15 12:00,-3.080196,-64.839338
3,99,07/06/15 20:00,-3.078295,-64.841567
3,99,07/09/15 04:00,-3.086551,-64.870649
3,99,07/11/15 02:00,-3.082433,-64.873771
1,99,07/12/15 04:00,-3.064174,-64.887101
1,99,07/12/15 08:00,-3.063862,-64.886584
1,99,07/12/15 22:00,-3.05819,-64.881602
1,99,07/13/15 06:00,-3.058921,-64.884993
1,99,07/15/15 12:00,-3.059697,-64.887307
1,99,07/15/15 22:00,-3.064121,-64.879269
1,99,07/16/15 00:00,-3.06473,-64.87713
1,99,07/16/15 08:00,-3.06939,-64.879544
1,99,07/16/15 10:00,-3.067648,-64.882283
1,99,07/16/15 12:00,-3.065996,-64.884899
1,99,07/17/15 12:00,-3.063592,-64.886735
1,99,07/17/15 16:00,-3.063749,-64.886692
4,99,07/17/15 20:00,-3.062262,-64.874776
1,99,07/21/15 00:00,-3.064149,-64.880147
1,99,07/21/15 10:00,-3.071068,-64.880477
1,99,07/21/15 14:00,-3.071656,-64.880616
1,99,07/21/15 16:00,-3.071285,-64.881185
1,99,07/21/15 20:00,-3.071636,-64.881136
3,99,07/22/15 12:00,-3.087119,-64.87924
3,99,07/22/15 14:00,-3.087346,-64.878927
1,99,07/22/15 22:00,-3.081777,-64.878463
1,99,07/23/15 10:00,-3.078047,-64.877728
1,99,07/23/15 16:00,-3.078073,-64.87796
1,99,07/24/15 02:00,-3.074105,-64.879989
1,99,07/24/15 08:00,-3.070485,-64.885948
1,99,07/26/15 14:00,-3.067131,-64.888364
1,99,07/26/15 16:00,-3.068969,-64.890071
1,99,07/27/15 00:00,-3.068657,-64.89123
1,99,07/27/15 04:00,-3.066465,-64.899857
1,99,07/27/15 06:00,-3.065154,-64.903648
1,99,07/27/15 14:00,-3.065346,-64.903108
1,99,07/27/15 16:00,-3.065424,-64.903589
1,99,07/28/15 04:00,-3.065891,-64.902068
1,99,07/28/15 06:00,-3.07184,-64.900479
1,99,07/28/15 08:00,-3.077728,-64.898688
1,99,07/28/15 20:00,-3.074549,-64.900959
1,99,07/29/15 10:00,-3.079146,-64.893286
1,99,07/29/15 14:00,-3.079292,-64.893353
1,99,07/29/15 16:00,-3.079086,-64.893771
1,99,07/29/15 20:00,-3.078857,-64.893341
1,99,07/30/15 00:00,-3.079486,-64.892774
1,99,07/30/15 02:00,-3.08443,-64.891546
1,99,07/30/15 04:00,-3.089492,-64.890817
1,99,07/30/15 10:00,-3.089714,-64.891034
1,99,07/31/15 00:00,-3.08292,-64.892721
1,99,07/31/15 02:00,-3.086927,-64.891119
1,99,07/31/15 16:00,-3.08645,-64.890968
1,99,07/31/15 18:00,-3.083509,-64.888054
1,99,08/01/15 04:00,-3.080046,-64.888362
3,99,08/01/15 20:00,-3.084162,-64.875836
1,99,08/02/15 06:00,-3.072599,-64.868406
1,99,08/02/15 12:00,-3.071328,-64.869189
1,99,08/02/15 20:00,-3.066361,-64.870322
4,99,08/03/15 04:00,-3.070213,-64.863146
4,99,08/03/15 22:00,-3.075905,-64.867978
3,99,08/04/15 04:00,-3.078366,-64.870161
3,99,08/04/15 06:00,-3.086367,-64.875381
3,99,08/05/15 02:00,-3.09893,-64.855833
3,99,08/05/15 04:00,-3.09697,-64.858519
3,99,08/05/15 06:00,-3.095202,-64.861408
3,99,08/05/15 08:00,-3.093363,-64.864395
3,99,08/05/15 10:00,-3.091679,-64.867407
3,99,08/05/15 20:00,-3.092215,-64.86634
3,99,08/05/15 22:00,-3.086988,-64.862075
3,99,08/06/15 02:00,-3.086881,-64.862084
3,99,08/06/15 08:00,-3.076,-64.860046
4,99,08/07/15 04:00,-3.067622,-64.860992
4,99,08/07/15 08:00,-3.067448,-64.860538
4,99,08/07/15 14:00,-3.067176,-64.860523
4,99,08/07/15 18:00,-3.067232,-64.860745
4,99,08/07/15 20:00,-3.067073,-64.860363
4,99,08/08/15 04:00,-3.06733,-64.86073
4,99,08/08/15 10:00,-3.066238,-64.86584
1,99,08/09/15 00:00,-3.063448,-64.880005
1,99,08/09/15 06:00,-3.070647,-64.881242
1,99,08/10/15 08:00,-3.063727,-64.880163
1,99,08/10/15 10:00,-3.063637,-64.880227
1,99,08/10/15 14:00,-3.063618,-64.880109
1,99,08/10/15 20:00,-3.064097,-64.881597
1,99,08/11/15 00:00,-3.062848,-64.882603
1,99,08/11/15 04:00,-3.062932,-64.882678
1,99,08/11/15 06:00,-3.067934,-64.881672
1,99,08/11/15 08:00,-3.073328,-64.880863
1,99,08/11/15 10:00,-3.078776,-64.880434
1,99,08/12/15 14:00,-3.066562,-64.880922
1,99,08/12/15 18:00,-3.063358,-64.884158
1,99,08/13/15 04:00,-3.06016,-64.883723
1,99,08/13/15 06:00,-3.063058,-64.883984
1,99,08/14/15 04:00,-3.067799,-64.884356
1,99,08/14/15 20:00,-3.065581,-64.881827
1,99,08/15/15 02:00,-3.065143,-64.884123
1,99,08/15/15 04:00,-3.06512,-64.885092
1,99,08/15/15 06:00,-3.065334,-64.886112
1,99,08/16/15 02:00,-3.067682,-64.884241
1,99,08/16/15 10:00,-3.068001,-64.883461
3,99,08/16/15 22:00,-3.08768,-64.879997
3,99,08/17/15 02:00,-3.087892,-64.880464
3,99,08/17/15 04:00,-3.083425,-64.875231
3,99,08/17/15 06:00,-3.078912,-64.870525
3,99,08/18/15 04:00,-3.075351,-64.855633
4,99,08/18/15 06:00,-3.068208,-64.857372
4,99,08/18/15 08:00,-3.0605,-64.858816
4,99,08/19/15 02:00,-3.055059,-64.852257
4,99,08/19/15 04:00,-3.054996,-64.852335
4,99,08/19/15 08:00,-3.054962,-64.852788
4,99,08/19/15 18:00,-3.053469,-64.85107
4,99,08/20/15 08:00,-3.056069,-64.851174
4,99,08/20/15 12:00,-3.058333,-64.850896
4,99,08/20/15 14:00,-3.056887,-64.851531
4,99,08/20/15 16:00,-3.055311,-64.85192
4,99,08/20/15 18:00,-3.053565,-64.851957
4,99,08/20/15 20:00,-3.051883,-64.852156
4,99,08/21/15 02:00,-3.055069,-64.850838
4,99,08/21/15 06:00,-3.055377,-64.8514
4,99,08/21/15 08:00,-3.054748,-64.851504
4,99,08/21/15 14:00,-3.054603,-64.851256
4,99,08/22/15 10:00,-3.055137,-64.851371
4,99,08/23/15 08:00,-3.051787,-64.852811
4,99,08/24/15 02:00,-3.062251,-64.85438
3,99,08/24/15 14:00,-3.063843,-64.844806
3,99,08/24/15 18:00,-3.063818,-64.844998
3,99,08/24/15 20:00,-3.065179,-64.846932
3,99,08/25/15 00:00,-3.065192,-64.846918
3,99,08/25/15 02:00,-3.064213,-64.849188
3,99,08/25/15 04:00,-3.063148,-64.851452
4,99,08/25/15 06:00,-3.062372,-64.854314
4,99,08/25/15 08:00,-3.061594,-64.857287
4,99,08/25/15 14:00,-3.06206,-64.857024
4,99,08/25/15 22:00,-3.058553,-64.855214
4,99,08/26/15 04:00,-3.052027,-64.859584
4,99,08/26/15 06:00,-3.0462,-64.857335
4,99,08/26/15 12:00,-3.046043,-64.857937
4,99,08/26/15 18:00,-3.04645,-64.857943
1,99,08/26/15 20:00,-3.039591,-64.875892
4,99,08/27/15 04:00,-3.047995,-64.866464
4,99,08/27/15 12:00,-3.060868,-64.867097
4,99,08/28/15 02:00,-3.054054,-64.85353
4,99,08/28/15 06:00,-3.054014,-64.853525
4,99,08/28/15 08:00,-3.054166,-64.853538
4,99,08/28/15 12:00,-3.053892,-64.853753
3,99,08/28/15 14:00,-3.066638,-64.853465
3,99,08/28/15 18:00,-3.066686,-64.854008
3,99,08/28/15 22:00,-3.067303,-64.850616
3,99,08/29/15 08:00,-3.072731,-64.843643
3,99,08/29/15 20:00,-3.074884,-64.845392
3,99,08/30/15 22:00,-3.068024,-64.836988
3,99,08/31/15 00:00,-3.069542,-64.843624
3,99,08/31/15 04:00,-3.069217,-64.843164
3,99,08/31/15 06:00,-3.066936,-64.841444
3,99,08/31/15 08:00,-3.065038,-64.839737
3,99,08/31/15 12:00,-3.065128,-64.839184
3,99,09/01/15 02:00,-3.065225,-64.839457
3,99,09/01/15 18:00,-3.057669,-64.841201
3,99,09/02/15 00:00,-3.072259,-64.852174
3,99,09/02/15 04:00,-3.078035,-64.85813
3,99,09/02/15 06:00,-3.078291,-64.857967
3,99,09/02/15 08:00,-3.07816,-64.858095
3,99,09/02/15 20:00,-3.079441,-64.858302
3,99,09/03/15 00:00,-3.090709,-64.863888
3,99,09/03/15 02:00,-3.089305,-64.860096
3,99,09/03/15 08:00,-3.089433,-64.859739
3,99,09/03/15 10:00,-3.08953,-64.860029
3,99,09/03/15 12:00,-3.089399,-64.860279
3,99,09/03/15 18:00,-3.09066,-64.861262
3,99,09/04/15 06:00,-3.093773,-64.869863
3,99,09/04/15 08:00,-3.091462,-64.866406
3,99,09/04/15 16:00,-3.091195,-64.866588
3,99,09/04/15 22:00,-3.082746,-64.849749
3,99,09/05/15 00:00,-3.079416,-64.847737
3,99,09/05/15 04:00,-3.079388,-64.847935
3,99,09/05/15 08:00,-3.079212,-64.848091
3,99,09/05/15 16:00,-3.07865,-64.85175
3,99,09/05/15 20:00,-3.071888,-64.845685
3,99,09/06/15 00:00,-3.064901,-64.832546
3,99,09/06/15 06:00,-3.064864,-64.832071
3,99,09/06/15 12:00,-3.064936,-64.832502
3,99,09/06/15 16:00,-3.064906,-64.832361
3,99,09/07/15 00:00,-3.065488,-64.83236
3,99,09/07/15 06:00,-3.064855,-64.832255
3,99,09/07/15 08:00,-3.065017,-64.832102
3,99,09/08/15 00:00,-3.064917,-64.833061
3,99,09/08/15 06:00,-3.064888,-64.832322
3,99,09/08/15 22:00,-3.065307,-64.831976
3,99,09/09/15 04:00,-3.065512,-64.832162
3,99,09/10/15 02:00,-3.066532,-64.831804
3,99,09/10/15 04:00,-3.068036,-64.82923
3,99,09/10/15 06:00,-3.069103,-64.826814
3,99,09/10/15 18:00,-3.070032,-64.824
3,99,09/11/15 02:00,-3.061434,-64.836307
3,99,09/11/15 12:00,-3.061239,-64.837835
3,99,09/11/15 16:00,-3.06488,-64.84462
3,99,09/11/15 20:00,-3.063682,-64.84026
3,99,09/12/15 00:00,-3.064735,-64.838784
3,99,09/12/15 06:00,-3.072088,-64.841132
3,99,09/12/15 18:00,-3.074372,-64.841517
3,99,09/12/15 20:00,-3.074682,-64.841944
3,99,09/12/15 22:00,-3.074864,-64.842164
3,99,09/13/15 00:00,-3.075044,-64.842056
3,99,09/13/15 06:00,-3.075451,-64.841804
3,99,09/13/15 08:00,-3.075259,-64.841723
3,99,09/13/15 18:00,-3.075564,-64.841677
3,99,09/13/15 20:00,-3.075135,-64.841363
3,99,09/14/15 02:00,-3.07522,-64.842007
3,99,09/14/15 08:00,-3.079351,-64.841948
3,99,09/14/15 16:00,-3.0791,-64.842116
3,99,09/15/15 02:00,-3.100422,-64.842747
3,99,09/15/15 12:00,-3.09907,-64.836197
3,99,09/16/15 00:00,-3.085389,-64.843076
4,99,09/16/15 02:00,-3.062367,-64.860172
4,99,09/16/15 12:00,-3.062089,-64.858265
4,99,09/17/15 00:00,-3.064137,-64.860567
4,99,09/17/15 02:00,-3.058424,-64.852148
4,99,09/17/15 20:00,-3.046446,-64.866922
4,99,09/18/15 06:00,-3.047213,-64.866856
4,99,09/18/15 12:00,-3.050733,-64.867239
4,99,09/18/15 14:00,-3.050907,-64.868204
4,99,09/18/15 16:00,-3.050555,-64.869232
4,99,09/18/15 18:00,-3.050241,-64.869699
4,99,09/18/15 20:00,-3.049927,-64.870652
1,99,09/18/15 22:00,-3.049669,-64.871381
1,99,09/19/15 14:00,-3.044832,-64.870925
1,99,09/19/15 22:00,-3.044645,-64.871289
1,99,09/20/15 06:00,-3.045238,-64.873033
1,99,09/20/15 18:00,-3.042169,-64.872773
1,99,09/21/15 06:00,-3.042275,-64.874119
1,99,09/22/15 00:00,-3.043912,-64.875883
1,99,09/22/15 04:00,-3.043603,-64.875696
1,99,09/22/15 06:00,-3.043973,-64.875877
1,99,09/22/15 12:00,-3.043301,-64.875016
1,99,09/22/15 14:00,-3.043593,-64.875311
1,99,09/22/15 16:00,-3.043872,-64.875614
1,99,09/23/15 02:00,-3.043886,-64.8757
1,99,09/23/15 04:00,-3.043433,-64.875352
1,99,09/23/15 08:00,-3.04338,-64.875133
1,99,09/23/15 12:00,-3.04359,-64.875351
1,99,09/23/15 16:00,-3.042908,-64.876957
1,99,09/23/15 18:00,-3.043305,-64.876562
1,99,09/23/15 20:00,-3.043558,-64.876141
1,99,09/23/15 22:00,-3.04385,-64.875752
1,99,09/24/15 04:00,-3.043447,-64.874985
1,99,09/24/15 06:00,-3.042072,-64.874841
1,99,09/24/15 08:00,-3.040815,-64.874748
1,99,09/25/15 02:00,-3.04624,-64.882371
1,99,09/25/15 04:00,-3.050891,-64.885716
1,99,09/25/15 06:00,-3.055566,-64.889149
1,99,09/25/15 10:00,-3.055566,-64.888981
1,99,09/25/15 22:00,-3.053096,-64.893867
1,99,09/26/15 00:00,-3.047969,-64.900939
1,99,09/26/15 02:00,-3.042679,-64.907872
1,99,09/26/15 10:00,-3.04288,-64.90783
1,99,09/26/15 16:00,-3.042913,-64.90782
1,99,09/26/15 18:00,-3.040932,-64.90733
1,99,09/26/15 20:00,-3.038907,-64.906845
1,99,09/26/15 22:00,-3.036404,-64.906588
1,99,09/27/15 04:00,-3.035532,-64.904428
1,99,09/27/15 06:00,-3.035219,-64.903885
1,99,09/27/15 08:00,-3.034903,-64.903407
1,99,09/28/15 06:00,-3.035108,-64.896653
1,99,09/28/15 08:00,-3.043398,-64.892886
1,99,09/29/15 10:00,-3.047368,-64.872454
1,99,09/29/15 16:00,-3.047273,-64.872066
1,99,09/30/15 00:00,-3.047113,-64.871774
1,99,10/01/15 08:00,-3.047526,-64.871666
4,99,10/02/15 06:00,-3.04469,-64.867533
4,99,10/02/15 10:00,-3.045027,-64.867194
4,99,10/03/15 00:00,-3.053969,-64.858731
4,99,10/03/15 02:00,-3.058725,-64.861849
4,99,10/03/15 06:00,-3.058266,-64.861519
4,99,10/04/15 00:00,-3.058214,-64.870018
1,99,10/05/15 04:00,-3.053005,-64.876079
1,99,10/05/15 06:00,-3.053234,-64.877613
1,99,10/05/15 14:00,-3.052798,-64.87814
1,99,10/05/15 16:00,-3.052658,-64.878027
1,99,10/06/15 02:00,-3.046361,-64.872926
1,99,10/06/15 04:00,-3.046613,-64.872808
1,99,10/06/15 18:00,-3.04663,-64.873121
1,99,10/07/15 04:00,-3.046795,-64.873143
1,99,10/08/15 00:00,-3.046786,-64.873108
1,99,10/08/15 12:00,-3.046681,-64.873305
1,99,10/08/15 22:00,-3.046771,-64.873264
1,99,10/09/15 10:00,-3.049996,-64.877562
1,99,10/10/15 04:00,-3.050878,-64.881496
1,99,10/10/15 06:00,-3.051097,-64.881696
1,99,10/10/15 16:00,-3.050885,-64.881913
1,99,10/11/15 10:00,-3.051357,-64.882026
1,99,10/12/15 02:00,-3.054366,-64.883699
1,99,10/12/15 04:00,-3.054262,-64.883251
1,99,10/13/15 02:00,-3.054092,-64.887819
1,99,10/13/15 04:00,-3.050729,-64.896979
1,99,10/13/15 16:00,-3.05085,-64.895396
1,99,10/13/15 22:00,-3.053142,-64.892581
1,99,10/14/15 00:00,-3.052174,-64.892992
1,99,10/14/15 02:00,-3.051707,-64.893272
1,99,10/14/15 06:00,-3.052295,-64.893144
1,99,10/14/15 20:00,-3.054578,-64.893116
1,99,10/15/15 04:00,-3.047471,-64.910143
1,99,10/15/15 06:00,-3.053844,-64.904724
1,99,10/15/15 10:00,-3.053525,-64.90428
1,99,10/15/15 16:00,-3.053466,-64.90444
1,99,10/15/15 18:00,-3.052166,-64.900728
1,99,10/16/15 00:00,-3.048819,-64.900866
1,99,10/16/15 06:00,-3.048811,-64.900673
1,99,10/17/15 00:00,-3.043342,-64.897092
1,99,10/17/15 04:00,-3.04378,-64.895202
1,99,10/17/15 06:00,-3.043661,-64.895243
1,99,10/17/15 10:00,-3.043531,-64.895552
1,99,10/17/15 18:00,-3.043272,-64.895515
1,99,10/17/15 22:00,-3.042833,-64.883383
1,99,10/18/15 02:00,-3.051196,-64.880138
1,99,10/18/15 08:00,-3.049882,-64.877539
1,99,10/18/15 20:00,-3.04986,-64.877845
1,99,10/19/15 00:00,-3.050306,-64.877512
1,99,10/19/15 02:00,-3.050694,-64.877731
1,99,10/19/15 10:00,-3.050323,-64.877586
1,99,10/19/15 12:00,-3.050259,-64.87777
1,99,10/20/15 18:00,-3.052298,-64.874888
1,99,10/22/15 04:00,-3.054306,-64.879332
1,99,10/22/15 22:00,-3.05433,-64.879193
1,99,10/23/15 00:00,-3.053601,-64.883176
1,99,10/23/15 04:00,-3.053176,-64.883504
1,99,10/23/15 06:00,-3.053349,-64.883096
1,99,10/23/15 08:00,-3.053412,-64.883159
4,99,10/23/15 22:00,-3.059842,-64.875756
4,99,10/24/15 02:00,-3.059046,-64.869217
4,99,10/24/15 04:00,-3.056929,-64.869009
4,99,10/24/15 06:00,-3.054685,-64.868466
1,99,10/25/15 00:00,-3.044291,-64.876874
1,99,10/25/15 06:00,-3.039788,-64.88396
1,99,10/25/15 22:00,-3.039543,-64.884266
1,99,10/26/15 00:00,-3.044022,-64.873304
1,99,10/26/15 04:00,-3.043801,-64.872958
4,99,10/26/15 10:00,-3.04144,-64.871067
4,99,10/26/15 12:00,-3.041365,-64.870999
4,99,10/26/15 22:00,-3.03374,-64.870704
1,99,10/27/15 04:00,-3.029426,-64.882785
4,99,10/27/15 12:00,-3.033378,-64.875041
1,99,10/27/15 14:00,-3.040208,-64.876782
1,99,10/27/15 22:00,-3.041255,-64.878297
1,99,10/28/15 00:00,-3.038418,-64.887265
1,99,10/28/15 02:00,-3.035439,-64.896244
1,99,10/28/15 12:00,-3.032722,-64.891045
1,99,10/28/15 14:00,-3.032959,-64.891389
1,99,10/28/15 20:00,-3.032977,-64.890889
1,99,10/28/15 22:00,-3.035128,-64.889464
1,99,10/29/15 00:00,-3.037038,-64.888383
1,99,10/29/15 16:00,-3.036537,-64.888645
1,99,10/29/15 20:00,-3.036314,-64.884148
1,99,10/30/15 12:00,-3.039091,-64.886924
1,99,10/31/15 02:00,-3.048313,-64.885245
1,99,10/31/15 04:00,-3.048242,-64.888621
1,99,10/31/15 20:00,-3.040548,-64.895842
1,99,10/31/15 22:00,-3.040175,-64.895978
1,99,11/01/15 00:00,-3.039746,-64.896166
1,99,11/01/15 02:00,-3.039214,-64.896095
1,99,11/01/15 04:00,-3.038469,-64.896179
1,99,11/02/15 00:00,-3.045065,-64.904587
1,99,11/02/15 16:00,-3.048174,-64.901185
1,99,11/03/15 00:00,-3.022781,-64.894976
1,99,11/03/15 02:00,-3.022601,-64.895387
1,99,11/03/15 04:00,-3.022369,-64.895752
1,99,11/03/15 06:00,-3.022517,-64.896215
1,99,11/03/15 12:00,-3.022237,-64.894663
1,99,11/03/15 20:00,-3.039886,-64.89718
1,99,11/03/15 22:00,-3.036121,-64.891109
1,99,11/04/15 04:00,-3.035921,-64.891375
1,99,11/04/15 06:00,-3.029225,-64.893635
1,99,11/04/15 08:00,-3.022302,-64.895319
1,99,11/05/15 02:00,-3.02951,-64.890271
1,99,11/05/15 04:00,-3.029412,-64.890282
1,99,11/05/15 06:00,-3.029298,-64.890469
1,99,11/05/15 08:00,-3.029205,-64.890687
1,99,11/05/15 10:00,-3.029334,-64.890751
1,99,11/05/15 12:00,-3.029279,-64.890708
1,99,11/05/15 20:00,-3.033235,-64.886217
1,99,11/05/15 22:00,-3.033601,-64.886046
1,99,11/06/15 00:00,-3.034157,-64.885945
1,99,11/06/15 02:00,-3.03472,-64.885715
1,99,11/06/15 04:00,-3.03523,-64.885524
1,99,11/06/15 06:00,-3.035958,-64.885198
1,99,11/06/15 08:00,-3.036788,-64.884748
1,99,11/06/15 10:00,-3.037106,-64.884462
1,99,11/06/15 12:00,-3.037621,-64.884289
1,99,11/06/15 14:00,-3.038303,-64.884029
1,99,11/06/15 16:00,-3.038682,-64.883628
1,99,11/06/15 18:00,-3.039237,-64.883335
1,99,11/06/15 20:00,-3.03981,-64.882819
1,99,11/06/15 22:00,-3.040487,-64.882753
1,99,11/07/15 00:00,-3.041064,-64.882283
1,99,11/07/15 02:00,-3.041795,-64.881937
1,99,11/07/15 04:00,-3.042483,-64.881779
1,99,11/07/15 06:00,-3.042682,-64.881554
1,99,11/07/15 08:00,-3.043015,-64.881246
1,99,11/07/15 10:00,-3.043528,-64.880807
1,99,11/07/15 12:00,-3.043914,-64.880588
1,99,11/07/15 14:00,-3.044402,-64.880318
1,99,11/07/15 16:00,-3.044792,-64.880149
1,99,11/07/15 18:00,-3.045266,-64.879832
1,99,11/07/15 20:00,-3.045596,-64.879582
1,99,11/07/15 22:00,-3.046239,-64.879293
1,99,11/08/15 00:00,-3.04664,-64.879203
1,99,11/08/15 02:00,-3.047218,-64.878927
1,99,11/08/15 04:00,-3.047612,-64.878357
1,99,11/08/15 06:00,-3.047802,-64.878035
1,99,11/08/15 08:00,-3.048438,-64.877616
1,99,11/08/15 10:00,-3.048822,-64.877356
1,99,11/08/15 12:00,-3.049102,-64.877245
1,99,11/08/15 14:00,-3.049415,-64.876886
1,99,11/08/15 16:00,-3.049908,-64.876789
1,99,11/08/15 18:00,-3.050412,-64.876308
1,99,11/08/15 20:00,-3.051033,-64.875847
1,99,11/08/15 22:00,-3.051474,-64.875486
1,99,11/09/15 00:00,-3.051874,-64.87507
1,99,11/09/15 02:00,-3.052355,-64.874872
1,99,11/09/15 04:00,-3.052958,-64.874664
1,99,11/09/15 06:00,-3.053265,-64.874463
4,99,11/09/15 08:00,-3.053707,-64.874324
4,99,11/09/15 10:00,-3.05395,-64.87404
4,99,11/09/15 12:00,-3.054348,-64.873792
4,99,11/09/15 14:00,-3.054591,-64.873539
4,99,11/09/15 16:00,-3.055066,-64.873285
4,99,11/09/15 18:00,-3.055632,-64.872915
4,99,11/09/15 20:00,-3.056057,-64.872587
4,99,11/09/15 22:00,-3.056298,-64.872421
4,99,11/10/15 00:00,-3.0565,-64.872123
4,99,11/10/15 02:00,-3.057074,-64.872037
4,99,11/10/15 04:00,-3.057225,-64.871787
4,99,11/10/15 06:00,-3.057686,-64.871397
4,99,11/10/15 08:00,-3.058083,-64.870884
4,99,11/10/15 10:00,-3.058372,-64.870729
4,99,11/10/15 12:00,-3.058698,-64.870477
4,99,11/10/15 14:00,-3.058955,-64.870219
4,99,11/10/15 16:00,-3.059373,-64.869761
4,99,11/10/15 18:00,-3.059466,-64.869632
4,99,11/10/15 20:00,-3.059989,-64.869434
4,99,11/10/15 22:00,-3.060311,-64.869122
4,99,11/11/15 00:00,-3.060638,-64.868842
4,99,11/11/15 02:00,-3.061002,-64.868364
4,99,11/11/15 04:00,-3.061199,-64.868003
4,99,11/11/15 06:00,-3.061718,-64.867901
4,99,11/11/15 08:00,-3.062114,-64.867638
4,99,11/11/15 10:00,-3.062497,-64.867039
4,99,11/11/15 12:00,-3.062885,-64.866274
4,99,11/11/15 14:00,-3.063253,-64.866053
4,99,11/11/15 16:00,-3.063684,-64.865973
4,99,11/11/15 18:00,-3.063794,-64.865507
4,99,11/11/15 20:00,-3.064133,-64.865195
4,99,11/11/15 22:00,-3.064681,-64.864705
4,99,11/12/15 00:00,-3.064917,-64.864254
4,99,11/12/15 02:00,-3.06503,-64.863977
4,99,11/12/15 04:00,-3.065538,-64.863763
4,99,11/12/15 06:00,-3.065764,-64.863327
4,99,11/12/15 08:00,-3.066168,-64.863227
4,99,11/12/15 10:00,-3.066505,-64.862917
4,99,11/12/15 12:00,-3.066763,-64.862567
4,99,11/12/15 14:00,-3.067203,-64.862248
1,99,11/12/15 20:00,-3.068295,-64.868321
1,99,11/12/15 22:00,-3.068909,-64.869945
1,99,11/13/15 00:00,-3.06904,-64.87157
1,99,11/13/15 08:00,-3.069252,-64.87163
1,99,11/13/15 10:00,-3.068993,-64.871566
1,99,11/13/15 22:00,-3.069059,-64.871719
1,99,11/14/15 00:00,-3.069041,-64.871729
1,99,11/14/15 02:00,-3.068936,-64.871386
1,99,11/14/15 04:00,-3.068805,-64.87106
1,99,11/14/15 06:00,-3.069056,-64.87086
1,99,11/14/15 08:00,-3.068969,-64.871017
1,99,11/14/15 18:00,-3.069698,-64.871582
1,99,11/14/15 20:00,-3.070114,-64.871656
1,99,11/14/15 22:00,-3.070065,-64.871641
1,99,11/15/15 00:00,-3.070063,-64.871346
1,99,11/15/15 02:00,-3.07009,-64.871535
1,99,11/15/15 06:00,-3.070464,-64.871329
1,99,11/15/15 08:00,-3.069464,-64.872918
1,99,11/15/15 10:00,-3.068242,-64.87444
1,99,11/15/15 16:00,-3.068496,-64.874817
1,99,11/15/15 22:00,-3.068477,-64.877763
1,99,11/16/15 04:00,-3.080366,-64.875836
1,99,11/16/15 06:00,-3.081029,-64.875488
1,99,11/16/15 18:00,-3.080167,-64.875702
3,99,11/16/15 20:00,-3.077449,-64.871182
3,99,11/17/15 04:00,-3.077507,-64.871163
3,99,11/17/15 08:00,-3.077501,-64.870911
3,99,11/17/15 10:00,-3.077754,-64.870928
3,99,11/17/15 22:00,-3.077525,-64.871216
3,99,11/18/15 00:00,-3.077507,-64.870854
3,99,11/18/15 04:00,-3.077694,-64.871109
3,99,11/18/15 06:00,-3.077571,-64.870678
3,99,11/19/15 02:00,-3.077386,-64.8711
3,99,11/19/15 04:00,-3.077501,-64.871484
3,99,11/19/15 06:00,-3.077615,-64.871344
3,99,11/19/15 08:00,-3.077545,-64.871098
3,99,11/19/15 16:00,-3.077298,-64.870609
3,99,11/19/15 22:00,-3.077211,-64.870966
3,99,11/20/15 00:00,-3.076307,-64.871147
3,99,11/20/15 02:00,-3.075106,-64.871759
1,99,11/20/15 04:00,-3.073943,-64.87218
1,99,11/20/15 06:00,-3.07288,-64.872644
1,99,11/20/15 08:00,-3.071977,-64.873188
1,99,11/20/15 10:00,-3.070955,-64.873867
4,99,11/20/15 22:00,-3.068566,-64.867743
4,99,11/21/15 02:00,-3.072002,-64.864202
4,99,11/21/15 06:00,-3.072026,-64.864116
4,99,11/21/15 08:00,-3.072122,-64.864228
4,99,11/21/15 10:00,-3.072238,-64.863971
4,99,11/21/15 12:00,-3.072033,-64.864084
4,99,11/21/15 14:00,-3.071791,-64.864298
4,99,11/21/15 20:00,-3.071898,-64.864516
4,99,11/21/15 22:00,-3.05624,-64.867073
4,99,11/22/15 02:00,-3.056474,-64.867466
1,99,11/22/15 08:00,-3.047353,-64.890029
1,99,11/22/15 12:00,-3.047535,-64.88999
1,99,11/22/15 18:00,-3.043613,-64.904823
1,99,11/23/15 02:00,-3.043574,-64.90439
1,99,11/23/15 08:00,-3.040048,-64.898037
1,99,11/23/15 18:00,-3.04136,-64.90226
1,99,11/23/15 20:00,-3.0469,-64.898882
1,99,11/23/15 22:00,-3.052722,-64.895654
1,99,11/24/15 02:00,-3.053037,-64.895802
1,99,11/24/15 04:00,-3.058341,-64.882986
4,99,11/24/15 06:00,-3.063467,-64.870045
4,99,11/24/15 16:00,-3.063066,-64.870437
1,99,11/24/15 20:00,-3.05232,-64.891228
1,99,11/24/15 22:00,-3.052628,-64.892909
1,99,11/25/15 00:00,-3.053026,-64.893897
1,99,11/25/15 02:00,-3.053552,-64.895588
1,99,11/25/15 06:00,-3.052805,-64.895614
1,99,11/25/15 18:00,-3.05338,-64.89534
4,99,11/26/15 06:00,-3.052189,-64.858668
4,99,11/26/15 20:00,-3.04751,-64.857004
4,99,11/26/15 22:00,-3.050401,-64.856824
4,99,11/27/15 00:00,-3.053255,-64.85673
4,99,11/27/15 02:00,-3.056311,-64.856749
4,99,11/27/15 04:00,-3.0595,-64.856975
4,99,11/27/15 16:00,-3.059116,-64.857101
4,99,11/27/15 22:00,-3.059348,-64.857256
4,99,11/28/15 02:00,-3.063008,-64.858649
1,99,11/28/15 22:00,-3.064126,-64.874849
1,99,11/29/15 00:00,-3.081907,-64.877661
1,99,11/29/15 06:00,-3.082593,-64.877595
1,99,11/29/15 08:00,-3.082664,-64.877638
3,99,11/29/15 14:00,-3.088727,-64.878646
4,99,11/29/15 18:00,-3.068527,-64.864581
4,99,11/29/15 20:00,-3.075395,-64.868873
3,99,11/29/15 22:00,-3.081991,-64.873448
3,99,11/30/15 00:00,-3.08873,-64.878254
1,99,12/01/15 00:00,-3.081146,-64.877166
3,99,12/01/15 02:00,-3.079648,-64.871476
3,99,12/01/15 06:00,-3.080075,-64.871565
3,99,12/01/15 14:00,-3.079989,-64.871702
4,99,12/01/15 22:00,-3.072548,-64.864094
4,99,12/02/15 00:00,-3.070367,-64.86525
4,99,12/02/15 02:00,-3.068217,-64.866567
4,99,12/02/15 04:00,-3.06625,-64.867943
4,99,12/02/15 06:00,-3.064056,-64.869688
4,99,12/02/15 12:00,-3.064946,-64.869326
4,99,12/02/15 22:00,-3.050811,-64.868902
1,99,12/03/15 04:00,-3.02671,-64.887595
1,99,12/03/15 10:00,-3.026725,-64.886959
1,99,12/03/15 16:00,-3.026195,-64.887572
1,99,12/03/15 20:00,-3.028581,-64.881996
1,99,12/03/15 22:00,-3.046771,-64.883779
1,99,12/04/15 06:00,-3.044759,-64.871526
4,99,12/04/15 22:00,-3.049789,-64.869023
4,99,12/05/15 02:00,-3.041568,-64.866305
4,99,12/05/15 06:00,-3.041843,-64.866136
4,99,12/05/15 12:00,-3.039841,-64.86593
4,99,12/05/15 18:00,-3.040007,-64.865688
4,99,12/05/15 20:00,-3.048037,-64.858502
4,99,12/05/15 22:00,-3.055784,-64.851588
3,99,12/06/15 00:00,-3.063489,-64.844852
3,99,12/06/15 02:00,-3.070786,-64.837959
3,99,12/06/15 16:00,-3.070215,-64.837371
3,99,12/06/15 18:00,-3.068698,-64.836865
3,99,12/06/15 20:00,-3.067046,-64.836723
3,99,12/06/15 22:00,-3.065296,-64.836324
3,99,12/07/15 00:00,-3.063607,-64.836086
3,99,12/07/15 18:00,-3.063882,-64.839555
3,99,12/07/15 22:00,-3.068765,-64.825595
3,99,12/08/15 00:00,-3.075246,-64.826102
3,99,12/08/15 06:00,-3.071033,-64.828715
3,99,12/08/15 16:00,-3.071166,-64.828467
3,99,12/08/15 18:00,-3.07045,-64.838393
3,99,12/08/15 20:00,-3.069596,-64.848383
4,99,12/08/15 22:00,-3.068669,-64.858509
1,99,12/09/15 00:00,-3.068117,-64.868835
1,99,12/09/15 02:00,-3.067998,-64.879219
1,99,12/09/15 10:00,-3.066319,-64.879525
1,99,12/09/15 20:00,-3.079959,-64.877857
1,99,12/09/15 22:00,-3.069818,-64.892439
1,99,12/10/15 00:00,-3.059756,-64.90734
1,99,12/10/15 04:00,-3.059979,-64.90667
1,99,12/10/15 06:00,-3.067721,-64.892201
1,99,12/10/15 18:00,-3.082702,-64.886866
1,99,12/10/15 20:00,-3.049561,-64.871123
1,99,12/11/15 02:00,-3.047254,-64.885141
1,99,12/11/15 04:00,-3.048951,-64.887635
1,99,12/11/15 06:00,-3.051133,-64.890799
1,99,12/11/15 10:00,-3.051288,-64.891211
1,99,12/11/15 12:00,-3.039637,-64.89375
1,99,12/11/15 16:00,-3.039389,-64.893174
1,99,12/11/15 18:00,-3.046973,-64.891007
1,99,12/11/15 20:00,-3.054674,-64.888783
1,99,12/12/15 04:00,-3.062517,-64.883385
1,99,12/12/15 08:00,-3.055577,-64.883709
1,99,12/12/15 12:00,-3.039675,-64.893779
1,99,12/12/15 14:00,-3.039486,-64.893745
1,99,12/12/15 20:00,-3.039866,-64.893602
1,99,12/13/15 00:00,-3.039664,-64.893503
1,99,12/13/15 04:00,-3.037269,-64.886171
1,99,12/13/15 22:00,-3.053514,-64.888264
1,99,12/14/15 00:00,-3.050103,-64.889786
1,99,12/14/15 02:00,-3.046871,-64.891129
1,99,12/14/15 04:00,-3.043728,-64.892957
1,99,12/14/15 06:00,-3.040406,-64.894682
1,99,12/14/15 18:00,-3.040482,-64.894894
1,99,12/14/15 22:00,-3.040439,-64.894356
1,99,12/15/15 02:00,-3.040414,-64.894925
1,99,12/15/15 20:00,-3.036646,-64.887706
1,99,12/15/15 22:00,-3.026454,-64.896879
1,99,12/16/15 04:00,-3.026449,-64.897119
1,99,12/16/15 10:00,-3.024771,-64.896282
1,99,12/16/15 12:00,-3.02476,-64.896083
1,99,12/16/15 16:00,-3.024297,-64.896112
1,99,12/16/15 20:00,-3.024357,-64.895954
1,99,12/17/15 00:00,-3.036317,-64.891372
1,99,12/17/15 04:00,-3.04376,-64.874911
4,99,12/17/15 18:00,-3.038804,-64.87059
4,99,12/17/15 20:00,-3.03886,-64.86891
4,99,12/17/15 22:00,-3.039184,-64.867173
4,99,12/18/15 00:00,-3.039178,-64.865799
4,99,12/18/15 02:00,-3.039711,-64.864489
4,99,12/18/15 04:00,-3.039858,-64.862962
4,99,12/18/15 06:00,-3.040326,-64.861577
4,99,12/18/15 14:00,-3.039308,-64.863723
4,99,12/18/15 20:00,-3.038369,-64.864688
4,99,12/19/15 00:00,-3.035763,-64.867088
1,99,12/21/15 06:00,-3.049409,-64.874807
1,99,12/21/15 14:00,-3.048303,-64.873566
1,99,12/21/15 20:00,-3.049044,-64.873439
4,99,12/21/15 22:00,-3.059507,-64.869365
4,99,12/22/15 02:00,-3.059308,-64.868811
4,99,12/22/15 10:00,-3.059077,-64.869063
4,99,12/22/15 22:00,-3.059574,-64.86923
4,99,12/23/15 10:00,-3.064548,-64.867505
1,99,12/23/15 12:00,-3.06899,-64.869396
1,99,12/23/15 14:00,-3.073237,-64.871287
3,99,12/23/15 16:00,-3.077417,-64.872965
3,99,12/23/15 18:00,-3.081267,-64.87458
3,99,12/23/15 20:00,-3.08528,-64.87611
3,99,12/24/15 00:00,-3.084763,-64.876305
3,99,12/24/15 04:00,-3.089799,-64.879864
3,99,12/24/15 14:00,-3.091265,-64.8764
3,99,12/24/15 22:00,-3.091203,-64.876243
3,99,12/25/15 00:00,-3.090431,-64.875926
3,99,12/25/15 04:00,-3.090488,-64.876068
3,99,12/25/15 10:00,-3.090405,-64.875795
3,99,12/25/15 18:00,-3.074857,-64.870637
4,99,12/25/15 20:00,-3.066673,-64.861281
4,99,12/26/15 00:00,-3.066526,-64.861202
3,99,12/26/15 02:00,-3.071628,-64.83769
3,99,12/26/15 06:00,-3.071369,-64.837647
3,99,12/26/15 22:00,-3.075198,-64.839753
3,99,12/27/15 00:00,-3.081021,-64.8503
3,99,12/27/15 02:00,-3.087048,-64.861171
3,99,12/27/15 08:00,-3.086889,-64.861506
3,99,12/27/15 16:00,-3.087279,-64.861665
4,99,12/27/15 18:00,-3.076185,-64.864716
4,99,12/27/15 22:00,-3.076152,-64.864928
4,99,12/28/15 00:00,-3.069067,-64.866365
4,99,12/28/15 04:00,-3.069087,-64.866262
4,99,12/28/15 08:00,-3.069021,-64.865968
1,99,12/28/15 10:00,-3.048921,-64.877692
1,99,12/28/15 16:00,-3.049706,-64.878066
1,99,12/29/15 00:00,-3.054537,-64.879478
1,99,12/29/15 02:00,-3.060209,-64.882425
1,99,12/29/15 12:00,-3.060174,-64.882835
1,99,12/29/15 18:00,-3.059493,-64.881813
1,99,12/29/15 20:00,-3.049596,-64.885501
1,99,12/30/15 02:00,-3.051478,-64.886258
1,99,12/30/15 06:00,-3.051765,-64.887526
1,99,12/30/15 18:00,-3.046118,-64.88201
1,99,12/30/15 22:00,-3.037344,-64.887128
1,99,12/31/15 00:00,-3.03722,-64.887575
1,99,12/31/15 02:00,-3.037093,-64.88779
1,99,12/31/15 04:00,-3.037022,-64.888292
1,99,12/31/15 06:00,-3.0372,-64.888537
1,99,12/31/15 08:00,-3.036894,-64.889004
1,99,12/31/15 10:00,-3.036592,-64.889556
1,99,12/31/15 12:00,-3.036287,-64.889898
1,99,12/31/15 14:00,-3.036348,-64.890297
1,99,12/31/15 16:00,-3.036433,-64.890807
1,99,12/31/15 18:00,-3.036228,-64.891054
1,99,12/31/15 20:00,-3.036245,-64.891244
1,99,12/31/15 22:00,-3.036219,-64.891204
1,99,01/01/16 00:00,-3.035892,-64.891231
1,99,01/01/16 02:00,-3.035572,-64.891615
1,99,01/01/16 04:00,-3.035496,-64.892059
1,99,01/01/16 06:00,-3.035468,-64.892258
1,99,01/01/16 08:00,-3.035613,-64.8924
1,99,01/01/16 10:00,-3.035412,-64.892581
1,99,01/01/16 12:00,-3.035369,-64.892858
1,99,01/01/16 14:00,-3.035353,-64.893019
1,99,01/01/16 16:00,-3.035295,-64.893153
1,99,01/01/16 18:00,-3.035225,-64.893258
1,99,01/01/16 20:00,-3.035085,-64.893403
1,99,01/01/16 22:00,-3.034914,-64.893626
1,99,01/02/16 00:00,-3.03484,-64.893844
1,99,01/02/16 02:00,-3.034787,-64.894076
1,99,01/02/16 04:00,-3.034986,-64.894028
1,99,01/02/16 06:00,-3.034831,-64.894175
1,99,01/02/16 08:00,-3.034677,-64.894433
1,99,01/02/16 10:00,-3.034485,-64.894855
1,99,01/02/16 12:00,-3.03451,-64.894939
1,99,01/02/16 14:00,-3.034276,-64.895107
1,99,01/02/16 16:00,-3.034029,-64.895278
1,99,01/02/16 18:00,-3.033615,-64.895516
1,99,01/02/16 20:00,-3.033511,-64.895559
1,99,01/02/16 22:00,-3.033414,-64.89582
1,99,01/03/16 00:00,-3.033142,-64.895977
1,99,01/03/16 02:00,-3.032991,-64.896054
1,99,01/03/16 04:00,-3.032891,-64.896543
1,99,01/03/16 06:00,-3.032751,-64.896743
1,99,01/03/16 08:00,-3.032679,-64.896892
1,99,01/03/16 10:00,-3.032565,-64.89735
1,99,01/03/16 12:00,-3.032398,-64.897508
1,99,01/03/16 14:00,-3.03221,-64.897858
1,99,01/03/16 16:00,-3.031834,-64.897857
1,99,01/03/16 18:00,-3.031771,-64.89815
1,99,01/03/16 20:00,-3.031583,-64.898564
1,99,01/03/16 22:00,-3.031177,-64.898642
1,99,01/04/16 00:00,-3.031085,-64.89874
1,99,01/04/16 02:00,-3.030979,-64.898954
1,99,01/04/16 04:00,-3.030698,-64.899102
1,99,01/04/16 06:00,-3.030582,-64.899467
1,99,01/04/16 08:00,-3.030543,-64.899616
1,99,01/04/16 10:00,-3.030566,-64.899618
1,99,01/04/16 12:00,-3.030329,-64.89987
1,99,01/04/16 14:00,-3.029767,-64.900157
1,99,01/04/16 16:00,-3.029586,-64.900451
1,99,01/04/16 18:00,-3.028997,-64.900766
1,99,01/04/16 20:00,-3.028706,-64.901003
1,99,01/04/16 22:00,-3.028653,-64.901134
1,99,01/05/16 00:00,-3.028221,-64.901553
1,99,01/05/16 02:00,-3.028153,-64.90159
1,99,01/05/16 04:00,-3.027755,-64.902089
1,99,01/05/16 06:00,-3.027493,-64.902157
1,99,01/05/16 10:00,-3.027703,-64.902466
1,99,01/05/16 14:00,-3.027555,-64.902268
1,99,01/05/16 16:00,-3.026146,-64.904644
1,99,01/05/16 18:00,-3.024638,-64.907064
1,99,01/05/16 22:00,-3.024847,-64.907071
1,99,01/06/16 00:00,-3.02717,-64.913459
1,99,01/06/16 04:00,-3.027489,-64.91317
1,99,01/06/16 18:00,-3.028936,-64.904998
1,99,01/06/16 20:00,-3.044795,-64.883676
1,99,01/07/16 04:00,-3.041846,-64.88354
1,99,01/07/16 06:00,-3.041724,-64.883348
1,99,01/07/16 22:00,-3.041637,-64.88308
1,99,01/08/16 12:00,-3.03936,-64.887405
1,99,01/08/16 14:00,-3.022357,-64.89483
1,99,01/08/16 20:00,-3.028332,-64.891346
1,99,01/08/16 22:00,-3.037045,-64.883878
4,99,01/09/16 06:00,-3.033891,-64.877566
1,99,01/09/16 14:00,-3.029711,-64.878742
4,99,01/09/16 20:00,-3.037037,-64.866142
4,99,01/09/16 22:00,-3.04037,-64.865609
4,99,01/10/16 00:00,-3.043895,-64.865297
4,99,01/10/16 02:00,-3.047078,-64.865091
4,99,01/10/16 16:00,-3.048543,-64.867577
4,99,01/10/16 18:00,-3.048723,-64.866839
4,99,01/11/16 04:00,-3.04878,-64.867639
4,99,01/11/16 06:00,-3.056088,-64.871421
4,99,01/11/16 18:00,-3.056242,-64.87159
4,99,01/11/16 22:00,-3.053892,-64.857095
4,99,01/12/16 00:00,-3.05804,-64.850873
4,99,01/12/16 04:00,-3.058329,-64.850798
4,99,01/12/16 10:00,-3.042948,-64.845594
4,99,01/12/16 16:00,-3.042358,-64.85128
4,99,01/12/16 20:00,-3.037544,-64.851397
4,99,01/12/16 22:00,-3.0374,-64.850914
4,99,01/13/16 04:00,-3.037567,-64.851082
4,99,01/13/16 08:00,-3.036101,-64.850045
4,99,01/13/16 10:00,-3.04222,-64.850973
4,99,01/13/16 20:00,-3.041306,-64.851656
4,99,01/13/16 22:00,-3.043095,-64.852051
4,99,01/14/16 00:00,-3.044749,-64.852495
4,99,01/14/16 02:00,-3.046573,-64.852677
4,99,01/14/16 04:00,-3.048286,-64.853077
4,99,01/14/16 06:00,-3.050006,-64.853345
4,99,01/14/16 08:00,-3.051649,-64.853734
4,99,01/14/16 12:00,-3.051727,-64.853915
4,99,01/14/16 16:00,-3.051747,-64.85448
4,99,01/14/16 20:00,-3.051862,-64.856333
4,99,01/15/16 20:00,-3.04907,-64.86252
4,99,01/15/16 22:00,-3.047769,-64.864425
4,99,01/16/16 00:00,-3.046551,-64.866462
4,99,01/16/16 02:00,-3.045039,-64.86843
1,99,01/16/16 04:00,-3.043641,-64.870629
1,99,01/16/16 06:00,-3.04237,-64.872962
1,99,01/16/16 08:00,-3.040883,-64.875287
4,99,01/16/16 10:00,-3.039478,-64.877581
4,99,01/16/16 12:00,-3.038324,-64.879793
1,99,01/16/16 14:00,-3.036855,-64.882106
1,99,01/16/16 16:00,-3.035741,-64.88451
4,99,01/17/16 00:00,-3.033289,-64.875863
4,99,01/17/16 02:00,-3.034708,-64.873359
4,99,01/17/16 04:00,-3.036104,-64.870943
4,99,01/17/16 08:00,-3.036086,-64.871394
4,99,01/17/16 16:00,-3.036239,-64.871371
4,99,01/17/16 22:00,-3.037165,-64.871993
1,99,01/18/16 00:00,-3.043153,-64.874772
1,99,01/18/16 04:00,-3.04294,-64.874819
1,99,01/18/16 10:00,-3.040962,-64.874786
4,99,01/18/16 22:00,-3.047628,-64.869343
1,99,01/19/16 00:00,-3.047612,-64.870152
1,99,01/19/16 02:00,-3.04769,-64.870549
1,99,01/20/16 14:00,-3.047774,-64.870928
1,99,01/20/16 22:00,-3.049413,-64.874148
1,99,01/21/16 08:00,-3.050243,-64.875245
