id_centroid,id_animal,timestamp,latitude_animal,longitude_animal
2,93,03/14/14 04:00,-3.038135,-64.877105
2,93,03/14/14 10:02,-3.038255,-64.876807
2,93,03/14/14 16:00,-3.03809,-64.877153
2,93,03/14/14 22:00,-3.03821,-64.877072
2,93,03/15/14 10:01,-3.033158,-64.885507
2,93,03/15/14 22:00,-3.031688,-64.887686
2,93,03/16/14 04:00,-3.031543,-64.887788
2,93,03/16/14 10:00,-3.031137,-64.888473
2,93,03/16/14 22:00,-3.031063,-64.888699
2,93,03/17/14 04:00,-3.03231,-64.888955
2,93,03/17/14 10:01,-3.033822,-64.886187
2,93,03/17/14 22:00,-3.033063,-64.886215
2,93,03/18/14 04:02,-3.038117,-64.879131
4,93,03/18/14 10:01,-3.055827,-64.858988
4,93,03/18/14 16:01,-3.061158,-64.860149
4,93,03/19/14 10:00,-3.065276,-64.856348
4,93,03/20/14 04:00,-3.065576,-64.856865
4,93,03/20/14 10:00,-3.063364,-64.858464
4,93,03/20/14 16:01,-3.061604,-64.858319
4,93,03/21/14 10:01,-3.053182,-64.85287
4,93,03/21/14 16:01,-3.053228,-64.852853
4,93,03/21/14 22:01,-3.053295,-64.852804
4,93,03/22/14 04:00,-3.051432,-64.854644
8,93,03/22/14 10:01,-3.041538,-64.845433
8,93,03/22/14 16:01,-3.04091,-64.845734
8,93,03/22/14 22:02,-3.040576,-64.846087
8,93,03/23/14 04:00,-3.031678,-64.84413
4,93,03/23/14 16:00,-3.056607,-64.832733
4,93,03/23/14 22:01,-3.056687,-64.832657
8,93,03/25/14 04:01,-3.022774,-64.848737
3,93,03/25/14 10:00,-2.982191,-64.867467
3,93,03/25/14 16:00,-2.982062,-64.867225
3,93,03/25/14 22:01,-2.982134,-64.867833
3,93,03/26/14 10:00,-2.967679,-64.841446
3,93,03/26/14 16:01,-2.97884,-64.841179
3,93,03/26/14 22:01,-2.978939,-64.841174
3,93,03/27/14 04:03,-2.986542,-64.850137
8,93,03/27/14 16:01,-3.026823,-64.82001
1,93,03/28/14 10:00,-3.070651,-64.793374
1,93,03/28/14 16:01,-3.075709,-64.788907
1,93,03/28/14 22:00,-3.075769,-64.788864
1,93,03/29/14 04:03,-3.070019,-64.800494
1,93,03/29/14 10:02,-3.077272,-64.800122
1,93,03/29/14 16:03,-3.077138,-64.800801
1,93,03/29/14 22:01,-3.079345,-64.801697
1,93,03/30/14 04:02,-3.085492,-64.800423
6,93,03/31/14 04:00,-3.096356,-64.793741
6,93,03/31/14 10:01,-3.107163,-64.79386
6,93,03/31/14 22:00,-3.105254,-64.794894
6,93,04/01/14 04:01,-3.094597,-64.78957
6,93,04/01/14 10:02,-3.086742,-64.796758
6,93,04/01/14 16:02,-3.086584,-64.796756
7,93,04/02/14 10:01,-3.096635,-64.803615
7,93,04/02/14 16:01,-3.098497,-64.803457
7,93,04/03/14 04:03,-3.115164,-64.80283
7,93,04/03/14 10:02,-3.110866,-64.801826
7,93,04/03/14 16:01,-3.110523,-64.801627
7,93,04/03/14 22:01,-3.110046,-64.801564
7,93,04/04/14 10:00,-3.097308,-64.806337
5,93,04/04/14 16:01,-3.098838,-64.831866
7,93,04/05/14 04:01,-3.103597,-64.833393
5,93,04/05/14 10:01,-3.096214,-64.84539
5,93,04/05/14 16:02,-3.088129,-64.857759
5,93,04/05/14 22:03,-3.088172,-64.856116
5,93,04/06/14 10:02,-3.090578,-64.865837
4,93,04/06/14 22:01,-3.082253,-64.859979
4,93,04/07/14 10:01,-3.071715,-64.862329
4,93,04/07/14 16:00,-3.071849,-64.862281
4,93,04/08/14 04:02,-3.080211,-64.866634
5,93,04/08/14 22:01,-3.093862,-64.866634
5,93,04/09/14 04:02,-3.094265,-64.865546
5,93,04/09/14 10:01,-3.094415,-64.86557
5,93,04/09/14 16:02,-3.094052,-64.8655
5,93,04/09/14 22:02,-3.094105,-64.865386
5,93,04/10/14 04:00,-3.097182,-64.855249
5,93,04/10/14 10:00,-3.095017,-64.852852
5,93,04/10/14 22:01,-3.092935,-64.855251
5,93,04/11/14 04:01,-3.096182,-64.842296
7,93,04/11/14 10:01,-3.094637,-64.821983
7,93,04/11/14 16:02,-3.09954,-64.824996
7,93,04/11/14 22:02,-3.099351,-64.825025
1,93,04/12/14 16:01,-3.08494,-64.808302
1,93,04/12/14 22:01,-3.084781,-64.808277
1,93,04/13/14 04:00,-3.081388,-64.809093
1,93,04/13/14 10:00,-3.072262,-64.811703
1,93,04/13/14 16:01,-3.075243,-64.808869
1,93,04/13/14 22:00,-3.075272,-64.808729
1,93,04/14/14 10:01,-3.078063,-64.807435
1,93,04/14/14 16:02,-3.075947,-64.808378
1,93,04/14/14 22:01,-3.075809,-64.808414
1,93,04/15/14 04:00,-3.078031,-64.807176
1,93,04/15/14 10:00,-3.078019,-64.807179
1,93,04/16/14 10:01,-3.078289,-64.806998
1,93,04/17/14 04:00,-3.077781,-64.807231
1,93,04/17/14 10:01,-3.077746,-64.807336
1,93,04/17/14 16:02,-3.075679,-64.808431
1,93,04/17/14 22:02,-3.075541,-64.808336
1,93,04/18/14 04:01,-3.077742,-64.80736
1,93,04/18/14 10:02,-3.077818,-64.80718
1,93,04/18/14 22:02,-3.075496,-64.808442
1,93,04/19/14 04:00,-3.077902,-64.807593
1,93,04/19/14 10:02,-3.076128,-64.808151
1,93,04/19/14 22:01,-3.075626,-64.808377
1,93,04/20/14 04:00,-3.07526,-64.808895
1,93,04/20/14 10:01,-3.077609,-64.807283
1,93,04/20/14 16:01,-3.073036,-64.802478
1,93,04/21/14 10:01,-3.078095,-64.793052
6,93,04/21/14 22:00,-3.083604,-64.791711
6,93,04/22/14 04:01,-3.090155,-64.788267
6,93,04/22/14 10:01,-3.099092,-64.783974
6,93,04/22/14 16:00,-3.09907,-64.784014
6,93,04/22/14 22:01,-3.099117,-64.784149
6,93,04/23/14 04:00,-3.100055,-64.789089
6,93,04/23/14 10:00,-3.099905,-64.788877
6,93,04/23/14 22:02,-3.092808,-64.790261
6,93,04/24/14 04:02,-3.090476,-64.783949
1,93,04/24/14 10:00,-3.074051,-64.789562
1,93,04/24/14 22:00,-3.065478,-64.795727
8,93,04/25/14 10:01,-3.037831,-64.811569
8,93,04/26/14 04:03,-3.028398,-64.841961
3,93,04/26/14 10:01,-2.989565,-64.855123
3,93,04/26/14 16:00,-2.982523,-64.846483
3,93,04/27/14 10:02,-2.977842,-64.833818
3,93,04/27/14 22:02,-2.977754,-64.833806
3,93,04/28/14 10:02,-2.99225,-64.837177
3,93,04/30/14 04:01,-2.999746,-64.837569
3,93,04/30/14 10:02,-2.981649,-64.834909
3,93,04/30/14 16:01,-2.979756,-64.833409
3,93,04/30/14 22:00,-2.979476,-64.833453
3,93,05/01/14 04:01,-2.979175,-64.82895
3,93,05/01/14 22:01,-2.987867,-64.830896
3,93,05/02/14 04:00,-2.990272,-64.832618
3,93,05/02/14 10:02,-2.988845,-64.83543
3,93,05/02/14 16:01,-2.989117,-64.835626
3,93,05/03/14 04:00,-2.987759,-64.839154
3,93,05/03/14 16:01,-2.980263,-64.830711
3,93,05/03/14 22:01,-2.979813,-64.83033
3,93,05/04/14 04:01,-2.980113,-64.829903
3,93,05/04/14 10:00,-2.980178,-64.830565
3,93,05/04/14 22:03,-2.979983,-64.830683
3,93,05/05/14 10:02,-2.981403,-64.831508
3,93,05/05/14 16:02,-2.98125,-64.831469
3,93,05/05/14 22:00,-2.981096,-64.831694
3,93,05/06/14 04:01,-2.995299,-64.832182
3,93,05/06/14 10:00,-3.000265,-64.832751
3,93,05/06/14 16:00,-2.999695,-64.832899
3,93,05/06/14 22:00,-2.999766,-64.832962
3,93,05/07/14 22:02,-2.99708,-64.843281
3,93,05/08/14 04:00,-2.990427,-64.840703
3,93,05/08/14 10:01,-2.981546,-64.836129
3,93,05/08/14 16:00,-2.980421,-64.835853
3,93,05/08/14 22:00,-2.97903,-64.835789
8,93,05/09/14 10:00,-3.02246,-64.840737
8,93,05/09/14 16:00,-3.037745,-64.825374
8,93,05/09/14 22:00,-3.037738,-64.825191
1,93,05/10/14 04:00,-3.05414,-64.816822
1,93,05/10/14 10:00,-3.054384,-64.816832
1,93,05/10/14 16:00,-3.054742,-64.816597
1,93,05/10/14 22:00,-3.054207,-64.816934
1,93,05/11/14 10:01,-3.067242,-64.814839
1,93,05/11/14 16:00,-3.067088,-64.814436
1,93,05/12/14 04:01,-3.064296,-64.80395
6,93,05/12/14 10:02,-3.09382,-64.781814
6,93,05/12/14 22:00,-3.093753,-64.781815
6,93,05/13/14 04:00,-3.093704,-64.781977
6,93,05/13/14 16:00,-3.098594,-64.784392
6,93,05/13/14 22:00,-3.098518,-64.784323
6,93,05/14/14 04:01,-3.099108,-64.78406
6,93,05/14/14 10:00,-3.101672,-64.784627
6,93,05/14/14 16:00,-3.101623,-64.784676
6,93,05/14/14 22:00,-3.097904,-64.786217
6,93,05/15/14 04:00,-3.097685,-64.786139
6,93,05/15/14 10:01,-3.101194,-64.79195
6,93,05/15/14 16:00,-3.101317,-64.791808
6,93,05/15/14 22:01,-3.101349,-64.791784
6,93,05/16/14 04:01,-3.109455,-64.788819
6,93,05/16/14 10:00,-3.108549,-64.789422
6,93,05/16/14 16:00,-3.108886,-64.789612
6,93,05/16/14 22:00,-3.108593,-64.789511
6,93,05/17/14 04:02,-3.102338,-64.795966
6,93,05/17/14 10:00,-3.101287,-64.791898
6,93,05/17/14 16:00,-3.101343,-64.791882
6,93,05/17/14 22:00,-3.101323,-64.79184
6,93,05/18/14 04:00,-3.102481,-64.787651
6,93,05/18/14 10:00,-3.101498,-64.784237
6,93,05/18/14 16:00,-3.101584,-64.784276
6,93,05/18/14 22:01,-3.101589,-64.784654
6,93,05/19/14 04:01,-3.10531,-64.782909
6,93,05/19/14 10:00,-3.106239,-64.775409
6,93,05/19/14 16:00,-3.102278,-64.772518
6,93,05/19/14 22:01,-3.102276,-64.7725
6,93,05/20/14 10:00,-3.084755,-64.766054
6,93,05/20/14 16:00,-3.084701,-64.766138
6,93,05/20/14 22:00,-3.083347,-64.767714
6,93,05/21/14 04:00,-3.08881,-64.767873
6,93,05/21/14 10:00,-3.088032,-64.768297
6,93,05/21/14 16:01,-3.088113,-64.768369
6,93,05/21/14 22:01,-3.088361,-64.768225
6,93,05/22/14 04:00,-3.088559,-64.767787
6,93,05/22/14 10:01,-3.088535,-64.767707
6,93,05/22/14 16:00,-3.088663,-64.767696
6,93,05/22/14 22:00,-3.088551,-64.767773
6,93,05/23/14 04:01,-3.088427,-64.768075
6,93,05/23/14 10:00,-3.081962,-64.777398
6,93,05/23/14 16:00,-3.079859,-64.788474
6,93,05/23/14 22:00,-3.079875,-64.788477
1,93,05/24/14 04:00,-3.071331,-64.797435
1,93,05/24/14 10:00,-3.07135,-64.797388
1,93,05/24/14 16:00,-3.071274,-64.79744
1,93,05/24/14 22:00,-3.071341,-64.797395
1,93,05/25/14 10:00,-3.067784,-64.812004
1,93,05/25/14 16:00,-3.067777,-64.812073
1,93,05/25/14 22:00,-3.06779,-64.812075
1,93,05/26/14 04:00,-3.06406,-64.818339
1,93,05/26/14 10:00,-3.064113,-64.818422
1,93,05/26/14 16:00,-3.064086,-64.81845
1,93,05/26/14 22:00,-3.06409,-64.818449
1,93,05/27/14 04:00,-3.058455,-64.82776
8,93,05/27/14 10:00,-3.044894,-64.834464
8,93,05/27/14 16:00,-3.044913,-64.83446
8,93,05/27/14 22:00,-3.044884,-64.8344
8,93,05/28/14 04:01,-3.035155,-64.82658
8,93,05/28/14 10:00,-3.034257,-64.821003
8,93,05/28/14 16:00,-3.033345,-64.820644
8,93,05/28/14 22:00,-3.03329,-64.820534
8,93,05/29/14 10:01,-3.029608,-64.828411
8,93,05/29/14 16:00,-3.029407,-64.828748
8,93,05/29/14 22:00,-3.029459,-64.828735
8,93,05/30/14 04:00,-3.019867,-64.82962
8,93,05/30/14 10:00,-3.02386,-64.819681
8,93,05/30/14 16:00,-3.023823,-64.819722
8,93,05/30/14 22:00,-3.023834,-64.819688
8,93,05/31/14 04:03,-3.015062,-64.824979
8,93,05/31/14 10:00,-3.011707,-64.838584
8,93,05/31/14 16:00,-3.011717,-64.838468
8,93,05/31/14 22:00,-3.011745,-64.838444
8,93,06/01/14 04:01,-3.012366,-64.841705
8,93,06/01/14 16:00,-3.015018,-64.838981
8,93,06/01/14 22:00,-3.015013,-64.839088
8,93,06/02/14 04:00,-3.012691,-64.8481
8,93,06/02/14 10:00,-3.012308,-64.848802
8,93,06/02/14 16:00,-3.01232,-64.848712
8,93,06/02/14 22:00,-3.012353,-64.84882
2,93,06/03/14 04:00,-3.009256,-64.855331
3,93,06/03/14 10:00,-2.997942,-64.861683
3,93,06/03/14 16:00,-2.998435,-64.862987
3,93,06/03/14 22:00,-2.989624,-64.859102
3,93,06/04/14 10:00,-2.992039,-64.850866
3,93,06/04/14 16:00,-2.99201,-64.850868
3,93,06/04/14 22:00,-2.99198,-64.850826
8,93,06/05/14 10:00,-3.020274,-64.843928
8,93,06/05/14 16:00,-3.020206,-64.843999
8,93,06/05/14 22:00,-3.020248,-64.843873
8,93,06/06/14 10:00,-3.033815,-64.81452
8,93,06/06/14 16:00,-3.033701,-64.814477
8,93,06/06/14 22:00,-3.033961,-64.814852
8,93,06/07/14 04:01,-3.033509,-64.81536
8,93,06/07/14 10:00,-3.032854,-64.815614
8,93,06/07/14 16:01,-3.03301,-64.815191
8,93,06/07/14 22:00,-3.033114,-64.81513
8,93,06/08/14 04:01,-3.033995,-64.80715
1,93,06/08/14 16:00,-3.043914,-64.806562
1,93,06/08/14 22:00,-3.043978,-64.806805
1,93,06/09/14 04:00,-3.053243,-64.806554
1,93,06/09/14 10:00,-3.057029,-64.807523
1,93,06/09/14 16:01,-3.066815,-64.811711
1,93,06/09/14 22:00,-3.066935,-64.811644
1,93,06/10/14 04:00,-3.077084,-64.808716
1,93,06/10/14 10:01,-3.076874,-64.809086
1,93,06/10/14 16:00,-3.074023,-64.820034
1,93,06/10/14 22:00,-3.073925,-64.819948
1,93,06/11/14 04:00,-3.072416,-64.824845
1,93,06/11/14 10:00,-3.072492,-64.824827
1,93,06/11/14 16:01,-3.074185,-64.824277
1,93,06/11/14 22:02,-3.074138,-64.824312
5,93,06/12/14 10:00,-3.070323,-64.834574
5,93,06/12/14 16:00,-3.071476,-64.837847
5,93,06/12/14 22:00,-3.071442,-64.837774
5,93,06/13/14 04:00,-3.078115,-64.839735
5,93,06/13/14 10:01,-3.079169,-64.835337
5,93,06/13/14 16:00,-3.079151,-64.835356
5,93,06/13/14 22:00,-3.079112,-64.835566
5,93,06/14/14 04:00,-3.078977,-64.833739
5,93,06/14/14 10:00,-3.079346,-64.832742
5,93,06/14/14 16:00,-3.079302,-64.827323
5,93,06/14/14 22:00,-3.079222,-64.827252
5,93,06/15/14 04:00,-3.083399,-64.826725
5,93,06/15/14 10:00,-3.08346,-64.826765
5,93,06/15/14 16:00,-3.083472,-64.826779
7,93,06/15/14 22:00,-3.086851,-64.822981
7,93,06/16/14 04:01,-3.090345,-64.81731
7,93,06/16/14 10:00,-3.098417,-64.812097
7,93,06/16/14 16:00,-3.098327,-64.812059
7,93,06/16/14 22:00,-3.098374,-64.812052
7,93,06/17/14 04:00,-3.100443,-64.811202
7,93,06/17/14 10:01,-3.10046,-64.811213
7,93,06/17/14 16:00,-3.10307,-64.814563
7,93,06/17/14 22:00,-3.104841,-64.815782
7,93,06/18/14 04:00,-3.104942,-64.815715
7,93,06/18/14 10:00,-3.10691,-64.817326
7,93,06/18/14 16:00,-3.106891,-64.816859
7,93,06/18/14 22:00,-3.106875,-64.816793
7,93,06/19/14 04:00,-3.10644,-64.816919
7,93,06/19/14 10:00,-3.105966,-64.816353
7,93,06/19/14 16:00,-3.105927,-64.816363
7,93,06/19/14 22:00,-3.105961,-64.816443
7,93,06/20/14 04:03,-3.104854,-64.819492
7,93,06/20/14 10:00,-3.104949,-64.81749
7,93,06/20/14 16:00,-3.104988,-64.816618
7,93,06/20/14 22:00,-3.10503,-64.816415
7,93,06/21/14 04:00,-3.102401,-64.81525
7,93,06/21/14 10:00,-3.10231,-64.815215
7,93,06/21/14 16:00,-3.102389,-64.815243
7,93,06/21/14 22:00,-3.10234,-64.815223
7,93,06/22/14 04:00,-3.102212,-64.815204
7,93,06/22/14 10:00,-3.102319,-64.815249
7,93,06/22/14 16:00,-3.105068,-64.814384
7,93,06/22/14 22:00,-3.105092,-64.814421
7,93,06/23/14 04:00,-3.101396,-64.810392
7,93,06/23/14 10:00,-3.101088,-64.810788
7,93,06/23/14 16:00,-3.101059,-64.810951
7,93,06/23/14 22:00,-3.101162,-64.810979
7,93,06/24/14 04:00,-3.099237,-64.812742
7,93,06/24/14 10:00,-3.100323,-64.814533
7,93,06/24/14 16:01,-3.100326,-64.814615
7,93,06/24/14 22:00,-3.100338,-64.814553
7,93,06/25/14 04:01,-3.09093,-64.815268
7,93,06/25/14 10:00,-3.092755,-64.815097
7,93,06/25/14 16:00,-3.092716,-64.815042
7,93,06/25/14 22:02,-3.09262,-64.815008
7,93,06/26/14 04:02,-3.089114,-64.801983
7,93,06/26/14 10:01,-3.089315,-64.802682
6,93,06/26/14 16:00,-3.088282,-64.793185
6,93,06/26/14 22:00,-3.088433,-64.794047
6,93,06/27/14 04:01,-3.08844,-64.794018
6,93,06/27/14 10:00,-3.088404,-64.79364
6,93,06/27/14 16:00,-3.088408,-64.793652
6,93,06/27/14 22:00,-3.088446,-64.79364
6,93,06/28/14 04:01,-3.101392,-64.791942
6,93,06/28/14 10:02,-3.101341,-64.791725
6,93,06/28/14 16:00,-3.10308,-64.791972
6,93,06/28/14 22:00,-3.103094,-64.79196
6,93,06/29/14 04:00,-3.107685,-64.787778
6,93,06/29/14 10:01,-3.110542,-64.77972
6,93,06/29/14 16:00,-3.110581,-64.779679
6,93,06/29/14 22:00,-3.110488,-64.779498
6,93,06/30/14 04:02,-3.110504,-64.779719
6,93,06/30/14 10:00,-3.109894,-64.77956
6,93,06/30/14 16:00,-3.109884,-64.779606
6,93,06/30/14 22:00,-3.109937,-64.779551
6,93,07/01/14 04:00,-3.109913,-64.779498
6,93,07/01/14 10:00,-3.10984,-64.779588
6,93,07/01/14 16:00,-3.101486,-64.784069
6,93,07/01/14 22:00,-3.101489,-64.784154
6,93,07/02/14 04:00,-3.101506,-64.784099
6,93,07/02/14 10:00,-3.101465,-64.784062
6,93,07/02/14 16:00,-3.101389,-64.784044
6,93,07/02/14 22:00,-3.101452,-64.784089
6,93,07/03/14 04:01,-3.089991,-64.788366
6,93,07/03/14 10:00,-3.080629,-64.790731
1,93,07/03/14 16:01,-3.078502,-64.789968
1,93,07/03/14 22:01,-3.078544,-64.789869
1,93,07/04/14 04:01,-3.073711,-64.789877
1,93,07/04/14 10:00,-3.076033,-64.792988
1,93,07/04/14 22:00,-3.07601,-64.793011
1,93,07/05/14 04:00,-3.067774,-64.805031
1,93,07/05/14 10:00,-3.067831,-64.81219
1,93,07/05/14 16:00,-3.067804,-64.812181
1,93,07/05/14 22:00,-3.067768,-64.812148
1,93,07/06/14 04:00,-3.067378,-64.816168
1,93,07/06/14 10:00,-3.06332,-64.819621
1,93,07/06/14 16:00,-3.054197,-64.816869
1,93,07/06/14 22:01,-3.054192,-64.817025
1,93,07/07/14 10:00,-3.053334,-64.824906
1,93,07/07/14 16:01,-3.053295,-64.825031
8,93,07/07/14 22:00,-3.050495,-64.825203
8,93,07/08/14 10:00,-3.049329,-64.832833
8,93,07/08/14 16:00,-3.039355,-64.840149
8,93,07/08/14 22:00,-3.039392,-64.840155
8,93,07/09/14 04:00,-3.039371,-64.840168
8,93,07/09/14 10:00,-3.039645,-64.840096
8,93,07/09/14 16:00,-3.039338,-64.840144
8,93,07/09/14 22:00,-3.039228,-64.840135
8,93,07/10/14 04:03,-3.035928,-64.838233
8,93,07/10/14 10:01,-3.028597,-64.830163
8,93,07/10/14 16:00,-3.02937,-64.828628
8,93,07/10/14 22:00,-3.029421,-64.82862
8,93,07/11/14 04:00,-3.029104,-64.829989
8,93,07/11/14 10:00,-3.022385,-64.840509
8,93,07/11/14 16:00,-3.022336,-64.840531
8,93,07/11/14 22:00,-3.022447,-64.840455
8,93,07/12/14 04:00,-3.019472,-64.845616
8,93,07/12/14 10:00,-3.018218,-64.846579
8,93,07/12/14 16:01,-3.013924,-64.845467
8,93,07/12/14 22:01,-3.01418,-64.845313
2,93,07/13/14 10:01,-3.018595,-64.878238
2,93,07/13/14 16:00,-3.018386,-64.878244
2,93,07/13/14 22:00,-3.018378,-64.878389
2,93,07/14/14 04:02,-3.013524,-64.883486
2,93,07/14/14 10:00,-3.017006,-64.884091
2,93,07/14/14 16:00,-3.016539,-64.884229
2,93,07/14/14 22:00,-3.016556,-64.884202
2,93,07/15/14 10:00,-3.005482,-64.893604
2,93,07/15/14 16:00,-3.004856,-64.891211
2,93,07/15/14 22:01,-3.012705,-64.886327
2,93,07/16/14 04:00,-3.01277,-64.886423
2,93,07/16/14 10:00,-3.012784,-64.886418
2,93,07/16/14 16:00,-3.012759,-64.886478
2,93,07/16/14 22:00,-3.0128,-64.886537
2,93,07/17/14 04:00,-3.017031,-64.883984
2,93,07/17/14 10:00,-3.017009,-64.884065
2,93,07/17/14 16:00,-3.017023,-64.884069
2,93,07/17/14 22:00,-3.017024,-64.884119
2,93,07/18/14 04:02,-3.024091,-64.886343
2,93,07/18/14 10:01,-3.028401,-64.874864
2,93,07/18/14 16:00,-3.03268,-64.874439
2,93,07/18/14 22:00,-3.032648,-64.874358
2,93,07/19/14 04:01,-3.035148,-64.870874
2,93,07/19/14 10:01,-3.035518,-64.870765
2,93,07/19/14 16:00,-3.036298,-64.869198
2,93,07/19/14 22:00,-3.036275,-64.8691
2,93,07/20/14 04:01,-3.032233,-64.857577
8,93,07/20/14 10:00,-3.027183,-64.853637
8,93,07/20/14 16:00,-3.027274,-64.853425
8,93,07/20/14 22:00,-3.026919,-64.853036
8,93,07/21/14 04:00,-3.026175,-64.851899
8,93,07/21/14 10:00,-3.026218,-64.851988
8,93,07/21/14 16:01,-3.035864,-64.838247
8,93,07/21/14 22:00,-3.035868,-64.838239
8,93,07/22/14 04:01,-3.039327,-64.840768
8,93,07/22/14 10:00,-3.039385,-64.840754
8,93,07/22/14 16:00,-3.039567,-64.84116
8,93,07/22/14 22:00,-3.039373,-64.84078
8,93,07/23/14 04:02,-3.04006,-64.845674
8,93,07/23/14 10:01,-3.039018,-64.851429
8,93,07/23/14 16:00,-3.039075,-64.851511
8,93,07/23/14 22:01,-3.03905,-64.85155
8,93,07/24/14 04:01,-3.038996,-64.851451
2,93,07/24/14 10:00,-3.032096,-64.859035
2,93,07/24/14 16:01,-3.027479,-64.866134
2,93,07/24/14 22:00,-3.027408,-64.86607
2,93,07/25/14 04:00,-3.035061,-64.869145
2,93,07/25/14 10:00,-3.028041,-64.876153
2,93,07/25/14 16:00,-3.028101,-64.876276
2,93,07/25/14 22:00,-3.019395,-64.882855
2,93,07/26/14 04:00,-3.023664,-64.881278
2,93,07/26/14 10:00,-3.030051,-64.869399
2,93,07/26/14 16:00,-3.030065,-64.869494
2,93,07/26/14 22:00,-3.027414,-64.866056
2,93,07/27/14 04:00,-3.027582,-64.866043
2,93,07/27/14 10:02,-3.027398,-64.866088
2,93,07/27/14 16:00,-3.0274,-64.866107
2,93,07/27/14 22:00,-3.027375,-64.866053
2,93,07/28/14 04:02,-3.025889,-64.864461
8,93,07/28/14 10:00,-3.026355,-64.852653
8,93,07/28/14 16:00,-3.026107,-64.852766
8,93,07/28/14 22:00,-3.026127,-64.852486
8,93,07/29/14 10:00,-3.026525,-64.851319
8,93,07/29/14 16:01,-3.030945,-64.837988
8,93,07/29/14 22:01,-3.031221,-64.837833
8,93,07/30/14 04:03,-3.034741,-64.827622
8,93,07/30/14 10:00,-3.036098,-64.827392
8,93,07/31/14 10:01,-3.041065,-64.827218
8,93,07/31/14 16:01,-3.040885,-64.827212
8,93,07/31/14 22:00,-3.040747,-64.827354
8,93,08/01/14 10:01,-3.023222,-64.849259
8,93,08/01/14 16:00,-3.013946,-64.845419
8,93,08/01/14 22:00,-3.013943,-64.845324
3,93,08/02/14 10:00,-2.996051,-64.847048
3,93,08/02/14 16:00,-2.989852,-64.844513
3,93,08/03/14 04:02,-2.998411,-64.856607
3,93,08/03/14 10:00,-2.99047,-64.870154
3,93,08/03/14 16:00,-2.990458,-64.870208
2,93,08/03/14 22:00,-2.993254,-64.876099
2,93,08/04/14 04:00,-3.00117,-64.874921
2,93,08/04/14 10:00,-3.00125,-64.874945
2,93,08/04/14 16:00,-3.001269,-64.874965
2,93,08/04/14 22:00,-3.006179,-64.877659
2,93,08/05/14 04:01,-3.013637,-64.883547
2,93,08/05/14 10:00,-3.016767,-64.880544
2,93,08/05/14 16:00,-3.016745,-64.880626
2,93,08/05/14 22:00,-3.01673,-64.880621
2,93,08/06/14 10:00,-3.019636,-64.858052
3,93,08/06/14 22:01,-3.004498,-64.855434
3,93,08/07/14 04:01,-3.004551,-64.855517
3,93,08/07/14 10:00,-3.00442,-64.855599
3,93,08/08/14 04:00,-2.994874,-64.857248
3,93,08/08/14 10:01,-2.994834,-64.857151
3,93,08/08/14 16:01,-2.987887,-64.854327
3,93,08/08/14 22:01,-2.979564,-64.841298
3,93,08/09/14 10:02,-3.002686,-64.846707
8,93,08/09/14 16:01,-3.014238,-64.841719
2,93,08/10/14 10:00,-3.023531,-64.866395
2,93,08/10/14 16:00,-3.023597,-64.866349
2,93,08/10/14 22:00,-3.027341,-64.865992
2,93,08/11/14 04:00,-3.027408,-64.866076
2,93,08/11/14 10:00,-3.02752,-64.865012
2,93,08/11/14 16:00,-3.027419,-64.866058
2,93,08/11/14 22:02,-3.021796,-64.878306
2,93,08/12/14 04:01,-3.001347,-64.888041
3,93,08/12/14 16:02,-2.980117,-64.842723
3,93,08/12/14 22:01,-2.98064,-64.842772
3,93,08/13/14 04:01,-2.980746,-64.842827
3,93,08/13/14 10:01,-2.980589,-64.842481
3,93,08/13/14 16:01,-2.980554,-64.842479
3,93,08/13/14 22:00,-2.97944,-64.840955
3,93,08/14/14 04:00,-2.979384,-64.840971
3,93,08/14/14 10:01,-2.97956,-64.841063
3,93,08/14/14 16:00,-2.979388,-64.84094
3,93,08/14/14 22:01,-2.979473,-64.841056
3,93,08/15/14 04:00,-2.979545,-64.84094
3,93,08/15/14 10:00,-2.979021,-64.841138
3,93,08/15/14 16:00,-2.979062,-64.841127
3,93,08/15/14 22:00,-2.979054,-64.84165
8,93,08/16/14 04:01,-3.017124,-64.843197
8,93,08/16/14 22:01,-3.016162,-64.839476
8,93,08/17/14 04:01,-3.016272,-64.839526
8,93,08/17/14 10:01,-3.016151,-64.839392
8,93,08/17/14 16:01,-3.016045,-64.839628
8,93,08/17/14 22:01,-3.016169,-64.839561
8,93,08/18/14 04:01,-3.016112,-64.839147
8,93,08/18/14 10:02,-3.01604,-64.839583
8,93,08/18/14 16:01,-3.016133,-64.839512
8,93,08/18/14 22:00,-3.016229,-64.839511
8,93,08/19/14 04:01,-3.016206,-64.839554
8,93,08/19/14 10:02,-3.016223,-64.839488
3,93,08/19/14 22:01,-3.007536,-64.845915
3,93,08/20/14 10:01,-2.991269,-64.865456
3,93,08/20/14 22:01,-2.968303,-64.888229
2,93,08/21/14 16:01,-2.973195,-64.909375
2,93,08/21/14 22:01,-2.973102,-64.909539
2,93,08/22/14 04:03,-2.975486,-64.907275
2,93,08/23/14 04:03,-2.971511,-64.909828
3,93,08/24/14 22:00,-2.938404,-64.904504
3,93,08/25/14 04:02,-2.958839,-64.897669
3,93,08/25/14 22:01,-2.970459,-64.88202
3,93,08/26/14 10:00,-2.996698,-64.868063
8,93,08/27/14 16:01,-3.030671,-64.848641
8,93,08/27/14 22:01,-3.030873,-64.848796
2,93,08/28/14 04:01,-3.017743,-64.854879
3,93,08/28/14 10:00,-2.974943,-64.867262
3,93,08/28/14 16:01,-2.974848,-64.86733
3,93,08/28/14 22:01,-2.975172,-64.867545
3,93,08/29/14 04:00,-2.975415,-64.867337
3,93,08/29/14 10:00,-2.974845,-64.869615
3,93,08/29/14 16:02,-2.974622,-64.870898
3,93,08/29/14 22:00,-2.970119,-64.882269
2,93,08/30/14 10:01,-2.966595,-64.91278
2,93,08/30/14 16:00,-2.965716,-64.912078
2,93,08/30/14 22:00,-2.965764,-64.912047
2,93,08/31/14 16:00,-2.965696,-64.912084
2,93,08/31/14 22:01,-2.96601,-64.912122
3,93,09/01/14 10:00,-2.967844,-64.903769
2,93,09/02/14 04:00,-2.966263,-64.912101
2,93,09/02/14 10:02,-2.967919,-64.909436
3,93,09/02/14 16:00,-2.973788,-64.87327
3,93,09/02/14 22:01,-2.973516,-64.873222
3,93,09/03/14 04:01,-2.974575,-64.873839
3,93,09/03/14 10:01,-2.974528,-64.873321
3,93,09/03/14 16:01,-2.974367,-64.872508
3,93,09/03/14 22:00,-2.975322,-64.871941
3,93,09/04/14 04:01,-2.975519,-64.871472
3,93,09/04/14 10:00,-2.975126,-64.870782
3,93,09/04/14 16:01,-2.975754,-64.869929
3,93,09/04/14 22:00,-2.982084,-64.866466
3,93,09/05/14 04:01,-2.988392,-64.867179
3,93,09/05/14 10:02,-2.990898,-64.867998
3,93,09/05/14 16:00,-2.991412,-64.871436
3,93,09/05/14 22:00,-2.989626,-64.869352
3,93,09/06/14 04:00,-2.986459,-64.868195
3,93,09/06/14 10:00,-2.962197,-64.911005
3,93,09/06/14 22:00,-2.948268,-64.912386
3,93,09/07/14 04:02,-2.946827,-64.904798
3,93,09/07/14 10:03,-2.955219,-64.875722
3,93,09/07/14 16:00,-2.962816,-64.859132
3,93,09/07/14 22:00,-2.96258,-64.857426
3,93,09/08/14 16:02,-3.000253,-64.837381
3,93,09/08/14 22:03,-2.999827,-64.83738
3,93,09/09/14 16:00,-2.977455,-64.849283
3,93,09/10/14 04:02,-2.966151,-64.871961
3,93,09/10/14 22:01,-2.963853,-64.873262
3,93,09/11/14 10:01,-2.999852,-64.827706
3,93,09/11/14 16:00,-2.992409,-64.833001
2,93,09/12/14 10:01,-3.009008,-64.865335
2,93,09/12/14 16:00,-3.00959,-64.866468
2,93,09/12/14 22:00,-3.011621,-64.869886
2,93,09/13/14 04:01,-3.010268,-64.879697
2,93,09/13/14 16:02,-3.016939,-64.877247
2,93,09/14/14 04:01,-3.025395,-64.877306
2,93,09/14/14 10:00,-3.027482,-64.868845
2,93,09/14/14 22:00,-3.02576,-64.868314
2,93,09/15/14 04:00,-3.025472,-64.867907
1,93,09/16/14 16:00,-3.073456,-64.823512
8,93,09/17/14 10:00,-3.035029,-64.817153
8,93,09/18/14 04:02,-3.025011,-64.846433
3,93,09/18/14 16:02,-2.982237,-64.846883
3,93,09/19/14 22:01,-2.948935,-64.905164
3,93,09/20/14 04:01,-2.968003,-64.883198
3,93,09/20/14 10:00,-2.971519,-64.884436
3,93,09/20/14 16:00,-2.971338,-64.884187
2,93,09/20/14 22:00,-2.991085,-64.892831
3,93,09/21/14 10:01,-3.006442,-64.856403
3,93,09/21/14 22:01,-3.006276,-64.856486
3,93,09/22/14 04:00,-3.006403,-64.856326
3,93,09/22/14 16:03,-2.986624,-64.852057
8,93,09/23/14 10:02,-3.019185,-64.836006
8,93,09/23/14 16:00,-3.01838,-64.834898
8,93,09/23/14 22:00,-3.0225,-64.823612
8,93,09/24/14 10:02,-3.026334,-64.816281
8,93,09/24/14 16:00,-3.020991,-64.833532
8,93,09/24/14 22:00,-3.018934,-64.836025
3,93,09/25/14 04:03,-2.961272,-64.844118
3,93,09/25/14 10:01,-2.956797,-64.852843
2,93,09/25/14 16:01,-2.996027,-64.876149
8,93,09/26/14 16:00,-3.022103,-64.852424
8,93,09/26/14 22:00,-3.023436,-64.85156
2,93,09/27/14 04:00,-3.029863,-64.856809
2,93,09/27/14 16:00,-3.024026,-64.862165
3,93,09/27/14 22:01,-2.997293,-64.867418
3,93,09/28/14 04:00,-2.97098,-64.861025
3,93,09/28/14 10:00,-2.992567,-64.840232
8,93,09/28/14 16:00,-3.008688,-64.842043
8,93,09/29/14 10:02,-3.01819,-64.837919
8,93,09/29/14 16:00,-3.016423,-64.839811
3,93,09/30/14 04:02,-3.00402,-64.845698
3,93,09/30/14 10:02,-3.00402,-64.845653
3,93,09/30/14 16:01,-3.003879,-64.84571
3,93,09/30/14 22:03,-2.989827,-64.841565
3,93,10/01/14 10:01,-2.972758,-64.86456
3,93,10/01/14 16:00,-2.971743,-64.875028
2,93,10/02/14 04:01,-2.988522,-64.890034
2,93,10/02/14 10:00,-2.996308,-64.88756
2,93,10/02/14 22:00,-3.007251,-64.889919
2,93,10/03/14 10:00,-2.98409,-64.896099
2,93,10/03/14 16:00,-2.982188,-64.897186
2,93,10/03/14 22:01,-2.980872,-64.897396
2,93,10/04/14 10:00,-2.999052,-64.880104
2,93,10/04/14 16:01,-3.000828,-64.87562
2,93,10/04/14 22:00,-3.000525,-64.875991
2,93,10/05/14 04:02,-3.000942,-64.875759
2,93,10/05/14 10:00,-3.000733,-64.875894
2,93,10/05/14 16:00,-3.000894,-64.875797
3,93,10/05/14 22:03,-2.986961,-64.867328
2,93,10/06/14 04:00,-2.986194,-64.88935
2,93,10/06/14 10:01,-2.990961,-64.886867
2,93,10/06/14 16:01,-2.989316,-64.886011
3,93,10/07/14 10:03,-2.969667,-64.881592
3,93,10/07/14 16:00,-2.971545,-64.876546
3,93,10/08/14 10:01,-2.975189,-64.874432
3,93,10/08/14 16:03,-2.976782,-64.877212
3,93,10/08/14 22:01,-2.971277,-64.881036
3,93,10/09/14 04:02,-2.988121,-64.868664
3,93,10/09/14 10:01,-2.983284,-64.881526
3,93,10/09/14 16:00,-2.983176,-64.88155
2,93,10/09/14 22:01,-2.990242,-64.885626
2,93,10/10/14 10:01,-2.995123,-64.882753
2,93,10/10/14 16:00,-2.995025,-64.882736
2,93,10/10/14 22:01,-2.994823,-64.882592
2,93,10/11/14 04:02,-2.995032,-64.882679
2,93,10/11/14 10:01,-2.994965,-64.882534
2,93,10/11/14 16:01,-2.994973,-64.883009
2,93,10/12/14 04:01,-3.002777,-64.881017
2,93,10/12/14 10:01,-3.003807,-64.881083
2,93,10/12/14 16:00,-3.013155,-64.873354
2,93,10/12/14 22:00,-3.015519,-64.87356
2,93,10/13/14 04:01,-3.021499,-64.864824
2,93,10/13/14 10:00,-3.023879,-64.862277
2,93,10/13/14 16:00,-3.023791,-64.862245
8,93,10/13/14 22:01,-3.020657,-64.852282
3,93,10/14/14 16:00,-2.98617,-64.852775
3,93,10/14/14 22:01,-2.99321,-64.856581
3,93,10/15/14 04:01,-2.993628,-64.856489
3,93,10/15/14 10:00,-2.984787,-64.853368
3,93,10/15/14 16:01,-2.982541,-64.848644
3,93,10/16/14 04:01,-2.977779,-64.846539
3,93,10/16/14 10:00,-2.975696,-64.850669
3,93,10/16/14 16:00,-2.974882,-64.854984
3,93,10/17/14 10:00,-2.993033,-64.866885
2,93,10/17/14 16:00,-3.000824,-64.866277
2,93,10/17/14 22:00,-3.001888,-64.867646
2,93,10/18/14 04:02,-3.002728,-64.866898
2,93,10/18/14 10:02,-3.001814,-64.865994
3,93,10/18/14 16:00,-2.998657,-64.866644
3,93,10/18/14 22:00,-2.996815,-64.867042
3,93,10/19/14 04:00,-2.997295,-64.867224
3,93,10/19/14 10:02,-2.99751,-64.867219
3,93,10/19/14 16:00,-2.996996,-64.866575
2,93,10/20/14 04:00,-2.984785,-64.894139
2,93,10/20/14 10:00,-2.984745,-64.894228
2,93,10/20/14 16:00,-2.984457,-64.894814
2,93,10/21/14 04:02,-2.996843,-64.882337
2,93,10/21/14 10:01,-2.999183,-64.88522
2,93,10/21/14 16:00,-2.999091,-64.885555
2,93,10/21/14 22:00,-2.998808,-64.884893
2,93,10/22/14 04:00,-3.002134,-64.890589
2,93,10/22/14 10:00,-3.002059,-64.890752
2,93,10/22/14 16:00,-3.004187,-64.889529
2,93,10/22/14 22:01,-3.01264,-64.869576
8,93,10/23/14 10:00,-3.018403,-64.833564
8,93,10/23/14 16:00,-3.021841,-64.826424
8,93,10/23/14 22:01,-3.018556,-64.823783
8,93,10/24/14 04:01,-3.015655,-64.829268
3,93,10/24/14 16:00,-3.003907,-64.836221
3,93,10/24/14 22:01,-3.003964,-64.836895
3,93,10/25/14 10:00,-3.00047,-64.839084
3,93,10/25/14 16:00,-3.000522,-64.839111
3,93,10/26/14 04:01,-2.999171,-64.838599
3,93,10/26/14 10:01,-2.999862,-64.837029
3,93,10/26/14 16:00,-2.997371,-64.837019
3,93,10/27/14 04:00,-2.987122,-64.856091
2,93,10/27/14 10:00,-3.006238,-64.857089
3,93,10/27/14 16:00,-3.006091,-64.856901
3,93,10/28/14 04:01,-3.006151,-64.856928
2,93,10/28/14 16:01,-3.010844,-64.86255
2,93,10/28/14 22:02,-3.024891,-64.866579
2,93,10/29/14 04:01,-3.012812,-64.885747
2,93,10/29/14 10:01,-3.012202,-64.885705
2,93,10/29/14 16:00,-3.011429,-64.886579
2,93,10/29/14 22:01,-3.002926,-64.89113
2,93,10/30/14 16:00,-2.994021,-64.886826
2,93,10/30/14 22:01,-2.984973,-64.899606
2,93,10/31/14 04:00,-2.984853,-64.907192
2,93,10/31/14 10:00,-2.983695,-64.908465
3,93,10/31/14 16:00,-2.963438,-64.88788
3,93,10/31/14 22:01,-2.95809,-64.865701
3,93,11/01/14 04:00,-2.957314,-64.878848
3,93,11/01/14 10:00,-2.970673,-64.86819
3,93,11/01/14 16:00,-2.972361,-64.871448
3,93,11/01/14 22:01,-2.976517,-64.875662
2,93,11/02/14 04:00,-2.999149,-64.879564
2,93,11/02/14 10:00,-3.009367,-64.876744
2,93,11/02/14 16:00,-3.009335,-64.876759
2,93,11/02/14 22:00,-3.019826,-64.884604
2,93,11/03/14 04:03,-3.026373,-64.874201
2,93,11/03/14 16:01,-3.025409,-64.871341
2,93,11/03/14 22:01,-3.032076,-64.864693
8,93,11/04/14 04:01,-3.029226,-64.85431
8,93,11/04/14 10:03,-3.029174,-64.854456
8,93,11/04/14 16:01,-3.02316,-64.85171
8,93,11/04/14 22:03,-3.024821,-64.850052
8,93,11/05/14 04:01,-3.028573,-64.847375
8,93,11/05/14 16:01,-3.03505,-64.843079
8,93,11/05/14 22:01,-3.046848,-64.836559
8,93,11/06/14 04:01,-3.049361,-64.837992
8,93,11/06/14 16:01,-3.049149,-64.837759
8,93,11/07/14 04:01,-3.039034,-64.849806
8,93,11/07/14 10:01,-3.03753,-64.850398
8,93,11/07/14 16:01,-3.027625,-64.851712
8,93,11/07/14 22:01,-3.010265,-64.848962
3,93,11/08/14 04:01,-2.994099,-64.857881
2,93,11/08/14 16:01,-3.007671,-64.855233
8,93,11/08/14 22:00,-3.017696,-64.83485
8,93,11/09/14 10:01,-3.005169,-64.817316
3,93,11/09/14 16:00,-2.990077,-64.827208
3,93,11/09/14 22:00,-2.999605,-64.827864
3,93,11/10/14 10:02,-2.988745,-64.834765
2,93,11/11/14 04:01,-3.002457,-64.862171
3,93,11/11/14 10:00,-3.002333,-64.860128
2,93,11/11/14 16:01,-3.008226,-64.878756
2,93,11/11/14 22:00,-3.009124,-64.888654
2,93,11/12/14 04:00,-3.007769,-64.890127
2,93,11/12/14 16:00,-3.007916,-64.889671
2,93,11/12/14 22:00,-3.0132,-64.874911
2,93,11/13/14 04:01,-3.013456,-64.874769
2,93,11/13/14 10:00,-3.013469,-64.874858
2,93,11/13/14 16:00,-3.013333,-64.874894
2,93,11/13/14 22:01,-3.013567,-64.874662
2,93,11/14/14 04:00,-3.014653,-64.880084
2,93,11/14/14 10:02,-3.014661,-64.880099
3,93,11/14/14 16:00,-2.980633,-64.849345
3,93,11/14/14 22:01,-2.974497,-64.854443
3,93,11/15/14 04:00,-2.964333,-64.847273
3,93,11/15/14 10:00,-2.96442,-64.847084
3,93,11/15/14 16:00,-2.967179,-64.844041
3,93,11/16/14 04:02,-2.999598,-64.845347
3,93,11/16/14 10:01,-3.000042,-64.845149
3,93,11/16/14 16:00,-3.004291,-64.845641
3,93,11/16/14 22:02,-2.995872,-64.857947
3,93,11/17/14 04:02,-2.995906,-64.857558
3,93,11/17/14 10:02,-2.995996,-64.857621
3,93,11/17/14 16:01,-2.996266,-64.862944
2,93,11/17/14 22:02,-3.011673,-64.854984
8,93,11/18/14 04:02,-3.021037,-64.824298
8,93,11/18/14 10:00,-3.020342,-64.817551
8,93,11/18/14 16:01,-3.020173,-64.817798
3,93,11/19/14 04:01,-3.000434,-64.838616
3,93,11/19/14 10:00,-2.99968,-64.838634
3,93,11/19/14 16:00,-2.997248,-64.837109
8,93,11/20/14 04:00,-3.035078,-64.827787
8,93,11/20/14 10:00,-3.019907,-64.839424
2,93,11/21/14 04:00,-3.009929,-64.88499
2,93,11/21/14 10:01,-3.009837,-64.885248
2,93,11/21/14 16:00,-2.992831,-64.877603
3,93,11/21/14 22:01,-2.99674,-64.853264
8,93,11/22/14 04:01,-3.014362,-64.84421
8,93,11/22/14 10:00,-3.014629,-64.844276
8,93,11/23/14 04:00,-3.0272,-64.824639
8,93,11/23/14 10:01,-3.020319,-64.84317
8,93,11/23/14 16:01,-3.020247,-64.843577
8,93,11/24/14 04:02,-3.020566,-64.843445
8,93,11/24/14 10:00,-3.020675,-64.843609
8,93,11/24/14 16:01,-3.011432,-64.838534
8,93,11/25/14 04:02,-3.015277,-64.851652
2,93,11/25/14 10:00,-3.009835,-64.857243
3,93,11/25/14 22:01,-2.980423,-64.841114
3,93,11/26/14 04:01,-2.99056,-64.827223
3,93,11/26/14 10:00,-2.990583,-64.827115
3,93,11/26/14 16:01,-2.989931,-64.827546
3,93,11/26/14 22:01,-2.989882,-64.825493
8,93,11/27/14 10:01,-3.019625,-64.838513
8,93,11/27/14 22:03,-3.018033,-64.837944
8,93,11/28/14 04:01,-3.016716,-64.843264
8,93,11/28/14 10:01,-3.017301,-64.846393
8,93,11/28/14 16:00,-3.012855,-64.849806
8,93,11/29/14 04:01,-3.036561,-64.85135
8,93,11/29/14 10:00,-3.036617,-64.851184
8,93,11/29/14 16:00,-3.036748,-64.850703
8,93,11/30/14 04:01,-3.030961,-64.849298
8,93,11/30/14 10:01,-3.03075,-64.849976
8,93,11/30/14 16:01,-3.030772,-64.849082
8,93,11/30/14 22:02,-3.044969,-64.838166
8,93,12/01/14 10:00,-3.045201,-64.838201
8,93,12/01/14 16:03,-3.045452,-64.837571
8,93,12/01/14 22:01,-3.044796,-64.839149
8,93,12/02/14 04:01,-3.047895,-64.837532
8,93,12/02/14 10:00,-3.047658,-64.837296
8,93,12/03/14 10:00,-3.029075,-64.847593
8,93,12/03/14 16:00,-3.029185,-64.847588
2,93,12/03/14 22:01,-3.010175,-64.856707
3,93,12/04/14 04:02,-2.990659,-64.854549
3,93,12/04/14 10:00,-2.99112,-64.850168
3,93,12/05/14 04:01,-2.987999,-64.825979
3,93,12/05/14 10:00,-2.988854,-64.827577
3,93,12/05/14 16:00,-2.987724,-64.829973
3,93,12/05/14 22:02,-2.960023,-64.834641
3,93,12/06/14 04:01,-2.961425,-64.844184
3,93,12/06/14 16:01,-2.966824,-64.845357
3,93,12/07/14 04:01,-2.981987,-64.854404
3,93,12/07/14 10:00,-2.982516,-64.854443
3,93,12/07/14 16:00,-2.98264,-64.854296
1,93,12/08/14 10:02,-3.063032,-64.81033
1,93,12/08/14 16:01,-3.063393,-64.810589
1,93,12/08/14 22:01,-3.057207,-64.821332
8,93,12/09/14 22:01,-3.044886,-64.82835
2,93,12/10/14 10:00,-3.025448,-64.858409
2,93,12/10/14 16:01,-3.024945,-64.858313
2,93,12/10/14 22:00,-3.025464,-64.866888
2,93,12/12/14 04:01,-3.007417,-64.856367
2,93,12/12/14 10:00,-3.007458,-64.856182
3,93,12/12/14 22:01,-2.978267,-64.845422
3,93,12/13/14 04:01,-2.978243,-64.845397
3,93,12/13/14 10:01,-2.978333,-64.845162
3,93,12/13/14 16:01,-2.978273,-64.845099
3,93,12/13/14 22:01,-2.97659,-64.840405
3,93,12/14/14 04:01,-2.973098,-64.835993
8,93,12/15/14 04:00,-3.017936,-64.814959
8,93,12/15/14 10:00,-3.017521,-64.816479
8,93,12/16/14 04:02,-3.016729,-64.820666
8,93,12/16/14 16:01,-3.017189,-64.821358
3,93,12/17/14 04:01,-2.985724,-64.835086
3,93,12/17/14 10:00,-2.9855,-64.835543
3,93,12/17/14 16:00,-2.986376,-64.83883
3,93,12/18/14 10:01,-2.990101,-64.873803
2,93,12/19/14 10:00,-3.027342,-64.874351
2,93,12/19/14 16:00,-3.026223,-64.874359
2,93,12/19/14 22:01,-3.025805,-64.868306
2,93,12/20/14 10:02,-3.023439,-64.859803
2,93,12/20/14 16:00,-3.02373,-64.859835
3,93,12/21/14 04:01,-2.982716,-64.866776
3,93,12/21/14 10:01,-2.982424,-64.868121
3,93,12/21/14 16:01,-2.983545,-64.867947
2,93,12/22/14 04:00,-2.988783,-64.885642
2,93,12/22/14 16:00,-2.99711,-64.874776
8,93,12/23/14 10:01,-3.023511,-64.820856
8,93,12/23/14 16:00,-3.019295,-64.831751
3,93,12/24/14 10:00,-2.969286,-64.831573
3,93,12/24/14 16:01,-2.955628,-64.847466
3,93,12/25/14 04:02,-2.958758,-64.848126
3,93,12/25/14 10:01,-2.958678,-64.848122
3,93,12/25/14 16:02,-2.958804,-64.848208
3,93,12/25/14 22:00,-2.96654,-64.847718
3,93,12/26/14 04:02,-2.969289,-64.845195
3,93,12/26/14 10:02,-2.978735,-64.848115
3,93,12/26/14 16:01,-2.992495,-64.84646
3,93,12/27/14 10:00,-2.977599,-64.845764
3,93,12/27/14 16:01,-2.977539,-64.845782
3,93,12/27/14 22:02,-2.997411,-64.862391
2,93,12/28/14 04:02,-3.016714,-64.886818
2,93,12/28/14 10:00,-3.01659,-64.886901
2,93,12/28/14 16:00,-3.00753,-64.885946
2,93,12/29/14 04:02,-3.006946,-64.857841
2,93,12/29/14 16:01,-3.010677,-64.877746
2,93,12/29/14 22:01,-3.012251,-64.870442
2,93,12/30/14 10:00,-3.01669,-64.874024
2,93,12/30/14 16:00,-3.016745,-64.873891
8,93,12/30/14 22:00,-3.036113,-64.844053
4,93,12/31/14 04:01,-3.052796,-64.843856
4,93,12/31/14 10:01,-3.052741,-64.843349
4,93,12/31/14 22:00,-3.062762,-64.843011
1,93,01/01/15 10:00,-3.067123,-64.819833
8,93,01/01/15 22:00,-3.048155,-64.836291
8,93,01/02/15 04:00,-3.034538,-64.843697
8,93,01/02/15 10:00,-3.034568,-64.843661
8,93,01/03/15 10:00,-3.021229,-64.836479
8,93,01/03/15 22:00,-3.016007,-64.825307
8,93,01/04/15 04:01,-3.016234,-64.825109
3,93,01/04/15 22:02,-2.988243,-64.837911
3,93,01/05/15 10:00,-2.976844,-64.843959
8,93,01/05/15 22:01,-3.009774,-64.829091
8,93,01/06/15 10:00,-3.01909,-64.817971
8,93,01/06/15 16:00,-3.017388,-64.831074
3,93,01/07/15 10:01,-3.004693,-64.853773
3,93,01/07/15 22:02,-3.002413,-64.854904
3,93,01/08/15 10:00,-2.995693,-64.857806
3,93,01/09/15 10:00,-2.996906,-64.86457
3,93,01/09/15 16:01,-2.995329,-64.865419
3,93,01/10/15 04:02,-2.965633,-64.86142
3,93,01/10/15 10:00,-2.987308,-64.873001
8,93,01/11/15 10:01,-3.035519,-64.844743
8,93,01/11/15 22:02,-3.033678,-64.840324
8,93,01/12/15 04:02,-3.0337,-64.840088
8,93,01/12/15 10:01,-3.033347,-64.840566
8,93,01/12/15 16:02,-3.041171,-64.844398
8,93,02/18/15 04:02,-3.031068,-64.832511
5,93,04/04/15 10:01,-3.083768,-64.85002
5,93,04/04/15 16:01,-3.084712,-64.849935
5,93,04/04/15 22:02,-3.083339,-64.849935
5,93,04/05/15 04:01,-3.078704,-64.840236
5,93,04/05/15 10:00,-3.073726,-64.838347
5,93,04/05/15 16:00,-3.073726,-64.838433
5,93,04/05/15 22:01,-3.073726,-64.838347
6,93,04/27/15 10:00,-3.103852,-64.776206
6,93,04/27/15 16:00,-3.103766,-64.776292
6,93,04/27/15 22:00,-3.103766,-64.776292
6,93,04/28/15 04:00,-3.10617,-64.775519
6,93,04/28/15 10:01,-3.10617,-64.775262
6,93,04/28/15 16:01,-3.106256,-64.775434
6,93,04/28/15 22:01,-3.106256,-64.775262
6,93,05/03/15 10:00,-3.100762,-64.782987
6,93,05/03/15 16:00,-3.100762,-64.782987
6,93,05/03/15 22:00,-3.100762,-64.783072
6,93,05/04/15 04:00,-3.100762,-64.782901
6,93,05/04/15 10:00,-3.100762,-64.782987
6,93,05/04/15 16:00,-3.100677,-64.782987
6,93,05/04/15 22:00,-3.100677,-64.782987
6,93,05/05/15 04:01,-3.101106,-64.782214
6,93,05/05/15 10:00,-3.101192,-64.782214
6,93,05/05/15 16:00,-3.101192,-64.782214
6,93,05/05/15 22:00,-3.101277,-64.782214
6,93,05/12/15 04:02,-3.101449,-64.773202
6,93,05/12/15 10:01,-3.101707,-64.773116
6,93,05/12/15 16:00,-3.101449,-64.773288
6,93,05/12/15 22:00,-3.101449,-64.773202
6,93,05/13/15 04:01,-3.101621,-64.773288
6,93,05/13/15 10:00,-3.101449,-64.773202
6,93,05/13/15 16:00,-3.101621,-64.77303
6,93,05/13/15 22:00,-3.101535,-64.773116
6,93,05/17/15 10:00,-3.107715,-64.787793
6,93,05/17/15 16:00,-3.104882,-64.791055
6,93,05/17/15 22:00,-3.104968,-64.791055
8,93,06/01/15 22:00,-3.037076,-64.825301
8,93,06/02/15 04:01,-3.037248,-64.825387
8,93,06/02/15 10:02,-3.037162,-64.825301
8,93,06/02/15 16:00,-3.037076,-64.825387
8,93,06/02/15 22:00,-3.040595,-64.826589
8,93,06/03/15 04:00,-3.040681,-64.826589
8,93,06/03/15 10:01,-3.040681,-64.826503
8,93,06/03/15 16:00,-3.040595,-64.826589
8,93,06/03/15 22:00,-3.040509,-64.826674
8,93,06/04/15 04:01,-3.040767,-64.82676
8,93,06/04/15 10:00,-3.040595,-64.826503
8,93,06/04/15 16:00,-3.039308,-64.826674
8,93,06/04/15 22:00,-3.039308,-64.826674
8,93,06/05/15 04:01,-3.029437,-64.828734
8,93,06/05/15 16:00,-3.026776,-64.834313
8,93,06/05/15 22:00,-3.026776,-64.834399
8,93,06/06/15 04:00,-3.024201,-64.838519
8,93,06/06/15 10:01,-3.034329,-64.827361
8,93,06/10/15 04:01,-3.035531,-64.811482
8,93,06/10/15 10:01,-3.033471,-64.820666
8,93,06/10/15 16:00,-3.033385,-64.820409
8,93,06/10/15 22:00,-3.033385,-64.82058
8,93,06/11/15 04:01,-3.03184,-64.821095
8,93,06/11/15 10:00,-3.029437,-64.828563
8,93,06/11/15 16:00,-3.029437,-64.828649
8,93,06/14/15 22:00,-3.012357,-64.849162
8,93,06/21/15 22:00,-3.039393,-64.840751
8,93,06/22/15 04:01,-3.0442,-64.834313
8,93,06/22/15 10:00,-3.049264,-64.832768
8,93,06/22/15 16:00,-3.049264,-64.832854
8,93,06/22/15 22:00,-3.04935,-64.832854
1,93,06/23/15 10:01,-3.05759,-64.824357
1,93,06/23/15 16:02,-3.058877,-64.822383
1,93,06/24/15 10:01,-3.064456,-64.818263
1,93,06/24/15 16:00,-3.064971,-64.817662
8,93,07/12/15 22:01,-3.036904,-64.850535
8,93,07/13/15 04:01,-3.035188,-64.851737
8,93,07/13/15 10:00,-3.035188,-64.851737
8,93,07/13/15 16:00,-3.035274,-64.851823
8,93,07/13/15 22:00,-3.035188,-64.851823
8,93,07/14/15 04:02,-3.034844,-64.851136
8,93,07/14/15 10:00,-3.032269,-64.851136
8,93,07/14/15 16:00,-3.029008,-64.851308
8,93,07/14/15 22:00,-3.029094,-64.851394
8,93,07/15/15 10:00,-3.020768,-64.843583
8,93,07/15/15 16:01,-3.020768,-64.843583
8,93,07/15/15 22:00,-3.020768,-64.843669
8,93,07/24/15 16:00,-3.040938,-64.823928
8,93,07/24/15 22:00,-3.040938,-64.824014
1,93,07/28/15 04:00,-3.067718,-64.808221
1,93,07/28/15 10:01,-3.067632,-64.808307
1,93,07/28/15 16:00,-3.068061,-64.811225
1,93,07/28/15 22:01,-3.068061,-64.811311
7,93,07/31/15 10:00,-3.087201,-64.816031
7,93,07/31/15 16:00,-3.087115,-64.816031
7,93,07/31/15 22:00,-3.086944,-64.816203
7,93,08/01/15 04:00,-3.090892,-64.813113
7,93,08/01/15 10:00,-3.090892,-64.813113
7,93,08/01/15 16:01,-3.09072,-64.813113
7,93,08/01/15 22:00,-3.090892,-64.813113
3,94,01/22/15 17:31,-2.990311,-64.867343
3,94,01/24/15 10:01,-2.973538,-64.874896
3,94,01/24/15 16:02,-2.973263,-64.874792
3,94,01/24/15 22:01,-2.971646,-64.876214
3,94,01/25/15 04:00,-2.971767,-64.876219
3,94,01/25/15 10:01,-2.965519,-64.876444
3,94,01/25/15 16:02,-2.965414,-64.876595
3,94,01/25/15 22:01,-2.965406,-64.876716
3,94,01/26/15 04:01,-2.965341,-64.87755
3,94,01/26/15 16:00,-2.943427,-64.881205
3,94,01/27/15 04:01,-2.938403,-64.884216
3,94,01/27/15 10:00,-2.935386,-64.899035
3,94,01/27/15 16:02,-2.934865,-64.899555
3,94,01/27/15 22:01,-2.937277,-64.899054
3,94,01/28/15 16:02,-2.94735,-64.875898
3,94,01/28/15 22:00,-2.931759,-64.876511
3,94,01/29/15 04:01,-2.930106,-64.879434
3,94,01/29/15 16:02,-2.925513,-64.881379
3,94,01/29/15 22:01,-2.924277,-64.876444
3,94,01/30/15 10:00,-2.936457,-64.848562
3,94,01/30/15 16:01,-2.936412,-64.848501
3,94,01/30/15 22:01,-2.960429,-64.842644
2,94,01/31/15 10:01,-3.010269,-64.852007
3,94,02/01/15 04:02,-2.97594,-64.841867
3,94,02/01/15 16:01,-2.967278,-64.870469
3,94,02/02/15 16:02,-2.950059,-64.881845
3,94,02/02/15 22:01,-2.950173,-64.88237
3,94,02/03/15 04:01,-2.947785,-64.885219
3,94,02/03/15 10:02,-2.933597,-64.882323
3,94,02/03/15 16:02,-2.933181,-64.878521
3,94,02/04/15 10:01,-2.936698,-64.914671
3,94,02/04/15 16:00,-2.946828,-64.911231
3,94,02/04/15 22:01,-2.950328,-64.909858
3,94,02/05/15 04:01,-2.948186,-64.903204
3,94,02/06/15 10:01,-2.931155,-64.856334
3,94,02/06/15 16:01,-2.931101,-64.856196
3,94,02/06/15 22:00,-2.931418,-64.854865
3,94,02/07/15 10:01,-2.931815,-64.853274
3,94,02/07/15 16:02,-2.931915,-64.852449
3,94,02/07/15 22:01,-2.925036,-64.852617
3,94,02/08/15 10:01,-2.935881,-64.910173
3,94,02/09/15 10:01,-2.973896,-64.872555
3,94,02/09/15 16:02,-2.976021,-64.866688
3,94,02/10/15 10:02,-2.958561,-64.837502
3,94,02/10/15 16:02,-2.967741,-64.839378
3,94,02/11/15 10:00,-2.964145,-64.865118
3,94,02/11/15 22:01,-2.963955,-64.873395
3,94,02/13/15 04:02,-2.968131,-64.833496
3,94,02/13/15 10:01,-2.957375,-64.838003
3,94,02/13/15 16:01,-2.952405,-64.848858
3,94,02/14/15 04:02,-2.939906,-64.861249
3,94,02/14/15 10:00,-2.920571,-64.886873
3,94,02/15/15 04:01,-2.915772,-64.878966
3,94,02/15/15 10:01,-2.90715,-64.890522
3,94,02/15/15 16:02,-2.907375,-64.890443
3,94,02/15/15 22:01,-2.907236,-64.890345
3,94,02/16/15 04:01,-2.907149,-64.890369
3,94,02/16/15 10:01,-2.904361,-64.893986
3,94,02/16/15 22:01,-2.903764,-64.893766
3,94,02/17/15 10:01,-2.917132,-64.911024
3,94,02/18/15 10:01,-2.938919,-64.909068
3,94,02/18/15 16:01,-2.946763,-64.911232
3,94,02/18/15 22:01,-2.962915,-64.894836
3,94,02/19/15 22:02,-2.972948,-64.87547
3,94,02/20/15 10:02,-2.94054,-64.890758
3,94,02/20/15 22:02,-2.931195,-64.878284
3,94,02/21/15 04:01,-2.931694,-64.877587
3,94,02/22/15 10:00,-2.916572,-64.871851
3,94,02/22/15 16:00,-2.905954,-64.892817
3,94,02/22/15 22:01,-2.898542,-64.899561
3,94,02/23/15 04:02,-2.88524,-64.905118
3,94,02/24/15 04:01,-2.883107,-64.917209
3,94,02/24/15 16:02,-2.899282,-64.898988
3,94,02/25/15 10:00,-2.906705,-64.891993
3,94,02/25/15 16:00,-2.922822,-64.888321
3,94,02/25/15 22:02,-2.922813,-64.888279
3,94,02/26/15 04:01,-2.923505,-64.887394
3,94,02/26/15 10:01,-2.917315,-64.899895
3,94,02/26/15 16:02,-2.910582,-64.908924
3,94,02/27/15 04:01,-2.90983,-64.909007
3,94,02/28/15 16:02,-2.936652,-64.902709
3,94,03/01/15 04:02,-2.931791,-64.898391
3,94,03/01/15 10:02,-2.902384,-64.913177
3,94,03/02/15 04:01,-2.880874,-64.922505
3,94,03/02/15 10:02,-2.868546,-64.929914
3,94,03/02/15 16:02,-2.868606,-64.929886
3,94,03/02/15 22:02,-2.861417,-64.934202
3,94,03/03/15 04:02,-2.868233,-64.928691
3,94,03/04/15 04:01,-2.871929,-64.926459
3,94,03/04/15 16:00,-2.869082,-64.921697
3,94,03/04/15 22:01,-2.869041,-64.920657
3,94,03/05/15 04:01,-2.870035,-64.921017
3,94,03/05/15 10:02,-2.879309,-64.921491
3,94,03/05/15 16:02,-2.862076,-64.933066
3,94,03/06/15 04:01,-2.856696,-64.944175
3,94,03/06/15 22:01,-2.907942,-64.909303
3,94,03/07/15 04:02,-2.913961,-64.905103
3,94,03/07/15 16:01,-2.938627,-64.872712
3,94,03/07/15 22:02,-2.938535,-64.872479
3,94,03/08/15 22:02,-2.91708,-64.900935
3,94,03/09/15 04:01,-2.91553,-64.903044
3,94,03/10/15 04:02,-2.910604,-64.909135
3,94,03/11/15 04:02,-2.911771,-64.889573
3,94,03/11/15 10:02,-2.907749,-64.887642
3,94,03/12/15 10:00,-2.91216,-64.90661
3,94,03/13/15 04:02,-2.913459,-64.906004
3,94,03/13/15 10:02,-2.925352,-64.89492
3,94,03/14/15 10:01,-2.92176,-64.889259
3,94,03/14/15 16:01,-2.91786,-64.899739
3,94,03/15/15 22:02,-2.886071,-64.916719
3,94,03/16/15 04:01,-2.866919,-64.925538
3,94,03/16/15 10:02,-2.867972,-64.926239
3,94,03/17/15 04:02,-2.867913,-64.925144
3,94,03/17/15 16:03,-2.910627,-64.908882
3,94,03/18/15 04:02,-2.910628,-64.908827
3,94,03/19/15 04:01,-2.948327,-64.913295
3,94,03/19/15 16:02,-2.967121,-64.896685
3,94,03/20/15 10:01,-2.989723,-64.855258
3,94,03/21/15 16:02,-2.907937,-64.909888
3,94,03/23/15 04:01,-2.931686,-64.900665
3,94,03/23/15 10:01,-2.927161,-64.890368
3,94,03/24/15 22:02,-2.938502,-64.840865
3,94,03/25/15 10:00,-2.965789,-64.846195
3,94,03/25/15 16:02,-2.97388,-64.8341
3,94,03/26/15 10:01,-2.98105,-64.863086
3,94,03/26/15 22:02,-2.968448,-64.887389
3,94,03/27/15 04:00,-2.935588,-64.907613
3,94,03/27/15 10:01,-2.928186,-64.898019
3,94,03/27/15 16:01,-2.928344,-64.897584
3,94,03/27/15 22:01,-2.927627,-64.890323
3,94,03/28/15 04:00,-2.914366,-64.884385
3,94,03/28/15 10:03,-2.895155,-64.90237
3,94,03/29/15 04:02,-2.87769,-64.910474
3,94,03/29/15 10:00,-2.874322,-64.917876
3,94,03/30/15 04:02,-2.879584,-64.912075
3,94,03/31/15 04:01,-2.910656,-64.893928
3,94,03/31/15 22:02,-2.925977,-64.842366
3,94,04/01/15 04:00,-2.947543,-64.835339
3,94,04/01/15 10:03,-2.973838,-64.835837
3,94,04/02/15 04:03,-2.976163,-64.860254
3,94,04/02/15 16:02,-2.950835,-64.880732
3,94,04/03/15 04:01,-2.941649,-64.836215
3,94,04/03/15 10:00,-2.923634,-64.853485
3,94,04/03/15 22:00,-2.914308,-64.875503
3,94,04/04/15 04:02,-2.916761,-64.901251
3,94,04/04/15 22:01,-2.8851,-64.90556
3,94,04/05/15 22:02,-2.885901,-64.916648
3,94,04/06/15 22:03,-2.893159,-64.903296
3,94,04/07/15 22:02,-2.893508,-64.903285
3,94,04/09/15 04:01,-2.86333,-64.914857
3,94,04/09/15 10:01,-2.861281,-64.918367
3,94,04/09/15 16:01,-2.848976,-64.932228
3,94,04/09/15 22:02,-2.849043,-64.932173
3,94,04/10/15 10:00,-2.877421,-64.914084
3,94,04/10/15 16:01,-2.87856,-64.91248
3,94,04/11/15 10:01,-2.900102,-64.910112
3,94,04/13/15 04:00,-2.890679,-64.910992
3,94,04/13/15 16:02,-2.888926,-64.904933
3,94,04/14/15 04:00,-2.881629,-64.907676
3,94,04/14/15 16:01,-2.881963,-64.895774
3,94,04/14/15 22:03,-2.883294,-64.905581
3,94,04/15/15 04:00,-2.883284,-64.90541
3,94,04/15/15 10:02,-2.88321,-64.905524
3,94,04/15/15 16:02,-2.884567,-64.905671
3,94,04/16/15 04:01,-2.891427,-64.892486
3,94,04/17/15 04:02,-2.877883,-64.901091
3,94,04/17/15 10:00,-2.875921,-64.907795
3,94,04/17/15 16:01,-2.886202,-64.916726
3,94,04/17/15 22:01,-2.898876,-64.899735
3,94,04/18/15 04:01,-2.900479,-64.891725
3,94,04/18/15 10:02,-2.90231,-64.896308
3,94,04/18/15 22:01,-2.901483,-64.897155
3,94,04/19/15 10:00,-2.875193,-64.907784
3,94,04/19/15 16:01,-2.881736,-64.896016
3,94,04/19/15 22:01,-2.881777,-64.89584
3,94,04/20/15 04:02,-2.889578,-64.889201
3,94,04/20/15 10:02,-2.901587,-64.897195
3,94,04/20/15 16:02,-2.901427,-64.897167
3,94,04/20/15 22:00,-2.901365,-64.89707
3,94,04/21/15 04:00,-2.897024,-64.909687
3,94,04/21/15 16:02,-2.882481,-64.895259
3,94,04/21/15 22:01,-2.882439,-64.895157
3,94,04/22/15 10:02,-2.874835,-64.912149
3,94,04/22/15 16:01,-2.874921,-64.911819
3,94,04/22/15 22:01,-2.874843,-64.912037
3,94,04/23/15 10:00,-2.845831,-64.9042
3,94,04/23/15 16:01,-2.845368,-64.903901
3,94,04/23/15 22:00,-2.84082,-64.907418
3,94,04/24/15 04:01,-2.82974,-64.896221
3,94,04/24/15 10:00,-2.830647,-64.8968
3,94,04/24/15 22:01,-2.831851,-64.903638
3,94,04/25/15 22:01,-2.881945,-64.895731
3,94,04/26/15 16:02,-2.930721,-64.835824
3,94,04/26/15 22:02,-2.931128,-64.835564
3,94,04/27/15 04:00,-2.928449,-64.846383
3,94,04/27/15 16:00,-2.901283,-64.897099
3,94,04/27/15 22:01,-2.901488,-64.897213
3,94,04/28/15 10:01,-2.886693,-64.910952
3,94,04/28/15 16:00,-2.898956,-64.898933
3,94,04/28/15 22:00,-2.899027,-64.899037
3,94,04/29/15 10:01,-2.878783,-64.909378
3,94,04/29/15 16:01,-2.863615,-64.919347
3,94,04/29/15 22:01,-2.863641,-64.919131
3,94,04/30/15 10:00,-2.830692,-64.8967
3,94,04/30/15 16:00,-2.830583,-64.896681
3,94,04/30/15 22:00,-2.8305,-64.897022
3,94,05/01/15 04:01,-2.82291,-64.890861
3,94,05/01/15 10:01,-2.808214,-64.896561
3,94,05/01/15 16:01,-2.808201,-64.896497
3,94,05/01/15 22:00,-2.808344,-64.896414
3,94,05/02/15 10:00,-2.840852,-64.90731
3,94,05/02/15 16:01,-2.840779,-64.907411
3,94,05/02/15 22:01,-2.840921,-64.907361
3,94,05/03/15 04:00,-2.838904,-64.906945
3,94,05/03/15 10:00,-2.847264,-64.90937
3,94,05/03/15 16:01,-2.853485,-64.915196
3,94,05/03/15 22:01,-2.853681,-64.916034
3,94,05/04/15 04:00,-2.858563,-64.917094
3,94,05/04/15 10:01,-2.858086,-64.917548
3,94,05/04/15 16:00,-2.853883,-64.915913
3,94,05/04/15 22:02,-2.853998,-64.915952
3,94,05/05/15 10:01,-2.855788,-64.935006
3,94,05/05/15 16:01,-2.855452,-64.934483
3,94,05/05/15 22:01,-2.855278,-64.934634
3,94,05/06/15 10:00,-2.851284,-64.955395
3,94,05/06/15 16:00,-2.851187,-64.955416
3,94,05/06/15 22:00,-2.851178,-64.955328
3,94,05/07/15 04:01,-2.848197,-64.969735
3,94,05/07/15 10:00,-2.844628,-64.978203
3,94,05/07/15 16:00,-2.844618,-64.978178
3,94,05/07/15 22:00,-2.842616,-64.977157
3,94,05/08/15 04:00,-2.842294,-64.954703
3,94,05/08/15 10:00,-2.843472,-64.95494
3,94,05/08/15 16:01,-2.845455,-64.954245
3,94,05/08/15 22:02,-2.845396,-64.954378
3,94,05/09/15 04:02,-2.841211,-64.954739
3,94,05/09/15 10:01,-2.841192,-64.954713
3,94,05/09/15 16:00,-2.840467,-64.955209
3,94,05/09/15 22:00,-2.840481,-64.95535
3,94,05/10/15 04:01,-2.850081,-64.946847
3,94,05/10/15 10:01,-2.848839,-64.944452
3,94,05/10/15 16:01,-2.84879,-64.944575
3,94,05/10/15 22:01,-2.848738,-64.944455
3,94,05/11/15 04:01,-2.851121,-64.943859
3,94,05/11/15 10:00,-2.851034,-64.943816
3,94,05/11/15 16:01,-2.849129,-64.939023
3,94,05/11/15 22:01,-2.841114,-64.932642
3,94,05/12/15 10:01,-2.803519,-64.929376
3,94,05/12/15 16:00,-2.80348,-64.929402
3,94,05/12/15 22:00,-2.803496,-64.929422
3,94,05/13/15 04:01,-2.802664,-64.924924
3,94,05/13/15 10:01,-2.809699,-64.903205
3,94,05/13/15 16:01,-2.809511,-64.903195
3,94,05/13/15 22:02,-2.809595,-64.903281
3,94,05/14/15 10:00,-2.839833,-64.90176
3,94,05/14/15 16:00,-2.853634,-64.916468
3,94,05/14/15 22:00,-2.844443,-64.916852
3,94,05/15/15 04:00,-2.844647,-64.916634
3,94,05/15/15 10:00,-2.863214,-64.91773
3,94,05/15/15 16:00,-2.85806,-64.917706
3,94,05/15/15 22:00,-2.85806,-64.91766
3,94,05/16/15 04:01,-2.858972,-64.921476
3,94,05/16/15 10:00,-2.857051,-64.912433
3,94,05/16/15 16:00,-2.857166,-64.912489
3,94,05/16/15 22:01,-2.857138,-64.912508
3,94,05/17/15 04:00,-2.848448,-64.905711
3,94,05/17/15 16:01,-2.830625,-64.896721
3,94,05/17/15 22:00,-2.831809,-64.903572
3,94,05/18/15 04:02,-2.830632,-64.896729
3,94,05/18/15 10:00,-2.822665,-64.899263
3,94,05/18/15 16:00,-2.822584,-64.899271
3,94,05/18/15 22:00,-2.822667,-64.899272
3,94,05/19/15 04:01,-2.810421,-64.900903
3,94,05/19/15 10:01,-2.80375,-64.894871
3,94,05/19/15 22:01,-2.797111,-64.9158
3,94,05/20/15 04:00,-2.773651,-64.932184
3,94,05/20/15 10:00,-2.756128,-64.937715
3,94,05/20/15 16:01,-2.756139,-64.937846
3,94,05/20/15 22:00,-2.756153,-64.937842
3,94,05/21/15 16:01,-2.805175,-64.988753
3,94,05/21/15 22:00,-2.813962,-64.984414
3,94,05/22/15 16:02,-2.852083,-64.951004
3,94,05/22/15 22:00,-2.852078,-64.950975
3,94,05/23/15 04:00,-2.854529,-64.935966
3,94,05/23/15 16:00,-2.856201,-64.933488
3,94,05/23/15 22:00,-2.856315,-64.933514
3,94,05/24/15 04:00,-2.856281,-64.933459
3,94,05/24/15 10:00,-2.858173,-64.930042
3,94,05/24/15 16:01,-2.857859,-64.930619
3,94,05/24/15 22:00,-2.857898,-64.930695
3,94,05/25/15 10:00,-2.857142,-64.912495
3,94,05/25/15 16:01,-2.857037,-64.912593
3,94,05/25/15 22:01,-2.857067,-64.912444
3,94,05/26/15 04:01,-2.859245,-64.913465
3,94,05/26/15 10:01,-2.861515,-64.920354
3,94,05/26/15 16:00,-2.861332,-64.921219
3,94,05/26/15 22:01,-2.861226,-64.921218
3,94,05/27/15 10:00,-2.851055,-64.908027
3,94,05/27/15 22:00,-2.853436,-64.91504
3,94,05/28/15 04:01,-2.845753,-64.90813
3,94,05/28/15 10:00,-2.845698,-64.908225
3,94,05/28/15 16:00,-2.843712,-64.908415
3,94,05/28/15 22:00,-2.843543,-64.908177
3,94,05/29/15 16:00,-2.839782,-64.901904
3,94,05/29/15 22:01,-2.839809,-64.901781
3,94,05/30/15 10:01,-2.832961,-64.903585
3,94,05/30/15 16:01,-2.832896,-64.903582
3,94,05/30/15 22:01,-2.833018,-64.903527
3,94,05/31/15 04:02,-2.823494,-64.893114
3,94,05/31/15 10:00,-2.810385,-64.889827
3,94,05/31/15 16:00,-2.81211,-64.890245
3,94,05/31/15 22:01,-2.812182,-64.890258
3,94,06/01/15 10:01,-2.796162,-64.89732
3,94,06/01/15 16:01,-2.796273,-64.897162
3,94,06/01/15 22:00,-2.803547,-64.904671
3,94,06/02/15 04:02,-2.81816,-64.9049
3,94,06/02/15 10:00,-2.842166,-64.905734
3,94,06/02/15 16:02,-2.847313,-64.913407
3,94,06/02/15 22:00,-2.84714,-64.913252
3,94,06/03/15 04:01,-2.848616,-64.908501
3,94,06/03/15 10:01,-2.856141,-64.911071
3,94,06/03/15 16:00,-2.85348,-64.915109
3,94,06/03/15 22:00,-2.853447,-64.915215
3,94,06/04/15 04:00,-2.859388,-64.913401
3,94,06/04/15 10:00,-2.859418,-64.9135
3,94,06/04/15 16:01,-2.859441,-64.913492
3,94,06/04/15 22:01,-2.859448,-64.913464
3,94,06/05/15 04:01,-2.859434,-64.913419
3,94,06/05/15 10:00,-2.859455,-64.913517
3,94,06/05/15 16:00,-2.859719,-64.913614
3,94,06/05/15 22:00,-2.859728,-64.913536
3,94,06/06/15 10:00,-2.881844,-64.905305
3,94,06/06/15 16:01,-2.882079,-64.91031
3,94,06/06/15 22:00,-2.889032,-64.902009
3,94,06/07/15 04:01,-2.896373,-64.891613
3,94,06/07/15 10:01,-2.901316,-64.897281
3,94,06/07/15 16:00,-2.895477,-64.896835
3,94,06/07/15 22:00,-2.895553,-64.896902
3,94,06/08/15 10:00,-2.874598,-64.906084
3,94,06/08/15 16:00,-2.859216,-64.91315
3,94,06/08/15 22:00,-2.859438,-64.913638
3,94,06/09/15 04:01,-2.859434,-64.91344
3,94,06/09/15 10:00,-2.85943,-64.913478
3,94,06/09/15 16:00,-2.859371,-64.913482
3,94,06/09/15 22:00,-2.85946,-64.913467
3,94,06/10/15 04:01,-2.863532,-64.91981
3,94,06/10/15 10:01,-2.863525,-64.919935
3,94,06/10/15 16:00,-2.861308,-64.918426
3,94,06/11/15 10:00,-2.857835,-64.930673
3,94,06/11/15 16:01,-2.857731,-64.931004
3,94,06/11/15 22:00,-2.858026,-64.930851
3,94,06/12/15 04:00,-2.854024,-64.93682
3,94,06/12/15 10:01,-2.854626,-64.939075
3,94,06/12/15 16:01,-2.854701,-64.939011
3,94,06/12/15 22:00,-2.854678,-64.939129
3,94,06/13/15 04:00,-2.853462,-64.930417
3,94,06/13/15 10:01,-2.848782,-64.923256
3,94,06/13/15 16:00,-2.848785,-64.923245
3,94,06/13/15 22:00,-2.848902,-64.923213
3,94,06/14/15 16:00,-2.832999,-64.903591
3,94,06/14/15 22:00,-2.833035,-64.90362
3,94,06/15/15 04:01,-2.832938,-64.895803
3,94,06/15/15 10:00,-2.839862,-64.901922
3,94,06/15/15 16:00,-2.835166,-64.904443
3,94,06/15/15 22:00,-2.835104,-64.904475
3,94,06/16/15 04:02,-2.813955,-64.902912
3,94,06/16/15 10:01,-2.813928,-64.902894
3,94,06/16/15 16:01,-2.813833,-64.902929
3,94,06/16/15 22:00,-2.813966,-64.902754
3,94,06/17/15 04:01,-2.806626,-64.895102
3,94,06/17/15 16:00,-2.822652,-64.899217
3,94,06/17/15 22:00,-2.822667,-64.899193
3,94,06/18/15 10:00,-2.830908,-64.901369
3,94,06/18/15 16:00,-2.832836,-64.903578
3,94,06/18/15 22:00,-2.832894,-64.903598
3,94,06/19/15 04:00,-2.832891,-64.903429
3,94,06/19/15 10:00,-2.839963,-64.90191
3,94,06/19/15 16:00,-2.832624,-64.903616
3,94,06/19/15 22:00,-2.832828,-64.903683
3,94,06/20/15 10:00,-2.83715,-64.905829
3,94,06/20/15 16:00,-2.837163,-64.9058
3,94,06/20/15 22:00,-2.837209,-64.905779
3,94,06/21/15 10:00,-2.852675,-64.913673
3,94,06/21/15 16:00,-2.852745,-64.913717
3,94,06/21/15 22:00,-2.848811,-64.923264
3,94,06/22/15 04:00,-2.852345,-64.9121
3,94,06/22/15 10:00,-2.855801,-64.934947
3,94,06/22/15 16:00,-2.848835,-64.93223
3,94,06/22/15 22:00,-2.849189,-64.932236
3,94,06/23/15 16:01,-2.826886,-64.902151
3,94,06/23/15 22:01,-2.826902,-64.902151
3,94,06/24/15 04:00,-2.826859,-64.902233
3,94,06/24/15 10:01,-2.826872,-64.902173
3,94,06/24/15 16:01,-2.826872,-64.902255
3,94,06/24/15 22:00,-2.82692,-64.90218
3,94,06/25/15 04:00,-2.826781,-64.9023
3,94,06/25/15 10:01,-2.826914,-64.902128
3,94,06/25/15 16:00,-2.826842,-64.902317
3,94,06/25/15 22:00,-2.826849,-64.902149
3,94,06/26/15 04:00,-2.828772,-64.901613
3,94,06/26/15 10:01,-2.829334,-64.901803
3,94,06/26/15 16:00,-2.832927,-64.898974
3,94,06/26/15 22:01,-2.832996,-64.899177
3,94,06/27/15 04:00,-2.832643,-64.903685
3,94,06/27/15 16:00,-2.82035,-64.903102
3,94,06/27/15 22:00,-2.820413,-64.902839
3,94,06/28/15 04:01,-2.829686,-64.896206
3,94,06/28/15 10:01,-2.830623,-64.89672
3,94,06/28/15 16:00,-2.831912,-64.903688
3,94,06/28/15 22:00,-2.83197,-64.903498
3,94,06/29/15 04:01,-2.842886,-64.902807
3,94,06/29/15 16:01,-2.840076,-64.90212
3,94,06/29/15 22:00,-2.840134,-64.902035
3,94,06/30/15 04:00,-2.839962,-64.901961
3,94,06/30/15 10:00,-2.840017,-64.901906
3,94,06/30/15 16:00,-2.853639,-64.916502
3,94,06/30/15 22:00,-2.853629,-64.916679
3,94,07/01/15 04:02,-2.854889,-64.914149
3,94,07/01/15 16:00,-2.83587,-64.90536
3,94,07/01/15 22:00,-2.836011,-64.905208
3,94,07/02/15 04:00,-2.831096,-64.898753
3,94,07/02/15 10:01,-2.830225,-64.897943
3,94,07/02/15 16:02,-2.830229,-64.898005
3,94,07/02/15 22:01,-2.830243,-64.898298
3,94,07/03/15 10:01,-2.820186,-64.88918
3,94,07/03/15 16:00,-2.820171,-64.896156
3,94,07/03/15 22:01,-2.820478,-64.896269
3,94,07/04/15 16:01,-2.788381,-64.898824
3,94,07/04/15 22:00,-2.788349,-64.898866
3,94,07/05/15 04:00,-2.804328,-64.904999
3,94,07/05/15 10:00,-2.80885,-64.903577
3,94,07/05/15 16:00,-2.809055,-64.903537
3,94,07/05/15 22:00,-2.808987,-64.903769
3,94,07/06/15 04:00,-2.82043,-64.902693
3,94,07/06/15 10:00,-2.820513,-64.901869
3,94,07/06/15 16:01,-2.820719,-64.901952
3,94,07/06/15 22:00,-2.820135,-64.902401
3,94,07/07/15 10:00,-2.840087,-64.902015
3,94,07/07/15 16:00,-2.837099,-64.905515
3,94,07/07/15 22:00,-2.837281,-64.90582
3,94,07/08/15 04:01,-2.844329,-64.903086
3,94,07/08/15 16:00,-2.840026,-64.902082
3,94,07/08/15 22:01,-2.836099,-64.905304
3,94,07/09/15 04:02,-2.836291,-64.905224
3,94,07/09/15 10:00,-2.836331,-64.905048
3,94,07/09/15 16:00,-2.824309,-64.906819
3,94,07/09/15 22:01,-2.824245,-64.906641
3,94,07/10/15 04:00,-2.824564,-64.902696
3,94,07/10/15 10:00,-2.820351,-64.902896
3,94,07/10/15 16:00,-2.82041,-64.902736
3,94,07/10/15 22:00,-2.820433,-64.902812
3,94,07/11/15 10:00,-2.830492,-64.896701
3,94,07/11/15 16:00,-2.822637,-64.899223
3,94,07/11/15 22:00,-2.822714,-64.899174
3,94,07/12/15 04:02,-2.822463,-64.898954
3,94,07/12/15 10:00,-2.822391,-64.898892
3,94,07/12/15 16:01,-2.820191,-64.896212
3,94,07/12/15 22:00,-2.808235,-64.896507
3,94,07/13/15 04:02,-2.807668,-64.889672
3,94,07/13/15 10:01,-2.794801,-64.883271
3,94,07/13/15 16:00,-2.788312,-64.898902
3,94,07/13/15 22:00,-2.788284,-64.898767
3,94,07/14/15 10:00,-2.794328,-64.923548
3,94,07/14/15 16:01,-2.794317,-64.923436
3,94,07/14/15 22:00,-2.794717,-64.923416
3,94,07/15/15 10:01,-2.827973,-64.933002
3,94,07/15/15 16:00,-2.827985,-64.933016
3,94,07/15/15 22:00,-2.821373,-64.939506
3,94,07/16/15 04:01,-2.830263,-64.93831
3,94,07/16/15 10:00,-2.83702,-64.931296
3,94,07/16/15 16:00,-2.837135,-64.931395
3,94,07/16/15 22:00,-2.837121,-64.931428
3,94,07/17/15 10:00,-2.853664,-64.916493
3,94,07/17/15 16:00,-2.852648,-64.913833
3,94,07/17/15 22:00,-2.853451,-64.915144
3,94,07/18/15 04:01,-2.846636,-64.905981
3,94,07/18/15 10:01,-2.840055,-64.90182
3,94,07/18/15 16:01,-2.83992,-64.902031
3,94,07/18/15 22:00,-2.839908,-64.901873
3,94,07/19/15 10:01,-2.820145,-64.896182
3,94,07/19/15 16:00,-2.820179,-64.896195
3,94,07/19/15 22:01,-2.820156,-64.896138
3,94,07/20/15 04:01,-2.820108,-64.89623
3,94,07/20/15 10:01,-2.820135,-64.896144
3,94,07/20/15 16:00,-2.820326,-64.902932
3,94,07/20/15 22:00,-2.82054,-64.902706
3,94,07/21/15 10:01,-2.839991,-64.901923
3,94,07/21/15 16:01,-2.853366,-64.915283
3,94,07/21/15 22:00,-2.84581,-64.916487
3,94,07/22/15 04:01,-2.861898,-64.914577
3,94,07/22/15 10:01,-2.863402,-64.919734
3,94,07/22/15 16:00,-2.854117,-64.918042
3,94,07/22/15 22:01,-2.854007,-64.917935
3,94,07/23/15 04:00,-2.854098,-64.917914
3,94,07/23/15 10:00,-2.85944,-64.913466
3,94,07/23/15 22:01,-2.854131,-64.916378
3,94,07/24/15 04:00,-2.861747,-64.913196
3,94,07/24/15 10:01,-2.880496,-64.91065
3,94,07/24/15 16:00,-2.880429,-64.910684
3,94,07/24/15 22:01,-2.884835,-64.930286
3,94,07/25/15 10:00,-2.857777,-64.930666
3,94,07/25/15 16:00,-2.854306,-64.931512
3,94,07/25/15 22:00,-2.854269,-64.931576
3,94,07/26/15 10:00,-2.857116,-64.912441
3,94,07/26/15 16:00,-2.857182,-64.912391
3,94,07/26/15 22:00,-2.857255,-64.912208
3,94,07/27/15 04:01,-2.857079,-64.912462
3,94,07/27/15 10:01,-2.857061,-64.912433
3,94,07/27/15 22:02,-2.852716,-64.908602
3,94,07/28/15 10:02,-2.853582,-64.909371
3,94,07/28/15 16:02,-2.852753,-64.908662
3,94,07/29/15 10:02,-2.852715,-64.908773
3,94,07/30/15 10:02,-2.852751,-64.908676
3,94,07/30/15 16:02,-2.852755,-64.90849
3,94,07/31/15 10:02,-2.852821,-64.908878
4,95,01/21/15 00:01,-3.059821,-64.837489
4,95,01/21/15 02:01,-3.060679,-64.837403
4,95,01/21/15 04:00,-3.060594,-64.837403
4,95,01/21/15 06:01,-3.060679,-64.837403
4,95,01/21/15 08:00,-3.060594,-64.837232
4,95,01/21/15 10:01,-3.060679,-64.837403
4,95,01/21/15 12:01,-3.060594,-64.837317
4,95,01/21/15 14:01,-3.060594,-64.837317
4,95,01/25/15 14:01,-3.068233,-64.875083
5,95,02/20/15 18:01,-3.095956,-64.860663
5,95,02/20/15 20:02,-3.096042,-64.860148
2,95,02/24/15 06:02,-3.044887,-64.890704
2,95,02/24/15 08:01,-3.04523,-64.890704
2,95,02/24/15 12:00,-3.04523,-64.891047
2,95,02/24/15 18:02,-3.04523,-64.890704
2,95,02/24/15 20:01,-3.046346,-64.890876
5,95,03/04/15 20:01,-3.096213,-64.857316
5,95,03/04/15 22:01,-3.096557,-64.855342
4,95,03/09/15 16:00,-3.060851,-64.861436
4,95,03/09/15 18:02,-3.060937,-64.861436
4,95,03/09/15 20:00,-3.060937,-64.861264
4,95,03/09/15 22:00,-3.057761,-64.856801
4,95,03/10/15 00:01,-3.048663,-64.855943
4,95,03/10/15 02:00,-3.04832,-64.857059
5,95,03/29/15 00:02,-3.081965,-64.857059
4,95,04/17/15 14:01,-3.076386,-64.89491
4,95,04/17/15 16:02,-3.076987,-64.893622
4,95,04/17/15 18:00,-3.078189,-64.893365
4,95,04/17/15 20:01,-3.078189,-64.893365
4,95,04/17/15 22:01,-3.078275,-64.893451
5,95,04/25/15 08:00,-3.083425,-64.836888
5,95,04/25/15 10:00,-3.081365,-64.842896
5,95,04/25/15 12:00,-3.081536,-64.843669
5,95,05/17/15 16:01,-3.092437,-64.834485
5,95,05/19/15 08:01,-3.0866,-64.845815
5,95,05/19/15 10:01,-3.086514,-64.848733
5,95,05/19/15 12:02,-3.084025,-64.85148
5,95,05/19/15 14:01,-3.084197,-64.85148
5,95,05/19/15 16:00,-3.084111,-64.85148
5,95,05/19/15 18:00,-3.084197,-64.851651
5,95,05/19/15 20:00,-3.084111,-64.851394
4,95,05/23/15 18:00,-3.062739,-64.893279
4,95,05/23/15 20:01,-3.062739,-64.893193
4,95,05/23/15 22:01,-3.062739,-64.893107
4,95,05/24/15 00:00,-3.062654,-64.893107
2,95,08/14/15 12:01,-3.032784,-64.880834
2,95,08/14/15 16:00,-3.03184,-64.881263
2,95,08/15/15 02:00,-3.03287,-64.881263
2,95,08/15/15 06:01,-3.0339,-64.886756
4,95,08/15/15 12:01,-3.052096,-64.850707
4,95,08/15/15 14:01,-3.052182,-64.850707
4,95,08/15/15 16:00,-3.050723,-64.852853
2,95,09/26/15 04:00,-3.045487,-64.897313
2,95,09/26/15 06:00,-3.048234,-64.899201
2,95,09/26/15 08:00,-3.04832,-64.899116
2,95,09/26/15 10:00,-3.04832,-64.899201
2,95,09/26/15 12:01,-3.048406,-64.898858
2,95,09/26/15 14:00,-3.049436,-64.896798
2,95,09/26/15 16:02,-3.049264,-64.896884
2,95,09/28/15 22:01,-3.043342,-64.88461
2,95,09/29/15 00:03,-3.043342,-64.884696
8,96,02/17/15 22:01,-3.044054,-64.853468
8,96,02/18/15 04:01,-3.045567,-64.852683
8,96,02/18/15 10:01,-3.033768,-64.856106
2,96,02/18/15 16:02,-3.025085,-64.859735
2,96,02/18/15 22:03,-3.016248,-64.85914
8,96,02/19/15 04:02,-3.025348,-64.85466
2,96,02/19/15 16:01,-3.024933,-64.859234
2,96,02/20/15 04:02,-3.036594,-64.861635
2,96,02/20/15 10:01,-3.036643,-64.861821
3,96,02/21/15 04:01,-2.980746,-64.865674
3,96,02/21/15 22:02,-2.979917,-64.861865
3,96,02/22/15 04:02,-2.980122,-64.861877
3,96,02/22/15 10:02,-2.980093,-64.861845
2,96,02/23/15 04:01,-3.000954,-64.863861
3,96,02/23/15 10:01,-3.009342,-64.852189
3,96,02/23/15 16:02,-3.0056,-64.855408
3,96,02/23/15 22:02,-3.006078,-64.854589
2,96,02/24/15 04:01,-3.009636,-64.859657
2,96,02/24/15 10:02,-3.027451,-64.859205
2,96,02/24/15 16:00,-3.027812,-64.861155
2,96,02/25/15 04:00,-3.030903,-64.858431
2,96,02/25/15 10:01,-3.030891,-64.858576
2,96,02/25/15 16:01,-3.033016,-64.86119
2,96,02/26/15 04:01,-3.001089,-64.866154
2,96,02/26/15 10:00,-3.001169,-64.866404
2,96,02/26/15 16:01,-3.007337,-64.864685
2,96,02/26/15 22:02,-3.0073,-64.864786
2,96,02/27/15 04:01,-3.007394,-64.864679
2,96,02/28/15 10:01,-3.010221,-64.876955
3,96,02/28/15 16:01,-2.994817,-64.86844
3,96,02/28/15 22:01,-2.99111,-64.868343
3,96,03/01/15 04:02,-2.986001,-64.860317
8,96,03/01/15 16:02,-3.026027,-64.840258
8,96,03/02/15 04:00,-3.030972,-64.836149
8,96,03/02/15 10:02,-3.031058,-64.836252
8,96,03/02/15 16:02,-3.032097,-64.836522
8,96,03/03/15 04:00,-3.031951,-64.836498
2,96,03/03/15 16:01,-3.010182,-64.861253
2,96,03/04/15 04:01,-3.015194,-64.857853
2,96,03/04/15 10:01,-3.01505,-64.857954
2,96,03/04/15 16:01,-3.014974,-64.857981
8,96,03/05/15 04:01,-3.030574,-64.840733
8,96,03/06/15 16:01,-3.022348,-64.854333
8,96,03/07/15 10:02,-3.043412,-64.844966
8,96,03/07/15 16:00,-3.043249,-64.845104
8,96,03/07/15 22:01,-3.043373,-64.845044
8,96,03/08/15 04:01,-3.045468,-64.845361
8,96,03/08/15 10:01,-3.049516,-64.842059
8,96,03/08/15 16:01,-3.050033,-64.837506
8,96,03/09/15 04:01,-3.031118,-64.840005
1,96,03/09/15 16:01,-3.058494,-64.831096
1,96,03/10/15 04:01,-3.064181,-64.822083
1,96,03/10/15 10:01,-3.057189,-64.826521
8,96,03/10/15 16:00,-3.054797,-64.829448
8,96,03/11/15 10:02,-3.051102,-64.831353
8,96,03/11/15 16:01,-3.051012,-64.831401
8,96,03/12/15 04:01,-3.050076,-64.829191
8,96,03/12/15 10:01,-3.049328,-64.829109
8,96,03/12/15 16:01,-3.047454,-64.829134
8,96,03/13/15 16:02,-3.048118,-64.83162
8,96,03/13/15 22:02,-3.048524,-64.831623
8,96,03/14/15 04:01,-3.043456,-64.829821
8,96,03/14/15 22:00,-3.035758,-64.827849
8,96,03/15/15 10:00,-3.039559,-64.832055
8,96,03/15/15 22:01,-3.046187,-64.829344
8,96,03/16/15 04:01,-3.046148,-64.829437
8,96,03/16/15 10:01,-3.039132,-64.837882
8,96,03/16/15 16:01,-3.039194,-64.83775
8,96,03/16/15 22:02,-3.039258,-64.83777
8,96,03/17/15 22:02,-3.037578,-64.828712
8,96,03/18/15 04:00,-3.039891,-64.831733
8,96,03/18/15 16:02,-3.041556,-64.828105
8,96,03/19/15 04:00,-3.042608,-64.831435
8,96,03/19/15 10:02,-3.042466,-64.838864
4,96,03/19/15 16:02,-3.056696,-64.832968
4,96,03/19/15 22:01,-3.056889,-64.832917
4,96,03/20/15 04:01,-3.058811,-64.834731
4,96,03/20/15 10:01,-3.053145,-64.839482
4,96,03/20/15 16:01,-3.05855,-64.835179
4,96,03/20/15 22:02,-3.054243,-64.837296
4,96,03/21/15 04:01,-3.05305,-64.838798
4,96,03/21/15 22:00,-3.056778,-64.832866
8,96,03/22/15 04:01,-3.053134,-64.829796
8,96,03/22/15 16:00,-3.05013,-64.831338
2,96,03/23/15 16:02,-3.019045,-64.853919
8,96,03/23/15 22:02,-3.02216,-64.850703
8,96,03/24/15 10:00,-3.02983,-64.84088
8,96,03/24/15 22:01,-3.037003,-64.821509
8,96,03/25/15 04:01,-3.042537,-64.822703
8,96,03/25/15 10:02,-3.042553,-64.822782
8,96,03/25/15 16:01,-3.042566,-64.822628
8,96,03/25/15 22:01,-3.038285,-64.820453
8,96,03/26/15 04:01,-3.038371,-64.821385
8,96,03/26/15 10:01,-3.040264,-64.827995
8,96,03/26/15 16:02,-3.044937,-64.82579
8,96,03/27/15 04:01,-3.035113,-64.823779
8,96,03/27/15 10:02,-3.037362,-64.822961
8,96,03/27/15 22:01,-3.040792,-64.820358
8,96,03/28/15 04:01,-3.041624,-64.822678
8,96,03/28/15 10:01,-3.039899,-64.822653
8,96,03/29/15 04:00,-3.042736,-64.814705
8,96,03/29/15 10:03,-3.037725,-64.808332
8,96,03/29/15 16:01,-3.03572,-64.807354
8,96,03/30/15 04:00,-3.033786,-64.814902
8,96,03/30/15 16:01,-3.039639,-64.817807
1,96,03/31/15 04:00,-3.047229,-64.816429
1,96,03/31/15 22:01,-3.047025,-64.817886
1,96,04/01/15 04:00,-3.047088,-64.81797
1,96,04/01/15 16:01,-3.050989,-64.823955
8,96,04/02/15 04:00,-3.047187,-64.828114
8,96,04/02/15 10:01,-3.041615,-64.828092
1,96,04/03/15 04:00,-3.047016,-64.818242
1,96,04/03/15 10:00,-3.047018,-64.818021
1,96,04/03/15 16:00,-3.047026,-64.818008
8,96,04/03/15 22:02,-3.044851,-64.818757
8,96,04/04/15 04:02,-3.043793,-64.818977
1,96,04/04/15 10:01,-3.043251,-64.809924
1,96,04/04/15 16:01,-3.043194,-64.80995
1,96,04/04/15 22:03,-3.043073,-64.80998
1,96,04/05/15 04:01,-3.042988,-64.809955
8,96,04/05/15 10:01,-3.036817,-64.811862
8,96,04/05/15 16:00,-3.036743,-64.811878
8,96,04/06/15 04:01,-3.041695,-64.818394
8,96,04/06/15 10:01,-3.041614,-64.818382
8,96,04/06/15 16:01,-3.04164,-64.818471
8,96,04/06/15 22:02,-3.038117,-64.819099
8,96,04/07/15 04:01,-3.037548,-64.814391
8,96,04/07/15 16:01,-3.037117,-64.813987
8,96,04/07/15 22:03,-3.037086,-64.814866
8,96,04/08/15 04:00,-3.030008,-64.828497
8,96,04/08/15 10:01,-3.029601,-64.835572
8,96,04/08/15 16:00,-3.029657,-64.83568
8,96,04/08/15 22:01,-3.027792,-64.835931
8,96,04/09/15 04:02,-3.030698,-64.835603
8,96,04/09/15 10:02,-3.035413,-64.829933
8,96,04/09/15 16:01,-3.040871,-64.827192
8,96,04/09/15 22:02,-3.039301,-64.827838
8,96,04/10/15 04:00,-3.03592,-64.826435
8,96,04/10/15 10:00,-3.03301,-64.822028
8,96,04/10/15 16:00,-3.032945,-64.822002
8,96,04/10/15 22:01,-3.03301,-64.82198
8,96,04/11/15 04:00,-3.033214,-64.822459
8,96,04/11/15 10:00,-3.033047,-64.82209
8,96,04/11/15 16:00,-3.033102,-64.822026
8,96,04/11/15 22:01,-3.033016,-64.822012
8,96,04/12/15 10:01,-3.023044,-64.824432
8,96,04/12/15 16:00,-3.023362,-64.825666
8,96,04/12/15 22:01,-3.024687,-64.830264
8,96,04/13/15 10:02,-3.031393,-64.831884
8,96,04/13/15 16:00,-3.033153,-64.822105
8,96,04/13/15 22:00,-3.033098,-64.822062
8,96,04/14/15 04:00,-3.032775,-64.816365
8,96,04/15/15 04:01,-3.023871,-64.819653
8,96,04/15/15 10:01,-3.023808,-64.819715
8,96,04/15/15 16:02,-3.023864,-64.819683
8,96,04/15/15 22:03,-3.023738,-64.819788
8,96,04/16/15 04:01,-3.027119,-64.811643
8,96,04/16/15 10:01,-3.03579,-64.807567
1,96,04/17/15 10:01,-3.03907,-64.807748
1,96,04/17/15 22:00,-3.039347,-64.807323
8,96,04/18/15 10:01,-3.037709,-64.819042
8,96,04/18/15 16:00,-3.037757,-64.819384
8,96,04/18/15 22:01,-3.032913,-64.822052
8,96,04/19/15 04:00,-3.032968,-64.822131
8,96,04/19/15 10:00,-3.0322,-64.821004
8,96,04/19/15 16:01,-3.032303,-64.821028
8,96,04/19/15 22:01,-3.032659,-64.820912
8,96,04/20/15 04:02,-3.030214,-64.827343
8,96,04/21/15 04:00,-3.039421,-64.830001
8,96,04/21/15 10:02,-3.03715,-64.827449
8,96,04/21/15 22:00,-3.033075,-64.821983
8,96,04/22/15 04:00,-3.032765,-64.816461
8,96,04/22/15 10:00,-3.03279,-64.816338
8,96,04/23/15 10:00,-3.029288,-64.845566
8,96,04/23/15 16:01,-3.029184,-64.845475
8,96,04/23/15 22:01,-3.029394,-64.845527
8,96,04/24/15 04:02,-3.029287,-64.845615
8,96,04/24/15 10:00,-3.029332,-64.845442
8,96,04/24/15 16:00,-3.02932,-64.845586
8,96,04/24/15 22:00,-3.029284,-64.845597
8,96,04/25/15 04:01,-3.023634,-64.841747
8,96,04/25/15 10:01,-3.023825,-64.840528
8,96,04/25/15 16:00,-3.026729,-64.834332
8,96,04/25/15 22:01,-3.026678,-64.834162
8,96,04/26/15 04:01,-3.027804,-64.831343
8,96,04/26/15 10:00,-3.033097,-64.822034
8,96,04/26/15 16:00,-3.033027,-64.82204
8,96,04/26/15 22:00,-3.032844,-64.8223
8,96,04/27/15 04:00,-3.032852,-64.822213
8,96,04/27/15 10:00,-3.033132,-64.821994
8,96,04/27/15 16:01,-3.033078,-64.821917
8,96,04/28/15 10:01,-3.037052,-64.821354
8,96,04/28/15 16:00,-3.037259,-64.82122
8,96,04/28/15 22:01,-3.037151,-64.821116
8,96,04/29/15 04:00,-3.034294,-64.821081
8,96,04/29/15 10:02,-3.036864,-64.821124
8,96,04/29/15 22:01,-3.037534,-64.820748
8,96,04/30/15 04:00,-3.040909,-64.823842
8,96,04/30/15 10:01,-3.040911,-64.823939
8,96,04/30/15 16:00,-3.04085,-64.823913
8,96,04/30/15 22:01,-3.040919,-64.823797
8,96,05/01/15 04:01,-3.040956,-64.823888
8,96,05/01/15 10:01,-3.04089,-64.823867
8,96,05/01/15 16:00,-3.04094,-64.823945
8,96,05/01/15 22:00,-3.040969,-64.823858
8,96,05/02/15 04:00,-3.048318,-64.82521
8,96,05/02/15 10:00,-3.050716,-64.827571
8,96,05/02/15 16:00,-3.05183,-64.826972
8,96,05/02/15 22:00,-3.051903,-64.826847
8,96,05/03/15 04:01,-3.050058,-64.831219
8,96,05/03/15 10:01,-3.050197,-64.83148
8,96,05/03/15 16:01,-3.054462,-64.829617
8,96,05/03/15 22:02,-3.054242,-64.829602
8,96,05/04/15 04:01,-3.054251,-64.82957
8,96,05/04/15 10:00,-3.054351,-64.829607
8,96,05/04/15 16:00,-3.047148,-64.828226
8,96,05/04/15 22:00,-3.047148,-64.828183
8,96,05/05/15 04:01,-3.047159,-64.828313
8,96,05/05/15 10:01,-3.035355,-64.826633
8,96,05/06/15 04:02,-3.037301,-64.821154
8,96,05/06/15 22:00,-3.042502,-64.825353
8,96,05/07/15 04:01,-3.042695,-64.826959
8,96,05/07/15 10:01,-3.042025,-64.826062
8,96,05/07/15 16:00,-3.042024,-64.826074
8,96,05/07/15 22:00,-3.042021,-64.826085
8,96,05/08/15 04:00,-3.042017,-64.826057
8,96,05/08/15 10:00,-3.042456,-64.826444
8,96,05/08/15 16:01,-3.042389,-64.82666
8,96,05/08/15 22:00,-3.042413,-64.826881
8,96,05/09/15 04:00,-3.042048,-64.826135
8,96,05/09/15 10:00,-3.042019,-64.826202
8,96,05/09/15 16:00,-3.042084,-64.826101
8,96,05/09/15 22:00,-3.042019,-64.826011
8,96,05/10/15 04:01,-3.045581,-64.832366
8,96,05/10/15 10:01,-3.046136,-64.832907
8,96,05/10/15 16:00,-3.044968,-64.832766
8,96,05/10/15 22:01,-3.044873,-64.832779
8,96,05/11/15 04:01,-3.045898,-64.834688
8,96,05/11/15 10:00,-3.046103,-64.834274
8,96,05/11/15 16:00,-3.046122,-64.834306
8,96,05/11/15 22:00,-3.046136,-64.834209
8,96,05/12/15 04:00,-3.046131,-64.83421
8,96,05/12/15 16:00,-3.043842,-64.833943
8,96,05/12/15 22:02,-3.04388,-64.833944
8,96,05/13/15 04:01,-3.039379,-64.829916
8,96,05/13/15 10:00,-3.042063,-64.826096
8,96,05/13/15 16:02,-3.042066,-64.826083
8,96,05/13/15 22:00,-3.042062,-64.826075
8,96,05/14/15 04:00,-3.042118,-64.82599
8,96,05/14/15 10:00,-3.042054,-64.826121
8,96,05/14/15 16:00,-3.042039,-64.826114
8,96,05/14/15 22:00,-3.042013,-64.826087
8,96,05/15/15 04:01,-3.046494,-64.828578
8,96,05/15/15 10:01,-3.047241,-64.828067
8,96,05/15/15 16:01,-3.047118,-64.828013
8,96,05/15/15 22:00,-3.047105,-64.828113
8,96,05/16/15 04:00,-3.049282,-64.832846
8,96,05/16/15 16:00,-3.042038,-64.826124
8,96,05/16/15 22:00,-3.042038,-64.826074
1,96,05/17/15 04:00,-3.050981,-64.823945
1,96,05/17/15 10:01,-3.050979,-64.823959
1,96,05/17/15 16:01,-3.050976,-64.824093
1,96,05/17/15 22:00,-3.051029,-64.824079
1,96,05/18/15 04:01,-3.058534,-64.827984
1,96,05/18/15 10:02,-3.058236,-64.827548
1,96,05/18/15 16:00,-3.058253,-64.827365
1,96,05/18/15 22:00,-3.058233,-64.827572
8,96,05/19/15 04:00,-3.051863,-64.82687
8,96,05/19/15 10:02,-3.051792,-64.826853
8,96,05/19/15 16:00,-3.051864,-64.826888
8,96,05/19/15 22:00,-3.051948,-64.826929
8,96,05/20/15 04:00,-3.047023,-64.82806
8,96,05/20/15 10:01,-3.042027,-64.826082
8,96,05/20/15 16:01,-3.041989,-64.826012
8,96,05/20/15 22:01,-3.042033,-64.826058
8,96,05/21/15 04:01,-3.041503,-64.827927
8,96,05/21/15 10:01,-3.0414,-64.828119
8,96,05/21/15 16:00,-3.04142,-64.827998
8,96,05/21/15 22:00,-3.041489,-64.828085
8,96,05/22/15 04:00,-3.041479,-64.827925
8,96,05/22/15 10:00,-3.04152,-64.82811
8,96,05/22/15 22:00,-3.039003,-64.831105
8,96,05/23/15 04:00,-3.035866,-64.837542
8,96,05/23/15 16:01,-3.0393,-64.840163
8,96,05/23/15 22:00,-3.039406,-64.840793
8,96,05/24/15 04:00,-3.041593,-64.842985
8,96,05/24/15 10:00,-3.040178,-64.849218
8,96,05/24/15 16:01,-3.040215,-64.849142
8,96,05/24/15 22:01,-3.038961,-64.851429
8,96,05/25/15 04:01,-3.037288,-64.85009
8,96,05/25/15 10:00,-3.037513,-64.850235
8,96,05/25/15 16:00,-3.037522,-64.850195
8,96,05/25/15 22:01,-3.037584,-64.850193
8,96,05/26/15 04:02,-3.035486,-64.834179
8,96,05/26/15 16:00,-3.039038,-64.851484
8,96,05/26/15 22:00,-3.039055,-64.851492
8,96,05/27/15 04:00,-3.039117,-64.851385
8,96,05/27/15 10:00,-3.039007,-64.851413
8,96,05/27/15 16:00,-3.039034,-64.851442
8,96,05/27/15 22:01,-3.039117,-64.851321
8,96,05/28/15 04:00,-3.03922,-64.851594
8,96,05/28/15 10:01,-3.036654,-64.851056
8,96,05/28/15 16:00,-3.036685,-64.851058
8,96,05/28/15 22:00,-3.036659,-64.851028
8,96,05/29/15 04:01,-3.036759,-64.85121
8,96,05/29/15 10:00,-3.035257,-64.83429
8,96,05/29/15 16:01,-3.035308,-64.834227
8,96,05/30/15 04:01,-3.036592,-64.851087
8,96,05/30/15 10:00,-3.036682,-64.851002
8,96,05/30/15 16:01,-3.029216,-64.845598
8,96,05/30/15 22:00,-3.033552,-64.834855
8,96,05/31/15 04:01,-3.033224,-64.834869
8,96,05/31/15 10:00,-3.03355,-64.835054
8,96,05/31/15 16:01,-3.035827,-64.837602
8,96,05/31/15 22:00,-3.035936,-64.837495
8,96,06/01/15 04:00,-3.035882,-64.83822
8,96,06/01/15 16:02,-3.035858,-64.838189
8,96,06/01/15 22:00,-3.035823,-64.838252
8,96,06/02/15 04:01,-3.038288,-64.833925
8,96,06/02/15 10:00,-3.038259,-64.833818
8,96,06/02/15 16:01,-3.038278,-64.833793
8,96,06/02/15 22:01,-3.038139,-64.83384
8,96,06/03/15 04:00,-3.033259,-64.834839
8,96,06/03/15 10:01,-3.033317,-64.834997
8,96,06/03/15 16:01,-3.03349,-64.834992
8,96,06/03/15 22:00,-3.035875,-64.837456
8,96,06/04/15 04:01,-3.038261,-64.840033
8,96,06/04/15 10:00,-3.038189,-64.840005
8,96,06/04/15 16:01,-3.039299,-64.840137
8,96,06/04/15 22:00,-3.039338,-64.840025
8,96,06/05/15 04:01,-3.039354,-64.840012
8,96,06/05/15 10:01,-3.039264,-64.839981
8,96,06/05/15 16:01,-3.039331,-64.840152
8,96,06/05/15 22:01,-3.03931,-64.840121
8,96,06/06/15 04:00,-3.035279,-64.833581
8,96,06/06/15 10:01,-3.035384,-64.826652
8,96,06/06/15 16:01,-3.035408,-64.826691
8,96,06/06/15 22:00,-3.035241,-64.826861
8,96,06/07/15 04:00,-3.039401,-64.829914
8,96,06/07/15 10:00,-3.036511,-64.829665
8,96,06/07/15 22:01,-3.035603,-64.837462
8,96,06/08/15 04:00,-3.028917,-64.828991
8,96,06/08/15 10:02,-3.028895,-64.829004
8,96,06/08/15 22:00,-3.032755,-64.822171
8,96,06/09/15 04:01,-3.032759,-64.822222
8,96,06/09/15 10:00,-3.032697,-64.82232
8,96,06/09/15 16:00,-3.032824,-64.822141
8,96,06/09/15 22:00,-3.032817,-64.822333
8,96,06/10/15 04:02,-3.036788,-64.8189
8,96,06/10/15 10:02,-3.035312,-64.826725
8,96,06/10/15 16:00,-3.035379,-64.826718
8,96,06/10/15 22:01,-3.035528,-64.826553
8,96,06/11/15 04:00,-3.035428,-64.826695
8,96,06/11/15 10:00,-3.03541,-64.82667
8,96,06/11/15 16:00,-3.035409,-64.826726
8,96,06/11/15 22:00,-3.041206,-64.826597
8,96,06/12/15 10:00,-3.035841,-64.838231
8,96,06/12/15 16:00,-3.035769,-64.838222
8,96,06/12/15 22:00,-3.035832,-64.838285
8,96,06/13/15 04:00,-3.035843,-64.838282
8,96,06/13/15 10:00,-3.035848,-64.838193
8,96,06/13/15 16:02,-3.035909,-64.838222
8,96,06/13/15 22:00,-3.035928,-64.838248
8,96,06/14/15 04:01,-3.035835,-64.837358
8,96,06/14/15 10:01,-3.03573,-64.837317
8,96,06/14/15 16:01,-3.03565,-64.83739
8,96,06/14/15 22:00,-3.035627,-64.837383
8,96,06/15/15 04:00,-3.035742,-64.837509
8,96,06/15/15 10:02,-3.049311,-64.834622
8,96,06/15/15 16:01,-3.048617,-64.834592
8,96,06/15/15 22:00,-3.048736,-64.834591
8,96,06/16/15 04:03,-3.050064,-64.838971
8,96,06/16/15 10:00,-3.050116,-64.839146
8,96,06/16/15 16:02,-3.05002,-64.839026
8,96,06/16/15 22:00,-3.050081,-64.83924
8,96,06/17/15 04:01,-3.050081,-64.839026
8,96,06/17/15 10:00,-3.050013,-64.838572
8,96,06/17/15 22:00,-3.050166,-64.839082
8,96,06/18/15 04:01,-3.049973,-64.839045
8,96,06/18/15 16:00,-3.050085,-64.839087
8,96,06/18/15 22:00,-3.05007,-64.839058
8,96,06/19/15 04:00,-3.050075,-64.839038
8,96,06/19/15 10:00,-3.050067,-64.839043
8,96,06/19/15 16:00,-3.050102,-64.839058
8,96,06/19/15 22:00,-3.050158,-64.838977
8,96,06/20/15 04:00,-3.049067,-64.839532
8,96,06/20/15 16:00,-3.04448,-64.839815
8,96,06/20/15 22:00,-3.044386,-64.83981
8,96,06/21/15 04:00,-3.044414,-64.839853
8,96,06/21/15 10:00,-3.046274,-64.84463
8,96,06/21/15 16:00,-3.046363,-64.844579
8,96,06/21/15 22:00,-3.046258,-64.844623
8,96,06/22/15 04:00,-3.046391,-64.844591
8,96,06/22/15 10:02,-3.049167,-64.845859
8,96,06/22/15 16:00,-3.049121,-64.845937
8,96,06/22/15 22:01,-3.049216,-64.845699
8,96,06/23/15 04:00,-3.048997,-64.84582
4,96,06/23/15 10:00,-3.049828,-64.846487
4,96,06/23/15 16:01,-3.050039,-64.846439
4,96,06/23/15 22:00,-3.049939,-64.846384
4,96,06/24/15 04:01,-3.049628,-64.847025
8,96,06/24/15 10:00,-3.044028,-64.849268
8,96,06/24/15 16:00,-3.037681,-64.850225
8,96,06/24/15 22:00,-3.037551,-64.850197
8,96,06/25/15 04:00,-3.03753,-64.850176
8,96,06/25/15 10:00,-3.037507,-64.850213
8,96,06/25/15 16:00,-3.037537,-64.850269
8,96,06/25/15 22:00,-3.03758,-64.850292
8,96,06/26/15 04:02,-3.037799,-64.851166
8,96,06/26/15 10:01,-3.0323,-64.851151
8,96,06/26/15 16:01,-3.032267,-64.851124
8,96,06/26/15 22:01,-3.032654,-64.850376
8,96,06/27/15 04:02,-3.030622,-64.85138
8,96,06/27/15 10:00,-3.028993,-64.851321
8,96,06/27/15 16:01,-3.029126,-64.851364
8,96,06/27/15 22:01,-3.029135,-64.851193
8,96,06/28/15 04:00,-3.026452,-64.852111
8,96,06/28/15 10:01,-3.025786,-64.852993
8,96,06/28/15 16:01,-3.025819,-64.853045
8,96,06/28/15 22:00,-3.025894,-64.852901
8,96,06/29/15 10:00,-3.027947,-64.853376
8,96,06/29/15 16:00,-3.028001,-64.853483
8,96,06/29/15 22:00,-3.027981,-64.85344
2,96,06/30/15 04:01,-3.028156,-64.856472
2,96,06/30/15 10:01,-3.028531,-64.857202
2,96,06/30/15 16:00,-3.028296,-64.856696
2,96,06/30/15 22:00,-3.028247,-64.856553
2,96,07/01/15 04:01,-3.028065,-64.856275
2,96,07/01/15 10:01,-3.026424,-64.856819
2,96,07/01/15 16:00,-3.026576,-64.856865
2,96,07/01/15 22:01,-3.026547,-64.856759
2,96,07/02/15 04:01,-3.02642,-64.856856
2,96,07/02/15 10:00,-3.026546,-64.856697
8,96,07/02/15 16:00,-3.028006,-64.853228
8,96,07/02/15 22:00,-3.027932,-64.853405
8,96,07/03/15 04:01,-3.028153,-64.853854
8,96,07/03/15 10:01,-3.027894,-64.853436
8,96,07/03/15 16:00,-3.027946,-64.853471
8,96,07/03/15 22:00,-3.027989,-64.853366
8,96,07/04/15 04:01,-3.021964,-64.853232
8,96,07/04/15 10:01,-3.016753,-64.84907
8,96,07/04/15 16:01,-3.016683,-64.849024
8,96,07/04/15 22:00,-3.016606,-64.849115
8,96,07/05/15 04:00,-3.012811,-64.848141
8,96,07/05/15 10:00,-3.01278,-64.848216
8,96,07/05/15 16:00,-3.012782,-64.848196
3,96,07/05/15 22:01,-3.008359,-64.844681
3,96,07/06/15 04:00,-3.006817,-64.843135
3,96,07/06/15 10:00,-3.006827,-64.843288
3,96,07/06/15 16:00,-3.003503,-64.846457
3,96,07/06/15 22:00,-3.003698,-64.84665
3,96,07/07/15 10:00,-2.991969,-64.841564
3,96,07/07/15 16:02,-2.992141,-64.841475
3,96,07/08/15 04:00,-2.972927,-64.827645
3,96,07/08/15 10:02,-2.973825,-64.828584
3,96,07/08/15 22:01,-2.974565,-64.827984
3,96,07/09/15 04:02,-2.982221,-64.832614
3,96,07/09/15 16:00,-2.985449,-64.837466
3,96,07/09/15 22:02,-2.9851,-64.837296
3,96,07/10/15 04:01,-2.985086,-64.837234
3,96,07/10/15 10:01,-2.985015,-64.837258
3,96,07/10/15 16:02,-2.984216,-64.836484
3,96,07/10/15 22:02,-2.984184,-64.83659
3,96,07/11/15 10:02,-2.981421,-64.836452
3,96,07/12/15 04:02,-2.980334,-64.837583
3,96,07/12/15 10:02,-2.98021,-64.837546
3,96,07/12/15 16:01,-2.979457,-64.836896
3,96,07/13/15 04:01,-2.96677,-64.832355
3,96,07/13/15 10:01,-2.95917,-64.829429
3,96,07/13/15 16:00,-2.958728,-64.829803
3,96,07/14/15 04:01,-2.955567,-64.821343
3,96,07/14/15 10:00,-2.955416,-64.821387
3,96,07/14/15 16:01,-2.959659,-64.816809
3,96,07/14/15 22:01,-2.969706,-64.816943
3,96,07/15/15 04:00,-2.970531,-64.816812
3,96,07/15/15 10:01,-2.961932,-64.819116
3,96,07/15/15 16:00,-2.960253,-64.819007
3,96,07/16/15 04:00,-2.958974,-64.819039
3,96,07/16/15 10:01,-2.953273,-64.819789
3,96,07/16/15 22:01,-2.937454,-64.828413
3,96,07/17/15 04:01,-2.941629,-64.825088
3,96,07/17/15 10:01,-2.941527,-64.824946
3,96,07/17/15 16:01,-2.942955,-64.821806
3,96,07/17/15 22:02,-2.941483,-64.823479
3,96,07/18/15 04:00,-2.94151,-64.82337
3,96,07/18/15 10:01,-2.941473,-64.825013
3,96,07/18/15 22:01,-2.941528,-64.823139
3,96,07/19/15 04:00,-2.941454,-64.823334
2,97,10/21/14 16:16,-2.984805,-64.914479
2,97,10/21/14 17:16,-3.02978,-64.870706
2,97,10/21/14 22:03,-3.03021,-64.870105
2,97,10/22/14 04:02,-3.030381,-64.870019
2,97,10/22/14 10:00,-3.030982,-64.870019
2,97,10/22/14 22:01,-3.032012,-64.863667
2,97,10/23/14 10:02,-3.03184,-64.86341
2,97,10/23/14 16:00,-3.032012,-64.863753
2,97,10/31/14 10:00,-2.994418,-64.882722
2,97,10/31/14 16:00,-2.994418,-64.882722
2,97,10/31/14 22:00,-2.994418,-64.882722
2,97,11/01/14 04:00,-2.994332,-64.88255
2,97,11/01/14 10:00,-2.994332,-64.882636
2,97,11/01/14 16:00,-2.994246,-64.882722
8,97,11/09/14 22:01,-3.035274,-64.837918
2,97,11/10/14 04:00,-3.018365,-64.855514
2,97,11/10/14 16:00,-3.01785,-64.873023
2,97,11/11/14 04:02,-3.001542,-64.880576
2,97,11/11/14 10:00,-3.001542,-64.880748
2,97,11/11/14 16:00,-3.001285,-64.880919
2,97,11/26/14 10:00,-3.002315,-64.896111
2,97,11/26/14 16:00,-3.009353,-64.892678
2,97,11/27/14 04:01,-3.030124,-64.872766
2,97,11/27/14 10:00,-3.034244,-64.879546
2,97,11/27/14 16:01,-3.03493,-64.877143
2,97,11/28/14 04:00,-3.033214,-64.86547
2,97,11/30/14 10:01,-3.002057,-64.892507
2,97,11/30/14 16:01,-3.004117,-64.891992
2,97,11/30/14 22:02,-3.003774,-64.891648
2,97,12/01/14 04:01,-3.01064,-64.888215
2,97,12/01/14 10:00,-3.004117,-64.892077
2,97,12/01/14 16:01,-3.005147,-64.891562
2,97,12/03/14 22:00,-3.007121,-64.889588
2,97,12/07/14 16:01,-2.999911,-64.892249
2,97,12/07/14 22:02,-3.005404,-64.892592
3,97,02/10/15 16:01,-2.97399,-64.876885
3,97,02/10/15 22:03,-2.974162,-64.875855
3,97,02/11/15 04:02,-2.974763,-64.876027
3,97,02/11/15 10:02,-2.974505,-64.877572
3,97,02/11/15 16:01,-2.973905,-64.8768
3,97,02/11/15 22:01,-2.991757,-64.867787
2,97,04/21/15 16:01,-2.970386,-64.905982
2,97,04/21/15 22:01,-2.970729,-64.905725
2,97,04/22/15 04:02,-2.979827,-64.914222
2,97,04/22/15 10:01,-2.972274,-64.915423
2,97,04/22/15 16:00,-2.972274,-64.915423
2,97,04/22/15 22:00,-2.972188,-64.915338
3,97,05/02/15 04:00,-2.94395,-64.901261
3,97,05/02/15 10:01,-2.954335,-64.89594
3,97,05/02/15 16:00,-2.954936,-64.89491
3,97,05/02/15 22:00,-2.954936,-64.894996
3,97,05/03/15 04:00,-2.959914,-64.889245
3,97,05/03/15 10:00,-2.965665,-64.874053
3,97,05/03/15 16:00,-2.96515,-64.871478
2,97,05/19/15 16:00,-2.991672,-64.894052
2,97,05/19/15 22:00,-2.991672,-64.894052
2,97,05/20/15 04:01,-2.991328,-64.899459
2,97,05/20/15 10:00,-2.986093,-64.907956
2,97,05/20/15 16:00,-2.986178,-64.90787
2,97,05/20/15 22:00,-2.986093,-64.90787
2,97,05/21/15 04:01,-2.98223,-64.910617
3,97,05/23/15 10:00,-2.922406,-64.88976
3,97,05/23/15 16:00,-2.92232,-64.889674
3,97,05/23/15 22:00,-2.922492,-64.88976
3,97,05/24/15 10:01,-2.926183,-64.88255
3,97,05/24/15 16:00,-2.926097,-64.882636
3,97,05/24/15 22:00,-2.926183,-64.88255
3,97,05/25/15 04:00,-2.926097,-64.882636
3,97,05/28/15 22:00,-2.924981,-64.852853
3,97,06/04/15 10:00,-2.923865,-64.875598
3,97,06/04/15 16:00,-2.923865,-64.875684
3,97,06/04/15 22:00,-2.923865,-64.875598
3,97,06/05/15 10:00,-2.923179,-64.874568
3,97,06/05/15 16:01,-2.923694,-64.87371
3,97,06/05/15 22:00,-2.923608,-64.873881
3,97,06/06/15 04:01,-2.923779,-64.872079
3,97,06/06/15 10:01,-2.924037,-64.865813
3,97,06/06/15 16:00,-2.924123,-64.865899
3,97,06/06/15 22:00,-2.924123,-64.865813
3,97,06/07/15 04:00,-2.924123,-64.865813
3,97,06/07/15 10:00,-2.92335,-64.867702
3,97,06/07/15 16:01,-2.923865,-64.867616
3,97,06/07/15 22:00,-2.923694,-64.867702
3,97,06/08/15 04:01,-2.923694,-64.867787
3,97,06/08/15 16:00,-2.92541,-64.871821
3,97,06/08/15 22:00,-2.925324,-64.871736
3,97,06/09/15 04:00,-2.92541,-64.871821
3,97,06/09/15 10:00,-2.923522,-64.873881
3,97,06/09/15 16:01,-2.923779,-64.873881
3,97,06/09/15 22:00,-2.923694,-64.873881
3,97,06/10/15 04:01,-2.918286,-64.874396
3,97,06/10/15 10:00,-2.917342,-64.876113
3,97,06/10/15 16:00,-2.919488,-64.878173
3,97,06/10/15 22:01,-2.919831,-64.877915
3,97,06/11/15 04:00,-2.919745,-64.87783
3,97,06/11/15 10:00,-2.919831,-64.877915
3,97,06/11/15 16:00,-2.919745,-64.878087
3,97,06/11/15 22:00,-2.919316,-64.879804
3,97,06/18/15 22:00,-2.908072,-64.890018
3,97,06/19/15 04:00,-2.907987,-64.890103
3,97,06/19/15 10:01,-2.909532,-64.889073
3,97,06/19/15 16:00,-2.909703,-64.889245
3,97,06/19/15 22:00,-2.908244,-64.886413
3,97,06/20/15 04:00,-2.908158,-64.886413
3,97,06/20/15 10:00,-2.908244,-64.886584
3,97,06/20/15 16:00,-2.908244,-64.886584
3,97,06/20/15 22:00,-2.908244,-64.886584
3,97,06/21/15 04:00,-2.908587,-64.885554
3,97,06/21/15 10:01,-2.911334,-64.885898
3,97,06/21/15 16:00,-2.908244,-64.886498
3,97,06/21/15 22:00,-2.908244,-64.886498
3,97,06/22/15 04:00,-2.90833,-64.886498
3,97,06/22/15 10:00,-2.908244,-64.886498
3,97,06/22/15 16:00,-2.908244,-64.886498
3,97,06/22/15 22:00,-2.90833,-64.886413
3,97,06/23/15 04:00,-2.908845,-64.885812
3,97,06/23/15 10:00,-2.90833,-64.886584
3,97,06/23/15 16:00,-2.908502,-64.886498
3,97,06/23/15 22:00,-2.908072,-64.88667
3,97,06/24/15 04:00,-2.908845,-64.886069
3,97,06/24/15 10:01,-2.909789,-64.886413
3,97,06/24/15 16:00,-2.908416,-64.886498
3,97,06/24/15 22:00,-2.908158,-64.886413
3,97,06/25/15 04:00,-2.910733,-64.882379
3,97,06/25/15 10:00,-2.914166,-64.883151
3,97,06/25/15 16:00,-2.914081,-64.883237
3,97,06/25/15 22:00,-2.911935,-64.884953
3,97,06/26/15 04:00,-2.910562,-64.889159
3,97,06/26/15 10:00,-2.902236,-64.898772
3,97,06/26/15 16:00,-2.90215,-64.898772
3,97,06/26/15 22:00,-2.902236,-64.898858
3,97,06/27/15 04:00,-2.899489,-64.901261
3,97,06/27/15 10:00,-2.897687,-64.90315
3,97,06/27/15 16:00,-2.891679,-64.905295
3,97,06/29/15 16:00,-2.883267,-64.909759
3,97,06/29/15 22:00,-2.883353,-64.909673
3,97,06/30/15 04:01,-2.883267,-64.909673
3,97,06/30/15 10:00,-2.879748,-64.908643
3,97,06/30/15 16:00,-2.880092,-64.907441
3,97,06/30/15 22:01,-2.884812,-64.904523
3,97,07/01/15 04:00,-2.886014,-64.898171
3,97,07/05/15 10:00,-2.875886,-64.90684
3,97,07/05/15 16:00,-2.875886,-64.906754
3,97,07/05/15 22:00,-2.875886,-64.90684
3,97,07/06/15 04:00,-2.875886,-64.906754
3,97,07/06/15 10:01,-2.875886,-64.906754
3,97,07/06/15 16:00,-2.8758,-64.90684
3,97,07/06/15 22:00,-2.8758,-64.906583
3,97,07/08/15 16:01,-2.901378,-64.897742
3,97,07/08/15 22:00,-2.90112,-64.897141
3,97,07/09/15 04:00,-2.901292,-64.894481
3,97,07/09/15 10:00,-2.898374,-64.891906
3,97,07/09/15 16:01,-2.901292,-64.897313
3,97,07/09/15 22:00,-2.900519,-64.896798
3,97,07/10/15 04:02,-2.901807,-64.893966
3,97,07/10/15 10:00,-2.903867,-64.893193
3,97,07/10/15 16:01,-2.903867,-64.893279
3,97,07/10/15 22:00,-2.903867,-64.893193
3,97,07/11/15 04:00,-2.904983,-64.889245
3,97,07/11/15 10:00,-2.903781,-64.887614
3,97,07/11/15 16:00,-2.906785,-64.889159
3,97,07/11/15 22:00,-2.906871,-64.889073
3,97,07/12/15 04:00,-2.906785,-64.889159
3,97,07/12/15 10:00,-2.908072,-64.887013
3,97,07/12/15 16:01,-2.908244,-64.886413
3,97,07/12/15 22:00,-2.908244,-64.886498
3,97,07/13/15 04:00,-2.908416,-64.886498
3,97,07/13/15 10:00,-2.907557,-64.883151
3,97,07/13/15 16:00,-2.906785,-64.885468
3,97,07/13/15 22:00,-2.906785,-64.885383
3,97,07/19/15 16:00,-2.883782,-64.916368
3,97,07/23/15 10:00,-2.894769,-64.895768
3,97,07/23/15 16:00,-2.894769,-64.895682
3,97,07/23/15 22:00,-2.894769,-64.895682
3,97,07/24/15 10:00,-2.898374,-64.891992
3,97,07/24/15 16:01,-2.901978,-64.896626
3,97,07/24/15 22:00,-2.901292,-64.895682
3,97,07/25/15 04:00,-2.901635,-64.895768
3,97,07/27/15 10:00,-2.906785,-64.885297
3,97,07/27/15 16:00,-2.906785,-64.885468
3,97,07/27/15 22:01,-2.9073,-64.884095
3,97,07/29/15 22:00,-2.906785,-64.885383
3,97,07/30/15 04:00,-2.906871,-64.885383
3,97,07/30/15 16:01,-2.913823,-64.891391
3,97,07/30/15 22:00,-2.913995,-64.891219
3,97,07/31/15 04:00,-2.911077,-64.890189
3,97,07/31/15 10:01,-2.907987,-64.884696
3,97,08/05/15 10:00,-2.879663,-64.912505
3,97,08/05/15 16:03,-2.879148,-64.912248
3,97,08/05/15 22:00,-2.879491,-64.912505
3,97,08/06/15 04:01,-2.880864,-64.912162
3,97,08/06/15 10:01,-2.890906,-64.915681
3,97,08/06/15 16:01,-2.890649,-64.915509
3,97,08/08/15 16:00,-2.899232,-64.904523
3,97,08/08/15 22:00,-2.894683,-64.902291
3,97,08/15/15 16:00,-2.902837,-64.906068
3,97,08/15/15 22:00,-2.902837,-64.90624
3,97,08/16/15 04:00,-2.902837,-64.906154
3,97,08/16/15 10:00,-2.907987,-64.90375
3,97,08/16/15 16:02,-2.905841,-64.899459
3,97,08/16/15 22:01,-2.905154,-64.899545
2,97,08/26/15 10:02,-2.926955,-64.971728
2,97,08/26/15 16:01,-2.925839,-64.971213
2,97,08/26/15 22:02,-2.926011,-64.970784
2,97,08/27/15 04:00,-2.924981,-64.971385
3,97,08/27/15 10:01,-2.91923,-64.968553
3,97,08/27/15 16:01,-2.915711,-64.968123
2,97,09/04/15 10:03,-2.939572,-64.953704
3,97,09/04/15 16:00,-2.926183,-64.94761
3,97,09/04/15 22:00,-2.926097,-64.947782
3,97,09/05/15 10:02,-2.926097,-64.947782
3,97,09/05/15 16:00,-2.926097,-64.947867
3,97,09/05/15 22:01,-2.926097,-64.947867
3,97,09/06/15 04:01,-2.926183,-64.948039
3,97,09/06/15 10:00,-2.926183,-64.947953
3,97,09/06/15 16:02,-2.92541,-64.947009
3,97,09/06/15 22:00,-2.92541,-64.947009
3,97,09/07/15 04:00,-2.926526,-64.945722
3,97,09/07/15 10:03,-2.927556,-64.943919
3,97,09/12/15 16:02,-2.933822,-64.871478
3,97,09/13/15 04:01,-2.933393,-64.905381
3,97,09/13/15 10:01,-2.933993,-64.905896
3,97,09/13/15 16:00,-2.936997,-64.913192
3,97,09/13/15 22:01,-2.936912,-64.913106
3,97,09/17/15 16:00,-2.937169,-64.931302
3,97,09/17/15 22:02,-2.937427,-64.93113
3,97,09/19/15 04:00,-2.927728,-64.9507
3,97,09/19/15 10:01,-2.928243,-64.949327
2,97,09/19/15 22:00,-2.94704,-64.957051
2,97,09/20/15 04:02,-2.932363,-64.965634
2,97,09/20/15 10:00,-2.929959,-64.963489
2,97,09/20/15 16:00,-2.941804,-64.950442
2,97,09/21/15 04:03,-2.962575,-64.943919
2,97,09/21/15 10:02,-2.960429,-64.945378
2,97,09/21/15 16:01,-2.960172,-64.945378
2,97,09/22/15 04:02,-2.960944,-64.945292
2,97,09/22/15 10:01,-2.954249,-64.941516
2,97,09/22/15 22:00,-2.947383,-64.941773
2,97,09/24/15 22:01,-2.954936,-64.9301
2,97,09/25/15 04:03,-2.953219,-64.935079
2,97,09/25/15 22:01,-2.953477,-64.929671
2,97,09/29/15 16:00,-2.947726,-64.939198
2,97,09/29/15 22:01,-2.946181,-64.941173
2,97,09/30/15 04:00,-2.962403,-64.942803
2,97,09/30/15 16:00,-2.955194,-64.946837
2,97,09/30/15 22:01,-2.955022,-64.946923
2,97,10/01/15 04:01,-2.946525,-64.935679
3,97,10/01/15 10:01,-2.934937,-64.930701
3,97,10/01/15 16:00,-2.936225,-64.925551
3,97,10/01/15 22:00,-2.936654,-64.92641
3,97,10/02/15 04:00,-2.937512,-64.926152
3,97,10/02/15 10:01,-2.937427,-64.925981
3,97,10/02/15 16:02,-2.937427,-64.926324
3,97,10/02/15 22:01,-2.937598,-64.925551
3,97,10/03/15 04:01,-2.943778,-64.927182
3,97,10/03/15 10:00,-2.943692,-64.927182
3,97,10/03/15 16:00,-2.943435,-64.937396
3,97,10/03/15 22:01,-2.94292,-64.938941
2,97,10/06/15 16:00,-2.921119,-64.96778
3,97,10/07/15 10:02,-2.926869,-64.951386
3,97,10/07/15 16:03,-2.93777,-64.944606
2,97,10/07/15 22:02,-2.943864,-64.954906
2,97,10/08/15 22:01,-2.942147,-64.957309
2,97,10/09/15 04:02,-2.952704,-64.946494
3,97,10/11/15 04:03,-2.939487,-64.937053
3,97,10/11/15 10:02,-2.939916,-64.937568
3,97,10/11/15 22:02,-2.939916,-64.938083
2,97,10/12/15 04:00,-2.946868,-64.934134
2,97,10/12/15 10:03,-2.94704,-64.934306
2,97,10/12/15 16:00,-2.95013,-64.931817
2,97,10/22/15 10:01,-2.958283,-64.943662
2,97,10/22/15 16:01,-2.96206,-64.946237
2,97,10/22/15 22:02,-2.96206,-64.946237
2,97,10/23/15 10:00,-2.959571,-64.95585
2,97,10/23/15 16:02,-2.959399,-64.955935
2,97,10/23/15 22:00,-2.956052,-64.956021
2,97,10/24/15 04:01,-2.957253,-64.953532
2,97,10/27/15 22:00,-2.961202,-64.950185
2,97,10/28/15 10:01,-2.952704,-64.936881
2,97,10/28/15 22:02,-2.951417,-64.931302
3,97,10/29/15 10:00,-2.938199,-64.932246
3,97,10/29/15 16:01,-2.938199,-64.932246
3,97,10/29/15 22:00,-2.938027,-64.932332
3,97,10/30/15 04:02,-2.940259,-64.938083
3,97,10/30/15 10:02,-2.940516,-64.938083
3,97,10/30/15 16:01,-2.939916,-64.937997
3,97,10/31/15 10:00,-2.940602,-64.938083
3,97,10/31/15 16:02,-2.940345,-64.938083
3,97,11/01/15 04:00,-2.940602,-64.938083
3,97,11/01/15 10:01,-2.940774,-64.937997
3,97,11/01/15 22:02,-2.940688,-64.937997
2,97,11/07/15 22:00,-2.970729,-64.920487
2,97,11/08/15 04:03,-2.969699,-64.908299
2,97,11/08/15 10:00,-2.946181,-64.935164
2,97,11/08/15 16:00,-2.944293,-64.940658
4,98,12/11/14 13:01,-3.054789,-64.85651
4,98,12/11/14 18:00,-3.054621,-64.856474
4,98,12/13/14 10:01,-3.054712,-64.856501
5,98,12/14/14 01:01,-3.098325,-64.848559
5,98,12/14/14 06:01,-3.095733,-64.839915
5,98,12/14/14 11:02,-3.095384,-64.840445
4,98,12/16/14 03:02,-3.087384,-64.863942
5,98,12/16/14 13:01,-3.094704,-64.854758
5,98,12/18/14 10:01,-3.096707,-64.854421
5,98,12/18/14 20:02,-3.101138,-64.841983
5,98,12/19/14 01:00,-3.102381,-64.839652
5,98,12/19/14 11:01,-3.100862,-64.840162
7,98,12/20/14 02:02,-3.105252,-64.833299
7,98,12/20/14 07:01,-3.10636,-64.83207
7,98,12/20/14 12:01,-3.105902,-64.832314
7,98,12/20/14 17:00,-3.105024,-64.83227
5,98,12/21/14 03:01,-3.101071,-64.843204
5,98,12/21/14 08:01,-3.100081,-64.84466
5,98,12/21/14 13:01,-3.09975,-64.845559
5,98,12/21/14 18:01,-3.098878,-64.846762
5,98,12/21/14 23:02,-3.098939,-64.847084
4,98,12/25/14 07:03,-3.055036,-64.856586
4,98,12/25/14 22:01,-3.054835,-64.856596
4,98,12/26/14 08:01,-3.056365,-64.857171
4,98,12/27/14 09:01,-3.056179,-64.856591
4,98,12/27/14 14:01,-3.055907,-64.856961
4,98,12/28/14 00:02,-3.071733,-64.852301
4,98,12/28/14 05:01,-3.055978,-64.856728
4,98,12/28/14 10:00,-3.056002,-64.856695
4,98,12/28/14 15:01,-3.055849,-64.856651
4,98,12/28/14 20:02,-3.055766,-64.856173
4,98,12/29/14 06:01,-3.057444,-64.852054
4,98,12/30/14 02:02,-3.055742,-64.856036
4,98,12/30/14 07:01,-3.055499,-64.855875
4,98,12/30/14 17:01,-3.055772,-64.856034
4,98,12/30/14 22:02,-3.059191,-64.856102
4,98,12/31/14 13:01,-3.060257,-64.854048
4,98,12/31/14 18:02,-3.059363,-64.856161
4,98,01/01/15 09:01,-3.059081,-64.855902
4,98,01/01/15 14:02,-3.059156,-64.855962
4,98,01/01/15 19:02,-3.059254,-64.855827
4,98,01/02/15 00:02,-3.059014,-64.855943
4,98,01/02/15 10:01,-3.065959,-64.844892
4,98,01/03/15 16:02,-3.059538,-64.855763
4,98,01/04/15 07:01,-3.064897,-64.84504
4,98,01/04/15 12:02,-3.059037,-64.855917
4,98,01/05/15 03:01,-3.059082,-64.856136
4,98,01/05/15 08:02,-3.059043,-64.855914
4,98,01/05/15 13:01,-3.059268,-64.855997
4,98,01/05/15 18:02,-3.061877,-64.855337
4,98,01/07/15 05:01,-3.073604,-64.851727
4,98,01/07/15 15:02,-3.073574,-64.851712
5,98,01/08/15 11:01,-3.07751,-64.841771
4,98,01/08/15 16:02,-3.073627,-64.851646
4,98,01/09/15 02:02,-3.06732,-64.86736
4,98,01/09/15 07:01,-3.078066,-64.866097
4,98,01/10/15 13:02,-3.073542,-64.851726
5,98,01/10/15 18:02,-3.079336,-64.834206
5,98,01/10/15 23:02,-3.079384,-64.834066
4,98,01/12/15 00:02,-3.073828,-64.850478
4,98,01/12/15 10:01,-3.074225,-64.850499
4,98,01/13/15 01:01,-3.073979,-64.85069
4,98,01/13/15 06:01,-3.074321,-64.850874
4,98,01/13/15 11:00,-3.073932,-64.851548
4,98,01/14/15 07:01,-3.073904,-64.850671
5,98,01/15/15 08:01,-3.081644,-64.83363
5,98,01/15/15 13:01,-3.081558,-64.833389
5,98,01/15/15 18:01,-3.08946,-64.846597
5,98,01/16/15 04:01,-3.089484,-64.846603
5,98,01/16/15 09:02,-3.08948,-64.846714
5,98,01/16/15 14:02,-3.091955,-64.847171
5,98,01/17/15 15:01,-3.089391,-64.846533
1,98,01/18/15 01:01,-3.07899,-64.819099
5,98,01/18/15 06:01,-3.082812,-64.823809
5,98,01/18/15 11:01,-3.08267,-64.82366
5,98,01/19/15 02:01,-3.089333,-64.846561
5,98,01/19/15 07:00,-3.089512,-64.846609
5,98,01/19/15 17:01,-3.091358,-64.844373
5,98,01/20/15 08:01,-3.094145,-64.841272
5,98,01/20/15 13:02,-3.093801,-64.841333
5,98,01/20/15 23:02,-3.093805,-64.841141
5,98,01/22/15 10:02,-3.093734,-64.841153
5,98,01/23/15 01:01,-3.093709,-64.842744
5,98,01/23/15 11:01,-3.093736,-64.84297
5,98,01/23/15 16:01,-3.093724,-64.842779
5,98,01/23/15 21:02,-3.093874,-64.842947
5,98,01/24/15 02:01,-3.082256,-64.83232
5,98,01/24/15 07:01,-3.082186,-64.832183
5,98,01/24/15 22:01,-3.093111,-64.842536
5,98,01/25/15 03:02,-3.090122,-64.837684
5,98,01/25/15 08:00,-3.091979,-64.840301
5,98,01/25/15 18:00,-3.092014,-64.840297
5,98,01/25/15 23:01,-3.091907,-64.840321
5,98,01/26/15 09:00,-3.092454,-64.841045
5,98,01/26/15 19:01,-3.096124,-64.839421
5,98,01/27/15 00:01,-3.096132,-64.839083
5,98,01/27/15 05:01,-3.096188,-64.839319
5,98,01/27/15 20:01,-3.096185,-64.839199
5,98,01/28/15 01:01,-3.102921,-64.843161
5,98,01/28/15 06:01,-3.096555,-64.839482
5,98,01/28/15 21:01,-3.096192,-64.839302
5,98,01/29/15 07:00,-3.096238,-64.839269
5,98,01/29/15 12:00,-3.096318,-64.839279
7,98,01/29/15 22:02,-3.103889,-64.822076
5,98,01/30/15 03:00,-3.096093,-64.839245
5,98,01/30/15 23:00,-3.096173,-64.839263
5,98,01/31/15 09:00,-3.096115,-64.839136
5,98,02/01/15 00:01,-3.096306,-64.839119
5,98,02/01/15 05:01,-3.096185,-64.839195
5,98,02/01/15 15:00,-3.096236,-64.839319
5,98,02/02/15 01:02,-3.096177,-64.839035
5,98,02/02/15 06:01,-3.096003,-64.839224
5,98,02/02/15 16:00,-3.0963,-64.839217
5,98,02/02/15 21:01,-3.096749,-64.845129
5,98,02/03/15 02:01,-3.09771,-64.859076
5,98,02/03/15 12:02,-3.096565,-64.858357
5,98,02/03/15 17:01,-3.099238,-64.856211
5,98,02/03/15 22:01,-3.096792,-64.845056
5,98,02/04/15 03:00,-3.096782,-64.844976
5,98,02/04/15 08:01,-3.097407,-64.845491
5,98,02/04/15 13:01,-3.099436,-64.852676
5,98,02/04/15 23:03,-3.104409,-64.841536
5,98,02/05/15 09:01,-3.104299,-64.84185
5,98,02/05/15 14:01,-3.10432,-64.842137
5,98,02/05/15 19:01,-3.104584,-64.84222
5,98,02/06/15 05:01,-3.104345,-64.842266
5,98,02/06/15 10:01,-3.104659,-64.842309
5,98,02/06/15 15:00,-3.104378,-64.842008
5,98,02/06/15 20:01,-3.104337,-64.842144
5,98,02/07/15 01:01,-3.105203,-64.84374
5,98,02/07/15 06:02,-3.105009,-64.843889
5,98,02/07/15 16:00,-3.104748,-64.842269
5,98,02/07/15 21:00,-3.104445,-64.842163
5,98,02/08/15 02:01,-3.10454,-64.842194
5,98,02/08/15 07:00,-3.10482,-64.842375
5,98,02/08/15 12:01,-3.104495,-64.841965
5,98,02/09/15 03:01,-3.103155,-64.848831
5,98,02/09/15 08:01,-3.102852,-64.848698
5,98,02/09/15 13:00,-3.102991,-64.84879
5,98,02/10/15 04:01,-3.102904,-64.84867
5,98,02/10/15 14:01,-3.102804,-64.848786
5,98,02/10/15 19:01,-3.103021,-64.848475
5,98,02/11/15 00:02,-3.103575,-64.846179
5,98,02/11/15 05:00,-3.103473,-64.846332
5,98,02/11/15 10:01,-3.103448,-64.846437
5,98,02/11/15 15:00,-3.103355,-64.846403
5,98,02/12/15 01:01,-3.104668,-64.845084
5,98,02/12/15 06:02,-3.103511,-64.846069
5,98,02/12/15 11:00,-3.103867,-64.84647
5,98,02/12/15 21:01,-3.104946,-64.837267
5,98,02/13/15 02:02,-3.103972,-64.846794
5,98,02/13/15 12:00,-3.103987,-64.846626
5,98,02/13/15 17:00,-3.10395,-64.846623
7,98,02/13/15 22:02,-3.107428,-64.832688
7,98,02/14/15 13:01,-3.11394,-64.80866
5,98,02/14/15 23:00,-3.104281,-64.84667
5,98,02/15/15 04:00,-3.104352,-64.8467
5,98,02/15/15 09:00,-3.103996,-64.846697
5,98,02/15/15 19:00,-3.104035,-64.846751
5,98,02/16/15 05:00,-3.104058,-64.846735
5,98,02/16/15 10:00,-3.103995,-64.846724
5,98,02/16/15 15:01,-3.1041,-64.846903
5,98,02/16/15 20:01,-3.104184,-64.846777
5,98,02/18/15 02:03,-3.100449,-64.845808
5,98,02/18/15 17:01,-3.100349,-64.845873
5,98,02/18/15 22:02,-3.1003,-64.845858
5,98,02/19/15 03:00,-3.102037,-64.846641
5,98,02/19/15 08:01,-3.101766,-64.847417
5,98,02/19/15 13:02,-3.101914,-64.846641
5,98,02/19/15 23:01,-3.102151,-64.846786
5,98,02/20/15 04:00,-3.102192,-64.84661
5,98,02/20/15 09:00,-3.083691,-64.84801
5,98,02/21/15 00:02,-3.094908,-64.859105
5,98,02/21/15 05:01,-3.094521,-64.860784
4,98,02/21/15 10:02,-3.09048,-64.871981
4,98,02/21/15 15:01,-3.085202,-64.866235
5,98,02/22/15 06:01,-3.102164,-64.846988
5,98,02/22/15 11:00,-3.102049,-64.846774
5,98,02/23/15 07:01,-3.095565,-64.838347
5,98,02/23/15 12:02,-3.095464,-64.834353
5,98,02/23/15 17:01,-3.095368,-64.834277
5,98,02/24/15 08:00,-3.100181,-64.837725
5,98,02/24/15 18:01,-3.096607,-64.834446
5,98,02/24/15 23:01,-3.096565,-64.834423
5,98,02/25/15 04:01,-3.096683,-64.8343
5,98,02/25/15 09:01,-3.096614,-64.834731
5,98,02/26/15 00:01,-3.09641,-64.834458
5,98,02/26/15 05:01,-3.097412,-64.838436
5,98,02/26/15 10:02,-3.097147,-64.838698
5,98,02/26/15 15:02,-3.096425,-64.838953
5,98,02/26/15 20:01,-3.096554,-64.839086
5,98,02/27/15 16:02,-3.096651,-64.839038
5,98,02/27/15 21:01,-3.096506,-64.839045
5,98,02/28/15 12:01,-3.096633,-64.838979
5,98,02/28/15 17:01,-3.094741,-64.839559
7,98,02/28/15 22:01,-3.091792,-64.818074
7,98,03/01/15 08:02,-3.098482,-64.828484
5,98,03/01/15 18:01,-3.094878,-64.839636
5,98,03/01/15 23:01,-3.094797,-64.839503
5,98,03/02/15 09:01,-3.094957,-64.839755
5,98,03/02/15 19:01,-3.094925,-64.839594
5,98,03/03/15 10:02,-3.091365,-64.828356
5,98,03/03/15 15:02,-3.093928,-64.842317
5,98,03/04/15 06:01,-3.093661,-64.842285
5,98,03/04/15 11:02,-3.093946,-64.841594
5,98,03/04/15 21:02,-3.076002,-64.83608
5,98,03/05/15 07:01,-3.081232,-64.841651
5,98,03/05/15 12:02,-3.093342,-64.842131
5,98,03/05/15 17:00,-3.093429,-64.841229
7,98,03/06/15 23:01,-3.090859,-64.82491
5,98,03/07/15 09:02,-3.084929,-64.82347
1,98,03/07/15 14:02,-3.08082,-64.818629
1,98,03/07/15 19:01,-3.079308,-64.822315
5,98,03/08/15 05:01,-3.085072,-64.82399
7,98,03/08/15 20:01,-3.099865,-64.811017
5,98,03/09/15 01:01,-3.085022,-64.823272
5,98,03/10/15 07:01,-3.079247,-64.839815
5,98,03/10/15 12:02,-3.078867,-64.839935
5,98,03/10/15 17:02,-3.084409,-64.823908
5,98,03/10/15 22:01,-3.084434,-64.823955
5,98,03/11/15 03:01,-3.084512,-64.823775
5,98,03/12/15 04:01,-3.084525,-64.823534
5,98,03/12/15 09:01,-3.084311,-64.823634
1,98,03/12/15 19:01,-3.075955,-64.822029
7,98,03/13/15 05:01,-3.085353,-64.821953
7,98,03/13/15 10:01,-3.085989,-64.821925
7,98,03/13/15 15:01,-3.085413,-64.821889
7,98,03/13/15 20:01,-3.086136,-64.821833
7,98,03/14/15 06:01,-3.086154,-64.823018
7,98,03/16/15 08:01,-3.104785,-64.822896
7,98,03/16/15 13:01,-3.104429,-64.824154
5,98,03/17/15 04:01,-3.092017,-64.85486
5,98,03/17/15 09:01,-3.093723,-64.858408
5,98,03/17/15 14:02,-3.093758,-64.858242
5,98,03/17/15 19:01,-3.092124,-64.859354
5,98,03/18/15 10:03,-3.092771,-64.859254
5,98,03/19/15 01:01,-3.08818,-64.860542
5,98,03/19/15 06:01,-3.086806,-64.86144
5,98,03/19/15 11:00,-3.08687,-64.861734
5,98,03/19/15 21:01,-3.08801,-64.861157
5,98,03/20/15 02:01,-3.090892,-64.857804
5,98,03/20/15 07:02,-3.090672,-64.857831
5,98,03/20/15 17:01,-3.090842,-64.857738
5,98,03/20/15 22:01,-3.095683,-64.864436
5,98,03/23/15 05:02,-3.09442,-64.854597
5,98,03/23/15 20:00,-3.096302,-64.85292
5,98,03/24/15 01:01,-3.093575,-64.865217
5,98,03/24/15 06:01,-3.09456,-64.855225
5,98,03/24/15 11:01,-3.094226,-64.855596
5,98,03/24/15 21:01,-3.092644,-64.85439
5,98,03/25/15 07:01,-3.09485,-64.854258
5,98,03/25/15 22:01,-3.09307,-64.845166
5,98,03/26/15 18:01,-3.092972,-64.845416
5,98,03/27/15 04:01,-3.093185,-64.845384
5,98,03/27/15 09:01,-3.092923,-64.845411
5,98,03/27/15 19:01,-3.093082,-64.845186
5,98,03/28/15 15:01,-3.096482,-64.840689
5,98,03/28/15 20:02,-3.096889,-64.840274
5,98,03/29/15 11:01,-3.088041,-64.846936
5,98,03/30/15 02:02,-3.090748,-64.846525
5,98,03/30/15 12:01,-3.090481,-64.846557
5,98,03/30/15 17:01,-3.090577,-64.84651
5,98,03/31/15 03:01,-3.088032,-64.847811
5,98,03/31/15 08:01,-3.08993,-64.847946
5,98,03/31/15 13:01,-3.090774,-64.846597
5,98,03/31/15 18:01,-3.090866,-64.846634
5,98,03/31/15 23:01,-3.090725,-64.8464
5,98,04/01/15 04:01,-3.091006,-64.846739
5,98,04/01/15 19:01,-3.091441,-64.850762
5,98,04/02/15 10:01,-3.094864,-64.860118
5,98,04/03/15 06:01,-3.089347,-64.858067
5,98,04/03/15 11:01,-3.089443,-64.857402
5,98,04/03/15 16:01,-3.089584,-64.857289
5,98,04/04/15 07:01,-3.090419,-64.854618
5,98,04/04/15 17:01,-3.09111,-64.85922
5,98,04/05/15 03:01,-3.095664,-64.852187
5,98,04/05/15 08:02,-3.095611,-64.852522
5,98,04/05/15 13:01,-3.095768,-64.852285
5,98,04/05/15 18:01,-3.095457,-64.852344
5,98,04/05/15 23:01,-3.095486,-64.852513
5,98,04/06/15 04:01,-3.094696,-64.848775
5,98,04/06/15 09:00,-3.094522,-64.848238
5,98,04/06/15 19:02,-3.094525,-64.848528
5,98,04/07/15 00:02,-3.094785,-64.848096
5,98,04/07/15 05:01,-3.099595,-64.841518
5,98,04/07/15 20:02,-3.099575,-64.841394
5,98,04/08/15 01:01,-3.099537,-64.841445
7,98,04/08/15 06:01,-3.101738,-64.831209
7,98,04/08/15 11:01,-3.102217,-64.832589
5,98,04/08/15 21:01,-3.096833,-64.83749
7,98,04/10/15 03:02,-3.109999,-64.809044
7,98,04/10/15 18:01,-3.109867,-64.806565
7,98,04/10/15 23:01,-3.109663,-64.808611
7,98,04/11/15 04:01,-3.109666,-64.808725
5,98,04/11/15 19:00,-3.092381,-64.841237
5,98,04/12/15 00:01,-3.094456,-64.84271
5,98,04/12/15 05:01,-3.094843,-64.84382
5,98,04/12/15 15:02,-3.090078,-64.842799
5,98,04/13/15 21:01,-3.09354,-64.842279
5,98,04/14/15 02:02,-3.09217,-64.843673
5,98,04/14/15 07:02,-3.091617,-64.844795
5,98,04/14/15 12:01,-3.088653,-64.843745
5,98,04/14/15 17:00,-3.090626,-64.846309
5,98,04/14/15 22:01,-3.09079,-64.845802
5,98,04/15/15 08:01,-3.09068,-64.846417
5,98,04/15/15 18:02,-3.090626,-64.845925
5,98,04/15/15 23:01,-3.090892,-64.845726
5,98,04/17/15 10:02,-3.091949,-64.853698
5,98,04/17/15 15:01,-3.086731,-64.851358
5,98,04/17/15 20:02,-3.087068,-64.850877
5,98,04/18/15 01:01,-3.087282,-64.850999
5,98,04/18/15 16:01,-3.086446,-64.861964
5,98,04/19/15 02:02,-3.087235,-64.861206
5,98,04/19/15 07:00,-3.085792,-64.856487
5,98,04/19/15 12:03,-3.08674,-64.857677
5,98,04/19/15 17:01,-3.085295,-64.859147
4,98,04/20/15 03:01,-3.083667,-64.870532
4,98,04/20/15 08:01,-3.08438,-64.871557
4,98,04/20/15 18:02,-3.084171,-64.870448
4,98,04/20/15 23:01,-3.083952,-64.871576
4,98,04/21/15 09:01,-3.08479,-64.870806
4,98,04/21/15 14:01,-3.072094,-64.870922
4,98,04/21/15 19:01,-3.084011,-64.871313
4,98,04/22/15 00:02,-3.08465,-64.871037
4,98,04/22/15 05:01,-3.084289,-64.871485
4,98,04/22/15 10:01,-3.084458,-64.87149
4,98,04/22/15 15:01,-3.084588,-64.871352
4,98,04/22/15 20:01,-3.084249,-64.871103
4,98,04/23/15 01:00,-3.084788,-64.871276
4,98,04/23/15 11:02,-3.090324,-64.87862
4,98,04/23/15 16:02,-3.084689,-64.871282
4,98,04/23/15 21:01,-3.084495,-64.871371
4,98,04/24/15 02:01,-3.085286,-64.873532
4,98,04/24/15 12:01,-3.084694,-64.871297
5,98,04/25/15 08:01,-3.098755,-64.841972
5,98,04/26/15 04:00,-3.091888,-64.856245
5,98,04/26/15 09:00,-3.09115,-64.855938
4,98,04/27/15 00:02,-3.073862,-64.849684
5,98,04/27/15 10:02,-3.083907,-64.846004
5,98,04/27/15 20:02,-3.091476,-64.857124
5,98,04/28/15 01:01,-3.091067,-64.857024
5,98,04/28/15 16:00,-3.084437,-64.842142
5,98,04/29/15 07:01,-3.082891,-64.846264
5,98,04/29/15 12:02,-3.082871,-64.847703
5,98,04/30/15 03:01,-3.094407,-64.847522
5,98,04/30/15 08:02,-3.094467,-64.847483
5,98,04/30/15 13:01,-3.094931,-64.846081
5,98,04/30/15 18:01,-3.098395,-64.844201
5,98,05/01/15 04:01,-3.094196,-64.845608
5,98,05/01/15 19:01,-3.094626,-64.845611
7,98,05/02/15 10:01,-3.095319,-64.82478
7,98,05/02/15 20:01,-3.093911,-64.826576
7,98,05/03/15 16:02,-3.102019,-64.831422
7,98,05/03/15 21:00,-3.102163,-64.831347
7,98,05/04/15 12:01,-3.116226,-64.8038
7,98,05/04/15 22:02,-3.116205,-64.804248
7,98,05/05/15 08:02,-3.12177,-64.807997
7,98,05/05/15 13:02,-3.121909,-64.807798
7,98,05/05/15 18:02,-3.111967,-64.805181
7,98,05/05/15 23:01,-3.112076,-64.805046
7,98,05/06/15 04:01,-3.093206,-64.805694
7,98,05/06/15 09:01,-3.093518,-64.804433
7,98,05/06/15 14:01,-3.093482,-64.804754
7,98,05/07/15 00:01,-3.095341,-64.804916
7,98,05/07/15 10:02,-3.109301,-64.803829
7,98,05/08/15 01:00,-3.113005,-64.812423
7,98,05/09/15 02:01,-3.114964,-64.816568
7,98,05/11/15 04:02,-3.116849,-64.82089
7,98,05/12/15 05:02,-3.117238,-64.822067
7,98,05/12/15 10:01,-3.11654,-64.820484
7,98,05/12/15 15:01,-3.114738,-64.821057
7,98,05/13/15 01:02,-3.11476,-64.821837
7,98,05/13/15 06:01,-3.121918,-64.818337
7,98,05/13/15 16:03,-3.11861,-64.819404
7,98,05/13/15 21:02,-3.114736,-64.821276
7,98,05/14/15 02:01,-3.113238,-64.822845
7,98,05/14/15 22:01,-3.112546,-64.823712
7,98,05/15/15 08:00,-3.116374,-64.821533
7,98,05/16/15 14:02,-3.115653,-64.820969
5,98,05/17/15 00:02,-3.101977,-64.836945
5,98,05/17/15 10:01,-3.102017,-64.83677
5,98,05/17/15 15:00,-3.093308,-64.839915
5,98,05/18/15 01:01,-3.088117,-64.858345
4,98,05/18/15 21:01,-3.093244,-64.870337
4,98,05/19/15 02:01,-3.093031,-64.869973
5,98,05/19/15 12:01,-3.090429,-64.857012
5,98,05/19/15 17:00,-3.090417,-64.857111
5,98,05/19/15 22:01,-3.090514,-64.857187
5,98,05/20/15 08:01,-3.091019,-64.857086
5,98,05/20/15 13:01,-3.091335,-64.856214
5,98,05/20/15 18:01,-3.091333,-64.855048
5,98,05/20/15 23:00,-3.090795,-64.857055
5,98,05/21/15 04:03,-3.091072,-64.856913
5,98,05/21/15 09:01,-3.091333,-64.85612
5,98,05/21/15 14:01,-3.091107,-64.85621
5,98,05/21/15 19:00,-3.090791,-64.85709
5,98,05/22/15 05:02,-3.093168,-64.85563
5,98,05/23/15 21:03,-3.094117,-64.868929
5,98,05/24/15 02:01,-3.090781,-64.84485
5,98,05/24/15 12:01,-3.087709,-64.842947
5,98,05/24/15 22:01,-3.08805,-64.843477
5,98,05/25/15 08:01,-3.090767,-64.844888
5,98,05/25/15 13:00,-3.090788,-64.844906
5,98,05/25/15 18:01,-3.090691,-64.845094
5,98,05/25/15 23:00,-3.090628,-64.844777
5,98,05/26/15 04:00,-3.090838,-64.844971
5,98,05/26/15 09:01,-3.092137,-64.84235
5,98,05/26/15 14:02,-3.092223,-64.842256
5,98,05/26/15 19:00,-3.092145,-64.842342
5,98,05/27/15 00:00,-3.09231,-64.842391
5,98,05/27/15 05:01,-3.099738,-64.843307
5,98,05/27/15 15:00,-3.099277,-64.841734
5,98,05/27/15 20:00,-3.095386,-64.839828
5,98,05/28/15 01:00,-3.09534,-64.83959
5,98,05/28/15 11:00,-3.095238,-64.849923
5,98,05/29/15 07:02,-3.098021,-64.84697
5,98,05/29/15 12:02,-3.099134,-64.845149
5,98,05/29/15 17:02,-3.09708,-64.846495
5,98,05/30/15 03:01,-3.096354,-64.846588
5,98,05/30/15 13:02,-3.096836,-64.846759
5,98,05/30/15 18:02,-3.096875,-64.846658
5,98,05/30/15 23:01,-3.09798,-64.845284
5,98,05/31/15 04:01,-3.097483,-64.845411
5,98,05/31/15 09:01,-3.09349,-64.854466
5,98,05/31/15 14:02,-3.093775,-64.853939
5,98,06/01/15 00:02,-3.097983,-64.845453
5,98,06/01/15 20:01,-3.097799,-64.845391
5,98,06/02/15 01:01,-3.097634,-64.845778
5,98,06/02/15 16:01,-3.097361,-64.845913
5,98,06/02/15 21:01,-3.09757,-64.845472
5,98,06/03/15 07:02,-3.093712,-64.842469
5,98,06/03/15 12:01,-3.093727,-64.84266
5,98,06/03/15 17:00,-3.093656,-64.842616
5,98,06/03/15 22:01,-3.091304,-64.841287
5,98,06/04/15 08:01,-3.094835,-64.83246
5,98,06/04/15 13:02,-3.094779,-64.83246
5,98,06/04/15 18:01,-3.094685,-64.832457
5,98,06/04/15 23:00,-3.095424,-64.835367
5,98,06/05/15 04:00,-3.096065,-64.837829
5,98,06/05/15 09:00,-3.095899,-64.837916
5,98,06/05/15 14:00,-3.096045,-64.837458
5,98,06/06/15 00:01,-3.096887,-64.846258
4,98,06/06/15 05:00,-3.08973,-64.866076
5,98,06/06/15 20:00,-3.095386,-64.865571
5,98,06/07/15 01:01,-3.102851,-64.840634
5,98,06/07/15 11:01,-3.101548,-64.840127
5,98,06/07/15 16:01,-3.099187,-64.844103
5,98,06/08/15 07:02,-3.095449,-64.866507
5,98,06/08/15 12:01,-3.094343,-64.867664
4,98,06/09/15 03:02,-3.092004,-64.868871
4,98,06/09/15 18:02,-3.090394,-64.869188
4,98,06/09/15 23:01,-3.09066,-64.869636
4,98,06/10/15 04:01,-3.09041,-64.869162
4,98,06/10/15 19:01,-3.087261,-64.866843
5,98,06/11/15 05:01,-3.084648,-64.857491
5,98,06/11/15 10:02,-3.086242,-64.858964
5,98,06/11/15 15:01,-3.086231,-64.858922
5,98,06/11/15 20:02,-3.086323,-64.861079
4,98,06/12/15 01:02,-3.08799,-64.86376
4,98,06/12/15 06:02,-3.089227,-64.866615
4,98,06/12/15 11:01,-3.090349,-64.869354
4,98,06/12/15 16:02,-3.090438,-64.869229
4,98,06/12/15 21:03,-3.086243,-64.866568
4,98,06/13/15 02:01,-3.084463,-64.870821
4,98,06/13/15 07:01,-3.084611,-64.870691
4,98,06/13/15 22:01,-3.07306,-64.868285
4,98,06/14/15 03:00,-3.072201,-64.865117
4,98,06/14/15 08:02,-3.072398,-64.864808
4,98,06/14/15 13:01,-3.071699,-64.865224
4,98,06/14/15 18:01,-3.071078,-64.863757
4,98,06/15/15 14:01,-3.086108,-64.866621
5,98,06/16/15 00:01,-3.095537,-64.866351
5,98,06/16/15 05:01,-3.09484,-64.863243
5,98,06/16/15 10:02,-3.094892,-64.862972
5,98,06/16/15 15:01,-3.093533,-64.862765
5,98,06/16/15 20:02,-3.093394,-64.864923
5,98,06/17/15 01:01,-3.09369,-64.865175
4,98,06/17/15 11:01,-3.091801,-64.87219
4,98,06/17/15 16:02,-3.091115,-64.870921
5,98,06/18/15 12:00,-3.0966,-64.862954
5,98,06/18/15 17:01,-3.097527,-64.861361
5,98,06/18/15 22:01,-3.092206,-64.864463
5,98,06/19/15 03:00,-3.092383,-64.864603
4,98,06/19/15 13:01,-3.090191,-64.869563
4,98,06/19/15 18:01,-3.090807,-64.873593
4,98,06/19/15 23:01,-3.090558,-64.875398
4,98,06/20/15 04:01,-3.084583,-64.877502
4,98,06/20/15 19:00,-3.082103,-64.876727
4,98,06/21/15 00:00,-3.087777,-64.871049
4,98,06/21/15 05:01,-3.090581,-64.867218
4,98,06/21/15 15:01,-3.090255,-64.869664
4,98,06/21/15 20:01,-3.090832,-64.869272
4,98,06/22/15 01:00,-3.079694,-64.858238
4,98,06/22/15 06:02,-3.081365,-64.85664
5,98,06/22/15 11:01,-3.08179,-64.855876
4,98,06/23/15 02:01,-3.074593,-64.853465
4,98,06/23/15 12:01,-3.077272,-64.856634
4,98,06/23/15 17:00,-3.077886,-64.857665
4,98,06/23/15 22:01,-3.077977,-64.857964
4,98,06/24/15 03:01,-3.077906,-64.857619
4,98,06/24/15 08:02,-3.077903,-64.857749
5,98,06/24/15 23:00,-3.077756,-64.841739
5,98,06/25/15 04:01,-3.077699,-64.842121
5,98,06/25/15 09:00,-3.077592,-64.842307
5,98,06/25/15 14:00,-3.074836,-64.843642
5,98,06/25/15 19:01,-3.074485,-64.842835
5,98,06/26/15 00:01,-3.066745,-64.836465
4,98,06/26/15 05:02,-3.06473,-64.838476
4,98,06/26/15 10:01,-3.062967,-64.838311
4,98,06/26/15 15:01,-3.063031,-64.838264
4,98,06/26/15 20:01,-3.062739,-64.839803
4,98,06/27/15 01:00,-3.061303,-64.840443
4,98,06/27/15 11:01,-3.060411,-64.839644
4,98,06/27/15 16:01,-3.060332,-64.839588
4,98,06/27/15 21:02,-3.060752,-64.841245
4,98,06/28/15 02:01,-3.061097,-64.8416
4,98,06/28/15 07:00,-3.061038,-64.841258
4,98,06/28/15 12:00,-3.061123,-64.841286
4,98,06/28/15 17:01,-3.061165,-64.841254
5,98,06/29/15 03:00,-3.073927,-64.844773
5,98,06/29/15 08:01,-3.073968,-64.844575
5,98,06/29/15 13:01,-3.07398,-64.844891
5,98,06/29/15 23:02,-3.084313,-64.833974
5,98,06/30/15 04:02,-3.083225,-64.831943
5,98,06/30/15 09:01,-3.082957,-64.831297
5,98,06/30/15 14:00,-3.083212,-64.831279
5,98,07/01/15 00:01,-3.082848,-64.831436
5,98,07/01/15 10:03,-3.083136,-64.826886
5,98,07/02/15 06:01,-3.087158,-64.825765
5,98,07/02/15 11:01,-3.087066,-64.825781
5,98,07/02/15 16:01,-3.087212,-64.825757
5,98,07/02/15 21:01,-3.087381,-64.825755
5,98,07/03/15 02:03,-3.083459,-64.823108
5,98,07/03/15 07:00,-3.083545,-64.823261
5,98,07/03/15 12:00,-3.083586,-64.823195
5,98,07/03/15 17:00,-3.08363,-64.822941
5,98,07/03/15 22:02,-3.080751,-64.824323
5,98,07/04/15 03:00,-3.081403,-64.824316
5,98,07/04/15 08:01,-3.081472,-64.824411
5,98,07/04/15 13:00,-3.080907,-64.825016
5,98,07/04/15 18:01,-3.081332,-64.824533
5,98,07/04/15 23:00,-3.081389,-64.824414
1,98,07/05/15 04:01,-3.079729,-64.822394
1,98,07/05/15 09:00,-3.079761,-64.822113
1,98,07/05/15 14:01,-3.079683,-64.822226
1,98,07/05/15 19:01,-3.079254,-64.819917
1,98,07/06/15 00:01,-3.079042,-64.820366
1,98,07/06/15 10:01,-3.078333,-64.820045
1,98,07/06/15 15:00,-3.078385,-64.820007
1,98,07/06/15 20:01,-3.078395,-64.819959
1,98,07/07/15 01:00,-3.078192,-64.819982
1,98,07/07/15 06:01,-3.081028,-64.820691
1,98,07/07/15 11:00,-3.081654,-64.821517
1,98,07/07/15 16:00,-3.081653,-64.821451
5,98,07/07/15 21:00,-3.080225,-64.827826
5,98,07/08/15 02:02,-3.076054,-64.827278
1,98,07/08/15 07:01,-3.074257,-64.824047
1,98,07/08/15 12:00,-3.074381,-64.824023
1,98,07/08/15 17:01,-3.072955,-64.824456
1,98,07/08/15 22:02,-3.073027,-64.821641
1,98,07/09/15 03:02,-3.075411,-64.818884
1,98,07/09/15 08:01,-3.078601,-64.819541
1,98,07/09/15 13:01,-3.07854,-64.819407
1,98,07/09/15 18:01,-3.078542,-64.819462
5,98,07/09/15 23:00,-3.088338,-64.827439
7,98,07/10/15 19:01,-3.101792,-64.827825
7,98,07/11/15 00:00,-3.102528,-64.828184
7,98,07/11/15 05:00,-3.100766,-64.822389
7,98,07/11/15 10:01,-3.100693,-64.822255
7,98,07/11/15 15:01,-3.100699,-64.822447
7,98,07/12/15 01:02,-3.095057,-64.813355
7,98,07/12/15 06:01,-3.095269,-64.813413
7,98,07/12/15 11:00,-3.095444,-64.813736
7,98,07/12/15 16:01,-3.095279,-64.8135
7,98,07/12/15 21:01,-3.095187,-64.813512
7,98,07/13/15 07:03,-3.108229,-64.827361
7,98,07/13/15 12:01,-3.108993,-64.827485
7,98,07/13/15 17:00,-3.109149,-64.828277
5,98,07/14/15 03:01,-3.103245,-64.836812
5,98,07/14/15 08:01,-3.103338,-64.836748
7,98,07/14/15 13:00,-3.105131,-64.834379
7,98,07/15/15 04:01,-3.107614,-64.830233
7,98,07/16/15 05:02,-3.110601,-64.823573
7,98,07/16/15 10:00,-3.110151,-64.824433
7,98,07/16/15 15:02,-3.114353,-64.822346
7,98,07/16/15 20:01,-3.118127,-64.818781
7,98,07/17/15 01:01,-3.109141,-64.828525
7,98,07/17/15 06:01,-3.108781,-64.828403
7,98,07/17/15 11:00,-3.108916,-64.828662
7,98,07/17/15 16:01,-3.107087,-64.830079
5,98,07/18/15 22:01,-3.103709,-64.836992
5,98,07/19/15 03:01,-3.104189,-64.837277
5,98,07/19/15 13:01,-3.102889,-64.839726
5,98,07/19/15 18:02,-3.104765,-64.838131
5,98,07/21/15 10:00,-3.093835,-64.853881
5,98,07/21/15 15:02,-3.096933,-64.846781
5,98,07/21/15 20:01,-3.097803,-64.846242
5,98,07/22/15 01:01,-3.096471,-64.847025
5,98,07/22/15 11:00,-3.096363,-64.84829
5,98,07/23/15 22:01,-3.091694,-64.858784
5,98,07/24/15 03:02,-3.093866,-64.857728
5,98,07/24/15 08:02,-3.093095,-64.85654
5,98,07/25/15 04:01,-3.089773,-64.854966
5,98,07/25/15 19:01,-3.098644,-64.842898
5,98,07/26/15 05:01,-3.095288,-64.846999
5,98,07/26/15 10:01,-3.095112,-64.847458
5,98,07/26/15 15:00,-3.095009,-64.84778
5,98,07/27/15 01:02,-3.09156,-64.851766
5,98,07/27/15 06:01,-3.088211,-64.85916
4,98,07/28/15 07:00,-3.085179,-64.863059
4,98,07/28/15 12:02,-3.085794,-64.862728
5,98,07/28/15 22:02,-3.090251,-64.862337
5,98,07/29/15 08:01,-3.092288,-64.861985
5,98,07/29/15 13:01,-3.092266,-64.862003
5,98,07/29/15 18:01,-3.092082,-64.863372
4,98,07/29/15 23:02,-3.092844,-64.870777
5,98,07/31/15 00:01,-3.089512,-64.853849
5,98,07/31/15 05:02,-3.089737,-64.853628
5,98,07/31/15 10:02,-3.089512,-64.853786
5,98,07/31/15 15:01,-3.089545,-64.853964
5,98,07/31/15 20:02,-3.08976,-64.853715
5,98,08/01/15 06:01,-3.100565,-64.836559
5,98,08/01/15 16:02,-3.090507,-64.852249
5,98,08/01/15 21:01,-3.090038,-64.852776
5,98,08/02/15 12:02,-3.091716,-64.84864
5,98,08/03/15 08:02,-3.094401,-64.849223
5,98,08/03/15 13:01,-3.09526,-64.84702
5,98,08/03/15 23:01,-3.094218,-64.846258
5,98,08/04/15 04:03,-3.095487,-64.844715
5,98,08/04/15 14:01,-3.095593,-64.844718
5,98,08/05/15 05:02,-3.095713,-64.846628
5,98,08/06/15 01:01,-3.092445,-64.848013
5,98,08/06/15 11:02,-3.091651,-64.84778
5,98,08/06/15 16:02,-3.091909,-64.847588
5,98,08/06/15 21:02,-3.09187,-64.847498
4,98,08/08/15 18:01,-3.078381,-64.859322
4,98,08/08/15 23:02,-3.078665,-64.859286
4,98,08/09/15 09:00,-3.077936,-64.858906
4,98,08/09/15 14:01,-3.077741,-64.859083
4,98,08/09/15 19:02,-3.07775,-64.856349
4,98,08/10/15 00:01,-3.076849,-64.857698
4,98,08/10/15 20:01,-3.076367,-64.855189
4,98,08/11/15 01:02,-3.075165,-64.856208
4,98,08/13/15 03:02,-3.068236,-64.853609
4,98,08/14/15 04:01,-3.067799,-64.854141
4,98,08/14/15 09:01,-3.067889,-64.854248
4,98,08/15/15 15:02,-3.056912,-64.860258
4,98,08/15/15 20:02,-3.055882,-64.859771
4,98,08/16/15 01:01,-3.055898,-64.859585
4,98,08/16/15 16:01,-3.056502,-64.86061
4,98,08/16/15 21:01,-3.059595,-64.862181
4,98,08/17/15 07:01,-3.064502,-64.863574
4,98,08/17/15 12:02,-3.065207,-64.863421
4,98,08/17/15 17:01,-3.068891,-64.860377
4,98,08/17/15 22:02,-3.072009,-64.859219
4,98,08/18/15 18:01,-3.079171,-64.861651
4,98,08/18/15 23:01,-3.080735,-64.862637
5,98,08/20/15 00:01,-3.076668,-64.839791
5,98,08/20/15 15:01,-3.089643,-64.837616
5,98,08/21/15 06:02,-3.089521,-64.837601
5,98,08/21/15 11:01,-3.089612,-64.837633
5,98,08/22/15 02:01,-3.09137,-64.83884
5,98,08/22/15 17:01,-3.091352,-64.838631
5,98,08/23/15 13:02,-3.083432,-64.834814
5,98,08/23/15 23:01,-3.082869,-64.835124
5,98,08/24/15 09:02,-3.083335,-64.83486
5,98,08/24/15 19:01,-3.083407,-64.835169
5,98,08/25/15 20:01,-3.082733,-64.833101
5,98,08/26/15 01:00,-3.081638,-64.832212
5,98,08/26/15 11:02,-3.081954,-64.832729
5,98,08/27/15 17:01,-3.080117,-64.831831
5,98,08/27/15 22:01,-3.07945,-64.831767
5,98,08/28/15 03:01,-3.080226,-64.831795
5,98,08/28/15 13:01,-3.079831,-64.831779
5,98,08/28/15 23:01,-3.073582,-64.831621
5,98,08/29/15 04:02,-3.073427,-64.831714
5,98,08/29/15 09:01,-3.073652,-64.831599
5,98,08/29/15 14:02,-3.07347,-64.831783
5,98,08/29/15 19:00,-3.073323,-64.83173
5,98,08/30/15 00:02,-3.07342,-64.831651
5,98,08/30/15 05:02,-3.073193,-64.831172
5,98,08/30/15 15:01,-3.073431,-64.828084
5,98,08/30/15 20:01,-3.07327,-64.830808
1,98,09/01/15 02:01,-3.076491,-64.815167
7,98,09/01/15 07:02,-3.087816,-64.813646
7,98,09/01/15 12:02,-3.087644,-64.813722
7,98,09/03/15 19:01,-3.090903,-64.818883
7,98,09/04/15 00:02,-3.091049,-64.818832
5,98,09/04/15 20:02,-3.092246,-64.832512
5,98,09/05/15 01:01,-3.079877,-64.847526
5,98,09/05/15 06:02,-3.078459,-64.850335
5,98,09/05/15 11:01,-3.078204,-64.850001
4,98,09/05/15 21:01,-3.047427,-64.858231
4,98,09/06/15 07:01,-3.065656,-64.850768
4,98,09/06/15 12:02,-3.067253,-64.853145
4,98,09/06/15 22:03,-3.069867,-64.845585
4,98,09/07/15 03:01,-3.058726,-64.836489
4,98,09/07/15 18:01,-3.064544,-64.842987
4,98,09/08/15 09:02,-3.062824,-64.841908
5,98,09/09/15 15:02,-3.072226,-64.842131
4,98,09/10/15 21:02,-3.048624,-64.855132
4,98,09/12/15 08:01,-3.048789,-64.855168
4,98,09/13/15 09:01,-3.049838,-64.851631
4,98,09/13/15 14:02,-3.072234,-64.851683
4,98,09/13/15 19:01,-3.072052,-64.852066
5,98,09/14/15 15:01,-3.078716,-64.851939
5,98,09/14/15 20:01,-3.086776,-64.852053
5,98,09/15/15 11:01,-3.089091,-64.85712
5,98,09/15/15 16:01,-3.089115,-64.85756
4,98,09/16/15 12:01,-3.082423,-64.869146
4,98,09/17/15 18:01,-3.076188,-64.864596
4,98,09/17/15 23:02,-3.068502,-64.865727
4,98,09/19/15 00:02,-3.058876,-64.885503
4,98,09/19/15 05:01,-3.059446,-64.880621
2,98,09/20/15 01:02,-3.036678,-64.874448
4,98,09/20/15 11:01,-3.054761,-64.868033
4,98,09/20/15 21:01,-3.07694,-64.87372
2,98,09/22/15 03:01,-3.026808,-64.883034
2,98,09/22/15 08:02,-3.027201,-64.884338
4,98,09/22/15 18:01,-3.059955,-64.868271
4,98,09/24/15 00:01,-3.061856,-64.865061
4,98,09/24/15 05:01,-3.059502,-64.864539
4,98,09/24/15 15:00,-3.059065,-64.864756
4,98,09/24/15 20:02,-3.045733,-64.867356
4,98,09/25/15 01:01,-3.049677,-64.867726
4,98,09/25/15 06:01,-3.047685,-64.86677
4,98,09/25/15 11:01,-3.047327,-64.866738
4,98,09/25/15 21:01,-3.060287,-64.865369
4,98,09/27/15 18:02,-3.065621,-64.866724
4,98,09/27/15 23:01,-3.069635,-64.862829
4,98,09/28/15 09:03,-3.069682,-64.862555
4,98,09/29/15 15:02,-3.069283,-64.862018
4,98,09/29/15 20:02,-3.072682,-64.862185
4,98,09/30/15 06:01,-3.086849,-64.877151
4,98,09/30/15 11:01,-3.086895,-64.87752
4,98,10/01/15 12:01,-3.0763,-64.867228
4,98,10/01/15 22:02,-3.078089,-64.87767
4,98,10/02/15 03:00,-3.077896,-64.877696
4,98,10/03/15 14:02,-3.075209,-64.877102
4,98,10/04/15 05:01,-3.079202,-64.879556
4,98,10/04/15 20:01,-3.088914,-64.874493
4,98,10/05/15 01:00,-3.09041,-64.875621
4,98,10/05/15 11:01,-3.090333,-64.875209
5,98,10/06/15 07:01,-3.097061,-64.852722
5,98,10/06/15 12:01,-3.09672,-64.852392
5,98,10/06/15 22:03,-3.095316,-64.856544
5,98,10/07/15 03:01,-3.090972,-64.853192
5,98,10/07/15 08:02,-3.09127,-64.853104
5,98,10/07/15 13:02,-3.09033,-64.853679
7,98,10/08/15 04:01,-3.108382,-64.826181
5,98,10/08/15 19:01,-3.096704,-64.853717
5,98,10/09/15 20:02,-3.10306,-64.835683
7,98,10/11/15 17:02,-3.097416,-64.829369
7,98,10/12/15 03:00,-3.094536,-64.817779
1,98,10/12/15 13:01,-3.079874,-64.814665
1,98,10/12/15 23:01,-3.074395,-64.814471
7,98,10/13/15 09:01,-3.093745,-64.80312
7,98,10/13/15 14:01,-3.089319,-64.811116
1,98,10/14/15 05:01,-3.072992,-64.816648
4,98,10/14/15 10:02,-3.063716,-64.840722
4,98,10/14/15 15:01,-3.06405,-64.840651
4,98,10/14/15 20:01,-3.064861,-64.847253
4,98,10/16/15 12:01,-3.070959,-64.864378
4,98,10/17/15 03:00,-3.072403,-64.865947
4,98,10/17/15 08:02,-3.072612,-64.865976
4,98,10/17/15 23:01,-3.076375,-64.866828
4,98,10/18/15 04:01,-3.076771,-64.866942
4,98,10/18/15 09:00,-3.076661,-64.867124
4,98,10/18/15 19:02,-3.071907,-64.86481
4,98,10/19/15 00:01,-3.071925,-64.864728
4,98,10/19/15 10:02,-3.076562,-64.866683
4,98,10/19/15 15:00,-3.071973,-64.864777
4,98,10/20/15 11:00,-3.077224,-64.867548
4,98,10/21/15 07:03,-3.069494,-64.881932
4,98,10/21/15 17:01,-3.065824,-64.87864
4,98,10/22/15 18:02,-3.060049,-64.89209
4,98,10/23/15 14:02,-3.058973,-64.890947
5,98,10/24/15 20:01,-3.07484,-64.84063
4,98,10/27/15 08:02,-3.061674,-64.844205
4,98,10/27/15 13:01,-3.061791,-64.844046
4,98,10/27/15 18:01,-3.05972,-64.839788
4,98,10/28/15 09:01,-3.060264,-64.838912
4,98,10/28/15 14:01,-3.060334,-64.838929
4,98,11/09/15 11:02,-3.050582,-64.852288
2,99,11/21/14 02:00,-2.984694,-64.914492
2,99,11/21/14 04:00,-2.984782,-64.914393
2,99,11/21/14 06:00,-2.984764,-64.914429
2,99,11/21/14 08:00,-2.984743,-64.914457
2,99,11/21/14 10:00,-2.98477,-64.914398
2,99,11/21/14 12:00,-2.984724,-64.914415
2,99,11/21/14 14:00,-2.984671,-64.914481
2,99,11/21/14 16:00,-2.984635,-64.914587
2,99,11/21/14 18:00,-2.98459,-64.914527
2,99,11/21/14 20:00,-2.984673,-64.914506
2,99,11/21/14 22:00,-2.984642,-64.914467
2,99,11/22/14 00:01,-2.984603,-64.914618
2,99,11/22/14 02:00,-2.984709,-64.914497
2,99,11/22/14 04:00,-2.984768,-64.914441
2,99,11/22/14 06:00,-2.984677,-64.9145
2,99,11/22/14 08:01,-2.98474,-64.914491
2,99,11/22/14 10:00,-2.984835,-64.914442
2,99,11/22/14 12:00,-2.984755,-64.91445
2,99,11/22/14 14:00,-2.984738,-64.914472
2,99,11/22/14 16:00,-2.984706,-64.914431
2,99,11/22/14 18:01,-2.984643,-64.914503
2,99,11/22/14 20:00,-2.98484,-64.914375
2,99,11/22/14 22:00,-2.98468,-64.91448
2,99,11/23/14 00:00,-2.984705,-64.914462
2,99,11/23/14 02:00,-2.98459,-64.914518
2,99,11/23/14 04:00,-2.984705,-64.914494
2,99,11/23/14 06:01,-2.984616,-64.914477
2,99,11/23/14 08:00,-2.984712,-64.914494
2,99,11/23/14 10:00,-2.984767,-64.914364
2,99,11/23/14 12:00,-2.984707,-64.91448
2,99,11/23/14 14:00,-2.984691,-64.914476
2,99,11/23/14 16:00,-2.984672,-64.914469
2,99,11/23/14 18:00,-2.984645,-64.914501
2,99,11/23/14 22:00,-2.984697,-64.914425
2,99,11/24/14 00:01,-2.984725,-64.914413
2,99,11/24/14 02:01,-2.984746,-64.914386
2,99,11/24/14 04:01,-2.984743,-64.914312
2,99,11/24/14 10:01,-3.042991,-64.867561
2,99,11/24/14 12:01,-3.042981,-64.867486
2,99,11/24/14 18:02,-3.039881,-64.866643
2,99,11/24/14 20:01,-3.039672,-64.86554
2,99,11/24/14 22:01,-3.039155,-64.865328
2,99,11/25/14 00:01,-3.040464,-64.865201
4,99,11/25/14 04:01,-3.046094,-64.86352
4,99,11/25/14 06:01,-3.046087,-64.86365
4,99,11/25/14 08:00,-3.046046,-64.8636
4,99,11/25/14 10:01,-3.050914,-64.862023
4,99,11/25/14 12:00,-3.051799,-64.859414
4,99,11/25/14 14:01,-3.051297,-64.858727
4,99,11/25/14 18:01,-3.050746,-64.858728
4,99,11/25/14 20:02,-3.049629,-64.859717
4,99,11/25/14 22:01,-3.057866,-64.863357
4,99,11/26/14 00:02,-3.05621,-64.868913
4,99,11/26/14 02:00,-3.049822,-64.86757
4,99,11/26/14 04:00,-3.04652,-64.868038
4,99,11/26/14 06:00,-3.046859,-64.867769
4,99,11/26/14 08:00,-3.046798,-64.868012
4,99,11/26/14 10:00,-3.046655,-64.867815
4,99,11/26/14 12:00,-3.046569,-64.867854
4,99,11/26/14 14:01,-3.0466,-64.867901
4,99,11/26/14 16:02,-3.046486,-64.86801
4,99,11/26/14 18:00,-3.046549,-64.86803
4,99,11/26/14 20:01,-3.046582,-64.868004
4,99,11/26/14 22:00,-3.046508,-64.867957
4,99,11/27/14 00:02,-3.046567,-64.867976
4,99,11/27/14 02:00,-3.046589,-64.867944
4,99,11/27/14 06:02,-3.046532,-64.867915
4,99,11/27/14 08:00,-3.046659,-64.867877
4,99,11/27/14 10:01,-3.046582,-64.867847
4,99,11/27/14 12:00,-3.046447,-64.867885
4,99,11/27/14 14:02,-3.04651,-64.867924
4,99,11/27/14 16:00,-3.04646,-64.868012
4,99,11/27/14 18:01,-3.046591,-64.867954
4,99,11/27/14 20:01,-3.046697,-64.867923
4,99,11/28/14 00:02,-3.046556,-64.867842
4,99,11/28/14 04:00,-3.046882,-64.867978
4,99,11/28/14 06:00,-3.04683,-64.867927
4,99,11/28/14 08:00,-3.046546,-64.867922
4,99,11/28/14 10:00,-3.046448,-64.867906
4,99,11/28/14 14:02,-3.046489,-64.867856
4,99,11/28/14 16:01,-3.0451,-64.865808
4,99,11/28/14 18:01,-3.046467,-64.86805
4,99,11/28/14 20:02,-3.046445,-64.867933
4,99,11/28/14 22:02,-3.046538,-64.867839
4,99,11/29/14 02:00,-3.046506,-64.867885
4,99,11/29/14 04:01,-3.045196,-64.866393
4,99,11/29/14 06:02,-3.045169,-64.866524
4,99,11/29/14 10:00,-3.045239,-64.866498
4,99,11/29/14 12:00,-3.045164,-64.866653
4,99,11/29/14 14:01,-3.04522,-64.866624
4,99,11/29/14 20:01,-3.045148,-64.865317
4,99,11/29/14 22:02,-3.045259,-64.86534
4,99,11/30/14 00:02,-3.045161,-64.865365
4,99,11/30/14 02:02,-3.045138,-64.865222
2,99,11/30/14 04:01,-3.040725,-64.864694
2,99,11/30/14 06:01,-3.040751,-64.864743
2,99,11/30/14 10:00,-3.039959,-64.866628
2,99,11/30/14 12:00,-3.0399,-64.866536
2,99,11/30/14 14:01,-3.039934,-64.866557
2,99,11/30/14 22:02,-3.036828,-64.869377
2,99,12/01/14 00:01,-3.036608,-64.869654
2,99,12/01/14 04:01,-3.036682,-64.869684
2,99,12/01/14 06:01,-3.036606,-64.869704
2,99,12/01/14 08:01,-3.036731,-64.869579
2,99,12/01/14 10:01,-3.041454,-64.868269
2,99,12/01/14 16:02,-3.041594,-64.868105
4,99,12/02/14 00:00,-3.052664,-64.859147
4,99,12/02/14 02:01,-3.055702,-64.855461
4,99,12/02/14 04:01,-3.055808,-64.85552
4,99,12/02/14 06:01,-3.055874,-64.855459
4,99,12/02/14 10:00,-3.054821,-64.856255
4,99,12/02/14 14:01,-3.055472,-64.857219
4,99,12/02/14 20:01,-3.057985,-64.858201
4,99,12/03/14 06:01,-3.060482,-64.853051
4,99,12/03/14 08:02,-3.060524,-64.853103
4,99,12/03/14 10:01,-3.060539,-64.853112
4,99,12/03/14 12:01,-3.060618,-64.853607
4,99,12/03/14 14:01,-3.060702,-64.853655
4,99,12/03/14 16:01,-3.060595,-64.853524
4,99,12/04/14 00:01,-3.066743,-64.844675
4,99,12/04/14 02:02,-3.061076,-64.84188
4,99,12/04/14 04:00,-3.065024,-64.849559
4,99,12/04/14 06:01,-3.064666,-64.852756
4,99,12/04/14 08:01,-3.064753,-64.852832
4,99,12/04/14 10:01,-3.06477,-64.852643
4,99,12/04/14 12:03,-3.064555,-64.852867
4,99,12/04/14 14:01,-3.064623,-64.852795
4,99,12/04/14 18:00,-3.064554,-64.853977
4,99,12/04/14 20:02,-3.063985,-64.860699
4,99,12/04/14 22:02,-3.072887,-64.857656
4,99,12/05/14 04:01,-3.064536,-64.852828
4,99,12/05/14 06:02,-3.064714,-64.852692
4,99,12/05/14 08:01,-3.064578,-64.852788
4,99,12/05/14 10:01,-3.064711,-64.852702
4,99,12/05/14 12:01,-3.066468,-64.849516
4,99,12/05/14 14:01,-3.067039,-64.849167
4,99,12/05/14 16:01,-3.071544,-64.846286
5,99,12/05/14 18:02,-3.072325,-64.838411
4,99,12/06/14 00:02,-3.063831,-64.845038
4,99,12/06/14 02:02,-3.063882,-64.845026
4,99,12/06/14 04:02,-3.063944,-64.845044
4,99,12/06/14 08:02,-3.063856,-64.845046
4,99,12/06/14 10:02,-3.063844,-64.845052
4,99,12/06/14 14:00,-3.063811,-64.845072
4,99,12/07/14 02:01,-3.071284,-64.845931
4,99,12/07/14 06:02,-3.071005,-64.845814
4,99,12/07/14 10:00,-3.07124,-64.845879
4,99,12/07/14 12:01,-3.071335,-64.846063
4,99,12/07/14 14:01,-3.071369,-64.845911
4,99,12/07/14 16:01,-3.071242,-64.845871
5,99,12/07/14 18:02,-3.071109,-64.844488
5,99,12/07/14 20:02,-3.071042,-64.844421
5,99,12/07/14 22:00,-3.067848,-64.838526
5,99,12/08/14 04:00,-3.075887,-64.836157
5,99,12/08/14 06:01,-3.076778,-64.83519
5,99,12/08/14 08:01,-3.076725,-64.835299
5,99,12/08/14 12:00,-3.076808,-64.837159
5,99,12/08/14 14:00,-3.076047,-64.836434
5,99,12/08/14 16:01,-3.076033,-64.836261
5,99,12/08/14 18:01,-3.076146,-64.836325
5,99,12/08/14 20:01,-3.076064,-64.836394
5,99,12/08/14 22:00,-3.076129,-64.836426
5,99,12/09/14 00:01,-3.076138,-64.836346
5,99,12/09/14 02:02,-3.076135,-64.83639
5,99,12/09/14 04:00,-3.074708,-64.837318
5,99,12/09/14 06:01,-3.070778,-64.842801
5,99,12/09/14 08:01,-3.070762,-64.842841
5,99,12/09/14 10:03,-3.070775,-64.842897
5,99,12/09/14 12:01,-3.070739,-64.842912
5,99,12/09/14 16:01,-3.070821,-64.842933
5,99,12/09/14 18:01,-3.070694,-64.842819
5,99,12/09/14 20:01,-3.070906,-64.842788
4,99,12/10/14 00:00,-3.068184,-64.847071
4,99,12/10/14 02:02,-3.068306,-64.847032
4,99,12/10/14 04:02,-3.066058,-64.846372
4,99,12/10/14 06:00,-3.065739,-64.846892
5,99,12/10/14 08:00,-3.069705,-64.841398
5,99,12/10/14 10:00,-3.07618,-64.836305
5,99,12/10/14 12:00,-3.076079,-64.840044
5,99,12/10/14 14:00,-3.076356,-64.844609
4,99,12/10/14 22:01,-3.069445,-64.848728
4,99,12/11/14 04:00,-3.05925,-64.842567
4,99,12/11/14 06:01,-3.059352,-64.842553
4,99,12/11/14 08:01,-3.05923,-64.842529
4,99,12/11/14 10:01,-3.059312,-64.842524
4,99,12/11/14 12:00,-3.059228,-64.842548
4,99,12/11/14 14:00,-3.059249,-64.842584
4,99,12/11/14 16:02,-3.061962,-64.839708
4,99,12/12/14 00:02,-3.064728,-64.839293
4,99,12/12/14 06:02,-3.0647,-64.839731
4,99,12/12/14 12:00,-3.06464,-64.839688
4,99,12/12/14 14:01,-3.06449,-64.839668
4,99,12/12/14 16:01,-3.061907,-64.839745
4,99,12/12/14 18:02,-3.069923,-64.844906
4,99,12/12/14 20:01,-3.069597,-64.844609
4,99,12/12/14 22:01,-3.07035,-64.845331
4,99,12/13/14 00:01,-3.070078,-64.845165
4,99,12/13/14 02:02,-3.070038,-64.844911
4,99,12/13/14 06:01,-3.071135,-64.845677
4,99,12/13/14 08:01,-3.071155,-64.845902
4,99,12/13/14 12:01,-3.071255,-64.846116
4,99,12/13/14 14:00,-3.071428,-64.846558
4,99,12/13/14 16:01,-3.07133,-64.846596
5,99,12/13/14 18:01,-3.074287,-64.847291
5,99,12/13/14 20:02,-3.074782,-64.842156
5,99,12/13/14 22:02,-3.076873,-64.844718
5,99,12/14/14 00:00,-3.075357,-64.841832
5,99,12/14/14 04:01,-3.075248,-64.842143
5,99,12/14/14 10:00,-3.075185,-64.842147
5,99,12/14/14 12:01,-3.075315,-64.841823
5,99,12/14/14 14:02,-3.075368,-64.842189
5,99,12/14/14 16:00,-3.075329,-64.842043
5,99,12/15/14 00:01,-3.08791,-64.841854
5,99,12/15/14 02:01,-3.08793,-64.841856
5,99,12/15/14 04:01,-3.087684,-64.841809
5,99,12/15/14 08:02,-3.087779,-64.841552
5,99,12/15/14 10:02,-3.087888,-64.841919
5,99,12/15/14 12:01,-3.087841,-64.841952
5,99,12/15/14 14:01,-3.087971,-64.841817
5,99,12/15/14 16:02,-3.087784,-64.841652
5,99,12/15/14 18:02,-3.087904,-64.84174
5,99,12/16/14 00:01,-3.087926,-64.841637
5,99,12/16/14 08:00,-3.089848,-64.842154
5,99,12/16/14 10:00,-3.089741,-64.842262
5,99,12/16/14 12:00,-3.089875,-64.842254
5,99,12/16/14 14:00,-3.089863,-64.842243
5,99,12/16/14 16:02,-3.08984,-64.842211
5,99,12/16/14 18:01,-3.095303,-64.841335
5,99,12/17/14 04:01,-3.09138,-64.848071
5,99,12/17/14 06:01,-3.091456,-64.848007
5,99,12/17/14 08:01,-3.091415,-64.847916
5,99,12/17/14 12:01,-3.09133,-64.848135
5,99,12/17/14 18:02,-3.092093,-64.846982
5,99,12/17/14 20:01,-3.095303,-64.847127
5,99,12/17/14 22:03,-3.095616,-64.847686
5,99,12/18/14 00:01,-3.095642,-64.847975
5,99,12/18/14 02:01,-3.095633,-64.847338
5,99,12/18/14 04:00,-3.09571,-64.846487
5,99,12/18/14 08:00,-3.09573,-64.846464
5,99,12/18/14 10:00,-3.095744,-64.846388
5,99,12/18/14 14:01,-3.095725,-64.846571
5,99,12/18/14 16:01,-3.095769,-64.846549
5,99,12/18/14 22:00,-3.095592,-64.840531
5,99,12/19/14 04:00,-3.094675,-64.842266
5,99,12/19/14 12:00,-3.094609,-64.84231
5,99,12/19/14 18:01,-3.075926,-64.848177
4,99,12/19/14 22:01,-3.069186,-64.853714
4,99,12/20/14 04:02,-3.064641,-64.862914
4,99,12/20/14 06:02,-3.063996,-64.862694
4,99,12/20/14 08:00,-3.063984,-64.862544
4,99,12/20/14 10:00,-3.06405,-64.862622
4,99,12/20/14 12:01,-3.064015,-64.862698
4,99,12/20/14 14:02,-3.065086,-64.861501
4,99,12/20/14 16:02,-3.065001,-64.86156
4,99,12/20/14 22:01,-3.063277,-64.862023
4,99,12/21/14 06:00,-3.062815,-64.862731
4,99,12/21/14 08:01,-3.060939,-64.864796
4,99,12/21/14 10:00,-3.060988,-64.864529
4,99,12/21/14 12:02,-3.06112,-64.864626
4,99,12/21/14 16:02,-3.06022,-64.873517
4,99,12/21/14 18:02,-3.058142,-64.858725
4,99,12/21/14 20:00,-3.05887,-64.855125
4,99,12/21/14 22:02,-3.059404,-64.85237
4,99,12/22/14 02:01,-3.045547,-64.858151
4,99,12/22/14 06:00,-3.049446,-64.864747
4,99,12/22/14 08:00,-3.04944,-64.864552
4,99,12/22/14 10:01,-3.049367,-64.864728
4,99,12/22/14 12:00,-3.050786,-64.864894
4,99,12/22/14 16:02,-3.057211,-64.860999
4,99,12/23/14 00:01,-3.065248,-64.852688
4,99,12/23/14 04:02,-3.066938,-64.843941
4,99,12/23/14 06:02,-3.067928,-64.845183
4,99,12/23/14 08:00,-3.068015,-64.845333
4,99,12/23/14 10:01,-3.067972,-64.84494
4,99,12/23/14 14:01,-3.066971,-64.844448
4,99,12/23/14 16:01,-3.064727,-64.841404
5,99,12/23/14 18:01,-3.069289,-64.839019
4,99,12/24/14 02:01,-3.060813,-64.843659
4,99,12/24/14 04:01,-3.063547,-64.845134
4,99,12/24/14 06:03,-3.066211,-64.850764
4,99,12/24/14 10:00,-3.06607,-64.850824
4,99,12/24/14 12:01,-3.066138,-64.85069
4,99,12/24/14 14:02,-3.066068,-64.850742
4,99,12/24/14 16:03,-3.066118,-64.850741
4,99,12/24/14 20:02,-3.077273,-64.857867
5,99,12/24/14 22:01,-3.082473,-64.849663
4,99,12/25/14 06:02,-3.081108,-64.863361
4,99,12/25/14 12:01,-3.073816,-64.866086
4,99,12/25/14 14:01,-3.073783,-64.866058
4,99,12/25/14 16:02,-3.071477,-64.86311
4,99,12/25/14 18:01,-3.071472,-64.863044
4,99,12/25/14 22:02,-3.065446,-64.8594
4,99,12/26/14 00:01,-3.059613,-64.859055
4,99,12/26/14 08:00,-3.05894,-64.854753
4,99,12/26/14 12:02,-3.058984,-64.854325
4,99,12/26/14 14:00,-3.058398,-64.85417
4,99,12/26/14 18:00,-3.053958,-64.856818
4,99,12/26/14 22:02,-3.046812,-64.861571
4,99,12/27/14 00:02,-3.046774,-64.861664
4,99,12/27/14 02:02,-3.046761,-64.861666
4,99,12/27/14 06:02,-3.046833,-64.861584
4,99,12/27/14 08:01,-3.046679,-64.861564
4,99,12/27/14 10:02,-3.046715,-64.861604
4,99,12/27/14 12:01,-3.046753,-64.861695
4,99,12/27/14 16:02,-3.045076,-64.865194
2,99,12/27/14 18:02,-3.040481,-64.870578
2,99,12/27/14 20:02,-3.041483,-64.871347
2,99,12/28/14 02:01,-3.044598,-64.872166
2,99,12/28/14 06:01,-3.044236,-64.875891
2,99,12/28/14 08:00,-3.04421,-64.875937
2,99,12/28/14 10:00,-3.044342,-64.876031
2,99,12/28/14 12:00,-3.044312,-64.876001
2,99,12/28/14 14:00,-3.044325,-64.876029
2,99,12/28/14 16:00,-3.04428,-64.875967
2,99,12/28/14 18:01,-3.04417,-64.878013
2,99,12/28/14 22:01,-3.034321,-64.878138
2,99,12/29/14 00:01,-3.034747,-64.873657
2,99,12/29/14 02:02,-3.040345,-64.875256
2,99,12/29/14 04:02,-3.041374,-64.875966
2,99,12/29/14 06:00,-3.041399,-64.875985
2,99,12/29/14 10:00,-3.04139,-64.875833
2,99,12/29/14 12:01,-3.041336,-64.875996
2,99,12/29/14 14:00,-3.041433,-64.876066
2,99,12/29/14 16:01,-3.041541,-64.875905
2,99,12/29/14 20:01,-3.040619,-64.878237
2,99,12/29/14 22:00,-3.041649,-64.878795
2,99,12/30/14 00:00,-3.045042,-64.882451
2,99,12/30/14 06:00,-3.045074,-64.882945
2,99,12/30/14 08:00,-3.044992,-64.882907
2,99,12/30/14 10:01,-3.045083,-64.882999
2,99,12/30/14 12:00,-3.045109,-64.882998
2,99,12/30/14 14:01,-3.045047,-64.882993
2,99,12/30/14 16:00,-3.045034,-64.883005
2,99,12/30/14 18:01,-3.044195,-64.882178
2,99,12/30/14 20:01,-3.044618,-64.883842
2,99,12/30/14 22:00,-3.044593,-64.883879
2,99,12/31/14 00:00,-3.048266,-64.887543
4,99,12/31/14 02:01,-3.054735,-64.888223
4,99,12/31/14 04:01,-3.049625,-64.883832
4,99,12/31/14 08:01,-3.049696,-64.883874
4,99,12/31/14 10:00,-3.049698,-64.88385
4,99,12/31/14 12:01,-3.049693,-64.883923
4,99,12/31/14 20:01,-3.049711,-64.883935
4,99,12/31/14 22:02,-3.051093,-64.881934
4,99,01/01/15 02:00,-3.051089,-64.881928
4,99,01/01/15 04:01,-3.050618,-64.881846
4,99,01/01/15 06:01,-3.051109,-64.882033
4,99,01/01/15 08:00,-3.051138,-64.882019
4,99,01/01/15 10:01,-3.051234,-64.881973
4,99,01/01/15 12:00,-3.051183,-64.881995
4,99,01/01/15 14:00,-3.051214,-64.882003
4,99,01/01/15 16:02,-3.05111,-64.882018
4,99,01/01/15 18:00,-3.051113,-64.881992
4,99,01/01/15 20:01,-3.051145,-64.881988
4,99,01/02/15 00:01,-3.052446,-64.876203
4,99,01/02/15 02:00,-3.052216,-64.876205
4,99,01/02/15 04:00,-3.052358,-64.876273
4,99,01/02/15 06:01,-3.050831,-64.875355
4,99,01/02/15 08:01,-3.048482,-64.871979
4,99,01/02/15 16:00,-3.048307,-64.871959
4,99,01/02/15 18:02,-3.053441,-64.869681
4,99,01/02/15 20:01,-3.055618,-64.86952
4,99,01/02/15 22:03,-3.05864,-64.867859
4,99,01/03/15 00:02,-3.054715,-64.878583
4,99,01/03/15 02:00,-3.052448,-64.878133
4,99,01/03/15 04:00,-3.052434,-64.878309
4,99,01/03/15 06:00,-3.052437,-64.878171
4,99,01/03/15 08:00,-3.052366,-64.878202
4,99,01/03/15 12:01,-3.051913,-64.874523
4,99,01/03/15 14:01,-3.05505,-64.869736
4,99,01/03/15 18:00,-3.053955,-64.86435
4,99,01/03/15 20:00,-3.05288,-64.861354
2,99,01/04/15 02:02,-3.044789,-64.872772
2,99,01/04/15 04:00,-3.044951,-64.877883
2,99,01/04/15 06:00,-3.044888,-64.877882
2,99,01/04/15 08:01,-3.044736,-64.877875
2,99,01/04/15 10:00,-3.04488,-64.877881
2,99,01/04/15 12:01,-3.044907,-64.877893
2,99,01/04/15 14:01,-3.045034,-64.878789
2,99,01/04/15 16:00,-3.043993,-64.878826
2,99,01/04/15 20:01,-3.041409,-64.87762
2,99,01/04/15 22:02,-3.041234,-64.87409
4,99,01/05/15 02:01,-3.050815,-64.863477
4,99,01/05/15 04:01,-3.050611,-64.863348
4,99,01/05/15 06:00,-3.050774,-64.863437
4,99,01/05/15 08:01,-3.051094,-64.863724
4,99,01/05/15 10:00,-3.052222,-64.864653
4,99,01/05/15 12:00,-3.052211,-64.864738
4,99,01/05/15 14:02,-3.052209,-64.864653
4,99,01/05/15 18:01,-3.056257,-64.863073
4,99,01/05/15 22:02,-3.059857,-64.850391
4,99,01/06/15 00:01,-3.057395,-64.857738
4,99,01/06/15 02:00,-3.057314,-64.857926
4,99,01/06/15 04:02,-3.057304,-64.857916
4,99,01/06/15 06:01,-3.059566,-64.860737
4,99,01/06/15 08:00,-3.059586,-64.860868
4,99,01/06/15 12:01,-3.059547,-64.860842
4,99,01/06/15 14:01,-3.059552,-64.860839
4,99,01/06/15 18:02,-3.060582,-64.865177
4,99,01/06/15 22:01,-3.051868,-64.862256
4,99,01/07/15 00:02,-3.051332,-64.862948
4,99,01/07/15 02:02,-3.051297,-64.862879
4,99,01/07/15 04:00,-3.051436,-64.862709
4,99,01/07/15 06:01,-3.051344,-64.862981
4,99,01/07/15 08:01,-3.051297,-64.862899
4,99,01/07/15 10:01,-3.051337,-64.86296
4,99,01/07/15 14:01,-3.051312,-64.862988
4,99,01/07/15 20:01,-3.051116,-64.862765
4,99,01/07/15 22:00,-3.05124,-64.862748
4,99,01/08/15 00:02,-3.051105,-64.862823
4,99,01/08/15 06:02,-3.051139,-64.862963
4,99,01/08/15 10:02,-3.051035,-64.86293
4,99,01/08/15 12:02,-3.046465,-64.861523
4,99,01/08/15 16:02,-3.046373,-64.861594
4,99,01/08/15 22:01,-3.053132,-64.868285
4,99,01/09/15 02:01,-3.052069,-64.868507
4,99,01/09/15 04:02,-3.053477,-64.86883
4,99,01/09/15 10:00,-3.053373,-64.868765
4,99,01/09/15 12:01,-3.053405,-64.868981
4,99,01/09/15 14:00,-3.053429,-64.868973
4,99,01/09/15 16:00,-3.053597,-64.868914
4,99,01/09/15 22:02,-3.047009,-64.87416
4,99,01/10/15 00:01,-3.047357,-64.873859
4,99,01/10/15 06:01,-3.047436,-64.873922
4,99,01/10/15 08:01,-3.047407,-64.873889
4,99,01/10/15 10:02,-3.047392,-64.873978
4,99,01/10/15 12:00,-3.047457,-64.87386
4,99,01/10/15 14:00,-3.047404,-64.873923
4,99,01/10/15 20:01,-3.047349,-64.873944
4,99,01/10/15 22:01,-3.047338,-64.873909
4,99,01/11/15 00:02,-3.047371,-64.87388
4,99,01/11/15 04:02,-3.049232,-64.875033
4,99,01/11/15 06:00,-3.049152,-64.874969
4,99,01/11/15 08:00,-3.049146,-64.875037
4,99,01/11/15 10:00,-3.049161,-64.875056
4,99,01/11/15 12:00,-3.049124,-64.875208
4,99,01/11/15 14:01,-3.049085,-64.875019
4,99,01/11/15 16:01,-3.049162,-64.875098
4,99,01/11/15 18:00,-3.049226,-64.876266
4,99,01/11/15 20:00,-3.049279,-64.876098
4,99,01/12/15 00:01,-3.049243,-64.876304
4,99,01/12/15 02:01,-3.048976,-64.876323
4,99,01/12/15 06:00,-3.049244,-64.876288
4,99,01/12/15 08:01,-3.049316,-64.876057
4,99,01/12/15 10:00,-3.049295,-64.876144
4,99,01/12/15 12:00,-3.049334,-64.876217
4,99,01/12/15 14:00,-3.049249,-64.876283
4,99,01/12/15 16:01,-3.049273,-64.876273
4,99,01/12/15 20:02,-3.051047,-64.877748
4,99,01/12/15 22:01,-3.051192,-64.877789
4,99,01/13/15 00:03,-3.051084,-64.877715
4,99,01/13/15 02:02,-3.051118,-64.877733
4,99,01/13/15 04:01,-3.055385,-64.875759
4,99,01/13/15 08:01,-3.060672,-64.871886
4,99,01/13/15 10:01,-3.060701,-64.871926
4,99,01/13/15 12:01,-3.06125,-64.87077
4,99,01/13/15 18:01,-3.056079,-64.871502
4,99,01/13/15 20:00,-3.055968,-64.871595
4,99,01/14/15 06:00,-3.056825,-64.879085
4,99,01/14/15 08:01,-3.056856,-64.879081
4,99,01/14/15 12:01,-3.056825,-64.879105
4,99,01/14/15 14:02,-3.056874,-64.879061
4,99,01/14/15 16:01,-3.055016,-64.887585
4,99,01/14/15 18:02,-3.054593,-64.888491
4,99,01/14/15 22:01,-3.054709,-64.888429
2,99,01/15/15 02:01,-3.05093,-64.892191
2,99,01/15/15 06:01,-3.050775,-64.892012
2,99,01/15/15 08:01,-3.050956,-64.891938
2,99,01/15/15 10:01,-3.050864,-64.892016
4,99,01/15/15 18:02,-3.051077,-64.889864
2,99,01/15/15 20:02,-3.043841,-64.890054
2,99,01/15/15 22:01,-3.040454,-64.887007
2,99,01/16/15 00:02,-3.046167,-64.883103
2,99,01/16/15 04:02,-3.046577,-64.891886
2,99,01/16/15 06:00,-3.046611,-64.89193
2,99,01/16/15 08:00,-3.046484,-64.891878
2,99,01/16/15 10:01,-3.046455,-64.89183
2,99,01/16/15 12:02,-3.045237,-64.896303
2,99,01/16/15 20:02,-3.050333,-64.897559
4,99,01/16/15 22:01,-3.054158,-64.893993
4,99,01/17/15 00:02,-3.054795,-64.888501
4,99,01/17/15 02:02,-3.052319,-64.887324
4,99,01/17/15 04:02,-3.054226,-64.882313
4,99,01/17/15 06:01,-3.057309,-64.885976
4,99,01/17/15 08:02,-3.056054,-64.895758
4,99,01/17/15 14:01,-3.058417,-64.888592
4,99,01/17/15 16:01,-3.058821,-64.888201
4,99,01/17/15 18:00,-3.060907,-64.880123
4,99,01/17/15 20:02,-3.060954,-64.879898
4,99,01/17/15 22:01,-3.06081,-64.880046
4,99,01/18/15 02:01,-3.061059,-64.880029
4,99,01/18/15 06:02,-3.061074,-64.879977
4,99,01/18/15 08:02,-3.060009,-64.875613
4,99,01/18/15 10:02,-3.058305,-64.882393
4,99,01/18/15 12:01,-3.058523,-64.885632
4,99,01/18/15 14:02,-3.058827,-64.886751
4,99,01/18/15 16:02,-3.058759,-64.886657
4,99,01/18/15 18:00,-3.058768,-64.886652
4,99,01/18/15 20:01,-3.05856,-64.886571
4,99,01/18/15 22:03,-3.058108,-64.885665
4,99,01/19/15 00:02,-3.057834,-64.879284
4,99,01/19/15 10:01,-3.056249,-64.87477
4,99,01/19/15 12:00,-3.052178,-64.874728
4,99,01/19/15 14:00,-3.052709,-64.875524
4,99,01/19/15 16:00,-3.052694,-64.875502
4,99,01/19/15 18:01,-3.052679,-64.87557
4,99,01/19/15 20:00,-3.054729,-64.8762
4,99,01/19/15 22:00,-3.054825,-64.876166
4,99,01/20/15 00:00,-3.054696,-64.876153
4,99,01/20/15 04:01,-3.059993,-64.869971
4,99,01/20/15 06:01,-3.056089,-64.863446
4,99,01/20/15 08:02,-3.056132,-64.863795
4,99,01/20/15 12:01,-3.059599,-64.864244
4,99,01/20/15 14:01,-3.061355,-64.864492
4,99,01/20/15 16:01,-3.059966,-64.870106
4,99,01/21/15 02:02,-3.049865,-64.857618
4,99,01/21/15 06:01,-3.051374,-64.858778
4,99,01/21/15 08:00,-3.05126,-64.858282
4,99,01/21/15 10:01,-3.051211,-64.858251
4,99,01/21/15 18:00,-3.051791,-64.859392
4,99,01/21/15 20:00,-3.051803,-64.859463
4,99,01/21/15 22:02,-3.053465,-64.864253
2,99,01/22/15 04:01,-3.042749,-64.867468
2,99,01/22/15 06:02,-3.04471,-64.868671
4,99,01/22/15 08:01,-3.046526,-64.861408
4,99,01/22/15 10:00,-3.046806,-64.861275
4,99,01/22/15 12:01,-3.04665,-64.861283
4,99,01/22/15 14:01,-3.046612,-64.861173
4,99,01/22/15 16:00,-3.046686,-64.861021
4,99,01/22/15 18:01,-3.046517,-64.860813
4,99,01/23/15 02:01,-3.055709,-64.859081
4,99,01/23/15 04:02,-3.056998,-64.862447
4,99,01/23/15 06:01,-3.057277,-64.864492
4,99,01/23/15 08:01,-3.057813,-64.867496
4,99,01/23/15 10:01,-3.058948,-64.867935
4,99,01/23/15 12:02,-3.058962,-64.868031
4,99,01/23/15 18:00,-3.058609,-64.867756
4,99,01/23/15 22:01,-3.047778,-64.856634
4,99,01/24/15 00:00,-3.046246,-64.855831
2,99,01/24/15 06:02,-3.040033,-64.863669
2,99,01/24/15 08:01,-3.041056,-64.866942
2,99,01/24/15 10:01,-3.040744,-64.866741
2,99,01/24/15 12:01,-3.040926,-64.866845
2,99,01/24/15 14:01,-3.041821,-64.867151
2,99,01/24/15 18:00,-3.040345,-64.867334
2,99,01/24/15 20:00,-3.040514,-64.867244
2,99,01/25/15 04:01,-3.033674,-64.879715
2,99,01/25/15 06:01,-3.041804,-64.881334
2,99,01/25/15 08:00,-3.039492,-64.88148
2,99,01/25/15 10:01,-3.039024,-64.881397
2,99,01/25/15 12:01,-3.03944,-64.881494
2,99,01/25/15 14:01,-3.039526,-64.881191
2,99,01/25/15 18:01,-3.039111,-64.881351
2,99,01/25/15 20:02,-3.039367,-64.881535
2,99,01/25/15 22:02,-3.038661,-64.878784
2,99,01/26/15 04:01,-3.036614,-64.885979
2,99,01/26/15 06:02,-3.030007,-64.888716
2,99,01/26/15 08:01,-3.031142,-64.889489
2,99,01/26/15 12:02,-3.031081,-64.889673
2,99,01/26/15 14:02,-3.031197,-64.889685
2,99,01/26/15 16:02,-3.033745,-64.889131
2,99,01/26/15 20:00,-3.034023,-64.889151
2,99,01/26/15 22:01,-3.033913,-64.889195
2,99,01/27/15 04:02,-3.038265,-64.886914
2,99,01/27/15 06:01,-3.038519,-64.886958
2,99,01/27/15 08:00,-3.038534,-64.886861
2,99,01/27/15 10:00,-3.038554,-64.886971
2,99,01/27/15 12:02,-3.038189,-64.886897
2,99,01/27/15 14:00,-3.038244,-64.886881
2,99,01/27/15 16:02,-3.038462,-64.886777
2,99,01/27/15 18:02,-3.041013,-64.887335
2,99,01/27/15 20:02,-3.042466,-64.885785
2,99,01/27/15 22:00,-3.040979,-64.886762
4,99,01/28/15 04:01,-3.051845,-64.888953
4,99,01/28/15 06:01,-3.051855,-64.889078
4,99,01/28/15 10:01,-3.051817,-64.88909
4,99,01/28/15 12:01,-3.051825,-64.889112
4,99,01/28/15 14:01,-3.052373,-64.888757
4,99,01/28/15 16:00,-3.05241,-64.888893
4,99,01/28/15 18:00,-3.052341,-64.888891
4,99,01/28/15 20:01,-3.053982,-64.892208
4,99,01/28/15 22:01,-3.052433,-64.884315
2,99,01/29/15 00:00,-3.048759,-64.887286
2,99,01/29/15 02:02,-3.051548,-64.893046
2,99,01/29/15 04:01,-3.05138,-64.89312
2,99,01/29/15 06:01,-3.051641,-64.893269
2,99,01/29/15 08:00,-3.051754,-64.893425
2,99,01/29/15 10:01,-3.051781,-64.893541
2,99,01/29/15 16:01,-3.05247,-64.897409
2,99,01/29/15 20:02,-3.052444,-64.897373
2,99,01/30/15 00:00,-3.052397,-64.897347
2,99,01/30/15 04:01,-3.051536,-64.893013
2,99,01/30/15 06:01,-3.051476,-64.893009
2,99,01/30/15 08:00,-3.051509,-64.893123
2,99,01/30/15 12:01,-3.051429,-64.893209
2,99,01/30/15 20:02,-3.050848,-64.893657
4,99,01/31/15 02:00,-3.053709,-64.892127
4,99,01/31/15 04:02,-3.05568,-64.888408
4,99,01/31/15 06:01,-3.055996,-64.886503
4,99,01/31/15 08:01,-3.055852,-64.886998
4,99,01/31/15 12:01,-3.053283,-64.892787
4,99,01/31/15 14:02,-3.053185,-64.89279
4,99,01/31/15 16:00,-3.053259,-64.89276
4,99,01/31/15 22:00,-3.053287,-64.892775
4,99,02/01/15 00:02,-3.053852,-64.893183
2,99,02/01/15 04:03,-3.050323,-64.903266
2,99,02/01/15 08:01,-3.047175,-64.893185
2,99,02/01/15 10:00,-3.048521,-64.893102
2,99,02/01/15 12:00,-3.048259,-64.893059
2,99,02/01/15 14:01,-3.048122,-64.892881
4,99,02/01/15 20:01,-3.053547,-64.891773
4,99,02/02/15 00:02,-3.056542,-64.892619
4,99,02/02/15 04:02,-3.059702,-64.879837
4,99,02/02/15 06:00,-3.060021,-64.878424
4,99,02/02/15 08:00,-3.060069,-64.878316
4,99,02/03/15 06:01,-3.077824,-64.866636
4,99,02/03/15 08:01,-3.077729,-64.866637
4,99,02/03/15 10:01,-3.077656,-64.86666
4,99,02/03/15 12:00,-3.077658,-64.866674
4,99,02/03/15 16:03,-3.077931,-64.866718
4,99,02/03/15 20:00,-3.080283,-64.865456
4,99,02/04/15 00:01,-3.080129,-64.865245
4,99,02/04/15 02:00,-3.080269,-64.865212
4,99,02/04/15 04:00,-3.090887,-64.876374
4,99,02/04/15 06:00,-3.090801,-64.876485
4,99,02/04/15 08:02,-3.090876,-64.876415
4,99,02/04/15 10:02,-3.086362,-64.872967
4,99,02/04/15 20:01,-3.071981,-64.871131
4,99,02/05/15 06:02,-3.068914,-64.877285
4,99,02/05/15 10:02,-3.066971,-64.879302
4,99,02/05/15 16:02,-3.079765,-64.873759
4,99,02/05/15 18:00,-3.079795,-64.873456
4,99,02/05/15 20:01,-3.079865,-64.873404
4,99,02/05/15 22:01,-3.079937,-64.873435
4,99,02/06/15 00:00,-3.079796,-64.87339
4,99,02/06/15 02:00,-3.079913,-64.873565
4,99,02/06/15 04:02,-3.077216,-64.871777
4,99,02/06/15 08:02,-3.062845,-64.873932
4,99,02/06/15 10:02,-3.060037,-64.888358
4,99,02/06/15 20:00,-3.058538,-64.867952
4,99,02/07/15 00:00,-3.063023,-64.857094
4,99,02/07/15 02:00,-3.063074,-64.85705
4,99,02/07/15 04:02,-3.068515,-64.853775
4,99,02/07/15 06:01,-3.068472,-64.853867
4,99,02/07/15 10:03,-3.056904,-64.852092
4,99,02/07/15 12:01,-3.047339,-64.856779
4,99,02/07/15 16:01,-3.052598,-64.869587
4,99,02/07/15 18:00,-3.052514,-64.869578
4,99,02/07/15 20:01,-3.051655,-64.870187
4,99,02/07/15 22:01,-3.056121,-64.87087
4,99,02/08/15 00:00,-3.073201,-64.859057
4,99,02/08/15 04:00,-3.073869,-64.852186
4,99,02/08/15 08:01,-3.067276,-64.852329
4,99,02/08/15 10:01,-3.06741,-64.852036
4,99,02/08/15 12:00,-3.067313,-64.852133
4,99,02/09/15 00:01,-3.054819,-64.859248
4,99,02/09/15 02:02,-3.054707,-64.859273
4,99,02/09/15 08:01,-3.062932,-64.857854
4,99,02/09/15 10:00,-3.065922,-64.854456
4,99,02/09/15 14:01,-3.065974,-64.854472
4,99,02/09/15 16:00,-3.066063,-64.854559
4,99,02/09/15 18:00,-3.066029,-64.854493
4,99,02/09/15 20:00,-3.066157,-64.853403
4,99,02/10/15 08:02,-3.066033,-64.853722
4,99,02/10/15 12:02,-3.066194,-64.848461
4,99,02/10/15 14:01,-3.066071,-64.848454
4,99,02/10/15 16:01,-3.066258,-64.848417
4,99,02/10/15 18:02,-3.066665,-64.848181
4,99,02/11/15 02:01,-3.068282,-64.846929
4,99,02/11/15 04:00,-3.068227,-64.846969
4,99,02/11/15 06:00,-3.068341,-64.846959
5,99,02/11/15 12:01,-3.070728,-64.84271
5,99,02/11/15 14:01,-3.071319,-64.842652
5,99,02/11/15 16:01,-3.071491,-64.842206
5,99,02/11/15 18:01,-3.070857,-64.838009
5,99,02/11/15 20:01,-3.070821,-64.838094
5,99,02/11/15 22:01,-3.070895,-64.838013
5,99,02/12/15 00:01,-3.070922,-64.838045
5,99,02/12/15 02:01,-3.070843,-64.838018
4,99,02/12/15 06:00,-3.056776,-64.841217
4,99,02/12/15 08:01,-3.05686,-64.840951
4,99,02/12/15 10:00,-3.056922,-64.840744
4,99,02/12/15 12:01,-3.056884,-64.839673
4,99,02/12/15 14:01,-3.056798,-64.839861
5,99,02/13/15 02:02,-3.078552,-64.850146
5,99,02/13/15 06:01,-3.081985,-64.851245
5,99,02/13/15 08:01,-3.081791,-64.85111
5,99,02/13/15 10:00,-3.081833,-64.851421
5,99,02/13/15 14:00,-3.081865,-64.851344
5,99,02/13/15 20:00,-3.077564,-64.849277
5,99,02/14/15 00:02,-3.090214,-64.850825
5,99,02/14/15 02:01,-3.090027,-64.84577
5,99,02/14/15 04:01,-3.080686,-64.849073
5,99,02/14/15 06:02,-3.079054,-64.85039
4,99,02/14/15 08:01,-3.075306,-64.85334
4,99,02/14/15 12:01,-3.060179,-64.852408
4,99,02/14/15 14:01,-3.060154,-64.852507
4,99,02/14/15 22:02,-3.059811,-64.854656
4,99,02/15/15 02:01,-3.056858,-64.840959
5,99,02/15/15 06:01,-3.065606,-64.831863
5,99,02/15/15 08:03,-3.065973,-64.832682
5,99,02/15/15 12:00,-3.07828,-64.83693
5,99,02/15/15 14:01,-3.078204,-64.836916
5,99,02/15/15 20:02,-3.092981,-64.827787
4,99,02/16/15 18:02,-3.063628,-64.844523
5,99,02/16/15 20:01,-3.07106,-64.842881
5,99,02/17/15 00:01,-3.089902,-64.849737
5,99,02/17/15 02:01,-3.094639,-64.841553
5,99,02/17/15 04:01,-3.096204,-64.839183
5,99,02/17/15 06:01,-3.09615,-64.839008
5,99,02/17/15 08:02,-3.097776,-64.836528
5,99,02/17/15 10:00,-3.098203,-64.833134
5,99,02/17/15 12:00,-3.098276,-64.833207
5,99,02/17/15 14:01,-3.098389,-64.83287
5,99,02/17/15 22:01,-3.097739,-64.832478
5,99,02/18/15 00:03,-3.091262,-64.833142
5,99,02/18/15 06:01,-3.085287,-64.841703
5,99,02/18/15 08:01,-3.085367,-64.841878
5,99,02/18/15 10:00,-3.082671,-64.841086
5,99,02/18/15 12:01,-3.0831,-64.845434
5,99,02/18/15 16:00,-3.083205,-64.845459
5,99,02/19/15 04:01,-3.077717,-64.848826
4,99,02/19/15 06:00,-3.073966,-64.849455
4,99,02/19/15 08:02,-3.073965,-64.849264
4,99,02/19/15 14:01,-3.07239,-64.847344
4,99,02/19/15 20:02,-3.07242,-64.847182
4,99,02/19/15 22:01,-3.072287,-64.852232
4,99,02/20/15 00:01,-3.069647,-64.854317
4,99,02/20/15 02:00,-3.064306,-64.854828
4,99,02/20/15 04:02,-3.058728,-64.857022
4,99,02/20/15 06:01,-3.057889,-64.85199
4,99,02/20/15 08:02,-3.059063,-64.851094
4,99,02/20/15 10:02,-3.064762,-64.846334
4,99,02/20/15 14:01,-3.063839,-64.844642
4,99,02/20/15 18:00,-3.063602,-64.844524
4,99,02/20/15 22:02,-3.063676,-64.837904
5,99,02/21/15 00:01,-3.066019,-64.839517
4,99,02/21/15 02:01,-3.071677,-64.849564
4,99,02/21/15 04:01,-3.072754,-64.851566
4,99,02/21/15 06:01,-3.072882,-64.851555
4,99,02/21/15 12:02,-3.076539,-64.858429
4,99,02/21/15 16:01,-3.076484,-64.858621
4,99,02/21/15 18:01,-3.076569,-64.858621
4,99,02/21/15 20:01,-3.075265,-64.860514
4,99,02/21/15 22:02,-3.074573,-64.862344
4,99,02/22/15 02:02,-3.073466,-64.863431
4,99,02/22/15 08:01,-3.066273,-64.864824
4,99,02/22/15 10:01,-3.066386,-64.864624
4,99,02/22/15 12:01,-3.066465,-64.864734
4,99,02/22/15 16:01,-3.064515,-64.868889
4,99,02/22/15 18:02,-3.058999,-64.861751
4,99,02/22/15 20:02,-3.056266,-64.859949
4,99,02/23/15 00:02,-3.056233,-64.859853
4,99,02/23/15 02:01,-3.05607,-64.859778
4,99,02/23/15 04:00,-3.056184,-64.85963
4,99,02/23/15 06:02,-3.053847,-64.85801
4,99,02/23/15 14:01,-3.0534,-64.857677
4,99,02/23/15 16:02,-3.056175,-64.859608
4,99,02/23/15 18:01,-3.052869,-64.856143
4,99,02/23/15 20:02,-3.050075,-64.85704
4,99,02/23/15 22:00,-3.049396,-64.855667
4,99,02/24/15 00:00,-3.049319,-64.855708
4,99,02/24/15 02:00,-3.049425,-64.855688
4,99,02/24/15 04:00,-3.049222,-64.855681
4,99,02/24/15 08:02,-3.06714,-64.854151
4,99,02/24/15 10:01,-3.065967,-64.853341
4,99,02/24/15 16:00,-3.065949,-64.853427
4,99,02/24/15 18:01,-3.06554,-64.853759
4,99,02/24/15 20:01,-3.065358,-64.85397
4,99,02/25/15 00:01,-3.060528,-64.856326
4,99,02/25/15 02:00,-3.060434,-64.856412
4,99,02/25/15 04:01,-3.060871,-64.857232
4,99,02/25/15 06:01,-3.058166,-64.856212
4,99,02/25/15 08:01,-3.058119,-64.855859
8,99,02/25/15 12:02,-3.045016,-64.843383
4,99,02/26/15 00:02,-3.051171,-64.848507
4,99,02/26/15 04:01,-3.048291,-64.848085
4,99,02/26/15 06:01,-3.05052,-64.847557
4,99,02/26/15 14:02,-3.052665,-64.847598
4,99,02/26/15 20:02,-3.050121,-64.847563
4,99,02/27/15 00:01,-3.051103,-64.852761
4,99,02/27/15 02:00,-3.05088,-64.85178
4,99,02/27/15 04:00,-3.050327,-64.847356
4,99,02/27/15 08:01,-3.053861,-64.842855
4,99,02/27/15 10:01,-3.052191,-64.842499
4,99,02/27/15 18:00,-3.050623,-64.845543
4,99,02/27/15 20:03,-3.055772,-64.846009
4,99,02/28/15 00:01,-3.054409,-64.844986
4,99,02/28/15 02:02,-3.059099,-64.845489
4,99,02/28/15 04:00,-3.059086,-64.845578
4,99,02/28/15 08:00,-3.059112,-64.845539
4,99,02/28/15 10:01,-3.059091,-64.845468
4,99,02/28/15 12:02,-3.058919,-64.845561
4,99,02/28/15 16:01,-3.059541,-64.845761
8,99,02/28/15 22:00,-3.049655,-64.844352
8,99,03/01/15 02:01,-3.03866,-64.84562
8,99,03/01/15 04:01,-3.038385,-64.845455
4,99,03/01/15 08:00,-3.051538,-64.84713
4,99,03/01/15 10:02,-3.05172,-64.847491
4,99,03/01/15 16:01,-3.057975,-64.856717
4,99,03/01/15 18:00,-3.058111,-64.856655
4,99,03/01/15 22:01,-3.068463,-64.858873
4,99,03/02/15 02:00,-3.065926,-64.865552
4,99,03/02/15 04:01,-3.066091,-64.865633
4,99,03/02/15 06:01,-3.065879,-64.865478
4,99,03/02/15 10:01,-3.066033,-64.865532
4,99,03/02/15 12:01,-3.06568,-64.865993
4,99,03/02/15 14:01,-3.065806,-64.866021
4,99,03/03/15 00:01,-3.067154,-64.872273
4,99,03/03/15 02:00,-3.062175,-64.874446
4,99,03/03/15 04:01,-3.057771,-64.871037
4,99,03/03/15 06:02,-3.053557,-64.865585
4,99,03/03/15 08:01,-3.053532,-64.865193
4,99,03/03/15 10:01,-3.053188,-64.865623
4,99,03/03/15 12:01,-3.053047,-64.865511
4,99,03/03/15 14:02,-3.053106,-64.865484
4,99,03/03/15 16:01,-3.053143,-64.865587
4,99,03/03/15 18:00,-3.058583,-64.867835
4,99,03/03/15 20:00,-3.059169,-64.868189
4,99,03/04/15 06:01,-3.062688,-64.864387
4,99,03/04/15 08:00,-3.062445,-64.864321
4,99,03/04/15 14:01,-3.067825,-64.858963
4,99,03/04/15 18:00,-3.078545,-64.856953
5,99,03/04/15 20:01,-3.080042,-64.853422
5,99,03/04/15 22:01,-3.083979,-64.851536
5,99,03/05/15 04:02,-3.088822,-64.857568
5,99,03/05/15 06:00,-3.088828,-64.858263
4,99,03/05/15 10:01,-3.083892,-64.859516
5,99,03/05/15 16:01,-3.078578,-64.848861
5,99,03/05/15 18:00,-3.07844,-64.848549
5,99,03/05/15 22:02,-3.07798,-64.847646
5,99,03/06/15 00:00,-3.078054,-64.847579
5,99,03/06/15 02:01,-3.077906,-64.847591
4,99,03/06/15 06:01,-3.070518,-64.847566
4,99,03/06/15 08:00,-3.070362,-64.847563
4,99,03/06/15 10:02,-3.070393,-64.847673
4,99,03/06/15 12:01,-3.070421,-64.847845
4,99,03/06/15 14:01,-3.070341,-64.847815
4,99,03/06/15 16:00,-3.069978,-64.848485
4,99,03/06/15 18:01,-3.069942,-64.848384
4,99,03/06/15 20:02,-3.069983,-64.848455
4,99,03/06/15 22:01,-3.069952,-64.848352
4,99,03/07/15 00:00,-3.069926,-64.848436
4,99,03/07/15 02:01,-3.069992,-64.848445
4,99,03/07/15 04:00,-3.070027,-64.848461
4,99,03/07/15 06:01,-3.070019,-64.848447
4,99,03/07/15 08:00,-3.069913,-64.848375
4,99,03/07/15 10:00,-3.069999,-64.848413
4,99,03/07/15 12:00,-3.069915,-64.848398
4,99,03/07/15 14:01,-3.069929,-64.848444
4,99,03/07/15 16:00,-3.070009,-64.848396
4,99,03/07/15 18:00,-3.069958,-64.848437
4,99,03/07/15 20:00,-3.068915,-64.849021
5,99,03/08/15 00:00,-3.085692,-64.856472
5,99,03/08/15 06:01,-3.08872,-64.856942
5,99,03/08/15 08:02,-3.088666,-64.857034
5,99,03/08/15 14:02,-3.088938,-64.856935
5,99,03/08/15 18:02,-3.088357,-64.857148
5,99,03/08/15 20:01,-3.088337,-64.863618
5,99,03/09/15 04:01,-3.093877,-64.861641
5,99,03/09/15 06:01,-3.093891,-64.861825
5,99,03/09/15 10:01,-3.095579,-64.854232
5,99,03/09/15 16:02,-3.094606,-64.854594
5,99,03/10/15 04:02,-3.096286,-64.833094
5,99,03/10/15 10:00,-3.097119,-64.833559
5,99,03/10/15 12:01,-3.097376,-64.833001
5,99,03/10/15 14:01,-3.097308,-64.832973
5,99,03/10/15 18:02,-3.094044,-64.828813
7,99,03/10/15 20:02,-3.103243,-64.82738
5,99,03/11/15 04:01,-3.092919,-64.835647
5,99,03/11/15 06:00,-3.092944,-64.835642
5,99,03/11/15 08:00,-3.092881,-64.835672
5,99,03/11/15 10:00,-3.09293,-64.835614
5,99,03/11/15 12:00,-3.093111,-64.836485
5,99,03/11/15 14:01,-3.09522,-64.838103
5,99,03/11/15 16:00,-3.095996,-64.837715
5,99,03/11/15 18:00,-3.096421,-64.837912
5,99,03/11/15 20:00,-3.096079,-64.837852
5,99,03/11/15 22:02,-3.099894,-64.838346
5,99,03/12/15 02:03,-3.099619,-64.838146
5,99,03/12/15 06:00,-3.100474,-64.837963
5,99,03/12/15 08:02,-3.100806,-64.838344
5,99,03/12/15 10:02,-3.100907,-64.838353
5,99,03/12/15 12:01,-3.100806,-64.838492
5,99,03/13/15 04:01,-3.094283,-64.830472
5,99,03/13/15 06:01,-3.093936,-64.830261
5,99,03/13/15 08:02,-3.094134,-64.830358
5,99,03/13/15 12:02,-3.093833,-64.830522
5,99,03/13/15 14:01,-3.094321,-64.830594
5,99,03/13/15 16:00,-3.092749,-64.828197
7,99,03/14/15 04:01,-3.09512,-64.827045
7,99,03/14/15 06:00,-3.095174,-64.826908
7,99,03/14/15 08:00,-3.095037,-64.827049
7,99,03/14/15 12:01,-3.095527,-64.82603
7,99,03/14/15 14:01,-3.091284,-64.825355
5,99,03/14/15 16:01,-3.0891,-64.825554
5,99,03/14/15 18:00,-3.08833,-64.825032
5,99,03/14/15 20:00,-3.088509,-64.82485
7,99,03/14/15 22:01,-3.088573,-64.824692
5,99,03/15/15 02:03,-3.093457,-64.830287
7,99,03/15/15 08:02,-3.103623,-64.830191
7,99,03/15/15 18:02,-3.101175,-64.832186
7,99,03/16/15 00:01,-3.101416,-64.832181
7,99,03/16/15 06:00,-3.102188,-64.831233
5,99,03/16/15 10:00,-3.101934,-64.836638
5,99,03/16/15 14:01,-3.101919,-64.836566
5,99,03/16/15 20:02,-3.101922,-64.843795
5,99,03/17/15 00:01,-3.098912,-64.851518
5,99,03/17/15 06:02,-3.096585,-64.850188
5,99,03/18/15 00:00,-3.093659,-64.840843
5,99,03/18/15 02:00,-3.093712,-64.840884
5,99,03/18/15 04:00,-3.093681,-64.840826
5,99,03/18/15 08:01,-3.104384,-64.836364
5,99,03/18/15 10:01,-3.104077,-64.836888
5,99,03/18/15 14:00,-3.103818,-64.83777
5,99,03/18/15 18:03,-3.103663,-64.837858
5,99,03/18/15 22:01,-3.09652,-64.840329
5,99,03/19/15 00:01,-3.092254,-64.837692
5,99,03/19/15 08:01,-3.085082,-64.847078
5,99,03/19/15 10:01,-3.08546,-64.846643
5,99,03/19/15 12:01,-3.085427,-64.846776
5,99,03/19/15 14:01,-3.08535,-64.846737
5,99,03/19/15 18:00,-3.086812,-64.84016
5,99,03/19/15 20:00,-3.08867,-64.838643
5,99,03/19/15 22:00,-3.08955,-64.839306
5,99,03/20/15 00:00,-3.089564,-64.839252
5,99,03/20/15 02:01,-3.089458,-64.839429
5,99,03/20/15 06:00,-3.084925,-64.842422
5,99,03/20/15 08:01,-3.084906,-64.8424
5,99,03/20/15 10:00,-3.08511,-64.842637
5,99,03/20/15 12:00,-3.084868,-64.842616
5,99,03/20/15 14:00,-3.084993,-64.842473
5,99,03/20/15 16:01,-3.084998,-64.842513
5,99,03/20/15 18:01,-3.085131,-64.842515
5,99,03/21/15 00:00,-3.083072,-64.832872
5,99,03/21/15 02:01,-3.08299,-64.832964
5,99,03/21/15 06:01,-3.080573,-64.840006
5,99,03/21/15 08:00,-3.080506,-64.839801
5,99,03/21/15 10:00,-3.080588,-64.839835
5,99,03/21/15 12:01,-3.080501,-64.839907
5,99,03/21/15 14:00,-3.080532,-64.839979
5,99,03/21/15 16:01,-3.08061,-64.839892
5,99,03/21/15 18:01,-3.077802,-64.841694
5,99,03/21/15 20:01,-3.078112,-64.841522
5,99,03/21/15 22:02,-3.080363,-64.844462
5,99,03/22/15 00:00,-3.080433,-64.844423
5,99,03/22/15 02:01,-3.080428,-64.844511
5,99,03/22/15 06:00,-3.084034,-64.846327
5,99,03/22/15 08:00,-3.084028,-64.846329
5,99,03/22/15 10:02,-3.082175,-64.852594
5,99,03/22/15 14:02,-3.081966,-64.853083
5,99,03/22/15 16:02,-3.082202,-64.852692
5,99,03/22/15 18:00,-3.082019,-64.85422
5,99,03/22/15 20:01,-3.081913,-64.854344
5,99,03/22/15 22:00,-3.081964,-64.854275
5,99,03/23/15 00:01,-3.081865,-64.854289
4,99,03/23/15 04:02,-3.075322,-64.854831
5,99,03/23/15 08:02,-3.08223,-64.853569
5,99,03/23/15 10:02,-3.082114,-64.853427
5,99,03/23/15 12:01,-3.082131,-64.856953
5,99,03/23/15 18:00,-3.079854,-64.849226
5,99,03/23/15 20:01,-3.077839,-64.847526
5,99,03/24/15 00:00,-3.080328,-64.844489
4,99,03/24/15 08:02,-3.069872,-64.859023
4,99,03/24/15 10:01,-3.069885,-64.859036
4,99,03/24/15 12:02,-3.069822,-64.859075
4,99,03/24/15 14:00,-3.069958,-64.859083
4,99,03/24/15 16:01,-3.069883,-64.859153
4,99,03/24/15 18:00,-3.06727,-64.856979
4,99,03/24/15 20:01,-3.067235,-64.856941
4,99,03/24/15 22:00,-3.071138,-64.851737
5,99,03/25/15 00:01,-3.07445,-64.842691
5,99,03/25/15 02:01,-3.074509,-64.842693
5,99,03/25/15 04:00,-3.074572,-64.842709
5,99,03/25/15 06:00,-3.074521,-64.842754
5,99,03/25/15 08:00,-3.074502,-64.842743
5,99,03/25/15 10:00,-3.074508,-64.842751
5,99,03/25/15 12:00,-3.074541,-64.842801
5,99,03/25/15 14:00,-3.074419,-64.842806
5,99,03/25/15 16:00,-3.074504,-64.842736
5,99,03/25/15 18:01,-3.073319,-64.841131
5,99,03/26/15 00:01,-3.067916,-64.837549
5,99,03/26/15 02:00,-3.068238,-64.837436
5,99,03/26/15 04:00,-3.068137,-64.837392
5,99,03/26/15 06:01,-3.068604,-64.839835
5,99,03/26/15 08:01,-3.070649,-64.840026
5,99,03/26/15 10:00,-3.070674,-64.840005
5,99,03/26/15 12:01,-3.070713,-64.839962
5,99,03/26/15 14:01,-3.070714,-64.839961
5,99,03/26/15 16:00,-3.070648,-64.839969
5,99,03/26/15 18:00,-3.070672,-64.840038
5,99,03/26/15 20:01,-3.077664,-64.84218
5,99,03/26/15 22:01,-3.077618,-64.842288
5,99,03/27/15 00:01,-3.077242,-64.841288
5,99,03/27/15 02:02,-3.078418,-64.845572
5,99,03/27/15 04:00,-3.081687,-64.848759
5,99,03/27/15 06:00,-3.081661,-64.84883
5,99,03/27/15 10:00,-3.077982,-64.847615
5,99,03/27/15 12:00,-3.07799,-64.847568
5,99,03/27/15 14:00,-3.077964,-64.847751
5,99,03/27/15 16:00,-3.077914,-64.847606
5,99,03/27/15 20:00,-3.077838,-64.847517
5,99,03/27/15 22:00,-3.09058,-64.840912
5,99,03/28/15 00:03,-3.092027,-64.836818
5,99,03/28/15 02:00,-3.091522,-64.836194
5,99,03/28/15 04:01,-3.09156,-64.836376
5,99,03/28/15 06:01,-3.091563,-64.836404
5,99,03/28/15 08:00,-3.093002,-64.836605
5,99,03/28/15 10:00,-3.092891,-64.836669
5,99,03/28/15 12:00,-3.092907,-64.836713
5,99,03/28/15 14:00,-3.092915,-64.836722
5,99,03/28/15 16:01,-3.09298,-64.836807
5,99,03/28/15 18:00,-3.092743,-64.836747
5,99,03/28/15 20:01,-3.09278,-64.836603
5,99,03/29/15 00:00,-3.093506,-64.839855
5,99,03/29/15 02:01,-3.093442,-64.839891
5,99,03/29/15 04:00,-3.093392,-64.839772
5,99,03/29/15 06:00,-3.093331,-64.840105
5,99,03/29/15 08:00,-3.09357,-64.839921
5,99,03/29/15 10:01,-3.093425,-64.839842
5,99,03/29/15 12:00,-3.093473,-64.839846
5,99,03/29/15 14:01,-3.09354,-64.840043
5,99,03/29/15 16:00,-3.093572,-64.839856
5,99,03/29/15 18:00,-3.093912,-64.840054
5,99,03/30/15 00:01,-3.091396,-64.827024
5,99,03/30/15 02:00,-3.091138,-64.82707
7,99,03/30/15 06:01,-3.091916,-64.825052
7,99,03/30/15 08:01,-3.091974,-64.824956
7,99,03/30/15 10:00,-3.091917,-64.824891
7,99,03/30/15 12:00,-3.091879,-64.824854
7,99,03/30/15 14:01,-3.091892,-64.825088
7,99,03/30/15 16:00,-3.091883,-64.824943
5,99,03/30/15 18:01,-3.088592,-64.825154
5,99,03/30/15 20:01,-3.087878,-64.825675
5,99,03/30/15 22:01,-3.084838,-64.826949
5,99,03/31/15 00:00,-3.084901,-64.826748
5,99,03/31/15 02:00,-3.084876,-64.826907
5,99,03/31/15 04:00,-3.084828,-64.826503
5,99,03/31/15 06:00,-3.084924,-64.826858
5,99,03/31/15 08:01,-3.084682,-64.826883
5,99,03/31/15 10:00,-3.084816,-64.826942
5,99,03/31/15 14:00,-3.085627,-64.824034
5,99,03/31/15 16:00,-3.085638,-64.824044
5,99,03/31/15 18:00,-3.083555,-64.822983
5,99,03/31/15 20:01,-3.080498,-64.824732
5,99,03/31/15 22:01,-3.080495,-64.824575
5,99,04/01/15 02:00,-3.080496,-64.824683
5,99,04/01/15 04:00,-3.08052,-64.824712
1,99,04/01/15 06:01,-3.079289,-64.822691
1,99,04/01/15 08:00,-3.079398,-64.822731
1,99,04/01/15 10:01,-3.0793,-64.822603
1,99,04/01/15 12:00,-3.079347,-64.822815
1,99,04/01/15 14:00,-3.079362,-64.822831
1,99,04/01/15 16:00,-3.079648,-64.822701
1,99,04/01/15 18:01,-3.080444,-64.822754
5,99,04/01/15 20:02,-3.088245,-64.825555
5,99,04/01/15 22:02,-3.088338,-64.825191
5,99,04/02/15 00:01,-3.080898,-64.824052
5,99,04/02/15 02:01,-3.080895,-64.824047
5,99,04/02/15 04:01,-3.081087,-64.824014
1,99,04/02/15 06:01,-3.079365,-64.822867
1,99,04/02/15 08:00,-3.079411,-64.822808
1,99,04/02/15 10:00,-3.079351,-64.822774
1,99,04/02/15 12:01,-3.079272,-64.822971
1,99,04/02/15 14:00,-3.079326,-64.822797
1,99,04/02/15 16:00,-3.079369,-64.822773
1,99,04/02/15 18:00,-3.079388,-64.822894
1,99,04/02/15 20:01,-3.075595,-64.824987
1,99,04/02/15 22:00,-3.075475,-64.825081
1,99,04/03/15 00:01,-3.075234,-64.824865
1,99,04/03/15 02:01,-3.073628,-64.824629
1,99,04/03/15 04:01,-3.073024,-64.823773
1,99,04/03/15 06:01,-3.073413,-64.82391
1,99,04/03/15 08:01,-3.073658,-64.824611
1,99,04/03/15 10:00,-3.073556,-64.824565
1,99,04/03/15 12:01,-3.073725,-64.824664
1,99,04/03/15 14:02,-3.073778,-64.824601
1,99,04/03/15 16:00,-3.073707,-64.824673
1,99,04/03/15 18:01,-3.073625,-64.824577
1,99,04/03/15 20:00,-3.073665,-64.824639
1,99,04/04/15 00:01,-3.073531,-64.824605
1,99,04/04/15 02:00,-3.073547,-64.824629
1,99,04/04/15 04:00,-3.073709,-64.824476
1,99,04/04/15 06:01,-3.073673,-64.824718
1,99,04/04/15 08:00,-3.07361,-64.824557
1,99,04/04/15 10:00,-3.073582,-64.824577
1,99,04/04/15 12:02,-3.073599,-64.824544
1,99,04/04/15 14:01,-3.073581,-64.824631
1,99,04/04/15 16:00,-3.073758,-64.82451
5,99,04/04/15 18:01,-3.072816,-64.827041
5,99,04/04/15 20:00,-3.072786,-64.827097
5,99,04/04/15 22:00,-3.073371,-64.828366
5,99,04/05/15 00:00,-3.073379,-64.828345
5,99,04/05/15 02:00,-3.073384,-64.828319
5,99,04/05/15 04:00,-3.073755,-64.826899
5,99,04/05/15 06:01,-3.074851,-64.827209
5,99,04/05/15 08:00,-3.074958,-64.827261
5,99,04/05/15 10:01,-3.074911,-64.827354
5,99,04/05/15 12:00,-3.074916,-64.827291
5,99,04/05/15 14:01,-3.0749,-64.827172
5,99,04/05/15 18:00,-3.075945,-64.82741
5,99,04/05/15 22:00,-3.079212,-64.827276
5,99,04/06/15 00:00,-3.079187,-64.827248
5,99,04/06/15 02:00,-3.07924,-64.827162
5,99,04/06/15 04:01,-3.079258,-64.827275
5,99,04/06/15 06:00,-3.07752,-64.829893
5,99,04/06/15 08:00,-3.077529,-64.82998
5,99,04/06/15 10:00,-3.077466,-64.829987
5,99,04/06/15 12:00,-3.077472,-64.829993
5,99,04/06/15 14:00,-3.077314,-64.83003
5,99,04/06/15 16:00,-3.077479,-64.82996
5,99,04/06/15 18:00,-3.077715,-64.829346
1,99,04/06/15 22:02,-3.071558,-64.825471
1,99,04/07/15 02:01,-3.071622,-64.825383
1,99,04/07/15 04:01,-3.072192,-64.824977
1,99,04/07/15 06:00,-3.072545,-64.824732
1,99,04/07/15 08:01,-3.072671,-64.824827
1,99,04/07/15 10:01,-3.07252,-64.824741
1,99,04/07/15 12:01,-3.072558,-64.824603
1,99,04/07/15 14:00,-3.072446,-64.824768
1,99,04/07/15 16:00,-3.072478,-64.824828
1,99,04/07/15 18:00,-3.072478,-64.824839
1,99,04/07/15 20:01,-3.074689,-64.820945
1,99,04/07/15 22:00,-3.077098,-64.820047
1,99,04/08/15 00:01,-3.076706,-64.821058
1,99,04/08/15 02:00,-3.080233,-64.822131
1,99,04/08/15 04:01,-3.079815,-64.82183
1,99,04/08/15 08:00,-3.079218,-64.82204
1,99,04/08/15 10:00,-3.079272,-64.822327
1,99,04/08/15 12:00,-3.079727,-64.82188
1,99,04/08/15 14:01,-3.07971,-64.821702
5,99,04/08/15 16:00,-3.08152,-64.823896
5,99,04/08/15 18:00,-3.081559,-64.823943
5,99,04/08/15 20:00,-3.081493,-64.823893
1,99,04/08/15 22:00,-3.082098,-64.821801
1,99,04/09/15 00:00,-3.081641,-64.821433
1,99,04/09/15 02:00,-3.081634,-64.821397
1,99,04/09/15 04:00,-3.081637,-64.821148
1,99,04/09/15 06:00,-3.081731,-64.821393
1,99,04/09/15 08:00,-3.081707,-64.821367
1,99,04/09/15 10:01,-3.081718,-64.821454
1,99,04/09/15 12:00,-3.081653,-64.821363
1,99,04/09/15 14:00,-3.081623,-64.821439
1,99,04/09/15 16:00,-3.081659,-64.821444
1,99,04/09/15 18:01,-3.081624,-64.82153
1,99,04/09/15 20:00,-3.079552,-64.818553
1,99,04/09/15 22:00,-3.079614,-64.818558
1,99,04/10/15 00:00,-3.079603,-64.818575
1,99,04/10/15 02:01,-3.079479,-64.818554
1,99,04/10/15 04:00,-3.079404,-64.81847
1,99,04/10/15 06:01,-3.078519,-64.819452
1,99,04/10/15 08:01,-3.078862,-64.819945
1,99,04/10/15 10:01,-3.078848,-64.819996
1,99,04/10/15 12:00,-3.078856,-64.819975
1,99,04/10/15 14:00,-3.078878,-64.820026
1,99,04/10/15 16:02,-3.078893,-64.820059
1,99,04/10/15 18:01,-3.078819,-64.820044
1,99,04/10/15 20:00,-3.07887,-64.81998
1,99,04/10/15 22:00,-3.078947,-64.82222
1,99,04/11/15 00:01,-3.079036,-64.82242
1,99,04/11/15 02:00,-3.079071,-64.822346
1,99,04/11/15 04:00,-3.079074,-64.822379
1,99,04/11/15 06:00,-3.079008,-64.822442
1,99,04/11/15 08:00,-3.079057,-64.822376
1,99,04/11/15 10:00,-3.07875,-64.822404
1,99,04/11/15 12:00,-3.078924,-64.822304
1,99,04/11/15 14:00,-3.078971,-64.822384
1,99,04/11/15 16:01,-3.07895,-64.822424
5,99,04/11/15 20:01,-3.076731,-64.825256
5,99,04/11/15 22:01,-3.079735,-64.824054
5,99,04/12/15 00:00,-3.08093,-64.823905
5,99,04/12/15 02:01,-3.07667,-64.825148
5,99,04/12/15 06:01,-3.078197,-64.827142
5,99,04/12/15 10:00,-3.077151,-64.827013
5,99,04/12/15 12:00,-3.077237,-64.827099
5,99,04/12/15 14:00,-3.077141,-64.82713
5,99,04/12/15 16:01,-3.077172,-64.827082
5,99,04/12/15 18:01,-3.077262,-64.827155
5,99,04/12/15 20:01,-3.081397,-64.831024
5,99,04/12/15 22:00,-3.082612,-64.831297
5,99,04/13/15 00:01,-3.082617,-64.831243
5,99,04/13/15 02:00,-3.082649,-64.831244
5,99,04/13/15 04:01,-3.080221,-64.833181
5,99,04/13/15 06:00,-3.080039,-64.833278
5,99,04/13/15 08:00,-3.080131,-64.833271
5,99,04/13/15 10:00,-3.080082,-64.833048
5,99,04/13/15 12:01,-3.080137,-64.833132
5,99,04/13/15 14:01,-3.080104,-64.833219
5,99,04/13/15 16:02,-3.08009,-64.833186
5,99,04/13/15 18:02,-3.081465,-64.83501
5,99,04/13/15 20:00,-3.08146,-64.834969
5,99,04/13/15 22:00,-3.081519,-64.835012
5,99,04/14/15 00:00,-3.081621,-64.835306
5,99,04/14/15 02:00,-3.081651,-64.835038
5,99,04/14/15 04:00,-3.081552,-64.835035
5,99,04/14/15 06:01,-3.083166,-64.833134
5,99,04/14/15 08:01,-3.083063,-64.833064
5,99,04/14/15 10:02,-3.083146,-64.833143
5,99,04/14/15 12:01,-3.0834,-64.833272
5,99,04/14/15 14:02,-3.083158,-64.833044
5,99,04/14/15 16:00,-3.083188,-64.833141
5,99,04/14/15 18:01,-3.083299,-64.833187
5,99,04/14/15 20:00,-3.083247,-64.833174
5,99,04/14/15 22:00,-3.083846,-64.834544
5,99,04/15/15 00:00,-3.08386,-64.834376
5,99,04/15/15 02:02,-3.084231,-64.834073
5,99,04/15/15 06:01,-3.091156,-64.841236
5,99,04/15/15 08:00,-3.091253,-64.841172
5,99,04/15/15 10:00,-3.091229,-64.841193
5,99,04/15/15 12:00,-3.091168,-64.841159
5,99,04/15/15 14:00,-3.091165,-64.8412
5,99,04/15/15 16:00,-3.091156,-64.841125
5,99,04/15/15 18:00,-3.091165,-64.841157
5,99,04/15/15 20:00,-3.091161,-64.841278
5,99,04/16/15 02:01,-3.096304,-64.835741
5,99,04/16/15 04:00,-3.096289,-64.835786
5,99,04/16/15 06:02,-3.096293,-64.835741
5,99,04/16/15 08:00,-3.096302,-64.83575
5,99,04/16/15 10:01,-3.096262,-64.835866
5,99,04/16/15 12:01,-3.095708,-64.837544
5,99,04/16/15 14:00,-3.095982,-64.837724
5,99,04/16/15 18:01,-3.096042,-64.837687
5,99,04/16/15 20:01,-3.096113,-64.837632
5,99,04/17/15 00:01,-3.095953,-64.837641
5,99,04/17/15 02:00,-3.095951,-64.837653
5,99,04/17/15 04:01,-3.095927,-64.837469
5,99,04/17/15 06:01,-3.096021,-64.837675
5,99,04/17/15 08:00,-3.096071,-64.837632
5,99,04/17/15 10:00,-3.09602,-64.837632
5,99,04/17/15 12:01,-3.096034,-64.837719
5,99,04/17/15 14:01,-3.095998,-64.837676
5,99,04/17/15 16:01,-3.096062,-64.837651
5,99,04/17/15 18:00,-3.095553,-64.839243
5,99,04/17/15 20:00,-3.095547,-64.839153
5,99,04/17/15 22:01,-3.096569,-64.840489
5,99,04/18/15 00:01,-3.097251,-64.839065
5,99,04/18/15 02:00,-3.097211,-64.839158
5,99,04/18/15 04:01,-3.097468,-64.838637
5,99,04/18/15 06:00,-3.098839,-64.834148
5,99,04/18/15 08:00,-3.099019,-64.834132
5,99,04/18/15 10:01,-3.098596,-64.835046
5,99,04/18/15 12:00,-3.098599,-64.835009
5,99,04/18/15 14:00,-3.098608,-64.834986
5,99,04/18/15 16:00,-3.098617,-64.835096
5,99,04/18/15 18:01,-3.098678,-64.835267
5,99,04/18/15 20:00,-3.098568,-64.835005
5,99,04/19/15 00:00,-3.092749,-64.837316
5,99,04/19/15 02:01,-3.092833,-64.837316
5,99,04/19/15 04:01,-3.092757,-64.837397
5,99,04/19/15 06:01,-3.092686,-64.837427
5,99,04/19/15 08:01,-3.092232,-64.837791
5,99,04/19/15 10:00,-3.092282,-64.83776
5,99,04/19/15 12:01,-3.092222,-64.837766
5,99,04/19/15 14:01,-3.092256,-64.837799
5,99,04/19/15 16:01,-3.092262,-64.837867
5,99,04/19/15 18:00,-3.091888,-64.837909
5,99,04/19/15 20:01,-3.092043,-64.837725
5,99,04/19/15 22:00,-3.093297,-64.841466
5,99,04/20/15 00:00,-3.092211,-64.842385
5,99,04/20/15 02:01,-3.092486,-64.842533
5,99,04/20/15 04:01,-3.092205,-64.842302
5,99,04/20/15 06:00,-3.092181,-64.842398
5,99,04/20/15 10:00,-3.088425,-64.848649
5,99,04/20/15 12:00,-3.088693,-64.849435
5,99,04/20/15 14:00,-3.086718,-64.850314
5,99,04/20/15 16:01,-3.086704,-64.850289
5,99,04/20/15 18:01,-3.086643,-64.850272
5,99,04/20/15 20:02,-3.086825,-64.850472
5,99,04/20/15 22:01,-3.086744,-64.850206
5,99,04/21/15 00:00,-3.086775,-64.85032
5,99,04/21/15 02:00,-3.086851,-64.850332
5,99,04/21/15 04:00,-3.087435,-64.848417
5,99,04/21/15 06:00,-3.087273,-64.848671
5,99,04/21/15 08:01,-3.08778,-64.84751
5,99,04/21/15 10:00,-3.087529,-64.848551
5,99,04/21/15 12:03,-3.087372,-64.84864
5,99,04/21/15 14:00,-3.087492,-64.848626
5,99,04/21/15 16:01,-3.087447,-64.848585
5,99,04/21/15 18:00,-3.087429,-64.848683
4,99,04/22/15 02:00,-3.077265,-64.861796
4,99,04/22/15 04:01,-3.069971,-64.869262
4,99,04/22/15 06:00,-3.070045,-64.869184
4,99,04/22/15 08:00,-3.070041,-64.869125
4,99,04/22/15 12:02,-3.068372,-64.871903
4,99,04/22/15 14:02,-3.068214,-64.871925
4,99,04/22/15 18:02,-3.068112,-64.871875
4,99,04/22/15 20:00,-3.067895,-64.869094
4,99,04/22/15 22:00,-3.068694,-64.868607
4,99,04/23/15 00:02,-3.069387,-64.868664
4,99,04/23/15 02:01,-3.070353,-64.869651
4,99,04/23/15 14:01,-3.068591,-64.871628
4,99,04/23/15 16:02,-3.071819,-64.869077
4,99,04/23/15 18:01,-3.071972,-64.869006
4,99,04/23/15 20:02,-3.072012,-64.869019
4,99,04/24/15 00:00,-3.071886,-64.868898
4,99,04/24/15 02:01,-3.071933,-64.868962
4,99,04/24/15 04:01,-3.072105,-64.868916
4,99,04/24/15 06:01,-3.071984,-64.868969
4,99,04/24/15 08:01,-3.071973,-64.868939
4,99,04/24/15 10:01,-3.071981,-64.868901
4,99,04/24/15 12:00,-3.071967,-64.868958
4,99,04/24/15 14:00,-3.071908,-64.868826
4,99,04/24/15 16:02,-3.07193,-64.868808
4,99,04/24/15 18:01,-3.073126,-64.871172
4,99,04/24/15 20:00,-3.078629,-64.872547
4,99,04/24/15 22:01,-3.08012,-64.873414
4,99,04/25/15 00:01,-3.078355,-64.873975
4,99,04/25/15 02:00,-3.078356,-64.874012
4,99,04/25/15 06:01,-3.078321,-64.873889
4,99,04/25/15 08:00,-3.078219,-64.87385
4,99,04/25/15 10:01,-3.078054,-64.873892
4,99,04/25/15 12:02,-3.078225,-64.873887
4,99,04/25/15 14:00,-3.078391,-64.87366
4,99,04/25/15 16:00,-3.078388,-64.874033
4,99,04/25/15 18:00,-3.078185,-64.873946
4,99,04/25/15 20:01,-3.078228,-64.873914
4,99,04/25/15 22:01,-3.078113,-64.874007
4,99,04/26/15 00:00,-3.078221,-64.873912
4,99,04/26/15 02:02,-3.072407,-64.868552
4,99,04/26/15 04:00,-3.078213,-64.873928
4,99,04/26/15 06:00,-3.078387,-64.873859
4,99,04/26/15 08:02,-3.070107,-64.872731
4,99,04/26/15 10:01,-3.070106,-64.872547
4,99,04/26/15 12:00,-3.070142,-64.872652
4,99,04/26/15 14:00,-3.07017,-64.872696
4,99,04/26/15 16:00,-3.070213,-64.872692
4,99,04/26/15 18:00,-3.070168,-64.872833
4,99,04/26/15 20:00,-3.070194,-64.872799
4,99,04/26/15 22:00,-3.070173,-64.872742
4,99,04/27/15 00:00,-3.070156,-64.872834
4,99,04/27/15 02:00,-3.070152,-64.872753
4,99,04/27/15 04:01,-3.070137,-64.872992
4,99,04/27/15 06:01,-3.069982,-64.872399
4,99,04/27/15 08:01,-3.07,-64.872697
4,99,04/27/15 10:00,-3.070266,-64.873083
4,99,04/27/15 12:02,-3.070164,-64.872738
4,99,04/27/15 14:00,-3.070138,-64.872849
4,99,04/27/15 16:00,-3.070165,-64.872784
4,99,04/27/15 18:01,-3.070133,-64.872846
4,99,04/27/15 20:01,-3.0702,-64.873094
4,99,04/28/15 00:01,-3.069732,-64.875517
4,99,04/28/15 02:00,-3.069954,-64.875599
4,99,04/28/15 04:01,-3.069997,-64.875354
4,99,04/28/15 06:00,-3.069952,-64.875455
4,99,04/28/15 08:01,-3.070016,-64.875532
4,99,04/28/15 14:01,-3.071847,-64.871717
4,99,04/28/15 16:00,-3.071858,-64.871656
4,99,04/28/15 18:01,-3.072997,-64.87142
4,99,04/28/15 20:01,-3.072347,-64.867523
4,99,04/28/15 22:00,-3.073018,-64.865652
4,99,04/29/15 00:00,-3.072914,-64.865631
4,99,04/29/15 02:00,-3.07293,-64.865649
4,99,04/29/15 06:03,-3.071275,-64.869257
4,99,04/29/15 08:02,-3.071257,-64.869303
4,99,04/29/15 10:01,-3.071374,-64.869191
4,99,04/29/15 12:01,-3.071327,-64.869169
4,99,04/29/15 14:00,-3.071343,-64.869146
4,99,04/29/15 18:02,-3.07136,-64.869336
4,99,04/29/15 22:02,-3.060853,-64.862854
4,99,04/30/15 00:00,-3.058368,-64.86033
4,99,04/30/15 02:00,-3.058308,-64.860445
4,99,04/30/15 04:00,-3.058391,-64.860393
4,99,04/30/15 06:01,-3.058391,-64.860412
4,99,04/30/15 08:01,-3.058353,-64.860502
4,99,04/30/15 10:00,-3.05839,-64.860421
4,99,04/30/15 12:01,-3.058328,-64.860339
4,99,04/30/15 14:00,-3.058322,-64.860408
4,99,04/30/15 16:00,-3.058359,-64.860413
4,99,04/30/15 18:02,-3.056067,-64.862939
4,99,04/30/15 20:01,-3.052844,-64.868341
4,99,04/30/15 22:00,-3.053246,-64.86798
4,99,05/01/15 00:00,-3.051744,-64.867459
4,99,05/01/15 02:00,-3.05174,-64.867505
4,99,05/01/15 04:00,-3.051707,-64.867458
4,99,05/01/15 06:01,-3.051795,-64.867453
4,99,05/01/15 08:00,-3.051774,-64.867633
4,99,05/01/15 12:00,-3.051772,-64.867668
4,99,05/01/15 14:00,-3.051672,-64.867603
4,99,05/01/15 16:01,-3.051596,-64.867733
4,99,05/01/15 18:02,-3.049557,-64.868194
4,99,05/01/15 20:01,-3.052404,-64.871312
4,99,05/01/15 22:00,-3.052583,-64.869593
4,99,05/02/15 00:01,-3.052583,-64.869431
4,99,05/02/15 02:00,-3.052537,-64.869403
4,99,05/02/15 04:00,-3.052525,-64.869445
4,99,05/02/15 06:01,-3.052908,-64.86927
4,99,05/02/15 08:00,-3.052592,-64.869445
4,99,05/02/15 10:00,-3.052611,-64.869433
4,99,05/02/15 14:00,-3.052593,-64.86946
4,99,05/02/15 16:00,-3.052718,-64.86961
4,99,05/02/15 20:01,-3.050391,-64.86985
4,99,05/02/15 22:01,-3.050606,-64.870111
4,99,05/03/15 02:00,-3.05069,-64.870073
4,99,05/03/15 04:01,-3.049445,-64.867952
4,99,05/03/15 06:00,-3.049356,-64.867888
4,99,05/03/15 08:01,-3.049539,-64.867857
4,99,05/03/15 10:01,-3.049392,-64.867978
4,99,05/03/15 12:01,-3.049492,-64.867798
4,99,05/03/15 14:00,-3.049471,-64.867859
4,99,05/03/15 16:00,-3.049401,-64.867829
4,99,05/03/15 18:00,-3.049367,-64.867843
4,99,05/03/15 20:01,-3.047803,-64.864268
4,99,05/03/15 22:01,-3.045499,-64.864799
4,99,05/04/15 04:01,-3.04577,-64.86501
4,99,05/04/15 06:01,-3.045801,-64.865075
4,99,05/04/15 08:00,-3.04589,-64.86511
4,99,05/04/15 10:00,-3.045741,-64.865163
4,99,05/04/15 12:00,-3.045845,-64.865086
4,99,05/04/15 14:00,-3.045794,-64.865063
4,99,05/04/15 16:00,-3.045878,-64.865114
4,99,05/04/15 18:01,-3.045198,-64.866608
4,99,05/04/15 20:00,-3.045606,-64.867312
4,99,05/04/15 22:03,-3.045635,-64.867284
4,99,05/05/15 00:00,-3.04566,-64.86722
4,99,05/05/15 02:01,-3.045665,-64.867158
4,99,05/05/15 04:00,-3.045545,-64.867124
4,99,05/05/15 06:00,-3.044747,-64.865988
4,99,05/05/15 08:01,-3.044467,-64.86636
2,99,05/05/15 10:00,-3.041539,-64.864344
2,99,05/05/15 12:00,-3.041464,-64.864506
2,99,05/05/15 14:00,-3.041482,-64.864425
2,99,05/05/15 16:01,-3.041493,-64.864507
2,99,05/05/15 18:00,-3.04151,-64.864349
2,99,05/05/15 22:01,-3.039315,-64.867424
2,99,05/06/15 00:01,-3.043387,-64.871313
2,99,05/06/15 02:00,-3.043263,-64.871396
2,99,05/06/15 04:00,-3.043366,-64.871316
2,99,05/06/15 08:00,-3.043166,-64.870382
2,99,05/06/15 10:00,-3.043361,-64.87131
2,99,05/06/15 12:01,-3.043439,-64.871589
2,99,05/06/15 14:00,-3.043346,-64.871275
2,99,05/06/15 16:02,-3.043372,-64.871468
2,99,05/06/15 18:01,-3.043479,-64.871352
2,99,05/06/15 20:02,-3.042918,-64.877355
2,99,05/06/15 22:00,-3.041651,-64.879255
2,99,05/07/15 00:00,-3.041536,-64.879183
2,99,05/07/15 02:00,-3.041616,-64.879148
2,99,05/07/15 06:00,-3.03628,-64.869253
2,99,05/07/15 08:01,-3.038009,-64.869707
2,99,05/07/15 10:01,-3.038205,-64.869551
2,99,05/07/15 12:00,-3.038035,-64.869737
2,99,05/07/15 14:00,-3.037964,-64.869755
2,99,05/07/15 16:00,-3.037988,-64.869713
2,99,05/07/15 18:01,-3.037908,-64.869792
2,99,05/07/15 20:00,-3.040079,-64.868788
2,99,05/07/15 22:01,-3.039991,-64.868533
2,99,05/08/15 00:00,-3.039998,-64.868777
4,99,05/08/15 04:00,-3.044737,-64.866053
4,99,05/08/15 06:01,-3.044661,-64.86602
4,99,05/08/15 08:01,-3.045582,-64.865621
4,99,05/08/15 10:00,-3.044799,-64.866182
4,99,05/08/15 12:01,-3.044837,-64.866037
4,99,05/08/15 14:01,-3.044756,-64.866077
4,99,05/08/15 16:01,-3.044641,-64.865945
4,99,05/08/15 18:01,-3.044732,-64.866059
4,99,05/08/15 20:00,-3.045735,-64.868895
2,99,05/08/15 22:00,-3.041173,-64.866402
2,99,05/09/15 00:01,-3.041765,-64.860612
2,99,05/09/15 02:00,-3.041779,-64.860545
2,99,05/09/15 04:00,-3.041787,-64.860503
2,99,05/09/15 06:00,-3.041883,-64.860483
2,99,05/09/15 08:02,-3.041824,-64.860538
2,99,05/09/15 10:02,-3.041919,-64.860388
2,99,05/09/15 12:00,-3.04189,-64.860565
2,99,05/09/15 14:00,-3.041817,-64.860606
2,99,05/09/15 16:00,-3.041869,-64.86072
2,99,05/09/15 18:01,-3.041906,-64.860523
2,99,05/09/15 20:00,-3.041876,-64.860535
4,99,05/09/15 22:01,-3.04482,-64.861188
4,99,05/10/15 00:01,-3.048005,-64.862785
4,99,05/10/15 02:00,-3.04792,-64.862487
4,99,05/10/15 04:01,-3.047957,-64.862528
4,99,05/10/15 06:01,-3.048011,-64.862582
4,99,05/10/15 08:01,-3.048015,-64.862619
4,99,05/10/15 10:00,-3.047965,-64.862576
4,99,05/10/15 12:00,-3.047982,-64.862532
4,99,05/10/15 14:01,-3.047942,-64.862553
4,99,05/10/15 16:00,-3.047863,-64.86254
4,99,05/10/15 18:01,-3.052434,-64.867644
4,99,05/10/15 20:00,-3.052442,-64.867668
4,99,05/10/15 22:00,-3.052435,-64.867741
4,99,05/11/15 00:00,-3.052357,-64.867648
4,99,05/11/15 02:01,-3.052275,-64.867504
4,99,05/11/15 04:00,-3.054004,-64.869377
4,99,05/11/15 06:01,-3.058273,-64.87153
4,99,05/11/15 08:01,-3.05834,-64.871581
4,99,05/11/15 10:01,-3.056919,-64.873747
4,99,05/11/15 12:00,-3.056924,-64.873816
4,99,05/11/15 14:00,-3.056855,-64.873765
4,99,05/11/15 16:01,-3.054116,-64.877158
4,99,05/11/15 18:01,-3.053909,-64.877116
4,99,05/11/15 20:00,-3.053928,-64.877121
4,99,05/11/15 22:00,-3.050092,-64.869211
4,99,05/12/15 00:00,-3.050095,-64.869152
4,99,05/12/15 02:00,-3.050079,-64.869203
4,99,05/12/15 04:00,-3.050049,-64.869194
4,99,05/12/15 06:00,-3.050081,-64.869187
4,99,05/12/15 12:00,-3.052479,-64.861009
4,99,05/12/15 14:00,-3.052407,-64.860917
4,99,05/12/15 18:00,-3.05247,-64.860968
4,99,05/12/15 20:01,-3.052433,-64.86094
4,99,05/12/15 22:00,-3.055994,-64.86123
4,99,05/13/15 00:00,-3.052258,-64.859638
4,99,05/13/15 02:01,-3.052195,-64.859359
4,99,05/13/15 04:01,-3.052178,-64.859235
4,99,05/13/15 06:00,-3.052499,-64.856507
4,99,05/13/15 08:00,-3.052476,-64.85651
4,99,05/13/15 10:00,-3.052464,-64.856609
4,99,05/13/15 12:00,-3.052452,-64.856701
4,99,05/13/15 14:01,-3.052411,-64.856447
4,99,05/13/15 16:01,-3.052517,-64.85608
4,99,05/13/15 18:01,-3.052712,-64.8558
4,99,05/13/15 20:00,-3.052715,-64.855829
4,99,05/13/15 22:00,-3.052852,-64.855848
4,99,05/14/15 00:00,-3.052717,-64.855875
4,99,05/14/15 02:00,-3.052773,-64.855894
4,99,05/14/15 04:00,-3.050245,-64.854949
4,99,05/14/15 06:00,-3.050304,-64.85469
4,99,05/14/15 10:01,-3.049414,-64.857265
4,99,05/14/15 12:00,-3.049512,-64.857304
4,99,05/14/15 14:02,-3.049517,-64.857349
4,99,05/14/15 16:01,-3.049489,-64.857424
4,99,05/14/15 18:00,-3.049479,-64.857263
4,99,05/14/15 20:00,-3.049442,-64.857458
4,99,05/14/15 22:00,-3.049481,-64.857285
4,99,05/15/15 00:01,-3.049553,-64.85735
4,99,05/15/15 02:01,-3.04952,-64.857355
4,99,05/15/15 04:00,-3.049507,-64.857384
4,99,05/15/15 06:00,-3.048848,-64.859326
4,99,05/15/15 08:01,-3.048671,-64.859383
4,99,05/15/15 10:00,-3.04857,-64.859437
4,99,05/15/15 12:00,-3.048629,-64.859385
4,99,05/15/15 14:01,-3.048673,-64.859399
4,99,05/15/15 16:00,-3.048706,-64.859408
4,99,05/15/15 18:01,-3.048653,-64.859371
4,99,05/15/15 22:01,-3.047016,-64.863792
4,99,05/16/15 00:00,-3.047237,-64.86369
4,99,05/16/15 02:00,-3.047255,-64.863664
4,99,05/16/15 06:00,-3.056046,-64.862851
4,99,05/16/15 08:00,-3.056025,-64.862817
4,99,05/16/15 10:00,-3.05606,-64.862818
4,99,05/16/15 12:00,-3.056039,-64.86288
4,99,05/16/15 14:00,-3.056066,-64.862799
4,99,05/16/15 16:00,-3.056052,-64.862921
4,99,05/16/15 18:00,-3.055897,-64.862732
4,99,05/16/15 20:01,-3.056006,-64.862937
4,99,05/17/15 00:00,-3.05837,-64.860434
4,99,05/17/15 02:00,-3.058417,-64.860329
4,99,05/17/15 04:00,-3.058307,-64.860447
4,99,05/17/15 06:00,-3.058401,-64.860347
4,99,05/17/15 08:00,-3.058315,-64.8604
4,99,05/17/15 10:00,-3.058368,-64.86027
4,99,05/17/15 12:00,-3.05834,-64.860452
4,99,05/17/15 14:01,-3.058368,-64.860153
4,99,05/17/15 16:00,-3.058377,-64.860396
4,99,05/17/15 18:00,-3.058396,-64.860477
4,99,05/17/15 20:01,-3.058404,-64.860479
4,99,05/17/15 22:01,-3.058432,-64.860485
4,99,05/18/15 00:00,-3.058202,-64.860364
4,99,05/18/15 02:00,-3.058262,-64.860481
4,99,05/18/15 04:01,-3.057982,-64.862033
4,99,05/18/15 06:01,-3.058047,-64.862085
4,99,05/18/15 08:01,-3.058132,-64.862094
4,99,05/18/15 10:00,-3.057993,-64.862059
4,99,05/18/15 12:01,-3.057919,-64.862108
4,99,05/18/15 14:00,-3.058013,-64.862105
4,99,05/18/15 16:00,-3.058009,-64.862121
4,99,05/18/15 18:02,-3.058042,-64.862111
4,99,05/18/15 20:00,-3.057884,-64.862117
4,99,05/19/15 00:00,-3.057272,-64.864501
4,99,05/19/15 02:00,-3.057307,-64.864488
4,99,05/19/15 04:00,-3.05725,-64.86443
4,99,05/19/15 06:00,-3.057464,-64.864352
4,99,05/19/15 08:02,-3.057281,-64.86424
4,99,05/19/15 10:01,-3.057397,-64.864201
4,99,05/19/15 12:02,-3.057206,-64.864485
4,99,05/19/15 14:01,-3.057278,-64.864419
4,99,05/19/15 16:01,-3.057316,-64.864383
4,99,05/19/15 18:00,-3.057287,-64.864423
4,99,05/19/15 20:00,-3.057169,-64.864452
4,99,05/19/15 22:00,-3.057247,-64.864323
4,99,05/20/15 00:00,-3.057188,-64.864196
4,99,05/20/15 02:00,-3.057345,-64.864435
4,99,05/20/15 04:00,-3.058324,-64.864279
4,99,05/20/15 06:00,-3.059005,-64.864532
4,99,05/20/15 08:00,-3.059007,-64.864439
4,99,05/20/15 10:00,-3.059047,-64.864467
4,99,05/20/15 12:00,-3.058982,-64.864556
4,99,05/20/15 14:00,-3.059066,-64.864481
4,99,05/20/15 16:01,-3.059103,-64.864469
4,99,05/20/15 18:00,-3.063718,-64.859751
4,99,05/20/15 20:00,-3.063876,-64.859743
4,99,05/20/15 22:00,-3.063624,-64.859859
4,99,05/21/15 00:00,-3.064193,-64.859657
4,99,05/21/15 02:00,-3.063876,-64.859721
4,99,05/21/15 04:00,-3.065192,-64.858371
4,99,05/21/15 06:00,-3.065133,-64.858363
4,99,05/21/15 08:00,-3.065212,-64.858403
4,99,05/21/15 10:01,-3.065464,-64.858605
4,99,05/21/15 12:00,-3.065391,-64.858598
4,99,05/21/15 14:00,-3.065471,-64.858554
4,99,05/21/15 16:00,-3.065369,-64.858624
4,99,05/21/15 18:01,-3.065532,-64.858635
4,99,05/21/15 20:00,-3.065348,-64.858603
4,99,05/21/15 22:00,-3.06541,-64.858595
4,99,05/22/15 02:01,-3.067301,-64.8579
4,99,05/22/15 04:01,-3.067321,-64.857939
4,99,05/22/15 06:00,-3.067351,-64.857895
4,99,05/22/15 08:02,-3.067368,-64.857351
4,99,05/22/15 10:00,-3.06746,-64.857369
4,99,05/22/15 12:00,-3.067485,-64.857319
4,99,05/22/15 14:00,-3.067382,-64.857329
4,99,05/22/15 16:01,-3.067415,-64.857411
4,99,05/22/15 18:00,-3.073075,-64.853069
4,99,05/22/15 20:00,-3.073106,-64.852898
4,99,05/22/15 22:01,-3.07307,-64.852921
4,99,05/23/15 00:00,-3.073163,-64.852931
4,99,05/23/15 02:00,-3.070128,-64.849586
4,99,05/23/15 04:01,-3.069995,-64.848339
4,99,05/23/15 06:01,-3.069962,-64.84839
4,99,05/23/15 08:00,-3.06996,-64.848375
4,99,05/23/15 10:01,-3.069965,-64.848252
4,99,05/23/15 12:00,-3.070078,-64.848366
4,99,05/23/15 14:00,-3.069943,-64.848467
4,99,05/23/15 16:00,-3.069862,-64.848404
4,99,05/23/15 18:01,-3.06998,-64.848331
4,99,05/23/15 20:01,-3.069972,-64.848411
5,99,05/23/15 22:02,-3.074781,-64.845167
5,99,05/24/15 00:01,-3.078025,-64.841486
5,99,05/24/15 02:01,-3.07823,-64.841577
4,99,05/24/15 06:00,-3.075882,-64.852933
4,99,05/24/15 08:00,-3.075802,-64.852601
4,99,05/24/15 10:01,-3.075082,-64.853618
4,99,05/24/15 12:01,-3.07578,-64.853589
4,99,05/24/15 14:02,-3.075798,-64.853706
5,99,05/24/15 16:02,-3.078473,-64.850668
5,99,05/24/15 18:00,-3.07847,-64.850694
5,99,05/24/15 20:01,-3.078434,-64.85074
5,99,05/24/15 22:01,-3.079863,-64.84599
5,99,05/25/15 00:03,-3.079786,-64.846124
5,99,05/25/15 02:00,-3.079828,-64.845959
5,99,05/25/15 04:02,-3.079891,-64.845986
5,99,05/25/15 06:00,-3.07995,-64.845949
5,99,05/25/15 08:01,-3.079899,-64.845908
5,99,05/25/15 10:01,-3.07988,-64.845927
5,99,05/25/15 12:01,-3.079803,-64.846049
5,99,05/25/15 14:01,-3.08002,-64.845871
5,99,05/25/15 16:00,-3.079929,-64.845913
5,99,05/25/15 20:01,-3.093331,-64.840365
5,99,05/25/15 22:00,-3.093358,-64.840297
5,99,05/26/15 00:00,-3.093341,-64.84034
5,99,05/26/15 02:00,-3.093237,-64.84034
5,99,05/26/15 04:01,-3.093105,-64.836785
5,99,05/26/15 06:00,-3.092834,-64.836762
5,99,05/26/15 08:00,-3.092821,-64.836654
5,99,05/26/15 10:00,-3.092858,-64.836718
5,99,05/26/15 12:01,-3.092794,-64.836819
5,99,05/26/15 14:00,-3.092871,-64.836703
5,99,05/26/15 16:00,-3.09297,-64.836711
5,99,05/26/15 18:00,-3.092882,-64.836756
7,99,05/26/15 22:01,-3.093843,-64.827067
5,99,05/27/15 00:00,-3.091091,-64.828062
5,99,05/27/15 02:00,-3.09108,-64.828206
5,99,05/27/15 04:00,-3.09097,-64.828073
5,99,05/27/15 06:00,-3.091004,-64.82809
5,99,05/27/15 08:02,-3.09352,-64.832303
5,99,05/27/15 10:00,-3.093499,-64.832126
5,99,05/27/15 12:01,-3.093619,-64.832202
5,99,05/27/15 14:01,-3.093559,-64.832365
5,99,05/27/15 16:00,-3.093588,-64.832297
5,99,05/27/15 18:00,-3.091419,-64.836212
5,99,05/27/15 20:01,-3.091527,-64.836243
5,99,05/27/15 22:00,-3.091519,-64.836158
5,99,05/28/15 00:00,-3.091579,-64.836259
5,99,05/28/15 02:01,-3.091531,-64.836209
5,99,05/28/15 04:01,-3.091524,-64.836232
5,99,05/28/15 08:00,-3.086483,-64.835056
5,99,05/28/15 10:00,-3.086417,-64.835195
5,99,05/28/15 12:00,-3.086447,-64.835117
5,99,05/28/15 14:01,-3.086333,-64.835135
5,99,05/28/15 16:00,-3.086447,-64.835073
5,99,05/28/15 18:01,-3.086524,-64.835717
5,99,05/28/15 20:01,-3.08911,-64.838526
5,99,05/29/15 00:01,-3.082111,-64.833652
5,99,05/29/15 02:00,-3.082079,-64.83355
5,99,05/29/15 04:01,-3.082087,-64.833707
5,99,05/29/15 06:01,-3.081801,-64.834385
5,99,05/29/15 08:00,-3.081806,-64.834424
5,99,05/29/15 10:00,-3.081761,-64.834332
5,99,05/29/15 12:00,-3.081781,-64.83445
5,99,05/29/15 14:01,-3.08167,-64.834432
5,99,05/29/15 16:00,-3.081599,-64.834307
5,99,05/29/15 18:01,-3.07984,-64.832465
5,99,05/29/15 20:00,-3.079827,-64.832338
5,99,05/29/15 22:01,-3.079432,-64.829548
5,99,05/30/15 00:00,-3.079476,-64.829562
5,99,05/30/15 02:00,-3.079489,-64.829577
5,99,05/30/15 04:00,-3.078656,-64.828866
5,99,05/30/15 06:01,-3.07863,-64.828978
5,99,05/30/15 08:00,-3.078688,-64.829133
5,99,05/30/15 10:00,-3.078626,-64.82906
5,99,05/30/15 12:00,-3.078646,-64.829133
5,99,05/30/15 14:00,-3.078658,-64.829108
5,99,05/30/15 16:00,-3.078646,-64.829175
5,99,05/30/15 18:00,-3.078668,-64.829068
5,99,05/30/15 20:02,-3.080946,-64.824048
5,99,05/30/15 22:01,-3.080929,-64.824094
5,99,05/31/15 00:01,-3.081015,-64.823743
5,99,05/31/15 02:00,-3.080965,-64.82399
5,99,05/31/15 04:00,-3.080424,-64.824756
5,99,05/31/15 06:00,-3.080806,-64.824096
5,99,05/31/15 08:01,-3.081022,-64.823987
5,99,05/31/15 10:02,-3.080862,-64.823998
5,99,05/31/15 12:02,-3.080848,-64.824038
5,99,05/31/15 16:01,-3.080986,-64.823993
5,99,05/31/15 18:00,-3.080998,-64.824065
5,99,05/31/15 20:01,-3.08094,-64.824134
5,99,05/31/15 22:01,-3.08094,-64.82403
5,99,06/01/15 00:00,-3.080888,-64.823998
1,99,06/01/15 04:00,-3.078673,-64.820999
1,99,06/01/15 06:00,-3.078645,-64.82088
1,99,06/01/15 08:00,-3.078745,-64.821043
1,99,06/01/15 10:00,-3.078871,-64.821214
1,99,06/01/15 12:00,-3.078657,-64.820986
1,99,06/01/15 14:01,-3.078732,-64.821077
1,99,06/01/15 16:01,-3.078614,-64.821016
1,99,06/01/15 20:00,-3.077823,-64.820515
1,99,06/01/15 22:01,-3.073072,-64.820565
5,99,06/02/15 02:02,-3.079516,-64.829582
5,99,06/02/15 04:01,-3.08348,-64.828505
5,99,06/02/15 06:00,-3.083377,-64.828479
5,99,06/02/15 08:00,-3.08331,-64.828419
5,99,06/02/15 10:00,-3.083355,-64.828509
5,99,06/02/15 12:00,-3.083474,-64.828404
5,99,06/02/15 14:00,-3.083338,-64.828442
5,99,06/02/15 16:00,-3.083272,-64.82828
5,99,06/02/15 20:00,-3.088791,-64.825413
7,99,06/02/15 22:00,-3.088844,-64.824234
7,99,06/03/15 00:00,-3.088844,-64.824209
7,99,06/03/15 02:01,-3.088399,-64.822021
7,99,06/03/15 04:00,-3.090011,-64.819933
7,99,06/03/15 06:00,-3.089613,-64.819748
7,99,06/03/15 08:01,-3.089801,-64.819744
7,99,06/03/15 10:01,-3.089965,-64.819678
7,99,06/03/15 12:00,-3.089414,-64.81992
7,99,06/03/15 14:02,-3.089824,-64.819663
7,99,06/03/15 16:01,-3.089757,-64.819744
7,99,06/03/15 18:01,-3.086936,-64.820267
7,99,06/03/15 20:00,-3.086594,-64.82121
7,99,06/03/15 22:01,-3.086553,-64.821214
7,99,06/04/15 00:01,-3.086594,-64.821156
7,99,06/04/15 02:00,-3.086616,-64.821158
7,99,06/04/15 04:01,-3.086585,-64.821131
7,99,06/04/15 06:01,-3.086555,-64.821135
7,99,06/04/15 08:01,-3.086596,-64.821087
7,99,06/04/15 10:02,-3.086497,-64.821079
7,99,06/04/15 12:00,-3.086534,-64.821177
7,99,06/04/15 14:00,-3.086561,-64.821099
7,99,06/04/15 16:00,-3.086535,-64.821243
1,99,06/04/15 18:01,-3.084063,-64.821077
1,99,06/04/15 20:01,-3.081629,-64.821702
1,99,06/04/15 22:00,-3.081193,-64.821635
1,99,06/05/15 00:01,-3.081675,-64.821495
1,99,06/05/15 02:00,-3.081694,-64.82146
1,99,06/05/15 04:00,-3.081647,-64.821348
1,99,06/05/15 06:00,-3.081687,-64.821496
1,99,06/05/15 08:00,-3.081708,-64.821425
1,99,06/05/15 10:00,-3.081687,-64.821407
1,99,06/05/15 12:00,-3.081647,-64.821416
1,99,06/05/15 14:00,-3.081734,-64.821431
1,99,06/05/15 16:01,-3.08171,-64.821489
1,99,06/05/15 18:02,-3.08167,-64.821897
1,99,06/05/15 22:00,-3.081523,-64.821655
1,99,06/06/15 02:01,-3.080348,-64.817112
1,99,06/06/15 04:00,-3.079451,-64.816886
1,99,06/06/15 06:01,-3.081438,-64.817641
1,99,06/06/15 08:00,-3.080873,-64.818562
1,99,06/06/15 10:00,-3.080935,-64.818557
1,99,06/06/15 12:00,-3.080877,-64.818582
1,99,06/06/15 14:00,-3.080938,-64.818566
1,99,06/06/15 16:00,-3.080942,-64.818611
1,99,06/06/15 18:00,-3.080911,-64.818627
1,99,06/06/15 22:00,-3.083946,-64.818351
1,99,06/07/15 00:00,-3.083913,-64.818325
1,99,06/07/15 02:00,-3.083944,-64.818351
1,99,06/07/15 04:00,-3.084002,-64.81829
1,99,06/07/15 06:00,-3.083955,-64.818414
1,99,06/07/15 08:00,-3.083965,-64.818321
1,99,06/07/15 10:00,-3.084018,-64.818322
1,99,06/07/15 12:00,-3.084045,-64.818363
1,99,06/07/15 14:01,-3.083965,-64.818375
1,99,06/07/15 16:02,-3.08385,-64.818361
1,99,06/07/15 18:01,-3.081599,-64.821503
5,99,06/07/15 20:01,-3.079558,-64.827398
5,99,06/07/15 22:00,-3.079492,-64.827572
5,99,06/08/15 00:01,-3.07949,-64.82774
5,99,06/08/15 02:01,-3.079444,-64.827712
5,99,06/08/15 04:01,-3.075613,-64.83137
5,99,06/08/15 06:01,-3.075516,-64.831354
5,99,06/08/15 08:00,-3.075533,-64.83148
5,99,06/08/15 10:01,-3.075475,-64.83146
5,99,06/08/15 12:00,-3.075509,-64.831413
5,99,06/08/15 14:00,-3.075541,-64.831336
5,99,06/08/15 16:01,-3.075566,-64.8315
5,99,06/08/15 20:00,-3.072291,-64.833942
5,99,06/08/15 22:00,-3.072408,-64.833845
5,99,06/09/15 00:00,-3.072658,-64.834479
5,99,06/09/15 02:01,-3.073195,-64.838096
5,99,06/09/15 04:03,-3.073053,-64.837765
5,99,06/09/15 06:00,-3.073287,-64.838191
5,99,06/09/15 08:00,-3.073221,-64.838086
5,99,06/09/15 10:00,-3.07326,-64.838314
5,99,06/09/15 12:02,-3.073136,-64.83802
5,99,06/09/15 14:00,-3.073243,-64.838281
5,99,06/09/15 16:00,-3.073135,-64.838061
5,99,06/09/15 20:00,-3.080546,-64.839794
5,99,06/09/15 22:00,-3.080586,-64.839799
5,99,06/10/15 00:00,-3.080639,-64.839902
5,99,06/10/15 02:02,-3.080598,-64.839883
5,99,06/10/15 04:01,-3.083512,-64.835879
5,99,06/10/15 06:00,-3.083621,-64.835778
5,99,06/10/15 08:00,-3.08366,-64.835883
5,99,06/10/15 10:00,-3.083666,-64.835851
5,99,06/10/15 12:00,-3.083604,-64.835845
5,99,06/10/15 14:00,-3.0836,-64.835817
5,99,06/10/15 16:00,-3.083636,-64.835873
5,99,06/10/15 18:02,-3.081905,-64.832565
5,99,06/10/15 20:01,-3.081732,-64.832517
5,99,06/10/15 22:00,-3.082339,-64.832068
5,99,06/11/15 00:00,-3.082648,-64.831361
5,99,06/11/15 02:01,-3.082641,-64.831326
5,99,06/11/15 04:01,-3.083397,-64.831988
5,99,06/11/15 06:00,-3.083449,-64.8319
5,99,06/11/15 08:02,-3.083411,-64.831973
5,99,06/11/15 10:01,-3.083439,-64.831977
5,99,06/11/15 12:00,-3.083415,-64.83196
5,99,06/11/15 14:02,-3.083404,-64.83194
5,99,06/11/15 16:01,-3.083398,-64.832005
5,99,06/11/15 18:00,-3.08347,-64.831922
5,99,06/11/15 20:02,-3.077348,-64.831755
5,99,06/11/15 22:00,-3.075618,-64.833344
5,99,06/12/15 02:00,-3.072265,-64.833867
5,99,06/12/15 04:00,-3.072377,-64.833891
5,99,06/12/15 06:02,-3.071708,-64.833887
5,99,06/12/15 08:00,-3.072304,-64.833827
5,99,06/12/15 10:00,-3.07229,-64.8339
5,99,06/12/15 12:00,-3.072279,-64.833903
5,99,06/12/15 14:00,-3.072214,-64.833908
4,99,06/12/15 18:01,-3.06369,-64.837995
4,99,06/12/15 20:02,-3.063569,-64.837864
4,99,06/12/15 22:02,-3.062174,-64.838891
4,99,06/13/15 00:00,-3.061855,-64.839674
4,99,06/13/15 02:01,-3.061904,-64.839766
4,99,06/13/15 04:02,-3.062629,-64.839326
4,99,06/13/15 06:00,-3.062779,-64.839503
4,99,06/13/15 08:00,-3.062737,-64.839403
4,99,06/13/15 10:01,-3.062701,-64.839237
4,99,06/13/15 12:00,-3.062755,-64.83941
4,99,06/13/15 14:01,-3.062773,-64.839271
4,99,06/13/15 16:01,-3.063123,-64.840297
4,99,06/13/15 18:00,-3.062974,-64.840239
4,99,06/13/15 20:01,-3.06301,-64.840236
5,99,06/14/15 00:01,-3.067936,-64.838824
5,99,06/14/15 02:00,-3.067882,-64.838834
5,99,06/14/15 04:00,-3.06791,-64.838834
5,99,06/14/15 06:01,-3.067652,-64.838726
5,99,06/14/15 08:00,-3.067999,-64.837426
5,99,06/14/15 10:01,-3.068141,-64.837618
5,99,06/14/15 12:02,-3.068207,-64.837614
5,99,06/14/15 14:00,-3.068114,-64.837413
5,99,06/14/15 16:01,-3.068112,-64.837434
5,99,06/14/15 18:00,-3.067775,-64.837641
5,99,06/14/15 20:00,-3.06811,-64.837406
5,99,06/14/15 22:01,-3.067971,-64.837318
5,99,06/15/15 00:00,-3.068009,-64.837406
5,99,06/15/15 02:01,-3.06814,-64.837629
5,99,06/15/15 04:01,-3.067519,-64.838864
5,99,06/15/15 06:01,-3.068619,-64.839447
5,99,06/15/15 08:00,-3.068671,-64.839383
5,99,06/15/15 10:00,-3.068705,-64.839288
5,99,06/15/15 12:01,-3.068623,-64.83939
5,99,06/15/15 14:01,-3.068637,-64.839317
5,99,06/15/15 18:02,-3.071527,-64.840218
5,99,06/15/15 20:01,-3.071543,-64.840139
5,99,06/15/15 22:00,-3.071563,-64.840039
5,99,06/16/15 00:00,-3.071527,-64.840146
5,99,06/16/15 02:01,-3.07153,-64.840087
5,99,06/16/15 04:01,-3.071468,-64.840136
5,99,06/16/15 06:00,-3.071607,-64.840066
5,99,06/16/15 08:00,-3.071499,-64.840134
5,99,06/16/15 10:00,-3.071649,-64.840052
5,99,06/16/15 12:01,-3.071609,-64.840096
5,99,06/16/15 14:00,-3.071559,-64.840043
5,99,06/16/15 16:00,-3.071515,-64.840102
5,99,06/16/15 18:00,-3.071737,-64.840071
5,99,06/16/15 20:00,-3.071574,-64.840126
5,99,06/16/15 22:00,-3.071585,-64.840033
5,99,06/17/15 00:01,-3.071562,-64.839996
5,99,06/17/15 02:00,-3.071571,-64.84012
5,99,06/17/15 04:00,-3.071514,-64.840078
5,99,06/17/15 06:00,-3.071456,-64.840049
5,99,06/17/15 08:00,-3.071627,-64.840095
5,99,06/17/15 10:02,-3.071837,-64.839859
5,99,06/17/15 12:01,-3.07155,-64.840035
5,99,06/17/15 14:01,-3.071604,-64.840063
5,99,06/17/15 16:00,-3.071565,-64.84004
5,99,06/17/15 18:00,-3.071528,-64.839971
5,99,06/17/15 20:01,-3.071532,-64.84003
5,99,06/17/15 22:01,-3.071636,-64.840154
5,99,06/18/15 00:02,-3.071575,-64.840099
5,99,06/18/15 02:00,-3.071475,-64.840011
5,99,06/18/15 04:01,-3.071599,-64.840088
5,99,06/18/15 06:01,-3.07162,-64.84009
5,99,06/18/15 08:01,-3.071656,-64.84012
5,99,06/18/15 10:00,-3.071524,-64.84005
5,99,06/18/15 12:01,-3.070704,-64.839569
5,99,06/18/15 14:00,-3.070769,-64.839686
5,99,06/18/15 16:00,-3.070992,-64.839573
5,99,06/18/15 18:00,-3.070538,-64.839621
5,99,06/18/15 20:00,-3.070771,-64.839668
5,99,06/18/15 22:00,-3.070817,-64.839527
5,99,06/19/15 00:00,-3.070834,-64.839336
5,99,06/19/15 02:01,-3.070784,-64.839601
5,99,06/19/15 04:00,-3.070794,-64.839586
5,99,06/19/15 06:01,-3.066935,-64.837626
5,99,06/19/15 08:00,-3.066984,-64.837669
5,99,06/19/15 10:01,-3.066915,-64.8378
5,99,06/19/15 12:01,-3.066902,-64.837652
5,99,06/19/15 14:01,-3.066899,-64.837786
5,99,06/19/15 16:00,-3.066864,-64.837671
5,99,06/19/15 18:01,-3.066825,-64.837487
5,99,06/19/15 20:00,-3.066944,-64.837784
5,99,06/19/15 22:00,-3.066773,-64.837931
5,99,06/20/15 00:00,-3.066859,-64.837764
5,99,06/20/15 02:00,-3.066874,-64.83761
5,99,06/20/15 04:00,-3.066884,-64.837783
5,99,06/20/15 06:00,-3.066615,-64.838109
5,99,06/20/15 08:01,-3.066586,-64.838065
5,99,06/20/15 10:00,-3.066525,-64.838081
5,99,06/20/15 14:01,-3.066581,-64.838057
5,99,06/20/15 16:00,-3.066464,-64.838237
5,99,06/20/15 18:01,-3.066564,-64.838125
5,99,06/20/15 20:01,-3.066601,-64.838166
4,99,06/20/15 22:01,-3.062975,-64.838226
4,99,06/21/15 00:02,-3.062991,-64.838194
4,99,06/21/15 02:00,-3.062836,-64.838079
5,99,06/21/15 04:00,-3.066404,-64.83573
5,99,06/21/15 06:00,-3.066487,-64.835512
5,99,06/21/15 08:00,-3.066567,-64.835408
5,99,06/21/15 10:02,-3.066386,-64.835359
5,99,06/21/15 12:00,-3.066634,-64.835458
5,99,06/21/15 14:00,-3.066567,-64.835407
5,99,06/21/15 16:01,-3.06676,-64.835692
5,99,06/21/15 18:00,-3.066647,-64.835612
5,99,06/21/15 20:00,-3.066596,-64.835476
5,99,06/21/15 22:00,-3.066578,-64.835723
5,99,06/22/15 00:00,-3.066566,-64.835577
5,99,06/22/15 02:00,-3.066598,-64.835602
5,99,06/22/15 06:00,-3.068834,-64.836005
5,99,06/22/15 08:00,-3.068902,-64.835965
5,99,06/22/15 10:01,-3.068762,-64.836075
5,99,06/22/15 14:00,-3.06878,-64.836309
5,99,06/22/15 16:01,-3.068812,-64.836264
5,99,06/22/15 18:00,-3.068752,-64.836356
5,99,06/22/15 20:01,-3.068708,-64.836261
5,99,06/22/15 22:00,-3.068709,-64.836282
5,99,06/23/15 00:00,-3.068756,-64.836178
5,99,06/23/15 02:00,-3.069067,-64.836512
5,99,06/23/15 04:01,-3.071439,-64.835486
5,99,06/23/15 06:00,-3.07143,-64.835316
5,99,06/23/15 08:01,-3.07146,-64.835469
5,99,06/23/15 10:00,-3.071475,-64.835524
5,99,06/23/15 12:00,-3.071412,-64.835432
5,99,06/23/15 16:00,-3.071458,-64.835466
5,99,06/23/15 18:00,-3.071405,-64.835476
5,99,06/23/15 20:00,-3.073827,-64.839219
5,99,06/23/15 22:00,-3.0762,-64.841777
5,99,06/24/15 00:00,-3.076216,-64.841741
5,99,06/24/15 02:00,-3.076186,-64.841744
5,99,06/24/15 04:00,-3.074553,-64.842655
5,99,06/24/15 06:00,-3.074516,-64.84273
5,99,06/24/15 10:01,-3.071105,-64.84171
5,99,06/24/15 12:00,-3.069246,-64.84075
5,99,06/24/15 14:00,-3.069266,-64.840822
5,99,06/24/15 16:00,-3.069301,-64.840894
5,99,06/24/15 18:00,-3.069253,-64.840766
5,99,06/24/15 20:01,-3.069086,-64.837984
5,99,06/24/15 22:01,-3.068133,-64.837469
5,99,06/25/15 00:00,-3.068035,-64.837366
5,99,06/25/15 02:00,-3.068196,-64.837463
5,99,06/25/15 04:00,-3.066171,-64.834756
5,99,06/25/15 06:00,-3.066112,-64.835016
5,99,06/25/15 08:00,-3.066123,-64.834941
5,99,06/25/15 10:00,-3.066055,-64.83486
5,99,06/25/15 12:00,-3.06602,-64.834922
5,99,06/25/15 14:00,-3.066042,-64.834919
5,99,06/25/15 16:00,-3.066113,-64.834894
5,99,06/25/15 18:00,-3.06624,-64.834882
5,99,06/25/15 20:00,-3.066748,-64.834523
5,99,06/25/15 22:00,-3.066798,-64.834502
5,99,06/26/15 00:00,-3.066852,-64.83446
5,99,06/26/15 02:00,-3.071268,-64.831163
5,99,06/26/15 04:00,-3.071201,-64.831051
5,99,06/26/15 08:02,-3.072213,-64.831475
5,99,06/26/15 10:00,-3.072187,-64.831389
5,99,06/26/15 12:00,-3.072188,-64.831392
5,99,06/26/15 14:01,-3.072083,-64.831886
5,99,06/26/15 16:00,-3.07334,-64.8308
5,99,06/26/15 18:00,-3.073324,-64.830932
5,99,06/26/15 20:00,-3.073497,-64.830782
5,99,06/26/15 22:00,-3.07336,-64.830889
5,99,06/27/15 02:01,-3.075236,-64.829654
5,99,06/27/15 04:01,-3.075512,-64.83149
5,99,06/27/15 06:00,-3.077601,-64.83259
5,99,06/27/15 08:02,-3.077765,-64.832605
5,99,06/27/15 10:01,-3.077677,-64.83254
5,99,06/27/15 12:00,-3.077803,-64.832831
5,99,06/27/15 14:01,-3.077697,-64.832741
5,99,06/27/15 18:00,-3.077576,-64.832625
5,99,06/27/15 20:00,-3.077471,-64.8327
5,99,06/27/15 22:00,-3.077359,-64.831651
5,99,06/28/15 00:01,-3.077341,-64.831882
5,99,06/28/15 02:01,-3.077312,-64.831782
5,99,06/28/15 04:02,-3.079957,-64.832568
5,99,06/28/15 06:00,-3.079845,-64.832454
5,99,06/28/15 08:00,-3.07974,-64.832205
5,99,06/28/15 10:01,-3.079897,-64.832468
5,99,06/28/15 12:01,-3.07984,-64.832457
5,99,06/28/15 14:00,-3.079851,-64.832477
5,99,06/28/15 16:00,-3.079719,-64.8324
5,99,06/28/15 18:00,-3.079824,-64.832526
5,99,06/29/15 00:00,-3.080172,-64.847955
5,99,06/29/15 02:00,-3.08004,-64.847946
5,99,06/29/15 04:02,-3.080055,-64.847773
5,99,06/29/15 06:01,-3.084445,-64.845652
5,99,06/29/15 08:01,-3.087107,-64.841629
5,99,06/29/15 10:00,-3.087033,-64.841397
5,99,06/29/15 14:01,-3.087112,-64.841625
5,99,06/29/15 16:01,-3.08711,-64.841549
5,99,06/29/15 18:02,-3.087064,-64.841722
5,99,06/29/15 20:00,-3.087017,-64.841747
5,99,06/29/15 22:00,-3.087016,-64.841751
5,99,06/30/15 00:00,-3.087045,-64.841829
5,99,06/30/15 02:00,-3.087083,-64.84173
5,99,06/30/15 04:02,-3.088894,-64.842699
5,99,06/30/15 06:01,-3.08827,-64.84244
5,99,06/30/15 08:00,-3.088864,-64.84264
5,99,06/30/15 10:01,-3.089453,-64.844067
5,99,06/30/15 12:01,-3.088867,-64.842658
5,99,06/30/15 14:01,-3.088885,-64.842697
5,99,06/30/15 16:00,-3.088879,-64.84258
5,99,06/30/15 18:00,-3.088734,-64.842625
5,99,06/30/15 20:01,-3.088928,-64.842599
5,99,06/30/15 22:00,-3.088821,-64.842598
5,99,07/01/15 00:01,-3.088283,-64.842301
5,99,07/01/15 02:00,-3.088215,-64.842217
5,99,07/01/15 04:01,-3.092861,-64.835629
5,99,07/01/15 06:00,-3.091429,-64.832535
5,99,07/01/15 08:00,-3.091537,-64.83253
5,99,07/01/15 10:02,-3.089471,-64.832084
5,99,07/01/15 12:01,-3.091048,-64.830965
5,99,07/01/15 14:00,-3.091017,-64.830849
5,99,07/01/15 16:00,-3.09101,-64.83088
5,99,07/01/15 18:00,-3.09094,-64.830846
5,99,07/01/15 20:00,-3.091001,-64.830879
5,99,07/01/15 22:00,-3.09097,-64.830811
5,99,07/02/15 00:00,-3.090841,-64.83081
5,99,07/02/15 02:00,-3.09097,-64.830825
5,99,07/02/15 04:00,-3.090967,-64.830885
5,99,07/02/15 06:00,-3.091066,-64.830834
5,99,07/02/15 08:01,-3.091006,-64.830733
5,99,07/02/15 10:00,-3.090865,-64.830819
5,99,07/02/15 12:01,-3.090939,-64.830829
5,99,07/02/15 14:01,-3.090972,-64.830877
5,99,07/02/15 18:00,-3.089595,-64.833125
5,99,07/02/15 20:00,-3.089573,-64.833102
5,99,07/02/15 22:00,-3.089509,-64.833105
5,99,07/03/15 00:00,-3.089512,-64.83315
5,99,07/03/15 02:01,-3.089508,-64.83325
5,99,07/03/15 04:00,-3.089654,-64.839159
5,99,07/03/15 08:02,-3.085926,-64.839596
5,99,07/03/15 12:00,-3.083938,-64.839598
5,99,07/03/15 14:00,-3.083826,-64.839533
5,99,07/03/15 16:00,-3.084018,-64.839332
5,99,07/03/15 18:00,-3.083835,-64.839514
5,99,07/03/15 20:00,-3.082586,-64.838572
5,99,07/03/15 22:01,-3.082042,-64.836697
5,99,07/04/15 00:01,-3.079768,-64.839104
5,99,07/04/15 02:00,-3.079723,-64.839124
5,99,07/04/15 06:02,-3.079756,-64.839097
5,99,07/04/15 08:00,-3.079516,-64.839306
5,99,07/04/15 10:00,-3.079704,-64.839195
5,99,07/04/15 14:01,-3.080145,-64.838854
5,99,07/04/15 16:01,-3.080132,-64.838834
5,99,07/04/15 18:02,-3.080127,-64.83884
5,99,07/04/15 20:00,-3.080045,-64.838807
5,99,07/04/15 22:01,-3.08011,-64.838827
5,99,07/05/15 00:01,-3.080178,-64.838958
5,99,07/05/15 02:00,-3.080235,-64.838797
5,99,07/05/15 04:01,-3.080144,-64.838882
5,99,07/05/15 06:01,-3.079998,-64.838866
5,99,07/05/15 08:01,-3.080132,-64.838808
5,99,07/05/15 10:00,-3.080214,-64.83887
5,99,07/05/15 12:00,-3.080196,-64.838826
5,99,07/05/15 14:02,-3.080109,-64.838852
5,99,07/05/15 16:00,-3.080135,-64.838844
5,99,07/05/15 18:00,-3.080204,-64.838936
5,99,07/05/15 20:01,-3.080143,-64.838751
5,99,07/05/15 22:00,-3.080109,-64.838834
5,99,07/06/15 00:00,-3.080178,-64.838862
5,99,07/06/15 02:00,-3.080064,-64.838882
5,99,07/06/15 04:01,-3.077964,-64.841483
5,99,07/06/15 06:00,-3.078043,-64.841539
5,99,07/06/15 08:00,-3.078066,-64.841668
5,99,07/06/15 10:02,-3.077949,-64.841732
5,99,07/06/15 12:01,-3.07795,-64.841532
5,99,07/06/15 14:00,-3.077982,-64.841584
5,99,07/06/15 16:01,-3.077937,-64.841598
5,99,07/06/15 18:00,-3.077992,-64.841591
5,99,07/06/15 22:00,-3.078616,-64.843121
5,99,07/07/15 00:00,-3.078688,-64.843111
5,99,07/07/15 02:01,-3.078979,-64.849545
5,99,07/07/15 04:00,-3.079055,-64.849587
5,99,07/07/15 06:00,-3.079067,-64.849589
5,99,07/07/15 08:00,-3.079028,-64.849542
5,99,07/07/15 10:00,-3.079038,-64.84953
5,99,07/07/15 12:00,-3.079045,-64.849599
5,99,07/07/15 14:01,-3.079033,-64.849585
5,99,07/07/15 16:00,-3.079052,-64.849619
5,99,07/07/15 18:00,-3.079011,-64.849541
5,99,07/07/15 20:00,-3.078977,-64.849767
5,99,07/07/15 22:01,-3.081632,-64.85532
4,99,07/08/15 00:01,-3.082109,-64.857888
4,99,07/08/15 02:01,-3.08555,-64.867175
4,99,07/08/15 04:01,-3.085666,-64.867229
4,99,07/08/15 06:00,-3.085696,-64.867095
4,99,07/08/15 08:00,-3.085664,-64.867158
4,99,07/08/15 10:02,-3.085932,-64.86712
4,99,07/08/15 12:00,-3.087033,-64.867374
4,99,07/08/15 14:01,-3.087027,-64.867502
4,99,07/08/15 16:02,-3.08622,-64.870839
4,99,07/08/15 18:00,-3.086319,-64.87064
4,99,07/08/15 20:00,-3.086157,-64.870815
4,99,07/08/15 22:00,-3.086213,-64.87076
4,99,07/09/15 00:00,-3.08621,-64.870738
4,99,07/09/15 02:01,-3.08619,-64.870838
4,99,07/09/15 06:02,-3.085865,-64.871539
4,99,07/09/15 08:01,-3.085983,-64.87143
4,99,07/09/15 10:00,-3.085844,-64.871457
4,99,07/09/15 12:00,-3.085918,-64.871535
4,99,07/09/15 14:00,-3.085929,-64.871308
4,99,07/09/15 16:01,-3.085915,-64.871415
4,99,07/09/15 18:00,-3.083909,-64.871566
4,99,07/09/15 20:00,-3.084331,-64.87255
4,99,07/09/15 22:00,-3.084346,-64.872654
4,99,07/10/15 00:01,-3.084239,-64.872629
4,99,07/10/15 02:00,-3.084288,-64.872814
4,99,07/10/15 04:00,-3.084519,-64.873006
4,99,07/10/15 06:00,-3.084429,-64.872928
4,99,07/10/15 08:01,-3.084845,-64.872799
4,99,07/10/15 10:02,-3.083043,-64.874679
4,99,07/10/15 12:00,-3.083048,-64.87466
4,99,07/10/15 14:00,-3.082977,-64.8747
4,99,07/10/15 16:00,-3.08306,-64.874694
4,99,07/10/15 18:00,-3.08244,-64.873731
4,99,07/10/15 20:00,-3.082313,-64.873477
4,99,07/10/15 22:00,-3.082359,-64.87351
4,99,07/11/15 00:01,-3.082571,-64.873719
4,99,07/11/15 04:00,-3.070165,-64.872913
4,99,07/11/15 06:01,-3.069582,-64.872771
4,99,07/11/15 08:01,-3.069564,-64.872752
4,99,07/11/15 10:00,-3.06957,-64.872692
4,99,07/11/15 12:00,-3.069592,-64.872742
4,99,07/11/15 14:01,-3.070087,-64.871958
4,99,07/11/15 16:00,-3.069603,-64.872786
4,99,07/11/15 18:02,-3.066558,-64.873979
4,99,07/11/15 20:01,-3.066445,-64.874051
4,99,07/11/15 22:00,-3.062786,-64.885764
4,99,07/12/15 00:01,-3.064407,-64.887135
4,99,07/12/15 02:00,-3.06416,-64.887144
4,99,07/12/15 06:00,-3.06398,-64.887037
4,99,07/12/15 10:01,-3.060058,-64.880438
4,99,07/12/15 12:00,-3.059829,-64.880377
4,99,07/12/15 14:00,-3.060063,-64.880393
4,99,07/12/15 16:01,-3.060044,-64.88038
4,99,07/12/15 18:00,-3.060302,-64.880327
4,99,07/12/15 20:01,-3.0582,-64.881722
4,99,07/13/15 00:00,-3.058906,-64.885123
4,99,07/13/15 02:00,-3.058845,-64.885074
4,99,07/13/15 04:00,-3.058845,-64.885027
4,99,07/13/15 08:00,-3.058962,-64.885027
4,99,07/13/15 10:00,-3.058859,-64.885135
4,99,07/13/15 12:00,-3.05895,-64.885021
4,99,07/13/15 14:00,-3.058893,-64.885093
4,99,07/13/15 16:01,-3.058857,-64.885115
4,99,07/13/15 18:00,-3.058883,-64.88494
4,99,07/13/15 20:00,-3.060006,-64.884417
4,99,07/13/15 22:02,-3.059925,-64.884473
4,99,07/14/15 00:01,-3.059968,-64.884238
4,99,07/14/15 02:00,-3.059958,-64.884475
4,99,07/14/15 04:00,-3.059062,-64.883607
4,99,07/14/15 06:01,-3.059805,-64.887159
4,99,07/14/15 08:00,-3.059808,-64.886997
4,99,07/14/15 10:00,-3.059867,-64.887052
4,99,07/14/15 12:00,-3.059861,-64.887076
4,99,07/14/15 14:00,-3.05999,-64.887162
4,99,07/14/15 16:01,-3.059815,-64.886888
4,99,07/14/15 18:00,-3.059927,-64.887213
4,99,07/14/15 20:00,-3.059855,-64.887163
4,99,07/14/15 22:00,-3.059939,-64.887246
4,99,07/15/15 00:00,-3.059846,-64.887127
4,99,07/15/15 02:00,-3.059857,-64.887057
4,99,07/15/15 04:01,-3.059819,-64.887152
4,99,07/15/15 06:01,-3.060032,-64.887038
4,99,07/15/15 08:01,-3.059835,-64.887072
4,99,07/15/15 10:01,-3.059594,-64.887204
4,99,07/15/15 14:00,-3.059893,-64.8873
4,99,07/15/15 16:01,-3.059913,-64.887095
4,99,07/15/15 18:01,-3.059874,-64.887168
4,99,07/15/15 20:00,-3.064031,-64.879391
4,99,07/16/15 02:00,-3.064387,-64.877503
4,99,07/16/15 04:01,-3.069314,-64.879545
4,99,07/16/15 06:01,-3.069431,-64.879275
4,99,07/16/15 14:00,-3.066056,-64.884911
4,99,07/16/15 16:01,-3.06439,-64.886355
4,99,07/16/15 18:00,-3.06447,-64.886229
4,99,07/16/15 20:00,-3.064455,-64.886361
4,99,07/16/15 22:00,-3.064598,-64.886315
4,99,07/17/15 00:00,-3.064431,-64.886351
4,99,07/17/15 02:00,-3.0645,-64.886279
4,99,07/17/15 04:00,-3.064395,-64.886346
4,99,07/17/15 06:00,-3.064413,-64.886427
4,99,07/17/15 08:00,-3.064368,-64.886444
4,99,07/17/15 10:02,-3.063591,-64.886718
4,99,07/17/15 14:02,-3.063667,-64.886681
4,99,07/17/15 18:00,-3.062147,-64.874765
4,99,07/17/15 22:00,-3.060416,-64.874501
4,99,07/18/15 00:01,-3.060475,-64.874494
4,99,07/18/15 02:00,-3.060479,-64.874419
4,99,07/18/15 04:00,-3.060471,-64.874497
4,99,07/18/15 06:00,-3.060513,-64.874309
4,99,07/18/15 08:00,-3.060481,-64.874519
4,99,07/18/15 10:01,-3.060439,-64.874433
4,99,07/18/15 12:01,-3.060415,-64.874305
4,99,07/18/15 14:00,-3.060485,-64.874504
4,99,07/18/15 16:00,-3.06052,-64.874432
4,99,07/18/15 18:00,-3.060409,-64.874403
4,99,07/18/15 20:01,-3.060445,-64.874488
4,99,07/18/15 22:01,-3.06066,-64.874399
4,99,07/19/15 00:01,-3.060477,-64.874438
4,99,07/19/15 02:00,-3.060567,-64.874441
4,99,07/19/15 04:00,-3.060416,-64.874489
4,99,07/19/15 06:00,-3.060546,-64.874536
4,99,07/19/15 08:00,-3.060718,-64.874085
4,99,07/19/15 10:01,-3.059903,-64.874497
4,99,07/19/15 12:00,-3.059802,-64.874244
4,99,07/19/15 14:01,-3.059819,-64.874291
4,99,07/19/15 16:00,-3.059765,-64.874301
4,99,07/19/15 18:00,-3.061353,-64.877094
4,99,07/19/15 20:00,-3.061503,-64.876984
4,99,07/19/15 22:00,-3.061264,-64.877222
4,99,07/20/15 00:00,-3.061219,-64.877003
4,99,07/20/15 02:00,-3.061222,-64.877068
4,99,07/20/15 04:01,-3.06122,-64.877401
4,99,07/20/15 06:00,-3.061625,-64.877613
4,99,07/20/15 08:02,-3.061439,-64.877506
4,99,07/20/15 10:02,-3.063069,-64.878907
4,99,07/20/15 12:02,-3.062978,-64.878903
4,99,07/20/15 14:00,-3.063045,-64.878597
4,99,07/20/15 16:01,-3.063126,-64.87888
4,99,07/20/15 18:02,-3.062906,-64.879861
4,99,07/20/15 20:01,-3.063884,-64.879555
4,99,07/20/15 22:00,-3.063727,-64.880077
4,99,07/21/15 02:00,-3.070797,-64.880816
4,99,07/21/15 04:00,-3.070776,-64.880725
4,99,07/21/15 06:00,-3.070873,-64.880946
4,99,07/21/15 08:00,-3.070685,-64.88083
4,99,07/21/15 12:01,-3.07162,-64.880791
4,99,07/21/15 18:01,-3.07153,-64.881165
4,99,07/21/15 22:00,-3.0822,-64.876861
4,99,07/22/15 00:00,-3.082266,-64.876577
4,99,07/22/15 02:00,-3.087204,-64.879218
4,99,07/22/15 04:00,-3.087147,-64.879338
4,99,07/22/15 06:01,-3.088175,-64.878493
4,99,07/22/15 08:01,-3.086977,-64.879132
4,99,07/22/15 10:01,-3.086973,-64.879163
4,99,07/22/15 16:01,-3.087194,-64.8791
4,99,07/22/15 18:00,-3.086467,-64.878641
4,99,07/22/15 20:02,-3.081588,-64.878548
4,99,07/23/15 00:02,-3.07376,-64.880838
4,99,07/23/15 02:00,-3.073715,-64.880733
4,99,07/23/15 04:01,-3.078785,-64.880113
4,99,07/23/15 06:02,-3.07789,-64.877877
4,99,07/23/15 08:02,-3.077912,-64.877614
4,99,07/23/15 12:01,-3.077832,-64.877933
4,99,07/23/15 14:02,-3.0778,-64.877844
4,99,07/23/15 18:00,-3.077696,-64.878004
4,99,07/23/15 20:01,-3.077885,-64.877708
4,99,07/23/15 22:02,-3.075589,-64.877423
4,99,07/24/15 00:02,-3.074465,-64.879902
4,99,07/24/15 04:02,-3.069828,-64.885997
4,99,07/24/15 06:01,-3.070376,-64.885903
4,99,07/24/15 10:02,-3.070953,-64.885913
4,99,07/24/15 12:01,-3.070987,-64.886128
4,99,07/24/15 14:02,-3.070873,-64.886024
4,99,07/24/15 16:01,-3.073132,-64.88922
4,99,07/24/15 18:01,-3.073209,-64.889301
4,99,07/24/15 20:00,-3.073299,-64.889184
4,99,07/24/15 22:00,-3.073264,-64.889188
4,99,07/25/15 00:00,-3.073318,-64.888803
4,99,07/25/15 02:00,-3.073215,-64.88929
4,99,07/25/15 04:02,-3.073652,-64.889952
4,99,07/25/15 06:01,-3.073317,-64.889513
4,99,07/25/15 08:00,-3.069146,-64.891531
4,99,07/25/15 10:01,-3.069041,-64.891496
4,99,07/25/15 12:00,-3.069055,-64.891486
4,99,07/25/15 14:00,-3.069084,-64.89154
4,99,07/25/15 16:00,-3.069031,-64.891545
4,99,07/25/15 18:00,-3.069085,-64.891534
4,99,07/25/15 20:00,-3.069085,-64.891497
4,99,07/25/15 22:00,-3.069042,-64.891553
4,99,07/26/15 00:01,-3.069088,-64.891536
4,99,07/26/15 02:00,-3.069101,-64.891645
4,99,07/26/15 04:00,-3.06687,-64.888682
4,99,07/26/15 06:00,-3.066979,-64.888685
4,99,07/26/15 08:00,-3.066881,-64.888625
4,99,07/26/15 10:01,-3.066796,-64.888616
4,99,07/26/15 12:00,-3.06685,-64.888595
4,99,07/26/15 18:00,-3.068939,-64.889738
4,99,07/26/15 20:00,-3.068712,-64.889702
4,99,07/26/15 22:02,-3.068442,-64.891131
4,99,07/27/15 02:01,-3.066416,-64.899846
4,99,07/27/15 08:00,-3.06528,-64.903668
4,99,07/27/15 10:01,-3.065301,-64.903593
4,99,07/27/15 12:02,-3.065271,-64.903585
4,99,07/27/15 18:02,-3.065406,-64.903662
4,99,07/27/15 20:00,-3.065854,-64.90204
4,99,07/27/15 22:01,-3.065796,-64.901931
4,99,07/28/15 00:01,-3.065909,-64.90212
4,99,07/28/15 02:01,-3.065875,-64.90211
4,99,07/28/15 10:01,-3.077358,-64.898609
4,99,07/28/15 12:01,-3.076322,-64.899249
4,99,07/28/15 14:02,-3.077756,-64.89797
4,99,07/28/15 16:02,-3.077083,-64.898752
4,99,07/28/15 18:01,-3.07458,-64.900665
4,99,07/28/15 22:01,-3.079277,-64.897732
4,99,07/29/15 00:01,-3.079385,-64.897832
4,99,07/29/15 02:01,-3.077124,-64.898737
4,99,07/29/15 04:01,-3.077338,-64.898628
4,99,07/29/15 06:01,-3.079287,-64.893584
4,99,07/29/15 08:01,-3.079391,-64.893463
4,99,07/29/15 12:01,-3.079167,-64.893382
4,99,07/29/15 18:00,-3.079125,-64.89344
4,99,07/29/15 22:00,-3.079619,-64.893034
4,99,07/30/15 06:00,-3.089299,-64.890836
4,99,07/30/15 08:01,-3.089615,-64.890909
4,99,07/30/15 12:01,-3.089807,-64.890778
4,99,07/30/15 14:02,-3.086768,-64.891412
4,99,07/30/15 16:02,-3.084231,-64.891916
4,99,07/30/15 18:00,-3.08397,-64.891981
4,99,07/30/15 20:00,-3.08401,-64.892201
4,99,07/30/15 22:01,-3.082595,-64.892384
4,99,07/31/15 04:00,-3.086743,-64.891343
4,99,07/31/15 06:00,-3.086569,-64.891327
4,99,07/31/15 08:00,-3.086691,-64.891317
4,99,07/31/15 10:00,-3.086759,-64.891285
4,99,07/31/15 12:00,-3.086656,-64.89133
4,99,07/31/15 14:00,-3.08678,-64.891324
4,99,07/31/15 20:01,-3.083539,-64.887918
4,99,07/31/15 22:00,-3.079892,-64.888313
4,99,08/01/15 00:00,-3.079903,-64.888237
4,99,08/01/15 02:00,-3.079869,-64.888286
4,99,08/01/15 06:01,-3.081116,-64.877548
4,99,08/01/15 08:00,-3.084557,-64.877815
4,99,08/01/15 10:02,-3.084599,-64.877798
4,99,08/01/15 12:01,-3.084438,-64.877829
4,99,08/01/15 14:01,-3.084403,-64.877773
4,99,08/01/15 16:02,-3.084844,-64.877503
4,99,08/01/15 18:01,-3.08408,-64.875623
4,99,08/01/15 22:03,-3.072868,-64.868278
4,99,08/02/15 00:01,-3.07426,-64.873328
4,99,08/02/15 02:00,-3.072042,-64.869122
4,99,08/02/15 04:02,-3.072563,-64.86855
4,99,08/02/15 08:01,-3.07152,-64.869423
4,99,08/02/15 10:01,-3.07142,-64.86956
4,99,08/02/15 14:01,-3.071256,-64.869385
4,99,08/02/15 16:00,-3.071262,-64.86957
4,99,08/02/15 18:02,-3.06655,-64.870047
4,99,08/02/15 22:00,-3.068958,-64.86436
4,99,08/03/15 00:00,-3.07029,-64.863159
4,99,08/03/15 02:01,-3.070262,-64.86313
4,99,08/03/15 06:01,-3.074075,-64.863018
4,99,08/03/15 08:01,-3.074131,-64.862822
4,99,08/03/15 10:01,-3.074165,-64.862935
4,99,08/03/15 12:02,-3.074248,-64.862771
4,99,08/03/15 14:01,-3.072751,-64.863211
4,99,08/03/15 16:01,-3.072736,-64.863109
4,99,08/03/15 18:01,-3.071537,-64.864544
4,99,08/03/15 20:01,-3.075718,-64.868111
4,99,08/04/15 00:01,-3.07847,-64.870537
4,99,08/04/15 02:01,-3.078328,-64.870138
4,99,08/04/15 08:02,-3.086601,-64.875616
4,99,08/04/15 10:02,-3.08772,-64.873648
4,99,08/04/15 12:02,-3.08795,-64.873283
4,99,08/04/15 14:01,-3.087282,-64.873077
4,99,08/04/15 16:00,-3.086456,-64.869112
5,99,08/04/15 18:01,-3.087801,-64.857055
5,99,08/04/15 20:00,-3.096082,-64.844319
5,99,08/04/15 22:02,-3.100152,-64.846504
5,99,08/05/15 00:00,-3.099331,-64.855772
5,99,08/05/15 12:01,-3.091444,-64.867319
5,99,08/05/15 14:01,-3.091389,-64.867234
4,99,08/05/15 16:01,-3.091371,-64.86737
5,99,08/05/15 18:02,-3.092357,-64.866637
5,99,08/06/15 00:00,-3.08715,-64.862217
4,99,08/06/15 04:01,-3.083322,-64.864677
4,99,08/06/15 06:01,-3.076008,-64.859783
4,99,08/06/15 10:01,-3.07599,-64.85965
4,99,08/06/15 12:02,-3.075682,-64.858489
4,99,08/06/15 14:00,-3.073834,-64.859386
4,99,08/06/15 16:00,-3.073444,-64.859133
4,99,08/06/15 18:02,-3.068665,-64.859672
4,99,08/06/15 20:01,-3.067119,-64.860717
4,99,08/06/15 22:01,-3.067137,-64.860431
4,99,08/07/15 00:01,-3.067154,-64.860615
4,99,08/07/15 02:01,-3.067394,-64.860934
4,99,08/07/15 06:02,-3.067439,-64.860433
4,99,08/07/15 10:02,-3.067366,-64.860523
4,99,08/07/15 12:02,-3.067214,-64.860482
4,99,08/07/15 16:01,-3.067179,-64.860801
4,99,08/07/15 22:00,-3.067284,-64.860473
4,99,08/08/15 00:01,-3.067315,-64.860509
4,99,08/08/15 02:01,-3.067154,-64.860566
4,99,08/08/15 06:01,-3.06615,-64.864661
4,99,08/08/15 08:02,-3.06632,-64.865498
4,99,08/08/15 12:01,-3.066313,-64.865015
4,99,08/08/15 14:01,-3.066221,-64.864823
4,99,08/08/15 16:01,-3.066461,-64.865301
4,99,08/08/15 18:00,-3.066453,-64.865484
4,99,08/08/15 20:00,-3.065171,-64.869359
4,99,08/08/15 22:00,-3.063436,-64.880129
4,99,08/09/15 02:01,-3.06813,-64.882543
4,99,08/09/15 04:01,-3.070757,-64.881067
4,99,08/09/15 08:01,-3.06787,-64.879331
4,99,08/09/15 10:01,-3.067833,-64.879109
4,99,08/09/15 12:01,-3.063587,-64.886719
4,99,08/09/15 14:00,-3.063665,-64.886759
4,99,08/09/15 16:00,-3.063738,-64.886672
4,99,08/09/15 18:01,-3.063409,-64.881786
4,99,08/09/15 20:01,-3.070537,-64.870656
4,99,08/09/15 22:02,-3.075293,-64.867739
4,99,08/10/15 00:02,-3.073458,-64.867629
4,99,08/10/15 02:01,-3.066718,-64.871623
4,99,08/10/15 04:01,-3.063735,-64.880478
4,99,08/10/15 06:00,-3.063626,-64.880061
4,99,08/10/15 12:01,-3.063727,-64.880381
4,99,08/10/15 16:01,-3.06373,-64.880375
4,99,08/10/15 18:01,-3.064208,-64.881499
4,99,08/10/15 22:01,-3.063479,-64.882632
4,99,08/11/15 02:00,-3.063496,-64.882801
4,99,08/11/15 12:00,-3.07921,-64.880776
4,99,08/11/15 14:01,-3.079488,-64.880345
4,99,08/11/15 16:00,-3.079251,-64.880189
4,99,08/11/15 18:01,-3.079152,-64.87999
4,99,08/11/15 20:02,-3.085652,-64.880392
4,99,08/11/15 22:02,-3.075045,-64.873041
4,99,08/12/15 00:00,-3.074985,-64.872957
4,99,08/12/15 02:00,-3.075143,-64.873046
4,99,08/12/15 04:02,-3.067591,-64.880192
4,99,08/12/15 06:02,-3.066363,-64.881105
4,99,08/12/15 08:01,-3.066547,-64.881052
4,99,08/12/15 10:01,-3.066484,-64.881007
4,99,08/12/15 12:02,-3.06657,-64.880925
4,99,08/12/15 16:00,-3.063507,-64.884677
4,99,08/12/15 20:00,-3.060334,-64.883769
4,99,08/12/15 22:01,-3.060329,-64.883809
4,99,08/13/15 00:00,-3.060261,-64.883768
4,99,08/13/15 02:00,-3.060232,-64.883719
4,99,08/13/15 08:01,-3.063018,-64.884348
4,99,08/13/15 10:01,-3.063054,-64.884324
4,99,08/13/15 12:01,-3.063078,-64.884141
4,99,08/13/15 14:00,-3.063044,-64.884405
4,99,08/13/15 16:02,-3.065684,-64.881127
4,99,08/13/15 18:01,-3.065596,-64.881022
4,99,08/13/15 20:02,-3.066904,-64.881929
4,99,08/13/15 22:01,-3.067696,-64.88416
4,99,08/14/15 00:00,-3.067579,-64.88413
4,99,08/14/15 02:00,-3.067613,-64.884124
4,99,08/14/15 06:02,-3.065278,-64.887478
4,99,08/14/15 08:01,-3.065128,-64.887853
4,99,08/14/15 10:00,-3.065165,-64.887519
4,99,08/14/15 12:01,-3.065204,-64.887592
4,99,08/14/15 14:01,-3.065208,-64.887676
4,99,08/14/15 16:02,-3.065249,-64.883646
4,99,08/14/15 18:01,-3.065339,-64.882062
4,99,08/14/15 22:01,-3.065365,-64.883907
4,99,08/15/15 00:00,-3.06533,-64.883842
4,99,08/15/15 08:02,-3.064888,-64.885952
4,99,08/15/15 10:01,-3.064951,-64.885949
4,99,08/15/15 12:02,-3.06724,-64.884641
4,99,08/15/15 14:02,-3.067338,-64.884514
4,99,08/15/15 16:02,-3.067223,-64.884465
4,99,08/15/15 18:02,-3.067244,-64.884639
4,99,08/15/15 20:01,-3.067373,-64.884517
4,99,08/15/15 22:00,-3.067264,-64.884327
4,99,08/16/15 00:01,-3.067322,-64.884309
4,99,08/16/15 04:02,-3.067255,-64.884327
4,99,08/16/15 06:02,-3.067099,-64.884413
4,99,08/16/15 08:01,-3.067857,-64.883514
4,99,08/16/15 12:01,-3.082213,-64.878849
4,99,08/16/15 14:01,-3.082304,-64.879002
4,99,08/16/15 16:02,-3.082264,-64.878892
4,99,08/16/15 18:02,-3.082734,-64.878446
4,99,08/16/15 20:02,-3.087691,-64.880114
4,99,08/17/15 00:00,-3.087962,-64.880224
4,99,08/17/15 08:00,-3.078697,-64.870704
4,99,08/17/15 10:01,-3.078783,-64.870526
4,99,08/17/15 12:01,-3.078577,-64.870822
4,99,08/17/15 14:01,-3.078762,-64.870609
4,99,08/17/15 16:01,-3.078878,-64.870454
4,99,08/17/15 18:01,-3.072097,-64.86829
4,99,08/17/15 20:01,-3.069845,-64.86727
4,99,08/17/15 22:01,-3.07797,-64.860988
4,99,08/18/15 00:00,-3.075966,-64.857344
4,99,08/18/15 02:01,-3.075412,-64.85554
4,99,08/18/15 10:01,-3.060684,-64.859122
4,99,08/18/15 12:01,-3.060617,-64.859128
4,99,08/18/15 14:01,-3.060634,-64.859175
4,99,08/18/15 16:01,-3.061041,-64.858616
4,99,08/18/15 18:02,-3.053327,-64.855681
4,99,08/18/15 20:01,-3.055233,-64.852583
4,99,08/18/15 22:00,-3.055156,-64.85265
4,99,08/19/15 00:03,-3.055379,-64.852548
4,99,08/19/15 06:01,-3.055214,-64.852466
4,99,08/19/15 10:01,-3.053559,-64.8506
4,99,08/19/15 12:02,-3.053577,-64.850649
4,99,08/19/15 14:01,-3.053411,-64.850784
4,99,08/19/15 16:00,-3.053542,-64.850863
4,99,08/19/15 20:01,-3.050212,-64.859769
4,99,08/19/15 22:02,-3.057539,-64.858275
4,99,08/20/15 00:01,-3.059608,-64.851065
4,99,08/20/15 02:01,-3.057306,-64.852145
4,99,08/20/15 04:01,-3.056243,-64.85126
4,99,08/20/15 06:01,-3.05631,-64.851321
4,99,08/20/15 10:02,-3.058351,-64.850937
4,99,08/20/15 22:00,-3.051977,-64.852269
4,99,08/21/15 00:02,-3.055064,-64.851253
4,99,08/21/15 04:00,-3.055221,-64.851448
4,99,08/21/15 10:01,-3.054774,-64.851139
4,99,08/21/15 12:02,-3.054787,-64.851157
4,99,08/21/15 16:00,-3.055141,-64.851275
4,99,08/21/15 18:01,-3.055214,-64.851438
4,99,08/21/15 20:01,-3.055276,-64.851173
4,99,08/21/15 22:01,-3.055256,-64.851255
4,99,08/22/15 02:01,-3.055077,-64.851307
4,99,08/22/15 04:01,-3.05486,-64.851004
4,99,08/22/15 06:01,-3.054843,-64.851156
4,99,08/22/15 08:01,-3.054759,-64.850974
4,99,08/22/15 12:01,-3.054782,-64.850982
4,99,08/22/15 14:00,-3.05476,-64.851037
4,99,08/22/15 16:02,-3.055161,-64.851232
4,99,08/22/15 18:01,-3.055078,-64.851342
4,99,08/22/15 20:00,-3.055041,-64.851355
4,99,08/22/15 22:01,-3.05513,-64.851382
4,99,08/23/15 00:01,-3.054875,-64.851501
4,99,08/23/15 02:02,-3.055121,-64.851282
4,99,08/23/15 04:00,-3.051895,-64.852702
4,99,08/23/15 06:01,-3.051804,-64.852645
4,99,08/23/15 10:00,-3.054798,-64.851147
4,99,08/23/15 12:00,-3.054951,-64.851271
4,99,08/23/15 14:02,-3.055138,-64.851351
4,99,08/23/15 16:01,-3.054774,-64.85122
4,99,08/23/15 18:00,-3.056636,-64.852126
4,99,08/23/15 20:01,-3.056733,-64.85212
4,99,08/23/15 22:01,-3.056726,-64.852101
4,99,08/24/15 00:02,-3.061971,-64.854468
4,99,08/24/15 04:01,-3.066439,-64.852105
4,99,08/24/15 06:02,-3.065496,-64.847548
4,99,08/24/15 08:01,-3.064408,-64.844536
4,99,08/24/15 10:02,-3.064298,-64.844652
4,99,08/24/15 12:02,-3.064004,-64.844511
4,99,08/24/15 16:00,-3.064006,-64.844713
4,99,08/24/15 22:02,-3.06529,-64.847025
4,99,08/25/15 10:01,-3.061784,-64.857291
4,99,08/25/15 12:00,-3.061819,-64.85728
4,99,08/25/15 16:00,-3.061965,-64.857209
4,99,08/25/15 18:01,-3.060095,-64.857214
4,99,08/25/15 20:00,-3.058567,-64.855157
4,99,08/26/15 00:00,-3.051847,-64.859384
4,99,08/26/15 02:01,-3.051793,-64.859395
4,99,08/26/15 08:01,-3.046416,-64.857861
4,99,08/26/15 10:00,-3.046415,-64.857925
4,99,08/26/15 14:01,-3.046229,-64.857827
4,99,08/26/15 16:01,-3.046489,-64.858308
2,99,08/26/15 22:00,-3.039561,-64.875862
4,99,08/27/15 00:01,-3.043889,-64.864625
4,99,08/27/15 02:01,-3.048111,-64.866667
4,99,08/27/15 06:00,-3.060752,-64.867347
4,99,08/27/15 08:01,-3.060557,-64.867423
4,99,08/27/15 10:00,-3.06087,-64.867368
4,99,08/27/15 14:00,-3.055057,-64.858511
4,99,08/27/15 16:00,-3.055092,-64.858521
4,99,08/27/15 18:02,-3.051988,-64.857717
4,99,08/27/15 20:02,-3.051562,-64.854126
4,99,08/27/15 22:01,-3.054093,-64.853742
4,99,08/28/15 00:01,-3.054012,-64.853728
4,99,08/28/15 04:02,-3.054182,-64.85377
4,99,08/28/15 10:02,-3.054068,-64.853753
4,99,08/28/15 16:02,-3.066571,-64.853777
4,99,08/28/15 20:02,-3.067291,-64.850479
4,99,08/29/15 00:01,-3.073309,-64.852455
5,99,08/29/15 02:01,-3.072218,-64.843574
5,99,08/29/15 04:01,-3.07238,-64.843664
5,99,08/29/15 06:01,-3.072578,-64.84361
5,99,08/29/15 10:01,-3.072789,-64.842713
5,99,08/29/15 12:00,-3.076699,-64.843819
5,99,08/29/15 14:01,-3.077056,-64.843649
5,99,08/29/15 16:00,-3.075938,-64.84424
5,99,08/29/15 18:01,-3.075074,-64.845343
4,99,08/29/15 22:02,-3.07512,-64.850539
4,99,08/30/15 00:01,-3.065542,-64.847716
4,99,08/30/15 02:01,-3.060256,-64.835361
4,99,08/30/15 04:00,-3.061645,-64.835075
4,99,08/30/15 06:01,-3.061147,-64.835521
4,99,08/30/15 08:01,-3.061708,-64.835558
4,99,08/30/15 10:02,-3.061599,-64.837206
4,99,08/30/15 12:01,-3.061683,-64.837347
4,99,08/30/15 14:02,-3.061678,-64.837154
4,99,08/30/15 16:00,-3.06173,-64.83637
4,99,08/30/15 18:00,-3.062676,-64.83614
5,99,08/30/15 20:02,-3.068396,-64.837215
4,99,08/31/15 02:01,-3.069364,-64.843547
4,99,08/31/15 10:01,-3.065271,-64.839541
4,99,08/31/15 14:01,-3.060463,-64.84238
4,99,08/31/15 16:01,-3.060128,-64.840854
4,99,08/31/15 18:02,-3.059676,-64.840731
4,99,08/31/15 20:00,-3.058125,-64.839488
4,99,08/31/15 22:01,-3.057996,-64.839541
4,99,09/01/15 00:00,-3.065213,-64.839622
4,99,09/01/15 04:01,-3.05771,-64.840569
4,99,09/01/15 06:01,-3.057622,-64.840553
4,99,09/01/15 08:01,-3.057635,-64.840599
4,99,09/01/15 10:02,-3.057539,-64.840679
4,99,09/01/15 12:01,-3.057701,-64.840408
4,99,09/01/15 14:00,-3.057569,-64.840815
4,99,09/01/15 16:00,-3.057684,-64.840858
4,99,09/01/15 20:02,-3.06667,-64.849278
4,99,09/01/15 22:02,-3.072264,-64.852234
4,99,09/02/15 02:00,-3.078131,-64.857951
4,99,09/02/15 10:01,-3.078037,-64.857783
4,99,09/02/15 12:02,-3.07805,-64.857815
4,99,09/02/15 14:02,-3.078132,-64.857974
4,99,09/02/15 16:00,-3.078042,-64.858131
4,99,09/02/15 18:02,-3.079404,-64.858122
5,99,09/02/15 22:01,-3.090845,-64.864077
5,99,09/03/15 04:02,-3.089273,-64.860152
5,99,09/03/15 06:02,-3.089363,-64.860003
5,99,09/03/15 14:01,-3.08954,-64.860163
5,99,09/03/15 16:01,-3.090854,-64.861464
4,99,09/03/15 20:01,-3.093989,-64.873284
4,99,09/03/15 22:01,-3.093765,-64.87299
4,99,09/04/15 00:01,-3.093229,-64.87301
4,99,09/04/15 02:02,-3.093763,-64.873155
4,99,09/04/15 04:02,-3.093539,-64.869821
5,99,09/04/15 10:01,-3.091518,-64.86683
5,99,09/04/15 12:01,-3.091417,-64.866769
5,99,09/04/15 14:01,-3.091135,-64.86653
5,99,09/04/15 18:02,-3.084877,-64.854904
5,99,09/04/15 20:01,-3.082683,-64.850085
5,99,09/05/15 02:02,-3.079378,-64.847833
5,99,09/05/15 06:02,-3.079336,-64.847961
5,99,09/05/15 10:01,-3.079347,-64.850232
5,99,09/05/15 12:01,-3.07833,-64.85174
5,99,09/05/15 14:01,-3.078219,-64.851662
5,99,09/05/15 18:01,-3.071814,-64.845486
5,99,09/05/15 22:01,-3.064789,-64.832406
5,99,09/06/15 02:02,-3.064957,-64.832253
5,99,09/06/15 04:02,-3.065063,-64.832156
5,99,09/06/15 08:01,-3.064821,-64.832382
5,99,09/06/15 10:01,-3.064939,-64.832402
5,99,09/06/15 14:01,-3.06495,-64.832372
5,99,09/06/15 18:02,-3.064972,-64.832437
5,99,09/06/15 20:01,-3.06489,-64.832346
5,99,09/06/15 22:00,-3.065055,-64.832331
5,99,09/07/15 02:02,-3.065127,-64.832264
5,99,09/07/15 04:00,-3.065022,-64.832213
5,99,09/07/15 10:01,-3.065034,-64.832185
5,99,09/07/15 12:02,-3.065031,-64.832162
5,99,09/07/15 14:00,-3.065087,-64.832341
5,99,09/07/15 16:01,-3.065081,-64.832443
5,99,09/07/15 18:00,-3.06511,-64.832246
5,99,09/07/15 20:02,-3.065104,-64.832344
5,99,09/07/15 22:01,-3.065054,-64.832438
5,99,09/08/15 02:02,-3.065039,-64.832313
5,99,09/08/15 04:01,-3.064945,-64.832421
5,99,09/08/15 08:01,-3.064978,-64.832327
5,99,09/08/15 10:00,-3.064893,-64.832296
5,99,09/08/15 12:02,-3.06503,-64.832211
5,99,09/08/15 14:02,-3.06509,-64.832218
5,99,09/08/15 16:01,-3.065036,-64.832061
5,99,09/08/15 18:01,-3.064995,-64.832432
5,99,09/08/15 20:01,-3.065005,-64.83191
5,99,09/09/15 00:03,-3.065065,-64.832266
5,99,09/09/15 02:02,-3.065312,-64.832226
5,99,09/09/15 06:00,-3.064842,-64.834072
5,99,09/09/15 08:00,-3.063274,-64.835895
5,99,09/09/15 10:01,-3.063407,-64.835876
5,99,09/09/15 12:01,-3.063323,-64.836034
5,99,09/09/15 14:00,-3.063075,-64.835481
5,99,09/09/15 16:00,-3.063139,-64.8353
5,99,09/09/15 18:01,-3.063082,-64.83535
5,99,09/09/15 20:00,-3.065065,-64.834993
5,99,09/09/15 22:01,-3.065651,-64.833853
5,99,09/10/15 00:03,-3.066276,-64.831887
1,99,09/10/15 08:01,-3.069079,-64.826826
1,99,09/10/15 10:01,-3.070841,-64.82482
1,99,09/10/15 12:02,-3.070393,-64.82496
1,99,09/10/15 14:01,-3.069992,-64.823557
1,99,09/10/15 16:00,-3.070013,-64.823687
5,99,09/10/15 20:01,-3.064807,-64.832111
5,99,09/10/15 22:00,-3.064159,-64.832571
4,99,09/11/15 00:00,-3.061465,-64.836256
4,99,09/11/15 04:01,-3.061857,-64.837684
4,99,09/11/15 06:01,-3.062085,-64.837661
4,99,09/11/15 08:00,-3.062011,-64.837858
4,99,09/11/15 10:00,-3.06114,-64.838137
4,99,09/11/15 14:01,-3.064844,-64.844695
4,99,09/11/15 18:00,-3.063955,-64.840439
4,99,09/11/15 22:00,-3.064743,-64.838646
5,99,09/12/15 02:00,-3.072684,-64.839635
5,99,09/12/15 04:01,-3.072091,-64.840977
5,99,09/12/15 08:02,-3.072149,-64.840979
5,99,09/12/15 10:00,-3.072049,-64.840989
5,99,09/12/15 12:01,-3.07213,-64.841203
5,99,09/12/15 14:01,-3.072244,-64.840864
5,99,09/12/15 16:01,-3.074444,-64.841388
5,99,09/13/15 02:02,-3.075165,-64.842078
5,99,09/13/15 04:02,-3.075341,-64.841667
5,99,09/13/15 10:01,-3.075261,-64.841843
5,99,09/13/15 12:01,-3.075303,-64.841864
5,99,09/13/15 14:00,-3.0753,-64.841905
5,99,09/13/15 16:00,-3.075293,-64.841744
5,99,09/13/15 22:02,-3.075291,-64.841669
5,99,09/14/15 00:00,-3.075131,-64.842042
5,99,09/14/15 04:01,-3.079215,-64.841934
5,99,09/14/15 06:02,-3.079232,-64.84203
5,99,09/14/15 10:01,-3.07884,-64.84223
5,99,09/14/15 12:01,-3.079164,-64.842215
5,99,09/14/15 14:00,-3.079191,-64.842076
5,99,09/14/15 18:02,-3.087302,-64.842776
5,99,09/14/15 20:00,-3.09547,-64.845944
5,99,09/14/15 22:01,-3.100434,-64.842878
5,99,09/15/15 00:01,-3.100517,-64.842827
7,99,09/15/15 04:01,-3.107002,-64.834227
5,99,09/15/15 06:01,-3.099403,-64.834327
5,99,09/15/15 08:02,-3.099252,-64.836148
5,99,09/15/15 10:01,-3.099332,-64.836363
5,99,09/15/15 14:01,-3.099259,-64.836564
5,99,09/15/15 16:00,-3.099224,-64.836287
5,99,09/15/15 18:02,-3.098365,-64.835964
5,99,09/15/15 20:01,-3.093023,-64.836717
5,99,09/15/15 22:02,-3.085359,-64.843056
4,99,09/16/15 04:01,-3.062695,-64.8602
4,99,09/16/15 06:00,-3.061879,-64.859242
4,99,09/16/15 08:02,-3.061736,-64.859302
4,99,09/16/15 10:01,-3.061892,-64.858712
4,99,09/16/15 14:01,-3.055474,-64.860987
4,99,09/16/15 16:01,-3.055533,-64.860956
4,99,09/16/15 18:00,-3.057577,-64.86352
4,99,09/16/15 20:01,-3.059289,-64.864306
4,99,09/16/15 22:00,-3.064301,-64.860716
4,99,09/17/15 04:02,-3.058781,-64.852048
4,99,09/17/15 06:01,-3.057134,-64.852154
4,99,09/17/15 08:00,-3.052347,-64.858642
4,99,09/17/15 10:01,-3.051916,-64.859147
4,99,09/17/15 12:01,-3.051734,-64.859261
4,99,09/17/15 14:01,-3.051884,-64.859174
4,99,09/17/15 16:01,-3.048019,-64.863701
4,99,09/17/15 18:02,-3.046669,-64.866946
2,99,09/17/15 22:01,-3.043868,-64.878198
2,99,09/18/15 00:01,-3.034787,-64.876455
2,99,09/18/15 02:02,-3.038266,-64.873197
4,99,09/18/15 04:01,-3.047084,-64.867517
4,99,09/18/15 08:01,-3.051007,-64.867045
4,99,09/18/15 10:01,-3.051105,-64.867324
4,99,09/19/15 00:00,-3.049733,-64.871905
4,99,09/19/15 02:01,-3.048877,-64.875502
4,99,09/19/15 04:01,-3.045746,-64.870328
2,99,09/19/15 06:00,-3.044966,-64.871129
2,99,09/19/15 08:01,-3.045108,-64.871142
2,99,09/19/15 10:01,-3.044969,-64.871165
2,99,09/19/15 12:02,-3.044984,-64.871208
2,99,09/19/15 16:00,-3.044918,-64.870875
2,99,09/19/15 18:00,-3.044878,-64.871055
2,99,09/19/15 20:01,-3.044929,-64.871011
4,99,09/20/15 00:02,-3.046521,-64.866709
2,99,09/20/15 02:02,-3.04487,-64.871058
2,99,09/20/15 04:00,-3.045037,-64.873075
2,99,09/20/15 08:00,-3.042565,-64.870118
2,99,09/20/15 10:02,-3.042513,-64.870054
2,99,09/20/15 12:02,-3.042218,-64.872849
2,99,09/20/15 14:00,-3.042324,-64.872858
2,99,09/20/15 16:00,-3.04222,-64.872909
2,99,09/20/15 20:01,-3.041946,-64.873512
2,99,09/20/15 22:00,-3.043951,-64.875634
2,99,09/21/15 00:01,-3.043916,-64.875689
2,99,09/21/15 02:01,-3.043849,-64.875674
2,99,09/21/15 04:01,-3.042397,-64.873886
2,99,09/21/15 08:01,-3.043646,-64.875704
2,99,09/21/15 10:00,-3.043593,-64.875685
2,99,09/21/15 12:01,-3.043608,-64.875698
2,99,09/21/15 14:00,-3.043587,-64.875677
2,99,09/21/15 16:02,-3.043621,-64.875715
2,99,09/21/15 18:02,-3.043662,-64.875779
2,99,09/21/15 20:01,-3.043593,-64.875766
2,99,09/21/15 22:01,-3.043728,-64.875781
2,99,09/22/15 02:00,-3.043579,-64.875692
2,99,09/22/15 08:01,-3.043668,-64.875816
2,99,09/22/15 10:00,-3.043163,-64.87507
2,99,09/22/15 18:01,-3.043634,-64.875801
2,99,09/22/15 20:01,-3.043673,-64.875706
2,99,09/22/15 22:00,-3.043689,-64.875675
2,99,09/23/15 00:01,-3.043628,-64.875649
2,99,09/23/15 06:02,-3.043185,-64.875163
2,99,09/23/15 10:01,-3.043244,-64.875204
2,99,09/23/15 14:01,-3.042872,-64.87695
2,99,09/24/15 00:01,-3.044086,-64.875663
2,99,09/24/15 02:02,-3.043154,-64.875049
2,99,09/24/15 10:00,-3.041105,-64.874762
2,99,09/24/15 12:01,-3.041061,-64.874388
2,99,09/24/15 14:01,-3.041088,-64.874734
2,99,09/24/15 16:01,-3.041093,-64.874686
2,99,09/24/15 18:01,-3.041047,-64.874632
2,99,09/24/15 20:00,-3.040628,-64.874507
2,99,09/24/15 22:00,-3.04322,-64.881608
2,99,09/25/15 00:00,-3.046137,-64.882849
4,99,09/25/15 08:01,-3.055576,-64.889049
4,99,09/25/15 12:00,-3.0569,-64.888392
4,99,09/25/15 14:00,-3.056924,-64.888642
4,99,09/25/15 16:00,-3.056904,-64.888493
4,99,09/25/15 18:01,-3.057209,-64.889144
4,99,09/25/15 20:00,-3.053097,-64.893729
2,99,09/26/15 04:01,-3.042762,-64.907721
2,99,09/26/15 06:01,-3.042845,-64.907832
2,99,09/26/15 08:01,-3.04269,-64.907858
2,99,09/26/15 12:01,-3.042798,-64.907857
2,99,09/26/15 14:01,-3.042811,-64.907698
2,99,09/27/15 00:01,-3.03644,-64.906835
2,99,09/27/15 02:00,-3.035372,-64.904209
2,99,09/27/15 10:03,-3.034822,-64.903517
2,99,09/27/15 12:00,-3.036268,-64.896025
2,99,09/27/15 14:01,-3.029968,-64.895304
2,99,09/27/15 16:00,-3.031806,-64.892329
2,99,09/27/15 18:00,-3.032445,-64.891533
2,99,09/27/15 20:01,-3.034121,-64.893791
2,99,09/27/15 22:01,-3.036742,-64.893817
2,99,09/28/15 00:00,-3.036931,-64.894406
2,99,09/28/15 02:02,-3.037002,-64.894299
2,99,09/28/15 04:00,-3.034946,-64.896556
2,99,09/28/15 10:01,-3.043277,-64.892805
2,99,09/28/15 12:02,-3.043273,-64.892675
2,99,09/28/15 14:00,-3.043253,-64.892686
2,99,09/28/15 16:00,-3.046138,-64.89156
2,99,09/28/15 18:00,-3.046175,-64.891648
2,99,09/28/15 20:01,-3.046938,-64.887262
4,99,09/28/15 22:00,-3.050303,-64.882654
4,99,09/29/15 00:01,-3.050764,-64.877234
4,99,09/29/15 02:02,-3.050833,-64.877279
4,99,09/29/15 04:00,-3.049142,-64.873478
4,99,09/29/15 06:00,-3.048988,-64.87088
4,99,09/29/15 08:01,-3.047113,-64.872198
4,99,09/29/15 12:00,-3.04719,-64.872043
4,99,09/29/15 14:01,-3.047234,-64.872019
4,99,09/29/15 18:00,-3.047288,-64.87213
4,99,09/29/15 20:00,-3.047258,-64.872032
4,99,09/29/15 22:00,-3.047285,-64.871996
4,99,09/30/15 02:01,-3.047265,-64.872045
4,99,09/30/15 04:00,-3.047322,-64.871731
4,99,09/30/15 06:00,-3.047376,-64.871721
4,99,09/30/15 08:00,-3.047283,-64.871751
4,99,09/30/15 10:00,-3.047323,-64.871739
4,99,09/30/15 12:01,-3.047275,-64.872015
4,99,09/30/15 14:00,-3.046855,-64.871895
4,99,09/30/15 16:02,-3.047178,-64.871969
4,99,09/30/15 18:00,-3.047165,-64.872058
4,99,09/30/15 20:00,-3.04729,-64.872035
4,99,09/30/15 22:01,-3.047157,-64.872185
4,99,10/01/15 00:01,-3.047157,-64.872153
4,99,10/01/15 02:01,-3.047353,-64.871747
4,99,10/01/15 04:02,-3.047285,-64.872027
4,99,10/01/15 06:01,-3.047294,-64.871691
4,99,10/01/15 10:01,-3.047629,-64.871712
4,99,10/01/15 12:01,-3.047697,-64.871709
4,99,10/01/15 14:00,-3.047682,-64.871685
4,99,10/01/15 16:00,-3.047362,-64.871804
4,99,10/01/15 18:01,-3.047247,-64.872018
2,99,10/01/15 20:03,-3.044076,-64.867748
4,99,10/01/15 22:00,-3.044538,-64.86715
4,99,10/02/15 00:00,-3.044565,-64.867103
4,99,10/02/15 02:00,-3.044628,-64.867217
4,99,10/02/15 04:01,-3.04468,-64.867259
4,99,10/02/15 08:01,-3.044586,-64.867196
4,99,10/02/15 12:02,-3.044695,-64.86743
2,99,10/02/15 14:01,-3.044479,-64.867626
2,99,10/02/15 16:01,-3.044251,-64.867114
2,99,10/02/15 18:00,-3.043976,-64.866615
4,99,10/02/15 20:01,-3.051501,-64.859591
4,99,10/02/15 22:01,-3.054303,-64.858584
4,99,10/03/15 04:02,-3.0586,-64.861632
4,99,10/03/15 08:01,-3.057802,-64.864252
4,99,10/03/15 10:01,-3.057873,-64.864353
4,99,10/03/15 12:00,-3.0579,-64.864421
4,99,10/03/15 14:00,-3.057906,-64.864389
4,99,10/03/15 16:02,-3.057296,-64.867325
4,99,10/03/15 18:01,-3.058916,-64.870587
4,99,10/03/15 20:01,-3.058321,-64.870241
4,99,10/03/15 22:02,-3.058093,-64.870197
4,99,10/04/15 02:02,-3.050939,-64.872185
4,99,10/04/15 04:02,-3.050879,-64.872155
4,99,10/04/15 06:03,-3.050917,-64.872125
4,99,10/04/15 08:00,-3.051093,-64.872086
4,99,10/04/15 10:01,-3.050997,-64.872107
4,99,10/04/15 12:00,-3.05077,-64.871641
4,99,10/04/15 14:02,-3.05059,-64.871398
4,99,10/04/15 16:00,-3.050837,-64.870367
4,99,10/04/15 18:01,-3.052649,-64.87081
4,99,10/04/15 20:02,-3.053173,-64.875308
4,99,10/04/15 22:00,-3.052864,-64.875806
4,99,10/05/15 00:01,-3.052393,-64.876295
4,99,10/05/15 02:00,-3.052715,-64.87631
4,99,10/05/15 08:01,-3.052922,-64.877728
4,99,10/05/15 10:00,-3.052881,-64.877732
4,99,10/05/15 12:02,-3.052714,-64.878155
4,99,10/05/15 18:01,-3.052591,-64.878068
4,99,10/05/15 20:02,-3.050195,-64.87825
4,99,10/05/15 22:00,-3.046381,-64.87305
4,99,10/06/15 00:01,-3.046518,-64.872953
4,99,10/06/15 06:02,-3.046512,-64.872966
4,99,10/06/15 08:00,-3.046424,-64.873024
4,99,10/06/15 10:01,-3.046356,-64.873046
4,99,10/06/15 12:00,-3.046546,-64.872934
4,99,10/06/15 14:02,-3.046504,-64.873008
4,99,10/06/15 16:01,-3.046444,-64.873025
4,99,10/06/15 20:01,-3.046528,-64.872995
4,99,10/06/15 22:02,-3.046615,-64.872934
4,99,10/07/15 00:01,-3.046598,-64.873036
4,99,10/07/15 02:00,-3.046688,-64.872991
4,99,10/07/15 06:01,-3.046616,-64.873057
4,99,10/07/15 08:00,-3.046364,-64.873078
4,99,10/07/15 10:01,-3.046333,-64.873043
4,99,10/07/15 12:00,-3.046582,-64.87314
4,99,10/07/15 14:00,-3.046557,-64.873156
4,99,10/07/15 16:02,-3.0466,-64.87316
4,99,10/07/15 18:02,-3.04669,-64.872901
4,99,10/07/15 20:01,-3.046423,-64.872995
4,99,10/07/15 22:02,-3.046579,-64.872965
4,99,10/08/15 02:00,-3.046658,-64.87295
4,99,10/08/15 04:01,-3.046676,-64.872882
4,99,10/08/15 06:01,-3.046695,-64.87309
4,99,10/08/15 08:01,-3.046443,-64.873302
4,99,10/08/15 10:00,-3.046576,-64.873084
4,99,10/08/15 14:00,-3.046394,-64.87309
4,99,10/08/15 16:00,-3.046558,-64.873153
4,99,10/08/15 18:01,-3.046595,-64.873084
4,99,10/08/15 20:01,-3.046804,-64.873141
4,99,10/09/15 00:02,-3.046593,-64.873162
4,99,10/09/15 02:02,-3.046589,-64.873171
4,99,10/09/15 04:01,-3.046586,-64.873216
4,99,10/09/15 06:01,-3.04661,-64.873005
4,99,10/09/15 08:00,-3.049925,-64.877522
4,99,10/09/15 12:01,-3.049642,-64.877401
4,99,10/09/15 14:00,-3.049681,-64.877347
4,99,10/09/15 16:00,-3.04962,-64.877391
4,99,10/09/15 18:00,-3.049785,-64.877424
4,99,10/09/15 20:02,-3.050921,-64.879148
4,99,10/09/15 22:02,-3.050953,-64.881649
4,99,10/10/15 00:00,-3.050894,-64.881662
4,99,10/10/15 02:00,-3.050938,-64.881614
4,99,10/10/15 08:01,-3.051227,-64.881572
4,99,10/10/15 10:00,-3.050723,-64.88132
4,99,10/10/15 12:01,-3.05063,-64.881245
4,99,10/10/15 14:01,-3.050937,-64.881634
4,99,10/10/15 18:00,-3.050888,-64.881741
4,99,10/10/15 20:00,-3.051125,-64.881787
4,99,10/10/15 22:00,-3.050942,-64.881558
4,99,10/11/15 00:00,-3.051149,-64.881739
4,99,10/11/15 02:02,-3.051185,-64.881734
4,99,10/11/15 04:01,-3.050915,-64.881614
4,99,10/11/15 06:02,-3.050821,-64.881516
4,99,10/11/15 08:01,-3.051006,-64.881642
4,99,10/11/15 12:01,-3.051176,-64.881642
4,99,10/11/15 14:00,-3.051122,-64.881557
4,99,10/11/15 16:00,-3.051139,-64.88179
4,99,10/11/15 18:01,-3.051191,-64.881663
4,99,10/11/15 20:02,-3.051192,-64.881587
4,99,10/11/15 22:02,-3.053348,-64.882833
4,99,10/12/15 00:01,-3.054164,-64.883393
4,99,10/12/15 06:03,-3.054042,-64.883169
4,99,10/12/15 08:01,-3.054042,-64.883388
4,99,10/12/15 10:01,-3.054074,-64.883189
4,99,10/12/15 12:01,-3.054009,-64.883298
4,99,10/12/15 14:01,-3.053874,-64.883367
4,99,10/12/15 16:01,-3.053994,-64.883346
4,99,10/12/15 18:02,-3.054089,-64.883485
4,99,10/12/15 20:00,-3.054064,-64.883359
4,99,10/12/15 22:00,-3.054214,-64.883339
4,99,10/13/15 00:00,-3.053892,-64.887712
2,99,10/13/15 06:01,-3.050595,-64.896898
2,99,10/13/15 08:01,-3.050563,-64.897019
2,99,10/13/15 10:02,-3.050685,-64.896936
2,99,10/13/15 12:01,-3.05031,-64.896922
2,99,10/13/15 14:02,-3.05047,-64.89549
4,99,10/13/15 18:01,-3.052654,-64.892542
4,99,10/13/15 20:01,-3.052778,-64.892552
2,99,10/14/15 04:03,-3.051902,-64.893079
4,99,10/14/15 08:00,-3.053965,-64.892141
4,99,10/14/15 10:02,-3.053994,-64.892197
4,99,10/14/15 12:00,-3.053924,-64.892196
4,99,10/14/15 14:01,-3.053848,-64.892838
4,99,10/14/15 16:00,-3.053905,-64.892309
4,99,10/14/15 18:02,-3.054497,-64.893085
2,99,10/14/15 22:01,-3.047466,-64.909056
2,99,10/15/15 00:01,-3.047301,-64.910172
2,99,10/15/15 02:02,-3.047339,-64.910141
2,99,10/15/15 08:02,-3.053557,-64.904489
2,99,10/15/15 12:01,-3.053419,-64.904533
2,99,10/15/15 14:01,-3.05339,-64.904539
2,99,10/15/15 20:01,-3.051794,-64.900649
2,99,10/15/15 22:00,-3.048942,-64.900753
2,99,10/16/15 02:00,-3.049003,-64.90079
2,99,10/16/15 04:01,-3.049023,-64.900809
2,99,10/16/15 08:00,-3.048988,-64.900804
2,99,10/16/15 10:01,-3.049059,-64.900857
2,99,10/16/15 12:00,-3.048987,-64.900798
2,99,10/16/15 14:00,-3.048999,-64.900807
2,99,10/16/15 16:00,-3.048968,-64.900888
2,99,10/16/15 18:01,-3.048921,-64.90077
2,99,10/16/15 20:01,-3.046195,-64.903098
2,99,10/16/15 22:00,-3.043169,-64.897166
2,99,10/17/15 02:01,-3.043505,-64.895161
2,99,10/17/15 08:00,-3.043457,-64.895212
2,99,10/17/15 12:00,-3.043464,-64.895183
2,99,10/17/15 14:00,-3.043444,-64.89525
2,99,10/17/15 16:00,-3.043323,-64.89551
2,99,10/17/15 20:00,-3.042917,-64.883459
4,99,10/18/15 00:01,-3.051254,-64.880369
4,99,10/18/15 04:02,-3.049959,-64.879436
4,99,10/18/15 06:01,-3.049716,-64.877888
4,99,10/18/15 10:01,-3.050368,-64.877971
4,99,10/18/15 12:00,-3.050309,-64.877953
4,99,10/18/15 14:01,-3.050308,-64.87789
4,99,10/18/15 16:00,-3.049212,-64.877541
4,99,10/18/15 18:01,-3.049558,-64.87761
4,99,10/18/15 22:00,-3.050207,-64.877574
4,99,10/19/15 04:01,-3.050295,-64.877724
4,99,10/19/15 06:02,-3.050228,-64.877895
4,99,10/19/15 08:01,-3.050149,-64.877547
4,99,10/19/15 14:00,-3.050185,-64.877968
4,99,10/19/15 16:01,-3.050078,-64.878005
4,99,10/19/15 18:02,-3.050649,-64.877175
4,99,10/19/15 20:01,-3.052282,-64.87691
4,99,10/19/15 22:00,-3.052324,-64.875345
4,99,10/20/15 00:01,-3.052334,-64.874898
4,99,10/20/15 02:01,-3.052251,-64.874821
4,99,10/20/15 04:01,-3.052285,-64.874796
4,99,10/20/15 06:01,-3.052303,-64.874807
4,99,10/20/15 08:00,-3.052266,-64.874809
4,99,10/20/15 10:00,-3.052233,-64.874852
4,99,10/20/15 12:00,-3.052253,-64.874825
4,99,10/20/15 14:00,-3.052228,-64.874834
4,99,10/20/15 16:00,-3.052229,-64.874906
4,99,10/20/15 20:00,-3.052216,-64.874859
4,99,10/20/15 22:02,-3.051755,-64.874123
4,99,10/21/15 00:01,-3.046139,-64.8726
4,99,10/21/15 02:01,-3.05419,-64.876448
4,99,10/21/15 04:01,-3.054984,-64.875623
4,99,10/21/15 06:01,-3.056001,-64.875945
4,99,10/21/15 08:01,-3.055929,-64.875984
4,99,10/21/15 10:01,-3.056191,-64.876351
4,99,10/21/15 12:01,-3.0562,-64.876617
4,99,10/21/15 14:01,-3.056245,-64.87646
4,99,10/21/15 16:02,-3.056037,-64.87631
4,99,10/21/15 18:00,-3.052757,-64.874814
4,99,10/21/15 20:02,-3.054466,-64.879378
4,99,10/21/15 22:00,-3.054215,-64.879445
4,99,10/22/15 00:00,-3.054216,-64.879514
4,99,10/22/15 02:00,-3.05426,-64.879433
4,99,10/22/15 06:00,-3.055241,-64.879064
4,99,10/22/15 08:00,-3.055241,-64.879008
4,99,10/22/15 10:02,-3.055204,-64.879069
4,99,10/22/15 12:02,-3.054662,-64.879109
4,99,10/22/15 14:00,-3.05423,-64.879538
4,99,10/22/15 16:01,-3.054209,-64.87954
4,99,10/22/15 18:00,-3.054128,-64.879438
4,99,10/22/15 20:00,-3.05423,-64.879455
4,99,10/23/15 02:01,-3.053309,-64.883285
4,99,10/23/15 10:01,-3.053467,-64.883201
4,99,10/23/15 12:02,-3.053309,-64.883348
4,99,10/23/15 14:01,-3.053288,-64.883334
4,99,10/23/15 16:02,-3.05472,-64.875422
4,99,10/23/15 18:00,-3.055356,-64.8731
4,99,10/23/15 20:01,-3.059817,-64.875586
4,99,10/24/15 00:02,-3.059351,-64.868993
4,99,10/24/15 08:02,-3.054653,-64.868549
4,99,10/24/15 10:01,-3.054869,-64.868586
4,99,10/24/15 12:02,-3.05476,-64.868584
4,99,10/24/15 14:01,-3.05479,-64.86853
4,99,10/24/15 16:00,-3.05057,-64.872614
4,99,10/24/15 18:00,-3.048931,-64.870969
2,99,10/24/15 20:01,-3.044255,-64.872379
2,99,10/24/15 22:01,-3.044392,-64.87699
2,99,10/25/15 02:02,-3.039819,-64.884568
2,99,10/25/15 04:01,-3.039785,-64.884281
2,99,10/25/15 08:01,-3.039849,-64.88449
2,99,10/25/15 10:01,-3.039876,-64.884389
2,99,10/25/15 12:01,-3.039791,-64.884704
2,99,10/25/15 14:01,-3.039839,-64.884493
2,99,10/25/15 16:01,-3.039806,-64.884584
2,99,10/25/15 18:01,-3.039899,-64.884414
2,99,10/25/15 20:00,-3.039793,-64.88447
2,99,10/26/15 02:00,-3.044106,-64.873086
2,99,10/26/15 06:01,-3.041482,-64.871237
2,99,10/26/15 08:01,-3.041417,-64.871244
2,99,10/26/15 14:00,-3.041567,-64.87127
2,99,10/26/15 16:01,-3.041874,-64.870943
2,99,10/26/15 18:01,-3.040442,-64.868545
2,99,10/26/15 20:01,-3.033926,-64.870661
2,99,10/27/15 00:01,-3.029262,-64.882793
2,99,10/27/15 02:01,-3.029325,-64.882786
2,99,10/27/15 06:02,-3.029302,-64.882747
2,99,10/27/15 08:03,-3.029417,-64.882739
2,99,10/27/15 10:01,-3.033341,-64.875792
2,99,10/27/15 16:00,-3.040271,-64.876316
2,99,10/27/15 18:01,-3.040906,-64.878278
2,99,10/27/15 20:00,-3.041007,-64.878267
2,99,10/28/15 04:01,-3.035404,-64.896087
2,99,10/28/15 06:01,-3.03276,-64.891659
2,99,10/28/15 08:01,-3.03357,-64.891264
2,99,10/28/15 10:01,-3.033268,-64.891102
2,99,10/28/15 16:01,-3.032957,-64.891131
2,99,10/28/15 18:01,-3.032908,-64.890957
2,99,10/29/15 02:01,-3.036721,-64.888157
2,99,10/29/15 04:01,-3.036713,-64.888247
2,99,10/29/15 06:00,-3.036782,-64.888363
2,99,10/29/15 08:02,-3.036775,-64.888345
2,99,10/29/15 10:01,-3.036737,-64.888379
2,99,10/29/15 12:00,-3.036927,-64.888237
2,99,10/29/15 14:00,-3.036746,-64.888369
2,99,10/29/15 18:01,-3.036181,-64.883896
2,99,10/29/15 22:01,-3.035412,-64.887737
2,99,10/30/15 00:01,-3.037043,-64.886614
2,99,10/30/15 02:01,-3.039276,-64.88661
2,99,10/30/15 04:00,-3.039163,-64.886706
2,99,10/30/15 06:01,-3.039204,-64.886576
2,99,10/30/15 08:01,-3.039122,-64.886674
2,99,10/30/15 10:00,-3.039239,-64.886685
2,99,10/30/15 14:02,-3.039275,-64.886453
2,99,10/30/15 16:02,-3.038992,-64.886405
2,99,10/30/15 18:01,-3.042151,-64.886646
2,99,10/30/15 20:01,-3.043089,-64.883854
2,99,10/30/15 22:02,-3.043398,-64.883375
2,99,10/31/15 00:00,-3.048228,-64.885446
2,99,10/31/15 06:00,-3.048574,-64.888802
2,99,10/31/15 08:01,-3.048521,-64.888848
2,99,10/31/15 10:02,-3.048623,-64.888825
2,99,10/31/15 12:01,-3.048591,-64.888714
2,99,10/31/15 14:00,-3.048601,-64.888925
2,99,10/31/15 16:00,-3.047212,-64.892763
2,99,10/31/15 18:02,-3.040476,-64.895846
2,99,11/01/15 06:02,-3.038555,-64.89682
2,99,11/01/15 08:02,-3.038446,-64.896778
2,99,11/01/15 10:02,-3.03843,-64.896885
2,99,11/01/15 12:01,-3.038468,-64.896875
2,99,11/01/15 14:02,-3.038408,-64.896824
2,99,11/01/15 16:01,-3.038422,-64.896833
2,99,11/01/15 18:02,-3.037571,-64.896915
2,99,11/01/15 20:01,-3.035017,-64.903099
2,99,11/01/15 22:02,-3.045216,-64.904802
2,99,11/02/15 02:01,-3.05141,-64.903316
2,99,11/02/15 04:00,-3.051564,-64.903385
2,99,11/02/15 06:01,-3.051515,-64.903283
2,99,11/02/15 08:00,-3.051464,-64.903351
2,99,11/02/15 10:00,-3.051543,-64.903308
2,99,11/02/15 12:00,-3.051603,-64.903377
2,99,11/02/15 14:00,-3.047938,-64.900925
2,99,11/02/15 18:02,-3.034812,-64.898968
2,99,11/02/15 20:01,-3.024482,-64.902752
2,99,11/02/15 22:02,-3.022681,-64.8951
2,99,11/03/15 08:01,-3.022426,-64.896404
2,99,11/03/15 10:01,-3.022043,-64.895163
2,99,11/03/15 14:01,-3.044313,-64.901771
2,99,11/03/15 16:01,-3.049385,-64.89784
2,99,11/03/15 18:01,-3.040345,-64.8974
2,99,11/04/15 00:00,-3.036283,-64.891192
2,99,11/04/15 02:01,-3.036282,-64.891345
2,99,11/04/15 10:01,-3.022169,-64.895254
2,99,11/04/15 12:01,-3.022119,-64.895275
2,99,11/04/15 14:00,-3.022102,-64.89519
2,99,11/04/15 16:01,-3.022005,-64.895235
2,99,11/04/15 18:01,-3.022801,-64.89528
2,99,11/04/15 20:00,-3.022693,-64.895281
2,99,11/04/15 22:01,-3.022925,-64.895301
2,99,11/05/15 00:00,-3.029158,-64.890756
2,99,11/05/15 14:02,-3.029281,-64.890802
2,99,11/05/15 16:02,-3.029349,-64.89082
2,99,11/05/15 18:01,-3.033213,-64.886385
4,99,11/12/15 16:00,-3.067252,-64.862254
4,99,11/12/15 18:01,-3.068217,-64.86831
4,99,11/13/15 02:02,-3.068923,-64.871485
4,99,11/13/15 04:01,-3.069078,-64.871409
4,99,11/13/15 06:02,-3.068931,-64.871558
4,99,11/13/15 12:01,-3.068933,-64.871392
4,99,11/13/15 14:01,-3.068589,-64.871889
4,99,11/13/15 16:01,-3.068666,-64.871771
4,99,11/13/15 18:01,-3.068698,-64.871818
4,99,11/13/15 20:01,-3.068976,-64.871549
4,99,11/14/15 10:01,-3.068968,-64.871406
4,99,11/14/15 12:01,-3.069336,-64.871789
4,99,11/14/15 14:01,-3.069343,-64.871365
4,99,11/14/15 16:00,-3.069263,-64.871339
4,99,11/15/15 04:01,-3.070102,-64.871398
4,99,11/15/15 12:00,-3.068401,-64.874572
4,99,11/15/15 14:01,-3.068304,-64.874638
4,99,11/15/15 18:00,-3.066478,-64.876479
4,99,11/15/15 20:02,-3.068417,-64.877662
4,99,11/16/15 00:02,-3.080123,-64.875416
4,99,11/16/15 02:02,-3.080376,-64.875691
4,99,11/16/15 08:01,-3.081158,-64.87532
4,99,11/16/15 10:00,-3.081148,-64.875386
4,99,11/16/15 12:01,-3.081125,-64.875429
4,99,11/16/15 14:01,-3.081069,-64.875456
4,99,11/16/15 16:02,-3.080171,-64.875428
4,99,11/16/15 22:02,-3.077351,-64.871026
4,99,11/17/15 00:02,-3.077448,-64.870978
4,99,11/17/15 02:02,-3.077395,-64.870945
4,99,11/17/15 06:02,-3.077442,-64.870942
4,99,11/17/15 12:01,-3.077379,-64.870979
4,99,11/17/15 14:01,-3.07739,-64.870921
4,99,11/17/15 16:02,-3.077477,-64.870983
4,99,11/17/15 18:02,-3.077442,-64.870802
4,99,11/17/15 20:02,-3.077432,-64.871045
4,99,11/18/15 02:02,-3.077415,-64.870975
4,99,11/18/15 08:02,-3.077367,-64.871035
4,99,11/18/15 10:01,-3.077317,-64.871024
4,99,11/18/15 12:00,-3.077376,-64.87102
4,99,11/18/15 14:01,-3.077081,-64.870455
4,99,11/18/15 16:01,-3.077091,-64.870591
4,99,11/18/15 18:02,-3.077333,-64.871138
4,99,11/18/15 20:02,-3.077419,-64.871015
4,99,11/18/15 22:01,-3.077442,-64.870935
4,99,11/19/15 00:01,-3.077403,-64.870835
4,99,11/19/15 10:01,-3.077503,-64.871078
4,99,11/19/15 12:00,-3.077045,-64.870404
4,99,11/19/15 14:01,-3.077062,-64.870376
4,99,11/19/15 18:01,-3.077006,-64.870595
4,99,11/19/15 20:01,-3.077086,-64.870473
4,99,11/20/15 12:02,-3.070708,-64.874321
4,99,11/20/15 14:00,-3.066575,-64.876596
4,99,11/20/15 16:00,-3.066314,-64.877071
4,99,11/20/15 18:01,-3.065893,-64.8768
4,99,11/20/15 20:01,-3.068269,-64.86797
4,99,11/21/15 00:02,-3.072053,-64.864202
4,99,11/21/15 04:01,-3.071975,-64.864166
4,99,11/21/15 16:00,-3.072088,-64.864379
4,99,11/21/15 18:01,-3.071942,-64.864332
4,99,11/22/15 00:02,-3.056439,-64.867126
4,99,11/22/15 04:02,-3.052769,-64.890989
2,99,11/22/15 06:02,-3.04759,-64.890343
2,99,11/22/15 10:01,-3.047329,-64.890424
2,99,11/22/15 14:02,-3.043653,-64.904789
2,99,11/22/15 16:01,-3.04365,-64.904883
2,99,11/22/15 20:01,-3.043413,-64.904899
2,99,11/22/15 22:01,-3.043606,-64.904826
2,99,11/23/15 00:02,-3.043645,-64.904715
2,99,11/23/15 04:00,-3.040614,-64.898058
2,99,11/23/15 06:02,-3.040468,-64.898082
2,99,11/23/15 10:01,-3.041406,-64.900857
2,99,11/23/15 12:02,-3.041261,-64.901031
2,99,11/23/15 14:01,-3.041607,-64.902226
2,99,11/23/15 16:01,-3.041376,-64.902298
4,99,11/24/15 00:02,-3.052973,-64.895751
4,99,11/24/15 08:01,-3.063495,-64.8703
4,99,11/24/15 10:00,-3.06353,-64.87008
4,99,11/24/15 12:01,-3.063382,-64.870416
4,99,11/24/15 14:01,-3.063376,-64.870268
4,99,11/24/15 18:02,-3.052656,-64.891114
4,99,11/25/15 04:02,-3.053194,-64.895656
4,99,11/25/15 08:02,-3.053202,-64.895515
4,99,11/25/15 10:02,-3.053111,-64.89589
4,99,11/25/15 12:02,-3.053509,-64.895668
4,99,11/25/15 14:01,-3.053708,-64.895104
4,99,11/25/15 16:00,-3.053686,-64.895198
4,99,11/25/15 20:01,-3.053717,-64.892088
4,99,11/25/15 22:01,-3.052536,-64.8858
4,99,11/26/15 00:01,-3.050376,-64.879999
4,99,11/26/15 02:01,-3.052955,-64.865481
4,99,11/26/15 04:01,-3.052113,-64.858918
4,99,11/26/15 08:01,-3.052307,-64.858431
4,99,11/26/15 10:01,-3.051238,-64.858551
4,99,11/26/15 12:00,-3.051161,-64.858409
4,99,11/26/15 14:00,-3.05123,-64.858364
4,99,11/26/15 16:00,-3.051188,-64.858288
4,99,11/26/15 18:02,-3.047585,-64.85699
4,99,11/27/15 06:02,-3.059549,-64.857187
4,99,11/27/15 08:01,-3.059596,-64.857367
4,99,11/27/15 10:02,-3.059656,-64.857226
4,99,11/27/15 12:00,-3.059341,-64.857133
4,99,11/27/15 14:01,-3.059428,-64.857208
4,99,11/27/15 18:01,-3.059574,-64.85729
4,99,11/27/15 20:01,-3.05951,-64.857365
4,99,11/28/15 00:00,-3.062982,-64.858658
4,99,11/28/15 04:00,-3.062734,-64.858564
4,99,11/28/15 06:01,-3.062836,-64.858671
4,99,11/28/15 08:01,-3.062867,-64.858575
4,99,11/28/15 10:01,-3.062883,-64.858592
4,99,11/28/15 12:00,-3.063005,-64.858846
4,99,11/28/15 14:01,-3.062653,-64.858506
4,99,11/28/15 16:01,-3.062759,-64.858563
4,99,11/28/15 18:01,-3.068859,-64.860236
4,99,11/28/15 20:02,-3.064569,-64.874696
4,99,11/29/15 02:02,-3.08203,-64.877823
4,99,11/29/15 04:01,-3.082731,-64.877899
4,99,11/29/15 10:01,-3.082906,-64.877943
4,99,11/29/15 12:02,-3.088843,-64.878619
4,99,11/29/15 16:02,-3.068753,-64.864878
4,99,11/30/15 02:02,-3.088838,-64.878342
4,99,11/30/15 04:01,-3.084648,-64.877179
4,99,11/30/15 06:01,-3.084801,-64.876981
4,99,11/30/15 08:01,-3.084817,-64.876954
4,99,11/30/15 10:01,-3.08477,-64.876981
4,99,11/30/15 12:01,-3.084718,-64.876962
4,99,11/30/15 14:01,-3.084651,-64.876948
4,99,11/30/15 16:01,-3.084258,-64.87616
4,99,11/30/15 18:00,-3.081738,-64.874685
4,99,11/30/15 20:01,-3.081392,-64.88095
4,99,11/30/15 22:01,-3.081002,-64.877483
4,99,12/01/15 04:03,-3.079661,-64.87153
4,99,12/01/15 08:02,-3.079669,-64.871365
4,99,12/01/15 10:01,-3.079838,-64.871212
4,99,12/01/15 12:01,-3.079728,-64.871511
4,99,12/01/15 16:01,-3.078467,-64.863561
4,99,12/01/15 18:02,-3.0784,-64.86373
4,99,12/01/15 20:01,-3.072741,-64.864068
4,99,12/02/15 08:01,-3.064772,-64.86953
4,99,12/02/15 10:00,-3.064765,-64.869386
4,99,12/02/15 14:02,-3.064666,-64.869734
4,99,12/02/15 16:03,-3.064775,-64.869392
4,99,12/02/15 18:02,-3.061506,-64.872217
4,99,12/02/15 20:02,-3.050501,-64.868889
2,99,12/03/15 00:01,-3.030353,-64.87905
2,99,12/03/15 02:01,-3.027049,-64.887618
2,99,12/03/15 06:01,-3.026874,-64.887085
2,99,12/03/15 08:01,-3.026926,-64.887218
2,99,12/03/15 12:01,-3.026319,-64.887368
2,99,12/03/15 14:00,-3.026149,-64.887743
2,99,12/03/15 18:01,-3.02851,-64.882007
2,99,12/04/15 00:01,-3.046672,-64.884271
2,99,12/04/15 02:02,-3.04458,-64.880021
2,99,12/04/15 04:01,-3.044628,-64.871724
2,99,12/04/15 08:01,-3.044812,-64.870549
2,99,12/04/15 10:00,-3.044852,-64.870467
2,99,12/04/15 12:00,-3.04483,-64.870534
2,99,12/04/15 14:01,-3.044219,-64.869794
2,99,12/04/15 16:01,-3.044218,-64.869614
2,99,12/04/15 18:02,-3.042047,-64.866499
4,99,12/04/15 20:01,-3.049901,-64.869383
2,99,12/05/15 00:02,-3.042059,-64.866715
2,99,12/05/15 04:02,-3.042104,-64.866518
2,99,12/05/15 08:01,-3.040016,-64.866184
2,99,12/05/15 10:01,-3.04006,-64.866222
2,99,12/05/15 14:01,-3.040038,-64.866056
2,99,12/05/15 16:01,-3.040042,-64.866161
5,99,12/06/15 04:00,-3.070574,-64.837977
5,99,12/06/15 06:01,-3.070466,-64.837523
5,99,12/06/15 08:01,-3.070513,-64.837648
5,99,12/06/15 10:00,-3.070487,-64.837422
5,99,12/06/15 12:01,-3.070415,-64.837462
5,99,12/06/15 14:01,-3.070412,-64.837545
5,99,12/07/15 02:02,-3.063503,-64.836544
4,99,12/07/15 04:02,-3.063782,-64.839243
4,99,12/07/15 06:02,-3.063709,-64.839186
4,99,12/07/15 08:00,-3.063748,-64.839099
4,99,12/07/15 10:00,-3.06369,-64.839134
4,99,12/07/15 12:00,-3.063701,-64.839121
4,99,12/07/15 14:01,-3.063707,-64.839183
4,99,12/07/15 16:01,-3.063665,-64.839431
1,99,12/07/15 20:01,-3.069239,-64.825793
5,99,12/08/15 02:01,-3.075453,-64.82602
5,99,12/08/15 04:00,-3.071197,-64.828893
5,99,12/08/15 08:01,-3.071309,-64.828901
5,99,12/08/15 10:00,-3.071231,-64.828871
5,99,12/08/15 12:02,-3.071198,-64.828776
5,99,12/08/15 14:01,-3.071136,-64.828904
4,99,12/09/15 04:02,-3.068187,-64.879462
4,99,12/09/15 06:01,-3.065912,-64.87982
4,99,12/09/15 08:02,-3.06602,-64.879563
4,99,12/09/15 12:01,-3.066065,-64.879681
4,99,12/09/15 14:01,-3.066067,-64.879597
4,99,12/09/15 16:01,-3.070893,-64.880503
4,99,12/09/15 18:01,-3.080046,-64.878133
4,99,12/10/15 02:02,-3.060183,-64.907205
4,99,12/10/15 08:01,-3.06786,-64.89279
4,99,12/10/15 10:00,-3.067939,-64.89297
4,99,12/10/15 12:01,-3.067847,-64.89275
4,99,12/10/15 14:02,-3.070414,-64.891476
4,99,12/10/15 16:02,-3.082982,-64.887318
4,99,12/10/15 22:01,-3.049496,-64.871154
2,99,12/11/15 00:01,-3.048206,-64.885492
2,99,12/11/15 08:01,-3.051377,-64.891318
2,99,12/11/15 14:00,-3.03952,-64.893998
4,99,12/11/15 22:00,-3.054903,-64.888842
4,99,12/12/15 00:01,-3.054925,-64.888813
4,99,12/12/15 02:02,-3.062502,-64.883969
4,99,12/12/15 06:02,-3.055934,-64.884232
2,99,12/12/15 10:01,-3.039838,-64.893691
2,99,12/12/15 16:01,-3.039714,-64.893647
2,99,12/12/15 18:01,-3.039687,-64.893553
2,99,12/12/15 22:00,-3.039668,-64.893611
2,99,12/13/15 02:00,-3.037484,-64.886586
2,99,12/13/15 06:01,-3.037816,-64.884887
2,99,12/13/15 08:00,-3.036889,-64.885139
2,99,12/13/15 10:02,-3.037039,-64.885875
2,99,12/13/15 12:01,-3.036772,-64.88517
2,99,12/13/15 14:00,-3.036867,-64.885152
2,99,12/13/15 16:00,-3.035502,-64.884681
2,99,12/13/15 18:00,-3.043226,-64.883127
4,99,12/13/15 20:02,-3.053596,-64.8884
2,99,12/14/15 08:00,-3.040468,-64.8948
2,99,12/14/15 10:00,-3.040566,-64.894805
2,99,12/14/15 12:00,-3.040565,-64.894693
2,99,12/14/15 14:00,-3.040541,-64.894763
2,99,12/14/15 16:01,-3.040497,-64.894922
2,99,12/14/15 20:01,-3.040605,-64.894735
2,99,12/15/15 00:01,-3.040667,-64.895294
2,99,12/15/15 04:00,-3.037523,-64.888461
2,99,12/15/15 06:00,-3.037722,-64.888516
2,99,12/15/15 08:00,-3.037368,-64.888581
2,99,12/15/15 10:00,-3.037468,-64.888481
2,99,12/15/15 12:02,-3.0374,-64.888479
2,99,12/15/15 14:00,-3.03748,-64.888544
2,99,12/15/15 16:01,-3.037809,-64.888045
2,99,12/15/15 18:01,-3.03674,-64.887408
2,99,12/16/15 00:02,-3.026347,-64.897205
2,99,12/16/15 02:02,-3.026379,-64.897143
2,99,12/16/15 06:00,-3.024682,-64.895854
2,99,12/16/15 08:00,-3.024694,-64.895976
2,99,12/16/15 14:00,-3.024572,-64.895937
2,99,12/16/15 18:00,-3.024637,-64.895872
2,99,12/16/15 22:01,-3.036382,-64.891223
2,99,12/17/15 02:02,-3.043946,-64.874941
2,99,12/17/15 06:02,-3.038461,-64.870532
2,99,12/17/15 08:01,-3.038622,-64.870255
2,99,12/17/15 10:00,-3.038541,-64.87045
2,99,12/17/15 12:02,-3.038632,-64.869931
2,99,12/17/15 14:00,-3.038573,-64.870594
2,99,12/17/15 16:02,-3.03865,-64.870661
2,99,12/18/15 08:02,-3.040269,-64.86206
2,99,12/18/15 10:00,-3.040409,-64.862019
2,99,12/18/15 12:00,-3.039176,-64.863618
2,99,12/18/15 16:01,-3.039195,-64.863628
2,99,12/18/15 18:01,-3.038476,-64.864586
2,99,12/18/15 22:01,-3.035724,-64.866795
4,99,12/19/15 02:01,-3.048224,-64.871098
4,99,12/19/15 04:02,-3.048305,-64.871085
4,99,12/19/15 06:01,-3.048808,-64.872838
4,99,12/19/15 08:00,-3.048889,-64.873564
4,99,12/19/15 10:00,-3.048815,-64.873645
4,99,12/19/15 12:00,-3.049255,-64.875041
4,99,12/19/15 14:00,-3.049108,-64.875016
4,99,12/19/15 16:00,-3.049105,-64.875019
4,99,12/19/15 18:00,-3.048865,-64.874962
4,99,12/19/15 20:02,-3.049161,-64.874989
4,99,12/19/15 22:00,-3.049136,-64.875058
4,99,12/20/15 00:02,-3.049131,-64.875008
4,99,12/20/15 02:00,-3.049172,-64.875018
4,99,12/20/15 04:00,-3.049279,-64.874964
4,99,12/20/15 06:00,-3.04927,-64.875022
4,99,12/20/15 08:00,-3.049294,-64.874958
4,99,12/20/15 10:00,-3.04933,-64.874945
4,99,12/20/15 12:01,-3.049193,-64.875086
4,99,12/20/15 14:00,-3.049213,-64.875038
4,99,12/20/15 16:01,-3.049208,-64.875012
4,99,12/20/15 18:01,-3.04913,-64.875081
4,99,12/20/15 20:01,-3.049165,-64.875068
4,99,12/20/15 22:00,-3.049101,-64.875071
4,99,12/21/15 00:00,-3.049187,-64.875117
4,99,12/21/15 02:02,-3.049213,-64.875003
4,99,12/21/15 04:02,-3.049153,-64.875001
4,99,12/21/15 08:00,-3.047936,-64.873434
4,99,12/21/15 10:01,-3.047917,-64.873407
4,99,12/21/15 12:01,-3.048008,-64.873455
4,99,12/21/15 16:02,-3.047998,-64.873237
4,99,12/21/15 18:02,-3.048512,-64.873349
4,99,12/22/15 00:02,-3.059197,-64.869048
4,99,12/22/15 04:00,-3.058819,-64.8692
4,99,12/22/15 06:01,-3.058737,-64.869303
4,99,12/22/15 08:01,-3.058873,-64.869309
4,99,12/22/15 12:01,-3.059104,-64.869225
4,99,12/22/15 14:00,-3.058658,-64.869271
4,99,12/22/15 16:00,-3.05873,-64.869311
4,99,12/22/15 18:00,-3.058876,-64.869175
4,99,12/22/15 20:01,-3.05974,-64.869188
4,99,12/23/15 00:01,-3.064118,-64.867962
4,99,12/23/15 02:01,-3.06428,-64.868051
4,99,12/23/15 04:01,-3.064383,-64.867939
4,99,12/23/15 06:01,-3.064061,-64.867889
4,99,12/23/15 08:01,-3.064287,-64.867317
4,99,12/23/15 22:01,-3.084846,-64.876391
4,99,12/24/15 02:02,-3.089564,-64.879995
4,99,12/24/15 06:01,-3.091082,-64.876552
4,99,12/24/15 08:01,-3.090858,-64.876458
4,99,12/24/15 10:01,-3.09082,-64.876467
4,99,12/24/15 12:00,-3.091009,-64.876404
4,99,12/24/15 16:01,-3.090823,-64.87602
4,99,12/24/15 18:01,-3.091019,-64.876356
4,99,12/24/15 20:01,-3.091182,-64.876375
4,99,12/25/15 02:01,-3.090634,-64.875785
4,99,12/25/15 06:01,-3.090319,-64.875714
4,99,12/25/15 08:00,-3.090334,-64.875607
4,99,12/25/15 12:01,-3.074853,-64.870495
4,99,12/25/15 14:01,-3.074862,-64.870558
4,99,12/25/15 16:01,-3.07474,-64.870592
4,99,12/25/15 22:02,-3.066661,-64.861144
5,99,12/26/15 04:00,-3.071603,-64.837882
5,99,12/26/15 08:00,-3.071601,-64.837798
5,99,12/26/15 10:01,-3.071617,-64.83792
5,99,12/26/15 12:01,-3.07172,-64.837902
5,99,12/26/15 14:00,-3.071321,-64.837679
5,99,12/26/15 16:02,-3.07165,-64.838483
5,99,12/26/15 18:01,-3.070771,-64.840553
5,99,12/26/15 20:02,-3.075495,-64.840247
5,99,12/27/15 04:03,-3.087219,-64.861328
5,99,12/27/15 06:01,-3.087264,-64.86151
5,99,12/27/15 10:00,-3.087279,-64.861636
5,99,12/27/15 12:02,-3.087247,-64.861426
5,99,12/27/15 14:02,-3.087284,-64.861585
4,99,12/27/15 20:01,-3.07629,-64.864803
4,99,12/28/15 02:02,-3.069094,-64.866304
4,99,12/28/15 06:01,-3.068921,-64.866079
4,99,12/28/15 12:01,-3.048973,-64.877776
4,99,12/28/15 14:02,-3.049806,-64.878224
4,99,12/28/15 18:01,-3.050619,-64.878747
4,99,12/28/15 20:01,-3.050782,-64.878697
4,99,12/28/15 22:01,-3.054522,-64.879546
4,99,12/29/15 04:01,-3.060158,-64.882293
4,99,12/29/15 06:02,-3.059835,-64.882401
4,99,12/29/15 08:02,-3.060286,-64.882206
4,99,12/29/15 10:00,-3.060105,-64.882332
4,99,12/29/15 14:01,-3.060114,-64.882391
4,99,12/29/15 16:02,-3.059954,-64.882134
2,99,12/29/15 22:01,-3.04939,-64.885262
4,99,12/30/15 00:00,-3.051524,-64.886638
4,99,12/30/15 04:02,-3.051667,-64.887561
4,99,12/30/15 08:01,-3.051676,-64.887664
2,99,12/30/15 10:02,-3.049116,-64.885614
2,99,12/30/15 12:01,-3.049101,-64.885216
2,99,12/30/15 14:01,-3.048734,-64.885029
2,99,12/30/15 16:01,-3.045925,-64.882303
2,99,12/30/15 20:02,-3.037234,-64.886856
2,99,01/05/16 08:01,-3.027407,-64.90228
2,99,01/05/16 12:01,-3.027332,-64.902256
2,99,01/05/16 20:01,-3.02458,-64.90717
2,99,01/06/16 02:01,-3.027343,-64.913328
2,99,01/06/16 06:01,-3.028476,-64.904815
2,99,01/06/16 08:00,-3.028513,-64.904855
2,99,01/06/16 10:01,-3.028623,-64.90469
2,99,01/06/16 12:00,-3.028601,-64.904866
2,99,01/06/16 14:01,-3.028627,-64.904559
2,99,01/06/16 16:00,-3.028772,-64.904778
2,99,01/06/16 22:01,-3.044655,-64.883454
2,99,01/07/16 00:00,-3.041994,-64.882844
2,99,01/07/16 02:02,-3.041994,-64.883251
2,99,01/07/16 08:01,-3.041921,-64.883499
2,99,01/07/16 10:01,-3.041936,-64.883493
2,99,01/07/16 12:00,-3.041965,-64.883209
2,99,01/07/16 14:02,-3.041914,-64.883192
2,99,01/07/16 16:01,-3.04194,-64.883241
2,99,01/07/16 18:01,-3.041967,-64.883172
2,99,01/07/16 20:02,-3.041871,-64.883307
2,99,01/08/16 00:02,-3.039172,-64.886894
2,99,01/08/16 02:02,-3.039126,-64.886915
2,99,01/08/16 04:01,-3.039306,-64.887062
2,99,01/08/16 06:00,-3.03928,-64.887019
2,99,01/08/16 08:01,-3.039216,-64.887076
2,99,01/08/16 10:01,-3.039194,-64.887098
2,99,01/08/16 16:01,-3.022617,-64.895108
2,99,01/08/16 18:01,-3.02795,-64.891606
2,99,01/09/16 00:03,-3.037197,-64.884086
2,99,01/09/16 02:02,-3.033943,-64.877475
2,99,01/09/16 04:01,-3.033765,-64.877256
2,99,01/09/16 08:00,-3.033739,-64.877241
2,99,01/09/16 10:01,-3.029619,-64.87941
2,99,01/09/16 12:02,-3.029814,-64.878873
2,99,01/09/16 16:00,-3.037322,-64.867263
2,99,01/09/16 18:01,-3.037254,-64.866203
4,99,01/10/16 04:02,-3.046884,-64.864957
4,99,01/10/16 06:01,-3.047544,-64.864753
4,99,01/10/16 08:00,-3.047469,-64.864986
4,99,01/10/16 10:01,-3.047597,-64.864789
4,99,01/10/16 12:01,-3.047586,-64.864695
4,99,01/10/16 14:01,-3.048706,-64.867511
4,99,01/10/16 20:02,-3.048556,-64.867288
4,99,01/10/16 22:02,-3.048663,-64.867298
4,99,01/11/16 00:02,-3.048628,-64.86712
4,99,01/11/16 02:01,-3.048658,-64.867586
4,99,01/11/16 08:00,-3.055851,-64.871423
4,99,01/11/16 10:01,-3.055775,-64.871391
4,99,01/11/16 12:01,-3.05584,-64.871486
4,99,01/11/16 14:01,-3.055796,-64.871424
4,99,01/11/16 16:01,-3.056138,-64.87153
4,99,01/11/16 20:01,-3.054045,-64.857187
4,99,01/12/16 02:01,-3.058212,-64.850841
4,99,01/12/16 06:01,-3.05033,-64.846043
8,99,01/12/16 08:00,-3.043079,-64.845351
8,99,01/12/16 12:02,-3.041892,-64.846988
8,99,01/12/16 14:01,-3.042331,-64.851154
8,99,01/12/16 18:03,-3.037294,-64.851548
8,99,01/13/16 00:02,-3.037286,-64.850749
8,99,01/13/16 02:00,-3.037445,-64.850978
8,99,01/13/16 06:01,-3.036285,-64.84976
8,99,01/13/16 12:00,-3.042182,-64.851247
8,99,01/13/16 14:01,-3.040818,-64.851181
8,99,01/13/16 16:02,-3.041329,-64.851908
8,99,01/13/16 18:01,-3.041305,-64.851878
4,99,01/14/16 10:01,-3.051548,-64.853688
4,99,01/14/16 14:01,-3.051395,-64.854376
4,99,01/14/16 18:00,-3.051788,-64.856358
4,99,01/14/16 22:02,-3.050092,-64.857455
4,99,01/15/16 00:02,-3.049277,-64.857973
4,99,01/15/16 02:01,-3.049414,-64.858077
4,99,01/15/16 04:02,-3.048937,-64.858244
4,99,01/15/16 06:01,-3.049011,-64.858196
4,99,01/15/16 08:00,-3.048978,-64.858255
4,99,01/15/16 10:01,-3.049312,-64.857973
4,99,01/15/16 12:01,-3.049341,-64.858266
4,99,01/15/16 14:01,-3.04798,-64.858772
4,99,01/15/16 16:01,-3.047786,-64.861937
4,99,01/15/16 18:02,-3.048894,-64.862547
2,99,01/16/16 18:01,-3.035537,-64.884638
2,99,01/16/16 20:01,-3.033481,-64.875538
2,99,01/16/16 22:02,-3.033261,-64.87563
2,99,01/17/16 06:00,-3.036187,-64.871301
2,99,01/17/16 10:00,-3.036001,-64.871324
2,99,01/17/16 12:01,-3.036046,-64.871361
2,99,01/17/16 14:01,-3.036076,-64.871421
2,99,01/17/16 18:01,-3.037018,-64.871879
2,99,01/17/16 20:02,-3.03731,-64.871874
2,99,01/18/16 02:00,-3.042954,-64.874721
2,99,01/18/16 06:01,-3.041849,-64.874908
2,99,01/18/16 08:00,-3.041168,-64.874858
2,99,01/18/16 12:00,-3.041212,-64.874883
2,99,01/18/16 14:01,-3.04497,-64.879025
2,99,01/18/16 16:01,-3.041254,-64.879009
2,99,01/18/16 18:02,-3.040036,-64.876727
4,99,01/18/16 20:02,-3.047588,-64.869456
4,99,01/19/16 04:01,-3.047671,-64.870457
4,99,01/19/16 06:00,-3.047196,-64.868784
4,99,01/19/16 08:01,-3.047545,-64.869152
4,99,01/19/16 10:01,-3.047616,-64.868939
4,99,01/19/16 12:01,-3.047756,-64.869333
4,99,01/19/16 14:02,-3.047722,-64.869268
4,99,01/19/16 16:01,-3.047721,-64.869973
4,99,01/19/16 18:01,-3.047657,-64.87049
4,99,01/19/16 20:02,-3.047658,-64.870428
4,99,01/19/16 22:01,-3.047685,-64.870409
4,99,01/20/16 00:01,-3.047685,-64.870433
4,99,01/20/16 02:01,-3.047857,-64.870374
4,99,01/20/16 04:01,-3.047941,-64.870234
4,99,01/20/16 06:00,-3.047829,-64.870028
4,99,01/20/16 08:01,-3.047903,-64.870131
4,99,01/20/16 10:01,-3.047674,-64.870338
4,99,01/20/16 12:01,-3.047762,-64.870809
4,99,01/20/16 16:01,-3.047707,-64.870823
4,99,01/20/16 18:02,-3.047763,-64.870765
4,99,01/20/16 20:00,-3.049437,-64.874099
4,99,01/21/16 00:02,-3.047233,-64.874139
4,99,01/21/16 02:02,-3.046976,-64.874398
4,99,01/21/16 04:00,-3.048614,-64.874261
4,99,01/21/16 06:01,-3.049984,-64.875219
4,99,01/21/16 10:00,-3.053292,-64.883097
4,99,01/21/16 12:01,-3.053312,-64.88319
4,99,01/21/16 14:01,-3.053341,-64.882975
4,99,01/21/16 16:01,-3.053216,-64.883147
4,99,01/21/16 18:02,-3.053112,-64.883082
4,99,01/22/16 00:01,-3.051819,-64.889402
2,99,01/22/16 02:00,-3.046507,-64.891931
2,99,01/22/16 04:00,-3.046484,-64.891977
2,99,01/22/16 06:00,-3.046449,-64.891887
2,99,01/22/16 10:00,-3.046865,-64.88801
2,99,01/22/16 12:00,-3.047685,-64.884888
4,99,01/22/16 14:02,-3.05037,-64.880325
4,99,01/22/16 16:01,-3.052273,-64.880798
4,99,01/22/16 22:00,-3.052912,-64.881434
4,99,01/23/16 00:02,-3.052888,-64.881386
4,100,01/17/15 22:01,-3.054585,-64.853711
4,100,01/18/15 04:00,-3.0545,-64.853797
4,100,01/18/15 10:01,-3.0545,-64.853711
4,100,01/18/15 16:02,-3.0545,-64.853797
4,100,01/18/15 22:02,-3.054414,-64.854226
4,100,01/19/15 04:01,-3.054414,-64.854226
4,100,01/19/15 10:00,-3.054585,-64.854484
2,100,01/29/15 22:02,-3.016477,-64.858432
8,100,02/02/15 04:03,-3.044972,-64.841437
8,100,02/02/15 10:02,-3.041368,-64.842038
8,100,02/02/15 16:00,-3.041282,-64.842124
4,100,02/15/15 22:00,-3.073125,-64.853797
4,100,02/16/15 04:01,-3.072352,-64.853282
4,100,02/16/15 10:01,-3.072267,-64.853282
5,100,02/17/15 04:00,-3.067546,-64.830709
4,100,03/10/15 10:00,-3.053813,-64.869332
4,100,03/10/15 16:01,-3.053727,-64.869332
4,100,03/10/15 22:02,-3.053813,-64.869246
2,100,05/12/15 16:00,-2.995448,-64.930959
2,100,05/12/15 22:00,-2.995448,-64.931045
2,100,05/13/15 04:01,-2.992444,-64.93628
2,100,05/13/15 10:00,-2.993817,-64.937568
2,100,05/13/15 16:00,-2.993731,-64.937482
2,100,05/13/15 22:02,-2.99974,-64.945893
2,100,05/24/15 10:00,-2.982144,-64.924006
2,100,05/24/15 16:00,-2.982144,-64.923835
2,100,05/24/15 22:00,-2.980342,-64.905725
2,100,05/25/15 04:00,-2.985492,-64.899459
2,100,05/25/15 10:01,-2.985492,-64.899373
2,100,05/25/15 16:00,-2.985406,-64.899373
2,100,06/02/15 04:00,-3.021197,-64.877658
2,100,06/02/15 10:00,-3.021283,-64.877658
2,100,06/02/15 16:00,-3.021369,-64.877744
2,100,06/02/15 22:00,-3.024888,-64.881949
8,100,06/30/15 16:00,-3.036733,-64.851394
8,100,06/30/15 22:00,-3.042655,-64.844956
1,100,07/25/15 16:01,-3.072438,-64.81895
1,100,07/25/15 22:01,-3.079391,-64.822726
1,100,07/26/15 04:01,-3.079562,-64.823499
1,100,07/26/15 10:01,-3.079476,-64.823499
1,100,07/26/15 16:01,-3.079562,-64.823413
5,100,07/26/15 22:00,-3.078618,-64.828906
