95,01/25/15 14:55,-64.875577,-3.067766
95,01/25/15 16:56,-64.876427,-3.067197
95,01/25/15 18:57,-64.877275,-3.0657
95,01/25/15 20:58,-64.878368,-3.065199
95,01/25/15 22:59,-64.878937,-3.064306
95,01/26/15 01:00,-64.879418,-3.06306
95,01/26/15 03:01,-64.880348,-3.06221
95,01/26/15 05:02,-64.880898,-3.061593
95,01/26/15 07:03,-64.881401,-3.061178
95,01/26/15 09:04,-64.881803,-3.060364
95,01/26/15 11:05,-64.88266,-3.059527
95,01/26/15 13:06,-64.883499,-3.058751
95,01/26/15 15:07,-64.884389,-3.058153
95,01/26/15 17:08,-64.884767,-3.057251
95,01/26/15 19:09,-64.885188,-3.057108
95,01/26/15 21:10,-64.885773,-3.056248
95,01/26/15 23:11,-64.886665,-3.055492
95,01/27/15 01:12,-64.887011,-3.054294
95,01/27/15 03:13,-64.887516,-3.053832
95,01/27/15 05:14,-64.887671,-3.053898
95,01/27/15 07:15,-64.888427,-3.053438
95,01/27/15 09:16,-64.888913,-3.052705
95,01/27/15 11:17,-64.889723,-3.051959
95,01/27/15 13:18,-64.890145,-3.051588
95,01/27/15 15:19,-64.890615,-3.051181
95,01/27/15 17:20,-64.891349,-3.050556
95,01/27/15 19:21,-64.891889,-3.050022
95,01/27/15 21:22,-64.892617,-3.049208
95,01/27/15 23:23,-64.892853,-3.048948
95,01/28/15 01:24,-64.892823,-3.048401
95,01/28/15 03:25,-64.893722,-3.04788
95,01/28/15 05:26,-64.893982,-3.047414
95,01/28/15 07:27,-64.894236,-3.046484
95,01/28/15 09:28,-64.894865,-3.045949
95,01/28/15 11:29,-64.895115,-3.045341
95,01/28/15 13:30,-64.895771,-3.044739
95,01/28/15 15:31,-64.896413,-3.044238
95,01/28/15 17:32,-64.89727,-3.04363
95,01/28/15 19:33,-64.898005,-3.043264
95,01/28/15 21:34,-64.898214,-3.042696
95,01/28/15 23:35,-64.898671,-3.042049
95,01/29/15 01:36,-64.899264,-3.041344
95,01/29/15 03:37,-64.899721,-3.040733
95,01/29/15 05:38,-64.899915,-3.040374
95,01/29/15 07:39,-64.900278,-3.039942
95,01/29/15 09:40,-64.900512,-3.039307
95,01/29/15 11:41,-64.901032,-3.038717
95,01/29/15 13:42,-64.901584,-3.03794
95,01/29/15 15:43,-64.902077,-3.037511
95,01/29/15 17:44,-64.902239,-3.037316
95,01/29/15 19:45,-64.90274,-3.03691
95,01/29/15 21:46,-64.903485,-3.036398
95,01/29/15 23:47,-64.903877,-3.035678
95,01/30/15 01:48,-64.904331,-3.03522
95,01/30/15 03:49,-64.904316,-3.034784
95,01/30/15 05:50,-64.905172,-3.034037
95,01/30/15 07:51,-64.905641,-3.033489
95,01/30/15 09:52,-64.906238,-3.033046
95,01/30/15 11:53,-64.906595,-3.032607
95,01/30/15 13:54,-64.90686,-3.032286
95,01/30/15 15:55,-64.907534,-3.031918
95,01/30/15 17:56,-64.908029,-3.031424
95,01/30/15 19:57,-64.908462,-3.030996
95,01/30/15 21:58,-64.908968,-3.030768
95,01/30/15 23:59,-64.909191,-3.0307
95,01/31/15 02:00,-64.909551,-3.029929
95,01/31/15 04:01,-64.909902,-3.029584
95,01/31/15 06:02,-64.910488,-3.029068
95,01/31/15 08:03,-64.910799,-3.02867
95,01/31/15 10:04,-64.91072,-3.028229
95,01/31/15 12:05,-64.911433,-3.027602
95,01/31/15 14:06,-64.912071,-3.026856
95,01/31/15 16:07,-64.912379,-3.026177
95,01/31/15 18:08,-64.912512,-3.025704
95,01/31/15 20:09,-64.912549,-3.025289
95,01/31/15 22:10,-64.913098,-3.02489
95,02/01/15 00:11,-64.913297,-3.024233
95,02/01/15 02:12,-64.91352,-3.023733
95,02/01/15 04:13,-64.913923,-3.023331
95,02/01/15 06:14,-64.913974,-3.022994
95,02/01/15 08:15,-64.914343,-3.022822
95,02/01/15 10:16,-64.914649,-3.022489
95,02/01/15 12:17,-64.914691,-3.021814
95,02/01/15 14:18,-64.914695,-3.021704
95,02/01/15 16:19,-64.914811,-3.021552
95,02/01/15 18:20,-64.915383,-3.021019
95,02/01/15 20:21,-64.915916,-3.020808
95,02/01/15 22:22,-64.916048,-3.020166
95,02/02/15 00:23,-64.916293,-3.019932
95,02/02/15 02:24,-64.916228,-3.019709
95,02/02/15 04:25,-64.916672,-3.019295
95,02/02/15 06:26,-64.91709,-3.019014
95,02/02/15 08:27,-64.917121,-3.018777
95,02/02/15 10:28,-64.917241,-3.018612
95,02/02/15 12:29,-64.917215,-3.018592
95,02/02/15 14:30,-64.917567,-3.018317
95,02/02/15 16:31,-64.917878,-3.018098
95,02/02/15 18:32,-64.918162,-3.01818
95,02/02/15 20:33,-64.918553,-3.018152
95,02/02/15 22:34,-64.918618,-3.017824
95,02/03/15 00:35,-64.919249,-3.01773
95,02/03/15 02:36,-64.919778,-3.017372
95,02/03/15 04:37,-64.919979,-3.016849
95,02/03/15 06:38,-64.920193,-3.016998
95,02/03/15 08:39,-64.919713,-3.016801
95,02/03/15 10:40,-64.919874,-3.016683
95,02/03/15 12:41,-64.920367,-3.016492
95,02/03/15 14:42,-64.920264,-3.016276
95,02/03/15 16:43,-64.920313,-3.015979
95,02/03/15 18:44,-64.920266,-3.016
95,02/03/15 20:45,-64.920388,-3.015816
95,02/03/15 22:46,-64.920742,-3.015612
95,02/04/15 00:47,-64.921112,-3.014977
95,02/04/15 02:48,-64.921256,-3.015058
95,02/04/15 04:49,-64.921114,-3.015376
95,02/04/15 06:50,-64.921248,-3.01541
95,02/04/15 08:51,-64.921554,-3.015487
95,02/04/15 10:52,-64.921812,-3.015282
95,02/04/15 12:53,-64.921918,-3.01522
95,02/04/15 14:54,-64.921742,-3.014847
95,02/04/15 16:55,-64.921807,-3.014646
95,02/04/15 18:56,-64.922225,-3.014458
95,02/04/15 20:57,-64.922297,-3.014333
95,02/04/15 22:58,-64.922294,-3.014401
95,02/05/15 00:59,-64.922214,-3.014311
95,02/05/15 03:00,-64.922986,-3.014332
95,02/05/15 05:01,-64.923306,-3.014036
95,02/05/15 07:02,-64.923071,-3.013977
95,02/05/15 09:03,-64.923194,-3.014132
95,02/05/15 11:04,-64.922655,-3.014294
95,02/05/15 13:05,-64.922769,-3.014013
95,02/05/15 15:06,-64.922893,-3.013797
95,02/05/15 17:07,-64.923002,-3.013541
95,02/05/15 19:08,-64.922984,-3.013764
95,02/05/15 21:09,-64.92285,-3.013757
95,02/05/15 23:10,-64.922992,-3.013719
95,02/06/15 01:11,-64.923161,-3.013596
95,02/06/15 03:12,-64.923163,-3.013604
95,02/06/15 05:13,-64.923115,-3.013621
95,02/06/15 07:14,-64.922664,-3.013671
95,02/06/15 09:15,-64.922439,-3.013717
95,02/06/15 11:16,-64.922315,-3.013866
95,02/06/15 13:17,-64.922121,-3.013689
95,02/06/15 15:18,-64.922112,-3.013437
95,02/06/15 17:19,-64.921983,-3.013516
95,02/06/15 19:20,-64.921964,-3.013458
95,02/06/15 21:21,-64.922061,-3.013378
95,02/06/15 23:22,-64.921784,-3.013039
95,02/07/15 01:23,-64.921663,-3.013319
95,02/07/15 03:24,-64.921195,-3.01329
95,02/07/15 05:25,-64.921144,-3.013771
95,02/07/15 07:26,-64.921136,-3.013655
95,02/07/15 09:27,-64.92101,-3.013075
95,02/07/15 11:28,-64.920964,-3.013427
95,02/07/15 13:29,-64.920675,-3.013572
95,02/07/15 15:30,-64.920516,-3.013867
95,02/07/15 17:31,-64.920693,-3.013908
95,02/07/15 19:32,-64.920674,-3.014084
95,02/07/15 21:33,-64.920317,-3.014139
95,02/07/15 23:34,-64.920162,-3.014362
95,02/08/15 01:35,-64.920464,-3.014223
95,02/08/15 03:36,-64.920733,-3.014074
95,02/08/15 05:37,-64.921031,-3.013813
95,02/08/15 07:38,-64.920889,-3.014125
95,02/08/15 09:39,-64.92085,-3.014212
95,02/08/15 11:40,-64.920595,-3.014429
95,02/08/15 13:41,-64.920587,-3.014344
95,02/08/15 15:42,-64.920479,-3.014537
95,02/08/15 17:43,-64.920332,-3.014721
95,02/08/15 19:44,-64.920055,-3.014724
95,02/08/15 21:45,-64.919828,-3.014865
95,02/08/15 23:46,-64.92015,-3.015026
95,02/09/15 01:47,-64.919855,-3.015028
95,02/09/15 03:48,-64.919455,-3.015165
95,02/09/15 05:49,-64.919219,-3.015498
95,02/09/15 07:50,-64.919103,-3.015927
95,02/09/15 09:51,-64.91914,-3.016055
95,02/09/15 11:52,-64.919161,-3.016376
95,02/09/15 13:53,-64.919047,-3.016374
95,02/09/15 15:54,-64.918686,-3.016387
95,02/09/15 17:55,-64.918454,-3.016727
95,02/09/15 19:56,-64.918637,-3.016819
95,02/09/15 21:57,-64.918308,-3.016975
95,02/09/15 23:58,-64.918121,-3.017334
95,02/10/15 01:59,-64.917908,-3.017693
95,02/10/15 04:00,-64.917708,-3.01807
95,02/10/15 06:01,-64.917795,-3.018368
95,02/10/15 08:02,-64.917646,-3.018634
95,02/10/15 10:03,-64.917364,-3.019217
95,02/10/15 12:04,-64.917047,-3.019507
95,02/10/15 14:05,-64.916746,-3.019875
95,02/10/15 16:06,-64.916783,-3.020208
95,02/10/15 18:07,-64.916762,-3.020286
95,02/10/15 20:08,-64.916423,-3.020538
95,02/10/15 22:09,-64.915954,-3.020947
95,02/11/15 00:10,-64.915817,-3.021325
95,02/11/15 02:11,-64.916182,-3.021626
95,02/11/15 04:12,-64.915664,-3.02187
95,02/11/15 06:13,-64.915626,-3.022399
95,02/11/15 08:14,-64.915283,-3.02305
95,02/11/15 10:15,-64.91464,-3.023419
95,02/11/15 12:16,-64.914481,-3.023764
95,02/11/15 14:17,-64.914295,-3.024102
95,02/11/15 16:18,-64.913772,-3.02421
95,02/11/15 18:19,-64.913402,-3.024172
95,02/11/15 20:20,-64.913125,-3.024647
95,02/11/15 22:21,-64.913292,-3.025215
95,02/12/15 00:22,-64.912842,-3.025472
95,02/12/15 02:23,-64.912495,-3.025949
95,02/12/15 04:24,-64.912085,-3.0264
95,02/12/15 06:25,-64.911962,-3.026619
95,02/12/15 08:26,-64.911999,-3.026712
95,02/12/15 10:27,-64.911591,-3.026905
95,02/12/15 12:28,-64.911543,-3.027448
95,02/12/15 14:29,-64.911172,-3.028189
95,02/12/15 16:30,-64.910712,-3.028767
95,02/12/15 18:31,-64.910721,-3.029112
95,02/12/15 20:32,-64.910468,-3.029467
95,02/12/15 22:33,-64.910061,-3.030137
95,02/13/15 00:34,-64.90969,-3.030794
95,02/13/15 02:35,-64.90917,-3.031353
95,02/13/15 04:36,-64.909234,-3.031496
95,02/13/15 06:37,-64.909091,-3.031987
95,02/13/15 08:38,-64.908816,-3.032253
95,02/13/15 10:39,-64.908152,-3.032543
95,02/13/15 12:40,-64.907496,-3.032806
95,02/13/15 14:41,-64.907387,-3.033176
95,02/13/15 16:42,-64.906738,-3.033629
95,02/13/15 18:43,-64.90666,-3.034276
95,02/13/15 20:44,-64.906183,-3.034742
95,02/13/15 22:45,-64.905528,-3.0353
95,02/14/15 00:46,-64.905437,-3.035567
95,02/14/15 02:47,-64.905101,-3.03609
95,02/14/15 04:48,-64.904864,-3.03687
95,02/14/15 06:49,-64.904311,-3.037738
95,02/14/15 08:50,-64.903672,-3.038317
95,02/14/15 10:51,-64.903522,-3.038729
95,02/14/15 12:52,-64.903096,-3.039289
95,02/14/15 14:53,-64.902615,-3.040127
95,02/14/15 16:54,-64.901995,-3.040866
95,02/14/15 18:55,-64.901556,-3.041408
95,02/14/15 20:56,-64.901353,-3.042025
95,02/14/15 22:57,-64.901142,-3.042909
95,02/15/15 00:58,-64.900763,-3.043681
95,02/15/15 02:59,-64.900126,-3.043906
95,02/15/15 05:00,-64.899534,-3.04456
95,02/15/15 07:01,-64.899476,-3.04525
95,02/15/15 09:02,-64.898892,-3.045668
95,02/15/15 11:03,-64.898333,-3.046616
95,02/15/15 13:04,-64.897704,-3.047484
95,02/15/15 15:05,-64.897361,-3.048068
95,02/15/15 17:06,-64.897124,-3.048575
95,02/15/15 19:07,-64.896636,-3.049058
95,02/15/15 21:08,-64.89627,-3.049855
95,02/15/15 23:09,-64.895799,-3.050517
95,02/16/15 01:10,-64.895027,-3.051225
95,02/16/15 03:11,-64.89484,-3.051838
95,02/16/15 05:12,-64.894559,-3.052651
95,02/16/15 07:13,-64.893948,-3.053716
95,02/16/15 09:14,-64.893073,-3.054444
95,02/16/15 11:15,-64.892612,-3.055318
95,02/16/15 13:16,-64.892116,-3.055716
95,02/16/15 15:17,-64.891565,-3.056448
95,02/16/15 17:18,-64.891135,-3.056991
95,02/16/15 19:19,-64.890257,-3.057707
95,02/16/15 21:20,-64.889674,-3.058275
95,02/16/15 23:21,-64.889344,-3.059143
95,02/17/15 01:22,-64.888913,-3.060043
95,02/17/15 03:23,-64.888348,-3.061182
95,02/17/15 05:24,-64.887439,-3.061704
95,02/17/15 07:25,-64.886834,-3.062597
95,02/17/15 09:26,-64.886591,-3.063366
95,02/17/15 11:27,-64.885944,-3.063912
95,02/17/15 13:28,-64.885367,-3.064714
95,02/17/15 15:29,-64.884695,-3.065461
95,02/17/15 17:30,-64.883709,-3.066395
95,02/17/15 19:31,-64.883396,-3.067166
95,02/17/15 21:32,-64.882763,-3.067844
95,02/17/15 23:33,-64.882311,-3.068499
95,02/18/15 01:34,-64.88165,-3.069238
95,02/18/15 03:35,-64.880959,-3.070292
95,02/18/15 05:36,-64.880604,-3.070946
95,02/18/15 07:37,-64.879993,-3.071911
95,02/18/15 09:38,-64.879271,-3.072992
95,02/18/15 11:39,-64.878586,-3.073615
95,02/18/15 13:40,-64.87794,-3.07438
95,02/18/15 15:41,-64.877658,-3.075439
95,02/18/15 17:42,-64.877152,-3.075744
95,02/18/15 19:43,-64.876343,-3.077204
95,02/18/15 21:44,-64.875521,-3.07804
95,02/18/15 23:45,-64.874517,-3.078968
95,02/19/15 01:46,-64.874514,-3.079594
95,02/19/15 03:47,-64.873968,-3.080032
95,02/19/15 05:48,-64.873459,-3.080914
95,02/19/15 07:49,-64.872428,-3.08191
95,02/19/15 09:50,-64.871866,-3.082857
95,02/19/15 11:51,-64.871074,-3.083386
95,02/19/15 13:52,-64.870408,-3.084206
95,02/19/15 15:53,-64.86996,-3.085105
95,02/19/15 17:54,-64.869323,-3.086086
95,02/19/15 19:55,-64.86858,-3.087081
95,02/19/15 21:56,-64.868174,-3.087709
95,02/19/15 23:57,-64.867269,-3.088688
95,02/20/15 01:58,-64.866732,-3.089615
95,02/20/15 03:59,-64.865713,-3.090666
95,02/20/15 06:00,-64.864657,-3.091994
95,02/20/15 08:01,-64.864007,-3.092393
95,02/20/15 10:02,-64.863221,-3.093218
95,02/20/15 12:03,-64.862247,-3.094535
95,02/20/15 14:04,-64.861331,-3.095203
95,02/20/15 20:07,-64.860616,-3.095618
95,02/20/15 22:08,-64.862186,-3.093721
95,02/21/15 00:09,-64.863712,-3.091318
95,02/21/15 02:10,-64.864993,-3.089565
95,02/21/15 04:11,-64.866005,-3.08752
95,02/21/15 06:12,-64.867601,-3.085548
95,02/21/15 08:13,-64.869327,-3.083507
95,02/21/15 10:14,-64.870561,-3.081628
95,02/21/15 12:15,-64.872247,-3.080233
95,02/21/15 14:16,-64.873309,-3.078599
95,02/21/15 16:17,-64.874732,-3.076864
95,02/21/15 18:18,-64.875971,-3.075023
95,02/21/15 20:19,-64.877093,-3.073452
95,02/21/15 22:20,-64.877936,-3.07192
95,02/22/15 00:21,-64.878724,-3.070515
95,02/22/15 02:22,-64.879976,-3.068967
95,02/22/15 04:23,-64.881126,-3.067567
95,02/22/15 06:24,-64.881925,-3.065979
95,02/22/15 08:25,-64.882731,-3.06458
95,02/22/15 10:26,-64.883308,-3.063272
95,02/22/15 12:27,-64.883898,-3.062069
95,02/22/15 14:28,-64.884901,-3.060846
95,02/22/15 16:29,-64.885422,-3.059658
95,02/22/15 18:30,-64.886055,-3.058587
95,02/22/15 20:31,-64.886773,-3.05753
95,02/22/15 22:32,-64.887422,-3.056443
95,02/23/15 00:33,-64.8883,-3.05534
95,02/23/15 02:34,-64.889015,-3.054267
95,02/23/15 04:35,-64.889622,-3.053277
95,02/23/15 06:36,-64.889673,-3.052442
95,02/23/15 08:37,-64.89025,-3.051457
95,02/23/15 10:38,-64.890867,-3.050497
95,02/23/15 12:39,-64.891048,-3.049573
95,02/23/15 14:40,-64.891713,-3.048729
95,02/23/15 16:41,-64.891723,-3.047773
95,02/23/15 18:42,-64.891909,-3.046988
95,02/23/15 20:43,-64.892246,-3.046267
95,02/23/15 22:44,-64.892355,-3.045263
95,02/24/15 00:45,-64.891871,-3.045227
95,02/24/15 02:46,-64.891565,-3.04448
95,02/24/15 08:49,-64.891725,-3.044929
95,02/24/15 12:51,-64.891571,-3.044587
95,02/24/15 14:52,-64.891196,-3.044701
95,02/24/15 20:55,-64.891612,-3.04517
95,02/24/15 22:56,-64.89226,-3.044828
95,02/25/15 00:57,-64.892763,-3.044519
95,02/25/15 02:58,-64.89296,-3.044243
95,02/25/15 04:59,-64.892723,-3.044656
95,02/25/15 07:00,-64.89329,-3.044329
95,02/25/15 09:01,-64.894062,-3.043939
95,02/25/15 11:02,-64.8943,-3.043445
95,02/25/15 13:03,-64.894845,-3.043171
95,02/25/15 15:04,-64.895041,-3.043213
95,02/25/15 17:05,-64.895343,-3.043506
95,02/25/15 19:06,-64.895321,-3.043538
95,02/25/15 21:07,-64.895218,-3.043293
95,02/25/15 23:08,-64.89544,-3.043639
95,02/26/15 01:09,-64.895417,-3.043561
95,02/26/15 03:10,-64.89568,-3.043564
95,02/26/15 05:11,-64.895816,-3.043128
95,02/26/15 07:12,-64.895742,-3.042888
95,02/26/15 09:13,-64.895856,-3.042863
95,02/26/15 11:14,-64.895704,-3.043058
95,02/26/15 13:15,-64.895994,-3.043026
95,02/26/15 15:16,-64.895975,-3.042954
95,02/26/15 17:17,-64.896001,-3.042805
95,02/26/15 19:18,-64.895872,-3.04245
95,02/26/15 21:19,-64.895536,-3.042609
95,02/26/15 23:20,-64.895924,-3.04224
95,02/27/15 01:21,-64.896202,-3.042143
95,02/27/15 03:22,-64.89623,-3.042231
95,02/27/15 05:23,-64.896218,-3.042461
95,02/27/15 07:24,-64.895837,-3.042767
95,02/27/15 09:25,-64.896235,-3.042742
95,02/27/15 11:26,-64.896218,-3.042966
95,02/27/15 13:27,-64.896115,-3.043372
95,02/27/15 15:28,-64.896086,-3.044163
95,02/27/15 17:29,-64.895769,-3.044721
95,02/27/15 19:30,-64.895954,-3.045162
95,02/27/15 21:31,-64.895938,-3.045147
95,02/27/15 23:32,-64.895571,-3.045095
95,02/28/15 01:33,-64.895337,-3.045468
95,02/28/15 03:34,-64.894578,-3.045679
95,02/28/15 05:35,-64.894609,-3.045933
95,02/28/15 07:36,-64.894351,-3.046344
95,02/28/15 09:37,-64.89404,-3.046772
95,02/28/15 11:38,-64.893803,-3.047352
95,02/28/15 13:39,-64.89336,-3.047984
95,02/28/15 15:40,-64.89316,-3.048305
95,02/28/15 17:41,-64.892676,-3.04859
95,02/28/15 19:42,-64.892267,-3.049225
95,02/28/15 21:43,-64.891869,-3.049893
95,02/28/15 23:44,-64.891347,-3.05062
95,03/01/15 01:45,-64.891014,-3.051129
95,03/01/15 03:46,-64.890608,-3.051799
95,03/01/15 05:47,-64.890026,-3.052385
95,03/01/15 07:48,-64.889376,-3.053196
95,03/01/15 09:49,-64.88861,-3.054217
95,03/01/15 11:50,-64.888378,-3.055024
95,03/01/15 13:51,-64.887933,-3.055667
95,03/01/15 15:52,-64.887435,-3.056684
95,03/01/15 17:53,-64.886851,-3.057455
95,03/01/15 19:54,-64.886307,-3.058504
95,03/01/15 21:55,-64.886172,-3.059355
95,03/01/15 23:56,-64.885596,-3.060438
95,03/02/15 01:57,-64.884802,-3.061699
95,03/02/15 03:58,-64.884058,-3.06248
95,03/02/15 05:59,-64.882858,-3.063711
95,03/02/15 08:00,-64.882604,-3.064652
95,03/02/15 10:01,-64.881978,-3.06556
95,03/02/15 12:02,-64.881311,-3.066594
95,03/02/15 14:03,-64.880674,-3.067664
95,03/02/15 16:04,-64.879993,-3.068439
95,03/02/15 18:05,-64.87943,-3.069185
95,03/02/15 20:06,-64.878494,-3.069797
95,03/02/15 22:07,-64.877926,-3.070973
95,03/03/15 00:08,-64.877256,-3.072205
95,03/03/15 02:09,-64.876098,-3.073246
95,03/03/15 04:10,-64.875722,-3.074472
95,03/03/15 06:11,-64.87494,-3.075631
95,03/03/15 08:12,-64.874101,-3.076621
95,03/03/15 10:13,-64.87327,-3.077507
95,03/03/15 12:14,-64.871958,-3.078503
95,03/03/15 14:15,-64.871592,-3.079345
95,03/03/15 16:16,-64.87071,-3.08032
95,03/03/15 18:17,-64.869839,-3.081891
95,03/03/15 20:18,-64.868772,-3.083231
95,03/03/15 22:19,-64.867571,-3.084296
95,03/04/15 00:20,-64.86674,-3.085389
95,03/04/15 02:21,-64.865827,-3.086684
95,03/04/15 04:22,-64.864986,-3.087863
95,03/04/15 06:23,-64.863571,-3.088785
95,03/04/15 08:24,-64.862152,-3.090209
95,03/04/15 10:25,-64.861616,-3.091438
95,03/04/15 12:26,-64.86052,-3.092914
95,03/04/15 14:27,-64.859294,-3.094662
95,03/04/15 16:28,-64.857944,-3.095865
95,03/04/15 22:31,-64.855962,-3.095826
95,03/05/15 00:32,-64.856715,-3.094722
95,03/05/15 02:33,-64.857739,-3.092937
95,03/05/15 04:34,-64.858501,-3.091733
95,03/05/15 06:35,-64.858996,-3.090412
95,03/05/15 08:36,-64.860141,-3.088807
95,03/05/15 10:37,-64.860821,-3.087682
95,03/05/15 12:38,-64.861003,-3.086175
95,03/05/15 14:39,-64.861603,-3.08491
95,03/05/15 16:40,-64.86204,-3.084134
95,03/05/15 18:41,-64.862828,-3.082725
95,03/05/15 20:42,-64.863671,-3.0817
95,03/05/15 22:43,-64.8644,-3.080908
95,03/06/15 00:44,-64.864915,-3.080171
95,03/06/15 02:45,-64.865034,-3.079431
95,03/06/15 04:46,-64.865478,-3.078183
95,03/06/15 06:47,-64.865859,-3.077151
95,03/06/15 08:48,-64.866452,-3.076017
95,03/06/15 10:49,-64.86679,-3.075352
95,03/06/15 12:50,-64.867098,-3.074725
95,03/06/15 14:51,-64.867646,-3.073573
95,03/06/15 16:52,-64.867944,-3.072782
95,03/06/15 18:53,-64.868271,-3.072096
95,03/06/15 20:54,-64.868536,-3.071236
95,03/06/15 22:55,-64.868541,-3.070771
95,03/07/15 00:56,-64.869058,-3.070021
95,03/07/15 02:57,-64.869402,-3.069356
95,03/07/15 04:58,-64.869679,-3.06873
95,03/07/15 06:59,-64.869909,-3.068003
95,03/07/15 09:00,-64.869867,-3.067605
95,03/07/15 11:01,-64.869933,-3.067053
95,03/07/15 13:02,-64.869857,-3.066495
95,03/07/15 15:03,-64.870118,-3.065839
95,03/07/15 17:04,-64.870202,-3.065442
95,03/07/15 19:05,-64.870116,-3.065125
95,03/07/15 21:06,-64.870348,-3.064697
95,03/07/15 23:07,-64.870401,-3.064165
95,03/08/15 01:08,-64.870525,-3.063702
95,03/08/15 03:09,-64.870461,-3.06267
95,03/08/15 05:10,-64.87018,-3.062247
95,03/08/15 07:11,-64.87026,-3.061936
95,03/08/15 09:12,-64.870053,-3.061661
95,03/08/15 11:13,-64.870133,-3.061099
95,03/08/15 13:14,-64.869929,-3.060804
95,03/08/15 15:15,-64.869279,-3.06088
95,03/08/15 17:16,-64.868278,-3.060843
95,03/08/15 19:17,-64.867262,-3.060744
95,03/08/15 21:18,-64.866923,-3.060678
95,03/08/15 23:19,-64.866216,-3.059986
95,03/09/15 01:20,-64.865784,-3.06023
95,03/09/15 03:21,-64.865094,-3.060555
95,03/09/15 05:22,-64.864698,-3.061021
95,03/09/15 07:23,-64.864622,-3.060776
95,03/09/15 09:24,-64.864283,-3.060498
95,03/09/15 11:25,-64.863225,-3.060704
95,03/09/15 13:26,-64.8623,-3.060646
95,03/10/15 03:33,-64.858194,-3.047747
95,03/10/15 05:34,-64.859368,-3.046907
95,03/10/15 07:35,-64.860202,-3.045957
95,03/10/15 09:36,-64.860804,-3.045579
95,03/10/15 11:37,-64.861328,-3.045205
95,03/10/15 13:38,-64.862659,-3.045006
95,03/10/15 15:39,-64.864422,-3.04385
95,03/10/15 17:40,-64.865679,-3.042518
95,03/10/15 19:41,-64.866345,-3.042141
95,03/10/15 21:42,-64.86693,-3.041997
95,03/10/15 23:43,-64.86777,-3.041676
95,03/11/15 01:44,-64.868423,-3.041233
95,03/11/15 03:45,-64.868916,-3.040857
95,03/11/15 05:46,-64.869314,-3.040636
95,03/11/15 07:47,-64.869264,-3.040502
95,03/11/15 09:48,-64.870494,-3.039632
95,03/11/15 11:49,-64.871241,-3.039199
95,03/11/15 13:50,-64.872443,-3.038742
95,03/11/15 15:51,-64.873225,-3.038516
95,03/11/15 17:52,-64.873605,-3.038155
95,03/11/15 19:53,-64.874408,-3.037406
95,03/11/15 21:54,-64.875191,-3.036836
95,03/11/15 23:55,-64.875743,-3.036098
95,03/12/15 01:56,-64.876119,-3.035989
95,03/12/15 03:57,-64.875952,-3.035374
95,03/12/15 05:58,-64.87704,-3.035261
95,03/12/15 07:59,-64.877828,-3.034945
95,03/12/15 10:00,-64.878405,-3.034243
95,03/12/15 12:01,-64.879109,-3.033843
95,03/12/15 14:02,-64.879257,-3.033627
95,03/12/15 16:03,-64.880016,-3.033115
95,03/12/15 18:04,-64.880752,-3.032838
95,03/12/15 20:05,-64.88094,-3.032189
95,03/12/15 22:06,-64.881697,-3.032051
95,03/13/15 00:07,-64.881902,-3.031457
95,03/13/15 02:08,-64.882657,-3.03081
95,03/13/15 04:09,-64.883339,-3.030828
95,03/13/15 06:10,-64.883885,-3.03004
95,03/13/15 08:11,-64.884302,-3.029641
95,03/13/15 10:12,-64.884418,-3.029328
95,03/13/15 12:13,-64.885031,-3.028937
95,03/13/15 14:14,-64.885467,-3.028647
95,03/13/15 16:15,-64.886012,-3.028128
95,03/13/15 18:16,-64.886298,-3.027972
95,03/13/15 20:17,-64.886462,-3.028385
95,03/13/15 22:18,-64.887323,-3.028158
95,03/14/15 00:19,-64.887816,-3.027937
95,03/14/15 02:20,-64.887935,-3.027291
95,03/14/15 04:21,-64.888222,-3.027133
95,03/14/15 06:22,-64.888394,-3.026535
95,03/14/15 08:23,-64.889209,-3.026263
95,03/14/15 10:24,-64.889748,-3.025992
95,03/14/15 12:25,-64.890185,-3.025515
95,03/14/15 14:26,-64.890557,-3.025407
95,03/14/15 16:27,-64.890538,-3.025237
95,03/14/15 18:28,-64.891024,-3.025015
95,03/14/15 20:29,-64.891438,-3.024377
95,03/14/15 22:30,-64.89167,-3.024171
95,03/15/15 00:31,-64.891971,-3.02372
95,03/15/15 02:32,-64.89172,-3.023227
95,03/15/15 04:33,-64.892264,-3.022813
95,03/15/15 06:34,-64.892641,-3.022657
95,03/15/15 08:35,-64.892715,-3.022413
95,03/15/15 10:36,-64.893081,-3.02238
95,03/15/15 12:37,-64.893243,-3.022033
95,03/15/15 14:38,-64.894018,-3.021785
95,03/15/15 16:39,-64.894571,-3.021498
95,03/15/15 18:40,-64.894726,-3.021272
95,03/15/15 20:41,-64.894964,-3.020775
95,03/15/15 22:42,-64.894766,-3.020588
95,03/16/15 00:43,-64.895117,-3.020275
95,03/16/15 02:44,-64.895531,-3.020052
95,03/16/15 04:45,-64.895771,-3.019873
95,03/16/15 06:46,-64.896021,-3.019676
95,03/16/15 08:47,-64.895707,-3.019778
95,03/16/15 10:48,-64.896174,-3.019658
95,03/16/15 12:49,-64.896083,-3.019357
95,03/16/15 14:50,-64.896283,-3.019255
95,03/16/15 16:51,-64.896487,-3.019075
95,03/16/15 18:52,-64.896081,-3.018771
95,03/16/15 20:53,-64.896333,-3.018675
95,03/16/15 22:54,-64.896653,-3.018543
95,03/17/15 00:55,-64.896876,-3.01805
95,03/17/15 02:56,-64.896845,-3.018184
95,03/17/15 04:57,-64.896579,-3.018485
95,03/17/15 06:58,-64.896969,-3.018386
95,03/17/15 08:59,-64.897181,-3.018422
95,03/17/15 11:00,-64.897214,-3.018242
95,03/17/15 13:01,-64.897236,-3.018297
95,03/17/15 15:02,-64.897345,-3.018408
95,03/17/15 17:03,-64.897665,-3.018307
95,03/17/15 19:04,-64.898026,-3.018241
95,03/17/15 21:05,-64.898007,-3.018056
95,03/17/15 23:06,-64.897889,-3.018068
95,03/18/15 01:07,-64.897833,-3.018398
95,03/18/15 03:08,-64.89821,-3.018275
95,03/18/15 05:09,-64.89862,-3.01841
95,03/18/15 07:10,-64.898808,-3.018331
95,03/18/15 09:11,-64.898651,-3.018414
95,03/18/15 11:12,-64.898255,-3.018862
95,03/18/15 13:13,-64.89843,-3.018705
95,03/18/15 15:14,-64.898475,-3.018783
95,03/18/15 17:15,-64.898266,-3.018981
95,03/18/15 19:16,-64.898156,-3.019085
95,03/18/15 21:17,-64.897946,-3.019163
95,03/18/15 23:18,-64.898414,-3.019334
95,03/19/15 01:19,-64.898218,-3.019052
95,03/19/15 03:20,-64.898295,-3.019208
95,03/19/15 05:21,-64.898139,-3.019625
95,03/19/15 07:22,-64.897869,-3.019814
95,03/19/15 09:23,-64.898358,-3.019907
95,03/19/15 11:24,-64.898744,-3.020086
95,03/19/15 13:25,-64.898701,-3.020182
95,03/19/15 15:26,-64.898543,-3.020523
95,03/19/15 17:27,-64.898539,-3.020769
95,03/19/15 19:28,-64.898704,-3.020678
95,03/19/15 21:29,-64.898458,-3.020719
95,03/19/15 23:30,-64.8984,-3.020926
95,03/20/15 01:31,-64.898001,-3.021253
95,03/20/15 03:32,-64.897317,-3.021435
95,03/20/15 05:33,-64.897452,-3.021647
95,03/20/15 07:34,-64.897468,-3.021831
95,03/20/15 09:35,-64.897271,-3.02201
95,03/20/15 11:36,-64.896929,-3.021985
95,03/20/15 13:37,-64.896534,-3.022612
95,03/20/15 15:38,-64.896839,-3.023118
95,03/20/15 17:39,-64.896976,-3.023196
95,03/20/15 19:40,-64.896747,-3.023653
95,03/20/15 21:41,-64.896456,-3.02401
95,03/20/15 23:42,-64.896157,-3.024591
95,03/21/15 01:43,-64.896339,-3.024808
95,03/21/15 03:44,-64.896001,-3.025164
95,03/21/15 05:45,-64.895937,-3.025786
95,03/21/15 07:46,-64.895851,-3.025894
95,03/21/15 09:47,-64.895193,-3.026398
95,03/21/15 11:48,-64.895491,-3.026552
95,03/21/15 13:49,-64.895542,-3.026946
95,03/21/15 15:50,-64.895453,-3.02728
95,03/21/15 17:51,-64.895133,-3.027558
95,03/21/15 19:52,-64.894774,-3.028
95,03/21/15 21:53,-64.894802,-3.028476
95,03/21/15 23:54,-64.894752,-3.029053
95,03/22/15 01:55,-64.894311,-3.029533
95,03/22/15 03:56,-64.894087,-3.029937
95,03/22/15 05:57,-64.893529,-3.030484
95,03/22/15 07:58,-64.893511,-3.030726
95,03/22/15 09:59,-64.893447,-3.031251
95,03/22/15 12:00,-64.893486,-3.03162
95,03/22/15 14:01,-64.893013,-3.031994
95,03/22/15 16:02,-64.892833,-3.032563
95,03/22/15 18:03,-64.892907,-3.03306
95,03/22/15 20:04,-64.892551,-3.033296
95,03/22/15 22:05,-64.892317,-3.033511
95,03/23/15 00:06,-64.892305,-3.033705
95,03/23/15 02:07,-64.891905,-3.03435
95,03/23/15 04:08,-64.891945,-3.03466
95,03/23/15 06:09,-64.891598,-3.035137
95,03/23/15 08:10,-64.891257,-3.035186
95,03/23/15 10:11,-64.890371,-3.035749
95,03/23/15 12:12,-64.889689,-3.036319
95,03/23/15 14:13,-64.889745,-3.036745
95,03/23/15 16:14,-64.889506,-3.037225
95,03/23/15 18:15,-64.889028,-3.037585
95,03/23/15 20:16,-64.888727,-3.037964
95,03/23/15 22:17,-64.887995,-3.038501
95,03/24/15 00:18,-64.887962,-3.038779
95,03/24/15 02:19,-64.887584,-3.039072
95,03/24/15 04:20,-64.887337,-3.039736
95,03/24/15 06:21,-64.886799,-3.0406
95,03/24/15 08:22,-64.886268,-3.041255
95,03/24/15 10:23,-64.886383,-3.041747
95,03/24/15 12:24,-64.886298,-3.041957
95,03/24/15 14:25,-64.886131,-3.042937
95,03/24/15 16:26,-64.885747,-3.043089
95,03/24/15 18:27,-64.885082,-3.043731
95,03/24/15 20:28,-64.885309,-3.044198
95,03/24/15 22:29,-64.884814,-3.044693
95,03/25/15 00:30,-64.884441,-3.045573
95,03/25/15 02:31,-64.883946,-3.046188
95,03/25/15 04:32,-64.883513,-3.046644
95,03/25/15 06:33,-64.883404,-3.047032
95,03/25/15 08:34,-64.882926,-3.047815
95,03/25/15 10:35,-64.882294,-3.048128
95,03/25/15 12:36,-64.881866,-3.048755
95,03/25/15 14:37,-64.881229,-3.049466
95,03/25/15 16:38,-64.881205,-3.050098
95,03/25/15 18:39,-64.880466,-3.050471
95,03/25/15 20:40,-64.879812,-3.051322
95,03/25/15 22:41,-64.87919,-3.052218
95,03/26/15 00:42,-64.878466,-3.053165
95,03/26/15 02:43,-64.878618,-3.053829
95,03/26/15 04:44,-64.878204,-3.054416
95,03/26/15 06:45,-64.877812,-3.055298
95,03/26/15 08:46,-64.877152,-3.055791
95,03/26/15 10:47,-64.876483,-3.056825
95,03/26/15 12:48,-64.876169,-3.05766
95,03/26/15 14:49,-64.875849,-3.058251
95,03/26/15 16:50,-64.875267,-3.059373
95,03/26/15 18:51,-64.874768,-3.060454
95,03/26/15 20:52,-64.873989,-3.061466
95,03/26/15 22:53,-64.873797,-3.062087
95,03/27/15 00:54,-64.872992,-3.062804
95,03/27/15 02:55,-64.872395,-3.063713
95,03/27/15 04:56,-64.87185,-3.064603
95,03/27/15 06:57,-64.870812,-3.065594
95,03/27/15 08:58,-64.870425,-3.066134
95,03/27/15 10:59,-64.869969,-3.066853
95,03/27/15 13:00,-64.869215,-3.068342
95,03/27/15 15:01,-64.868536,-3.068783
95,03/27/15 17:02,-64.867351,-3.069799
95,03/27/15 19:03,-64.866925,-3.070801
95,03/27/15 21:04,-64.866479,-3.071862
95,03/27/15 23:05,-64.86583,-3.072787
95,03/28/15 01:06,-64.864731,-3.073708
95,03/28/15 03:07,-64.863895,-3.074215
95,03/28/15 05:08,-64.863409,-3.074454
95,03/28/15 07:09,-64.862634,-3.075139
95,03/28/15 09:10,-64.862006,-3.076387
95,03/28/15 11:11,-64.861339,-3.077186
95,03/28/15 13:12,-64.860711,-3.077975
95,03/28/15 15:13,-64.860188,-3.078416
95,03/28/15 17:14,-64.859739,-3.07899
95,03/28/15 19:15,-64.85908,-3.080034
95,03/28/15 21:16,-64.85785,-3.081117
95,03/29/15 01:18,-64.857825,-3.081397
95,03/29/15 03:19,-64.859134,-3.080494
95,03/29/15 05:20,-64.860405,-3.079793
95,03/29/15 07:21,-64.861462,-3.079341
95,03/29/15 09:22,-64.861721,-3.07845
95,03/29/15 11:23,-64.862838,-3.077757
95,03/29/15 13:24,-64.863804,-3.077213
95,03/29/15 15:25,-64.864772,-3.075983
95,03/29/15 17:26,-64.86571,-3.074683
95,03/29/15 19:27,-64.866175,-3.073887
95,03/29/15 21:28,-64.866926,-3.073223
95,03/29/15 23:29,-64.867738,-3.07232
95,03/30/15 01:30,-64.868376,-3.071459
95,03/30/15 03:31,-64.869239,-3.070636
95,03/30/15 05:32,-64.869768,-3.069936
95,03/30/15 07:33,-64.870591,-3.068918
95,03/30/15 09:34,-64.871649,-3.068134
95,03/30/15 11:35,-64.872175,-3.06736
95,03/30/15 13:36,-64.873299,-3.066965
95,03/30/15 15:37,-64.873728,-3.066515
95,03/30/15 17:38,-64.874707,-3.065842
95,03/30/15 19:39,-64.875324,-3.065233
95,03/30/15 21:40,-64.875741,-3.064339
95,03/30/15 23:41,-64.876652,-3.063772
95,03/31/15 01:42,-64.877326,-3.063109
95,03/31/15 03:43,-64.878326,-3.062461
95,03/31/15 05:44,-64.87925,-3.062197
95,03/31/15 07:45,-64.879811,-3.061539
95,03/31/15 09:46,-64.88019,-3.060624
95,03/31/15 11:47,-64.880663,-3.060302
95,03/31/15 13:48,-64.881483,-3.059331
95,03/31/15 15:49,-64.882323,-3.058655
95,03/31/15 17:50,-64.883423,-3.058035
95,03/31/15 19:51,-64.884295,-3.057436
95,03/31/15 21:52,-64.884544,-3.056827
95,03/31/15 23:53,-64.885301,-3.056095
95,04/01/15 01:54,-64.886089,-3.055556
95,04/01/15 03:55,-64.886456,-3.054767
95,04/01/15 05:56,-64.886968,-3.054091
95,04/01/15 07:57,-64.887275,-3.054076
95,04/01/15 09:58,-64.887995,-3.053367
95,04/01/15 11:59,-64.889181,-3.052788
95,04/01/15 14:00,-64.889399,-3.052261
95,04/01/15 16:01,-64.890079,-3.051954
95,04/01/15 18:02,-64.890525,-3.051198
95,04/01/15 20:03,-64.891182,-3.050561
95,04/01/15 22:04,-64.891972,-3.049922
95,04/02/15 00:05,-64.89279,-3.049625
95,04/02/15 02:06,-64.893366,-3.049009
95,04/02/15 04:07,-64.893805,-3.048148
95,04/02/15 06:08,-64.894555,-3.047236
95,04/02/15 08:09,-64.895118,-3.046817
95,04/02/15 10:10,-64.895687,-3.046211
95,04/02/15 12:11,-64.896106,-3.046012
95,04/02/15 14:12,-64.896383,-3.045626
95,04/02/15 16:13,-64.897354,-3.045133
95,04/02/15 18:14,-64.897957,-3.044826
95,04/02/15 20:15,-64.89835,-3.044045
95,04/02/15 22:16,-64.898935,-3.043724
95,04/03/15 00:17,-64.899035,-3.043334
95,04/03/15 02:18,-64.900008,-3.042849
95,04/03/15 04:19,-64.900611,-3.042078
95,04/03/15 06:20,-64.901053,-3.041596
95,04/03/15 08:21,-64.90159,-3.041741
95,04/03/15 10:22,-64.901565,-3.041463
95,04/03/15 12:23,-64.902156,-3.041314
95,04/03/15 14:24,-64.902904,-3.040757
95,04/03/15 16:25,-64.903588,-3.039943
95,04/03/15 18:26,-64.90415,-3.039331
95,04/03/15 20:27,-64.904384,-3.038959
95,04/03/15 22:28,-64.905022,-3.038572
95,04/04/15 00:29,-64.905532,-3.038357
95,04/04/15 02:30,-64.905723,-3.038122
95,04/04/15 04:31,-64.906301,-3.037914
95,04/04/15 06:32,-64.906413,-3.037602
95,04/04/15 08:33,-64.906903,-3.037487
95,04/04/15 10:34,-64.907278,-3.037192
95,04/04/15 12:35,-64.907666,-3.03685
95,04/04/15 14:36,-64.90812,-3.036876
95,04/04/15 16:37,-64.908546,-3.03689
95,04/04/15 18:38,-64.909034,-3.036472
95,04/04/15 20:39,-64.909458,-3.036151
95,04/04/15 22:40,-64.909628,-3.035709
95,04/05/15 00:41,-64.910224,-3.035502
95,04/05/15 02:42,-64.910274,-3.035169
95,04/05/15 04:43,-64.910716,-3.034939
95,04/05/15 06:44,-64.911091,-3.034403
95,04/05/15 08:45,-64.911575,-3.034145
95,04/05/15 10:46,-64.911759,-3.033828
95,04/05/15 12:47,-64.91211,-3.033734
95,04/05/15 14:48,-64.912662,-3.033557
95,04/05/15 16:49,-64.912914,-3.033018
95,04/05/15 18:50,-64.913124,-3.032963
95,04/05/15 20:51,-64.913675,-3.032825
95,04/05/15 22:52,-64.914004,-3.032727
95,04/06/15 00:53,-64.914251,-3.032389
95,04/06/15 02:54,-64.914447,-3.032189
95,04/06/15 04:55,-64.91475,-3.032038
95,04/06/15 06:56,-64.915224,-3.031574
95,04/06/15 08:57,-64.915278,-3.031486
95,04/06/15 10:58,-64.915792,-3.031353
95,04/06/15 12:59,-64.916279,-3.031191
95,04/06/15 15:00,-64.916224,-3.031102
95,04/06/15 17:01,-64.916801,-3.03095
95,04/06/15 19:02,-64.917128,-3.030948
95,04/06/15 21:03,-64.917568,-3.030966
95,04/06/15 23:04,-64.917653,-3.030929
95,04/07/15 01:05,-64.917733,-3.031047
95,04/07/15 03:06,-64.91817,-3.030917
95,04/07/15 05:07,-64.918214,-3.031084
95,04/07/15 07:08,-64.918586,-3.030911
95,04/07/15 09:09,-64.918946,-3.030704
95,04/07/15 11:10,-64.919123,-3.030736
95,04/07/15 13:11,-64.919343,-3.030547
95,04/07/15 15:12,-64.919263,-3.030428
95,04/07/15 17:13,-64.919646,-3.030286
95,04/07/15 19:14,-64.919883,-3.030234
95,04/07/15 21:15,-64.919793,-3.030197
95,04/07/15 23:16,-64.920184,-3.030512
95,04/08/15 01:17,-64.920137,-3.030456
95,04/08/15 03:18,-64.920397,-3.030508
95,04/08/15 05:19,-64.920555,-3.030663
95,04/08/15 07:20,-64.92061,-3.030581
95,04/08/15 09:21,-64.920836,-3.030686
95,04/08/15 11:22,-64.920924,-3.030881
95,04/08/15 13:23,-64.921045,-3.030849
95,04/08/15 15:24,-64.921113,-3.03094
95,04/08/15 17:25,-64.921156,-3.031129
95,04/08/15 19:26,-64.9214,-3.03098
95,04/08/15 21:27,-64.921311,-3.030959
95,04/08/15 23:28,-64.921507,-3.031137
95,04/09/15 01:29,-64.921884,-3.031148
95,04/09/15 03:30,-64.921916,-3.031371
95,04/09/15 05:31,-64.922111,-3.031208
95,04/09/15 07:32,-64.922213,-3.031367
95,04/09/15 09:33,-64.922408,-3.031769
95,04/09/15 11:34,-64.922307,-3.031571
95,04/09/15 13:35,-64.922268,-3.031505
95,04/09/15 15:36,-64.922316,-3.03151
95,04/09/15 17:37,-64.921994,-3.031583
95,04/09/15 19:38,-64.92203,-3.032266
95,04/09/15 21:39,-64.922173,-3.032252
95,04/09/15 23:40,-64.922157,-3.032385
95,04/10/15 01:41,-64.922203,-3.032662
95,04/10/15 03:42,-64.922011,-3.032763
95,04/10/15 05:43,-64.922298,-3.033143
95,04/10/15 07:44,-64.922226,-3.033133
95,04/10/15 09:45,-64.922085,-3.033327
95,04/10/15 11:46,-64.922241,-3.033357
95,04/10/15 13:47,-64.921857,-3.033621
95,04/10/15 15:48,-64.921816,-3.033772
95,04/10/15 17:49,-64.921916,-3.034032
95,04/10/15 19:50,-64.921445,-3.034274
95,04/10/15 21:51,-64.921714,-3.034688
95,04/10/15 23:52,-64.921481,-3.03494
95,04/11/15 01:53,-64.921348,-3.035263
95,04/11/15 03:54,-64.921231,-3.035782
95,04/11/15 05:55,-64.920951,-3.036425
95,04/11/15 07:56,-64.920947,-3.036683
95,04/11/15 09:57,-64.920922,-3.036822
95,04/11/15 11:58,-64.920881,-3.037307
95,04/11/15 13:59,-64.920855,-3.03759
95,04/11/15 16:00,-64.920587,-3.037837
95,04/11/15 18:01,-64.920679,-3.038105
95,04/11/15 20:02,-64.920808,-3.038152
95,04/11/15 22:03,-64.920987,-3.038538
95,04/12/15 00:04,-64.920853,-3.039044
95,04/12/15 02:05,-64.920727,-3.039377
95,04/12/15 04:06,-64.920783,-3.039477
95,04/12/15 06:07,-64.920552,-3.039934
95,04/12/15 08:08,-64.920437,-3.040363
95,04/12/15 10:09,-64.919998,-3.040296
95,04/12/15 12:10,-64.919795,-3.040717
95,04/12/15 14:11,-64.919674,-3.040985
95,04/12/15 16:12,-64.919485,-3.041712
95,04/12/15 18:13,-64.919262,-3.04225
95,04/12/15 20:14,-64.919028,-3.042467
95,04/12/15 22:15,-64.918505,-3.043158
95,04/13/15 00:16,-64.918489,-3.043698
95,04/13/15 02:17,-64.918139,-3.044138
95,04/13/15 04:18,-64.917958,-3.045085
95,04/13/15 06:19,-64.917552,-3.045342
95,04/13/15 08:20,-64.917051,-3.04588
95,04/13/15 10:21,-64.916906,-3.04641
95,04/13/15 12:22,-64.916587,-3.046812
95,04/13/15 14:23,-64.916392,-3.047106
95,04/13/15 16:24,-64.9162,-3.047651
95,04/13/15 18:25,-64.915543,-3.048275
95,04/13/15 20:26,-64.915547,-3.048617
95,04/13/15 22:27,-64.915009,-3.04871
95,04/14/15 00:28,-64.914951,-3.049412
95,04/14/15 02:29,-64.914636,-3.04997
95,04/14/15 04:30,-64.914057,-3.050539
95,04/14/15 06:31,-64.91399,-3.050692
95,04/14/15 08:32,-64.913715,-3.051285
95,04/14/15 10:33,-64.913607,-3.051845
95,04/14/15 12:34,-64.912805,-3.052426
95,04/14/15 14:35,-64.912192,-3.053182
95,04/14/15 16:36,-64.912078,-3.053362
95,04/14/15 18:37,-64.911441,-3.053599
95,04/14/15 20:38,-64.911157,-3.054333
95,04/14/15 22:39,-64.910748,-3.055211
95,04/15/15 00:40,-64.910375,-3.055723
95,04/15/15 02:41,-64.910182,-3.056519
95,04/15/15 04:42,-64.909637,-3.05723
95,04/15/15 06:43,-64.90929,-3.05818
95,04/15/15 08:44,-64.90914,-3.058705
95,04/15/15 10:45,-64.908354,-3.059347
95,04/15/15 12:46,-64.908185,-3.05974
95,04/15/15 14:47,-64.907722,-3.060226
95,04/15/15 16:48,-64.907144,-3.061293
95,04/15/15 18:49,-64.906616,-3.061827
95,04/15/15 20:50,-64.906077,-3.062505
95,04/15/15 22:51,-64.906016,-3.063361
95,04/16/15 00:52,-64.905293,-3.064344
95,04/16/15 02:53,-64.904637,-3.065069
95,04/16/15 04:54,-64.903798,-3.065767
95,04/16/15 06:55,-64.903031,-3.066468
95,04/16/15 08:56,-64.903232,-3.067222
95,04/16/15 10:57,-64.90277,-3.067765
95,04/16/15 12:58,-64.90236,-3.068515
95,04/16/15 14:59,-64.901715,-3.069567
95,04/16/15 17:00,-64.900999,-3.070584
95,04/16/15 19:01,-64.900755,-3.070845
95,04/16/15 21:02,-64.899835,-3.071353
95,04/16/15 23:03,-64.899291,-3.072087
95,04/17/15 01:04,-64.898555,-3.072685
95,04/17/15 03:05,-64.897723,-3.073557
95,04/17/15 05:06,-64.897341,-3.073873
95,04/17/15 07:07,-64.897006,-3.074367
95,04/17/15 09:08,-64.896399,-3.075139
95,04/17/15 11:09,-64.89556,-3.075935
95,04/17/15 23:15,-64.893987,-3.07811
95,04/18/15 01:16,-64.894476,-3.077155
95,04/18/15 03:17,-64.894684,-3.076173
95,04/18/15 05:18,-64.894447,-3.075421
95,04/18/15 07:19,-64.894054,-3.07472
95,04/18/15 09:20,-64.894392,-3.073849
95,04/18/15 11:21,-64.894664,-3.073188
95,04/18/15 13:22,-64.894459,-3.072468
95,04/18/15 15:23,-64.894189,-3.071908
95,04/18/15 17:24,-64.893816,-3.071444
95,04/18/15 19:25,-64.893541,-3.070934
95,04/18/15 21:26,-64.893468,-3.070482
95,04/18/15 23:27,-64.893029,-3.069969
95,04/19/15 01:28,-64.892941,-3.069477
95,04/19/15 03:29,-64.892398,-3.06919
95,04/19/15 05:30,-64.892633,-3.068509
95,04/19/15 07:31,-64.892706,-3.06832
95,04/19/15 09:32,-64.892684,-3.067443
95,04/19/15 11:33,-64.892696,-3.067115
95,04/19/15 13:34,-64.892094,-3.066936
95,04/19/15 15:35,-64.891976,-3.066153
95,04/19/15 17:36,-64.891718,-3.065861
95,04/19/15 19:37,-64.891452,-3.06524
95,04/19/15 21:38,-64.891382,-3.064873
95,04/19/15 23:39,-64.890543,-3.064344
95,04/20/15 01:40,-64.890394,-3.063828
95,04/20/15 03:41,-64.889853,-3.063364
95,04/20/15 05:42,-64.889496,-3.062803
95,04/20/15 07:43,-64.889299,-3.062656
95,04/20/15 09:44,-64.888586,-3.062483
95,04/20/15 11:45,-64.8882,-3.062217
95,04/20/15 13:46,-64.887834,-3.061745
95,04/20/15 15:47,-64.887393,-3.061443
95,04/20/15 17:48,-64.887064,-3.061267
95,04/20/15 19:49,-64.886319,-3.061273
95,04/20/15 21:50,-64.885915,-3.061144
95,04/20/15 23:51,-64.885475,-3.060975
95,04/21/15 01:52,-64.884939,-3.060986
95,04/21/15 03:53,-64.884539,-3.060798
95,04/21/15 05:54,-64.883743,-3.061024
95,04/21/15 07:55,-64.883104,-3.061247
95,04/21/15 09:56,-64.882368,-3.061407
95,04/21/15 11:57,-64.881698,-3.061227
95,04/21/15 13:58,-64.881323,-3.061192
95,04/21/15 15:59,-64.880531,-3.061281
95,04/21/15 18:00,-64.880157,-3.061252
95,04/21/15 20:01,-64.879615,-3.061433
95,04/21/15 22:02,-64.879014,-3.061329
95,04/22/15 00:03,-64.878702,-3.061827
95,04/22/15 02:04,-64.877819,-3.061939
95,04/22/15 04:05,-64.877399,-3.062178
95,04/22/15 06:06,-64.876563,-3.062747
95,04/22/15 08:07,-64.875486,-3.063213
95,04/22/15 10:08,-64.874867,-3.06384
95,04/22/15 12:09,-64.874021,-3.064188
95,04/22/15 14:10,-64.873429,-3.064728
95,04/22/15 16:11,-64.872438,-3.064992
95,04/22/15 18:12,-64.871342,-3.065419
95,04/22/15 20:13,-64.870785,-3.06596
95,04/22/15 22:14,-64.869409,-3.066602
95,04/23/15 00:15,-64.868428,-3.067227
95,04/23/15 02:16,-64.867415,-3.067548
95,04/23/15 04:17,-64.866307,-3.067901
95,04/23/15 06:18,-64.865362,-3.068437
95,04/23/15 08:19,-64.864114,-3.06887
95,04/23/15 10:20,-64.863206,-3.069641
95,04/23/15 12:21,-64.862164,-3.070042
95,04/23/15 14:22,-64.860757,-3.070592
95,04/23/15 16:23,-64.859448,-3.071331
95,04/23/15 18:24,-64.858479,-3.071787
95,04/23/15 20:25,-64.857534,-3.072635
95,04/23/15 22:26,-64.856362,-3.073152
95,04/24/15 00:27,-64.855316,-3.073782
95,04/24/15 02:28,-64.854292,-3.074188
95,04/24/15 04:29,-64.853158,-3.074129
95,04/24/15 06:30,-64.851808,-3.074532
95,04/24/15 08:31,-64.850246,-3.075594
95,04/24/15 10:32,-64.848557,-3.076557
95,04/24/15 12:33,-64.847542,-3.076888
95,04/24/15 14:34,-64.84611,-3.077523
95,04/24/15 16:35,-64.844868,-3.07834
95,04/24/15 18:36,-64.843594,-3.078954
95,04/24/15 20:37,-64.841945,-3.079713
95,04/24/15 22:38,-64.840831,-3.080167
95,04/25/15 00:39,-64.839777,-3.081181
95,04/25/15 02:40,-64.838486,-3.082351
95,04/25/15 04:41,-64.837311,-3.083005
95,04/25/15 12:45,-64.844561,-3.081247
95,04/25/15 14:46,-64.845431,-3.080006
95,04/25/15 16:47,-64.846118,-3.079328
95,04/25/15 18:48,-64.846621,-3.078911
95,04/25/15 20:49,-64.84713,-3.078356
95,04/25/15 22:50,-64.847725,-3.077535
95,04/26/15 00:51,-64.84846,-3.076941
95,04/26/15 02:52,-64.849302,-3.07588
95,04/26/15 04:53,-64.85004,-3.075408
95,04/26/15 06:54,-64.8505,-3.075071
95,04/26/15 08:55,-64.851178,-3.074338
95,04/26/15 10:56,-64.851989,-3.073492
95,04/26/15 12:57,-64.852883,-3.072614
95,04/26/15 14:58,-64.853771,-3.072154
95,04/26/15 16:59,-64.854389,-3.071879
95,04/26/15 19:00,-64.85519,-3.071335
95,04/26/15 21:01,-64.85594,-3.070579
95,04/26/15 23:02,-64.8565,-3.069722
95,04/27/15 01:03,-64.856721,-3.069105
95,04/27/15 03:04,-64.856877,-3.068619
95,04/27/15 05:05,-64.85763,-3.06752
95,04/27/15 07:06,-64.85863,-3.066737
95,04/27/15 09:07,-64.859187,-3.065805
95,04/27/15 11:08,-64.859888,-3.065193
95,04/27/15 13:09,-64.859828,-3.064457
95,04/27/15 15:10,-64.860349,-3.063437
95,04/27/15 17:11,-64.86121,-3.06264
95,04/27/15 19:12,-64.861534,-3.061841
95,04/27/15 21:13,-64.861956,-3.061619
95,04/27/15 23:14,-64.862112,-3.060957
95,04/28/15 01:15,-64.862655,-3.059783
95,04/28/15 03:16,-64.863127,-3.059275
95,04/28/15 05:17,-64.863435,-3.058396
95,04/28/15 07:18,-64.864048,-3.058157
95,04/28/15 09:19,-64.864264,-3.057498
95,04/28/15 11:20,-64.865501,-3.05668
95,04/28/15 13:21,-64.865914,-3.055799
95,04/28/15 15:22,-64.866227,-3.05518
95,04/28/15 17:23,-64.866637,-3.054827
95,04/28/15 19:24,-64.86663,-3.054191
95,04/28/15 21:25,-64.867344,-3.053735
95,04/28/15 23:26,-64.8679,-3.053129
95,04/29/15 01:27,-64.86823,-3.052304
95,04/29/15 03:28,-64.868814,-3.051999
95,04/29/15 05:29,-64.869025,-3.051591
95,04/29/15 07:30,-64.869687,-3.051044
95,04/29/15 09:31,-64.870344,-3.05039
95,04/29/15 11:32,-64.870859,-3.049855
95,04/29/15 13:33,-64.871148,-3.049526
95,04/29/15 15:34,-64.871539,-3.049308
95,04/29/15 17:35,-64.872107,-3.04884
95,04/29/15 19:36,-64.872806,-3.048145
95,04/29/15 21:37,-64.873132,-3.047467
95,04/29/15 23:38,-64.873518,-3.046789
95,04/30/15 01:39,-64.873714,-3.04604
95,04/30/15 03:40,-64.874689,-3.045518
95,04/30/15 05:41,-64.875127,-3.045372
95,04/30/15 07:42,-64.875218,-3.04493
95,04/30/15 09:43,-64.875668,-3.044633
95,04/30/15 11:44,-64.87584,-3.044208
95,04/30/15 13:45,-64.875943,-3.043922
95,04/30/15 15:46,-64.876362,-3.043754
95,04/30/15 17:47,-64.876819,-3.043134
95,04/30/15 19:48,-64.877252,-3.042786
95,04/30/15 21:49,-64.877259,-3.041919
95,04/30/15 23:50,-64.877897,-3.040986
95,05/01/15 01:51,-64.878207,-3.040715
95,05/01/15 03:52,-64.878387,-3.040417
95,05/01/15 05:53,-64.878524,-3.040303
95,05/01/15 07:54,-64.878851,-3.040185
95,05/01/15 09:55,-64.879254,-3.039837
95,05/01/15 11:56,-64.879629,-3.03908
95,05/01/15 13:57,-64.879892,-3.038524
95,05/01/15 15:58,-64.879871,-3.037974
95,05/01/15 17:59,-64.880037,-3.037931
95,05/01/15 20:00,-64.88044,-3.037538
95,05/01/15 22:01,-64.881162,-3.037309
95,05/02/15 00:02,-64.881491,-3.037344
95,05/02/15 02:03,-64.881589,-3.036832
95,05/02/15 04:04,-64.882025,-3.03659
95,05/02/15 06:05,-64.882648,-3.036235
95,05/02/15 08:06,-64.882955,-3.036203
95,05/02/15 10:07,-64.883227,-3.035771
95,05/02/15 12:08,-64.883498,-3.035613
95,05/02/15 14:09,-64.883489,-3.035288
95,05/02/15 16:10,-64.883994,-3.034871
95,05/02/15 18:11,-64.884443,-3.034697
95,05/02/15 20:12,-64.88459,-3.034309
95,05/02/15 22:13,-64.884777,-3.034345
95,05/03/15 00:14,-64.884789,-3.03421
95,05/03/15 02:15,-64.885065,-3.034016
95,05/03/15 04:16,-64.88544,-3.033828
95,05/03/15 06:17,-64.88549,-3.033573
95,05/03/15 08:18,-64.885548,-3.033501
95,05/03/15 10:19,-64.885479,-3.033338
95,05/03/15 12:20,-64.885649,-3.0331
95,05/03/15 14:21,-64.885759,-3.03311
95,05/03/15 16:22,-64.885566,-3.032704
95,05/03/15 18:23,-64.885621,-3.032544
95,05/03/15 20:24,-64.885587,-3.032483
95,05/03/15 22:25,-64.885721,-3.032186
95,05/04/15 00:26,-64.885683,-3.03184
95,05/04/15 02:27,-64.885761,-3.031525
95,05/04/15 04:28,-64.885599,-3.031509
95,05/04/15 06:29,-64.885677,-3.031354
95,05/04/15 08:30,-64.886188,-3.031211
95,05/04/15 10:31,-64.88637,-3.031062
95,05/04/15 12:32,-64.886273,-3.030758
95,05/04/15 14:33,-64.886272,-3.03089
95,05/04/15 16:34,-64.886487,-3.03084
95,05/04/15 18:35,-64.886851,-3.030473
95,05/04/15 20:36,-64.887213,-3.030585
95,05/04/15 22:37,-64.887111,-3.03009
95,05/05/15 00:38,-64.887227,-3.030071
95,05/05/15 02:39,-64.887193,-3.030006
95,05/05/15 04:40,-64.887456,-3.029942
95,05/05/15 06:41,-64.887533,-3.029806
95,05/05/15 08:42,-64.88754,-3.029896
95,05/05/15 10:43,-64.88748,-3.029924
95,05/05/15 12:44,-64.887606,-3.029878
95,05/05/15 14:45,-64.887684,-3.02966
95,05/05/15 16:46,-64.887799,-3.029809
95,05/05/15 18:47,-64.887657,-3.02954
95,05/05/15 20:48,-64.887576,-3.029435
95,05/05/15 22:49,-64.887507,-3.029381
95,05/06/15 00:50,-64.887531,-3.029258
95,05/06/15 02:51,-64.887428,-3.02942
95,05/06/15 04:52,-64.887308,-3.029433
95,05/06/15 06:53,-64.886981,-3.029471
95,05/06/15 08:54,-64.886717,-3.029673
95,05/06/15 10:55,-64.887091,-3.029617
95,05/06/15 12:56,-64.887287,-3.02979
95,05/06/15 14:57,-64.887042,-3.029539
95,05/06/15 16:58,-64.886771,-3.029635
95,05/06/15 18:59,-64.886815,-3.029824
95,05/06/15 21:00,-64.886722,-3.029758
95,05/06/15 23:01,-64.886515,-3.029909
95,05/07/15 01:02,-64.886481,-3.030081
95,05/07/15 03:03,-64.886015,-3.030311
95,05/07/15 05:04,-64.886315,-3.030221
95,05/07/15 07:05,-64.886335,-3.030248
95,05/07/15 09:06,-64.886119,-3.03056
95,05/07/15 11:07,-64.885976,-3.030665
95,05/07/15 13:08,-64.885712,-3.031039
95,05/07/15 15:09,-64.88583,-3.03086
95,05/07/15 17:10,-64.885931,-3.030599
95,05/07/15 19:11,-64.886075,-3.030764
95,05/07/15 21:12,-64.885652,-3.031217
95,05/07/15 23:13,-64.885377,-3.031376
95,05/08/15 01:14,-64.88543,-3.031684
95,05/08/15 03:15,-64.885283,-3.031854
95,05/08/15 05:16,-64.885171,-3.032054
95,05/08/15 07:17,-64.88474,-3.032191
95,05/08/15 09:18,-64.884754,-3.03216
95,05/08/15 11:19,-64.884627,-3.032316
95,05/08/15 13:20,-64.884607,-3.032168
95,05/08/15 15:21,-64.88453,-3.032678
95,05/08/15 17:22,-64.884393,-3.032745
95,05/08/15 19:23,-64.884097,-3.033064
95,05/08/15 21:24,-64.883983,-3.033054
95,05/08/15 23:25,-64.883774,-3.033197
95,05/09/15 01:26,-64.883476,-3.033503
95,05/09/15 03:27,-64.883087,-3.033894
95,05/09/15 05:28,-64.882575,-3.034091
95,05/09/15 07:29,-64.882518,-3.034489
95,05/09/15 09:30,-64.882409,-3.034692
95,05/09/15 11:31,-64.881977,-3.035067
95,05/09/15 13:32,-64.881585,-3.035267
95,05/09/15 15:33,-64.881095,-3.035756
95,05/09/15 17:34,-64.880896,-3.035836
95,05/09/15 19:35,-64.880752,-3.036171
95,05/09/15 21:36,-64.880786,-3.036586
95,05/09/15 23:37,-64.88017,-3.03692
95,05/10/15 01:38,-64.879578,-3.037063
95,05/10/15 03:39,-64.8793,-3.037299
95,05/10/15 05:40,-64.879014,-3.03789
95,05/10/15 07:41,-64.878902,-3.038301
95,05/10/15 09:42,-64.878632,-3.038552
95,05/10/15 11:43,-64.878335,-3.039129
95,05/10/15 13:44,-64.878076,-3.039642
95,05/10/15 15:45,-64.878031,-3.039937
95,05/10/15 17:46,-64.877616,-3.040441
95,05/10/15 19:47,-64.877379,-3.040916
95,05/10/15 21:48,-64.876943,-3.041459
95,05/10/15 23:49,-64.876582,-3.041813
95,05/11/15 01:50,-64.876466,-3.042136
95,05/11/15 03:51,-64.876282,-3.04234
95,05/11/15 05:52,-64.875658,-3.042738
95,05/11/15 07:53,-64.875096,-3.043342
95,05/11/15 09:54,-64.874847,-3.043788
95,05/11/15 11:55,-64.874649,-3.044103
95,05/11/15 13:56,-64.874447,-3.044743
95,05/11/15 15:57,-64.873876,-3.044832
95,05/11/15 17:58,-64.873038,-3.045257
95,05/11/15 19:59,-64.872485,-3.045392
95,05/11/15 22:00,-64.872161,-3.045724
95,05/12/15 00:01,-64.871775,-3.046225
95,05/12/15 02:02,-64.871368,-3.046813
95,05/12/15 04:03,-64.870607,-3.047301
95,05/12/15 06:04,-64.870255,-3.047728
95,05/12/15 08:05,-64.869882,-3.047945
95,05/12/15 10:06,-64.869542,-3.048508
95,05/12/15 12:07,-64.869126,-3.049279
95,05/12/15 14:08,-64.86865,-3.049776
95,05/12/15 16:09,-64.868702,-3.050125
95,05/12/15 18:10,-64.868281,-3.050753
95,05/12/15 20:11,-64.868028,-3.051415
95,05/12/15 22:12,-64.867554,-3.05163
95,05/13/15 00:13,-64.867081,-3.052142
95,05/13/15 02:14,-64.867114,-3.052585
95,05/13/15 04:15,-64.866801,-3.052996
95,05/13/15 06:16,-64.866432,-3.05358
95,05/13/15 08:17,-64.865949,-3.053948
95,05/13/15 10:18,-64.865203,-3.054396
95,05/13/15 12:19,-64.864973,-3.054638
95,05/13/15 14:20,-64.864701,-3.055167
95,05/13/15 16:21,-64.863968,-3.055948
95,05/13/15 18:22,-64.863454,-3.05644
95,05/13/15 20:23,-64.862734,-3.057455
95,05/13/15 22:24,-64.862283,-3.057796
95,05/14/15 00:25,-64.861692,-3.058198
95,05/14/15 02:26,-64.861179,-3.058984
95,05/14/15 04:27,-64.860466,-3.05969
95,05/14/15 06:28,-64.859419,-3.060483
95,05/14/15 08:29,-64.859198,-3.061
95,05/14/15 10:30,-64.858501,-3.061326
95,05/14/15 12:31,-64.8578,-3.062621
95,05/14/15 14:32,-64.857127,-3.063295
95,05/14/15 16:33,-64.856601,-3.063906
95,05/14/15 18:34,-64.856297,-3.064263
95,05/14/15 20:35,-64.85583,-3.065162
95,05/14/15 22:36,-64.855277,-3.065985
95,05/15/15 00:37,-64.854918,-3.066621
95,05/15/15 02:38,-64.85439,-3.067656
95,05/15/15 04:39,-64.854129,-3.068362
95,05/15/15 06:40,-64.853264,-3.069202
95,05/15/15 08:41,-64.852679,-3.070204
95,05/15/15 10:42,-64.851756,-3.071132
95,05/15/15 12:43,-64.850853,-3.071726
95,05/15/15 14:44,-64.850542,-3.072422
95,05/15/15 16:45,-64.849958,-3.072862
95,05/15/15 18:46,-64.849414,-3.073654
95,05/15/15 20:47,-64.848727,-3.07469
95,05/15/15 22:48,-64.848003,-3.075734
95,05/16/15 00:49,-64.847775,-3.076406
95,05/16/15 02:50,-64.846947,-3.077364
95,05/16/15 04:51,-64.846324,-3.078249
95,05/16/15 06:52,-64.845743,-3.079237
95,05/16/15 08:53,-64.844893,-3.079997
95,05/16/15 10:54,-64.844572,-3.080463
95,05/16/15 12:55,-64.844013,-3.08135
95,05/16/15 14:56,-64.843363,-3.082116
95,05/16/15 16:57,-64.842516,-3.083451
95,05/16/15 18:58,-64.841777,-3.084389
95,05/16/15 20:59,-64.841404,-3.085208
95,05/16/15 23:00,-64.840852,-3.0859
95,05/17/15 01:01,-64.840357,-3.087143
95,05/17/15 03:02,-64.839522,-3.087921
95,05/17/15 05:03,-64.838349,-3.088365
95,05/17/15 07:04,-64.837946,-3.088925
95,05/17/15 09:05,-64.836888,-3.089953
95,05/17/15 11:06,-64.835927,-3.091029
95,05/17/15 13:07,-64.834676,-3.091785
95,05/17/15 17:09,-64.835205,-3.091881
95,05/17/15 19:10,-64.836612,-3.0911
95,05/17/15 21:11,-64.837943,-3.090199
95,05/17/15 23:12,-64.839053,-3.089641
95,05/18/15 01:13,-64.839805,-3.089248
95,05/18/15 03:14,-64.841177,-3.088462
95,05/18/15 05:15,-64.842148,-3.087608
95,05/18/15 07:16,-64.842818,-3.086893
95,05/18/15 09:17,-64.843534,-3.08624
95,05/18/15 11:18,-64.843589,-3.086055
95,05/18/15 13:19,-64.84441,-3.085428
95,05/18/15 15:20,-64.844897,-3.085208
95,05/18/15 17:21,-64.845167,-3.085024
95,05/18/15 19:22,-64.845271,-3.084739
95,05/18/15 21:23,-64.84515,-3.084944
95,05/18/15 23:24,-64.845522,-3.084962
95,05/19/15 01:25,-64.845593,-3.085111
95,05/19/15 03:26,-64.846109,-3.085715
95,05/19/15 05:27,-64.84602,-3.086039
95,05/19/15 21:35,-64.851901,-3.083265
95,05/19/15 23:36,-64.853589,-3.081639
95,05/20/15 01:37,-64.854833,-3.08017
95,05/20/15 03:38,-64.856721,-3.079251
95,05/20/15 05:39,-64.857984,-3.078233
95,05/20/15 07:40,-64.859529,-3.077058
95,05/20/15 09:41,-64.861164,-3.076046
95,05/20/15 11:42,-64.862534,-3.074587
95,05/20/15 13:43,-64.864092,-3.073701
95,05/20/15 15:44,-64.864994,-3.072975
95,05/20/15 17:45,-64.866365,-3.071991
95,05/20/15 19:46,-64.867987,-3.071142
95,05/20/15 21:47,-64.869404,-3.070103
95,05/20/15 23:48,-64.870688,-3.069522
95,05/21/15 01:49,-64.871357,-3.069039
95,05/21/15 03:50,-64.872559,-3.068506
95,05/21/15 05:51,-64.873999,-3.067734
95,05/21/15 07:52,-64.875114,-3.066801
95,05/21/15 09:53,-64.876319,-3.066313
95,05/21/15 11:54,-64.87686,-3.065644
95,05/21/15 13:55,-64.87788,-3.064873
95,05/21/15 15:56,-64.879126,-3.064287
95,05/21/15 17:57,-64.88012,-3.063819
95,05/21/15 19:58,-64.88092,-3.063707
95,05/21/15 21:59,-64.881525,-3.063295
95,05/22/15 00:00,-64.882497,-3.06288
95,05/22/15 02:01,-64.883634,-3.062416
95,05/22/15 04:02,-64.884404,-3.062064
95,05/22/15 06:03,-64.885114,-3.061911
95,05/22/15 08:04,-64.88581,-3.061929
95,05/22/15 10:05,-64.886517,-3.061641
95,05/22/15 12:06,-64.887573,-3.061432
95,05/22/15 14:07,-64.887914,-3.061191
95,05/22/15 16:08,-64.888699,-3.061129
95,05/22/15 18:09,-64.889008,-3.060994
95,05/22/15 20:10,-64.889648,-3.061188
95,05/22/15 22:11,-64.890564,-3.060962
95,05/23/15 00:12,-64.89128,-3.060722
95,05/23/15 02:13,-64.8918,-3.061045
95,05/23/15 04:14,-64.89222,-3.061143
95,05/23/15 06:15,-64.892397,-3.061468
95,05/23/15 08:16,-64.893069,-3.061097
95,05/23/15 10:17,-64.89362,-3.061097
95,05/23/15 12:18,-64.894032,-3.061691
95,05/23/15 14:19,-64.893991,-3.061893
95,05/24/15 00:24,-64.893802,-3.062301
95,05/24/15 02:25,-64.894704,-3.06155
95,05/24/15 04:26,-64.895183,-3.060655
95,05/24/15 06:27,-64.895882,-3.059957
95,05/24/15 08:28,-64.896141,-3.059288
95,05/24/15 10:29,-64.896841,-3.058293
95,05/24/15 12:30,-64.897706,-3.057182
95,05/24/15 14:31,-64.89863,-3.055696
95,05/24/15 16:32,-64.899527,-3.055101
95,05/24/15 18:33,-64.899933,-3.054468
95,05/24/15 20:34,-64.900834,-3.053832
95,05/24/15 22:35,-64.901637,-3.05302
95,05/25/15 00:36,-64.902408,-3.051775
95,05/25/15 02:37,-64.903325,-3.050996
95,05/25/15 04:38,-64.903534,-3.05039
95,05/25/15 06:39,-64.904704,-3.048962
95,05/25/15 08:40,-64.905944,-3.048179
95,05/25/15 10:41,-64.906377,-3.047425
95,05/25/15 12:42,-64.906799,-3.046511
95,05/25/15 14:43,-64.90717,-3.045702
95,05/25/15 16:44,-64.907846,-3.044763
95,05/25/15 18:45,-64.908841,-3.043782
95,05/25/15 20:46,-64.909556,-3.042452
95,05/25/15 22:47,-64.910126,-3.041844
95,05/26/15 00:48,-64.910289,-3.041328
95,05/26/15 02:49,-64.911028,-3.040475
95,05/26/15 04:50,-64.911527,-3.039084
95,05/26/15 06:51,-64.911817,-3.038126
95,05/26/15 08:52,-64.912238,-3.037578
95,05/26/15 10:53,-64.912777,-3.036899
95,05/26/15 12:54,-64.913902,-3.035834
95,05/26/15 14:55,-64.914912,-3.034832
95,05/26/15 16:56,-64.915614,-3.033783
95,05/26/15 18:57,-64.916104,-3.033206
95,05/26/15 20:58,-64.916439,-3.032383
95,05/26/15 22:59,-64.917522,-3.031562
95,05/27/15 01:00,-64.918055,-3.030899
95,05/27/15 03:01,-64.918724,-3.029912
95,05/27/15 05:02,-64.919327,-3.029231
95,05/27/15 07:03,-64.919451,-3.028238
95,05/27/15 09:04,-64.920166,-3.027502
95,05/27/15 11:05,-64.921164,-3.02644
95,05/27/15 13:06,-64.92172,-3.025449
95,05/27/15 15:07,-64.922312,-3.024832
95,05/27/15 17:08,-64.922908,-3.024105
95,05/27/15 19:09,-64.923742,-3.023573
95,05/27/15 21:10,-64.924447,-3.022954
95,05/27/15 23:11,-64.924898,-3.021905
95,05/28/15 01:12,-64.925427,-3.021085
95,05/28/15 03:13,-64.925439,-3.020502
95,05/28/15 05:14,-64.926264,-3.019674
95,05/28/15 07:15,-64.926985,-3.019155
95,05/28/15 09:16,-64.927776,-3.017957
95,05/28/15 11:17,-64.928692,-3.017077
95,05/28/15 13:18,-64.929037,-3.016388
95,05/28/15 15:19,-64.930216,-3.015725
95,05/28/15 17:20,-64.930887,-3.014778
95,05/28/15 19:21,-64.93175,-3.013792
95,05/28/15 21:22,-64.932788,-3.012877
95,05/28/15 23:23,-64.932795,-3.011859
95,05/29/15 01:24,-64.933358,-3.011252
95,05/29/15 03:25,-64.934256,-3.010264
95,05/29/15 05:26,-64.935153,-3.009484
95,05/29/15 07:27,-64.935984,-3.008968
95,05/29/15 09:28,-64.936267,-3.007874
95,05/29/15 11:29,-64.937193,-3.006985
95,05/29/15 13:30,-64.938002,-3.006286
95,05/29/15 15:31,-64.938348,-3.005334
95,05/29/15 17:32,-64.939005,-3.004993
95,05/29/15 19:33,-64.938835,-3.0042
95,05/29/15 21:34,-64.93933,-3.00319
95,05/29/15 23:35,-64.940118,-3.002135
95,05/30/15 01:36,-64.94085,-3.001113
95,05/30/15 03:37,-64.941296,-3.000237
95,05/30/15 05:38,-64.941814,-2.999364
95,05/30/15 07:39,-64.942506,-2.99879
95,05/30/15 09:40,-64.943177,-2.998062
95,05/30/15 11:41,-64.94391,-2.997502
95,05/30/15 13:42,-64.944412,-2.996724
95,05/30/15 15:43,-64.944953,-2.995878
95,05/30/15 17:44,-64.946049,-2.995002
95,05/30/15 19:45,-64.946738,-2.99417
95,05/30/15 21:46,-64.947137,-2.993323
95,05/30/15 23:47,-64.947938,-2.992098
95,05/31/15 01:48,-64.947891,-2.99149
95,05/31/15 03:49,-64.948528,-2.99103
95,05/31/15 05:50,-64.949066,-2.990576
95,05/31/15 07:51,-64.949251,-2.9893
95,05/31/15 09:52,-64.950107,-2.988515
95,05/31/15 11:53,-64.950545,-2.988211
95,05/31/15 13:54,-64.951636,-2.987519
95,05/31/15 15:55,-64.952692,-2.986481
95,05/31/15 17:56,-64.953475,-2.985927
95,05/31/15 19:57,-64.954269,-2.985402
95,05/31/15 21:58,-64.95427,-2.985027
95,05/31/15 23:59,-64.95489,-2.9841
95,06/01/15 02:00,-64.95571,-2.983081
95,06/01/15 04:01,-64.956145,-2.981919
95,06/01/15 06:02,-64.956722,-2.981378
95,06/01/15 08:03,-64.95686,-2.980644
95,06/01/15 10:04,-64.957617,-2.979732
95,06/01/15 12:05,-64.958077,-2.979099
95,06/01/15 14:06,-64.95867,-2.978399
95,06/01/15 16:07,-64.959073,-2.977703
95,06/01/15 18:08,-64.959169,-2.976942
95,06/01/15 20:09,-64.959997,-2.976012
95,06/01/15 22:10,-64.960669,-2.975131
95,06/02/15 00:11,-64.961247,-2.974643
95,06/02/15 02:12,-64.961758,-2.974322
95,06/02/15 04:13,-64.96186,-2.97372
95,06/02/15 06:14,-64.962756,-2.972924
95,06/02/15 08:15,-64.963635,-2.972366
95,06/02/15 10:16,-64.96429,-2.971885
95,06/02/15 12:17,-64.964874,-2.971006
95,06/02/15 14:18,-64.965033,-2.970449
95,06/02/15 16:19,-64.965651,-2.969621
95,06/02/15 18:20,-64.966143,-2.968754
95,06/02/15 20:21,-64.966542,-2.968274
95,06/02/15 22:22,-64.967014,-2.967469
95,06/03/15 00:23,-64.967258,-2.966931
95,06/03/15 02:24,-64.968413,-2.966358
95,06/03/15 04:25,-64.969171,-2.965431
95,06/03/15 06:26,-64.969871,-2.964537
95,06/03/15 08:27,-64.970049,-2.964009
95,06/03/15 10:28,-64.970352,-2.963267
95,06/03/15 12:29,-64.971291,-2.962498
95,06/03/15 14:30,-64.972001,-2.961907
95,06/03/15 16:31,-64.972527,-2.960947
95,06/03/15 18:32,-64.973065,-2.960449
95,06/03/15 20:33,-64.973166,-2.960085
95,06/03/15 22:34,-64.974194,-2.959079
95,06/04/15 00:35,-64.974823,-2.958547
95,06/04/15 02:36,-64.975405,-2.957882
95,06/04/15 04:37,-64.976079,-2.957442
95,06/04/15 06:38,-64.976384,-2.957155
95,06/04/15 08:39,-64.976861,-2.956496
95,06/04/15 10:40,-64.977654,-2.956009
95,06/04/15 12:41,-64.978245,-2.955028
95,06/04/15 14:42,-64.978692,-2.954553
95,06/04/15 16:43,-64.97904,-2.954004
95,06/04/15 18:44,-64.979855,-2.953197
95,06/04/15 20:45,-64.980476,-2.952808
95,06/04/15 22:46,-64.981053,-2.952063
95,06/05/15 00:47,-64.98153,-2.951643
95,06/05/15 02:48,-64.981667,-2.95097
95,06/05/15 04:49,-64.982524,-2.950008
95,06/05/15 06:50,-64.982863,-2.949432
95,06/05/15 08:51,-64.983287,-2.948467
95,06/05/15 10:52,-64.983903,-2.948029
95,06/05/15 12:53,-64.984029,-2.947112
95,06/05/15 14:54,-64.984276,-2.946726
95,06/05/15 16:55,-64.98473,-2.946112
95,06/05/15 18:56,-64.985233,-2.945425
95,06/05/15 20:57,-64.985395,-2.94505
95,06/05/15 22:58,-64.985628,-2.944327
95,06/06/15 00:59,-64.986346,-2.943734
95,06/06/15 03:00,-64.986672,-2.942934
95,06/06/15 05:01,-64.987089,-2.942251
95,06/06/15 07:02,-64.987725,-2.941863
95,06/06/15 09:03,-64.987963,-2.94146
95,06/06/15 11:04,-64.988766,-2.940899
95,06/06/15 13:05,-64.989293,-2.940331
95,06/06/15 15:06,-64.989956,-2.939703
95,06/06/15 17:07,-64.990499,-2.93885
95,06/06/15 19:08,-64.990654,-2.938105
95,06/06/15 21:09,-64.991355,-2.937399
95,06/06/15 23:10,-64.991898,-2.93678
95,06/07/15 01:11,-64.992159,-2.935903
95,06/07/15 03:12,-64.992559,-2.935362
95,06/07/15 05:13,-64.99284,-2.93504
95,06/07/15 07:14,-64.993416,-2.934566
95,06/07/15 09:15,-64.99406,-2.933735
95,06/07/15 11:16,-64.994268,-2.93331
95,06/07/15 13:17,-64.99487,-2.932711
95,06/07/15 15:18,-64.995012,-2.932152
95,06/07/15 17:19,-64.995644,-2.931495
95,06/07/15 19:20,-64.996362,-2.93091
95,06/07/15 21:21,-64.996958,-2.930325
95,06/07/15 23:22,-64.997306,-2.930029
95,06/08/15 01:23,-64.997441,-2.929843
95,06/08/15 03:24,-64.998073,-2.929493
95,06/08/15 05:25,-64.998533,-2.929105
95,06/08/15 07:26,-64.999205,-2.928411
95,06/08/15 09:27,-64.999616,-2.927893
95,06/08/15 11:28,-64.999534,-2.927665
95,06/08/15 13:29,-65.000004,-2.927154
95,06/08/15 15:30,-65.000492,-2.926559
95,06/08/15 17:31,-65.000945,-2.925727
95,06/08/15 19:32,-65.001634,-2.925152
95,06/08/15 21:33,-65.001796,-2.924854
95,06/08/15 23:34,-65.002253,-2.924164
95,06/09/15 01:35,-65.002558,-2.92379
95,06/09/15 03:36,-65.002809,-2.923062
95,06/09/15 05:37,-65.003224,-2.922863
95,06/09/15 07:38,-65.003358,-2.922784
95,06/09/15 09:39,-65.004302,-2.922231
95,06/09/15 11:40,-65.004779,-2.921707
95,06/09/15 13:41,-65.005105,-2.920723
95,06/09/15 15:42,-65.005645,-2.920212
95,06/09/15 17:43,-65.005837,-2.919762
95,06/09/15 19:44,-65.006208,-2.919183
95,06/09/15 21:45,-65.006848,-2.918938
95,06/09/15 23:46,-65.007173,-2.918149
95,06/10/15 01:47,-65.007713,-2.917644
95,06/10/15 03:48,-65.007845,-2.91729
95,06/10/15 05:49,-65.008421,-2.916891
95,06/10/15 07:50,-65.008668,-2.915897
95,06/10/15 09:51,-65.009099,-2.915531
95,06/10/15 11:52,-65.009676,-2.914907
95,06/10/15 13:53,-65.009822,-2.91424
95,06/10/15 15:54,-65.010161,-2.913817
95,06/10/15 17:55,-65.010456,-2.913016
95,06/10/15 19:56,-65.010948,-2.91261
95,06/10/15 21:57,-65.011374,-2.912058
95,06/10/15 23:58,-65.011789,-2.911606
95,06/11/15 01:59,-65.012311,-2.910514
95,06/11/15 04:00,-65.012875,-2.909839
95,06/11/15 06:01,-65.013413,-2.90895
95,06/11/15 08:02,-65.014033,-2.908594
95,06/11/15 10:03,-65.014121,-2.908127
95,06/11/15 12:04,-65.014598,-2.907507
95,06/11/15 14:05,-65.015037,-2.906991
95,06/11/15 16:06,-65.015486,-2.906484
95,06/11/15 18:07,-65.016053,-2.906333
95,06/11/15 20:08,-65.016221,-2.906118
95,06/11/15 22:09,-65.016727,-2.905796
95,06/12/15 00:10,-65.01676,-2.905187
95,06/12/15 02:11,-65.017034,-2.904696
95,06/12/15 04:12,-65.017626,-2.904319
95,06/12/15 06:13,-65.017569,-2.904172
95,06/12/15 08:14,-65.018012,-2.903468
95,06/12/15 10:15,-65.018364,-2.902993
95,06/12/15 12:16,-65.018798,-2.902819
95,06/12/15 14:17,-65.019373,-2.90222
95,06/12/15 16:18,-65.019393,-2.901535
95,06/12/15 18:19,-65.019962,-2.900564
95,06/12/15 20:20,-65.020576,-2.899731
95,06/12/15 22:21,-65.020988,-2.899194
95,06/13/15 00:22,-65.021234,-2.898776
95,06/13/15 02:23,-65.021232,-2.898508
95,06/13/15 04:24,-65.021739,-2.898091
95,06/13/15 06:25,-65.022185,-2.897725
95,06/13/15 08:26,-65.022689,-2.897099
95,06/13/15 10:27,-65.02323,-2.896656
95,06/13/15 12:28,-65.023334,-2.896299
95,06/13/15 14:29,-65.023699,-2.895811
95,06/13/15 16:30,-65.024357,-2.895601
95,06/13/15 18:31,-65.024736,-2.894964
95,06/13/15 20:32,-65.024984,-2.894363
95,06/13/15 22:33,-65.025468,-2.893832
95,06/14/15 00:34,-65.025881,-2.893382
95,06/14/15 02:35,-65.026365,-2.892896
95,06/14/15 04:36,-65.027018,-2.892468
95,06/14/15 06:37,-65.027565,-2.891877
95,06/14/15 08:38,-65.027845,-2.891565
95,06/14/15 10:39,-65.028319,-2.891049
95,06/14/15 12:40,-65.028673,-2.890255
95,06/14/15 14:41,-65.02899,-2.889646
95,06/14/15 16:42,-65.029188,-2.889236
95,06/14/15 18:43,-65.029407,-2.888599
95,06/14/15 20:44,-65.029988,-2.888023
95,06/14/15 22:45,-65.030321,-2.887783
95,06/15/15 00:46,-65.030616,-2.887346
95,06/15/15 02:47,-65.030984,-2.887046
95,06/15/15 04:48,-65.031011,-2.88694
95,06/15/15 06:49,-65.0315,-2.886661
95,06/15/15 08:50,-65.031876,-2.885993
95,06/15/15 10:51,-65.032515,-2.885848
95,06/15/15 12:52,-65.032734,-2.885674
95,06/15/15 14:53,-65.03261,-2.885102
95,06/15/15 16:54,-65.032958,-2.885054
95,06/15/15 18:55,-65.033516,-2.88456
95,06/15/15 20:56,-65.033978,-2.884084
95,06/15/15 22:57,-65.034309,-2.883777
95,06/16/15 00:58,-65.03449,-2.883246
95,06/16/15 02:59,-65.034757,-2.882739
95,06/16/15 05:00,-65.035213,-2.882351
95,06/16/15 07:01,-65.035637,-2.881931
95,06/16/15 09:02,-65.035604,-2.881762
95,06/16/15 11:03,-65.03568,-2.881708
95,06/16/15 13:04,-65.036082,-2.881573
95,06/16/15 15:05,-65.036458,-2.881098
95,06/16/15 17:06,-65.036967,-2.880571
95,06/16/15 19:07,-65.03713,-2.879994
95,06/16/15 21:08,-65.037348,-2.879695
95,06/16/15 23:09,-65.037943,-2.879335
95,06/17/15 01:10,-65.038289,-2.879195
95,06/17/15 03:11,-65.038483,-2.878834
95,06/17/15 05:12,-65.038577,-2.878356
95,06/17/15 07:13,-65.038419,-2.878106
95,06/17/15 09:14,-65.038927,-2.877886
95,06/17/15 11:15,-65.039035,-2.877742
95,06/17/15 13:16,-65.039267,-2.877762
95,06/17/15 15:17,-65.039651,-2.87753
95,06/17/15 17:18,-65.039685,-2.877312
95,06/17/15 19:19,-65.040006,-2.876732
95,06/17/15 21:20,-65.040019,-2.876715
95,06/17/15 23:21,-65.040479,-2.876318
95,06/18/15 01:22,-65.040862,-2.87581
95,06/18/15 03:23,-65.040983,-2.875629
95,06/18/15 05:24,-65.041549,-2.875517
95,06/18/15 07:25,-65.041829,-2.87503
95,06/18/15 09:26,-65.042116,-2.874646
95,06/18/15 11:27,-65.042278,-2.874126
95,06/18/15 13:28,-65.042167,-2.873727
95,06/18/15 15:29,-65.042698,-2.873451
95,06/18/15 17:30,-65.043131,-2.872977
95,06/18/15 19:31,-65.043428,-2.872255
95,06/18/15 21:32,-65.043676,-2.871957
95,06/18/15 23:33,-65.043908,-2.871625
95,06/19/15 01:34,-65.044257,-2.871223
95,06/19/15 03:35,-65.044576,-2.871074
95,06/19/15 05:36,-65.044916,-2.870544
95,06/19/15 07:37,-65.045047,-2.870311
95,06/19/15 09:38,-65.045135,-2.870204
95,06/19/15 11:39,-65.045525,-2.870211
95,06/19/15 13:40,-65.045916,-2.869902
95,06/19/15 15:41,-65.045896,-2.869476
95,06/19/15 17:42,-65.046007,-2.868943
95,06/19/15 19:43,-65.045851,-2.868686
95,06/19/15 21:44,-65.04622,-2.868204
95,06/19/15 23:45,-65.046122,-2.867814
95,06/20/15 01:46,-65.046375,-2.867595
95,06/20/15 03:47,-65.046198,-2.867049
95,06/20/15 05:48,-65.046378,-2.866912
95,06/20/15 07:49,-65.046783,-2.866494
95,06/20/15 09:50,-65.047073,-2.866212
95,06/20/15 11:51,-65.047239,-2.865642
95,06/20/15 13:52,-65.047535,-2.865289
95,06/20/15 15:53,-65.047278,-2.865189
95,06/20/15 17:54,-65.04783,-2.864868
95,06/20/15 19:55,-65.047843,-2.864481
95,06/20/15 21:56,-65.048108,-2.86416
95,06/20/15 23:57,-65.048267,-2.863914
95,06/21/15 01:58,-65.048396,-2.863607
95,06/21/15 03:59,-65.048923,-2.863455
95,06/21/15 06:00,-65.049259,-2.863291
95,06/21/15 08:01,-65.049644,-2.862804
95,06/21/15 10:02,-65.04995,-2.862652
95,06/21/15 12:03,-65.049903,-2.862525
95,06/21/15 14:04,-65.050347,-2.862235
95,06/21/15 16:05,-65.050491,-2.861903
95,06/21/15 18:06,-65.050694,-2.861685
95,06/21/15 20:07,-65.050879,-2.861285
95,06/21/15 22:08,-65.050792,-2.861333
95,06/22/15 00:09,-65.051078,-2.860972
95,06/22/15 02:10,-65.051255,-2.860582
95,06/22/15 04:11,-65.051144,-2.859901
95,06/22/15 06:12,-65.051374,-2.859908
95,06/22/15 08:13,-65.051401,-2.860159
95,06/22/15 10:14,-65.051586,-2.859914
95,06/22/15 12:15,-65.051456,-2.85978
95,06/22/15 14:16,-65.051614,-2.859418
95,06/22/15 16:17,-65.051824,-2.859009
95,06/22/15 18:18,-65.051617,-2.858483
95,06/22/15 20:19,-65.051976,-2.8581
95,06/22/15 22:20,-65.05207,-2.857879
95,06/23/15 00:21,-65.052329,-2.857638
95,06/23/15 02:22,-65.05265,-2.857405
95,06/23/15 04:23,-65.05268,-2.857476
95,06/23/15 06:24,-65.052682,-2.857121
95,06/23/15 08:25,-65.052892,-2.85684
95,06/23/15 10:26,-65.053267,-2.856425
95,06/23/15 12:27,-65.053476,-2.856141
95,06/23/15 14:28,-65.053596,-2.856221
95,06/23/15 16:29,-65.053713,-2.855973
95,06/23/15 18:30,-65.054059,-2.855531
95,06/23/15 20:31,-65.054258,-2.855139
95,06/23/15 22:32,-65.054438,-2.854914
95,06/24/15 00:33,-65.054695,-2.854921
95,06/24/15 02:34,-65.054929,-2.854798
95,06/24/15 04:35,-65.055117,-2.854693
95,06/24/15 06:36,-65.055192,-2.854173
95,06/24/15 08:37,-65.05528,-2.854153
95,06/24/15 10:38,-65.055196,-2.854077
95,06/24/15 12:39,-65.055456,-2.853673
95,06/24/15 14:40,-65.055661,-2.853298
95,06/24/15 16:41,-65.056167,-2.852981
95,06/24/15 18:42,-65.056069,-2.852488
95,06/24/15 20:43,-65.056105,-2.852422
95,06/24/15 22:44,-65.056704,-2.85186
95,06/25/15 00:45,-65.05691,-2.851503
95,06/25/15 02:46,-65.057115,-2.851258
95,06/25/15 04:47,-65.057154,-2.851185
95,06/25/15 06:48,-65.057279,-2.850935
95,06/25/15 08:49,-65.057321,-2.850601
95,06/25/15 10:50,-65.057298,-2.850361
95,06/25/15 12:51,-65.05756,-2.849879
95,06/25/15 14:52,-65.057738,-2.849857
95,06/25/15 16:53,-65.057497,-2.849838
95,06/25/15 18:54,-65.057783,-2.849762
95,06/25/15 20:55,-65.057829,-2.849471
95,06/25/15 22:56,-65.058307,-2.849092
95,06/26/15 00:57,-65.058391,-2.848746
95,06/26/15 02:58,-65.058553,-2.848614
95,06/26/15 04:59,-65.058714,-2.848346
95,06/26/15 07:00,-65.058925,-2.847911
95,06/26/15 09:01,-65.059141,-2.847716
95,06/26/15 11:02,-65.059179,-2.847537
95,06/26/15 13:03,-65.059044,-2.847553
95,06/26/15 15:04,-65.058914,-2.847241
95,06/26/15 17:05,-65.058933,-2.847122
95,06/26/15 19:06,-65.059285,-2.846597
95,06/26/15 21:07,-65.059525,-2.84646
95,06/26/15 23:08,-65.059713,-2.846119
95,06/27/15 01:09,-65.05986,-2.846012
95,06/27/15 03:10,-65.060146,-2.845756
95,06/27/15 05:11,-65.060413,-2.84532
95,06/27/15 07:12,-65.060513,-2.845121
95,06/27/15 09:13,-65.060479,-2.844903
95,06/27/15 11:14,-65.060806,-2.844538
95,06/27/15 13:15,-65.06099,-2.844032
95,06/27/15 15:16,-65.061237,-2.843386
95,06/27/15 17:17,-65.061085,-2.843062
95,06/27/15 19:18,-65.060975,-2.843066
95,06/27/15 21:19,-65.061232,-2.842729
95,06/27/15 23:20,-65.061443,-2.842573
95,06/28/15 01:21,-65.061463,-2.842536
95,06/28/15 03:22,-65.061465,-2.842888
95,06/28/15 05:23,-65.061451,-2.843066
95,06/28/15 07:24,-65.061564,-2.842829
95,06/28/15 09:25,-65.061647,-2.842402
95,06/28/15 11:26,-65.061744,-2.842229
95,06/28/15 13:27,-65.061845,-2.842081
95,06/28/15 15:28,-65.061818,-2.841998
95,06/28/15 17:29,-65.062097,-2.841795
95,06/28/15 19:30,-65.062135,-2.841653
95,06/28/15 21:31,-65.0625,-2.841106
95,06/28/15 23:32,-65.062349,-2.840803
95,06/29/15 01:33,-65.062331,-2.84091
95,06/29/15 03:34,-65.062588,-2.84067
95,06/29/15 05:35,-65.062577,-2.840642
95,06/29/15 07:36,-65.062657,-2.840049
95,06/29/15 09:37,-65.062816,-2.839898
95,06/29/15 11:38,-65.062783,-2.839998
95,06/29/15 13:39,-65.062804,-2.839667
95,06/29/15 15:40,-65.06284,-2.839507
95,06/29/15 17:41,-65.063152,-2.839315
95,06/29/15 19:42,-65.063206,-2.839291
95,06/29/15 21:43,-65.063065,-2.839437
95,06/29/15 23:44,-65.063087,-2.839273
95,06/30/15 01:45,-65.062995,-2.839195
95,06/30/15 03:46,-65.063176,-2.839317
95,06/30/15 05:47,-65.063251,-2.839051
95,06/30/15 07:48,-65.063106,-2.839118
95,06/30/15 09:49,-65.063262,-2.838819
95,06/30/15 11:50,-65.063334,-2.838829
95,06/30/15 13:51,-65.063493,-2.838977
95,06/30/15 15:52,-65.063327,-2.838932
95,06/30/15 17:53,-65.063221,-2.838954
95,06/30/15 19:54,-65.063444,-2.838703
95,06/30/15 21:55,-65.063393,-2.838819
95,06/30/15 23:56,-65.063711,-2.838445
95,07/01/15 01:57,-65.063803,-2.838324
95,07/01/15 03:58,-65.063571,-2.838093
95,07/01/15 05:59,-65.063448,-2.837577
95,07/01/15 08:00,-65.063448,-2.837532
95,07/01/15 10:01,-65.063643,-2.837435
95,07/01/15 12:02,-65.06367,-2.837497
95,07/01/15 14:03,-65.063355,-2.837274
95,07/01/15 16:04,-65.063283,-2.837355
95,07/01/15 18:05,-65.063088,-2.837598
95,07/01/15 20:06,-65.063313,-2.837541
95,07/01/15 22:07,-65.063017,-2.837382
95,07/02/15 00:08,-65.062829,-2.837322
95,07/02/15 02:09,-65.063084,-2.837216
95,07/02/15 04:10,-65.063094,-2.837228
95,07/02/15 06:11,-65.062921,-2.837214
95,07/02/15 08:12,-65.063122,-2.836881
95,07/02/15 10:13,-65.06307,-2.836775
95,07/02/15 12:14,-65.063255,-2.836792
95,07/02/15 14:15,-65.063328,-2.836946
95,07/02/15 16:16,-65.063554,-2.836718
95,07/02/15 18:17,-65.063835,-2.836496
95,07/02/15 20:18,-65.063571,-2.836506
95,07/02/15 22:19,-65.063518,-2.836683
95,07/03/15 00:20,-65.063517,-2.83676
95,07/03/15 02:21,-65.063583,-2.836375
95,07/03/15 04:22,-65.063585,-2.836834
95,07/03/15 06:23,-65.063496,-2.837027
95,07/03/15 08:24,-65.063534,-2.83676
95,07/03/15 10:25,-65.063492,-2.837056
95,07/03/15 12:26,-65.063641,-2.836636
95,07/03/15 14:27,-65.063705,-2.836359
95,07/03/15 16:28,-65.06342,-2.836372
95,07/03/15 18:29,-65.063696,-2.836348
95,07/03/15 20:30,-65.063837,-2.836462
95,07/03/15 22:31,-65.063778,-2.836221
95,07/04/15 00:32,-65.063696,-2.836265
95,07/04/15 02:33,-65.063482,-2.836192
95,07/04/15 04:34,-65.063653,-2.836065
95,07/04/15 06:35,-65.063328,-2.835933
95,07/04/15 08:36,-65.063511,-2.835537
95,07/04/15 10:37,-65.063234,-2.835362
95,07/04/15 12:38,-65.063022,-2.835422
95,07/04/15 14:39,-65.0628,-2.835576
95,07/04/15 16:40,-65.062854,-2.835589
95,07/04/15 18:41,-65.062824,-2.835676
95,07/04/15 20:42,-65.06255,-2.835936
95,07/04/15 22:43,-65.062594,-2.836118
95,07/05/15 00:44,-65.062924,-2.836304
95,07/05/15 02:45,-65.062967,-2.83649
95,07/05/15 04:46,-65.063269,-2.836276
95,07/05/15 06:47,-65.063304,-2.835928
95,07/05/15 08:48,-65.063186,-2.836148
95,07/05/15 10:49,-65.063221,-2.835945
95,07/05/15 12:50,-65.063392,-2.83607
95,07/05/15 14:51,-65.063538,-2.835853
95,07/05/15 16:52,-65.063493,-2.835697
95,07/05/15 18:53,-65.063168,-2.835861
95,07/05/15 20:54,-65.063381,-2.835839
95,07/05/15 22:55,-65.063351,-2.835856
95,07/06/15 00:56,-65.06356,-2.835988
95,07/06/15 02:57,-65.063653,-2.83617
95,07/06/15 04:58,-65.063523,-2.836449
95,07/06/15 06:59,-65.063623,-2.836245
95,07/06/15 09:00,-65.063365,-2.836213
95,07/06/15 11:01,-65.063586,-2.836098
95,07/06/15 13:02,-65.063491,-2.836179
95,07/06/15 15:03,-65.063233,-2.836467
95,07/06/15 17:04,-65.062968,-2.836497
95,07/06/15 19:05,-65.062988,-2.836656
95,07/06/15 21:06,-65.062962,-2.836396
95,07/06/15 23:07,-65.063221,-2.836363
95,07/07/15 01:08,-65.063103,-2.836411
95,07/07/15 03:09,-65.063338,-2.836713
95,07/07/15 05:10,-65.063323,-2.836969
95,07/07/15 07:11,-65.063445,-2.83694
95,07/07/15 09:12,-65.063489,-2.836928
95,07/07/15 11:13,-65.063427,-2.837069
95,07/07/15 13:14,-65.063376,-2.837184
95,07/07/15 15:15,-65.063068,-2.837168
95,07/07/15 17:16,-65.063087,-2.837071
95,07/07/15 19:17,-65.063164,-2.83705
95,07/07/15 21:18,-65.062892,-2.837159
95,07/07/15 23:19,-65.062946,-2.837173
95,07/08/15 01:20,-65.062809,-2.837139
95,07/08/15 03:21,-65.062776,-2.836954
95,07/08/15 05:22,-65.062547,-2.837485
95,07/08/15 07:23,-65.062168,-2.837649
95,07/08/15 09:24,-65.062042,-2.837664
95,07/08/15 11:25,-65.062091,-2.837844
95,07/08/15 13:26,-65.061917,-2.837911
95,07/08/15 15:27,-65.061823,-2.837939
95,07/08/15 17:28,-65.061721,-2.83809
95,07/08/15 19:29,-65.061556,-2.838457
95,07/08/15 21:30,-65.061466,-2.83864
95,07/08/15 23:31,-65.061419,-2.838673
95,07/09/15 01:32,-65.061288,-2.838753
95,07/09/15 03:33,-65.061189,-2.838884
95,07/09/15 05:34,-65.061147,-2.839315
95,07/09/15 07:35,-65.060832,-2.839574
95,07/09/15 09:36,-65.060966,-2.839674
95,07/09/15 11:37,-65.061014,-2.839541
95,07/09/15 13:38,-65.060716,-2.839827
95,07/09/15 15:39,-65.060622,-2.839885
95,07/09/15 17:40,-65.06043,-2.840041
95,07/09/15 19:41,-65.060643,-2.840283
95,07/09/15 21:42,-65.060579,-2.840266
95,07/09/15 23:43,-65.06033,-2.8404
95,07/10/15 01:44,-65.060198,-2.840562
95,07/10/15 03:45,-65.06028,-2.840518
95,07/10/15 05:46,-65.060535,-2.840212
95,07/10/15 07:47,-65.060433,-2.840343
95,07/10/15 09:48,-65.060597,-2.84073
95,07/10/15 11:49,-65.060345,-2.840725
95,07/10/15 13:50,-65.060407,-2.840743
95,07/10/15 15:51,-65.0604,-2.840473
95,07/10/15 17:52,-65.060139,-2.84069
95,07/10/15 19:53,-65.060022,-2.840793
95,07/10/15 21:54,-65.059788,-2.840685
95,07/10/15 23:55,-65.059557,-2.840893
95,07/11/15 01:56,-65.059839,-2.840831
95,07/11/15 03:57,-65.059756,-2.840715
95,07/11/15 05:58,-65.05939,-2.841005
95,07/11/15 07:59,-65.059143,-2.841136
95,07/11/15 10:00,-65.058888,-2.841401
95,07/11/15 12:01,-65.058856,-2.841482
95,07/11/15 14:02,-65.058838,-2.841619
95,07/11/15 16:03,-65.058629,-2.84184
95,07/11/15 18:04,-65.058553,-2.841785
95,07/11/15 20:05,-65.058193,-2.841742
95,07/11/15 22:06,-65.058324,-2.841624
95,07/12/15 00:07,-65.058233,-2.841739
95,07/12/15 02:08,-65.058067,-2.842025
95,07/12/15 04:09,-65.057864,-2.842198
95,07/12/15 06:10,-65.057764,-2.842372
95,07/12/15 08:11,-65.057683,-2.842406
95,07/12/15 10:12,-65.057551,-2.842509
95,07/12/15 12:13,-65.057045,-2.84285
95,07/12/15 14:14,-65.057005,-2.842989
95,07/12/15 16:15,-65.056811,-2.843259
95,07/12/15 18:16,-65.056842,-2.843227
95,07/12/15 20:17,-65.056706,-2.843681
95,07/12/15 22:18,-65.056468,-2.844107
95,07/13/15 00:19,-65.056281,-2.844244
95,07/13/15 02:20,-65.055787,-2.844293
95,07/13/15 04:21,-65.055694,-2.844292
95,07/13/15 06:22,-65.05546,-2.844343
95,07/13/15 08:23,-65.055131,-2.844592
95,07/13/15 10:24,-65.05501,-2.84458
95,07/13/15 12:25,-65.054768,-2.844454
95,07/13/15 14:26,-65.054789,-2.844432
95,07/13/15 16:27,-65.054466,-2.844516
95,07/13/15 18:28,-65.054065,-2.84485
95,07/13/15 20:29,-65.053979,-2.845051
95,07/13/15 22:30,-65.0537,-2.845222
95,07/14/15 00:31,-65.053704,-2.845144
95,07/14/15 02:32,-65.053341,-2.845156
95,07/14/15 04:33,-65.053018,-2.845367
95,07/14/15 06:34,-65.053033,-2.845524
95,07/14/15 08:35,-65.052855,-2.845733
95,07/14/15 10:36,-65.052997,-2.845738
95,07/14/15 12:37,-65.053047,-2.846165
95,07/14/15 14:38,-65.053002,-2.846183
95,07/14/15 16:39,-65.052984,-2.846137
95,07/14/15 18:40,-65.052704,-2.846291
95,07/14/15 20:41,-65.052822,-2.846413
95,07/14/15 22:42,-65.052842,-2.846563
95,07/15/15 00:43,-65.05222,-2.847011
95,07/15/15 02:44,-65.052043,-2.847471
95,07/15/15 04:45,-65.051551,-2.847794
95,07/15/15 06:46,-65.051697,-2.847897
95,07/15/15 08:47,-65.051406,-2.847877
95,07/15/15 10:48,-65.051315,-2.848257
95,07/15/15 12:49,-65.051175,-2.848228
95,07/15/15 14:50,-65.050665,-2.84835
95,07/15/15 16:51,-65.050558,-2.848428
95,07/15/15 18:52,-65.050105,-2.848787
95,07/15/15 20:53,-65.049886,-2.849244
95,07/15/15 22:54,-65.049711,-2.84957
95,07/16/15 00:55,-65.049588,-2.849585
95,07/16/15 02:56,-65.049731,-2.84981
95,07/16/15 04:57,-65.049361,-2.849856
95,07/16/15 06:58,-65.049087,-2.850255
95,07/16/15 08:59,-65.049051,-2.850657
95,07/16/15 11:00,-65.048673,-2.850794
95,07/16/15 13:01,-65.048842,-2.850921
95,07/16/15 15:02,-65.0484,-2.850885
95,07/16/15 17:03,-65.04806,-2.851158
95,07/16/15 19:04,-65.047786,-2.851121
95,07/16/15 21:05,-65.047459,-2.851416
95,07/16/15 23:06,-65.047275,-2.851388
95,07/17/15 01:07,-65.047049,-2.85145
95,07/17/15 03:08,-65.046462,-2.85199
95,07/17/15 05:09,-65.046141,-2.852199
95,07/17/15 07:10,-65.045621,-2.852533
95,07/17/15 09:11,-65.045656,-2.852852
95,07/17/15 11:12,-65.045017,-2.85312
95,07/17/15 13:13,-65.044623,-2.853598
95,07/17/15 15:14,-65.044208,-2.853807
95,07/17/15 17:15,-65.043954,-2.854134
95,07/17/15 19:16,-65.044012,-2.854367
95,07/17/15 21:17,-65.043951,-2.854618
95,07/17/15 23:18,-65.043443,-2.855015
95,07/18/15 01:19,-65.043194,-2.855179
95,07/18/15 03:20,-65.042944,-2.855631
95,07/18/15 05:21,-65.042744,-2.855923
95,07/18/15 07:22,-65.042426,-2.856357
95,07/18/15 09:23,-65.042105,-2.856801
95,07/18/15 11:24,-65.041855,-2.857244
95,07/18/15 13:25,-65.041612,-2.857402
95,07/18/15 15:26,-65.041609,-2.857898
95,07/18/15 17:27,-65.041135,-2.858323
95,07/18/15 19:28,-65.041151,-2.858728
95,07/18/15 21:29,-65.040958,-2.859137
95,07/18/15 23:30,-65.040524,-2.859418
95,07/19/15 01:31,-65.040394,-2.859601
95,07/19/15 03:32,-65.040216,-2.860304
95,07/19/15 05:33,-65.040015,-2.860568
95,07/19/15 07:34,-65.039238,-2.860748
95,07/19/15 09:35,-65.038602,-2.861148
95,07/19/15 11:36,-65.038595,-2.861369
95,07/19/15 13:37,-65.038311,-2.861567
95,07/19/15 15:38,-65.037812,-2.861838
95,07/19/15 17:39,-65.037312,-2.862106
95,07/19/15 19:40,-65.037349,-2.862747
95,07/19/15 21:41,-65.03714,-2.863222
95,07/19/15 23:42,-65.036546,-2.86326
95,07/20/15 01:43,-65.036111,-2.863926
95,07/20/15 03:44,-65.035802,-2.864328
95,07/20/15 05:45,-65.035294,-2.864422
95,07/20/15 07:46,-65.035629,-2.864687
95,07/20/15 09:47,-65.035415,-2.864649
95,07/20/15 11:48,-65.034869,-2.865329
95,07/20/15 13:49,-65.034916,-2.865727
95,07/20/15 15:50,-65.034596,-2.866072
95,07/20/15 17:51,-65.034774,-2.866394
95,07/20/15 19:52,-65.034437,-2.866838
95,07/20/15 21:53,-65.0341,-2.867094
95,07/20/15 23:54,-65.033877,-2.867383
95,07/21/15 01:55,-65.033489,-2.86775
95,07/21/15 03:56,-65.033228,-2.868026
95,07/21/15 05:57,-65.032913,-2.86834
95,07/21/15 07:58,-65.032294,-2.869239
95,07/21/15 09:59,-65.031896,-2.869811
95,07/21/15 12:00,-65.031097,-2.870444
95,07/21/15 14:01,-65.031211,-2.870809
95,07/21/15 16:02,-65.03107,-2.871268
95,07/21/15 18:03,-65.030707,-2.871811
95,07/21/15 20:04,-65.030435,-2.872041
95,07/21/15 22:05,-65.029976,-2.872471
95,07/22/15 00:06,-65.029975,-2.87314
95,07/22/15 02:07,-65.029397,-2.873552
95,07/22/15 04:08,-65.028837,-2.874304
95,07/22/15 06:09,-65.028381,-2.874981
95,07/22/15 08:10,-65.027736,-2.875294
95,07/22/15 10:11,-65.027594,-2.875317
95,07/22/15 12:12,-65.027081,-2.875889
95,07/22/15 14:13,-65.026551,-2.876358
95,07/22/15 16:14,-65.026037,-2.876684
95,07/22/15 18:15,-65.025572,-2.87698
95,07/22/15 20:16,-65.025311,-2.877324
95,07/22/15 22:17,-65.025159,-2.877814
95,07/23/15 00:18,-65.024588,-2.878217
95,07/23/15 02:19,-65.024145,-2.878755
95,07/23/15 04:20,-65.02363,-2.879132
95,07/23/15 06:21,-65.023332,-2.879161
95,07/23/15 08:22,-65.022713,-2.879464
95,07/23/15 10:23,-65.022207,-2.880158
95,07/23/15 12:24,-65.021725,-2.88058
95,07/23/15 14:25,-65.02111,-2.881099
95,07/23/15 16:26,-65.021188,-2.881625
95,07/23/15 18:27,-65.020602,-2.882278
95,07/23/15 20:28,-65.020269,-2.882713
95,07/23/15 22:29,-65.019973,-2.882802
95,07/24/15 00:30,-65.019295,-2.883236
95,07/24/15 02:31,-65.018882,-2.883498
95,07/24/15 04:32,-65.018596,-2.884115
95,07/24/15 06:33,-65.017763,-2.88474
95,07/24/15 08:34,-65.017321,-2.884508
95,07/24/15 10:35,-65.016948,-2.885077
95,07/24/15 12:36,-65.016776,-2.885566
95,07/24/15 14:37,-65.016475,-2.885915
95,07/24/15 16:38,-65.016182,-2.886366
95,07/24/15 18:39,-65.01561,-2.886675
95,07/24/15 20:40,-65.014984,-2.88725
95,07/24/15 22:41,-65.014876,-2.887837
95,07/25/15 00:42,-65.014697,-2.888464
95,07/25/15 02:43,-65.014241,-2.88896
95,07/25/15 04:44,-65.013688,-2.889577
95,07/25/15 06:45,-65.01308,-2.889997
95,07/25/15 08:46,-65.013051,-2.890105
95,07/25/15 10:47,-65.012418,-2.890802
95,07/25/15 12:48,-65.011979,-2.891315
95,07/25/15 14:49,-65.011544,-2.891574
95,07/25/15 16:50,-65.011238,-2.892121
95,07/25/15 18:51,-65.011317,-2.89256
95,07/25/15 20:52,-65.011133,-2.892942
95,07/25/15 22:53,-65.010497,-2.893547
95,07/26/15 00:54,-65.00995,-2.893988
95,07/26/15 02:55,-65.009351,-2.894361
95,07/26/15 04:56,-65.009272,-2.895023
95,07/26/15 06:57,-65.008525,-2.895453
95,07/26/15 08:58,-65.007712,-2.895989
95,07/26/15 10:59,-65.007183,-2.896492
95,07/26/15 13:00,-65.006538,-2.896815
95,07/26/15 15:01,-65.006427,-2.896898
95,07/26/15 17:02,-65.005788,-2.897206
95,07/26/15 19:03,-65.004952,-2.897591
95,07/26/15 21:04,-65.004328,-2.897819
95,07/26/15 23:05,-65.003912,-2.898255
95,07/27/15 01:06,-65.003674,-2.898476
95,07/27/15 03:07,-65.003411,-2.898886
95,07/27/15 05:08,-65.002748,-2.899215
95,07/27/15 07:09,-65.002356,-2.899523
95,07/27/15 09:10,-65.001481,-2.899992
95,07/27/15 11:11,-65.001152,-2.900505
95,07/27/15 13:12,-65.00049,-2.90069
95,07/27/15 15:13,-64.999949,-2.901199
95,07/27/15 17:14,-64.999632,-2.901747
95,07/27/15 19:15,-64.999049,-2.901891
95,07/27/15 21:16,-64.998699,-2.902373
95,07/27/15 23:17,-64.998544,-2.902856
95,07/28/15 01:18,-64.998197,-2.903521
95,07/28/15 03:19,-64.997888,-2.904203
95,07/28/15 05:20,-64.997351,-2.904618
95,07/28/15 07:21,-64.997244,-2.905237
95,07/28/15 09:22,-64.996876,-2.905599
95,07/28/15 11:23,-64.996644,-2.905943
95,07/28/15 13:24,-64.99642,-2.906561
95,07/28/15 15:25,-64.995815,-2.907038
95,07/28/15 17:26,-64.995674,-2.907238
95,07/28/15 19:27,-64.995067,-2.907644
95,07/28/15 21:28,-64.994658,-2.90796
95,07/28/15 23:29,-64.993907,-2.908603
95,07/29/15 01:30,-64.993191,-2.908992
95,07/29/15 03:31,-64.992974,-2.909399
95,07/29/15 05:32,-64.992378,-2.909856
95,07/29/15 07:33,-64.992311,-2.910576
95,07/29/15 09:34,-64.991858,-2.91116
95,07/29/15 11:35,-64.991315,-2.911445
95,07/29/15 13:36,-64.990898,-2.911691
95,07/29/15 15:37,-64.99039,-2.912143
95,07/29/15 17:38,-64.989885,-2.912934
95,07/29/15 19:39,-64.989528,-2.913619
95,07/29/15 21:40,-64.988803,-2.914313
95,07/29/15 23:41,-64.98873,-2.914306
95,07/30/15 01:42,-64.988358,-2.914628
95,07/30/15 03:43,-64.987965,-2.915329
95,07/30/15 05:44,-64.987463,-2.916225
95,07/30/15 07:45,-64.986644,-2.917009
95,07/30/15 09:46,-64.986443,-2.917271
95,07/30/15 11:47,-64.985837,-2.917973
95,07/30/15 13:48,-64.985325,-2.918461
95,07/30/15 15:49,-64.984752,-2.918541
95,07/30/15 17:50,-64.984095,-2.91881
95,07/30/15 19:51,-64.983941,-2.918845
95,07/30/15 21:52,-64.983366,-2.91934
95,07/30/15 23:53,-64.982955,-2.919967
95,07/31/15 01:54,-64.98231,-2.920383
95,07/31/15 03:55,-64.981618,-2.920936
95,07/31/15 05:56,-64.981372,-2.92162
95,07/31/15 07:57,-64.98099,-2.922285
95,07/31/15 09:58,-64.980645,-2.923012
95,07/31/15 11:59,-64.979936,-2.923288
95,07/31/15 14:00,-64.979133,-2.923834
95,07/31/15 16:01,-64.979009,-2.924573
95,07/31/15 18:02,-64.978407,-2.924947
95,07/31/15 20:03,-64.977843,-2.925778
95,07/31/15 22:04,-64.97746,-2.926355
95,08/01/15 00:05,-64.976804,-2.926975
95,08/01/15 02:06,-64.976752,-2.92742
95,08/01/15 04:07,-64.976223,-2.928028
95,08/01/15 06:08,-64.975965,-2.92882
95,08/01/15 08:09,-64.975444,-2.929419
95,08/01/15 10:10,-64.975106,-2.929921
95,08/01/15 12:11,-64.9749,-2.930456
95,08/01/15 14:12,-64.974447,-2.930841
95,08/01/15 16:13,-64.973935,-2.931111
95,08/01/15 18:14,-64.973326,-2.931773
95,08/01/15 20:15,-64.972591,-2.932333
95,08/01/15 22:16,-64.972354,-2.932669
95,08/02/15 00:17,-64.971702,-2.933053
95,08/02/15 02:18,-64.971199,-2.933449
95,08/02/15 04:19,-64.970484,-2.933881
95,08/02/15 06:20,-64.969622,-2.93438
95,08/02/15 08:21,-64.969521,-2.934945
95,08/02/15 10:22,-64.968944,-2.935576
95,08/02/15 12:23,-64.968502,-2.936512
95,08/02/15 14:24,-64.968188,-2.937063
95,08/02/15 16:25,-64.967189,-2.937909
95,08/02/15 18:26,-64.966883,-2.938518
95,08/02/15 20:27,-64.966146,-2.938886
95,08/02/15 22:28,-64.965736,-2.939652
95,08/03/15 00:29,-64.965131,-2.940551
95,08/03/15 02:30,-64.964533,-2.941275
95,08/03/15 04:31,-64.964261,-2.941533
95,08/03/15 06:32,-64.963795,-2.941781
95,08/03/15 08:33,-64.963332,-2.94273
95,08/03/15 10:34,-64.96305,-2.943362
95,08/03/15 12:35,-64.962595,-2.944098
95,08/03/15 14:36,-64.962171,-2.944618
95,08/03/15 16:37,-64.961628,-2.945094
95,08/03/15 18:38,-64.96106,-2.945496
95,08/03/15 20:39,-64.959923,-2.946283
95,08/03/15 22:40,-64.959159,-2.946721
95,08/04/15 00:41,-64.958796,-2.94725
95,08/04/15 02:42,-64.958232,-2.9479
95,08/04/15 04:43,-64.957796,-2.948299
95,08/04/15 06:44,-64.957072,-2.948737
95,08/04/15 08:45,-64.956623,-2.949414
95,08/04/15 10:46,-64.956255,-2.949964
95,08/04/15 12:47,-64.95563,-2.950074
95,08/04/15 14:48,-64.954906,-2.950519
95,08/04/15 16:49,-64.954241,-2.951476
95,08/04/15 18:50,-64.953701,-2.952261
95,08/04/15 20:51,-64.953874,-2.95265
95,08/04/15 22:52,-64.953121,-2.952966
95,08/05/15 00:53,-64.952881,-2.953939
95,08/05/15 02:54,-64.95236,-2.954502
95,08/05/15 04:55,-64.95133,-2.95527
95,08/05/15 06:56,-64.951184,-2.95575
95,08/05/15 08:57,-64.951032,-2.956439
95,08/05/15 10:58,-64.950346,-2.957325
95,08/05/15 12:59,-64.949625,-2.958424
95,08/05/15 15:00,-64.949046,-2.959256
95,08/05/15 17:01,-64.948999,-2.959699
95,08/05/15 19:02,-64.94819,-2.960165
95,08/05/15 21:03,-64.947565,-2.960873
95,08/05/15 23:04,-64.947186,-2.961506
95,08/06/15 01:05,-64.946338,-2.961855
95,08/06/15 03:06,-64.94624,-2.962407
95,08/06/15 05:07,-64.945624,-2.963141
95,08/06/15 07:08,-64.944975,-2.963964
95,08/06/15 09:09,-64.944284,-2.964697
95,08/06/15 11:10,-64.943842,-2.965408
95,08/06/15 13:11,-64.943235,-2.965726
95,08/06/15 15:12,-64.942777,-2.966528
95,08/06/15 17:13,-64.942431,-2.967411
95,08/06/15 19:14,-64.9422,-2.967993
95,08/06/15 21:15,-64.941339,-2.968766
95,08/06/15 23:16,-64.941014,-2.96923
95,08/07/15 01:17,-64.94046,-2.970037
95,08/07/15 03:18,-64.939744,-2.970935
95,08/07/15 05:19,-64.939049,-2.971549
95,08/07/15 07:20,-64.938348,-2.97229
95,08/07/15 09:21,-64.938097,-2.972765
95,08/07/15 11:22,-64.937388,-2.973517
95,08/07/15 13:23,-64.936897,-2.974474
95,08/07/15 15:24,-64.936274,-2.975484
95,08/07/15 17:25,-64.935585,-2.976314
95,08/07/15 19:26,-64.935028,-2.977049
95,08/07/15 21:27,-64.934588,-2.977663
95,08/07/15 23:28,-64.933608,-2.978627
95,08/08/15 01:29,-64.932793,-2.979138
95,08/08/15 03:30,-64.931995,-2.980204
95,08/08/15 05:31,-64.931486,-2.980607
95,08/08/15 07:32,-64.930976,-2.981322
95,08/08/15 09:33,-64.930595,-2.982466
95,08/08/15 11:34,-64.92994,-2.983169
95,08/08/15 13:35,-64.928913,-2.983647
95,08/08/15 15:36,-64.92879,-2.98407
95,08/08/15 17:37,-64.928352,-2.984526
95,08/08/15 19:38,-64.927575,-2.985275
95,08/08/15 21:39,-64.926511,-2.986238
95,08/08/15 23:40,-64.925755,-2.987149
95,08/09/15 01:41,-64.925363,-2.987882
95,08/09/15 03:42,-64.924414,-2.988581
95,08/09/15 05:43,-64.923731,-2.989276
95,08/09/15 07:44,-64.923214,-2.989962
95,08/09/15 09:45,-64.922528,-2.991054
95,08/09/15 11:46,-64.922438,-2.991872
95,08/09/15 13:47,-64.922124,-2.992482
95,08/09/15 15:48,-64.921584,-2.993537
95,08/09/15 17:49,-64.920785,-2.994421
95,08/09/15 19:50,-64.920066,-2.995419
95,08/09/15 21:51,-64.919461,-2.996457
95,08/09/15 23:52,-64.919003,-2.997329
95,08/10/15 01:53,-64.91844,-2.997884
95,08/10/15 03:54,-64.917958,-2.998459
95,08/10/15 05:55,-64.916986,-2.99935
95,08/10/15 07:56,-64.916595,-2.999862
95,08/10/15 09:57,-64.915894,-3.000521
95,08/10/15 11:58,-64.915499,-3.001186
95,08/10/15 13:59,-64.91456,-3.001802
95,08/10/15 16:00,-64.913318,-3.002383
95,08/10/15 18:01,-64.912859,-3.002691
95,08/10/15 20:02,-64.912404,-3.003429
95,08/10/15 22:03,-64.911782,-3.004528
95,08/11/15 00:04,-64.911311,-3.005267
95,08/11/15 02:05,-64.910403,-3.006037
95,08/11/15 04:06,-64.909853,-3.006934
95,08/11/15 06:07,-64.90899,-3.007586
95,08/11/15 08:08,-64.908378,-3.008457
95,08/11/15 10:09,-64.907584,-3.009454
95,08/11/15 12:10,-64.906729,-3.01064
95,08/11/15 14:11,-64.905956,-3.011254
95,08/11/15 16:12,-64.905594,-3.012092
95,08/11/15 18:13,-64.90483,-3.012597
95,08/11/15 20:14,-64.903965,-3.013111
95,08/11/15 22:15,-64.902999,-3.014184
95,08/12/15 00:16,-64.902468,-3.015013
95,08/12/15 02:17,-64.9019,-3.015859
95,08/12/15 04:18,-64.901175,-3.016748
95,08/12/15 06:19,-64.900544,-3.017723
95,08/12/15 08:20,-64.899502,-3.018662
95,08/12/15 10:21,-64.89898,-3.019391
95,08/12/15 12:22,-64.898151,-3.019885
95,08/12/15 14:23,-64.897514,-3.020508
95,08/12/15 16:24,-64.896777,-3.021417
95,08/12/15 18:25,-64.895544,-3.021965
95,08/12/15 20:26,-64.895081,-3.023036
95,08/12/15 22:27,-64.894289,-3.023763
95,08/13/15 00:28,-64.893946,-3.024387
95,08/13/15 02:29,-64.893033,-3.024959
95,08/13/15 04:30,-64.892152,-3.025475
95,08/13/15 06:31,-64.891682,-3.026135
95,08/13/15 08:32,-64.891226,-3.026609
95,08/13/15 10:33,-64.890636,-3.027428
95,08/13/15 12:34,-64.889876,-3.028347
95,08/13/15 14:35,-64.889272,-3.029443
95,08/13/15 16:36,-64.888645,-3.029348
95,08/13/15 18:37,-64.887927,-3.029474
95,08/13/15 20:38,-64.887024,-3.030295
95,08/13/15 22:39,-64.886252,-3.030935
95,08/14/15 00:40,-64.884912,-3.031662
95,08/14/15 02:41,-64.884489,-3.031696
95,08/14/15 04:42,-64.883293,-3.031701
95,08/14/15 06:43,-64.882199,-3.03219
95,08/14/15 08:44,-64.881395,-3.032432
95,08/14/15 12:46,-64.881241,-3.032104
95,08/14/15 16:48,-64.881872,-3.031294
95,08/14/15 18:49,-64.882383,-3.031595
95,08/14/15 20:50,-64.882106,-3.031942
95,08/14/15 22:51,-64.881732,-3.032764
95,08/15/15 02:53,-64.881585,-3.032866
95,08/15/15 06:55,-64.887591,-3.033327
95,08/15/15 08:56,-64.851341,-3.051991
95,08/15/15 17:00,-64.854136,-3.050512
95,08/15/15 19:01,-64.856134,-3.050029
95,08/15/15 21:02,-64.857822,-3.049269
95,08/15/15 23:03,-64.858725,-3.049763
95,08/16/15 01:04,-64.859229,-3.04949
95,08/16/15 03:05,-64.860648,-3.049369
95,08/16/15 05:06,-64.862006,-3.049364
95,08/16/15 07:07,-64.862803,-3.04841
95,08/16/15 09:08,-64.862852,-3.048596
95,08/16/15 11:09,-64.863071,-3.04808
95,08/16/15 13:10,-64.863743,-3.047825
95,08/16/15 15:11,-64.864844,-3.0475
95,08/16/15 17:12,-64.865843,-3.046666
95,08/16/15 19:13,-64.866456,-3.047221
95,08/16/15 21:14,-64.867346,-3.047928
95,08/16/15 23:15,-64.868537,-3.047734
95,08/17/15 01:16,-64.869762,-3.047624
95,08/17/15 03:17,-64.870845,-3.046622
95,08/17/15 05:18,-64.871432,-3.04755
95,08/17/15 07:19,-64.872035,-3.047679
95,08/17/15 09:20,-64.872972,-3.046915
95,08/17/15 11:21,-64.873416,-3.04637
95,08/17/15 13:22,-64.873777,-3.045583
95,08/17/15 15:23,-64.874684,-3.045127
95,08/17/15 17:24,-64.874959,-3.044344
95,08/17/15 19:25,-64.876038,-3.043112
95,08/17/15 21:26,-64.876881,-3.042559
95,08/17/15 23:27,-64.87778,-3.042119
95,08/18/15 01:28,-64.878524,-3.041655
95,08/18/15 03:29,-64.878759,-3.041158
95,08/18/15 05:30,-64.879578,-3.040384
95,08/18/15 07:31,-64.880234,-3.039793
95,08/18/15 09:32,-64.880863,-3.038674
95,08/18/15 11:33,-64.881599,-3.037611
95,08/18/15 13:34,-64.882105,-3.037154
95,08/18/15 15:35,-64.88285,-3.036301
95,08/18/15 17:36,-64.883591,-3.035949
95,08/18/15 19:37,-64.884159,-3.034978
95,08/18/15 21:38,-64.884674,-3.033926
95,08/18/15 23:39,-64.884876,-3.033115
95,08/19/15 01:40,-64.885586,-3.032021
95,08/19/15 03:41,-64.886184,-3.031494
95,08/19/15 05:42,-64.887004,-3.03065
95,08/19/15 07:43,-64.887456,-3.029857
95,08/19/15 09:44,-64.887874,-3.029126
95,08/19/15 11:45,-64.888899,-3.028159
95,08/19/15 13:46,-64.889918,-3.027412
95,08/19/15 15:47,-64.890555,-3.026507
95,08/19/15 17:48,-64.891189,-3.026065
95,08/19/15 19:49,-64.891716,-3.025507
95,08/19/15 21:50,-64.892737,-3.024634
95,08/19/15 23:51,-64.893868,-3.024141
95,08/20/15 01:52,-64.894463,-3.023491
95,08/20/15 03:53,-64.895143,-3.022348
95,08/20/15 05:54,-64.895569,-3.02178
95,08/20/15 07:55,-64.896288,-3.021063
95,08/20/15 09:56,-64.897042,-3.020453
95,08/20/15 11:57,-64.897761,-3.01989
95,08/20/15 13:58,-64.898332,-3.019151
95,08/20/15 15:59,-64.898826,-3.01842
95,08/20/15 18:00,-64.899591,-3.017312
95,08/20/15 20:01,-64.900348,-3.016759
95,08/20/15 22:02,-64.90129,-3.016316
95,08/21/15 00:03,-64.901668,-3.015786
95,08/21/15 02:04,-64.901838,-3.015238
95,08/21/15 04:05,-64.902617,-3.015046
95,08/21/15 06:06,-64.903087,-3.014305
95,08/21/15 08:07,-64.903727,-3.013688
95,08/21/15 10:08,-64.903941,-3.01321
95,08/21/15 12:09,-64.90425,-3.01251
95,08/21/15 14:10,-64.90508,-3.011973
95,08/21/15 16:11,-64.905962,-3.010834
95,08/21/15 18:12,-64.906694,-3.010176
95,08/21/15 20:13,-64.907268,-3.009534
95,08/21/15 22:14,-64.907892,-3.009038
95,08/22/15 00:15,-64.90891,-3.008427
95,08/22/15 02:16,-64.909872,-3.008398
95,08/22/15 04:17,-64.910413,-3.007696
95,08/22/15 06:18,-64.91075,-3.007144
95,08/22/15 08:19,-64.911079,-3.006557
95,08/22/15 10:20,-64.912168,-3.006148
95,08/22/15 12:21,-64.912732,-3.005617
95,08/22/15 14:22,-64.913233,-3.004842
95,08/22/15 16:23,-64.913927,-3.00453
95,08/22/15 18:24,-64.914221,-3.003927
95,08/22/15 20:25,-64.915143,-3.002952
95,08/22/15 22:26,-64.91598,-3.002499
95,08/23/15 00:27,-64.916486,-3.001924
95,08/23/15 02:28,-64.91707,-3.001219
95,08/23/15 04:29,-64.917404,-3.000818
95,08/23/15 06:30,-64.917945,-3.000197
95,08/23/15 08:31,-64.918419,-2.999148
95,08/23/15 10:32,-64.918637,-2.998302
95,08/23/15 12:33,-64.919001,-2.997986
95,08/23/15 14:34,-64.919564,-2.997493
95,08/23/15 16:35,-64.920235,-2.996748
95,08/23/15 18:36,-64.921031,-2.996507
95,08/23/15 20:37,-64.921719,-2.995792
95,08/23/15 22:38,-64.922176,-2.995509
95,08/24/15 00:39,-64.922309,-2.994831
95,08/24/15 02:40,-64.923005,-2.994251
95,08/24/15 04:41,-64.92369,-2.99389
95,08/24/15 06:42,-64.923917,-2.993208
95,08/24/15 08:43,-64.924315,-2.992885
95,08/24/15 10:44,-64.92454,-2.992448
95,08/24/15 12:45,-64.925296,-2.99173
95,08/24/15 14:46,-64.926021,-2.990974
95,08/24/15 16:47,-64.926303,-2.990288
95,08/24/15 18:48,-64.926657,-2.98975
95,08/24/15 20:49,-64.927061,-2.989324
95,08/24/15 22:50,-64.927836,-2.988714
95,08/25/15 00:51,-64.928485,-2.987959
95,08/25/15 02:52,-64.92886,-2.986995
95,08/25/15 04:53,-64.929571,-2.986388
95,08/25/15 06:54,-64.92956,-2.985747
95,08/25/15 08:55,-64.930271,-2.985007
95,08/25/15 10:56,-64.930669,-2.984744
95,08/25/15 12:57,-64.93101,-2.984338
95,08/25/15 14:58,-64.931343,-2.98373
95,08/25/15 16:59,-64.93169,-2.983363
95,08/25/15 19:00,-64.932435,-2.982888
95,08/25/15 21:01,-64.932896,-2.982104
95,08/25/15 23:02,-64.933215,-2.981732
95,08/26/15 01:03,-64.933938,-2.981084
95,08/26/15 03:04,-64.934383,-2.980658
95,08/26/15 05:05,-64.935069,-2.980031
95,08/26/15 07:06,-64.935704,-2.979433
95,08/26/15 09:07,-64.936175,-2.978929
95,08/26/15 11:08,-64.936449,-2.978589
95,08/26/15 13:09,-64.936596,-2.978127
95,08/26/15 15:10,-64.937212,-2.977581
95,08/26/15 17:11,-64.937754,-2.977073
95,08/26/15 19:12,-64.938292,-2.976576
95,08/26/15 21:13,-64.938701,-2.976101
95,08/26/15 23:14,-64.939139,-2.97561
95,08/27/15 01:15,-64.939759,-2.975105
95,08/27/15 03:16,-64.940135,-2.974685
95,08/27/15 05:17,-64.940533,-2.974363
95,08/27/15 07:18,-64.940814,-2.974211
95,08/27/15 09:19,-64.940944,-2.973796
95,08/27/15 11:20,-64.941482,-2.973166
95,08/27/15 13:21,-64.942014,-2.972732
95,08/27/15 15:22,-64.942548,-2.972478
95,08/27/15 17:23,-64.942749,-2.972108
95,08/27/15 19:24,-64.942776,-2.97153
95,08/27/15 21:25,-64.943156,-2.970922
95,08/27/15 23:26,-64.943719,-2.970352
95,08/28/15 01:27,-64.944206,-2.969817
95,08/28/15 03:28,-64.94443,-2.969291
95,08/28/15 05:29,-64.944738,-2.969275
95,08/28/15 07:30,-64.945214,-2.968727
95,08/28/15 09:31,-64.945459,-2.968394
95,08/28/15 11:32,-64.945667,-2.967811
95,08/28/15 13:33,-64.946161,-2.967487
95,08/28/15 15:34,-64.946557,-2.967307
95,08/28/15 17:35,-64.94731,-2.966503
95,08/28/15 19:36,-64.947417,-2.965902
95,08/28/15 21:37,-64.947834,-2.965275
95,08/28/15 23:38,-64.948169,-2.965098
95,08/29/15 01:39,-64.948486,-2.964722
95,08/29/15 03:40,-64.949061,-2.964411
95,08/29/15 05:41,-64.949589,-2.96419
95,08/29/15 07:42,-64.949961,-2.96372
95,08/29/15 09:43,-64.950048,-2.963839
95,08/29/15 11:44,-64.950391,-2.963264
95,08/29/15 13:45,-64.95092,-2.962902
95,08/29/15 15:46,-64.951416,-2.96273
95,08/29/15 17:47,-64.951512,-2.962422
95,08/29/15 19:48,-64.951714,-2.962308
95,08/29/15 21:49,-64.9517,-2.962069
95,08/29/15 23:50,-64.951873,-2.961293
95,08/30/15 01:51,-64.952098,-2.961262
95,08/30/15 03:52,-64.952285,-2.961019
95,08/30/15 05:53,-64.952618,-2.960818
95,08/30/15 07:54,-64.95275,-2.960254
95,08/30/15 09:55,-64.953465,-2.959591
95,08/30/15 11:56,-64.953892,-2.959171
95,08/30/15 13:57,-64.954293,-2.95874
95,08/30/15 15:58,-64.954208,-2.958435
95,08/30/15 17:59,-64.954139,-2.958126
95,08/30/15 20:00,-64.954418,-2.957633
95,08/30/15 22:01,-64.95494,-2.957114
95,08/31/15 00:02,-64.954897,-2.95674
95,08/31/15 02:03,-64.955337,-2.956534
95,08/31/15 04:04,-64.955541,-2.956248
95,08/31/15 06:05,-64.956157,-2.95599
95,08/31/15 08:06,-64.956762,-2.955813
95,08/31/15 10:07,-64.956865,-2.955475
95,08/31/15 12:08,-64.956841,-2.955145
95,08/31/15 14:09,-64.957044,-2.955144
95,08/31/15 16:10,-64.957362,-2.95472
95,08/31/15 18:11,-64.957769,-2.954759
95,08/31/15 20:12,-64.957853,-2.95468
95,08/31/15 22:13,-64.958099,-2.954581
95,09/01/15 00:14,-64.958184,-2.954267
95,09/01/15 02:15,-64.958404,-2.954248
95,09/01/15 04:16,-64.958629,-2.954092
95,09/01/15 06:17,-64.958747,-2.953954
95,09/01/15 08:18,-64.958707,-2.953987
95,09/01/15 10:19,-64.958947,-2.953787
95,09/01/15 12:20,-64.959411,-2.953248
95,09/01/15 14:21,-64.95971,-2.952726
95,09/01/15 16:22,-64.959757,-2.95225
95,09/01/15 18:23,-64.959787,-2.952222
95,09/01/15 20:24,-64.959916,-2.951973
95,09/01/15 22:25,-64.960034,-2.951837
95,09/02/15 00:26,-64.96028,-2.951784
95,09/02/15 02:27,-64.960449,-2.951507
95,09/02/15 04:28,-64.960502,-2.951328
95,09/02/15 06:29,-64.960427,-2.951034
95,09/02/15 08:30,-64.960489,-2.950548
95,09/02/15 10:31,-64.960922,-2.950691
95,09/02/15 12:32,-64.960879,-2.950497
95,09/02/15 14:33,-64.960898,-2.950519
95,09/02/15 16:34,-64.960967,-2.950255
95,09/02/15 18:35,-64.961323,-2.950267
95,09/02/15 20:36,-64.961584,-2.950201
95,09/02/15 22:37,-64.96157,-2.950085
95,09/03/15 00:38,-64.961593,-2.949755
95,09/03/15 02:39,-64.961774,-2.949805
95,09/03/15 04:40,-64.961754,-2.949752
95,09/03/15 06:41,-64.961721,-2.949562
95,09/03/15 08:42,-64.961745,-2.949064
95,09/03/15 10:43,-64.961778,-2.948851
95,09/03/15 12:44,-64.961856,-2.948835
95,09/03/15 14:45,-64.96197,-2.948629
95,09/03/15 16:46,-64.962092,-2.948454
95,09/03/15 18:47,-64.962219,-2.94832
95,09/03/15 20:48,-64.962336,-2.948272
95,09/03/15 22:49,-64.962555,-2.948705
95,09/04/15 00:50,-64.962518,-2.948421
95,09/04/15 02:51,-64.962978,-2.948361
95,09/04/15 04:52,-64.963106,-2.948039
95,09/04/15 06:53,-64.963248,-2.948165
95,09/04/15 08:54,-64.963515,-2.94819
95,09/04/15 10:55,-64.963862,-2.948014
95,09/04/15 12:56,-64.963984,-2.947818
95,09/04/15 14:57,-64.964163,-2.947983
95,09/04/15 16:58,-64.964101,-2.948098
95,09/04/15 18:59,-64.964082,-2.947895
95,09/04/15 21:00,-64.964333,-2.947889
95,09/04/15 23:01,-64.964578,-2.947569
95,09/05/15 01:02,-64.964189,-2.947443
95,09/05/15 03:03,-64.964365,-2.947547
95,09/05/15 05:04,-64.964474,-2.947386
95,09/05/15 07:05,-64.964531,-2.947288
95,09/05/15 09:06,-64.964773,-2.947409
95,09/05/15 11:07,-64.964863,-2.947464
95,09/05/15 13:08,-64.964793,-2.947667
95,09/05/15 15:09,-64.964699,-2.947607
95,09/05/15 17:10,-64.964945,-2.947125
95,09/05/15 19:11,-64.965137,-2.94726
95,09/05/15 21:12,-64.965336,-2.947068
95,09/05/15 23:13,-64.965395,-2.946866
95,09/06/15 01:14,-64.965407,-2.947073
95,09/06/15 03:15,-64.965527,-2.946991
95,09/06/15 05:16,-64.965751,-2.946997
95,09/06/15 07:17,-64.96575,-2.946943
95,09/06/15 09:18,-64.965647,-2.947105
95,09/06/15 11:19,-64.965773,-2.947078
95,09/06/15 13:20,-64.965733,-2.947024
95,09/06/15 15:21,-64.965766,-2.947117
95,09/06/15 17:22,-64.965609,-2.947013
95,09/06/15 19:23,-64.965398,-2.947146
95,09/06/15 21:24,-64.965446,-2.946932
95,09/06/15 23:25,-64.965626,-2.946808
95,09/07/15 01:26,-64.965509,-2.946917
95,09/07/15 03:27,-64.965221,-2.946819
95,09/07/15 05:28,-64.964824,-2.946605
95,09/07/15 07:29,-64.964732,-2.946729
95,09/07/15 09:30,-64.964894,-2.94705
95,09/07/15 11:31,-64.964972,-2.946753
95,09/07/15 13:32,-64.964834,-2.946848
95,09/07/15 15:33,-64.964647,-2.946683
95,09/07/15 17:34,-64.964461,-2.946892
95,09/07/15 19:35,-64.964584,-2.947061
95,09/07/15 21:36,-64.964873,-2.947034
95,09/07/15 23:37,-64.965304,-2.94692
95,09/08/15 01:38,-64.965148,-2.947185
95,09/08/15 03:39,-64.965252,-2.947712
95,09/08/15 05:40,-64.965551,-2.947875
95,09/08/15 07:41,-64.965894,-2.947617
95,09/08/15 09:42,-64.965475,-2.947513
95,09/08/15 11:43,-64.965458,-2.947779
95,09/08/15 13:44,-64.965487,-2.947864
95,09/08/15 15:45,-64.965373,-2.947843
95,09/08/15 17:46,-64.965252,-2.947783
95,09/08/15 19:47,-64.96516,-2.947655
95,09/08/15 21:48,-64.965357,-2.948013
95,09/08/15 23:49,-64.965277,-2.94832
95,09/09/15 01:50,-64.965357,-2.948389
95,09/09/15 03:51,-64.96539,-2.948339
95,09/09/15 05:52,-64.965512,-2.948489
95,09/09/15 07:53,-64.965176,-2.948467
95,09/09/15 09:54,-64.965179,-2.948992
95,09/09/15 11:55,-64.965379,-2.94882
95,09/09/15 13:56,-64.965349,-2.948946
95,09/09/15 15:57,-64.965175,-2.948883
95,09/09/15 17:58,-64.964997,-2.9492
95,09/09/15 19:59,-64.964857,-2.949539
95,09/09/15 22:00,-64.964964,-2.949561
95,09/10/15 00:01,-64.964755,-2.949659
95,09/10/15 02:02,-64.964535,-2.949667
95,09/10/15 04:03,-64.964335,-2.950145
95,09/10/15 06:04,-64.964364,-2.949888
95,09/10/15 08:05,-64.964499,-2.949933
95,09/10/15 10:06,-64.964439,-2.950317
95,09/10/15 12:07,-64.963961,-2.950833
95,09/10/15 14:08,-64.963785,-2.95107
95,09/10/15 16:09,-64.963499,-2.951169
95,09/10/15 18:10,-64.963336,-2.95124
95,09/10/15 20:11,-64.963418,-2.951587
95,09/10/15 22:12,-64.963156,-2.951806
95,09/11/15 00:13,-64.962875,-2.952177
95,09/11/15 02:14,-64.962945,-2.952487
95,09/11/15 04:15,-64.963104,-2.952453
95,09/11/15 06:16,-64.963161,-2.953148
95,09/11/15 08:17,-64.962888,-2.953379
95,09/11/15 10:18,-64.962716,-2.953688
95,09/11/15 12:19,-64.962792,-2.953615
95,09/11/15 14:20,-64.962797,-2.95374
95,09/11/15 16:21,-64.962904,-2.954174
95,09/11/15 18:22,-64.962779,-2.954406
95,09/11/15 20:23,-64.962234,-2.954911
95,09/11/15 22:24,-64.96241,-2.955317
95,09/12/15 00:25,-64.962359,-2.955721
95,09/12/15 02:26,-64.962215,-2.956205
95,09/12/15 04:27,-64.961897,-2.956488
95,09/12/15 06:28,-64.96155,-2.95667
95,09/12/15 08:29,-64.961591,-2.956687
95,09/12/15 10:30,-64.961419,-2.956887
95,09/12/15 12:31,-64.961045,-2.957104
95,09/12/15 14:32,-64.960539,-2.957309
95,09/12/15 16:33,-64.960162,-2.95741
95,09/12/15 18:34,-64.960381,-2.95784
95,09/12/15 20:35,-64.960699,-2.958033
95,09/12/15 22:36,-64.960653,-2.958388
95,09/13/15 00:37,-64.96064,-2.958768
95,09/13/15 02:38,-64.960589,-2.959346
95,09/13/15 04:39,-64.960301,-2.959779
95,09/13/15 06:40,-64.959994,-2.959935
95,09/13/15 08:41,-64.959894,-2.960462
95,09/13/15 10:42,-64.959705,-2.960716
95,09/13/15 12:43,-64.95929,-2.961016
95,09/13/15 14:44,-64.959172,-2.961436
95,09/13/15 16:45,-64.958957,-2.961509
95,09/13/15 18:46,-64.959071,-2.96207
95,09/13/15 20:47,-64.958753,-2.962312
95,09/13/15 22:48,-64.958457,-2.962703
95,09/14/15 00:49,-64.958395,-2.962864
95,09/14/15 02:50,-64.958367,-2.963073
95,09/14/15 04:51,-64.958227,-2.963591
95,09/14/15 06:52,-64.957921,-2.963779
95,09/14/15 08:53,-64.95765,-2.964182
95,09/14/15 10:54,-64.95772,-2.964331
95,09/14/15 12:55,-64.957544,-2.96464
95,09/14/15 14:56,-64.957585,-2.965092
95,09/14/15 16:57,-64.95708,-2.965319
95,09/14/15 18:58,-64.956739,-2.965651
95,09/14/15 20:59,-64.956821,-2.965812
95,09/14/15 23:00,-64.956884,-2.965799
95,09/15/15 01:01,-64.956539,-2.966171
95,09/15/15 03:02,-64.956127,-2.966663
95,09/15/15 05:03,-64.955453,-2.966881
95,09/15/15 07:04,-64.95539,-2.96695
95,09/15/15 09:05,-64.955254,-2.967068
95,09/15/15 11:06,-64.954978,-2.967575
95,09/15/15 13:07,-64.954469,-2.967851
95,09/15/15 15:08,-64.953963,-2.968106
95,09/15/15 17:09,-64.954169,-2.968295
95,09/15/15 19:10,-64.953921,-2.968475
95,09/15/15 21:11,-64.953994,-2.969309
95,09/15/15 23:12,-64.954,-2.969461
95,09/16/15 01:13,-64.953255,-2.970024
95,09/16/15 03:14,-64.952946,-2.970197
95,09/16/15 05:15,-64.952936,-2.970598
95,09/16/15 07:16,-64.952327,-2.971154
95,09/16/15 09:17,-64.952013,-2.971548
95,09/16/15 11:18,-64.951589,-2.97222
95,09/16/15 13:19,-64.951243,-2.972431
95,09/16/15 15:20,-64.951072,-2.972728
95,09/16/15 17:21,-64.951009,-2.973123
95,09/16/15 19:22,-64.950395,-2.973906
95,09/16/15 21:23,-64.949925,-2.974674
95,09/16/15 23:24,-64.94977,-2.975327
95,09/17/15 01:25,-64.949519,-2.975753
95,09/17/15 03:26,-64.949348,-2.976529
95,09/17/15 05:27,-64.948774,-2.977084
95,09/17/15 07:28,-64.948313,-2.977464
95,09/17/15 09:29,-64.948183,-2.978155
95,09/17/15 11:30,-64.947624,-2.978446
95,09/17/15 13:31,-64.947443,-2.978886
95,09/17/15 15:32,-64.947162,-2.979629
95,09/17/15 17:33,-64.946655,-2.980241
95,09/17/15 19:34,-64.946602,-2.980596
95,09/17/15 21:35,-64.946391,-2.981044
95,09/17/15 23:36,-64.946045,-2.981781
95,09/18/15 01:37,-64.945635,-2.98238
95,09/18/15 03:38,-64.945028,-2.983118
95,09/18/15 05:39,-64.944562,-2.98347
95,09/18/15 07:40,-64.944243,-2.98345
95,09/18/15 09:41,-64.944113,-2.984085
95,09/18/15 11:42,-64.943255,-2.984771
95,09/18/15 13:43,-64.942703,-2.985708
95,09/18/15 15:44,-64.942539,-2.985896
95,09/18/15 17:45,-64.942023,-2.986559
95,09/18/15 19:46,-64.941696,-2.987005
95,09/18/15 21:47,-64.941263,-2.987366
95,09/18/15 23:48,-64.940581,-2.987901
95,09/19/15 01:49,-64.940678,-2.988014
95,09/19/15 03:50,-64.939994,-2.988662
95,09/19/15 05:51,-64.939483,-2.98964
95,09/19/15 07:52,-64.938993,-2.990163
95,09/19/15 09:53,-64.938402,-2.990848
95,09/19/15 11:54,-64.938245,-2.991697
95,09/19/15 13:55,-64.937683,-2.992086
95,09/19/15 15:56,-64.937047,-2.992812
95,09/19/15 17:57,-64.936427,-2.993245
95,09/19/15 19:58,-64.935785,-2.993893
95,09/19/15 21:59,-64.935556,-2.994469
95,09/20/15 00:00,-64.935404,-2.995326
95,09/20/15 02:01,-64.934887,-2.996111
95,09/20/15 04:02,-64.934282,-2.996179
95,09/20/15 06:03,-64.93414,-2.996731
95,09/20/15 08:04,-64.933915,-2.996978
95,09/20/15 10:05,-64.933653,-2.997242
95,09/20/15 12:06,-64.933399,-2.998235
95,09/20/15 14:07,-64.932812,-2.998867
95,09/20/15 16:08,-64.932317,-2.999522
95,09/20/15 18:09,-64.93213,-3.0
95,09/20/15 20:10,-64.931606,-3.000785
95,09/20/15 22:11,-64.931403,-3.001935
95,09/21/15 00:12,-64.930661,-3.002593
95,09/21/15 02:13,-64.930239,-3.003314
95,09/21/15 04:14,-64.929607,-3.003784
95,09/21/15 06:15,-64.929067,-3.004346
95,09/21/15 08:16,-64.928548,-3.005233
95,09/21/15 10:17,-64.928172,-3.00597
95,09/21/15 12:18,-64.927396,-3.006696
95,09/21/15 14:19,-64.927367,-3.00714
95,09/21/15 16:20,-64.926718,-3.007712
95,09/21/15 18:21,-64.926278,-3.008268
95,09/21/15 20:22,-64.925557,-3.00874
95,09/21/15 22:23,-64.924971,-3.009382
95,09/22/15 00:24,-64.924713,-3.009861
95,09/22/15 02:25,-64.92458,-3.010674
95,09/22/15 04:26,-64.924092,-3.011623
95,09/22/15 06:27,-64.923134,-3.012527
95,09/22/15 08:28,-64.922533,-3.013309
95,09/22/15 10:29,-64.922451,-3.013778
95,09/22/15 12:30,-64.922182,-3.014454
95,09/22/15 14:31,-64.921998,-3.01535
95,09/22/15 16:32,-64.921357,-3.016205
95,09/22/15 18:33,-64.92069,-3.016955
95,09/22/15 20:34,-64.920442,-3.01731
95,09/22/15 22:35,-64.919851,-3.017742
95,09/23/15 00:36,-64.9195,-3.018615
95,09/23/15 02:37,-64.918575,-3.019347
95,09/23/15 04:38,-64.917648,-3.01991
95,09/23/15 06:39,-64.917233,-3.020999
95,09/23/15 08:40,-64.916716,-3.0217
95,09/23/15 10:41,-64.916276,-3.022323
95,09/23/15 12:42,-64.915579,-3.022932
95,09/23/15 14:43,-64.91465,-3.023788
95,09/23/15 16:44,-64.914149,-3.024425
95,09/23/15 18:45,-64.913617,-3.024916
95,09/23/15 20:46,-64.912815,-3.025607
95,09/23/15 22:47,-64.912297,-3.026522
95,09/24/15 00:48,-64.91185,-3.027306
95,09/24/15 02:49,-64.911249,-3.027704
95,09/24/15 04:50,-64.910813,-3.028078
95,09/24/15 06:51,-64.910176,-3.028644
95,09/24/15 08:52,-64.909563,-3.029523
95,09/24/15 10:53,-64.909023,-3.030155
95,09/24/15 12:54,-64.908504,-3.030534
95,09/24/15 14:55,-64.907919,-3.030931
95,09/24/15 16:56,-64.907421,-3.032135
95,09/24/15 18:57,-64.906921,-3.032648
95,09/24/15 20:58,-64.906078,-3.033869
95,09/24/15 22:59,-64.905572,-3.03449
95,09/25/15 01:00,-64.904954,-3.034875
95,09/25/15 03:01,-64.904485,-3.035531
95,09/25/15 05:02,-64.903457,-3.036433
95,09/25/15 07:03,-64.902644,-3.037538
95,09/25/15 09:04,-64.902239,-3.037952
95,09/25/15 11:05,-64.901444,-3.038832
95,09/25/15 13:06,-64.900896,-3.039801
95,09/25/15 15:07,-64.900172,-3.040738
95,09/25/15 17:08,-64.89943,-3.041783
95,09/25/15 19:09,-64.899304,-3.042486
95,09/25/15 21:10,-64.898993,-3.043189
95,09/25/15 23:11,-64.898594,-3.044139
95,09/26/15 01:12,-64.89762,-3.045283
