93,2014-03-14 00:00:00,-64.877105,-3.038134999999997
93,2014-03-14 04:00:00,-64.877105,-3.038135
93,2014-03-14 06:00:00,-64.876807,-3.038255000000002
93,2014-03-14 10:02:00,-64.876807,-3.038255
93,2014-03-14 12:00:00,-64.877153,-3.0380900000000004
93,2014-03-14 16:00:00,-64.877153,-3.03809
93,2014-03-14 18:00:00,-64.877072,-3.0382100000000025
93,2014-03-14 22:00:00,-64.877072,-3.03821
93,2014-03-15 00:00:00,-64.86418790693406,-3.046263573311361
93,2014-03-15 06:00:00,-64.885507,-3.0331580000000016
93,2014-03-15 10:01:00,-64.885507,-3.033158
93,2014-03-15 12:00:00,-64.86434629644525,-3.0461819175187896
93,2014-03-15 18:00:00,-64.887686,-3.031688000000005
93,2014-03-15 22:00:00,-64.887686,-3.031688
93,2014-03-16 00:00:00,-64.887788,-3.0315430000000028
93,2014-03-16 04:00:00,-64.887788,-3.031543
93,2014-03-16 06:00:00,-64.888473,-3.031137000000001
93,2014-03-16 10:00:00,-64.888473,-3.031137
93,2014-03-16 12:00:00,-64.86439350244517,-3.046172793166675
93,2014-03-16 18:00:00,-64.888699,-3.0310629999999974
93,2014-03-16 22:00:00,-64.888699,-3.031063
93,2014-03-17 00:00:00,-64.888955,-3.032310000000007
93,2014-03-17 04:00:00,-64.888955,-3.03231
93,2014-03-17 06:00:00,-64.886187,-3.033822000000002
93,2014-03-17 10:01:00,-64.886187,-3.033822
93,2014-03-17 12:00:00,-64.86434779622972,-3.046073407753869
93,2014-03-17 18:00:00,-64.886215,-3.0330629999999927
93,2014-03-17 22:00:00,-64.886215,-3.033063
93,2014-03-18 00:00:00,-64.879131,-3.038117000000006
93,2014-03-18 04:02:00,-64.879131,-3.038117
93,2014-03-18 06:00:00,-64.858988,-3.055827
93,2014-03-18 10:01:00,-64.858988,-3.055827
93,2014-03-18 12:00:00,-64.860149,-3.0611579999999923
93,2014-03-18 16:01:00,-64.860149,-3.061158
93,2014-03-18 18:00:00,-64.86442148811805,-3.045774884940305
93,2014-03-19 00:00:00,-64.86430727605708,-3.0457208299433054
93,2014-03-19 06:00:00,-64.856348,-3.0652760000000043
93,2014-03-19 10:00:00,-64.856348,-3.065276
93,2014-03-19 12:00:00,-64.86439355224195,-3.045711637673877
93,2014-03-19 18:00:00,-64.86427012675118,-3.045693767741249
93,2014-03-20 00:00:00,-64.856865,-3.065576
93,2014-03-20 04:00:00,-64.856865,-3.065576
93,2014-03-20 06:00:00,-64.858464,-3.063363999999997
93,2014-03-20 10:00:00,-64.858464,-3.063364
93,2014-03-20 12:00:00,-64.858319,-3.061604000000003
93,2014-03-20 16:01:00,-64.858319,-3.061604
93,2014-03-20 18:00:00,-64.86438930492025,-3.045693560532895
93,2014-03-21 00:00:00,-64.86420344842922,-3.045657714609768
93,2014-03-21 06:00:00,-64.85287,-3.053182000000004
93,2014-03-21 10:01:00,-64.85287,-3.053182
93,2014-03-21 12:00:00,-64.852853,-3.053228000000006
93,2014-03-21 16:01:00,-64.852853,-3.053228
93,2014-03-21 18:00:00,-64.852804,-3.053294999999996
93,2014-03-21 22:01:00,-64.852804,-3.053295
93,2014-03-22 00:00:00,-64.854644,-3.051432000000006
93,2014-03-22 04:00:00,-64.854644,-3.051432
93,2014-03-22 06:00:00,-64.845433,-3.041537999999999
93,2014-03-22 10:01:00,-64.845433,-3.041538
93,2014-03-22 12:00:00,-64.845734,-3.040910000000006
93,2014-03-22 16:01:00,-64.845734,-3.04091
93,2014-03-22 18:00:00,-64.846087,-3.040576000000007
93,2014-03-22 22:02:00,-64.846087,-3.040576
93,2014-03-23 00:00:00,-64.84413,-3.0316780000000043
93,2014-03-23 04:00:00,-64.84413,-3.031678
93,2014-03-23 06:00:00,-64.86393771952626,-3.0454321199161907
93,2014-03-23 12:00:00,-64.832733,-3.056606999999993
93,2014-03-23 16:00:00,-64.832733,-3.056607
93,2014-03-23 18:00:00,-64.832657,-3.0566870000000006
93,2014-03-23 22:01:00,-64.832657,-3.056687
93,2014-03-25 00:00:00,-64.848737,-3.022773999999993
93,2014-03-25 04:01:00,-64.848737,-3.022774
93,2014-03-25 06:00:00,-64.867467,-2.982190999999992
93,2014-03-25 10:00:00,-64.867467,-2.982191
93,2014-03-25 12:00:00,-64.867225,-2.9820619999999924
93,2014-03-25 16:00:00,-64.867225,-2.982062
93,2014-03-25 18:00:00,-64.867833,-2.9821339999999985
93,2014-03-25 22:01:00,-64.867833,-2.982134
93,2014-03-26 00:00:00,-64.823602825731,-3.0797633794064594
93,2014-03-26 06:00:00,-64.841446,-2.967678999999999
93,2014-03-26 10:00:00,-64.841446,-2.967679
93,2014-03-26 12:00:00,-64.841179,-2.978839999999994
93,2014-03-26 16:01:00,-64.841179,-2.97884
93,2014-03-26 18:00:00,-64.841174,-2.978938999999997
93,2014-03-26 22:01:00,-64.841174,-2.978939
93,2014-03-27 00:00:00,-64.850137,-2.986541999999999
93,2014-03-27 04:03:00,-64.850137,-2.986542
93,2014-03-27 06:00:00,-64.82375307199051,-3.078524303392115
93,2014-03-27 12:00:00,-64.82001,-3.0268230000000003
93,2014-03-27 16:01:00,-64.82001,-3.026823
93,2014-03-27 18:00:00,-64.82394877754567,-3.0779000369533644
93,2014-03-28 00:00:00,-64.82389164683165,-3.077529394125799
93,2014-03-28 06:00:00,-64.793374,-3.070651000000004
93,2014-03-28 10:00:00,-64.793374,-3.070651
93,2014-03-28 12:00:00,-64.788907,-3.0757089999999927
93,2014-03-28 16:01:00,-64.788907,-3.075709
93,2014-03-28 18:00:00,-64.788864,-3.0757690000000064
93,2014-03-28 22:00:00,-64.788864,-3.075769
93,2014-03-29 00:00:00,-64.800494,-3.070018999999993
93,2014-03-29 04:03:00,-64.800494,-3.070019
93,2014-03-29 06:00:00,-64.800122,-3.077272000000004
93,2014-03-29 10:02:00,-64.800122,-3.077272
93,2014-03-29 12:00:00,-64.80080100000002,-3.077138000000001
93,2014-03-29 16:03:00,-64.800801,-3.077138
93,2014-03-29 18:00:00,-64.801697,-3.0793449999999924
93,2014-03-29 22:01:00,-64.801697,-3.079345
93,2014-03-30 00:00:00,-64.800423,-3.0854919999999924
93,2014-03-30 04:02:00,-64.800423,-3.085492
93,2014-03-30 06:00:00,-64.82433912398649,-3.077347775753153
93,2014-03-30 12:00:00,-64.8242659469528,-3.0772936467638603
93,2014-03-30 18:00:00,-64.8240976674786,-3.07718542643838
93,2014-03-31 00:00:00,-64.793741,-3.096356000000004
93,2014-03-31 04:00:00,-64.793741,-3.096356
93,2014-03-31 06:00:00,-64.79386,-3.107162999999997
93,2014-03-31 10:01:00,-64.79386,-3.107163
93,2014-03-31 12:00:00,-64.82415368659959,-3.07706777814454
93,2014-03-31 18:00:00,-64.794894,-3.1052539999999937
93,2014-03-31 22:00:00,-64.794894,-3.105254
93,2014-04-01 00:00:00,-64.78957,-3.0945970000000025
93,2014-04-01 04:01:00,-64.78957,-3.094597
93,2014-04-01 06:00:00,-64.796758,-3.0867419999999983
93,2014-04-01 10:02:00,-64.796758,-3.086742
93,2014-04-01 12:00:00,-64.796756,-3.0865839999999936
93,2014-04-01 16:02:00,-64.796756,-3.086584
93,2014-04-01 18:00:00,-64.82435607084396,-3.077230194619143
93,2014-04-02 00:00:00,-64.82421916211447,-3.077221387478472
93,2014-04-02 06:00:00,-64.803615,-3.0966349999999925
93,2014-04-02 10:01:00,-64.803615,-3.096635
93,2014-04-02 12:00:00,-64.803457,-3.098496999999997
93,2014-04-02 16:01:00,-64.803457,-3.098497
93,2014-04-02 18:00:00,-64.82431562390013,-3.077248349066109
93,2014-04-03 00:00:00,-64.80283,-3.1151639999999943
93,2014-04-03 04:03:00,-64.80283,-3.115164
93,2014-04-03 06:00:00,-64.801826,-3.110866000000002
93,2014-04-03 10:02:00,-64.801826,-3.110866
93,2014-04-03 12:00:00,-64.801627,-3.1105229999999944
93,2014-04-03 16:01:00,-64.801627,-3.110523
93,2014-04-03 18:00:00,-64.801564,-3.1100459999999908
93,2014-04-03 22:01:00,-64.801564,-3.110046
93,2014-04-04 00:00:00,-64.82462685356958,-3.07744674818982
93,2014-04-04 06:00:00,-64.806337,-3.097308000000006
93,2014-04-04 10:00:00,-64.806337,-3.097308
93,2014-04-04 12:00:00,-64.83186600000002,-3.098837999999992
93,2014-04-04 16:01:00,-64.831866,-3.098838
93,2014-04-04 18:00:00,-64.82486705033557,-3.0780250525870465
93,2014-04-05 00:00:00,-64.833393,-3.1035969999999966
93,2014-04-05 04:01:00,-64.833393,-3.103597
93,2014-04-05 06:00:00,-64.84539000000001,-3.0962139999999976
93,2014-04-05 10:01:00,-64.84539,-3.096214
93,2014-04-05 12:00:00,-64.857759,-3.0881290000000075
93,2014-04-05 16:02:00,-64.857759,-3.088129
93,2014-04-05 18:00:00,-64.856116,-3.0881720000000032
93,2014-04-05 22:03:00,-64.856116,-3.088172
93,2014-04-06 00:00:00,-64.82510801383187,-3.078558143161424
93,2014-04-06 06:00:00,-64.865837,-3.090578000000002
93,2014-04-06 10:02:00,-64.865837,-3.090578
93,2014-04-06 12:00:00,-64.82503934959077,-3.078513048993897
93,2014-04-06 18:00:00,-64.859979,-3.0822530000000063
93,2014-04-06 22:01:00,-64.859979,-3.082253
93,2014-04-07 00:00:00,-64.8250276205474,-3.078558281461778
93,2014-04-07 06:00:00,-64.862329,-3.071715000000004
93,2014-04-07 10:01:00,-64.862329,-3.071715
93,2014-04-07 12:00:00,-64.862281,-3.0718489999999936
93,2014-04-07 16:00:00,-64.862281,-3.071849
93,2014-04-07 18:00:00,-64.82501136319179,-3.07858543680342
93,2014-04-08 00:00:00,-64.866634,-3.080211000000003
93,2014-04-08 04:02:00,-64.866634,-3.080211
93,2014-04-08 06:00:00,-64.82501505224894,-3.0784407511246505
93,2014-04-08 12:00:00,-64.82508851049786,-3.0784948795080944
93,2014-04-08 18:00:00,-64.866634,-3.093862000000008
93,2014-04-08 22:01:00,-64.866634,-3.093862
93,2014-04-09 00:00:00,-64.865546,-3.094265000000001
93,2014-04-09 04:02:00,-64.865546,-3.094265
93,2014-04-09 06:00:00,-64.86557,-3.094415000000002
93,2014-04-09 10:01:00,-64.86557,-3.094415
93,2014-04-09 12:00:00,-64.8655,-3.094052000000004
93,2014-04-09 16:02:00,-64.8655,-3.094052
93,2014-04-09 18:00:00,-64.865386,-3.0941049999999977
93,2014-04-09 22:02:00,-64.865386,-3.094105
93,2014-04-10 00:00:00,-64.855249,-3.097182000000006
93,2014-04-10 04:00:00,-64.855249,-3.097182
93,2014-04-10 06:00:00,-64.852852,-3.095017
93,2014-04-10 10:00:00,-64.852852,-3.095017
93,2014-04-10 12:00:00,-64.82506108629353,-3.0785672663495336
93,2014-04-10 18:00:00,-64.855251,-3.092935000000004
93,2014-04-10 22:01:00,-64.855251,-3.092935
93,2014-04-11 00:00:00,-64.842296,-3.0961819999999936
93,2014-04-11 04:01:00,-64.842296,-3.096182
93,2014-04-11 06:00:00,-64.821983,-3.094636999999998
93,2014-04-11 10:01:00,-64.821983,-3.094637
93,2014-04-11 12:00:00,-64.824996,-3.0995399999999966
93,2014-04-11 16:02:00,-64.824996,-3.09954
93,2014-04-11 18:00:00,-64.825025,-3.0993510000000084
93,2014-04-11 22:02:00,-64.825025,-3.099351
93,2014-04-12 00:00:00,-64.8246312350524,-3.07770897200744
93,2014-04-12 06:00:00,-64.82438465718283,-3.077510461792793
93,2014-04-12 12:00:00,-64.80830200000001,-3.0849400000000005
93,2014-04-12 16:01:00,-64.808302,-3.08494
93,2014-04-12 18:00:00,-64.808277,-3.0847809999999947
93,2014-04-12 22:01:00,-64.808277,-3.084781
93,2014-04-13 00:00:00,-64.809093,-3.081388000000004
93,2014-04-13 04:00:00,-64.809093,-3.081388
93,2014-04-13 06:00:00,-64.811703,-3.072262000000003
93,2014-04-13 10:00:00,-64.811703,-3.072262
93,2014-04-13 12:00:00,-64.808869,-3.075243000000001
93,2014-04-13 16:01:00,-64.808869,-3.075243
93,2014-04-13 18:00:00,-64.808729,-3.075271999999996
93,2014-04-13 22:00:00,-64.808729,-3.075272
93,2014-04-14 00:00:00,-64.82420194527192,-3.077510775871631
93,2014-04-14 06:00:00,-64.807435,-3.0780629999999984
93,2014-04-14 10:01:00,-64.807435,-3.078063
93,2014-04-14 12:00:00,-64.808378,-3.075946999999993
93,2014-04-14 16:02:00,-64.808378,-3.075947
93,2014-04-14 18:00:00,-64.808414,-3.075808999999994
93,2014-04-14 22:01:00,-64.808414,-3.075809
93,2014-04-15 00:00:00,-64.80717600000001,-3.078030999999998
93,2014-04-15 04:00:00,-64.807176,-3.078031
93,2014-04-15 06:00:00,-64.807179,-3.0780190000000016
93,2014-04-15 10:00:00,-64.807179,-3.078019
93,2014-04-16 06:00:00,-64.806998,-3.0782889999999914
93,2014-04-16 10:01:00,-64.806998,-3.078289
93,2014-04-17 00:00:00,-64.807231,-3.0777810000000048
93,2014-04-17 04:00:00,-64.807231,-3.077781
93,2014-04-17 06:00:00,-64.807336,-3.0777459999999928
93,2014-04-17 10:01:00,-64.807336,-3.077746
93,2014-04-17 12:00:00,-64.80843100000001,-3.075678999999995
93,2014-04-17 16:02:00,-64.808431,-3.075679
93,2014-04-17 18:00:00,-64.808336,-3.0755409999999936
93,2014-04-17 22:02:00,-64.808336,-3.075541
93,2014-04-18 00:00:00,-64.80736,-3.077741999999999
93,2014-04-18 04:01:00,-64.80736,-3.077742
93,2014-04-18 06:00:00,-64.80718,-3.077818000000001
93,2014-04-18 10:02:00,-64.80718,-3.077818
93,2014-04-18 18:00:00,-64.808442,-3.075496000000006
93,2014-04-18 22:02:00,-64.808442,-3.075496
93,2014-04-19 00:00:00,-64.807593,-3.077902000000006
93,2014-04-19 04:00:00,-64.807593,-3.077902
93,2014-04-19 06:00:00,-64.808151,-3.076128000000002
93,2014-04-19 10:02:00,-64.808151,-3.076128
93,2014-04-19 18:00:00,-64.808377,-3.0756259999999966
93,2014-04-19 22:01:00,-64.808377,-3.075626
93,2014-04-20 00:00:00,-64.808895,-3.075260000000002
93,2014-04-20 04:00:00,-64.808895,-3.07526
93,2014-04-20 06:00:00,-64.807283,-3.077609000000004
93,2014-04-20 10:01:00,-64.807283,-3.077609
93,2014-04-20 12:00:00,-64.802478,-3.073035999999993
93,2014-04-20 16:01:00,-64.802478,-3.073036
93,2014-04-21 04:00:00,-64793.0,-3.078133
93,2014-04-21 06:00:00,-64.793052,-3.0780949999999923
93,2014-04-21 10:01:00,-64.793052,-3.078095
93,2014-04-21 18:00:00,-64.791711,-3.0836039999999945
93,2014-04-21 22:00:00,-64.791711,-3.083604
93,2014-04-22 00:00:00,-64.788267,-3.0901549999999967
93,2014-04-22 04:01:00,-64.788267,-3.090155
93,2014-04-22 06:00:00,-64.783974,-3.099092
93,2014-04-22 10:01:00,-64.783974,-3.099092
93,2014-04-22 12:00:00,-64.784014,-3.0990700000000024
93,2014-04-22 16:00:00,-64.784014,-3.09907
93,2014-04-22 18:00:00,-64.784149,-3.099117000000008
93,2014-04-22 22:01:00,-64.784149,-3.099117
93,2014-04-23 00:00:00,-64.789089,-3.100054999999992
93,2014-04-23 04:00:00,-64.789089,-3.100055
93,2014-04-23 06:00:00,-64.788877,-3.099904999999997
93,2014-04-23 10:00:00,-64.788877,-3.099905
93,2014-04-23 18:00:00,-64.790261,-3.0928079999999976
93,2014-04-23 22:02:00,-64.790261,-3.092808
93,2014-04-24 00:00:00,-64.783949,-3.0904759999999936
93,2014-04-24 04:02:00,-64.783949,-3.090476
93,2014-04-24 06:00:00,-64.789562,-3.074050999999996
93,2014-04-24 10:00:00,-64.789562,-3.074051
93,2014-04-24 18:00:00,-64.795727,-3.065477999999997
93,2014-04-24 22:00:00,-64.795727,-3.065478
93,2014-04-25 06:00:00,-64.811569,-3.037831000000002
93,2014-04-25 10:01:00,-64.811569,-3.037831
93,2014-04-26 00:00:00,-64.841961,-3.028397999999992
93,2014-04-26 04:03:00,-64.841961,-3.028398
93,2014-04-26 06:00:00,-64.855123,-2.9895649999999976
93,2014-04-26 10:01:00,-64.855123,-2.989565
93,2014-04-26 12:00:00,-64.846483,-2.9825230000000005
93,2014-04-26 16:00:00,-64.846483,-2.982523
93,2014-04-27 06:00:00,-64.833818,-2.977842000000006
93,2014-04-27 10:02:00,-64.833818,-2.977842
93,2014-04-27 18:00:00,-64.833806,-2.9777539999999947
93,2014-04-27 22:02:00,-64.833806,-2.977754
93,2014-04-28 06:00:00,-64.837177,-2.992250000000004
93,2014-04-28 10:02:00,-64.837177,-2.99225
93,2014-04-30 00:00:00,-64.837569,-2.9997460000000014
93,2014-04-30 04:01:00,-64.837569,-2.999746
93,2014-04-30 06:00:00,-64.834909,-2.981648999999998
93,2014-04-30 10:02:00,-64.834909,-2.981649
93,2014-04-30 12:00:00,-64.833409,-2.979756000000008
93,2014-04-30 16:01:00,-64.833409,-2.979756
93,2014-04-30 18:00:00,-64.833453,-2.979476000000007
93,2014-04-30 22:00:00,-64.833453,-2.979476
93,2014-05-01 00:00:00,-64.82895,-2.979175000000008
93,2014-05-01 04:01:00,-64.82895,-2.979175
93,2014-05-01 16:00:00,-64831.0,-2988.0
93,2014-05-01 18:00:00,-64.830896,-2.9878669999999943
93,2014-05-01 22:01:00,-64.830896,-2.987867
93,2014-05-02 00:00:00,-64.832618,-2.9902720000000067
93,2014-05-02 04:00:00,-64.832618,-2.990272
93,2014-05-02 06:00:00,-64.83543,-2.988845000000005
93,2014-05-02 10:02:00,-64.83543,-2.988845
93,2014-05-02 12:00:00,-64.835626,-2.989116999999996
93,2014-05-02 16:01:00,-64.835626,-2.989117
93,2014-05-03 00:00:00,-64.83915400000001,-2.987759000000007
93,2014-05-03 04:00:00,-64.839154,-2.987759
93,2014-05-03 12:00:00,-64.830711,-2.980263000000002
93,2014-05-03 16:01:00,-64.830711,-2.980263
93,2014-05-03 18:00:00,-64.83033,-2.979812999999997
93,2014-05-03 22:01:00,-64.83033,-2.979813
93,2014-05-04 00:00:00,-64.829903,-2.9801129999999976
93,2014-05-04 04:01:00,-64.829903,-2.980113
93,2014-05-04 06:00:00,-64.830565,-2.9801780000000075
93,2014-05-04 10:00:00,-64.830565,-2.980178
93,2014-05-04 18:00:00,-64.830683,-2.979982999999996
93,2014-05-04 22:03:00,-64.830683,-2.979983
93,2014-05-05 06:00:00,-64.831508,-2.9814029999999967
93,2014-05-05 10:02:00,-64.831508,-2.981403
93,2014-05-05 12:00:00,-64.831469,-2.9812499999999966
93,2014-05-05 16:02:00,-64.831469,-2.98125
93,2014-05-05 18:00:00,-64.831694,-2.9810960000000057
93,2014-05-05 22:00:00,-64.831694,-2.981096
93,2014-05-06 00:00:00,-64.832182,-2.995299000000003
93,2014-05-06 04:01:00,-64.832182,-2.995299
93,2014-05-06 06:00:00,-64.832751,-3.000265000000006
93,2014-05-06 10:00:00,-64.832751,-3.000265
93,2014-05-06 12:00:00,-64.832899,-2.9996950000000067
93,2014-05-06 16:00:00,-64.832899,-2.999695
93,2014-05-06 18:00:00,-64.832962,-2.999765999999992
93,2014-05-06 22:00:00,-64.832962,-2.999766
93,2014-05-07 18:00:00,-64.843281,-2.9970799999999977
93,2014-05-07 22:02:00,-64.843281,-2.99708
93,2014-05-08 00:00:00,-64.840703,-2.9904269999999986
93,2014-05-08 04:00:00,-64.840703,-2.990427
93,2014-05-08 06:00:00,-64.836129,-2.981546000000003
93,2014-05-08 10:01:00,-64.836129,-2.981546
93,2014-05-08 12:00:00,-64.835853,-2.980421000000001
93,2014-05-08 16:00:00,-64.835853,-2.980421
93,2014-05-08 18:00:00,-64.835789,-2.979029999999996
93,2014-05-08 22:00:00,-64.835789,-2.97903
93,2014-05-09 06:00:00,-64.840737,-3.022459999999997
93,2014-05-09 10:00:00,-64.840737,-3.02246
93,2014-05-09 12:00:00,-64.82537400000001,-3.037744999999998
93,2014-05-09 16:00:00,-64.825374,-3.037745
93,2014-05-09 18:00:00,-64.825191,-3.037738000000004
93,2014-05-09 22:00:00,-64.825191,-3.037738
93,2014-05-10 00:00:00,-64.816822,-3.0541400000000047
93,2014-05-10 04:00:00,-64.816822,-3.05414
93,2014-05-10 06:00:00,-64.816832,-3.054384000000008
93,2014-05-10 10:00:00,-64.816832,-3.054384
93,2014-05-10 12:00:00,-64.816597,-3.0547419999999947
93,2014-05-10 16:00:00,-64.816597,-3.054742
93,2014-05-10 18:00:00,-64.816934,-3.0542070000000026
93,2014-05-10 22:00:00,-64.816934,-3.054207
93,2014-05-11 06:00:00,-64.81483900000002,-3.067242000000004
93,2014-05-11 10:01:00,-64.814839,-3.067242
93,2014-05-11 12:00:00,-64.814436,-3.067088000000004
93,2014-05-11 16:00:00,-64.814436,-3.067088
93,2014-05-12 00:00:00,-64.80395,-3.064295999999994
93,2014-05-12 04:01:00,-64.80395,-3.064296
93,2014-05-12 06:00:00,-64.781814,-3.093820000000004
93,2014-05-12 10:02:00,-64.781814,-3.09382
93,2014-05-12 18:00:00,-64.781815,-3.0937529999999978
93,2014-05-12 22:00:00,-64.781815,-3.093753
93,2014-05-13 00:00:00,-64.781977,-3.0937040000000025
93,2014-05-13 04:00:00,-64.781977,-3.093704
93,2014-05-13 12:00:00,-64.784392,-3.098594000000002
93,2014-05-13 16:00:00,-64.784392,-3.098594
93,2014-05-13 18:00:00,-64.784323,-3.0985180000000008
93,2014-05-13 22:00:00,-64.784323,-3.098518
93,2014-05-14 00:00:00,-64.78406,-3.099107999999996
93,2014-05-14 04:01:00,-64.78406,-3.099108
93,2014-05-14 06:00:00,-64.784627,-3.1016720000000024
93,2014-05-14 10:00:00,-64.784627,-3.101672
93,2014-05-14 12:00:00,-64.784676,-3.101623
93,2014-05-14 16:00:00,-64.784676,-3.101623
93,2014-05-14 18:00:00,-64.786217,-3.097904000000001
93,2014-05-14 22:00:00,-64.786217,-3.097904
93,2014-05-15 00:00:00,-64.786139,-3.0976850000000007
93,2014-05-15 04:00:00,-64.786139,-3.097685
93,2014-05-15 06:00:00,-64.79195,-3.101194
93,2014-05-15 10:01:00,-64.79195,-3.101194
93,2014-05-15 12:00:00,-64.791808,-3.1013169999999923
93,2014-05-15 16:00:00,-64.791808,-3.101317
93,2014-05-15 18:00:00,-64.791784,-3.101348999999992
93,2014-05-15 22:01:00,-64.791784,-3.101349
93,2014-05-16 00:00:00,-64.788819,-3.109454999999998
93,2014-05-16 04:01:00,-64.788819,-3.109455
93,2014-05-16 06:00:00,-64.789422,-3.108548999999996
93,2014-05-16 10:00:00,-64.789422,-3.108549
93,2014-05-16 12:00:00,-64.789612,-3.1088860000000067
93,2014-05-16 16:00:00,-64.789612,-3.108886
93,2014-05-16 18:00:00,-64.789511,-3.1085929999999955
93,2014-05-16 22:00:00,-64.789511,-3.108593
93,2014-05-17 00:00:00,-64.795966,-3.102338000000008
93,2014-05-17 04:02:00,-64.795966,-3.102338
93,2014-05-17 06:00:00,-64.791898,-3.101287000000002
93,2014-05-17 10:00:00,-64.791898,-3.101287
93,2014-05-17 12:00:00,-64.791882,-3.101342999999995
93,2014-05-17 16:00:00,-64.791882,-3.101343
93,2014-05-17 18:00:00,-64.79184,-3.1013230000000007
93,2014-05-17 22:00:00,-64.79184,-3.101323
93,2014-05-18 00:00:00,-64.787651,-3.102480999999992
93,2014-05-18 04:00:00,-64.787651,-3.102481
93,2014-05-18 06:00:00,-64.784237,-3.101497999999997
93,2014-05-18 10:00:00,-64.784237,-3.101498
93,2014-05-18 12:00:00,-64.784276,-3.1015839999999986
93,2014-05-18 16:00:00,-64.784276,-3.101584
93,2014-05-18 18:00:00,-64.784654,-3.101589000000004
93,2014-05-18 22:01:00,-64.784654,-3.101589
93,2014-05-19 00:00:00,-64.782909,-3.1053099999999936
93,2014-05-19 04:01:00,-64.782909,-3.10531
93,2014-05-19 06:00:00,-64.775409,-3.106238999999993
93,2014-05-19 10:00:00,-64.775409,-3.106239
93,2014-05-19 12:00:00,-64.772518,-3.102277999999996
93,2014-05-19 16:00:00,-64.772518,-3.102278
93,2014-05-19 18:00:00,-64.7725,-3.102276000000003
93,2014-05-19 22:01:00,-64.7725,-3.102276
93,2014-05-20 06:00:00,-64.766054,-3.0847549999999915
93,2014-05-20 10:00:00,-64.766054,-3.084755
93,2014-05-20 12:00:00,-64.766138,-3.084700999999994
93,2014-05-20 16:00:00,-64.766138,-3.084701
93,2014-05-20 18:00:00,-64.767714,-3.083346999999991
93,2014-05-20 22:00:00,-64.767714,-3.083347
93,2014-05-21 00:00:00,-64.767873,-3.088809999999996
93,2014-05-21 04:00:00,-64.767873,-3.08881
93,2014-05-21 06:00:00,-64.768297,-3.088032
93,2014-05-21 10:00:00,-64.768297,-3.088032
93,2014-05-21 12:00:00,-64.768369,-3.088112999999993
93,2014-05-21 16:01:00,-64.768369,-3.088113
93,2014-05-21 18:00:00,-64.76822500000002,-3.0883609999999937
93,2014-05-21 22:01:00,-64.768225,-3.088361
93,2014-05-22 00:00:00,-64.767787,-3.0885589999999925
93,2014-05-22 04:00:00,-64.767787,-3.088559
93,2014-05-22 06:00:00,-64.767707,-3.0885350000000025
93,2014-05-22 10:01:00,-64.767707,-3.088535
93,2014-05-22 12:00:00,-64.767696,-3.0886630000000004
93,2014-05-22 16:00:00,-64.767696,-3.088663
93,2014-05-22 18:00:00,-64.767773,-3.0885509999999945
93,2014-05-22 22:00:00,-64.767773,-3.088551
93,2014-05-23 00:00:00,-64.768075,-3.0884269999999927
93,2014-05-23 04:01:00,-64.768075,-3.088427
93,2014-05-23 06:00:00,-64.777398,-3.081961999999999
93,2014-05-23 10:00:00,-64.777398,-3.081962
93,2014-05-23 12:00:00,-64.788474,-3.079859000000002
93,2014-05-23 16:00:00,-64.788474,-3.079859
93,2014-05-23 18:00:00,-64.788477,-3.0798750000000044
93,2014-05-23 22:00:00,-64.788477,-3.079875
93,2014-05-24 00:00:00,-64.797435,-3.071331000000007
93,2014-05-24 04:00:00,-64.797435,-3.071331
93,2014-05-24 06:00:00,-64.797388,-3.071350000000008
93,2014-05-24 10:00:00,-64.797388,-3.07135
93,2014-05-24 12:00:00,-64.79744,-3.071273999999999
93,2014-05-24 16:00:00,-64.79744,-3.071274
93,2014-05-24 18:00:00,-64.797395,-3.071340999999993
93,2014-05-24 22:00:00,-64.797395,-3.071341
93,2014-05-25 06:00:00,-64.812004,-3.067783999999996
93,2014-05-25 10:00:00,-64.812004,-3.067784
93,2014-05-25 12:00:00,-64.81207300000001,-3.0677769999999978
93,2014-05-25 16:00:00,-64.812073,-3.067777
93,2014-05-25 18:00:00,-64.81207500000001,-3.067789999999999
93,2014-05-25 22:00:00,-64.812075,-3.06779
93,2014-05-26 00:00:00,-64.818339,-3.064059999999993
93,2014-05-26 04:00:00,-64.818339,-3.06406
93,2014-05-26 06:00:00,-64.818422,-3.0641129999999976
93,2014-05-26 10:00:00,-64.818422,-3.064113
93,2014-05-26 12:00:00,-64.81845,-3.064085999999995
93,2014-05-26 16:00:00,-64.81845,-3.064086
93,2014-05-26 18:00:00,-64.818449,-3.0640899999999966
93,2014-05-26 22:00:00,-64.818449,-3.06409
93,2014-05-27 00:00:00,-64.82776,-3.058454999999996
93,2014-05-27 04:00:00,-64.82776,-3.058455
93,2014-05-27 06:00:00,-64.834464,-3.044894000000008
93,2014-05-27 10:00:00,-64.834464,-3.044894
93,2014-05-27 12:00:00,-64.83446,-3.0449129999999927
93,2014-05-27 16:00:00,-64.83446,-3.044913
93,2014-05-27 18:00:00,-64.8344,-3.0448839999999926
93,2014-05-27 22:00:00,-64.8344,-3.044884
93,2014-05-28 00:00:00,-64.82658000000002,-3.0351550000000023
93,2014-05-28 04:01:00,-64.82658,-3.035155
93,2014-05-28 06:00:00,-64.821003,-3.034256999999996
93,2014-05-28 10:00:00,-64.821003,-3.034257
93,2014-05-28 12:00:00,-64.820644,-3.033345000000008
93,2014-05-28 16:00:00,-64.820644,-3.033345
93,2014-05-28 18:00:00,-64.820534,-3.033290000000007
93,2014-05-28 22:00:00,-64.820534,-3.03329
93,2014-05-29 06:00:00,-64.828411,-3.029607999999996
93,2014-05-29 10:01:00,-64.828411,-3.029608
93,2014-05-29 12:00:00,-64.82874800000002,-3.0294070000000075
93,2014-05-29 16:00:00,-64.828748,-3.029407
93,2014-05-29 18:00:00,-64.828735,-3.029459000000004
93,2014-05-29 22:00:00,-64.828735,-3.029459
93,2014-05-30 00:00:00,-64.82962,-3.0198669999999974
93,2014-05-30 04:00:00,-64.82962,-3.019867
93,2014-05-30 06:00:00,-64.819681,-3.023859999999999
93,2014-05-30 10:00:00,-64.819681,-3.02386
93,2014-05-30 12:00:00,-64.819722,-3.023823000000008
93,2014-05-30 16:00:00,-64.819722,-3.023823
93,2014-05-30 18:00:00,-64.819688,-3.0238339999999977
93,2014-05-30 22:00:00,-64.819688,-3.023834
93,2014-05-31 00:00:00,-64.824979,-3.0150620000000004
93,2014-05-31 04:03:00,-64.824979,-3.015062
93,2014-05-31 06:00:00,-64.838584,-3.0117069999999986
93,2014-05-31 10:00:00,-64.838584,-3.011707
93,2014-05-31 12:00:00,-64.838468,-3.0117170000000075
93,2014-05-31 16:00:00,-64.838468,-3.011717
93,2014-05-31 18:00:00,-64.838444,-3.011745000000006
93,2014-05-31 22:00:00,-64.838444,-3.011745
93,2014-06-01 00:00:00,-64.841705,-3.012366000000007
93,2014-06-01 04:01:00,-64.841705,-3.012366
93,2014-06-01 12:00:00,-64.838981,-3.0150180000000075
93,2014-06-01 16:00:00,-64.838981,-3.015018
93,2014-06-01 18:00:00,-64.839088,-3.0150129999999984
93,2014-06-01 22:00:00,-64.839088,-3.015013
93,2014-06-02 00:00:00,-64.8481,-3.012691000000002
93,2014-06-02 04:00:00,-64.8481,-3.012691
93,2014-06-02 06:00:00,-64.848802,-3.0123079999999973
93,2014-06-02 10:00:00,-64.848802,-3.012308
93,2014-06-02 12:00:00,-64.848712,-3.012319999999991
93,2014-06-02 16:00:00,-64.848712,-3.01232
93,2014-06-02 18:00:00,-64.84882,-3.012353000000008
93,2014-06-02 22:00:00,-64.84882,-3.012353
93,2014-06-03 00:00:00,-64.855331,-3.009255999999994
93,2014-06-03 04:00:00,-64.855331,-3.009256
93,2014-06-03 06:00:00,-64.861683,-2.997942000000001
93,2014-06-03 10:00:00,-64.861683,-2.997942
93,2014-06-03 12:00:00,-64.862987,-2.9984350000000046
93,2014-06-03 16:00:00,-64.862987,-2.998435
93,2014-06-03 18:00:00,-64.859102,-2.9896239999999974
93,2014-06-03 22:00:00,-64.859102,-2.989624
93,2014-06-04 06:00:00,-64.850866,-2.992039000000002
93,2014-06-04 10:00:00,-64.850866,-2.992039
93,2014-06-04 12:00:00,-64.850868,-2.992009999999996
93,2014-06-04 16:00:00,-64.850868,-2.99201
93,2014-06-04 18:00:00,-64.850826,-2.991980000000006
93,2014-06-04 22:00:00,-64.850826,-2.99198
93,2014-06-05 06:00:00,-64.843928,-3.020274000000007
93,2014-06-05 10:00:00,-64.843928,-3.020274
93,2014-06-05 12:00:00,-64.843999,-3.0202060000000075
93,2014-06-05 16:00:00,-64.843999,-3.020206
93,2014-06-05 18:00:00,-64.843873,-3.0202479999999943
93,2014-06-05 22:00:00,-64.843873,-3.020248
93,2014-06-06 06:00:00,-64.81452,-3.033814999999999
93,2014-06-06 10:00:00,-64.81452,-3.033815
93,2014-06-06 12:00:00,-64.814477,-3.033701000000001
93,2014-06-06 16:00:00,-64.814477,-3.033701
93,2014-06-06 18:00:00,-64.814852,-3.033960999999997
93,2014-06-06 22:00:00,-64.814852,-3.033961
93,2014-06-07 00:00:00,-64.81536,-3.0335089999999987
93,2014-06-07 04:01:00,-64.81536,-3.033509
93,2014-06-07 06:00:00,-64.815614,-3.0328539999999964
93,2014-06-07 10:00:00,-64.815614,-3.032854
93,2014-06-07 12:00:00,-64.81519100000001,-3.033010000000005
93,2014-06-07 16:01:00,-64.815191,-3.03301
93,2014-06-07 18:00:00,-64.81513,-3.0331139999999945
93,2014-06-07 22:00:00,-64.81513,-3.033114
93,2014-06-08 00:00:00,-64.80715,-3.033994999999999
93,2014-06-08 04:01:00,-64.80715,-3.033995
93,2014-06-08 12:00:00,-64.806562,-3.0439140000000062
93,2014-06-08 16:00:00,-64.806562,-3.043914
93,2014-06-08 18:00:00,-64.806805,-3.043977999999991
93,2014-06-08 22:00:00,-64.806805,-3.043978
93,2014-06-09 00:00:00,-64.806554,-3.053243
93,2014-06-09 04:00:00,-64.806554,-3.053243
93,2014-06-09 06:00:00,-64.807523,-3.0570290000000027
93,2014-06-09 10:00:00,-64.807523,-3.057029
93,2014-06-09 12:00:00,-64.811711,-3.0668149999999983
93,2014-06-09 16:01:00,-64.811711,-3.066815
93,2014-06-09 18:00:00,-64.811644,-3.066935000000006
93,2014-06-09 22:00:00,-64.811644,-3.066935
93,2014-06-10 00:00:00,-64.808716,-3.077083999999992
93,2014-06-10 04:00:00,-64.808716,-3.077084
93,2014-06-10 06:00:00,-64.80908600000001,-3.076873999999998
93,2014-06-10 10:01:00,-64.809086,-3.076874
93,2014-06-10 12:00:00,-64.820034,-3.0740229999999995
93,2014-06-10 16:00:00,-64.820034,-3.074023
93,2014-06-10 18:00:00,-64.819948,-3.0739250000000005
93,2014-06-10 22:00:00,-64.819948,-3.073925
93,2014-06-11 00:00:00,-64.824845,-3.0724160000000063
93,2014-06-11 04:00:00,-64.824845,-3.072416
93,2014-06-11 06:00:00,-64.824827,-3.072491999999992
93,2014-06-11 10:00:00,-64.824827,-3.072492
93,2014-06-11 12:00:00,-64.824277,-3.0741850000000004
93,2014-06-11 16:01:00,-64.824277,-3.074185
93,2014-06-11 18:00:00,-64.824312,-3.0741380000000014
93,2014-06-11 22:02:00,-64.824312,-3.074138
93,2014-06-12 06:00:00,-64.834574,-3.070323000000004
93,2014-06-12 10:00:00,-64.834574,-3.070323
93,2014-06-12 12:00:00,-64.837847,-3.071476000000008
93,2014-06-12 16:00:00,-64.837847,-3.071476
93,2014-06-12 18:00:00,-64.837774,-3.0714419999999927
93,2014-06-12 22:00:00,-64.837774,-3.071442
93,2014-06-13 00:00:00,-64.839735,-3.078114999999998
93,2014-06-13 04:00:00,-64.839735,-3.078115
93,2014-06-13 06:00:00,-64.835337,-3.079168999999995
93,2014-06-13 10:01:00,-64.835337,-3.079169
93,2014-06-13 12:00:00,-64.835356,-3.079150999999997
93,2014-06-13 16:00:00,-64.835356,-3.079151
93,2014-06-13 18:00:00,-64.835566,-3.0791120000000065
93,2014-06-13 22:00:00,-64.835566,-3.079112
93,2014-06-14 00:00:00,-64.833739,-3.078977000000001
93,2014-06-14 04:00:00,-64.833739,-3.078977
93,2014-06-14 06:00:00,-64.832742,-3.079346000000001
93,2014-06-14 10:00:00,-64.832742,-3.079346
93,2014-06-14 12:00:00,-64.827323,-3.079301999999996
93,2014-06-14 16:00:00,-64.827323,-3.079302
93,2014-06-14 18:00:00,-64.827252,-3.0792219999999952
93,2014-06-14 22:00:00,-64.827252,-3.079222
93,2014-06-15 00:00:00,-64.826725,-3.083398999999996
93,2014-06-15 04:00:00,-64.826725,-3.083399
93,2014-06-15 06:00:00,-64.826765,-3.0834600000000063
93,2014-06-15 10:00:00,-64.826765,-3.08346
93,2014-06-15 12:00:00,-64.826779,-3.083472000000007
93,2014-06-15 16:00:00,-64.826779,-3.083472
93,2014-06-15 18:00:00,-64.822981,-3.086850999999996
93,2014-06-15 22:00:00,-64.822981,-3.086851
93,2014-06-16 00:00:00,-64.81731,-3.090344999999996
93,2014-06-16 04:01:00,-64.81731,-3.090345
93,2014-06-16 06:00:00,-64.812097,-3.098417
93,2014-06-16 10:00:00,-64.812097,-3.098417
93,2014-06-16 12:00:00,-64.812059,-3.0983270000000056
93,2014-06-16 16:00:00,-64.812059,-3.098327
93,2014-06-16 18:00:00,-64.812052,-3.098373999999993
93,2014-06-16 22:00:00,-64.812052,-3.098374
93,2014-06-17 00:00:00,-64.811202,-3.1004429999999963
93,2014-06-17 04:00:00,-64.811202,-3.100443
93,2014-06-17 06:00:00,-64.811213,-3.100460000000003
93,2014-06-17 10:01:00,-64.811213,-3.10046
93,2014-06-17 12:00:00,-64.814563,-3.103070000000003
93,2014-06-17 16:00:00,-64.814563,-3.10307
93,2014-06-17 18:00:00,-64.815782,-3.104841000000007
93,2014-06-17 22:00:00,-64.815782,-3.104841
93,2014-06-18 00:00:00,-64.815715,-3.1049420000000034
93,2014-06-18 04:00:00,-64.815715,-3.104942
93,2014-06-18 06:00:00,-64.817326,-3.1069099999999987
93,2014-06-18 10:00:00,-64.817326,-3.10691
93,2014-06-18 12:00:00,-64.816859,-3.106891
93,2014-06-18 16:00:00,-64.816859,-3.106891
93,2014-06-18 18:00:00,-64.816793,-3.106874999999996
93,2014-06-18 22:00:00,-64.816793,-3.106875
93,2014-06-19 00:00:00,-64.816919,-3.106439999999993
93,2014-06-19 04:00:00,-64.816919,-3.10644
93,2014-06-19 06:00:00,-64.816353,-3.105966000000008
93,2014-06-19 10:00:00,-64.816353,-3.105966
93,2014-06-19 12:00:00,-64.816363,-3.105927000000004
93,2014-06-19 16:00:00,-64.816363,-3.105927
93,2014-06-19 18:00:00,-64.816443,-3.105961000000006
93,2014-06-19 22:00:00,-64.816443,-3.105961
93,2014-06-20 00:00:00,-64.819492,-3.104854000000003
93,2014-06-20 04:03:00,-64.819492,-3.104854
93,2014-06-20 06:00:00,-64.81749,-3.104948999999998
93,2014-06-20 10:00:00,-64.81749,-3.104949
93,2014-06-20 12:00:00,-64.816618,-3.104988000000004
93,2014-06-20 16:00:00,-64.816618,-3.104988
93,2014-06-20 18:00:00,-64.816415,-3.105030000000007
93,2014-06-20 22:00:00,-64.816415,-3.10503
93,2014-06-21 00:00:00,-64.81525,-3.1024010000000013
93,2014-06-21 04:00:00,-64.81525,-3.102401
93,2014-06-21 06:00:00,-64.815215,-3.102309999999995
93,2014-06-21 10:00:00,-64.815215,-3.10231
93,2014-06-21 12:00:00,-64.815243,-3.102389000000004
93,2014-06-21 16:00:00,-64.815243,-3.102389
93,2014-06-21 18:00:00,-64.815223,-3.1023399999999954
93,2014-06-21 22:00:00,-64.815223,-3.10234
93,2014-06-22 00:00:00,-64.815204,-3.102212000000006
93,2014-06-22 04:00:00,-64.815204,-3.102212
93,2014-06-22 06:00:00,-64.815249,-3.1023190000000054
93,2014-06-22 10:00:00,-64.815249,-3.102319
93,2014-06-22 12:00:00,-64.814384,-3.105067999999993
93,2014-06-22 16:00:00,-64.814384,-3.105068
93,2014-06-22 18:00:00,-64.814421,-3.1050919999999915
93,2014-06-22 22:00:00,-64.814421,-3.105092
93,2014-06-23 00:00:00,-64.810392,-3.101396000000008
93,2014-06-23 04:00:00,-64.810392,-3.101396
93,2014-06-23 06:00:00,-64.810788,-3.1010880000000034
93,2014-06-23 10:00:00,-64.810788,-3.101088
93,2014-06-23 12:00:00,-64.810951,-3.101058999999999
93,2014-06-23 16:00:00,-64.810951,-3.101059
93,2014-06-23 18:00:00,-64.810979,-3.101162000000006
93,2014-06-23 22:00:00,-64.810979,-3.101162
93,2014-06-24 00:00:00,-64.812742,-3.0992370000000014
93,2014-06-24 04:00:00,-64.812742,-3.099237
93,2014-06-24 06:00:00,-64.814533,-3.1003229999999955
93,2014-06-24 10:00:00,-64.814533,-3.100323
93,2014-06-24 12:00:00,-64.814615,-3.1003259999999977
93,2014-06-24 16:01:00,-64.814615,-3.100326
93,2014-06-24 18:00:00,-64.814553,-3.1003380000000047
93,2014-06-24 22:00:00,-64.814553,-3.100338
93,2014-06-25 00:00:00,-64.815268,-3.090930000000005
93,2014-06-25 04:01:00,-64.815268,-3.09093
93,2014-06-25 06:00:00,-64.815097,-3.0927550000000075
93,2014-06-25 10:00:00,-64.815097,-3.092755
93,2014-06-25 12:00:00,-64.815042,-3.092715999999992
93,2014-06-25 16:00:00,-64.815042,-3.092716
93,2014-06-25 18:00:00,-64.815008,-3.0926200000000024
93,2014-06-25 22:02:00,-64.815008,-3.09262
93,2014-06-26 00:00:00,-64.801983,-3.0891139999999986
93,2014-06-26 04:02:00,-64.801983,-3.089114
93,2014-06-26 06:00:00,-64.802682,-3.0893149999999947
93,2014-06-26 10:01:00,-64.802682,-3.089315
93,2014-06-26 12:00:00,-64.79318500000001,-3.088281999999993
93,2014-06-26 16:00:00,-64.793185,-3.088282
93,2014-06-26 18:00:00,-64.794047,-3.0884330000000064
93,2014-06-26 22:00:00,-64.794047,-3.088433
93,2014-06-27 00:00:00,-64.794018,-3.088439999999994
93,2014-06-27 04:01:00,-64.794018,-3.08844
93,2014-06-27 06:00:00,-64.79364,-3.088404000000003
93,2014-06-27 10:00:00,-64.79364,-3.088404
93,2014-06-27 12:00:00,-64.793652,-3.088408000000001
93,2014-06-27 16:00:00,-64.793652,-3.088408
93,2014-06-27 18:00:00,-64.79364,-3.088446
93,2014-06-27 22:00:00,-64.79364,-3.088446
93,2014-06-28 00:00:00,-64.791942,-3.101391999999996
93,2014-06-28 04:01:00,-64.791942,-3.101392
93,2014-06-28 06:00:00,-64.791725,-3.101340999999997
93,2014-06-28 10:02:00,-64.791725,-3.101341
93,2014-06-28 12:00:00,-64.791972,-3.1030800000000034
93,2014-06-28 16:00:00,-64.791972,-3.10308
93,2014-06-28 18:00:00,-64.79196,-3.1030939999999965
93,2014-06-28 22:00:00,-64.79196,-3.103094
93,2014-06-29 00:00:00,-64.787778,-3.1076849999999965
93,2014-06-29 04:00:00,-64.787778,-3.107685
93,2014-06-29 06:00:00,-64.77972,-3.110541999999996
93,2014-06-29 10:01:00,-64.77972,-3.110542
93,2014-06-29 12:00:00,-64.779679,-3.1105809999999963
93,2014-06-29 16:00:00,-64.779679,-3.110581
93,2014-06-29 18:00:00,-64.779498,-3.110488000000005
93,2014-06-29 22:00:00,-64.779498,-3.110488
93,2014-06-30 00:00:00,-64.779719,-3.110504
93,2014-06-30 04:02:00,-64.779719,-3.110504
93,2014-06-30 06:00:00,-64.77956,-3.109894000000001
93,2014-06-30 10:00:00,-64.77956,-3.109894
93,2014-06-30 12:00:00,-64.779606,-3.1098840000000063
93,2014-06-30 16:00:00,-64.779606,-3.109884
93,2014-06-30 18:00:00,-64.779551,-3.1099369999999937
93,2014-06-30 22:00:00,-64.779551,-3.109937
93,2014-07-01 00:00:00,-64.779498,-3.109913000000005
93,2014-07-01 04:00:00,-64.779498,-3.109913
93,2014-07-01 06:00:00,-64.779588,-3.109840000000008
93,2014-07-01 10:00:00,-64.779588,-3.10984
93,2014-07-01 12:00:00,-64.784069,-3.101485999999994
93,2014-07-01 16:00:00,-64.784069,-3.101486
93,2014-07-01 18:00:00,-64.784154,-3.101488999999999
93,2014-07-01 22:00:00,-64.784154,-3.101489
93,2014-07-02 00:00:00,-64.784099,-3.1015060000000045
93,2014-07-02 04:00:00,-64.784099,-3.101506
93,2014-07-02 06:00:00,-64.784062,-3.101465000000001
93,2014-07-02 10:00:00,-64.784062,-3.101465
93,2014-07-02 12:00:00,-64.78404400000001,-3.101389
93,2014-07-02 16:00:00,-64.784044,-3.101389
93,2014-07-02 18:00:00,-64.784089,-3.101452000000008
93,2014-07-02 22:00:00,-64.784089,-3.101452
93,2014-07-03 00:00:00,-64.788366,-3.0899909999999937
93,2014-07-03 04:01:00,-64.788366,-3.089991
93,2014-07-03 06:00:00,-64.790731,-3.080628999999997
93,2014-07-03 10:00:00,-64.790731,-3.080629
93,2014-07-03 12:00:00,-64.789968,-3.078501999999997
93,2014-07-03 16:01:00,-64.789968,-3.078502
93,2014-07-03 18:00:00,-64.789869,-3.0785439999999946
93,2014-07-03 22:01:00,-64.789869,-3.078544
93,2014-07-04 00:00:00,-64.789877,-3.073711000000002
93,2014-07-04 04:01:00,-64.789877,-3.073711
93,2014-07-04 06:00:00,-64.792988,-3.076032999999995
93,2014-07-04 10:00:00,-64.792988,-3.076033
93,2014-07-04 16:01:00,-64.792975,-3076.0
93,2014-07-04 18:00:00,-64.793011,-3.076010000000007
93,2014-07-04 22:00:00,-64.793011,-3.07601
93,2014-07-05 00:00:00,-64.805031,-3.0677739999999982
93,2014-07-05 04:00:00,-64.805031,-3.067774
93,2014-07-05 06:00:00,-64.81219,-3.0678310000000075
93,2014-07-05 10:00:00,-64.81219,-3.067831
93,2014-07-05 12:00:00,-64.812181,-3.067803999999993
93,2014-07-05 16:00:00,-64.812181,-3.067804
93,2014-07-05 18:00:00,-64.812148,-3.067767999999996
93,2014-07-05 22:00:00,-64.812148,-3.067768
93,2014-07-06 00:00:00,-64.816168,-3.067377999999997
93,2014-07-06 04:00:00,-64.816168,-3.067378
93,2014-07-06 06:00:00,-64.819621,-3.0633199999999987
93,2014-07-06 10:00:00,-64.819621,-3.06332
93,2014-07-06 12:00:00,-64.816869,-3.054196999999999
93,2014-07-06 16:00:00,-64.816869,-3.054197
93,2014-07-06 18:00:00,-64.817025,-3.054192000000008
93,2014-07-06 22:01:00,-64.817025,-3.054192
93,2014-07-07 06:00:00,-64.824906,-3.0533339999999973
93,2014-07-07 10:00:00,-64.824906,-3.053334
93,2014-07-07 12:00:00,-64.825031,-3.053295000000002
93,2014-07-07 16:01:00,-64.825031,-3.053295
93,2014-07-07 18:00:00,-64.825203,-3.050495000000008
93,2014-07-07 22:00:00,-64.825203,-3.050495
93,2014-07-08 06:00:00,-64.832833,-3.049329000000005
93,2014-07-08 10:00:00,-64.832833,-3.049329
93,2014-07-08 12:00:00,-64.840149,-3.039355000000004
93,2014-07-08 16:00:00,-64.840149,-3.039355
93,2014-07-08 18:00:00,-64.840155,-3.0393920000000003
93,2014-07-08 22:00:00,-64.840155,-3.039392
93,2014-07-09 00:00:00,-64.840168,-3.0393709999999974
93,2014-07-09 04:00:00,-64.840168,-3.039371
93,2014-07-09 06:00:00,-64.840096,-3.039645000000005
93,2014-07-09 10:00:00,-64.840096,-3.039645
93,2014-07-09 12:00:00,-64.840144,-3.0393379999999937
93,2014-07-09 16:00:00,-64.840144,-3.039338
93,2014-07-09 18:00:00,-64.840135,-3.039228000000001
93,2014-07-09 22:00:00,-64.840135,-3.039228
93,2014-07-10 00:00:00,-64.838233,-3.0359280000000024
93,2014-07-10 04:03:00,-64.838233,-3.035928
93,2014-07-10 06:00:00,-64.830163,-3.028597000000009
93,2014-07-10 10:01:00,-64.830163,-3.028597
93,2014-07-10 12:00:00,-64.828628,-3.029370000000008
93,2014-07-10 16:00:00,-64.828628,-3.02937
93,2014-07-10 18:00:00,-64.82862,-3.029421
93,2014-07-10 22:00:00,-64.82862,-3.029421
93,2014-07-11 00:00:00,-64.829989,-3.029104
93,2014-07-11 04:00:00,-64.829989,-3.029104
93,2014-07-11 06:00:00,-64.840509,-3.022385000000001
93,2014-07-11 10:00:00,-64.840509,-3.022385
93,2014-07-11 12:00:00,-64.840531,-3.022336000000003
93,2014-07-11 16:00:00,-64.840531,-3.022336
93,2014-07-11 18:00:00,-64.840455,-3.022447000000001
93,2014-07-11 22:00:00,-64.840455,-3.022447
93,2014-07-12 00:00:00,-64.845616,-3.019472000000007
93,2014-07-12 04:00:00,-64.845616,-3.019472
93,2014-07-12 06:00:00,-64.846579,-3.018218000000008
93,2014-07-12 10:00:00,-64.846579,-3.018218
93,2014-07-12 12:00:00,-64.845467,-3.013923999999996
93,2014-07-12 16:01:00,-64.845467,-3.013924
93,2014-07-12 18:00:00,-64.845313,-3.0141799999999934
93,2014-07-12 22:01:00,-64.845313,-3.01418
93,2014-07-13 06:00:00,-64.878238,-3.018595000000002
93,2014-07-13 10:01:00,-64.878238,-3.018595
93,2014-07-13 12:00:00,-64.878244,-3.0183860000000085
93,2014-07-13 16:00:00,-64.878244,-3.018386
93,2014-07-13 18:00:00,-64.878389,-3.018377999999992
93,2014-07-13 22:00:00,-64.878389,-3.018378
93,2014-07-14 00:00:00,-64.883486,-3.0135239999999923
93,2014-07-14 04:02:00,-64.883486,-3.013524
93,2014-07-14 06:00:00,-64.884091,-3.017005999999992
93,2014-07-14 10:00:00,-64.884091,-3.017006
93,2014-07-14 12:00:00,-64.884229,-3.016538999999997
93,2014-07-14 16:00:00,-64.884229,-3.016539
93,2014-07-14 18:00:00,-64.884202,-3.0165559999999934
93,2014-07-14 22:00:00,-64.884202,-3.016556
93,2014-07-15 06:00:00,-64.893604,-3.005481999999992
93,2014-07-15 10:00:00,-64.893604,-3.005482
93,2014-07-15 12:00:00,-64.891211,-3.004856000000008
93,2014-07-15 16:00:00,-64.891211,-3.004856
93,2014-07-15 18:00:00,-64.886327,-3.012705000000006
93,2014-07-15 22:01:00,-64.886327,-3.012705
93,2014-07-16 00:00:00,-64.886423,-3.012770000000004
93,2014-07-16 04:00:00,-64.886423,-3.01277
93,2014-07-16 06:00:00,-64.886418,-3.0127840000000004
93,2014-07-16 10:00:00,-64.886418,-3.012784
93,2014-07-16 12:00:00,-64.886478,-3.0127590000000057
93,2014-07-16 16:00:00,-64.886478,-3.012759
93,2014-07-16 18:00:00,-64.886537,-3.012799999999999
93,2014-07-16 22:00:00,-64.886537,-3.0128
93,2014-07-17 00:00:00,-64.883984,-3.0170309999999927
93,2014-07-17 04:00:00,-64.883984,-3.017031
93,2014-07-17 06:00:00,-64.884065,-3.0170089999999945
93,2014-07-17 10:00:00,-64.884065,-3.017009
93,2014-07-17 12:00:00,-64.884069,-3.0170230000000067
93,2014-07-17 16:00:00,-64.884069,-3.017023
93,2014-07-17 18:00:00,-64.884119,-3.017024
93,2014-07-17 22:00:00,-64.884119,-3.017024
93,2014-07-18 00:00:00,-64.886343,-3.0240909999999976
93,2014-07-18 04:02:00,-64.886343,-3.024091
93,2014-07-18 06:00:00,-64.874864,-3.028400999999993
93,2014-07-18 10:01:00,-64.874864,-3.028401
93,2014-07-18 12:00:00,-64.874439,-3.0326800000000045
93,2014-07-18 16:00:00,-64.874439,-3.03268
93,2014-07-18 18:00:00,-64.874358,-3.0326480000000005
93,2014-07-18 22:00:00,-64.874358,-3.032648
93,2014-07-19 00:00:00,-64.870874,-3.0351479999999933
93,2014-07-19 04:01:00,-64.870874,-3.035148
93,2014-07-19 06:00:00,-64.870765,-3.0355180000000086
93,2014-07-19 10:01:00,-64.870765,-3.035518
93,2014-07-19 12:00:00,-64.869198,-3.036298000000003
93,2014-07-19 16:00:00,-64.869198,-3.036298
93,2014-07-19 18:00:00,-64.8691,-3.036274999999993
93,2014-07-19 22:00:00,-64.8691,-3.036275
93,2014-07-20 00:00:00,-64.857577,-3.032233000000004
93,2014-07-20 04:01:00,-64.857577,-3.032233
93,2014-07-20 06:00:00,-64.853637,-3.0271830000000044
93,2014-07-20 10:00:00,-64.853637,-3.027183
93,2014-07-20 12:00:00,-64.853425,-3.0272739999999985
93,2014-07-20 16:00:00,-64.853425,-3.027274
93,2014-07-20 18:00:00,-64.853036,-3.0269189999999986
93,2014-07-20 22:00:00,-64.853036,-3.026919
93,2014-07-21 00:00:00,-64.851899,-3.0261749999999967
93,2014-07-21 04:00:00,-64.851899,-3.026175
93,2014-07-21 06:00:00,-64.851988,-3.026218000000008
93,2014-07-21 10:00:00,-64.851988,-3.026218
93,2014-07-21 12:00:00,-64.838247,-3.035864000000005
93,2014-07-21 16:01:00,-64.838247,-3.035864
93,2014-07-21 18:00:00,-64.838239,-3.0358680000000016
93,2014-07-21 22:00:00,-64.838239,-3.035868
93,2014-07-22 00:00:00,-64.840768,-3.039327000000006
93,2014-07-22 04:01:00,-64.840768,-3.039327
93,2014-07-22 06:00:00,-64.840754,-3.0393849999999967
93,2014-07-22 10:00:00,-64.840754,-3.039385
93,2014-07-22 12:00:00,-64.84116,-3.039566999999993
93,2014-07-22 16:00:00,-64.84116,-3.039567
93,2014-07-22 18:00:00,-64.84078,-3.0393730000000057
93,2014-07-22 22:00:00,-64.84078,-3.039373
93,2014-07-23 00:00:00,-64.845674,-3.040060000000002
93,2014-07-23 04:02:00,-64.845674,-3.04006
93,2014-07-23 06:00:00,-64.851429,-3.0390180000000053
93,2014-07-23 10:01:00,-64.851429,-3.039018
93,2014-07-23 12:00:00,-64.851511,-3.0390750000000075
93,2014-07-23 16:00:00,-64.851511,-3.039075
93,2014-07-23 18:00:00,-64.85155,-3.0390499999999983
93,2014-07-23 22:01:00,-64.85155,-3.03905
93,2014-07-24 00:00:00,-64.851451,-3.0389959999999934
93,2014-07-24 04:01:00,-64.851451,-3.038996
93,2014-07-24 06:00:00,-64.859035,-3.0320960000000072
93,2014-07-24 10:00:00,-64.859035,-3.032096
93,2014-07-24 12:00:00,-64.866134,-3.027479000000007
93,2014-07-24 16:01:00,-64.866134,-3.027479
93,2014-07-24 18:00:00,-64.86607,-3.027408000000007
93,2014-07-24 22:00:00,-64.86607,-3.027408
93,2014-07-25 00:00:00,-64.869145,-3.035060999999996
93,2014-07-25 04:00:00,-64.869145,-3.035061
93,2014-07-25 06:00:00,-64.876153,-3.0280409999999938
93,2014-07-25 10:00:00,-64.876153,-3.028041
93,2014-07-25 12:00:00,-64.876276,-3.0281009999999995
93,2014-07-25 16:00:00,-64.876276,-3.028101
93,2014-07-25 18:00:00,-64.882855,-3.0193949999999985
93,2014-07-25 22:00:00,-64.882855,-3.019395
93,2014-07-26 00:00:00,-64.881278,-3.023664000000005
93,2014-07-26 04:00:00,-64.881278,-3.023664
93,2014-07-26 06:00:00,-64.869399,-3.0300510000000043
93,2014-07-26 10:00:00,-64.869399,-3.030051
93,2014-07-26 12:00:00,-64.869494,-3.0300650000000062
93,2014-07-26 16:00:00,-64.869494,-3.030065
93,2014-07-26 18:00:00,-64.866056,-3.027414000000008
93,2014-07-26 22:00:00,-64.866056,-3.027414
93,2014-07-27 00:00:00,-64.866043,-3.0275820000000064
93,2014-07-27 04:00:00,-64.866043,-3.027582
93,2014-07-27 06:00:00,-64.866088,-3.0273980000000007
93,2014-07-27 10:02:00,-64.866088,-3.027398
93,2014-07-27 12:00:00,-64.866107,-3.027399999999998
93,2014-07-27 16:00:00,-64.866107,-3.0274
93,2014-07-27 18:00:00,-64.866053,-3.027375000000008
93,2014-07-27 22:00:00,-64.866053,-3.027375
93,2014-07-28 00:00:00,-64.864461,-3.0258890000000056
93,2014-07-28 04:02:00,-64.864461,-3.025889
93,2014-07-28 06:00:00,-64.852653,-3.026354999999993
93,2014-07-28 10:00:00,-64.852653,-3.026355
93,2014-07-28 12:00:00,-64.852766,-3.026106999999992
93,2014-07-28 16:00:00,-64.852766,-3.026107
93,2014-07-28 18:00:00,-64.852486,-3.026127000000007
93,2014-07-28 22:00:00,-64.852486,-3.026127
93,2014-07-29 06:00:00,-64.85131900000002,-3.026525000000001
93,2014-07-29 10:00:00,-64.851319,-3.026525
93,2014-07-29 12:00:00,-64.837988,-3.030945000000001
93,2014-07-29 16:01:00,-64.837988,-3.030945
93,2014-07-29 18:00:00,-64.837833,-3.0312210000000075
93,2014-07-29 22:01:00,-64.837833,-3.031221
93,2014-07-30 00:00:00,-64.827622,-3.034741000000006
93,2014-07-30 04:03:00,-64.827622,-3.034741
93,2014-07-30 06:00:00,-64.827392,-3.036098000000001
93,2014-07-30 10:00:00,-64.827392,-3.036098
93,2014-07-31 06:00:00,-64.827218,-3.041064999999997
93,2014-07-31 10:01:00,-64.827218,-3.041065
93,2014-07-31 12:00:00,-64.827212,-3.040884999999993
93,2014-07-31 16:01:00,-64.827212,-3.040885
93,2014-07-31 18:00:00,-64.827354,-3.040746999999999
93,2014-07-31 22:00:00,-64.827354,-3.040747
93,2014-08-01 00:00:00,-64.85474114174461,-3.004178937200501
93,2014-08-01 06:00:00,-64.849259,-3.023222000000005
93,2014-08-01 10:01:00,-64.849259,-3.023222
93,2014-08-01 12:00:00,-64.845419,-3.013946000000002
93,2014-08-01 16:00:00,-64.845419,-3.013946
93,2014-08-01 18:00:00,-64.845324,-3.013943000000006
93,2014-08-01 22:00:00,-64.845324,-3.013943
93,2014-08-02 00:00:00,-64.85501496366096,-3.003880073500476
93,2014-08-02 06:00:00,-64.847048,-2.9960509999999982
93,2014-08-02 10:00:00,-64.847048,-2.996051
93,2014-08-02 12:00:00,-64.844513,-2.989852000000008
93,2014-08-02 16:00:00,-64.844513,-2.989852
93,2014-08-02 18:00:00,-64.85505788495837,-3.0039975503849274
93,2014-08-03 00:00:00,-64.856607,-2.998411000000005
93,2014-08-03 04:02:00,-64.856607,-2.998411
93,2014-08-03 06:00:00,-64.870154,-2.990470000000001
93,2014-08-03 10:00:00,-64.870154,-2.99047
93,2014-08-03 12:00:00,-64.870208,-2.990457999999997
93,2014-08-03 16:00:00,-64.870208,-2.990458
93,2014-08-03 18:00:00,-64.876099,-2.993254000000002
93,2014-08-03 22:00:00,-64.876099,-2.993254
93,2014-08-04 00:00:00,-64.874921,-3.001170000000008
93,2014-08-04 04:00:00,-64.874921,-3.00117
93,2014-08-04 06:00:00,-64.874945,-3.001249999999993
93,2014-08-04 10:00:00,-64.874945,-3.00125
93,2014-08-04 12:00:00,-64.874965,-3.0012689999999984
93,2014-08-04 16:00:00,-64.874965,-3.001269
93,2014-08-04 18:00:00,-64.877659,-3.006178999999997
93,2014-08-04 22:00:00,-64.877659,-3.006179
93,2014-08-05 00:00:00,-64.883547,-3.013637000000001
93,2014-08-05 04:01:00,-64.883547,-3.013637
93,2014-08-05 06:00:00,-64.880544,-3.016766999999997
93,2014-08-05 10:00:00,-64.880544,-3.016767
93,2014-08-05 12:00:00,-64.880626,-3.016744999999998
93,2014-08-05 16:00:00,-64.880626,-3.016745
93,2014-08-05 18:00:00,-64.880621,-3.016730000000006
93,2014-08-05 22:00:00,-64.880621,-3.01673
93,2014-08-06 00:00:00,-64.85535892137871,-3.004168840650166
93,2014-08-06 06:00:00,-64.858052,-3.0196359999999927
93,2014-08-06 10:00:00,-64.858052,-3.019636
93,2014-08-06 12:00:00,-64.85520680695839,-3.0039701693061724
93,2014-08-06 18:00:00,-64.855434,-3.0044979999999977
93,2014-08-06 22:01:00,-64.855434,-3.004498
93,2014-08-07 00:00:00,-64.855517,-3.004551
93,2014-08-07 04:01:00,-64.855517,-3.004551
93,2014-08-07 06:00:00,-64.855599,-3.004419999999999
93,2014-08-07 10:00:00,-64.855599,-3.00442
93,2014-08-07 12:00:00,-64.85508863487574,-3.0038980324273608
93,2014-08-07 18:00:00,-64.85499891206562,-3.0038620162543275
93,2014-08-08 00:00:00,-64.857248,-2.994874000000008
93,2014-08-08 04:00:00,-64.857248,-2.994874
93,2014-08-08 06:00:00,-64.857151,-2.994834000000002
93,2014-08-08 10:01:00,-64.857151,-2.994834
93,2014-08-08 12:00:00,-64.854327,-2.987886999999992
93,2014-08-08 16:01:00,-64.854327,-2.987887
93,2014-08-08 18:00:00,-64.841298,-2.979563999999995
93,2014-08-08 22:01:00,-64.841298,-2.979564
93,2014-08-09 00:00:00,-64.85485291393854,-3.003789926811091
93,2014-08-09 06:00:00,-64.846707,-3.002686000000001
93,2014-08-09 10:02:00,-64.846707,-3.002686
93,2014-08-09 12:00:00,-64.841719,-3.014238000000005
93,2014-08-09 16:01:00,-64.841719,-3.014238
93,2014-08-09 18:00:00,-64.85518718403473,-3.0038345680471794
93,2014-08-10 00:00:00,-64.85520670008772,-3.003906873274644
93,2014-08-10 06:00:00,-64.866395,-3.0235309999999926
93,2014-08-10 10:00:00,-64.866395,-3.023531
93,2014-08-10 12:00:00,-64.866349,-3.023597000000004
93,2014-08-10 16:00:00,-64.866349,-3.023597
93,2014-08-10 18:00:00,-64.865992,-3.0273410000000056
93,2014-08-10 22:00:00,-64.865992,-3.027341
93,2014-08-11 00:00:00,-64.866076,-3.0274080000000043
93,2014-08-11 04:00:00,-64.866076,-3.027408
93,2014-08-11 06:00:00,-64.865012,-3.027519999999999
93,2014-08-11 10:00:00,-64.865012,-3.02752
93,2014-08-11 12:00:00,-64.866058,-3.0274189999999948
93,2014-08-11 16:00:00,-64.866058,-3.027419
93,2014-08-11 18:00:00,-64.878306,-3.021796
93,2014-08-11 22:02:00,-64.878306,-3.021796
93,2014-08-12 00:00:00,-64.888041,-3.0013470000000035
93,2014-08-12 04:01:00,-64.888041,-3.001347
93,2014-08-12 06:00:00,-64.8551079919899,-3.0040426764652097
93,2014-08-12 12:00:00,-64.842723,-2.980117000000003
93,2014-08-12 16:02:00,-64.842723,-2.980117
93,2014-08-12 18:00:00,-64.842772,-2.9806399999999966
93,2014-08-12 22:01:00,-64.842772,-2.98064
93,2014-08-13 00:00:00,-64.842827,-2.980745999999995
93,2014-08-13 04:01:00,-64.842827,-2.980746
93,2014-08-13 06:00:00,-64.842481,-2.980589000000001
93,2014-08-13 10:01:00,-64.842481,-2.980589
93,2014-08-13 12:00:00,-64.842479,-2.980554000000004
93,2014-08-13 16:01:00,-64.842479,-2.980554
93,2014-08-13 18:00:00,-64.840955,-2.9794400000000043
93,2014-08-13 22:00:00,-64.840955,-2.97944
93,2014-08-14 00:00:00,-64.840971,-2.9793840000000023
93,2014-08-14 04:00:00,-64.840971,-2.979384
93,2014-08-14 06:00:00,-64.841063,-2.979559999999993
93,2014-08-14 10:01:00,-64.841063,-2.97956
93,2014-08-14 12:00:00,-64.84094,-2.9793879999999984
93,2014-08-14 16:00:00,-64.84094,-2.979388
93,2014-08-14 18:00:00,-64.841056,-2.979472999999993
93,2014-08-14 22:01:00,-64.841056,-2.979473
93,2014-08-15 00:00:00,-64.84094,-2.979544999999993
93,2014-08-15 04:00:00,-64.84094,-2.979545
93,2014-08-15 06:00:00,-64.841138,-2.979021
93,2014-08-15 10:00:00,-64.841138,-2.979021
93,2014-08-15 12:00:00,-64.841127,-2.979062000000003
93,2014-08-15 16:00:00,-64.841127,-2.979062
93,2014-08-15 18:00:00,-64.84165,-2.979053999999993
93,2014-08-15 22:00:00,-64.84165,-2.979054
93,2014-08-16 00:00:00,-64.843197,-3.0171239999999977
93,2014-08-16 04:01:00,-64.843197,-3.017124
93,2014-08-16 06:00:00,-64.85486155083171,-3.003744700485429
93,2014-08-16 12:00:00,-64.85478580528607,-3.0036634488439407
93,2014-08-16 18:00:00,-64.839476,-3.0161620000000005
93,2014-08-16 22:01:00,-64.839476,-3.016162
93,2014-08-17 00:00:00,-64.839526,-3.0162719999999994
93,2014-08-17 04:01:00,-64.839526,-3.016272
93,2014-08-17 06:00:00,-64.839392,-3.016151000000003
93,2014-08-17 10:01:00,-64.839392,-3.016151
93,2014-08-17 12:00:00,-64.839628,-3.016045000000002
93,2014-08-17 16:01:00,-64.839628,-3.016045
93,2014-08-17 18:00:00,-64.839561,-3.016168999999996
93,2014-08-17 22:01:00,-64.839561,-3.016169
93,2014-08-18 00:00:00,-64.839147,-3.0161120000000023
93,2014-08-18 04:01:00,-64.839147,-3.016112
93,2014-08-18 06:00:00,-64.839583,-3.016039999999994
93,2014-08-18 10:02:00,-64.839583,-3.01604
93,2014-08-18 12:00:00,-64.839512,-3.0161330000000004
93,2014-08-18 16:01:00,-64.839512,-3.016133
93,2014-08-18 18:00:00,-64.839511,-3.0162290000000023
93,2014-08-18 22:00:00,-64.839511,-3.016229
93,2014-08-19 00:00:00,-64.839554,-3.0162060000000053
93,2014-08-19 04:01:00,-64.839554,-3.016206
93,2014-08-19 06:00:00,-64.839488,-3.016222999999998
93,2014-08-19 10:02:00,-64.839488,-3.016223
93,2014-08-19 12:00:00,-64.85510300633067,-3.0037533308351745
93,2014-08-19 18:00:00,-64.845915,-3.0075359999999955
93,2014-08-19 22:01:00,-64.845915,-3.007536
93,2014-08-20 00:00:00,-64.85515417028903,-3.0039250475475523
93,2014-08-20 06:00:00,-64.865456,-2.9912690000000053
93,2014-08-20 10:01:00,-64.865456,-2.991269
93,2014-08-20 12:00:00,-64.85522254070312,-3.0041329041473
93,2014-08-20 18:00:00,-64.888229,-2.968303000000008
93,2014-08-20 22:01:00,-64.888229,-2.968303
93,2014-08-21 00:00:00,-64.85515399885591,-3.0043229097667274
93,2014-08-21 06:00:00,-64.8553497925198,-3.0044220410646134
93,2014-08-21 12:00:00,-64.909375,-2.9731950000000062
93,2014-08-21 16:01:00,-64.909375,-2.973195
93,2014-08-21 18:00:00,-64.909539,-2.9731020000000057
93,2014-08-21 22:01:00,-64.909539,-2.973102
93,2014-08-22 00:00:00,-64.907275,-2.9754859999999983
93,2014-08-22 04:03:00,-64.907275,-2.975486
93,2014-08-22 06:00:00,-64.85502403073792,-3.004422597059913
93,2014-08-22 12:00:00,-64.85514626349384,-3.004069738105181
93,2014-08-22 18:00:00,-64.85544930761513,-3.0035990205305434
93,2014-08-23 00:00:00,-64.909828,-2.971510999999996
93,2014-08-23 04:03:00,-64.909828,-2.971511
93,2014-08-24 22:00:00,-64.904504,-2.938404000000004
93,2014-08-24 22:00:00,-64.904504,-2.938404
93,2014-08-25 04:02:00,-64.897669,-2.958839
93,2014-08-25 04:02:00,-64.897669,-2.9588390000000047
93,2014-08-25 22:01:00,-64.88202,-2.970459
93,2014-08-25 22:01:00,-64.88202,-2.9704589999999977
93,2014-08-26 10:00:00,-64.868063,-2.996698000000001
93,2014-08-26 10:00:00,-64.868063,-2.996698
93,2014-08-27 12:00:00,-64.848641,-3.0306710000000017
93,2014-08-27 16:01:00,-64.848641,-3.030671
93,2014-08-27 18:00:00,-64.848796,-3.030872999999997
93,2014-08-27 22:01:00,-64.848796,-3.030873
93,2014-08-28 00:00:00,-64.854879,-3.017742999999994
93,2014-08-28 04:01:00,-64.854879,-3.017743
93,2014-08-28 06:00:00,-64.867262,-2.9749429999999983
93,2014-08-28 10:00:00,-64.867262,-2.974943
93,2014-08-28 12:00:00,-64.86733,-2.974847999999996
93,2014-08-28 16:01:00,-64.86733,-2.974848
93,2014-08-28 18:00:00,-64.867545,-2.9751719999999944
93,2014-08-28 22:01:00,-64.867545,-2.975172
93,2014-08-29 00:00:00,-64.867337,-2.9754149999999986
93,2014-08-29 04:00:00,-64.867337,-2.975415
93,2014-08-29 06:00:00,-64.869615,-2.9748450000000064
93,2014-08-29 10:00:00,-64.869615,-2.974845
93,2014-08-29 12:00:00,-64.870898,-2.974622000000005
93,2014-08-29 16:02:00,-64.870898,-2.974622
93,2014-08-29 18:00:00,-64.882269,-2.970119000000008
93,2014-08-29 22:00:00,-64.882269,-2.970119
93,2014-08-30 00:00:00,-64.87323117790083,-2.98653297819206
93,2014-08-30 06:00:00,-64.91278,-2.9665949999999963
93,2014-08-30 10:01:00,-64.91278,-2.966595
93,2014-08-30 12:00:00,-64.912078,-2.965715999999994
93,2014-08-30 16:00:00,-64.912078,-2.965716
93,2014-08-30 18:00:00,-64.912047,-2.965763999999999
93,2014-08-30 22:00:00,-64.912047,-2.965764
93,2014-08-31 00:00:00,-64.87314557599407,-2.986605462649665
93,2014-08-31 06:00:00,-64.87324015662155,-2.986523920584092
93,2014-08-31 12:00:00,-64.912084,-2.965696000000007
93,2014-08-31 16:00:00,-64.912084,-2.965696
93,2014-08-31 18:00:00,-64.912122,-2.966009999999996
93,2014-08-31 22:01:00,-64.912122,-2.96601
93,2014-09-01 00:00:00,-64.87314326617974,-2.9865692977002585
93,2014-09-01 06:00:00,-64.903769,-2.9678440000000066
93,2014-09-01 10:00:00,-64.903769,-2.967844
93,2014-09-01 12:00:00,-64.87309158627407,-2.986424710601088
93,2014-09-01 18:00:00,-64.87316494396563,-2.986424584940323
93,2014-09-02 00:00:00,-64.912101,-2.966262999999997
93,2014-09-02 04:00:00,-64.912101,-2.966263
93,2014-09-02 06:00:00,-64.909436,-2.9679189999999984
93,2014-09-02 10:02:00,-64.909436,-2.967919
93,2014-09-02 12:00:00,-64.87327,-2.9737879999999963
93,2014-09-02 16:00:00,-64.87327,-2.973788
93,2014-09-02 18:00:00,-64.873222,-2.9735159999999934
93,2014-09-02 22:01:00,-64.873222,-2.973516
93,2014-09-03 00:00:00,-64.873839,-2.974575000000003
93,2014-09-03 04:01:00,-64.873839,-2.974575
93,2014-09-03 06:00:00,-64.873321,-2.9745279999999954
93,2014-09-03 10:01:00,-64.873321,-2.974528
93,2014-09-03 12:00:00,-64.872508,-2.974366999999996
93,2014-09-03 16:01:00,-64.872508,-2.974367
93,2014-09-03 18:00:00,-64.87194100000002,-2.9753220000000007
93,2014-09-03 22:00:00,-64.871941,-2.975322
93,2014-09-04 00:00:00,-64.871472,-2.975518999999997
93,2014-09-04 04:01:00,-64.871472,-2.975519
93,2014-09-04 06:00:00,-64.870782,-2.975126000000006
93,2014-09-04 10:00:00,-64.870782,-2.975126
93,2014-09-04 12:00:00,-64.869929,-2.975753999999998
93,2014-09-04 16:01:00,-64.869929,-2.975754
93,2014-09-04 18:00:00,-64.866466,-2.9820840000000057
93,2014-09-04 22:00:00,-64.866466,-2.982084
93,2014-09-05 00:00:00,-64.867179,-2.988392
93,2014-09-05 04:01:00,-64.867179,-2.988392
93,2014-09-05 06:00:00,-64.867998,-2.9908980000000027
93,2014-09-05 10:02:00,-64.867998,-2.990898
93,2014-09-05 12:00:00,-64.871436,-2.991412000000003
93,2014-09-05 16:00:00,-64.871436,-2.991412
93,2014-09-05 18:00:00,-64.869352,-2.989626000000001
93,2014-09-05 22:00:00,-64.869352,-2.989626
93,2014-09-06 00:00:00,-64.868195,-2.9864589999999973
93,2014-09-06 04:00:00,-64.868195,-2.986459
93,2014-09-06 06:00:00,-64.911005,-2.9621969999999944
93,2014-09-06 10:00:00,-64.911005,-2.962197
93,2014-09-06 12:00:00,-64.8731299488957,-2.986506024927128
93,2014-09-06 18:00:00,-64.912386,-2.9482679999999943
93,2014-09-06 22:00:00,-64.912386,-2.948268
93,2014-09-07 00:00:00,-64.904798,-2.9468269999999954
93,2014-09-07 04:02:00,-64.904798,-2.946827
93,2014-09-07 06:00:00,-64.875722,-2.955219000000007
93,2014-09-07 10:03:00,-64.875722,-2.955219
93,2014-09-07 12:00:00,-64.859132,-2.9628160000000063
93,2014-09-07 16:00:00,-64.859132,-2.962816
93,2014-09-07 18:00:00,-64.857426,-2.9625800000000084
93,2014-09-07 22:00:00,-64.857426,-2.96258
93,2014-09-08 00:00:00,-64.87262399367005,-2.9858196820995526
93,2014-09-08 06:00:00,-64.87254106987795,-2.9856480217101224
93,2014-09-08 12:00:00,-64.837381,-3.000252999999996
93,2014-09-08 16:02:00,-64.837381,-3.000253
93,2014-09-08 18:00:00,-64.83738,-2.9998270000000065
93,2014-09-08 22:03:00,-64.83738,-2.999827
93,2014-09-09 00:00:00,-64.87277689774969,-2.9856566601746435
93,2014-09-09 06:00:00,-64.8726869573269,-2.985656814169323
93,2014-09-09 12:00:00,-64.849283,-2.977454999999994
93,2014-09-09 16:00:00,-64.849283,-2.977455
93,2014-09-09 18:00:00,-64.87271865092269,-2.985783351109625
93,2014-09-10 00:00:00,-64.871961,-2.9661509999999947
93,2014-09-10 04:02:00,-64.871961,-2.966151
93,2014-09-10 06:00:00,-64.8727165096388,-2.985846650378392
93,2014-09-10 12:00:00,-64.8726913877285,-2.98578339779057
93,2014-09-10 18:00:00,-64.873262,-2.963852999999995
93,2014-09-10 22:01:00,-64.873262,-2.963853
93,2014-09-11 00:00:00,-64.87252128819974,-2.9855847599666614
93,2014-09-11 06:00:00,-64.82770600000002,-2.999852000000001
93,2014-09-11 10:01:00,-64.827706,-2.999852
93,2014-09-11 12:00:00,-64.833001,-2.992408999999993
93,2014-09-11 16:00:00,-64.833001,-2.992409
93,2014-09-11 18:00:00,-64.87283276817502,-2.985620395597055
93,2014-09-12 00:00:00,-64.87280314391151,-2.985719910834317
93,2014-09-12 06:00:00,-64.865335,-3.009007999999996
93,2014-09-12 10:01:00,-64.865335,-3.009008
93,2014-09-12 12:00:00,-64.866468,-3.009589999999993
93,2014-09-12 16:00:00,-64.866468,-3.00959
93,2014-09-12 18:00:00,-64.869886,-3.011620999999994
93,2014-09-12 22:00:00,-64.869886,-3.011621
93,2014-09-13 00:00:00,-64.879697,-3.010267999999998
93,2014-09-13 04:01:00,-64.879697,-3.010268
93,2014-09-13 06:00:00,-64.87321370630318,-2.9860085589994303
93,2014-09-13 12:00:00,-64.877247,-3.0169389999999923
93,2014-09-13 16:02:00,-64.877247,-3.016939
93,2014-09-13 18:00:00,-64.87317883906468,-2.9859995764939407
93,2014-09-14 00:00:00,-64.877306,-3.0253950000000005
93,2014-09-14 04:01:00,-64.877306,-3.025395
93,2014-09-14 06:00:00,-64.868845,-3.027482000000002
93,2014-09-14 10:00:00,-64.868845,-3.027482
93,2014-09-14 12:00:00,-64.87328658894674,-2.9857281251570003
93,2014-09-14 18:00:00,-64.868314,-3.025760000000007
93,2014-09-14 22:00:00,-64.868314,-3.02576
93,2014-09-15 00:00:00,-64.867907,-3.025471999999993
93,2014-09-15 04:00:00,-64.867907,-3.025472
93,2014-09-16 16:00:00,-64.823512,-3.073456
93,2014-09-16 16:00:00,-64.823512,-3.073455999999997
93,2014-09-17 10:00:00,-64.817153,-3.035029
93,2014-09-17 10:00:00,-64.817153,-3.0350289999999966
93,2014-09-18 04:02:00,-64.846433,-3.025011
93,2014-09-18 04:02:00,-64.846433,-3.0250110000000023
93,2014-09-18 16:02:00,-64.846883,-2.982237
93,2014-09-18 16:02:00,-64.846883,-2.982237000000008
93,2014-09-19 18:00:00,-64.905164,-2.9489350000000067
93,2014-09-19 22:01:00,-64.905164,-2.948935
93,2014-09-20 00:00:00,-64.883198,-2.9680029999999946
93,2014-09-20 04:01:00,-64.883198,-2.968003
93,2014-09-20 06:00:00,-64.884436,-2.971519000000006
93,2014-09-20 10:00:00,-64.884436,-2.971519
93,2014-09-20 12:00:00,-64.884187,-2.971337999999997
93,2014-09-20 16:00:00,-64.884187,-2.971338
93,2014-09-20 18:00:00,-64.892831,-2.9910849999999978
93,2014-09-20 22:00:00,-64.892831,-2.991085
93,2014-09-21 00:00:00,-64.85719631475763,-3.0063448988106933
93,2014-09-21 06:00:00,-64.856403,-3.0064420000000065
93,2014-09-21 10:01:00,-64.856403,-3.006442
93,2014-09-21 12:00:00,-64.85736138218721,-3.005892501337724
93,2014-09-21 18:00:00,-64.856486,-3.006275999999996
93,2014-09-21 22:01:00,-64.856486,-3.006276
93,2014-09-22 00:00:00,-64.856326,-3.0064030000000046
93,2014-09-22 04:00:00,-64.856326,-3.006403
93,2014-09-22 06:00:00,-64.85741290627162,-3.005612101805633
93,2014-09-22 12:00:00,-64.852057,-2.986623999999995
93,2014-09-22 16:03:00,-64.852057,-2.986624
93,2014-09-22 18:00:00,-64.8573159577401,-3.005458548343696
93,2014-09-23 00:00:00,-64.85719825583736,-3.005332157243354
93,2014-09-23 06:00:00,-64.836006,-3.019184999999992
93,2014-09-23 10:02:00,-64.836006,-3.019185
93,2014-09-23 12:00:00,-64.834898,-3.0183799999999947
93,2014-09-23 16:00:00,-64.834898,-3.01838
93,2014-09-23 18:00:00,-64.823612,-3.022499999999998
93,2014-09-23 22:00:00,-64.823612,-3.0225
93,2014-09-24 00:00:00,-64.85720967857733,-3.005106080074812
93,2014-09-24 06:00:00,-64.816281,-3.026333999999995
93,2014-09-24 10:02:00,-64.816281,-3.026334
93,2014-09-24 12:00:00,-64.833532,-3.020990999999996
93,2014-09-24 16:00:00,-64.833532,-3.020991
93,2014-09-24 18:00:00,-64.836025,-3.018933999999993
93,2014-09-24 22:00:00,-64.836025,-3.018934
93,2014-09-25 00:00:00,-64.844118,-2.961271999999997
93,2014-09-25 04:03:00,-64.844118,-2.961272
93,2014-09-25 06:00:00,-64.852843,-2.956797000000007
93,2014-09-25 10:01:00,-64.852843,-2.956797
93,2014-09-25 12:00:00,-64.876149,-2.996027000000008
93,2014-09-25 16:01:00,-64.876149,-2.996027
93,2014-09-25 18:00:00,-64.8573640916139,-3.0056664390819416
93,2014-09-26 00:00:00,-64.8574024301622,-3.005566908190346
93,2014-09-26 06:00:00,-64.85737596357387,-3.005539826518364
93,2014-09-26 12:00:00,-64.852424,-3.0221030000000053
93,2014-09-26 16:00:00,-64.852424,-3.022103
93,2014-09-26 18:00:00,-64.85156,-3.0234359999999936
93,2014-09-26 22:00:00,-64.85156,-3.023436
93,2014-09-27 00:00:00,-64.856809,-3.0298630000000006
93,2014-09-27 04:00:00,-64.856809,-3.029863
93,2014-09-27 06:00:00,-64.85763507500991,-3.00568406041906
93,2014-09-27 12:00:00,-64.862165,-3.0240260000000045
93,2014-09-27 16:00:00,-64.862165,-3.024026
93,2014-09-27 18:00:00,-64.867418,-2.997292999999996
93,2014-09-27 22:01:00,-64.867418,-2.997293
93,2014-09-28 00:00:00,-64.861025,-2.9709799999999924
93,2014-09-28 04:00:00,-64.861025,-2.97098
93,2014-09-28 06:00:00,-64.840232,-2.992567000000005
93,2014-09-28 10:00:00,-64.840232,-2.992567
93,2014-09-28 12:00:00,-64.842043,-3.008688000000007
93,2014-09-28 16:00:00,-64.842043,-3.008688
93,2014-09-28 18:00:00,-64.85738956784634,-3.0054403379096013
93,2014-09-29 00:00:00,-64.85728601125818,-3.0053681764767965
93,2014-09-29 06:00:00,-64.837919,-3.018189999999999
93,2014-09-29 10:02:00,-64.837919,-3.01819
93,2014-09-29 12:00:00,-64.839811,-3.016423000000002
93,2014-09-29 16:00:00,-64.839811,-3.016423
93,2014-09-29 18:00:00,-64.85737460989509,-3.0054041942582064
93,2014-09-30 00:00:00,-64.845698,-3.004020000000002
93,2014-09-30 04:02:00,-64.845698,-3.00402
93,2014-09-30 06:00:00,-64.845653,-3.0040200000000072
93,2014-09-30 10:02:00,-64.845653,-3.00402
93,2014-09-30 12:00:00,-64.84571,-3.00387899999999
93,2014-09-30 16:01:00,-64.84571,-3.003879
93,2014-09-30 18:00:00,-64.841565,-2.9898270000000067
93,2014-09-30 22:03:00,-64.841565,-2.989827
93,2014-10-01 00:00:00,-64.85751332522332,-3.005657141658066
93,2014-10-01 06:00:00,-64.86456,-2.972757999999996
93,2014-10-01 10:01:00,-64.86456,-2.972758
93,2014-10-01 12:00:00,-64.875028,-2.9717430000000062
93,2014-10-01 16:00:00,-64.875028,-2.971743
93,2014-10-01 18:00:00,-64.85763036183185,-3.0060548029237766
93,2014-10-02 00:00:00,-64.890034,-2.9885219999999952
93,2014-10-02 04:01:00,-64.890034,-2.988522
93,2014-10-02 06:00:00,-64.88756,-2.996308000000001
93,2014-10-02 10:00:00,-64.88756,-2.996308
93,2014-10-02 12:00:00,-64.85781639484942,-3.006199161645915
93,2014-10-02 18:00:00,-64.889919,-3.007250999999993
93,2014-10-02 22:00:00,-64.889919,-3.007251
93,2014-10-03 00:00:00,-64.85796041054154,-3.006262211456104
93,2014-10-03 06:00:00,-64.896099,-2.9840900000000024
93,2014-10-03 10:00:00,-64.896099,-2.98409
93,2014-10-03 12:00:00,-64.897186,-2.9821880000000016
93,2014-10-03 16:00:00,-64.897186,-2.982188
93,2014-10-03 18:00:00,-64.897396,-2.980872000000004
93,2014-10-03 22:01:00,-64.897396,-2.980872
93,2014-10-04 00:00:00,-64.85775838135656,-3.0062987261894727
93,2014-10-04 06:00:00,-64.880104,-2.9990520000000065
93,2014-10-04 10:00:00,-64.880104,-2.999052
93,2014-10-04 12:00:00,-64.87562,-3.0008279999999976
93,2014-10-04 16:01:00,-64.87562,-3.000828
93,2014-10-04 18:00:00,-64.875991,-3.000524999999993
93,2014-10-04 22:00:00,-64.875991,-3.000525
93,2014-10-05 00:00:00,-64.875759,-3.000942000000001
93,2014-10-05 04:02:00,-64.875759,-3.000942
93,2014-10-05 06:00:00,-64.875894,-3.0007329999999985
93,2014-10-05 10:00:00,-64.875894,-3.000733
93,2014-10-05 12:00:00,-64.875797,-3.0008940000000024
93,2014-10-05 16:00:00,-64.875797,-3.000894
93,2014-10-05 18:00:00,-64.867328,-2.9869610000000053
93,2014-10-05 22:03:00,-64.867328,-2.986961
93,2014-10-06 00:00:00,-64.88935,-2.9861940000000047
93,2014-10-06 04:00:00,-64.88935,-2.986194
93,2014-10-06 06:00:00,-64.886867,-2.990961000000007
93,2014-10-06 10:01:00,-64.886867,-2.990961
93,2014-10-06 12:00:00,-64.886011,-2.989315999999994
93,2014-10-06 16:01:00,-64.886011,-2.989316
93,2014-10-06 18:00:00,-64.85764696034555,-3.006063816844831
93,2014-10-07 00:00:00,-64.85766896611568,-3.00594622927224
93,2014-10-07 06:00:00,-64.881592,-2.9696669999999967
93,2014-10-07 10:03:00,-64.881592,-2.969667
93,2014-10-07 12:00:00,-64.876546,-2.9715450000000025
93,2014-10-07 16:00:00,-64.876546,-2.971545
93,2014-10-07 18:00:00,-64.8574902505738,-3.0059736617566144
93,2014-10-08 00:00:00,-64.85757960069955,-3.0059554243785773
93,2014-10-08 06:00:00,-64.874432,-2.9751889999999954
93,2014-10-08 10:01:00,-64.874432,-2.975189
93,2014-10-08 12:00:00,-64.877212,-2.9767820000000027
93,2014-10-08 16:03:00,-64.877212,-2.976782
93,2014-10-08 18:00:00,-64.881036,-2.9712769999999926
93,2014-10-08 22:01:00,-64.881036,-2.971277
93,2014-10-09 00:00:00,-64.868664,-2.988120999999999
93,2014-10-09 04:02:00,-64.868664,-2.988121
93,2014-10-09 06:00:00,-64.881526,-2.9832839999999967
93,2014-10-09 10:01:00,-64.881526,-2.983284
93,2014-10-09 12:00:00,-64.88155,-2.983175999999996
93,2014-10-09 16:00:00,-64.88155,-2.983176
93,2014-10-09 18:00:00,-64.885626,-2.990241999999998
93,2014-10-09 22:01:00,-64.885626,-2.990242
93,2014-10-10 00:00:00,-64.85778333551782,-3.006262514302038
93,2014-10-10 06:00:00,-64.882753,-2.9951229999999973
93,2014-10-10 10:01:00,-64.882753,-2.995123
93,2014-10-10 12:00:00,-64.88273600000001,-2.995025
93,2014-10-10 16:00:00,-64.882736,-2.995025
93,2014-10-10 18:00:00,-64.882592,-2.994822999999995
93,2014-10-10 22:01:00,-64.882592,-2.994823
93,2014-10-11 00:00:00,-64.882679,-2.995032000000005
93,2014-10-11 04:02:00,-64.882679,-2.995032
93,2014-10-11 06:00:00,-64.882534,-2.994965000000006
93,2014-10-11 10:01:00,-64.882534,-2.994965
93,2014-10-11 12:00:00,-64.883009,-2.9949730000000048
93,2014-10-11 16:01:00,-64.883009,-2.994973
93,2014-10-11 18:00:00,-64.85784330120758,-3.006153904118628
93,2014-10-12 00:00:00,-64.881017,-3.0027770000000085
93,2014-10-12 04:01:00,-64.881017,-3.002777
93,2014-10-12 06:00:00,-64.881083,-3.003806999999992
93,2014-10-12 10:01:00,-64.881083,-3.003807
93,2014-10-12 12:00:00,-64.873354,-3.013154999999996
93,2014-10-12 16:00:00,-64.873354,-3.013155
93,2014-10-12 18:00:00,-64.87356,-3.015518999999996
93,2014-10-12 22:00:00,-64.87356,-3.015519
93,2014-10-13 00:00:00,-64.864824,-3.0214989999999955
93,2014-10-13 04:01:00,-64.864824,-3.021499
93,2014-10-13 06:00:00,-64.862277,-3.023879
93,2014-10-13 10:00:00,-64.862277,-3.023879
93,2014-10-13 12:00:00,-64.862245,-3.023790999999996
93,2014-10-13 16:00:00,-64.862245,-3.023791
93,2014-10-13 18:00:00,-64.852282,-3.0206570000000035
93,2014-10-13 22:01:00,-64.852282,-3.020657
93,2014-10-14 00:00:00,-64.85768501393227,-3.0056297212162324
93,2014-10-14 06:00:00,-64.85751821626558,-3.0055576679502964
93,2014-10-14 12:00:00,-64.852775,-2.986170000000001
93,2014-10-14 16:00:00,-64.852775,-2.98617
93,2014-10-14 18:00:00,-64.856581,-2.993210000000001
93,2014-10-14 22:01:00,-64.856581,-2.99321
93,2014-10-15 00:00:00,-64.856489,-2.993628000000001
93,2014-10-15 04:01:00,-64.856489,-2.993628
93,2014-10-15 06:00:00,-64.853368,-2.9847870000000047
93,2014-10-15 10:00:00,-64.853368,-2.984787
93,2014-10-15 12:00:00,-64.848644,-2.9825409999999937
93,2014-10-15 16:01:00,-64.848644,-2.982541
93,2014-10-15 18:00:00,-64.857238269186,-3.0055581464960754
93,2014-10-16 00:00:00,-64.846539,-2.9777790000000075
93,2014-10-16 04:01:00,-64.846539,-2.977779
93,2014-10-16 06:00:00,-64.850669,-2.975695999999999
93,2014-10-16 10:00:00,-64.850669,-2.975696
93,2014-10-16 12:00:00,-64.854984,-2.974882000000004
93,2014-10-16 16:00:00,-64.854984,-2.974882
93,2014-10-16 18:00:00,-64.85735487743307,-3.005702624053258
93,2014-10-17 00:00:00,-64.85744261759356,-3.005729600973724
93,2014-10-17 06:00:00,-64.866885,-2.9930330000000063
93,2014-10-17 10:00:00,-64.866885,-2.993033
93,2014-10-17 12:00:00,-64.866277,-3.0008239999999944
93,2014-10-17 16:00:00,-64.866277,-3.000824
93,2014-10-17 18:00:00,-64.867646,-3.001888000000003
93,2014-10-17 22:00:00,-64.867646,-3.001888
93,2014-10-18 00:00:00,-64.866898,-3.0027279999999945
93,2014-10-18 04:02:00,-64.866898,-3.002728
93,2014-10-18 06:00:00,-64.865994,-3.0018140000000053
93,2014-10-18 10:02:00,-64.865994,-3.001814
93,2014-10-18 12:00:00,-64.866644,-2.998656999999999
93,2014-10-18 16:00:00,-64.866644,-2.998657
93,2014-10-18 18:00:00,-64.867042,-2.996815000000004
93,2014-10-18 22:00:00,-64.867042,-2.996815
93,2014-10-19 00:00:00,-64.867224,-2.997294999999995
93,2014-10-19 04:00:00,-64.867224,-2.997295
93,2014-10-19 06:00:00,-64.867219,-2.9975100000000063
93,2014-10-19 10:02:00,-64.867219,-2.99751
93,2014-10-19 12:00:00,-64.86657500000001,-2.9969959999999984
93,2014-10-19 16:00:00,-64.866575,-2.996996
93,2014-10-19 18:00:00,-64.85792000310823,-3.006135688337672
93,2014-10-20 00:00:00,-64.894139,-2.984785000000002
93,2014-10-20 04:00:00,-64.894139,-2.984785
93,2014-10-20 06:00:00,-64.894228,-2.984744999999994
93,2014-10-20 10:00:00,-64.894228,-2.984745
93,2014-10-20 12:00:00,-64.894814,-2.9844569999999924
93,2014-10-20 16:00:00,-64.894814,-2.984457
93,2014-10-20 18:00:00,-64.85783767411792,-3.00631667518617
93,2014-10-21 00:00:00,-64.88233700000002,-2.996843000000008
93,2014-10-21 04:02:00,-64.882337,-2.996843
93,2014-10-21 06:00:00,-64.88522,-2.9991830000000084
93,2014-10-21 10:01:00,-64.88522,-2.999183
93,2014-10-21 12:00:00,-64.885555,-2.999091000000003
93,2014-10-21 16:00:00,-64.885555,-2.999091
93,2014-10-21 18:00:00,-64.884893,-2.998808000000005
93,2014-10-21 22:00:00,-64.884893,-2.998808
93,2014-10-22 00:00:00,-64.890589,-3.0021340000000003
93,2014-10-22 04:00:00,-64.890589,-3.002134
93,2014-10-22 06:00:00,-64.890752,-3.0020590000000027
93,2014-10-22 10:00:00,-64.890752,-3.002059
93,2014-10-22 12:00:00,-64.889529,-3.004187000000003
93,2014-10-22 16:00:00,-64.889529,-3.004187
93,2014-10-22 18:00:00,-64.869576,-3.0126400000000024
93,2014-10-22 22:01:00,-64.869576,-3.01264
93,2014-10-23 00:00:00,-64.85744070174916,-3.005593969680357
93,2014-10-23 06:00:00,-64.833564,-3.018403000000003
93,2014-10-23 10:00:00,-64.833564,-3.018403
93,2014-10-23 12:00:00,-64.826424,-3.021841
93,2014-10-23 16:00:00,-64.826424,-3.021841
93,2014-10-23 18:00:00,-64.823783,-3.018556000000004
93,2014-10-23 22:01:00,-64.823783,-3.018556
93,2014-10-24 00:00:00,-64.829268,-3.015654999999995
93,2014-10-24 04:01:00,-64.829268,-3.015655
93,2014-10-24 06:00:00,-64.8572828794313,-3.005178293415496
93,2014-10-24 12:00:00,-64.836221,-3.0039070000000048
93,2014-10-24 16:00:00,-64.836221,-3.003907
93,2014-10-24 18:00:00,-64.836895,-3.0039640000000025
93,2014-10-24 22:01:00,-64.836895,-3.003964
93,2014-10-25 00:00:00,-64.8572226172987,-3.005277861771908
93,2014-10-25 06:00:00,-64.839084,-3.000470000000002
93,2014-10-25 10:00:00,-64.839084,-3.00047
93,2014-10-25 12:00:00,-64.839111,-3.0005219999999926
93,2014-10-25 16:00:00,-64.839111,-3.000522
93,2014-10-25 18:00:00,-64.85720242603531,-3.005305023198428
93,2014-10-26 00:00:00,-64.838599,-2.999171000000007
93,2014-10-26 04:01:00,-64.838599,-2.999171
93,2014-10-26 06:00:00,-64.837029,-2.999862000000003
93,2014-10-26 10:01:00,-64.837029,-2.999862
93,2014-10-26 12:00:00,-64.837019,-2.997371000000003
93,2014-10-26 16:00:00,-64.837019,-2.997371
93,2014-10-26 18:00:00,-64.85736178766221,-3.0054675123105867
93,2014-10-27 00:00:00,-64.856091,-2.9871220000000025
93,2014-10-27 04:00:00,-64.856091,-2.987122
93,2014-10-27 06:00:00,-64.857089,-3.006238000000001
93,2014-10-27 10:00:00,-64.857089,-3.006238
93,2014-10-27 12:00:00,-64.856901,-3.0060910000000063
93,2014-10-27 16:00:00,-64.856901,-3.006091
93,2014-10-27 18:00:00,-64.8575959602038,-3.0056570003825103
93,2014-10-28 00:00:00,-64.856928,-3.0061510000000027
93,2014-10-28 04:01:00,-64.856928,-3.006151
93,2014-10-28 06:00:00,-64.85772318801558,-3.00576529049471
93,2014-10-28 12:00:00,-64.86255,-3.010844
93,2014-10-28 16:01:00,-64.86255,-3.010844
93,2014-10-28 18:00:00,-64.866579,-3.024890999999992
93,2014-10-28 22:02:00,-64.866579,-3.024891
93,2014-10-29 00:00:00,-64.885747,-3.012811999999994
93,2014-10-29 04:01:00,-64.885747,-3.012812
93,2014-10-29 06:00:00,-64.885705,-3.012202000000001
93,2014-10-29 10:01:00,-64.885705,-3.012202
93,2014-10-29 12:00:00,-64.886579,-3.011429000000004
93,2014-10-29 16:00:00,-64.886579,-3.011429
93,2014-10-29 18:00:00,-64.89113,-3.0029259999999924
93,2014-10-29 22:01:00,-64.89113,-3.002926
93,2014-10-30 00:00:00,-64.8580069306847,-3.0061807511750387
93,2014-10-30 06:00:00,-64.85802687145382,-3.006171674767721
93,2014-10-30 12:00:00,-64.886826,-2.994020999999998
93,2014-10-30 16:00:00,-64.886826,-2.994021
93,2014-10-30 18:00:00,-64.899606,-2.984973000000001
93,2014-10-30 22:01:00,-64.899606,-2.984973
93,2014-10-31 00:00:00,-64.907192,-2.984852999999997
93,2014-10-31 04:00:00,-64.907192,-2.984853
93,2014-10-31 06:00:00,-64.908465,-2.983694999999995
93,2014-10-31 10:00:00,-64.908465,-2.983695
93,2014-10-31 12:00:00,-64.88788,-2.963437999999994
93,2014-10-31 16:00:00,-64.88788,-2.963438
93,2014-10-31 18:00:00,-64.865701,-2.958089999999993
93,2014-10-31 22:01:00,-64.865701,-2.95809
93,2014-11-01 00:00:00,-64.878848,-2.957314000000008
93,2014-11-01 04:00:00,-64.878848,-2.957314
93,2014-11-01 06:00:00,-64.86819,-2.970672999999997
93,2014-11-01 10:00:00,-64.86819,-2.970673
93,2014-11-01 12:00:00,-64.871448,-2.9723610000000016
93,2014-11-01 16:00:00,-64.871448,-2.972361
93,2014-11-01 18:00:00,-64.875662,-2.976517000000004
93,2014-11-01 22:01:00,-64.875662,-2.976517
93,2014-11-02 00:00:00,-64.879564,-2.9991490000000054
93,2014-11-02 04:00:00,-64.879564,-2.999149
93,2014-11-02 06:00:00,-64.876744,-3.0093670000000023
93,2014-11-02 10:00:00,-64.876744,-3.009367
93,2014-11-02 12:00:00,-64.876759,-3.009334999999993
93,2014-11-02 16:00:00,-64.876759,-3.009335
93,2014-11-02 18:00:00,-64.884604,-3.019826000000005
93,2014-11-02 22:00:00,-64.884604,-3.019826
93,2014-11-03 00:00:00,-64.874201,-3.0263729999999978
93,2014-11-03 04:03:00,-64.874201,-3.026373
93,2014-11-03 06:00:00,-64.85790197430556,-3.0059458308258624
93,2014-11-03 12:00:00,-64.871341,-3.025409
93,2014-11-03 16:01:00,-64.871341,-3.025409
93,2014-11-03 18:00:00,-64.864693,-3.0320760000000044
93,2014-11-03 22:01:00,-64.864693,-3.032076
93,2014-11-04 00:00:00,-64.85431,-3.0292259999999995
93,2014-11-04 04:01:00,-64.85431,-3.029226
93,2014-11-04 06:00:00,-64.854456,-3.029174000000008
93,2014-11-04 10:03:00,-64.854456,-3.029174
93,2014-11-04 12:00:00,-64.85171,-3.023159999999998
93,2014-11-04 16:01:00,-64.85171,-3.02316
93,2014-11-04 18:00:00,-64.850052,-3.024821000000008
93,2014-11-04 22:03:00,-64.850052,-3.024821
93,2014-11-05 00:00:00,-64.847375,-3.0285729999999944
93,2014-11-05 04:01:00,-64.847375,-3.028573
93,2014-11-05 06:00:00,-64.85765023378191,-3.005340426967728
93,2014-11-05 12:00:00,-64.843079,-3.0350499999999947
93,2014-11-05 16:01:00,-64.843079,-3.03505
93,2014-11-05 18:00:00,-64.836559,-3.046847999999994
93,2014-11-05 22:01:00,-64.836559,-3.046848
93,2014-11-06 00:00:00,-64.837992,-3.049360999999996
93,2014-11-06 04:01:00,-64.837992,-3.049361
93,2014-11-06 06:00:00,-64.85770187442007,-3.0052951271681967
93,2014-11-06 12:00:00,-64.837759,-3.0491489999999986
93,2014-11-06 16:01:00,-64.837759,-3.049149
93,2014-11-06 18:00:00,-64.85766069459737,-3.005376578298444
93,2014-11-07 00:00:00,-64.84980600000002,-3.0390340000000005
93,2014-11-07 04:01:00,-64.849806,-3.039034
93,2014-11-07 06:00:00,-64.850398,-3.0375300000000025
93,2014-11-07 10:01:00,-64.850398,-3.03753
93,2014-11-07 12:00:00,-64.851712,-3.027625
93,2014-11-07 16:01:00,-64.851712,-3.027625
93,2014-11-07 18:00:00,-64.848962,-3.0102650000000013
93,2014-11-07 22:01:00,-64.848962,-3.010265
93,2014-11-08 00:00:00,-64.857881,-2.994098999999997
93,2014-11-08 04:01:00,-64.857881,-2.994099
93,2014-11-08 06:00:00,-64.8574137552739,-3.005449338869082
93,2014-11-08 12:00:00,-64.855233,-3.007670999999995
93,2014-11-08 16:01:00,-64.855233,-3.007671
93,2014-11-08 18:00:00,-64.83485,-3.017696000000003
93,2014-11-08 22:00:00,-64.83485,-3.017696
93,2014-11-09 00:00:00,-64.85721903037872,-3.005151275621461
93,2014-11-09 06:00:00,-64.817316,-3.005168999999998
93,2014-11-09 10:01:00,-64.817316,-3.005169
93,2014-11-09 12:00:00,-64.827208,-2.990077000000001
93,2014-11-09 16:00:00,-64.827208,-2.990077
93,2014-11-09 18:00:00,-64.827864,-2.999605
93,2014-11-09 22:00:00,-64.827864,-2.999605
93,2014-11-10 00:00:00,-64.85725095962918,-3.005250686414467
93,2014-11-10 06:00:00,-64.834765,-2.9887450000000064
93,2014-11-10 10:02:00,-64.834765,-2.988745
93,2014-11-10 12:00:00,-64.85742788530706,-3.005494526238653
93,2014-11-10 18:00:00,-64.85749891410975,-3.0056119547737423
93,2014-11-11 00:00:00,-64.862171,-3.002456999999992
93,2014-11-11 04:01:00,-64.862171,-3.002457
93,2014-11-11 06:00:00,-64.860128,-3.002333000000007
93,2014-11-11 10:00:00,-64.860128,-3.002333
93,2014-11-11 12:00:00,-64.878756,-3.0082260000000045
93,2014-11-11 16:01:00,-64.878756,-3.008226
93,2014-11-11 18:00:00,-64.888654,-3.009123999999996
93,2014-11-11 22:00:00,-64.888654,-3.009124
93,2014-11-12 00:00:00,-64.890127,-3.007768999999997
93,2014-11-12 04:00:00,-64.890127,-3.007769
93,2014-11-12 06:00:00,-64.85800021557391,-3.0061988472634487
93,2014-11-12 12:00:00,-64.889671,-3.007915999999997
93,2014-11-12 16:00:00,-64.889671,-3.007916
93,2014-11-12 18:00:00,-64.874911,-3.0131999999999963
93,2014-11-12 22:00:00,-64.874911,-3.0132
93,2014-11-13 00:00:00,-64.874769,-3.013455999999996
93,2014-11-13 04:01:00,-64.874769,-3.013456
93,2014-11-13 06:00:00,-64.874858,-3.0134690000000024
93,2014-11-13 10:00:00,-64.874858,-3.013469
93,2014-11-13 12:00:00,-64.874894,-3.0133329999999927
93,2014-11-13 16:00:00,-64.874894,-3.013333
93,2014-11-13 18:00:00,-64.874662,-3.0135669999999988
93,2014-11-13 22:01:00,-64.874662,-3.013567
93,2014-11-14 00:00:00,-64.880084,-3.0146530000000005
93,2014-11-14 04:00:00,-64.880084,-3.014653
93,2014-11-14 06:00:00,-64.880099,-3.0146610000000047
93,2014-11-14 10:02:00,-64.880099,-3.014661
93,2014-11-14 12:00:00,-64.849345,-2.9806329999999925
93,2014-11-14 16:00:00,-64.849345,-2.980633
93,2014-11-14 18:00:00,-64.854443,-2.9744969999999977
93,2014-11-14 22:01:00,-64.854443,-2.974497
93,2014-11-15 00:00:00,-64.847273,-2.9643329999999986
93,2014-11-15 04:00:00,-64.847273,-2.964333
93,2014-11-15 06:00:00,-64.847084,-2.9644199999999965
93,2014-11-15 10:00:00,-64.847084,-2.96442
93,2014-11-15 12:00:00,-64.84404100000002,-2.967179000000001
93,2014-11-15 16:00:00,-64.844041,-2.967179
93,2014-11-15 18:00:00,-64.8570496549842,-3.005549426568799
93,2014-11-16 00:00:00,-64.845347,-2.999598000000009
93,2014-11-16 04:02:00,-64.845347,-2.999598
93,2014-11-16 06:00:00,-64.845149,-3.0000419999999948
93,2014-11-16 10:01:00,-64.845149,-3.000042
93,2014-11-16 12:00:00,-64.845641,-3.0042909999999923
93,2014-11-16 16:00:00,-64.845641,-3.004291
93,2014-11-16 18:00:00,-64.857947,-2.995872000000002
93,2014-11-16 22:02:00,-64.857947,-2.995872
93,2014-11-17 00:00:00,-64.857558,-2.995906000000004
93,2014-11-17 04:02:00,-64.857558,-2.995906
93,2014-11-17 06:00:00,-64.857621,-2.995996000000006
93,2014-11-17 10:02:00,-64.857621,-2.995996
93,2014-11-17 12:00:00,-64.862944,-2.9962659999999968
93,2014-11-17 16:01:00,-64.862944,-2.996266
93,2014-11-17 18:00:00,-64.854984,-3.0116729999999974
93,2014-11-17 22:02:00,-64.854984,-3.011673
93,2014-11-18 00:00:00,-64.824298,-3.021037000000004
93,2014-11-18 04:02:00,-64.824298,-3.021037
93,2014-11-18 06:00:00,-64.817551,-3.0203420000000043
93,2014-11-18 10:00:00,-64.817551,-3.020342
93,2014-11-18 12:00:00,-64.817798,-3.0201730000000024
93,2014-11-18 16:01:00,-64.817798,-3.020173
93,2014-11-18 18:00:00,-64.85726678191612,-3.005133109400126
93,2014-11-19 00:00:00,-64.838616,-3.0004339999999923
93,2014-11-19 04:01:00,-64.838616,-3.000434
93,2014-11-19 06:00:00,-64.838634,-2.9996800000000072
93,2014-11-19 10:00:00,-64.838634,-2.99968
93,2014-11-19 12:00:00,-64.837109,-2.9972479999999964
93,2014-11-19 16:00:00,-64.837109,-2.997248
93,2014-11-19 18:00:00,-64.85725409728607,-3.005277807968591
93,2014-11-20 00:00:00,-64.827787,-3.035078000000001
93,2014-11-20 04:00:00,-64.827787,-3.035078
93,2014-11-20 06:00:00,-64.839424,-3.019906999999997
93,2014-11-20 10:00:00,-64.839424,-3.019907
93,2014-11-20 12:00:00,-64.85765420890341,-3.0055303085459024
93,2014-11-20 18:00:00,-64.85767698523448,-3.0057020733700903
93,2014-11-21 00:00:00,-64.88499,-3.0099289999999943
93,2014-11-21 04:00:00,-64.88499,-3.009929
93,2014-11-21 06:00:00,-64.885248,-3.0098369999999943
93,2014-11-21 10:01:00,-64.885248,-3.009837
93,2014-11-21 12:00:00,-64.877603,-2.992830999999995
93,2014-11-21 16:00:00,-64.877603,-2.992831
93,2014-11-21 18:00:00,-64.853264,-2.996739999999999
93,2014-11-21 22:01:00,-64.853264,-2.99674
93,2014-11-22 00:00:00,-64.84421,-3.014361999999993
93,2014-11-22 04:01:00,-64.84421,-3.014362
93,2014-11-22 06:00:00,-64.844276,-3.014628999999995
93,2014-11-22 10:00:00,-64.844276,-3.014629
93,2014-11-22 12:00:00,-64.85748813212035,-3.005385915597189
93,2014-11-22 18:00:00,-64.8573150744686,-3.0052686614429334
93,2014-11-23 00:00:00,-64.824639,-3.027200000000004
93,2014-11-23 04:00:00,-64.824639,-3.0272
93,2014-11-23 06:00:00,-64.84317,-3.020319
93,2014-11-23 10:01:00,-64.84317,-3.020319
93,2014-11-23 12:00:00,-64.843577,-3.0202470000000035
93,2014-11-23 16:01:00,-64.843577,-3.020247
93,2014-11-23 18:00:00,-64.85741582033052,-3.005340827682186
93,2014-11-24 00:00:00,-64.843445,-3.020566
93,2014-11-24 04:02:00,-64.843445,-3.020566
93,2014-11-24 06:00:00,-64.84360900000001,-3.0206750000000087
93,2014-11-24 10:00:00,-64.843609,-3.020675
93,2014-11-24 12:00:00,-64.838534,-3.011431999999993
93,2014-11-24 16:01:00,-64.838534,-3.011432
93,2014-11-24 18:00:00,-64.85739767303643,-3.005413197140398
93,2014-11-25 00:00:00,-64.851652,-3.015276999999998
93,2014-11-25 04:02:00,-64.851652,-3.015277
93,2014-11-25 06:00:00,-64.857243,-3.0098350000000047
93,2014-11-25 10:00:00,-64.857243,-3.009835
93,2014-11-25 12:00:00,-64.85725615653163,-3.0053320582824914
93,2014-11-25 18:00:00,-64.841114,-2.9804230000000067
93,2014-11-25 22:01:00,-64.841114,-2.980423
93,2014-11-26 00:00:00,-64.827223,-2.990559999999997
93,2014-11-26 04:01:00,-64.827223,-2.99056
93,2014-11-26 06:00:00,-64.827115,-2.990582999999991
93,2014-11-26 10:00:00,-64.827115,-2.990583
93,2014-11-26 12:00:00,-64.827546,-2.9899310000000017
93,2014-11-26 16:01:00,-64.827546,-2.989931
93,2014-11-26 18:00:00,-64.825493,-2.989881999999992
93,2014-11-26 22:01:00,-64.825493,-2.989882
93,2014-11-27 00:00:00,-64.85710956546659,-3.005241885759072
93,2014-11-27 06:00:00,-64.838513,-3.019624999999996
93,2014-11-27 10:01:00,-64.838513,-3.019625
93,2014-11-27 12:00:00,-64.85726932101024,-3.005304908865503
93,2014-11-27 18:00:00,-64.837944,-3.018032999999996
93,2014-11-27 22:03:00,-64.837944,-3.018033
93,2014-11-28 00:00:00,-64.843264,-3.016716000000004
93,2014-11-28 04:01:00,-64.843264,-3.016716
93,2014-11-28 06:00:00,-64.846393,-3.017301000000008
93,2014-11-28 10:01:00,-64.846393,-3.017301
93,2014-11-28 12:00:00,-64.84980600000002,-3.0128549999999943
93,2014-11-28 16:00:00,-64.849806,-3.012855
93,2014-11-28 18:00:00,-64.85754809207106,-3.0054400669232373
93,2014-11-29 00:00:00,-64.85135,-3.0365610000000047
93,2014-11-29 04:01:00,-64.85135,-3.036561
93,2014-11-29 06:00:00,-64.851184,-3.0366170000000032
93,2014-11-29 10:00:00,-64.851184,-3.036617
93,2014-11-29 12:00:00,-64.850703,-3.036747999999996
93,2014-11-29 16:00:00,-64.850703,-3.036748
93,2014-11-29 18:00:00,-64.85769365641177,-3.005421733463923
93,2014-11-30 00:00:00,-64.849298,-3.0309609999999947
93,2014-11-30 04:01:00,-64.849298,-3.030961
93,2014-11-30 06:00:00,-64.849976,-3.0307499999999976
93,2014-11-30 10:01:00,-64.849976,-3.03075
93,2014-11-30 12:00:00,-64.849082,-3.030771999999996
93,2014-11-30 16:01:00,-64.849082,-3.030772
93,2014-11-30 18:00:00,-64.838166,-3.044968999999992
93,2014-11-30 22:02:00,-64.838166,-3.044969
93,2014-12-01 00:00:00,-64.857653157329,-3.005240956630831
93,2014-12-01 06:00:00,-64.838201,-3.045200999999992
93,2014-12-01 10:00:00,-64.838201,-3.045201
93,2014-12-01 12:00:00,-64.837571,-3.045452000000004
93,2014-12-01 16:03:00,-64.837571,-3.045452
93,2014-12-01 18:00:00,-64.839149,-3.044795999999999
93,2014-12-01 22:01:00,-64.839149,-3.044796
93,2014-12-02 00:00:00,-64.837532,-3.047894999999997
93,2014-12-02 04:01:00,-64.837532,-3.047895
93,2014-12-02 06:00:00,-64.837296,-3.047657999999994
93,2014-12-02 10:00:00,-64.837296,-3.047658
93,2014-12-02 12:00:00,-64.85779412696844,-3.0053311386638866
93,2014-12-02 18:00:00,-64.85762412474263,-3.005358556209288
93,2014-12-03 00:00:00,-64.85744881272365,-3.005404067418945
93,2014-12-03 06:00:00,-64.84759300000002,-3.029075000000003
93,2014-12-03 10:00:00,-64.847593,-3.029075
93,2014-12-03 12:00:00,-64.847588,-3.029185000000005
93,2014-12-03 16:00:00,-64.847588,-3.029185
93,2014-12-03 18:00:00,-64.856707,-3.010175
93,2014-12-03 22:01:00,-64.856707,-3.010175
93,2014-12-04 00:00:00,-64.854549,-2.9906590000000075
93,2014-12-04 04:02:00,-64.854549,-2.990659
93,2014-12-04 06:00:00,-64.850168,-2.9911199999999947
93,2014-12-04 10:00:00,-64.850168,-2.99112
93,2014-12-04 12:00:00,-64.85725293658976,-3.005422486841732
93,2014-12-04 18:00:00,-64.85709524611828,-3.005250952536989
93,2014-12-05 00:00:00,-64.825979,-2.9879990000000003
93,2014-12-05 04:01:00,-64.825979,-2.987999
93,2014-12-05 06:00:00,-64.82757700000002,-2.988854000000004
93,2014-12-05 10:00:00,-64.827577,-2.988854
93,2014-12-05 12:00:00,-64.829973,-2.987723999999996
93,2014-12-05 16:00:00,-64.829973,-2.987724
93,2014-12-05 18:00:00,-64.834641,-2.960022999999997
93,2014-12-05 22:02:00,-64.834641,-2.960023
93,2014-12-06 00:00:00,-64.844184,-2.9614250000000006
93,2014-12-06 04:01:00,-64.844184,-2.961425
93,2014-12-06 06:00:00,-64.85694552095147,-3.00546822377587
93,2014-12-06 12:00:00,-64.845357,-2.966823999999993
93,2014-12-06 16:01:00,-64.845357,-2.966824
93,2014-12-06 18:00:00,-64.8570392400513,-3.005540402062341
93,2014-12-07 00:00:00,-64.854404,-2.981987000000004
93,2014-12-07 04:01:00,-64.854404,-2.981987
93,2014-12-07 06:00:00,-64.854443,-2.982516000000003
93,2014-12-07 10:00:00,-64.854443,-2.982516
93,2014-12-07 12:00:00,-64.854296,-2.982640000000009
93,2014-12-07 16:00:00,-64.854296,-2.98264
93,2014-12-07 18:00:00,-64.85722219277373,-3.0053592432491856
93,2014-12-08 00:00:00,-64.85712201491488,-3.005124314501398
93,2014-12-08 06:00:00,-64.81033,-3.063031999999992
93,2014-12-08 10:02:00,-64.81033,-3.063032
93,2014-12-08 12:00:00,-64.810589,-3.063393000000003
93,2014-12-08 16:01:00,-64.810589,-3.063393
93,2014-12-08 18:00:00,-64.821332,-3.057207000000008
93,2014-12-08 22:01:00,-64.821332,-3.057207
93,2014-12-09 00:00:00,-64.857638449862,-3.005186727951206
93,2014-12-09 06:00:00,-64.85751800793625,-3.0052683145715124
93,2014-12-09 12:00:00,-64.857373598466,-3.005304730632448
93,2014-12-09 18:00:00,-64.82835,-3.044885999999997
93,2014-12-09 22:01:00,-64.82835,-3.044886
93,2014-12-10 00:00:00,-64.8575730615344,-3.005412897325736
93,2014-12-10 06:00:00,-64.858409,-3.0254480000000044
93,2014-12-10 10:00:00,-64.858409,-3.025448
93,2014-12-10 12:00:00,-64.858313,-3.024944999999997
93,2014-12-10 16:01:00,-64.858313,-3.024945
93,2014-12-10 18:00:00,-64.866888,-3.0254640000000057
93,2014-12-10 22:00:00,-64.866888,-3.025464
93,2014-12-12 00:00:00,-64.856367,-3.007416999999997
93,2014-12-12 04:01:00,-64.856367,-3.007417
93,2014-12-12 06:00:00,-64.856182,-3.007458000000007
93,2014-12-12 10:00:00,-64.856182,-3.007458
93,2014-12-12 12:00:00,-64.8482148671044,-3.005654913784733
93,2014-12-12 18:00:00,-64.845422,-2.978267000000004
93,2014-12-12 22:01:00,-64.845422,-2.978267
93,2014-12-13 00:00:00,-64.845397,-2.9782430000000057
93,2014-12-13 04:01:00,-64.845397,-2.978243
93,2014-12-13 06:00:00,-64.845162,-2.978333000000001
93,2014-12-13 10:01:00,-64.845162,-2.978333
93,2014-12-13 12:00:00,-64.845099,-2.978272999999993
93,2014-12-13 16:01:00,-64.845099,-2.978273
93,2014-12-13 18:00:00,-64.840405,-2.976589999999995
93,2014-12-13 22:01:00,-64.840405,-2.97659
93,2014-12-14 00:00:00,-64.835993,-2.9730979999999967
93,2014-12-14 04:01:00,-64.835993,-2.973098
93,2014-12-14 06:00:00,-64.84861903087139,-3.004306916098452
93,2014-12-14 12:00:00,-64.84863143569696,-3.00416221740507
93,2014-12-14 18:00:00,-64.84853750389733,-3.003963445431664
93,2014-12-15 00:00:00,-64.814959,-3.017935999999996
93,2014-12-15 04:00:00,-64.814959,-3.017936
93,2014-12-15 06:00:00,-64.816479,-3.0175210000000017
93,2014-12-15 10:00:00,-64.816479,-3.017521
93,2014-12-15 12:00:00,-64.84872154543415,-3.0039269630790804
93,2014-12-15 18:00:00,-64.84862510719599,-3.003909042370402
93,2014-12-16 00:00:00,-64.820666,-3.016729000000001
93,2014-12-16 04:02:00,-64.820666,-3.016729
93,2014-12-16 06:00:00,-64.84864004966944,-3.003936144011234
93,2014-12-16 12:00:00,-64.821358,-3.017188999999998
93,2014-12-16 16:01:00,-64.821358,-3.017189
93,2014-12-16 18:00:00,-64.84868851582263,-3.0040084003923044
93,2014-12-17 00:00:00,-64.835086,-2.9857239999999967
93,2014-12-17 04:01:00,-64.835086,-2.985724
93,2014-12-17 06:00:00,-64.835543,-2.985499999999996
93,2014-12-17 10:00:00,-64.835543,-2.9855
93,2014-12-17 12:00:00,-64.83883,-2.986375999999997
93,2014-12-17 16:00:00,-64.83883,-2.986376
93,2014-12-17 18:00:00,-64.84885829959036,-3.004351720904832
93,2014-12-18 00:00:00,-64.84894698958041,-3.0044419935313496
93,2014-12-18 06:00:00,-64.873803,-2.990101
93,2014-12-18 10:01:00,-64.873803,-2.990101
93,2014-12-18 12:00:00,-64.84900454142178,-3.00456848850325
93,2014-12-18 18:00:00,-64.84905451143824,-3.004532234105397
93,2014-12-19 00:00:00,-64.84913147251991,-3.004667738386998
93,2014-12-19 06:00:00,-64.874351,-3.027341999999999
93,2014-12-19 10:00:00,-64.874351,-3.027342
93,2014-12-19 12:00:00,-64.874359,-3.0262229999999994
93,2014-12-19 16:00:00,-64.874359,-3.026223
93,2014-12-19 18:00:00,-64.868306,-3.025805000000005
93,2014-12-19 22:01:00,-64.868306,-3.025805
93,2014-12-20 00:00:00,-64.84927913504886,-3.004893545816992
93,2014-12-20 06:00:00,-64.859803,-3.023439000000004
93,2014-12-20 10:02:00,-64.859803,-3.023439
93,2014-12-20 12:00:00,-64.859835,-3.0237299999999907
93,2014-12-20 16:00:00,-64.859835,-3.02373
93,2014-12-20 18:00:00,-64.84926558267685,-3.0048573994914025
93,2014-12-21 00:00:00,-64.866776,-2.9827160000000004
93,2014-12-21 04:01:00,-64.866776,-2.982716
93,2014-12-21 06:00:00,-64.868121,-2.982424000000002
93,2014-12-21 10:01:00,-64.868121,-2.982424
93,2014-12-21 12:00:00,-64.867947,-2.9835449999999977
93,2014-12-21 16:01:00,-64.867947,-2.983545
93,2014-12-21 18:00:00,-64.84910973966203,-3.004948088127465
93,2014-12-22 00:00:00,-64.885642,-2.988782999999994
93,2014-12-22 04:00:00,-64.885642,-2.988783
93,2014-12-22 06:00:00,-64.84901456971136,-3.0048487842253224
93,2014-12-22 12:00:00,-64.874776,-2.997109999999999
93,2014-12-22 16:00:00,-64.874776,-2.99711
93,2014-12-22 18:00:00,-64.84887372098247,-3.0044963722515776
93,2014-12-23 00:00:00,-64.84872289073273,-3.0042253583208502
93,2014-12-23 06:00:00,-64.820856,-3.023511000000002
93,2014-12-23 10:01:00,-64.820856,-3.023511
93,2014-12-23 12:00:00,-64.831751,-3.019294999999994
93,2014-12-23 16:00:00,-64.831751,-3.019295
93,2014-12-23 18:00:00,-64.84881502161576,-3.004189032235128
93,2014-12-24 00:00:00,-64.84871518005687,-3.004153032639102
93,2014-12-24 06:00:00,-64.831573,-2.9692859999999928
93,2014-12-24 10:00:00,-64.831573,-2.969286
93,2014-12-24 12:00:00,-64.847466,-2.9556279999999937
93,2014-12-24 16:01:00,-64.847466,-2.955628
93,2014-12-24 18:00:00,-64.84857594350751,-3.0044245399249
93,2014-12-25 00:00:00,-64.848126,-2.958758000000001
93,2014-12-25 04:02:00,-64.848126,-2.958758
93,2014-12-25 06:00:00,-64.848122,-2.958678000000001
93,2014-12-25 10:01:00,-64.848122,-2.958678
93,2014-12-25 12:00:00,-64.848208,-2.958804000000004
93,2014-12-25 16:02:00,-64.848208,-2.958804
93,2014-12-25 18:00:00,-64.847718,-2.966539999999993
93,2014-12-25 22:00:00,-64.847718,-2.96654
93,2014-12-26 00:00:00,-64.845195,-2.969289000000002
93,2014-12-26 04:02:00,-64.845195,-2.969289
93,2014-12-26 06:00:00,-64.848115,-2.9787350000000083
93,2014-12-26 10:02:00,-64.848115,-2.978735
93,2014-12-26 12:00:00,-64.84646,-2.992494999999997
93,2014-12-26 16:01:00,-64.84646,-2.992495
93,2014-12-26 18:00:00,-64.84885216971108,-3.0045506630016425
93,2014-12-27 00:00:00,-64.84889509770689,-3.004505378238342
93,2014-12-27 06:00:00,-64.845764,-2.977598999999997
93,2014-12-27 10:00:00,-64.845764,-2.977599
93,2014-12-27 12:00:00,-64.845782,-2.977539
93,2014-12-27 16:01:00,-64.845782,-2.977539
93,2014-12-27 18:00:00,-64.862391,-2.997411000000005
93,2014-12-27 22:02:00,-64.862391,-2.997411
93,2014-12-28 00:00:00,-64.886818,-3.0167139999999937
93,2014-12-28 04:02:00,-64.886818,-3.016714
93,2014-12-28 06:00:00,-64.886901,-3.016589999999994
93,2014-12-28 10:00:00,-64.886901,-3.01659
93,2014-12-28 12:00:00,-64.885946,-3.0075300000000014
93,2014-12-28 16:00:00,-64.885946,-3.00753
93,2014-12-28 18:00:00,-64.84926790032635,-3.005065369516541
93,2014-12-29 00:00:00,-64.857841,-3.006945999999993
93,2014-12-29 04:02:00,-64.857841,-3.006946
93,2014-12-29 06:00:00,-64.8492822116229,-3.004884498235542
93,2014-12-29 12:00:00,-64.877746,-3.0106770000000043
93,2014-12-29 16:01:00,-64.877746,-3.010677
93,2014-12-29 18:00:00,-64.870442,-3.0122510000000067
93,2014-12-29 22:01:00,-64.870442,-3.012251
93,2014-12-30 00:00:00,-64.84928536431393,-3.0049206622565308
93,2014-12-30 06:00:00,-64.874024,-3.0166899999999925
93,2014-12-30 10:00:00,-64.874024,-3.01669
93,2014-12-30 12:00:00,-64.873891,-3.016745
93,2014-12-30 16:00:00,-64.873891,-3.016745
93,2014-12-30 18:00:00,-64.844053,-3.036112999999997
93,2014-12-30 22:00:00,-64.844053,-3.036113
93,2014-12-31 00:00:00,-64.843856,-3.0527960000000074
93,2014-12-31 04:01:00,-64.843856,-3.052796
93,2014-12-31 06:00:00,-64.84334900000002,-3.052740999999995
93,2014-12-31 10:01:00,-64.843349,-3.052741
93,2014-12-31 12:00:00,-64.84918473829461,-3.004251699803272
93,2014-12-31 18:00:00,-64.843011,-3.062762000000006
93,2014-12-31 22:00:00,-64.843011,-3.062762
93,2015-01-01 00:00:00,-64.84905682709197,-3.0040710704363587
93,2015-01-01 06:00:00,-64.819833,-3.067123000000007
93,2015-01-01 10:00:00,-64.819833,-3.067123
93,2015-01-01 12:00:00,-64.84902080418449,-3.0040440046639896
93,2015-01-01 18:00:00,-64.836291,-3.048155000000006
93,2015-01-01 22:00:00,-64.836291,-3.048155
93,2015-01-02 00:00:00,-64.843697,-3.0345379999999977
93,2015-01-02 04:00:00,-64.843697,-3.034538
93,2015-01-02 06:00:00,-64.843661,-3.0345680000000024
93,2015-01-02 10:00:00,-64.843661,-3.034568
93,2015-01-02 12:00:00,-64.84906572294567,-3.0041795634767205
93,2015-01-02 18:00:00,-64.8489366042195,-3.004116486659723
93,2015-01-03 00:00:00,-64.84879403967354,-3.0040805597320186
93,2015-01-03 06:00:00,-64.836479,-3.021228999999994
93,2015-01-03 10:00:00,-64.836479,-3.021229
93,2015-01-03 12:00:00,-64.84872307250798,-3.003999299277408
93,2015-01-03 18:00:00,-64.825307,-3.016006999999996
93,2015-01-03 22:00:00,-64.825307,-3.016007
93,2015-01-04 00:00:00,-64.825109,-3.0162340000000056
93,2015-01-04 04:01:00,-64.825109,-3.016234
93,2015-01-04 06:00:00,-64.84880551799452,-3.00405341316418
93,2015-01-04 12:00:00,-64.84872964367295,-3.00406258454815
93,2015-01-04 18:00:00,-64.837911,-2.988243000000001
93,2015-01-04 22:02:00,-64.837911,-2.988243
93,2015-01-05 00:00:00,-64.84869352226801,-3.0041440271215616
93,2015-01-05 06:00:00,-64.84395900000001,-2.9768440000000047
93,2015-01-05 10:00:00,-64.843959,-2.976844
93,2015-01-05 12:00:00,-64.84861163891699,-3.0040899122712394
93,2015-01-05 18:00:00,-64.829091,-3.009774000000005
93,2015-01-05 22:01:00,-64.829091,-3.009774
93,2015-01-06 00:00:00,-64.84863953316456,-3.0039632719389933
93,2015-01-06 06:00:00,-64.817971,-3.0190900000000065
93,2015-01-06 10:00:00,-64.817971,-3.01909
93,2015-01-06 12:00:00,-64.831074,-3.0173879999999933
93,2015-01-06 16:00:00,-64.831074,-3.017388
93,2015-01-06 18:00:00,-64.84888693049503,-3.004161782887683
93,2015-01-07 00:00:00,-64.84886348779706,-3.004261288593992
93,2015-01-07 06:00:00,-64.853773,-3.004692999999992
93,2015-01-07 10:01:00,-64.853773,-3.004693
93,2015-01-07 12:00:00,-64.84890147106462,-3.0044511133067417
93,2015-01-07 18:00:00,-64.854904,-3.002413
93,2015-01-07 22:02:00,-64.854904,-3.002413
93,2015-01-08 00:00:00,-64.84892545353136,-3.004505326602401
93,2015-01-08 06:00:00,-64.857806,-2.995693000000007
93,2015-01-08 10:00:00,-64.857806,-2.995693
93,2015-01-08 12:00:00,-64.8489293885456,-3.004505319908791
93,2015-01-08 18:00:00,-64.84892234651606,-3.004496289539245
93,2015-01-09 00:00:00,-64.84892758844428,-3.0046047888017275
93,2015-01-09 06:00:00,-64.86457,-2.9969059999999987
93,2015-01-09 10:00:00,-64.86457,-2.996906
93,2015-01-09 12:00:00,-64.865419,-2.995328999999999
93,2015-01-09 16:01:00,-64.865419,-2.995329
93,2015-01-09 18:00:00,-64.84904612492416,-3.004559375415234
93,2015-01-10 00:00:00,-64.86142000000001,-2.9656329999999977
93,2015-01-10 04:02:00,-64.86142,-2.965633
93,2015-01-10 06:00:00,-64.873001,-2.9873079999999983
93,2015-01-10 10:00:00,-64.873001,-2.987308
93,2015-01-11 06:00:00,-64.844743,-3.0355189999999994
93,2015-01-11 10:01:00,-64.844743,-3.035519
93,2015-01-11 12:00:00,-64.8417725241456,-3.0359307067528603
93,2015-01-11 18:00:00,-64.840324,-3.0336779999999948
93,2015-01-11 22:02:00,-64.840324,-3.033678
93,2015-01-12 00:00:00,-64.840088,-3.033699999999992
93,2015-01-12 04:02:00,-64.840088,-3.0337
93,2015-01-12 06:00:00,-64.840566,-3.0333469999999965
93,2015-01-12 10:01:00,-64.840566,-3.033347
93,2015-01-12 12:00:00,-64.844398,-3.041171000000001
93,2015-01-12 16:02:00,-64.844398,-3.041171
93,2015-02-18 04:02:00,-64.832511,-3.031068
93,2015-02-18 04:02:00,-64.832511,-3.031067999999994
93,2015-04-04 06:00:00,-64.85002,-3.0837679999999943
93,2015-04-04 10:01:00,-64.85002,-3.083768
93,2015-04-04 12:00:00,-64.84993500000002,-3.084712000000005
93,2015-04-04 16:01:00,-64.849935,-3.084712
93,2015-04-04 18:00:00,-64.84993500000002,-3.083338999999993
93,2015-04-04 22:02:00,-64.849935,-3.083339
93,2015-04-05 00:00:00,-64.840236,-3.078703999999997
93,2015-04-05 04:01:00,-64.840236,-3.078704
93,2015-04-05 06:00:00,-64.838347,-3.0737259999999926
93,2015-04-05 10:00:00,-64.838347,-3.073726
93,2015-04-05 12:00:00,-64.838433,-3.073726
93,2015-04-05 16:00:00,-64.838433,-3.073726
93,2015-04-05 18:00:00,-64.838347,-3.0737259999999926
93,2015-04-05 22:01:00,-64.838347,-3.073726
93,2015-04-27 06:00:00,-64.776206,-3.103851999999997
93,2015-04-27 10:00:00,-64.776206,-3.103852
93,2015-04-27 12:00:00,-64.776292,-3.103766000000002
93,2015-04-27 16:00:00,-64.776292,-3.103766
93,2015-04-27 18:00:00,-64.776292,-3.103766000000002
93,2015-04-27 22:00:00,-64.776292,-3.103766
93,2015-04-28 00:00:00,-64.775519,-3.106169999999996
93,2015-04-28 04:00:00,-64.775519,-3.10617
93,2015-04-28 06:00:00,-64.775262,-3.106169999999993
93,2015-04-28 10:01:00,-64.775262,-3.10617
93,2015-04-28 12:00:00,-64.775434,-3.106256000000004
93,2015-04-28 16:01:00,-64.775434,-3.106256
93,2015-04-28 18:00:00,-64.775262,-3.106256000000008
93,2015-04-28 22:01:00,-64.775262,-3.106256
93,2015-05-03 06:00:00,-64.782987,-3.1007619999999925
93,2015-05-03 10:00:00,-64.782987,-3.100762
93,2015-05-03 12:00:00,-64.782987,-3.1007619999999925
93,2015-05-03 16:00:00,-64.782987,-3.100762
93,2015-05-03 18:00:00,-64.783072,-3.100761999999992
93,2015-05-03 22:00:00,-64.783072,-3.100762
93,2015-05-04 00:00:00,-64.782901,-3.100761999999996
93,2015-05-04 04:00:00,-64.782901,-3.100762
93,2015-05-04 06:00:00,-64.782987,-3.1007619999999925
93,2015-05-04 10:00:00,-64.782987,-3.100762
93,2015-05-04 12:00:00,-64.782987,-3.100677000000005
93,2015-05-04 16:00:00,-64.782987,-3.100677
93,2015-05-04 18:00:00,-64.782987,-3.100677000000005
93,2015-05-04 22:00:00,-64.782987,-3.100677
93,2015-05-05 00:00:00,-64.782214,-3.101105999999997
93,2015-05-05 04:01:00,-64.782214,-3.101106
93,2015-05-05 06:00:00,-64.782214,-3.101191999999999
93,2015-05-05 10:00:00,-64.782214,-3.101192
93,2015-05-05 12:00:00,-64.782214,-3.101191999999999
93,2015-05-05 16:00:00,-64.782214,-3.101192
93,2015-05-05 18:00:00,-64.782214,-3.101276999999992
93,2015-05-05 22:00:00,-64.782214,-3.101277
93,2015-05-12 00:00:00,-64.773202,-3.101449000000002
93,2015-05-12 04:02:00,-64.773202,-3.101449
93,2015-05-12 06:00:00,-64.773116,-3.1017070000000064
93,2015-05-12 10:01:00,-64.773116,-3.101707
93,2015-05-12 12:00:00,-64.773288,-3.1014489999999952
93,2015-05-12 16:00:00,-64.773288,-3.101449
93,2015-05-12 18:00:00,-64.773202,-3.101449000000002
93,2015-05-12 22:00:00,-64.773202,-3.101449
93,2015-05-13 00:00:00,-64.773288,-3.101621000000001
93,2015-05-13 04:01:00,-64.773288,-3.101621
93,2015-05-13 06:00:00,-64.773202,-3.101449000000002
93,2015-05-13 10:00:00,-64.773202,-3.101449
93,2015-05-13 12:00:00,-64.77303000000002,-3.101621000000002
93,2015-05-13 16:00:00,-64.77303,-3.101621
93,2015-05-13 18:00:00,-64.773116,-3.101535000000004
93,2015-05-13 22:00:00,-64.773116,-3.101535
93,2015-05-17 10:00:00,-64.787793,-3.107715
93,2015-05-17 10:00:00,-64.787793,-3.107714999999996
93,2015-05-17 16:00:00,-64.791055,-3.104881999999992
93,2015-05-17 16:00:00,-64.791055,-3.104882
93,2015-05-17 22:00:00,-64.791055,-3.1049679999999937
93,2015-05-17 22:00:00,-64.791055,-3.104968
93,2015-06-01 18:00:00,-64.825301,-3.037075999999993
93,2015-06-01 22:00:00,-64.825301,-3.037076
93,2015-06-02 00:00:00,-64.825387,-3.0372479999999977
93,2015-06-02 04:01:00,-64.825387,-3.037248
93,2015-06-02 06:00:00,-64.825301,-3.0371619999999986
93,2015-06-02 10:02:00,-64.825301,-3.037162
93,2015-06-02 12:00:00,-64.825387,-3.0370759999999914
93,2015-06-02 16:00:00,-64.825387,-3.037076
93,2015-06-02 18:00:00,-64.826589,-3.040595000000005
93,2015-06-02 22:00:00,-64.826589,-3.040595
93,2015-06-03 00:00:00,-64.826589,-3.040681000000001
93,2015-06-03 04:00:00,-64.826589,-3.040681
93,2015-06-03 06:00:00,-64.826503,-3.040680999999992
93,2015-06-03 10:01:00,-64.826503,-3.040681
93,2015-06-03 12:00:00,-64.826589,-3.040595000000005
93,2015-06-03 16:00:00,-64.826589,-3.040595
93,2015-06-03 18:00:00,-64.82667400000001,-3.040508999999997
93,2015-06-03 22:00:00,-64.826674,-3.040509
93,2015-06-04 00:00:00,-64.82676,-3.040767
93,2015-06-04 04:01:00,-64.82676,-3.040767
93,2015-06-04 06:00:00,-64.826503,-3.0405950000000024
93,2015-06-04 10:00:00,-64.826503,-3.040595
93,2015-06-04 12:00:00,-64.82667400000001,-3.0393080000000023
93,2015-06-04 16:00:00,-64.826674,-3.039308
93,2015-06-04 18:00:00,-64.82667400000001,-3.0393080000000023
93,2015-06-04 22:00:00,-64.826674,-3.039308
93,2015-06-05 00:00:00,-64.828734,-3.029437000000001
93,2015-06-05 04:01:00,-64.828734,-3.029437
93,2015-06-05 06:00:00,-64.8278328861251,-3.0368496852194755
93,2015-06-05 12:00:00,-64.834313,-3.026775999999995
93,2015-06-05 16:00:00,-64.834313,-3.026776
93,2015-06-05 18:00:00,-64.834399,-3.0267760000000057
93,2015-06-05 22:00:00,-64.834399,-3.026776
93,2015-06-06 00:00:00,-64.838519,-3.0242010000000032
93,2015-06-06 04:00:00,-64.838519,-3.024201
93,2015-06-06 06:00:00,-64.827361,-3.0343289999999983
93,2015-06-06 10:01:00,-64.827361,-3.034329
93,2015-06-10 00:00:00,-64.811482,-3.035531000000001
93,2015-06-10 04:01:00,-64.811482,-3.035531
93,2015-06-10 06:00:00,-64.820666,-3.033471000000002
93,2015-06-10 10:01:00,-64.820666,-3.033471
93,2015-06-10 12:00:00,-64.820409,-3.033384999999996
93,2015-06-10 16:00:00,-64.820409,-3.033385
93,2015-06-10 18:00:00,-64.82058,-3.033385000000003
93,2015-06-10 22:00:00,-64.82058,-3.033385
93,2015-06-11 00:00:00,-64.821095,-3.031840000000005
93,2015-06-11 04:01:00,-64.821095,-3.03184
93,2015-06-11 06:00:00,-64.828563,-3.029437000000007
93,2015-06-11 10:00:00,-64.828563,-3.029437
93,2015-06-11 12:00:00,-64.828649,-3.029437
93,2015-06-11 16:00:00,-64.828649,-3.029437
93,2015-06-14 22:00:00,-64.849162,-3.012357
93,2015-06-14 22:00:00,-64.849162,-3.012357000000006
93,2015-06-21 18:00:00,-64.840751,-3.039392999999993
93,2015-06-21 22:00:00,-64.840751,-3.039393
93,2015-06-22 00:00:00,-64.834313,-3.0442000000000027
93,2015-06-22 04:01:00,-64.834313,-3.0442
93,2015-06-22 06:00:00,-64.832768,-3.049263999999998
93,2015-06-22 10:00:00,-64.832768,-3.049264
93,2015-06-22 12:00:00,-64.832854,-3.049263999999998
93,2015-06-22 16:00:00,-64.832854,-3.049264
93,2015-06-22 18:00:00,-64.832854,-3.049350000000003
93,2015-06-22 22:00:00,-64.832854,-3.04935
93,2015-06-23 00:00:00,-64.8278835114458,-3.053867487950372
93,2015-06-23 06:00:00,-64.824357,-3.05759
93,2015-06-23 10:01:00,-64.824357,-3.05759
93,2015-06-23 12:00:00,-64.822383,-3.058877000000008
93,2015-06-23 16:02:00,-64.822383,-3.058877
93,2015-06-23 18:00:00,-64.82798097850049,-3.053659345072876
93,2015-06-24 00:00:00,-64.82794901670823,-3.0535418478854583
93,2015-06-24 06:00:00,-64.818263,-3.0644560000000074
93,2015-06-24 10:01:00,-64.818263,-3.064456
93,2015-06-24 12:00:00,-64.817662,-3.064970999999992
93,2015-06-24 16:00:00,-64.817662,-3.064971
93,2015-07-12 18:00:00,-64.850535,-3.036903999999995
93,2015-07-12 22:01:00,-64.850535,-3.036904
93,2015-07-13 00:00:00,-64.851737,-3.0351879999999967
93,2015-07-13 04:01:00,-64.851737,-3.035188
93,2015-07-13 06:00:00,-64.851737,-3.0351879999999967
93,2015-07-13 10:00:00,-64.851737,-3.035188
93,2015-07-13 12:00:00,-64.851823,-3.0352740000000007
93,2015-07-13 16:00:00,-64.851823,-3.035274
93,2015-07-13 18:00:00,-64.851823,-3.0351879999999967
93,2015-07-13 22:00:00,-64.851823,-3.035188
93,2015-07-14 00:00:00,-64.851136,-3.034844000000008
93,2015-07-14 04:02:00,-64.851136,-3.034844
93,2015-07-14 06:00:00,-64.851136,-3.032269
93,2015-07-14 10:00:00,-64.851136,-3.032269
93,2015-07-14 12:00:00,-64.851308,-3.029007999999997
93,2015-07-14 16:00:00,-64.851308,-3.029008
93,2015-07-14 18:00:00,-64.851394,-3.0290939999999944
93,2015-07-14 22:00:00,-64.851394,-3.029094
93,2015-07-15 00:00:00,-64.84920984809351,-3.030908489801446
93,2015-07-15 06:00:00,-64.843583,-3.0207680000000083
93,2015-07-15 10:00:00,-64.843583,-3.020768
93,2015-07-15 12:00:00,-64.843583,-3.0207680000000083
93,2015-07-15 16:01:00,-64.843583,-3.020768
93,2015-07-15 18:00:00,-64.843669,-3.020767999999993
93,2015-07-15 22:00:00,-64.843669,-3.020768
93,2015-07-24 16:00:00,-64.823928,-3.040938
93,2015-07-24 16:00:00,-64.823928,-3.040937999999996
93,2015-07-24 22:00:00,-64.824014,-3.040938
93,2015-07-24 22:00:00,-64.824014,-3.040938000000005
93,2015-07-28 04:00:00,-64.808221,-3.067718
93,2015-07-28 04:00:00,-64.808221,-3.067718000000004
93,2015-07-28 10:01:00,-64.808307,-3.067631999999997
93,2015-07-28 10:01:00,-64.808307,-3.067632
93,2015-07-28 16:00:00,-64.811225,-3.068061
93,2015-07-28 16:00:00,-64.811225,-3.068061000000008
93,2015-07-28 22:01:00,-64.811311,-3.0680610000000064
93,2015-07-28 22:01:00,-64.811311,-3.068061
93,2015-07-31 06:00:00,-64.816031,-3.0872010000000008
93,2015-07-31 10:00:00,-64.816031,-3.087201
93,2015-07-31 12:00:00,-64.816031,-3.087115000000002
93,2015-07-31 16:00:00,-64.816031,-3.087115
93,2015-07-31 18:00:00,-64.816203,-3.086944000000002
93,2015-07-31 22:00:00,-64.816203,-3.086944
93,2015-08-01 00:00:00,-64.813113,-3.090892000000008
93,2015-08-01 04:00:00,-64.813113,-3.090892
93,2015-08-01 06:00:00,-64.813113,-3.090892000000008
93,2015-08-01 10:00:00,-64.813113,-3.090892
93,2015-08-01 12:00:00,-64.813113,-3.090720000000002
93,2015-08-01 16:01:00,-64.813113,-3.09072
93,2015-08-01 18:00:00,-64.813113,-3.090892000000008
93,2015-08-01 22:00:00,-64.813113,-3.090892
