99,2014-11-21 02:00:00,-64.914492,-2.984694
99,2014-11-21 04:00:00,-64.914393,-2.984782
99,2014-11-21 06:00:00,-64.914429,-2.984764
99,2014-11-21 08:00:00,-64.914457,-2.984743
99,2014-11-21 10:00:00,-64.914398,-2.98477
99,2014-11-21 12:00:00,-64.914415,-2.984724
99,2014-11-21 14:00:00,-64.914481,-2.984671
99,2014-11-21 16:00:00,-64.914587,-2.984635
99,2014-11-21 18:00:00,-64.914527,-2.98459
99,2014-11-21 20:00:00,-64.914506,-2.984673
99,2014-11-21 22:00:00,-64.914467,-2.984642
99,2014-11-22 00:01:00,-64.914618,-2.984603
99,2014-11-22 02:00:00,-64.914497,-2.984709
99,2014-11-22 04:00:00,-64.914441,-2.984768
99,2014-11-22 06:00:00,-64.9145,-2.984677
99,2014-11-22 08:01:00,-64.914491,-2.98474
99,2014-11-22 10:00:00,-64.914442,-2.984835
99,2014-11-22 12:00:00,-64.91445,-2.984755
99,2014-11-22 14:00:00,-64.914472,-2.984738
99,2014-11-22 16:00:00,-64.914431,-2.984706
99,2014-11-22 18:01:00,-64.914503,-2.984643
99,2014-11-22 20:00:00,-64.914375,-2.98484
99,2014-11-22 22:00:00,-64.91448,-2.98468
99,2014-11-23 00:00:00,-64.914462,-2.984705
99,2014-11-23 02:00:00,-64.914518,-2.98459
99,2014-11-23 04:00:00,-64.914494,-2.984705
99,2014-11-23 06:01:00,-64.914477,-2.984616
99,2014-11-23 08:00:00,-64.914494,-2.984712
99,2014-11-23 10:00:00,-64.914364,-2.984767
99,2014-11-23 12:00:00,-64.91448,-2.984707
99,2014-11-23 14:00:00,-64.914476,-2.984691
99,2014-11-23 16:00:00,-64.914469,-2.984672
99,2014-11-23 18:00:00,-64.914501,-2.984645
99,2014-11-23 22:00:00,-64.914425,-2.984697
99,2014-11-24 00:01:00,-64.914413,-2.984725
99,2014-11-24 02:01:00,-64.914386,-2.984746
99,2014-11-24 04:01:00,-64.914312,-2.984743
99,2014-11-24 10:01:00,-64.867561,-3.042991
99,2014-11-24 12:01:00,-64.867486,-3.042981
99,2014-11-24 18:02:00,-64.866643,-3.039881
99,2014-11-24 20:01:00,-64.86554,-3.039672
99,2014-11-24 22:01:00,-64.865328,-3.039155
99,2014-11-25 00:01:00,-64.865201,-3.040464
99,2014-11-25 04:01:00,-64.86352,-3.046094
99,2014-11-25 06:01:00,-64.86365,-3.046087
99,2014-11-25 08:00:00,-64.8636,-3.046046
99,2014-11-25 10:01:00,-64.862023,-3.050914
99,2014-11-25 12:00:00,-64.859414,-3.051799
99,2014-11-25 14:01:00,-64.858727,-3.051297
99,2014-11-25 18:01:00,-64.858728,-3.050746
99,2014-11-25 20:02:00,-64.859717,-3.049629
99,2014-11-25 22:01:00,-64.863357,-3.057866
99,2014-11-26 00:02:00,-64.868913,-3.05621
99,2014-11-26 02:00:00,-64.86757,-3.049822
99,2014-11-26 04:00:00,-64.868038,-3.04652
99,2014-11-26 06:00:00,-64.867769,-3.046859
99,2014-11-26 08:00:00,-64.868012,-3.046798
99,2014-11-26 10:00:00,-64.867815,-3.046655
99,2014-11-26 12:00:00,-64.867854,-3.046569
99,2014-11-26 14:01:00,-64.867901,-3.0466
99,2014-11-26 16:02:00,-64.86801,-3.046486
99,2014-11-26 18:00:00,-64.86803,-3.046549
99,2014-11-26 20:01:00,-64.868004,-3.046582
99,2014-11-26 22:00:00,-64.867957,-3.046508
99,2014-11-27 00:02:00,-64.867976,-3.046567
99,2014-11-27 02:00:00,-64.867944,-3.046589
99,2014-11-27 06:02:00,-64.867915,-3.046532
99,2014-11-27 08:00:00,-64.867877,-3.046659
99,2014-11-27 10:01:00,-64.867847,-3.046582
99,2014-11-27 12:00:00,-64.867885,-3.046447
99,2014-11-27 14:02:00,-64.867924,-3.04651
99,2014-11-27 16:00:00,-64.868012,-3.04646
99,2014-11-27 18:01:00,-64.867954,-3.046591
99,2014-11-27 20:01:00,-64.867923,-3.046697
99,2014-11-28 00:02:00,-64.867842,-3.046556
99,2014-11-28 04:00:00,-64.867978,-3.046882
99,2014-11-28 06:00:00,-64.867927,-3.04683
99,2014-11-28 08:00:00,-64.867922,-3.046546
99,2014-11-28 10:00:00,-64.867906,-3.046448
99,2014-11-28 14:02:00,-64.867856,-3.046489
99,2014-11-28 16:01:00,-64.865808,-3.0451
99,2014-11-28 18:01:00,-64.86805,-3.046467
99,2014-11-28 20:02:00,-64.867933,-3.046445
99,2014-11-28 22:02:00,-64.867839,-3.046538
99,2014-11-29 02:00:00,-64.867885,-3.046506
99,2014-11-29 04:01:00,-64.866393,-3.045196
99,2014-11-29 06:02:00,-64.866524,-3.045169
99,2014-11-29 10:00:00,-64.866498,-3.045239
99,2014-11-29 12:00:00,-64.866653,-3.045164
99,2014-11-29 14:01:00,-64.866624,-3.04522
99,2014-11-29 20:01:00,-64.865317,-3.045148
99,2014-11-29 22:02:00,-64.86534,-3.045259
99,2014-11-30 00:02:00,-64.865365,-3.045161
99,2014-11-30 02:02:00,-64.865222,-3.045138
99,2014-11-30 04:01:00,-64.864694,-3.040725
99,2014-11-30 06:01:00,-64.864743,-3.040751
99,2014-11-30 10:00:00,-64.866628,-3.039959
99,2014-11-30 12:00:00,-64.866536,-3.0399
99,2014-11-30 14:01:00,-64.866557,-3.039934
99,2014-11-30 22:02:00,-64.869377,-3.036828
99,2014-12-01 00:01:00,-64.869654,-3.036608
99,2014-12-01 04:01:00,-64.869684,-3.036682
99,2014-12-01 06:01:00,-64.869704,-3.036606
99,2014-12-01 08:01:00,-64.869579,-3.036731
99,2014-12-01 10:01:00,-64.868269,-3.041454
99,2014-12-01 16:02:00,-64.868105,-3.041594
99,2014-12-02 00:00:00,-64.859147,-3.052664
99,2014-12-02 02:01:00,-64.855461,-3.055702
99,2014-12-02 04:01:00,-64.85552,-3.055808
99,2014-12-02 06:01:00,-64.855459,-3.055874
99,2014-12-02 10:00:00,-64.856255,-3.054821
99,2014-12-02 14:01:00,-64.857219,-3.055472
99,2014-12-02 20:01:00,-64.858201,-3.057985
99,2014-12-03 06:01:00,-64.853051,-3.060482
99,2014-12-03 08:02:00,-64.853103,-3.060524
99,2014-12-03 10:01:00,-64.853112,-3.060539
99,2014-12-03 12:01:00,-64.853607,-3.060618
99,2014-12-03 14:01:00,-64.853655,-3.060702
99,2014-12-03 16:01:00,-64.853524,-3.060595
99,2014-12-04 00:01:00,-64.844675,-3.066743
99,2014-12-04 02:02:00,-64.84188,-3.061076
99,2014-12-04 04:00:00,-64.849559,-3.065024
99,2014-12-04 06:01:00,-64.852756,-3.064666
99,2014-12-04 08:01:00,-64.852832,-3.064753
99,2014-12-04 10:01:00,-64.852643,-3.06477
99,2014-12-04 12:03:00,-64.852867,-3.064555
99,2014-12-04 14:01:00,-64.852795,-3.064623
99,2014-12-04 18:00:00,-64.853977,-3.064554
99,2014-12-04 20:02:00,-64.860699,-3.063985
99,2014-12-04 22:02:00,-64.857656,-3.072887
99,2014-12-05 04:01:00,-64.852828,-3.064536
99,2014-12-05 06:02:00,-64.852692,-3.064714
99,2014-12-05 08:01:00,-64.852788,-3.064578
99,2014-12-05 10:01:00,-64.852702,-3.064711
99,2014-12-05 12:01:00,-64.849516,-3.066468
99,2014-12-05 14:01:00,-64.849167,-3.067039
99,2014-12-05 16:01:00,-64.846286,-3.071544
99,2014-12-05 18:02:00,-64.838411,-3.072325
99,2014-12-06 00:02:00,-64.845038,-3.063831
99,2014-12-06 02:02:00,-64.845026,-3.063882
99,2014-12-06 04:02:00,-64.845044,-3.063944
99,2014-12-06 08:02:00,-64.845046,-3.063856
99,2014-12-06 10:02:00,-64.845052,-3.063844
99,2014-12-06 14:00:00,-64.845072,-3.063811
99,2014-12-07 02:01:00,-64.845931,-3.071284
99,2014-12-07 06:02:00,-64.845814,-3.071005
99,2014-12-07 10:00:00,-64.845879,-3.07124
99,2014-12-07 12:01:00,-64.846063,-3.071335
99,2014-12-07 14:01:00,-64.845911,-3.071369
99,2014-12-07 16:01:00,-64.845871,-3.071242
99,2014-12-07 18:02:00,-64.844488,-3.071109
99,2014-12-07 20:02:00,-64.844421,-3.071042
99,2014-12-07 22:00:00,-64.838526,-3.067848
99,2014-12-08 04:00:00,-64.836157,-3.075887
99,2014-12-08 06:01:00,-64.83519,-3.076778
99,2014-12-08 08:01:00,-64.835299,-3.076725
99,2014-12-08 12:00:00,-64.837159,-3.076808
99,2014-12-08 14:00:00,-64.836434,-3.076047
99,2014-12-08 16:01:00,-64.836261,-3.076033
99,2014-12-08 18:01:00,-64.836325,-3.076146
99,2014-12-08 20:01:00,-64.836394,-3.076064
99,2014-12-08 22:00:00,-64.836426,-3.076129
99,2014-12-09 00:01:00,-64.836346,-3.076138
99,2014-12-09 02:02:00,-64.83639,-3.076135
99,2014-12-09 04:00:00,-64.837318,-3.074708
99,2014-12-09 06:01:00,-64.842801,-3.070778
99,2014-12-09 08:01:00,-64.842841,-3.070762
99,2014-12-09 10:03:00,-64.842897,-3.070775
99,2014-12-09 12:01:00,-64.842912,-3.070739
99,2014-12-09 16:01:00,-64.842933,-3.070821
99,2014-12-09 18:01:00,-64.842819,-3.070694
99,2014-12-09 20:01:00,-64.842788,-3.070906
99,2014-12-10 00:00:00,-64.847071,-3.068184
99,2014-12-10 02:02:00,-64.847032,-3.068306
99,2014-12-10 04:02:00,-64.846372,-3.066058
99,2014-12-10 06:00:00,-64.846892,-3.065739
99,2014-12-10 08:00:00,-64.841398,-3.069705
99,2014-12-10 10:00:00,-64.836305,-3.07618
99,2014-12-10 12:00:00,-64.840044,-3.076079
99,2014-12-10 14:00:00,-64.844609,-3.076356
99,2014-12-10 22:01:00,-64.848728,-3.069445
99,2014-12-11 04:00:00,-64.842567,-3.05925
99,2014-12-11 06:01:00,-64.842553,-3.059352
99,2014-12-11 08:01:00,-64.842529,-3.05923
99,2014-12-11 10:01:00,-64.842524,-3.059312
99,2014-12-11 12:00:00,-64.842548,-3.059228
99,2014-12-11 14:00:00,-64.842584,-3.059249
99,2014-12-11 16:02:00,-64.839708,-3.061962
99,2014-12-12 00:02:00,-64.839293,-3.064728
99,2014-12-12 06:02:00,-64.839731,-3.0647
99,2014-12-12 12:00:00,-64.839688,-3.06464
99,2014-12-12 14:01:00,-64.839668,-3.06449
99,2014-12-12 16:01:00,-64.839745,-3.061907
99,2014-12-12 18:02:00,-64.844906,-3.069923
99,2014-12-12 20:01:00,-64.844609,-3.069597
99,2014-12-12 22:01:00,-64.845331,-3.07035
99,2014-12-13 00:01:00,-64.845165,-3.070078
99,2014-12-13 02:02:00,-64.844911,-3.070038
99,2014-12-13 06:01:00,-64.845677,-3.071135
99,2014-12-13 08:01:00,-64.845902,-3.071155
99,2014-12-13 12:01:00,-64.846116,-3.071255
99,2014-12-13 14:00:00,-64.846558,-3.071428
99,2014-12-13 16:01:00,-64.846596,-3.07133
99,2014-12-13 18:01:00,-64.847291,-3.074287
99,2014-12-13 20:02:00,-64.842156,-3.074782
99,2014-12-13 22:02:00,-64.844718,-3.076873
99,2014-12-14 00:00:00,-64.841832,-3.075357
99,2014-12-14 04:01:00,-64.842143,-3.075248
99,2014-12-14 10:00:00,-64.842147,-3.075185
99,2014-12-14 12:01:00,-64.841823,-3.075315
99,2014-12-14 14:02:00,-64.842189,-3.075368
99,2014-12-14 16:00:00,-64.842043,-3.075329
99,2014-12-14 18:02:00,-64.847919,-3081.0
99,2014-12-15 00:01:00,-64.841854,-3.08791
99,2014-12-15 02:01:00,-64.841856,-3.08793
99,2014-12-15 04:01:00,-64.841809,-3.087684
99,2014-12-15 08:02:00,-64.841552,-3.087779
99,2014-12-15 10:02:00,-64.841919,-3.087888
99,2014-12-15 12:01:00,-64.841952,-3.087841
99,2014-12-15 14:01:00,-64.841817,-3.087971
99,2014-12-15 16:02:00,-64.841652,-3.087784
99,2014-12-15 18:02:00,-64.84174,-3.087904
99,2014-12-16 00:01:00,-64.841637,-3.087926
99,2014-12-16 08:00:00,-64.842154,-3.089848
99,2014-12-16 10:00:00,-64.842262,-3.089741
99,2014-12-16 12:00:00,-64.842254,-3.089875
99,2014-12-16 14:00:00,-64.842243,-3.089863
99,2014-12-16 16:02:00,-64.842211,-3.08984
99,2014-12-16 18:01:00,-64.841335,-3.095303
99,2014-12-17 04:01:00,-64.848071,-3.09138
99,2014-12-17 06:01:00,-64.848007,-3.091456
99,2014-12-17 08:01:00,-64.847916,-3.091415
99,2014-12-17 12:01:00,-64.848135,-3.09133
99,2014-12-17 18:02:00,-64.846982,-3.092093
99,2014-12-17 20:01:00,-64.847127,-3.095303
99,2014-12-17 22:03:00,-64.847686,-3.095616
99,2014-12-18 00:01:00,-64.847975,-3.095642
99,2014-12-18 02:01:00,-64.847338,-3.095633
99,2014-12-18 04:00:00,-64.846487,-3.09571
99,2014-12-18 08:00:00,-64.846464,-3.09573
99,2014-12-18 10:00:00,-64.846388,-3.095744
99,2014-12-18 14:01:00,-64.846571,-3.095725
99,2014-12-18 16:01:00,-64.846549,-3.095769
99,2014-12-18 22:00:00,-64.840531,-3.095592
99,2014-12-19 04:00:00,-64.842266,-3.094675
99,2014-12-19 12:00:00,-64.84231,-3.094609
99,2014-12-19 18:01:00,-64.848177,-3.075926
99,2014-12-19 22:01:00,-64.853714,-3.069186
99,2014-12-20 04:02:00,-64.862914,-3.064641
99,2014-12-20 06:02:00,-64.862694,-3.063996
99,2014-12-20 08:00:00,-64.862544,-3.063984
99,2014-12-20 10:00:00,-64.862622,-3.06405
99,2014-12-20 12:01:00,-64.862698,-3.064015
99,2014-12-20 14:02:00,-64.861501,-3.065086
99,2014-12-20 16:02:00,-64.86156,-3.065001
99,2014-12-20 22:01:00,-64.862023,-3.063277
99,2014-12-21 06:00:00,-64.862731,-3.062815
99,2014-12-21 08:01:00,-64.864796,-3.060939
99,2014-12-21 10:00:00,-64.864529,-3.060988
99,2014-12-21 12:02:00,-64.864626,-3.06112
99,2014-12-21 16:02:00,-64.873517,-3.06022
99,2014-12-21 18:02:00,-64.858725,-3.058142
99,2014-12-21 20:00:00,-64.855125,-3.05887
99,2014-12-21 22:02:00,-64.85237,-3.059404
99,2014-12-22 02:01:00,-64.858151,-3.045547
99,2014-12-22 06:00:00,-64.864747,-3.049446
99,2014-12-22 08:00:00,-64.864552,-3.04944
99,2014-12-22 10:01:00,-64.864728,-3.049367
99,2014-12-22 12:00:00,-64.864894,-3.050786
99,2014-12-22 16:02:00,-64.860999,-3.057211
99,2014-12-23 00:01:00,-64.852688,-3.065248
99,2014-12-23 04:02:00,-64.843941,-3.066938
99,2014-12-23 06:02:00,-64.845183,-3.067928
99,2014-12-23 08:00:00,-64.845333,-3.068015
99,2014-12-23 10:01:00,-64.84494,-3.067972
99,2014-12-23 12:01:00,-64.844484,-3067.0
99,2014-12-23 14:01:00,-64.844448,-3.066971
99,2014-12-23 16:01:00,-64.841404,-3.064727
99,2014-12-23 18:01:00,-64.839019,-3.069289
99,2014-12-24 02:01:00,-64.843659,-3.060813
99,2014-12-24 04:01:00,-64.845134,-3.063547
99,2014-12-24 06:03:00,-64.850764,-3.066211
99,2014-12-24 10:00:00,-64.850824,-3.06607
99,2014-12-24 12:01:00,-64.85069,-3.066138
99,2014-12-24 14:02:00,-64.850742,-3.066068
99,2014-12-24 16:03:00,-64.850741,-3.066118
99,2014-12-24 20:02:00,-64.857867,-3.077273
99,2014-12-24 22:01:00,-64.849663,-3.082473
99,2014-12-25 06:02:00,-64.863361,-3.081108
99,2014-12-25 12:01:00,-64.866086,-3.073816
99,2014-12-25 14:01:00,-64.866058,-3.073783
99,2014-12-25 16:02:00,-64.86311,-3.071477
99,2014-12-25 18:01:00,-64.863044,-3.071472
99,2014-12-25 22:02:00,-64.8594,-3.065446
99,2014-12-26 00:01:00,-64.859055,-3.059613
99,2014-12-26 08:00:00,-64.854753,-3.05894
99,2014-12-26 12:02:00,-64.854325,-3.058984
99,2014-12-26 14:00:00,-64.85417,-3.058398
99,2014-12-26 18:00:00,-64.856818,-3.053958
99,2014-12-26 22:02:00,-64.861571,-3.046812
99,2014-12-27 00:02:00,-64.861664,-3.046774
99,2014-12-27 02:02:00,-64.861666,-3.046761
99,2014-12-27 06:02:00,-64.861584,-3.046833
99,2014-12-27 08:01:00,-64.861564,-3.046679
99,2014-12-27 10:02:00,-64.861604,-3.046715
99,2014-12-27 12:01:00,-64.861695,-3.046753
99,2014-12-27 16:02:00,-64.865194,-3.045076
99,2014-12-27 18:02:00,-64.870578,-3.040481
99,2014-12-27 20:02:00,-64.871347,-3.041483
99,2014-12-28 02:01:00,-64.872166,-3.044598
99,2014-12-28 06:01:00,-64.875891,-3.044236
99,2014-12-28 08:00:00,-64.875937,-3.04421
99,2014-12-28 10:00:00,-64.876031,-3.044342
99,2014-12-28 12:00:00,-64.876001,-3.044312
99,2014-12-28 14:00:00,-64.876029,-3.044325
99,2014-12-28 16:00:00,-64.875967,-3.04428
99,2014-12-28 18:01:00,-64.878013,-3.04417
99,2014-12-28 22:01:00,-64.878138,-3.034321
99,2014-12-29 00:01:00,-64.873657,-3.034747
99,2014-12-29 02:02:00,-64.875256,-3.040345
99,2014-12-29 04:02:00,-64.875966,-3.041374
99,2014-12-29 06:00:00,-64.875985,-3.041399
99,2014-12-29 10:00:00,-64.875833,-3.04139
99,2014-12-29 12:01:00,-64.875996,-3.041336
99,2014-12-29 14:00:00,-64.876066,-3.041433
99,2014-12-29 16:01:00,-64.875905,-3.041541
99,2014-12-29 20:01:00,-64.878237,-3.040619
99,2014-12-29 22:00:00,-64.878795,-3.041649
99,2014-12-30 00:00:00,-64.882451,-3.045042
99,2014-12-30 06:00:00,-64.882945,-3.045074
99,2014-12-30 08:00:00,-64.882907,-3.044992
99,2014-12-30 10:01:00,-64.882999,-3.045083
99,2014-12-30 12:00:00,-64.882998,-3.045109
99,2014-12-30 14:01:00,-64.882993,-3.045047
99,2014-12-30 16:00:00,-64.883005,-3.045034
99,2014-12-30 18:01:00,-64.882178,-3.044195
99,2014-12-30 20:01:00,-64.883842,-3.044618
99,2014-12-30 22:00:00,-64.883879,-3.044593
99,2014-12-31 00:00:00,-64.887543,-3.048266
99,2014-12-31 02:01:00,-64.888223,-3.054735
99,2014-12-31 04:01:00,-64.883832,-3.049625
99,2014-12-31 08:01:00,-64.883874,-3.049696
99,2014-12-31 10:00:00,-64.88385,-3.049698
99,2014-12-31 12:01:00,-64.883923,-3.049693
99,2014-12-31 20:01:00,-64.883935,-3.049711
99,2014-12-31 22:02:00,-64.881934,-3.051093
99,2015-01-01 02:00:00,-64.881928,-3.051089
99,2015-01-01 04:01:00,-64.881846,-3.050618
99,2015-01-01 06:01:00,-64.882033,-3.051109
99,2015-01-01 08:00:00,-64.882019,-3.051138
99,2015-01-01 10:01:00,-64.881973,-3.051234
99,2015-01-01 12:00:00,-64.881995,-3.051183
99,2015-01-01 14:00:00,-64.882003,-3.051214
99,2015-01-01 16:02:00,-64.882018,-3.05111
99,2015-01-01 18:00:00,-64.881992,-3.051113
99,2015-01-01 20:01:00,-64.881988,-3.051145
99,2015-01-02 00:01:00,-64.876203,-3.052446
99,2015-01-02 02:00:00,-64.876205,-3.052216
99,2015-01-02 04:00:00,-64.876273,-3.052358
99,2015-01-02 06:01:00,-64.875355,-3.050831
99,2015-01-02 08:01:00,-64.871979,-3.048482
99,2015-01-02 16:00:00,-64.871959,-3.048307
99,2015-01-02 18:02:00,-64.869681,-3.053441
99,2015-01-02 20:01:00,-64.86952,-3.055618
99,2015-01-02 22:03:00,-64.867859,-3.05864
99,2015-01-03 00:02:00,-64.878583,-3.054715
99,2015-01-03 02:00:00,-64.878133,-3.052448
99,2015-01-03 04:00:00,-64.878309,-3.052434
99,2015-01-03 06:00:00,-64.878171,-3.052437
99,2015-01-03 08:00:00,-64.878202,-3.052366
99,2015-01-03 12:01:00,-64.874523,-3.051913
99,2015-01-03 14:01:00,-64.869736,-3.05505
99,2015-01-03 18:00:00,-64.86435,-3.053955
99,2015-01-03 20:00:00,-64.861354,-3.05288
99,2015-01-04 02:02:00,-64.872772,-3.044789
99,2015-01-04 04:00:00,-64.877883,-3.044951
99,2015-01-04 06:00:00,-64.877882,-3.044888
99,2015-01-04 08:01:00,-64.877875,-3.044736
99,2015-01-04 10:00:00,-64.877881,-3.04488
99,2015-01-04 12:01:00,-64.877893,-3.044907
99,2015-01-04 14:01:00,-64.878789,-3.045034
99,2015-01-04 16:00:00,-64.878826,-3.043993
99,2015-01-04 20:01:00,-64.87762,-3.041409
99,2015-01-04 22:02:00,-64.87409,-3.041234
99,2015-01-05 02:01:00,-64.863477,-3.050815
99,2015-01-05 04:01:00,-64.863348,-3.050611
99,2015-01-05 06:00:00,-64.863437,-3.050774
99,2015-01-05 08:01:00,-64.863724,-3.051094
99,2015-01-05 10:00:00,-64.864653,-3.052222
99,2015-01-05 12:00:00,-64.864738,-3.052211
99,2015-01-05 14:02:00,-64.864653,-3.052209
99,2015-01-05 18:01:00,-64.863073,-3.056257
99,2015-01-05 22:02:00,-64.850391,-3.059857
99,2015-01-06 00:01:00,-64.857738,-3.057395
99,2015-01-06 02:00:00,-64.857926,-3.057314
99,2015-01-06 04:02:00,-64.857916,-3.057304
99,2015-01-06 06:01:00,-64.860737,-3.059566
99,2015-01-06 08:00:00,-64.860868,-3.059586
99,2015-01-06 12:01:00,-64.860842,-3.059547
99,2015-01-06 14:01:00,-64.860839,-3.059552
99,2015-01-06 18:02:00,-64.865177,-3.060582
99,2015-01-06 22:01:00,-64.862256,-3.051868
99,2015-01-07 00:02:00,-64.862948,-3.051332
99,2015-01-07 02:02:00,-64.862879,-3.051297
99,2015-01-07 04:00:00,-64.862709,-3.051436
99,2015-01-07 06:01:00,-64.862981,-3.051344
99,2015-01-07 08:01:00,-64.862899,-3.051297
99,2015-01-07 10:01:00,-64.86296,-3.051337
99,2015-01-07 14:01:00,-64.862988,-3.051312
99,2015-01-07 20:01:00,-64.862765,-3.051116
99,2015-01-07 22:00:00,-64.862748,-3.05124
99,2015-01-08 00:02:00,-64.862823,-3.051105
99,2015-01-08 06:02:00,-64.862963,-3.051139
99,2015-01-08 10:02:00,-64.86293,-3.051035
99,2015-01-08 12:02:00,-64.861523,-3.046465
99,2015-01-08 16:02:00,-64.861594,-3.046373
99,2015-01-08 22:01:00,-64.868285,-3.053132
99,2015-01-09 02:01:00,-64.868507,-3.052069
99,2015-01-09 04:02:00,-64.86883,-3.053477
99,2015-01-09 10:00:00,-64.868765,-3.053373
99,2015-01-09 12:01:00,-64.868981,-3.053405
99,2015-01-09 14:00:00,-64.868973,-3.053429
99,2015-01-09 16:00:00,-64.868914,-3.053597
99,2015-01-09 22:02:00,-64.87416,-3.047009
99,2015-01-10 00:01:00,-64.873859,-3.047357
99,2015-01-10 06:01:00,-64.873922,-3.047436
99,2015-01-10 08:01:00,-64.873889,-3.047407
99,2015-01-10 10:02:00,-64.873978,-3.047392
99,2015-01-10 12:00:00,-64.87386,-3.047457
99,2015-01-10 14:00:00,-64.873923,-3.047404
99,2015-01-10 20:01:00,-64.873944,-3.047349
99,2015-01-10 22:01:00,-64.873909,-3.047338
99,2015-01-11 00:02:00,-64.87388,-3.047371
99,2015-01-11 04:02:00,-64.875033,-3.049232
99,2015-01-11 06:00:00,-64.874969,-3.049152
99,2015-01-11 08:00:00,-64.875037,-3.049146
99,2015-01-11 10:00:00,-64.875056,-3.049161
99,2015-01-11 12:00:00,-64.875208,-3.049124
99,2015-01-11 14:01:00,-64.875019,-3.049085
99,2015-01-11 16:01:00,-64.875098,-3.049162
99,2015-01-11 18:00:00,-64.876266,-3.049226
99,2015-01-11 20:00:00,-64.876098,-3.049279
99,2015-01-12 00:01:00,-64.876304,-3.049243
99,2015-01-12 02:01:00,-64.876323,-3.048976
99,2015-01-12 04:01:00,-64.876293,-3049.0
99,2015-01-12 06:00:00,-64.876288,-3.049244
99,2015-01-12 08:01:00,-64.876057,-3.049316
99,2015-01-12 10:00:00,-64.876144,-3.049295
99,2015-01-12 12:00:00,-64.876217,-3.049334
99,2015-01-12 14:00:00,-64.876283,-3.049249
99,2015-01-12 16:01:00,-64.876273,-3.049273
99,2015-01-12 20:02:00,-64.877748,-3.051047
99,2015-01-12 22:01:00,-64.877789,-3.051192
99,2015-01-13 00:03:00,-64.877715,-3.051084
99,2015-01-13 02:02:00,-64.877733,-3.051118
99,2015-01-13 04:01:00,-64.875759,-3.055385
99,2015-01-13 08:01:00,-64.871886,-3.060672
99,2015-01-13 10:01:00,-64.871926,-3.060701
99,2015-01-13 12:01:00,-64.87077,-3.06125
99,2015-01-13 18:01:00,-64.871502,-3.056079
99,2015-01-13 20:00:00,-64.871595,-3.055968
99,2015-01-14 06:00:00,-64.879085,-3.056825
99,2015-01-14 08:01:00,-64.879081,-3.056856
99,2015-01-14 12:01:00,-64.879105,-3.056825
99,2015-01-14 14:02:00,-64.879061,-3.056874
99,2015-01-14 16:01:00,-64.887585,-3.055016
99,2015-01-14 18:02:00,-64.888491,-3.054593
99,2015-01-14 22:01:00,-64.888429,-3.054709
99,2015-01-15 02:01:00,-64.892191,-3.05093
99,2015-01-15 06:01:00,-64.892012,-3.050775
99,2015-01-15 08:01:00,-64.891938,-3.050956
99,2015-01-15 10:01:00,-64.892016,-3.050864
99,2015-01-15 18:02:00,-64.889864,-3.051077
99,2015-01-15 20:02:00,-64.890054,-3.043841
99,2015-01-15 22:01:00,-64.887007,-3.040454
99,2015-01-16 00:02:00,-64.883103,-3.046167
99,2015-01-16 04:02:00,-64.891886,-3.046577
99,2015-01-16 06:00:00,-64.89193,-3.046611
99,2015-01-16 08:00:00,-64.891878,-3.046484
99,2015-01-16 10:01:00,-64.89183,-3.046455
99,2015-01-16 12:02:00,-64.896303,-3.045237
99,2015-01-16 20:02:00,-64.897559,-3.050333
99,2015-01-16 22:01:00,-64.893993,-3.054158
99,2015-01-17 00:02:00,-64.888501,-3.054795
99,2015-01-17 02:02:00,-64.887324,-3.052319
99,2015-01-17 04:02:00,-64.882313,-3.054226
99,2015-01-17 06:01:00,-64.885976,-3.057309
99,2015-01-17 08:02:00,-64.895758,-3.056054
99,2015-01-17 14:01:00,-64.888592,-3.058417
99,2015-01-17 16:01:00,-64.888201,-3.058821
99,2015-01-17 18:00:00,-64.880123,-3.060907
99,2015-01-17 20:02:00,-64.879898,-3.060954
99,2015-01-17 22:01:00,-64.880046,-3.06081
99,2015-01-18 02:01:00,-64.880029,-3.061059
99,2015-01-18 06:02:00,-64.879977,-3.061074
99,2015-01-18 08:02:00,-64.875613,-3.060009
99,2015-01-18 10:02:00,-64.882393,-3.058305
99,2015-01-18 12:01:00,-64.885632,-3.058523
99,2015-01-18 14:02:00,-64.886751,-3.058827
99,2015-01-18 16:02:00,-64.886657,-3.058759
99,2015-01-18 18:00:00,-64.886652,-3.058768
99,2015-01-18 20:01:00,-64.886571,-3.05856
99,2015-01-18 22:03:00,-64.885665,-3.058108
99,2015-01-19 00:02:00,-64.879284,-3.057834
99,2015-01-19 10:01:00,-64.87477,-3.056249
99,2015-01-19 12:00:00,-64.874728,-3.052178
99,2015-01-19 14:00:00,-64.875524,-3.052709
99,2015-01-19 16:00:00,-64.875502,-3.052694
99,2015-01-19 18:01:00,-64.87557,-3.052679
99,2015-01-19 20:00:00,-64.8762,-3.054729
99,2015-01-19 22:00:00,-64.876166,-3.054825
99,2015-01-20 00:00:00,-64.876153,-3.054696
99,2015-01-20 04:01:00,-64.869971,-3.059993
99,2015-01-20 06:01:00,-64.863446,-3.056089
99,2015-01-20 08:02:00,-64.863795,-3.056132
99,2015-01-20 12:01:00,-64.864244,-3.059599
99,2015-01-20 14:01:00,-64.864492,-3.061355
99,2015-01-20 16:01:00,-64.870106,-3.059966
99,2015-01-21 02:02:00,-64.857618,-3.049865
99,2015-01-21 06:01:00,-64.858778,-3.051374
99,2015-01-21 08:00:00,-64.858282,-3.05126
99,2015-01-21 10:01:00,-64.858251,-3.051211
99,2015-01-21 18:00:00,-64.859392,-3.051791
99,2015-01-21 20:00:00,-64.859463,-3.051803
99,2015-01-21 22:02:00,-64.864253,-3.053465
99,2015-01-22 04:01:00,-64.867468,-3.042749
99,2015-01-22 06:02:00,-64.868671,-3.04471
99,2015-01-22 08:01:00,-64.861408,-3.046526
99,2015-01-22 10:00:00,-64.861275,-3.046806
99,2015-01-22 12:01:00,-64.861283,-3.04665
99,2015-01-22 14:01:00,-64.861173,-3.046612
99,2015-01-22 16:00:00,-64.861021,-3.046686
99,2015-01-22 18:01:00,-64.860813,-3.046517
99,2015-01-23 02:01:00,-64.859081,-3.055709
99,2015-01-23 04:02:00,-64.862447,-3.056998
99,2015-01-23 06:01:00,-64.864492,-3.057277
99,2015-01-23 08:01:00,-64.867496,-3.057813
99,2015-01-23 10:01:00,-64.867935,-3.058948
99,2015-01-23 12:02:00,-64.868031,-3.058962
99,2015-01-23 18:00:00,-64.867756,-3.058609
99,2015-01-23 22:01:00,-64.856634,-3.047778
99,2015-01-24 00:00:00,-64.855831,-3.046246
99,2015-01-24 06:02:00,-64.863669,-3.040033
99,2015-01-24 08:01:00,-64.866942,-3.041056
99,2015-01-24 10:01:00,-64.866741,-3.040744
99,2015-01-24 12:01:00,-64.866845,-3.040926
99,2015-01-24 14:01:00,-64.867151,-3.041821
99,2015-01-24 18:00:00,-64.867334,-3.040345
99,2015-01-24 20:00:00,-64.867244,-3.040514
99,2015-01-25 04:01:00,-64.879715,-3.033674
99,2015-01-25 06:01:00,-64.881334,-3.041804
99,2015-01-25 08:00:00,-64.88148,-3.039492
99,2015-01-25 10:01:00,-64.881397,-3.039024
99,2015-01-25 12:01:00,-64.881494,-3.03944
99,2015-01-25 14:01:00,-64.881191,-3.039526
99,2015-01-25 18:01:00,-64.881351,-3.039111
99,2015-01-25 20:02:00,-64.881535,-3.039367
99,2015-01-25 22:02:00,-64.878784,-3.038661
99,2015-01-26 04:01:00,-64.885979,-3.036614
99,2015-01-26 06:02:00,-64.888716,-3.030007
99,2015-01-26 08:01:00,-64.889489,-3.031142
99,2015-01-26 12:02:00,-64.889673,-3.031081
99,2015-01-26 14:02:00,-64.889685,-3.031197
99,2015-01-26 16:02:00,-64.889131,-3.033745
99,2015-01-26 20:00:00,-64.889151,-3.034023
99,2015-01-26 22:01:00,-64.889195,-3.033913
99,2015-01-27 04:02:00,-64.886914,-3.038265
99,2015-01-27 06:01:00,-64.886958,-3.038519
99,2015-01-27 08:00:00,-64.886861,-3.038534
99,2015-01-27 10:00:00,-64.886971,-3.038554
99,2015-01-27 12:02:00,-64.886897,-3.038189
99,2015-01-27 14:00:00,-64.886881,-3.038244
99,2015-01-27 16:02:00,-64.886777,-3.038462
99,2015-01-27 18:02:00,-64.887335,-3.041013
99,2015-01-27 20:02:00,-64.885785,-3.042466
99,2015-01-27 22:00:00,-64.886762,-3.040979
99,2015-01-28 04:01:00,-64.888953,-3.051845
99,2015-01-28 06:01:00,-64.889078,-3.051855
99,2015-01-28 10:01:00,-64.88909,-3.051817
99,2015-01-28 12:01:00,-64.889112,-3.051825
99,2015-01-28 14:01:00,-64.888757,-3.052373
99,2015-01-28 16:00:00,-64.888893,-3.05241
99,2015-01-28 18:00:00,-64.888891,-3.052341
99,2015-01-28 20:01:00,-64.892208,-3.053982
99,2015-01-28 22:01:00,-64.884315,-3.052433
99,2015-01-29 00:00:00,-64.887286,-3.048759
99,2015-01-29 02:02:00,-64.893046,-3.051548
99,2015-01-29 04:01:00,-64.89312,-3.05138
99,2015-01-29 06:01:00,-64.893269,-3.051641
99,2015-01-29 08:00:00,-64.893425,-3.051754
99,2015-01-29 10:01:00,-64.893541,-3.051781
99,2015-01-29 16:01:00,-64.897409,-3.05247
99,2015-01-29 20:02:00,-64.897373,-3.052444
99,2015-01-30 00:00:00,-64.897347,-3.052397
99,2015-01-30 04:01:00,-64.893013,-3.051536
99,2015-01-30 06:01:00,-64.893009,-3.051476
99,2015-01-30 08:00:00,-64.893123,-3.051509
99,2015-01-30 12:01:00,-64.893209,-3.051429
99,2015-01-30 20:02:00,-64.893657,-3.050848
99,2015-01-31 02:00:00,-64.892127,-3.053709
99,2015-01-31 04:02:00,-64.888408,-3.05568
99,2015-01-31 06:01:00,-64.886503,-3.055996
99,2015-01-31 08:01:00,-64.886998,-3.055852
99,2015-01-31 12:01:00,-64.892787,-3.053283
99,2015-01-31 14:02:00,-64.89279,-3.053185
99,2015-01-31 16:00:00,-64.89276,-3.053259
99,2015-01-31 22:00:00,-64.892775,-3.053287
99,2015-02-01 00:02:00,-64.893183,-3.053852
99,2015-02-01 04:03:00,-64.903266,-3.050323
99,2015-02-01 08:01:00,-64.893185,-3.047175
99,2015-02-01 10:00:00,-64.893102,-3.048521
99,2015-02-01 12:00:00,-64.893059,-3.048259
99,2015-02-01 14:01:00,-64.892881,-3.048122
99,2015-02-01 20:01:00,-64.891773,-3.053547
99,2015-02-02 00:02:00,-64.892619,-3.056542
99,2015-02-02 04:02:00,-64.879837,-3.059702
99,2015-02-02 06:00:00,-64.878424,-3.060021
99,2015-02-02 08:00:00,-64.878316,-3.060069
99,2015-02-03 06:01:00,-64.866636,-3.077824
99,2015-02-03 08:01:00,-64.866637,-3.077729
99,2015-02-03 10:01:00,-64.86666,-3.077656
99,2015-02-03 12:00:00,-64.866674,-3.077658
99,2015-02-03 16:03:00,-64.866718,-3.077931
99,2015-02-03 20:00:00,-64.865456,-3.080283
99,2015-02-04 00:01:00,-64.865245,-3.080129
99,2015-02-04 02:00:00,-64.865212,-3.080269
99,2015-02-04 04:00:00,-64.876374,-3.090887
99,2015-02-04 06:00:00,-64.876485,-3.090801
99,2015-02-04 08:02:00,-64.876415,-3.090876
99,2015-02-04 10:02:00,-64.872967,-3.086362
99,2015-02-04 20:01:00,-64.871131,-3.071981
99,2015-02-05 06:02:00,-64.877285,-3.068914
99,2015-02-05 10:02:00,-64.879302,-3.066971
99,2015-02-05 16:02:00,-64.873759,-3.079765
99,2015-02-05 18:00:00,-64.873456,-3.079795
99,2015-02-05 20:01:00,-64.873404,-3.079865
99,2015-02-05 22:01:00,-64.873435,-3.079937
99,2015-02-06 00:00:00,-64.87339,-3.079796
99,2015-02-06 02:00:00,-64.873565,-3.079913
99,2015-02-06 04:02:00,-64.871777,-3.077216
99,2015-02-06 08:02:00,-64.873932,-3.062845
99,2015-02-06 10:02:00,-64.888358,-3.060037
99,2015-02-06 20:00:00,-64.867952,-3.058538
99,2015-02-07 00:00:00,-64.857094,-3.063023
99,2015-02-07 02:00:00,-64.85705,-3.063074
99,2015-02-07 04:02:00,-64.853775,-3.068515
99,2015-02-07 06:01:00,-64.853867,-3.068472
99,2015-02-07 10:03:00,-64.852092,-3.056904
99,2015-02-07 12:01:00,-64.856779,-3.047339
99,2015-02-07 16:01:00,-64.869587,-3.052598
99,2015-02-07 18:00:00,-64.869578,-3.052514
99,2015-02-07 20:01:00,-64.870187,-3.051655
99,2015-02-07 22:01:00,-64.87087,-3.056121
99,2015-02-08 00:00:00,-64.859057,-3.073201
99,2015-02-08 04:00:00,-64.852186,-3.073869
99,2015-02-08 08:01:00,-64.852329,-3.067276
99,2015-02-08 10:01:00,-64.852036,-3.06741
99,2015-02-08 12:00:00,-64.852133,-3.067313
99,2015-02-09 00:01:00,-64.859248,-3.054819
99,2015-02-09 02:02:00,-64.859273,-3.054707
99,2015-02-09 08:01:00,-64.857854,-3.062932
99,2015-02-09 10:00:00,-64.854456,-3.065922
99,2015-02-09 14:01:00,-64.854472,-3.065974
99,2015-02-09 16:00:00,-64.854559,-3.066063
99,2015-02-09 18:00:00,-64.854493,-3.066029
99,2015-02-09 20:00:00,-64.853403,-3.066157
99,2015-02-10 08:02:00,-64.853722,-3.066033
99,2015-02-10 12:02:00,-64.848461,-3.066194
99,2015-02-10 14:01:00,-64.848454,-3.066071
99,2015-02-10 16:01:00,-64.848417,-3.066258
99,2015-02-10 18:02:00,-64.848181,-3.066665
99,2015-02-11 02:01:00,-64.846929,-3.068282
99,2015-02-11 04:00:00,-64.846969,-3.068227
99,2015-02-11 06:00:00,-64.846959,-3.068341
99,2015-02-11 12:01:00,-64.84271,-3.070728
99,2015-02-11 14:01:00,-64.842652,-3.071319
99,2015-02-11 16:01:00,-64.842206,-3.071491
99,2015-02-11 18:01:00,-64.838009,-3.070857
99,2015-02-11 20:01:00,-64.838094,-3.070821
99,2015-02-11 22:01:00,-64.838013,-3.070895
99,2015-02-12 00:01:00,-64.838045,-3.070922
99,2015-02-12 02:01:00,-64.838018,-3.070843
99,2015-02-12 06:00:00,-64.841217,-3.056776
99,2015-02-12 08:01:00,-64.840951,-3.05686
99,2015-02-12 10:00:00,-64.840744,-3.056922
99,2015-02-12 12:01:00,-64.839673,-3.056884
99,2015-02-12 14:01:00,-64.839861,-3.056798
99,2015-02-13 02:02:00,-64.850146,-3.078552
99,2015-02-13 06:01:00,-64.851245,-3.081985
99,2015-02-13 08:01:00,-64.85111,-3.081791
99,2015-02-13 10:00:00,-64.851421,-3.081833
99,2015-02-13 14:00:00,-64.851344,-3.081865
99,2015-02-13 20:00:00,-64.849277,-3.077564
99,2015-02-14 00:02:00,-64.850825,-3.090214
99,2015-02-14 02:01:00,-64.84577,-3.090027
99,2015-02-14 04:01:00,-64.849073,-3.080686
99,2015-02-14 06:02:00,-64.85039,-3.079054
99,2015-02-14 08:01:00,-64.85334,-3.075306
99,2015-02-14 12:01:00,-64.852408,-3.060179
99,2015-02-14 14:01:00,-64.852507,-3.060154
99,2015-02-14 22:02:00,-64.854656,-3.059811
99,2015-02-15 02:01:00,-64.840959,-3.056858
99,2015-02-15 06:01:00,-64.831863,-3.065606
99,2015-02-15 08:03:00,-64.832682,-3.065973
99,2015-02-15 12:00:00,-64.83693,-3.07828
99,2015-02-15 14:01:00,-64.836916,-3.078204
99,2015-02-15 20:02:00,-64.827787,-3.092981
99,2015-02-16 18:02:00,-64.844523,-3.063628
99,2015-02-16 20:01:00,-64.842881,-3.07106
99,2015-02-17 00:01:00,-64.849737,-3.089902
99,2015-02-17 02:01:00,-64.841553,-3.094639
99,2015-02-17 04:01:00,-64.839183,-3.096204
99,2015-02-17 06:01:00,-64.839008,-3.09615
99,2015-02-17 08:02:00,-64.836528,-3.097776
99,2015-02-17 10:00:00,-64.833134,-3.098203
99,2015-02-17 12:00:00,-64.833207,-3.098276
99,2015-02-17 14:01:00,-64.83287,-3.098389
99,2015-02-17 22:01:00,-64.832478,-3.097739
99,2015-02-18 00:03:00,-64.833142,-3.091262
99,2015-02-18 06:01:00,-64.841703,-3.085287
99,2015-02-18 08:01:00,-64.841878,-3.085367
99,2015-02-18 10:00:00,-64.841086,-3.082671
99,2015-02-18 12:01:00,-64.845434,-3.0831
99,2015-02-18 16:00:00,-64.845459,-3.083205
99,2015-02-19 04:01:00,-64.848826,-3.077717
99,2015-02-19 06:00:00,-64.849455,-3.073966
99,2015-02-19 08:02:00,-64.849264,-3.073965
99,2015-02-19 14:01:00,-64.847344,-3.07239
99,2015-02-19 20:02:00,-64.847182,-3.07242
99,2015-02-19 22:01:00,-64.852232,-3.072287
99,2015-02-20 00:01:00,-64.854317,-3.069647
99,2015-02-20 02:00:00,-64.854828,-3.064306
99,2015-02-20 04:02:00,-64.857022,-3.058728
99,2015-02-20 06:01:00,-64.85199,-3.057889
99,2015-02-20 08:02:00,-64.851094,-3.059063
99,2015-02-20 10:02:00,-64.846334,-3.064762
99,2015-02-20 14:01:00,-64.844642,-3.063839
99,2015-02-20 18:00:00,-64.844524,-3.063602
99,2015-02-20 22:02:00,-64.837904,-3.063676
99,2015-02-21 00:01:00,-64.839517,-3.066019
99,2015-02-21 02:01:00,-64.849564,-3.071677
99,2015-02-21 04:01:00,-64.851566,-3.072754
99,2015-02-21 06:01:00,-64.851555,-3.072882
99,2015-02-21 12:02:00,-64.858429,-3.076539
99,2015-02-21 16:01:00,-64.858621,-3.076484
99,2015-02-21 18:01:00,-64.858621,-3.076569
99,2015-02-21 20:01:00,-64.860514,-3.075265
99,2015-02-21 22:02:00,-64.862344,-3.074573
99,2015-02-22 02:02:00,-64.863431,-3.073466
99,2015-02-22 08:01:00,-64.864824,-3.066273
99,2015-02-22 10:01:00,-64.864624,-3.066386
99,2015-02-22 12:01:00,-64.864734,-3.066465
99,2015-02-22 16:01:00,-64.868889,-3.064515
99,2015-02-22 18:02:00,-64.861751,-3.058999
99,2015-02-22 20:02:00,-64.859949,-3.056266
99,2015-02-23 00:02:00,-64.859853,-3.056233
99,2015-02-23 02:01:00,-64.859778,-3.05607
99,2015-02-23 04:00:00,-64.85963,-3.056184
99,2015-02-23 06:02:00,-64.85801,-3.053847
99,2015-02-23 14:01:00,-64.857677,-3.0534
99,2015-02-23 16:02:00,-64.859608,-3.056175
99,2015-02-23 18:01:00,-64.856143,-3.052869
99,2015-02-23 20:02:00,-64.85704,-3.050075
99,2015-02-23 22:00:00,-64.855667,-3.049396
99,2015-02-24 00:00:00,-64.855708,-3.049319
99,2015-02-24 02:00:00,-64.855688,-3.049425
99,2015-02-24 04:00:00,-64.855681,-3.049222
99,2015-02-24 08:02:00,-64.854151,-3.06714
99,2015-02-24 10:01:00,-64.853341,-3.065967
99,2015-02-24 16:00:00,-64.853427,-3.065949
99,2015-02-24 18:01:00,-64.853759,-3.06554
99,2015-02-24 20:01:00,-64.85397,-3.065358
99,2015-02-25 00:01:00,-64.856326,-3.060528
99,2015-02-25 02:00:00,-64.856412,-3.060434
99,2015-02-25 04:01:00,-64.857232,-3.060871
99,2015-02-25 06:01:00,-64.856212,-3.058166
99,2015-02-25 08:01:00,-64.855859,-3.058119
99,2015-02-25 12:02:00,-64.843383,-3.045016
99,2015-02-26 00:02:00,-64.848507,-3.051171
99,2015-02-26 04:01:00,-64.848085,-3.048291
99,2015-02-26 06:01:00,-64.847557,-3.05052
99,2015-02-26 14:02:00,-64.847598,-3.052665
99,2015-02-26 20:02:00,-64.847563,-3.050121
99,2015-02-27 00:01:00,-64.852761,-3.051103
99,2015-02-27 02:00:00,-64.85178,-3.05088
99,2015-02-27 04:00:00,-64.847356,-3.050327
99,2015-02-27 08:01:00,-64.842855,-3.053861
99,2015-02-27 10:01:00,-64.842499,-3.052191
99,2015-02-27 18:00:00,-64.845543,-3.050623
99,2015-02-27 20:03:00,-64.846009,-3.055772
99,2015-02-28 00:01:00,-64.844986,-3.054409
99,2015-02-28 02:02:00,-64.845489,-3.059099
99,2015-02-28 04:00:00,-64.845578,-3.059086
99,2015-02-28 08:00:00,-64.845539,-3.059112
99,2015-02-28 10:01:00,-64.845468,-3.059091
99,2015-02-28 12:02:00,-64.845561,-3.058919
99,2015-02-28 16:01:00,-64.845761,-3.059541
99,2015-02-28 22:00:00,-64.844352,-3.049655
99,2015-03-01 02:01:00,-64.84562,-3.03866
99,2015-03-01 04:01:00,-64.845455,-3.038385
99,2015-03-01 08:00:00,-64.84713,-3.051538
99,2015-03-01 10:02:00,-64.847491,-3.05172
99,2015-03-01 16:01:00,-64.856717,-3.057975
99,2015-03-01 18:00:00,-64.856655,-3.058111
99,2015-03-01 22:01:00,-64.858873,-3.068463
99,2015-03-02 02:00:00,-64.865552,-3.065926
99,2015-03-02 04:01:00,-64.865633,-3.066091
99,2015-03-02 06:01:00,-64.865478,-3.065879
99,2015-03-02 10:01:00,-64.865532,-3.066033
99,2015-03-02 12:01:00,-64.865993,-3.06568
99,2015-03-02 14:01:00,-64.866021,-3.065806
99,2015-03-03 00:01:00,-64.872273,-3.067154
99,2015-03-03 02:00:00,-64.874446,-3.062175
99,2015-03-03 04:01:00,-64.871037,-3.057771
99,2015-03-03 06:02:00,-64.865585,-3.053557
99,2015-03-03 08:01:00,-64.865193,-3.053532
99,2015-03-03 10:01:00,-64.865623,-3.053188
99,2015-03-03 12:01:00,-64.865511,-3.053047
99,2015-03-03 14:02:00,-64.865484,-3.053106
99,2015-03-03 16:01:00,-64.865587,-3.053143
99,2015-03-03 18:00:00,-64.867835,-3.058583
99,2015-03-03 20:00:00,-64.868189,-3.059169
99,2015-03-04 06:01:00,-64.864387,-3.062688
99,2015-03-04 08:00:00,-64.864321,-3.062445
99,2015-03-04 14:01:00,-64.858963,-3.067825
99,2015-03-04 18:00:00,-64.856953,-3.078545
99,2015-03-04 20:01:00,-64.853422,-3.080042
99,2015-03-04 22:01:00,-64.851536,-3.083979
99,2015-03-05 04:02:00,-64.857568,-3.088822
99,2015-03-05 06:00:00,-64.858263,-3.088828
99,2015-03-05 10:01:00,-64.859516,-3.083892
99,2015-03-05 16:01:00,-64.848861,-3.078578
99,2015-03-05 18:00:00,-64.848549,-3.07844
99,2015-03-05 22:02:00,-64.847646,-3.07798
99,2015-03-06 00:00:00,-64.847579,-3.078054
99,2015-03-06 02:01:00,-64.847591,-3.077906
99,2015-03-06 06:01:00,-64.847566,-3.070518
99,2015-03-06 08:00:00,-64.847563,-3.070362
99,2015-03-06 10:02:00,-64.847673,-3.070393
99,2015-03-06 12:01:00,-64.847845,-3.070421
99,2015-03-06 14:01:00,-64.847815,-3.070341
99,2015-03-06 16:00:00,-64.848485,-3.069978
99,2015-03-06 18:01:00,-64.848384,-3.069942
99,2015-03-06 20:02:00,-64.848455,-3.069983
99,2015-03-06 22:01:00,-64.848352,-3.069952
99,2015-03-07 00:00:00,-64.848436,-3.069926
99,2015-03-07 02:01:00,-64.848445,-3.069992
99,2015-03-07 04:00:00,-64.848461,-3.070027
99,2015-03-07 06:01:00,-64.848447,-3.070019
99,2015-03-07 08:00:00,-64.848375,-3.069913
99,2015-03-07 10:00:00,-64.848413,-3.069999
99,2015-03-07 12:00:00,-64.848398,-3.069915
99,2015-03-07 14:01:00,-64.848444,-3.069929
99,2015-03-07 16:00:00,-64.848396,-3.070009
99,2015-03-07 18:00:00,-64.848437,-3.069958
99,2015-03-07 20:00:00,-64.849021,-3.068915
99,2015-03-08 00:00:00,-64.856472,-3.085692
99,2015-03-08 06:01:00,-64.856942,-3.08872
99,2015-03-08 08:02:00,-64.857034,-3.088666
99,2015-03-08 14:02:00,-64.856935,-3.088938
99,2015-03-08 18:02:00,-64.857148,-3.088357
99,2015-03-08 20:01:00,-64.863618,-3.088337
99,2015-03-09 04:01:00,-64.861641,-3.093877
99,2015-03-09 06:01:00,-64.861825,-3.093891
99,2015-03-09 10:01:00,-64.854232,-3.095579
99,2015-03-09 16:02:00,-64.854594,-3.094606
99,2015-03-10 04:02:00,-64.833094,-3.096286
99,2015-03-10 10:00:00,-64.833559,-3.097119
99,2015-03-10 12:01:00,-64.833001,-3.097376
99,2015-03-10 14:01:00,-64.832973,-3.097308
99,2015-03-10 18:02:00,-64.828813,-3.094044
99,2015-03-10 20:02:00,-64.82738,-3.103243
99,2015-03-11 04:01:00,-64.835647,-3.092919
99,2015-03-11 06:00:00,-64.835642,-3.092944
99,2015-03-11 08:00:00,-64.835672,-3.092881
99,2015-03-11 10:00:00,-64.835614,-3.09293
99,2015-03-11 12:00:00,-64.836485,-3.093111
99,2015-03-11 14:01:00,-64.838103,-3.09522
99,2015-03-11 16:00:00,-64.837715,-3.095996
99,2015-03-11 18:00:00,-64.837912,-3.096421
99,2015-03-11 20:00:00,-64.837852,-3.096079
99,2015-03-11 22:02:00,-64.838346,-3.099894
99,2015-03-12 02:03:00,-64.838146,-3.099619
99,2015-03-12 06:00:00,-64.837963,-3.100474
99,2015-03-12 08:02:00,-64.838344,-3.100806
99,2015-03-12 10:02:00,-64.838353,-3.100907
99,2015-03-12 12:01:00,-64.838492,-3.100806
99,2015-03-13 04:01:00,-64.830472,-3.094283
99,2015-03-13 06:01:00,-64.830261,-3.093936
99,2015-03-13 08:02:00,-64.830358,-3.094134
99,2015-03-13 12:02:00,-64.830522,-3.093833
99,2015-03-13 14:01:00,-64.830594,-3.094321
99,2015-03-13 16:00:00,-64.828197,-3.092749
99,2015-03-14 04:01:00,-64.827045,-3.09512
99,2015-03-14 06:00:00,-64.826908,-3.095174
99,2015-03-14 08:00:00,-64.827049,-3.095037
99,2015-03-14 12:01:00,-64.82603,-3.095527
99,2015-03-14 14:01:00,-64.825355,-3.091284
99,2015-03-14 16:01:00,-64.825554,-3.0891
99,2015-03-14 18:00:00,-64.825032,-3.08833
99,2015-03-14 20:00:00,-64.82485,-3.088509
99,2015-03-14 22:01:00,-64.824692,-3.088573
99,2015-03-15 02:03:00,-64.830287,-3.093457
99,2015-03-15 08:02:00,-64.830191,-3.103623
99,2015-03-15 18:02:00,-64.832186,-3.101175
99,2015-03-16 00:01:00,-64.832181,-3.101416
99,2015-03-16 06:00:00,-64.831233,-3.102188
99,2015-03-16 10:00:00,-64.836638,-3.101934
99,2015-03-16 14:01:00,-64.836566,-3.101919
99,2015-03-16 20:02:00,-64.843795,-3.101922
99,2015-03-17 00:01:00,-64.851518,-3.098912
99,2015-03-17 06:02:00,-64.850188,-3.096585
99,2015-03-18 00:00:00,-64.840843,-3.093659
99,2015-03-18 02:00:00,-64.840884,-3.093712
99,2015-03-18 04:00:00,-64.840826,-3.093681
99,2015-03-18 08:01:00,-64.836364,-3.104384
99,2015-03-18 10:01:00,-64.836888,-3.104077
99,2015-03-18 14:00:00,-64.83777,-3.103818
99,2015-03-18 18:03:00,-64.837858,-3.103663
99,2015-03-18 22:01:00,-64.840329,-3.09652
99,2015-03-19 00:01:00,-64.837692,-3.092254
99,2015-03-19 08:01:00,-64.847078,-3.085082
99,2015-03-19 10:01:00,-64.846643,-3.08546
99,2015-03-19 12:01:00,-64.846776,-3.085427
99,2015-03-19 14:01:00,-64.846737,-3.08535
99,2015-03-19 18:00:00,-64.84016,-3.086812
99,2015-03-19 20:00:00,-64.838643,-3.08867
99,2015-03-19 22:00:00,-64.839306,-3.08955
99,2015-03-20 00:00:00,-64.839252,-3.089564
99,2015-03-20 02:01:00,-64.839429,-3.089458
99,2015-03-20 06:00:00,-64.842422,-3.084925
99,2015-03-20 08:01:00,-64.8424,-3.084906
99,2015-03-20 10:00:00,-64.842637,-3.08511
99,2015-03-20 12:00:00,-64.842616,-3.084868
99,2015-03-20 14:00:00,-64.842473,-3.084993
99,2015-03-20 16:01:00,-64.842513,-3.084998
99,2015-03-20 18:01:00,-64.842515,-3.085131
99,2015-03-21 00:00:00,-64.832872,-3.083072
99,2015-03-21 02:01:00,-64.832964,-3.08299
99,2015-03-21 06:01:00,-64.840006,-3.080573
99,2015-03-21 08:00:00,-64.839801,-3.080506
99,2015-03-21 10:00:00,-64.839835,-3.080588
99,2015-03-21 12:01:00,-64.839907,-3.080501
99,2015-03-21 14:00:00,-64.839979,-3.080532
99,2015-03-21 16:01:00,-64.839892,-3.08061
99,2015-03-21 18:01:00,-64.841694,-3.077802
99,2015-03-21 20:01:00,-64.841522,-3.078112
99,2015-03-21 22:02:00,-64.844462,-3.080363
99,2015-03-22 00:00:00,-64.844423,-3.080433
99,2015-03-22 02:01:00,-64.844511,-3.080428
99,2015-03-22 06:00:00,-64.846327,-3.084034
99,2015-03-22 08:00:00,-64.846329,-3.084028
99,2015-03-22 10:02:00,-64.852594,-3.082175
99,2015-03-22 14:02:00,-64.853083,-3.081966
99,2015-03-22 16:02:00,-64.852692,-3.082202
99,2015-03-22 18:00:00,-64.85422,-3.082019
99,2015-03-22 20:01:00,-64.854344,-3.081913
99,2015-03-22 22:00:00,-64.854275,-3.081964
99,2015-03-23 00:01:00,-64.854289,-3.081865
99,2015-03-23 04:02:00,-64.854831,-3.075322
99,2015-03-23 08:02:00,-64.853569,-3.08223
99,2015-03-23 10:02:00,-64.853427,-3.082114
99,2015-03-23 12:01:00,-64.856953,-3.082131
99,2015-03-23 18:00:00,-64.849226,-3.079854
99,2015-03-23 20:01:00,-64.847526,-3.077839
99,2015-03-24 00:00:00,-64.844489,-3.080328
99,2015-03-24 08:02:00,-64.859023,-3.069872
99,2015-03-24 10:01:00,-64.859036,-3.069885
99,2015-03-24 12:02:00,-64.859075,-3.069822
99,2015-03-24 14:00:00,-64.859083,-3.069958
99,2015-03-24 16:01:00,-64.859153,-3.069883
99,2015-03-24 18:00:00,-64.856979,-3.06727
99,2015-03-24 20:01:00,-64.856941,-3.067235
99,2015-03-24 22:00:00,-64.851737,-3.071138
99,2015-03-25 00:01:00,-64.842691,-3.07445
99,2015-03-25 02:01:00,-64.842693,-3.074509
99,2015-03-25 04:00:00,-64.842709,-3.074572
99,2015-03-25 06:00:00,-64.842754,-3.074521
99,2015-03-25 08:00:00,-64.842743,-3.074502
99,2015-03-25 10:00:00,-64.842751,-3.074508
99,2015-03-25 12:00:00,-64.842801,-3.074541
99,2015-03-25 14:00:00,-64.842806,-3.074419
99,2015-03-25 16:00:00,-64.842736,-3.074504
99,2015-03-25 18:01:00,-64.841131,-3.073319
99,2015-03-26 00:01:00,-64.837549,-3.067916
99,2015-03-26 02:00:00,-64.837436,-3.068238
99,2015-03-26 04:00:00,-64.837392,-3.068137
99,2015-03-26 06:01:00,-64.839835,-3.068604
99,2015-03-26 08:01:00,-64.840026,-3.070649
99,2015-03-26 10:00:00,-64.840005,-3.070674
99,2015-03-26 12:01:00,-64.839962,-3.070713
99,2015-03-26 14:01:00,-64.839961,-3.070714
99,2015-03-26 16:00:00,-64.839969,-3.070648
99,2015-03-26 18:00:00,-64.840038,-3.070672
99,2015-03-26 20:01:00,-64.84218,-3.077664
99,2015-03-26 22:01:00,-64.842288,-3.077618
99,2015-03-27 00:01:00,-64.841288,-3.077242
99,2015-03-27 02:02:00,-64.845572,-3.078418
99,2015-03-27 04:00:00,-64.848759,-3.081687
99,2015-03-27 06:00:00,-64.84883,-3.081661
99,2015-03-27 10:00:00,-64.847615,-3.077982
99,2015-03-27 12:00:00,-64.847568,-3.07799
99,2015-03-27 14:00:00,-64.847751,-3.077964
99,2015-03-27 16:00:00,-64.847606,-3.077914
99,2015-03-27 20:00:00,-64.847517,-3.077838
99,2015-03-27 22:00:00,-64.840912,-3.09058
99,2015-03-28 00:03:00,-64.836818,-3.092027
99,2015-03-28 02:00:00,-64.836194,-3.091522
99,2015-03-28 04:01:00,-64.836376,-3.09156
99,2015-03-28 06:01:00,-64.836404,-3.091563
99,2015-03-28 08:00:00,-64.836605,-3.093002
99,2015-03-28 10:00:00,-64.836669,-3.092891
99,2015-03-28 12:00:00,-64.836713,-3.092907
99,2015-03-28 14:00:00,-64.836722,-3.092915
99,2015-03-28 16:01:00,-64.836807,-3.09298
99,2015-03-28 18:00:00,-64.836747,-3.092743
99,2015-03-28 20:01:00,-64.836603,-3.09278
99,2015-03-29 00:00:00,-64.839855,-3.093506
99,2015-03-29 02:01:00,-64.839891,-3.093442
99,2015-03-29 04:00:00,-64.839772,-3.093392
99,2015-03-29 06:00:00,-64.840105,-3.093331
99,2015-03-29 08:00:00,-64.839921,-3.09357
99,2015-03-29 10:01:00,-64.839842,-3.093425
99,2015-03-29 12:00:00,-64.839846,-3.093473
99,2015-03-29 14:01:00,-64.840043,-3.09354
99,2015-03-29 16:00:00,-64.839856,-3.093572
99,2015-03-29 18:00:00,-64.840054,-3.093912
99,2015-03-30 00:01:00,-64.827024,-3.091396
99,2015-03-30 02:00:00,-64.82707,-3.091138
99,2015-03-30 06:01:00,-64.825052,-3.091916
99,2015-03-30 08:01:00,-64.824956,-3.091974
99,2015-03-30 10:00:00,-64.824891,-3.091917
99,2015-03-30 12:00:00,-64.824854,-3.091879
99,2015-03-30 14:01:00,-64.825088,-3.091892
99,2015-03-30 16:00:00,-64.824943,-3.091883
99,2015-03-30 18:01:00,-64.825154,-3.088592
99,2015-03-30 20:01:00,-64.825675,-3.087878
99,2015-03-30 22:01:00,-64.826949,-3.084838
99,2015-03-31 00:00:00,-64.826748,-3.084901
99,2015-03-31 02:00:00,-64.826907,-3.084876
99,2015-03-31 04:00:00,-64.826503,-3.084828
99,2015-03-31 06:00:00,-64.826858,-3.084924
99,2015-03-31 08:01:00,-64.826883,-3.084682
99,2015-03-31 10:00:00,-64.826942,-3.084816
99,2015-03-31 14:00:00,-64.824034,-3.085627
99,2015-03-31 16:00:00,-64.824044,-3.085638
99,2015-03-31 18:00:00,-64.822983,-3.083555
99,2015-03-31 20:01:00,-64.824732,-3.080498
99,2015-03-31 22:01:00,-64.824575,-3.080495
99,2015-04-01 02:00:00,-64.824683,-3.080496
99,2015-04-01 04:00:00,-64.824712,-3.08052
99,2015-04-01 06:01:00,-64.822691,-3.079289
99,2015-04-01 08:00:00,-64.822731,-3.079398
99,2015-04-01 10:01:00,-64.822603,-3.0793
99,2015-04-01 12:00:00,-64.822815,-3.079347
99,2015-04-01 14:00:00,-64.822831,-3.079362
99,2015-04-01 16:00:00,-64.822701,-3.079648
99,2015-04-01 18:01:00,-64.822754,-3.080444
99,2015-04-01 20:02:00,-64.825555,-3.088245
99,2015-04-01 22:02:00,-64.825191,-3.088338
99,2015-04-02 00:01:00,-64.824052,-3.080898
99,2015-04-02 02:01:00,-64.824047,-3.080895
99,2015-04-02 04:01:00,-64.824014,-3.081087
99,2015-04-02 06:01:00,-64.822867,-3.079365
99,2015-04-02 08:00:00,-64.822808,-3.079411
99,2015-04-02 10:00:00,-64.822774,-3.079351
99,2015-04-02 12:01:00,-64.822971,-3.079272
99,2015-04-02 14:00:00,-64.822797,-3.079326
99,2015-04-02 16:00:00,-64.822773,-3.079369
99,2015-04-02 18:00:00,-64.822894,-3.079388
99,2015-04-02 20:01:00,-64.824987,-3.075595
99,2015-04-02 22:00:00,-64.825081,-3.075475
99,2015-04-03 00:01:00,-64.824865,-3.075234
99,2015-04-03 02:01:00,-64.824629,-3.073628
99,2015-04-03 04:01:00,-64.823773,-3.073024
99,2015-04-03 06:01:00,-64.82391,-3.073413
99,2015-04-03 08:01:00,-64.824611,-3.073658
99,2015-04-03 10:00:00,-64.824565,-3.073556
99,2015-04-03 12:01:00,-64.824664,-3.073725
99,2015-04-03 14:02:00,-64.824601,-3.073778
99,2015-04-03 16:00:00,-64.824673,-3.073707
99,2015-04-03 18:01:00,-64.824577,-3.073625
99,2015-04-03 20:00:00,-64.824639,-3.073665
99,2015-04-04 00:01:00,-64.824605,-3.073531
99,2015-04-04 02:00:00,-64.824629,-3.073547
99,2015-04-04 04:00:00,-64.824476,-3.073709
99,2015-04-04 06:01:00,-64.824718,-3.073673
99,2015-04-04 08:00:00,-64.824557,-3.07361
99,2015-04-04 10:00:00,-64.824577,-3.073582
99,2015-04-04 12:02:00,-64.824544,-3.073599
99,2015-04-04 14:01:00,-64.824631,-3.073581
99,2015-04-04 16:00:00,-64.82451,-3.073758
99,2015-04-04 18:01:00,-64.827041,-3.072816
99,2015-04-04 20:00:00,-64.827097,-3.072786
99,2015-04-04 22:00:00,-64.828366,-3.073371
99,2015-04-05 00:00:00,-64.828345,-3.073379
99,2015-04-05 02:00:00,-64.828319,-3.073384
99,2015-04-05 04:00:00,-64.826899,-3.073755
99,2015-04-05 06:01:00,-64.827209,-3.074851
99,2015-04-05 08:00:00,-64.827261,-3.074958
99,2015-04-05 10:01:00,-64.827354,-3.074911
99,2015-04-05 12:00:00,-64.827291,-3.074916
99,2015-04-05 14:01:00,-64.827172,-3.0749
99,2015-04-05 18:00:00,-64.82741,-3.075945
99,2015-04-05 22:00:00,-64.827276,-3.079212
99,2015-04-06 00:00:00,-64.827248,-3.079187
99,2015-04-06 02:00:00,-64.827162,-3.07924
99,2015-04-06 04:01:00,-64.827275,-3.079258
99,2015-04-06 06:00:00,-64.829893,-3.07752
99,2015-04-06 08:00:00,-64.82998,-3.077529
99,2015-04-06 10:00:00,-64.829987,-3.077466
99,2015-04-06 12:00:00,-64.829993,-3.077472
99,2015-04-06 14:00:00,-64.83003,-3.077314
99,2015-04-06 16:00:00,-64.82996,-3.077479
99,2015-04-06 18:00:00,-64.829346,-3.077715
99,2015-04-06 22:02:00,-64.825471,-3.071558
99,2015-04-07 02:01:00,-64.825383,-3.071622
99,2015-04-07 04:01:00,-64.824977,-3.072192
99,2015-04-07 06:00:00,-64.824732,-3.072545
99,2015-04-07 08:01:00,-64.824827,-3.072671
99,2015-04-07 10:01:00,-64.824741,-3.07252
99,2015-04-07 12:01:00,-64.824603,-3.072558
99,2015-04-07 14:00:00,-64.824768,-3.072446
99,2015-04-07 16:00:00,-64.824828,-3.072478
99,2015-04-07 18:00:00,-64.824839,-3.072478
99,2015-04-07 20:01:00,-64.820945,-3.074689
99,2015-04-07 22:00:00,-64.820047,-3.077098
99,2015-04-08 00:01:00,-64.821058,-3.076706
99,2015-04-08 02:00:00,-64.822131,-3.080233
99,2015-04-08 04:01:00,-64.82183,-3.079815
99,2015-04-08 08:00:00,-64.82204,-3.079218
99,2015-04-08 10:00:00,-64.822327,-3.079272
99,2015-04-08 12:00:00,-64.82188,-3.079727
99,2015-04-08 14:01:00,-64.821702,-3.07971
99,2015-04-08 16:00:00,-64.823896,-3.08152
99,2015-04-08 18:00:00,-64.823943,-3.081559
99,2015-04-08 20:00:00,-64.823893,-3.081493
99,2015-04-08 22:00:00,-64.821801,-3.082098
99,2015-04-09 00:00:00,-64.821433,-3.081641
99,2015-04-09 02:00:00,-64.821397,-3.081634
99,2015-04-09 04:00:00,-64.821148,-3.081637
99,2015-04-09 06:00:00,-64.821393,-3.081731
99,2015-04-09 08:00:00,-64.821367,-3.081707
99,2015-04-09 10:01:00,-64.821454,-3.081718
99,2015-04-09 12:00:00,-64.821363,-3.081653
99,2015-04-09 14:00:00,-64.821439,-3.081623
99,2015-04-09 16:00:00,-64.821444,-3.081659
99,2015-04-09 18:01:00,-64.82153,-3.081624
99,2015-04-09 20:00:00,-64.818553,-3.079552
99,2015-04-09 22:00:00,-64.818558,-3.079614
99,2015-04-10 00:00:00,-64.818575,-3.079603
99,2015-04-10 02:01:00,-64.818554,-3.079479
99,2015-04-10 04:00:00,-64.81847,-3.079404
99,2015-04-10 06:01:00,-64.819452,-3.078519
99,2015-04-10 08:01:00,-64.819945,-3.078862
99,2015-04-10 10:01:00,-64.819996,-3.078848
99,2015-04-10 12:00:00,-64.819975,-3.078856
99,2015-04-10 14:00:00,-64.820026,-3.078878
99,2015-04-10 16:02:00,-64.820059,-3.078893
99,2015-04-10 18:01:00,-64.820044,-3.078819
99,2015-04-10 20:00:00,-64.81998,-3.07887
99,2015-04-10 22:00:00,-64.82222,-3.078947
99,2015-04-11 00:01:00,-64.82242,-3.079036
99,2015-04-11 02:00:00,-64.822346,-3.079071
99,2015-04-11 04:00:00,-64.822379,-3.079074
99,2015-04-11 06:00:00,-64.822442,-3.079008
99,2015-04-11 08:00:00,-64.822376,-3.079057
99,2015-04-11 10:00:00,-64.822404,-3.07875
99,2015-04-11 12:00:00,-64.822304,-3.078924
99,2015-04-11 14:00:00,-64.822384,-3.078971
99,2015-04-11 16:01:00,-64.822424,-3.07895
99,2015-04-11 20:01:00,-64.825256,-3.076731
99,2015-04-11 22:01:00,-64.824054,-3.079735
99,2015-04-12 00:00:00,-64.823905,-3.08093
99,2015-04-12 02:01:00,-64.825148,-3.07667
99,2015-04-12 06:01:00,-64.827142,-3.078197
99,2015-04-12 10:00:00,-64.827013,-3.077151
99,2015-04-12 12:00:00,-64.827099,-3.077237
99,2015-04-12 14:00:00,-64.82713,-3.077141
99,2015-04-12 16:01:00,-64.827082,-3.077172
99,2015-04-12 18:01:00,-64.827155,-3.077262
99,2015-04-12 20:01:00,-64.831024,-3.081397
99,2015-04-12 22:00:00,-64.831297,-3.082612
99,2015-04-13 00:01:00,-64.831243,-3.082617
99,2015-04-13 02:00:00,-64.831244,-3.082649
99,2015-04-13 04:01:00,-64.833181,-3.080221
99,2015-04-13 06:00:00,-64.833278,-3.080039
99,2015-04-13 08:00:00,-64.833271,-3.080131
99,2015-04-13 10:00:00,-64.833048,-3.080082
99,2015-04-13 12:01:00,-64.833132,-3.080137
99,2015-04-13 14:01:00,-64.833219,-3.080104
99,2015-04-13 16:02:00,-64.833186,-3.08009
99,2015-04-13 18:02:00,-64.83501,-3.081465
99,2015-04-13 20:00:00,-64.834969,-3.08146
99,2015-04-13 22:00:00,-64.835012,-3.081519
99,2015-04-14 00:00:00,-64.835306,-3.081621
99,2015-04-14 02:00:00,-64.835038,-3.081651
99,2015-04-14 04:00:00,-64.835035,-3.081552
99,2015-04-14 06:01:00,-64.833134,-3.083166
99,2015-04-14 08:01:00,-64.833064,-3.083063
99,2015-04-14 10:02:00,-64.833143,-3.083146
99,2015-04-14 12:01:00,-64.833272,-3.0834
99,2015-04-14 14:02:00,-64.833044,-3.083158
99,2015-04-14 16:00:00,-64.833141,-3.083188
99,2015-04-14 18:01:00,-64.833187,-3.083299
99,2015-04-14 20:00:00,-64.833174,-3.083247
99,2015-04-14 22:00:00,-64.834544,-3.083846
99,2015-04-15 00:00:00,-64.834376,-3.08386
99,2015-04-15 02:02:00,-64.834073,-3.084231
99,2015-04-15 06:01:00,-64.841236,-3.091156
99,2015-04-15 08:00:00,-64.841172,-3.091253
99,2015-04-15 10:00:00,-64.841193,-3.091229
99,2015-04-15 12:00:00,-64.841159,-3.091168
99,2015-04-15 14:00:00,-64.8412,-3.091165
99,2015-04-15 16:00:00,-64.841125,-3.091156
99,2015-04-15 18:00:00,-64.841157,-3.091165
99,2015-04-15 20:00:00,-64.841278,-3.091161
99,2015-04-16 02:01:00,-64.835741,-3.096304
99,2015-04-16 04:00:00,-64.835786,-3.096289
99,2015-04-16 06:02:00,-64.835741,-3.096293
99,2015-04-16 08:00:00,-64.83575,-3.096302
99,2015-04-16 10:01:00,-64.835866,-3.096262
99,2015-04-16 12:01:00,-64.837544,-3.095708
99,2015-04-16 14:00:00,-64.837724,-3.095982
99,2015-04-16 18:01:00,-64.837687,-3.096042
99,2015-04-16 20:01:00,-64.837632,-3.096113
99,2015-04-17 00:01:00,-64.837641,-3.095953
99,2015-04-17 02:00:00,-64.837653,-3.095951
99,2015-04-17 04:01:00,-64.837469,-3.095927
99,2015-04-17 06:01:00,-64.837675,-3.096021
99,2015-04-17 08:00:00,-64.837632,-3.096071
99,2015-04-17 10:00:00,-64.837632,-3.09602
99,2015-04-17 12:01:00,-64.837719,-3.096034
99,2015-04-17 14:01:00,-64.837676,-3.095998
99,2015-04-17 16:01:00,-64.837651,-3.096062
99,2015-04-17 18:00:00,-64.839243,-3.095553
99,2015-04-17 20:00:00,-64.839153,-3.095547
99,2015-04-17 22:01:00,-64.840489,-3.096569
99,2015-04-18 00:01:00,-64.839065,-3.097251
99,2015-04-18 02:00:00,-64.839158,-3.097211
99,2015-04-18 04:01:00,-64.838637,-3.097468
99,2015-04-18 06:00:00,-64.834148,-3.098839
99,2015-04-18 08:00:00,-64.834132,-3.099019
99,2015-04-18 10:01:00,-64.835046,-3.098596
99,2015-04-18 12:00:00,-64.835009,-3.098599
99,2015-04-18 14:00:00,-64.834986,-3.098608
99,2015-04-18 16:00:00,-64.835096,-3.098617
99,2015-04-18 18:01:00,-64.835267,-3.098678
99,2015-04-18 20:00:00,-64.835005,-3.098568
99,2015-04-19 00:00:00,-64.837316,-3.092749
99,2015-04-19 02:01:00,-64.837316,-3.092833
99,2015-04-19 04:01:00,-64.837397,-3.092757
99,2015-04-19 06:01:00,-64.837427,-3.092686
99,2015-04-19 08:01:00,-64.837791,-3.092232
99,2015-04-19 10:00:00,-64.83776,-3.092282
99,2015-04-19 12:01:00,-64.837766,-3.092222
99,2015-04-19 14:01:00,-64.837799,-3.092256
99,2015-04-19 16:01:00,-64.837867,-3.092262
99,2015-04-19 18:00:00,-64.837909,-3.091888
99,2015-04-19 20:01:00,-64.837725,-3.092043
99,2015-04-19 22:00:00,-64.841466,-3.093297
99,2015-04-20 00:00:00,-64.842385,-3.092211
99,2015-04-20 02:01:00,-64.842533,-3.092486
99,2015-04-20 04:01:00,-64.842302,-3.092205
99,2015-04-20 06:00:00,-64.842398,-3.092181
99,2015-04-20 10:00:00,-64.848649,-3.088425
99,2015-04-20 12:00:00,-64.849435,-3.088693
99,2015-04-20 14:00:00,-64.850314,-3.086718
99,2015-04-20 16:01:00,-64.850289,-3.086704
99,2015-04-20 18:01:00,-64.850272,-3.086643
99,2015-04-20 20:02:00,-64.850472,-3.086825
99,2015-04-20 22:01:00,-64.850206,-3.086744
99,2015-04-21 00:00:00,-64.85032,-3.086775
99,2015-04-21 02:00:00,-64.850332,-3.086851
99,2015-04-21 04:00:00,-64.848417,-3.087435
99,2015-04-21 06:00:00,-64.848671,-3.087273
99,2015-04-21 08:01:00,-64.84751,-3.08778
99,2015-04-21 10:00:00,-64.848551,-3.087529
99,2015-04-21 12:03:00,-64.84864,-3.087372
99,2015-04-21 14:00:00,-64.848626,-3.087492
99,2015-04-21 16:01:00,-64.848585,-3.087447
99,2015-04-21 18:00:00,-64.848683,-3.087429
99,2015-04-22 02:00:00,-64.861796,-3.077265
99,2015-04-22 04:01:00,-64.869262,-3.069971
99,2015-04-22 06:00:00,-64.869184,-3.070045
99,2015-04-22 08:00:00,-64.869125,-3.070041
99,2015-04-22 12:02:00,-64.871903,-3.068372
99,2015-04-22 14:02:00,-64.871925,-3.068214
99,2015-04-22 18:02:00,-64.871875,-3.068112
99,2015-04-22 20:00:00,-64.869094,-3.067895
99,2015-04-22 22:00:00,-64.868607,-3.068694
99,2015-04-23 00:02:00,-64.868664,-3.069387
99,2015-04-23 02:01:00,-64.869651,-3.070353
99,2015-04-23 14:01:00,-64.871628,-3.068591
99,2015-04-23 16:02:00,-64.869077,-3.071819
99,2015-04-23 18:01:00,-64.869006,-3.071972
99,2015-04-23 20:02:00,-64.869019,-3.072012
99,2015-04-24 00:00:00,-64.868898,-3.071886
99,2015-04-24 02:01:00,-64.868962,-3.071933
99,2015-04-24 04:01:00,-64.868916,-3.072105
99,2015-04-24 06:01:00,-64.868969,-3.071984
99,2015-04-24 08:01:00,-64.868939,-3.071973
99,2015-04-24 10:01:00,-64.868901,-3.071981
99,2015-04-24 12:00:00,-64.868958,-3.071967
99,2015-04-24 14:00:00,-64.868826,-3.071908
99,2015-04-24 16:02:00,-64.868808,-3.07193
99,2015-04-24 18:01:00,-64.871172,-3.073126
99,2015-04-24 20:00:00,-64.872547,-3.078629
99,2015-04-24 22:01:00,-64.873414,-3.08012
99,2015-04-25 00:01:00,-64.873975,-3.078355
99,2015-04-25 02:00:00,-64.874012,-3.078356
99,2015-04-25 06:01:00,-64.873889,-3.078321
99,2015-04-25 08:00:00,-64.87385,-3.078219
99,2015-04-25 10:01:00,-64.873892,-3.078054
99,2015-04-25 12:02:00,-64.873887,-3.078225
99,2015-04-25 14:00:00,-64.87366,-3.078391
99,2015-04-25 16:00:00,-64.874033,-3.078388
99,2015-04-25 18:00:00,-64.873946,-3.078185
99,2015-04-25 20:01:00,-64.873914,-3.078228
99,2015-04-25 22:01:00,-64.874007,-3.078113
99,2015-04-26 00:00:00,-64.873912,-3.078221
99,2015-04-26 02:02:00,-64.868552,-3.072407
99,2015-04-26 04:00:00,-64.873928,-3.078213
99,2015-04-26 06:00:00,-64.873859,-3.078387
99,2015-04-26 08:02:00,-64.872731,-3.070107
99,2015-04-26 10:01:00,-64.872547,-3.070106
99,2015-04-26 12:00:00,-64.872652,-3.070142
99,2015-04-26 14:00:00,-64.872696,-3.07017
99,2015-04-26 16:00:00,-64.872692,-3.070213
99,2015-04-26 18:00:00,-64.872833,-3.070168
99,2015-04-26 20:00:00,-64.872799,-3.070194
99,2015-04-26 22:00:00,-64.872742,-3.070173
99,2015-04-27 00:00:00,-64.872834,-3.070156
99,2015-04-27 02:00:00,-64.872753,-3.070152
99,2015-04-27 04:01:00,-64.872992,-3.070137
99,2015-04-27 06:01:00,-64.872399,-3.069982
99,2015-04-27 08:01:00,-64.872697,-3.07
99,2015-04-27 10:00:00,-64.873083,-3.070266
99,2015-04-27 12:02:00,-64.872738,-3.070164
99,2015-04-27 14:00:00,-64.872849,-3.070138
99,2015-04-27 16:00:00,-64.872784,-3.070165
99,2015-04-27 18:01:00,-64.872846,-3.070133
99,2015-04-27 20:01:00,-64.873094,-3.0702
99,2015-04-28 00:01:00,-64.875517,-3.069732
99,2015-04-28 02:00:00,-64.875599,-3.069954
99,2015-04-28 04:01:00,-64.875354,-3.069997
99,2015-04-28 06:00:00,-64.875455,-3.069952
99,2015-04-28 08:01:00,-64.875532,-3.070016
99,2015-04-28 14:01:00,-64.871717,-3.071847
99,2015-04-28 16:00:00,-64.871656,-3.071858
99,2015-04-28 18:01:00,-64.87142,-3.072997
99,2015-04-28 20:01:00,-64.867523,-3.072347
99,2015-04-28 22:00:00,-64.865652,-3.073018
99,2015-04-29 00:00:00,-64.865631,-3.072914
99,2015-04-29 02:00:00,-64.865649,-3.07293
99,2015-04-29 06:03:00,-64.869257,-3.071275
99,2015-04-29 08:02:00,-64.869303,-3.071257
99,2015-04-29 10:01:00,-64.869191,-3.071374
99,2015-04-29 12:01:00,-64.869169,-3.071327
99,2015-04-29 14:00:00,-64.869146,-3.071343
99,2015-04-29 18:02:00,-64.869336,-3.07136
99,2015-04-29 22:02:00,-64.862854,-3.060853
99,2015-04-30 00:00:00,-64.86033,-3.058368
99,2015-04-30 02:00:00,-64.860445,-3.058308
99,2015-04-30 04:00:00,-64.860393,-3.058391
99,2015-04-30 06:01:00,-64.860412,-3.058391
99,2015-04-30 08:01:00,-64.860502,-3.058353
99,2015-04-30 10:00:00,-64.860421,-3.05839
99,2015-04-30 12:01:00,-64.860339,-3.058328
99,2015-04-30 14:00:00,-64.860408,-3.058322
99,2015-04-30 16:00:00,-64.860413,-3.058359
99,2015-04-30 18:02:00,-64.862939,-3.056067
99,2015-04-30 20:01:00,-64.868341,-3.052844
99,2015-04-30 22:00:00,-64.86798,-3.053246
99,2015-05-01 00:00:00,-64.867459,-3.051744
99,2015-05-01 02:00:00,-64.867505,-3.05174
99,2015-05-01 04:00:00,-64.867458,-3.051707
99,2015-05-01 06:01:00,-64.867453,-3.051795
99,2015-05-01 08:00:00,-64.867633,-3.051774
99,2015-05-01 12:00:00,-64.867668,-3.051772
99,2015-05-01 14:00:00,-64.867603,-3.051672
99,2015-05-01 16:01:00,-64.867733,-3.051596
99,2015-05-01 18:02:00,-64.868194,-3.049557
99,2015-05-01 20:01:00,-64.871312,-3.052404
99,2015-05-01 22:00:00,-64.869593,-3.052583
99,2015-05-02 00:01:00,-64.869431,-3.052583
99,2015-05-02 02:00:00,-64.869403,-3.052537
99,2015-05-02 04:00:00,-64.869445,-3.052525
99,2015-05-02 06:01:00,-64.86927,-3.052908
99,2015-05-02 08:00:00,-64.869445,-3.052592
99,2015-05-02 10:00:00,-64.869433,-3.052611
99,2015-05-02 14:00:00,-64.86946,-3.052593
99,2015-05-02 16:00:00,-64.86961,-3.052718
99,2015-05-02 20:01:00,-64.86985,-3.050391
99,2015-05-02 22:01:00,-64.870111,-3.050606
99,2015-05-03 02:00:00,-64.870073,-3.05069
99,2015-05-03 04:01:00,-64.867952,-3.049445
99,2015-05-03 06:00:00,-64.867888,-3.049356
99,2015-05-03 08:01:00,-64.867857,-3.049539
99,2015-05-03 10:01:00,-64.867978,-3.049392
99,2015-05-03 12:01:00,-64.867798,-3.049492
99,2015-05-03 14:00:00,-64.867859,-3.049471
99,2015-05-03 16:00:00,-64.867829,-3.049401
99,2015-05-03 18:00:00,-64.867843,-3.049367
99,2015-05-03 20:01:00,-64.864268,-3.047803
99,2015-05-03 22:01:00,-64.864799,-3.045499
99,2015-05-04 04:01:00,-64.86501,-3.04577
99,2015-05-04 06:01:00,-64.865075,-3.045801
99,2015-05-04 08:00:00,-64.86511,-3.04589
99,2015-05-04 10:00:00,-64.865163,-3.045741
99,2015-05-04 12:00:00,-64.865086,-3.045845
99,2015-05-04 14:00:00,-64.865063,-3.045794
99,2015-05-04 16:00:00,-64.865114,-3.045878
99,2015-05-04 18:01:00,-64.866608,-3.045198
99,2015-05-04 20:00:00,-64.867312,-3.045606
99,2015-05-04 22:03:00,-64.867284,-3.045635
99,2015-05-05 00:00:00,-64.86722,-3.04566
99,2015-05-05 02:01:00,-64.867158,-3.045665
99,2015-05-05 04:00:00,-64.867124,-3.045545
99,2015-05-05 06:00:00,-64.865988,-3.044747
99,2015-05-05 08:01:00,-64.86636,-3.044467
99,2015-05-05 10:00:00,-64.864344,-3.041539
99,2015-05-05 12:00:00,-64.864506,-3.041464
99,2015-05-05 14:00:00,-64.864425,-3.041482
99,2015-05-05 16:01:00,-64.864507,-3.041493
99,2015-05-05 18:00:00,-64.864349,-3.04151
99,2015-05-05 22:01:00,-64.867424,-3.039315
99,2015-05-06 00:01:00,-64.871313,-3.043387
99,2015-05-06 02:00:00,-64.871396,-3.043263
99,2015-05-06 04:00:00,-64.871316,-3.043366
99,2015-05-06 08:00:00,-64.870382,-3.043166
99,2015-05-06 10:00:00,-64.87131,-3.043361
99,2015-05-06 12:01:00,-64.871589,-3.043439
99,2015-05-06 14:00:00,-64.871275,-3.043346
99,2015-05-06 16:02:00,-64.871468,-3.043372
99,2015-05-06 18:01:00,-64.871352,-3.043479
99,2015-05-06 20:02:00,-64.877355,-3.042918
99,2015-05-06 22:00:00,-64.879255,-3.041651
99,2015-05-07 00:00:00,-64.879183,-3.041536
99,2015-05-07 02:00:00,-64.879148,-3.041616
99,2015-05-07 06:00:00,-64.869253,-3.03628
99,2015-05-07 08:01:00,-64.869707,-3.038009
99,2015-05-07 10:01:00,-64.869551,-3.038205
99,2015-05-07 12:00:00,-64.869737,-3.038035
99,2015-05-07 14:00:00,-64.869755,-3.037964
99,2015-05-07 16:00:00,-64.869713,-3.037988
99,2015-05-07 18:01:00,-64.869792,-3.037908
99,2015-05-07 20:00:00,-64.868788,-3.040079
99,2015-05-07 22:01:00,-64.868533,-3.039991
99,2015-05-08 00:00:00,-64.868777,-3.039998
99,2015-05-08 04:00:00,-64.866053,-3.044737
99,2015-05-08 06:01:00,-64.86602,-3.044661
99,2015-05-08 08:01:00,-64.865621,-3.045582
99,2015-05-08 10:00:00,-64.866182,-3.044799
99,2015-05-08 12:01:00,-64.866037,-3.044837
99,2015-05-08 14:01:00,-64.866077,-3.044756
99,2015-05-08 16:01:00,-64.865945,-3.044641
99,2015-05-08 18:01:00,-64.866059,-3.044732
99,2015-05-08 20:00:00,-64.868895,-3.045735
99,2015-05-08 22:00:00,-64.866402,-3.041173
99,2015-05-09 00:01:00,-64.860612,-3.041765
99,2015-05-09 02:00:00,-64.860545,-3.041779
99,2015-05-09 04:00:00,-64.860503,-3.041787
99,2015-05-09 06:00:00,-64.860483,-3.041883
99,2015-05-09 08:02:00,-64.860538,-3.041824
99,2015-05-09 10:02:00,-64.860388,-3.041919
99,2015-05-09 12:00:00,-64.860565,-3.04189
99,2015-05-09 14:00:00,-64.860606,-3.041817
99,2015-05-09 16:00:00,-64.86072,-3.041869
99,2015-05-09 18:01:00,-64.860523,-3.041906
99,2015-05-09 20:00:00,-64.860535,-3.041876
99,2015-05-09 22:01:00,-64.861188,-3.04482
99,2015-05-10 00:01:00,-64.862785,-3.048005
99,2015-05-10 02:00:00,-64.862487,-3.04792
99,2015-05-10 04:01:00,-64.862528,-3.047957
99,2015-05-10 06:01:00,-64.862582,-3.048011
99,2015-05-10 08:01:00,-64.862619,-3.048015
99,2015-05-10 10:00:00,-64.862576,-3.047965
99,2015-05-10 12:00:00,-64.862532,-3.047982
99,2015-05-10 14:01:00,-64.862553,-3.047942
99,2015-05-10 16:00:00,-64.86254,-3.047863
99,2015-05-10 18:01:00,-64.867644,-3.052434
99,2015-05-10 20:00:00,-64.867668,-3.052442
99,2015-05-10 22:00:00,-64.867741,-3.052435
99,2015-05-11 00:00:00,-64.867648,-3.052357
99,2015-05-11 02:01:00,-64.867504,-3.052275
99,2015-05-11 04:00:00,-64.869377,-3.054004
99,2015-05-11 06:01:00,-64.87153,-3.058273
99,2015-05-11 08:01:00,-64.871581,-3.05834
99,2015-05-11 10:01:00,-64.873747,-3.056919
99,2015-05-11 12:00:00,-64.873816,-3.056924
99,2015-05-11 14:00:00,-64.873765,-3.056855
99,2015-05-11 16:01:00,-64.877158,-3.054116
99,2015-05-11 18:01:00,-64.877116,-3.053909
99,2015-05-11 20:00:00,-64.877121,-3.053928
99,2015-05-11 22:00:00,-64.869211,-3.050092
99,2015-05-12 00:00:00,-64.869152,-3.050095
99,2015-05-12 02:00:00,-64.869203,-3.050079
99,2015-05-12 04:00:00,-64.869194,-3.050049
99,2015-05-12 06:00:00,-64.869187,-3.050081
99,2015-05-12 12:00:00,-64.861009,-3.052479
99,2015-05-12 14:00:00,-64.860917,-3.052407
99,2015-05-12 18:00:00,-64.860968,-3.05247
99,2015-05-12 20:01:00,-64.86094,-3.052433
99,2015-05-12 22:00:00,-64.86123,-3.055994
99,2015-05-13 00:00:00,-64.859638,-3.052258
99,2015-05-13 02:01:00,-64.859359,-3.052195
99,2015-05-13 04:01:00,-64.859235,-3.052178
99,2015-05-13 06:00:00,-64.856507,-3.052499
99,2015-05-13 08:00:00,-64.85651,-3.052476
99,2015-05-13 10:00:00,-64.856609,-3.052464
99,2015-05-13 12:00:00,-64.856701,-3.052452
99,2015-05-13 14:01:00,-64.856447,-3.052411
99,2015-05-13 16:01:00,-64.85608,-3.052517
99,2015-05-13 18:01:00,-64.8558,-3.052712
99,2015-05-13 20:00:00,-64.855829,-3.052715
99,2015-05-13 22:00:00,-64.855848,-3.052852
99,2015-05-14 00:00:00,-64.855875,-3.052717
99,2015-05-14 02:00:00,-64.855894,-3.052773
99,2015-05-14 04:00:00,-64.854949,-3.050245
99,2015-05-14 06:00:00,-64.85469,-3.050304
99,2015-05-14 10:01:00,-64.857265,-3.049414
99,2015-05-14 12:00:00,-64.857304,-3.049512
99,2015-05-14 14:02:00,-64.857349,-3.049517
99,2015-05-14 16:01:00,-64.857424,-3.049489
99,2015-05-14 18:00:00,-64.857263,-3.049479
99,2015-05-14 20:00:00,-64.857458,-3.049442
99,2015-05-14 22:00:00,-64.857285,-3.049481
99,2015-05-15 00:01:00,-64.85735,-3.049553
99,2015-05-15 02:01:00,-64.857355,-3.04952
99,2015-05-15 04:00:00,-64.857384,-3.049507
99,2015-05-15 06:00:00,-64.859326,-3.048848
99,2015-05-15 08:01:00,-64.859383,-3.048671
99,2015-05-15 10:00:00,-64.859437,-3.04857
99,2015-05-15 12:00:00,-64.859385,-3.048629
99,2015-05-15 14:01:00,-64.859399,-3.048673
99,2015-05-15 16:00:00,-64.859408,-3.048706
99,2015-05-15 18:01:00,-64.859371,-3.048653
99,2015-05-15 22:01:00,-64.863792,-3.047016
99,2015-05-16 00:00:00,-64.86369,-3.047237
99,2015-05-16 02:00:00,-64.863664,-3.047255
99,2015-05-16 06:00:00,-64.862851,-3.056046
99,2015-05-16 08:00:00,-64.862817,-3.056025
99,2015-05-16 10:00:00,-64.862818,-3.05606
99,2015-05-16 12:00:00,-64.86288,-3.056039
99,2015-05-16 14:00:00,-64.862799,-3.056066
99,2015-05-16 16:00:00,-64.862921,-3.056052
99,2015-05-16 18:00:00,-64.862732,-3.055897
99,2015-05-16 20:01:00,-64.862937,-3.056006
99,2015-05-17 00:00:00,-64.860434,-3.05837
99,2015-05-17 02:00:00,-64.860329,-3.058417
99,2015-05-17 04:00:00,-64.860447,-3.058307
99,2015-05-17 06:00:00,-64.860347,-3.058401
99,2015-05-17 08:00:00,-64.8604,-3.058315
99,2015-05-17 10:00:00,-64.86027,-3.058368
99,2015-05-17 12:00:00,-64.860452,-3.05834
99,2015-05-17 14:01:00,-64.860153,-3.058368
99,2015-05-17 16:00:00,-64.860396,-3.058377
99,2015-05-17 18:00:00,-64.860477,-3.058396
99,2015-05-17 20:01:00,-64.860479,-3.058404
99,2015-05-17 22:01:00,-64.860485,-3.058432
99,2015-05-18 00:00:00,-64.860364,-3.058202
99,2015-05-18 02:00:00,-64.860481,-3.058262
99,2015-05-18 04:01:00,-64.862033,-3.057982
99,2015-05-18 06:01:00,-64.862085,-3.058047
99,2015-05-18 08:01:00,-64.862094,-3.058132
99,2015-05-18 10:00:00,-64.862059,-3.057993
99,2015-05-18 12:01:00,-64.862108,-3.057919
99,2015-05-18 14:00:00,-64.862105,-3.058013
99,2015-05-18 16:00:00,-64.862121,-3.058009
99,2015-05-18 18:02:00,-64.862111,-3.058042
99,2015-05-18 20:00:00,-64.862117,-3.057884
99,2015-05-19 00:00:00,-64.864501,-3.057272
99,2015-05-19 02:00:00,-64.864488,-3.057307
99,2015-05-19 04:00:00,-64.86443,-3.05725
99,2015-05-19 06:00:00,-64.864352,-3.057464
99,2015-05-19 08:02:00,-64.86424,-3.057281
99,2015-05-19 10:01:00,-64.864201,-3.057397
99,2015-05-19 12:02:00,-64.864485,-3.057206
99,2015-05-19 14:01:00,-64.864419,-3.057278
99,2015-05-19 16:01:00,-64.864383,-3.057316
99,2015-05-19 18:00:00,-64.864423,-3.057287
99,2015-05-19 20:00:00,-64.864452,-3.057169
99,2015-05-19 22:00:00,-64.864323,-3.057247
99,2015-05-20 00:00:00,-64.864196,-3.057188
99,2015-05-20 02:00:00,-64.864435,-3.057345
99,2015-05-20 04:00:00,-64.864279,-3.058324
99,2015-05-20 06:00:00,-64.864532,-3.059005
99,2015-05-20 08:00:00,-64.864439,-3.059007
99,2015-05-20 10:00:00,-64.864467,-3.059047
99,2015-05-20 12:00:00,-64.864556,-3.058982
99,2015-05-20 14:00:00,-64.864481,-3.059066
99,2015-05-20 16:01:00,-64.864469,-3.059103
99,2015-05-20 18:00:00,-64.859751,-3.063718
99,2015-05-20 20:00:00,-64.859743,-3.063876
99,2015-05-20 22:00:00,-64.859859,-3.063624
99,2015-05-21 00:00:00,-64.859657,-3.064193
99,2015-05-21 02:00:00,-64.859721,-3.063876
99,2015-05-21 04:00:00,-64.858371,-3.065192
99,2015-05-21 06:00:00,-64.858363,-3.065133
99,2015-05-21 08:00:00,-64.858403,-3.065212
99,2015-05-21 10:01:00,-64.858605,-3.065464
99,2015-05-21 12:00:00,-64.858598,-3.065391
99,2015-05-21 14:00:00,-64.858554,-3.065471
99,2015-05-21 16:00:00,-64.858624,-3.065369
99,2015-05-21 18:01:00,-64.858635,-3.065532
99,2015-05-21 20:00:00,-64.858603,-3.065348
99,2015-05-21 22:00:00,-64.858595,-3.06541
99,2015-05-22 02:01:00,-64.8579,-3.067301
99,2015-05-22 04:01:00,-64.857939,-3.067321
99,2015-05-22 06:00:00,-64.857895,-3.067351
99,2015-05-22 08:02:00,-64.857351,-3.067368
99,2015-05-22 10:00:00,-64.857369,-3.06746
99,2015-05-22 12:00:00,-64.857319,-3.067485
99,2015-05-22 14:00:00,-64.857329,-3.067382
99,2015-05-22 16:01:00,-64.857411,-3.067415
99,2015-05-22 18:00:00,-64.853069,-3.073075
99,2015-05-22 20:00:00,-64.852898,-3.073106
99,2015-05-22 22:01:00,-64.852921,-3.07307
99,2015-05-23 00:00:00,-64.852931,-3.073163
99,2015-05-23 02:00:00,-64.849586,-3.070128
99,2015-05-23 04:01:00,-64.848339,-3.069995
99,2015-05-23 06:01:00,-64.84839,-3.069962
99,2015-05-23 08:00:00,-64.848375,-3.06996
99,2015-05-23 10:01:00,-64.848252,-3.069965
99,2015-05-23 12:00:00,-64.848366,-3.070078
99,2015-05-23 14:00:00,-64.848467,-3.069943
99,2015-05-23 16:00:00,-64.848404,-3.069862
99,2015-05-23 18:01:00,-64.848331,-3.06998
99,2015-05-23 20:01:00,-64.848411,-3.069972
99,2015-05-23 22:02:00,-64.845167,-3.074781
99,2015-05-24 00:01:00,-64.841486,-3.078025
99,2015-05-24 02:01:00,-64.841577,-3.07823
99,2015-05-24 06:00:00,-64.852933,-3.075882
99,2015-05-24 08:00:00,-64.852601,-3.075802
99,2015-05-24 10:01:00,-64.853618,-3.075082
99,2015-05-24 12:01:00,-64.853589,-3.07578
99,2015-05-24 14:02:00,-64.853706,-3.075798
99,2015-05-24 16:02:00,-64.850668,-3.078473
99,2015-05-24 18:00:00,-64.850694,-3.07847
99,2015-05-24 20:01:00,-64.85074,-3.078434
99,2015-05-24 22:01:00,-64.84599,-3.079863
99,2015-05-25 00:03:00,-64.846124,-3.079786
99,2015-05-25 02:00:00,-64.845959,-3.079828
99,2015-05-25 04:02:00,-64.845986,-3.079891
99,2015-05-25 06:00:00,-64.845949,-3.07995
99,2015-05-25 08:01:00,-64.845908,-3.079899
99,2015-05-25 10:01:00,-64.845927,-3.07988
99,2015-05-25 12:01:00,-64.846049,-3.079803
99,2015-05-25 14:01:00,-64.845871,-3.08002
99,2015-05-25 16:00:00,-64.845913,-3.079929
99,2015-05-25 20:01:00,-64.840365,-3.093331
99,2015-05-25 22:00:00,-64.840297,-3.093358
99,2015-05-26 00:00:00,-64.84034,-3.093341
99,2015-05-26 02:00:00,-64.84034,-3.093237
99,2015-05-26 04:01:00,-64.836785,-3.093105
99,2015-05-26 06:00:00,-64.836762,-3.092834
99,2015-05-26 08:00:00,-64.836654,-3.092821
99,2015-05-26 10:00:00,-64.836718,-3.092858
99,2015-05-26 12:01:00,-64.836819,-3.092794
99,2015-05-26 14:00:00,-64.836703,-3.092871
99,2015-05-26 16:00:00,-64.836711,-3.09297
99,2015-05-26 18:00:00,-64.836756,-3.092882
99,2015-05-26 22:01:00,-64.827067,-3.093843
99,2015-05-27 00:00:00,-64.828062,-3.091091
99,2015-05-27 02:00:00,-64.828206,-3.09108
99,2015-05-27 04:00:00,-64.828073,-3.09097
99,2015-05-27 06:00:00,-64.82809,-3.091004
99,2015-05-27 08:02:00,-64.832303,-3.09352
99,2015-05-27 10:00:00,-64.832126,-3.093499
99,2015-05-27 12:01:00,-64.832202,-3.093619
99,2015-05-27 14:01:00,-64.832365,-3.093559
99,2015-05-27 16:00:00,-64.832297,-3.093588
99,2015-05-27 18:00:00,-64.836212,-3.091419
99,2015-05-27 20:01:00,-64.836243,-3.091527
99,2015-05-27 22:00:00,-64.836158,-3.091519
99,2015-05-28 00:00:00,-64.836259,-3.091579
99,2015-05-28 02:01:00,-64.836209,-3.091531
99,2015-05-28 04:01:00,-64.836232,-3.091524
99,2015-05-28 08:00:00,-64.835056,-3.086483
99,2015-05-28 10:00:00,-64.835195,-3.086417
99,2015-05-28 12:00:00,-64.835117,-3.086447
99,2015-05-28 14:01:00,-64.835135,-3.086333
99,2015-05-28 16:00:00,-64.835073,-3.086447
99,2015-05-28 18:01:00,-64.835717,-3.086524
99,2015-05-28 20:01:00,-64.838526,-3.08911
99,2015-05-29 00:01:00,-64.833652,-3.082111
99,2015-05-29 02:00:00,-64.83355,-3.082079
99,2015-05-29 04:01:00,-64.833707,-3.082087
99,2015-05-29 06:01:00,-64.834385,-3.081801
99,2015-05-29 08:00:00,-64.834424,-3.081806
99,2015-05-29 10:00:00,-64.834332,-3.081761
99,2015-05-29 12:00:00,-64.83445,-3.081781
99,2015-05-29 14:01:00,-64.834432,-3.08167
99,2015-05-29 16:00:00,-64.834307,-3.081599
99,2015-05-29 18:01:00,-64.832465,-3.07984
99,2015-05-29 20:00:00,-64.832338,-3.079827
99,2015-05-29 22:01:00,-64.829548,-3.079432
99,2015-05-30 00:00:00,-64.829562,-3.079476
99,2015-05-30 02:00:00,-64.829577,-3.079489
99,2015-05-30 04:00:00,-64.828866,-3.078656
99,2015-05-30 06:01:00,-64.828978,-3.07863
99,2015-05-30 08:00:00,-64.829133,-3.078688
99,2015-05-30 10:00:00,-64.82906,-3.078626
99,2015-05-30 12:00:00,-64.829133,-3.078646
99,2015-05-30 14:00:00,-64.829108,-3.078658
99,2015-05-30 16:00:00,-64.829175,-3.078646
99,2015-05-30 18:00:00,-64.829068,-3.078668
99,2015-05-30 20:02:00,-64.824048,-3.080946
99,2015-05-30 22:01:00,-64.824094,-3.080929
99,2015-05-31 00:01:00,-64.823743,-3.081015
99,2015-05-31 02:00:00,-64.82399,-3.080965
99,2015-05-31 04:00:00,-64.824756,-3.080424
99,2015-05-31 06:00:00,-64.824096,-3.080806
99,2015-05-31 08:01:00,-64.823987,-3.081022
99,2015-05-31 10:02:00,-64.823998,-3.080862
99,2015-05-31 12:02:00,-64.824038,-3.080848
99,2015-05-31 16:01:00,-64.823993,-3.080986
99,2015-05-31 18:00:00,-64.824065,-3.080998
99,2015-05-31 20:01:00,-64.824134,-3.08094
99,2015-05-31 22:01:00,-64.82403,-3.08094
99,2015-06-01 00:00:00,-64.823998,-3.080888
99,2015-06-01 04:00:00,-64.820999,-3.078673
99,2015-06-01 06:00:00,-64.82088,-3.078645
99,2015-06-01 08:00:00,-64.821043,-3.078745
99,2015-06-01 10:00:00,-64.821214,-3.078871
99,2015-06-01 12:00:00,-64.820986,-3.078657
99,2015-06-01 14:01:00,-64.821077,-3.078732
99,2015-06-01 16:01:00,-64.821016,-3.078614
99,2015-06-01 20:00:00,-64.820515,-3.077823
99,2015-06-01 22:01:00,-64.820565,-3.073072
99,2015-06-02 02:02:00,-64.829582,-3.079516
99,2015-06-02 04:01:00,-64.828505,-3.08348
99,2015-06-02 06:00:00,-64.828479,-3.083377
99,2015-06-02 08:00:00,-64.828419,-3.08331
99,2015-06-02 10:00:00,-64.828509,-3.083355
99,2015-06-02 12:00:00,-64.828404,-3.083474
99,2015-06-02 14:00:00,-64.828442,-3.083338
99,2015-06-02 16:00:00,-64.82828,-3.083272
99,2015-06-02 20:00:00,-64.825413,-3.088791
99,2015-06-02 22:00:00,-64.824234,-3.088844
99,2015-06-03 00:00:00,-64.824209,-3.088844
99,2015-06-03 02:01:00,-64.822021,-3.088399
99,2015-06-03 04:00:00,-64.819933,-3.090011
99,2015-06-03 06:00:00,-64.819748,-3.089613
99,2015-06-03 08:01:00,-64.819744,-3.089801
99,2015-06-03 10:01:00,-64.819678,-3.089965
99,2015-06-03 12:00:00,-64.81992,-3.089414
99,2015-06-03 14:02:00,-64.819663,-3.089824
99,2015-06-03 16:01:00,-64.819744,-3.089757
99,2015-06-03 18:01:00,-64.820267,-3.086936
99,2015-06-03 20:00:00,-64.82121,-3.086594
99,2015-06-03 22:01:00,-64.821214,-3.086553
99,2015-06-04 00:01:00,-64.821156,-3.086594
99,2015-06-04 02:00:00,-64.821158,-3.086616
99,2015-06-04 04:01:00,-64.821131,-3.086585
99,2015-06-04 06:01:00,-64.821135,-3.086555
99,2015-06-04 08:01:00,-64.821087,-3.086596
99,2015-06-04 10:02:00,-64.821079,-3.086497
99,2015-06-04 12:00:00,-64.821177,-3.086534
99,2015-06-04 14:00:00,-64.821099,-3.086561
99,2015-06-04 16:00:00,-64.821243,-3.086535
99,2015-06-04 18:01:00,-64.821077,-3.084063
99,2015-06-04 20:01:00,-64.821702,-3.081629
99,2015-06-04 22:00:00,-64.821635,-3.081193
99,2015-06-05 00:01:00,-64.821495,-3.081675
99,2015-06-05 02:00:00,-64.82146,-3.081694
99,2015-06-05 04:00:00,-64.821348,-3.081647
99,2015-06-05 06:00:00,-64.821496,-3.081687
99,2015-06-05 08:00:00,-64.821425,-3.081708
99,2015-06-05 10:00:00,-64.821407,-3.081687
99,2015-06-05 12:00:00,-64.821416,-3.081647
99,2015-06-05 14:00:00,-64.821431,-3.081734
99,2015-06-05 16:01:00,-64.821489,-3.08171
99,2015-06-05 18:02:00,-64.821897,-3.08167
99,2015-06-05 22:00:00,-64.821655,-3.081523
99,2015-06-06 02:01:00,-64.817112,-3.080348
99,2015-06-06 04:00:00,-64.816886,-3.079451
99,2015-06-06 06:01:00,-64.817641,-3.081438
99,2015-06-06 08:00:00,-64.818562,-3.080873
99,2015-06-06 10:00:00,-64.818557,-3.080935
99,2015-06-06 12:00:00,-64.818582,-3.080877
99,2015-06-06 14:00:00,-64.818566,-3.080938
99,2015-06-06 16:00:00,-64.818611,-3.080942
99,2015-06-06 18:00:00,-64.818627,-3.080911
99,2015-06-06 22:00:00,-64.818351,-3.083946
99,2015-06-07 00:00:00,-64.818325,-3.083913
99,2015-06-07 02:00:00,-64.818351,-3.083944
99,2015-06-07 04:00:00,-64.81829,-3.084002
99,2015-06-07 06:00:00,-64.818414,-3.083955
99,2015-06-07 08:00:00,-64.818321,-3.083965
99,2015-06-07 10:00:00,-64.818322,-3.084018
99,2015-06-07 12:00:00,-64.818363,-3.084045
99,2015-06-07 14:01:00,-64.818375,-3.083965
99,2015-06-07 16:02:00,-64.818361,-3.08385
99,2015-06-07 18:01:00,-64.821503,-3.081599
99,2015-06-07 20:01:00,-64.827398,-3.079558
99,2015-06-07 22:00:00,-64.827572,-3.079492
99,2015-06-08 00:01:00,-64.82774,-3.07949
99,2015-06-08 02:01:00,-64.827712,-3.079444
99,2015-06-08 04:01:00,-64.83137,-3.075613
99,2015-06-08 06:01:00,-64.831354,-3.075516
99,2015-06-08 08:00:00,-64.83148,-3.075533
99,2015-06-08 10:01:00,-64.83146,-3.075475
99,2015-06-08 12:00:00,-64.831413,-3.075509
99,2015-06-08 14:00:00,-64.831336,-3.075541
99,2015-06-08 16:01:00,-64.8315,-3.075566
99,2015-06-08 20:00:00,-64.833942,-3.072291
99,2015-06-08 22:00:00,-64.833845,-3.072408
99,2015-06-09 00:00:00,-64.834479,-3.072658
99,2015-06-09 02:01:00,-64.838096,-3.073195
99,2015-06-09 04:03:00,-64.837765,-3.073053
99,2015-06-09 06:00:00,-64.838191,-3.073287
99,2015-06-09 08:00:00,-64.838086,-3.073221
99,2015-06-09 10:00:00,-64.838314,-3.07326
99,2015-06-09 12:02:00,-64.83802,-3.073136
99,2015-06-09 14:00:00,-64.838281,-3.073243
99,2015-06-09 16:00:00,-64.838061,-3.073135
99,2015-06-09 20:00:00,-64.839794,-3.080546
99,2015-06-09 22:00:00,-64.839799,-3.080586
99,2015-06-10 00:00:00,-64.839902,-3.080639
99,2015-06-10 02:02:00,-64.839883,-3.080598
99,2015-06-10 04:01:00,-64.835879,-3.083512
99,2015-06-10 06:00:00,-64.835778,-3.083621
99,2015-06-10 08:00:00,-64.835883,-3.08366
99,2015-06-10 10:00:00,-64.835851,-3.083666
99,2015-06-10 12:00:00,-64.835845,-3.083604
99,2015-06-10 14:00:00,-64.835817,-3.0836
99,2015-06-10 16:00:00,-64.835873,-3.083636
99,2015-06-10 18:02:00,-64.832565,-3.081905
99,2015-06-10 20:01:00,-64.832517,-3.081732
99,2015-06-10 22:00:00,-64.832068,-3.082339
99,2015-06-11 00:00:00,-64.831361,-3.082648
99,2015-06-11 02:01:00,-64.831326,-3.082641
99,2015-06-11 04:01:00,-64.831988,-3.083397
99,2015-06-11 06:00:00,-64.8319,-3.083449
99,2015-06-11 08:02:00,-64.831973,-3.083411
99,2015-06-11 10:01:00,-64.831977,-3.083439
99,2015-06-11 12:00:00,-64.83196,-3.083415
99,2015-06-11 14:02:00,-64.83194,-3.083404
99,2015-06-11 16:01:00,-64.832005,-3.083398
99,2015-06-11 18:00:00,-64.831922,-3.08347
99,2015-06-11 20:02:00,-64.831755,-3.077348
99,2015-06-11 22:00:00,-64.833344,-3.075618
99,2015-06-12 02:00:00,-64.833867,-3.072265
99,2015-06-12 04:00:00,-64.833891,-3.072377
99,2015-06-12 06:02:00,-64.833887,-3.071708
99,2015-06-12 08:00:00,-64.833827,-3.072304
99,2015-06-12 10:00:00,-64.8339,-3.07229
99,2015-06-12 12:00:00,-64.833903,-3.072279
99,2015-06-12 14:00:00,-64.833908,-3.072214
99,2015-06-12 18:01:00,-64.837995,-3.06369
99,2015-06-12 20:02:00,-64.837864,-3.063569
99,2015-06-12 22:02:00,-64.838891,-3.062174
99,2015-06-13 00:00:00,-64.839674,-3.061855
99,2015-06-13 02:01:00,-64.839766,-3.061904
99,2015-06-13 04:02:00,-64.839326,-3.062629
99,2015-06-13 06:00:00,-64.839503,-3.062779
99,2015-06-13 08:00:00,-64.839403,-3.062737
99,2015-06-13 10:01:00,-64.839237,-3.062701
99,2015-06-13 12:00:00,-64.83941,-3.062755
99,2015-06-13 14:01:00,-64.839271,-3.062773
99,2015-06-13 16:01:00,-64.840297,-3.063123
99,2015-06-13 18:00:00,-64.840239,-3.062974
99,2015-06-13 20:01:00,-64.840236,-3.06301
99,2015-06-14 00:01:00,-64.838824,-3.067936
99,2015-06-14 02:00:00,-64.838834,-3.067882
99,2015-06-14 04:00:00,-64.838834,-3.06791
99,2015-06-14 06:01:00,-64.838726,-3.067652
99,2015-06-14 08:00:00,-64.837426,-3.067999
99,2015-06-14 10:01:00,-64.837618,-3.068141
99,2015-06-14 12:02:00,-64.837614,-3.068207
99,2015-06-14 14:00:00,-64.837413,-3.068114
99,2015-06-14 16:01:00,-64.837434,-3.068112
99,2015-06-14 18:00:00,-64.837641,-3.067775
99,2015-06-14 20:00:00,-64.837406,-3.06811
99,2015-06-14 22:01:00,-64.837318,-3.067971
99,2015-06-15 00:00:00,-64.837406,-3.068009
99,2015-06-15 02:01:00,-64.837629,-3.06814
99,2015-06-15 04:01:00,-64.838864,-3.067519
99,2015-06-15 06:01:00,-64.839447,-3.068619
99,2015-06-15 08:00:00,-64.839383,-3.068671
99,2015-06-15 10:00:00,-64.839288,-3.068705
99,2015-06-15 12:01:00,-64.83939,-3.068623
99,2015-06-15 14:01:00,-64.839317,-3.068637
99,2015-06-15 18:02:00,-64.840218,-3.071527
99,2015-06-15 20:01:00,-64.840139,-3.071543
99,2015-06-15 22:00:00,-64.840039,-3.071563
99,2015-06-16 00:00:00,-64.840146,-3.071527
99,2015-06-16 02:01:00,-64.840087,-3.07153
99,2015-06-16 04:01:00,-64.840136,-3.071468
99,2015-06-16 06:00:00,-64.840066,-3.071607
99,2015-06-16 08:00:00,-64.840134,-3.071499
99,2015-06-16 10:00:00,-64.840052,-3.071649
99,2015-06-16 12:01:00,-64.840096,-3.071609
99,2015-06-16 14:00:00,-64.840043,-3.071559
99,2015-06-16 16:00:00,-64.840102,-3.071515
99,2015-06-16 18:00:00,-64.840071,-3.071737
99,2015-06-16 20:00:00,-64.840126,-3.071574
99,2015-06-16 22:00:00,-64.840033,-3.071585
99,2015-06-17 00:01:00,-64.839996,-3.071562
99,2015-06-17 02:00:00,-64.84012,-3.071571
99,2015-06-17 04:00:00,-64.840078,-3.071514
99,2015-06-17 06:00:00,-64.840049,-3.071456
99,2015-06-17 08:00:00,-64.840095,-3.071627
99,2015-06-17 10:02:00,-64.839859,-3.071837
99,2015-06-17 12:01:00,-64.840035,-3.07155
99,2015-06-17 14:01:00,-64.840063,-3.071604
99,2015-06-17 16:00:00,-64.84004,-3.071565
99,2015-06-17 18:00:00,-64.839971,-3.071528
99,2015-06-17 20:01:00,-64.84003,-3.071532
99,2015-06-17 22:01:00,-64.840154,-3.071636
99,2015-06-18 00:02:00,-64.840099,-3.071575
99,2015-06-18 02:00:00,-64.840011,-3.071475
99,2015-06-18 04:01:00,-64.840088,-3.071599
99,2015-06-18 06:01:00,-64.84009,-3.07162
99,2015-06-18 08:01:00,-64.84012,-3.071656
99,2015-06-18 10:00:00,-64.84005,-3.071524
99,2015-06-18 12:01:00,-64.839569,-3.070704
99,2015-06-18 14:00:00,-64.839686,-3.070769
99,2015-06-18 16:00:00,-64.839573,-3.070992
99,2015-06-18 18:00:00,-64.839621,-3.070538
99,2015-06-18 20:00:00,-64.839668,-3.070771
99,2015-06-18 22:00:00,-64.839527,-3.070817
99,2015-06-19 00:00:00,-64.839336,-3.070834
99,2015-06-19 02:01:00,-64.839601,-3.070784
99,2015-06-19 04:00:00,-64.839586,-3.070794
99,2015-06-19 06:01:00,-64.837626,-3.066935
99,2015-06-19 08:00:00,-64.837669,-3.066984
99,2015-06-19 10:01:00,-64.8378,-3.066915
99,2015-06-19 12:01:00,-64.837652,-3.066902
99,2015-06-19 14:01:00,-64.837786,-3.066899
99,2015-06-19 16:00:00,-64.837671,-3.066864
99,2015-06-19 18:01:00,-64.837487,-3.066825
99,2015-06-19 20:00:00,-64.837784,-3.066944
99,2015-06-19 22:00:00,-64.837931,-3.066773
99,2015-06-20 00:00:00,-64.837764,-3.066859
99,2015-06-20 02:00:00,-64.83761,-3.066874
99,2015-06-20 04:00:00,-64.837783,-3.066884
99,2015-06-20 06:00:00,-64.838109,-3.066615
99,2015-06-20 08:01:00,-64.838065,-3.066586
99,2015-06-20 10:00:00,-64.838081,-3.066525
99,2015-06-20 14:01:00,-64.838057,-3.066581
99,2015-06-20 16:00:00,-64.838237,-3.066464
99,2015-06-20 18:01:00,-64.838125,-3.066564
99,2015-06-20 20:01:00,-64.838166,-3.066601
99,2015-06-20 22:01:00,-64.838226,-3.062975
99,2015-06-21 00:02:00,-64.838194,-3.062991
99,2015-06-21 02:00:00,-64.838079,-3.062836
99,2015-06-21 04:00:00,-64.83573,-3.066404
99,2015-06-21 06:00:00,-64.835512,-3.066487
99,2015-06-21 08:00:00,-64.835408,-3.066567
99,2015-06-21 10:02:00,-64.835359,-3.066386
99,2015-06-21 12:00:00,-64.835458,-3.066634
99,2015-06-21 14:00:00,-64.835407,-3.066567
99,2015-06-21 16:01:00,-64.835692,-3.06676
99,2015-06-21 18:00:00,-64.835612,-3.066647
99,2015-06-21 20:00:00,-64.835476,-3.066596
99,2015-06-21 22:00:00,-64.835723,-3.066578
99,2015-06-22 00:00:00,-64.835577,-3.066566
99,2015-06-22 02:00:00,-64.835602,-3.066598
99,2015-06-22 06:00:00,-64.836005,-3.068834
99,2015-06-22 08:00:00,-64.835965,-3.068902
99,2015-06-22 10:01:00,-64.836075,-3.068762
99,2015-06-22 14:00:00,-64.836309,-3.06878
99,2015-06-22 16:01:00,-64.836264,-3.068812
99,2015-06-22 18:00:00,-64.836356,-3.068752
99,2015-06-22 20:01:00,-64.836261,-3.068708
99,2015-06-22 22:00:00,-64.836282,-3.068709
99,2015-06-23 00:00:00,-64.836178,-3.068756
99,2015-06-23 02:00:00,-64.836512,-3.069067
99,2015-06-23 04:01:00,-64.835486,-3.071439
99,2015-06-23 06:00:00,-64.835316,-3.07143
99,2015-06-23 08:01:00,-64.835469,-3.07146
99,2015-06-23 10:00:00,-64.835524,-3.071475
99,2015-06-23 12:00:00,-64.835432,-3.071412
99,2015-06-23 16:00:00,-64.835466,-3.071458
99,2015-06-23 18:00:00,-64.835476,-3.071405
99,2015-06-23 20:00:00,-64.839219,-3.073827
99,2015-06-23 22:00:00,-64.841777,-3.0762
99,2015-06-24 00:00:00,-64.841741,-3.076216
99,2015-06-24 02:00:00,-64.841744,-3.076186
99,2015-06-24 04:00:00,-64.842655,-3.074553
99,2015-06-24 06:00:00,-64.84273,-3.074516
99,2015-06-24 10:01:00,-64.84171,-3.071105
99,2015-06-24 12:00:00,-64.84075,-3.069246
99,2015-06-24 14:00:00,-64.840822,-3.069266
99,2015-06-24 16:00:00,-64.840894,-3.069301
99,2015-06-24 18:00:00,-64.840766,-3.069253
99,2015-06-24 20:01:00,-64.837984,-3.069086
99,2015-06-24 22:01:00,-64.837469,-3.068133
99,2015-06-25 00:00:00,-64.837366,-3.068035
99,2015-06-25 02:00:00,-64.837463,-3.068196
99,2015-06-25 04:00:00,-64.834756,-3.066171
99,2015-06-25 06:00:00,-64.835016,-3.066112
99,2015-06-25 08:00:00,-64.834941,-3.066123
99,2015-06-25 10:00:00,-64.83486,-3.066055
99,2015-06-25 12:00:00,-64.834922,-3.06602
99,2015-06-25 14:00:00,-64.834919,-3.066042
99,2015-06-25 16:00:00,-64.834894,-3.066113
99,2015-06-25 18:00:00,-64.834882,-3.06624
99,2015-06-25 20:00:00,-64.834523,-3.066748
99,2015-06-25 22:00:00,-64.834502,-3.066798
99,2015-06-26 00:00:00,-64.83446,-3.066852
99,2015-06-26 02:00:00,-64.831163,-3.071268
99,2015-06-26 04:00:00,-64.831051,-3.071201
99,2015-06-26 08:02:00,-64.831475,-3.072213
99,2015-06-26 10:00:00,-64.831389,-3.072187
99,2015-06-26 12:00:00,-64.831392,-3.072188
99,2015-06-26 14:01:00,-64.831886,-3.072083
99,2015-06-26 16:00:00,-64.8308,-3.07334
99,2015-06-26 18:00:00,-64.830932,-3.073324
99,2015-06-26 20:00:00,-64.830782,-3.073497
99,2015-06-26 22:00:00,-64.830889,-3.07336
99,2015-06-27 02:01:00,-64.829654,-3.075236
99,2015-06-27 04:01:00,-64.83149,-3.075512
99,2015-06-27 06:00:00,-64.83259,-3.077601
99,2015-06-27 08:02:00,-64.832605,-3.077765
99,2015-06-27 10:01:00,-64.83254,-3.077677
99,2015-06-27 12:00:00,-64.832831,-3.077803
99,2015-06-27 14:01:00,-64.832741,-3.077697
99,2015-06-27 18:00:00,-64.832625,-3.077576
99,2015-06-27 20:00:00,-64.8327,-3.077471
99,2015-06-27 22:00:00,-64.831651,-3.077359
99,2015-06-28 00:01:00,-64.831882,-3.077341
99,2015-06-28 02:01:00,-64.831782,-3.077312
99,2015-06-28 04:02:00,-64.832568,-3.079957
99,2015-06-28 06:00:00,-64.832454,-3.079845
99,2015-06-28 08:00:00,-64.832205,-3.07974
99,2015-06-28 10:01:00,-64.832468,-3.079897
99,2015-06-28 12:01:00,-64.832457,-3.07984
99,2015-06-28 14:00:00,-64.832477,-3.079851
99,2015-06-28 16:00:00,-64.8324,-3.079719
99,2015-06-28 18:00:00,-64.832526,-3.079824
99,2015-06-29 00:00:00,-64.847955,-3.080172
99,2015-06-29 02:00:00,-64.847946,-3.08004
99,2015-06-29 04:02:00,-64.847773,-3.080055
99,2015-06-29 06:01:00,-64.845652,-3.084445
99,2015-06-29 08:01:00,-64.841629,-3.087107
99,2015-06-29 10:00:00,-64.841397,-3.087033
99,2015-06-29 14:01:00,-64.841625,-3.087112
99,2015-06-29 16:01:00,-64.841549,-3.08711
99,2015-06-29 18:02:00,-64.841722,-3.087064
99,2015-06-29 20:00:00,-64.841747,-3.087017
99,2015-06-29 22:00:00,-64.841751,-3.087016
99,2015-06-30 00:00:00,-64.841829,-3.087045
99,2015-06-30 02:00:00,-64.84173,-3.087083
99,2015-06-30 04:02:00,-64.842699,-3.088894
99,2015-06-30 06:01:00,-64.84244,-3.08827
99,2015-06-30 08:00:00,-64.84264,-3.088864
99,2015-06-30 10:01:00,-64.844067,-3.089453
99,2015-06-30 12:01:00,-64.842658,-3.088867
99,2015-06-30 14:01:00,-64.842697,-3.088885
99,2015-06-30 16:00:00,-64.84258,-3.088879
99,2015-06-30 18:00:00,-64.842625,-3.088734
99,2015-06-30 20:01:00,-64.842599,-3.088928
99,2015-06-30 22:00:00,-64.842598,-3.088821
99,2015-07-01 00:01:00,-64.842301,-3.088283
99,2015-07-01 02:00:00,-64.842217,-3.088215
99,2015-07-01 04:01:00,-64.835629,-3.092861
99,2015-07-01 06:00:00,-64.832535,-3.091429
99,2015-07-01 08:00:00,-64.83253,-3.091537
99,2015-07-01 10:02:00,-64.832084,-3.089471
99,2015-07-01 12:01:00,-64.830965,-3.091048
99,2015-07-01 14:00:00,-64.830849,-3.091017
99,2015-07-01 16:00:00,-64.83088,-3.09101
99,2015-07-01 18:00:00,-64.830846,-3.09094
99,2015-07-01 20:00:00,-64.830879,-3.091001
99,2015-07-01 22:00:00,-64.830811,-3.09097
99,2015-07-02 00:00:00,-64.83081,-3.090841
99,2015-07-02 02:00:00,-64.830825,-3.09097
99,2015-07-02 04:00:00,-64.830885,-3.090967
99,2015-07-02 06:00:00,-64.830834,-3.091066
99,2015-07-02 08:01:00,-64.830733,-3.091006
99,2015-07-02 10:00:00,-64.830819,-3.090865
99,2015-07-02 12:01:00,-64.830829,-3.090939
99,2015-07-02 14:01:00,-64.830877,-3.090972
99,2015-07-02 18:00:00,-64.833125,-3.089595
99,2015-07-02 20:00:00,-64.833102,-3.089573
99,2015-07-02 22:00:00,-64.833105,-3.089509
99,2015-07-03 00:00:00,-64.83315,-3.089512
99,2015-07-03 02:01:00,-64.83325,-3.089508
99,2015-07-03 04:00:00,-64.839159,-3.089654
99,2015-07-03 08:02:00,-64.839596,-3.085926
99,2015-07-03 12:00:00,-64.839598,-3.083938
99,2015-07-03 14:00:00,-64.839533,-3.083826
99,2015-07-03 16:00:00,-64.839332,-3.084018
99,2015-07-03 18:00:00,-64.839514,-3.083835
99,2015-07-03 20:00:00,-64.838572,-3.082586
99,2015-07-03 22:01:00,-64.836697,-3.082042
99,2015-07-04 00:01:00,-64.839104,-3.079768
99,2015-07-04 02:00:00,-64.839124,-3.079723
99,2015-07-04 06:02:00,-64.839097,-3.079756
99,2015-07-04 08:00:00,-64.839306,-3.079516
99,2015-07-04 10:00:00,-64.839195,-3.079704
99,2015-07-04 14:01:00,-64.838854,-3.080145
99,2015-07-04 16:01:00,-64.838834,-3.080132
99,2015-07-04 18:02:00,-64.83884,-3.080127
99,2015-07-04 20:00:00,-64.838807,-3.080045
99,2015-07-04 22:01:00,-64.838827,-3.08011
99,2015-07-05 00:01:00,-64.838958,-3.080178
99,2015-07-05 02:00:00,-64.838797,-3.080235
99,2015-07-05 04:01:00,-64.838882,-3.080144
99,2015-07-05 06:01:00,-64.838866,-3.079998
99,2015-07-05 08:01:00,-64.838808,-3.080132
99,2015-07-05 10:00:00,-64.83887,-3.080214
99,2015-07-05 12:00:00,-64.838826,-3.080196
99,2015-07-05 14:02:00,-64.838852,-3.080109
99,2015-07-05 16:00:00,-64.838844,-3.080135
99,2015-07-05 18:00:00,-64.838936,-3.080204
99,2015-07-05 20:01:00,-64.838751,-3.080143
99,2015-07-05 22:00:00,-64.838834,-3.080109
99,2015-07-06 00:00:00,-64.838862,-3.080178
99,2015-07-06 02:00:00,-64.838882,-3.080064
99,2015-07-06 04:01:00,-64.841483,-3.077964
99,2015-07-06 06:00:00,-64.841539,-3.078043
99,2015-07-06 08:00:00,-64.841668,-3.078066
99,2015-07-06 10:02:00,-64.841732,-3.077949
99,2015-07-06 12:01:00,-64.841532,-3.07795
99,2015-07-06 14:00:00,-64.841584,-3.077982
99,2015-07-06 16:01:00,-64.841598,-3.077937
99,2015-07-06 18:00:00,-64.841591,-3.077992
99,2015-07-06 22:00:00,-64.843121,-3.078616
99,2015-07-07 00:00:00,-64.843111,-3.078688
99,2015-07-07 02:01:00,-64.849545,-3.078979
99,2015-07-07 04:00:00,-64.849587,-3.079055
99,2015-07-07 06:00:00,-64.849589,-3.079067
99,2015-07-07 08:00:00,-64.849542,-3.079028
99,2015-07-07 10:00:00,-64.84953,-3.079038
99,2015-07-07 12:00:00,-64.849599,-3.079045
99,2015-07-07 14:01:00,-64.849585,-3.079033
99,2015-07-07 16:00:00,-64.849619,-3.079052
99,2015-07-07 18:00:00,-64.849541,-3.079011
99,2015-07-07 20:00:00,-64.849767,-3.078977
99,2015-07-07 22:01:00,-64.85532,-3.081632
99,2015-07-08 00:01:00,-64.857888,-3.082109
99,2015-07-08 02:01:00,-64.867175,-3.08555
99,2015-07-08 04:01:00,-64.867229,-3.085666
99,2015-07-08 06:00:00,-64.867095,-3.085696
99,2015-07-08 08:00:00,-64.867158,-3.085664
99,2015-07-08 10:02:00,-64.86712,-3.085932
99,2015-07-08 12:00:00,-64.867374,-3.087033
99,2015-07-08 14:01:00,-64.867502,-3.087027
99,2015-07-08 16:02:00,-64.870839,-3.08622
99,2015-07-08 18:00:00,-64.87064,-3.086319
99,2015-07-08 20:00:00,-64.870815,-3.086157
99,2015-07-08 22:00:00,-64.87076,-3.086213
99,2015-07-09 00:00:00,-64.870738,-3.08621
99,2015-07-09 02:01:00,-64.870838,-3.08619
99,2015-07-09 06:02:00,-64.871539,-3.085865
99,2015-07-09 08:01:00,-64.87143,-3.085983
99,2015-07-09 10:00:00,-64.871457,-3.085844
99,2015-07-09 12:00:00,-64.871535,-3.085918
99,2015-07-09 14:00:00,-64.871308,-3.085929
99,2015-07-09 16:01:00,-64.871415,-3.085915
99,2015-07-09 18:00:00,-64.871566,-3.083909
99,2015-07-09 20:00:00,-64.87255,-3.084331
99,2015-07-09 22:00:00,-64.872654,-3.084346
99,2015-07-10 00:01:00,-64.872629,-3.084239
99,2015-07-10 02:00:00,-64.872814,-3.084288
99,2015-07-10 04:00:00,-64.873006,-3.084519
99,2015-07-10 06:00:00,-64.872928,-3.084429
99,2015-07-10 08:01:00,-64.872799,-3.084845
99,2015-07-10 10:02:00,-64.874679,-3.083043
99,2015-07-10 12:00:00,-64.87466,-3.083048
99,2015-07-10 14:00:00,-64.8747,-3.082977
99,2015-07-10 16:00:00,-64.874694,-3.08306
99,2015-07-10 18:00:00,-64.873731,-3.08244
99,2015-07-10 20:00:00,-64.873477,-3.082313
99,2015-07-10 22:00:00,-64.87351,-3.082359
99,2015-07-11 00:01:00,-64.873719,-3.082571
99,2015-07-11 04:00:00,-64.872913,-3.070165
99,2015-07-11 06:01:00,-64.872771,-3.069582
99,2015-07-11 08:01:00,-64.872752,-3.069564
99,2015-07-11 10:00:00,-64.872692,-3.06957
99,2015-07-11 12:00:00,-64.872742,-3.069592
99,2015-07-11 14:01:00,-64.871958,-3.070087
99,2015-07-11 16:00:00,-64.872786,-3.069603
99,2015-07-11 18:02:00,-64.873979,-3.066558
99,2015-07-11 20:01:00,-64.874051,-3.066445
99,2015-07-11 22:00:00,-64.885764,-3.062786
99,2015-07-12 00:01:00,-64.887135,-3.064407
99,2015-07-12 02:00:00,-64.887144,-3.06416
99,2015-07-12 06:00:00,-64.887037,-3.06398
99,2015-07-12 10:01:00,-64.880438,-3.060058
99,2015-07-12 12:00:00,-64.880377,-3.059829
99,2015-07-12 14:00:00,-64.880393,-3.060063
99,2015-07-12 16:01:00,-64.88038,-3.060044
99,2015-07-12 18:00:00,-64.880327,-3.060302
99,2015-07-12 20:01:00,-64.881722,-3.0582
99,2015-07-13 00:00:00,-64.885123,-3.058906
99,2015-07-13 02:00:00,-64.885074,-3.058845
99,2015-07-13 04:00:00,-64.885027,-3.058845
99,2015-07-13 08:00:00,-64.885027,-3.058962
99,2015-07-13 10:00:00,-64.885135,-3.058859
99,2015-07-13 12:00:00,-64.885021,-3.05895
99,2015-07-13 14:00:00,-64.885093,-3.058893
99,2015-07-13 16:01:00,-64.885115,-3.058857
99,2015-07-13 18:00:00,-64.88494,-3.058883
99,2015-07-13 20:00:00,-64.884417,-3.060006
99,2015-07-13 22:02:00,-64.884473,-3.059925
99,2015-07-14 00:01:00,-64.884238,-3.059968
99,2015-07-14 02:00:00,-64.884475,-3.059958
99,2015-07-14 04:00:00,-64.883607,-3.059062
99,2015-07-14 06:01:00,-64.887159,-3.059805
99,2015-07-14 08:00:00,-64.886997,-3.059808
99,2015-07-14 10:00:00,-64.887052,-3.059867
99,2015-07-14 12:00:00,-64.887076,-3.059861
99,2015-07-14 14:00:00,-64.887162,-3.05999
99,2015-07-14 16:01:00,-64.886888,-3.059815
99,2015-07-14 18:00:00,-64.887213,-3.059927
99,2015-07-14 20:00:00,-64.887163,-3.059855
99,2015-07-14 22:00:00,-64.887246,-3.059939
99,2015-07-15 00:00:00,-64.887127,-3.059846
99,2015-07-15 02:00:00,-64.887057,-3.059857
99,2015-07-15 04:01:00,-64.887152,-3.059819
99,2015-07-15 06:01:00,-64.887038,-3.060032
99,2015-07-15 08:01:00,-64.887072,-3.059835
99,2015-07-15 10:01:00,-64.887204,-3.059594
99,2015-07-15 14:00:00,-64.8873,-3.059893
99,2015-07-15 16:01:00,-64.887095,-3.059913
99,2015-07-15 18:01:00,-64.887168,-3.059874
99,2015-07-15 20:00:00,-64.879391,-3.064031
99,2015-07-16 02:00:00,-64.877503,-3.064387
99,2015-07-16 04:01:00,-64.879545,-3.069314
99,2015-07-16 06:01:00,-64.879275,-3.069431
99,2015-07-16 14:00:00,-64.884911,-3.066056
99,2015-07-16 16:01:00,-64.886355,-3.06439
99,2015-07-16 18:00:00,-64.886229,-3.06447
99,2015-07-16 20:00:00,-64.886361,-3.064455
99,2015-07-16 22:00:00,-64.886315,-3.064598
99,2015-07-17 00:00:00,-64.886351,-3.064431
99,2015-07-17 02:00:00,-64.886279,-3.0645
99,2015-07-17 04:00:00,-64.886346,-3.064395
99,2015-07-17 06:00:00,-64.886427,-3.064413
99,2015-07-17 08:00:00,-64.886444,-3.064368
99,2015-07-17 10:02:00,-64.886718,-3.063591
99,2015-07-17 14:02:00,-64.886681,-3.063667
99,2015-07-17 18:00:00,-64.874765,-3.062147
99,2015-07-17 22:00:00,-64.874501,-3.060416
99,2015-07-18 00:01:00,-64.874494,-3.060475
99,2015-07-18 02:00:00,-64.874419,-3.060479
99,2015-07-18 04:00:00,-64.874497,-3.060471
99,2015-07-18 06:00:00,-64.874309,-3.060513
99,2015-07-18 08:00:00,-64.874519,-3.060481
99,2015-07-18 10:01:00,-64.874433,-3.060439
99,2015-07-18 12:01:00,-64.874305,-3.060415
99,2015-07-18 14:00:00,-64.874504,-3.060485
99,2015-07-18 16:00:00,-64.874432,-3.06052
99,2015-07-18 18:00:00,-64.874403,-3.060409
99,2015-07-18 20:01:00,-64.874488,-3.060445
99,2015-07-18 22:01:00,-64.874399,-3.06066
99,2015-07-19 00:01:00,-64.874438,-3.060477
99,2015-07-19 02:00:00,-64.874441,-3.060567
99,2015-07-19 04:00:00,-64.874489,-3.060416
99,2015-07-19 06:00:00,-64.874536,-3.060546
99,2015-07-19 08:00:00,-64.874085,-3.060718
99,2015-07-19 10:01:00,-64.874497,-3.059903
99,2015-07-19 12:00:00,-64.874244,-3.059802
99,2015-07-19 14:01:00,-64.874291,-3.059819
99,2015-07-19 16:00:00,-64.874301,-3.059765
99,2015-07-19 18:00:00,-64.877094,-3.061353
99,2015-07-19 20:00:00,-64.876984,-3.061503
99,2015-07-19 22:00:00,-64.877222,-3.061264
99,2015-07-20 00:00:00,-64.877003,-3.061219
99,2015-07-20 02:00:00,-64.877068,-3.061222
99,2015-07-20 04:01:00,-64.877401,-3.06122
99,2015-07-20 06:00:00,-64.877613,-3.061625
99,2015-07-20 08:02:00,-64.877506,-3.061439
99,2015-07-20 10:02:00,-64.878907,-3.063069
99,2015-07-20 12:02:00,-64.878903,-3.062978
99,2015-07-20 14:00:00,-64.878597,-3.063045
99,2015-07-20 16:01:00,-64.87888,-3.063126
99,2015-07-20 18:02:00,-64.879861,-3.062906
99,2015-07-20 20:01:00,-64.879555,-3.063884
99,2015-07-20 22:00:00,-64.880077,-3.063727
99,2015-07-21 02:00:00,-64.880816,-3.070797
99,2015-07-21 04:00:00,-64.880725,-3.070776
99,2015-07-21 06:00:00,-64.880946,-3.070873
99,2015-07-21 08:00:00,-64.88083,-3.070685
99,2015-07-21 12:01:00,-64.880791,-3.07162
99,2015-07-21 18:01:00,-64.881165,-3.07153
99,2015-07-21 22:00:00,-64.876861,-3.0822
99,2015-07-22 00:00:00,-64.876577,-3.082266
99,2015-07-22 02:00:00,-64.879218,-3.087204
99,2015-07-22 04:00:00,-64.879338,-3.087147
99,2015-07-22 06:01:00,-64.878493,-3.088175
99,2015-07-22 08:01:00,-64.879132,-3.086977
99,2015-07-22 10:01:00,-64.879163,-3.086973
99,2015-07-22 16:01:00,-64.8791,-3.087194
99,2015-07-22 18:00:00,-64.878641,-3.086467
99,2015-07-22 20:02:00,-64.878548,-3.081588
99,2015-07-23 00:02:00,-64.880838,-3.07376
99,2015-07-23 02:00:00,-64.880733,-3.073715
99,2015-07-23 04:01:00,-64.880113,-3.078785
99,2015-07-23 06:02:00,-64.877877,-3.07789
99,2015-07-23 08:02:00,-64.877614,-3.077912
99,2015-07-23 12:01:00,-64.877933,-3.077832
99,2015-07-23 14:02:00,-64.877844,-3.0778
99,2015-07-23 18:00:00,-64.878004,-3.077696
99,2015-07-23 20:01:00,-64.877708,-3.077885
99,2015-07-23 22:02:00,-64.877423,-3.075589
99,2015-07-24 00:02:00,-64.879902,-3.074465
99,2015-07-24 04:02:00,-64.885997,-3.069828
99,2015-07-24 06:01:00,-64.885903,-3.070376
99,2015-07-24 10:02:00,-64.885913,-3.070953
99,2015-07-24 12:01:00,-64.886128,-3.070987
99,2015-07-24 14:02:00,-64.886024,-3.070873
99,2015-07-24 16:01:00,-64.88922,-3.073132
99,2015-07-24 18:01:00,-64.889301,-3.073209
99,2015-07-24 20:00:00,-64.889184,-3.073299
99,2015-07-24 22:00:00,-64.889188,-3.073264
99,2015-07-25 00:00:00,-64.888803,-3.073318
99,2015-07-25 02:00:00,-64.88929,-3.073215
99,2015-07-25 04:02:00,-64.889952,-3.073652
99,2015-07-25 06:01:00,-64.889513,-3.073317
99,2015-07-25 08:00:00,-64.891531,-3.069146
99,2015-07-25 10:01:00,-64.891496,-3.069041
99,2015-07-25 12:00:00,-64.891486,-3.069055
99,2015-07-25 14:00:00,-64.89154,-3.069084
99,2015-07-25 16:00:00,-64.891545,-3.069031
99,2015-07-25 18:00:00,-64.891534,-3.069085
99,2015-07-25 20:00:00,-64.891497,-3.069085
99,2015-07-25 22:00:00,-64.891553,-3.069042
99,2015-07-26 00:01:00,-64.891536,-3.069088
99,2015-07-26 02:00:00,-64.891645,-3.069101
99,2015-07-26 04:00:00,-64.888682,-3.06687
99,2015-07-26 06:00:00,-64.888685,-3.066979
99,2015-07-26 08:00:00,-64.888625,-3.066881
99,2015-07-26 10:01:00,-64.888616,-3.066796
99,2015-07-26 12:00:00,-64.888595,-3.06685
99,2015-07-26 18:00:00,-64.889738,-3.068939
99,2015-07-26 20:00:00,-64.889702,-3.068712
99,2015-07-26 22:02:00,-64.891131,-3.068442
99,2015-07-27 02:01:00,-64.899846,-3.066416
99,2015-07-27 08:00:00,-64.903668,-3.06528
99,2015-07-27 10:01:00,-64.903593,-3.065301
99,2015-07-27 12:02:00,-64.903585,-3.065271
99,2015-07-27 18:02:00,-64.903662,-3.065406
99,2015-07-27 20:00:00,-64.90204,-3.065854
99,2015-07-27 22:01:00,-64.901931,-3.065796
99,2015-07-28 00:01:00,-64.90212,-3.065909
99,2015-07-28 02:01:00,-64.90211,-3.065875
99,2015-07-28 10:01:00,-64.898609,-3.077358
99,2015-07-28 12:01:00,-64.899249,-3.076322
99,2015-07-28 14:02:00,-64.89797,-3.077756
99,2015-07-28 16:02:00,-64.898752,-3.077083
99,2015-07-28 18:01:00,-64.900665,-3.07458
99,2015-07-28 22:01:00,-64.897732,-3.079277
99,2015-07-29 00:01:00,-64.897832,-3.079385
99,2015-07-29 02:01:00,-64.898737,-3.077124
99,2015-07-29 04:01:00,-64.898628,-3.077338
99,2015-07-29 06:01:00,-64.893584,-3.079287
99,2015-07-29 08:01:00,-64.893463,-3.079391
99,2015-07-29 12:01:00,-64.893382,-3.079167
99,2015-07-29 18:00:00,-64.89344,-3.079125
99,2015-07-29 22:00:00,-64.893034,-3.079619
99,2015-07-30 06:00:00,-64.890836,-3.089299
99,2015-07-30 08:01:00,-64.890909,-3.089615
99,2015-07-30 12:01:00,-64.890778,-3.089807
99,2015-07-30 14:02:00,-64.891412,-3.086768
99,2015-07-30 16:02:00,-64.891916,-3.084231
99,2015-07-30 18:00:00,-64.891981,-3.08397
99,2015-07-30 20:00:00,-64.892201,-3.08401
99,2015-07-30 22:01:00,-64.892384,-3.082595
99,2015-07-31 04:00:00,-64.891343,-3.086743
99,2015-07-31 06:00:00,-64.891327,-3.086569
99,2015-07-31 08:00:00,-64.891317,-3.086691
99,2015-07-31 10:00:00,-64.891285,-3.086759
99,2015-07-31 12:00:00,-64.89133,-3.086656
99,2015-07-31 14:00:00,-64.891324,-3.08678
99,2015-07-31 20:01:00,-64.887918,-3.083539
99,2015-07-31 22:00:00,-64.888313,-3.079892
99,2015-08-01 00:00:00,-64.888237,-3.079903
99,2015-08-01 02:00:00,-64.888286,-3.079869
99,2015-08-01 06:01:00,-64.877548,-3.081116
99,2015-08-01 08:00:00,-64.877815,-3.084557
99,2015-08-01 10:02:00,-64.877798,-3.084599
99,2015-08-01 12:01:00,-64.877829,-3.084438
99,2015-08-01 14:01:00,-64.877773,-3.084403
99,2015-08-01 16:02:00,-64.877503,-3.084844
99,2015-08-01 18:01:00,-64.875623,-3.08408
99,2015-08-01 22:03:00,-64.868278,-3.072868
99,2015-08-02 00:01:00,-64.873328,-3.07426
99,2015-08-02 02:00:00,-64.869122,-3.072042
99,2015-08-02 04:02:00,-64.86855,-3.072563
99,2015-08-02 08:01:00,-64.869423,-3.07152
99,2015-08-02 10:01:00,-64.86956,-3.07142
99,2015-08-02 14:01:00,-64.869385,-3.071256
99,2015-08-02 16:00:00,-64.86957,-3.071262
99,2015-08-02 18:02:00,-64.870047,-3.06655
99,2015-08-02 22:00:00,-64.86436,-3.068958
99,2015-08-03 00:00:00,-64.863159,-3.07029
99,2015-08-03 02:01:00,-64.86313,-3.070262
99,2015-08-03 06:01:00,-64.863018,-3.074075
99,2015-08-03 08:01:00,-64.862822,-3.074131
99,2015-08-03 10:01:00,-64.862935,-3.074165
99,2015-08-03 12:02:00,-64.862771,-3.074248
99,2015-08-03 14:01:00,-64.863211,-3.072751
99,2015-08-03 16:01:00,-64.863109,-3.072736
99,2015-08-03 18:01:00,-64.864544,-3.071537
99,2015-08-03 20:01:00,-64.868111,-3.075718
99,2015-08-04 00:01:00,-64.870537,-3.07847
99,2015-08-04 02:01:00,-64.870138,-3.078328
99,2015-08-04 08:02:00,-64.875616,-3.086601
99,2015-08-04 10:02:00,-64.873648,-3.08772
99,2015-08-04 12:02:00,-64.873283,-3.08795
99,2015-08-04 14:01:00,-64.873077,-3.087282
99,2015-08-04 16:00:00,-64.869112,-3.086456
99,2015-08-04 18:01:00,-64.857055,-3.087801
99,2015-08-04 20:00:00,-64.844319,-3.096082
99,2015-08-04 22:02:00,-64.846504,-3.100152
99,2015-08-05 00:00:00,-64.855772,-3.099331
99,2015-08-05 12:01:00,-64.867319,-3.091444
99,2015-08-05 14:01:00,-64.867234,-3.091389
99,2015-08-05 16:01:00,-64.86737,-3.091371
99,2015-08-05 18:02:00,-64.866637,-3.092357
99,2015-08-06 00:00:00,-64.862217,-3.08715
99,2015-08-06 04:01:00,-64.864677,-3.083322
99,2015-08-06 06:01:00,-64.859783,-3.076008
99,2015-08-06 10:01:00,-64.85965,-3.07599
99,2015-08-06 12:02:00,-64.858489,-3.075682
99,2015-08-06 14:00:00,-64.859386,-3.073834
99,2015-08-06 16:00:00,-64.859133,-3.073444
99,2015-08-06 18:02:00,-64.859672,-3.068665
99,2015-08-06 20:01:00,-64.860717,-3.067119
99,2015-08-06 22:01:00,-64.860431,-3.067137
99,2015-08-07 00:01:00,-64.860615,-3.067154
99,2015-08-07 02:01:00,-64.860934,-3.067394
99,2015-08-07 06:02:00,-64.860433,-3.067439
99,2015-08-07 10:02:00,-64.860523,-3.067366
99,2015-08-07 12:02:00,-64.860482,-3.067214
99,2015-08-07 16:01:00,-64.860801,-3.067179
99,2015-08-07 22:00:00,-64.860473,-3.067284
99,2015-08-08 00:01:00,-64.860509,-3.067315
99,2015-08-08 02:01:00,-64.860566,-3.067154
99,2015-08-08 06:01:00,-64.864661,-3.06615
99,2015-08-08 08:02:00,-64.865498,-3.06632
99,2015-08-08 12:01:00,-64.865015,-3.066313
99,2015-08-08 14:01:00,-64.864823,-3.066221
99,2015-08-08 16:01:00,-64.865301,-3.066461
99,2015-08-08 18:00:00,-64.865484,-3.066453
99,2015-08-08 20:00:00,-64.869359,-3.065171
99,2015-08-08 22:00:00,-64.880129,-3.063436
99,2015-08-09 02:01:00,-64.882543,-3.06813
99,2015-08-09 04:01:00,-64.881067,-3.070757
99,2015-08-09 08:01:00,-64.879331,-3.06787
99,2015-08-09 10:01:00,-64.879109,-3.067833
99,2015-08-09 12:01:00,-64.886719,-3.063587
99,2015-08-09 14:00:00,-64.886759,-3.063665
99,2015-08-09 16:00:00,-64.886672,-3.063738
99,2015-08-09 18:01:00,-64.881786,-3.063409
99,2015-08-09 20:01:00,-64.870656,-3.070537
99,2015-08-09 22:02:00,-64.867739,-3.075293
99,2015-08-10 00:02:00,-64.867629,-3.073458
99,2015-08-10 02:01:00,-64.871623,-3.066718
99,2015-08-10 04:01:00,-64.880478,-3.063735
99,2015-08-10 06:00:00,-64.880061,-3.063626
99,2015-08-10 12:01:00,-64.880381,-3.063727
99,2015-08-10 16:01:00,-64.880375,-3.06373
99,2015-08-10 18:01:00,-64.881499,-3.064208
99,2015-08-10 22:01:00,-64.882632,-3.063479
99,2015-08-11 02:00:00,-64.882801,-3.063496
99,2015-08-11 12:00:00,-64.880776,-3.07921
99,2015-08-11 14:01:00,-64.880345,-3.079488
99,2015-08-11 16:00:00,-64.880189,-3.079251
99,2015-08-11 18:01:00,-64.87999,-3.079152
99,2015-08-11 20:02:00,-64.880392,-3.085652
99,2015-08-11 22:02:00,-64.873041,-3.075045
99,2015-08-12 00:00:00,-64.872957,-3.074985
99,2015-08-12 02:00:00,-64.873046,-3.075143
99,2015-08-12 04:02:00,-64.880192,-3.067591
99,2015-08-12 06:02:00,-64.881105,-3.066363
99,2015-08-12 08:01:00,-64.881052,-3.066547
99,2015-08-12 10:01:00,-64.881007,-3.066484
99,2015-08-12 12:02:00,-64.880925,-3.06657
99,2015-08-12 16:00:00,-64.884677,-3.063507
99,2015-08-12 20:00:00,-64.883769,-3.060334
99,2015-08-12 22:01:00,-64.883809,-3.060329
99,2015-08-13 00:00:00,-64.883768,-3.060261
99,2015-08-13 02:00:00,-64.883719,-3.060232
99,2015-08-13 08:01:00,-64.884348,-3.063018
99,2015-08-13 10:01:00,-64.884324,-3.063054
99,2015-08-13 12:01:00,-64.884141,-3.063078
99,2015-08-13 14:00:00,-64.884405,-3.063044
99,2015-08-13 16:02:00,-64.881127,-3.065684
99,2015-08-13 18:01:00,-64.881022,-3.065596
99,2015-08-13 20:02:00,-64.881929,-3.066904
99,2015-08-13 22:01:00,-64.88416,-3.067696
99,2015-08-14 00:00:00,-64.88413,-3.067579
99,2015-08-14 02:00:00,-64.884124,-3.067613
99,2015-08-14 06:02:00,-64.887478,-3.065278
99,2015-08-14 08:01:00,-64.887853,-3.065128
99,2015-08-14 10:00:00,-64.887519,-3.065165
99,2015-08-14 12:01:00,-64.887592,-3.065204
99,2015-08-14 14:01:00,-64.887676,-3.065208
99,2015-08-14 16:02:00,-64.883646,-3.065249
99,2015-08-14 18:01:00,-64.882062,-3.065339
99,2015-08-14 22:01:00,-64.883907,-3.065365
99,2015-08-15 00:00:00,-64.883842,-3.06533
99,2015-08-15 08:02:00,-64.885952,-3.064888
99,2015-08-15 10:01:00,-64.885949,-3.064951
99,2015-08-15 12:02:00,-64.884641,-3.06724
99,2015-08-15 14:02:00,-64.884514,-3.067338
99,2015-08-15 16:02:00,-64.884465,-3.067223
99,2015-08-15 18:02:00,-64.884639,-3.067244
99,2015-08-15 20:01:00,-64.884517,-3.067373
99,2015-08-15 22:00:00,-64.884327,-3.067264
99,2015-08-16 00:01:00,-64.884309,-3.067322
99,2015-08-16 04:02:00,-64.884327,-3.067255
99,2015-08-16 06:02:00,-64.884413,-3.067099
99,2015-08-16 08:01:00,-64.883514,-3.067857
99,2015-08-16 12:01:00,-64.878849,-3.082213
99,2015-08-16 14:01:00,-64.879002,-3.082304
99,2015-08-16 16:02:00,-64.878892,-3.082264
99,2015-08-16 18:02:00,-64.878446,-3.082734
99,2015-08-16 20:02:00,-64.880114,-3.087691
99,2015-08-17 00:00:00,-64.880224,-3.087962
99,2015-08-17 08:00:00,-64.870704,-3.078697
99,2015-08-17 10:01:00,-64.870526,-3.078783
99,2015-08-17 12:01:00,-64.870822,-3.078577
99,2015-08-17 14:01:00,-64.870609,-3.078762
99,2015-08-17 16:01:00,-64.870454,-3.078878
99,2015-08-17 18:01:00,-64.86829,-3.072097
99,2015-08-17 20:01:00,-64.86727,-3.069845
99,2015-08-17 22:01:00,-64.860988,-3.07797
99,2015-08-18 00:00:00,-64.857344,-3.075966
99,2015-08-18 02:01:00,-64.85554,-3.075412
99,2015-08-18 10:01:00,-64.859122,-3.060684
99,2015-08-18 12:01:00,-64.859128,-3.060617
99,2015-08-18 14:01:00,-64.859175,-3.060634
99,2015-08-18 16:01:00,-64.858616,-3.061041
99,2015-08-18 18:02:00,-64.855681,-3.053327
99,2015-08-18 20:01:00,-64.852583,-3.055233
99,2015-08-18 22:00:00,-64.85265,-3.055156
99,2015-08-19 00:03:00,-64.852548,-3.055379
99,2015-08-19 06:01:00,-64.852466,-3.055214
99,2015-08-19 10:01:00,-64.8506,-3.053559
99,2015-08-19 12:02:00,-64.850649,-3.053577
99,2015-08-19 14:01:00,-64.850784,-3.053411
99,2015-08-19 16:00:00,-64.850863,-3.053542
99,2015-08-19 20:01:00,-64.859769,-3.050212
99,2015-08-19 22:02:00,-64.858275,-3.057539
99,2015-08-20 00:01:00,-64.851065,-3.059608
99,2015-08-20 02:01:00,-64.852145,-3.057306
99,2015-08-20 04:01:00,-64.85126,-3.056243
99,2015-08-20 06:01:00,-64.851321,-3.05631
99,2015-08-20 10:02:00,-64.850937,-3.058351
99,2015-08-20 22:00:00,-64.852269,-3.051977
99,2015-08-21 00:02:00,-64.851253,-3.055064
99,2015-08-21 04:00:00,-64.851448,-3.055221
99,2015-08-21 10:01:00,-64.851139,-3.054774
99,2015-08-21 12:02:00,-64.851157,-3.054787
99,2015-08-21 16:00:00,-64.851275,-3.055141
99,2015-08-21 18:01:00,-64.851438,-3.055214
99,2015-08-21 20:01:00,-64.851173,-3.055276
99,2015-08-21 22:01:00,-64.851255,-3.055256
99,2015-08-22 00:03:00,-64.851254,-3055.0
99,2015-08-22 02:01:00,-64.851307,-3.055077
99,2015-08-22 04:01:00,-64.851004,-3.05486
99,2015-08-22 06:01:00,-64.851156,-3.054843
99,2015-08-22 08:01:00,-64.850974,-3.054759
99,2015-08-22 12:01:00,-64.850982,-3.054782
99,2015-08-22 14:00:00,-64.851037,-3.05476
99,2015-08-22 16:02:00,-64.851232,-3.055161
99,2015-08-22 18:01:00,-64.851342,-3.055078
99,2015-08-22 20:00:00,-64.851355,-3.055041
99,2015-08-22 22:01:00,-64.851382,-3.05513
99,2015-08-23 00:01:00,-64.851501,-3.054875
99,2015-08-23 02:02:00,-64.851282,-3.055121
99,2015-08-23 04:00:00,-64.852702,-3.051895
99,2015-08-23 06:01:00,-64.852645,-3.051804
99,2015-08-23 10:00:00,-64.851147,-3.054798
99,2015-08-23 12:00:00,-64.851271,-3.054951
99,2015-08-23 14:02:00,-64.851351,-3.055138
99,2015-08-23 16:01:00,-64.85122,-3.054774
99,2015-08-23 18:00:00,-64.852126,-3.056636
99,2015-08-23 20:01:00,-64.85212,-3.056733
99,2015-08-23 22:01:00,-64.852101,-3.056726
99,2015-08-24 00:02:00,-64.854468,-3.061971
99,2015-08-24 04:01:00,-64.852105,-3.066439
99,2015-08-24 06:02:00,-64.847548,-3.065496
99,2015-08-24 08:01:00,-64.844536,-3.064408
99,2015-08-24 10:02:00,-64.844652,-3.064298
99,2015-08-24 12:02:00,-64.844511,-3.064004
99,2015-08-24 16:00:00,-64.844713,-3.064006
99,2015-08-24 22:02:00,-64.847025,-3.06529
99,2015-08-25 10:01:00,-64.857291,-3.061784
99,2015-08-25 12:00:00,-64.85728,-3.061819
99,2015-08-25 16:00:00,-64.857209,-3.061965
99,2015-08-25 18:01:00,-64.857214,-3.060095
99,2015-08-25 20:00:00,-64.855157,-3.058567
99,2015-08-26 00:00:00,-64.859384,-3.051847
99,2015-08-26 02:01:00,-64.859395,-3.051793
99,2015-08-26 08:01:00,-64.857861,-3.046416
99,2015-08-26 10:00:00,-64.857925,-3.046415
99,2015-08-26 14:01:00,-64.857827,-3.046229
99,2015-08-26 16:01:00,-64.858308,-3.046489
99,2015-08-26 22:00:00,-64.875862,-3.039561
99,2015-08-27 00:01:00,-64.864625,-3.043889
99,2015-08-27 02:01:00,-64.866667,-3.048111
99,2015-08-27 06:00:00,-64.867347,-3.060752
99,2015-08-27 08:01:00,-64.867423,-3.060557
99,2015-08-27 10:00:00,-64.867368,-3.06087
99,2015-08-27 14:00:00,-64.858511,-3.055057
99,2015-08-27 16:00:00,-64.858521,-3.055092
99,2015-08-27 18:02:00,-64.857717,-3.051988
99,2015-08-27 20:02:00,-64.854126,-3.051562
99,2015-08-27 22:01:00,-64.853742,-3.054093
99,2015-08-28 00:01:00,-64.853728,-3.054012
99,2015-08-28 04:02:00,-64.85377,-3.054182
99,2015-08-28 10:02:00,-64.853753,-3.054068
99,2015-08-28 16:02:00,-64.853777,-3.066571
99,2015-08-28 20:02:00,-64.850479,-3.067291
99,2015-08-29 00:01:00,-64.852455,-3.073309
99,2015-08-29 02:01:00,-64.843574,-3.072218
99,2015-08-29 04:01:00,-64.843664,-3.07238
99,2015-08-29 06:01:00,-64.84361,-3.072578
99,2015-08-29 10:01:00,-64.842713,-3.072789
99,2015-08-29 12:00:00,-64.843819,-3.076699
99,2015-08-29 14:01:00,-64.843649,-3.077056
99,2015-08-29 16:00:00,-64.84424,-3.075938
99,2015-08-29 18:01:00,-64.845343,-3.075074
99,2015-08-29 22:02:00,-64.850539,-3.07512
99,2015-08-30 00:01:00,-64.847716,-3.065542
99,2015-08-30 02:01:00,-64.835361,-3.060256
99,2015-08-30 04:00:00,-64.835075,-3.061645
99,2015-08-30 06:01:00,-64.835521,-3.061147
99,2015-08-30 08:01:00,-64.835558,-3.061708
99,2015-08-30 10:02:00,-64.837206,-3.061599
99,2015-08-30 12:01:00,-64.837347,-3.061683
99,2015-08-30 14:02:00,-64.837154,-3.061678
99,2015-08-30 16:00:00,-64.83637,-3.06173
99,2015-08-30 18:00:00,-64.83614,-3.062676
99,2015-08-30 20:02:00,-64.837215,-3.068396
99,2015-08-31 02:01:00,-64.843547,-3.069364
99,2015-08-31 10:01:00,-64.839541,-3.065271
99,2015-08-31 14:01:00,-64.84238,-3.060463
99,2015-08-31 16:01:00,-64.840854,-3.060128
99,2015-08-31 18:02:00,-64.840731,-3.059676
99,2015-08-31 20:00:00,-64.839488,-3.058125
99,2015-08-31 22:01:00,-64.839541,-3.057996
99,2015-09-01 00:00:00,-64.839622,-3.065213
99,2015-09-01 04:01:00,-64.840569,-3.05771
99,2015-09-01 06:01:00,-64.840553,-3.057622
99,2015-09-01 08:01:00,-64.840599,-3.057635
99,2015-09-01 10:02:00,-64.840679,-3.057539
99,2015-09-01 12:01:00,-64.840408,-3.057701
99,2015-09-01 14:00:00,-64.840815,-3.057569
99,2015-09-01 16:00:00,-64.840858,-3.057684
99,2015-09-01 20:02:00,-64.849278,-3.06667
99,2015-09-01 22:02:00,-64.852234,-3.072264
99,2015-09-02 02:00:00,-64.857951,-3.078131
99,2015-09-02 10:01:00,-64.857783,-3.078037
99,2015-09-02 12:02:00,-64.857815,-3.07805
99,2015-09-02 14:02:00,-64.857974,-3.078132
99,2015-09-02 16:00:00,-64.858131,-3.078042
99,2015-09-02 18:02:00,-64.858122,-3.079404
99,2015-09-02 22:01:00,-64.864077,-3.090845
99,2015-09-03 04:02:00,-64.860152,-3.089273
99,2015-09-03 06:02:00,-64.860003,-3.089363
99,2015-09-03 14:01:00,-64.860163,-3.08954
99,2015-09-03 16:01:00,-64.861464,-3.090854
99,2015-09-03 20:01:00,-64.873284,-3.093989
99,2015-09-03 22:01:00,-64.87299,-3.093765
99,2015-09-04 00:01:00,-64.87301,-3.093229
99,2015-09-04 02:02:00,-64.873155,-3.093763
99,2015-09-04 04:02:00,-64.869821,-3.093539
99,2015-09-04 10:01:00,-64.86683,-3.091518
99,2015-09-04 12:01:00,-64.866769,-3.091417
99,2015-09-04 14:01:00,-64.86653,-3.091135
99,2015-09-04 18:02:00,-64.854904,-3.084877
99,2015-09-04 20:01:00,-64.850085,-3.082683
99,2015-09-05 02:02:00,-64.847833,-3.079378
99,2015-09-05 06:02:00,-64.847961,-3.079336
99,2015-09-05 10:01:00,-64.850232,-3.079347
99,2015-09-05 12:01:00,-64.85174,-3.07833
99,2015-09-05 14:01:00,-64.851662,-3.078219
99,2015-09-05 18:01:00,-64.845486,-3.071814
99,2015-09-05 22:01:00,-64.832406,-3.064789
99,2015-09-06 02:02:00,-64.832253,-3.064957
99,2015-09-06 04:02:00,-64.832156,-3.065063
99,2015-09-06 08:01:00,-64.832382,-3.064821
99,2015-09-06 10:01:00,-64.832402,-3.064939
99,2015-09-06 14:01:00,-64.832372,-3.06495
99,2015-09-06 18:02:00,-64.832437,-3.064972
99,2015-09-06 20:01:00,-64.832346,-3.06489
99,2015-09-06 22:00:00,-64.832331,-3.065055
99,2015-09-07 02:02:00,-64.832264,-3.065127
99,2015-09-07 04:00:00,-64.832213,-3.065022
99,2015-09-07 10:01:00,-64.832185,-3.065034
99,2015-09-07 12:02:00,-64.832162,-3.065031
99,2015-09-07 14:00:00,-64.832341,-3.065087
99,2015-09-07 16:01:00,-64.832443,-3.065081
99,2015-09-07 18:00:00,-64.832246,-3.06511
99,2015-09-07 20:02:00,-64.832344,-3.065104
99,2015-09-07 22:01:00,-64.832438,-3.065054
99,2015-09-08 02:02:00,-64.832313,-3.065039
99,2015-09-08 04:01:00,-64.832421,-3.064945
99,2015-09-08 08:01:00,-64.832327,-3.064978
99,2015-09-08 10:00:00,-64.832296,-3.064893
99,2015-09-08 12:02:00,-64.832211,-3.06503
99,2015-09-08 14:02:00,-64.832218,-3.06509
99,2015-09-08 16:01:00,-64.832061,-3.065036
99,2015-09-08 18:01:00,-64.832432,-3.064995
99,2015-09-08 20:01:00,-64.83191,-3.065005
99,2015-09-09 00:03:00,-64.832266,-3.065065
99,2015-09-09 02:02:00,-64.832226,-3.065312
99,2015-09-09 06:00:00,-64.834072,-3.064842
99,2015-09-09 08:00:00,-64.835895,-3.063274
99,2015-09-09 10:01:00,-64.835876,-3.063407
99,2015-09-09 12:01:00,-64.836034,-3.063323
99,2015-09-09 14:00:00,-64.835481,-3.063075
99,2015-09-09 16:00:00,-64.8353,-3.063139
99,2015-09-09 18:01:00,-64.83535,-3.063082
99,2015-09-09 20:00:00,-64.834993,-3.065065
99,2015-09-09 22:01:00,-64.833853,-3.065651
99,2015-09-10 00:03:00,-64.831887,-3.066276
99,2015-09-10 08:01:00,-64.826826,-3.069079
99,2015-09-10 10:01:00,-64.82482,-3.070841
99,2015-09-10 12:02:00,-64.82496,-3.070393
99,2015-09-10 14:01:00,-64.823557,-3.069992
99,2015-09-10 16:00:00,-64.823687,-3.070013
99,2015-09-10 20:01:00,-64.832111,-3.064807
99,2015-09-10 22:00:00,-64.832571,-3.064159
99,2015-09-11 00:00:00,-64.836256,-3.061465
99,2015-09-11 04:01:00,-64.837684,-3.061857
99,2015-09-11 06:01:00,-64.837661,-3.062085
99,2015-09-11 08:00:00,-64.837858,-3.062011
99,2015-09-11 10:00:00,-64.838137,-3.06114
99,2015-09-11 14:01:00,-64.844695,-3.064844
99,2015-09-11 18:00:00,-64.840439,-3.063955
99,2015-09-11 22:00:00,-64.838646,-3.064743
99,2015-09-12 02:00:00,-64.839635,-3.072684
99,2015-09-12 04:01:00,-64.840977,-3.072091
99,2015-09-12 08:02:00,-64.840979,-3.072149
99,2015-09-12 10:00:00,-64.840989,-3.072049
99,2015-09-12 12:01:00,-64.841203,-3.07213
99,2015-09-12 14:01:00,-64.840864,-3.072244
99,2015-09-12 16:01:00,-64.841388,-3.074444
99,2015-09-13 02:02:00,-64.842078,-3.075165
99,2015-09-13 04:02:00,-64.841667,-3.075341
99,2015-09-13 10:01:00,-64.841843,-3.075261
99,2015-09-13 12:01:00,-64.841864,-3.075303
99,2015-09-13 14:00:00,-64.841905,-3.0753
99,2015-09-13 16:00:00,-64.841744,-3.075293
99,2015-09-13 22:02:00,-64.841669,-3.075291
99,2015-09-14 00:00:00,-64.842042,-3.075131
99,2015-09-14 04:01:00,-64.841934,-3.079215
99,2015-09-14 06:02:00,-64.84203,-3.079232
99,2015-09-14 10:01:00,-64.84223,-3.07884
99,2015-09-14 12:01:00,-64.842215,-3.079164
99,2015-09-14 14:00:00,-64.842076,-3.079191
99,2015-09-14 18:02:00,-64.842776,-3.087302
99,2015-09-14 20:00:00,-64.845944,-3.09547
99,2015-09-14 22:01:00,-64.842878,-3.100434
99,2015-09-15 00:01:00,-64.842827,-3.100517
99,2015-09-15 04:01:00,-64.834227,-3.107002
99,2015-09-15 06:01:00,-64.834327,-3.099403
99,2015-09-15 08:02:00,-64.836148,-3.099252
99,2015-09-15 10:01:00,-64.836363,-3.099332
99,2015-09-15 14:01:00,-64.836564,-3.099259
99,2015-09-15 16:00:00,-64.836287,-3.099224
99,2015-09-15 18:02:00,-64.835964,-3.098365
99,2015-09-15 20:01:00,-64.836717,-3.093023
99,2015-09-15 22:02:00,-64.843056,-3.085359
99,2015-09-16 04:01:00,-64.8602,-3.062695
99,2015-09-16 06:00:00,-64.859242,-3.061879
99,2015-09-16 08:02:00,-64.859302,-3.061736
99,2015-09-16 10:01:00,-64.858712,-3.061892
99,2015-09-16 14:01:00,-64.860987,-3.055474
99,2015-09-16 16:01:00,-64.860956,-3.055533
99,2015-09-16 18:00:00,-64.86352,-3.057577
99,2015-09-16 20:01:00,-64.864306,-3.059289
99,2015-09-16 22:00:00,-64.860716,-3.064301
99,2015-09-17 04:02:00,-64.852048,-3.058781
99,2015-09-17 06:01:00,-64.852154,-3.057134
99,2015-09-17 08:00:00,-64.858642,-3.052347
99,2015-09-17 10:01:00,-64.859147,-3.051916
99,2015-09-17 12:01:00,-64.859261,-3.051734
99,2015-09-17 14:01:00,-64.859174,-3.051884
99,2015-09-17 16:01:00,-64.863701,-3.048019
99,2015-09-17 18:02:00,-64.866946,-3.046669
99,2015-09-17 22:01:00,-64.878198,-3.043868
99,2015-09-18 00:01:00,-64.876455,-3.034787
99,2015-09-18 02:02:00,-64.873197,-3.038266
99,2015-09-18 04:01:00,-64.867517,-3.047084
99,2015-09-18 08:01:00,-64.867045,-3.051007
99,2015-09-18 10:01:00,-64.867324,-3.051105
99,2015-09-19 00:00:00,-64.871905,-3.049733
99,2015-09-19 02:01:00,-64.875502,-3.048877
99,2015-09-19 04:01:00,-64.870328,-3.045746
99,2015-09-19 06:00:00,-64.871129,-3.044966
99,2015-09-19 08:01:00,-64.871142,-3.045108
99,2015-09-19 10:01:00,-64.871165,-3.044969
99,2015-09-19 12:02:00,-64.871208,-3.044984
99,2015-09-19 16:00:00,-64.870875,-3.044918
99,2015-09-19 18:00:00,-64.871055,-3.044878
99,2015-09-19 20:01:00,-64.871011,-3.044929
99,2015-09-20 00:02:00,-64.866709,-3.046521
99,2015-09-20 02:02:00,-64.871058,-3.04487
99,2015-09-20 04:00:00,-64.873075,-3.045037
99,2015-09-20 08:00:00,-64.870118,-3.042565
99,2015-09-20 10:02:00,-64.870054,-3.042513
99,2015-09-20 12:02:00,-64.872849,-3.042218
99,2015-09-20 14:00:00,-64.872858,-3.042324
99,2015-09-20 16:00:00,-64.872909,-3.04222
99,2015-09-20 20:01:00,-64.873512,-3.041946
99,2015-09-20 22:00:00,-64.875634,-3.043951
99,2015-09-21 00:01:00,-64.875689,-3.043916
99,2015-09-21 02:01:00,-64.875674,-3.043849
99,2015-09-21 04:01:00,-64.873886,-3.042397
99,2015-09-21 08:01:00,-64.875704,-3.043646
99,2015-09-21 10:00:00,-64.875685,-3.043593
99,2015-09-21 12:01:00,-64.875698,-3.043608
99,2015-09-21 14:00:00,-64.875677,-3.043587
99,2015-09-21 16:02:00,-64.875715,-3.043621
99,2015-09-21 18:02:00,-64.875779,-3.043662
99,2015-09-21 20:01:00,-64.875766,-3.043593
99,2015-09-21 22:01:00,-64.875781,-3.043728
99,2015-09-22 02:00:00,-64.875692,-3.043579
99,2015-09-22 08:01:00,-64.875816,-3.043668
99,2015-09-22 10:00:00,-64.87507,-3.043163
99,2015-09-22 18:01:00,-64.875801,-3.043634
99,2015-09-22 20:01:00,-64.875706,-3.043673
99,2015-09-22 22:00:00,-64.875675,-3.043689
99,2015-09-23 00:01:00,-64.875649,-3.043628
99,2015-09-23 06:02:00,-64.875163,-3.043185
99,2015-09-23 10:01:00,-64.875204,-3.043244
99,2015-09-23 14:01:00,-64.87695,-3.042872
99,2015-09-24 00:01:00,-64.875663,-3.044086
99,2015-09-24 02:02:00,-64.875049,-3.043154
99,2015-09-24 10:00:00,-64.874762,-3.041105
99,2015-09-24 12:01:00,-64.874388,-3.041061
99,2015-09-24 14:01:00,-64.874734,-3.041088
99,2015-09-24 16:01:00,-64.874686,-3.041093
99,2015-09-24 18:01:00,-64.874632,-3.041047
99,2015-09-24 20:00:00,-64.874507,-3.040628
99,2015-09-24 22:00:00,-64.881608,-3.04322
99,2015-09-25 00:00:00,-64.882849,-3.046137
99,2015-09-25 08:01:00,-64.889049,-3.055576
99,2015-09-25 12:00:00,-64.888392,-3.0569
99,2015-09-25 14:00:00,-64.888642,-3.056924
99,2015-09-25 16:00:00,-64.888493,-3.056904
99,2015-09-25 18:01:00,-64.889144,-3.057209
99,2015-09-25 20:00:00,-64.893729,-3.053097
99,2015-09-26 04:01:00,-64.907721,-3.042762
99,2015-09-26 06:01:00,-64.907832,-3.042845
99,2015-09-26 08:01:00,-64.907858,-3.04269
99,2015-09-26 12:01:00,-64.907857,-3.042798
99,2015-09-26 14:01:00,-64.907698,-3.042811
99,2015-09-27 00:01:00,-64.906835,-3.03644
99,2015-09-27 02:00:00,-64.904209,-3.035372
99,2015-09-27 10:03:00,-64.903517,-3.034822
99,2015-09-27 12:00:00,-64.896025,-3.036268
99,2015-09-27 14:01:00,-64.895304,-3.029968
99,2015-09-27 16:00:00,-64.892329,-3.031806
99,2015-09-27 18:00:00,-64.891533,-3.032445
99,2015-09-27 20:01:00,-64.893791,-3.034121
99,2015-09-27 22:01:00,-64.893817,-3.036742
99,2015-09-28 00:00:00,-64.894406,-3.036931
99,2015-09-28 02:02:00,-64.894299,-3.037002
99,2015-09-28 04:00:00,-64.896556,-3.034946
99,2015-09-28 10:01:00,-64.892805,-3.043277
99,2015-09-28 12:02:00,-64.892675,-3.043273
99,2015-09-28 14:00:00,-64.892686,-3.043253
99,2015-09-28 16:00:00,-64.89156,-3.046138
99,2015-09-28 18:00:00,-64.891648,-3.046175
99,2015-09-28 20:01:00,-64.887262,-3.046938
99,2015-09-28 22:00:00,-64.882654,-3.050303
99,2015-09-29 00:01:00,-64.877234,-3.050764
99,2015-09-29 02:02:00,-64.877279,-3.050833
99,2015-09-29 04:00:00,-64.873478,-3.049142
99,2015-09-29 06:00:00,-64.87088,-3.048988
99,2015-09-29 08:01:00,-64.872198,-3.047113
99,2015-09-29 12:00:00,-64.872043,-3.04719
99,2015-09-29 14:01:00,-64.872019,-3.047234
99,2015-09-29 18:00:00,-64.87213,-3.047288
99,2015-09-29 20:00:00,-64.872032,-3.047258
99,2015-09-29 22:00:00,-64.871996,-3.047285
99,2015-09-30 02:01:00,-64.872045,-3.047265
99,2015-09-30 04:00:00,-64.871731,-3.047322
99,2015-09-30 06:00:00,-64.871721,-3.047376
99,2015-09-30 08:00:00,-64.871751,-3.047283
99,2015-09-30 10:00:00,-64.871739,-3.047323
99,2015-09-30 12:01:00,-64.872015,-3.047275
99,2015-09-30 14:00:00,-64.871895,-3.046855
99,2015-09-30 16:02:00,-64.871969,-3.047178
99,2015-09-30 18:00:00,-64.872058,-3.047165
99,2015-09-30 20:00:00,-64.872035,-3.04729
99,2015-09-30 22:01:00,-64.872185,-3.047157
99,2015-10-01 00:01:00,-64.872153,-3.047157
99,2015-10-01 02:01:00,-64.871747,-3.047353
99,2015-10-01 04:02:00,-64.872027,-3.047285
99,2015-10-01 06:01:00,-64.871691,-3.047294
99,2015-10-01 10:01:00,-64.871712,-3.047629
99,2015-10-01 12:01:00,-64.871709,-3.047697
99,2015-10-01 14:00:00,-64.871685,-3.047682
99,2015-10-01 16:00:00,-64.871804,-3.047362
99,2015-10-01 18:01:00,-64.872018,-3.047247
99,2015-10-01 20:03:00,-64.867748,-3.044076
99,2015-10-01 22:00:00,-64.86715,-3.044538
99,2015-10-02 00:00:00,-64.867103,-3.044565
99,2015-10-02 02:00:00,-64.867217,-3.044628
99,2015-10-02 04:01:00,-64.867259,-3.04468
99,2015-10-02 08:01:00,-64.867196,-3.044586
99,2015-10-02 12:02:00,-64.86743,-3.044695
99,2015-10-02 14:01:00,-64.867626,-3.044479
99,2015-10-02 16:01:00,-64.867114,-3.044251
99,2015-10-02 18:00:00,-64.866615,-3.043976
99,2015-10-02 20:01:00,-64.859591,-3.051501
99,2015-10-02 22:01:00,-64.858584,-3.054303
99,2015-10-03 04:02:00,-64.861632,-3.0586
99,2015-10-03 08:01:00,-64.864252,-3.057802
99,2015-10-03 10:01:00,-64.864353,-3.057873
99,2015-10-03 12:00:00,-64.864421,-3.0579
99,2015-10-03 14:00:00,-64.864389,-3.057906
99,2015-10-03 16:02:00,-64.867325,-3.057296
99,2015-10-03 18:01:00,-64.870587,-3.058916
99,2015-10-03 20:01:00,-64.870241,-3.058321
99,2015-10-03 22:02:00,-64.870197,-3.058093
99,2015-10-04 02:02:00,-64.872185,-3.050939
99,2015-10-04 04:02:00,-64.872155,-3.050879
99,2015-10-04 06:03:00,-64.872125,-3.050917
99,2015-10-04 08:00:00,-64.872086,-3.051093
99,2015-10-04 10:01:00,-64.872107,-3.050997
99,2015-10-04 12:00:00,-64.871641,-3.05077
99,2015-10-04 14:02:00,-64.871398,-3.05059
99,2015-10-04 16:00:00,-64.870367,-3.050837
99,2015-10-04 18:01:00,-64.87081,-3.052649
99,2015-10-04 20:02:00,-64.875308,-3.053173
99,2015-10-04 22:00:00,-64.875806,-3.052864
99,2015-10-05 00:01:00,-64.876295,-3.052393
99,2015-10-05 02:00:00,-64.87631,-3.052715
99,2015-10-05 08:01:00,-64.877728,-3.052922
99,2015-10-05 10:00:00,-64.877732,-3.052881
99,2015-10-05 12:02:00,-64.878155,-3.052714
99,2015-10-05 18:01:00,-64.878068,-3.052591
99,2015-10-05 20:02:00,-64.87825,-3.050195
99,2015-10-05 22:00:00,-64.87305,-3.046381
99,2015-10-06 00:01:00,-64.872953,-3.046518
99,2015-10-06 06:02:00,-64.872966,-3.046512
99,2015-10-06 08:00:00,-64.873024,-3.046424
99,2015-10-06 10:01:00,-64.873046,-3.046356
99,2015-10-06 12:00:00,-64.872934,-3.046546
99,2015-10-06 14:02:00,-64.873008,-3.046504
99,2015-10-06 16:01:00,-64.873025,-3.046444
99,2015-10-06 20:01:00,-64.872995,-3.046528
99,2015-10-06 22:02:00,-64.872934,-3.046615
99,2015-10-07 00:01:00,-64.873036,-3.046598
99,2015-10-07 02:00:00,-64.872991,-3.046688
99,2015-10-07 06:01:00,-64.873057,-3.046616
99,2015-10-07 08:00:00,-64.873078,-3.046364
99,2015-10-07 10:01:00,-64.873043,-3.046333
99,2015-10-07 12:00:00,-64.87314,-3.046582
99,2015-10-07 14:00:00,-64.873156,-3.046557
99,2015-10-07 16:02:00,-64.87316,-3.0466
99,2015-10-07 18:02:00,-64.872901,-3.04669
99,2015-10-07 20:01:00,-64.872995,-3.046423
99,2015-10-07 22:02:00,-64.872965,-3.046579
99,2015-10-08 02:00:00,-64.87295,-3.046658
99,2015-10-08 04:01:00,-64.872882,-3.046676
99,2015-10-08 06:01:00,-64.87309,-3.046695
99,2015-10-08 08:01:00,-64.873302,-3.046443
99,2015-10-08 10:00:00,-64.873084,-3.046576
99,2015-10-08 14:00:00,-64.87309,-3.046394
99,2015-10-08 16:00:00,-64.873153,-3.046558
99,2015-10-08 18:01:00,-64.873084,-3.046595
99,2015-10-08 20:01:00,-64.873141,-3.046804
99,2015-10-09 00:02:00,-64.873162,-3.046593
99,2015-10-09 02:02:00,-64.873171,-3.046589
99,2015-10-09 04:01:00,-64.873216,-3.046586
99,2015-10-09 06:01:00,-64.873005,-3.04661
99,2015-10-09 08:00:00,-64.877522,-3.049925
99,2015-10-09 12:01:00,-64.877401,-3.049642
99,2015-10-09 14:00:00,-64.877347,-3.049681
99,2015-10-09 16:00:00,-64.877391,-3.04962
99,2015-10-09 18:00:00,-64.877424,-3.049785
99,2015-10-09 20:02:00,-64.879148,-3.050921
99,2015-10-09 22:02:00,-64.881649,-3.050953
99,2015-10-10 00:00:00,-64.881662,-3.050894
99,2015-10-10 02:00:00,-64.881614,-3.050938
99,2015-10-10 08:01:00,-64.881572,-3.051227
99,2015-10-10 10:00:00,-64.88132,-3.050723
99,2015-10-10 12:01:00,-64.881245,-3.05063
99,2015-10-10 14:01:00,-64.881634,-3.050937
99,2015-10-10 18:00:00,-64.881741,-3.050888
99,2015-10-10 20:00:00,-64.881787,-3.051125
99,2015-10-10 22:00:00,-64.881558,-3.050942
99,2015-10-11 00:00:00,-64.881739,-3.051149
99,2015-10-11 02:02:00,-64.881734,-3.051185
99,2015-10-11 04:01:00,-64.881614,-3.050915
99,2015-10-11 06:02:00,-64.881516,-3.050821
99,2015-10-11 08:01:00,-64.881642,-3.051006
99,2015-10-11 12:01:00,-64.881642,-3.051176
99,2015-10-11 14:00:00,-64.881557,-3.051122
99,2015-10-11 16:00:00,-64.88179,-3.051139
99,2015-10-11 18:01:00,-64.881663,-3.051191
99,2015-10-11 20:02:00,-64.881587,-3.051192
99,2015-10-11 22:02:00,-64.882833,-3.053348
99,2015-10-12 00:01:00,-64.883393,-3.054164
99,2015-10-12 06:03:00,-64.883169,-3.054042
99,2015-10-12 08:01:00,-64.883388,-3.054042
99,2015-10-12 10:01:00,-64.883189,-3.054074
99,2015-10-12 12:01:00,-64.883298,-3.054009
99,2015-10-12 14:01:00,-64.883367,-3.053874
99,2015-10-12 16:01:00,-64.883346,-3.053994
99,2015-10-12 18:02:00,-64.883485,-3.054089
99,2015-10-12 20:00:00,-64.883359,-3.054064
99,2015-10-12 22:00:00,-64.883339,-3.054214
99,2015-10-13 00:00:00,-64.887712,-3.053892
99,2015-10-13 06:01:00,-64.896898,-3.050595
99,2015-10-13 08:01:00,-64.897019,-3.050563
99,2015-10-13 10:02:00,-64.896936,-3.050685
99,2015-10-13 12:01:00,-64.896922,-3.05031
99,2015-10-13 14:02:00,-64.89549,-3.05047
99,2015-10-13 18:01:00,-64.892542,-3.052654
99,2015-10-13 20:01:00,-64.892552,-3.052778
99,2015-10-14 04:03:00,-64.893079,-3.051902
99,2015-10-14 08:00:00,-64.892141,-3.053965
99,2015-10-14 10:02:00,-64.892197,-3.053994
99,2015-10-14 12:00:00,-64.892196,-3.053924
99,2015-10-14 14:01:00,-64.892838,-3.053848
99,2015-10-14 16:00:00,-64.892309,-3.053905
99,2015-10-14 18:02:00,-64.893085,-3.054497
99,2015-10-14 22:01:00,-64.909056,-3.047466
99,2015-10-15 00:01:00,-64.910172,-3.047301
99,2015-10-15 02:02:00,-64.910141,-3.047339
99,2015-10-15 08:02:00,-64.904489,-3.053557
99,2015-10-15 12:01:00,-64.904533,-3.053419
99,2015-10-15 14:01:00,-64.904539,-3.05339
99,2015-10-15 20:01:00,-64.900649,-3.051794
99,2015-10-15 22:00:00,-64.900753,-3.048942
99,2015-10-16 02:00:00,-64.90079,-3.049003
99,2015-10-16 04:01:00,-64.900809,-3.049023
99,2015-10-16 08:00:00,-64.900804,-3.048988
99,2015-10-16 10:01:00,-64.900857,-3.049059
99,2015-10-16 12:00:00,-64.900798,-3.048987
99,2015-10-16 14:00:00,-64.900807,-3.048999
99,2015-10-16 16:00:00,-64.900888,-3.048968
99,2015-10-16 18:01:00,-64.90077,-3.048921
99,2015-10-16 20:01:00,-64.903098,-3.046195
99,2015-10-16 22:00:00,-64.897166,-3.043169
99,2015-10-17 02:01:00,-64.895161,-3.043505
99,2015-10-17 08:00:00,-64.895212,-3.043457
99,2015-10-17 12:00:00,-64.895183,-3.043464
99,2015-10-17 14:00:00,-64.89525,-3.043444
99,2015-10-17 16:00:00,-64.89551,-3.043323
99,2015-10-17 20:00:00,-64.883459,-3.042917
99,2015-10-18 00:01:00,-64.880369,-3.051254
99,2015-10-18 04:02:00,-64.879436,-3.049959
99,2015-10-18 06:01:00,-64.877888,-3.049716
99,2015-10-18 10:01:00,-64.877971,-3.050368
99,2015-10-18 12:00:00,-64.877953,-3.050309
99,2015-10-18 14:01:00,-64.87789,-3.050308
99,2015-10-18 16:00:00,-64.877541,-3.049212
99,2015-10-18 18:01:00,-64.87761,-3.049558
99,2015-10-18 22:00:00,-64.877574,-3.050207
99,2015-10-19 04:01:00,-64.877724,-3.050295
99,2015-10-19 06:02:00,-64.877895,-3.050228
99,2015-10-19 08:01:00,-64.877547,-3.050149
99,2015-10-19 14:00:00,-64.877968,-3.050185
99,2015-10-19 16:01:00,-64.878005,-3.050078
99,2015-10-19 18:02:00,-64.877175,-3.050649
99,2015-10-19 20:01:00,-64.87691,-3.052282
99,2015-10-19 22:00:00,-64.875345,-3.052324
99,2015-10-20 00:01:00,-64.874898,-3.052334
99,2015-10-20 02:01:00,-64.874821,-3.052251
99,2015-10-20 04:01:00,-64.874796,-3.052285
99,2015-10-20 06:01:00,-64.874807,-3.052303
99,2015-10-20 08:00:00,-64.874809,-3.052266
99,2015-10-20 10:00:00,-64.874852,-3.052233
99,2015-10-20 12:00:00,-64.874825,-3.052253
99,2015-10-20 14:00:00,-64.874834,-3.052228
99,2015-10-20 16:00:00,-64.874906,-3.052229
99,2015-10-20 20:00:00,-64.874859,-3.052216
99,2015-10-20 22:02:00,-64.874123,-3.051755
99,2015-10-21 00:01:00,-64.8726,-3.046139
99,2015-10-21 02:01:00,-64.876448,-3.05419
99,2015-10-21 04:01:00,-64.875623,-3.054984
99,2015-10-21 06:01:00,-64.875945,-3.056001
99,2015-10-21 08:01:00,-64.875984,-3.055929
99,2015-10-21 10:01:00,-64.876351,-3.056191
99,2015-10-21 12:01:00,-64.876617,-3.0562
99,2015-10-21 14:01:00,-64.87646,-3.056245
99,2015-10-21 16:02:00,-64.87631,-3.056037
99,2015-10-21 18:00:00,-64.874814,-3.052757
99,2015-10-21 20:02:00,-64.879378,-3.054466
99,2015-10-21 22:00:00,-64.879445,-3.054215
99,2015-10-22 00:00:00,-64.879514,-3.054216
99,2015-10-22 02:00:00,-64.879433,-3.05426
99,2015-10-22 06:00:00,-64.879064,-3.055241
99,2015-10-22 08:00:00,-64.879008,-3.055241
99,2015-10-22 10:02:00,-64.879069,-3.055204
99,2015-10-22 12:02:00,-64.879109,-3.054662
99,2015-10-22 14:00:00,-64.879538,-3.05423
99,2015-10-22 16:01:00,-64.87954,-3.054209
99,2015-10-22 18:00:00,-64.879438,-3.054128
99,2015-10-22 20:00:00,-64.879455,-3.05423
99,2015-10-23 02:01:00,-64.883285,-3.053309
99,2015-10-23 10:01:00,-64.883201,-3.053467
99,2015-10-23 12:02:00,-64.883348,-3.053309
99,2015-10-23 14:01:00,-64.883334,-3.053288
99,2015-10-23 16:02:00,-64.875422,-3.05472
99,2015-10-23 18:00:00,-64.8731,-3.055356
99,2015-10-23 20:01:00,-64.875586,-3.059817
99,2015-10-24 00:02:00,-64.868993,-3.059351
99,2015-10-24 08:02:00,-64.868549,-3.054653
99,2015-10-24 10:01:00,-64.868586,-3.054869
99,2015-10-24 12:02:00,-64.868584,-3.05476
99,2015-10-24 14:01:00,-64.86853,-3.05479
99,2015-10-24 16:00:00,-64.872614,-3.05057
99,2015-10-24 18:00:00,-64.870969,-3.048931
99,2015-10-24 20:01:00,-64.872379,-3.044255
99,2015-10-24 22:01:00,-64.87699,-3.044392
99,2015-10-25 02:02:00,-64.884568,-3.039819
99,2015-10-25 04:01:00,-64.884281,-3.039785
99,2015-10-25 08:01:00,-64.88449,-3.039849
99,2015-10-25 10:01:00,-64.884389,-3.039876
99,2015-10-25 12:01:00,-64.884704,-3.039791
99,2015-10-25 14:01:00,-64.884493,-3.039839
99,2015-10-25 16:01:00,-64.884584,-3.039806
99,2015-10-25 18:01:00,-64.884414,-3.039899
99,2015-10-25 20:00:00,-64.88447,-3.039793
99,2015-10-26 02:00:00,-64.873086,-3.044106
99,2015-10-26 06:01:00,-64.871237,-3.041482
99,2015-10-26 08:01:00,-64.871244,-3.041417
99,2015-10-26 14:00:00,-64.87127,-3.041567
99,2015-10-26 16:01:00,-64.870943,-3.041874
99,2015-10-26 18:01:00,-64.868545,-3.040442
99,2015-10-26 20:01:00,-64.870661,-3.033926
99,2015-10-27 00:01:00,-64.882793,-3.029262
99,2015-10-27 02:01:00,-64.882786,-3.029325
99,2015-10-27 06:02:00,-64.882747,-3.029302
99,2015-10-27 08:03:00,-64.882739,-3.029417
99,2015-10-27 10:01:00,-64.875792,-3.033341
99,2015-10-27 16:00:00,-64.876316,-3.040271
99,2015-10-27 18:01:00,-64.878278,-3.040906
99,2015-10-27 20:00:00,-64.878267,-3.041007
99,2015-10-28 04:01:00,-64.896087,-3.035404
99,2015-10-28 06:01:00,-64.891659,-3.03276
99,2015-10-28 08:01:00,-64.891264,-3.03357
99,2015-10-28 10:01:00,-64.891102,-3.033268
99,2015-10-28 16:01:00,-64.891131,-3.032957
99,2015-10-28 18:01:00,-64.890957,-3.032908
99,2015-10-29 02:01:00,-64.888157,-3.036721
99,2015-10-29 04:01:00,-64.888247,-3.036713
99,2015-10-29 06:00:00,-64.888363,-3.036782
99,2015-10-29 08:02:00,-64.888345,-3.036775
99,2015-10-29 10:01:00,-64.888379,-3.036737
99,2015-10-29 12:00:00,-64.888237,-3.036927
99,2015-10-29 14:00:00,-64.888369,-3.036746
99,2015-10-29 18:01:00,-64.883896,-3.036181
99,2015-10-29 22:01:00,-64.887737,-3.035412
99,2015-10-30 00:01:00,-64.886614,-3.037043
99,2015-10-30 02:01:00,-64.88661,-3.039276
99,2015-10-30 04:00:00,-64.886706,-3.039163
99,2015-10-30 06:01:00,-64.886576,-3.039204
99,2015-10-30 08:01:00,-64.886674,-3.039122
99,2015-10-30 10:00:00,-64.886685,-3.039239
99,2015-10-30 14:02:00,-64.886453,-3.039275
99,2015-10-30 16:02:00,-64.886405,-3.038992
99,2015-10-30 18:01:00,-64.886646,-3.042151
99,2015-10-30 20:01:00,-64.883854,-3.043089
99,2015-10-30 22:02:00,-64.883375,-3.043398
99,2015-10-31 00:00:00,-64.885446,-3.048228
99,2015-10-31 06:00:00,-64.888802,-3.048574
99,2015-10-31 08:01:00,-64.888848,-3.048521
99,2015-10-31 10:02:00,-64.888825,-3.048623
99,2015-10-31 12:01:00,-64.888714,-3.048591
99,2015-10-31 14:00:00,-64.888925,-3.048601
99,2015-10-31 16:00:00,-64.892763,-3.047212
99,2015-10-31 18:02:00,-64.895846,-3.040476
99,2015-11-01 06:02:00,-64.89682,-3.038555
99,2015-11-01 08:02:00,-64.896778,-3.038446
99,2015-11-01 10:02:00,-64.896885,-3.03843
99,2015-11-01 12:01:00,-64.896875,-3.038468
99,2015-11-01 14:02:00,-64.896824,-3.038408
99,2015-11-01 16:01:00,-64.896833,-3.038422
99,2015-11-01 18:02:00,-64.896915,-3.037571
99,2015-11-01 20:01:00,-64.903099,-3.035017
99,2015-11-01 22:02:00,-64.904802,-3.045216
99,2015-11-02 02:01:00,-64.903316,-3.05141
99,2015-11-02 04:00:00,-64.903385,-3.051564
99,2015-11-02 06:01:00,-64.903283,-3.051515
99,2015-11-02 08:00:00,-64.903351,-3.051464
99,2015-11-02 10:00:00,-64.903308,-3.051543
99,2015-11-02 12:00:00,-64.903377,-3.051603
99,2015-11-02 14:00:00,-64.900925,-3.047938
99,2015-11-02 18:02:00,-64.898968,-3.034812
99,2015-11-02 20:01:00,-64.902752,-3.024482
99,2015-11-02 22:02:00,-64.8951,-3.022681
99,2015-11-03 08:01:00,-64.896404,-3.022426
99,2015-11-03 10:01:00,-64.895163,-3.022043
99,2015-11-03 14:01:00,-64.901771,-3.044313
99,2015-11-03 16:01:00,-64.89784,-3.049385
99,2015-11-03 18:01:00,-64.8974,-3.040345
99,2015-11-04 00:00:00,-64.891192,-3.036283
99,2015-11-04 02:01:00,-64.891345,-3.036282
99,2015-11-04 10:01:00,-64.895254,-3.022169
99,2015-11-04 12:01:00,-64.895275,-3.022119
99,2015-11-04 14:00:00,-64.89519,-3.022102
99,2015-11-04 16:01:00,-64.895235,-3.022005
99,2015-11-04 18:01:00,-64.89528,-3.022801
99,2015-11-04 20:00:00,-64.895281,-3.022693
99,2015-11-04 22:01:00,-64.895301,-3.022925
99,2015-11-05 00:00:00,-64.890756,-3.029158
99,2015-11-05 14:02:00,-64.890802,-3.029281
99,2015-11-05 16:02:00,-64.89082,-3.029349
99,2015-11-05 18:01:00,-64.886385,-3.033213
99,2015-11-12 16:00:00,-64.862254,-3.067252
99,2015-11-12 18:01:00,-64.86831,-3.068217
99,2015-11-13 02:02:00,-64.871485,-3.068923
99,2015-11-13 04:01:00,-64.871409,-3.069078
99,2015-11-13 06:02:00,-64.871558,-3.068931
99,2015-11-13 12:01:00,-64.871392,-3.068933
99,2015-11-13 14:01:00,-64.871889,-3.068589
99,2015-11-13 16:01:00,-64.871771,-3.068666
99,2015-11-13 18:01:00,-64.871818,-3.068698
99,2015-11-13 20:01:00,-64.871549,-3.068976
99,2015-11-14 10:01:00,-64.871406,-3.068968
99,2015-11-14 12:01:00,-64.871789,-3.069336
99,2015-11-14 14:01:00,-64.871365,-3.069343
99,2015-11-14 16:00:00,-64.871339,-3.069263
99,2015-11-15 04:01:00,-64.871398,-3.070102
99,2015-11-15 12:00:00,-64.874572,-3.068401
99,2015-11-15 14:01:00,-64.874638,-3.068304
99,2015-11-15 18:00:00,-64.876479,-3.066478
99,2015-11-15 20:02:00,-64.877662,-3.068417
99,2015-11-16 00:02:00,-64.875416,-3.080123
99,2015-11-16 02:02:00,-64.875691,-3.080376
99,2015-11-16 08:01:00,-64.87532,-3.081158
99,2015-11-16 10:00:00,-64.875386,-3.081148
99,2015-11-16 12:01:00,-64.875429,-3.081125
99,2015-11-16 14:01:00,-64.875456,-3.081069
99,2015-11-16 16:02:00,-64.875428,-3.080171
99,2015-11-16 22:02:00,-64.871026,-3.077351
99,2015-11-17 00:02:00,-64.870978,-3.077448
99,2015-11-17 02:02:00,-64.870945,-3.077395
99,2015-11-17 06:02:00,-64.870942,-3.077442
99,2015-11-17 12:01:00,-64.870979,-3.077379
99,2015-11-17 14:01:00,-64.870921,-3.07739
99,2015-11-17 16:02:00,-64.870983,-3.077477
99,2015-11-17 18:02:00,-64.870802,-3.077442
99,2015-11-17 20:02:00,-64.871045,-3.077432
99,2015-11-18 02:02:00,-64.870975,-3.077415
99,2015-11-18 08:02:00,-64.871035,-3.077367
99,2015-11-18 10:01:00,-64.871024,-3.077317
99,2015-11-18 12:00:00,-64.87102,-3.077376
99,2015-11-18 14:01:00,-64.870455,-3.077081
99,2015-11-18 16:01:00,-64.870591,-3.077091
99,2015-11-18 18:02:00,-64.871138,-3.077333
99,2015-11-18 20:02:00,-64.871015,-3.077419
99,2015-11-18 22:01:00,-64.870935,-3.077442
99,2015-11-19 00:01:00,-64.870835,-3.077403
99,2015-11-19 10:01:00,-64.871078,-3.077503
99,2015-11-19 12:00:00,-64.870404,-3.077045
99,2015-11-19 14:01:00,-64.870376,-3.077062
99,2015-11-19 18:01:00,-64.870595,-3.077006
99,2015-11-19 20:01:00,-64.870473,-3.077086
99,2015-11-20 12:02:00,-64.874321,-3.070708
99,2015-11-20 14:00:00,-64.876596,-3.066575
99,2015-11-20 16:00:00,-64.877071,-3.066314
99,2015-11-20 18:01:00,-64.8768,-3.065893
99,2015-11-20 20:01:00,-64.86797,-3.068269
99,2015-11-21 00:02:00,-64.864202,-3.072053
99,2015-11-21 04:01:00,-64.864166,-3.071975
99,2015-11-21 16:00:00,-64.864379,-3.072088
99,2015-11-21 18:01:00,-64.864332,-3.071942
99,2015-11-22 00:02:00,-64.867126,-3.056439
99,2015-11-22 04:02:00,-64.890989,-3.052769
99,2015-11-22 06:02:00,-64.890343,-3.04759
99,2015-11-22 10:01:00,-64.890424,-3.047329
99,2015-11-22 14:02:00,-64.904789,-3.043653
99,2015-11-22 16:01:00,-64.904883,-3.04365
99,2015-11-22 20:01:00,-64.904899,-3.043413
99,2015-11-22 22:01:00,-64.904826,-3.043606
99,2015-11-23 00:02:00,-64.904715,-3.043645
99,2015-11-23 04:00:00,-64.898058,-3.040614
99,2015-11-23 06:02:00,-64.898082,-3.040468
99,2015-11-23 10:01:00,-64.900857,-3.041406
99,2015-11-23 12:02:00,-64.901031,-3.041261
99,2015-11-23 14:01:00,-64.902226,-3.041607
99,2015-11-23 16:01:00,-64.902298,-3.041376
99,2015-11-24 00:02:00,-64.895751,-3.052973
99,2015-11-24 08:01:00,-64.8703,-3.063495
99,2015-11-24 10:00:00,-64.87008,-3.06353
99,2015-11-24 12:01:00,-64.870416,-3.063382
99,2015-11-24 14:01:00,-64.870268,-3.063376
99,2015-11-24 18:02:00,-64.891114,-3.052656
99,2015-11-25 04:02:00,-64.895656,-3.053194
99,2015-11-25 08:02:00,-64.895515,-3.053202
99,2015-11-25 10:02:00,-64.89589,-3.053111
99,2015-11-25 12:02:00,-64.895668,-3.053509
99,2015-11-25 14:01:00,-64.895104,-3.053708
99,2015-11-25 16:00:00,-64.895198,-3.053686
99,2015-11-25 20:01:00,-64.892088,-3.053717
99,2015-11-25 22:01:00,-64.8858,-3.052536
99,2015-11-26 00:01:00,-64.879999,-3.050376
99,2015-11-26 02:01:00,-64.865481,-3.052955
99,2015-11-26 04:01:00,-64.858918,-3.052113
99,2015-11-26 08:01:00,-64.858431,-3.052307
99,2015-11-26 10:01:00,-64.858551,-3.051238
99,2015-11-26 12:00:00,-64.858409,-3.051161
99,2015-11-26 14:00:00,-64.858364,-3.05123
99,2015-11-26 16:00:00,-64.858288,-3.051188
99,2015-11-26 18:02:00,-64.85699,-3.047585
99,2015-11-27 06:02:00,-64.857187,-3.059549
99,2015-11-27 08:01:00,-64.857367,-3.059596
99,2015-11-27 10:02:00,-64.857226,-3.059656
99,2015-11-27 12:00:00,-64.857133,-3.059341
99,2015-11-27 14:01:00,-64.857208,-3.059428
99,2015-11-27 18:01:00,-64.85729,-3.059574
99,2015-11-27 20:01:00,-64.857365,-3.05951
99,2015-11-28 00:00:00,-64.858658,-3.062982
99,2015-11-28 04:00:00,-64.858564,-3.062734
99,2015-11-28 06:01:00,-64.858671,-3.062836
99,2015-11-28 08:01:00,-64.858575,-3.062867
99,2015-11-28 10:01:00,-64.858592,-3.062883
99,2015-11-28 12:00:00,-64.858846,-3.063005
99,2015-11-28 14:01:00,-64.858506,-3.062653
99,2015-11-28 16:01:00,-64.858563,-3.062759
99,2015-11-28 18:01:00,-64.860236,-3.068859
99,2015-11-28 20:02:00,-64.874696,-3.064569
99,2015-11-29 02:02:00,-64.877823,-3.08203
99,2015-11-29 04:01:00,-64.877899,-3.082731
99,2015-11-29 10:01:00,-64.877943,-3.082906
99,2015-11-29 12:02:00,-64.878619,-3.088843
99,2015-11-29 16:02:00,-64.864878,-3.068753
99,2015-11-30 02:02:00,-64.878342,-3.088838
99,2015-11-30 04:01:00,-64.877179,-3.084648
99,2015-11-30 06:01:00,-64.876981,-3.084801
99,2015-11-30 08:01:00,-64.876954,-3.084817
99,2015-11-30 10:01:00,-64.876981,-3.08477
99,2015-11-30 12:01:00,-64.876962,-3.084718
99,2015-11-30 14:01:00,-64.876948,-3.084651
99,2015-11-30 16:01:00,-64.87616,-3.084258
99,2015-11-30 18:00:00,-64.874685,-3.081738
99,2015-11-30 20:01:00,-64.88095,-3.081392
99,2015-11-30 22:01:00,-64.877483,-3.081002
99,2015-12-01 04:03:00,-64.87153,-3.079661
99,2015-12-01 08:02:00,-64.871365,-3.079669
99,2015-12-01 10:01:00,-64.871212,-3.079838
99,2015-12-01 12:01:00,-64.871511,-3.079728
99,2015-12-01 16:01:00,-64.863561,-3.078467
99,2015-12-01 18:02:00,-64.86373,-3.0784
99,2015-12-01 20:01:00,-64.864068,-3.072741
99,2015-12-02 08:01:00,-64.86953,-3.064772
99,2015-12-02 10:00:00,-64.869386,-3.064765
99,2015-12-02 14:02:00,-64.869734,-3.064666
99,2015-12-02 16:03:00,-64.869392,-3.064775
99,2015-12-02 18:02:00,-64.872217,-3.061506
99,2015-12-02 20:02:00,-64.868889,-3.050501
99,2015-12-03 00:01:00,-64.87905,-3.030353
99,2015-12-03 02:01:00,-64.887618,-3.027049
99,2015-12-03 06:01:00,-64.887085,-3.026874
99,2015-12-03 08:01:00,-64.887218,-3.026926
99,2015-12-03 12:01:00,-64.887368,-3.026319
99,2015-12-03 14:00:00,-64.887743,-3.026149
99,2015-12-03 18:01:00,-64.882007,-3.02851
99,2015-12-04 00:01:00,-64.884271,-3.046672
99,2015-12-04 02:02:00,-64.880021,-3.04458
99,2015-12-04 04:01:00,-64.871724,-3.044628
99,2015-12-04 08:01:00,-64.870549,-3.044812
99,2015-12-04 10:00:00,-64.870467,-3.044852
99,2015-12-04 12:00:00,-64.870534,-3.04483
99,2015-12-04 14:01:00,-64.869794,-3.044219
99,2015-12-04 16:01:00,-64.869614,-3.044218
99,2015-12-04 18:02:00,-64.866499,-3.042047
99,2015-12-04 20:01:00,-64.869383,-3.049901
99,2015-12-05 00:02:00,-64.866715,-3.042059
99,2015-12-05 04:02:00,-64.866518,-3.042104
99,2015-12-05 08:01:00,-64.866184,-3.040016
99,2015-12-05 10:01:00,-64.866222,-3.04006
99,2015-12-05 14:01:00,-64.866056,-3.040038
99,2015-12-05 16:01:00,-64.866161,-3.040042
99,2015-12-06 04:00:00,-64.837977,-3.070574
99,2015-12-06 06:01:00,-64.837523,-3.070466
99,2015-12-06 08:01:00,-64.837648,-3.070513
99,2015-12-06 10:00:00,-64.837422,-3.070487
99,2015-12-06 12:01:00,-64.837462,-3.070415
99,2015-12-06 14:01:00,-64.837545,-3.070412
99,2015-12-07 02:02:00,-64.836544,-3.063503
99,2015-12-07 04:02:00,-64.839243,-3.063782
99,2015-12-07 06:02:00,-64.839186,-3.063709
99,2015-12-07 08:00:00,-64.839099,-3.063748
99,2015-12-07 10:00:00,-64.839134,-3.06369
99,2015-12-07 12:00:00,-64.839121,-3.063701
99,2015-12-07 14:01:00,-64.839183,-3.063707
99,2015-12-07 16:01:00,-64.839431,-3.063665
99,2015-12-07 20:01:00,-64.825793,-3.069239
99,2015-12-08 02:01:00,-64.82602,-3.075453
99,2015-12-08 04:00:00,-64.828893,-3.071197
99,2015-12-08 08:01:00,-64.828901,-3.071309
99,2015-12-08 10:00:00,-64.828871,-3.071231
99,2015-12-08 12:02:00,-64.828776,-3.071198
99,2015-12-08 14:01:00,-64.828904,-3.071136
99,2015-12-09 04:02:00,-64.879462,-3.068187
99,2015-12-09 06:01:00,-64.87982,-3.065912
99,2015-12-09 08:02:00,-64.879563,-3.06602
99,2015-12-09 12:01:00,-64.879681,-3.066065
99,2015-12-09 14:01:00,-64.879597,-3.066067
99,2015-12-09 16:01:00,-64.880503,-3.070893
99,2015-12-09 18:01:00,-64.878133,-3.080046
99,2015-12-10 02:02:00,-64.907205,-3.060183
99,2015-12-10 08:01:00,-64.89279,-3.06786
99,2015-12-10 10:00:00,-64.89297,-3.067939
99,2015-12-10 12:01:00,-64.89275,-3.067847
99,2015-12-10 14:02:00,-64.891476,-3.070414
99,2015-12-10 16:02:00,-64.887318,-3.082982
99,2015-12-10 22:01:00,-64.871154,-3.049496
99,2015-12-11 00:01:00,-64.885492,-3.048206
99,2015-12-11 08:01:00,-64.891318,-3.051377
99,2015-12-11 14:00:00,-64.893998,-3.03952
99,2015-12-11 22:00:00,-64.888842,-3.054903
99,2015-12-12 00:01:00,-64.888813,-3.054925
99,2015-12-12 02:02:00,-64.883969,-3.062502
99,2015-12-12 06:02:00,-64.884232,-3.055934
99,2015-12-12 10:01:00,-64.893691,-3.039838
99,2015-12-12 16:01:00,-64.893647,-3.039714
99,2015-12-12 18:01:00,-64.893553,-3.039687
99,2015-12-12 22:00:00,-64.893611,-3.039668
99,2015-12-13 02:00:00,-64.886586,-3.037484
99,2015-12-13 06:01:00,-64.884887,-3.037816
99,2015-12-13 08:00:00,-64.885139,-3.036889
99,2015-12-13 10:02:00,-64.885875,-3.037039
99,2015-12-13 12:01:00,-64.88517,-3.036772
99,2015-12-13 14:00:00,-64.885152,-3.036867
99,2015-12-13 16:00:00,-64.884681,-3.035502
99,2015-12-13 18:00:00,-64.883127,-3.043226
99,2015-12-13 20:02:00,-64.8884,-3.053596
99,2015-12-14 08:00:00,-64.8948,-3.040468
99,2015-12-14 10:00:00,-64.894805,-3.040566
99,2015-12-14 12:00:00,-64.894693,-3.040565
99,2015-12-14 14:00:00,-64.894763,-3.040541
99,2015-12-14 16:01:00,-64.894922,-3.040497
99,2015-12-14 20:01:00,-64.894735,-3.040605
99,2015-12-15 00:01:00,-64.895294,-3.040667
99,2015-12-15 04:00:00,-64.888461,-3.037523
99,2015-12-15 06:00:00,-64.888516,-3.037722
99,2015-12-15 08:00:00,-64.888581,-3.037368
99,2015-12-15 10:00:00,-64.888481,-3.037468
99,2015-12-15 12:02:00,-64.888479,-3.0374
99,2015-12-15 14:00:00,-64.888544,-3.03748
99,2015-12-15 16:01:00,-64.888045,-3.037809
99,2015-12-15 18:01:00,-64.887408,-3.03674
99,2015-12-16 00:02:00,-64.897205,-3.026347
99,2015-12-16 02:02:00,-64.897143,-3.026379
99,2015-12-16 06:00:00,-64.895854,-3.024682
99,2015-12-16 08:00:00,-64.895976,-3.024694
99,2015-12-16 14:00:00,-64.895937,-3.024572
99,2015-12-16 18:00:00,-64.895872,-3.024637
99,2015-12-16 22:01:00,-64.891223,-3.036382
99,2015-12-17 02:02:00,-64.874941,-3.043946
99,2015-12-17 06:02:00,-64.870532,-3.038461
99,2015-12-17 08:01:00,-64.870255,-3.038622
99,2015-12-17 10:00:00,-64.87045,-3.038541
99,2015-12-17 12:02:00,-64.869931,-3.038632
99,2015-12-17 14:00:00,-64.870594,-3.038573
99,2015-12-17 16:02:00,-64.870661,-3.03865
99,2015-12-18 08:02:00,-64.86206,-3.040269
99,2015-12-18 10:00:00,-64.862019,-3.040409
99,2015-12-18 12:00:00,-64.863618,-3.039176
99,2015-12-18 16:01:00,-64.863628,-3.039195
99,2015-12-18 18:01:00,-64.864586,-3.038476
99,2015-12-18 22:01:00,-64.866795,-3.035724
99,2015-12-19 02:01:00,-64.871098,-3.048224
99,2015-12-19 04:02:00,-64.871085,-3.048305
99,2015-12-19 06:01:00,-64.872838,-3.048808
99,2015-12-19 08:00:00,-64.873564,-3.048889
99,2015-12-19 10:00:00,-64.873645,-3.048815
99,2015-12-19 12:00:00,-64.875041,-3.049255
99,2015-12-19 14:00:00,-64.875016,-3.049108
99,2015-12-19 16:00:00,-64.875019,-3.049105
99,2015-12-19 18:00:00,-64.874962,-3.048865
99,2015-12-19 20:02:00,-64.874989,-3.049161
99,2015-12-19 22:00:00,-64.875058,-3.049136
99,2015-12-20 00:02:00,-64.875008,-3.049131
99,2015-12-20 02:00:00,-64.875018,-3.049172
99,2015-12-20 04:00:00,-64.874964,-3.049279
99,2015-12-20 06:00:00,-64.875022,-3.04927
99,2015-12-20 08:00:00,-64.874958,-3.049294
99,2015-12-20 10:00:00,-64.874945,-3.04933
99,2015-12-20 12:01:00,-64.875086,-3.049193
99,2015-12-20 14:00:00,-64.875038,-3.049213
99,2015-12-20 16:01:00,-64.875012,-3.049208
99,2015-12-20 18:01:00,-64.875081,-3.04913
99,2015-12-20 20:01:00,-64.875068,-3.049165
99,2015-12-20 22:00:00,-64.875071,-3.049101
99,2015-12-21 00:00:00,-64.875117,-3.049187
99,2015-12-21 02:02:00,-64.875003,-3.049213
99,2015-12-21 04:02:00,-64.875001,-3.049153
99,2015-12-21 08:00:00,-64.873434,-3.047936
99,2015-12-21 10:01:00,-64.873407,-3.047917
99,2015-12-21 12:01:00,-64.873455,-3.048008
99,2015-12-21 16:02:00,-64.873237,-3.047998
99,2015-12-21 18:02:00,-64.873349,-3.048512
99,2015-12-22 00:02:00,-64.869048,-3.059197
99,2015-12-22 04:00:00,-64.8692,-3.058819
99,2015-12-22 06:01:00,-64.869303,-3.058737
99,2015-12-22 08:01:00,-64.869309,-3.058873
99,2015-12-22 12:01:00,-64.869225,-3.059104
99,2015-12-22 14:00:00,-64.869271,-3.058658
99,2015-12-22 16:00:00,-64.869311,-3.05873
99,2015-12-22 18:00:00,-64.869175,-3.058876
99,2015-12-22 20:01:00,-64.869188,-3.05974
99,2015-12-23 00:01:00,-64.867962,-3.064118
99,2015-12-23 02:01:00,-64.868051,-3.06428
99,2015-12-23 04:01:00,-64.867939,-3.064383
99,2015-12-23 06:01:00,-64.867889,-3.064061
99,2015-12-23 08:01:00,-64.867317,-3.064287
99,2015-12-23 22:01:00,-64.876391,-3.084846
99,2015-12-24 02:02:00,-64.879995,-3.089564
99,2015-12-24 06:01:00,-64.876552,-3.091082
99,2015-12-24 08:01:00,-64.876458,-3.090858
99,2015-12-24 10:01:00,-64.876467,-3.09082
99,2015-12-24 12:00:00,-64.876404,-3.091009
99,2015-12-24 16:01:00,-64.87602,-3.090823
99,2015-12-24 18:01:00,-64.876356,-3.091019
99,2015-12-24 20:01:00,-64.876375,-3.091182
99,2015-12-25 02:01:00,-64.875785,-3.090634
99,2015-12-25 06:01:00,-64.875714,-3.090319
99,2015-12-25 08:00:00,-64.875607,-3.090334
99,2015-12-25 12:01:00,-64.870495,-3.074853
99,2015-12-25 14:01:00,-64.870558,-3.074862
99,2015-12-25 16:01:00,-64.870592,-3.07474
99,2015-12-25 22:02:00,-64.861144,-3.066661
99,2015-12-26 04:00:00,-64.837882,-3.071603
99,2015-12-26 08:00:00,-64.837798,-3.071601
99,2015-12-26 10:01:00,-64.83792,-3.071617
99,2015-12-26 12:01:00,-64.837902,-3.07172
99,2015-12-26 14:00:00,-64.837679,-3.071321
99,2015-12-26 16:02:00,-64.838483,-3.07165
99,2015-12-26 18:01:00,-64.840553,-3.070771
99,2015-12-26 20:02:00,-64.840247,-3.075495
99,2015-12-27 04:03:00,-64.861328,-3.087219
99,2015-12-27 06:01:00,-64.86151,-3.087264
99,2015-12-27 10:00:00,-64.861636,-3.087279
99,2015-12-27 12:02:00,-64.861426,-3.087247
99,2015-12-27 14:02:00,-64.861585,-3.087284
99,2015-12-27 20:01:00,-64.864803,-3.07629
99,2015-12-28 02:02:00,-64.866304,-3.069094
99,2015-12-28 06:01:00,-64.866079,-3.068921
99,2015-12-28 12:01:00,-64.877776,-3.048973
99,2015-12-28 14:02:00,-64.878224,-3.049806
99,2015-12-28 18:01:00,-64.878747,-3.050619
99,2015-12-28 20:01:00,-64.878697,-3.050782
99,2015-12-28 22:01:00,-64.879546,-3.054522
99,2015-12-29 04:01:00,-64.882293,-3.060158
99,2015-12-29 06:02:00,-64.882401,-3.059835
99,2015-12-29 08:02:00,-64.882206,-3.060286
99,2015-12-29 10:00:00,-64.882332,-3.060105
99,2015-12-29 14:01:00,-64.882391,-3.060114
99,2015-12-29 16:02:00,-64.882134,-3.059954
99,2015-12-29 22:01:00,-64.885262,-3.04939
99,2015-12-30 00:00:00,-64.886638,-3.051524
99,2015-12-30 04:02:00,-64.887561,-3.051667
99,2015-12-30 08:01:00,-64.887664,-3.051676
99,2015-12-30 10:02:00,-64.885614,-3.049116
99,2015-12-30 12:01:00,-64.885216,-3.049101
99,2015-12-30 14:01:00,-64.885029,-3.048734
99,2015-12-30 16:01:00,-64.882303,-3.045925
99,2015-12-30 20:02:00,-64.886856,-3.037234
99,2016-01-05 08:01:00,-64.90228,-3.027407
99,2016-01-05 12:01:00,-64.902256,-3.027332
99,2016-01-05 20:01:00,-64.90717,-3.02458
99,2016-01-06 02:01:00,-64.913328,-3.027343
99,2016-01-06 06:01:00,-64.904815,-3.028476
99,2016-01-06 08:00:00,-64.904855,-3.028513
99,2016-01-06 10:01:00,-64.90469,-3.028623
99,2016-01-06 12:00:00,-64.904866,-3.028601
99,2016-01-06 14:01:00,-64.904559,-3.028627
99,2016-01-06 16:00:00,-64.904778,-3.028772
99,2016-01-06 22:01:00,-64.883454,-3.044655
99,2016-01-07 00:00:00,-64.882844,-3.041994
99,2016-01-07 02:02:00,-64.883251,-3.041994
99,2016-01-07 08:01:00,-64.883499,-3.041921
99,2016-01-07 10:01:00,-64.883493,-3.041936
99,2016-01-07 12:00:00,-64.883209,-3.041965
99,2016-01-07 14:02:00,-64.883192,-3.041914
99,2016-01-07 16:01:00,-64.883241,-3.04194
99,2016-01-07 18:01:00,-64.883172,-3.041967
99,2016-01-07 20:02:00,-64.883307,-3.041871
99,2016-01-08 00:02:00,-64.886894,-3.039172
99,2016-01-08 02:02:00,-64.886915,-3.039126
99,2016-01-08 04:01:00,-64.887062,-3.039306
99,2016-01-08 06:00:00,-64.887019,-3.03928
99,2016-01-08 08:01:00,-64.887076,-3.039216
99,2016-01-08 10:01:00,-64.887098,-3.039194
99,2016-01-08 16:01:00,-64.895108,-3.022617
99,2016-01-08 18:01:00,-64.891606,-3.02795
99,2016-01-09 00:03:00,-64.884086,-3.037197
99,2016-01-09 02:02:00,-64.877475,-3.033943
99,2016-01-09 04:01:00,-64.877256,-3.033765
99,2016-01-09 08:00:00,-64.877241,-3.033739
99,2016-01-09 10:01:00,-64.87941,-3.029619
99,2016-01-09 12:02:00,-64.878873,-3.029814
99,2016-01-09 16:00:00,-64.867263,-3.037322
99,2016-01-09 18:01:00,-64.866203,-3.037254
99,2016-01-10 04:02:00,-64.864957,-3.046884
99,2016-01-10 06:01:00,-64.864753,-3.047544
99,2016-01-10 08:00:00,-64.864986,-3.047469
99,2016-01-10 10:01:00,-64.864789,-3.047597
99,2016-01-10 12:01:00,-64.864695,-3.047586
99,2016-01-10 14:01:00,-64.867511,-3.048706
99,2016-01-10 20:02:00,-64.867288,-3.048556
99,2016-01-10 22:02:00,-64.867298,-3.048663
99,2016-01-11 00:02:00,-64.86712,-3.048628
99,2016-01-11 02:01:00,-64.867586,-3.048658
99,2016-01-11 08:00:00,-64.871423,-3.055851
99,2016-01-11 10:01:00,-64.871391,-3.055775
99,2016-01-11 12:01:00,-64.871486,-3.05584
99,2016-01-11 14:01:00,-64.871424,-3.055796
99,2016-01-11 16:01:00,-64.87153,-3.056138
99,2016-01-11 20:01:00,-64.857187,-3.054045
99,2016-01-12 02:01:00,-64.850841,-3.058212
99,2016-01-12 06:01:00,-64.846043,-3.05033
99,2016-01-12 08:00:00,-64.845351,-3.043079
99,2016-01-12 12:02:00,-64.846988,-3.041892
99,2016-01-12 14:01:00,-64.851154,-3.042331
99,2016-01-12 18:03:00,-64.851548,-3.037294
99,2016-01-13 00:02:00,-64.850749,-3.037286
99,2016-01-13 02:00:00,-64.850978,-3.037445
99,2016-01-13 06:01:00,-64.84976,-3.036285
99,2016-01-13 12:00:00,-64.851247,-3.042182
99,2016-01-13 14:01:00,-64.851181,-3.040818
99,2016-01-13 16:02:00,-64.851908,-3.041329
99,2016-01-13 18:01:00,-64.851878,-3.041305
99,2016-01-14 10:01:00,-64.853688,-3.051548
99,2016-01-14 14:01:00,-64.854376,-3.051395
99,2016-01-14 18:00:00,-64.856358,-3.051788
99,2016-01-14 22:02:00,-64.857455,-3.050092
99,2016-01-15 00:02:00,-64.857973,-3.049277
99,2016-01-15 02:01:00,-64.858077,-3.049414
99,2016-01-15 04:02:00,-64.858244,-3.048937
99,2016-01-15 06:01:00,-64.858196,-3.049011
99,2016-01-15 08:00:00,-64.858255,-3.048978
99,2016-01-15 10:01:00,-64.857973,-3.049312
99,2016-01-15 12:01:00,-64.858266,-3.049341
99,2016-01-15 14:01:00,-64.858772,-3.04798
99,2016-01-15 16:01:00,-64.861937,-3.047786
99,2016-01-15 18:02:00,-64.862547,-3.048894
99,2016-01-16 18:01:00,-64.884638,-3.035537
99,2016-01-16 20:01:00,-64.875538,-3.033481
99,2016-01-16 22:02:00,-64.87563,-3.033261
99,2016-01-17 06:00:00,-64.871301,-3.036187
99,2016-01-17 10:00:00,-64.871324,-3.036001
99,2016-01-17 12:01:00,-64.871361,-3.036046
99,2016-01-17 14:01:00,-64.871421,-3.036076
99,2016-01-17 18:01:00,-64.871879,-3.037018
99,2016-01-17 20:02:00,-64.871874,-3.03731
99,2016-01-18 02:00:00,-64.874721,-3.042954
99,2016-01-18 06:01:00,-64.874908,-3.041849
99,2016-01-18 08:00:00,-64.874858,-3.041168
99,2016-01-18 12:00:00,-64.874883,-3.041212
99,2016-01-18 14:01:00,-64.879025,-3.04497
99,2016-01-18 16:01:00,-64.879009,-3.041254
99,2016-01-18 18:02:00,-64.876727,-3.040036
99,2016-01-18 20:02:00,-64.869456,-3.047588
99,2016-01-19 04:01:00,-64.870457,-3.047671
99,2016-01-19 06:00:00,-64.868784,-3.047196
99,2016-01-19 08:01:00,-64.869152,-3.047545
99,2016-01-19 10:01:00,-64.868939,-3.047616
99,2016-01-19 12:01:00,-64.869333,-3.047756
99,2016-01-19 14:02:00,-64.869268,-3.047722
99,2016-01-19 16:01:00,-64.869973,-3.047721
99,2016-01-19 18:01:00,-64.87049,-3.047657
99,2016-01-19 20:02:00,-64.870428,-3.047658
99,2016-01-19 22:01:00,-64.870409,-3.047685
99,2016-01-20 00:01:00,-64.870433,-3.047685
99,2016-01-20 02:01:00,-64.870374,-3.047857
99,2016-01-20 04:01:00,-64.870234,-3.047941
99,2016-01-20 06:00:00,-64.870028,-3.047829
99,2016-01-20 08:01:00,-64.870131,-3.047903
99,2016-01-20 10:01:00,-64.870338,-3.047674
99,2016-01-20 12:01:00,-64.870809,-3.047762
99,2016-01-20 16:01:00,-64.870823,-3.047707
99,2016-01-20 18:02:00,-64.870765,-3.047763
99,2016-01-20 20:00:00,-64.874099,-3.049437
99,2016-01-21 00:02:00,-64.874139,-3.047233
99,2016-01-21 02:02:00,-64.874398,-3.046976
99,2016-01-21 04:00:00,-64.874261,-3.048614
99,2016-01-21 06:01:00,-64.875219,-3.049984
99,2016-01-21 10:00:00,-64.883097,-3.053292
99,2016-01-21 12:01:00,-64.88319,-3.053312
99,2016-01-21 14:01:00,-64.882975,-3.053341
99,2016-01-21 16:01:00,-64.883147,-3.053216
99,2016-01-21 18:02:00,-64.883082,-3.053112
99,2016-01-22 00:01:00,-64.889402,-3.051819
99,2016-01-22 02:00:00,-64.891931,-3.046507
99,2016-01-22 04:00:00,-64.891977,-3.046484
99,2016-01-22 06:00:00,-64.891887,-3.046449
99,2016-01-22 10:00:00,-64.88801,-3.046865
99,2016-01-22 12:00:00,-64.884888,-3.047685
99,2016-01-22 14:02:00,-64.880325,-3.05037
99,2016-01-22 16:01:00,-64.880798,-3.052273
99,2016-01-22 22:00:00,-64.881434,-3.052912
99,2016-01-23 00:02:00,-64.881386,-3.052888
