93,03/14/14 04:00,-64.877105,-3.038135
93,03/14/14 10:02,-64.876807,-3.038255
93,03/14/14 16:00,-64.877153,-3.03809
93,03/14/14 22:00,-64.877072,-3.03821
93,03/15/14 10:01,-64.885507,-3.033158
93,03/15/14 22:00,-64.887686,-3.031688
93,03/16/14 04:00,-64.887788,-3.031543
93,03/16/14 10:00,-64.888473,-3.031137
93,03/16/14 22:00,-64.888699,-3.031063
93,03/17/14 04:00,-64.888955,-3.03231
93,03/17/14 10:01,-64.886187,-3.033822
93,03/17/14 22:00,-64.886215,-3.033063
93,03/18/14 04:02,-64.879131,-3.038117
93,03/18/14 10:01,-64.858988,-3.055827
93,03/18/14 16:01,-64.860149,-3.061158
93,03/19/14 10:00,-64.856348,-3.065276
93,03/20/14 04:00,-64.856865,-3.065576
93,03/20/14 10:00,-64.858464,-3.063364
93,03/20/14 16:01,-64.858319,-3.061604
93,03/21/14 10:01,-64.85287,-3.053182
93,03/21/14 16:01,-64.852853,-3.053228
93,03/21/14 22:01,-64.852804,-3.053295
93,03/22/14 04:00,-64.854644,-3.051432
93,03/22/14 10:01,-64.845433,-3.041538
93,03/22/14 16:01,-64.845734,-3.04091
93,03/22/14 22:02,-64.846087,-3.040576
93,03/23/14 04:00,-64.84413,-3.031678
93,03/23/14 16:00,-64.832733,-3.056607
93,03/23/14 22:01,-64.832657,-3.056687
93,03/25/14 04:01,-64.848737,-3.022774
93,03/25/14 10:00,-64.867467,-2.982191
93,03/25/14 16:00,-64.867225,-2.982062
93,03/25/14 22:01,-64.867833,-2.982134
93,03/26/14 10:00,-64.841446,-2.967679
93,03/26/14 16:01,-64.841179,-2.97884
93,03/26/14 22:01,-64.841174,-2.978939
93,03/27/14 04:03,-64.850137,-2.986542
93,03/27/14 16:01,-64.82001,-3.026823
93,03/28/14 10:00,-64.793374,-3.070651
93,03/28/14 16:01,-64.788907,-3.075709
93,03/28/14 22:00,-64.788864,-3.075769
93,03/29/14 04:03,-64.800494,-3.070019
93,03/29/14 10:02,-64.800122,-3.077272
93,03/29/14 16:03,-64.800801,-3.077138
93,03/29/14 22:01,-64.801697,-3.079345
93,03/30/14 04:02,-64.800423,-3.085492
93,03/31/14 04:00,-64.793741,-3.096356
93,03/31/14 10:01,-64.79386,-3.107163
93,03/31/14 22:00,-64.794894,-3.105254
93,04/01/14 04:01,-64.78957,-3.094597
93,04/01/14 10:02,-64.796758,-3.086742
93,04/01/14 16:02,-64.796756,-3.086584
93,04/02/14 10:01,-64.803615,-3.096635
93,04/02/14 16:01,-64.803457,-3.098497
93,04/03/14 04:03,-64.80283,-3.115164
93,04/03/14 10:02,-64.801826,-3.110866
93,04/03/14 16:01,-64.801627,-3.110523
93,04/03/14 22:01,-64.801564,-3.110046
93,04/04/14 10:00,-64.806337,-3.097308
93,04/04/14 16:01,-64.831866,-3.098838
93,04/05/14 04:01,-64.833393,-3.103597
93,04/05/14 10:01,-64.84539,-3.096214
93,04/05/14 16:02,-64.857759,-3.088129
93,04/05/14 22:03,-64.856116,-3.088172
93,04/06/14 10:02,-64.865837,-3.090578
93,04/06/14 22:01,-64.859979,-3.082253
93,04/07/14 10:01,-64.862329,-3.071715
93,04/07/14 16:00,-64.862281,-3.071849
93,04/08/14 04:02,-64.866634,-3.080211
93,04/08/14 22:01,-64.866634,-3.093862
93,04/09/14 04:02,-64.865546,-3.094265
93,04/09/14 10:01,-64.86557,-3.094415
93,04/09/14 16:02,-64.8655,-3.094052
93,04/09/14 22:02,-64.865386,-3.094105
93,04/10/14 04:00,-64.855249,-3.097182
93,04/10/14 10:00,-64.852852,-3.095017
93,04/10/14 22:01,-64.855251,-3.092935
93,04/11/14 04:01,-64.842296,-3.096182
93,04/11/14 10:01,-64.821983,-3.094637
93,04/11/14 16:02,-64.824996,-3.09954
93,04/11/14 22:02,-64.825025,-3.099351
93,04/12/14 16:01,-64.808302,-3.08494
93,04/12/14 22:01,-64.808277,-3.084781
93,04/13/14 04:00,-64.809093,-3.081388
93,04/13/14 10:00,-64.811703,-3.072262
93,04/13/14 16:01,-64.808869,-3.075243
93,04/13/14 22:00,-64.808729,-3.075272
93,04/14/14 10:01,-64.807435,-3.078063
93,04/14/14 16:02,-64.808378,-3.075947
93,04/14/14 22:01,-64.808414,-3.075809
93,04/15/14 04:00,-64.807176,-3.078031
93,04/15/14 10:00,-64.807179,-3.078019
93,04/16/14 10:01,-64.806998,-3.078289
93,04/17/14 04:00,-64.807231,-3.077781
93,04/17/14 10:01,-64.807336,-3.077746
93,04/17/14 16:02,-64.808431,-3.075679
93,04/17/14 22:02,-64.808336,-3.075541
93,04/18/14 04:01,-64.80736,-3.077742
93,04/18/14 10:02,-64.80718,-3.077818
93,04/18/14 22:02,-64.808442,-3.075496
93,04/19/14 04:00,-64.807593,-3.077902
93,04/19/14 10:02,-64.808151,-3.076128
93,04/19/14 22:01,-64.808377,-3.075626
93,04/20/14 04:00,-64.808895,-3.07526
93,04/20/14 10:01,-64.807283,-3.077609
93,04/20/14 16:01,-64.802478,-3.073036
93,04/21/14 04:00,-64793.0,-3.078133
93,04/21/14 10:01,-64.793052,-3.078095
93,04/21/14 22:00,-64.791711,-3.083604
93,04/22/14 04:01,-64.788267,-3.090155
93,04/22/14 10:01,-64.783974,-3.099092
93,04/22/14 16:00,-64.784014,-3.09907
93,04/22/14 22:01,-64.784149,-3.099117
93,04/23/14 04:00,-64.789089,-3.100055
93,04/23/14 10:00,-64.788877,-3.099905
93,04/23/14 22:02,-64.790261,-3.092808
93,04/24/14 04:02,-64.783949,-3.090476
93,04/24/14 10:00,-64.789562,-3.074051
93,04/24/14 22:00,-64.795727,-3.065478
93,04/25/14 10:01,-64.811569,-3.037831
93,04/26/14 04:03,-64.841961,-3.028398
93,04/26/14 10:01,-64.855123,-2.989565
93,04/26/14 16:00,-64.846483,-2.982523
93,04/27/14 10:02,-64.833818,-2.977842
93,04/27/14 22:02,-64.833806,-2.977754
93,04/28/14 10:02,-64.837177,-2.99225
93,04/30/14 04:01,-64.837569,-2.999746
93,04/30/14 10:02,-64.834909,-2.981649
93,04/30/14 16:01,-64.833409,-2.979756
93,04/30/14 22:00,-64.833453,-2.979476
93,05/01/14 04:01,-64.82895,-2.979175
93,05/01/14 16:00,-64831.0,-2988.0
93,05/01/14 22:01,-64.830896,-2.987867
93,05/02/14 04:00,-64.832618,-2.990272
93,05/02/14 10:02,-64.83543,-2.988845
93,05/02/14 16:01,-64.835626,-2.989117
93,05/03/14 04:00,-64.839154,-2.987759
93,05/03/14 16:01,-64.830711,-2.980263
93,05/03/14 22:01,-64.83033,-2.979813
93,05/04/14 04:01,-64.829903,-2.980113
93,05/04/14 10:00,-64.830565,-2.980178
93,05/04/14 22:03,-64.830683,-2.979983
93,05/05/14 10:02,-64.831508,-2.981403
93,05/05/14 16:02,-64.831469,-2.98125
93,05/05/14 22:00,-64.831694,-2.981096
93,05/06/14 04:01,-64.832182,-2.995299
93,05/06/14 10:00,-64.832751,-3.000265
93,05/06/14 16:00,-64.832899,-2.999695
93,05/06/14 22:00,-64.832962,-2.999766
93,05/07/14 22:02,-64.843281,-2.99708
93,05/08/14 04:00,-64.840703,-2.990427
93,05/08/14 10:01,-64.836129,-2.981546
93,05/08/14 16:00,-64.835853,-2.980421
93,05/08/14 22:00,-64.835789,-2.97903
93,05/09/14 10:00,-64.840737,-3.02246
93,05/09/14 16:00,-64.825374,-3.037745
93,05/09/14 22:00,-64.825191,-3.037738
93,05/10/14 04:00,-64.816822,-3.05414
93,05/10/14 10:00,-64.816832,-3.054384
93,05/10/14 16:00,-64.816597,-3.054742
93,05/10/14 22:00,-64.816934,-3.054207
93,05/11/14 10:01,-64.814839,-3.067242
93,05/11/14 16:00,-64.814436,-3.067088
93,05/12/14 04:01,-64.80395,-3.064296
93,05/12/14 10:02,-64.781814,-3.09382
93,05/12/14 22:00,-64.781815,-3.093753
93,05/13/14 04:00,-64.781977,-3.093704
93,05/13/14 16:00,-64.784392,-3.098594
93,05/13/14 22:00,-64.784323,-3.098518
93,05/14/14 04:01,-64.78406,-3.099108
93,05/14/14 10:00,-64.784627,-3.101672
93,05/14/14 16:00,-64.784676,-3.101623
93,05/14/14 22:00,-64.786217,-3.097904
93,05/15/14 04:00,-64.786139,-3.097685
93,05/15/14 10:01,-64.79195,-3.101194
93,05/15/14 16:00,-64.791808,-3.101317
93,05/15/14 22:01,-64.791784,-3.101349
93,05/16/14 04:01,-64.788819,-3.109455
93,05/16/14 10:00,-64.789422,-3.108549
93,05/16/14 16:00,-64.789612,-3.108886
93,05/16/14 22:00,-64.789511,-3.108593
93,05/17/14 04:02,-64.795966,-3.102338
93,05/17/14 10:00,-64.791898,-3.101287
93,05/17/14 16:00,-64.791882,-3.101343
93,05/17/14 22:00,-64.79184,-3.101323
93,05/18/14 04:00,-64.787651,-3.102481
93,05/18/14 10:00,-64.784237,-3.101498
93,05/18/14 16:00,-64.784276,-3.101584
93,05/18/14 22:01,-64.784654,-3.101589
93,05/19/14 04:01,-64.782909,-3.10531
93,05/19/14 10:00,-64.775409,-3.106239
93,05/19/14 16:00,-64.772518,-3.102278
93,05/19/14 22:01,-64.7725,-3.102276
93,05/20/14 10:00,-64.766054,-3.084755
93,05/20/14 16:00,-64.766138,-3.084701
93,05/20/14 22:00,-64.767714,-3.083347
93,05/21/14 04:00,-64.767873,-3.08881
93,05/21/14 10:00,-64.768297,-3.088032
93,05/21/14 16:01,-64.768369,-3.088113
93,05/21/14 22:01,-64.768225,-3.088361
93,05/22/14 04:00,-64.767787,-3.088559
93,05/22/14 10:01,-64.767707,-3.088535
93,05/22/14 16:00,-64.767696,-3.088663
93,05/22/14 22:00,-64.767773,-3.088551
93,05/23/14 04:01,-64.768075,-3.088427
93,05/23/14 10:00,-64.777398,-3.081962
93,05/23/14 16:00,-64.788474,-3.079859
93,05/23/14 22:00,-64.788477,-3.079875
93,05/24/14 04:00,-64.797435,-3.071331
93,05/24/14 10:00,-64.797388,-3.07135
93,05/24/14 16:00,-64.79744,-3.071274
93,05/24/14 22:00,-64.797395,-3.071341
93,05/25/14 10:00,-64.812004,-3.067784
93,05/25/14 16:00,-64.812073,-3.067777
93,05/25/14 22:00,-64.812075,-3.06779
93,05/26/14 04:00,-64.818339,-3.06406
93,05/26/14 10:00,-64.818422,-3.064113
93,05/26/14 16:00,-64.81845,-3.064086
93,05/26/14 22:00,-64.818449,-3.06409
93,05/27/14 04:00,-64.82776,-3.058455
93,05/27/14 10:00,-64.834464,-3.044894
93,05/27/14 16:00,-64.83446,-3.044913
93,05/27/14 22:00,-64.8344,-3.044884
93,05/28/14 04:01,-64.82658,-3.035155
93,05/28/14 10:00,-64.821003,-3.034257
93,05/28/14 16:00,-64.820644,-3.033345
93,05/28/14 22:00,-64.820534,-3.03329
93,05/29/14 10:01,-64.828411,-3.029608
93,05/29/14 16:00,-64.828748,-3.029407
93,05/29/14 22:00,-64.828735,-3.029459
93,05/30/14 04:00,-64.82962,-3.019867
93,05/30/14 10:00,-64.819681,-3.02386
93,05/30/14 16:00,-64.819722,-3.023823
93,05/30/14 22:00,-64.819688,-3.023834
93,05/31/14 04:03,-64.824979,-3.015062
93,05/31/14 10:00,-64.838584,-3.011707
93,05/31/14 16:00,-64.838468,-3.011717
93,05/31/14 22:00,-64.838444,-3.011745
93,06/01/14 04:01,-64.841705,-3.012366
93,06/01/14 16:00,-64.838981,-3.015018
93,06/01/14 22:00,-64.839088,-3.015013
93,06/02/14 04:00,-64.8481,-3.012691
93,06/02/14 10:00,-64.848802,-3.012308
93,06/02/14 16:00,-64.848712,-3.01232
93,06/02/14 22:00,-64.84882,-3.012353
93,06/03/14 04:00,-64.855331,-3.009256
93,06/03/14 10:00,-64.861683,-2.997942
93,06/03/14 16:00,-64.862987,-2.998435
93,06/03/14 22:00,-64.859102,-2.989624
93,06/04/14 10:00,-64.850866,-2.992039
93,06/04/14 16:00,-64.850868,-2.99201
93,06/04/14 22:00,-64.850826,-2.99198
93,06/05/14 10:00,-64.843928,-3.020274
93,06/05/14 16:00,-64.843999,-3.020206
93,06/05/14 22:00,-64.843873,-3.020248
93,06/06/14 10:00,-64.81452,-3.033815
93,06/06/14 16:00,-64.814477,-3.033701
93,06/06/14 22:00,-64.814852,-3.033961
93,06/07/14 04:01,-64.81536,-3.033509
93,06/07/14 10:00,-64.815614,-3.032854
93,06/07/14 16:01,-64.815191,-3.03301
93,06/07/14 22:00,-64.81513,-3.033114
93,06/08/14 04:01,-64.80715,-3.033995
93,06/08/14 16:00,-64.806562,-3.043914
93,06/08/14 22:00,-64.806805,-3.043978
93,06/09/14 04:00,-64.806554,-3.053243
93,06/09/14 10:00,-64.807523,-3.057029
93,06/09/14 16:01,-64.811711,-3.066815
93,06/09/14 22:00,-64.811644,-3.066935
93,06/10/14 04:00,-64.808716,-3.077084
93,06/10/14 10:01,-64.809086,-3.076874
93,06/10/14 16:00,-64.820034,-3.074023
93,06/10/14 22:00,-64.819948,-3.073925
93,06/11/14 04:00,-64.824845,-3.072416
93,06/11/14 10:00,-64.824827,-3.072492
93,06/11/14 16:01,-64.824277,-3.074185
93,06/11/14 22:02,-64.824312,-3.074138
93,06/12/14 10:00,-64.834574,-3.070323
93,06/12/14 16:00,-64.837847,-3.071476
93,06/12/14 22:00,-64.837774,-3.071442
93,06/13/14 04:00,-64.839735,-3.078115
93,06/13/14 10:01,-64.835337,-3.079169
93,06/13/14 16:00,-64.835356,-3.079151
93,06/13/14 22:00,-64.835566,-3.079112
93,06/14/14 04:00,-64.833739,-3.078977
93,06/14/14 10:00,-64.832742,-3.079346
93,06/14/14 16:00,-64.827323,-3.079302
93,06/14/14 22:00,-64.827252,-3.079222
93,06/15/14 04:00,-64.826725,-3.083399
93,06/15/14 10:00,-64.826765,-3.08346
93,06/15/14 16:00,-64.826779,-3.083472
93,06/15/14 22:00,-64.822981,-3.086851
93,06/16/14 04:01,-64.81731,-3.090345
93,06/16/14 10:00,-64.812097,-3.098417
93,06/16/14 16:00,-64.812059,-3.098327
93,06/16/14 22:00,-64.812052,-3.098374
93,06/17/14 04:00,-64.811202,-3.100443
93,06/17/14 10:01,-64.811213,-3.10046
93,06/17/14 16:00,-64.814563,-3.10307
93,06/17/14 22:00,-64.815782,-3.104841
93,06/18/14 04:00,-64.815715,-3.104942
93,06/18/14 10:00,-64.817326,-3.10691
93,06/18/14 16:00,-64.816859,-3.106891
93,06/18/14 22:00,-64.816793,-3.106875
93,06/19/14 04:00,-64.816919,-3.10644
93,06/19/14 10:00,-64.816353,-3.105966
93,06/19/14 16:00,-64.816363,-3.105927
93,06/19/14 22:00,-64.816443,-3.105961
93,06/20/14 04:03,-64.819492,-3.104854
93,06/20/14 10:00,-64.81749,-3.104949
93,06/20/14 16:00,-64.816618,-3.104988
93,06/20/14 22:00,-64.816415,-3.10503
93,06/21/14 04:00,-64.81525,-3.102401
93,06/21/14 10:00,-64.815215,-3.10231
93,06/21/14 16:00,-64.815243,-3.102389
93,06/21/14 22:00,-64.815223,-3.10234
93,06/22/14 04:00,-64.815204,-3.102212
93,06/22/14 10:00,-64.815249,-3.102319
93,06/22/14 16:00,-64.814384,-3.105068
93,06/22/14 22:00,-64.814421,-3.105092
93,06/23/14 04:00,-64.810392,-3.101396
93,06/23/14 10:00,-64.810788,-3.101088
93,06/23/14 16:00,-64.810951,-3.101059
93,06/23/14 22:00,-64.810979,-3.101162
93,06/24/14 04:00,-64.812742,-3.099237
93,06/24/14 10:00,-64.814533,-3.100323
93,06/24/14 16:01,-64.814615,-3.100326
93,06/24/14 22:00,-64.814553,-3.100338
93,06/25/14 04:01,-64.815268,-3.09093
93,06/25/14 10:00,-64.815097,-3.092755
93,06/25/14 16:00,-64.815042,-3.092716
93,06/25/14 22:02,-64.815008,-3.09262
93,06/26/14 04:02,-64.801983,-3.089114
93,06/26/14 10:01,-64.802682,-3.089315
93,06/26/14 16:00,-64.793185,-3.088282
93,06/26/14 22:00,-64.794047,-3.088433
93,06/27/14 04:01,-64.794018,-3.08844
93,06/27/14 10:00,-64.79364,-3.088404
93,06/27/14 16:00,-64.793652,-3.088408
93,06/27/14 22:00,-64.79364,-3.088446
93,06/28/14 04:01,-64.791942,-3.101392
93,06/28/14 10:02,-64.791725,-3.101341
93,06/28/14 16:00,-64.791972,-3.10308
93,06/28/14 22:00,-64.79196,-3.103094
93,06/29/14 04:00,-64.787778,-3.107685
93,06/29/14 10:01,-64.77972,-3.110542
93,06/29/14 16:00,-64.779679,-3.110581
93,06/29/14 22:00,-64.779498,-3.110488
93,06/30/14 04:02,-64.779719,-3.110504
93,06/30/14 10:00,-64.77956,-3.109894
93,06/30/14 16:00,-64.779606,-3.109884
93,06/30/14 22:00,-64.779551,-3.109937
93,07/01/14 04:00,-64.779498,-3.109913
93,07/01/14 10:00,-64.779588,-3.10984
93,07/01/14 16:00,-64.784069,-3.101486
93,07/01/14 22:00,-64.784154,-3.101489
93,07/02/14 04:00,-64.784099,-3.101506
93,07/02/14 10:00,-64.784062,-3.101465
93,07/02/14 16:00,-64.784044,-3.101389
93,07/02/14 22:00,-64.784089,-3.101452
93,07/03/14 04:01,-64.788366,-3.089991
93,07/03/14 10:00,-64.790731,-3.080629
93,07/03/14 16:01,-64.789968,-3.078502
93,07/03/14 22:01,-64.789869,-3.078544
93,07/04/14 04:01,-64.789877,-3.073711
93,07/04/14 10:00,-64.792988,-3.076033
93,07/04/14 16:01,-64.792975,-3076.0
93,07/04/14 22:00,-64.793011,-3.07601
93,07/05/14 04:00,-64.805031,-3.067774
93,07/05/14 10:00,-64.81219,-3.067831
93,07/05/14 16:00,-64.812181,-3.067804
93,07/05/14 22:00,-64.812148,-3.067768
93,07/06/14 04:00,-64.816168,-3.067378
93,07/06/14 10:00,-64.819621,-3.06332
93,07/06/14 16:00,-64.816869,-3.054197
93,07/06/14 22:01,-64.817025,-3.054192
93,07/07/14 10:00,-64.824906,-3.053334
93,07/07/14 16:01,-64.825031,-3.053295
93,07/07/14 22:00,-64.825203,-3.050495
93,07/08/14 10:00,-64.832833,-3.049329
93,07/08/14 16:00,-64.840149,-3.039355
93,07/08/14 22:00,-64.840155,-3.039392
93,07/09/14 04:00,-64.840168,-3.039371
93,07/09/14 10:00,-64.840096,-3.039645
93,07/09/14 16:00,-64.840144,-3.039338
93,07/09/14 22:00,-64.840135,-3.039228
93,07/10/14 04:03,-64.838233,-3.035928
93,07/10/14 10:01,-64.830163,-3.028597
93,07/10/14 16:00,-64.828628,-3.02937
93,07/10/14 22:00,-64.82862,-3.029421
93,07/11/14 04:00,-64.829989,-3.029104
93,07/11/14 10:00,-64.840509,-3.022385
93,07/11/14 16:00,-64.840531,-3.022336
93,07/11/14 22:00,-64.840455,-3.022447
93,07/12/14 04:00,-64.845616,-3.019472
93,07/12/14 10:00,-64.846579,-3.018218
93,07/12/14 16:01,-64.845467,-3.013924
93,07/12/14 22:01,-64.845313,-3.01418
93,07/13/14 10:01,-64.878238,-3.018595
93,07/13/14 16:00,-64.878244,-3.018386
93,07/13/14 22:00,-64.878389,-3.018378
93,07/14/14 04:02,-64.883486,-3.013524
93,07/14/14 10:00,-64.884091,-3.017006
93,07/14/14 16:00,-64.884229,-3.016539
93,07/14/14 22:00,-64.884202,-3.016556
93,07/15/14 10:00,-64.893604,-3.005482
93,07/15/14 16:00,-64.891211,-3.004856
93,07/15/14 22:01,-64.886327,-3.012705
93,07/16/14 04:00,-64.886423,-3.01277
93,07/16/14 10:00,-64.886418,-3.012784
93,07/16/14 16:00,-64.886478,-3.012759
93,07/16/14 22:00,-64.886537,-3.0128
93,07/17/14 04:00,-64.883984,-3.017031
93,07/17/14 10:00,-64.884065,-3.017009
93,07/17/14 16:00,-64.884069,-3.017023
93,07/17/14 22:00,-64.884119,-3.017024
93,07/18/14 04:02,-64.886343,-3.024091
93,07/18/14 10:01,-64.874864,-3.028401
93,07/18/14 16:00,-64.874439,-3.03268
93,07/18/14 22:00,-64.874358,-3.032648
93,07/19/14 04:01,-64.870874,-3.035148
93,07/19/14 10:01,-64.870765,-3.035518
93,07/19/14 16:00,-64.869198,-3.036298
93,07/19/14 22:00,-64.8691,-3.036275
93,07/20/14 04:01,-64.857577,-3.032233
93,07/20/14 10:00,-64.853637,-3.027183
93,07/20/14 16:00,-64.853425,-3.027274
93,07/20/14 22:00,-64.853036,-3.026919
93,07/21/14 04:00,-64.851899,-3.026175
93,07/21/14 10:00,-64.851988,-3.026218
93,07/21/14 16:01,-64.838247,-3.035864
93,07/21/14 22:00,-64.838239,-3.035868
93,07/22/14 04:01,-64.840768,-3.039327
93,07/22/14 10:00,-64.840754,-3.039385
93,07/22/14 16:00,-64.84116,-3.039567
93,07/22/14 22:00,-64.84078,-3.039373
93,07/23/14 04:02,-64.845674,-3.04006
93,07/23/14 10:01,-64.851429,-3.039018
93,07/23/14 16:00,-64.851511,-3.039075
93,07/23/14 22:01,-64.85155,-3.03905
93,07/24/14 04:01,-64.851451,-3.038996
93,07/24/14 10:00,-64.859035,-3.032096
93,07/24/14 16:01,-64.866134,-3.027479
93,07/24/14 22:00,-64.86607,-3.027408
93,07/25/14 04:00,-64.869145,-3.035061
93,07/25/14 10:00,-64.876153,-3.028041
93,07/25/14 16:00,-64.876276,-3.028101
93,07/25/14 22:00,-64.882855,-3.019395
93,07/26/14 04:00,-64.881278,-3.023664
93,07/26/14 10:00,-64.869399,-3.030051
93,07/26/14 16:00,-64.869494,-3.030065
93,07/26/14 22:00,-64.866056,-3.027414
93,07/27/14 04:00,-64.866043,-3.027582
93,07/27/14 10:02,-64.866088,-3.027398
93,07/27/14 16:00,-64.866107,-3.0274
93,07/27/14 22:00,-64.866053,-3.027375
93,07/28/14 04:02,-64.864461,-3.025889
93,07/28/14 10:00,-64.852653,-3.026355
93,07/28/14 16:00,-64.852766,-3.026107
93,07/28/14 22:00,-64.852486,-3.026127
93,07/29/14 10:00,-64.851319,-3.026525
93,07/29/14 16:01,-64.837988,-3.030945
93,07/29/14 22:01,-64.837833,-3.031221
93,07/30/14 04:03,-64.827622,-3.034741
93,07/30/14 10:00,-64.827392,-3.036098
93,07/31/14 10:01,-64.827218,-3.041065
93,07/31/14 16:01,-64.827212,-3.040885
93,07/31/14 22:00,-64.827354,-3.040747
93,08/01/14 10:01,-64.849259,-3.023222
93,08/01/14 16:00,-64.845419,-3.013946
93,08/01/14 22:00,-64.845324,-3.013943
93,08/02/14 10:00,-64.847048,-2.996051
93,08/02/14 16:00,-64.844513,-2.989852
93,08/03/14 04:02,-64.856607,-2.998411
93,08/03/14 10:00,-64.870154,-2.99047
93,08/03/14 16:00,-64.870208,-2.990458
93,08/03/14 22:00,-64.876099,-2.993254
93,08/04/14 04:00,-64.874921,-3.00117
93,08/04/14 10:00,-64.874945,-3.00125
93,08/04/14 16:00,-64.874965,-3.001269
93,08/04/14 22:00,-64.877659,-3.006179
93,08/05/14 04:01,-64.883547,-3.013637
93,08/05/14 10:00,-64.880544,-3.016767
93,08/05/14 16:00,-64.880626,-3.016745
93,08/05/14 22:00,-64.880621,-3.01673
93,08/06/14 10:00,-64.858052,-3.019636
93,08/06/14 22:01,-64.855434,-3.004498
93,08/07/14 04:01,-64.855517,-3.004551
93,08/07/14 10:00,-64.855599,-3.00442
93,08/08/14 04:00,-64.857248,-2.994874
93,08/08/14 10:01,-64.857151,-2.994834
93,08/08/14 16:01,-64.854327,-2.987887
93,08/08/14 22:01,-64.841298,-2.979564
93,08/09/14 10:02,-64.846707,-3.002686
93,08/09/14 16:01,-64.841719,-3.014238
93,08/10/14 10:00,-64.866395,-3.023531
93,08/10/14 16:00,-64.866349,-3.023597
93,08/10/14 22:00,-64.865992,-3.027341
93,08/11/14 04:00,-64.866076,-3.027408
93,08/11/14 10:00,-64.865012,-3.02752
93,08/11/14 16:00,-64.866058,-3.027419
93,08/11/14 22:02,-64.878306,-3.021796
93,08/12/14 04:01,-64.888041,-3.001347
93,08/12/14 16:02,-64.842723,-2.980117
93,08/12/14 22:01,-64.842772,-2.98064
93,08/13/14 04:01,-64.842827,-2.980746
93,08/13/14 10:01,-64.842481,-2.980589
93,08/13/14 16:01,-64.842479,-2.980554
93,08/13/14 22:00,-64.840955,-2.97944
93,08/14/14 04:00,-64.840971,-2.979384
93,08/14/14 10:01,-64.841063,-2.97956
93,08/14/14 16:00,-64.84094,-2.979388
93,08/14/14 22:01,-64.841056,-2.979473
93,08/15/14 04:00,-64.84094,-2.979545
93,08/15/14 10:00,-64.841138,-2.979021
93,08/15/14 16:00,-64.841127,-2.979062
93,08/15/14 22:00,-64.84165,-2.979054
93,08/16/14 04:01,-64.843197,-3.017124
93,08/16/14 22:01,-64.839476,-3.016162
93,08/17/14 04:01,-64.839526,-3.016272
93,08/17/14 10:01,-64.839392,-3.016151
93,08/17/14 16:01,-64.839628,-3.016045
93,08/17/14 22:01,-64.839561,-3.016169
93,08/18/14 04:01,-64.839147,-3.016112
93,08/18/14 10:02,-64.839583,-3.01604
93,08/18/14 16:01,-64.839512,-3.016133
93,08/18/14 22:00,-64.839511,-3.016229
93,08/19/14 04:01,-64.839554,-3.016206
93,08/19/14 10:02,-64.839488,-3.016223
93,08/19/14 22:01,-64.845915,-3.007536
93,08/20/14 10:01,-64.865456,-2.991269
93,08/20/14 22:01,-64.888229,-2.968303
93,08/21/14 16:01,-64.909375,-2.973195
93,08/21/14 22:01,-64.909539,-2.973102
93,08/22/14 04:03,-64.907275,-2.975486
93,08/23/14 04:03,-64.909828,-2.971511
93,08/24/14 22:00,-64.904504,-2.938404
93,08/25/14 04:02,-64.897669,-2.958839
93,08/25/14 22:01,-64.88202,-2.970459
93,08/26/14 10:00,-64.868063,-2.996698
93,08/27/14 16:01,-64.848641,-3.030671
93,08/27/14 22:01,-64.848796,-3.030873
93,08/28/14 04:01,-64.854879,-3.017743
93,08/28/14 10:00,-64.867262,-2.974943
93,08/28/14 16:01,-64.86733,-2.974848
93,08/28/14 22:01,-64.867545,-2.975172
93,08/29/14 04:00,-64.867337,-2.975415
93,08/29/14 10:00,-64.869615,-2.974845
93,08/29/14 16:02,-64.870898,-2.974622
93,08/29/14 22:00,-64.882269,-2.970119
93,08/30/14 10:01,-64.91278,-2.966595
93,08/30/14 16:00,-64.912078,-2.965716
93,08/30/14 22:00,-64.912047,-2.965764
93,08/31/14 16:00,-64.912084,-2.965696
93,08/31/14 22:01,-64.912122,-2.96601
93,09/01/14 10:00,-64.903769,-2.967844
93,09/02/14 04:00,-64.912101,-2.966263
93,09/02/14 10:02,-64.909436,-2.967919
93,09/02/14 16:00,-64.87327,-2.973788
93,09/02/14 22:01,-64.873222,-2.973516
93,09/03/14 04:01,-64.873839,-2.974575
93,09/03/14 10:01,-64.873321,-2.974528
93,09/03/14 16:01,-64.872508,-2.974367
93,09/03/14 22:00,-64.871941,-2.975322
93,09/04/14 04:01,-64.871472,-2.975519
93,09/04/14 10:00,-64.870782,-2.975126
93,09/04/14 16:01,-64.869929,-2.975754
93,09/04/14 22:00,-64.866466,-2.982084
93,09/05/14 04:01,-64.867179,-2.988392
93,09/05/14 10:02,-64.867998,-2.990898
93,09/05/14 16:00,-64.871436,-2.991412
93,09/05/14 22:00,-64.869352,-2.989626
93,09/06/14 04:00,-64.868195,-2.986459
93,09/06/14 10:00,-64.911005,-2.962197
93,09/06/14 22:00,-64.912386,-2.948268
93,09/07/14 04:02,-64.904798,-2.946827
93,09/07/14 10:03,-64.875722,-2.955219
93,09/07/14 16:00,-64.859132,-2.962816
93,09/07/14 22:00,-64.857426,-2.96258
93,09/08/14 16:02,-64.837381,-3.000253
93,09/08/14 22:03,-64.83738,-2.999827
93,09/09/14 16:00,-64.849283,-2.977455
93,09/10/14 04:02,-64.871961,-2.966151
93,09/10/14 22:01,-64.873262,-2.963853
93,09/11/14 10:01,-64.827706,-2.999852
93,09/11/14 16:00,-64.833001,-2.992409
93,09/12/14 10:01,-64.865335,-3.009008
93,09/12/14 16:00,-64.866468,-3.00959
93,09/12/14 22:00,-64.869886,-3.011621
93,09/13/14 04:01,-64.879697,-3.010268
93,09/13/14 16:02,-64.877247,-3.016939
93,09/14/14 04:01,-64.877306,-3.025395
93,09/14/14 10:00,-64.868845,-3.027482
93,09/14/14 22:00,-64.868314,-3.02576
93,09/15/14 04:00,-64.867907,-3.025472
93,09/16/14 16:00,-64.823512,-3.073456
93,09/17/14 10:00,-64.817153,-3.035029
93,09/18/14 04:02,-64.846433,-3.025011
93,09/18/14 16:02,-64.846883,-2.982237
93,09/19/14 22:01,-64.905164,-2.948935
93,09/20/14 04:01,-64.883198,-2.968003
93,09/20/14 10:00,-64.884436,-2.971519
93,09/20/14 16:00,-64.884187,-2.971338
93,09/20/14 22:00,-64.892831,-2.991085
93,09/21/14 10:01,-64.856403,-3.006442
93,09/21/14 22:01,-64.856486,-3.006276
93,09/22/14 04:00,-64.856326,-3.006403
93,09/22/14 16:03,-64.852057,-2.986624
93,09/23/14 10:02,-64.836006,-3.019185
93,09/23/14 16:00,-64.834898,-3.01838
93,09/23/14 22:00,-64.823612,-3.0225
93,09/24/14 10:02,-64.816281,-3.026334
93,09/24/14 16:00,-64.833532,-3.020991
93,09/24/14 22:00,-64.836025,-3.018934
93,09/25/14 04:03,-64.844118,-2.961272
93,09/25/14 10:01,-64.852843,-2.956797
93,09/25/14 16:01,-64.876149,-2.996027
93,09/26/14 16:00,-64.852424,-3.022103
93,09/26/14 22:00,-64.85156,-3.023436
93,09/27/14 04:00,-64.856809,-3.029863
93,09/27/14 16:00,-64.862165,-3.024026
93,09/27/14 22:01,-64.867418,-2.997293
93,09/28/14 04:00,-64.861025,-2.97098
93,09/28/14 10:00,-64.840232,-2.992567
93,09/28/14 16:00,-64.842043,-3.008688
93,09/29/14 10:02,-64.837919,-3.01819
93,09/29/14 16:00,-64.839811,-3.016423
93,09/30/14 04:02,-64.845698,-3.00402
93,09/30/14 10:02,-64.845653,-3.00402
93,09/30/14 16:01,-64.84571,-3.003879
93,09/30/14 22:03,-64.841565,-2.989827
93,10/01/14 10:01,-64.86456,-2.972758
93,10/01/14 16:00,-64.875028,-2.971743
93,10/02/14 04:01,-64.890034,-2.988522
93,10/02/14 10:00,-64.88756,-2.996308
93,10/02/14 22:00,-64.889919,-3.007251
93,10/03/14 10:00,-64.896099,-2.98409
93,10/03/14 16:00,-64.897186,-2.982188
93,10/03/14 22:01,-64.897396,-2.980872
93,10/04/14 10:00,-64.880104,-2.999052
93,10/04/14 16:01,-64.87562,-3.000828
93,10/04/14 22:00,-64.875991,-3.000525
93,10/05/14 04:02,-64.875759,-3.000942
93,10/05/14 10:00,-64.875894,-3.000733
93,10/05/14 16:00,-64.875797,-3.000894
93,10/05/14 22:03,-64.867328,-2.986961
93,10/06/14 04:00,-64.88935,-2.986194
93,10/06/14 10:01,-64.886867,-2.990961
93,10/06/14 16:01,-64.886011,-2.989316
93,10/07/14 10:03,-64.881592,-2.969667
93,10/07/14 16:00,-64.876546,-2.971545
93,10/08/14 10:01,-64.874432,-2.975189
93,10/08/14 16:03,-64.877212,-2.976782
93,10/08/14 22:01,-64.881036,-2.971277
93,10/09/14 04:02,-64.868664,-2.988121
93,10/09/14 10:01,-64.881526,-2.983284
93,10/09/14 16:00,-64.88155,-2.983176
93,10/09/14 22:01,-64.885626,-2.990242
93,10/10/14 10:01,-64.882753,-2.995123
93,10/10/14 16:00,-64.882736,-2.995025
93,10/10/14 22:01,-64.882592,-2.994823
93,10/11/14 04:02,-64.882679,-2.995032
93,10/11/14 10:01,-64.882534,-2.994965
93,10/11/14 16:01,-64.883009,-2.994973
93,10/12/14 04:01,-64.881017,-3.002777
93,10/12/14 10:01,-64.881083,-3.003807
93,10/12/14 16:00,-64.873354,-3.013155
93,10/12/14 22:00,-64.87356,-3.015519
93,10/13/14 04:01,-64.864824,-3.021499
93,10/13/14 10:00,-64.862277,-3.023879
93,10/13/14 16:00,-64.862245,-3.023791
93,10/13/14 22:01,-64.852282,-3.020657
93,10/14/14 16:00,-64.852775,-2.98617
93,10/14/14 22:01,-64.856581,-2.99321
93,10/15/14 04:01,-64.856489,-2.993628
93,10/15/14 10:00,-64.853368,-2.984787
93,10/15/14 16:01,-64.848644,-2.982541
93,10/16/14 04:01,-64.846539,-2.977779
93,10/16/14 10:00,-64.850669,-2.975696
93,10/16/14 16:00,-64.854984,-2.974882
93,10/17/14 10:00,-64.866885,-2.993033
93,10/17/14 16:00,-64.866277,-3.000824
93,10/17/14 22:00,-64.867646,-3.001888
93,10/18/14 04:02,-64.866898,-3.002728
93,10/18/14 10:02,-64.865994,-3.001814
93,10/18/14 16:00,-64.866644,-2.998657
93,10/18/14 22:00,-64.867042,-2.996815
93,10/19/14 04:00,-64.867224,-2.997295
93,10/19/14 10:02,-64.867219,-2.99751
93,10/19/14 16:00,-64.866575,-2.996996
93,10/20/14 04:00,-64.894139,-2.984785
93,10/20/14 10:00,-64.894228,-2.984745
93,10/20/14 16:00,-64.894814,-2.984457
93,10/21/14 04:02,-64.882337,-2.996843
93,10/21/14 10:01,-64.88522,-2.999183
93,10/21/14 16:00,-64.885555,-2.999091
93,10/21/14 22:00,-64.884893,-2.998808
93,10/22/14 04:00,-64.890589,-3.002134
93,10/22/14 10:00,-64.890752,-3.002059
93,10/22/14 16:00,-64.889529,-3.004187
93,10/22/14 22:01,-64.869576,-3.01264
93,10/23/14 10:00,-64.833564,-3.018403
93,10/23/14 16:00,-64.826424,-3.021841
93,10/23/14 22:01,-64.823783,-3.018556
93,10/24/14 04:01,-64.829268,-3.015655
93,10/24/14 16:00,-64.836221,-3.003907
93,10/24/14 22:01,-64.836895,-3.003964
93,10/25/14 10:00,-64.839084,-3.00047
93,10/25/14 16:00,-64.839111,-3.000522
93,10/26/14 04:01,-64.838599,-2.999171
93,10/26/14 10:01,-64.837029,-2.999862
93,10/26/14 16:00,-64.837019,-2.997371
93,10/27/14 04:00,-64.856091,-2.987122
93,10/27/14 10:00,-64.857089,-3.006238
93,10/27/14 16:00,-64.856901,-3.006091
93,10/28/14 04:01,-64.856928,-3.006151
93,10/28/14 16:01,-64.86255,-3.010844
93,10/28/14 22:02,-64.866579,-3.024891
93,10/29/14 04:01,-64.885747,-3.012812
93,10/29/14 10:01,-64.885705,-3.012202
93,10/29/14 16:00,-64.886579,-3.011429
93,10/29/14 22:01,-64.89113,-3.002926
93,10/30/14 16:00,-64.886826,-2.994021
93,10/30/14 22:01,-64.899606,-2.984973
93,10/31/14 04:00,-64.907192,-2.984853
93,10/31/14 10:00,-64.908465,-2.983695
93,10/31/14 16:00,-64.88788,-2.963438
93,10/31/14 22:01,-64.865701,-2.95809
93,11/01/14 04:00,-64.878848,-2.957314
93,11/01/14 10:00,-64.86819,-2.970673
93,11/01/14 16:00,-64.871448,-2.972361
93,11/01/14 22:01,-64.875662,-2.976517
93,11/02/14 04:00,-64.879564,-2.999149
93,11/02/14 10:00,-64.876744,-3.009367
93,11/02/14 16:00,-64.876759,-3.009335
93,11/02/14 22:00,-64.884604,-3.019826
93,11/03/14 04:03,-64.874201,-3.026373
93,11/03/14 16:01,-64.871341,-3.025409
93,11/03/14 22:01,-64.864693,-3.032076
93,11/04/14 04:01,-64.85431,-3.029226
93,11/04/14 10:03,-64.854456,-3.029174
93,11/04/14 16:01,-64.85171,-3.02316
93,11/04/14 22:03,-64.850052,-3.024821
93,11/05/14 04:01,-64.847375,-3.028573
93,11/05/14 16:01,-64.843079,-3.03505
93,11/05/14 22:01,-64.836559,-3.046848
93,11/06/14 04:01,-64.837992,-3.049361
93,11/06/14 16:01,-64.837759,-3.049149
93,11/07/14 04:01,-64.849806,-3.039034
93,11/07/14 10:01,-64.850398,-3.03753
93,11/07/14 16:01,-64.851712,-3.027625
93,11/07/14 22:01,-64.848962,-3.010265
93,11/08/14 04:01,-64.857881,-2.994099
93,11/08/14 16:01,-64.855233,-3.007671
93,11/08/14 22:00,-64.83485,-3.017696
93,11/09/14 10:01,-64.817316,-3.005169
93,11/09/14 16:00,-64.827208,-2.990077
93,11/09/14 22:00,-64.827864,-2.999605
93,11/10/14 10:02,-64.834765,-2.988745
93,11/11/14 04:01,-64.862171,-3.002457
93,11/11/14 10:00,-64.860128,-3.002333
93,11/11/14 16:01,-64.878756,-3.008226
93,11/11/14 22:00,-64.888654,-3.009124
93,11/12/14 04:00,-64.890127,-3.007769
93,11/12/14 16:00,-64.889671,-3.007916
93,11/12/14 22:00,-64.874911,-3.0132
93,11/13/14 04:01,-64.874769,-3.013456
93,11/13/14 10:00,-64.874858,-3.013469
93,11/13/14 16:00,-64.874894,-3.013333
93,11/13/14 22:01,-64.874662,-3.013567
93,11/14/14 04:00,-64.880084,-3.014653
93,11/14/14 10:02,-64.880099,-3.014661
93,11/14/14 16:00,-64.849345,-2.980633
93,11/14/14 22:01,-64.854443,-2.974497
93,11/15/14 04:00,-64.847273,-2.964333
93,11/15/14 10:00,-64.847084,-2.96442
93,11/15/14 16:00,-64.844041,-2.967179
93,11/16/14 04:02,-64.845347,-2.999598
93,11/16/14 10:01,-64.845149,-3.000042
93,11/16/14 16:00,-64.845641,-3.004291
93,11/16/14 22:02,-64.857947,-2.995872
93,11/17/14 04:02,-64.857558,-2.995906
93,11/17/14 10:02,-64.857621,-2.995996
93,11/17/14 16:01,-64.862944,-2.996266
93,11/17/14 22:02,-64.854984,-3.011673
93,11/18/14 04:02,-64.824298,-3.021037
93,11/18/14 10:00,-64.817551,-3.020342
93,11/18/14 16:01,-64.817798,-3.020173
93,11/19/14 04:01,-64.838616,-3.000434
93,11/19/14 10:00,-64.838634,-2.99968
93,11/19/14 16:00,-64.837109,-2.997248
93,11/20/14 04:00,-64.827787,-3.035078
93,11/20/14 10:00,-64.839424,-3.019907
93,11/21/14 04:00,-64.88499,-3.009929
93,11/21/14 10:01,-64.885248,-3.009837
93,11/21/14 16:00,-64.877603,-2.992831
93,11/21/14 22:01,-64.853264,-2.99674
93,11/22/14 04:01,-64.84421,-3.014362
93,11/22/14 10:00,-64.844276,-3.014629
93,11/23/14 04:00,-64.824639,-3.0272
93,11/23/14 10:01,-64.84317,-3.020319
93,11/23/14 16:01,-64.843577,-3.020247
93,11/24/14 04:02,-64.843445,-3.020566
93,11/24/14 10:00,-64.843609,-3.020675
93,11/24/14 16:01,-64.838534,-3.011432
93,11/25/14 04:02,-64.851652,-3.015277
93,11/25/14 10:00,-64.857243,-3.009835
93,11/25/14 22:01,-64.841114,-2.980423
93,11/26/14 04:01,-64.827223,-2.99056
93,11/26/14 10:00,-64.827115,-2.990583
93,11/26/14 16:01,-64.827546,-2.989931
93,11/26/14 22:01,-64.825493,-2.989882
93,11/27/14 10:01,-64.838513,-3.019625
93,11/27/14 22:03,-64.837944,-3.018033
93,11/28/14 04:01,-64.843264,-3.016716
93,11/28/14 10:01,-64.846393,-3.017301
93,11/28/14 16:00,-64.849806,-3.012855
93,11/29/14 04:01,-64.85135,-3.036561
93,11/29/14 10:00,-64.851184,-3.036617
93,11/29/14 16:00,-64.850703,-3.036748
93,11/30/14 04:01,-64.849298,-3.030961
93,11/30/14 10:01,-64.849976,-3.03075
93,11/30/14 16:01,-64.849082,-3.030772
93,11/30/14 22:02,-64.838166,-3.044969
93,12/01/14 10:00,-64.838201,-3.045201
93,12/01/14 16:03,-64.837571,-3.045452
93,12/01/14 22:01,-64.839149,-3.044796
93,12/02/14 04:01,-64.837532,-3.047895
93,12/02/14 10:00,-64.837296,-3.047658
93,12/03/14 10:00,-64.847593,-3.029075
93,12/03/14 16:00,-64.847588,-3.029185
93,12/03/14 22:01,-64.856707,-3.010175
93,12/04/14 04:02,-64.854549,-2.990659
93,12/04/14 10:00,-64.850168,-2.99112
93,12/05/14 04:01,-64.825979,-2.987999
93,12/05/14 10:00,-64.827577,-2.988854
93,12/05/14 16:00,-64.829973,-2.987724
93,12/05/14 22:02,-64.834641,-2.960023
93,12/06/14 04:01,-64.844184,-2.961425
93,12/06/14 16:01,-64.845357,-2.966824
93,12/07/14 04:01,-64.854404,-2.981987
93,12/07/14 10:00,-64.854443,-2.982516
93,12/07/14 16:00,-64.854296,-2.98264
93,12/08/14 10:02,-64.81033,-3.063032
93,12/08/14 16:01,-64.810589,-3.063393
93,12/08/14 22:01,-64.821332,-3.057207
93,12/09/14 22:01,-64.82835,-3.044886
93,12/10/14 10:00,-64.858409,-3.025448
93,12/10/14 16:01,-64.858313,-3.024945
93,12/10/14 22:00,-64.866888,-3.025464
93,12/12/14 04:01,-64.856367,-3.007417
93,12/12/14 10:00,-64.856182,-3.007458
93,12/12/14 22:01,-64.845422,-2.978267
93,12/13/14 04:01,-64.845397,-2.978243
93,12/13/14 10:01,-64.845162,-2.978333
93,12/13/14 16:01,-64.845099,-2.978273
93,12/13/14 22:01,-64.840405,-2.97659
93,12/14/14 04:01,-64.835993,-2.973098
93,12/15/14 04:00,-64.814959,-3.017936
93,12/15/14 10:00,-64.816479,-3.017521
93,12/16/14 04:02,-64.820666,-3.016729
93,12/16/14 16:01,-64.821358,-3.017189
93,12/17/14 04:01,-64.835086,-2.985724
93,12/17/14 10:00,-64.835543,-2.9855
93,12/17/14 16:00,-64.83883,-2.986376
93,12/18/14 10:01,-64.873803,-2.990101
93,12/19/14 10:00,-64.874351,-3.027342
93,12/19/14 16:00,-64.874359,-3.026223
93,12/19/14 22:01,-64.868306,-3.025805
93,12/20/14 10:02,-64.859803,-3.023439
93,12/20/14 16:00,-64.859835,-3.02373
93,12/21/14 04:01,-64.866776,-2.982716
93,12/21/14 10:01,-64.868121,-2.982424
93,12/21/14 16:01,-64.867947,-2.983545
93,12/22/14 04:00,-64.885642,-2.988783
93,12/22/14 16:00,-64.874776,-2.99711
93,12/23/14 10:01,-64.820856,-3.023511
93,12/23/14 16:00,-64.831751,-3.019295
93,12/24/14 10:00,-64.831573,-2.969286
93,12/24/14 16:01,-64.847466,-2.955628
93,12/25/14 04:02,-64.848126,-2.958758
93,12/25/14 10:01,-64.848122,-2.958678
93,12/25/14 16:02,-64.848208,-2.958804
93,12/25/14 22:00,-64.847718,-2.96654
93,12/26/14 04:02,-64.845195,-2.969289
93,12/26/14 10:02,-64.848115,-2.978735
93,12/26/14 16:01,-64.84646,-2.992495
93,12/27/14 10:00,-64.845764,-2.977599
93,12/27/14 16:01,-64.845782,-2.977539
93,12/27/14 22:02,-64.862391,-2.997411
93,12/28/14 04:02,-64.886818,-3.016714
93,12/28/14 10:00,-64.886901,-3.01659
93,12/28/14 16:00,-64.885946,-3.00753
93,12/29/14 04:02,-64.857841,-3.006946
93,12/29/14 16:01,-64.877746,-3.010677
93,12/29/14 22:01,-64.870442,-3.012251
93,12/30/14 10:00,-64.874024,-3.01669
93,12/30/14 16:00,-64.873891,-3.016745
93,12/30/14 22:00,-64.844053,-3.036113
93,12/31/14 04:01,-64.843856,-3.052796
93,12/31/14 10:01,-64.843349,-3.052741
93,12/31/14 22:00,-64.843011,-3.062762
93,01/01/15 10:00,-64.819833,-3.067123
93,01/01/15 22:00,-64.836291,-3.048155
93,01/02/15 04:00,-64.843697,-3.034538
93,01/02/15 10:00,-64.843661,-3.034568
93,01/03/15 10:00,-64.836479,-3.021229
93,01/03/15 22:00,-64.825307,-3.016007
93,01/04/15 04:01,-64.825109,-3.016234
93,01/04/15 22:02,-64.837911,-2.988243
93,01/05/15 10:00,-64.843959,-2.976844
93,01/05/15 22:01,-64.829091,-3.009774
93,01/06/15 10:00,-64.817971,-3.01909
93,01/06/15 16:00,-64.831074,-3.017388
93,01/07/15 10:01,-64.853773,-3.004693
93,01/07/15 22:02,-64.854904,-3.002413
93,01/08/15 10:00,-64.857806,-2.995693
93,01/09/15 10:00,-64.86457,-2.996906
93,01/09/15 16:01,-64.865419,-2.995329
93,01/10/15 04:02,-64.86142,-2.965633
93,01/10/15 10:00,-64.873001,-2.987308
93,01/11/15 10:01,-64.844743,-3.035519
93,01/11/15 22:02,-64.840324,-3.033678
93,01/12/15 04:02,-64.840088,-3.0337
93,01/12/15 10:01,-64.840566,-3.033347
93,01/12/15 16:02,-64.844398,-3.041171
93,02/18/15 04:02,-64.832511,-3.031068
93,04/04/15 10:01,-64.85002,-3.083768
93,04/04/15 16:01,-64.849935,-3.084712
93,04/04/15 22:02,-64.849935,-3.083339
93,04/05/15 04:01,-64.840236,-3.078704
93,04/05/15 10:00,-64.838347,-3.073726
93,04/05/15 16:00,-64.838433,-3.073726
93,04/05/15 22:01,-64.838347,-3.073726
93,04/27/15 10:00,-64.776206,-3.103852
93,04/27/15 16:00,-64.776292,-3.103766
93,04/27/15 22:00,-64.776292,-3.103766
93,04/28/15 04:00,-64.775519,-3.10617
93,04/28/15 10:01,-64.775262,-3.10617
93,04/28/15 16:01,-64.775434,-3.106256
93,04/28/15 22:01,-64.775262,-3.106256
93,05/03/15 10:00,-64.782987,-3.100762
93,05/03/15 16:00,-64.782987,-3.100762
93,05/03/15 22:00,-64.783072,-3.100762
93,05/04/15 04:00,-64.782901,-3.100762
93,05/04/15 10:00,-64.782987,-3.100762
93,05/04/15 16:00,-64.782987,-3.100677
93,05/04/15 22:00,-64.782987,-3.100677
93,05/05/15 04:01,-64.782214,-3.101106
93,05/05/15 10:00,-64.782214,-3.101192
93,05/05/15 16:00,-64.782214,-3.101192
93,05/05/15 22:00,-64.782214,-3.101277
93,05/12/15 04:02,-64.773202,-3.101449
93,05/12/15 10:01,-64.773116,-3.101707
93,05/12/15 16:00,-64.773288,-3.101449
93,05/12/15 22:00,-64.773202,-3.101449
93,05/13/15 04:01,-64.773288,-3.101621
93,05/13/15 10:00,-64.773202,-3.101449
93,05/13/15 16:00,-64.77303,-3.101621
93,05/13/15 22:00,-64.773116,-3.101535
93,05/17/15 10:00,-64.787793,-3.107715
93,05/17/15 16:00,-64.791055,-3.104882
93,05/17/15 22:00,-64.791055,-3.104968
93,06/01/15 22:00,-64.825301,-3.037076
93,06/02/15 04:01,-64.825387,-3.037248
93,06/02/15 10:02,-64.825301,-3.037162
93,06/02/15 16:00,-64.825387,-3.037076
93,06/02/15 22:00,-64.826589,-3.040595
93,06/03/15 04:00,-64.826589,-3.040681
93,06/03/15 10:01,-64.826503,-3.040681
93,06/03/15 16:00,-64.826589,-3.040595
93,06/03/15 22:00,-64.826674,-3.040509
93,06/04/15 04:01,-64.82676,-3.040767
93,06/04/15 10:00,-64.826503,-3.040595
93,06/04/15 16:00,-64.826674,-3.039308
93,06/04/15 22:00,-64.826674,-3.039308
93,06/05/15 04:01,-64.828734,-3.029437
93,06/05/15 16:00,-64.834313,-3.026776
93,06/05/15 22:00,-64.834399,-3.026776
93,06/06/15 04:00,-64.838519,-3.024201
93,06/06/15 10:01,-64.827361,-3.034329
93,06/10/15 04:01,-64.811482,-3.035531
93,06/10/15 10:01,-64.820666,-3.033471
93,06/10/15 16:00,-64.820409,-3.033385
93,06/10/15 22:00,-64.82058,-3.033385
93,06/11/15 04:01,-64.821095,-3.03184
93,06/11/15 10:00,-64.828563,-3.029437
93,06/11/15 16:00,-64.828649,-3.029437
93,06/14/15 22:00,-64.849162,-3.012357
93,06/21/15 22:00,-64.840751,-3.039393
93,06/22/15 04:01,-64.834313,-3.0442
93,06/22/15 10:00,-64.832768,-3.049264
93,06/22/15 16:00,-64.832854,-3.049264
93,06/22/15 22:00,-64.832854,-3.04935
93,06/23/15 10:01,-64.824357,-3.05759
93,06/23/15 16:02,-64.822383,-3.058877
93,06/24/15 10:01,-64.818263,-3.064456
93,06/24/15 16:00,-64.817662,-3.064971
93,07/12/15 22:01,-64.850535,-3.036904
93,07/13/15 04:01,-64.851737,-3.035188
93,07/13/15 10:00,-64.851737,-3.035188
93,07/13/15 16:00,-64.851823,-3.035274
93,07/13/15 22:00,-64.851823,-3.035188
93,07/14/15 04:02,-64.851136,-3.034844
93,07/14/15 10:00,-64.851136,-3.032269
93,07/14/15 16:00,-64.851308,-3.029008
93,07/14/15 22:00,-64.851394,-3.029094
93,07/15/15 10:00,-64.843583,-3.020768
93,07/15/15 16:01,-64.843583,-3.020768
93,07/15/15 22:00,-64.843669,-3.020768
93,07/24/15 16:00,-64.823928,-3.040938
93,07/24/15 22:00,-64.824014,-3.040938
93,07/28/15 04:00,-64.808221,-3.067718
93,07/28/15 10:01,-64.808307,-3.067632
93,07/28/15 16:00,-64.811225,-3.068061
93,07/28/15 22:01,-64.811311,-3.068061
93,07/31/15 10:00,-64.816031,-3.087201
93,07/31/15 16:00,-64.816031,-3.087115
93,07/31/15 22:00,-64.816203,-3.086944
93,08/01/15 04:00,-64.813113,-3.090892
93,08/01/15 10:00,-64.813113,-3.090892
93,08/01/15 16:01,-64.813113,-3.09072
93,08/01/15 22:00,-64.813113,-3.090892
94,01/22/15 17:31,-64.867343,-2.990311
94,01/24/15 10:01,-64.874896,-2.973538
94,01/24/15 16:02,-64.874792,-2.973263
94,01/24/15 22:01,-64.876214,-2.971646
94,01/25/15 04:00,-64.876219,-2.971767
94,01/25/15 10:01,-64.876444,-2.965519
94,01/25/15 16:02,-64.876595,-2.965414
94,01/25/15 22:01,-64.876716,-2.965406
94,01/26/15 04:01,-64.87755,-2.965341
94,01/26/15 16:00,-64.881205,-2.943427
94,01/27/15 04:01,-64.884216,-2.938403
94,01/27/15 10:00,-64.899035,-2.935386
94,01/27/15 16:02,-64.899555,-2.934865
94,01/27/15 22:01,-64.899054,-2.937277
94,01/28/15 16:02,-64.875898,-2.94735
94,01/28/15 22:00,-64.876511,-2.931759
94,01/29/15 04:01,-64.879434,-2.930106
94,01/29/15 16:02,-64.881379,-2.925513
94,01/29/15 22:01,-64.876444,-2.924277
94,01/30/15 10:00,-64.848562,-2.936457
94,01/30/15 16:01,-64.848501,-2.936412
94,01/30/15 22:01,-64.842644,-2.960429
94,01/31/15 10:01,-64.852007,-3.010269
94,02/01/15 04:02,-64.841867,-2.97594
94,02/01/15 16:01,-64.870469,-2.967278
94,02/02/15 16:02,-64.881845,-2.950059
94,02/02/15 22:01,-64.88237,-2.950173
94,02/03/15 04:01,-64.885219,-2.947785
94,02/03/15 10:02,-64.882323,-2.933597
94,02/03/15 16:02,-64.878521,-2.933181
94,02/04/15 10:01,-64.914671,-2.936698
94,02/04/15 16:00,-64.911231,-2.946828
94,02/04/15 22:01,-64.909858,-2.950328
94,02/05/15 04:01,-64.903204,-2.948186
94,02/06/15 10:01,-64.856334,-2.931155
94,02/06/15 16:01,-64.856196,-2.931101
94,02/06/15 22:00,-64.854865,-2.931418
94,02/07/15 10:01,-64.853274,-2.931815
94,02/07/15 16:02,-64.852449,-2.931915
94,02/07/15 22:01,-64.852617,-2.925036
94,02/08/15 10:01,-64.910173,-2.935881
94,02/09/15 10:01,-64.872555,-2.973896
94,02/09/15 16:02,-64.866688,-2.976021
94,02/10/15 10:02,-64.837502,-2.958561
94,02/10/15 16:02,-64.839378,-2.967741
94,02/11/15 10:00,-64.865118,-2.964145
94,02/11/15 22:01,-64.873395,-2.963955
94,02/13/15 04:02,-64.833496,-2.968131
94,02/13/15 10:01,-64.838003,-2.957375
94,02/13/15 16:01,-64.848858,-2.952405
94,02/14/15 04:02,-64.861249,-2.939906
94,02/14/15 10:00,-64.886873,-2.920571
94,02/15/15 04:01,-64.878966,-2.915772
94,02/15/15 10:01,-64.890522,-2.90715
94,02/15/15 16:02,-64.890443,-2.907375
94,02/15/15 22:01,-64.890345,-2.907236
94,02/16/15 04:01,-64.890369,-2.907149
94,02/16/15 10:01,-64.893986,-2.904361
94,02/16/15 22:01,-64.893766,-2.903764
94,02/17/15 10:01,-64.911024,-2.917132
94,02/18/15 10:01,-64.909068,-2.938919
94,02/18/15 16:01,-64.911232,-2.946763
94,02/18/15 22:01,-64.894836,-2.962915
94,02/19/15 22:02,-64.87547,-2.972948
94,02/20/15 10:02,-64.890758,-2.94054
94,02/20/15 22:02,-64.878284,-2.931195
94,02/21/15 04:01,-64.877587,-2.931694
94,02/22/15 10:00,-64.871851,-2.916572
94,02/22/15 16:00,-64.892817,-2.905954
94,02/22/15 22:01,-64.899561,-2.898542
94,02/23/15 04:02,-64.905118,-2.88524
94,02/24/15 04:01,-64.917209,-2.883107
94,02/24/15 16:02,-64.898988,-2.899282
94,02/25/15 10:00,-64.891993,-2.906705
94,02/25/15 16:00,-64.888321,-2.922822
94,02/25/15 22:02,-64.888279,-2.922813
94,02/26/15 04:01,-64.887394,-2.923505
94,02/26/15 10:01,-64.899895,-2.917315
94,02/26/15 16:02,-64.908924,-2.910582
94,02/27/15 04:01,-64.909007,-2.90983
94,02/28/15 16:02,-64.902709,-2.936652
94,03/01/15 04:02,-64.898391,-2.931791
94,03/01/15 10:02,-64.913177,-2.902384
94,03/02/15 04:01,-64.922505,-2.880874
94,03/02/15 10:02,-64.929914,-2.868546
94,03/02/15 16:02,-64.929886,-2.868606
94,03/02/15 22:02,-64.934202,-2.861417
94,03/03/15 04:02,-64.928691,-2.868233
94,03/04/15 04:01,-64.926459,-2.871929
94,03/04/15 16:00,-64.921697,-2.869082
94,03/04/15 22:01,-64.920657,-2.869041
94,03/05/15 04:01,-64.921017,-2.870035
94,03/05/15 10:02,-64.921491,-2.879309
94,03/05/15 16:02,-64.933066,-2.862076
94,03/06/15 04:01,-64.944175,-2.856696
94,03/06/15 22:01,-64.909303,-2.907942
94,03/07/15 04:02,-64.905103,-2.913961
94,03/07/15 16:01,-64.872712,-2.938627
94,03/07/15 22:02,-64.872479,-2.938535
94,03/08/15 22:02,-64.900935,-2.91708
94,03/09/15 04:01,-64.903044,-2.91553
94,03/10/15 04:02,-64.909135,-2.910604
94,03/11/15 04:02,-64.889573,-2.911771
94,03/11/15 10:02,-64.887642,-2.907749
94,03/12/15 10:00,-64.90661,-2.91216
94,03/13/15 04:02,-64.906004,-2.913459
94,03/13/15 10:02,-64.89492,-2.925352
94,03/14/15 10:01,-64.889259,-2.92176
94,03/14/15 16:01,-64.899739,-2.91786
94,03/15/15 22:02,-64.916719,-2.886071
94,03/16/15 04:01,-64.925538,-2.866919
94,03/16/15 10:02,-64.926239,-2.867972
94,03/17/15 04:02,-64.925144,-2.867913
94,03/17/15 16:03,-64.908882,-2.910627
94,03/18/15 04:02,-64.908827,-2.910628
94,03/19/15 04:01,-64.913295,-2.948327
94,03/19/15 16:02,-64.896685,-2.967121
94,03/20/15 10:01,-64.855258,-2.989723
94,03/21/15 16:02,-64.909888,-2.907937
94,03/23/15 04:01,-64.900665,-2.931686
94,03/23/15 10:01,-64.890368,-2.927161
94,03/24/15 22:02,-64.840865,-2.938502
94,03/25/15 10:00,-64.846195,-2.965789
94,03/25/15 16:02,-64.8341,-2.97388
94,03/26/15 10:01,-64.863086,-2.98105
94,03/26/15 22:02,-64.887389,-2.968448
94,03/27/15 04:00,-64.907613,-2.935588
94,03/27/15 10:01,-64.898019,-2.928186
94,03/27/15 16:01,-64.897584,-2.928344
94,03/27/15 22:01,-64.890323,-2.927627
94,03/28/15 04:00,-64.884385,-2.914366
94,03/28/15 10:03,-64.90237,-2.895155
94,03/29/15 04:02,-64.910474,-2.87769
94,03/29/15 10:00,-64.917876,-2.874322
94,03/30/15 04:02,-64.912075,-2.879584
94,03/31/15 04:01,-64.893928,-2.910656
94,03/31/15 22:02,-64.842366,-2.925977
94,04/01/15 04:00,-64.835339,-2.947543
94,04/01/15 10:03,-64.835837,-2.973838
94,04/02/15 04:03,-64.860254,-2.976163
94,04/02/15 16:02,-64.880732,-2.950835
94,04/03/15 04:01,-64.836215,-2.941649
94,04/03/15 10:00,-64.853485,-2.923634
94,04/03/15 22:00,-64.875503,-2.914308
94,04/04/15 04:02,-64.901251,-2.916761
94,04/04/15 22:01,-64.90556,-2.8851
94,04/05/15 22:02,-64.916648,-2.885901
94,04/06/15 22:03,-64.903296,-2.893159
94,04/07/15 22:02,-64.903285,-2.893508
94,04/08/15 04:01,-64.894248,-2884.0
94,04/09/15 04:01,-64.914857,-2.86333
94,04/09/15 10:01,-64.918367,-2.861281
94,04/09/15 16:01,-64.932228,-2.848976
94,04/09/15 22:02,-64.932173,-2.849043
94,04/10/15 10:00,-64.914084,-2.877421
94,04/10/15 16:01,-64.91248,-2.87856
94,04/11/15 10:01,-64.910112,-2.900102
94,04/13/15 04:00,-64.910992,-2.890679
94,04/13/15 16:02,-64.904933,-2.888926
94,04/14/15 04:00,-64.907676,-2.881629
94,04/14/15 16:01,-64.895774,-2.881963
94,04/14/15 22:03,-64.905581,-2.883294
94,04/15/15 04:00,-64.90541,-2.883284
94,04/15/15 10:02,-64.905524,-2.88321
94,04/15/15 16:02,-64.905671,-2.884567
94,04/16/15 04:01,-64.892486,-2.891427
94,04/17/15 04:02,-64.901091,-2.877883
94,04/17/15 10:00,-64.907795,-2.875921
94,04/17/15 16:01,-64.916726,-2.886202
94,04/17/15 22:01,-64.899735,-2.898876
94,04/18/15 04:01,-64.891725,-2.900479
94,04/18/15 10:02,-64.896308,-2.90231
94,04/18/15 22:01,-64.897155,-2.901483
94,04/19/15 10:00,-64.907784,-2.875193
94,04/19/15 16:01,-64.896016,-2.881736
94,04/19/15 22:01,-64.89584,-2.881777
94,04/20/15 04:02,-64.889201,-2.889578
94,04/20/15 10:02,-64.897195,-2.901587
94,04/20/15 16:02,-64.897167,-2.901427
94,04/20/15 22:00,-64.89707,-2.901365
94,04/21/15 04:00,-64.909687,-2.897024
94,04/21/15 16:02,-64.895259,-2.882481
94,04/21/15 22:01,-64.895157,-2.882439
94,04/22/15 10:02,-64.912149,-2.874835
94,04/22/15 16:01,-64.911819,-2.874921
94,04/22/15 22:01,-64.912037,-2.874843
94,04/23/15 10:00,-64.9042,-2.845831
94,04/23/15 16:01,-64.903901,-2.845368
94,04/23/15 22:00,-64.907418,-2.84082
94,04/24/15 04:01,-64.896221,-2.82974
94,04/24/15 10:00,-64.8968,-2.830647
94,04/24/15 22:01,-64.903638,-2.831851
94,04/25/15 22:01,-64.895731,-2.881945
94,04/26/15 16:02,-64.835824,-2.930721
94,04/26/15 22:02,-64.835564,-2.931128
94,04/27/15 04:00,-64.846383,-2.928449
94,04/27/15 16:00,-64.897099,-2.901283
94,04/27/15 22:01,-64.897213,-2.901488
94,04/28/15 10:01,-64.910952,-2.886693
94,04/28/15 16:00,-64.898933,-2.898956
94,04/28/15 22:00,-64.899037,-2.899027
94,04/29/15 10:01,-64.909378,-2.878783
94,04/29/15 16:01,-64.919347,-2.863615
94,04/29/15 22:01,-64.919131,-2.863641
94,04/30/15 10:00,-64.8967,-2.830692
94,04/30/15 16:00,-64.896681,-2.830583
94,04/30/15 22:00,-64.897022,-2.8305
94,05/01/15 04:01,-64.890861,-2.82291
94,05/01/15 10:01,-64.896561,-2.808214
94,05/01/15 16:01,-64.896497,-2.808201
94,05/01/15 22:00,-64.896414,-2.808344
94,05/02/15 10:00,-64.90731,-2.840852
94,05/02/15 16:01,-64.907411,-2.840779
94,05/02/15 22:01,-64.907361,-2.840921
94,05/03/15 04:00,-64.906945,-2.838904
94,05/03/15 10:00,-64.90937,-2.847264
94,05/03/15 16:01,-64.915196,-2.853485
94,05/03/15 22:01,-64.916034,-2.853681
94,05/04/15 04:00,-64.917094,-2.858563
94,05/04/15 10:01,-64.917548,-2.858086
94,05/04/15 16:00,-64.915913,-2.853883
94,05/04/15 22:02,-64.915952,-2.853998
94,05/05/15 10:01,-64.935006,-2.855788
94,05/05/15 16:01,-64.934483,-2.855452
94,05/05/15 22:01,-64.934634,-2.855278
94,05/06/15 10:00,-64.955395,-2.851284
94,05/06/15 16:00,-64.955416,-2.851187
94,05/06/15 22:00,-64.955328,-2.851178
94,05/07/15 04:01,-64.969735,-2.848197
94,05/07/15 10:00,-64.978203,-2.844628
94,05/07/15 16:00,-64.978178,-2.844618
94,05/07/15 22:00,-64.977157,-2.842616
94,05/08/15 04:00,-64.954703,-2.842294
94,05/08/15 10:00,-64.95494,-2.843472
94,05/08/15 16:01,-64.954245,-2.845455
94,05/08/15 22:02,-64.954378,-2.845396
94,05/09/15 04:02,-64.954739,-2.841211
94,05/09/15 10:01,-64.954713,-2.841192
94,05/09/15 16:00,-64.955209,-2.840467
94,05/09/15 22:00,-64.95535,-2.840481
94,05/10/15 04:01,-64.946847,-2.850081
94,05/10/15 10:01,-64.944452,-2.848839
94,05/10/15 16:01,-64.944575,-2.84879
94,05/10/15 22:01,-64.944455,-2.848738
94,05/11/15 04:01,-64.943859,-2.851121
94,05/11/15 10:00,-64.943816,-2.851034
94,05/11/15 16:01,-64.939023,-2.849129
94,05/11/15 22:01,-64.932642,-2.841114
94,05/12/15 10:01,-64.929376,-2.803519
94,05/12/15 16:00,-64.929402,-2.80348
94,05/12/15 22:00,-64.929422,-2.803496
94,05/13/15 04:01,-64.924924,-2.802664
94,05/13/15 10:01,-64.903205,-2.809699
94,05/13/15 16:01,-64.903195,-2.809511
94,05/13/15 22:02,-64.903281,-2.809595
94,05/14/15 10:00,-64.90176,-2.839833
94,05/14/15 16:00,-64.916468,-2.853634
94,05/14/15 22:00,-64.916852,-2.844443
94,05/15/15 04:00,-64.916634,-2.844647
94,05/15/15 10:00,-64.91773,-2.863214
94,05/15/15 16:00,-64.917706,-2.85806
94,05/15/15 22:00,-64.91766,-2.85806
94,05/16/15 04:01,-64.921476,-2.858972
94,05/16/15 10:00,-64.912433,-2.857051
94,05/16/15 16:00,-64.912489,-2.857166
94,05/16/15 22:01,-64.912508,-2.857138
94,05/17/15 04:00,-64.905711,-2.848448
94,05/17/15 16:01,-64.896721,-2.830625
94,05/17/15 22:00,-64.903572,-2.831809
94,05/18/15 04:02,-64.896729,-2.830632
94,05/18/15 10:00,-64.899263,-2.822665
94,05/18/15 16:00,-64.899271,-2.822584
94,05/18/15 22:00,-64.899272,-2.822667
94,05/19/15 04:01,-64.900903,-2.810421
94,05/19/15 10:01,-64.894871,-2.80375
94,05/19/15 22:01,-64.9158,-2.797111
94,05/20/15 04:00,-64.932184,-2.773651
94,05/20/15 10:00,-64.937715,-2.756128
94,05/20/15 16:01,-64.937846,-2.756139
94,05/20/15 22:00,-64.937842,-2.756153
94,05/21/15 16:01,-64.988753,-2.805175
94,05/21/15 22:00,-64.984414,-2.813962
94,05/22/15 16:02,-64.951004,-2.852083
94,05/22/15 22:00,-64.950975,-2.852078
94,05/23/15 04:00,-64.935966,-2.854529
94,05/23/15 16:00,-64.933488,-2.856201
94,05/23/15 22:00,-64.933514,-2.856315
94,05/24/15 04:00,-64.933459,-2.856281
94,05/24/15 10:00,-64.930042,-2.858173
94,05/24/15 16:01,-64.930619,-2.857859
94,05/24/15 22:00,-64.930695,-2.857898
94,05/25/15 10:00,-64.912495,-2.857142
94,05/25/15 16:01,-64.912593,-2.857037
94,05/25/15 22:01,-64.912444,-2.857067
94,05/26/15 04:01,-64.913465,-2.859245
94,05/26/15 10:01,-64.920354,-2.861515
94,05/26/15 16:00,-64.921219,-2.861332
94,05/26/15 22:01,-64.921218,-2.861226
94,05/27/15 10:00,-64.908027,-2.851055
94,05/27/15 22:00,-64.91504,-2.853436
94,05/28/15 04:01,-64.90813,-2.845753
94,05/28/15 10:00,-64.908225,-2.845698
94,05/28/15 16:00,-64.908415,-2.843712
94,05/28/15 22:00,-64.908177,-2.843543
94,05/29/15 16:00,-64.901904,-2.839782
94,05/29/15 22:01,-64.901781,-2.839809
94,05/30/15 10:01,-64.903585,-2.832961
94,05/30/15 16:01,-64.903582,-2.832896
94,05/30/15 22:01,-64.903527,-2.833018
94,05/31/15 04:02,-64.893114,-2.823494
94,05/31/15 10:00,-64.889827,-2.810385
94,05/31/15 16:00,-64.890245,-2.81211
94,05/31/15 22:01,-64.890258,-2.812182
94,06/01/15 10:01,-64.89732,-2.796162
94,06/01/15 16:01,-64.897162,-2.796273
94,06/01/15 22:00,-64.904671,-2.803547
94,06/02/15 04:02,-64.9049,-2.81816
94,06/02/15 10:00,-64.905734,-2.842166
94,06/02/15 16:02,-64.913407,-2.847313
94,06/02/15 22:00,-64.913252,-2.84714
94,06/03/15 04:01,-64.908501,-2.848616
94,06/03/15 10:01,-64.911071,-2.856141
94,06/03/15 16:00,-64.915109,-2.85348
94,06/03/15 22:00,-64.915215,-2.853447
94,06/04/15 04:00,-64.913401,-2.859388
94,06/04/15 10:00,-64.9135,-2.859418
94,06/04/15 16:01,-64.913492,-2.859441
94,06/04/15 22:01,-64.913464,-2.859448
94,06/05/15 04:01,-64.913419,-2.859434
94,06/05/15 10:00,-64.913517,-2.859455
94,06/05/15 16:00,-64.913614,-2.859719
94,06/05/15 22:00,-64.913536,-2.859728
94,06/06/15 10:00,-64.905305,-2.881844
94,06/06/15 16:01,-64.91031,-2.882079
94,06/06/15 22:00,-64.902009,-2.889032
94,06/07/15 04:01,-64.891613,-2.896373
94,06/07/15 10:01,-64.897281,-2.901316
94,06/07/15 16:00,-64.896835,-2.895477
94,06/07/15 22:00,-64.896902,-2.895553
94,06/08/15 10:00,-64.906084,-2.874598
94,06/08/15 16:00,-64.91315,-2.859216
94,06/08/15 22:00,-64.913638,-2.859438
94,06/09/15 04:01,-64.91344,-2.859434
94,06/09/15 10:00,-64.913478,-2.85943
94,06/09/15 16:00,-64.913482,-2.859371
94,06/09/15 22:00,-64.913467,-2.85946
94,06/10/15 04:01,-64.91981,-2.863532
94,06/10/15 10:01,-64.919935,-2.863525
94,06/10/15 16:00,-64.918426,-2.861308
94,06/11/15 10:00,-64.930673,-2.857835
94,06/11/15 16:01,-64.931004,-2.857731
94,06/11/15 22:00,-64.930851,-2.858026
94,06/12/15 04:00,-64.93682,-2.854024
94,06/12/15 10:01,-64.939075,-2.854626
94,06/12/15 16:01,-64.939011,-2.854701
94,06/12/15 22:00,-64.939129,-2.854678
94,06/13/15 04:00,-64.930417,-2.853462
94,06/13/15 10:01,-64.923256,-2.848782
94,06/13/15 16:00,-64.923245,-2.848785
94,06/13/15 22:00,-64.923213,-2.848902
94,06/14/15 16:00,-64.903591,-2.832999
94,06/14/15 22:00,-64.90362,-2.833035
94,06/15/15 04:01,-64.895803,-2.832938
94,06/15/15 10:00,-64.901922,-2.839862
94,06/15/15 16:00,-64.904443,-2.835166
94,06/15/15 22:00,-64.904475,-2.835104
94,06/16/15 04:02,-64.902912,-2.813955
94,06/16/15 10:01,-64.902894,-2.813928
94,06/16/15 16:01,-64.902929,-2.813833
94,06/16/15 22:00,-64.902754,-2.813966
94,06/17/15 04:01,-64.895102,-2.806626
94,06/17/15 16:00,-64.899217,-2.822652
94,06/17/15 22:00,-64.899193,-2.822667
94,06/18/15 10:00,-64.901369,-2.830908
94,06/18/15 16:00,-64.903578,-2.832836
94,06/18/15 22:00,-64.903598,-2.832894
94,06/19/15 04:00,-64.903429,-2.832891
94,06/19/15 10:00,-64.90191,-2.839963
94,06/19/15 16:00,-64.903616,-2.832624
94,06/19/15 22:00,-64.903683,-2.832828
94,06/20/15 10:00,-64.905829,-2.83715
94,06/20/15 16:00,-64.9058,-2.837163
94,06/20/15 22:00,-64.905779,-2.837209
94,06/21/15 10:00,-64.913673,-2.852675
94,06/21/15 16:00,-64.913717,-2.852745
94,06/21/15 22:00,-64.923264,-2.848811
94,06/22/15 04:00,-64.9121,-2.852345
94,06/22/15 10:00,-64.934947,-2.855801
94,06/22/15 16:00,-64.93223,-2.848835
94,06/22/15 22:00,-64.932236,-2.849189
94,06/23/15 16:01,-64.902151,-2.826886
94,06/23/15 22:01,-64.902151,-2.826902
94,06/24/15 04:00,-64.902233,-2.826859
94,06/24/15 10:01,-64.902173,-2.826872
94,06/24/15 16:01,-64.902255,-2.826872
94,06/24/15 22:00,-64.90218,-2.82692
94,06/25/15 04:00,-64.9023,-2.826781
94,06/25/15 10:01,-64.902128,-2.826914
94,06/25/15 16:00,-64.902317,-2.826842
94,06/25/15 22:00,-64.902149,-2.826849
94,06/26/15 04:00,-64.901613,-2.828772
94,06/26/15 10:01,-64.901803,-2.829334
94,06/26/15 16:00,-64.898974,-2.832927
94,06/26/15 22:01,-64.899177,-2.832996
94,06/27/15 04:00,-64.903685,-2.832643
94,06/27/15 16:00,-64.903102,-2.82035
94,06/27/15 22:00,-64.902839,-2.820413
94,06/28/15 04:01,-64.896206,-2.829686
94,06/28/15 10:01,-64.89672,-2.830623
94,06/28/15 16:00,-64.903688,-2.831912
94,06/28/15 22:00,-64.903498,-2.83197
94,06/29/15 04:01,-64.902807,-2.842886
94,06/29/15 16:01,-64.90212,-2.840076
94,06/29/15 22:00,-64.902035,-2.840134
94,06/30/15 04:00,-64.901961,-2.839962
94,06/30/15 10:00,-64.901906,-2.840017
94,06/30/15 16:00,-64.916502,-2.853639
94,06/30/15 22:00,-64.916679,-2.853629
94,07/01/15 04:02,-64.914149,-2.854889
94,07/01/15 16:00,-64.90536,-2.83587
94,07/01/15 22:00,-64.905208,-2.836011
94,07/02/15 04:00,-64.898753,-2.831096
94,07/02/15 10:01,-64.897943,-2.830225
94,07/02/15 16:02,-64.898005,-2.830229
94,07/02/15 22:01,-64.898298,-2.830243
94,07/03/15 10:01,-64.88918,-2.820186
94,07/03/15 16:00,-64.896156,-2.820171
94,07/03/15 22:01,-64.896269,-2.820478
94,07/04/15 16:01,-64.898824,-2.788381
94,07/04/15 22:00,-64.898866,-2.788349
94,07/05/15 04:00,-64.904999,-2.804328
94,07/05/15 10:00,-64.903577,-2.80885
94,07/05/15 16:00,-64.903537,-2.809055
94,07/05/15 22:00,-64.903769,-2.808987
94,07/06/15 04:00,-64.902693,-2.82043
94,07/06/15 10:00,-64.901869,-2.820513
94,07/06/15 16:01,-64.901952,-2.820719
94,07/06/15 22:00,-64.902401,-2.820135
94,07/07/15 10:00,-64.902015,-2.840087
94,07/07/15 16:00,-64.905515,-2.837099
94,07/07/15 22:00,-64.90582,-2.837281
94,07/08/15 04:01,-64.903086,-2.844329
94,07/08/15 16:00,-64.902082,-2.840026
94,07/08/15 22:01,-64.905304,-2.836099
94,07/09/15 04:02,-64.905224,-2.836291
94,07/09/15 10:00,-64.905048,-2.836331
94,07/09/15 16:00,-64.906819,-2.824309
94,07/09/15 22:01,-64.906641,-2.824245
94,07/10/15 04:00,-64.902696,-2.824564
94,07/10/15 10:00,-64.902896,-2.820351
94,07/10/15 16:00,-64.902736,-2.82041
94,07/10/15 22:00,-64.902812,-2.820433
94,07/11/15 10:00,-64.896701,-2.830492
94,07/11/15 16:00,-64.899223,-2.822637
94,07/11/15 22:00,-64.899174,-2.822714
94,07/12/15 04:02,-64.898954,-2.822463
94,07/12/15 10:00,-64.898892,-2.822391
94,07/12/15 16:01,-64.896212,-2.820191
94,07/12/15 22:00,-64.896507,-2.808235
94,07/13/15 04:02,-64.889672,-2.807668
94,07/13/15 10:01,-64.883271,-2.794801
94,07/13/15 16:00,-64.898902,-2.788312
94,07/13/15 22:00,-64.898767,-2.788284
94,07/14/15 10:00,-64.923548,-2.794328
94,07/14/15 16:01,-64.923436,-2.794317
94,07/14/15 22:00,-64.923416,-2.794717
94,07/15/15 10:01,-64.933002,-2.827973
94,07/15/15 16:00,-64.933016,-2.827985
94,07/15/15 22:00,-64.939506,-2.821373
94,07/16/15 04:01,-64.93831,-2.830263
94,07/16/15 10:00,-64.931296,-2.83702
94,07/16/15 16:00,-64.931395,-2.837135
94,07/16/15 22:00,-64.931428,-2.837121
94,07/17/15 10:00,-64.916493,-2.853664
94,07/17/15 16:00,-64.913833,-2.852648
94,07/17/15 22:00,-64.915144,-2.853451
94,07/18/15 04:01,-64.905981,-2.846636
94,07/18/15 10:01,-64.90182,-2.840055
94,07/18/15 16:01,-64.902031,-2.83992
94,07/18/15 22:00,-64.901873,-2.839908
94,07/19/15 10:01,-64.896182,-2.820145
94,07/19/15 16:00,-64.896195,-2.820179
94,07/19/15 22:01,-64.896138,-2.820156
94,07/20/15 04:01,-64.89623,-2.820108
94,07/20/15 10:01,-64.896144,-2.820135
94,07/20/15 16:00,-64.902932,-2.820326
94,07/20/15 22:00,-64.902706,-2.82054
94,07/21/15 10:01,-64.901923,-2.839991
94,07/21/15 16:01,-64.915283,-2.853366
94,07/21/15 22:00,-64.916487,-2.84581
94,07/22/15 04:01,-64.914577,-2.861898
94,07/22/15 10:01,-64.919734,-2.863402
94,07/22/15 16:00,-64.918042,-2.854117
94,07/22/15 22:01,-64.917935,-2.854007
94,07/23/15 04:00,-64.917914,-2.854098
94,07/23/15 10:00,-64.913466,-2.85944
94,07/23/15 22:01,-64.916378,-2.854131
94,07/24/15 04:00,-64.913196,-2.861747
94,07/24/15 10:01,-64.91065,-2.880496
94,07/24/15 16:00,-64.910684,-2.880429
94,07/24/15 22:01,-64.930286,-2.884835
94,07/25/15 10:00,-64.930666,-2.857777
94,07/25/15 16:00,-64.931512,-2.854306
94,07/25/15 22:00,-64.931576,-2.854269
94,07/26/15 10:00,-64.912441,-2.857116
94,07/26/15 16:00,-64.912391,-2.857182
94,07/26/15 22:00,-64.912208,-2.857255
94,07/27/15 04:01,-64.912462,-2.857079
94,07/27/15 10:01,-64.912433,-2.857061
94,07/27/15 22:02,-64.908602,-2.852716
94,07/28/15 10:02,-64.909371,-2.853582
94,07/28/15 16:02,-64.908662,-2.852753
94,07/29/15 10:02,-64.908773,-2.852715
94,07/30/15 10:02,-64.908676,-2.852751
94,07/30/15 16:02,-64.90849,-2.852755
94,07/31/15 10:02,-64.908878,-2.852821
95,01/21/15 00:01,-64.837489,-3.059821
95,01/21/15 02:01,-64.837403,-3.060679
95,01/21/15 04:00,-64.837403,-3.060594
95,01/21/15 06:01,-64.837403,-3.060679
95,01/21/15 08:00,-64.837232,-3.060594
95,01/21/15 10:01,-64.837403,-3.060679
95,01/21/15 12:01,-64.837317,-3.060594
95,01/21/15 14:01,-64.837317,-3.060594
95,01/25/15 14:01,-64.875083,-3.068233
95,02/20/15 18:01,-64.860663,-3.095956
95,02/20/15 20:02,-64.860148,-3.096042
95,02/24/15 06:02,-64.890704,-3.044887
95,02/24/15 08:01,-64.890704,-3.04523
95,02/24/15 12:00,-64.891047,-3.04523
95,02/24/15 18:02,-64.890704,-3.04523
95,02/24/15 20:01,-64.890876,-3.046346
95,03/04/15 20:01,-64.857316,-3.096213
95,03/04/15 22:01,-64.855342,-3.096557
95,03/09/15 16:00,-64.861436,-3.060851
95,03/09/15 18:02,-64.861436,-3.060937
95,03/09/15 20:00,-64.861264,-3.060937
95,03/09/15 22:00,-64.856801,-3.057761
95,03/10/15 00:01,-64.855943,-3.048663
95,03/10/15 02:00,-64.857059,-3.04832
95,03/29/15 00:02,-64.857059,-3.081965
95,04/17/15 14:01,-64.89491,-3.076386
95,04/17/15 16:02,-64.893622,-3.076987
95,04/17/15 18:00,-64.893365,-3.078189
95,04/17/15 20:01,-64.893365,-3.078189
95,04/17/15 22:01,-64.893451,-3.078275
95,04/25/15 08:00,-64.836888,-3.083425
95,04/25/15 10:00,-64.842896,-3.081365
95,04/25/15 12:00,-64.843669,-3.081536
95,05/17/15 16:01,-64.834485,-3.092437
95,05/19/15 08:01,-64.845815,-3.0866
95,05/19/15 10:01,-64.848733,-3.086514
95,05/19/15 12:02,-64.85148,-3.084025
95,05/19/15 14:01,-64.85148,-3.084197
95,05/19/15 16:00,-64.85148,-3.084111
95,05/19/15 18:00,-64.851651,-3.084197
95,05/19/15 20:00,-64.851394,-3.084111
95,05/23/15 18:00,-64.893279,-3.062739
95,05/23/15 20:01,-64.893193,-3.062739
95,05/23/15 22:01,-64.893107,-3.062739
95,05/24/15 00:00,-64.893107,-3.062654
95,08/14/15 12:01,-64.880834,-3.032784
95,08/14/15 16:00,-64.881263,-3.03184
95,08/15/15 02:00,-64.881263,-3.03287
95,08/15/15 06:01,-64.886756,-3.0339
95,08/15/15 12:01,-64.850707,-3.052096
95,08/15/15 14:01,-64.850707,-3.052182
95,08/15/15 16:00,-64.852853,-3.050723
95,09/26/15 04:00,-64.897313,-3.045487
95,09/26/15 06:00,-64.899201,-3.048234
95,09/26/15 08:00,-64.899116,-3.04832
95,09/26/15 10:00,-64.899201,-3.04832
95,09/26/15 12:01,-64.898858,-3.048406
95,09/26/15 14:00,-64.896798,-3.049436
95,09/26/15 16:02,-64.896884,-3.049264
95,09/28/15 22:01,-64.88461,-3.043342
95,09/29/15 00:03,-64.884696,-3.043342
96,02/17/15 22:01,-64.853468,-3.044054
96,02/18/15 04:01,-64.852683,-3.045567
96,02/18/15 10:01,-64.856106,-3.033768
96,02/18/15 16:02,-64.859735,-3.025085
96,02/18/15 22:03,-64.85914,-3.016248
96,02/19/15 04:02,-64.85466,-3.025348
96,02/19/15 16:01,-64.859234,-3.024933
96,02/20/15 04:02,-64.861635,-3.036594
96,02/20/15 10:01,-64.861821,-3.036643
96,02/21/15 04:01,-64.865674,-2.980746
96,02/21/15 22:02,-64.861865,-2.979917
96,02/22/15 04:02,-64.861877,-2.980122
96,02/22/15 10:02,-64.861845,-2.980093
96,02/23/15 04:01,-64.863861,-3.000954
96,02/23/15 10:01,-64.852189,-3.009342
96,02/23/15 16:02,-64.855408,-3.0056
96,02/23/15 22:02,-64.854589,-3.006078
96,02/24/15 04:01,-64.859657,-3.009636
96,02/24/15 10:02,-64.859205,-3.027451
96,02/24/15 16:00,-64.861155,-3.027812
96,02/25/15 04:00,-64.858431,-3.030903
96,02/25/15 10:01,-64.858576,-3.030891
96,02/25/15 16:01,-64.86119,-3.033016
96,02/26/15 04:01,-64.866154,-3.001089
96,02/26/15 10:00,-64.866404,-3.001169
96,02/26/15 16:01,-64.864685,-3.007337
96,02/26/15 22:02,-64.864786,-3.0073
96,02/27/15 04:01,-64.864679,-3.007394
96,02/28/15 10:01,-64.876955,-3.010221
96,02/28/15 16:01,-64.86844,-2.994817
96,02/28/15 22:01,-64.868343,-2.99111
96,03/01/15 04:02,-64.860317,-2.986001
96,03/01/15 16:02,-64.840258,-3.026027
96,03/02/15 04:00,-64.836149,-3.030972
96,03/02/15 10:02,-64.836252,-3.031058
96,03/02/15 16:02,-64.836522,-3.032097
96,03/03/15 04:00,-64.836498,-3.031951
96,03/03/15 16:01,-64.861253,-3.010182
96,03/04/15 04:01,-64.857853,-3.015194
96,03/04/15 10:01,-64.857954,-3.01505
96,03/04/15 16:01,-64.857981,-3.014974
96,03/05/15 04:01,-64.840733,-3.030574
96,03/06/15 16:01,-64.854333,-3.022348
96,03/07/15 10:02,-64.844966,-3.043412
96,03/07/15 16:00,-64.845104,-3.043249
96,03/07/15 22:01,-64.845044,-3.043373
96,03/08/15 04:01,-64.845361,-3.045468
96,03/08/15 10:01,-64.842059,-3.049516
96,03/08/15 16:01,-64.837506,-3.050033
96,03/09/15 04:01,-64.840005,-3.031118
96,03/09/15 16:01,-64.831096,-3.058494
96,03/10/15 04:01,-64.822083,-3.064181
96,03/10/15 10:01,-64.826521,-3.057189
96,03/10/15 16:00,-64.829448,-3.054797
96,03/11/15 10:02,-64.831353,-3.051102
96,03/11/15 16:01,-64.831401,-3.051012
96,03/12/15 04:01,-64.829191,-3.050076
96,03/12/15 10:01,-64.829109,-3.049328
96,03/12/15 16:01,-64.829134,-3.047454
96,03/13/15 16:02,-64.83162,-3.048118
96,03/13/15 22:02,-64.831623,-3.048524
96,03/14/15 04:01,-64.829821,-3.043456
96,03/14/15 22:00,-64.827849,-3.035758
96,03/15/15 10:00,-64.832055,-3.039559
96,03/15/15 22:01,-64.829344,-3.046187
96,03/16/15 04:01,-64.829437,-3.046148
96,03/16/15 10:01,-64.837882,-3.039132
96,03/16/15 16:01,-64.83775,-3.039194
96,03/16/15 22:02,-64.83777,-3.039258
96,03/17/15 22:02,-64.828712,-3.037578
96,03/18/15 04:00,-64.831733,-3.039891
96,03/18/15 16:02,-64.828105,-3.041556
96,03/19/15 04:00,-64.831435,-3.042608
96,03/19/15 10:02,-64.838864,-3.042466
96,03/19/15 16:02,-64.832968,-3.056696
96,03/19/15 22:01,-64.832917,-3.056889
96,03/20/15 04:01,-64.834731,-3.058811
96,03/20/15 10:01,-64.839482,-3.053145
96,03/20/15 16:01,-64.835179,-3.05855
96,03/20/15 22:02,-64.837296,-3.054243
96,03/21/15 04:01,-64.838798,-3.05305
96,03/21/15 22:00,-64.832866,-3.056778
96,03/22/15 04:01,-64.829796,-3.053134
96,03/22/15 16:00,-64.831338,-3.05013
96,03/23/15 16:02,-64.853919,-3.019045
96,03/23/15 22:02,-64.850703,-3.02216
96,03/24/15 10:00,-64.84088,-3.02983
96,03/24/15 22:01,-64.821509,-3.037003
96,03/25/15 04:01,-64.822703,-3.042537
96,03/25/15 10:02,-64.822782,-3.042553
96,03/25/15 16:01,-64.822628,-3.042566
96,03/25/15 22:01,-64.820453,-3.038285
96,03/26/15 04:01,-64.821385,-3.038371
96,03/26/15 10:01,-64.827995,-3.040264
96,03/26/15 16:02,-64.82579,-3.044937
96,03/27/15 04:01,-64.823779,-3.035113
96,03/27/15 10:02,-64.822961,-3.037362
96,03/27/15 22:01,-64.820358,-3.040792
96,03/28/15 04:01,-64.822678,-3.041624
96,03/28/15 10:01,-64.822653,-3.039899
96,03/29/15 04:00,-64.814705,-3.042736
96,03/29/15 10:03,-64.808332,-3.037725
96,03/29/15 16:01,-64.807354,-3.03572
96,03/30/15 04:00,-64.814902,-3.033786
96,03/30/15 16:01,-64.817807,-3.039639
96,03/31/15 04:00,-64.816429,-3.047229
96,03/31/15 22:01,-64.817886,-3.047025
96,04/01/15 04:00,-64.81797,-3.047088
96,04/01/15 16:01,-64.823955,-3.050989
96,04/02/15 04:00,-64.828114,-3.047187
96,04/02/15 10:01,-64.828092,-3.041615
96,04/03/15 04:00,-64.818242,-3.047016
96,04/03/15 10:00,-64.818021,-3.047018
96,04/03/15 16:00,-64.818008,-3.047026
96,04/03/15 22:02,-64.818757,-3.044851
96,04/04/15 04:02,-64.818977,-3.043793
96,04/04/15 10:01,-64.809924,-3.043251
96,04/04/15 16:01,-64.80995,-3.043194
96,04/04/15 22:03,-64.80998,-3.043073
96,04/05/15 04:01,-64.809955,-3.042988
96,04/05/15 10:01,-64.811862,-3.036817
96,04/05/15 16:00,-64.811878,-3.036743
96,04/06/15 04:01,-64.818394,-3.041695
96,04/06/15 10:01,-64.818382,-3.041614
96,04/06/15 16:01,-64.818471,-3.04164
96,04/06/15 22:02,-64.819099,-3.038117
96,04/07/15 04:01,-64.814391,-3.037548
96,04/07/15 16:01,-64.813987,-3.037117
96,04/07/15 22:03,-64.814866,-3.037086
96,04/08/15 04:00,-64.828497,-3.030008
96,04/08/15 10:01,-64.835572,-3.029601
96,04/08/15 16:00,-64.83568,-3.029657
96,04/08/15 22:01,-64.835931,-3.027792
96,04/09/15 04:02,-64.835603,-3.030698
96,04/09/15 10:02,-64.829933,-3.035413
96,04/09/15 16:01,-64.827192,-3.040871
96,04/09/15 22:02,-64.827838,-3.039301
96,04/10/15 04:00,-64.826435,-3.03592
96,04/10/15 10:00,-64.822028,-3.03301
96,04/10/15 16:00,-64.822002,-3.032945
96,04/10/15 22:01,-64.82198,-3.03301
96,04/11/15 04:00,-64.822459,-3.033214
96,04/11/15 10:00,-64.82209,-3.033047
96,04/11/15 16:00,-64.822026,-3.033102
96,04/11/15 22:01,-64.822012,-3.033016
96,04/12/15 10:01,-64.824432,-3.023044
96,04/12/15 16:00,-64.825666,-3.023362
96,04/12/15 22:01,-64.830264,-3.024687
96,04/13/15 10:02,-64.831884,-3.031393
96,04/13/15 16:00,-64.822105,-3.033153
96,04/13/15 22:00,-64.822062,-3.033098
96,04/14/15 04:00,-64.816365,-3.032775
96,04/15/15 04:01,-64.819653,-3.023871
96,04/15/15 10:01,-64.819715,-3.023808
96,04/15/15 16:02,-64.819683,-3.023864
96,04/15/15 22:03,-64.819788,-3.023738
96,04/16/15 04:01,-64.811643,-3.027119
96,04/16/15 10:01,-64.807567,-3.03579
96,04/17/15 10:01,-64.807748,-3.03907
96,04/17/15 22:00,-64.807323,-3.039347
96,04/18/15 10:01,-64.819042,-3.037709
96,04/18/15 16:00,-64.819384,-3.037757
96,04/18/15 22:01,-64.822052,-3.032913
96,04/19/15 04:00,-64.822131,-3.032968
96,04/19/15 10:00,-64.821004,-3.0322
96,04/19/15 16:01,-64.821028,-3.032303
96,04/19/15 22:01,-64.820912,-3.032659
96,04/20/15 04:02,-64.827343,-3.030214
96,04/21/15 04:00,-64.830001,-3.039421
96,04/21/15 10:02,-64.827449,-3.03715
96,04/21/15 22:00,-64.821983,-3.033075
96,04/22/15 04:00,-64.816461,-3.032765
96,04/22/15 10:00,-64.816338,-3.03279
96,04/23/15 10:00,-64.845566,-3.029288
96,04/23/15 16:01,-64.845475,-3.029184
96,04/23/15 22:01,-64.845527,-3.029394
96,04/24/15 04:02,-64.845615,-3.029287
96,04/24/15 10:00,-64.845442,-3.029332
96,04/24/15 16:00,-64.845586,-3.02932
96,04/24/15 22:00,-64.845597,-3.029284
96,04/25/15 04:01,-64.841747,-3.023634
96,04/25/15 10:01,-64.840528,-3.023825
96,04/25/15 16:00,-64.834332,-3.026729
96,04/25/15 22:01,-64.834162,-3.026678
96,04/26/15 04:01,-64.831343,-3.027804
96,04/26/15 10:00,-64.822034,-3.033097
96,04/26/15 16:00,-64.82204,-3.033027
96,04/26/15 22:00,-64.8223,-3.032844
96,04/27/15 04:00,-64.822213,-3.032852
96,04/27/15 10:00,-64.821994,-3.033132
96,04/27/15 16:01,-64.821917,-3.033078
96,04/28/15 10:01,-64.821354,-3.037052
96,04/28/15 16:00,-64.82122,-3.037259
96,04/28/15 22:01,-64.821116,-3.037151
96,04/29/15 04:00,-64.821081,-3.034294
96,04/29/15 10:02,-64.821124,-3.036864
96,04/29/15 22:01,-64.820748,-3.037534
96,04/30/15 04:00,-64.823842,-3.040909
96,04/30/15 10:01,-64.823939,-3.040911
96,04/30/15 16:00,-64.823913,-3.04085
96,04/30/15 22:01,-64.823797,-3.040919
96,05/01/15 04:01,-64.823888,-3.040956
96,05/01/15 10:01,-64.823867,-3.04089
96,05/01/15 16:00,-64.823945,-3.04094
96,05/01/15 22:00,-64.823858,-3.040969
96,05/02/15 04:00,-64.82521,-3.048318
96,05/02/15 10:00,-64.827571,-3.050716
96,05/02/15 16:00,-64.826972,-3.05183
96,05/02/15 22:00,-64.826847,-3.051903
96,05/03/15 04:01,-64.831219,-3.050058
96,05/03/15 10:01,-64.83148,-3.050197
96,05/03/15 16:01,-64.829617,-3.054462
96,05/03/15 22:02,-64.829602,-3.054242
96,05/04/15 04:01,-64.82957,-3.054251
96,05/04/15 10:00,-64.829607,-3.054351
96,05/04/15 16:00,-64.828226,-3.047148
96,05/04/15 22:00,-64.828183,-3.047148
96,05/05/15 04:01,-64.828313,-3.047159
96,05/05/15 10:01,-64.826633,-3.035355
96,05/06/15 04:02,-64.821154,-3.037301
96,05/06/15 22:00,-64.825353,-3.042502
96,05/07/15 04:01,-64.826959,-3.042695
96,05/07/15 10:01,-64.826062,-3.042025
96,05/07/15 16:00,-64.826074,-3.042024
96,05/07/15 22:00,-64.826085,-3.042021
96,05/08/15 04:00,-64.826057,-3.042017
96,05/08/15 10:00,-64.826444,-3.042456
96,05/08/15 16:01,-64.82666,-3.042389
96,05/08/15 22:00,-64.826881,-3.042413
96,05/09/15 04:00,-64.826135,-3.042048
96,05/09/15 10:00,-64.826202,-3.042019
96,05/09/15 16:00,-64.826101,-3.042084
96,05/09/15 22:00,-64.826011,-3.042019
96,05/10/15 04:01,-64.832366,-3.045581
96,05/10/15 10:01,-64.832907,-3.046136
96,05/10/15 16:00,-64.832766,-3.044968
96,05/10/15 22:01,-64.832779,-3.044873
96,05/11/15 04:01,-64.834688,-3.045898
96,05/11/15 10:00,-64.834274,-3.046103
96,05/11/15 16:00,-64.834306,-3.046122
96,05/11/15 22:00,-64.834209,-3.046136
96,05/12/15 04:00,-64.83421,-3.046131
96,05/12/15 16:00,-64.833943,-3.043842
96,05/12/15 22:02,-64.833944,-3.04388
96,05/13/15 04:01,-64.829916,-3.039379
96,05/13/15 10:00,-64.826096,-3.042063
96,05/13/15 16:02,-64.826083,-3.042066
96,05/13/15 22:00,-64.826075,-3.042062
96,05/14/15 04:00,-64.82599,-3.042118
96,05/14/15 10:00,-64.826121,-3.042054
96,05/14/15 16:00,-64.826114,-3.042039
96,05/14/15 22:00,-64.826087,-3.042013
96,05/15/15 04:01,-64.828578,-3.046494
96,05/15/15 10:01,-64.828067,-3.047241
96,05/15/15 16:01,-64.828013,-3.047118
96,05/15/15 22:00,-64.828113,-3.047105
96,05/16/15 04:00,-64.832846,-3.049282
96,05/16/15 16:00,-64.826124,-3.042038
96,05/16/15 22:00,-64.826074,-3.042038
96,05/17/15 04:00,-64.823945,-3.050981
96,05/17/15 10:01,-64.823959,-3.050979
96,05/17/15 16:01,-64.824093,-3.050976
96,05/17/15 22:00,-64.824079,-3.051029
96,05/18/15 04:01,-64.827984,-3.058534
96,05/18/15 10:02,-64.827548,-3.058236
96,05/18/15 16:00,-64.827365,-3.058253
96,05/18/15 22:00,-64.827572,-3.058233
96,05/19/15 04:00,-64.82687,-3.051863
96,05/19/15 10:02,-64.826853,-3.051792
96,05/19/15 16:00,-64.826888,-3.051864
96,05/19/15 22:00,-64.826929,-3.051948
96,05/20/15 04:00,-64.82806,-3.047023
96,05/20/15 10:01,-64.826082,-3.042027
96,05/20/15 16:01,-64.826012,-3.041989
96,05/20/15 22:01,-64.826058,-3.042033
96,05/21/15 04:01,-64.827927,-3.041503
96,05/21/15 10:01,-64.828119,-3.0414
96,05/21/15 16:00,-64.827998,-3.04142
96,05/21/15 22:00,-64.828085,-3.041489
96,05/22/15 04:00,-64.827925,-3.041479
96,05/22/15 10:00,-64.82811,-3.04152
96,05/22/15 22:00,-64.831105,-3.039003
96,05/23/15 04:00,-64.837542,-3.035866
96,05/23/15 16:01,-64.840163,-3.0393
96,05/23/15 22:00,-64.840793,-3.039406
96,05/24/15 04:00,-64.842985,-3.041593
96,05/24/15 10:00,-64.849218,-3.040178
96,05/24/15 16:01,-64.849142,-3.040215
96,05/24/15 22:01,-64.851429,-3.038961
96,05/25/15 04:01,-64.85009,-3.037288
96,05/25/15 10:00,-64.850235,-3.037513
96,05/25/15 16:00,-64.850195,-3.037522
96,05/25/15 22:01,-64.850193,-3.037584
96,05/26/15 04:02,-64.834179,-3.035486
96,05/26/15 16:00,-64.851484,-3.039038
96,05/26/15 22:00,-64.851492,-3.039055
96,05/27/15 04:00,-64.851385,-3.039117
96,05/27/15 10:00,-64.851413,-3.039007
96,05/27/15 16:00,-64.851442,-3.039034
96,05/27/15 22:01,-64.851321,-3.039117
96,05/28/15 04:00,-64.851594,-3.03922
96,05/28/15 10:01,-64.851056,-3.036654
96,05/28/15 16:00,-64.851058,-3.036685
96,05/28/15 22:00,-64.851028,-3.036659
96,05/29/15 04:01,-64.85121,-3.036759
96,05/29/15 10:00,-64.83429,-3.035257
96,05/29/15 16:01,-64.834227,-3.035308
96,05/30/15 04:01,-64.851087,-3.036592
96,05/30/15 10:00,-64.851002,-3.036682
96,05/30/15 16:01,-64.845598,-3.029216
96,05/30/15 22:00,-64.834855,-3.033552
96,05/31/15 04:01,-64.834869,-3.033224
96,05/31/15 10:00,-64.835054,-3.03355
96,05/31/15 16:01,-64.837602,-3.035827
96,05/31/15 22:00,-64.837495,-3.035936
96,06/01/15 04:00,-64.83822,-3.035882
96,06/01/15 16:02,-64.838189,-3.035858
96,06/01/15 22:00,-64.838252,-3.035823
96,06/02/15 04:01,-64.833925,-3.038288
96,06/02/15 10:00,-64.833818,-3.038259
96,06/02/15 16:01,-64.833793,-3.038278
96,06/02/15 22:01,-64.83384,-3.038139
96,06/03/15 04:00,-64.834839,-3.033259
96,06/03/15 10:01,-64.834997,-3.033317
96,06/03/15 16:01,-64.834992,-3.03349
96,06/03/15 22:00,-64.837456,-3.035875
96,06/04/15 04:01,-64.840033,-3.038261
96,06/04/15 10:00,-64.840005,-3.038189
96,06/04/15 16:01,-64.840137,-3.039299
96,06/04/15 22:00,-64.840025,-3.039338
96,06/05/15 04:01,-64.840012,-3.039354
96,06/05/15 10:01,-64.839981,-3.039264
96,06/05/15 16:01,-64.840152,-3.039331
96,06/05/15 22:01,-64.840121,-3.03931
96,06/06/15 04:00,-64.833581,-3.035279
96,06/06/15 10:01,-64.826652,-3.035384
96,06/06/15 16:01,-64.826691,-3.035408
96,06/06/15 22:00,-64.826861,-3.035241
96,06/07/15 04:00,-64.829914,-3.039401
96,06/07/15 10:00,-64.829665,-3.036511
96,06/07/15 22:01,-64.837462,-3.035603
96,06/08/15 04:00,-64.828991,-3.028917
96,06/08/15 10:02,-64.829004,-3.028895
96,06/08/15 22:00,-64.822171,-3.032755
96,06/09/15 04:01,-64.822222,-3.032759
96,06/09/15 10:00,-64.82232,-3.032697
96,06/09/15 16:00,-64.822141,-3.032824
96,06/09/15 22:00,-64.822333,-3.032817
96,06/10/15 04:02,-64.8189,-3.036788
96,06/10/15 10:02,-64.826725,-3.035312
96,06/10/15 16:00,-64.826718,-3.035379
96,06/10/15 22:01,-64.826553,-3.035528
96,06/11/15 04:00,-64.826695,-3.035428
96,06/11/15 10:00,-64.82667,-3.03541
96,06/11/15 16:00,-64.826726,-3.035409
96,06/11/15 22:00,-64.826597,-3.041206
96,06/12/15 10:00,-64.838231,-3.035841
96,06/12/15 16:00,-64.838222,-3.035769
96,06/12/15 22:00,-64.838285,-3.035832
96,06/13/15 04:00,-64.838282,-3.035843
96,06/13/15 10:00,-64.838193,-3.035848
96,06/13/15 16:02,-64.838222,-3.035909
96,06/13/15 22:00,-64.838248,-3.035928
96,06/14/15 04:01,-64.837358,-3.035835
96,06/14/15 10:01,-64.837317,-3.03573
96,06/14/15 16:01,-64.83739,-3.03565
96,06/14/15 22:00,-64.837383,-3.035627
96,06/15/15 04:00,-64.837509,-3.035742
96,06/15/15 10:02,-64.834622,-3.049311
96,06/15/15 16:01,-64.834592,-3.048617
96,06/15/15 22:00,-64.834591,-3.048736
96,06/16/15 04:03,-64.838971,-3.050064
96,06/16/15 10:00,-64.839146,-3.050116
96,06/16/15 16:02,-64.839026,-3.05002
96,06/16/15 22:00,-64.83924,-3.050081
96,06/17/15 04:01,-64.839026,-3.050081
96,06/17/15 10:00,-64.838572,-3.050013
96,06/17/15 16:00,-64839.0,-3.050049
96,06/17/15 22:00,-64.839082,-3.050166
96,06/18/15 04:01,-64.839045,-3.049973
96,06/18/15 16:00,-64.839087,-3.050085
96,06/18/15 22:00,-64.839058,-3.05007
96,06/19/15 04:00,-64.839038,-3.050075
96,06/19/15 10:00,-64.839043,-3.050067
96,06/19/15 16:00,-64.839058,-3.050102
96,06/19/15 22:00,-64.838977,-3.050158
96,06/20/15 04:00,-64.839532,-3.049067
96,06/20/15 10:00,-64.839573,-3049.0
96,06/20/15 16:00,-64.839815,-3.04448
96,06/20/15 22:00,-64.83981,-3.044386
96,06/21/15 04:00,-64.839853,-3.044414
96,06/21/15 10:00,-64.84463,-3.046274
96,06/21/15 16:00,-64.844579,-3.046363
96,06/21/15 22:00,-64.844623,-3.046258
96,06/22/15 04:00,-64.844591,-3.046391
96,06/22/15 10:02,-64.845859,-3.049167
96,06/22/15 16:00,-64.845937,-3.049121
96,06/22/15 22:01,-64.845699,-3.049216
96,06/23/15 04:00,-64.84582,-3.048997
96,06/23/15 10:00,-64.846487,-3.049828
96,06/23/15 16:01,-64.846439,-3.050039
96,06/23/15 22:00,-64.846384,-3.049939
96,06/24/15 04:01,-64.847025,-3.049628
96,06/24/15 10:00,-64.849268,-3.044028
96,06/24/15 16:00,-64.850225,-3.037681
96,06/24/15 22:00,-64.850197,-3.037551
96,06/25/15 04:00,-64.850176,-3.03753
96,06/25/15 10:00,-64.850213,-3.037507
96,06/25/15 16:00,-64.850269,-3.037537
96,06/25/15 22:00,-64.850292,-3.03758
96,06/26/15 04:02,-64.851166,-3.037799
96,06/26/15 10:01,-64.851151,-3.0323
96,06/26/15 16:01,-64.851124,-3.032267
96,06/26/15 22:01,-64.850376,-3.032654
96,06/27/15 04:02,-64.85138,-3.030622
96,06/27/15 10:00,-64.851321,-3.028993
96,06/27/15 16:01,-64.851364,-3.029126
96,06/27/15 22:01,-64.851193,-3.029135
96,06/28/15 04:00,-64.852111,-3.026452
96,06/28/15 10:01,-64.852993,-3.025786
96,06/28/15 16:01,-64.853045,-3.025819
96,06/28/15 22:00,-64.852901,-3.025894
96,06/29/15 10:00,-64.853376,-3.027947
96,06/29/15 16:00,-64.853483,-3.028001
96,06/29/15 22:00,-64.85344,-3.027981
96,06/30/15 04:01,-64.856472,-3.028156
96,06/30/15 10:01,-64.857202,-3.028531
96,06/30/15 16:00,-64.856696,-3.028296
96,06/30/15 22:00,-64.856553,-3.028247
96,07/01/15 04:01,-64.856275,-3.028065
96,07/01/15 10:01,-64.856819,-3.026424
96,07/01/15 16:00,-64.856865,-3.026576
96,07/01/15 22:01,-64.856759,-3.026547
96,07/02/15 04:01,-64.856856,-3.02642
96,07/02/15 10:00,-64.856697,-3.026546
96,07/02/15 16:00,-64.853228,-3.028006
96,07/02/15 22:00,-64.853405,-3.027932
96,07/03/15 04:01,-64.853854,-3.028153
96,07/03/15 10:01,-64.853436,-3.027894
96,07/03/15 16:00,-64.853471,-3.027946
96,07/03/15 22:00,-64.853366,-3.027989
96,07/04/15 04:01,-64.853232,-3.021964
96,07/04/15 10:01,-64.84907,-3.016753
96,07/04/15 16:01,-64.849024,-3.016683
96,07/04/15 22:00,-64.849115,-3.016606
96,07/05/15 04:00,-64.848141,-3.012811
96,07/05/15 10:00,-64.848216,-3.01278
96,07/05/15 16:00,-64.848196,-3.012782
96,07/05/15 22:01,-64.844681,-3.008359
96,07/06/15 04:00,-64.843135,-3.006817
96,07/06/15 10:00,-64.843288,-3.006827
96,07/06/15 16:00,-64.846457,-3.003503
96,07/06/15 22:00,-64.84665,-3.003698
96,07/07/15 10:00,-64.841564,-2.991969
96,07/07/15 16:02,-64.841475,-2.992141
96,07/08/15 04:00,-64.827645,-2.972927
96,07/08/15 10:02,-64.828584,-2.973825
96,07/08/15 22:01,-64.827984,-2.974565
96,07/09/15 04:02,-64.832614,-2.982221
96,07/09/15 16:00,-64.837466,-2.985449
96,07/09/15 22:02,-64.837296,-2.9851
96,07/10/15 04:01,-64.837234,-2.985086
96,07/10/15 10:01,-64.837258,-2.985015
96,07/10/15 16:02,-64.836484,-2.984216
96,07/10/15 22:02,-64.83659,-2.984184
96,07/11/15 10:02,-64.836452,-2.981421
96,07/12/15 04:02,-64.837583,-2.980334
96,07/12/15 10:02,-64.837546,-2.98021
96,07/12/15 16:01,-64.836896,-2.979457
96,07/13/15 04:01,-64.832355,-2.96677
96,07/13/15 10:01,-64.829429,-2.95917
96,07/13/15 16:00,-64.829803,-2.958728
96,07/13/15 22:01,-64823.0,-2.952458
96,07/14/15 04:01,-64.821343,-2.955567
96,07/14/15 10:00,-64.821387,-2.955416
96,07/14/15 16:01,-64.816809,-2.959659
96,07/14/15 22:01,-64.816943,-2.969706
96,07/15/15 04:00,-64.816812,-2.970531
96,07/15/15 10:01,-64.819116,-2.961932
96,07/15/15 16:00,-64.819007,-2.960253
96,07/16/15 04:00,-64.819039,-2.958974
96,07/16/15 10:01,-64.819789,-2.953273
96,07/16/15 22:01,-64.828413,-2.937454
96,07/17/15 04:01,-64.825088,-2.941629
96,07/17/15 10:01,-64.824946,-2.941527
96,07/17/15 16:01,-64.821806,-2.942955
96,07/17/15 22:02,-64.823479,-2.941483
96,07/18/15 04:00,-64.82337,-2.94151
96,07/18/15 10:01,-64.825013,-2.941473
96,07/18/15 22:01,-64.823139,-2.941528
96,07/19/15 04:00,-64.823334,-2.941454
97,10/21/14 16:16,-64.914479,-2.984805
97,10/21/14 17:16,-64.870706,-3.02978
97,10/21/14 22:03,-64.870105,-3.03021
97,10/22/14 04:02,-64.870019,-3.030381
97,10/22/14 10:00,-64.870019,-3.030982
97,10/22/14 22:01,-64.863667,-3.032012
97,10/23/14 10:02,-64.86341,-3.03184
97,10/23/14 16:00,-64.863753,-3.032012
97,10/31/14 10:00,-64.882722,-2.994418
97,10/31/14 16:00,-64.882722,-2.994418
97,10/31/14 22:00,-64.882722,-2.994418
97,11/01/14 04:00,-64.88255,-2.994332
97,11/01/14 10:00,-64.882636,-2.994332
97,11/01/14 16:00,-64.882722,-2.994246
97,11/09/14 22:01,-64.837918,-3.035274
97,11/10/14 04:00,-64.855514,-3.018365
97,11/10/14 16:00,-64.873023,-3.01785
97,11/11/14 04:02,-64.880576,-3.001542
97,11/11/14 10:00,-64.880748,-3.001542
97,11/11/14 16:00,-64.880919,-3.001285
97,11/26/14 10:00,-64.896111,-3.002315
97,11/26/14 16:00,-64.892678,-3.009353
97,11/27/14 04:01,-64.872766,-3.030124
97,11/27/14 10:00,-64.879546,-3.034244
97,11/27/14 16:01,-64.877143,-3.03493
97,11/28/14 04:00,-64.86547,-3.033214
97,11/30/14 10:01,-64.892507,-3.002057
97,11/30/14 16:01,-64.891992,-3.004117
97,11/30/14 22:02,-64.891648,-3.003774
97,12/01/14 04:01,-64.888215,-3.01064
97,12/01/14 10:00,-64.892077,-3.004117
97,12/01/14 16:01,-64.891562,-3.005147
97,12/03/14 22:00,-64.889588,-3.007121
97,12/07/14 16:01,-64.892249,-2.999911
97,12/07/14 22:02,-64.892592,-3.005404
97,02/10/15 16:01,-64.876885,-2.97399
97,02/10/15 22:03,-64.875855,-2.974162
97,02/11/15 04:02,-64.876027,-2.974763
97,02/11/15 10:02,-64.877572,-2.974505
97,02/11/15 16:01,-64.8768,-2.973905
97,02/11/15 22:01,-64.867787,-2.991757
97,04/21/15 16:01,-64.905982,-2.970386
97,04/21/15 22:01,-64.905725,-2.970729
97,04/22/15 04:02,-64.914222,-2.979827
97,04/22/15 10:01,-64.915423,-2.972274
97,04/22/15 16:00,-64.915423,-2.972274
97,04/22/15 22:00,-64.915338,-2.972188
97,05/02/15 04:00,-64.901261,-2.94395
97,05/02/15 10:01,-64.89594,-2.954335
97,05/02/15 16:00,-64.89491,-2.954936
97,05/02/15 22:00,-64.894996,-2.954936
97,05/03/15 04:00,-64.889245,-2.959914
97,05/03/15 10:00,-64.874053,-2.965665
97,05/03/15 16:00,-64.871478,-2.96515
97,05/19/15 16:00,-64.894052,-2.991672
97,05/19/15 22:00,-64.894052,-2.991672
97,05/20/15 04:01,-64.899459,-2.991328
97,05/20/15 10:00,-64.907956,-2.986093
97,05/20/15 16:00,-64.90787,-2.986178
97,05/20/15 22:00,-64.90787,-2.986093
97,05/21/15 04:01,-64.910617,-2.98223
97,05/23/15 10:00,-64.88976,-2.922406
97,05/23/15 16:00,-64.889674,-2.92232
97,05/23/15 22:00,-64.88976,-2.922492
97,05/24/15 10:01,-64.88255,-2.926183
97,05/24/15 16:00,-64.882636,-2.926097
97,05/24/15 22:00,-64.88255,-2.926183
97,05/25/15 04:00,-64.882636,-2.926097
97,05/28/15 22:00,-64.852853,-2.924981
97,06/04/15 10:00,-64.875598,-2.923865
97,06/04/15 16:00,-64.875684,-2.923865
97,06/04/15 22:00,-64.875598,-2.923865
97,06/05/15 10:00,-64.874568,-2.923179
97,06/05/15 16:01,-64.87371,-2.923694
97,06/05/15 22:00,-64.873881,-2.923608
97,06/06/15 04:01,-64.872079,-2.923779
97,06/06/15 10:01,-64.865813,-2.924037
97,06/06/15 16:00,-64.865899,-2.924123
97,06/06/15 22:00,-64.865813,-2.924123
97,06/07/15 04:00,-64.865813,-2.924123
97,06/07/15 10:00,-64.867702,-2.92335
97,06/07/15 16:01,-64.867616,-2.923865
97,06/07/15 22:00,-64.867702,-2.923694
97,06/08/15 04:01,-64.867787,-2.923694
97,06/08/15 16:00,-64.871821,-2.92541
97,06/08/15 22:00,-64.871736,-2.925324
97,06/09/15 04:00,-64.871821,-2.92541
97,06/09/15 10:00,-64.873881,-2.923522
97,06/09/15 16:01,-64.873881,-2.923779
97,06/09/15 22:00,-64.873881,-2.923694
97,06/10/15 04:01,-64.874396,-2.918286
97,06/10/15 10:00,-64.876113,-2.917342
97,06/10/15 16:00,-64.878173,-2.919488
97,06/10/15 22:01,-64.877915,-2.919831
97,06/11/15 04:00,-64.87783,-2.919745
97,06/11/15 10:00,-64.877915,-2.919831
97,06/11/15 16:00,-64.878087,-2.919745
97,06/11/15 22:00,-64.879804,-2.919316
97,06/18/15 22:00,-64.890018,-2.908072
97,06/19/15 04:00,-64.890103,-2.907987
97,06/19/15 10:01,-64.889073,-2.909532
97,06/19/15 16:00,-64.889245,-2.909703
97,06/19/15 22:00,-64.886413,-2.908244
97,06/20/15 04:00,-64.886413,-2.908158
97,06/20/15 10:00,-64.886584,-2.908244
97,06/20/15 16:00,-64.886584,-2.908244
97,06/20/15 22:00,-64.886584,-2.908244
97,06/21/15 04:00,-64.885554,-2.908587
97,06/21/15 10:01,-64.885898,-2.911334
97,06/21/15 16:00,-64.886498,-2.908244
97,06/21/15 22:00,-64.886498,-2.908244
97,06/22/15 04:00,-64.886498,-2.90833
97,06/22/15 10:00,-64.886498,-2.908244
97,06/22/15 16:00,-64.886498,-2.908244
97,06/22/15 22:00,-64.886413,-2.90833
97,06/23/15 04:00,-64.885812,-2.908845
97,06/23/15 10:00,-64.886584,-2.90833
97,06/23/15 16:00,-64.886498,-2.908502
97,06/23/15 22:00,-64.88667,-2.908072
97,06/24/15 04:00,-64.886069,-2.908845
97,06/24/15 10:01,-64.886413,-2.909789
97,06/24/15 16:00,-64.886498,-2.908416
97,06/24/15 22:00,-64.886413,-2.908158
97,06/25/15 04:00,-64.882379,-2.910733
97,06/25/15 10:00,-64.883151,-2.914166
97,06/25/15 16:00,-64.883237,-2.914081
97,06/25/15 22:00,-64.884953,-2.911935
97,06/26/15 04:00,-64.889159,-2.910562
97,06/26/15 10:00,-64.898772,-2.902236
97,06/26/15 16:00,-64.898772,-2.90215
97,06/26/15 22:00,-64.898858,-2.902236
97,06/27/15 04:00,-64.901261,-2.899489
97,06/27/15 10:00,-64.90315,-2.897687
97,06/27/15 16:00,-64.905295,-2.891679
97,06/29/15 16:00,-64.909759,-2.883267
97,06/29/15 22:00,-64.909673,-2.883353
97,06/30/15 04:01,-64.909673,-2.883267
97,06/30/15 10:00,-64.908643,-2.879748
97,06/30/15 16:00,-64.907441,-2.880092
97,06/30/15 22:01,-64.904523,-2.884812
97,07/01/15 04:00,-64.898171,-2.886014
97,07/05/15 10:00,-64.90684,-2.875886
97,07/05/15 16:00,-64.906754,-2.875886
97,07/05/15 22:00,-64.90684,-2.875886
97,07/06/15 04:00,-64.906754,-2.875886
97,07/06/15 10:01,-64.906754,-2.875886
97,07/06/15 16:00,-64.90684,-2.8758
97,07/06/15 22:00,-64.906583,-2.8758
97,07/08/15 16:01,-64.897742,-2.901378
97,07/08/15 22:00,-64.897141,-2.90112
97,07/09/15 04:00,-64.894481,-2.901292
97,07/09/15 10:00,-64.891906,-2.898374
97,07/09/15 16:01,-64.897313,-2.901292
97,07/09/15 22:00,-64.896798,-2.900519
97,07/10/15 04:02,-64.893966,-2.901807
97,07/10/15 10:00,-64.893193,-2.903867
97,07/10/15 16:01,-64.893279,-2.903867
97,07/10/15 22:00,-64.893193,-2.903867
97,07/11/15 04:00,-64.889245,-2.904983
97,07/11/15 10:00,-64.887614,-2.903781
97,07/11/15 16:00,-64.889159,-2.906785
97,07/11/15 22:00,-64.889073,-2.906871
97,07/12/15 04:00,-64.889159,-2.906785
97,07/12/15 10:00,-64.887013,-2.908072
97,07/12/15 16:01,-64.886413,-2.908244
97,07/12/15 22:00,-64.886498,-2.908244
97,07/13/15 04:00,-64.886498,-2.908416
97,07/13/15 10:00,-64.883151,-2.907557
97,07/13/15 16:00,-64.885468,-2.906785
97,07/13/15 22:00,-64.885383,-2.906785
97,07/19/15 16:00,-64.916368,-2.883782
97,07/23/15 10:00,-64.895768,-2.894769
97,07/23/15 16:00,-64.895682,-2.894769
97,07/23/15 22:00,-64.895682,-2.894769
97,07/24/15 10:00,-64.891992,-2.898374
97,07/24/15 16:01,-64.896626,-2.901978
97,07/24/15 22:00,-64.895682,-2.901292
97,07/25/15 04:00,-64.895768,-2.901635
97,07/27/15 10:00,-64.885297,-2.906785
97,07/27/15 16:00,-64.885468,-2.906785
97,07/27/15 22:01,-64.884095,-2.9073
97,07/29/15 22:00,-64.885383,-2.906785
97,07/30/15 04:00,-64.885383,-2.906871
97,07/30/15 16:01,-64.891391,-2.913823
97,07/30/15 22:00,-64.891219,-2.913995
97,07/31/15 04:00,-64.890189,-2.911077
97,07/31/15 10:01,-64.884696,-2.907987
97,08/05/15 10:00,-64.912505,-2.879663
97,08/05/15 16:03,-64.912248,-2.879148
97,08/05/15 22:00,-64.912505,-2.879491
97,08/06/15 04:01,-64.912162,-2.880864
97,08/06/15 10:01,-64.915681,-2.890906
97,08/06/15 16:01,-64.915509,-2.890649
97,08/08/15 16:00,-64.904523,-2.899232
97,08/08/15 22:00,-64.902291,-2.894683
97,08/15/15 16:00,-64.906068,-2.902837
97,08/15/15 22:00,-64.90624,-2.902837
97,08/16/15 04:00,-64.906154,-2.902837
97,08/16/15 10:00,-64.90375,-2.907987
97,08/16/15 16:02,-64.899459,-2.905841
97,08/16/15 22:01,-64.899545,-2.905154
97,08/26/15 10:02,-64.971728,-2.926955
97,08/26/15 16:01,-64.971213,-2.925839
97,08/26/15 22:02,-64.970784,-2.926011
97,08/27/15 04:00,-64.971385,-2.924981
97,08/27/15 10:01,-64.968553,-2.91923
97,08/27/15 16:01,-64.968123,-2.915711
97,09/04/15 10:03,-64.953704,-2.939572
97,09/04/15 16:00,-64.94761,-2.926183
97,09/04/15 22:00,-64.947782,-2.926097
97,09/05/15 10:02,-64.947782,-2.926097
97,09/05/15 16:00,-64.947867,-2.926097
97,09/05/15 22:01,-64.947867,-2.926097
97,09/06/15 04:01,-64.948039,-2.926183
97,09/06/15 10:00,-64.947953,-2.926183
97,09/06/15 16:02,-64.947009,-2.92541
97,09/06/15 22:00,-64.947009,-2.92541
97,09/07/15 04:00,-64.945722,-2.926526
97,09/07/15 10:03,-64.943919,-2.927556
97,09/12/15 16:02,-64.871478,-2.933822
97,09/13/15 04:01,-64.905381,-2.933393
97,09/13/15 10:01,-64.905896,-2.933993
97,09/13/15 16:00,-64.913192,-2.936997
97,09/13/15 22:01,-64.913106,-2.936912
97,09/17/15 16:00,-64.931302,-2.937169
97,09/17/15 22:02,-64.93113,-2.937427
97,09/19/15 04:00,-64.9507,-2.927728
97,09/19/15 10:01,-64.949327,-2.928243
97,09/19/15 22:00,-64.957051,-2.94704
97,09/20/15 04:02,-64.965634,-2.932363
97,09/20/15 10:00,-64.963489,-2.929959
97,09/20/15 16:00,-64.950442,-2.941804
97,09/21/15 04:03,-64.943919,-2.962575
97,09/21/15 10:02,-64.945378,-2.960429
97,09/21/15 16:01,-64.945378,-2.960172
97,09/22/15 04:02,-64.945292,-2.960944
97,09/22/15 10:01,-64.941516,-2.954249
97,09/22/15 22:00,-64.941773,-2.947383
97,09/24/15 22:01,-64.9301,-2.954936
97,09/25/15 04:03,-64.935079,-2.953219
97,09/25/15 22:01,-64.929671,-2.953477
97,09/29/15 16:00,-64.939198,-2.947726
97,09/29/15 22:01,-64.941173,-2.946181
97,09/30/15 04:00,-64.942803,-2.962403
97,09/30/15 16:00,-64.946837,-2.955194
97,09/30/15 22:01,-64.946923,-2.955022
97,10/01/15 04:01,-64.935679,-2.946525
97,10/01/15 10:01,-64.930701,-2.934937
97,10/01/15 16:00,-64.925551,-2.936225
97,10/01/15 22:00,-64.92641,-2.936654
97,10/02/15 04:00,-64.926152,-2.937512
97,10/02/15 10:01,-64.925981,-2.937427
97,10/02/15 16:02,-64.926324,-2.937427
97,10/02/15 22:01,-64.925551,-2.937598
97,10/03/15 04:01,-64.927182,-2.943778
97,10/03/15 10:00,-64.927182,-2.943692
97,10/03/15 16:00,-64.937396,-2.943435
97,10/03/15 22:01,-64.938941,-2.94292
97,10/06/15 16:00,-64.96778,-2.921119
97,10/07/15 10:02,-64.951386,-2.926869
97,10/07/15 16:03,-64.944606,-2.93777
97,10/07/15 22:02,-64.954906,-2.943864
97,10/08/15 22:01,-64.957309,-2.942147
97,10/09/15 04:02,-64.946494,-2.952704
97,10/11/15 04:03,-64.937053,-2.939487
97,10/11/15 10:02,-64.937568,-2.939916
97,10/11/15 22:02,-64.938083,-2.939916
97,10/12/15 04:00,-64.934134,-2.946868
97,10/12/15 10:03,-64.934306,-2.94704
97,10/12/15 16:00,-64.931817,-2.95013
97,10/22/15 10:01,-64.943662,-2.958283
97,10/22/15 16:01,-64.946237,-2.96206
97,10/22/15 22:02,-64.946237,-2.96206
97,10/23/15 10:00,-64.95585,-2.959571
97,10/23/15 16:02,-64.955935,-2.959399
97,10/23/15 22:00,-64.956021,-2.956052
97,10/24/15 04:01,-64.953532,-2.957253
97,10/27/15 22:00,-64.950185,-2.961202
97,10/28/15 10:01,-64.936881,-2.952704
97,10/28/15 22:02,-64.931302,-2.951417
97,10/29/15 10:00,-64.932246,-2.938199
97,10/29/15 16:01,-64.932246,-2.938199
97,10/29/15 22:00,-64.932332,-2.938027
97,10/30/15 04:02,-64.938083,-2.940259
97,10/30/15 10:02,-64.938083,-2.940516
97,10/30/15 16:01,-64.937997,-2.939916
97,10/31/15 10:00,-64.938083,-2.940602
97,10/31/15 16:02,-64.938083,-2.940345
97,11/01/15 04:00,-64.938083,-2.940602
97,11/01/15 10:01,-64.937997,-2.940774
97,11/01/15 22:02,-64.937997,-2.940688
97,11/07/15 22:00,-64.920487,-2.970729
97,11/08/15 04:03,-64.908299,-2.969699
97,11/08/15 10:00,-64.935164,-2.946181
97,11/08/15 16:00,-64.940658,-2.944293
98,12/11/14 13:01,-64.85651,-3.054789
98,12/11/14 18:00,-64.856474,-3.054621
98,12/13/14 10:01,-64.856501,-3.054712
98,12/14/14 01:01,-64.848559,-3.098325
98,12/14/14 06:01,-64.839915,-3.095733
98,12/14/14 11:02,-64.840445,-3.095384
98,12/16/14 03:02,-64.863942,-3.087384
98,12/16/14 13:01,-64.854758,-3.094704
98,12/18/14 10:01,-64.854421,-3.096707
98,12/18/14 20:02,-64.841983,-3.101138
98,12/19/14 01:00,-64.839652,-3.102381
98,12/19/14 11:01,-64.840162,-3.100862
98,12/20/14 02:02,-64.833299,-3.105252
98,12/20/14 07:01,-64.83207,-3.10636
98,12/20/14 12:01,-64.832314,-3.105902
98,12/20/14 17:00,-64.83227,-3.105024
98,12/21/14 03:01,-64.843204,-3.101071
98,12/21/14 08:01,-64.84466,-3.100081
98,12/21/14 13:01,-64.845559,-3.09975
98,12/21/14 18:01,-64.846762,-3.098878
98,12/21/14 23:02,-64.847084,-3.098939
98,12/25/14 07:03,-64.856586,-3.055036
98,12/25/14 22:01,-64.856596,-3.054835
98,12/26/14 08:01,-64.857171,-3.056365
98,12/27/14 09:01,-64.856591,-3.056179
98,12/27/14 14:01,-64.856961,-3.055907
98,12/28/14 00:02,-64.852301,-3.071733
98,12/28/14 05:01,-64.856728,-3.055978
98,12/28/14 10:00,-64.856695,-3.056002
98,12/28/14 15:01,-64.856651,-3.055849
98,12/28/14 20:02,-64.856173,-3.055766
98,12/29/14 06:01,-64.852054,-3.057444
98,12/30/14 02:02,-64.856036,-3.055742
98,12/30/14 07:01,-64.855875,-3.055499
98,12/30/14 17:01,-64.856034,-3.055772
98,12/30/14 22:02,-64.856102,-3.059191
98,12/31/14 13:01,-64.854048,-3.060257
98,12/31/14 18:02,-64.856161,-3.059363
98,01/01/15 09:01,-64.855902,-3.059081
98,01/01/15 14:02,-64.855962,-3.059156
98,01/01/15 19:02,-64.855827,-3.059254
98,01/02/15 00:02,-64.855943,-3.059014
98,01/02/15 10:01,-64.844892,-3.065959
98,01/03/15 16:02,-64.855763,-3.059538
98,01/04/15 07:01,-64.84504,-3.064897
98,01/04/15 12:02,-64.855917,-3.059037
98,01/05/15 03:01,-64.856136,-3.059082
98,01/05/15 08:02,-64.855914,-3.059043
98,01/05/15 13:01,-64.855997,-3.059268
98,01/05/15 18:02,-64.855337,-3.061877
98,01/07/15 05:01,-64.851727,-3.073604
98,01/07/15 15:02,-64.851712,-3.073574
98,01/08/15 11:01,-64.841771,-3.07751
98,01/08/15 16:02,-64.851646,-3.073627
98,01/09/15 02:02,-64.86736,-3.06732
98,01/09/15 07:01,-64.866097,-3.078066
98,01/10/15 13:02,-64.851726,-3.073542
98,01/10/15 18:02,-64.834206,-3.079336
98,01/10/15 23:02,-64.834066,-3.079384
98,01/12/15 00:02,-64.850478,-3.073828
98,01/12/15 10:01,-64.850499,-3.074225
98,01/13/15 01:01,-64.85069,-3.073979
98,01/13/15 06:01,-64.850874,-3.074321
98,01/13/15 11:00,-64.851548,-3.073932
98,01/14/15 07:01,-64.850671,-3.073904
98,01/15/15 08:01,-64.83363,-3.081644
98,01/15/15 13:01,-64.833389,-3.081558
98,01/15/15 18:01,-64.846597,-3.08946
98,01/16/15 04:01,-64.846603,-3.089484
98,01/16/15 09:02,-64.846714,-3.08948
98,01/16/15 14:02,-64.847171,-3.091955
98,01/17/15 15:01,-64.846533,-3.089391
98,01/18/15 01:01,-64.819099,-3.07899
98,01/18/15 06:01,-64.823809,-3.082812
98,01/18/15 11:01,-64.82366,-3.08267
98,01/19/15 02:01,-64.846561,-3.089333
98,01/19/15 07:00,-64.846609,-3.089512
98,01/19/15 17:01,-64.844373,-3.091358
98,01/20/15 08:01,-64.841272,-3.094145
98,01/20/15 13:02,-64.841333,-3.093801
98,01/20/15 23:02,-64.841141,-3.093805
98,01/22/15 10:02,-64.841153,-3.093734
98,01/23/15 01:01,-64.842744,-3.093709
98,01/23/15 11:01,-64.84297,-3.093736
98,01/23/15 16:01,-64.842779,-3.093724
98,01/23/15 21:02,-64.842947,-3.093874
98,01/24/15 02:01,-64.83232,-3.082256
98,01/24/15 07:01,-64.832183,-3.082186
98,01/24/15 22:01,-64.842536,-3.093111
98,01/25/15 03:02,-64.837684,-3.090122
98,01/25/15 08:00,-64.840301,-3.091979
98,01/25/15 18:00,-64.840297,-3.092014
98,01/25/15 23:01,-64.840321,-3.091907
98,01/26/15 09:00,-64.841045,-3.092454
98,01/26/15 19:01,-64.839421,-3.096124
98,01/27/15 00:01,-64.839083,-3.096132
98,01/27/15 05:01,-64.839319,-3.096188
98,01/27/15 20:01,-64.839199,-3.096185
98,01/28/15 01:01,-64.843161,-3.102921
98,01/28/15 06:01,-64.839482,-3.096555
98,01/28/15 21:01,-64.839302,-3.096192
98,01/29/15 07:00,-64.839269,-3.096238
98,01/29/15 12:00,-64.839279,-3.096318
98,01/29/15 22:02,-64.822076,-3.103889
98,01/30/15 03:00,-64.839245,-3.096093
98,01/30/15 23:00,-64.839263,-3.096173
98,01/31/15 09:00,-64.839136,-3.096115
98,02/01/15 00:01,-64.839119,-3.096306
98,02/01/15 05:01,-64.839195,-3.096185
98,02/01/15 15:00,-64.839319,-3.096236
98,02/02/15 01:02,-64.839035,-3.096177
98,02/02/15 06:01,-64.839224,-3.096003
98,02/02/15 16:00,-64.839217,-3.0963
98,02/02/15 21:01,-64.845129,-3.096749
98,02/03/15 02:01,-64.859076,-3.09771
98,02/03/15 12:02,-64.858357,-3.096565
98,02/03/15 17:01,-64.856211,-3.099238
98,02/03/15 22:01,-64.845056,-3.096792
98,02/04/15 03:00,-64.844976,-3.096782
98,02/04/15 08:01,-64.845491,-3.097407
98,02/04/15 13:01,-64.852676,-3.099436
98,02/04/15 23:03,-64.841536,-3.104409
98,02/05/15 09:01,-64.84185,-3.104299
98,02/05/15 14:01,-64.842137,-3.10432
98,02/05/15 19:01,-64.84222,-3.104584
98,02/06/15 05:01,-64.842266,-3.104345
98,02/06/15 10:01,-64.842309,-3.104659
98,02/06/15 15:00,-64.842008,-3.104378
98,02/06/15 20:01,-64.842144,-3.104337
98,02/07/15 01:01,-64.84374,-3.105203
98,02/07/15 06:02,-64.843889,-3.105009
98,02/07/15 16:00,-64.842269,-3.104748
98,02/07/15 21:00,-64.842163,-3.104445
98,02/08/15 02:01,-64.842194,-3.10454
98,02/08/15 07:00,-64.842375,-3.10482
98,02/08/15 12:01,-64.841965,-3.104495
98,02/09/15 03:01,-64.848831,-3.103155
98,02/09/15 08:01,-64.848698,-3.102852
98,02/09/15 13:00,-64.84879,-3.102991
98,02/10/15 04:01,-64.84867,-3.102904
98,02/10/15 14:01,-64.848786,-3.102804
98,02/10/15 19:01,-64.848475,-3.103021
98,02/11/15 00:02,-64.846179,-3.103575
98,02/11/15 05:00,-64.846332,-3.103473
98,02/11/15 10:01,-64.846437,-3.103448
98,02/11/15 15:00,-64.846403,-3.103355
98,02/12/15 01:01,-64.845084,-3.104668
98,02/12/15 06:02,-64.846069,-3.103511
98,02/12/15 11:00,-64.84647,-3.103867
98,02/12/15 21:01,-64.837267,-3.104946
98,02/13/15 02:02,-64.846794,-3.103972
98,02/13/15 12:00,-64.846626,-3.103987
98,02/13/15 17:00,-64.846623,-3.10395
98,02/13/15 22:02,-64.832688,-3.107428
98,02/14/15 13:01,-64.80866,-3.11394
98,02/14/15 23:00,-64.84667,-3.104281
98,02/15/15 04:00,-64.8467,-3.104352
98,02/15/15 09:00,-64.846697,-3.103996
98,02/15/15 19:00,-64.846751,-3.104035
98,02/16/15 05:00,-64.846735,-3.104058
98,02/16/15 10:00,-64.846724,-3.103995
98,02/16/15 15:01,-64.846903,-3.1041
98,02/16/15 20:01,-64.846777,-3.104184
98,02/18/15 02:03,-64.845808,-3.100449
98,02/18/15 17:01,-64.845873,-3.100349
98,02/18/15 22:02,-64.845858,-3.1003
98,02/19/15 03:00,-64.846641,-3.102037
98,02/19/15 08:01,-64.847417,-3.101766
98,02/19/15 13:02,-64.846641,-3.101914
98,02/19/15 23:01,-64.846786,-3.102151
98,02/20/15 04:00,-64.84661,-3.102192
98,02/20/15 09:00,-64.84801,-3.083691
98,02/21/15 00:02,-64.859105,-3.094908
98,02/21/15 05:01,-64.860784,-3.094521
98,02/21/15 10:02,-64.871981,-3.09048
98,02/21/15 15:01,-64.866235,-3.085202
98,02/22/15 06:01,-64.846988,-3.102164
98,02/22/15 11:00,-64.846774,-3.102049
98,02/23/15 07:01,-64.838347,-3.095565
98,02/23/15 12:02,-64.834353,-3.095464
98,02/23/15 17:01,-64.834277,-3.095368
98,02/24/15 08:00,-64.837725,-3.100181
98,02/24/15 18:01,-64.834446,-3.096607
98,02/24/15 23:01,-64.834423,-3.096565
98,02/25/15 04:01,-64.8343,-3.096683
98,02/25/15 09:01,-64.834731,-3.096614
98,02/26/15 00:01,-64.834458,-3.09641
98,02/26/15 05:01,-64.838436,-3.097412
98,02/26/15 10:02,-64.838698,-3.097147
98,02/26/15 15:02,-64.838953,-3.096425
98,02/26/15 20:01,-64.839086,-3.096554
98,02/27/15 16:02,-64.839038,-3.096651
98,02/27/15 21:01,-64.839045,-3.096506
98,02/28/15 12:01,-64.838979,-3.096633
98,02/28/15 17:01,-64.839559,-3.094741
98,02/28/15 22:01,-64.818074,-3.091792
98,03/01/15 08:02,-64.828484,-3.098482
98,03/01/15 18:01,-64.839636,-3.094878
98,03/01/15 23:01,-64.839503,-3.094797
98,03/02/15 09:01,-64.839755,-3.094957
98,03/02/15 19:01,-64.839594,-3.094925
98,03/03/15 10:02,-64.828356,-3.091365
98,03/03/15 15:02,-64.842317,-3.093928
98,03/04/15 06:01,-64.842285,-3.093661
98,03/04/15 11:02,-64.841594,-3.093946
98,03/04/15 21:02,-64.83608,-3.076002
98,03/05/15 07:01,-64.841651,-3.081232
98,03/05/15 12:02,-64.842131,-3.093342
98,03/05/15 17:00,-64.841229,-3.093429
98,03/06/15 23:01,-64.82491,-3.090859
98,03/07/15 09:02,-64.82347,-3.084929
98,03/07/15 14:02,-64.818629,-3.08082
98,03/07/15 19:01,-64.822315,-3.079308
98,03/08/15 05:01,-64.82399,-3.085072
98,03/08/15 20:01,-64.811017,-3.099865
98,03/09/15 01:01,-64.823272,-3.085022
98,03/10/15 07:01,-64.839815,-3.079247
98,03/10/15 12:02,-64.839935,-3.078867
98,03/10/15 17:02,-64.823908,-3.084409
98,03/10/15 22:01,-64.823955,-3.084434
98,03/11/15 03:01,-64.823775,-3.084512
98,03/12/15 04:01,-64.823534,-3.084525
98,03/12/15 09:01,-64.823634,-3.084311
98,03/12/15 19:01,-64.822029,-3.075955
98,03/13/15 05:01,-64.821953,-3.085353
98,03/13/15 10:01,-64.821925,-3.085989
98,03/13/15 15:01,-64.821889,-3.085413
98,03/13/15 20:01,-64.821833,-3.086136
98,03/14/15 06:01,-64.823018,-3.086154
98,03/16/15 08:01,-64.822896,-3.104785
98,03/16/15 13:01,-64.824154,-3.104429
98,03/17/15 04:01,-64.85486,-3.092017
98,03/17/15 09:01,-64.858408,-3.093723
98,03/17/15 14:02,-64.858242,-3.093758
98,03/17/15 19:01,-64.859354,-3.092124
98,03/18/15 10:03,-64.859254,-3.092771
98,03/19/15 01:01,-64.860542,-3.08818
98,03/19/15 06:01,-64.86144,-3.086806
98,03/19/15 11:00,-64.861734,-3.08687
98,03/19/15 21:01,-64.861157,-3.08801
98,03/20/15 02:01,-64.857804,-3.090892
98,03/20/15 07:02,-64.857831,-3.090672
98,03/20/15 17:01,-64.857738,-3.090842
98,03/20/15 22:01,-64.864436,-3.095683
98,03/23/15 05:02,-64.854597,-3.09442
98,03/23/15 20:00,-64.85292,-3.096302
98,03/24/15 01:01,-64.865217,-3.093575
98,03/24/15 06:01,-64.855225,-3.09456
98,03/24/15 11:01,-64.855596,-3.094226
98,03/24/15 21:01,-64.85439,-3.092644
98,03/25/15 07:01,-64.854258,-3.09485
98,03/25/15 22:01,-64.845166,-3.09307
98,03/26/15 18:01,-64.845416,-3.092972
98,03/27/15 04:01,-64.845384,-3.093185
98,03/27/15 09:01,-64.845411,-3.092923
98,03/27/15 19:01,-64.845186,-3.093082
98,03/28/15 15:01,-64.840689,-3.096482
98,03/28/15 20:02,-64.840274,-3.096889
98,03/29/15 11:01,-64.846936,-3.088041
98,03/30/15 02:02,-64.846525,-3.090748
98,03/30/15 12:01,-64.846557,-3.090481
98,03/30/15 17:01,-64.84651,-3.090577
98,03/31/15 03:01,-64.847811,-3.088032
98,03/31/15 08:01,-64.847946,-3.08993
98,03/31/15 13:01,-64.846597,-3.090774
98,03/31/15 18:01,-64.846634,-3.090866
98,03/31/15 23:01,-64.8464,-3.090725
98,04/01/15 04:01,-64.846739,-3.091006
98,04/01/15 19:01,-64.850762,-3.091441
98,04/02/15 10:01,-64.860118,-3.094864
98,04/03/15 06:01,-64.858067,-3.089347
98,04/03/15 11:01,-64.857402,-3.089443
98,04/03/15 16:01,-64.857289,-3.089584
98,04/04/15 07:01,-64.854618,-3.090419
98,04/04/15 17:01,-64.85922,-3.09111
98,04/05/15 03:01,-64.852187,-3.095664
98,04/05/15 08:02,-64.852522,-3.095611
98,04/05/15 13:01,-64.852285,-3.095768
98,04/05/15 18:01,-64.852344,-3.095457
98,04/05/15 23:01,-64.852513,-3.095486
98,04/06/15 04:01,-64.848775,-3.094696
98,04/06/15 09:00,-64.848238,-3.094522
98,04/06/15 19:02,-64.848528,-3.094525
98,04/07/15 00:02,-64.848096,-3.094785
98,04/07/15 05:01,-64.841518,-3.099595
98,04/07/15 20:02,-64.841394,-3.099575
98,04/08/15 01:01,-64.841445,-3.099537
98,04/08/15 06:01,-64.831209,-3.101738
98,04/08/15 11:01,-64.832589,-3.102217
98,04/08/15 21:01,-64.83749,-3.096833
98,04/10/15 03:02,-64.809044,-3.109999
98,04/10/15 18:01,-64.806565,-3.109867
98,04/10/15 23:01,-64.808611,-3.109663
98,04/11/15 04:01,-64.808725,-3.109666
98,04/11/15 19:00,-64.841237,-3.092381
98,04/12/15 00:01,-64.84271,-3.094456
98,04/12/15 05:01,-64.84382,-3.094843
98,04/12/15 15:02,-64.842799,-3.090078
98,04/13/15 21:01,-64.842279,-3.09354
98,04/14/15 02:02,-64.843673,-3.09217
98,04/14/15 07:02,-64.844795,-3.091617
98,04/14/15 12:01,-64.843745,-3.088653
98,04/14/15 17:00,-64.846309,-3.090626
98,04/14/15 22:01,-64.845802,-3.09079
98,04/15/15 08:01,-64.846417,-3.09068
98,04/15/15 18:02,-64.845925,-3.090626
98,04/15/15 23:01,-64.845726,-3.090892
98,04/17/15 10:02,-64.853698,-3.091949
98,04/17/15 15:01,-64.851358,-3.086731
98,04/17/15 20:02,-64.850877,-3.087068
98,04/18/15 01:01,-64.850999,-3.087282
98,04/18/15 16:01,-64.861964,-3.086446
98,04/19/15 02:02,-64.861206,-3.087235
98,04/19/15 07:00,-64.856487,-3.085792
98,04/19/15 12:03,-64.857677,-3.08674
98,04/19/15 17:01,-64.859147,-3.085295
98,04/20/15 03:01,-64.870532,-3.083667
98,04/20/15 08:01,-64.871557,-3.08438
98,04/20/15 18:02,-64.870448,-3.084171
98,04/20/15 23:01,-64.871576,-3.083952
98,04/21/15 09:01,-64.870806,-3.08479
98,04/21/15 14:01,-64.870922,-3.072094
98,04/21/15 19:01,-64.871313,-3.084011
98,04/22/15 00:02,-64.871037,-3.08465
98,04/22/15 05:01,-64.871485,-3.084289
98,04/22/15 10:01,-64.87149,-3.084458
98,04/22/15 15:01,-64.871352,-3.084588
98,04/22/15 20:01,-64.871103,-3.084249
98,04/23/15 01:00,-64.871276,-3.084788
98,04/23/15 11:02,-64.87862,-3.090324
98,04/23/15 16:02,-64.871282,-3.084689
98,04/23/15 21:01,-64.871371,-3.084495
98,04/24/15 02:01,-64.873532,-3.085286
98,04/24/15 12:01,-64.871297,-3.084694
98,04/25/15 08:01,-64.841972,-3.098755
98,04/26/15 04:00,-64.856245,-3.091888
98,04/26/15 09:00,-64.855938,-3.09115
98,04/27/15 00:02,-64.849684,-3.073862
98,04/27/15 10:02,-64.846004,-3.083907
98,04/27/15 20:02,-64.857124,-3.091476
98,04/28/15 01:01,-64.857024,-3.091067
98,04/28/15 16:00,-64.842142,-3.084437
98,04/29/15 07:01,-64.846264,-3.082891
98,04/29/15 12:02,-64.847703,-3.082871
98,04/30/15 03:01,-64.847522,-3.094407
98,04/30/15 08:02,-64.847483,-3.094467
98,04/30/15 13:01,-64.846081,-3.094931
98,04/30/15 18:01,-64.844201,-3.098395
98,05/01/15 04:01,-64.845608,-3.094196
98,05/01/15 19:01,-64.845611,-3.094626
98,05/02/15 10:01,-64.82478,-3.095319
98,05/02/15 20:01,-64.826576,-3.093911
98,05/03/15 16:02,-64.831422,-3.102019
98,05/03/15 21:00,-64.831347,-3.102163
98,05/04/15 12:01,-64.8038,-3.116226
98,05/04/15 22:02,-64.804248,-3.116205
98,05/05/15 08:02,-64.807997,-3.12177
98,05/05/15 13:02,-64.807798,-3.121909
98,05/05/15 18:02,-64.805181,-3.111967
98,05/05/15 23:01,-64.805046,-3.112076
98,05/06/15 04:01,-64.805694,-3.093206
98,05/06/15 09:01,-64.804433,-3.093518
98,05/06/15 14:01,-64.804754,-3.093482
98,05/07/15 00:01,-64.804916,-3.095341
98,05/07/15 10:02,-64.803829,-3.109301
98,05/08/15 01:00,-64.812423,-3.113005
98,05/09/15 02:01,-64.816568,-3.114964
98,05/11/15 04:02,-64.82089,-3.116849
98,05/12/15 05:02,-64.822067,-3.117238
98,05/12/15 10:01,-64.820484,-3.11654
98,05/12/15 15:01,-64.821057,-3.114738
98,05/13/15 01:02,-64.821837,-3.11476
98,05/13/15 06:01,-64.818337,-3.121918
98,05/13/15 16:03,-64.819404,-3.11861
98,05/13/15 21:02,-64.821276,-3.114736
98,05/14/15 02:01,-64.822845,-3.113238
98,05/14/15 22:01,-64.823712,-3.112546
98,05/15/15 08:00,-64.821533,-3.116374
98,05/16/15 14:02,-64.820969,-3.115653
98,05/17/15 00:02,-64.836945,-3.101977
98,05/17/15 10:01,-64.83677,-3.102017
98,05/17/15 15:00,-64.839915,-3.093308
98,05/18/15 01:01,-64.858345,-3.088117
98,05/18/15 21:01,-64.870337,-3.093244
98,05/19/15 02:01,-64.869973,-3.093031
98,05/19/15 12:01,-64.857012,-3.090429
98,05/19/15 17:00,-64.857111,-3.090417
98,05/19/15 22:01,-64.857187,-3.090514
98,05/20/15 08:01,-64.857086,-3.091019
98,05/20/15 13:01,-64.856214,-3.091335
98,05/20/15 18:01,-64.855048,-3.091333
98,05/20/15 23:00,-64.857055,-3.090795
98,05/21/15 04:03,-64.856913,-3.091072
98,05/21/15 09:01,-64.85612,-3.091333
98,05/21/15 14:01,-64.85621,-3.091107
98,05/21/15 19:00,-64.85709,-3.090791
98,05/22/15 05:02,-64.85563,-3.093168
98,05/23/15 21:03,-64.868929,-3.094117
98,05/24/15 02:01,-64.84485,-3.090781
98,05/24/15 12:01,-64.842947,-3.087709
98,05/24/15 22:01,-64.843477,-3.08805
98,05/25/15 08:01,-64.844888,-3.090767
98,05/25/15 13:00,-64.844906,-3.090788
98,05/25/15 18:01,-64.845094,-3.090691
98,05/25/15 23:00,-64.844777,-3.090628
98,05/26/15 04:00,-64.844971,-3.090838
98,05/26/15 09:01,-64.84235,-3.092137
98,05/26/15 14:02,-64.842256,-3.092223
98,05/26/15 19:00,-64.842342,-3.092145
98,05/27/15 00:00,-64.842391,-3.09231
98,05/27/15 05:01,-64.843307,-3.099738
98,05/27/15 15:00,-64.841734,-3.099277
98,05/27/15 20:00,-64.839828,-3.095386
98,05/28/15 01:00,-64.83959,-3.09534
98,05/28/15 11:00,-64.849923,-3.095238
98,05/29/15 07:02,-64.84697,-3.098021
98,05/29/15 12:02,-64.845149,-3.099134
98,05/29/15 17:02,-64.846495,-3.09708
98,05/30/15 03:01,-64.846588,-3.096354
98,05/30/15 13:02,-64.846759,-3.096836
98,05/30/15 18:02,-64.846658,-3.096875
98,05/30/15 23:01,-64.845284,-3.09798
98,05/31/15 04:01,-64.845411,-3.097483
98,05/31/15 09:01,-64.854466,-3.09349
98,05/31/15 14:02,-64.853939,-3.093775
98,06/01/15 00:02,-64.845453,-3.097983
98,06/01/15 20:01,-64.845391,-3.097799
98,06/02/15 01:01,-64.845778,-3.097634
98,06/02/15 16:01,-64.845913,-3.097361
98,06/02/15 21:01,-64.845472,-3.09757
98,06/03/15 07:02,-64.842469,-3.093712
98,06/03/15 12:01,-64.84266,-3.093727
98,06/03/15 17:00,-64.842616,-3.093656
98,06/03/15 22:01,-64.841287,-3.091304
98,06/04/15 08:01,-64.83246,-3.094835
98,06/04/15 13:02,-64.83246,-3.094779
98,06/04/15 18:01,-64.832457,-3.094685
98,06/04/15 23:00,-64.835367,-3.095424
98,06/05/15 04:00,-64.837829,-3.096065
98,06/05/15 09:00,-64.837916,-3.095899
98,06/05/15 14:00,-64.837458,-3.096045
98,06/06/15 00:01,-64.846258,-3.096887
98,06/06/15 05:00,-64.866076,-3.08973
98,06/06/15 20:00,-64.865571,-3.095386
98,06/07/15 01:01,-64.840634,-3.102851
98,06/07/15 11:01,-64.840127,-3.101548
98,06/07/15 16:01,-64.844103,-3.099187
98,06/08/15 07:02,-64.866507,-3.095449
98,06/08/15 12:01,-64.867664,-3.094343
98,06/09/15 03:02,-64.868871,-3.092004
98,06/09/15 18:02,-64.869188,-3.090394
98,06/09/15 23:01,-64.869636,-3.09066
98,06/10/15 04:01,-64.869162,-3.09041
98,06/10/15 19:01,-64.866843,-3.087261
98,06/11/15 05:01,-64.857491,-3.084648
98,06/11/15 10:02,-64.858964,-3.086242
98,06/11/15 15:01,-64.858922,-3.086231
98,06/11/15 20:02,-64.861079,-3.086323
98,06/12/15 01:02,-64.86376,-3.08799
98,06/12/15 06:02,-64.866615,-3.089227
98,06/12/15 11:01,-64.869354,-3.090349
98,06/12/15 16:02,-64.869229,-3.090438
98,06/12/15 21:03,-64.866568,-3.086243
98,06/13/15 02:01,-64.870821,-3.084463
98,06/13/15 07:01,-64.870691,-3.084611
98,06/13/15 22:01,-64.868285,-3.07306
98,06/14/15 03:00,-64.865117,-3.072201
98,06/14/15 08:02,-64.864808,-3.072398
98,06/14/15 13:01,-64.865224,-3.071699
98,06/14/15 18:01,-64.863757,-3.071078
98,06/15/15 14:01,-64.866621,-3.086108
98,06/16/15 00:01,-64.866351,-3.095537
98,06/16/15 05:01,-64.863243,-3.09484
98,06/16/15 10:02,-64.862972,-3.094892
98,06/16/15 15:01,-64.862765,-3.093533
98,06/16/15 20:02,-64.864923,-3.093394
98,06/17/15 01:01,-64.865175,-3.09369
98,06/17/15 11:01,-64.87219,-3.091801
98,06/17/15 16:02,-64.870921,-3.091115
98,06/18/15 12:00,-64.862954,-3.0966
98,06/18/15 17:01,-64.861361,-3.097527
98,06/18/15 22:01,-64.864463,-3.092206
98,06/19/15 03:00,-64.864603,-3.092383
98,06/19/15 13:01,-64.869563,-3.090191
98,06/19/15 18:01,-64.873593,-3.090807
98,06/19/15 23:01,-64.875398,-3.090558
98,06/20/15 04:01,-64.877502,-3.084583
98,06/20/15 19:00,-64.876727,-3.082103
98,06/21/15 00:00,-64.871049,-3.087777
98,06/21/15 05:01,-64.867218,-3.090581
98,06/21/15 15:01,-64.869664,-3.090255
98,06/21/15 20:01,-64.869272,-3.090832
98,06/22/15 01:00,-64.858238,-3.079694
98,06/22/15 06:02,-64.85664,-3.081365
98,06/22/15 11:01,-64.855876,-3.08179
98,06/23/15 02:01,-64.853465,-3.074593
98,06/23/15 12:01,-64.856634,-3.077272
98,06/23/15 17:00,-64.857665,-3.077886
98,06/23/15 22:01,-64.857964,-3.077977
98,06/24/15 03:01,-64.857619,-3.077906
98,06/24/15 08:02,-64.857749,-3.077903
98,06/24/15 23:00,-64.841739,-3.077756
98,06/25/15 04:01,-64.842121,-3.077699
98,06/25/15 09:00,-64.842307,-3.077592
98,06/25/15 14:00,-64.843642,-3.074836
98,06/25/15 19:01,-64.842835,-3.074485
98,06/26/15 00:01,-64.836465,-3.066745
98,06/26/15 05:02,-64.838476,-3.06473
98,06/26/15 10:01,-64.838311,-3.062967
98,06/26/15 15:01,-64.838264,-3.063031
98,06/26/15 20:01,-64.839803,-3.062739
98,06/27/15 01:00,-64.840443,-3.061303
98,06/27/15 11:01,-64.839644,-3.060411
98,06/27/15 16:01,-64.839588,-3.060332
98,06/27/15 21:02,-64.841245,-3.060752
98,06/28/15 02:01,-64.8416,-3.061097
98,06/28/15 07:00,-64.841258,-3.061038
98,06/28/15 12:00,-64.841286,-3.061123
98,06/28/15 17:01,-64.841254,-3.061165
98,06/29/15 03:00,-64.844773,-3.073927
98,06/29/15 08:01,-64.844575,-3.073968
98,06/29/15 13:01,-64.844891,-3.07398
98,06/29/15 23:02,-64.833974,-3.084313
98,06/30/15 04:02,-64.831943,-3.083225
98,06/30/15 09:01,-64.831297,-3.082957
98,06/30/15 14:00,-64.831279,-3.083212
98,07/01/15 00:01,-64.831436,-3.082848
98,07/01/15 10:03,-64.826886,-3.083136
98,07/02/15 06:01,-64.825765,-3.087158
98,07/02/15 11:01,-64.825781,-3.087066
98,07/02/15 16:01,-64.825757,-3.087212
98,07/02/15 21:01,-64.825755,-3.087381
98,07/03/15 02:03,-64.823108,-3.083459
98,07/03/15 07:00,-64.823261,-3.083545
98,07/03/15 12:00,-64.823195,-3.083586
98,07/03/15 17:00,-64.822941,-3.08363
98,07/03/15 22:02,-64.824323,-3.080751
98,07/04/15 03:00,-64.824316,-3.081403
98,07/04/15 08:01,-64.824411,-3.081472
98,07/04/15 13:00,-64.825016,-3.080907
98,07/04/15 18:01,-64.824533,-3.081332
98,07/04/15 23:00,-64.824414,-3.081389
98,07/05/15 04:01,-64.822394,-3.079729
98,07/05/15 09:00,-64.822113,-3.079761
98,07/05/15 14:01,-64.822226,-3.079683
98,07/05/15 19:01,-64.819917,-3.079254
98,07/06/15 00:01,-64.820366,-3.079042
98,07/06/15 10:01,-64.820045,-3.078333
98,07/06/15 15:00,-64.820007,-3.078385
98,07/06/15 20:01,-64.819959,-3.078395
98,07/07/15 01:00,-64.819982,-3.078192
98,07/07/15 06:01,-64.820691,-3.081028
98,07/07/15 11:00,-64.821517,-3.081654
98,07/07/15 16:00,-64.821451,-3.081653
98,07/07/15 21:00,-64.827826,-3.080225
98,07/08/15 02:02,-64.827278,-3.076054
98,07/08/15 07:01,-64.824047,-3.074257
98,07/08/15 12:00,-64.824023,-3.074381
98,07/08/15 17:01,-64.824456,-3.072955
98,07/08/15 22:02,-64.821641,-3.073027
98,07/09/15 03:02,-64.818884,-3.075411
98,07/09/15 08:01,-64.819541,-3.078601
98,07/09/15 13:01,-64.819407,-3.07854
98,07/09/15 18:01,-64.819462,-3.078542
98,07/09/15 23:00,-64.827439,-3.088338
98,07/10/15 19:01,-64.827825,-3.101792
98,07/11/15 00:00,-64.828184,-3.102528
98,07/11/15 05:00,-64.822389,-3.100766
98,07/11/15 10:01,-64.822255,-3.100693
98,07/11/15 15:01,-64.822447,-3.100699
98,07/12/15 01:02,-64.813355,-3.095057
98,07/12/15 06:01,-64.813413,-3.095269
98,07/12/15 11:00,-64.813736,-3.095444
98,07/12/15 16:01,-64.8135,-3.095279
98,07/12/15 21:01,-64.813512,-3.095187
98,07/13/15 07:03,-64.827361,-3.108229
98,07/13/15 12:01,-64.827485,-3.108993
98,07/13/15 17:00,-64.828277,-3.109149
98,07/14/15 03:01,-64.836812,-3.103245
98,07/14/15 08:01,-64.836748,-3.103338
98,07/14/15 13:00,-64.834379,-3.105131
98,07/15/15 04:01,-64.830233,-3.107614
98,07/16/15 05:02,-64.823573,-3.110601
98,07/16/15 10:00,-64.824433,-3.110151
98,07/16/15 15:02,-64.822346,-3.114353
98,07/16/15 20:01,-64.818781,-3.118127
98,07/17/15 01:01,-64.828525,-3.109141
98,07/17/15 06:01,-64.828403,-3.108781
98,07/17/15 11:00,-64.828662,-3.108916
98,07/17/15 16:01,-64.830079,-3.107087
98,07/18/15 22:01,-64.836992,-3.103709
98,07/19/15 03:01,-64.837277,-3.104189
98,07/19/15 13:01,-64.839726,-3.102889
98,07/19/15 18:02,-64.838131,-3.104765
98,07/21/15 10:00,-64.853881,-3.093835
98,07/21/15 15:02,-64.846781,-3.096933
98,07/21/15 20:01,-64.846242,-3.097803
98,07/22/15 01:01,-64.847025,-3.096471
98,07/22/15 11:00,-64.84829,-3.096363
98,07/23/15 22:01,-64.858784,-3.091694
98,07/24/15 03:02,-64.857728,-3.093866
98,07/24/15 08:02,-64.85654,-3.093095
98,07/25/15 04:01,-64.854966,-3.089773
98,07/25/15 19:01,-64.842898,-3.098644
98,07/26/15 05:01,-64.846999,-3.095288
98,07/26/15 10:01,-64.847458,-3.095112
98,07/26/15 15:00,-64.84778,-3.095009
98,07/27/15 01:02,-64.851766,-3.09156
98,07/27/15 06:01,-64.85916,-3.088211
98,07/28/15 07:00,-64.863059,-3.085179
98,07/28/15 12:02,-64.862728,-3.085794
98,07/28/15 22:02,-64.862337,-3.090251
98,07/29/15 08:01,-64.861985,-3.092288
98,07/29/15 13:01,-64.862003,-3.092266
98,07/29/15 18:01,-64.863372,-3.092082
98,07/29/15 23:02,-64.870777,-3.092844
98,07/31/15 00:01,-64.853849,-3.089512
98,07/31/15 05:02,-64.853628,-3.089737
98,07/31/15 10:02,-64.853786,-3.089512
98,07/31/15 15:01,-64.853964,-3.089545
98,07/31/15 20:02,-64.853715,-3.08976
98,08/01/15 06:01,-64.836559,-3.100565
98,08/01/15 16:02,-64.852249,-3.090507
98,08/01/15 21:01,-64.852776,-3.090038
98,08/02/15 12:02,-64.84864,-3.091716
98,08/03/15 08:02,-64.849223,-3.094401
98,08/03/15 13:01,-64.84702,-3.09526
98,08/03/15 23:01,-64.846258,-3.094218
98,08/04/15 04:03,-64.844715,-3.095487
98,08/04/15 14:01,-64.844718,-3.095593
98,08/05/15 05:02,-64.846628,-3.095713
98,08/06/15 01:01,-64.848013,-3.092445
98,08/06/15 11:02,-64.84778,-3.091651
98,08/06/15 16:02,-64.847588,-3.091909
98,08/06/15 21:02,-64.847498,-3.09187
98,08/08/15 18:01,-64.859322,-3.078381
98,08/08/15 23:02,-64.859286,-3.078665
98,08/09/15 09:00,-64.858906,-3.077936
98,08/09/15 14:01,-64.859083,-3.077741
98,08/09/15 19:02,-64.856349,-3.07775
98,08/10/15 00:01,-64.857698,-3.076849
98,08/10/15 20:01,-64.855189,-3.076367
98,08/11/15 01:02,-64.856208,-3.075165
98,08/13/15 03:02,-64.853609,-3.068236
98,08/14/15 04:01,-64.854141,-3.067799
98,08/14/15 09:01,-64.854248,-3.067889
98,08/15/15 15:02,-64.860258,-3.056912
98,08/15/15 20:02,-64.859771,-3.055882
98,08/16/15 01:01,-64.859585,-3.055898
98,08/16/15 16:01,-64.86061,-3.056502
98,08/16/15 21:01,-64.862181,-3.059595
98,08/17/15 07:01,-64.863574,-3.064502
98,08/17/15 12:02,-64.863421,-3.065207
98,08/17/15 17:01,-64.860377,-3.068891
98,08/17/15 22:02,-64.859219,-3.072009
98,08/18/15 18:01,-64.861651,-3.079171
98,08/18/15 23:01,-64.862637,-3.080735
98,08/20/15 00:01,-64.839791,-3.076668
98,08/20/15 15:01,-64.837616,-3.089643
98,08/21/15 06:02,-64.837601,-3.089521
98,08/21/15 11:01,-64.837633,-3.089612
98,08/22/15 02:01,-64.83884,-3.09137
98,08/22/15 17:01,-64.838631,-3.091352
98,08/23/15 13:02,-64.834814,-3.083432
98,08/23/15 23:01,-64.835124,-3.082869
98,08/24/15 09:02,-64.83486,-3.083335
98,08/24/15 19:01,-64.835169,-3.083407
98,08/25/15 20:01,-64.833101,-3.082733
98,08/26/15 01:00,-64.832212,-3.081638
98,08/26/15 11:02,-64.832729,-3.081954
98,08/27/15 17:01,-64.831831,-3.080117
98,08/27/15 22:01,-64.831767,-3.07945
98,08/28/15 03:01,-64.831795,-3.080226
98,08/28/15 13:01,-64.831779,-3.079831
98,08/28/15 23:01,-64.831621,-3.073582
98,08/29/15 04:02,-64.831714,-3.073427
98,08/29/15 09:01,-64.831599,-3.073652
98,08/29/15 14:02,-64.831783,-3.07347
98,08/29/15 19:00,-64.83173,-3.073323
98,08/30/15 00:02,-64.831651,-3.07342
98,08/30/15 05:02,-64.831172,-3.073193
98,08/30/15 15:01,-64.828084,-3.073431
98,08/30/15 20:01,-64.830808,-3.07327
98,09/01/15 02:01,-64.815167,-3.076491
98,09/01/15 07:02,-64.813646,-3.087816
98,09/01/15 12:02,-64.813722,-3.087644
98,09/03/15 19:01,-64.818883,-3.090903
98,09/04/15 00:02,-64.818832,-3.091049
98,09/04/15 20:02,-64.832512,-3.092246
98,09/05/15 01:01,-64.847526,-3.079877
98,09/05/15 06:02,-64.850335,-3.078459
98,09/05/15 11:01,-64.850001,-3.078204
98,09/05/15 21:01,-64.858231,-3.047427
98,09/06/15 07:01,-64.850768,-3.065656
98,09/06/15 12:02,-64.853145,-3.067253
98,09/06/15 22:03,-64.845585,-3.069867
98,09/07/15 03:01,-64.836489,-3.058726
98,09/07/15 18:01,-64.842987,-3.064544
98,09/08/15 09:02,-64.841908,-3.062824
98,09/09/15 15:02,-64.842131,-3.072226
98,09/10/15 21:02,-64.855132,-3.048624
98,09/12/15 08:01,-64.855168,-3.048789
98,09/13/15 09:01,-64.851631,-3.049838
98,09/13/15 14:02,-64.851683,-3.072234
98,09/13/15 19:01,-64.852066,-3.072052
98,09/14/15 15:01,-64.851939,-3.078716
98,09/14/15 20:01,-64.852053,-3.086776
98,09/15/15 11:01,-64.85712,-3.089091
98,09/15/15 16:01,-64.85756,-3.089115
98,09/16/15 12:01,-64.869146,-3.082423
98,09/17/15 18:01,-64.864596,-3.076188
98,09/17/15 23:02,-64.865727,-3.068502
98,09/19/15 00:02,-64.885503,-3.058876
98,09/19/15 05:01,-64.880621,-3.059446
98,09/20/15 01:02,-64.874448,-3.036678
98,09/20/15 11:01,-64.868033,-3.054761
98,09/20/15 21:01,-64.87372,-3.07694
98,09/22/15 03:01,-64.883034,-3.026808
98,09/22/15 08:02,-64.884338,-3.027201
98,09/22/15 18:01,-64.868271,-3.059955
98,09/24/15 00:01,-64.865061,-3.061856
98,09/24/15 05:01,-64.864539,-3.059502
98,09/24/15 15:00,-64.864756,-3.059065
98,09/24/15 20:02,-64.867356,-3.045733
98,09/25/15 01:01,-64.867726,-3.049677
98,09/25/15 06:01,-64.86677,-3.047685
98,09/25/15 11:01,-64.866738,-3.047327
98,09/25/15 21:01,-64.865369,-3.060287
98,09/27/15 18:02,-64.866724,-3.065621
98,09/27/15 23:01,-64.862829,-3.069635
98,09/28/15 09:03,-64.862555,-3.069682
98,09/29/15 15:02,-64.862018,-3.069283
98,09/29/15 20:02,-64.862185,-3.072682
98,09/30/15 06:01,-64.877151,-3.086849
98,09/30/15 11:01,-64.87752,-3.086895
98,10/01/15 12:01,-64.867228,-3.0763
98,10/01/15 22:02,-64.87767,-3.078089
98,10/02/15 03:00,-64.877696,-3.077896
98,10/03/15 14:02,-64.877102,-3.075209
98,10/04/15 05:01,-64.879556,-3.079202
98,10/04/15 20:01,-64.874493,-3.088914
98,10/05/15 01:00,-64.875621,-3.09041
98,10/05/15 11:01,-64.875209,-3.090333
98,10/06/15 07:01,-64.852722,-3.097061
98,10/06/15 12:01,-64.852392,-3.09672
98,10/06/15 22:03,-64.856544,-3.095316
98,10/07/15 03:01,-64.853192,-3.090972
98,10/07/15 08:02,-64.853104,-3.09127
98,10/07/15 13:02,-64.853679,-3.09033
98,10/08/15 04:01,-64.826181,-3.108382
98,10/08/15 19:01,-64.853717,-3.096704
98,10/09/15 20:02,-64.835683,-3.10306
98,10/11/15 17:02,-64.829369,-3.097416
98,10/12/15 03:00,-64.817779,-3.094536
98,10/12/15 13:01,-64.814665,-3.079874
98,10/12/15 23:01,-64.814471,-3.074395
98,10/13/15 09:01,-64.80312,-3.093745
98,10/13/15 14:01,-64.811116,-3.089319
98,10/14/15 05:01,-64.816648,-3.072992
98,10/14/15 10:02,-64.840722,-3.063716
98,10/14/15 15:01,-64.840651,-3.06405
98,10/14/15 20:01,-64.847253,-3.064861
98,10/16/15 12:01,-64.864378,-3.070959
98,10/17/15 03:00,-64.865947,-3.072403
98,10/17/15 08:02,-64.865976,-3.072612
98,10/17/15 23:01,-64.866828,-3.076375
98,10/18/15 04:01,-64.866942,-3.076771
98,10/18/15 09:00,-64.867124,-3.076661
98,10/18/15 19:02,-64.86481,-3.071907
98,10/19/15 00:01,-64.864728,-3.071925
98,10/19/15 10:02,-64.866683,-3.076562
98,10/19/15 15:00,-64.864777,-3.071973
98,10/20/15 11:00,-64.867548,-3.077224
98,10/21/15 07:03,-64.881932,-3.069494
98,10/21/15 17:01,-64.87864,-3.065824
98,10/22/15 18:02,-64.89209,-3.060049
98,10/23/15 14:02,-64.890947,-3.058973
98,10/24/15 20:01,-64.84063,-3.07484
98,10/27/15 08:02,-64.844205,-3.061674
98,10/27/15 13:01,-64.844046,-3.061791
98,10/27/15 18:01,-64.839788,-3.05972
98,10/28/15 09:01,-64.838912,-3.060264
98,10/28/15 14:01,-64.838929,-3.060334
98,11/09/15 11:02,-64.852288,-3.050582
99,11/21/14 02:00,-64.914492,-2.984694
99,11/21/14 04:00,-64.914393,-2.984782
99,11/21/14 06:00,-64.914429,-2.984764
99,11/21/14 08:00,-64.914457,-2.984743
99,11/21/14 10:00,-64.914398,-2.98477
99,11/21/14 12:00,-64.914415,-2.984724
99,11/21/14 14:00,-64.914481,-2.984671
99,11/21/14 16:00,-64.914587,-2.984635
99,11/21/14 18:00,-64.914527,-2.98459
99,11/21/14 20:00,-64.914506,-2.984673
99,11/21/14 22:00,-64.914467,-2.984642
99,11/22/14 00:01,-64.914618,-2.984603
99,11/22/14 02:00,-64.914497,-2.984709
99,11/22/14 04:00,-64.914441,-2.984768
99,11/22/14 06:00,-64.9145,-2.984677
99,11/22/14 08:01,-64.914491,-2.98474
99,11/22/14 10:00,-64.914442,-2.984835
99,11/22/14 12:00,-64.91445,-2.984755
99,11/22/14 14:00,-64.914472,-2.984738
99,11/22/14 16:00,-64.914431,-2.984706
99,11/22/14 18:01,-64.914503,-2.984643
99,11/22/14 20:00,-64.914375,-2.98484
99,11/22/14 22:00,-64.91448,-2.98468
99,11/23/14 00:00,-64.914462,-2.984705
99,11/23/14 02:00,-64.914518,-2.98459
99,11/23/14 04:00,-64.914494,-2.984705
99,11/23/14 06:01,-64.914477,-2.984616
99,11/23/14 08:00,-64.914494,-2.984712
99,11/23/14 10:00,-64.914364,-2.984767
99,11/23/14 12:00,-64.91448,-2.984707
99,11/23/14 14:00,-64.914476,-2.984691
99,11/23/14 16:00,-64.914469,-2.984672
99,11/23/14 18:00,-64.914501,-2.984645
99,11/23/14 22:00,-64.914425,-2.984697
99,11/24/14 00:01,-64.914413,-2.984725
99,11/24/14 02:01,-64.914386,-2.984746
99,11/24/14 04:01,-64.914312,-2.984743
99,11/24/14 10:01,-64.867561,-3.042991
99,11/24/14 12:01,-64.867486,-3.042981
99,11/24/14 18:02,-64.866643,-3.039881
99,11/24/14 20:01,-64.86554,-3.039672
99,11/24/14 22:01,-64.865328,-3.039155
99,11/25/14 00:01,-64.865201,-3.040464
99,11/25/14 04:01,-64.86352,-3.046094
99,11/25/14 06:01,-64.86365,-3.046087
99,11/25/14 08:00,-64.8636,-3.046046
99,11/25/14 10:01,-64.862023,-3.050914
99,11/25/14 12:00,-64.859414,-3.051799
99,11/25/14 14:01,-64.858727,-3.051297
99,11/25/14 18:01,-64.858728,-3.050746
99,11/25/14 20:02,-64.859717,-3.049629
99,11/25/14 22:01,-64.863357,-3.057866
99,11/26/14 00:02,-64.868913,-3.05621
99,11/26/14 02:00,-64.86757,-3.049822
99,11/26/14 04:00,-64.868038,-3.04652
99,11/26/14 06:00,-64.867769,-3.046859
99,11/26/14 08:00,-64.868012,-3.046798
99,11/26/14 10:00,-64.867815,-3.046655
99,11/26/14 12:00,-64.867854,-3.046569
99,11/26/14 14:01,-64.867901,-3.0466
99,11/26/14 16:02,-64.86801,-3.046486
99,11/26/14 18:00,-64.86803,-3.046549
99,11/26/14 20:01,-64.868004,-3.046582
99,11/26/14 22:00,-64.867957,-3.046508
99,11/27/14 00:02,-64.867976,-3.046567
99,11/27/14 02:00,-64.867944,-3.046589
99,11/27/14 06:02,-64.867915,-3.046532
99,11/27/14 08:00,-64.867877,-3.046659
99,11/27/14 10:01,-64.867847,-3.046582
99,11/27/14 12:00,-64.867885,-3.046447
99,11/27/14 14:02,-64.867924,-3.04651
99,11/27/14 16:00,-64.868012,-3.04646
99,11/27/14 18:01,-64.867954,-3.046591
99,11/27/14 20:01,-64.867923,-3.046697
99,11/28/14 00:02,-64.867842,-3.046556
99,11/28/14 04:00,-64.867978,-3.046882
99,11/28/14 06:00,-64.867927,-3.04683
99,11/28/14 08:00,-64.867922,-3.046546
99,11/28/14 10:00,-64.867906,-3.046448
99,11/28/14 14:02,-64.867856,-3.046489
99,11/28/14 16:01,-64.865808,-3.0451
99,11/28/14 18:01,-64.86805,-3.046467
99,11/28/14 20:02,-64.867933,-3.046445
99,11/28/14 22:02,-64.867839,-3.046538
99,11/29/14 02:00,-64.867885,-3.046506
99,11/29/14 04:01,-64.866393,-3.045196
99,11/29/14 06:02,-64.866524,-3.045169
99,11/29/14 10:00,-64.866498,-3.045239
99,11/29/14 12:00,-64.866653,-3.045164
99,11/29/14 14:01,-64.866624,-3.04522
99,11/29/14 20:01,-64.865317,-3.045148
99,11/29/14 22:02,-64.86534,-3.045259
99,11/30/14 00:02,-64.865365,-3.045161
99,11/30/14 02:02,-64.865222,-3.045138
99,11/30/14 04:01,-64.864694,-3.040725
99,11/30/14 06:01,-64.864743,-3.040751
99,11/30/14 10:00,-64.866628,-3.039959
99,11/30/14 12:00,-64.866536,-3.0399
99,11/30/14 14:01,-64.866557,-3.039934
99,11/30/14 22:02,-64.869377,-3.036828
99,12/01/14 00:01,-64.869654,-3.036608
99,12/01/14 04:01,-64.869684,-3.036682
99,12/01/14 06:01,-64.869704,-3.036606
99,12/01/14 08:01,-64.869579,-3.036731
99,12/01/14 10:01,-64.868269,-3.041454
99,12/01/14 16:02,-64.868105,-3.041594
99,12/02/14 00:00,-64.859147,-3.052664
99,12/02/14 02:01,-64.855461,-3.055702
99,12/02/14 04:01,-64.85552,-3.055808
99,12/02/14 06:01,-64.855459,-3.055874
99,12/02/14 10:00,-64.856255,-3.054821
99,12/02/14 14:01,-64.857219,-3.055472
99,12/02/14 20:01,-64.858201,-3.057985
99,12/03/14 06:01,-64.853051,-3.060482
99,12/03/14 08:02,-64.853103,-3.060524
99,12/03/14 10:01,-64.853112,-3.060539
99,12/03/14 12:01,-64.853607,-3.060618
99,12/03/14 14:01,-64.853655,-3.060702
99,12/03/14 16:01,-64.853524,-3.060595
99,12/04/14 00:01,-64.844675,-3.066743
99,12/04/14 02:02,-64.84188,-3.061076
99,12/04/14 04:00,-64.849559,-3.065024
99,12/04/14 06:01,-64.852756,-3.064666
99,12/04/14 08:01,-64.852832,-3.064753
99,12/04/14 10:01,-64.852643,-3.06477
99,12/04/14 12:03,-64.852867,-3.064555
99,12/04/14 14:01,-64.852795,-3.064623
99,12/04/14 18:00,-64.853977,-3.064554
99,12/04/14 20:02,-64.860699,-3.063985
99,12/04/14 22:02,-64.857656,-3.072887
99,12/05/14 04:01,-64.852828,-3.064536
99,12/05/14 06:02,-64.852692,-3.064714
99,12/05/14 08:01,-64.852788,-3.064578
99,12/05/14 10:01,-64.852702,-3.064711
99,12/05/14 12:01,-64.849516,-3.066468
99,12/05/14 14:01,-64.849167,-3.067039
99,12/05/14 16:01,-64.846286,-3.071544
99,12/05/14 18:02,-64.838411,-3.072325
99,12/06/14 00:02,-64.845038,-3.063831
99,12/06/14 02:02,-64.845026,-3.063882
99,12/06/14 04:02,-64.845044,-3.063944
99,12/06/14 08:02,-64.845046,-3.063856
99,12/06/14 10:02,-64.845052,-3.063844
99,12/06/14 14:00,-64.845072,-3.063811
99,12/07/14 02:01,-64.845931,-3.071284
99,12/07/14 06:02,-64.845814,-3.071005
99,12/07/14 10:00,-64.845879,-3.07124
99,12/07/14 12:01,-64.846063,-3.071335
99,12/07/14 14:01,-64.845911,-3.071369
99,12/07/14 16:01,-64.845871,-3.071242
99,12/07/14 18:02,-64.844488,-3.071109
99,12/07/14 20:02,-64.844421,-3.071042
99,12/07/14 22:00,-64.838526,-3.067848
99,12/08/14 04:00,-64.836157,-3.075887
99,12/08/14 06:01,-64.83519,-3.076778
99,12/08/14 08:01,-64.835299,-3.076725
99,12/08/14 12:00,-64.837159,-3.076808
99,12/08/14 14:00,-64.836434,-3.076047
99,12/08/14 16:01,-64.836261,-3.076033
99,12/08/14 18:01,-64.836325,-3.076146
99,12/08/14 20:01,-64.836394,-3.076064
99,12/08/14 22:00,-64.836426,-3.076129
99,12/09/14 00:01,-64.836346,-3.076138
99,12/09/14 02:02,-64.83639,-3.076135
99,12/09/14 04:00,-64.837318,-3.074708
99,12/09/14 06:01,-64.842801,-3.070778
99,12/09/14 08:01,-64.842841,-3.070762
99,12/09/14 10:03,-64.842897,-3.070775
99,12/09/14 12:01,-64.842912,-3.070739
99,12/09/14 16:01,-64.842933,-3.070821
99,12/09/14 18:01,-64.842819,-3.070694
99,12/09/14 20:01,-64.842788,-3.070906
99,12/10/14 00:00,-64.847071,-3.068184
99,12/10/14 02:02,-64.847032,-3.068306
99,12/10/14 04:02,-64.846372,-3.066058
99,12/10/14 06:00,-64.846892,-3.065739
99,12/10/14 08:00,-64.841398,-3.069705
99,12/10/14 10:00,-64.836305,-3.07618
99,12/10/14 12:00,-64.840044,-3.076079
99,12/10/14 14:00,-64.844609,-3.076356
99,12/10/14 22:01,-64.848728,-3.069445
99,12/11/14 04:00,-64.842567,-3.05925
99,12/11/14 06:01,-64.842553,-3.059352
99,12/11/14 08:01,-64.842529,-3.05923
99,12/11/14 10:01,-64.842524,-3.059312
99,12/11/14 12:00,-64.842548,-3.059228
99,12/11/14 14:00,-64.842584,-3.059249
99,12/11/14 16:02,-64.839708,-3.061962
99,12/12/14 00:02,-64.839293,-3.064728
99,12/12/14 06:02,-64.839731,-3.0647
99,12/12/14 12:00,-64.839688,-3.06464
99,12/12/14 14:01,-64.839668,-3.06449
99,12/12/14 16:01,-64.839745,-3.061907
99,12/12/14 18:02,-64.844906,-3.069923
99,12/12/14 20:01,-64.844609,-3.069597
99,12/12/14 22:01,-64.845331,-3.07035
99,12/13/14 00:01,-64.845165,-3.070078
99,12/13/14 02:02,-64.844911,-3.070038
99,12/13/14 06:01,-64.845677,-3.071135
99,12/13/14 08:01,-64.845902,-3.071155
99,12/13/14 12:01,-64.846116,-3.071255
99,12/13/14 14:00,-64.846558,-3.071428
99,12/13/14 16:01,-64.846596,-3.07133
99,12/13/14 18:01,-64.847291,-3.074287
99,12/13/14 20:02,-64.842156,-3.074782
99,12/13/14 22:02,-64.844718,-3.076873
99,12/14/14 00:00,-64.841832,-3.075357
99,12/14/14 04:01,-64.842143,-3.075248
99,12/14/14 10:00,-64.842147,-3.075185
99,12/14/14 12:01,-64.841823,-3.075315
99,12/14/14 14:02,-64.842189,-3.075368
99,12/14/14 16:00,-64.842043,-3.075329
99,12/14/14 18:02,-64.847919,-3081.0
99,12/15/14 00:01,-64.841854,-3.08791
99,12/15/14 02:01,-64.841856,-3.08793
99,12/15/14 04:01,-64.841809,-3.087684
99,12/15/14 08:02,-64.841552,-3.087779
99,12/15/14 10:02,-64.841919,-3.087888
99,12/15/14 12:01,-64.841952,-3.087841
99,12/15/14 14:01,-64.841817,-3.087971
99,12/15/14 16:02,-64.841652,-3.087784
99,12/15/14 18:02,-64.84174,-3.087904
99,12/16/14 00:01,-64.841637,-3.087926
99,12/16/14 08:00,-64.842154,-3.089848
99,12/16/14 10:00,-64.842262,-3.089741
99,12/16/14 12:00,-64.842254,-3.089875
99,12/16/14 14:00,-64.842243,-3.089863
99,12/16/14 16:02,-64.842211,-3.08984
99,12/16/14 18:01,-64.841335,-3.095303
99,12/17/14 04:01,-64.848071,-3.09138
99,12/17/14 06:01,-64.848007,-3.091456
99,12/17/14 08:01,-64.847916,-3.091415
99,12/17/14 12:01,-64.848135,-3.09133
99,12/17/14 18:02,-64.846982,-3.092093
99,12/17/14 20:01,-64.847127,-3.095303
99,12/17/14 22:03,-64.847686,-3.095616
99,12/18/14 00:01,-64.847975,-3.095642
99,12/18/14 02:01,-64.847338,-3.095633
99,12/18/14 04:00,-64.846487,-3.09571
99,12/18/14 08:00,-64.846464,-3.09573
99,12/18/14 10:00,-64.846388,-3.095744
99,12/18/14 14:01,-64.846571,-3.095725
99,12/18/14 16:01,-64.846549,-3.095769
99,12/18/14 22:00,-64.840531,-3.095592
99,12/19/14 04:00,-64.842266,-3.094675
99,12/19/14 12:00,-64.84231,-3.094609
99,12/19/14 18:01,-64.848177,-3.075926
99,12/19/14 22:01,-64.853714,-3.069186
99,12/20/14 04:02,-64.862914,-3.064641
99,12/20/14 06:02,-64.862694,-3.063996
99,12/20/14 08:00,-64.862544,-3.063984
99,12/20/14 10:00,-64.862622,-3.06405
99,12/20/14 12:01,-64.862698,-3.064015
99,12/20/14 14:02,-64.861501,-3.065086
99,12/20/14 16:02,-64.86156,-3.065001
99,12/20/14 22:01,-64.862023,-3.063277
99,12/21/14 06:00,-64.862731,-3.062815
99,12/21/14 08:01,-64.864796,-3.060939
99,12/21/14 10:00,-64.864529,-3.060988
99,12/21/14 12:02,-64.864626,-3.06112
99,12/21/14 16:02,-64.873517,-3.06022
99,12/21/14 18:02,-64.858725,-3.058142
99,12/21/14 20:00,-64.855125,-3.05887
99,12/21/14 22:02,-64.85237,-3.059404
99,12/22/14 02:01,-64.858151,-3.045547
99,12/22/14 06:00,-64.864747,-3.049446
99,12/22/14 08:00,-64.864552,-3.04944
99,12/22/14 10:01,-64.864728,-3.049367
99,12/22/14 12:00,-64.864894,-3.050786
99,12/22/14 16:02,-64.860999,-3.057211
99,12/23/14 00:01,-64.852688,-3.065248
99,12/23/14 04:02,-64.843941,-3.066938
99,12/23/14 06:02,-64.845183,-3.067928
99,12/23/14 08:00,-64.845333,-3.068015
99,12/23/14 10:01,-64.84494,-3.067972
99,12/23/14 12:01,-64.844484,-3067.0
99,12/23/14 14:01,-64.844448,-3.066971
99,12/23/14 16:01,-64.841404,-3.064727
99,12/23/14 18:01,-64.839019,-3.069289
99,12/24/14 02:01,-64.843659,-3.060813
99,12/24/14 04:01,-64.845134,-3.063547
99,12/24/14 06:03,-64.850764,-3.066211
99,12/24/14 10:00,-64.850824,-3.06607
99,12/24/14 12:01,-64.85069,-3.066138
99,12/24/14 14:02,-64.850742,-3.066068
99,12/24/14 16:03,-64.850741,-3.066118
99,12/24/14 20:02,-64.857867,-3.077273
99,12/24/14 22:01,-64.849663,-3.082473
99,12/25/14 06:02,-64.863361,-3.081108
99,12/25/14 12:01,-64.866086,-3.073816
99,12/25/14 14:01,-64.866058,-3.073783
99,12/25/14 16:02,-64.86311,-3.071477
99,12/25/14 18:01,-64.863044,-3.071472
99,12/25/14 22:02,-64.8594,-3.065446
99,12/26/14 00:01,-64.859055,-3.059613
99,12/26/14 08:00,-64.854753,-3.05894
99,12/26/14 12:02,-64.854325,-3.058984
99,12/26/14 14:00,-64.85417,-3.058398
99,12/26/14 18:00,-64.856818,-3.053958
99,12/26/14 22:02,-64.861571,-3.046812
99,12/27/14 00:02,-64.861664,-3.046774
99,12/27/14 02:02,-64.861666,-3.046761
99,12/27/14 06:02,-64.861584,-3.046833
99,12/27/14 08:01,-64.861564,-3.046679
99,12/27/14 10:02,-64.861604,-3.046715
99,12/27/14 12:01,-64.861695,-3.046753
99,12/27/14 16:02,-64.865194,-3.045076
99,12/27/14 18:02,-64.870578,-3.040481
99,12/27/14 20:02,-64.871347,-3.041483
99,12/28/14 02:01,-64.872166,-3.044598
99,12/28/14 06:01,-64.875891,-3.044236
99,12/28/14 08:00,-64.875937,-3.04421
99,12/28/14 10:00,-64.876031,-3.044342
99,12/28/14 12:00,-64.876001,-3.044312
99,12/28/14 14:00,-64.876029,-3.044325
99,12/28/14 16:00,-64.875967,-3.04428
99,12/28/14 18:01,-64.878013,-3.04417
99,12/28/14 22:01,-64.878138,-3.034321
99,12/29/14 00:01,-64.873657,-3.034747
99,12/29/14 02:02,-64.875256,-3.040345
99,12/29/14 04:02,-64.875966,-3.041374
99,12/29/14 06:00,-64.875985,-3.041399
99,12/29/14 10:00,-64.875833,-3.04139
99,12/29/14 12:01,-64.875996,-3.041336
99,12/29/14 14:00,-64.876066,-3.041433
99,12/29/14 16:01,-64.875905,-3.041541
99,12/29/14 20:01,-64.878237,-3.040619
99,12/29/14 22:00,-64.878795,-3.041649
99,12/30/14 00:00,-64.882451,-3.045042
99,12/30/14 06:00,-64.882945,-3.045074
99,12/30/14 08:00,-64.882907,-3.044992
99,12/30/14 10:01,-64.882999,-3.045083
99,12/30/14 12:00,-64.882998,-3.045109
99,12/30/14 14:01,-64.882993,-3.045047
99,12/30/14 16:00,-64.883005,-3.045034
99,12/30/14 18:01,-64.882178,-3.044195
99,12/30/14 20:01,-64.883842,-3.044618
99,12/30/14 22:00,-64.883879,-3.044593
99,12/31/14 00:00,-64.887543,-3.048266
99,12/31/14 02:01,-64.888223,-3.054735
99,12/31/14 04:01,-64.883832,-3.049625
99,12/31/14 08:01,-64.883874,-3.049696
99,12/31/14 10:00,-64.88385,-3.049698
99,12/31/14 12:01,-64.883923,-3.049693
99,12/31/14 20:01,-64.883935,-3.049711
99,12/31/14 22:02,-64.881934,-3.051093
99,01/01/15 02:00,-64.881928,-3.051089
99,01/01/15 04:01,-64.881846,-3.050618
99,01/01/15 06:01,-64.882033,-3.051109
99,01/01/15 08:00,-64.882019,-3.051138
99,01/01/15 10:01,-64.881973,-3.051234
99,01/01/15 12:00,-64.881995,-3.051183
99,01/01/15 14:00,-64.882003,-3.051214
99,01/01/15 16:02,-64.882018,-3.05111
99,01/01/15 18:00,-64.881992,-3.051113
99,01/01/15 20:01,-64.881988,-3.051145
99,01/02/15 00:01,-64.876203,-3.052446
99,01/02/15 02:00,-64.876205,-3.052216
99,01/02/15 04:00,-64.876273,-3.052358
99,01/02/15 06:01,-64.875355,-3.050831
99,01/02/15 08:01,-64.871979,-3.048482
99,01/02/15 16:00,-64.871959,-3.048307
99,01/02/15 18:02,-64.869681,-3.053441
99,01/02/15 20:01,-64.86952,-3.055618
99,01/02/15 22:03,-64.867859,-3.05864
99,01/03/15 00:02,-64.878583,-3.054715
99,01/03/15 02:00,-64.878133,-3.052448
99,01/03/15 04:00,-64.878309,-3.052434
99,01/03/15 06:00,-64.878171,-3.052437
99,01/03/15 08:00,-64.878202,-3.052366
99,01/03/15 12:01,-64.874523,-3.051913
99,01/03/15 14:01,-64.869736,-3.05505
99,01/03/15 18:00,-64.86435,-3.053955
99,01/03/15 20:00,-64.861354,-3.05288
99,01/04/15 02:02,-64.872772,-3.044789
99,01/04/15 04:00,-64.877883,-3.044951
99,01/04/15 06:00,-64.877882,-3.044888
99,01/04/15 08:01,-64.877875,-3.044736
99,01/04/15 10:00,-64.877881,-3.04488
99,01/04/15 12:01,-64.877893,-3.044907
99,01/04/15 14:01,-64.878789,-3.045034
99,01/04/15 16:00,-64.878826,-3.043993
99,01/04/15 20:01,-64.87762,-3.041409
99,01/04/15 22:02,-64.87409,-3.041234
99,01/05/15 02:01,-64.863477,-3.050815
99,01/05/15 04:01,-64.863348,-3.050611
99,01/05/15 06:00,-64.863437,-3.050774
99,01/05/15 08:01,-64.863724,-3.051094
99,01/05/15 10:00,-64.864653,-3.052222
99,01/05/15 12:00,-64.864738,-3.052211
99,01/05/15 14:02,-64.864653,-3.052209
99,01/05/15 18:01,-64.863073,-3.056257
99,01/05/15 22:02,-64.850391,-3.059857
99,01/06/15 00:01,-64.857738,-3.057395
99,01/06/15 02:00,-64.857926,-3.057314
99,01/06/15 04:02,-64.857916,-3.057304
99,01/06/15 06:01,-64.860737,-3.059566
99,01/06/15 08:00,-64.860868,-3.059586
99,01/06/15 12:01,-64.860842,-3.059547
99,01/06/15 14:01,-64.860839,-3.059552
99,01/06/15 18:02,-64.865177,-3.060582
99,01/06/15 22:01,-64.862256,-3.051868
99,01/07/15 00:02,-64.862948,-3.051332
99,01/07/15 02:02,-64.862879,-3.051297
99,01/07/15 04:00,-64.862709,-3.051436
99,01/07/15 06:01,-64.862981,-3.051344
99,01/07/15 08:01,-64.862899,-3.051297
99,01/07/15 10:01,-64.86296,-3.051337
99,01/07/15 14:01,-64.862988,-3.051312
99,01/07/15 20:01,-64.862765,-3.051116
99,01/07/15 22:00,-64.862748,-3.05124
99,01/08/15 00:02,-64.862823,-3.051105
99,01/08/15 06:02,-64.862963,-3.051139
99,01/08/15 10:02,-64.86293,-3.051035
99,01/08/15 12:02,-64.861523,-3.046465
99,01/08/15 16:02,-64.861594,-3.046373
99,01/08/15 22:01,-64.868285,-3.053132
99,01/09/15 02:01,-64.868507,-3.052069
99,01/09/15 04:02,-64.86883,-3.053477
99,01/09/15 10:00,-64.868765,-3.053373
99,01/09/15 12:01,-64.868981,-3.053405
99,01/09/15 14:00,-64.868973,-3.053429
99,01/09/15 16:00,-64.868914,-3.053597
99,01/09/15 22:02,-64.87416,-3.047009
99,01/10/15 00:01,-64.873859,-3.047357
99,01/10/15 06:01,-64.873922,-3.047436
99,01/10/15 08:01,-64.873889,-3.047407
99,01/10/15 10:02,-64.873978,-3.047392
99,01/10/15 12:00,-64.87386,-3.047457
99,01/10/15 14:00,-64.873923,-3.047404
99,01/10/15 20:01,-64.873944,-3.047349
99,01/10/15 22:01,-64.873909,-3.047338
99,01/11/15 00:02,-64.87388,-3.047371
99,01/11/15 04:02,-64.875033,-3.049232
99,01/11/15 06:00,-64.874969,-3.049152
99,01/11/15 08:00,-64.875037,-3.049146
99,01/11/15 10:00,-64.875056,-3.049161
99,01/11/15 12:00,-64.875208,-3.049124
99,01/11/15 14:01,-64.875019,-3.049085
99,01/11/15 16:01,-64.875098,-3.049162
99,01/11/15 18:00,-64.876266,-3.049226
99,01/11/15 20:00,-64.876098,-3.049279
99,01/12/15 00:01,-64.876304,-3.049243
99,01/12/15 02:01,-64.876323,-3.048976
99,01/12/15 04:01,-64.876293,-3049.0
99,01/12/15 06:00,-64.876288,-3.049244
99,01/12/15 08:01,-64.876057,-3.049316
99,01/12/15 10:00,-64.876144,-3.049295
99,01/12/15 12:00,-64.876217,-3.049334
99,01/12/15 14:00,-64.876283,-3.049249
99,01/12/15 16:01,-64.876273,-3.049273
99,01/12/15 20:02,-64.877748,-3.051047
99,01/12/15 22:01,-64.877789,-3.051192
99,01/13/15 00:03,-64.877715,-3.051084
99,01/13/15 02:02,-64.877733,-3.051118
99,01/13/15 04:01,-64.875759,-3.055385
99,01/13/15 08:01,-64.871886,-3.060672
99,01/13/15 10:01,-64.871926,-3.060701
99,01/13/15 12:01,-64.87077,-3.06125
99,01/13/15 18:01,-64.871502,-3.056079
99,01/13/15 20:00,-64.871595,-3.055968
99,01/14/15 06:00,-64.879085,-3.056825
99,01/14/15 08:01,-64.879081,-3.056856
99,01/14/15 12:01,-64.879105,-3.056825
99,01/14/15 14:02,-64.879061,-3.056874
99,01/14/15 16:01,-64.887585,-3.055016
99,01/14/15 18:02,-64.888491,-3.054593
99,01/14/15 22:01,-64.888429,-3.054709
99,01/15/15 02:01,-64.892191,-3.05093
99,01/15/15 06:01,-64.892012,-3.050775
99,01/15/15 08:01,-64.891938,-3.050956
99,01/15/15 10:01,-64.892016,-3.050864
99,01/15/15 18:02,-64.889864,-3.051077
99,01/15/15 20:02,-64.890054,-3.043841
99,01/15/15 22:01,-64.887007,-3.040454
99,01/16/15 00:02,-64.883103,-3.046167
99,01/16/15 04:02,-64.891886,-3.046577
99,01/16/15 06:00,-64.89193,-3.046611
99,01/16/15 08:00,-64.891878,-3.046484
99,01/16/15 10:01,-64.89183,-3.046455
99,01/16/15 12:02,-64.896303,-3.045237
99,01/16/15 20:02,-64.897559,-3.050333
99,01/16/15 22:01,-64.893993,-3.054158
99,01/17/15 00:02,-64.888501,-3.054795
99,01/17/15 02:02,-64.887324,-3.052319
99,01/17/15 04:02,-64.882313,-3.054226
99,01/17/15 06:01,-64.885976,-3.057309
99,01/17/15 08:02,-64.895758,-3.056054
99,01/17/15 14:01,-64.888592,-3.058417
99,01/17/15 16:01,-64.888201,-3.058821
99,01/17/15 18:00,-64.880123,-3.060907
99,01/17/15 20:02,-64.879898,-3.060954
99,01/17/15 22:01,-64.880046,-3.06081
99,01/18/15 02:01,-64.880029,-3.061059
99,01/18/15 06:02,-64.879977,-3.061074
99,01/18/15 08:02,-64.875613,-3.060009
99,01/18/15 10:02,-64.882393,-3.058305
99,01/18/15 12:01,-64.885632,-3.058523
99,01/18/15 14:02,-64.886751,-3.058827
99,01/18/15 16:02,-64.886657,-3.058759
99,01/18/15 18:00,-64.886652,-3.058768
99,01/18/15 20:01,-64.886571,-3.05856
99,01/18/15 22:03,-64.885665,-3.058108
99,01/19/15 00:02,-64.879284,-3.057834
99,01/19/15 10:01,-64.87477,-3.056249
99,01/19/15 12:00,-64.874728,-3.052178
99,01/19/15 14:00,-64.875524,-3.052709
99,01/19/15 16:00,-64.875502,-3.052694
99,01/19/15 18:01,-64.87557,-3.052679
99,01/19/15 20:00,-64.8762,-3.054729
99,01/19/15 22:00,-64.876166,-3.054825
99,01/20/15 00:00,-64.876153,-3.054696
99,01/20/15 04:01,-64.869971,-3.059993
99,01/20/15 06:01,-64.863446,-3.056089
99,01/20/15 08:02,-64.863795,-3.056132
99,01/20/15 12:01,-64.864244,-3.059599
99,01/20/15 14:01,-64.864492,-3.061355
99,01/20/15 16:01,-64.870106,-3.059966
99,01/21/15 02:02,-64.857618,-3.049865
99,01/21/15 06:01,-64.858778,-3.051374
99,01/21/15 08:00,-64.858282,-3.05126
99,01/21/15 10:01,-64.858251,-3.051211
99,01/21/15 18:00,-64.859392,-3.051791
99,01/21/15 20:00,-64.859463,-3.051803
99,01/21/15 22:02,-64.864253,-3.053465
99,01/22/15 04:01,-64.867468,-3.042749
99,01/22/15 06:02,-64.868671,-3.04471
99,01/22/15 08:01,-64.861408,-3.046526
99,01/22/15 10:00,-64.861275,-3.046806
99,01/22/15 12:01,-64.861283,-3.04665
99,01/22/15 14:01,-64.861173,-3.046612
99,01/22/15 16:00,-64.861021,-3.046686
99,01/22/15 18:01,-64.860813,-3.046517
99,01/23/15 02:01,-64.859081,-3.055709
99,01/23/15 04:02,-64.862447,-3.056998
99,01/23/15 06:01,-64.864492,-3.057277
99,01/23/15 08:01,-64.867496,-3.057813
99,01/23/15 10:01,-64.867935,-3.058948
99,01/23/15 12:02,-64.868031,-3.058962
99,01/23/15 18:00,-64.867756,-3.058609
99,01/23/15 22:01,-64.856634,-3.047778
99,01/24/15 00:00,-64.855831,-3.046246
99,01/24/15 06:02,-64.863669,-3.040033
99,01/24/15 08:01,-64.866942,-3.041056
99,01/24/15 10:01,-64.866741,-3.040744
99,01/24/15 12:01,-64.866845,-3.040926
99,01/24/15 14:01,-64.867151,-3.041821
99,01/24/15 18:00,-64.867334,-3.040345
99,01/24/15 20:00,-64.867244,-3.040514
99,01/25/15 04:01,-64.879715,-3.033674
99,01/25/15 06:01,-64.881334,-3.041804
99,01/25/15 08:00,-64.88148,-3.039492
99,01/25/15 10:01,-64.881397,-3.039024
99,01/25/15 12:01,-64.881494,-3.03944
99,01/25/15 14:01,-64.881191,-3.039526
99,01/25/15 18:01,-64.881351,-3.039111
99,01/25/15 20:02,-64.881535,-3.039367
99,01/25/15 22:02,-64.878784,-3.038661
99,01/26/15 04:01,-64.885979,-3.036614
99,01/26/15 06:02,-64.888716,-3.030007
99,01/26/15 08:01,-64.889489,-3.031142
99,01/26/15 12:02,-64.889673,-3.031081
99,01/26/15 14:02,-64.889685,-3.031197
99,01/26/15 16:02,-64.889131,-3.033745
99,01/26/15 20:00,-64.889151,-3.034023
99,01/26/15 22:01,-64.889195,-3.033913
99,01/27/15 04:02,-64.886914,-3.038265
99,01/27/15 06:01,-64.886958,-3.038519
99,01/27/15 08:00,-64.886861,-3.038534
99,01/27/15 10:00,-64.886971,-3.038554
99,01/27/15 12:02,-64.886897,-3.038189
99,01/27/15 14:00,-64.886881,-3.038244
99,01/27/15 16:02,-64.886777,-3.038462
99,01/27/15 18:02,-64.887335,-3.041013
99,01/27/15 20:02,-64.885785,-3.042466
99,01/27/15 22:00,-64.886762,-3.040979
99,01/28/15 04:01,-64.888953,-3.051845
99,01/28/15 06:01,-64.889078,-3.051855
99,01/28/15 10:01,-64.88909,-3.051817
99,01/28/15 12:01,-64.889112,-3.051825
99,01/28/15 14:01,-64.888757,-3.052373
99,01/28/15 16:00,-64.888893,-3.05241
99,01/28/15 18:00,-64.888891,-3.052341
99,01/28/15 20:01,-64.892208,-3.053982
99,01/28/15 22:01,-64.884315,-3.052433
99,01/29/15 00:00,-64.887286,-3.048759
99,01/29/15 02:02,-64.893046,-3.051548
99,01/29/15 04:01,-64.89312,-3.05138
99,01/29/15 06:01,-64.893269,-3.051641
99,01/29/15 08:00,-64.893425,-3.051754
99,01/29/15 10:01,-64.893541,-3.051781
99,01/29/15 16:01,-64.897409,-3.05247
99,01/29/15 20:02,-64.897373,-3.052444
99,01/30/15 00:00,-64.897347,-3.052397
99,01/30/15 04:01,-64.893013,-3.051536
99,01/30/15 06:01,-64.893009,-3.051476
99,01/30/15 08:00,-64.893123,-3.051509
99,01/30/15 12:01,-64.893209,-3.051429
99,01/30/15 20:02,-64.893657,-3.050848
99,01/31/15 02:00,-64.892127,-3.053709
99,01/31/15 04:02,-64.888408,-3.05568
99,01/31/15 06:01,-64.886503,-3.055996
99,01/31/15 08:01,-64.886998,-3.055852
99,01/31/15 12:01,-64.892787,-3.053283
99,01/31/15 14:02,-64.89279,-3.053185
99,01/31/15 16:00,-64.89276,-3.053259
99,01/31/15 22:00,-64.892775,-3.053287
99,02/01/15 00:02,-64.893183,-3.053852
99,02/01/15 04:03,-64.903266,-3.050323
99,02/01/15 08:01,-64.893185,-3.047175
99,02/01/15 10:00,-64.893102,-3.048521
99,02/01/15 12:00,-64.893059,-3.048259
99,02/01/15 14:01,-64.892881,-3.048122
99,02/01/15 20:01,-64.891773,-3.053547
99,02/02/15 00:02,-64.892619,-3.056542
99,02/02/15 04:02,-64.879837,-3.059702
99,02/02/15 06:00,-64.878424,-3.060021
99,02/02/15 08:00,-64.878316,-3.060069
99,02/03/15 06:01,-64.866636,-3.077824
99,02/03/15 08:01,-64.866637,-3.077729
99,02/03/15 10:01,-64.86666,-3.077656
99,02/03/15 12:00,-64.866674,-3.077658
99,02/03/15 16:03,-64.866718,-3.077931
99,02/03/15 20:00,-64.865456,-3.080283
99,02/04/15 00:01,-64.865245,-3.080129
99,02/04/15 02:00,-64.865212,-3.080269
99,02/04/15 04:00,-64.876374,-3.090887
99,02/04/15 06:00,-64.876485,-3.090801
99,02/04/15 08:02,-64.876415,-3.090876
99,02/04/15 10:02,-64.872967,-3.086362
99,02/04/15 20:01,-64.871131,-3.071981
99,02/05/15 06:02,-64.877285,-3.068914
99,02/05/15 10:02,-64.879302,-3.066971
99,02/05/15 16:02,-64.873759,-3.079765
99,02/05/15 18:00,-64.873456,-3.079795
99,02/05/15 20:01,-64.873404,-3.079865
99,02/05/15 22:01,-64.873435,-3.079937
99,02/06/15 00:00,-64.87339,-3.079796
99,02/06/15 02:00,-64.873565,-3.079913
99,02/06/15 04:02,-64.871777,-3.077216
99,02/06/15 08:02,-64.873932,-3.062845
99,02/06/15 10:02,-64.888358,-3.060037
99,02/06/15 20:00,-64.867952,-3.058538
99,02/07/15 00:00,-64.857094,-3.063023
99,02/07/15 02:00,-64.85705,-3.063074
99,02/07/15 04:02,-64.853775,-3.068515
99,02/07/15 06:01,-64.853867,-3.068472
99,02/07/15 10:03,-64.852092,-3.056904
99,02/07/15 12:01,-64.856779,-3.047339
99,02/07/15 16:01,-64.869587,-3.052598
99,02/07/15 18:00,-64.869578,-3.052514
99,02/07/15 20:01,-64.870187,-3.051655
99,02/07/15 22:01,-64.87087,-3.056121
99,02/08/15 00:00,-64.859057,-3.073201
99,02/08/15 04:00,-64.852186,-3.073869
99,02/08/15 08:01,-64.852329,-3.067276
99,02/08/15 10:01,-64.852036,-3.06741
99,02/08/15 12:00,-64.852133,-3.067313
99,02/09/15 00:01,-64.859248,-3.054819
99,02/09/15 02:02,-64.859273,-3.054707
99,02/09/15 08:01,-64.857854,-3.062932
99,02/09/15 10:00,-64.854456,-3.065922
99,02/09/15 14:01,-64.854472,-3.065974
99,02/09/15 16:00,-64.854559,-3.066063
99,02/09/15 18:00,-64.854493,-3.066029
99,02/09/15 20:00,-64.853403,-3.066157
99,02/10/15 08:02,-64.853722,-3.066033
99,02/10/15 12:02,-64.848461,-3.066194
99,02/10/15 14:01,-64.848454,-3.066071
99,02/10/15 16:01,-64.848417,-3.066258
99,02/10/15 18:02,-64.848181,-3.066665
99,02/11/15 02:01,-64.846929,-3.068282
99,02/11/15 04:00,-64.846969,-3.068227
99,02/11/15 06:00,-64.846959,-3.068341
99,02/11/15 12:01,-64.84271,-3.070728
99,02/11/15 14:01,-64.842652,-3.071319
99,02/11/15 16:01,-64.842206,-3.071491
99,02/11/15 18:01,-64.838009,-3.070857
99,02/11/15 20:01,-64.838094,-3.070821
99,02/11/15 22:01,-64.838013,-3.070895
99,02/12/15 00:01,-64.838045,-3.070922
99,02/12/15 02:01,-64.838018,-3.070843
99,02/12/15 06:00,-64.841217,-3.056776
99,02/12/15 08:01,-64.840951,-3.05686
99,02/12/15 10:00,-64.840744,-3.056922
99,02/12/15 12:01,-64.839673,-3.056884
99,02/12/15 14:01,-64.839861,-3.056798
99,02/13/15 02:02,-64.850146,-3.078552
99,02/13/15 06:01,-64.851245,-3.081985
99,02/13/15 08:01,-64.85111,-3.081791
99,02/13/15 10:00,-64.851421,-3.081833
99,02/13/15 14:00,-64.851344,-3.081865
99,02/13/15 20:00,-64.849277,-3.077564
99,02/14/15 00:02,-64.850825,-3.090214
99,02/14/15 02:01,-64.84577,-3.090027
99,02/14/15 04:01,-64.849073,-3.080686
99,02/14/15 06:02,-64.85039,-3.079054
99,02/14/15 08:01,-64.85334,-3.075306
99,02/14/15 12:01,-64.852408,-3.060179
99,02/14/15 14:01,-64.852507,-3.060154
99,02/14/15 22:02,-64.854656,-3.059811
99,02/15/15 02:01,-64.840959,-3.056858
99,02/15/15 06:01,-64.831863,-3.065606
99,02/15/15 08:03,-64.832682,-3.065973
99,02/15/15 12:00,-64.83693,-3.07828
99,02/15/15 14:01,-64.836916,-3.078204
99,02/15/15 20:02,-64.827787,-3.092981
99,02/16/15 18:02,-64.844523,-3.063628
99,02/16/15 20:01,-64.842881,-3.07106
99,02/17/15 00:01,-64.849737,-3.089902
99,02/17/15 02:01,-64.841553,-3.094639
99,02/17/15 04:01,-64.839183,-3.096204
99,02/17/15 06:01,-64.839008,-3.09615
99,02/17/15 08:02,-64.836528,-3.097776
99,02/17/15 10:00,-64.833134,-3.098203
99,02/17/15 12:00,-64.833207,-3.098276
99,02/17/15 14:01,-64.83287,-3.098389
99,02/17/15 22:01,-64.832478,-3.097739
99,02/18/15 00:03,-64.833142,-3.091262
99,02/18/15 06:01,-64.841703,-3.085287
99,02/18/15 08:01,-64.841878,-3.085367
99,02/18/15 10:00,-64.841086,-3.082671
99,02/18/15 12:01,-64.845434,-3.0831
99,02/18/15 16:00,-64.845459,-3.083205
99,02/19/15 04:01,-64.848826,-3.077717
99,02/19/15 06:00,-64.849455,-3.073966
99,02/19/15 08:02,-64.849264,-3.073965
99,02/19/15 14:01,-64.847344,-3.07239
99,02/19/15 20:02,-64.847182,-3.07242
99,02/19/15 22:01,-64.852232,-3.072287
99,02/20/15 00:01,-64.854317,-3.069647
99,02/20/15 02:00,-64.854828,-3.064306
99,02/20/15 04:02,-64.857022,-3.058728
99,02/20/15 06:01,-64.85199,-3.057889
99,02/20/15 08:02,-64.851094,-3.059063
99,02/20/15 10:02,-64.846334,-3.064762
99,02/20/15 14:01,-64.844642,-3.063839
99,02/20/15 18:00,-64.844524,-3.063602
99,02/20/15 22:02,-64.837904,-3.063676
99,02/21/15 00:01,-64.839517,-3.066019
99,02/21/15 02:01,-64.849564,-3.071677
99,02/21/15 04:01,-64.851566,-3.072754
99,02/21/15 06:01,-64.851555,-3.072882
99,02/21/15 12:02,-64.858429,-3.076539
99,02/21/15 16:01,-64.858621,-3.076484
99,02/21/15 18:01,-64.858621,-3.076569
99,02/21/15 20:01,-64.860514,-3.075265
99,02/21/15 22:02,-64.862344,-3.074573
99,02/22/15 02:02,-64.863431,-3.073466
99,02/22/15 08:01,-64.864824,-3.066273
99,02/22/15 10:01,-64.864624,-3.066386
99,02/22/15 12:01,-64.864734,-3.066465
99,02/22/15 16:01,-64.868889,-3.064515
99,02/22/15 18:02,-64.861751,-3.058999
99,02/22/15 20:02,-64.859949,-3.056266
99,02/23/15 00:02,-64.859853,-3.056233
99,02/23/15 02:01,-64.859778,-3.05607
99,02/23/15 04:00,-64.85963,-3.056184
99,02/23/15 06:02,-64.85801,-3.053847
99,02/23/15 14:01,-64.857677,-3.0534
99,02/23/15 16:02,-64.859608,-3.056175
99,02/23/15 18:01,-64.856143,-3.052869
99,02/23/15 20:02,-64.85704,-3.050075
99,02/23/15 22:00,-64.855667,-3.049396
99,02/24/15 00:00,-64.855708,-3.049319
99,02/24/15 02:00,-64.855688,-3.049425
99,02/24/15 04:00,-64.855681,-3.049222
99,02/24/15 08:02,-64.854151,-3.06714
99,02/24/15 10:01,-64.853341,-3.065967
99,02/24/15 16:00,-64.853427,-3.065949
99,02/24/15 18:01,-64.853759,-3.06554
99,02/24/15 20:01,-64.85397,-3.065358
99,02/25/15 00:01,-64.856326,-3.060528
99,02/25/15 02:00,-64.856412,-3.060434
99,02/25/15 04:01,-64.857232,-3.060871
99,02/25/15 06:01,-64.856212,-3.058166
99,02/25/15 08:01,-64.855859,-3.058119
99,02/25/15 12:02,-64.843383,-3.045016
99,02/26/15 00:02,-64.848507,-3.051171
99,02/26/15 04:01,-64.848085,-3.048291
99,02/26/15 06:01,-64.847557,-3.05052
99,02/26/15 14:02,-64.847598,-3.052665
99,02/26/15 20:02,-64.847563,-3.050121
99,02/27/15 00:01,-64.852761,-3.051103
99,02/27/15 02:00,-64.85178,-3.05088
99,02/27/15 04:00,-64.847356,-3.050327
99,02/27/15 08:01,-64.842855,-3.053861
99,02/27/15 10:01,-64.842499,-3.052191
99,02/27/15 18:00,-64.845543,-3.050623
99,02/27/15 20:03,-64.846009,-3.055772
99,02/28/15 00:01,-64.844986,-3.054409
99,02/28/15 02:02,-64.845489,-3.059099
99,02/28/15 04:00,-64.845578,-3.059086
99,02/28/15 08:00,-64.845539,-3.059112
99,02/28/15 10:01,-64.845468,-3.059091
99,02/28/15 12:02,-64.845561,-3.058919
99,02/28/15 16:01,-64.845761,-3.059541
99,02/28/15 22:00,-64.844352,-3.049655
99,03/01/15 02:01,-64.84562,-3.03866
99,03/01/15 04:01,-64.845455,-3.038385
99,03/01/15 08:00,-64.84713,-3.051538
99,03/01/15 10:02,-64.847491,-3.05172
99,03/01/15 16:01,-64.856717,-3.057975
99,03/01/15 18:00,-64.856655,-3.058111
99,03/01/15 22:01,-64.858873,-3.068463
99,03/02/15 02:00,-64.865552,-3.065926
99,03/02/15 04:01,-64.865633,-3.066091
99,03/02/15 06:01,-64.865478,-3.065879
99,03/02/15 10:01,-64.865532,-3.066033
99,03/02/15 12:01,-64.865993,-3.06568
99,03/02/15 14:01,-64.866021,-3.065806
99,03/03/15 00:01,-64.872273,-3.067154
99,03/03/15 02:00,-64.874446,-3.062175
99,03/03/15 04:01,-64.871037,-3.057771
99,03/03/15 06:02,-64.865585,-3.053557
99,03/03/15 08:01,-64.865193,-3.053532
99,03/03/15 10:01,-64.865623,-3.053188
99,03/03/15 12:01,-64.865511,-3.053047
99,03/03/15 14:02,-64.865484,-3.053106
99,03/03/15 16:01,-64.865587,-3.053143
99,03/03/15 18:00,-64.867835,-3.058583
99,03/03/15 20:00,-64.868189,-3.059169
99,03/04/15 06:01,-64.864387,-3.062688
99,03/04/15 08:00,-64.864321,-3.062445
99,03/04/15 14:01,-64.858963,-3.067825
99,03/04/15 18:00,-64.856953,-3.078545
99,03/04/15 20:01,-64.853422,-3.080042
99,03/04/15 22:01,-64.851536,-3.083979
99,03/05/15 04:02,-64.857568,-3.088822
99,03/05/15 06:00,-64.858263,-3.088828
99,03/05/15 10:01,-64.859516,-3.083892
99,03/05/15 16:01,-64.848861,-3.078578
99,03/05/15 18:00,-64.848549,-3.07844
99,03/05/15 22:02,-64.847646,-3.07798
99,03/06/15 00:00,-64.847579,-3.078054
99,03/06/15 02:01,-64.847591,-3.077906
99,03/06/15 06:01,-64.847566,-3.070518
99,03/06/15 08:00,-64.847563,-3.070362
99,03/06/15 10:02,-64.847673,-3.070393
99,03/06/15 12:01,-64.847845,-3.070421
99,03/06/15 14:01,-64.847815,-3.070341
99,03/06/15 16:00,-64.848485,-3.069978
99,03/06/15 18:01,-64.848384,-3.069942
99,03/06/15 20:02,-64.848455,-3.069983
99,03/06/15 22:01,-64.848352,-3.069952
99,03/07/15 00:00,-64.848436,-3.069926
99,03/07/15 02:01,-64.848445,-3.069992
99,03/07/15 04:00,-64.848461,-3.070027
99,03/07/15 06:01,-64.848447,-3.070019
99,03/07/15 08:00,-64.848375,-3.069913
99,03/07/15 10:00,-64.848413,-3.069999
99,03/07/15 12:00,-64.848398,-3.069915
99,03/07/15 14:01,-64.848444,-3.069929
99,03/07/15 16:00,-64.848396,-3.070009
99,03/07/15 18:00,-64.848437,-3.069958
99,03/07/15 20:00,-64.849021,-3.068915
99,03/08/15 00:00,-64.856472,-3.085692
99,03/08/15 06:01,-64.856942,-3.08872
99,03/08/15 08:02,-64.857034,-3.088666
99,03/08/15 14:02,-64.856935,-3.088938
99,03/08/15 18:02,-64.857148,-3.088357
99,03/08/15 20:01,-64.863618,-3.088337
99,03/09/15 04:01,-64.861641,-3.093877
99,03/09/15 06:01,-64.861825,-3.093891
99,03/09/15 10:01,-64.854232,-3.095579
99,03/09/15 16:02,-64.854594,-3.094606
99,03/10/15 04:02,-64.833094,-3.096286
99,03/10/15 10:00,-64.833559,-3.097119
99,03/10/15 12:01,-64.833001,-3.097376
99,03/10/15 14:01,-64.832973,-3.097308
99,03/10/15 18:02,-64.828813,-3.094044
99,03/10/15 20:02,-64.82738,-3.103243
99,03/11/15 04:01,-64.835647,-3.092919
99,03/11/15 06:00,-64.835642,-3.092944
99,03/11/15 08:00,-64.835672,-3.092881
99,03/11/15 10:00,-64.835614,-3.09293
99,03/11/15 12:00,-64.836485,-3.093111
99,03/11/15 14:01,-64.838103,-3.09522
99,03/11/15 16:00,-64.837715,-3.095996
99,03/11/15 18:00,-64.837912,-3.096421
99,03/11/15 20:00,-64.837852,-3.096079
99,03/11/15 22:02,-64.838346,-3.099894
99,03/12/15 02:03,-64.838146,-3.099619
99,03/12/15 06:00,-64.837963,-3.100474
99,03/12/15 08:02,-64.838344,-3.100806
99,03/12/15 10:02,-64.838353,-3.100907
99,03/12/15 12:01,-64.838492,-3.100806
99,03/13/15 04:01,-64.830472,-3.094283
99,03/13/15 06:01,-64.830261,-3.093936
99,03/13/15 08:02,-64.830358,-3.094134
99,03/13/15 12:02,-64.830522,-3.093833
99,03/13/15 14:01,-64.830594,-3.094321
99,03/13/15 16:00,-64.828197,-3.092749
99,03/14/15 04:01,-64.827045,-3.09512
99,03/14/15 06:00,-64.826908,-3.095174
99,03/14/15 08:00,-64.827049,-3.095037
99,03/14/15 12:01,-64.82603,-3.095527
99,03/14/15 14:01,-64.825355,-3.091284
99,03/14/15 16:01,-64.825554,-3.0891
99,03/14/15 18:00,-64.825032,-3.08833
99,03/14/15 20:00,-64.82485,-3.088509
99,03/14/15 22:01,-64.824692,-3.088573
99,03/15/15 02:03,-64.830287,-3.093457
99,03/15/15 08:02,-64.830191,-3.103623
99,03/15/15 18:02,-64.832186,-3.101175
99,03/16/15 00:01,-64.832181,-3.101416
99,03/16/15 06:00,-64.831233,-3.102188
99,03/16/15 10:00,-64.836638,-3.101934
99,03/16/15 14:01,-64.836566,-3.101919
99,03/16/15 20:02,-64.843795,-3.101922
99,03/17/15 00:01,-64.851518,-3.098912
99,03/17/15 06:02,-64.850188,-3.096585
99,03/18/15 00:00,-64.840843,-3.093659
99,03/18/15 02:00,-64.840884,-3.093712
99,03/18/15 04:00,-64.840826,-3.093681
99,03/18/15 08:01,-64.836364,-3.104384
99,03/18/15 10:01,-64.836888,-3.104077
99,03/18/15 14:00,-64.83777,-3.103818
99,03/18/15 18:03,-64.837858,-3.103663
99,03/18/15 22:01,-64.840329,-3.09652
99,03/19/15 00:01,-64.837692,-3.092254
99,03/19/15 08:01,-64.847078,-3.085082
99,03/19/15 10:01,-64.846643,-3.08546
99,03/19/15 12:01,-64.846776,-3.085427
99,03/19/15 14:01,-64.846737,-3.08535
99,03/19/15 18:00,-64.84016,-3.086812
99,03/19/15 20:00,-64.838643,-3.08867
99,03/19/15 22:00,-64.839306,-3.08955
99,03/20/15 00:00,-64.839252,-3.089564
99,03/20/15 02:01,-64.839429,-3.089458
99,03/20/15 06:00,-64.842422,-3.084925
99,03/20/15 08:01,-64.8424,-3.084906
99,03/20/15 10:00,-64.842637,-3.08511
99,03/20/15 12:00,-64.842616,-3.084868
99,03/20/15 14:00,-64.842473,-3.084993
99,03/20/15 16:01,-64.842513,-3.084998
99,03/20/15 18:01,-64.842515,-3.085131
99,03/21/15 00:00,-64.832872,-3.083072
99,03/21/15 02:01,-64.832964,-3.08299
99,03/21/15 06:01,-64.840006,-3.080573
99,03/21/15 08:00,-64.839801,-3.080506
99,03/21/15 10:00,-64.839835,-3.080588
99,03/21/15 12:01,-64.839907,-3.080501
99,03/21/15 14:00,-64.839979,-3.080532
99,03/21/15 16:01,-64.839892,-3.08061
99,03/21/15 18:01,-64.841694,-3.077802
99,03/21/15 20:01,-64.841522,-3.078112
99,03/21/15 22:02,-64.844462,-3.080363
99,03/22/15 00:00,-64.844423,-3.080433
99,03/22/15 02:01,-64.844511,-3.080428
99,03/22/15 06:00,-64.846327,-3.084034
99,03/22/15 08:00,-64.846329,-3.084028
99,03/22/15 10:02,-64.852594,-3.082175
99,03/22/15 14:02,-64.853083,-3.081966
99,03/22/15 16:02,-64.852692,-3.082202
99,03/22/15 18:00,-64.85422,-3.082019
99,03/22/15 20:01,-64.854344,-3.081913
99,03/22/15 22:00,-64.854275,-3.081964
99,03/23/15 00:01,-64.854289,-3.081865
99,03/23/15 04:02,-64.854831,-3.075322
99,03/23/15 08:02,-64.853569,-3.08223
99,03/23/15 10:02,-64.853427,-3.082114
99,03/23/15 12:01,-64.856953,-3.082131
99,03/23/15 18:00,-64.849226,-3.079854
99,03/23/15 20:01,-64.847526,-3.077839
99,03/24/15 00:00,-64.844489,-3.080328
99,03/24/15 08:02,-64.859023,-3.069872
99,03/24/15 10:01,-64.859036,-3.069885
99,03/24/15 12:02,-64.859075,-3.069822
99,03/24/15 14:00,-64.859083,-3.069958
99,03/24/15 16:01,-64.859153,-3.069883
99,03/24/15 18:00,-64.856979,-3.06727
99,03/24/15 20:01,-64.856941,-3.067235
99,03/24/15 22:00,-64.851737,-3.071138
99,03/25/15 00:01,-64.842691,-3.07445
99,03/25/15 02:01,-64.842693,-3.074509
99,03/25/15 04:00,-64.842709,-3.074572
99,03/25/15 06:00,-64.842754,-3.074521
99,03/25/15 08:00,-64.842743,-3.074502
99,03/25/15 10:00,-64.842751,-3.074508
99,03/25/15 12:00,-64.842801,-3.074541
99,03/25/15 14:00,-64.842806,-3.074419
99,03/25/15 16:00,-64.842736,-3.074504
99,03/25/15 18:01,-64.841131,-3.073319
99,03/26/15 00:01,-64.837549,-3.067916
99,03/26/15 02:00,-64.837436,-3.068238
99,03/26/15 04:00,-64.837392,-3.068137
99,03/26/15 06:01,-64.839835,-3.068604
99,03/26/15 08:01,-64.840026,-3.070649
99,03/26/15 10:00,-64.840005,-3.070674
99,03/26/15 12:01,-64.839962,-3.070713
99,03/26/15 14:01,-64.839961,-3.070714
99,03/26/15 16:00,-64.839969,-3.070648
99,03/26/15 18:00,-64.840038,-3.070672
99,03/26/15 20:01,-64.84218,-3.077664
99,03/26/15 22:01,-64.842288,-3.077618
99,03/27/15 00:01,-64.841288,-3.077242
99,03/27/15 02:02,-64.845572,-3.078418
99,03/27/15 04:00,-64.848759,-3.081687
99,03/27/15 06:00,-64.84883,-3.081661
99,03/27/15 10:00,-64.847615,-3.077982
99,03/27/15 12:00,-64.847568,-3.07799
99,03/27/15 14:00,-64.847751,-3.077964
99,03/27/15 16:00,-64.847606,-3.077914
99,03/27/15 20:00,-64.847517,-3.077838
99,03/27/15 22:00,-64.840912,-3.09058
99,03/28/15 00:03,-64.836818,-3.092027
99,03/28/15 02:00,-64.836194,-3.091522
99,03/28/15 04:01,-64.836376,-3.09156
99,03/28/15 06:01,-64.836404,-3.091563
99,03/28/15 08:00,-64.836605,-3.093002
99,03/28/15 10:00,-64.836669,-3.092891
99,03/28/15 12:00,-64.836713,-3.092907
99,03/28/15 14:00,-64.836722,-3.092915
99,03/28/15 16:01,-64.836807,-3.09298
99,03/28/15 18:00,-64.836747,-3.092743
99,03/28/15 20:01,-64.836603,-3.09278
99,03/29/15 00:00,-64.839855,-3.093506
99,03/29/15 02:01,-64.839891,-3.093442
99,03/29/15 04:00,-64.839772,-3.093392
99,03/29/15 06:00,-64.840105,-3.093331
99,03/29/15 08:00,-64.839921,-3.09357
99,03/29/15 10:01,-64.839842,-3.093425
99,03/29/15 12:00,-64.839846,-3.093473
99,03/29/15 14:01,-64.840043,-3.09354
99,03/29/15 16:00,-64.839856,-3.093572
99,03/29/15 18:00,-64.840054,-3.093912
99,03/30/15 00:01,-64.827024,-3.091396
99,03/30/15 02:00,-64.82707,-3.091138
99,03/30/15 06:01,-64.825052,-3.091916
99,03/30/15 08:01,-64.824956,-3.091974
99,03/30/15 10:00,-64.824891,-3.091917
99,03/30/15 12:00,-64.824854,-3.091879
99,03/30/15 14:01,-64.825088,-3.091892
99,03/30/15 16:00,-64.824943,-3.091883
99,03/30/15 18:01,-64.825154,-3.088592
99,03/30/15 20:01,-64.825675,-3.087878
99,03/30/15 22:01,-64.826949,-3.084838
99,03/31/15 00:00,-64.826748,-3.084901
99,03/31/15 02:00,-64.826907,-3.084876
99,03/31/15 04:00,-64.826503,-3.084828
99,03/31/15 06:00,-64.826858,-3.084924
99,03/31/15 08:01,-64.826883,-3.084682
99,03/31/15 10:00,-64.826942,-3.084816
99,03/31/15 14:00,-64.824034,-3.085627
99,03/31/15 16:00,-64.824044,-3.085638
99,03/31/15 18:00,-64.822983,-3.083555
99,03/31/15 20:01,-64.824732,-3.080498
99,03/31/15 22:01,-64.824575,-3.080495
99,04/01/15 02:00,-64.824683,-3.080496
99,04/01/15 04:00,-64.824712,-3.08052
99,04/01/15 06:01,-64.822691,-3.079289
99,04/01/15 08:00,-64.822731,-3.079398
99,04/01/15 10:01,-64.822603,-3.0793
99,04/01/15 12:00,-64.822815,-3.079347
99,04/01/15 14:00,-64.822831,-3.079362
99,04/01/15 16:00,-64.822701,-3.079648
99,04/01/15 18:01,-64.822754,-3.080444
99,04/01/15 20:02,-64.825555,-3.088245
99,04/01/15 22:02,-64.825191,-3.088338
99,04/02/15 00:01,-64.824052,-3.080898
99,04/02/15 02:01,-64.824047,-3.080895
99,04/02/15 04:01,-64.824014,-3.081087
99,04/02/15 06:01,-64.822867,-3.079365
99,04/02/15 08:00,-64.822808,-3.079411
99,04/02/15 10:00,-64.822774,-3.079351
99,04/02/15 12:01,-64.822971,-3.079272
99,04/02/15 14:00,-64.822797,-3.079326
99,04/02/15 16:00,-64.822773,-3.079369
99,04/02/15 18:00,-64.822894,-3.079388
99,04/02/15 20:01,-64.824987,-3.075595
99,04/02/15 22:00,-64.825081,-3.075475
99,04/03/15 00:01,-64.824865,-3.075234
99,04/03/15 02:01,-64.824629,-3.073628
99,04/03/15 04:01,-64.823773,-3.073024
99,04/03/15 06:01,-64.82391,-3.073413
99,04/03/15 08:01,-64.824611,-3.073658
99,04/03/15 10:00,-64.824565,-3.073556
99,04/03/15 12:01,-64.824664,-3.073725
99,04/03/15 14:02,-64.824601,-3.073778
99,04/03/15 16:00,-64.824673,-3.073707
99,04/03/15 18:01,-64.824577,-3.073625
99,04/03/15 20:00,-64.824639,-3.073665
99,04/04/15 00:01,-64.824605,-3.073531
99,04/04/15 02:00,-64.824629,-3.073547
99,04/04/15 04:00,-64.824476,-3.073709
99,04/04/15 06:01,-64.824718,-3.073673
99,04/04/15 08:00,-64.824557,-3.07361
99,04/04/15 10:00,-64.824577,-3.073582
99,04/04/15 12:02,-64.824544,-3.073599
99,04/04/15 14:01,-64.824631,-3.073581
99,04/04/15 16:00,-64.82451,-3.073758
99,04/04/15 18:01,-64.827041,-3.072816
99,04/04/15 20:00,-64.827097,-3.072786
99,04/04/15 22:00,-64.828366,-3.073371
99,04/05/15 00:00,-64.828345,-3.073379
99,04/05/15 02:00,-64.828319,-3.073384
99,04/05/15 04:00,-64.826899,-3.073755
99,04/05/15 06:01,-64.827209,-3.074851
99,04/05/15 08:00,-64.827261,-3.074958
99,04/05/15 10:01,-64.827354,-3.074911
99,04/05/15 12:00,-64.827291,-3.074916
99,04/05/15 14:01,-64.827172,-3.0749
99,04/05/15 18:00,-64.82741,-3.075945
99,04/05/15 22:00,-64.827276,-3.079212
99,04/06/15 00:00,-64.827248,-3.079187
99,04/06/15 02:00,-64.827162,-3.07924
99,04/06/15 04:01,-64.827275,-3.079258
99,04/06/15 06:00,-64.829893,-3.07752
99,04/06/15 08:00,-64.82998,-3.077529
99,04/06/15 10:00,-64.829987,-3.077466
99,04/06/15 12:00,-64.829993,-3.077472
99,04/06/15 14:00,-64.83003,-3.077314
99,04/06/15 16:00,-64.82996,-3.077479
99,04/06/15 18:00,-64.829346,-3.077715
99,04/06/15 22:02,-64.825471,-3.071558
99,04/07/15 02:01,-64.825383,-3.071622
99,04/07/15 04:01,-64.824977,-3.072192
99,04/07/15 06:00,-64.824732,-3.072545
99,04/07/15 08:01,-64.824827,-3.072671
99,04/07/15 10:01,-64.824741,-3.07252
99,04/07/15 12:01,-64.824603,-3.072558
99,04/07/15 14:00,-64.824768,-3.072446
99,04/07/15 16:00,-64.824828,-3.072478
99,04/07/15 18:00,-64.824839,-3.072478
99,04/07/15 20:01,-64.820945,-3.074689
99,04/07/15 22:00,-64.820047,-3.077098
99,04/08/15 00:01,-64.821058,-3.076706
99,04/08/15 02:00,-64.822131,-3.080233
99,04/08/15 04:01,-64.82183,-3.079815
99,04/08/15 08:00,-64.82204,-3.079218
99,04/08/15 10:00,-64.822327,-3.079272
99,04/08/15 12:00,-64.82188,-3.079727
99,04/08/15 14:01,-64.821702,-3.07971
99,04/08/15 16:00,-64.823896,-3.08152
99,04/08/15 18:00,-64.823943,-3.081559
99,04/08/15 20:00,-64.823893,-3.081493
99,04/08/15 22:00,-64.821801,-3.082098
99,04/09/15 00:00,-64.821433,-3.081641
99,04/09/15 02:00,-64.821397,-3.081634
99,04/09/15 04:00,-64.821148,-3.081637
99,04/09/15 06:00,-64.821393,-3.081731
99,04/09/15 08:00,-64.821367,-3.081707
99,04/09/15 10:01,-64.821454,-3.081718
99,04/09/15 12:00,-64.821363,-3.081653
99,04/09/15 14:00,-64.821439,-3.081623
99,04/09/15 16:00,-64.821444,-3.081659
99,04/09/15 18:01,-64.82153,-3.081624
99,04/09/15 20:00,-64.818553,-3.079552
99,04/09/15 22:00,-64.818558,-3.079614
99,04/10/15 00:00,-64.818575,-3.079603
99,04/10/15 02:01,-64.818554,-3.079479
99,04/10/15 04:00,-64.81847,-3.079404
99,04/10/15 06:01,-64.819452,-3.078519
99,04/10/15 08:01,-64.819945,-3.078862
99,04/10/15 10:01,-64.819996,-3.078848
99,04/10/15 12:00,-64.819975,-3.078856
99,04/10/15 14:00,-64.820026,-3.078878
99,04/10/15 16:02,-64.820059,-3.078893
99,04/10/15 18:01,-64.820044,-3.078819
99,04/10/15 20:00,-64.81998,-3.07887
99,04/10/15 22:00,-64.82222,-3.078947
99,04/11/15 00:01,-64.82242,-3.079036
99,04/11/15 02:00,-64.822346,-3.079071
99,04/11/15 04:00,-64.822379,-3.079074
99,04/11/15 06:00,-64.822442,-3.079008
99,04/11/15 08:00,-64.822376,-3.079057
99,04/11/15 10:00,-64.822404,-3.07875
99,04/11/15 12:00,-64.822304,-3.078924
99,04/11/15 14:00,-64.822384,-3.078971
99,04/11/15 16:01,-64.822424,-3.07895
99,04/11/15 20:01,-64.825256,-3.076731
99,04/11/15 22:01,-64.824054,-3.079735
99,04/12/15 00:00,-64.823905,-3.08093
99,04/12/15 02:01,-64.825148,-3.07667
99,04/12/15 06:01,-64.827142,-3.078197
99,04/12/15 10:00,-64.827013,-3.077151
99,04/12/15 12:00,-64.827099,-3.077237
99,04/12/15 14:00,-64.82713,-3.077141
99,04/12/15 16:01,-64.827082,-3.077172
99,04/12/15 18:01,-64.827155,-3.077262
99,04/12/15 20:01,-64.831024,-3.081397
99,04/12/15 22:00,-64.831297,-3.082612
99,04/13/15 00:01,-64.831243,-3.082617
99,04/13/15 02:00,-64.831244,-3.082649
99,04/13/15 04:01,-64.833181,-3.080221
99,04/13/15 06:00,-64.833278,-3.080039
99,04/13/15 08:00,-64.833271,-3.080131
99,04/13/15 10:00,-64.833048,-3.080082
99,04/13/15 12:01,-64.833132,-3.080137
99,04/13/15 14:01,-64.833219,-3.080104
99,04/13/15 16:02,-64.833186,-3.08009
99,04/13/15 18:02,-64.83501,-3.081465
99,04/13/15 20:00,-64.834969,-3.08146
99,04/13/15 22:00,-64.835012,-3.081519
99,04/14/15 00:00,-64.835306,-3.081621
99,04/14/15 02:00,-64.835038,-3.081651
99,04/14/15 04:00,-64.835035,-3.081552
99,04/14/15 06:01,-64.833134,-3.083166
99,04/14/15 08:01,-64.833064,-3.083063
99,04/14/15 10:02,-64.833143,-3.083146
99,04/14/15 12:01,-64.833272,-3.0834
99,04/14/15 14:02,-64.833044,-3.083158
99,04/14/15 16:00,-64.833141,-3.083188
99,04/14/15 18:01,-64.833187,-3.083299
99,04/14/15 20:00,-64.833174,-3.083247
99,04/14/15 22:00,-64.834544,-3.083846
99,04/15/15 00:00,-64.834376,-3.08386
99,04/15/15 02:02,-64.834073,-3.084231
99,04/15/15 06:01,-64.841236,-3.091156
99,04/15/15 08:00,-64.841172,-3.091253
99,04/15/15 10:00,-64.841193,-3.091229
99,04/15/15 12:00,-64.841159,-3.091168
99,04/15/15 14:00,-64.8412,-3.091165
99,04/15/15 16:00,-64.841125,-3.091156
99,04/15/15 18:00,-64.841157,-3.091165
99,04/15/15 20:00,-64.841278,-3.091161
99,04/16/15 02:01,-64.835741,-3.096304
99,04/16/15 04:00,-64.835786,-3.096289
99,04/16/15 06:02,-64.835741,-3.096293
99,04/16/15 08:00,-64.83575,-3.096302
99,04/16/15 10:01,-64.835866,-3.096262
99,04/16/15 12:01,-64.837544,-3.095708
99,04/16/15 14:00,-64.837724,-3.095982
99,04/16/15 18:01,-64.837687,-3.096042
99,04/16/15 20:01,-64.837632,-3.096113
99,04/17/15 00:01,-64.837641,-3.095953
99,04/17/15 02:00,-64.837653,-3.095951
99,04/17/15 04:01,-64.837469,-3.095927
99,04/17/15 06:01,-64.837675,-3.096021
99,04/17/15 08:00,-64.837632,-3.096071
99,04/17/15 10:00,-64.837632,-3.09602
99,04/17/15 12:01,-64.837719,-3.096034
99,04/17/15 14:01,-64.837676,-3.095998
99,04/17/15 16:01,-64.837651,-3.096062
99,04/17/15 18:00,-64.839243,-3.095553
99,04/17/15 20:00,-64.839153,-3.095547
99,04/17/15 22:01,-64.840489,-3.096569
99,04/18/15 00:01,-64.839065,-3.097251
99,04/18/15 02:00,-64.839158,-3.097211
99,04/18/15 04:01,-64.838637,-3.097468
99,04/18/15 06:00,-64.834148,-3.098839
99,04/18/15 08:00,-64.834132,-3.099019
99,04/18/15 10:01,-64.835046,-3.098596
99,04/18/15 12:00,-64.835009,-3.098599
99,04/18/15 14:00,-64.834986,-3.098608
99,04/18/15 16:00,-64.835096,-3.098617
99,04/18/15 18:01,-64.835267,-3.098678
99,04/18/15 20:00,-64.835005,-3.098568
99,04/19/15 00:00,-64.837316,-3.092749
99,04/19/15 02:01,-64.837316,-3.092833
99,04/19/15 04:01,-64.837397,-3.092757
99,04/19/15 06:01,-64.837427,-3.092686
99,04/19/15 08:01,-64.837791,-3.092232
99,04/19/15 10:00,-64.83776,-3.092282
99,04/19/15 12:01,-64.837766,-3.092222
99,04/19/15 14:01,-64.837799,-3.092256
99,04/19/15 16:01,-64.837867,-3.092262
99,04/19/15 18:00,-64.837909,-3.091888
99,04/19/15 20:01,-64.837725,-3.092043
99,04/19/15 22:00,-64.841466,-3.093297
99,04/20/15 00:00,-64.842385,-3.092211
99,04/20/15 02:01,-64.842533,-3.092486
99,04/20/15 04:01,-64.842302,-3.092205
99,04/20/15 06:00,-64.842398,-3.092181
99,04/20/15 10:00,-64.848649,-3.088425
99,04/20/15 12:00,-64.849435,-3.088693
99,04/20/15 14:00,-64.850314,-3.086718
99,04/20/15 16:01,-64.850289,-3.086704
99,04/20/15 18:01,-64.850272,-3.086643
99,04/20/15 20:02,-64.850472,-3.086825
99,04/20/15 22:01,-64.850206,-3.086744
99,04/21/15 00:00,-64.85032,-3.086775
99,04/21/15 02:00,-64.850332,-3.086851
99,04/21/15 04:00,-64.848417,-3.087435
99,04/21/15 06:00,-64.848671,-3.087273
99,04/21/15 08:01,-64.84751,-3.08778
99,04/21/15 10:00,-64.848551,-3.087529
99,04/21/15 12:03,-64.84864,-3.087372
99,04/21/15 14:00,-64.848626,-3.087492
99,04/21/15 16:01,-64.848585,-3.087447
99,04/21/15 18:00,-64.848683,-3.087429
99,04/22/15 02:00,-64.861796,-3.077265
99,04/22/15 04:01,-64.869262,-3.069971
99,04/22/15 06:00,-64.869184,-3.070045
99,04/22/15 08:00,-64.869125,-3.070041
99,04/22/15 12:02,-64.871903,-3.068372
99,04/22/15 14:02,-64.871925,-3.068214
99,04/22/15 18:02,-64.871875,-3.068112
99,04/22/15 20:00,-64.869094,-3.067895
99,04/22/15 22:00,-64.868607,-3.068694
99,04/23/15 00:02,-64.868664,-3.069387
99,04/23/15 02:01,-64.869651,-3.070353
99,04/23/15 14:01,-64.871628,-3.068591
99,04/23/15 16:02,-64.869077,-3.071819
99,04/23/15 18:01,-64.869006,-3.071972
99,04/23/15 20:02,-64.869019,-3.072012
99,04/24/15 00:00,-64.868898,-3.071886
99,04/24/15 02:01,-64.868962,-3.071933
99,04/24/15 04:01,-64.868916,-3.072105
99,04/24/15 06:01,-64.868969,-3.071984
99,04/24/15 08:01,-64.868939,-3.071973
99,04/24/15 10:01,-64.868901,-3.071981
99,04/24/15 12:00,-64.868958,-3.071967
99,04/24/15 14:00,-64.868826,-3.071908
99,04/24/15 16:02,-64.868808,-3.07193
99,04/24/15 18:01,-64.871172,-3.073126
99,04/24/15 20:00,-64.872547,-3.078629
99,04/24/15 22:01,-64.873414,-3.08012
99,04/25/15 00:01,-64.873975,-3.078355
99,04/25/15 02:00,-64.874012,-3.078356
99,04/25/15 06:01,-64.873889,-3.078321
99,04/25/15 08:00,-64.87385,-3.078219
99,04/25/15 10:01,-64.873892,-3.078054
99,04/25/15 12:02,-64.873887,-3.078225
99,04/25/15 14:00,-64.87366,-3.078391
99,04/25/15 16:00,-64.874033,-3.078388
99,04/25/15 18:00,-64.873946,-3.078185
99,04/25/15 20:01,-64.873914,-3.078228
99,04/25/15 22:01,-64.874007,-3.078113
99,04/26/15 00:00,-64.873912,-3.078221
99,04/26/15 02:02,-64.868552,-3.072407
99,04/26/15 04:00,-64.873928,-3.078213
99,04/26/15 06:00,-64.873859,-3.078387
99,04/26/15 08:02,-64.872731,-3.070107
99,04/26/15 10:01,-64.872547,-3.070106
99,04/26/15 12:00,-64.872652,-3.070142
99,04/26/15 14:00,-64.872696,-3.07017
99,04/26/15 16:00,-64.872692,-3.070213
99,04/26/15 18:00,-64.872833,-3.070168
99,04/26/15 20:00,-64.872799,-3.070194
99,04/26/15 22:00,-64.872742,-3.070173
99,04/27/15 00:00,-64.872834,-3.070156
99,04/27/15 02:00,-64.872753,-3.070152
99,04/27/15 04:01,-64.872992,-3.070137
99,04/27/15 06:01,-64.872399,-3.069982
99,04/27/15 08:01,-64.872697,-3.07
99,04/27/15 10:00,-64.873083,-3.070266
99,04/27/15 12:02,-64.872738,-3.070164
99,04/27/15 14:00,-64.872849,-3.070138
99,04/27/15 16:00,-64.872784,-3.070165
99,04/27/15 18:01,-64.872846,-3.070133
99,04/27/15 20:01,-64.873094,-3.0702
99,04/28/15 00:01,-64.875517,-3.069732
99,04/28/15 02:00,-64.875599,-3.069954
99,04/28/15 04:01,-64.875354,-3.069997
99,04/28/15 06:00,-64.875455,-3.069952
99,04/28/15 08:01,-64.875532,-3.070016
99,04/28/15 14:01,-64.871717,-3.071847
99,04/28/15 16:00,-64.871656,-3.071858
99,04/28/15 18:01,-64.87142,-3.072997
99,04/28/15 20:01,-64.867523,-3.072347
99,04/28/15 22:00,-64.865652,-3.073018
99,04/29/15 00:00,-64.865631,-3.072914
99,04/29/15 02:00,-64.865649,-3.07293
99,04/29/15 06:03,-64.869257,-3.071275
99,04/29/15 08:02,-64.869303,-3.071257
99,04/29/15 10:01,-64.869191,-3.071374
99,04/29/15 12:01,-64.869169,-3.071327
99,04/29/15 14:00,-64.869146,-3.071343
99,04/29/15 18:02,-64.869336,-3.07136
99,04/29/15 22:02,-64.862854,-3.060853
99,04/30/15 00:00,-64.86033,-3.058368
99,04/30/15 02:00,-64.860445,-3.058308
99,04/30/15 04:00,-64.860393,-3.058391
99,04/30/15 06:01,-64.860412,-3.058391
99,04/30/15 08:01,-64.860502,-3.058353
99,04/30/15 10:00,-64.860421,-3.05839
99,04/30/15 12:01,-64.860339,-3.058328
99,04/30/15 14:00,-64.860408,-3.058322
99,04/30/15 16:00,-64.860413,-3.058359
99,04/30/15 18:02,-64.862939,-3.056067
99,04/30/15 20:01,-64.868341,-3.052844
99,04/30/15 22:00,-64.86798,-3.053246
99,05/01/15 00:00,-64.867459,-3.051744
99,05/01/15 02:00,-64.867505,-3.05174
99,05/01/15 04:00,-64.867458,-3.051707
99,05/01/15 06:01,-64.867453,-3.051795
99,05/01/15 08:00,-64.867633,-3.051774
99,05/01/15 12:00,-64.867668,-3.051772
99,05/01/15 14:00,-64.867603,-3.051672
99,05/01/15 16:01,-64.867733,-3.051596
99,05/01/15 18:02,-64.868194,-3.049557
99,05/01/15 20:01,-64.871312,-3.052404
99,05/01/15 22:00,-64.869593,-3.052583
99,05/02/15 00:01,-64.869431,-3.052583
99,05/02/15 02:00,-64.869403,-3.052537
99,05/02/15 04:00,-64.869445,-3.052525
99,05/02/15 06:01,-64.86927,-3.052908
99,05/02/15 08:00,-64.869445,-3.052592
99,05/02/15 10:00,-64.869433,-3.052611
99,05/02/15 14:00,-64.86946,-3.052593
99,05/02/15 16:00,-64.86961,-3.052718
99,05/02/15 20:01,-64.86985,-3.050391
99,05/02/15 22:01,-64.870111,-3.050606
99,05/03/15 02:00,-64.870073,-3.05069
99,05/03/15 04:01,-64.867952,-3.049445
99,05/03/15 06:00,-64.867888,-3.049356
99,05/03/15 08:01,-64.867857,-3.049539
99,05/03/15 10:01,-64.867978,-3.049392
99,05/03/15 12:01,-64.867798,-3.049492
99,05/03/15 14:00,-64.867859,-3.049471
99,05/03/15 16:00,-64.867829,-3.049401
99,05/03/15 18:00,-64.867843,-3.049367
99,05/03/15 20:01,-64.864268,-3.047803
99,05/03/15 22:01,-64.864799,-3.045499
99,05/04/15 04:01,-64.86501,-3.04577
99,05/04/15 06:01,-64.865075,-3.045801
99,05/04/15 08:00,-64.86511,-3.04589
99,05/04/15 10:00,-64.865163,-3.045741
99,05/04/15 12:00,-64.865086,-3.045845
99,05/04/15 14:00,-64.865063,-3.045794
99,05/04/15 16:00,-64.865114,-3.045878
99,05/04/15 18:01,-64.866608,-3.045198
99,05/04/15 20:00,-64.867312,-3.045606
99,05/04/15 22:03,-64.867284,-3.045635
99,05/05/15 00:00,-64.86722,-3.04566
99,05/05/15 02:01,-64.867158,-3.045665
99,05/05/15 04:00,-64.867124,-3.045545
99,05/05/15 06:00,-64.865988,-3.044747
99,05/05/15 08:01,-64.86636,-3.044467
99,05/05/15 10:00,-64.864344,-3.041539
99,05/05/15 12:00,-64.864506,-3.041464
99,05/05/15 14:00,-64.864425,-3.041482
99,05/05/15 16:01,-64.864507,-3.041493
99,05/05/15 18:00,-64.864349,-3.04151
99,05/05/15 22:01,-64.867424,-3.039315
99,05/06/15 00:01,-64.871313,-3.043387
99,05/06/15 02:00,-64.871396,-3.043263
99,05/06/15 04:00,-64.871316,-3.043366
99,05/06/15 08:00,-64.870382,-3.043166
99,05/06/15 10:00,-64.87131,-3.043361
99,05/06/15 12:01,-64.871589,-3.043439
99,05/06/15 14:00,-64.871275,-3.043346
99,05/06/15 16:02,-64.871468,-3.043372
99,05/06/15 18:01,-64.871352,-3.043479
99,05/06/15 20:02,-64.877355,-3.042918
99,05/06/15 22:00,-64.879255,-3.041651
99,05/07/15 00:00,-64.879183,-3.041536
99,05/07/15 02:00,-64.879148,-3.041616
99,05/07/15 06:00,-64.869253,-3.03628
99,05/07/15 08:01,-64.869707,-3.038009
99,05/07/15 10:01,-64.869551,-3.038205
99,05/07/15 12:00,-64.869737,-3.038035
99,05/07/15 14:00,-64.869755,-3.037964
99,05/07/15 16:00,-64.869713,-3.037988
99,05/07/15 18:01,-64.869792,-3.037908
99,05/07/15 20:00,-64.868788,-3.040079
99,05/07/15 22:01,-64.868533,-3.039991
99,05/08/15 00:00,-64.868777,-3.039998
99,05/08/15 04:00,-64.866053,-3.044737
99,05/08/15 06:01,-64.86602,-3.044661
99,05/08/15 08:01,-64.865621,-3.045582
99,05/08/15 10:00,-64.866182,-3.044799
99,05/08/15 12:01,-64.866037,-3.044837
99,05/08/15 14:01,-64.866077,-3.044756
99,05/08/15 16:01,-64.865945,-3.044641
99,05/08/15 18:01,-64.866059,-3.044732
99,05/08/15 20:00,-64.868895,-3.045735
99,05/08/15 22:00,-64.866402,-3.041173
99,05/09/15 00:01,-64.860612,-3.041765
99,05/09/15 02:00,-64.860545,-3.041779
99,05/09/15 04:00,-64.860503,-3.041787
99,05/09/15 06:00,-64.860483,-3.041883
99,05/09/15 08:02,-64.860538,-3.041824
99,05/09/15 10:02,-64.860388,-3.041919
99,05/09/15 12:00,-64.860565,-3.04189
99,05/09/15 14:00,-64.860606,-3.041817
99,05/09/15 16:00,-64.86072,-3.041869
99,05/09/15 18:01,-64.860523,-3.041906
99,05/09/15 20:00,-64.860535,-3.041876
99,05/09/15 22:01,-64.861188,-3.04482
99,05/10/15 00:01,-64.862785,-3.048005
99,05/10/15 02:00,-64.862487,-3.04792
99,05/10/15 04:01,-64.862528,-3.047957
99,05/10/15 06:01,-64.862582,-3.048011
99,05/10/15 08:01,-64.862619,-3.048015
99,05/10/15 10:00,-64.862576,-3.047965
99,05/10/15 12:00,-64.862532,-3.047982
99,05/10/15 14:01,-64.862553,-3.047942
99,05/10/15 16:00,-64.86254,-3.047863
99,05/10/15 18:01,-64.867644,-3.052434
99,05/10/15 20:00,-64.867668,-3.052442
99,05/10/15 22:00,-64.867741,-3.052435
99,05/11/15 00:00,-64.867648,-3.052357
99,05/11/15 02:01,-64.867504,-3.052275
99,05/11/15 04:00,-64.869377,-3.054004
99,05/11/15 06:01,-64.87153,-3.058273
99,05/11/15 08:01,-64.871581,-3.05834
99,05/11/15 10:01,-64.873747,-3.056919
99,05/11/15 12:00,-64.873816,-3.056924
99,05/11/15 14:00,-64.873765,-3.056855
99,05/11/15 16:01,-64.877158,-3.054116
99,05/11/15 18:01,-64.877116,-3.053909
99,05/11/15 20:00,-64.877121,-3.053928
99,05/11/15 22:00,-64.869211,-3.050092
99,05/12/15 00:00,-64.869152,-3.050095
99,05/12/15 02:00,-64.869203,-3.050079
99,05/12/15 04:00,-64.869194,-3.050049
99,05/12/15 06:00,-64.869187,-3.050081
99,05/12/15 12:00,-64.861009,-3.052479
99,05/12/15 14:00,-64.860917,-3.052407
99,05/12/15 18:00,-64.860968,-3.05247
99,05/12/15 20:01,-64.86094,-3.052433
99,05/12/15 22:00,-64.86123,-3.055994
99,05/13/15 00:00,-64.859638,-3.052258
99,05/13/15 02:01,-64.859359,-3.052195
99,05/13/15 04:01,-64.859235,-3.052178
99,05/13/15 06:00,-64.856507,-3.052499
99,05/13/15 08:00,-64.85651,-3.052476
99,05/13/15 10:00,-64.856609,-3.052464
99,05/13/15 12:00,-64.856701,-3.052452
99,05/13/15 14:01,-64.856447,-3.052411
99,05/13/15 16:01,-64.85608,-3.052517
99,05/13/15 18:01,-64.8558,-3.052712
99,05/13/15 20:00,-64.855829,-3.052715
99,05/13/15 22:00,-64.855848,-3.052852
99,05/14/15 00:00,-64.855875,-3.052717
99,05/14/15 02:00,-64.855894,-3.052773
99,05/14/15 04:00,-64.854949,-3.050245
99,05/14/15 06:00,-64.85469,-3.050304
99,05/14/15 10:01,-64.857265,-3.049414
99,05/14/15 12:00,-64.857304,-3.049512
99,05/14/15 14:02,-64.857349,-3.049517
99,05/14/15 16:01,-64.857424,-3.049489
99,05/14/15 18:00,-64.857263,-3.049479
99,05/14/15 20:00,-64.857458,-3.049442
99,05/14/15 22:00,-64.857285,-3.049481
99,05/15/15 00:01,-64.85735,-3.049553
99,05/15/15 02:01,-64.857355,-3.04952
99,05/15/15 04:00,-64.857384,-3.049507
99,05/15/15 06:00,-64.859326,-3.048848
99,05/15/15 08:01,-64.859383,-3.048671
99,05/15/15 10:00,-64.859437,-3.04857
99,05/15/15 12:00,-64.859385,-3.048629
99,05/15/15 14:01,-64.859399,-3.048673
99,05/15/15 16:00,-64.859408,-3.048706
99,05/15/15 18:01,-64.859371,-3.048653
99,05/15/15 22:01,-64.863792,-3.047016
99,05/16/15 00:00,-64.86369,-3.047237
99,05/16/15 02:00,-64.863664,-3.047255
99,05/16/15 06:00,-64.862851,-3.056046
99,05/16/15 08:00,-64.862817,-3.056025
99,05/16/15 10:00,-64.862818,-3.05606
99,05/16/15 12:00,-64.86288,-3.056039
99,05/16/15 14:00,-64.862799,-3.056066
99,05/16/15 16:00,-64.862921,-3.056052
99,05/16/15 18:00,-64.862732,-3.055897
99,05/16/15 20:01,-64.862937,-3.056006
99,05/17/15 00:00,-64.860434,-3.05837
99,05/17/15 02:00,-64.860329,-3.058417
99,05/17/15 04:00,-64.860447,-3.058307
99,05/17/15 06:00,-64.860347,-3.058401
99,05/17/15 08:00,-64.8604,-3.058315
99,05/17/15 10:00,-64.86027,-3.058368
99,05/17/15 12:00,-64.860452,-3.05834
99,05/17/15 14:01,-64.860153,-3.058368
99,05/17/15 16:00,-64.860396,-3.058377
99,05/17/15 18:00,-64.860477,-3.058396
99,05/17/15 20:01,-64.860479,-3.058404
99,05/17/15 22:01,-64.860485,-3.058432
99,05/18/15 00:00,-64.860364,-3.058202
99,05/18/15 02:00,-64.860481,-3.058262
99,05/18/15 04:01,-64.862033,-3.057982
99,05/18/15 06:01,-64.862085,-3.058047
99,05/18/15 08:01,-64.862094,-3.058132
99,05/18/15 10:00,-64.862059,-3.057993
99,05/18/15 12:01,-64.862108,-3.057919
99,05/18/15 14:00,-64.862105,-3.058013
99,05/18/15 16:00,-64.862121,-3.058009
99,05/18/15 18:02,-64.862111,-3.058042
99,05/18/15 20:00,-64.862117,-3.057884
99,05/19/15 00:00,-64.864501,-3.057272
99,05/19/15 02:00,-64.864488,-3.057307
99,05/19/15 04:00,-64.86443,-3.05725
99,05/19/15 06:00,-64.864352,-3.057464
99,05/19/15 08:02,-64.86424,-3.057281
99,05/19/15 10:01,-64.864201,-3.057397
99,05/19/15 12:02,-64.864485,-3.057206
99,05/19/15 14:01,-64.864419,-3.057278
99,05/19/15 16:01,-64.864383,-3.057316
99,05/19/15 18:00,-64.864423,-3.057287
99,05/19/15 20:00,-64.864452,-3.057169
99,05/19/15 22:00,-64.864323,-3.057247
99,05/20/15 00:00,-64.864196,-3.057188
99,05/20/15 02:00,-64.864435,-3.057345
99,05/20/15 04:00,-64.864279,-3.058324
99,05/20/15 06:00,-64.864532,-3.059005
99,05/20/15 08:00,-64.864439,-3.059007
99,05/20/15 10:00,-64.864467,-3.059047
99,05/20/15 12:00,-64.864556,-3.058982
99,05/20/15 14:00,-64.864481,-3.059066
99,05/20/15 16:01,-64.864469,-3.059103
99,05/20/15 18:00,-64.859751,-3.063718
99,05/20/15 20:00,-64.859743,-3.063876
99,05/20/15 22:00,-64.859859,-3.063624
99,05/21/15 00:00,-64.859657,-3.064193
99,05/21/15 02:00,-64.859721,-3.063876
99,05/21/15 04:00,-64.858371,-3.065192
99,05/21/15 06:00,-64.858363,-3.065133
99,05/21/15 08:00,-64.858403,-3.065212
99,05/21/15 10:01,-64.858605,-3.065464
99,05/21/15 12:00,-64.858598,-3.065391
99,05/21/15 14:00,-64.858554,-3.065471
99,05/21/15 16:00,-64.858624,-3.065369
99,05/21/15 18:01,-64.858635,-3.065532
99,05/21/15 20:00,-64.858603,-3.065348
99,05/21/15 22:00,-64.858595,-3.06541
99,05/22/15 02:01,-64.8579,-3.067301
99,05/22/15 04:01,-64.857939,-3.067321
99,05/22/15 06:00,-64.857895,-3.067351
99,05/22/15 08:02,-64.857351,-3.067368
99,05/22/15 10:00,-64.857369,-3.06746
99,05/22/15 12:00,-64.857319,-3.067485
99,05/22/15 14:00,-64.857329,-3.067382
99,05/22/15 16:01,-64.857411,-3.067415
99,05/22/15 18:00,-64.853069,-3.073075
99,05/22/15 20:00,-64.852898,-3.073106
99,05/22/15 22:01,-64.852921,-3.07307
99,05/23/15 00:00,-64.852931,-3.073163
99,05/23/15 02:00,-64.849586,-3.070128
99,05/23/15 04:01,-64.848339,-3.069995
99,05/23/15 06:01,-64.84839,-3.069962
99,05/23/15 08:00,-64.848375,-3.06996
99,05/23/15 10:01,-64.848252,-3.069965
99,05/23/15 12:00,-64.848366,-3.070078
99,05/23/15 14:00,-64.848467,-3.069943
99,05/23/15 16:00,-64.848404,-3.069862
99,05/23/15 18:01,-64.848331,-3.06998
99,05/23/15 20:01,-64.848411,-3.069972
99,05/23/15 22:02,-64.845167,-3.074781
99,05/24/15 00:01,-64.841486,-3.078025
99,05/24/15 02:01,-64.841577,-3.07823
99,05/24/15 06:00,-64.852933,-3.075882
99,05/24/15 08:00,-64.852601,-3.075802
99,05/24/15 10:01,-64.853618,-3.075082
99,05/24/15 12:01,-64.853589,-3.07578
99,05/24/15 14:02,-64.853706,-3.075798
99,05/24/15 16:02,-64.850668,-3.078473
99,05/24/15 18:00,-64.850694,-3.07847
99,05/24/15 20:01,-64.85074,-3.078434
99,05/24/15 22:01,-64.84599,-3.079863
99,05/25/15 00:03,-64.846124,-3.079786
99,05/25/15 02:00,-64.845959,-3.079828
99,05/25/15 04:02,-64.845986,-3.079891
99,05/25/15 06:00,-64.845949,-3.07995
99,05/25/15 08:01,-64.845908,-3.079899
99,05/25/15 10:01,-64.845927,-3.07988
99,05/25/15 12:01,-64.846049,-3.079803
99,05/25/15 14:01,-64.845871,-3.08002
99,05/25/15 16:00,-64.845913,-3.079929
99,05/25/15 20:01,-64.840365,-3.093331
99,05/25/15 22:00,-64.840297,-3.093358
99,05/26/15 00:00,-64.84034,-3.093341
99,05/26/15 02:00,-64.84034,-3.093237
99,05/26/15 04:01,-64.836785,-3.093105
99,05/26/15 06:00,-64.836762,-3.092834
99,05/26/15 08:00,-64.836654,-3.092821
99,05/26/15 10:00,-64.836718,-3.092858
99,05/26/15 12:01,-64.836819,-3.092794
99,05/26/15 14:00,-64.836703,-3.092871
99,05/26/15 16:00,-64.836711,-3.09297
99,05/26/15 18:00,-64.836756,-3.092882
99,05/26/15 22:01,-64.827067,-3.093843
99,05/27/15 00:00,-64.828062,-3.091091
99,05/27/15 02:00,-64.828206,-3.09108
99,05/27/15 04:00,-64.828073,-3.09097
99,05/27/15 06:00,-64.82809,-3.091004
99,05/27/15 08:02,-64.832303,-3.09352
99,05/27/15 10:00,-64.832126,-3.093499
99,05/27/15 12:01,-64.832202,-3.093619
99,05/27/15 14:01,-64.832365,-3.093559
99,05/27/15 16:00,-64.832297,-3.093588
99,05/27/15 18:00,-64.836212,-3.091419
99,05/27/15 20:01,-64.836243,-3.091527
99,05/27/15 22:00,-64.836158,-3.091519
99,05/28/15 00:00,-64.836259,-3.091579
99,05/28/15 02:01,-64.836209,-3.091531
99,05/28/15 04:01,-64.836232,-3.091524
99,05/28/15 08:00,-64.835056,-3.086483
99,05/28/15 10:00,-64.835195,-3.086417
99,05/28/15 12:00,-64.835117,-3.086447
99,05/28/15 14:01,-64.835135,-3.086333
99,05/28/15 16:00,-64.835073,-3.086447
99,05/28/15 18:01,-64.835717,-3.086524
99,05/28/15 20:01,-64.838526,-3.08911
99,05/29/15 00:01,-64.833652,-3.082111
99,05/29/15 02:00,-64.83355,-3.082079
99,05/29/15 04:01,-64.833707,-3.082087
99,05/29/15 06:01,-64.834385,-3.081801
99,05/29/15 08:00,-64.834424,-3.081806
99,05/29/15 10:00,-64.834332,-3.081761
99,05/29/15 12:00,-64.83445,-3.081781
99,05/29/15 14:01,-64.834432,-3.08167
99,05/29/15 16:00,-64.834307,-3.081599
99,05/29/15 18:01,-64.832465,-3.07984
99,05/29/15 20:00,-64.832338,-3.079827
99,05/29/15 22:01,-64.829548,-3.079432
99,05/30/15 00:00,-64.829562,-3.079476
99,05/30/15 02:00,-64.829577,-3.079489
99,05/30/15 04:00,-64.828866,-3.078656
99,05/30/15 06:01,-64.828978,-3.07863
99,05/30/15 08:00,-64.829133,-3.078688
99,05/30/15 10:00,-64.82906,-3.078626
99,05/30/15 12:00,-64.829133,-3.078646
99,05/30/15 14:00,-64.829108,-3.078658
99,05/30/15 16:00,-64.829175,-3.078646
99,05/30/15 18:00,-64.829068,-3.078668
99,05/30/15 20:02,-64.824048,-3.080946
99,05/30/15 22:01,-64.824094,-3.080929
99,05/31/15 00:01,-64.823743,-3.081015
99,05/31/15 02:00,-64.82399,-3.080965
99,05/31/15 04:00,-64.824756,-3.080424
99,05/31/15 06:00,-64.824096,-3.080806
99,05/31/15 08:01,-64.823987,-3.081022
99,05/31/15 10:02,-64.823998,-3.080862
99,05/31/15 12:02,-64.824038,-3.080848
99,05/31/15 16:01,-64.823993,-3.080986
99,05/31/15 18:00,-64.824065,-3.080998
99,05/31/15 20:01,-64.824134,-3.08094
99,05/31/15 22:01,-64.82403,-3.08094
99,06/01/15 00:00,-64.823998,-3.080888
99,06/01/15 04:00,-64.820999,-3.078673
99,06/01/15 06:00,-64.82088,-3.078645
99,06/01/15 08:00,-64.821043,-3.078745
99,06/01/15 10:00,-64.821214,-3.078871
99,06/01/15 12:00,-64.820986,-3.078657
99,06/01/15 14:01,-64.821077,-3.078732
99,06/01/15 16:01,-64.821016,-3.078614
99,06/01/15 20:00,-64.820515,-3.077823
99,06/01/15 22:01,-64.820565,-3.073072
99,06/02/15 02:02,-64.829582,-3.079516
99,06/02/15 04:01,-64.828505,-3.08348
99,06/02/15 06:00,-64.828479,-3.083377
99,06/02/15 08:00,-64.828419,-3.08331
99,06/02/15 10:00,-64.828509,-3.083355
99,06/02/15 12:00,-64.828404,-3.083474
99,06/02/15 14:00,-64.828442,-3.083338
99,06/02/15 16:00,-64.82828,-3.083272
99,06/02/15 20:00,-64.825413,-3.088791
99,06/02/15 22:00,-64.824234,-3.088844
99,06/03/15 00:00,-64.824209,-3.088844
99,06/03/15 02:01,-64.822021,-3.088399
99,06/03/15 04:00,-64.819933,-3.090011
99,06/03/15 06:00,-64.819748,-3.089613
99,06/03/15 08:01,-64.819744,-3.089801
99,06/03/15 10:01,-64.819678,-3.089965
99,06/03/15 12:00,-64.81992,-3.089414
99,06/03/15 14:02,-64.819663,-3.089824
99,06/03/15 16:01,-64.819744,-3.089757
99,06/03/15 18:01,-64.820267,-3.086936
99,06/03/15 20:00,-64.82121,-3.086594
99,06/03/15 22:01,-64.821214,-3.086553
99,06/04/15 00:01,-64.821156,-3.086594
99,06/04/15 02:00,-64.821158,-3.086616
99,06/04/15 04:01,-64.821131,-3.086585
99,06/04/15 06:01,-64.821135,-3.086555
99,06/04/15 08:01,-64.821087,-3.086596
99,06/04/15 10:02,-64.821079,-3.086497
99,06/04/15 12:00,-64.821177,-3.086534
99,06/04/15 14:00,-64.821099,-3.086561
99,06/04/15 16:00,-64.821243,-3.086535
99,06/04/15 18:01,-64.821077,-3.084063
99,06/04/15 20:01,-64.821702,-3.081629
99,06/04/15 22:00,-64.821635,-3.081193
99,06/05/15 00:01,-64.821495,-3.081675
99,06/05/15 02:00,-64.82146,-3.081694
99,06/05/15 04:00,-64.821348,-3.081647
99,06/05/15 06:00,-64.821496,-3.081687
99,06/05/15 08:00,-64.821425,-3.081708
99,06/05/15 10:00,-64.821407,-3.081687
99,06/05/15 12:00,-64.821416,-3.081647
99,06/05/15 14:00,-64.821431,-3.081734
99,06/05/15 16:01,-64.821489,-3.08171
99,06/05/15 18:02,-64.821897,-3.08167
99,06/05/15 22:00,-64.821655,-3.081523
99,06/06/15 02:01,-64.817112,-3.080348
99,06/06/15 04:00,-64.816886,-3.079451
99,06/06/15 06:01,-64.817641,-3.081438
99,06/06/15 08:00,-64.818562,-3.080873
99,06/06/15 10:00,-64.818557,-3.080935
99,06/06/15 12:00,-64.818582,-3.080877
99,06/06/15 14:00,-64.818566,-3.080938
99,06/06/15 16:00,-64.818611,-3.080942
99,06/06/15 18:00,-64.818627,-3.080911
99,06/06/15 22:00,-64.818351,-3.083946
99,06/07/15 00:00,-64.818325,-3.083913
99,06/07/15 02:00,-64.818351,-3.083944
99,06/07/15 04:00,-64.81829,-3.084002
99,06/07/15 06:00,-64.818414,-3.083955
99,06/07/15 08:00,-64.818321,-3.083965
99,06/07/15 10:00,-64.818322,-3.084018
99,06/07/15 12:00,-64.818363,-3.084045
99,06/07/15 14:01,-64.818375,-3.083965
99,06/07/15 16:02,-64.818361,-3.08385
99,06/07/15 18:01,-64.821503,-3.081599
99,06/07/15 20:01,-64.827398,-3.079558
99,06/07/15 22:00,-64.827572,-3.079492
99,06/08/15 00:01,-64.82774,-3.07949
99,06/08/15 02:01,-64.827712,-3.079444
99,06/08/15 04:01,-64.83137,-3.075613
99,06/08/15 06:01,-64.831354,-3.075516
99,06/08/15 08:00,-64.83148,-3.075533
99,06/08/15 10:01,-64.83146,-3.075475
99,06/08/15 12:00,-64.831413,-3.075509
99,06/08/15 14:00,-64.831336,-3.075541
99,06/08/15 16:01,-64.8315,-3.075566
99,06/08/15 20:00,-64.833942,-3.072291
99,06/08/15 22:00,-64.833845,-3.072408
99,06/09/15 00:00,-64.834479,-3.072658
99,06/09/15 02:01,-64.838096,-3.073195
99,06/09/15 04:03,-64.837765,-3.073053
99,06/09/15 06:00,-64.838191,-3.073287
99,06/09/15 08:00,-64.838086,-3.073221
99,06/09/15 10:00,-64.838314,-3.07326
99,06/09/15 12:02,-64.83802,-3.073136
99,06/09/15 14:00,-64.838281,-3.073243
99,06/09/15 16:00,-64.838061,-3.073135
99,06/09/15 20:00,-64.839794,-3.080546
99,06/09/15 22:00,-64.839799,-3.080586
99,06/10/15 00:00,-64.839902,-3.080639
99,06/10/15 02:02,-64.839883,-3.080598
99,06/10/15 04:01,-64.835879,-3.083512
99,06/10/15 06:00,-64.835778,-3.083621
99,06/10/15 08:00,-64.835883,-3.08366
99,06/10/15 10:00,-64.835851,-3.083666
99,06/10/15 12:00,-64.835845,-3.083604
99,06/10/15 14:00,-64.835817,-3.0836
99,06/10/15 16:00,-64.835873,-3.083636
99,06/10/15 18:02,-64.832565,-3.081905
99,06/10/15 20:01,-64.832517,-3.081732
99,06/10/15 22:00,-64.832068,-3.082339
99,06/11/15 00:00,-64.831361,-3.082648
99,06/11/15 02:01,-64.831326,-3.082641
99,06/11/15 04:01,-64.831988,-3.083397
99,06/11/15 06:00,-64.8319,-3.083449
99,06/11/15 08:02,-64.831973,-3.083411
99,06/11/15 10:01,-64.831977,-3.083439
99,06/11/15 12:00,-64.83196,-3.083415
99,06/11/15 14:02,-64.83194,-3.083404
99,06/11/15 16:01,-64.832005,-3.083398
99,06/11/15 18:00,-64.831922,-3.08347
99,06/11/15 20:02,-64.831755,-3.077348
99,06/11/15 22:00,-64.833344,-3.075618
99,06/12/15 02:00,-64.833867,-3.072265
99,06/12/15 04:00,-64.833891,-3.072377
99,06/12/15 06:02,-64.833887,-3.071708
99,06/12/15 08:00,-64.833827,-3.072304
99,06/12/15 10:00,-64.8339,-3.07229
99,06/12/15 12:00,-64.833903,-3.072279
99,06/12/15 14:00,-64.833908,-3.072214
99,06/12/15 18:01,-64.837995,-3.06369
99,06/12/15 20:02,-64.837864,-3.063569
99,06/12/15 22:02,-64.838891,-3.062174
99,06/13/15 00:00,-64.839674,-3.061855
99,06/13/15 02:01,-64.839766,-3.061904
99,06/13/15 04:02,-64.839326,-3.062629
99,06/13/15 06:00,-64.839503,-3.062779
99,06/13/15 08:00,-64.839403,-3.062737
99,06/13/15 10:01,-64.839237,-3.062701
99,06/13/15 12:00,-64.83941,-3.062755
99,06/13/15 14:01,-64.839271,-3.062773
99,06/13/15 16:01,-64.840297,-3.063123
99,06/13/15 18:00,-64.840239,-3.062974
99,06/13/15 20:01,-64.840236,-3.06301
99,06/14/15 00:01,-64.838824,-3.067936
99,06/14/15 02:00,-64.838834,-3.067882
99,06/14/15 04:00,-64.838834,-3.06791
99,06/14/15 06:01,-64.838726,-3.067652
99,06/14/15 08:00,-64.837426,-3.067999
99,06/14/15 10:01,-64.837618,-3.068141
99,06/14/15 12:02,-64.837614,-3.068207
99,06/14/15 14:00,-64.837413,-3.068114
99,06/14/15 16:01,-64.837434,-3.068112
99,06/14/15 18:00,-64.837641,-3.067775
99,06/14/15 20:00,-64.837406,-3.06811
99,06/14/15 22:01,-64.837318,-3.067971
99,06/15/15 00:00,-64.837406,-3.068009
99,06/15/15 02:01,-64.837629,-3.06814
99,06/15/15 04:01,-64.838864,-3.067519
99,06/15/15 06:01,-64.839447,-3.068619
99,06/15/15 08:00,-64.839383,-3.068671
99,06/15/15 10:00,-64.839288,-3.068705
99,06/15/15 12:01,-64.83939,-3.068623
99,06/15/15 14:01,-64.839317,-3.068637
99,06/15/15 18:02,-64.840218,-3.071527
99,06/15/15 20:01,-64.840139,-3.071543
99,06/15/15 22:00,-64.840039,-3.071563
99,06/16/15 00:00,-64.840146,-3.071527
99,06/16/15 02:01,-64.840087,-3.07153
99,06/16/15 04:01,-64.840136,-3.071468
99,06/16/15 06:00,-64.840066,-3.071607
99,06/16/15 08:00,-64.840134,-3.071499
99,06/16/15 10:00,-64.840052,-3.071649
99,06/16/15 12:01,-64.840096,-3.071609
99,06/16/15 14:00,-64.840043,-3.071559
99,06/16/15 16:00,-64.840102,-3.071515
99,06/16/15 18:00,-64.840071,-3.071737
99,06/16/15 20:00,-64.840126,-3.071574
99,06/16/15 22:00,-64.840033,-3.071585
99,06/17/15 00:01,-64.839996,-3.071562
99,06/17/15 02:00,-64.84012,-3.071571
99,06/17/15 04:00,-64.840078,-3.071514
99,06/17/15 06:00,-64.840049,-3.071456
99,06/17/15 08:00,-64.840095,-3.071627
99,06/17/15 10:02,-64.839859,-3.071837
99,06/17/15 12:01,-64.840035,-3.07155
99,06/17/15 14:01,-64.840063,-3.071604
99,06/17/15 16:00,-64.84004,-3.071565
99,06/17/15 18:00,-64.839971,-3.071528
99,06/17/15 20:01,-64.84003,-3.071532
99,06/17/15 22:01,-64.840154,-3.071636
99,06/18/15 00:02,-64.840099,-3.071575
99,06/18/15 02:00,-64.840011,-3.071475
99,06/18/15 04:01,-64.840088,-3.071599
99,06/18/15 06:01,-64.84009,-3.07162
99,06/18/15 08:01,-64.84012,-3.071656
99,06/18/15 10:00,-64.84005,-3.071524
99,06/18/15 12:01,-64.839569,-3.070704
99,06/18/15 14:00,-64.839686,-3.070769
99,06/18/15 16:00,-64.839573,-3.070992
99,06/18/15 18:00,-64.839621,-3.070538
99,06/18/15 20:00,-64.839668,-3.070771
99,06/18/15 22:00,-64.839527,-3.070817
99,06/19/15 00:00,-64.839336,-3.070834
99,06/19/15 02:01,-64.839601,-3.070784
99,06/19/15 04:00,-64.839586,-3.070794
99,06/19/15 06:01,-64.837626,-3.066935
99,06/19/15 08:00,-64.837669,-3.066984
99,06/19/15 10:01,-64.8378,-3.066915
99,06/19/15 12:01,-64.837652,-3.066902
99,06/19/15 14:01,-64.837786,-3.066899
99,06/19/15 16:00,-64.837671,-3.066864
99,06/19/15 18:01,-64.837487,-3.066825
99,06/19/15 20:00,-64.837784,-3.066944
99,06/19/15 22:00,-64.837931,-3.066773
99,06/20/15 00:00,-64.837764,-3.066859
99,06/20/15 02:00,-64.83761,-3.066874
99,06/20/15 04:00,-64.837783,-3.066884
99,06/20/15 06:00,-64.838109,-3.066615
99,06/20/15 08:01,-64.838065,-3.066586
99,06/20/15 10:00,-64.838081,-3.066525
99,06/20/15 14:01,-64.838057,-3.066581
99,06/20/15 16:00,-64.838237,-3.066464
99,06/20/15 18:01,-64.838125,-3.066564
99,06/20/15 20:01,-64.838166,-3.066601
99,06/20/15 22:01,-64.838226,-3.062975
99,06/21/15 00:02,-64.838194,-3.062991
99,06/21/15 02:00,-64.838079,-3.062836
99,06/21/15 04:00,-64.83573,-3.066404
99,06/21/15 06:00,-64.835512,-3.066487
99,06/21/15 08:00,-64.835408,-3.066567
99,06/21/15 10:02,-64.835359,-3.066386
99,06/21/15 12:00,-64.835458,-3.066634
99,06/21/15 14:00,-64.835407,-3.066567
99,06/21/15 16:01,-64.835692,-3.06676
99,06/21/15 18:00,-64.835612,-3.066647
99,06/21/15 20:00,-64.835476,-3.066596
99,06/21/15 22:00,-64.835723,-3.066578
99,06/22/15 00:00,-64.835577,-3.066566
99,06/22/15 02:00,-64.835602,-3.066598
99,06/22/15 06:00,-64.836005,-3.068834
99,06/22/15 08:00,-64.835965,-3.068902
99,06/22/15 10:01,-64.836075,-3.068762
99,06/22/15 14:00,-64.836309,-3.06878
99,06/22/15 16:01,-64.836264,-3.068812
99,06/22/15 18:00,-64.836356,-3.068752
99,06/22/15 20:01,-64.836261,-3.068708
99,06/22/15 22:00,-64.836282,-3.068709
99,06/23/15 00:00,-64.836178,-3.068756
99,06/23/15 02:00,-64.836512,-3.069067
99,06/23/15 04:01,-64.835486,-3.071439
99,06/23/15 06:00,-64.835316,-3.07143
99,06/23/15 08:01,-64.835469,-3.07146
99,06/23/15 10:00,-64.835524,-3.071475
99,06/23/15 12:00,-64.835432,-3.071412
99,06/23/15 16:00,-64.835466,-3.071458
99,06/23/15 18:00,-64.835476,-3.071405
99,06/23/15 20:00,-64.839219,-3.073827
99,06/23/15 22:00,-64.841777,-3.0762
99,06/24/15 00:00,-64.841741,-3.076216
99,06/24/15 02:00,-64.841744,-3.076186
99,06/24/15 04:00,-64.842655,-3.074553
99,06/24/15 06:00,-64.84273,-3.074516
99,06/24/15 10:01,-64.84171,-3.071105
99,06/24/15 12:00,-64.84075,-3.069246
99,06/24/15 14:00,-64.840822,-3.069266
99,06/24/15 16:00,-64.840894,-3.069301
99,06/24/15 18:00,-64.840766,-3.069253
99,06/24/15 20:01,-64.837984,-3.069086
99,06/24/15 22:01,-64.837469,-3.068133
99,06/25/15 00:00,-64.837366,-3.068035
99,06/25/15 02:00,-64.837463,-3.068196
99,06/25/15 04:00,-64.834756,-3.066171
99,06/25/15 06:00,-64.835016,-3.066112
99,06/25/15 08:00,-64.834941,-3.066123
99,06/25/15 10:00,-64.83486,-3.066055
99,06/25/15 12:00,-64.834922,-3.06602
99,06/25/15 14:00,-64.834919,-3.066042
99,06/25/15 16:00,-64.834894,-3.066113
99,06/25/15 18:00,-64.834882,-3.06624
99,06/25/15 20:00,-64.834523,-3.066748
99,06/25/15 22:00,-64.834502,-3.066798
99,06/26/15 00:00,-64.83446,-3.066852
99,06/26/15 02:00,-64.831163,-3.071268
99,06/26/15 04:00,-64.831051,-3.071201
99,06/26/15 08:02,-64.831475,-3.072213
99,06/26/15 10:00,-64.831389,-3.072187
99,06/26/15 12:00,-64.831392,-3.072188
99,06/26/15 14:01,-64.831886,-3.072083
99,06/26/15 16:00,-64.8308,-3.07334
99,06/26/15 18:00,-64.830932,-3.073324
99,06/26/15 20:00,-64.830782,-3.073497
99,06/26/15 22:00,-64.830889,-3.07336
99,06/27/15 02:01,-64.829654,-3.075236
99,06/27/15 04:01,-64.83149,-3.075512
99,06/27/15 06:00,-64.83259,-3.077601
99,06/27/15 08:02,-64.832605,-3.077765
99,06/27/15 10:01,-64.83254,-3.077677
99,06/27/15 12:00,-64.832831,-3.077803
99,06/27/15 14:01,-64.832741,-3.077697
99,06/27/15 18:00,-64.832625,-3.077576
99,06/27/15 20:00,-64.8327,-3.077471
99,06/27/15 22:00,-64.831651,-3.077359
99,06/28/15 00:01,-64.831882,-3.077341
99,06/28/15 02:01,-64.831782,-3.077312
99,06/28/15 04:02,-64.832568,-3.079957
99,06/28/15 06:00,-64.832454,-3.079845
99,06/28/15 08:00,-64.832205,-3.07974
99,06/28/15 10:01,-64.832468,-3.079897
99,06/28/15 12:01,-64.832457,-3.07984
99,06/28/15 14:00,-64.832477,-3.079851
99,06/28/15 16:00,-64.8324,-3.079719
99,06/28/15 18:00,-64.832526,-3.079824
99,06/29/15 00:00,-64.847955,-3.080172
99,06/29/15 02:00,-64.847946,-3.08004
99,06/29/15 04:02,-64.847773,-3.080055
99,06/29/15 06:01,-64.845652,-3.084445
99,06/29/15 08:01,-64.841629,-3.087107
99,06/29/15 10:00,-64.841397,-3.087033
99,06/29/15 14:01,-64.841625,-3.087112
99,06/29/15 16:01,-64.841549,-3.08711
99,06/29/15 18:02,-64.841722,-3.087064
99,06/29/15 20:00,-64.841747,-3.087017
99,06/29/15 22:00,-64.841751,-3.087016
99,06/30/15 00:00,-64.841829,-3.087045
99,06/30/15 02:00,-64.84173,-3.087083
99,06/30/15 04:02,-64.842699,-3.088894
99,06/30/15 06:01,-64.84244,-3.08827
99,06/30/15 08:00,-64.84264,-3.088864
99,06/30/15 10:01,-64.844067,-3.089453
99,06/30/15 12:01,-64.842658,-3.088867
99,06/30/15 14:01,-64.842697,-3.088885
99,06/30/15 16:00,-64.84258,-3.088879
99,06/30/15 18:00,-64.842625,-3.088734
99,06/30/15 20:01,-64.842599,-3.088928
99,06/30/15 22:00,-64.842598,-3.088821
99,07/01/15 00:01,-64.842301,-3.088283
99,07/01/15 02:00,-64.842217,-3.088215
99,07/01/15 04:01,-64.835629,-3.092861
99,07/01/15 06:00,-64.832535,-3.091429
99,07/01/15 08:00,-64.83253,-3.091537
99,07/01/15 10:02,-64.832084,-3.089471
99,07/01/15 12:01,-64.830965,-3.091048
99,07/01/15 14:00,-64.830849,-3.091017
99,07/01/15 16:00,-64.83088,-3.09101
99,07/01/15 18:00,-64.830846,-3.09094
99,07/01/15 20:00,-64.830879,-3.091001
99,07/01/15 22:00,-64.830811,-3.09097
99,07/02/15 00:00,-64.83081,-3.090841
99,07/02/15 02:00,-64.830825,-3.09097
99,07/02/15 04:00,-64.830885,-3.090967
99,07/02/15 06:00,-64.830834,-3.091066
99,07/02/15 08:01,-64.830733,-3.091006
99,07/02/15 10:00,-64.830819,-3.090865
99,07/02/15 12:01,-64.830829,-3.090939
99,07/02/15 14:01,-64.830877,-3.090972
99,07/02/15 18:00,-64.833125,-3.089595
99,07/02/15 20:00,-64.833102,-3.089573
99,07/02/15 22:00,-64.833105,-3.089509
99,07/03/15 00:00,-64.83315,-3.089512
99,07/03/15 02:01,-64.83325,-3.089508
99,07/03/15 04:00,-64.839159,-3.089654
99,07/03/15 08:02,-64.839596,-3.085926
99,07/03/15 12:00,-64.839598,-3.083938
99,07/03/15 14:00,-64.839533,-3.083826
99,07/03/15 16:00,-64.839332,-3.084018
99,07/03/15 18:00,-64.839514,-3.083835
99,07/03/15 20:00,-64.838572,-3.082586
99,07/03/15 22:01,-64.836697,-3.082042
99,07/04/15 00:01,-64.839104,-3.079768
99,07/04/15 02:00,-64.839124,-3.079723
99,07/04/15 06:02,-64.839097,-3.079756
99,07/04/15 08:00,-64.839306,-3.079516
99,07/04/15 10:00,-64.839195,-3.079704
99,07/04/15 14:01,-64.838854,-3.080145
99,07/04/15 16:01,-64.838834,-3.080132
99,07/04/15 18:02,-64.83884,-3.080127
99,07/04/15 20:00,-64.838807,-3.080045
99,07/04/15 22:01,-64.838827,-3.08011
99,07/05/15 00:01,-64.838958,-3.080178
99,07/05/15 02:00,-64.838797,-3.080235
99,07/05/15 04:01,-64.838882,-3.080144
99,07/05/15 06:01,-64.838866,-3.079998
99,07/05/15 08:01,-64.838808,-3.080132
99,07/05/15 10:00,-64.83887,-3.080214
99,07/05/15 12:00,-64.838826,-3.080196
99,07/05/15 14:02,-64.838852,-3.080109
99,07/05/15 16:00,-64.838844,-3.080135
99,07/05/15 18:00,-64.838936,-3.080204
99,07/05/15 20:01,-64.838751,-3.080143
99,07/05/15 22:00,-64.838834,-3.080109
99,07/06/15 00:00,-64.838862,-3.080178
99,07/06/15 02:00,-64.838882,-3.080064
99,07/06/15 04:01,-64.841483,-3.077964
99,07/06/15 06:00,-64.841539,-3.078043
99,07/06/15 08:00,-64.841668,-3.078066
99,07/06/15 10:02,-64.841732,-3.077949
99,07/06/15 12:01,-64.841532,-3.07795
99,07/06/15 14:00,-64.841584,-3.077982
99,07/06/15 16:01,-64.841598,-3.077937
99,07/06/15 18:00,-64.841591,-3.077992
99,07/06/15 22:00,-64.843121,-3.078616
99,07/07/15 00:00,-64.843111,-3.078688
99,07/07/15 02:01,-64.849545,-3.078979
99,07/07/15 04:00,-64.849587,-3.079055
99,07/07/15 06:00,-64.849589,-3.079067
99,07/07/15 08:00,-64.849542,-3.079028
99,07/07/15 10:00,-64.84953,-3.079038
99,07/07/15 12:00,-64.849599,-3.079045
99,07/07/15 14:01,-64.849585,-3.079033
99,07/07/15 16:00,-64.849619,-3.079052
99,07/07/15 18:00,-64.849541,-3.079011
99,07/07/15 20:00,-64.849767,-3.078977
99,07/07/15 22:01,-64.85532,-3.081632
99,07/08/15 00:01,-64.857888,-3.082109
99,07/08/15 02:01,-64.867175,-3.08555
99,07/08/15 04:01,-64.867229,-3.085666
99,07/08/15 06:00,-64.867095,-3.085696
99,07/08/15 08:00,-64.867158,-3.085664
99,07/08/15 10:02,-64.86712,-3.085932
99,07/08/15 12:00,-64.867374,-3.087033
99,07/08/15 14:01,-64.867502,-3.087027
99,07/08/15 16:02,-64.870839,-3.08622
99,07/08/15 18:00,-64.87064,-3.086319
99,07/08/15 20:00,-64.870815,-3.086157
99,07/08/15 22:00,-64.87076,-3.086213
99,07/09/15 00:00,-64.870738,-3.08621
99,07/09/15 02:01,-64.870838,-3.08619
99,07/09/15 06:02,-64.871539,-3.085865
99,07/09/15 08:01,-64.87143,-3.085983
99,07/09/15 10:00,-64.871457,-3.085844
99,07/09/15 12:00,-64.871535,-3.085918
99,07/09/15 14:00,-64.871308,-3.085929
99,07/09/15 16:01,-64.871415,-3.085915
99,07/09/15 18:00,-64.871566,-3.083909
99,07/09/15 20:00,-64.87255,-3.084331
99,07/09/15 22:00,-64.872654,-3.084346
99,07/10/15 00:01,-64.872629,-3.084239
99,07/10/15 02:00,-64.872814,-3.084288
99,07/10/15 04:00,-64.873006,-3.084519
99,07/10/15 06:00,-64.872928,-3.084429
99,07/10/15 08:01,-64.872799,-3.084845
99,07/10/15 10:02,-64.874679,-3.083043
99,07/10/15 12:00,-64.87466,-3.083048
99,07/10/15 14:00,-64.8747,-3.082977
99,07/10/15 16:00,-64.874694,-3.08306
99,07/10/15 18:00,-64.873731,-3.08244
99,07/10/15 20:00,-64.873477,-3.082313
99,07/10/15 22:00,-64.87351,-3.082359
99,07/11/15 00:01,-64.873719,-3.082571
99,07/11/15 04:00,-64.872913,-3.070165
99,07/11/15 06:01,-64.872771,-3.069582
99,07/11/15 08:01,-64.872752,-3.069564
99,07/11/15 10:00,-64.872692,-3.06957
99,07/11/15 12:00,-64.872742,-3.069592
99,07/11/15 14:01,-64.871958,-3.070087
99,07/11/15 16:00,-64.872786,-3.069603
99,07/11/15 18:02,-64.873979,-3.066558
99,07/11/15 20:01,-64.874051,-3.066445
99,07/11/15 22:00,-64.885764,-3.062786
99,07/12/15 00:01,-64.887135,-3.064407
99,07/12/15 02:00,-64.887144,-3.06416
99,07/12/15 06:00,-64.887037,-3.06398
99,07/12/15 10:01,-64.880438,-3.060058
99,07/12/15 12:00,-64.880377,-3.059829
99,07/12/15 14:00,-64.880393,-3.060063
99,07/12/15 16:01,-64.88038,-3.060044
99,07/12/15 18:00,-64.880327,-3.060302
99,07/12/15 20:01,-64.881722,-3.0582
99,07/13/15 00:00,-64.885123,-3.058906
99,07/13/15 02:00,-64.885074,-3.058845
99,07/13/15 04:00,-64.885027,-3.058845
99,07/13/15 08:00,-64.885027,-3.058962
99,07/13/15 10:00,-64.885135,-3.058859
99,07/13/15 12:00,-64.885021,-3.05895
99,07/13/15 14:00,-64.885093,-3.058893
99,07/13/15 16:01,-64.885115,-3.058857
99,07/13/15 18:00,-64.88494,-3.058883
99,07/13/15 20:00,-64.884417,-3.060006
99,07/13/15 22:02,-64.884473,-3.059925
99,07/14/15 00:01,-64.884238,-3.059968
99,07/14/15 02:00,-64.884475,-3.059958
99,07/14/15 04:00,-64.883607,-3.059062
99,07/14/15 06:01,-64.887159,-3.059805
99,07/14/15 08:00,-64.886997,-3.059808
99,07/14/15 10:00,-64.887052,-3.059867
99,07/14/15 12:00,-64.887076,-3.059861
99,07/14/15 14:00,-64.887162,-3.05999
99,07/14/15 16:01,-64.886888,-3.059815
99,07/14/15 18:00,-64.887213,-3.059927
99,07/14/15 20:00,-64.887163,-3.059855
99,07/14/15 22:00,-64.887246,-3.059939
99,07/15/15 00:00,-64.887127,-3.059846
99,07/15/15 02:00,-64.887057,-3.059857
99,07/15/15 04:01,-64.887152,-3.059819
99,07/15/15 06:01,-64.887038,-3.060032
99,07/15/15 08:01,-64.887072,-3.059835
99,07/15/15 10:01,-64.887204,-3.059594
99,07/15/15 14:00,-64.8873,-3.059893
99,07/15/15 16:01,-64.887095,-3.059913
99,07/15/15 18:01,-64.887168,-3.059874
99,07/15/15 20:00,-64.879391,-3.064031
99,07/16/15 02:00,-64.877503,-3.064387
99,07/16/15 04:01,-64.879545,-3.069314
99,07/16/15 06:01,-64.879275,-3.069431
99,07/16/15 14:00,-64.884911,-3.066056
99,07/16/15 16:01,-64.886355,-3.06439
99,07/16/15 18:00,-64.886229,-3.06447
99,07/16/15 20:00,-64.886361,-3.064455
99,07/16/15 22:00,-64.886315,-3.064598
99,07/17/15 00:00,-64.886351,-3.064431
99,07/17/15 02:00,-64.886279,-3.0645
99,07/17/15 04:00,-64.886346,-3.064395
99,07/17/15 06:00,-64.886427,-3.064413
99,07/17/15 08:00,-64.886444,-3.064368
99,07/17/15 10:02,-64.886718,-3.063591
99,07/17/15 14:02,-64.886681,-3.063667
99,07/17/15 18:00,-64.874765,-3.062147
99,07/17/15 22:00,-64.874501,-3.060416
99,07/18/15 00:01,-64.874494,-3.060475
99,07/18/15 02:00,-64.874419,-3.060479
99,07/18/15 04:00,-64.874497,-3.060471
99,07/18/15 06:00,-64.874309,-3.060513
99,07/18/15 08:00,-64.874519,-3.060481
99,07/18/15 10:01,-64.874433,-3.060439
99,07/18/15 12:01,-64.874305,-3.060415
99,07/18/15 14:00,-64.874504,-3.060485
99,07/18/15 16:00,-64.874432,-3.06052
99,07/18/15 18:00,-64.874403,-3.060409
99,07/18/15 20:01,-64.874488,-3.060445
99,07/18/15 22:01,-64.874399,-3.06066
99,07/19/15 00:01,-64.874438,-3.060477
99,07/19/15 02:00,-64.874441,-3.060567
99,07/19/15 04:00,-64.874489,-3.060416
99,07/19/15 06:00,-64.874536,-3.060546
99,07/19/15 08:00,-64.874085,-3.060718
99,07/19/15 10:01,-64.874497,-3.059903
99,07/19/15 12:00,-64.874244,-3.059802
99,07/19/15 14:01,-64.874291,-3.059819
99,07/19/15 16:00,-64.874301,-3.059765
99,07/19/15 18:00,-64.877094,-3.061353
99,07/19/15 20:00,-64.876984,-3.061503
99,07/19/15 22:00,-64.877222,-3.061264
99,07/20/15 00:00,-64.877003,-3.061219
99,07/20/15 02:00,-64.877068,-3.061222
99,07/20/15 04:01,-64.877401,-3.06122
99,07/20/15 06:00,-64.877613,-3.061625
99,07/20/15 08:02,-64.877506,-3.061439
99,07/20/15 10:02,-64.878907,-3.063069
99,07/20/15 12:02,-64.878903,-3.062978
99,07/20/15 14:00,-64.878597,-3.063045
99,07/20/15 16:01,-64.87888,-3.063126
99,07/20/15 18:02,-64.879861,-3.062906
99,07/20/15 20:01,-64.879555,-3.063884
99,07/20/15 22:00,-64.880077,-3.063727
99,07/21/15 02:00,-64.880816,-3.070797
99,07/21/15 04:00,-64.880725,-3.070776
99,07/21/15 06:00,-64.880946,-3.070873
99,07/21/15 08:00,-64.88083,-3.070685
99,07/21/15 12:01,-64.880791,-3.07162
99,07/21/15 18:01,-64.881165,-3.07153
99,07/21/15 22:00,-64.876861,-3.0822
99,07/22/15 00:00,-64.876577,-3.082266
99,07/22/15 02:00,-64.879218,-3.087204
99,07/22/15 04:00,-64.879338,-3.087147
99,07/22/15 06:01,-64.878493,-3.088175
99,07/22/15 08:01,-64.879132,-3.086977
99,07/22/15 10:01,-64.879163,-3.086973
99,07/22/15 16:01,-64.8791,-3.087194
99,07/22/15 18:00,-64.878641,-3.086467
99,07/22/15 20:02,-64.878548,-3.081588
99,07/23/15 00:02,-64.880838,-3.07376
99,07/23/15 02:00,-64.880733,-3.073715
99,07/23/15 04:01,-64.880113,-3.078785
99,07/23/15 06:02,-64.877877,-3.07789
99,07/23/15 08:02,-64.877614,-3.077912
99,07/23/15 12:01,-64.877933,-3.077832
99,07/23/15 14:02,-64.877844,-3.0778
99,07/23/15 18:00,-64.878004,-3.077696
99,07/23/15 20:01,-64.877708,-3.077885
99,07/23/15 22:02,-64.877423,-3.075589
99,07/24/15 00:02,-64.879902,-3.074465
99,07/24/15 04:02,-64.885997,-3.069828
99,07/24/15 06:01,-64.885903,-3.070376
99,07/24/15 10:02,-64.885913,-3.070953
99,07/24/15 12:01,-64.886128,-3.070987
99,07/24/15 14:02,-64.886024,-3.070873
99,07/24/15 16:01,-64.88922,-3.073132
99,07/24/15 18:01,-64.889301,-3.073209
99,07/24/15 20:00,-64.889184,-3.073299
99,07/24/15 22:00,-64.889188,-3.073264
99,07/25/15 00:00,-64.888803,-3.073318
99,07/25/15 02:00,-64.88929,-3.073215
99,07/25/15 04:02,-64.889952,-3.073652
99,07/25/15 06:01,-64.889513,-3.073317
99,07/25/15 08:00,-64.891531,-3.069146
99,07/25/15 10:01,-64.891496,-3.069041
99,07/25/15 12:00,-64.891486,-3.069055
99,07/25/15 14:00,-64.89154,-3.069084
99,07/25/15 16:00,-64.891545,-3.069031
99,07/25/15 18:00,-64.891534,-3.069085
99,07/25/15 20:00,-64.891497,-3.069085
99,07/25/15 22:00,-64.891553,-3.069042
99,07/26/15 00:01,-64.891536,-3.069088
99,07/26/15 02:00,-64.891645,-3.069101
99,07/26/15 04:00,-64.888682,-3.06687
99,07/26/15 06:00,-64.888685,-3.066979
99,07/26/15 08:00,-64.888625,-3.066881
99,07/26/15 10:01,-64.888616,-3.066796
99,07/26/15 12:00,-64.888595,-3.06685
99,07/26/15 18:00,-64.889738,-3.068939
99,07/26/15 20:00,-64.889702,-3.068712
99,07/26/15 22:02,-64.891131,-3.068442
99,07/27/15 02:01,-64.899846,-3.066416
99,07/27/15 08:00,-64.903668,-3.06528
99,07/27/15 10:01,-64.903593,-3.065301
99,07/27/15 12:02,-64.903585,-3.065271
99,07/27/15 18:02,-64.903662,-3.065406
99,07/27/15 20:00,-64.90204,-3.065854
99,07/27/15 22:01,-64.901931,-3.065796
99,07/28/15 00:01,-64.90212,-3.065909
99,07/28/15 02:01,-64.90211,-3.065875
99,07/28/15 10:01,-64.898609,-3.077358
99,07/28/15 12:01,-64.899249,-3.076322
99,07/28/15 14:02,-64.89797,-3.077756
99,07/28/15 16:02,-64.898752,-3.077083
99,07/28/15 18:01,-64.900665,-3.07458
99,07/28/15 22:01,-64.897732,-3.079277
99,07/29/15 00:01,-64.897832,-3.079385
99,07/29/15 02:01,-64.898737,-3.077124
99,07/29/15 04:01,-64.898628,-3.077338
99,07/29/15 06:01,-64.893584,-3.079287
99,07/29/15 08:01,-64.893463,-3.079391
99,07/29/15 12:01,-64.893382,-3.079167
99,07/29/15 18:00,-64.89344,-3.079125
99,07/29/15 22:00,-64.893034,-3.079619
99,07/30/15 06:00,-64.890836,-3.089299
99,07/30/15 08:01,-64.890909,-3.089615
99,07/30/15 12:01,-64.890778,-3.089807
99,07/30/15 14:02,-64.891412,-3.086768
99,07/30/15 16:02,-64.891916,-3.084231
99,07/30/15 18:00,-64.891981,-3.08397
99,07/30/15 20:00,-64.892201,-3.08401
99,07/30/15 22:01,-64.892384,-3.082595
99,07/31/15 04:00,-64.891343,-3.086743
99,07/31/15 06:00,-64.891327,-3.086569
99,07/31/15 08:00,-64.891317,-3.086691
99,07/31/15 10:00,-64.891285,-3.086759
99,07/31/15 12:00,-64.89133,-3.086656
99,07/31/15 14:00,-64.891324,-3.08678
99,07/31/15 20:01,-64.887918,-3.083539
99,07/31/15 22:00,-64.888313,-3.079892
99,08/01/15 00:00,-64.888237,-3.079903
99,08/01/15 02:00,-64.888286,-3.079869
99,08/01/15 06:01,-64.877548,-3.081116
99,08/01/15 08:00,-64.877815,-3.084557
99,08/01/15 10:02,-64.877798,-3.084599
99,08/01/15 12:01,-64.877829,-3.084438
99,08/01/15 14:01,-64.877773,-3.084403
99,08/01/15 16:02,-64.877503,-3.084844
99,08/01/15 18:01,-64.875623,-3.08408
99,08/01/15 22:03,-64.868278,-3.072868
99,08/02/15 00:01,-64.873328,-3.07426
99,08/02/15 02:00,-64.869122,-3.072042
99,08/02/15 04:02,-64.86855,-3.072563
99,08/02/15 08:01,-64.869423,-3.07152
99,08/02/15 10:01,-64.86956,-3.07142
99,08/02/15 14:01,-64.869385,-3.071256
99,08/02/15 16:00,-64.86957,-3.071262
99,08/02/15 18:02,-64.870047,-3.06655
99,08/02/15 22:00,-64.86436,-3.068958
99,08/03/15 00:00,-64.863159,-3.07029
99,08/03/15 02:01,-64.86313,-3.070262
99,08/03/15 06:01,-64.863018,-3.074075
99,08/03/15 08:01,-64.862822,-3.074131
99,08/03/15 10:01,-64.862935,-3.074165
99,08/03/15 12:02,-64.862771,-3.074248
99,08/03/15 14:01,-64.863211,-3.072751
99,08/03/15 16:01,-64.863109,-3.072736
99,08/03/15 18:01,-64.864544,-3.071537
99,08/03/15 20:01,-64.868111,-3.075718
99,08/04/15 00:01,-64.870537,-3.07847
99,08/04/15 02:01,-64.870138,-3.078328
99,08/04/15 08:02,-64.875616,-3.086601
99,08/04/15 10:02,-64.873648,-3.08772
99,08/04/15 12:02,-64.873283,-3.08795
99,08/04/15 14:01,-64.873077,-3.087282
99,08/04/15 16:00,-64.869112,-3.086456
99,08/04/15 18:01,-64.857055,-3.087801
99,08/04/15 20:00,-64.844319,-3.096082
99,08/04/15 22:02,-64.846504,-3.100152
99,08/05/15 00:00,-64.855772,-3.099331
99,08/05/15 12:01,-64.867319,-3.091444
99,08/05/15 14:01,-64.867234,-3.091389
99,08/05/15 16:01,-64.86737,-3.091371
99,08/05/15 18:02,-64.866637,-3.092357
99,08/06/15 00:00,-64.862217,-3.08715
99,08/06/15 04:01,-64.864677,-3.083322
99,08/06/15 06:01,-64.859783,-3.076008
99,08/06/15 10:01,-64.85965,-3.07599
99,08/06/15 12:02,-64.858489,-3.075682
99,08/06/15 14:00,-64.859386,-3.073834
99,08/06/15 16:00,-64.859133,-3.073444
99,08/06/15 18:02,-64.859672,-3.068665
99,08/06/15 20:01,-64.860717,-3.067119
99,08/06/15 22:01,-64.860431,-3.067137
99,08/07/15 00:01,-64.860615,-3.067154
99,08/07/15 02:01,-64.860934,-3.067394
99,08/07/15 06:02,-64.860433,-3.067439
99,08/07/15 10:02,-64.860523,-3.067366
99,08/07/15 12:02,-64.860482,-3.067214
99,08/07/15 16:01,-64.860801,-3.067179
99,08/07/15 22:00,-64.860473,-3.067284
99,08/08/15 00:01,-64.860509,-3.067315
99,08/08/15 02:01,-64.860566,-3.067154
99,08/08/15 06:01,-64.864661,-3.06615
99,08/08/15 08:02,-64.865498,-3.06632
99,08/08/15 12:01,-64.865015,-3.066313
99,08/08/15 14:01,-64.864823,-3.066221
99,08/08/15 16:01,-64.865301,-3.066461
99,08/08/15 18:00,-64.865484,-3.066453
99,08/08/15 20:00,-64.869359,-3.065171
99,08/08/15 22:00,-64.880129,-3.063436
99,08/09/15 02:01,-64.882543,-3.06813
99,08/09/15 04:01,-64.881067,-3.070757
99,08/09/15 08:01,-64.879331,-3.06787
99,08/09/15 10:01,-64.879109,-3.067833
99,08/09/15 12:01,-64.886719,-3.063587
99,08/09/15 14:00,-64.886759,-3.063665
99,08/09/15 16:00,-64.886672,-3.063738
99,08/09/15 18:01,-64.881786,-3.063409
99,08/09/15 20:01,-64.870656,-3.070537
99,08/09/15 22:02,-64.867739,-3.075293
99,08/10/15 00:02,-64.867629,-3.073458
99,08/10/15 02:01,-64.871623,-3.066718
99,08/10/15 04:01,-64.880478,-3.063735
99,08/10/15 06:00,-64.880061,-3.063626
99,08/10/15 12:01,-64.880381,-3.063727
99,08/10/15 16:01,-64.880375,-3.06373
99,08/10/15 18:01,-64.881499,-3.064208
99,08/10/15 22:01,-64.882632,-3.063479
99,08/11/15 02:00,-64.882801,-3.063496
99,08/11/15 12:00,-64.880776,-3.07921
99,08/11/15 14:01,-64.880345,-3.079488
99,08/11/15 16:00,-64.880189,-3.079251
99,08/11/15 18:01,-64.87999,-3.079152
99,08/11/15 20:02,-64.880392,-3.085652
99,08/11/15 22:02,-64.873041,-3.075045
99,08/12/15 00:00,-64.872957,-3.074985
99,08/12/15 02:00,-64.873046,-3.075143
99,08/12/15 04:02,-64.880192,-3.067591
99,08/12/15 06:02,-64.881105,-3.066363
99,08/12/15 08:01,-64.881052,-3.066547
99,08/12/15 10:01,-64.881007,-3.066484
99,08/12/15 12:02,-64.880925,-3.06657
99,08/12/15 16:00,-64.884677,-3.063507
99,08/12/15 20:00,-64.883769,-3.060334
99,08/12/15 22:01,-64.883809,-3.060329
99,08/13/15 00:00,-64.883768,-3.060261
99,08/13/15 02:00,-64.883719,-3.060232
99,08/13/15 08:01,-64.884348,-3.063018
99,08/13/15 10:01,-64.884324,-3.063054
99,08/13/15 12:01,-64.884141,-3.063078
99,08/13/15 14:00,-64.884405,-3.063044
99,08/13/15 16:02,-64.881127,-3.065684
99,08/13/15 18:01,-64.881022,-3.065596
99,08/13/15 20:02,-64.881929,-3.066904
99,08/13/15 22:01,-64.88416,-3.067696
99,08/14/15 00:00,-64.88413,-3.067579
99,08/14/15 02:00,-64.884124,-3.067613
99,08/14/15 06:02,-64.887478,-3.065278
99,08/14/15 08:01,-64.887853,-3.065128
99,08/14/15 10:00,-64.887519,-3.065165
99,08/14/15 12:01,-64.887592,-3.065204
99,08/14/15 14:01,-64.887676,-3.065208
99,08/14/15 16:02,-64.883646,-3.065249
99,08/14/15 18:01,-64.882062,-3.065339
99,08/14/15 22:01,-64.883907,-3.065365
99,08/15/15 00:00,-64.883842,-3.06533
99,08/15/15 08:02,-64.885952,-3.064888
99,08/15/15 10:01,-64.885949,-3.064951
99,08/15/15 12:02,-64.884641,-3.06724
99,08/15/15 14:02,-64.884514,-3.067338
99,08/15/15 16:02,-64.884465,-3.067223
99,08/15/15 18:02,-64.884639,-3.067244
99,08/15/15 20:01,-64.884517,-3.067373
99,08/15/15 22:00,-64.884327,-3.067264
99,08/16/15 00:01,-64.884309,-3.067322
99,08/16/15 04:02,-64.884327,-3.067255
99,08/16/15 06:02,-64.884413,-3.067099
99,08/16/15 08:01,-64.883514,-3.067857
99,08/16/15 12:01,-64.878849,-3.082213
99,08/16/15 14:01,-64.879002,-3.082304
99,08/16/15 16:02,-64.878892,-3.082264
99,08/16/15 18:02,-64.878446,-3.082734
99,08/16/15 20:02,-64.880114,-3.087691
99,08/17/15 00:00,-64.880224,-3.087962
99,08/17/15 08:00,-64.870704,-3.078697
99,08/17/15 10:01,-64.870526,-3.078783
99,08/17/15 12:01,-64.870822,-3.078577
99,08/17/15 14:01,-64.870609,-3.078762
99,08/17/15 16:01,-64.870454,-3.078878
99,08/17/15 18:01,-64.86829,-3.072097
99,08/17/15 20:01,-64.86727,-3.069845
99,08/17/15 22:01,-64.860988,-3.07797
99,08/18/15 00:00,-64.857344,-3.075966
99,08/18/15 02:01,-64.85554,-3.075412
99,08/18/15 10:01,-64.859122,-3.060684
99,08/18/15 12:01,-64.859128,-3.060617
99,08/18/15 14:01,-64.859175,-3.060634
99,08/18/15 16:01,-64.858616,-3.061041
99,08/18/15 18:02,-64.855681,-3.053327
99,08/18/15 20:01,-64.852583,-3.055233
99,08/18/15 22:00,-64.85265,-3.055156
99,08/19/15 00:03,-64.852548,-3.055379
99,08/19/15 06:01,-64.852466,-3.055214
99,08/19/15 10:01,-64.8506,-3.053559
99,08/19/15 12:02,-64.850649,-3.053577
99,08/19/15 14:01,-64.850784,-3.053411
99,08/19/15 16:00,-64.850863,-3.053542
99,08/19/15 20:01,-64.859769,-3.050212
99,08/19/15 22:02,-64.858275,-3.057539
99,08/20/15 00:01,-64.851065,-3.059608
99,08/20/15 02:01,-64.852145,-3.057306
99,08/20/15 04:01,-64.85126,-3.056243
99,08/20/15 06:01,-64.851321,-3.05631
99,08/20/15 10:02,-64.850937,-3.058351
99,08/20/15 22:00,-64.852269,-3.051977
99,08/21/15 00:02,-64.851253,-3.055064
99,08/21/15 04:00,-64.851448,-3.055221
99,08/21/15 10:01,-64.851139,-3.054774
99,08/21/15 12:02,-64.851157,-3.054787
99,08/21/15 16:00,-64.851275,-3.055141
99,08/21/15 18:01,-64.851438,-3.055214
99,08/21/15 20:01,-64.851173,-3.055276
99,08/21/15 22:01,-64.851255,-3.055256
99,08/22/15 00:03,-64.851254,-3055.0
99,08/22/15 02:01,-64.851307,-3.055077
99,08/22/15 04:01,-64.851004,-3.05486
99,08/22/15 06:01,-64.851156,-3.054843
99,08/22/15 08:01,-64.850974,-3.054759
99,08/22/15 12:01,-64.850982,-3.054782
99,08/22/15 14:00,-64.851037,-3.05476
99,08/22/15 16:02,-64.851232,-3.055161
99,08/22/15 18:01,-64.851342,-3.055078
99,08/22/15 20:00,-64.851355,-3.055041
99,08/22/15 22:01,-64.851382,-3.05513
99,08/23/15 00:01,-64.851501,-3.054875
99,08/23/15 02:02,-64.851282,-3.055121
99,08/23/15 04:00,-64.852702,-3.051895
99,08/23/15 06:01,-64.852645,-3.051804
99,08/23/15 10:00,-64.851147,-3.054798
99,08/23/15 12:00,-64.851271,-3.054951
99,08/23/15 14:02,-64.851351,-3.055138
99,08/23/15 16:01,-64.85122,-3.054774
99,08/23/15 18:00,-64.852126,-3.056636
99,08/23/15 20:01,-64.85212,-3.056733
99,08/23/15 22:01,-64.852101,-3.056726
99,08/24/15 00:02,-64.854468,-3.061971
99,08/24/15 04:01,-64.852105,-3.066439
99,08/24/15 06:02,-64.847548,-3.065496
99,08/24/15 08:01,-64.844536,-3.064408
99,08/24/15 10:02,-64.844652,-3.064298
99,08/24/15 12:02,-64.844511,-3.064004
99,08/24/15 16:00,-64.844713,-3.064006
99,08/24/15 22:02,-64.847025,-3.06529
99,08/25/15 10:01,-64.857291,-3.061784
99,08/25/15 12:00,-64.85728,-3.061819
99,08/25/15 16:00,-64.857209,-3.061965
99,08/25/15 18:01,-64.857214,-3.060095
99,08/25/15 20:00,-64.855157,-3.058567
99,08/26/15 00:00,-64.859384,-3.051847
99,08/26/15 02:01,-64.859395,-3.051793
99,08/26/15 08:01,-64.857861,-3.046416
99,08/26/15 10:00,-64.857925,-3.046415
99,08/26/15 14:01,-64.857827,-3.046229
99,08/26/15 16:01,-64.858308,-3.046489
99,08/26/15 22:00,-64.875862,-3.039561
99,08/27/15 00:01,-64.864625,-3.043889
99,08/27/15 02:01,-64.866667,-3.048111
99,08/27/15 06:00,-64.867347,-3.060752
99,08/27/15 08:01,-64.867423,-3.060557
99,08/27/15 10:00,-64.867368,-3.06087
99,08/27/15 14:00,-64.858511,-3.055057
99,08/27/15 16:00,-64.858521,-3.055092
99,08/27/15 18:02,-64.857717,-3.051988
99,08/27/15 20:02,-64.854126,-3.051562
99,08/27/15 22:01,-64.853742,-3.054093
99,08/28/15 00:01,-64.853728,-3.054012
99,08/28/15 04:02,-64.85377,-3.054182
99,08/28/15 10:02,-64.853753,-3.054068
99,08/28/15 16:02,-64.853777,-3.066571
99,08/28/15 20:02,-64.850479,-3.067291
99,08/29/15 00:01,-64.852455,-3.073309
99,08/29/15 02:01,-64.843574,-3.072218
99,08/29/15 04:01,-64.843664,-3.07238
99,08/29/15 06:01,-64.84361,-3.072578
99,08/29/15 10:01,-64.842713,-3.072789
99,08/29/15 12:00,-64.843819,-3.076699
99,08/29/15 14:01,-64.843649,-3.077056
99,08/29/15 16:00,-64.84424,-3.075938
99,08/29/15 18:01,-64.845343,-3.075074
99,08/29/15 22:02,-64.850539,-3.07512
99,08/30/15 00:01,-64.847716,-3.065542
99,08/30/15 02:01,-64.835361,-3.060256
99,08/30/15 04:00,-64.835075,-3.061645
99,08/30/15 06:01,-64.835521,-3.061147
99,08/30/15 08:01,-64.835558,-3.061708
99,08/30/15 10:02,-64.837206,-3.061599
99,08/30/15 12:01,-64.837347,-3.061683
99,08/30/15 14:02,-64.837154,-3.061678
99,08/30/15 16:00,-64.83637,-3.06173
99,08/30/15 18:00,-64.83614,-3.062676
99,08/30/15 20:02,-64.837215,-3.068396
99,08/31/15 02:01,-64.843547,-3.069364
99,08/31/15 10:01,-64.839541,-3.065271
99,08/31/15 14:01,-64.84238,-3.060463
99,08/31/15 16:01,-64.840854,-3.060128
99,08/31/15 18:02,-64.840731,-3.059676
99,08/31/15 20:00,-64.839488,-3.058125
99,08/31/15 22:01,-64.839541,-3.057996
99,09/01/15 00:00,-64.839622,-3.065213
99,09/01/15 04:01,-64.840569,-3.05771
99,09/01/15 06:01,-64.840553,-3.057622
99,09/01/15 08:01,-64.840599,-3.057635
99,09/01/15 10:02,-64.840679,-3.057539
99,09/01/15 12:01,-64.840408,-3.057701
99,09/01/15 14:00,-64.840815,-3.057569
99,09/01/15 16:00,-64.840858,-3.057684
99,09/01/15 20:02,-64.849278,-3.06667
99,09/01/15 22:02,-64.852234,-3.072264
99,09/02/15 02:00,-64.857951,-3.078131
99,09/02/15 10:01,-64.857783,-3.078037
99,09/02/15 12:02,-64.857815,-3.07805
99,09/02/15 14:02,-64.857974,-3.078132
99,09/02/15 16:00,-64.858131,-3.078042
99,09/02/15 18:02,-64.858122,-3.079404
99,09/02/15 22:01,-64.864077,-3.090845
99,09/03/15 04:02,-64.860152,-3.089273
99,09/03/15 06:02,-64.860003,-3.089363
99,09/03/15 14:01,-64.860163,-3.08954
99,09/03/15 16:01,-64.861464,-3.090854
99,09/03/15 20:01,-64.873284,-3.093989
99,09/03/15 22:01,-64.87299,-3.093765
99,09/04/15 00:01,-64.87301,-3.093229
99,09/04/15 02:02,-64.873155,-3.093763
99,09/04/15 04:02,-64.869821,-3.093539
99,09/04/15 10:01,-64.86683,-3.091518
99,09/04/15 12:01,-64.866769,-3.091417
99,09/04/15 14:01,-64.86653,-3.091135
99,09/04/15 18:02,-64.854904,-3.084877
99,09/04/15 20:01,-64.850085,-3.082683
99,09/05/15 02:02,-64.847833,-3.079378
99,09/05/15 06:02,-64.847961,-3.079336
99,09/05/15 10:01,-64.850232,-3.079347
99,09/05/15 12:01,-64.85174,-3.07833
99,09/05/15 14:01,-64.851662,-3.078219
99,09/05/15 18:01,-64.845486,-3.071814
99,09/05/15 22:01,-64.832406,-3.064789
99,09/06/15 02:02,-64.832253,-3.064957
99,09/06/15 04:02,-64.832156,-3.065063
99,09/06/15 08:01,-64.832382,-3.064821
99,09/06/15 10:01,-64.832402,-3.064939
99,09/06/15 14:01,-64.832372,-3.06495
99,09/06/15 18:02,-64.832437,-3.064972
99,09/06/15 20:01,-64.832346,-3.06489
99,09/06/15 22:00,-64.832331,-3.065055
99,09/07/15 02:02,-64.832264,-3.065127
99,09/07/15 04:00,-64.832213,-3.065022
99,09/07/15 10:01,-64.832185,-3.065034
99,09/07/15 12:02,-64.832162,-3.065031
99,09/07/15 14:00,-64.832341,-3.065087
99,09/07/15 16:01,-64.832443,-3.065081
99,09/07/15 18:00,-64.832246,-3.06511
99,09/07/15 20:02,-64.832344,-3.065104
99,09/07/15 22:01,-64.832438,-3.065054
99,09/08/15 02:02,-64.832313,-3.065039
99,09/08/15 04:01,-64.832421,-3.064945
99,09/08/15 08:01,-64.832327,-3.064978
99,09/08/15 10:00,-64.832296,-3.064893
99,09/08/15 12:02,-64.832211,-3.06503
99,09/08/15 14:02,-64.832218,-3.06509
99,09/08/15 16:01,-64.832061,-3.065036
99,09/08/15 18:01,-64.832432,-3.064995
99,09/08/15 20:01,-64.83191,-3.065005
99,09/09/15 00:03,-64.832266,-3.065065
99,09/09/15 02:02,-64.832226,-3.065312
99,09/09/15 06:00,-64.834072,-3.064842
99,09/09/15 08:00,-64.835895,-3.063274
99,09/09/15 10:01,-64.835876,-3.063407
99,09/09/15 12:01,-64.836034,-3.063323
99,09/09/15 14:00,-64.835481,-3.063075
99,09/09/15 16:00,-64.8353,-3.063139
99,09/09/15 18:01,-64.83535,-3.063082
99,09/09/15 20:00,-64.834993,-3.065065
99,09/09/15 22:01,-64.833853,-3.065651
99,09/10/15 00:03,-64.831887,-3.066276
99,09/10/15 08:01,-64.826826,-3.069079
99,09/10/15 10:01,-64.82482,-3.070841
99,09/10/15 12:02,-64.82496,-3.070393
99,09/10/15 14:01,-64.823557,-3.069992
99,09/10/15 16:00,-64.823687,-3.070013
99,09/10/15 20:01,-64.832111,-3.064807
99,09/10/15 22:00,-64.832571,-3.064159
99,09/11/15 00:00,-64.836256,-3.061465
99,09/11/15 04:01,-64.837684,-3.061857
99,09/11/15 06:01,-64.837661,-3.062085
99,09/11/15 08:00,-64.837858,-3.062011
99,09/11/15 10:00,-64.838137,-3.06114
99,09/11/15 14:01,-64.844695,-3.064844
99,09/11/15 18:00,-64.840439,-3.063955
99,09/11/15 22:00,-64.838646,-3.064743
99,09/12/15 02:00,-64.839635,-3.072684
99,09/12/15 04:01,-64.840977,-3.072091
99,09/12/15 08:02,-64.840979,-3.072149
99,09/12/15 10:00,-64.840989,-3.072049
99,09/12/15 12:01,-64.841203,-3.07213
99,09/12/15 14:01,-64.840864,-3.072244
99,09/12/15 16:01,-64.841388,-3.074444
99,09/13/15 02:02,-64.842078,-3.075165
99,09/13/15 04:02,-64.841667,-3.075341
99,09/13/15 10:01,-64.841843,-3.075261
99,09/13/15 12:01,-64.841864,-3.075303
99,09/13/15 14:00,-64.841905,-3.0753
99,09/13/15 16:00,-64.841744,-3.075293
99,09/13/15 22:02,-64.841669,-3.075291
99,09/14/15 00:00,-64.842042,-3.075131
99,09/14/15 04:01,-64.841934,-3.079215
99,09/14/15 06:02,-64.84203,-3.079232
99,09/14/15 10:01,-64.84223,-3.07884
99,09/14/15 12:01,-64.842215,-3.079164
99,09/14/15 14:00,-64.842076,-3.079191
99,09/14/15 18:02,-64.842776,-3.087302
99,09/14/15 20:00,-64.845944,-3.09547
99,09/14/15 22:01,-64.842878,-3.100434
99,09/15/15 00:01,-64.842827,-3.100517
99,09/15/15 04:01,-64.834227,-3.107002
99,09/15/15 06:01,-64.834327,-3.099403
99,09/15/15 08:02,-64.836148,-3.099252
99,09/15/15 10:01,-64.836363,-3.099332
99,09/15/15 14:01,-64.836564,-3.099259
99,09/15/15 16:00,-64.836287,-3.099224
99,09/15/15 18:02,-64.835964,-3.098365
99,09/15/15 20:01,-64.836717,-3.093023
99,09/15/15 22:02,-64.843056,-3.085359
99,09/16/15 04:01,-64.8602,-3.062695
99,09/16/15 06:00,-64.859242,-3.061879
99,09/16/15 08:02,-64.859302,-3.061736
99,09/16/15 10:01,-64.858712,-3.061892
99,09/16/15 14:01,-64.860987,-3.055474
99,09/16/15 16:01,-64.860956,-3.055533
99,09/16/15 18:00,-64.86352,-3.057577
99,09/16/15 20:01,-64.864306,-3.059289
99,09/16/15 22:00,-64.860716,-3.064301
99,09/17/15 04:02,-64.852048,-3.058781
99,09/17/15 06:01,-64.852154,-3.057134
99,09/17/15 08:00,-64.858642,-3.052347
99,09/17/15 10:01,-64.859147,-3.051916
99,09/17/15 12:01,-64.859261,-3.051734
99,09/17/15 14:01,-64.859174,-3.051884
99,09/17/15 16:01,-64.863701,-3.048019
99,09/17/15 18:02,-64.866946,-3.046669
99,09/17/15 22:01,-64.878198,-3.043868
99,09/18/15 00:01,-64.876455,-3.034787
99,09/18/15 02:02,-64.873197,-3.038266
99,09/18/15 04:01,-64.867517,-3.047084
99,09/18/15 08:01,-64.867045,-3.051007
99,09/18/15 10:01,-64.867324,-3.051105
99,09/19/15 00:00,-64.871905,-3.049733
99,09/19/15 02:01,-64.875502,-3.048877
99,09/19/15 04:01,-64.870328,-3.045746
99,09/19/15 06:00,-64.871129,-3.044966
99,09/19/15 08:01,-64.871142,-3.045108
99,09/19/15 10:01,-64.871165,-3.044969
99,09/19/15 12:02,-64.871208,-3.044984
99,09/19/15 16:00,-64.870875,-3.044918
99,09/19/15 18:00,-64.871055,-3.044878
99,09/19/15 20:01,-64.871011,-3.044929
99,09/20/15 00:02,-64.866709,-3.046521
99,09/20/15 02:02,-64.871058,-3.04487
99,09/20/15 04:00,-64.873075,-3.045037
99,09/20/15 08:00,-64.870118,-3.042565
99,09/20/15 10:02,-64.870054,-3.042513
99,09/20/15 12:02,-64.872849,-3.042218
99,09/20/15 14:00,-64.872858,-3.042324
99,09/20/15 16:00,-64.872909,-3.04222
99,09/20/15 20:01,-64.873512,-3.041946
99,09/20/15 22:00,-64.875634,-3.043951
99,09/21/15 00:01,-64.875689,-3.043916
99,09/21/15 02:01,-64.875674,-3.043849
99,09/21/15 04:01,-64.873886,-3.042397
99,09/21/15 08:01,-64.875704,-3.043646
99,09/21/15 10:00,-64.875685,-3.043593
99,09/21/15 12:01,-64.875698,-3.043608
99,09/21/15 14:00,-64.875677,-3.043587
99,09/21/15 16:02,-64.875715,-3.043621
99,09/21/15 18:02,-64.875779,-3.043662
99,09/21/15 20:01,-64.875766,-3.043593
99,09/21/15 22:01,-64.875781,-3.043728
99,09/22/15 02:00,-64.875692,-3.043579
99,09/22/15 08:01,-64.875816,-3.043668
99,09/22/15 10:00,-64.87507,-3.043163
99,09/22/15 18:01,-64.875801,-3.043634
99,09/22/15 20:01,-64.875706,-3.043673
99,09/22/15 22:00,-64.875675,-3.043689
99,09/23/15 00:01,-64.875649,-3.043628
99,09/23/15 06:02,-64.875163,-3.043185
99,09/23/15 10:01,-64.875204,-3.043244
99,09/23/15 14:01,-64.87695,-3.042872
99,09/24/15 00:01,-64.875663,-3.044086
99,09/24/15 02:02,-64.875049,-3.043154
99,09/24/15 10:00,-64.874762,-3.041105
99,09/24/15 12:01,-64.874388,-3.041061
99,09/24/15 14:01,-64.874734,-3.041088
99,09/24/15 16:01,-64.874686,-3.041093
99,09/24/15 18:01,-64.874632,-3.041047
99,09/24/15 20:00,-64.874507,-3.040628
99,09/24/15 22:00,-64.881608,-3.04322
99,09/25/15 00:00,-64.882849,-3.046137
99,09/25/15 08:01,-64.889049,-3.055576
99,09/25/15 12:00,-64.888392,-3.0569
99,09/25/15 14:00,-64.888642,-3.056924
99,09/25/15 16:00,-64.888493,-3.056904
99,09/25/15 18:01,-64.889144,-3.057209
99,09/25/15 20:00,-64.893729,-3.053097
99,09/26/15 04:01,-64.907721,-3.042762
99,09/26/15 06:01,-64.907832,-3.042845
99,09/26/15 08:01,-64.907858,-3.04269
99,09/26/15 12:01,-64.907857,-3.042798
99,09/26/15 14:01,-64.907698,-3.042811
99,09/27/15 00:01,-64.906835,-3.03644
99,09/27/15 02:00,-64.904209,-3.035372
99,09/27/15 10:03,-64.903517,-3.034822
99,09/27/15 12:00,-64.896025,-3.036268
99,09/27/15 14:01,-64.895304,-3.029968
99,09/27/15 16:00,-64.892329,-3.031806
99,09/27/15 18:00,-64.891533,-3.032445
99,09/27/15 20:01,-64.893791,-3.034121
99,09/27/15 22:01,-64.893817,-3.036742
99,09/28/15 00:00,-64.894406,-3.036931
99,09/28/15 02:02,-64.894299,-3.037002
99,09/28/15 04:00,-64.896556,-3.034946
99,09/28/15 10:01,-64.892805,-3.043277
99,09/28/15 12:02,-64.892675,-3.043273
99,09/28/15 14:00,-64.892686,-3.043253
99,09/28/15 16:00,-64.89156,-3.046138
99,09/28/15 18:00,-64.891648,-3.046175
99,09/28/15 20:01,-64.887262,-3.046938
99,09/28/15 22:00,-64.882654,-3.050303
99,09/29/15 00:01,-64.877234,-3.050764
99,09/29/15 02:02,-64.877279,-3.050833
99,09/29/15 04:00,-64.873478,-3.049142
99,09/29/15 06:00,-64.87088,-3.048988
99,09/29/15 08:01,-64.872198,-3.047113
99,09/29/15 12:00,-64.872043,-3.04719
99,09/29/15 14:01,-64.872019,-3.047234
99,09/29/15 18:00,-64.87213,-3.047288
99,09/29/15 20:00,-64.872032,-3.047258
99,09/29/15 22:00,-64.871996,-3.047285
99,09/30/15 02:01,-64.872045,-3.047265
99,09/30/15 04:00,-64.871731,-3.047322
99,09/30/15 06:00,-64.871721,-3.047376
99,09/30/15 08:00,-64.871751,-3.047283
99,09/30/15 10:00,-64.871739,-3.047323
99,09/30/15 12:01,-64.872015,-3.047275
99,09/30/15 14:00,-64.871895,-3.046855
99,09/30/15 16:02,-64.871969,-3.047178
99,09/30/15 18:00,-64.872058,-3.047165
99,09/30/15 20:00,-64.872035,-3.04729
99,09/30/15 22:01,-64.872185,-3.047157
99,10/01/15 00:01,-64.872153,-3.047157
99,10/01/15 02:01,-64.871747,-3.047353
99,10/01/15 04:02,-64.872027,-3.047285
99,10/01/15 06:01,-64.871691,-3.047294
99,10/01/15 10:01,-64.871712,-3.047629
99,10/01/15 12:01,-64.871709,-3.047697
99,10/01/15 14:00,-64.871685,-3.047682
99,10/01/15 16:00,-64.871804,-3.047362
99,10/01/15 18:01,-64.872018,-3.047247
99,10/01/15 20:03,-64.867748,-3.044076
99,10/01/15 22:00,-64.86715,-3.044538
99,10/02/15 00:00,-64.867103,-3.044565
99,10/02/15 02:00,-64.867217,-3.044628
99,10/02/15 04:01,-64.867259,-3.04468
99,10/02/15 08:01,-64.867196,-3.044586
99,10/02/15 12:02,-64.86743,-3.044695
99,10/02/15 14:01,-64.867626,-3.044479
99,10/02/15 16:01,-64.867114,-3.044251
99,10/02/15 18:00,-64.866615,-3.043976
99,10/02/15 20:01,-64.859591,-3.051501
99,10/02/15 22:01,-64.858584,-3.054303
99,10/03/15 04:02,-64.861632,-3.0586
99,10/03/15 08:01,-64.864252,-3.057802
99,10/03/15 10:01,-64.864353,-3.057873
99,10/03/15 12:00,-64.864421,-3.0579
99,10/03/15 14:00,-64.864389,-3.057906
99,10/03/15 16:02,-64.867325,-3.057296
99,10/03/15 18:01,-64.870587,-3.058916
99,10/03/15 20:01,-64.870241,-3.058321
99,10/03/15 22:02,-64.870197,-3.058093
99,10/04/15 02:02,-64.872185,-3.050939
99,10/04/15 04:02,-64.872155,-3.050879
99,10/04/15 06:03,-64.872125,-3.050917
99,10/04/15 08:00,-64.872086,-3.051093
99,10/04/15 10:01,-64.872107,-3.050997
99,10/04/15 12:00,-64.871641,-3.05077
99,10/04/15 14:02,-64.871398,-3.05059
99,10/04/15 16:00,-64.870367,-3.050837
99,10/04/15 18:01,-64.87081,-3.052649
99,10/04/15 20:02,-64.875308,-3.053173
99,10/04/15 22:00,-64.875806,-3.052864
99,10/05/15 00:01,-64.876295,-3.052393
99,10/05/15 02:00,-64.87631,-3.052715
99,10/05/15 08:01,-64.877728,-3.052922
99,10/05/15 10:00,-64.877732,-3.052881
99,10/05/15 12:02,-64.878155,-3.052714
99,10/05/15 18:01,-64.878068,-3.052591
99,10/05/15 20:02,-64.87825,-3.050195
99,10/05/15 22:00,-64.87305,-3.046381
99,10/06/15 00:01,-64.872953,-3.046518
99,10/06/15 06:02,-64.872966,-3.046512
99,10/06/15 08:00,-64.873024,-3.046424
99,10/06/15 10:01,-64.873046,-3.046356
99,10/06/15 12:00,-64.872934,-3.046546
99,10/06/15 14:02,-64.873008,-3.046504
99,10/06/15 16:01,-64.873025,-3.046444
99,10/06/15 20:01,-64.872995,-3.046528
99,10/06/15 22:02,-64.872934,-3.046615
99,10/07/15 00:01,-64.873036,-3.046598
99,10/07/15 02:00,-64.872991,-3.046688
99,10/07/15 06:01,-64.873057,-3.046616
99,10/07/15 08:00,-64.873078,-3.046364
99,10/07/15 10:01,-64.873043,-3.046333
99,10/07/15 12:00,-64.87314,-3.046582
99,10/07/15 14:00,-64.873156,-3.046557
99,10/07/15 16:02,-64.87316,-3.0466
99,10/07/15 18:02,-64.872901,-3.04669
99,10/07/15 20:01,-64.872995,-3.046423
99,10/07/15 22:02,-64.872965,-3.046579
99,10/08/15 02:00,-64.87295,-3.046658
99,10/08/15 04:01,-64.872882,-3.046676
99,10/08/15 06:01,-64.87309,-3.046695
99,10/08/15 08:01,-64.873302,-3.046443
99,10/08/15 10:00,-64.873084,-3.046576
99,10/08/15 14:00,-64.87309,-3.046394
99,10/08/15 16:00,-64.873153,-3.046558
99,10/08/15 18:01,-64.873084,-3.046595
99,10/08/15 20:01,-64.873141,-3.046804
99,10/09/15 00:02,-64.873162,-3.046593
99,10/09/15 02:02,-64.873171,-3.046589
99,10/09/15 04:01,-64.873216,-3.046586
99,10/09/15 06:01,-64.873005,-3.04661
99,10/09/15 08:00,-64.877522,-3.049925
99,10/09/15 12:01,-64.877401,-3.049642
99,10/09/15 14:00,-64.877347,-3.049681
99,10/09/15 16:00,-64.877391,-3.04962
99,10/09/15 18:00,-64.877424,-3.049785
99,10/09/15 20:02,-64.879148,-3.050921
99,10/09/15 22:02,-64.881649,-3.050953
99,10/10/15 00:00,-64.881662,-3.050894
99,10/10/15 02:00,-64.881614,-3.050938
99,10/10/15 08:01,-64.881572,-3.051227
99,10/10/15 10:00,-64.88132,-3.050723
99,10/10/15 12:01,-64.881245,-3.05063
99,10/10/15 14:01,-64.881634,-3.050937
99,10/10/15 18:00,-64.881741,-3.050888
99,10/10/15 20:00,-64.881787,-3.051125
99,10/10/15 22:00,-64.881558,-3.050942
99,10/11/15 00:00,-64.881739,-3.051149
99,10/11/15 02:02,-64.881734,-3.051185
99,10/11/15 04:01,-64.881614,-3.050915
99,10/11/15 06:02,-64.881516,-3.050821
99,10/11/15 08:01,-64.881642,-3.051006
99,10/11/15 12:01,-64.881642,-3.051176
99,10/11/15 14:00,-64.881557,-3.051122
99,10/11/15 16:00,-64.88179,-3.051139
99,10/11/15 18:01,-64.881663,-3.051191
99,10/11/15 20:02,-64.881587,-3.051192
99,10/11/15 22:02,-64.882833,-3.053348
99,10/12/15 00:01,-64.883393,-3.054164
99,10/12/15 06:03,-64.883169,-3.054042
99,10/12/15 08:01,-64.883388,-3.054042
99,10/12/15 10:01,-64.883189,-3.054074
99,10/12/15 12:01,-64.883298,-3.054009
99,10/12/15 14:01,-64.883367,-3.053874
99,10/12/15 16:01,-64.883346,-3.053994
99,10/12/15 18:02,-64.883485,-3.054089
99,10/12/15 20:00,-64.883359,-3.054064
99,10/12/15 22:00,-64.883339,-3.054214
99,10/13/15 00:00,-64.887712,-3.053892
99,10/13/15 06:01,-64.896898,-3.050595
99,10/13/15 08:01,-64.897019,-3.050563
99,10/13/15 10:02,-64.896936,-3.050685
99,10/13/15 12:01,-64.896922,-3.05031
99,10/13/15 14:02,-64.89549,-3.05047
99,10/13/15 18:01,-64.892542,-3.052654
99,10/13/15 20:01,-64.892552,-3.052778
99,10/14/15 04:03,-64.893079,-3.051902
99,10/14/15 08:00,-64.892141,-3.053965
99,10/14/15 10:02,-64.892197,-3.053994
99,10/14/15 12:00,-64.892196,-3.053924
99,10/14/15 14:01,-64.892838,-3.053848
99,10/14/15 16:00,-64.892309,-3.053905
99,10/14/15 18:02,-64.893085,-3.054497
99,10/14/15 22:01,-64.909056,-3.047466
99,10/15/15 00:01,-64.910172,-3.047301
99,10/15/15 02:02,-64.910141,-3.047339
99,10/15/15 08:02,-64.904489,-3.053557
99,10/15/15 12:01,-64.904533,-3.053419
99,10/15/15 14:01,-64.904539,-3.05339
99,10/15/15 20:01,-64.900649,-3.051794
99,10/15/15 22:00,-64.900753,-3.048942
99,10/16/15 02:00,-64.90079,-3.049003
99,10/16/15 04:01,-64.900809,-3.049023
99,10/16/15 08:00,-64.900804,-3.048988
99,10/16/15 10:01,-64.900857,-3.049059
99,10/16/15 12:00,-64.900798,-3.048987
99,10/16/15 14:00,-64.900807,-3.048999
99,10/16/15 16:00,-64.900888,-3.048968
99,10/16/15 18:01,-64.90077,-3.048921
99,10/16/15 20:01,-64.903098,-3.046195
99,10/16/15 22:00,-64.897166,-3.043169
99,10/17/15 02:01,-64.895161,-3.043505
99,10/17/15 08:00,-64.895212,-3.043457
99,10/17/15 12:00,-64.895183,-3.043464
99,10/17/15 14:00,-64.89525,-3.043444
99,10/17/15 16:00,-64.89551,-3.043323
99,10/17/15 20:00,-64.883459,-3.042917
99,10/18/15 00:01,-64.880369,-3.051254
99,10/18/15 04:02,-64.879436,-3.049959
99,10/18/15 06:01,-64.877888,-3.049716
99,10/18/15 10:01,-64.877971,-3.050368
99,10/18/15 12:00,-64.877953,-3.050309
99,10/18/15 14:01,-64.87789,-3.050308
99,10/18/15 16:00,-64.877541,-3.049212
99,10/18/15 18:01,-64.87761,-3.049558
99,10/18/15 22:00,-64.877574,-3.050207
99,10/19/15 04:01,-64.877724,-3.050295
99,10/19/15 06:02,-64.877895,-3.050228
99,10/19/15 08:01,-64.877547,-3.050149
99,10/19/15 14:00,-64.877968,-3.050185
99,10/19/15 16:01,-64.878005,-3.050078
99,10/19/15 18:02,-64.877175,-3.050649
99,10/19/15 20:01,-64.87691,-3.052282
99,10/19/15 22:00,-64.875345,-3.052324
99,10/20/15 00:01,-64.874898,-3.052334
99,10/20/15 02:01,-64.874821,-3.052251
99,10/20/15 04:01,-64.874796,-3.052285
99,10/20/15 06:01,-64.874807,-3.052303
99,10/20/15 08:00,-64.874809,-3.052266
99,10/20/15 10:00,-64.874852,-3.052233
99,10/20/15 12:00,-64.874825,-3.052253
99,10/20/15 14:00,-64.874834,-3.052228
99,10/20/15 16:00,-64.874906,-3.052229
99,10/20/15 20:00,-64.874859,-3.052216
99,10/20/15 22:02,-64.874123,-3.051755
99,10/21/15 00:01,-64.8726,-3.046139
99,10/21/15 02:01,-64.876448,-3.05419
99,10/21/15 04:01,-64.875623,-3.054984
99,10/21/15 06:01,-64.875945,-3.056001
99,10/21/15 08:01,-64.875984,-3.055929
99,10/21/15 10:01,-64.876351,-3.056191
99,10/21/15 12:01,-64.876617,-3.0562
99,10/21/15 14:01,-64.87646,-3.056245
99,10/21/15 16:02,-64.87631,-3.056037
99,10/21/15 18:00,-64.874814,-3.052757
99,10/21/15 20:02,-64.879378,-3.054466
99,10/21/15 22:00,-64.879445,-3.054215
99,10/22/15 00:00,-64.879514,-3.054216
99,10/22/15 02:00,-64.879433,-3.05426
99,10/22/15 06:00,-64.879064,-3.055241
99,10/22/15 08:00,-64.879008,-3.055241
99,10/22/15 10:02,-64.879069,-3.055204
99,10/22/15 12:02,-64.879109,-3.054662
99,10/22/15 14:00,-64.879538,-3.05423
99,10/22/15 16:01,-64.87954,-3.054209
99,10/22/15 18:00,-64.879438,-3.054128
99,10/22/15 20:00,-64.879455,-3.05423
99,10/23/15 02:01,-64.883285,-3.053309
99,10/23/15 10:01,-64.883201,-3.053467
99,10/23/15 12:02,-64.883348,-3.053309
99,10/23/15 14:01,-64.883334,-3.053288
99,10/23/15 16:02,-64.875422,-3.05472
99,10/23/15 18:00,-64.8731,-3.055356
99,10/23/15 20:01,-64.875586,-3.059817
99,10/24/15 00:02,-64.868993,-3.059351
99,10/24/15 08:02,-64.868549,-3.054653
99,10/24/15 10:01,-64.868586,-3.054869
99,10/24/15 12:02,-64.868584,-3.05476
99,10/24/15 14:01,-64.86853,-3.05479
99,10/24/15 16:00,-64.872614,-3.05057
99,10/24/15 18:00,-64.870969,-3.048931
99,10/24/15 20:01,-64.872379,-3.044255
99,10/24/15 22:01,-64.87699,-3.044392
99,10/25/15 02:02,-64.884568,-3.039819
99,10/25/15 04:01,-64.884281,-3.039785
99,10/25/15 08:01,-64.88449,-3.039849
99,10/25/15 10:01,-64.884389,-3.039876
99,10/25/15 12:01,-64.884704,-3.039791
99,10/25/15 14:01,-64.884493,-3.039839
99,10/25/15 16:01,-64.884584,-3.039806
99,10/25/15 18:01,-64.884414,-3.039899
99,10/25/15 20:00,-64.88447,-3.039793
99,10/26/15 02:00,-64.873086,-3.044106
99,10/26/15 06:01,-64.871237,-3.041482
99,10/26/15 08:01,-64.871244,-3.041417
99,10/26/15 14:00,-64.87127,-3.041567
99,10/26/15 16:01,-64.870943,-3.041874
99,10/26/15 18:01,-64.868545,-3.040442
99,10/26/15 20:01,-64.870661,-3.033926
99,10/27/15 00:01,-64.882793,-3.029262
99,10/27/15 02:01,-64.882786,-3.029325
99,10/27/15 06:02,-64.882747,-3.029302
99,10/27/15 08:03,-64.882739,-3.029417
99,10/27/15 10:01,-64.875792,-3.033341
99,10/27/15 16:00,-64.876316,-3.040271
99,10/27/15 18:01,-64.878278,-3.040906
99,10/27/15 20:00,-64.878267,-3.041007
99,10/28/15 04:01,-64.896087,-3.035404
99,10/28/15 06:01,-64.891659,-3.03276
99,10/28/15 08:01,-64.891264,-3.03357
99,10/28/15 10:01,-64.891102,-3.033268
99,10/28/15 16:01,-64.891131,-3.032957
99,10/28/15 18:01,-64.890957,-3.032908
99,10/29/15 02:01,-64.888157,-3.036721
99,10/29/15 04:01,-64.888247,-3.036713
99,10/29/15 06:00,-64.888363,-3.036782
99,10/29/15 08:02,-64.888345,-3.036775
99,10/29/15 10:01,-64.888379,-3.036737
99,10/29/15 12:00,-64.888237,-3.036927
99,10/29/15 14:00,-64.888369,-3.036746
99,10/29/15 18:01,-64.883896,-3.036181
99,10/29/15 22:01,-64.887737,-3.035412
99,10/30/15 00:01,-64.886614,-3.037043
99,10/30/15 02:01,-64.88661,-3.039276
99,10/30/15 04:00,-64.886706,-3.039163
99,10/30/15 06:01,-64.886576,-3.039204
99,10/30/15 08:01,-64.886674,-3.039122
99,10/30/15 10:00,-64.886685,-3.039239
99,10/30/15 14:02,-64.886453,-3.039275
99,10/30/15 16:02,-64.886405,-3.038992
99,10/30/15 18:01,-64.886646,-3.042151
99,10/30/15 20:01,-64.883854,-3.043089
99,10/30/15 22:02,-64.883375,-3.043398
99,10/31/15 00:00,-64.885446,-3.048228
99,10/31/15 06:00,-64.888802,-3.048574
99,10/31/15 08:01,-64.888848,-3.048521
99,10/31/15 10:02,-64.888825,-3.048623
99,10/31/15 12:01,-64.888714,-3.048591
99,10/31/15 14:00,-64.888925,-3.048601
99,10/31/15 16:00,-64.892763,-3.047212
99,10/31/15 18:02,-64.895846,-3.040476
99,11/01/15 06:02,-64.89682,-3.038555
99,11/01/15 08:02,-64.896778,-3.038446
99,11/01/15 10:02,-64.896885,-3.03843
99,11/01/15 12:01,-64.896875,-3.038468
99,11/01/15 14:02,-64.896824,-3.038408
99,11/01/15 16:01,-64.896833,-3.038422
99,11/01/15 18:02,-64.896915,-3.037571
99,11/01/15 20:01,-64.903099,-3.035017
99,11/01/15 22:02,-64.904802,-3.045216
99,11/02/15 02:01,-64.903316,-3.05141
99,11/02/15 04:00,-64.903385,-3.051564
99,11/02/15 06:01,-64.903283,-3.051515
99,11/02/15 08:00,-64.903351,-3.051464
99,11/02/15 10:00,-64.903308,-3.051543
99,11/02/15 12:00,-64.903377,-3.051603
99,11/02/15 14:00,-64.900925,-3.047938
99,11/02/15 18:02,-64.898968,-3.034812
99,11/02/15 20:01,-64.902752,-3.024482
99,11/02/15 22:02,-64.8951,-3.022681
99,11/03/15 08:01,-64.896404,-3.022426
99,11/03/15 10:01,-64.895163,-3.022043
99,11/03/15 14:01,-64.901771,-3.044313
99,11/03/15 16:01,-64.89784,-3.049385
99,11/03/15 18:01,-64.8974,-3.040345
99,11/04/15 00:00,-64.891192,-3.036283
99,11/04/15 02:01,-64.891345,-3.036282
99,11/04/15 10:01,-64.895254,-3.022169
99,11/04/15 12:01,-64.895275,-3.022119
99,11/04/15 14:00,-64.89519,-3.022102
99,11/04/15 16:01,-64.895235,-3.022005
99,11/04/15 18:01,-64.89528,-3.022801
99,11/04/15 20:00,-64.895281,-3.022693
99,11/04/15 22:01,-64.895301,-3.022925
99,11/05/15 00:00,-64.890756,-3.029158
99,11/05/15 14:02,-64.890802,-3.029281
99,11/05/15 16:02,-64.89082,-3.029349
99,11/05/15 18:01,-64.886385,-3.033213
99,11/12/15 16:00,-64.862254,-3.067252
99,11/12/15 18:01,-64.86831,-3.068217
99,11/13/15 02:02,-64.871485,-3.068923
99,11/13/15 04:01,-64.871409,-3.069078
99,11/13/15 06:02,-64.871558,-3.068931
99,11/13/15 12:01,-64.871392,-3.068933
99,11/13/15 14:01,-64.871889,-3.068589
99,11/13/15 16:01,-64.871771,-3.068666
99,11/13/15 18:01,-64.871818,-3.068698
99,11/13/15 20:01,-64.871549,-3.068976
99,11/14/15 10:01,-64.871406,-3.068968
99,11/14/15 12:01,-64.871789,-3.069336
99,11/14/15 14:01,-64.871365,-3.069343
99,11/14/15 16:00,-64.871339,-3.069263
99,11/15/15 04:01,-64.871398,-3.070102
99,11/15/15 12:00,-64.874572,-3.068401
99,11/15/15 14:01,-64.874638,-3.068304
99,11/15/15 18:00,-64.876479,-3.066478
99,11/15/15 20:02,-64.877662,-3.068417
99,11/16/15 00:02,-64.875416,-3.080123
99,11/16/15 02:02,-64.875691,-3.080376
99,11/16/15 08:01,-64.87532,-3.081158
99,11/16/15 10:00,-64.875386,-3.081148
99,11/16/15 12:01,-64.875429,-3.081125
99,11/16/15 14:01,-64.875456,-3.081069
99,11/16/15 16:02,-64.875428,-3.080171
99,11/16/15 22:02,-64.871026,-3.077351
99,11/17/15 00:02,-64.870978,-3.077448
99,11/17/15 02:02,-64.870945,-3.077395
99,11/17/15 06:02,-64.870942,-3.077442
99,11/17/15 12:01,-64.870979,-3.077379
99,11/17/15 14:01,-64.870921,-3.07739
99,11/17/15 16:02,-64.870983,-3.077477
99,11/17/15 18:02,-64.870802,-3.077442
99,11/17/15 20:02,-64.871045,-3.077432
99,11/18/15 02:02,-64.870975,-3.077415
99,11/18/15 08:02,-64.871035,-3.077367
99,11/18/15 10:01,-64.871024,-3.077317
99,11/18/15 12:00,-64.87102,-3.077376
99,11/18/15 14:01,-64.870455,-3.077081
99,11/18/15 16:01,-64.870591,-3.077091
99,11/18/15 18:02,-64.871138,-3.077333
99,11/18/15 20:02,-64.871015,-3.077419
99,11/18/15 22:01,-64.870935,-3.077442
99,11/19/15 00:01,-64.870835,-3.077403
99,11/19/15 10:01,-64.871078,-3.077503
99,11/19/15 12:00,-64.870404,-3.077045
99,11/19/15 14:01,-64.870376,-3.077062
99,11/19/15 18:01,-64.870595,-3.077006
99,11/19/15 20:01,-64.870473,-3.077086
99,11/20/15 12:02,-64.874321,-3.070708
99,11/20/15 14:00,-64.876596,-3.066575
99,11/20/15 16:00,-64.877071,-3.066314
99,11/20/15 18:01,-64.8768,-3.065893
99,11/20/15 20:01,-64.86797,-3.068269
99,11/21/15 00:02,-64.864202,-3.072053
99,11/21/15 04:01,-64.864166,-3.071975
99,11/21/15 16:00,-64.864379,-3.072088
99,11/21/15 18:01,-64.864332,-3.071942
99,11/22/15 00:02,-64.867126,-3.056439
99,11/22/15 04:02,-64.890989,-3.052769
99,11/22/15 06:02,-64.890343,-3.04759
99,11/22/15 10:01,-64.890424,-3.047329
99,11/22/15 14:02,-64.904789,-3.043653
99,11/22/15 16:01,-64.904883,-3.04365
99,11/22/15 20:01,-64.904899,-3.043413
99,11/22/15 22:01,-64.904826,-3.043606
99,11/23/15 00:02,-64.904715,-3.043645
99,11/23/15 04:00,-64.898058,-3.040614
99,11/23/15 06:02,-64.898082,-3.040468
99,11/23/15 10:01,-64.900857,-3.041406
99,11/23/15 12:02,-64.901031,-3.041261
99,11/23/15 14:01,-64.902226,-3.041607
99,11/23/15 16:01,-64.902298,-3.041376
99,11/24/15 00:02,-64.895751,-3.052973
99,11/24/15 08:01,-64.8703,-3.063495
99,11/24/15 10:00,-64.87008,-3.06353
99,11/24/15 12:01,-64.870416,-3.063382
99,11/24/15 14:01,-64.870268,-3.063376
99,11/24/15 18:02,-64.891114,-3.052656
99,11/25/15 04:02,-64.895656,-3.053194
99,11/25/15 08:02,-64.895515,-3.053202
99,11/25/15 10:02,-64.89589,-3.053111
99,11/25/15 12:02,-64.895668,-3.053509
99,11/25/15 14:01,-64.895104,-3.053708
99,11/25/15 16:00,-64.895198,-3.053686
99,11/25/15 20:01,-64.892088,-3.053717
99,11/25/15 22:01,-64.8858,-3.052536
99,11/26/15 00:01,-64.879999,-3.050376
99,11/26/15 02:01,-64.865481,-3.052955
99,11/26/15 04:01,-64.858918,-3.052113
99,11/26/15 08:01,-64.858431,-3.052307
99,11/26/15 10:01,-64.858551,-3.051238
99,11/26/15 12:00,-64.858409,-3.051161
99,11/26/15 14:00,-64.858364,-3.05123
99,11/26/15 16:00,-64.858288,-3.051188
99,11/26/15 18:02,-64.85699,-3.047585
99,11/27/15 06:02,-64.857187,-3.059549
99,11/27/15 08:01,-64.857367,-3.059596
99,11/27/15 10:02,-64.857226,-3.059656
99,11/27/15 12:00,-64.857133,-3.059341
99,11/27/15 14:01,-64.857208,-3.059428
99,11/27/15 18:01,-64.85729,-3.059574
99,11/27/15 20:01,-64.857365,-3.05951
99,11/28/15 00:00,-64.858658,-3.062982
99,11/28/15 04:00,-64.858564,-3.062734
99,11/28/15 06:01,-64.858671,-3.062836
99,11/28/15 08:01,-64.858575,-3.062867
99,11/28/15 10:01,-64.858592,-3.062883
99,11/28/15 12:00,-64.858846,-3.063005
99,11/28/15 14:01,-64.858506,-3.062653
99,11/28/15 16:01,-64.858563,-3.062759
99,11/28/15 18:01,-64.860236,-3.068859
99,11/28/15 20:02,-64.874696,-3.064569
99,11/29/15 02:02,-64.877823,-3.08203
99,11/29/15 04:01,-64.877899,-3.082731
99,11/29/15 10:01,-64.877943,-3.082906
99,11/29/15 12:02,-64.878619,-3.088843
99,11/29/15 16:02,-64.864878,-3.068753
99,11/30/15 02:02,-64.878342,-3.088838
99,11/30/15 04:01,-64.877179,-3.084648
99,11/30/15 06:01,-64.876981,-3.084801
99,11/30/15 08:01,-64.876954,-3.084817
99,11/30/15 10:01,-64.876981,-3.08477
99,11/30/15 12:01,-64.876962,-3.084718
99,11/30/15 14:01,-64.876948,-3.084651
99,11/30/15 16:01,-64.87616,-3.084258
99,11/30/15 18:00,-64.874685,-3.081738
99,11/30/15 20:01,-64.88095,-3.081392
99,11/30/15 22:01,-64.877483,-3.081002
99,12/01/15 04:03,-64.87153,-3.079661
99,12/01/15 08:02,-64.871365,-3.079669
99,12/01/15 10:01,-64.871212,-3.079838
99,12/01/15 12:01,-64.871511,-3.079728
99,12/01/15 16:01,-64.863561,-3.078467
99,12/01/15 18:02,-64.86373,-3.0784
99,12/01/15 20:01,-64.864068,-3.072741
99,12/02/15 08:01,-64.86953,-3.064772
99,12/02/15 10:00,-64.869386,-3.064765
99,12/02/15 14:02,-64.869734,-3.064666
99,12/02/15 16:03,-64.869392,-3.064775
99,12/02/15 18:02,-64.872217,-3.061506
99,12/02/15 20:02,-64.868889,-3.050501
99,12/03/15 00:01,-64.87905,-3.030353
99,12/03/15 02:01,-64.887618,-3.027049
99,12/03/15 06:01,-64.887085,-3.026874
99,12/03/15 08:01,-64.887218,-3.026926
99,12/03/15 12:01,-64.887368,-3.026319
99,12/03/15 14:00,-64.887743,-3.026149
99,12/03/15 18:01,-64.882007,-3.02851
99,12/04/15 00:01,-64.884271,-3.046672
99,12/04/15 02:02,-64.880021,-3.04458
99,12/04/15 04:01,-64.871724,-3.044628
99,12/04/15 08:01,-64.870549,-3.044812
99,12/04/15 10:00,-64.870467,-3.044852
99,12/04/15 12:00,-64.870534,-3.04483
99,12/04/15 14:01,-64.869794,-3.044219
99,12/04/15 16:01,-64.869614,-3.044218
99,12/04/15 18:02,-64.866499,-3.042047
99,12/04/15 20:01,-64.869383,-3.049901
99,12/05/15 00:02,-64.866715,-3.042059
99,12/05/15 04:02,-64.866518,-3.042104
99,12/05/15 08:01,-64.866184,-3.040016
99,12/05/15 10:01,-64.866222,-3.04006
99,12/05/15 14:01,-64.866056,-3.040038
99,12/05/15 16:01,-64.866161,-3.040042
99,12/06/15 04:00,-64.837977,-3.070574
99,12/06/15 06:01,-64.837523,-3.070466
99,12/06/15 08:01,-64.837648,-3.070513
99,12/06/15 10:00,-64.837422,-3.070487
99,12/06/15 12:01,-64.837462,-3.070415
99,12/06/15 14:01,-64.837545,-3.070412
99,12/07/15 02:02,-64.836544,-3.063503
99,12/07/15 04:02,-64.839243,-3.063782
99,12/07/15 06:02,-64.839186,-3.063709
99,12/07/15 08:00,-64.839099,-3.063748
99,12/07/15 10:00,-64.839134,-3.06369
99,12/07/15 12:00,-64.839121,-3.063701
99,12/07/15 14:01,-64.839183,-3.063707
99,12/07/15 16:01,-64.839431,-3.063665
99,12/07/15 20:01,-64.825793,-3.069239
99,12/08/15 02:01,-64.82602,-3.075453
99,12/08/15 04:00,-64.828893,-3.071197
99,12/08/15 08:01,-64.828901,-3.071309
99,12/08/15 10:00,-64.828871,-3.071231
99,12/08/15 12:02,-64.828776,-3.071198
99,12/08/15 14:01,-64.828904,-3.071136
99,12/09/15 04:02,-64.879462,-3.068187
99,12/09/15 06:01,-64.87982,-3.065912
99,12/09/15 08:02,-64.879563,-3.06602
99,12/09/15 12:01,-64.879681,-3.066065
99,12/09/15 14:01,-64.879597,-3.066067
99,12/09/15 16:01,-64.880503,-3.070893
99,12/09/15 18:01,-64.878133,-3.080046
99,12/10/15 02:02,-64.907205,-3.060183
99,12/10/15 08:01,-64.89279,-3.06786
99,12/10/15 10:00,-64.89297,-3.067939
99,12/10/15 12:01,-64.89275,-3.067847
99,12/10/15 14:02,-64.891476,-3.070414
99,12/10/15 16:02,-64.887318,-3.082982
99,12/10/15 22:01,-64.871154,-3.049496
99,12/11/15 00:01,-64.885492,-3.048206
99,12/11/15 08:01,-64.891318,-3.051377
99,12/11/15 14:00,-64.893998,-3.03952
99,12/11/15 22:00,-64.888842,-3.054903
99,12/12/15 00:01,-64.888813,-3.054925
99,12/12/15 02:02,-64.883969,-3.062502
99,12/12/15 06:02,-64.884232,-3.055934
99,12/12/15 10:01,-64.893691,-3.039838
99,12/12/15 16:01,-64.893647,-3.039714
99,12/12/15 18:01,-64.893553,-3.039687
99,12/12/15 22:00,-64.893611,-3.039668
99,12/13/15 02:00,-64.886586,-3.037484
99,12/13/15 06:01,-64.884887,-3.037816
99,12/13/15 08:00,-64.885139,-3.036889
99,12/13/15 10:02,-64.885875,-3.037039
99,12/13/15 12:01,-64.88517,-3.036772
99,12/13/15 14:00,-64.885152,-3.036867
99,12/13/15 16:00,-64.884681,-3.035502
99,12/13/15 18:00,-64.883127,-3.043226
99,12/13/15 20:02,-64.8884,-3.053596
99,12/14/15 08:00,-64.8948,-3.040468
99,12/14/15 10:00,-64.894805,-3.040566
99,12/14/15 12:00,-64.894693,-3.040565
99,12/14/15 14:00,-64.894763,-3.040541
99,12/14/15 16:01,-64.894922,-3.040497
99,12/14/15 20:01,-64.894735,-3.040605
99,12/15/15 00:01,-64.895294,-3.040667
99,12/15/15 04:00,-64.888461,-3.037523
99,12/15/15 06:00,-64.888516,-3.037722
99,12/15/15 08:00,-64.888581,-3.037368
99,12/15/15 10:00,-64.888481,-3.037468
99,12/15/15 12:02,-64.888479,-3.0374
99,12/15/15 14:00,-64.888544,-3.03748
99,12/15/15 16:01,-64.888045,-3.037809
99,12/15/15 18:01,-64.887408,-3.03674
99,12/16/15 00:02,-64.897205,-3.026347
99,12/16/15 02:02,-64.897143,-3.026379
99,12/16/15 06:00,-64.895854,-3.024682
99,12/16/15 08:00,-64.895976,-3.024694
99,12/16/15 14:00,-64.895937,-3.024572
99,12/16/15 18:00,-64.895872,-3.024637
99,12/16/15 22:01,-64.891223,-3.036382
99,12/17/15 02:02,-64.874941,-3.043946
99,12/17/15 06:02,-64.870532,-3.038461
99,12/17/15 08:01,-64.870255,-3.038622
99,12/17/15 10:00,-64.87045,-3.038541
99,12/17/15 12:02,-64.869931,-3.038632
99,12/17/15 14:00,-64.870594,-3.038573
99,12/17/15 16:02,-64.870661,-3.03865
99,12/18/15 08:02,-64.86206,-3.040269
99,12/18/15 10:00,-64.862019,-3.040409
99,12/18/15 12:00,-64.863618,-3.039176
99,12/18/15 16:01,-64.863628,-3.039195
99,12/18/15 18:01,-64.864586,-3.038476
99,12/18/15 22:01,-64.866795,-3.035724
99,12/19/15 02:01,-64.871098,-3.048224
99,12/19/15 04:02,-64.871085,-3.048305
99,12/19/15 06:01,-64.872838,-3.048808
99,12/19/15 08:00,-64.873564,-3.048889
99,12/19/15 10:00,-64.873645,-3.048815
99,12/19/15 12:00,-64.875041,-3.049255
99,12/19/15 14:00,-64.875016,-3.049108
99,12/19/15 16:00,-64.875019,-3.049105
99,12/19/15 18:00,-64.874962,-3.048865
99,12/19/15 20:02,-64.874989,-3.049161
99,12/19/15 22:00,-64.875058,-3.049136
99,12/20/15 00:02,-64.875008,-3.049131
99,12/20/15 02:00,-64.875018,-3.049172
99,12/20/15 04:00,-64.874964,-3.049279
99,12/20/15 06:00,-64.875022,-3.04927
99,12/20/15 08:00,-64.874958,-3.049294
99,12/20/15 10:00,-64.874945,-3.04933
99,12/20/15 12:01,-64.875086,-3.049193
99,12/20/15 14:00,-64.875038,-3.049213
99,12/20/15 16:01,-64.875012,-3.049208
99,12/20/15 18:01,-64.875081,-3.04913
99,12/20/15 20:01,-64.875068,-3.049165
99,12/20/15 22:00,-64.875071,-3.049101
99,12/21/15 00:00,-64.875117,-3.049187
99,12/21/15 02:02,-64.875003,-3.049213
99,12/21/15 04:02,-64.875001,-3.049153
99,12/21/15 08:00,-64.873434,-3.047936
99,12/21/15 10:01,-64.873407,-3.047917
99,12/21/15 12:01,-64.873455,-3.048008
99,12/21/15 16:02,-64.873237,-3.047998
99,12/21/15 18:02,-64.873349,-3.048512
99,12/22/15 00:02,-64.869048,-3.059197
99,12/22/15 04:00,-64.8692,-3.058819
99,12/22/15 06:01,-64.869303,-3.058737
99,12/22/15 08:01,-64.869309,-3.058873
99,12/22/15 12:01,-64.869225,-3.059104
99,12/22/15 14:00,-64.869271,-3.058658
99,12/22/15 16:00,-64.869311,-3.05873
99,12/22/15 18:00,-64.869175,-3.058876
99,12/22/15 20:01,-64.869188,-3.05974
99,12/23/15 00:01,-64.867962,-3.064118
99,12/23/15 02:01,-64.868051,-3.06428
99,12/23/15 04:01,-64.867939,-3.064383
99,12/23/15 06:01,-64.867889,-3.064061
99,12/23/15 08:01,-64.867317,-3.064287
99,12/23/15 22:01,-64.876391,-3.084846
99,12/24/15 02:02,-64.879995,-3.089564
99,12/24/15 06:01,-64.876552,-3.091082
99,12/24/15 08:01,-64.876458,-3.090858
99,12/24/15 10:01,-64.876467,-3.09082
99,12/24/15 12:00,-64.876404,-3.091009
99,12/24/15 16:01,-64.87602,-3.090823
99,12/24/15 18:01,-64.876356,-3.091019
99,12/24/15 20:01,-64.876375,-3.091182
99,12/25/15 02:01,-64.875785,-3.090634
99,12/25/15 06:01,-64.875714,-3.090319
99,12/25/15 08:00,-64.875607,-3.090334
99,12/25/15 12:01,-64.870495,-3.074853
99,12/25/15 14:01,-64.870558,-3.074862
99,12/25/15 16:01,-64.870592,-3.07474
99,12/25/15 22:02,-64.861144,-3.066661
99,12/26/15 04:00,-64.837882,-3.071603
99,12/26/15 08:00,-64.837798,-3.071601
99,12/26/15 10:01,-64.83792,-3.071617
99,12/26/15 12:01,-64.837902,-3.07172
99,12/26/15 14:00,-64.837679,-3.071321
99,12/26/15 16:02,-64.838483,-3.07165
99,12/26/15 18:01,-64.840553,-3.070771
99,12/26/15 20:02,-64.840247,-3.075495
99,12/27/15 04:03,-64.861328,-3.087219
99,12/27/15 06:01,-64.86151,-3.087264
99,12/27/15 10:00,-64.861636,-3.087279
99,12/27/15 12:02,-64.861426,-3.087247
99,12/27/15 14:02,-64.861585,-3.087284
99,12/27/15 20:01,-64.864803,-3.07629
99,12/28/15 02:02,-64.866304,-3.069094
99,12/28/15 06:01,-64.866079,-3.068921
99,12/28/15 12:01,-64.877776,-3.048973
99,12/28/15 14:02,-64.878224,-3.049806
99,12/28/15 18:01,-64.878747,-3.050619
99,12/28/15 20:01,-64.878697,-3.050782
99,12/28/15 22:01,-64.879546,-3.054522
99,12/29/15 04:01,-64.882293,-3.060158
99,12/29/15 06:02,-64.882401,-3.059835
99,12/29/15 08:02,-64.882206,-3.060286
99,12/29/15 10:00,-64.882332,-3.060105
99,12/29/15 14:01,-64.882391,-3.060114
99,12/29/15 16:02,-64.882134,-3.059954
99,12/29/15 22:01,-64.885262,-3.04939
99,12/30/15 00:00,-64.886638,-3.051524
99,12/30/15 04:02,-64.887561,-3.051667
99,12/30/15 08:01,-64.887664,-3.051676
99,12/30/15 10:02,-64.885614,-3.049116
99,12/30/15 12:01,-64.885216,-3.049101
99,12/30/15 14:01,-64.885029,-3.048734
99,12/30/15 16:01,-64.882303,-3.045925
99,12/30/15 20:02,-64.886856,-3.037234
99,01/05/16 08:01,-64.90228,-3.027407
99,01/05/16 12:01,-64.902256,-3.027332
99,01/05/16 20:01,-64.90717,-3.02458
99,01/06/16 02:01,-64.913328,-3.027343
99,01/06/16 06:01,-64.904815,-3.028476
99,01/06/16 08:00,-64.904855,-3.028513
99,01/06/16 10:01,-64.90469,-3.028623
99,01/06/16 12:00,-64.904866,-3.028601
99,01/06/16 14:01,-64.904559,-3.028627
99,01/06/16 16:00,-64.904778,-3.028772
99,01/06/16 22:01,-64.883454,-3.044655
99,01/07/16 00:00,-64.882844,-3.041994
99,01/07/16 02:02,-64.883251,-3.041994
99,01/07/16 08:01,-64.883499,-3.041921
99,01/07/16 10:01,-64.883493,-3.041936
99,01/07/16 12:00,-64.883209,-3.041965
99,01/07/16 14:02,-64.883192,-3.041914
99,01/07/16 16:01,-64.883241,-3.04194
99,01/07/16 18:01,-64.883172,-3.041967
99,01/07/16 20:02,-64.883307,-3.041871
99,01/08/16 00:02,-64.886894,-3.039172
99,01/08/16 02:02,-64.886915,-3.039126
99,01/08/16 04:01,-64.887062,-3.039306
99,01/08/16 06:00,-64.887019,-3.03928
99,01/08/16 08:01,-64.887076,-3.039216
99,01/08/16 10:01,-64.887098,-3.039194
99,01/08/16 16:01,-64.895108,-3.022617
99,01/08/16 18:01,-64.891606,-3.02795
99,01/09/16 00:03,-64.884086,-3.037197
99,01/09/16 02:02,-64.877475,-3.033943
99,01/09/16 04:01,-64.877256,-3.033765
99,01/09/16 08:00,-64.877241,-3.033739
99,01/09/16 10:01,-64.87941,-3.029619
99,01/09/16 12:02,-64.878873,-3.029814
99,01/09/16 16:00,-64.867263,-3.037322
99,01/09/16 18:01,-64.866203,-3.037254
99,01/10/16 04:02,-64.864957,-3.046884
99,01/10/16 06:01,-64.864753,-3.047544
99,01/10/16 08:00,-64.864986,-3.047469
99,01/10/16 10:01,-64.864789,-3.047597
99,01/10/16 12:01,-64.864695,-3.047586
99,01/10/16 14:01,-64.867511,-3.048706
99,01/10/16 20:02,-64.867288,-3.048556
99,01/10/16 22:02,-64.867298,-3.048663
99,01/11/16 00:02,-64.86712,-3.048628
99,01/11/16 02:01,-64.867586,-3.048658
99,01/11/16 08:00,-64.871423,-3.055851
99,01/11/16 10:01,-64.871391,-3.055775
99,01/11/16 12:01,-64.871486,-3.05584
99,01/11/16 14:01,-64.871424,-3.055796
99,01/11/16 16:01,-64.87153,-3.056138
99,01/11/16 20:01,-64.857187,-3.054045
99,01/12/16 02:01,-64.850841,-3.058212
99,01/12/16 06:01,-64.846043,-3.05033
99,01/12/16 08:00,-64.845351,-3.043079
99,01/12/16 12:02,-64.846988,-3.041892
99,01/12/16 14:01,-64.851154,-3.042331
99,01/12/16 18:03,-64.851548,-3.037294
99,01/13/16 00:02,-64.850749,-3.037286
99,01/13/16 02:00,-64.850978,-3.037445
99,01/13/16 06:01,-64.84976,-3.036285
99,01/13/16 12:00,-64.851247,-3.042182
99,01/13/16 14:01,-64.851181,-3.040818
99,01/13/16 16:02,-64.851908,-3.041329
99,01/13/16 18:01,-64.851878,-3.041305
99,01/14/16 10:01,-64.853688,-3.051548
99,01/14/16 14:01,-64.854376,-3.051395
99,01/14/16 18:00,-64.856358,-3.051788
99,01/14/16 22:02,-64.857455,-3.050092
99,01/15/16 00:02,-64.857973,-3.049277
99,01/15/16 02:01,-64.858077,-3.049414
99,01/15/16 04:02,-64.858244,-3.048937
99,01/15/16 06:01,-64.858196,-3.049011
99,01/15/16 08:00,-64.858255,-3.048978
99,01/15/16 10:01,-64.857973,-3.049312
99,01/15/16 12:01,-64.858266,-3.049341
99,01/15/16 14:01,-64.858772,-3.04798
99,01/15/16 16:01,-64.861937,-3.047786
99,01/15/16 18:02,-64.862547,-3.048894
99,01/16/16 18:01,-64.884638,-3.035537
99,01/16/16 20:01,-64.875538,-3.033481
99,01/16/16 22:02,-64.87563,-3.033261
99,01/17/16 06:00,-64.871301,-3.036187
99,01/17/16 10:00,-64.871324,-3.036001
99,01/17/16 12:01,-64.871361,-3.036046
99,01/17/16 14:01,-64.871421,-3.036076
99,01/17/16 18:01,-64.871879,-3.037018
99,01/17/16 20:02,-64.871874,-3.03731
99,01/18/16 02:00,-64.874721,-3.042954
99,01/18/16 06:01,-64.874908,-3.041849
99,01/18/16 08:00,-64.874858,-3.041168
99,01/18/16 12:00,-64.874883,-3.041212
99,01/18/16 14:01,-64.879025,-3.04497
99,01/18/16 16:01,-64.879009,-3.041254
99,01/18/16 18:02,-64.876727,-3.040036
99,01/18/16 20:02,-64.869456,-3.047588
99,01/19/16 04:01,-64.870457,-3.047671
99,01/19/16 06:00,-64.868784,-3.047196
99,01/19/16 08:01,-64.869152,-3.047545
99,01/19/16 10:01,-64.868939,-3.047616
99,01/19/16 12:01,-64.869333,-3.047756
99,01/19/16 14:02,-64.869268,-3.047722
99,01/19/16 16:01,-64.869973,-3.047721
99,01/19/16 18:01,-64.87049,-3.047657
99,01/19/16 20:02,-64.870428,-3.047658
99,01/19/16 22:01,-64.870409,-3.047685
99,01/20/16 00:01,-64.870433,-3.047685
99,01/20/16 02:01,-64.870374,-3.047857
99,01/20/16 04:01,-64.870234,-3.047941
99,01/20/16 06:00,-64.870028,-3.047829
99,01/20/16 08:01,-64.870131,-3.047903
99,01/20/16 10:01,-64.870338,-3.047674
99,01/20/16 12:01,-64.870809,-3.047762
99,01/20/16 16:01,-64.870823,-3.047707
99,01/20/16 18:02,-64.870765,-3.047763
99,01/20/16 20:00,-64.874099,-3.049437
99,01/21/16 00:02,-64.874139,-3.047233
99,01/21/16 02:02,-64.874398,-3.046976
99,01/21/16 04:00,-64.874261,-3.048614
99,01/21/16 06:01,-64.875219,-3.049984
99,01/21/16 10:00,-64.883097,-3.053292
99,01/21/16 12:01,-64.88319,-3.053312
99,01/21/16 14:01,-64.882975,-3.053341
99,01/21/16 16:01,-64.883147,-3.053216
99,01/21/16 18:02,-64.883082,-3.053112
99,01/22/16 00:01,-64.889402,-3.051819
99,01/22/16 02:00,-64.891931,-3.046507
99,01/22/16 04:00,-64.891977,-3.046484
99,01/22/16 06:00,-64.891887,-3.046449
99,01/22/16 10:00,-64.88801,-3.046865
99,01/22/16 12:00,-64.884888,-3.047685
99,01/22/16 14:02,-64.880325,-3.05037
99,01/22/16 16:01,-64.880798,-3.052273
99,01/22/16 22:00,-64.881434,-3.052912
99,01/23/16 00:02,-64.881386,-3.052888
100,01/17/15 22:01,-64.853711,-3.054585
100,01/18/15 04:00,-64.853797,-3.0545
100,01/18/15 10:01,-64.853711,-3.0545
100,01/18/15 16:02,-64.853797,-3.0545
100,01/18/15 22:02,-64.854226,-3.054414
100,01/19/15 04:01,-64.854226,-3.054414
100,01/19/15 10:00,-64.854484,-3.054585
100,01/29/15 22:02,-64.858432,-3.016477
100,02/02/15 04:03,-64.841437,-3.044972
100,02/02/15 10:02,-64.842038,-3.041368
100,02/02/15 16:00,-64.842124,-3.041282
100,02/15/15 22:00,-64.853797,-3.073125
100,02/16/15 04:01,-64.853282,-3.072352
100,02/16/15 10:01,-64.853282,-3.072267
100,02/17/15 04:00,-64.830709,-3.067546
100,03/10/15 10:00,-64.869332,-3.053813
100,03/10/15 16:01,-64.869332,-3.053727
100,03/10/15 22:02,-64.869246,-3.053813
100,05/12/15 16:00,-64.930959,-2.995448
100,05/12/15 22:00,-64.931045,-2.995448
100,05/13/15 04:01,-64.93628,-2.992444
100,05/13/15 10:00,-64.937568,-2.993817
100,05/13/15 16:00,-64.937482,-2.993731
100,05/13/15 22:02,-64.945893,-2.99974
100,05/24/15 10:00,-64.924006,-2.982144
100,05/24/15 16:00,-64.923835,-2.982144
100,05/24/15 22:00,-64.905725,-2.980342
100,05/25/15 04:00,-64.899459,-2.985492
100,05/25/15 10:01,-64.899373,-2.985492
100,05/25/15 16:00,-64.899373,-2.985406
100,06/02/15 04:00,-64.877658,-3.021197
100,06/02/15 10:00,-64.877658,-3.021283
100,06/02/15 16:00,-64.877744,-3.021369
100,06/02/15 22:00,-64.881949,-3.024888
100,06/30/15 16:00,-64.851394,-3.036733
100,06/30/15 22:00,-64.844956,-3.042655
100,07/25/15 16:01,-64.81895,-3.072438
100,07/25/15 22:01,-64.822726,-3.079391
100,07/26/15 04:01,-64.823499,-3.079562
100,07/26/15 10:01,-64.823499,-3.079476
100,07/26/15 16:01,-64.823413,-3.079562
100,07/26/15 22:00,-64.828906,-3.078618
